split_name,index,true_label,pred_label,correct,loss,conf_true,conf_max,entropy,logit_true,logit_gap,m_entropy
member,33553,7,9,0,2.982778,0.050652,0.210986,2.124316,-0.411718,-1.426815,2.124316
member,9427,8,8,1,0.394268,0.674173,0.674173,1.006680,4.062141,1.484267,-1.006680
member,199,0,8,0,1.096731,0.333961,0.398603,1.492879,2.367446,-0.176943,1.492879
member,12447,6,3,0,1.845045,0.158018,0.282295,1.785716,1.987094,-0.580241,1.785716
member,39489,1,3,0,1.764660,0.171245,0.347062,1.661785,1.638222,-0.706408,1.661785
member,42724,6,6,1,1.221423,0.294810,0.294810,1.982439,1.974981,0.828999,-1.982439
member,10822,8,8,1,0.819265,0.440755,0.440755,1.467629,3.030541,0.796096,-1.467629
member,49498,0,8,0,3.182392,0.041486,0.643959,1.023853,1.390152,-2.742272,1.023853
member,4144,6,6,1,0.557028,0.572909,0.572909,1.474038,3.293124,1.652495,-1.474038
member,36958,5,6,0,1.747379,0.174230,0.264981,1.978816,1.225963,-0.419282,1.978816
member,43106,2,8,0,3.397471,0.033458,0.250999,1.891589,-0.558116,-2.015166,1.891589
member,38695,5,6,0,2.655215,0.070284,0.270188,1.974504,0.291890,-1.346577,1.974504
member,6188,0,8,0,1.405392,0.245271,0.547214,1.237232,2.786214,-0.802477,1.237232
member,1414,7,6,0,1.702361,0.182253,0.250542,1.923273,1.546339,-0.318232,1.923273
member,18471,1,1,1,0.834700,0.434005,0.434005,1.223815,3.385862,0.111300,-1.223815
member,29282,6,7,0,3.603367,0.027232,0.379004,1.742232,-0.525235,-2.633158,1.742232
member,15177,5,6,0,2.476153,0.084066,0.303733,1.961176,0.403398,-1.284548,1.961176
member,34304,6,6,1,0.348057,0.706058,0.706058,1.152773,4.102037,2.293664,-1.152773
member,12609,6,6,1,1.200437,0.301063,0.301063,1.672101,3.334614,0.112417,-1.672101
member,12144,5,7,0,1.791873,0.166648,0.372035,1.854057,1.073168,-0.803107,1.854057
member,6113,0,8,0,1.235843,0.290590,0.397592,1.517938,2.268859,-0.313514,1.517938
member,15908,5,9,0,3.334674,0.035626,0.212351,1.934540,-0.113178,-1.785158,1.934540
member,821,7,3,0,1.716834,0.179634,0.282434,1.735203,2.226866,-0.452522,1.735203
member,15118,2,7,0,1.581875,0.205589,0.257587,1.875837,1.560755,-0.225479,1.875837
member,13466,4,4,1,1.280745,0.277830,0.277830,1.774346,2.681662,0.417990,-1.774346
member,26497,4,6,0,1.791292,0.166745,0.269776,2.008431,0.998413,-0.481129,2.008431
member,42111,5,6,0,1.939904,0.143718,0.240420,1.889759,1.283224,-0.514537,1.889759
member,30188,5,7,0,2.115339,0.120592,0.250101,2.044273,0.654913,-0.729448,2.044273
member,37237,4,4,1,1.163298,0.312454,0.312454,1.721933,2.777446,0.488284,-1.721933
member,33109,8,8,1,0.630212,0.532479,0.532479,1.284383,3.682254,0.989001,-1.284383
member,36480,4,6,0,1.572538,0.207518,0.397564,1.688135,2.106655,-0.650137,1.688135
member,24148,3,9,0,2.479239,0.083807,0.356486,1.729021,0.599913,-1.447780,1.729021
member,5503,5,6,0,1.941136,0.143541,0.208741,2.041753,1.143632,-0.374476,2.041753
member,3918,0,0,1,0.159012,0.852986,0.852986,0.563184,4.907328,2.056029,-0.563184
member,38478,0,9,0,2.674459,0.068944,0.510693,1.618785,0.413774,-2.002473,1.618785
member,21123,8,8,1,0.508467,0.601417,0.601417,0.999081,5.005932,0.748459,-0.999081
member,49717,0,7,0,2.044193,0.129485,0.238968,2.175647,0.375481,-0.612766,2.175647
member,42294,1,1,1,0.822725,0.439233,0.439233,1.406071,2.756882,0.308674,-1.406071
member,47609,8,9,0,2.114943,0.120640,0.455737,1.462247,1.561941,-1.329104,1.462247
member,11076,0,1,0,3.632435,0.026452,0.154899,2.201153,-1.090496,-1.767451,2.201153
member,41514,3,9,0,2.756299,0.063526,0.265347,1.955812,-0.000287,-1.429582,1.955812
member,22062,0,9,0,3.539339,0.029033,0.471593,1.182539,0.628847,-2.787701,1.182539
member,9413,0,7,0,2.965311,0.051544,0.155838,2.234171,-0.531012,-1.106375,2.234171
member,38340,0,1,0,6.522192,0.001470,0.654195,1.279691,-2.867004,-6.097841,1.279691
member,30263,9,6,0,1.390544,0.248940,0.275242,1.906973,1.612957,-0.100441,1.906973
member,41252,4,3,0,2.330659,0.097232,0.169364,2.149534,0.297610,-0.554956,2.149534
member,14644,4,9,0,3.650292,0.025984,0.302127,1.857478,-0.762278,-2.453385,1.857478
member,26335,6,6,1,1.286670,0.276189,0.276189,1.952137,2.123168,0.395913,-1.952137
member,28102,7,7,1,1.036136,0.354823,0.354823,1.728834,2.658297,0.790962,-1.728834
member,17523,6,6,1,1.064093,0.345041,0.345041,1.640184,3.090008,0.378227,-1.640184
member,24712,9,9,1,0.328854,0.719748,0.719748,0.953621,3.618390,1.417166,-0.953621
member,40485,0,0,1,0.153367,0.857815,0.857815,0.619131,4.385662,2.385815,-0.619131
member,3850,9,9,1,0.611007,0.542804,0.542804,1.067799,3.374389,0.372687,-1.067799
member,40040,9,9,1,1.059403,0.346663,0.346663,1.965421,1.678517,0.954305,-1.965421
member,15267,4,6,0,1.509372,0.221049,0.234218,1.759781,2.677136,-0.057868,1.759781
member,49146,3,7,0,2.462436,0.085227,0.324156,1.940515,0.378623,-1.335904,1.940515
member,30001,6,6,1,0.956725,0.384149,0.384149,1.846290,2.405112,1.103442,-1.846290
member,45926,2,7,0,1.889591,0.151134,0.239477,2.065356,0.895521,-0.460294,2.065356
member,43824,9,1,0,2.330429,0.097254,0.528819,1.631920,0.704129,-1.693321,1.631920
member,17240,9,1,0,1.640843,0.193817,0.323528,1.852346,1.728570,-0.512373,1.852346
member,4892,8,0,0,1.341730,0.261393,0.559088,1.204261,2.849972,-0.760281,1.204261
member,725,4,3,0,2.814572,0.059930,0.201798,2.197537,-0.382292,-1.214084,2.197537
member,22949,4,7,0,1.932667,0.144762,0.196743,2.135063,0.682057,-0.306809,2.135063
member,34657,8,8,1,0.286577,0.750829,0.750829,0.845508,4.396034,1.572210,-0.845508
member,37213,1,1,1,1.356489,0.257564,0.257564,1.914804,1.497059,0.102340,-1.914804
member,20304,1,1,1,0.499024,0.607123,0.607123,1.337660,2.876277,1.197388,-1.337660
member,15269,3,3,1,0.983112,0.374145,0.374145,1.734262,2.751550,0.447755,-1.734262
member,22367,9,9,1,0.667431,0.513025,0.513025,1.248761,3.643079,0.598635,-1.248761
member,42684,1,1,1,1.143910,0.318571,0.318571,1.722426,1.865340,0.256951,-1.722426
member,46734,5,7,0,1.822361,0.161644,0.316541,1.868055,1.056753,-0.672060,1.868055
member,11732,0,0,1,0.420634,0.656630,0.656630,0.967275,4.192990,0.958769,-0.967275
member,18619,3,5,0,2.254623,0.104913,0.406645,1.847090,0.795000,-1.354808,1.847090
member,48492,0,9,0,1.671424,0.187979,0.268208,2.023810,0.980801,-0.355430,2.023810
member,26803,2,6,0,2.372713,0.093227,0.278372,1.855153,1.193553,-1.093917,1.855153
member,44305,2,7,0,2.140385,0.117610,0.269399,2.122634,0.439790,-0.828823,2.122634
member,47522,7,3,0,1.866299,0.154695,0.273195,1.828441,1.671343,-0.568730,1.828441
member,32207,8,3,0,6.772642,0.001145,0.287826,1.763529,-3.273101,-5.527243,1.763529
member,2530,3,6,0,1.508889,0.221156,0.247994,1.792030,2.208426,-0.114540,1.792030
member,17746,1,9,0,1.266423,0.281838,0.423756,1.352797,3.118762,-0.407825,1.352797
member,8270,8,0,0,1.428762,0.239605,0.274122,1.794526,1.615786,-0.134580,1.794526
member,15079,7,6,0,2.222489,0.108339,0.162260,2.219721,0.239434,-0.403932,2.219721
member,13624,5,5,1,1.702002,0.182318,0.182318,2.142761,0.786836,0.037452,-2.142761
member,30638,4,6,0,1.632615,0.195418,0.218730,2.021778,1.164078,-0.112696,2.021778
member,30440,0,0,1,0.835823,0.433518,0.433518,1.840737,1.972561,1.223002,-1.840737
member,36056,5,6,0,1.773707,0.169703,0.312383,1.883119,1.367518,-0.610181,1.883119
member,42651,7,6,0,2.164600,0.114796,0.336979,1.754251,1.490428,-1.076865,1.754251
member,36803,8,8,1,0.133465,0.875058,0.875058,0.506881,6.186237,2.656168,-0.506881
member,48224,1,1,1,0.648896,0.522622,0.522622,1.304223,3.382123,0.800359,-1.304223
member,29226,1,6,0,1.217949,0.295836,0.308092,1.784750,2.472778,-0.040594,1.784750
member,5633,4,9,0,3.049940,0.047362,0.246934,2.113549,-0.548777,-1.651307,2.113549
member,5987,8,0,0,1.482116,0.227156,0.548662,1.319228,2.276551,-0.881844,1.319228
member,48063,3,3,1,0.977611,0.376209,0.376209,1.512418,2.928647,0.131323,-1.512418
member,1812,2,1,0,2.514950,0.080867,0.396349,1.786783,0.402256,-1.589490,1.786783
member,27578,2,7,0,2.508035,0.081428,0.158797,2.202917,-0.146764,-0.667907,2.202917
member,16823,5,3,0,1.640648,0.193854,0.293609,1.917075,1.456886,-0.415142,1.917075
member,3928,9,9,1,0.689237,0.501959,0.501959,1.504526,2.797220,1.154263,-1.504526
member,37286,7,9,0,2.746030,0.064182,0.392531,1.849345,0.078441,-1.810892,1.849345
member,25045,7,0,0,2.057182,0.127814,0.468601,1.764992,0.787359,-1.299178,1.764992
member,15727,8,0,0,1.578897,0.206202,0.489665,1.565343,1.646312,-0.864864,1.565343
member,29600,8,1,0,5.687370,0.003388,0.217479,2.037058,-2.571458,-4.161716,2.037058
member,10430,3,0,0,4.231329,0.014533,0.696535,1.097323,-0.551090,-3.869691,1.097323
member,25768,4,0,0,2.972760,0.051162,0.315574,1.945202,-0.227026,-1.819399,1.945202
member,29103,6,6,1,0.375301,0.687083,0.687083,1.155146,4.284996,1.880960,-1.155146
member,36537,1,1,1,0.821219,0.439895,0.439895,1.615907,2.651368,0.694937,-1.615907
member,39328,7,7,1,0.891107,0.410201,0.410201,1.615272,3.061014,0.917873,-1.615272
member,35539,8,8,1,1.372746,0.253410,0.253410,2.084929,1.250291,0.306140,-2.084929
member,28075,3,7,0,1.776703,0.169195,0.201909,2.124026,0.841333,-0.176764,2.124026
member,17840,7,1,0,2.349854,0.095383,0.333595,1.896922,1.098217,-1.252027,1.896922
member,27802,1,1,1,0.972608,0.378096,0.378096,1.845013,1.942482,0.769823,-1.845013
member,7682,7,3,0,2.006019,0.134523,0.219484,1.977522,1.230288,-0.489545,1.977522
member,24279,6,3,0,1.748978,0.173952,0.336019,1.801708,1.752604,-0.658390,1.801708
member,33070,4,6,0,1.834366,0.159715,0.278716,1.891990,1.517748,-0.556803,1.891990
member,35557,3,6,0,1.971360,0.139267,0.301873,1.792701,1.550797,-0.773613,1.792701
member,37189,0,0,1,0.054237,0.947208,0.947208,0.240048,6.755630,3.047949,-0.240048
member,47149,4,7,0,1.565344,0.209016,0.270241,1.862351,1.938496,-0.256902,1.862351
member,46915,6,6,1,1.066294,0.344282,0.344282,1.807533,2.340221,0.578398,-1.807533
member,9801,0,0,1,0.286847,0.750627,0.750627,1.007622,3.443873,2.053623,-1.007622
member,38800,8,8,1,0.931524,0.393953,0.393953,1.575646,2.439800,0.485825,-1.575646
member,24669,3,3,1,1.424856,0.240543,0.240543,1.990444,1.831899,0.350518,-1.990444
member,44233,3,6,0,2.429370,0.088092,0.188737,2.136683,0.119018,-0.761972,2.136683
member,31919,8,8,1,0.328853,0.719749,0.719749,0.945422,4.471962,1.875483,-0.945422
member,7134,9,8,0,1.665847,0.189030,0.611788,1.194872,2.297781,-1.174478,1.194872
member,33704,6,6,1,1.527041,0.217177,0.217177,2.087740,1.210478,0.265216,-2.087740
member,29660,5,6,0,2.494338,0.082551,0.538273,1.571695,1.073243,-1.874948,1.571695
member,17893,1,1,1,0.637583,0.528568,0.528568,1.593805,2.342263,1.081261,-1.593805
member,22018,4,6,0,2.749122,0.063984,0.257249,2.005939,0.383549,-1.391411,2.005939
member,13538,9,9,1,0.971902,0.378363,0.378363,1.238901,4.433492,0.007238,-1.238901
member,43118,2,6,0,2.320707,0.098204,0.385907,1.754293,1.107753,-1.368549,1.754293
member,36420,4,0,0,2.383783,0.092201,0.184685,2.239198,-0.014527,-0.694681,2.239198
member,9405,3,7,0,1.856171,0.156270,0.280356,2.037894,0.886163,-0.584476,2.037894
member,13413,2,1,0,2.617701,0.072970,0.241836,2.045586,0.022916,-1.198206,2.045586
member,6720,4,6,0,2.239412,0.106521,0.238422,2.066071,0.527777,-0.805700,2.066071
member,15601,1,0,0,3.377697,0.034126,0.602897,1.458297,-0.271055,-2.871688,1.458297
member,44743,0,0,1,0.221899,0.800996,0.800996,0.653809,5.114157,1.618220,-0.653809
member,31138,1,1,1,0.495010,0.609565,0.609565,1.057130,4.004350,0.845412,-1.057130
member,2729,6,6,1,0.462102,0.629958,0.629958,1.374701,3.284560,2.172065,-1.374701
member,38242,4,1,0,4.109722,0.016412,0.388024,1.609013,-0.910687,-3.163035,1.609013
member,29625,2,7,0,2.450497,0.086251,0.227700,1.961479,0.704152,-0.970770,1.961479
member,47894,8,0,0,0.825654,0.437948,0.466047,1.093104,3.450026,-0.062186,1.093104
member,42090,2,6,0,2.428519,0.088167,0.330047,1.848642,0.797023,-1.319998,1.848642
member,36399,7,0,0,1.965518,0.140083,0.160151,2.244104,0.412564,-0.133883,2.244104
member,6244,1,6,0,2.083835,0.124452,0.464708,1.705719,1.392854,-1.317488,1.705719
member,5545,3,7,0,1.961314,0.140674,0.210118,1.949822,1.297344,-0.401229,1.949822
member,4064,6,5,0,2.034912,0.130692,0.369643,1.579965,1.778103,-1.039694,1.579965
member,12851,5,2,0,2.540712,0.078810,0.194160,2.143071,0.178971,-0.901639,2.143071
member,21802,8,0,0,1.594479,0.203014,0.583963,1.280001,2.157454,-1.056562,1.280001
member,41163,8,3,0,4.325418,0.013228,0.236662,1.959999,-1.486239,-2.884297,1.959999
member,6232,5,2,0,1.965901,0.140030,0.163158,2.106481,0.821064,-0.152863,2.106481
member,3862,4,6,0,2.128512,0.119014,0.453392,1.767579,0.973370,-1.337513,1.767579
member,35094,6,6,1,0.421631,0.655976,0.655976,1.229819,4.090796,2.014917,-1.229819
member,40195,4,3,0,2.984188,0.050581,0.204493,1.981351,0.076948,-1.396966,1.981351
member,39250,1,9,0,1.652386,0.191592,0.652379,1.036898,2.741446,-1.225257,1.036898
member,6217,3,3,1,1.328022,0.265001,0.265001,1.957283,1.833789,0.429660,-1.957283
member,36775,7,7,1,0.769661,0.463170,0.463170,1.774764,2.145166,1.349243,-1.774764
member,42976,1,9,0,1.072764,0.342062,0.529874,1.107581,3.409923,-0.437648,1.107581
member,48467,7,7,1,0.914995,0.400518,0.400518,1.716471,2.330119,0.796471,-1.716471
member,14831,8,9,0,1.232697,0.291505,0.455383,1.315861,2.845252,-0.446080,1.315861
member,30092,7,7,1,0.620866,0.537479,0.537479,1.512692,2.990115,1.526968,-1.512692
member,8893,1,8,0,2.035786,0.130578,0.295299,1.739025,1.049576,-0.816018,1.739025
member,6020,1,9,0,1.505941,0.221809,0.401414,1.304925,2.878989,-0.593179,1.304925
member,46088,2,2,1,1.418105,0.242173,0.242173,1.899639,1.503750,0.096938,-1.899639
member,15242,5,6,0,2.776849,0.062234,0.241657,1.988452,0.478250,-1.356613,1.988452
member,45307,9,9,1,0.749323,0.472687,0.472687,1.704434,2.289767,0.995043,-1.704434
member,26550,1,6,0,2.448574,0.086417,0.391759,1.848431,0.882136,-1.511466,1.848431
member,6034,9,7,0,1.970049,0.139450,0.314577,1.935680,0.821735,-0.813524,1.935680
member,7905,2,9,0,1.993190,0.136260,0.198083,2.139571,0.542000,-0.374122,2.139571
member,32225,4,3,0,2.770833,0.062610,0.337022,1.791038,0.918456,-1.683225,1.791038
member,6017,5,3,0,1.713131,0.180300,0.235836,2.056042,1.046537,-0.268514,2.056042
member,21879,5,5,1,1.228874,0.292622,0.292622,1.673154,2.910476,0.091934,-1.673154
member,2791,2,6,0,3.456694,0.031534,0.422687,1.646955,0.289771,-2.595571,1.646955
member,42605,2,7,0,1.911463,0.147864,0.191607,2.141033,0.612071,-0.259154,2.141033
member,5823,3,4,0,2.677774,0.068716,0.195858,2.129861,-0.112023,-1.047407,2.129861
member,15387,6,6,1,1.430135,0.239277,0.239277,2.021311,1.357311,0.355837,-2.021311
member,29561,3,6,0,1.946147,0.142823,0.417404,1.596047,2.086973,-1.072446,1.596047
member,39475,5,9,0,2.842384,0.058287,0.181791,2.223130,-0.424634,-1.137486,2.223130
member,292,6,6,1,1.342564,0.261175,0.261175,1.749576,3.000259,0.286610,-1.749576
member,16957,5,5,1,1.421234,0.241416,0.241416,1.926953,1.636153,0.193970,-1.926953
member,30860,8,0,0,1.590509,0.203822,0.569726,1.390448,1.754575,-1.027910,1.390448
member,14073,4,6,0,1.854333,0.156557,0.186898,2.151869,0.667266,-0.177142,2.151869
member,21856,8,0,0,1.908288,0.148334,0.494619,1.681640,1.042923,-1.204319,1.681640
member,22079,5,6,0,1.632258,0.195488,0.299244,1.766671,2.142898,-0.425762,1.766671
member,17023,7,1,0,2.051600,0.128529,0.272051,2.070189,0.629402,-0.749835,2.070189
member,8739,3,2,0,2.479947,0.083748,0.199980,2.058969,0.399651,-0.870410,2.058969
member,15825,9,7,0,2.547119,0.078307,0.469803,1.742137,0.638117,-1.791677,1.742137
member,2741,2,1,0,3.305393,0.036685,0.464179,1.439726,0.039388,-2.537907,1.439726
member,18048,1,9,0,1.120762,0.326031,0.402551,1.535265,2.197178,-0.210829,1.535265
member,49936,8,8,1,0.423832,0.654534,0.654534,1.061503,3.953503,1.228168,-1.061503
member,17372,6,4,0,1.666490,0.188909,0.210522,2.072614,1.033892,-0.108325,2.072614
member,22021,5,6,0,1.926648,0.145635,0.267809,1.989175,0.935185,-0.609166,1.989175
member,46364,7,7,1,0.624940,0.535294,0.535294,1.527454,2.713915,1.352820,-1.527454
member,23537,2,7,0,1.968201,0.139708,0.308377,1.929294,0.981497,-0.791769,1.929294
member,45499,5,7,0,2.870064,0.056695,0.330158,1.530919,1.165130,-1.761879,1.530919
member,40185,1,9,0,1.583615,0.205232,0.322098,1.563767,1.903542,-0.450715,1.563767
member,9613,3,5,0,1.472057,0.229453,0.304899,1.826458,2.146759,-0.284281,1.826458
member,43281,9,9,1,0.913976,0.400927,0.400927,1.575102,2.389634,0.529490,-1.575102
member,37891,4,9,0,4.824548,0.008030,0.325650,1.654792,-1.199611,-3.702616,1.654792
member,26178,0,0,1,0.110704,0.895203,0.895203,0.378680,6.675717,2.238007,-0.378680
member,45892,8,7,0,4.984742,0.006842,0.229907,2.022429,-2.092643,-3.514660,2.022429
member,20933,1,9,0,1.639442,0.194088,0.454313,1.594730,1.622799,-0.850473,1.594730
member,40971,1,6,0,1.340243,0.261782,0.450970,1.538784,2.644318,-0.543888,1.538784
member,22224,5,4,0,2.067243,0.126534,0.251989,1.952414,0.808506,-0.688873,1.952414
member,24381,1,1,1,0.616797,0.539670,0.539670,1.462007,2.647930,0.843618,-1.462007
member,34855,0,1,0,1.718184,0.179392,0.289496,1.745044,1.454260,-0.478570,1.745044
member,48577,9,8,0,1.547034,0.212878,0.536599,1.378350,2.031221,-0.924529,1.378350
member,38536,0,0,1,0.448284,0.638724,0.638724,1.317877,2.907581,1.551003,-1.317877
member,31755,4,0,0,2.974391,0.051079,0.230626,2.096853,-0.408300,-1.507431,2.096853
member,7753,3,3,1,1.761600,0.171770,0.171770,2.076489,1.186700,0.033725,-2.076489
member,46638,5,3,0,1.997302,0.135701,0.432908,1.792497,1.069632,-1.160072,1.792497
member,43834,4,7,0,1.478333,0.228018,0.230059,1.827443,2.276389,-0.008915,1.827443
member,26235,6,2,0,2.252721,0.105113,0.135444,2.260715,0.153645,-0.253527,2.260715
member,44229,5,6,0,1.714025,0.180139,0.367083,1.686491,2.048941,-0.711858,1.686491
member,49596,9,9,1,0.852545,0.426329,0.426329,1.728826,2.321148,1.081596,-1.728826
member,18552,5,0,0,2.679889,0.068571,0.256559,2.154504,-0.216483,-1.319493,2.154504
member,43136,8,1,0,3.974745,0.018784,0.257166,2.008556,-1.109570,-2.616710,2.008556
member,36672,1,1,1,0.593445,0.552421,0.552421,1.522872,2.666207,1.590868,-1.522872
member,43649,0,0,1,0.255989,0.774151,0.774151,0.767286,4.326308,1.546666,-0.767286
member,3940,0,8,0,1.367746,0.254680,0.394698,1.411065,2.650837,-0.438113,1.411065
member,31496,2,1,0,4.588264,0.010170,0.330196,1.346805,-0.459163,-3.480196,1.346805
member,26593,2,6,0,1.873912,0.153522,0.167483,2.147786,0.749649,-0.087041,2.147786
member,23921,1,8,0,1.400551,0.246461,0.352771,1.781398,1.533308,-0.358615,1.781398
member,26402,8,3,0,6.670674,0.001268,0.274865,1.793157,-3.223485,-5.379199,1.793157
member,45942,5,6,0,2.128689,0.118993,0.237554,1.939732,0.911066,-0.691328,1.939732
member,48525,6,6,1,0.781062,0.457920,0.457920,1.710199,2.642096,1.234126,-1.710199
member,18315,0,1,0,2.524975,0.080060,0.258696,1.959333,0.108550,-1.172873,1.959333
member,36893,8,8,1,0.599736,0.548957,0.548957,1.273479,3.606086,1.064578,-1.273479
member,26695,2,6,0,2.408621,0.089939,0.361488,1.736568,1.279580,-1.391095,1.736568
member,42127,9,9,1,0.923728,0.397036,0.397036,1.640717,2.281073,0.246151,-1.640717
member,14170,9,1,0,1.022331,0.359755,0.506369,1.230320,2.690326,-0.341841,1.230320
member,3732,4,6,0,2.060871,0.127343,0.213787,2.075752,0.897010,-0.518098,2.075752
member,7881,6,7,0,2.034309,0.130771,0.192079,2.108339,0.545888,-0.384463,2.108339
member,6016,9,8,0,2.329232,0.097370,0.407736,1.402416,1.526108,-1.432097,1.402416
member,23029,4,9,0,2.523531,0.080176,0.188715,2.192607,0.049045,-0.856012,2.192607
member,35473,7,7,1,1.231141,0.291959,0.291959,1.875698,1.833782,0.473632,-1.875698
member,49685,4,7,0,2.181849,0.112833,0.356841,1.721714,1.277462,-1.151383,1.721714
member,4817,5,7,0,2.167768,0.114433,0.218729,2.045635,0.712437,-0.647846,2.045635
member,41693,7,6,0,2.035439,0.130623,0.219776,2.112891,0.633260,-0.520293,2.112891
member,12007,3,5,0,1.532042,0.216094,0.370689,1.620480,2.532306,-0.539651,1.620480
member,41327,6,6,1,0.973713,0.377678,0.377678,1.618463,3.621427,0.496212,-1.618463
member,9506,4,4,1,1.603474,0.201196,0.201196,2.007649,1.233692,0.107517,-2.007649
member,44798,7,7,1,0.988287,0.372214,0.372214,1.862756,2.133317,1.092243,-1.862756
member,34062,2,3,0,2.978973,0.050845,0.248615,1.915849,0.207646,-1.587124,1.915849
member,27474,6,6,1,2.026558,0.131788,0.131788,2.264789,0.376764,0.047870,-2.264789
member,31143,4,7,0,2.412657,0.089577,0.613839,1.409092,1.113413,-1.924634,1.409092
member,21235,5,6,0,2.155750,0.115816,0.151902,2.211143,0.290837,-0.271230,2.211143
member,1390,9,9,1,0.730238,0.481794,0.481794,1.299787,3.671757,0.676128,-1.299787
member,38249,7,7,1,1.417805,0.242245,0.242245,2.060117,1.232089,0.294250,-2.060117
member,37624,7,7,1,1.069719,0.343105,0.343105,1.947143,1.805451,0.823286,-1.947143
member,42028,3,3,1,1.328947,0.264756,0.264756,2.009817,1.661202,0.452872,-2.009817
member,20834,0,0,1,0.286611,0.750804,0.750804,1.044972,3.273777,2.385270,-1.044972
member,14757,7,7,1,0.682886,0.505157,0.505157,1.565956,3.121988,1.539086,-1.565956
member,26396,2,6,0,2.244359,0.105995,0.240263,2.077595,0.431135,-0.818340,2.077595
member,6808,7,7,1,0.598512,0.549629,0.549629,1.440306,3.175583,1.497440,-1.440306
member,9225,7,6,0,3.015574,0.049018,0.324603,1.909246,0.184451,-1.890420,1.909246
member,48394,4,6,0,1.818625,0.162249,0.346264,1.876254,1.230607,-0.758071,1.876254
member,5395,9,8,0,1.590476,0.203829,0.484549,1.437049,1.925356,-0.865939,1.437049
member,6943,4,6,0,1.917776,0.146933,0.510400,1.575755,1.765815,-1.245215,1.575755
member,23870,8,8,1,1.211906,0.297629,0.297629,1.719728,1.879598,0.101329,-1.719728
member,32492,1,9,0,1.970757,0.139351,0.472440,1.719540,1.072803,-1.220912,1.719540
member,36345,4,6,0,1.645716,0.192874,0.207205,1.868820,1.673918,-0.071669,1.868820
member,10755,1,8,0,2.959736,0.051833,0.430803,1.191483,1.378013,-2.117631,1.191483
member,12301,4,3,0,2.228569,0.107682,0.235404,1.975512,0.887993,-0.782118,1.975512
member,48386,7,9,0,5.301712,0.004983,0.421151,1.283072,-1.168353,-4.436947,1.283072
member,42745,5,9,0,2.874843,0.056425,0.311987,1.883945,0.164929,-1.710050,1.883945
member,29089,6,3,0,1.496285,0.223961,0.238637,1.943908,2.035652,-0.063471,1.943908
member,44712,6,6,1,1.163373,0.312431,0.312431,1.908726,2.092840,0.370489,-1.908726
member,14343,0,6,0,6.937106,0.000971,0.281110,1.763317,-3.369718,-5.668098,1.763317
member,38172,5,6,0,2.043638,0.129557,0.191637,2.058448,0.781185,-0.391487,2.058448
member,5071,9,6,0,2.495381,0.082465,0.196113,2.135440,0.121553,-0.866317,2.135440
member,24121,1,1,1,1.013027,0.363118,0.363118,1.618286,2.294200,0.377144,-1.618286
member,48809,9,7,0,2.566633,0.076794,0.207840,2.077531,0.295034,-0.995647,2.077531
member,17820,8,0,0,1.217030,0.296108,0.327375,1.777489,1.699981,-0.100382,1.777489
member,1122,2,7,0,2.524057,0.080134,0.267260,1.797943,1.431088,-1.204523,1.797943
member,11264,1,9,0,1.348895,0.259527,0.344957,1.655101,1.906810,-0.284558,1.655101
member,30579,5,5,1,1.733785,0.176615,0.176615,2.166555,0.734556,0.190163,-2.166555
member,45464,9,7,0,1.471174,0.229656,0.320722,1.933694,1.457927,-0.333995,1.933694
member,48216,4,6,0,1.771743,0.170036,0.354032,1.790276,1.655546,-0.733376,1.790276
member,43044,4,0,0,3.054679,0.047138,0.355561,1.861699,-0.233800,-2.020622,1.861699
member,15656,4,4,1,1.535831,0.215277,0.215277,1.972004,1.320187,0.157221,-1.972004
member,1900,7,7,1,1.418820,0.241999,0.241999,1.966307,1.658015,0.169816,-1.966307
member,147,9,1,0,1.620847,0.197731,0.295967,1.974140,1.147393,-0.403339,1.974140
member,29642,9,9,1,0.725183,0.484236,0.484236,1.063399,3.896482,0.159778,-1.063399
member,3211,0,9,0,3.254276,0.038609,0.607757,1.113947,1.347746,-2.756296,1.113947
member,43850,3,3,1,1.176471,0.308365,0.308365,1.926083,1.715469,0.542879,-1.926083
member,2354,2,9,0,4.393988,0.012351,0.388619,1.379642,-0.567896,-3.448832,1.379642
member,31520,7,6,0,1.959092,0.140986,0.245953,1.966204,1.331023,-0.556477,1.966204
member,42583,8,8,1,0.579785,0.560019,0.560019,1.151528,4.196037,0.743833,-1.151528
member,43337,4,6,0,1.659926,0.190153,0.252816,1.965538,1.254353,-0.284833,1.965538
member,45284,9,9,1,0.824877,0.438289,0.438289,1.728536,2.105229,0.658942,-1.728536
member,46956,1,1,1,1.305335,0.271082,0.271082,2.011817,1.559953,0.395964,-2.011817
member,48790,2,6,0,2.678030,0.068698,0.461829,1.691057,1.004489,-1.905469,1.691057
member,36585,2,6,0,2.455458,0.085824,0.241243,1.812374,1.316700,-1.033506,1.812374
member,10465,7,4,0,1.632262,0.195487,0.213462,2.010562,1.151317,-0.087966,2.010562
member,7821,1,1,1,0.345032,0.708198,0.708198,1.185602,3.051789,2.177317,-1.185602
member,7205,3,7,0,1.891042,0.150915,0.197497,2.033744,1.039920,-0.269008,2.033744
member,6413,9,8,0,1.431843,0.238868,0.471910,1.352691,2.301624,-0.680876,1.352691
member,34046,7,7,1,1.039264,0.353715,0.353715,1.797335,2.436370,0.843799,-1.797335
member,12728,5,5,1,1.220927,0.294957,0.294957,1.691931,2.845101,0.325936,-1.691931
member,6925,6,6,1,0.803930,0.447566,0.447566,1.706128,2.940625,1.105282,-1.706128
member,27995,9,8,0,1.282104,0.277453,0.487392,1.263504,3.282041,-0.563417,1.263504
member,37612,5,5,1,0.986716,0.372799,0.372799,1.436677,3.477448,0.295784,-1.436677
member,39483,6,5,0,1.707220,0.181369,0.244425,1.901436,1.416636,-0.298373,1.901436
member,3016,3,7,0,1.998682,0.135514,0.314162,1.973149,1.066518,-0.840836,1.973149
member,1640,4,0,0,4.417034,0.012070,0.450209,1.638632,-1.233181,-3.618990,1.638632
member,8883,8,9,0,2.687989,0.068018,0.423419,1.859342,0.102833,-1.828596,1.859342
member,37601,7,6,0,1.620116,0.197876,0.267002,1.994203,1.343031,-0.299616,1.994203
member,12969,3,1,0,2.661826,0.069821,0.315769,1.885242,0.262834,-1.509081,1.885242
member,23463,1,8,0,1.811245,0.163451,0.470920,1.201781,3.825615,-1.058178,1.201781
member,15757,8,9,0,1.208438,0.298663,0.351974,1.726557,1.702247,-0.164241,1.726557
member,44076,7,7,1,1.417271,0.242374,0.242374,2.064697,1.285682,0.336318,-2.064697
member,4086,6,6,1,0.806107,0.446593,0.446593,1.716253,2.749420,1.256071,-1.716253
member,508,9,9,1,1.069560,0.343159,0.343159,1.950056,1.659840,0.640080,-1.950056
member,6354,0,0,1,0.162054,0.850396,0.850396,0.614818,4.734879,2.281725,-0.614818
member,29644,7,7,1,1.136019,0.321095,0.321095,2.051091,1.435168,0.938707,-2.051091
member,20815,4,4,1,1.630611,0.195810,0.195810,2.121502,0.976594,0.117665,-2.121502
member,6234,4,6,0,1.546343,0.213026,0.254045,1.935724,1.430506,-0.176101,1.935724
member,31989,9,7,0,3.927108,0.019701,0.417682,1.729051,-0.469989,-3.054072,1.729051
member,12995,7,7,1,1.746946,0.174305,0.174305,2.247356,0.668894,0.282911,-2.247356
member,42501,3,6,0,2.114597,0.120682,0.275385,2.061304,0.585690,-0.825013,2.061304
member,38920,7,4,0,1.404852,0.245403,0.248244,1.784337,2.538573,-0.011508,1.784337
member,262,1,8,0,3.026866,0.048467,0.800504,0.714337,2.925478,-2.804352,0.714337
member,7891,9,9,1,0.699955,0.496608,0.496608,1.381726,2.902090,0.573819,-1.381726
member,10527,3,7,0,2.571242,0.076441,0.243272,2.117148,-0.063642,-1.157665,2.117148
member,18600,5,3,0,1.275869,0.279188,0.354182,1.623705,2.747423,-0.237924,1.623705
member,24114,9,9,1,0.776148,0.460175,0.460175,1.064137,4.272079,0.085382,-1.064137
member,33498,2,6,0,1.857481,0.156065,0.235161,2.059799,0.902723,-0.409995,2.059799
member,13471,3,0,0,5.730490,0.003245,0.451499,1.285487,-1.257727,-4.935308,1.285487
member,31725,8,2,0,3.640184,0.026247,0.211745,2.008162,-0.853666,-2.087814,2.008162
member,23690,3,2,0,2.335910,0.096722,0.164906,2.225302,0.046361,-0.533529,2.225302
member,10557,3,6,0,1.530905,0.216340,0.248769,1.900473,1.678170,-0.139675,1.900473
member,6556,3,0,0,3.665544,0.025590,0.538948,1.436541,-0.281006,-3.047408,1.436541
member,45577,9,1,0,0.978857,0.375740,0.423655,1.355390,2.644871,-0.120021,1.355390
member,41503,9,9,1,0.419468,0.657397,0.657397,1.042062,3.634796,1.023594,-1.042062
member,27872,6,6,1,1.084467,0.338082,0.338082,1.855420,2.062515,0.578715,-1.855420
member,10810,8,6,0,6.556663,0.001421,0.296152,1.792463,-3.260164,-5.339780,1.792463
member,38214,8,0,0,2.634456,0.071758,0.289219,2.063190,-0.025603,-1.393885,2.063190
member,11730,2,7,0,1.979487,0.138140,0.275184,1.837004,1.545101,-0.689173,1.837004
member,27438,0,8,0,1.204066,0.299972,0.374631,1.693382,1.806524,-0.222251,1.693382
member,21779,4,9,0,2.591218,0.074929,0.243416,2.118417,-0.046960,-1.178233,2.118417
member,34079,2,3,0,2.030501,0.131270,0.238043,2.051207,0.797447,-0.595199,2.051207
member,22915,9,9,1,1.011121,0.363811,0.363811,1.639787,2.175375,0.338157,-1.639787
member,8085,1,1,1,0.812439,0.443774,0.443774,1.455210,2.407548,0.250039,-1.455210
member,43467,5,7,0,1.674026,0.187491,0.269198,1.809207,1.608210,-0.361719,1.809207
member,14709,3,6,0,2.463851,0.085107,0.513210,1.598903,1.307558,-1.796780,1.598903
member,15466,0,9,0,3.688750,0.025003,0.642910,1.121225,0.358025,-3.247000,1.121225
member,37172,4,7,0,1.884563,0.151895,0.276155,1.805505,1.532477,-0.597772,1.805505
member,28748,2,0,0,2.236251,0.106858,0.328058,2.056221,0.285782,-1.121687,2.056221
member,3104,7,7,1,0.675415,0.508945,0.508945,1.562604,2.812800,1.358443,-1.562604
member,708,0,9,0,3.421599,0.032660,0.197665,2.088192,-0.872160,-1.800418,2.088192
member,38385,5,5,1,1.950484,0.142205,0.142205,2.266275,0.469593,0.157865,-2.266275
member,23444,9,9,1,0.809817,0.444939,0.444939,1.443463,2.565843,0.283663,-1.443463
member,26510,8,1,0,2.022056,0.132383,0.197434,2.093966,0.617362,-0.399707,2.093966
member,8466,6,0,0,5.083399,0.006199,0.384560,1.686491,-1.959173,-4.127743,1.686491
member,6230,2,7,0,2.248064,0.105603,0.290446,1.972814,0.670121,-1.011727,1.972814
member,46358,1,1,1,0.824192,0.438589,0.438589,1.332650,3.183526,0.518392,-1.332650
member,39357,6,7,0,2.384607,0.092125,0.329841,1.772499,1.367769,-1.275462,1.772499
member,16386,6,6,1,1.621904,0.197522,0.197522,2.106371,1.027927,0.253701,-2.106371
member,34165,7,9,0,2.297719,0.100488,0.339250,1.977068,0.425747,-1.216701,1.977068
member,4168,2,2,1,1.415866,0.242715,0.242715,2.019191,1.436813,0.473138,-2.019191
member,5803,0,0,1,0.527926,0.589827,0.589827,1.469749,2.640721,1.421866,-1.469749
member,12753,2,2,1,1.492599,0.224788,0.224788,2.095093,1.111803,0.543238,-2.095093
member,2189,0,8,0,1.474436,0.228908,0.357270,1.457430,2.828491,-0.445174,1.457430
member,12187,9,8,0,1.624704,0.196970,0.248741,1.987282,1.061891,-0.233360,1.987282
member,31727,6,6,1,0.599286,0.549204,0.549204,1.433981,3.771750,1.413716,-1.433981
member,19245,3,1,0,2.634440,0.071759,0.252047,2.014961,0.177872,-1.256299,2.014961
member,37866,1,7,0,2.538087,0.079017,0.396992,1.899152,0.382009,-1.614248,1.899152
member,43514,1,1,1,0.823960,0.438691,0.438691,1.729986,2.097273,0.669398,-1.729986
member,8718,7,7,1,1.181027,0.306963,0.306963,1.853271,1.960091,0.310126,-1.853271
member,28824,3,9,0,2.055871,0.127981,0.335965,1.946806,0.748047,-0.965123,1.946806
member,24468,7,1,0,2.164787,0.114774,0.232237,2.038701,1.003516,-0.704788,2.038701
member,48252,0,0,1,0.793832,0.452109,0.452109,1.783519,2.060217,1.212312,-1.783519
member,7201,7,7,1,1.017712,0.361421,0.361421,1.842509,1.814526,0.548784,-1.842509
member,9282,8,7,0,4.421403,0.012017,0.255845,2.014444,-1.691814,-3.058218,2.014444
member,26820,7,3,0,2.679289,0.068612,0.281869,1.991933,0.244462,-1.412975,1.991933
member,27373,2,6,0,2.043703,0.129548,0.240563,2.031817,0.683188,-0.618929,2.031817
member,22492,8,1,0,1.837134,0.159273,0.343588,1.902063,0.996110,-0.768821,1.902063
member,45637,6,6,1,1.256579,0.284626,0.284626,1.975735,1.734374,0.568657,-1.975735
member,45879,8,0,0,2.203857,0.110377,0.604999,1.437988,1.005022,-1.701329,1.437988
member,29339,6,6,1,1.536670,0.215096,0.215096,2.030107,1.169186,0.010735,-2.030107
member,46547,1,9,0,1.677983,0.186750,0.198834,2.006017,1.379320,-0.062698,2.006017
member,10803,5,5,1,1.388653,0.249411,0.249411,1.983402,1.345839,0.223178,-1.983402
member,20964,4,9,0,3.982368,0.018641,0.427237,1.450868,-0.429101,-3.131951,1.450868
member,30032,7,7,1,1.219713,0.295315,0.295315,2.074800,1.375235,0.856870,-2.074800
member,5222,8,0,0,1.010127,0.364173,0.405962,1.302050,3.401653,-0.108631,1.302050
member,659,9,9,1,0.950888,0.386398,0.386398,1.770818,1.979249,0.368516,-1.770818
member,33245,4,6,0,1.780014,0.168636,0.397019,1.755219,1.602929,-0.856242,1.755219
member,5865,9,8,0,2.557908,0.077467,0.619783,1.056872,2.694955,-2.079522,1.056872
member,48871,8,9,0,1.793557,0.166367,0.474473,1.336826,2.399805,-1.048006,1.336826
member,22985,4,7,0,1.859033,0.155823,0.387207,1.694746,1.977175,-0.910237,1.694746
member,28880,3,6,0,1.730988,0.177109,0.213413,1.997584,1.147474,-0.186463,1.997584
member,47087,7,9,0,3.009881,0.049298,0.370643,1.836816,-0.146122,-2.017363,1.836816
member,26527,2,7,0,2.133587,0.118412,0.214649,2.174061,0.355462,-0.594836,2.174061
member,9647,3,3,1,1.458965,0.232477,0.232477,1.965807,1.616657,0.018154,-1.965807
member,49545,3,4,0,1.606208,0.200647,0.204016,1.869899,1.837178,-0.016651,1.869899
member,32374,7,6,0,3.140331,0.043268,0.316003,1.792786,0.668622,-1.988327,1.792786
member,26158,1,9,0,1.286460,0.276247,0.469699,1.524448,1.922691,-0.530796,1.524448
member,11711,6,2,0,2.276259,0.102668,0.165852,2.208771,0.193239,-0.479600,2.208771
member,27238,1,9,0,1.733396,0.176683,0.500359,1.631830,1.343725,-1.040967,1.631830
member,18353,6,7,0,2.108304,0.121444,0.236479,2.006280,0.942737,-0.666408,2.006280
member,49514,5,1,0,2.518964,0.080543,0.224180,2.031198,0.402493,-1.023657,2.031198
member,21724,3,3,1,1.134955,0.321437,0.321437,1.824561,1.928017,0.400049,-1.824561
member,25924,8,8,1,0.873520,0.417480,0.417480,1.477121,2.573740,0.172559,-1.477121
member,41389,3,2,0,2.170415,0.114130,0.199877,2.067796,0.537051,-0.560363,2.067796
member,4772,3,7,0,1.962514,0.140505,0.275404,2.088657,0.597357,-0.672999,2.088657
member,35204,3,9,0,1.762002,0.171701,0.200555,2.051295,0.904319,-0.155334,2.051295
member,27878,2,9,0,3.618627,0.026819,0.373567,1.642157,-0.593421,-2.633968,1.642157
member,5874,0,0,1,1.877007,0.153048,0.153048,2.272750,0.528060,0.249236,-2.272750
member,17804,7,7,1,1.291258,0.274925,0.274925,2.023187,1.362462,0.560605,-2.023187
member,34223,9,9,1,1.176262,0.308430,0.308430,1.557169,2.354181,0.086893,-1.557169
member,7841,1,9,0,1.680587,0.186265,0.548361,1.408836,1.851370,-1.079766,1.408836
member,15922,2,6,0,2.789205,0.061470,0.496646,1.618763,0.840131,-2.089328,1.618763
member,28366,7,0,0,4.277633,0.013875,0.581996,1.287347,-0.736721,-3.736342,1.287347
member,12083,0,0,1,1.345502,0.260409,0.260409,2.044793,1.318928,0.253394,-2.044793
member,20033,3,9,0,2.914297,0.054242,0.325934,1.644208,0.375632,-1.793235,1.644208
member,14487,0,0,1,1.259932,0.283673,0.283673,1.796814,1.740643,0.022217,-1.796814
member,20818,2,6,0,2.252764,0.105108,0.200113,2.083732,0.543801,-0.643889,2.083732
member,37517,0,0,1,0.474713,0.622064,0.622064,1.373071,2.807024,1.465466,-1.373071
member,44235,1,1,1,0.659373,0.517175,0.517175,1.318579,2.949147,0.467675,-1.318579
member,48650,6,2,0,1.822637,0.161599,0.204034,2.067070,0.976052,-0.233170,2.067070
member,36235,5,1,0,3.572156,0.028095,0.420734,1.634257,-0.201910,-2.706402,1.634257
member,21069,7,7,1,1.288424,0.275705,0.275705,1.784492,2.251235,0.276583,-1.784492
member,9523,2,0,0,2.248228,0.105586,0.389718,1.948162,0.344127,-1.305897,1.948162
member,32755,9,1,0,1.478308,0.228023,0.366859,1.883365,1.296259,-0.475531,1.883365
member,12053,5,8,0,2.114824,0.120654,0.195428,2.132219,0.468386,-0.482260,2.132219
member,23593,6,6,1,1.254858,0.285116,0.285116,1.864074,2.560544,0.218201,-1.864074
member,8037,2,9,0,3.232311,0.039466,0.255372,2.003520,-0.577841,-1.867277,2.003520
member,46976,3,0,0,2.763596,0.063065,0.432554,1.839479,0.036200,-1.925549,1.839479
member,16399,7,7,1,1.507319,0.221503,0.221503,1.936900,1.438479,0.249185,-1.936900
member,45785,2,7,0,2.454434,0.085912,0.324010,1.965153,0.341686,-1.327453,1.965153
member,34615,8,8,1,0.234139,0.791252,0.791252,0.792118,4.465894,2.216102,-0.792118
member,7624,7,1,0,2.085207,0.124281,0.253608,2.026040,0.910028,-0.713242,2.026040
member,13661,3,3,1,1.063799,0.345142,0.345142,1.669919,2.500988,0.258743,-1.669919
member,37736,5,7,0,3.203691,0.040612,0.284535,1.859097,-0.078163,-1.946792,1.859097
member,26541,2,9,0,3.912441,0.019992,0.398936,1.583617,-0.718354,-2.993487,1.583617
member,13267,7,7,1,1.262204,0.283030,0.283030,2.064206,1.386899,0.830658,-2.064206
member,18082,5,6,0,2.589818,0.075034,0.442473,1.660920,0.999646,-1.774443,1.660920
member,48085,3,6,0,1.596951,0.202513,0.268364,1.901842,1.865521,-0.281539,1.901842
member,42767,9,6,0,3.892175,0.020401,0.415380,1.692641,0.189662,-3.013613,1.692641
member,4070,2,7,0,2.135221,0.118219,0.290203,1.948700,0.717794,-0.898044,1.948700
member,16286,1,0,0,2.431400,0.087914,0.578386,1.175749,2.223562,-1.883885,1.175749
member,1118,7,0,0,2.489586,0.082944,0.240441,2.102596,0.085341,-1.064304,2.102596
member,10074,1,1,1,1.369151,0.254323,0.254323,2.049129,1.573091,0.499361,-2.049129
member,11373,9,9,1,0.411965,0.662348,0.662348,1.160730,3.276885,1.291927,-1.160730
member,32684,1,6,0,2.365005,0.093949,0.494537,1.655746,1.191498,-1.660872,1.655746
member,46433,3,5,0,1.597156,0.202472,0.273740,2.055787,1.095236,-0.301578,2.055787
member,25349,7,7,1,0.711858,0.490732,0.490732,1.542942,2.668224,1.073513,-1.542942
member,6715,7,1,0,1.952417,0.141931,0.186816,2.173618,0.545683,-0.274784,2.173618
member,34567,0,0,1,0.495516,0.609256,0.609256,0.854424,4.636477,0.549808,-0.854424
member,1030,3,7,0,2.254192,0.104958,0.168422,2.262305,0.156851,-0.472910,2.262305
member,22753,9,9,1,0.645230,0.524542,0.524542,1.289615,3.192349,0.688786,-1.289615
member,11761,7,1,0,1.797145,0.165771,0.259998,2.009111,1.091918,-0.450064,2.009111
member,35896,8,8,1,0.253056,0.776424,0.776424,0.761223,4.347209,1.566998,-0.761223
member,14492,4,4,1,1.337429,0.262520,0.262520,1.802609,1.989343,0.258736,-1.802609
member,25085,6,6,1,1.461389,0.231914,0.231914,2.138359,1.116234,0.555468,-2.138359
member,20395,8,9,0,1.731521,0.177015,0.248532,1.839554,1.196333,-0.339338,1.839554
member,4813,6,3,0,3.028631,0.048382,0.328429,1.811133,0.764388,-1.915198,1.811133
member,8994,0,8,0,1.359118,0.256887,0.634444,0.958555,5.539659,-0.904112,0.958555
member,49691,3,7,0,2.017400,0.133001,0.208344,2.058756,0.669612,-0.448834,2.058756
member,21374,8,8,1,1.183989,0.306056,0.306056,1.640222,2.200649,0.107138,-1.640222
member,30242,4,6,0,1.888807,0.151252,0.295073,1.972270,1.070286,-0.668273,1.972270
member,47578,6,6,1,0.832699,0.434874,0.434874,1.672207,3.067476,0.724721,-1.672207
member,1164,3,1,0,2.352490,0.095132,0.207338,2.072856,0.331259,-0.779084,2.072856
member,24810,4,7,0,2.234482,0.107048,0.127816,2.288553,0.101698,-0.177321,2.288553
member,21109,7,6,0,2.360381,0.094384,0.466346,1.708959,1.119289,-1.597554,1.708959
member,3697,9,8,0,2.090062,0.123679,0.708276,0.983829,2.158215,-1.745141,0.983829
member,11438,6,6,1,0.509914,0.600547,0.600547,1.321442,3.924814,1.399459,-1.321442
member,4469,8,8,1,0.282397,0.753974,0.753974,1.021488,3.284155,2.330646,-1.021488
member,9807,9,9,1,0.404113,0.667569,0.667569,1.109105,3.672723,1.477455,-1.109105
member,47767,9,9,1,0.706265,0.493484,0.493484,1.460058,2.742826,0.610118,-1.460058
member,6748,7,7,1,0.897118,0.407743,0.407743,1.779061,2.192193,1.016610,-1.779061
member,49184,8,8,1,0.511899,0.599357,0.599357,1.188019,3.559412,1.025495,-1.188019
member,17378,7,7,1,1.016723,0.361779,0.361779,1.871078,1.767866,0.792301,-1.871078
member,36884,4,7,0,1.680791,0.186227,0.282891,1.738721,2.271696,-0.418099,1.738721
member,13356,5,7,0,2.415175,0.089352,0.252575,2.063228,0.328683,-1.039129,2.063228
member,32404,3,6,0,1.823851,0.161403,0.240477,1.749541,2.210552,-0.398721,1.749541
member,42454,9,8,0,3.769769,0.023057,0.509520,1.019225,0.977252,-3.095482,1.019225
member,46065,5,4,0,1.983172,0.137632,0.196398,1.964659,1.270278,-0.355562,1.964659
member,11538,2,5,0,2.651703,0.070531,0.282869,1.984639,0.140697,-1.388931,1.984639
member,2008,7,3,0,1.740751,0.175389,0.243562,1.890130,1.491848,-0.328369,1.890130
member,3221,5,6,0,1.663930,0.189393,0.209628,1.910987,1.836946,-0.101509,1.910987
member,44996,9,9,1,0.837657,0.432723,0.432723,1.233694,3.089202,0.037028,-1.233694
member,18762,5,3,0,1.654445,0.191198,0.203220,1.969700,1.618320,-0.060981,1.969700
member,14165,1,1,1,0.729712,0.482048,0.482048,1.016172,3.679310,0.076959,-1.016172
member,40683,8,8,1,1.416870,0.242472,0.242472,2.038827,1.274658,0.117614,-2.038827
member,25080,7,7,1,0.768375,0.463766,0.463766,1.638169,2.714836,1.129394,-1.638169
member,1822,8,0,0,1.435175,0.238074,0.743643,0.653464,5.195086,-1.138981,0.653464
member,44661,7,2,0,1.876169,0.153176,0.183709,2.089852,0.952725,-0.181767,2.089852
member,6848,8,8,1,0.726745,0.483480,0.483480,1.261351,3.639933,0.463520,-1.261351
member,12635,6,3,0,2.468049,0.084750,0.203358,2.064967,0.328954,-0.875260,2.064967
member,37668,3,8,0,4.133229,0.016031,0.520952,1.466656,-0.735790,-3.481132,1.466656
member,6095,6,6,1,1.141124,0.319460,0.319460,1.867186,2.479696,0.690293,-1.867186
member,39248,2,6,0,2.272276,0.103077,0.284174,1.813022,1.194745,-1.014107,1.813022
member,10577,0,3,0,4.009463,0.018143,0.229498,2.056026,-1.268373,-2.537604,2.056026
member,31074,2,1,0,3.953603,0.019185,0.433880,1.589038,-0.711749,-3.118615,1.589038
member,29112,9,1,0,1.113686,0.328346,0.377652,1.545625,2.445411,-0.139905,1.545625
member,10192,3,7,0,1.758355,0.172328,0.478515,1.603641,1.657055,-1.021287,1.603641
member,314,3,6,0,2.444243,0.086792,0.578838,1.397573,1.881395,-1.897510,1.397573
member,11449,3,3,1,1.232318,0.291616,0.291616,1.882293,2.256052,0.359489,-1.882293
member,30745,8,8,1,0.686754,0.503207,0.503207,0.934835,4.806311,0.139269,-0.934835
member,29702,7,7,1,1.592839,0.203348,0.203348,2.190719,0.927629,0.205583,-2.190719
member,27658,3,1,0,2.727546,0.065380,0.360720,1.646113,0.393712,-1.707893,1.646113
member,23685,1,8,0,1.881109,0.152421,0.595080,1.159312,2.720564,-1.362050,1.159312
member,28375,4,6,0,1.513968,0.220035,0.252153,1.794345,2.136942,-0.136249,1.794345
member,3085,1,8,0,2.721195,0.065796,0.738425,0.834977,3.897679,-2.417960,0.834977
member,49371,0,0,1,0.675823,0.508738,0.508738,1.222636,5.399998,0.867416,-1.222636
member,3751,5,9,0,4.409996,0.012155,0.430380,1.740937,-1.312158,-3.566909,1.740937
member,5048,8,9,0,2.138439,0.117839,0.607663,1.232714,1.580732,-1.640304,1.232714
member,29186,9,1,0,1.603066,0.201278,0.243528,2.018254,1.319074,-0.190542,2.018254
member,30708,3,6,0,1.677708,0.186802,0.310175,1.786858,1.744532,-0.507091,1.786858
member,20146,6,7,0,2.047420,0.129067,0.275958,1.845287,1.464792,-0.759912,1.845287
member,32249,9,9,1,0.565387,0.568140,0.568140,1.483500,2.557108,1.213842,-1.483500
member,4969,4,4,1,1.554516,0.211292,0.211292,1.856129,1.907154,0.125600,-1.856129
member,30525,9,8,0,1.578918,0.206198,0.695400,0.853968,4.813885,-1.215650,0.853968
member,18494,6,5,0,2.075191,0.125532,0.228390,1.976434,0.847193,-0.598490,1.976434
member,38064,1,1,1,1.825656,0.161112,0.161112,2.133748,0.831129,0.036772,-2.133748
member,41836,4,6,0,1.839654,0.158872,0.369360,1.763823,1.680779,-0.843672,1.763823
member,32752,6,9,0,2.470417,0.084550,0.290384,2.099334,0.083415,-1.233865,2.099334
member,20073,2,6,0,2.089413,0.123760,0.201330,2.109193,0.536626,-0.486601,2.109193
member,26273,4,9,0,2.974277,0.051084,0.310779,1.951153,-0.189813,-1.805604,1.951153
member,13649,0,2,0,3.601865,0.027273,0.170909,2.145631,-0.980890,-1.835243,2.145631
member,25533,8,8,1,0.463313,0.629195,0.629195,1.193339,3.263766,1.359805,-1.193339
member,17521,7,7,1,0.859163,0.423517,0.423517,1.827329,2.076830,1.397526,-1.827329
member,25480,4,6,0,1.694565,0.183679,0.218199,2.054763,1.233645,-0.172216,2.054763
member,48234,1,9,0,1.355889,0.257718,0.634316,1.082516,2.549928,-0.900681,1.082516
member,48787,4,0,0,4.935510,0.007187,0.551853,1.348523,-1.257961,-4.341036,1.348523
member,32389,3,9,0,2.213805,0.109284,0.277760,1.990613,0.342652,-0.932808,1.990613
member,5086,3,7,0,2.372826,0.093217,0.144469,2.238718,0.054098,-0.438134,2.238718
member,17252,8,8,1,0.680411,0.506409,0.506409,1.294257,3.364626,0.602826,-1.294257
member,4039,1,1,1,1.239873,0.289421,0.289421,1.904473,1.719993,0.398051,-1.904473
member,18386,0,1,0,4.227495,0.014589,0.216555,2.124708,-1.521745,-2.697583,2.124708
member,4246,9,8,0,2.291655,0.101099,0.511958,1.151073,2.489337,-1.622141,1.151073
member,18627,4,6,0,1.513109,0.220224,0.259129,1.810735,2.078964,-0.162680,1.810735
member,879,1,9,0,1.378434,0.251973,0.346794,1.891701,1.338814,-0.319408,1.891701
member,23298,7,7,1,0.911726,0.401830,0.401830,1.712073,2.494926,0.991010,-1.712073
member,29752,6,9,0,2.067226,0.126536,0.209167,2.110671,0.587105,-0.502603,2.110671
member,30172,0,3,0,8.183540,0.000279,0.280255,1.777212,-4.472007,-6.911486,1.777212
member,28559,1,1,1,1.055785,0.347919,0.347919,1.761822,2.737228,0.646377,-1.761822
member,18863,2,7,0,2.059052,0.127575,0.314563,1.919009,0.663167,-0.902480,1.919009
member,43343,7,7,1,1.112905,0.328603,0.328603,1.811553,1.823590,0.175142,-1.811553
member,34210,8,0,0,3.071982,0.046329,0.333402,1.936804,-0.273749,-1.973577,1.936804
member,26083,0,0,1,0.575666,0.562330,0.562330,1.340005,3.262014,1.247627,-1.340005
member,1941,4,7,0,1.822328,0.161649,0.229030,2.018558,0.968073,-0.348424,2.018558
member,22225,5,1,0,3.260911,0.038353,0.366402,1.863158,-0.490033,-2.256886,1.863158
member,44691,8,8,1,0.833421,0.434560,0.434560,1.480466,2.747960,0.602204,-1.480466
member,43239,4,3,0,2.757373,0.063458,0.168021,2.211345,-0.331724,-0.973707,2.211345
member,23859,3,6,0,2.015159,0.133299,0.323312,1.888616,1.241518,-0.886020,1.888616
member,14158,8,0,0,1.594976,0.202913,0.552065,1.347682,2.081772,-1.000886,1.347682
member,33875,5,1,0,3.050295,0.047345,0.415992,1.769761,-0.096583,-2.173205,1.769761
member,48104,7,0,0,2.180135,0.113026,0.287304,1.971019,0.535457,-0.932920,1.971019
member,23449,0,0,1,0.305500,0.736755,0.736755,0.869393,4.012271,1.380421,-0.869393
member,6623,1,6,0,1.927381,0.145529,0.339482,1.964860,0.943829,-0.847045,1.964860
member,38264,8,9,0,1.483345,0.226878,0.294692,1.708582,1.743716,-0.261521,1.708582
member,26241,1,1,1,0.898831,0.407045,0.407045,1.822892,2.241051,0.939294,-1.822892
member,47591,4,6,0,1.598232,0.202254,0.293393,1.792641,2.265167,-0.371989,1.792641
member,24155,6,6,1,1.712958,0.180332,0.180332,2.031462,1.065734,0.056643,-2.031462
member,32058,0,0,1,0.099571,0.905226,0.905226,0.363431,6.349598,2.383268,-0.363431
member,9331,7,1,0,2.785197,0.061717,0.242893,1.910259,0.756368,-1.370062,1.910259
member,43564,0,0,1,1.168443,0.310851,0.310851,1.901778,1.607822,0.229268,-1.901778
member,3493,8,0,0,2.077097,0.125293,0.151043,2.266076,0.296628,-0.186906,2.266076
member,4878,5,6,0,2.816078,0.059840,0.351331,1.844082,1.174972,-1.770053,1.844082
member,47062,3,6,0,1.972736,0.139076,0.264706,1.889553,1.772258,-0.643599,1.889553
member,998,3,1,0,3.362432,0.034651,0.312602,1.838800,-0.595599,-2.199606,1.838800
member,37086,5,5,1,1.445880,0.235539,0.235539,1.951224,1.450089,0.024757,-1.951224
member,36437,4,6,0,1.899967,0.149574,0.241749,2.026369,0.933601,-0.480114,2.026369
member,34749,8,8,1,0.316839,0.728448,0.728448,0.881993,5.186260,1.651229,-0.881993
member,28616,5,7,0,2.740173,0.064559,0.264326,1.908736,0.551100,-1.409601,1.908736
member,37095,3,9,0,4.018038,0.017988,0.676295,1.091746,-0.227600,-3.626912,1.091746
member,22810,2,1,0,2.701111,0.067131,0.430766,1.756849,0.259065,-1.858920,1.756849
member,7142,3,1,0,1.838539,0.159050,0.169481,2.198579,0.710152,-0.063527,2.198579
member,21558,1,1,1,0.764814,0.465421,0.465421,1.354211,2.781359,0.317195,-1.354211
member,9935,8,0,0,3.497721,0.030266,0.412842,1.787095,-0.550135,-2.613032,1.787095
member,4788,5,5,1,0.863418,0.421718,0.421718,1.506227,3.126606,0.560381,-1.506227
member,30510,8,1,0,5.587904,0.003743,0.343136,1.792078,-2.353501,-4.518276,1.792078
member,31189,8,9,0,2.053439,0.128293,0.141295,2.274106,0.278333,-0.096531,2.274106
member,20083,5,1,0,2.714723,0.066223,0.285897,1.930797,0.324566,-1.462601,1.930797
member,10823,7,6,0,1.449322,0.234729,0.262074,1.769646,2.474024,-0.110194,1.769646
member,672,9,8,0,2.044723,0.129416,0.698986,1.071574,1.763292,-1.686598,1.071574
member,15594,0,9,0,3.242120,0.039081,0.615045,1.405366,-0.048895,-2.756060,1.405366
member,43048,8,1,0,3.246954,0.038892,0.418914,1.929610,-0.553999,-2.376866,1.929610
member,21911,5,5,1,1.182238,0.306592,0.306592,1.978985,1.551896,0.440500,-1.978985
member,11868,3,6,0,2.707830,0.066681,0.661420,1.241068,2.021491,-2.294464,1.241068
member,34690,1,1,1,0.824567,0.438425,0.438425,1.888459,1.963386,1.502436,-1.888459
member,11321,7,5,0,1.602873,0.201317,0.283945,1.772295,1.833375,-0.343899,1.772295
member,44211,5,6,0,2.083507,0.124493,0.361994,1.795367,1.263091,-1.067380,1.795367
member,24614,9,9,1,1.924972,0.145880,0.145880,2.226425,0.506997,0.025910,-2.226425
member,12005,5,6,0,2.369232,0.093553,0.308484,1.869639,0.807382,-1.193147,1.869639
member,3939,7,7,1,1.066865,0.344085,0.344085,1.891406,1.942224,0.920185,-1.891406
member,4613,7,7,1,1.257000,0.284506,0.284506,1.916417,1.613068,0.348762,-1.916417
member,36759,2,6,0,2.631581,0.071965,0.235290,2.001479,0.368669,-1.184644,2.001479
member,31458,9,0,0,1.596013,0.202703,0.535876,1.443275,1.790043,-0.972161,1.443275
member,44952,9,9,1,0.538173,0.583814,0.583814,1.148970,3.995338,1.099095,-1.148970
member,4347,5,7,0,1.885985,0.151680,0.277650,1.931265,0.848660,-0.604591,1.931265
member,39327,9,7,0,2.128457,0.119021,0.219871,2.072983,0.605521,-0.613743,2.072983
member,49922,3,3,1,1.301965,0.271997,0.271997,2.004061,1.599911,0.573270,-2.004061
member,22393,6,6,1,1.086016,0.337559,0.337559,1.833246,2.143725,0.594291,-1.833246
member,3156,5,6,0,2.253912,0.104988,0.154110,2.243637,0.196095,-0.383821,2.243637
member,29917,0,8,0,2.020233,0.132625,0.428325,1.723140,0.957103,-1.172359,1.723140
member,37223,3,6,0,2.226096,0.107949,0.272836,2.003191,0.695979,-0.927212,2.003191
member,13478,2,3,0,1.923400,0.146109,0.202273,2.001857,1.289033,-0.325261,2.001857
member,13871,4,7,0,2.238305,0.106639,0.377873,1.916046,0.590360,-1.265107,1.916046
member,38555,5,0,0,8.405000,0.000224,0.703705,0.680372,-1.544661,-8.053603,0.680372
member,25329,7,6,0,1.984570,0.137440,0.270929,2.044988,0.750860,-0.678671,2.044988
member,44684,6,6,1,0.567159,0.567135,0.567135,1.476370,3.266107,1.749992,-1.476370
member,985,6,6,1,1.181768,0.306736,0.306736,1.946398,1.893673,0.550553,-1.946398
member,37139,9,9,1,0.755286,0.469876,0.469876,1.668771,2.234726,1.102222,-1.668771
member,35033,1,8,0,1.131020,0.322704,0.349784,1.536142,2.206506,-0.080581,1.536142
member,23730,9,9,1,0.625422,0.535036,0.535036,1.635100,2.374148,1.412568,-1.635100
member,7530,0,3,0,7.637018,0.000482,0.269693,1.863331,-4.386352,-6.326548,1.863331
member,44394,9,9,1,1.332089,0.263925,0.263925,2.001896,1.412188,0.129076,-2.001896
member,32948,7,4,0,2.087312,0.124020,0.264158,1.839488,1.431711,-0.756105,1.839488
member,30877,6,6,1,1.283894,0.276957,0.276957,1.871123,1.951620,0.271859,-1.871123
member,29930,8,8,1,1.074022,0.341632,0.341632,1.699024,2.048008,0.222829,-1.699024
member,23415,7,4,0,1.770788,0.170199,0.254827,1.774219,1.883116,-0.403619,1.774219
member,6059,7,7,1,0.707793,0.492730,0.492730,1.687918,2.290236,1.444920,-1.687918
member,23679,9,9,1,1.094710,0.334637,0.334637,1.820240,1.898410,0.624803,-1.820240
member,15940,2,3,0,2.182310,0.112781,0.187817,2.139709,0.468856,-0.510025,2.139709
member,6948,8,8,1,0.513865,0.598179,0.598179,1.039970,4.504608,0.828583,-1.039970
member,30095,5,6,0,2.627243,0.072277,0.287514,1.847887,0.797451,-1.380761,1.847887
member,41339,5,1,0,2.399686,0.090746,0.186261,2.178209,0.150591,-0.719078,2.178209
member,49598,4,1,0,3.686472,0.025060,0.427662,1.685741,-0.521508,-2.837050,1.685741
member,33183,2,6,0,1.854273,0.156567,0.217035,2.106921,0.791743,-0.326576,2.106921
member,16580,5,5,1,1.365324,0.255298,0.255298,1.922469,1.780370,0.030112,-1.922469
member,1388,4,7,0,2.598407,0.074392,0.343347,1.958104,0.257090,-1.529392,1.958104
member,21350,9,1,0,1.086796,0.337296,0.457185,1.423662,2.532767,-0.304128,1.423662
member,49750,9,3,0,3.256157,0.038536,0.215608,1.972190,-0.523451,-1.721866,1.972190
member,34431,4,7,0,2.446418,0.086603,0.208770,2.029324,0.707857,-0.879897,2.029324
member,24454,4,7,0,1.533063,0.215873,0.254124,1.879529,1.567275,-0.163132,1.879529
member,40359,0,0,1,1.332531,0.263809,0.263809,1.895577,1.501024,0.091432,-1.895577
member,18577,7,5,0,2.143096,0.117291,0.273472,2.007018,0.649853,-0.846538,2.007018
member,33451,0,9,0,3.168027,0.042087,0.328908,1.780969,-0.273163,-2.056050,1.780969
member,47852,0,0,1,1.089172,0.336495,0.336495,1.839330,1.809938,0.436828,-1.839330
member,4,1,9,0,1.588290,0.204275,0.468126,1.320510,2.660814,-0.829273,1.320510
member,29182,9,8,0,1.601747,0.201544,0.544875,1.444744,1.720419,-0.994548,1.444744
member,8230,5,6,0,1.838491,0.159057,0.328391,1.889146,1.340116,-0.724940,1.889146
member,5946,4,1,0,2.652323,0.070487,0.237192,2.128788,-0.073368,-1.213436,2.128788
member,7822,4,6,0,1.592252,0.203467,0.245578,1.895704,1.556527,-0.188112,1.895704
member,19486,9,9,1,0.917364,0.399571,0.399571,1.484647,2.344347,0.052919,-1.484647
member,15384,9,8,0,1.679352,0.186495,0.502483,1.499567,1.748509,-0.991158,1.499567
member,41099,5,3,0,2.259894,0.104362,0.194466,1.967224,0.798174,-0.622396,1.967224
member,18183,9,0,0,1.447859,0.235073,0.258728,1.870506,1.447263,-0.095881,1.870506
member,27161,7,6,0,1.962852,0.140457,0.350705,1.899268,1.172819,-0.915041,1.899268
member,11645,1,1,1,0.581455,0.559084,0.559084,1.353275,2.826368,0.822262,-1.353275
member,24390,7,6,0,2.493724,0.082602,0.267947,1.962939,0.622169,-1.176758,1.962939
member,4850,5,5,1,1.127642,0.323796,0.323796,2.044623,1.576375,0.913365,-2.044623
member,47435,9,1,0,1.164973,0.311931,0.517456,1.320441,2.523304,-0.506141,1.320441
member,42206,3,3,1,1.338491,0.262241,0.262241,2.105911,1.195628,0.299978,-2.105911
member,45340,4,7,0,2.099671,0.122497,0.184794,2.170489,0.465336,-0.411158,2.170489
member,28169,6,2,0,2.407583,0.090033,0.138620,2.276588,-0.078856,-0.431564,2.276588
member,3419,8,8,1,0.315386,0.729507,0.729507,0.781452,5.376113,1.234202,-0.781452
member,42590,3,3,1,1.162800,0.312610,0.312610,1.881387,1.936069,0.255366,-1.881387
member,38734,8,8,1,0.610467,0.543097,0.543097,1.604285,2.357845,1.433838,-1.604285
member,36719,9,9,1,0.936295,0.392078,0.392078,1.511225,2.487712,0.087398,-1.511225
member,29497,0,9,0,2.655039,0.070296,0.302678,2.040891,-0.014540,-1.459953,2.040891
member,4362,5,3,0,1.671595,0.187947,0.240396,2.094207,0.821310,-0.246128,2.094207
member,4028,9,9,1,0.603634,0.546821,0.546821,1.244686,3.313617,0.823132,-1.244686
member,3426,5,2,0,2.276999,0.102592,0.163688,2.259279,0.064050,-0.467204,2.259279
member,20268,6,6,1,0.665403,0.514066,0.514066,1.512932,3.475756,1.084337,-1.512932
member,20057,1,9,0,1.319253,0.267335,0.470596,1.242238,2.994024,-0.565498,1.242238
member,11478,2,6,0,3.313336,0.036395,0.387846,1.751085,0.425665,-2.366188,1.751085
member,47944,9,8,0,1.936521,0.144205,0.414189,1.385365,2.492904,-1.055089,1.385365
member,29392,5,1,0,2.892342,0.055446,0.420154,1.746138,0.143679,-2.025208,1.746138
member,29046,4,6,0,2.093200,0.123292,0.336198,1.902154,1.137268,-1.003146,1.902154
member,8564,6,6,1,0.547455,0.578420,0.578420,1.393075,3.896740,1.540589,-1.393075
member,39506,3,7,0,2.055950,0.127971,0.235570,1.983027,1.145778,-0.610203,1.983027
member,49804,6,6,1,1.071685,0.342431,0.342431,1.775063,2.858436,0.500202,-1.775063
member,25449,2,0,0,2.759713,0.063310,0.585599,1.434749,0.509657,-2.224593,1.434749
member,34921,6,6,1,1.080553,0.339408,0.339408,1.810411,2.255996,0.616201,-1.810411
member,30477,5,1,0,3.559605,0.028450,0.472325,1.510698,-0.408476,-2.809516,1.510698
member,13519,8,8,1,0.951839,0.386031,0.386031,1.484968,2.545130,0.128096,-1.484968
member,34007,5,6,0,1.644269,0.193154,0.323079,1.724600,2.262092,-0.514410,1.724600
member,21315,3,7,0,1.810171,0.163626,0.252581,1.766593,2.082707,-0.434147,1.766593
member,42424,1,9,0,1.251788,0.285993,0.364446,1.743897,1.810399,-0.242411,1.743897
member,48900,5,6,0,2.011675,0.133764,0.324804,1.911315,1.204554,-0.887141,1.911315
member,47632,2,6,0,2.403420,0.090408,0.425665,1.650293,1.365756,-1.549318,1.650293
member,49788,8,0,0,1.829581,0.160481,0.381860,1.736057,1.209297,-0.866878,1.736057
member,44231,1,1,1,1.004102,0.366374,0.366374,1.925052,1.869619,0.963022,-1.925052
member,10723,9,9,1,0.832049,0.435157,0.435157,1.763881,2.140153,0.913033,-1.763881
member,13154,2,7,0,2.024090,0.132114,0.327053,2.013862,0.686034,-0.906456,2.013862
member,13762,4,0,0,2.401489,0.090583,0.174614,2.204210,0.097888,-0.656311,2.204210
member,42811,4,6,0,1.674426,0.187416,0.248167,1.954796,1.214017,-0.280774,1.954796
member,30803,7,2,0,1.740951,0.175353,0.231844,2.018799,0.994192,-0.279259,2.018799
member,36260,7,9,0,4.081586,0.016881,0.671584,1.099167,-0.158038,-3.683469,1.099167
member,21436,5,0,0,2.453604,0.085983,0.206943,2.176305,-0.032278,-0.878293,2.176305
member,25970,0,0,1,0.358863,0.698470,0.698470,0.964331,3.757519,1.219153,-0.964331
member,32203,8,8,1,1.006840,0.365372,0.365372,1.664326,2.069339,0.121947,-1.664326
member,7180,3,2,0,1.932504,0.144785,0.169980,2.114181,0.700882,-0.160429,2.114181
member,41280,9,9,1,0.999572,0.368037,0.368037,1.362976,2.866305,0.096939,-1.362976
member,28086,1,6,0,1.803837,0.164666,0.243769,1.941079,1.462701,-0.392304,1.941079
member,13701,1,9,0,2.068055,0.126431,0.457489,1.808679,0.706928,-1.286053,1.808679
member,1003,2,6,0,2.993847,0.050094,0.258565,1.989379,-0.142020,-1.641238,1.989379
member,9058,0,0,1,0.870634,0.418686,0.418686,1.441560,2.841073,0.210754,-1.441560
member,44234,3,3,1,1.050586,0.349733,0.349733,1.786226,2.447537,0.504627,-1.786226
member,25674,4,4,1,1.140338,0.319711,0.319711,1.817545,2.237943,0.793526,-1.817545
member,45055,9,9,1,0.899485,0.406779,0.406779,1.731691,2.084444,0.604470,-1.731691
member,35143,4,6,0,2.014180,0.133430,0.271900,1.932207,1.401176,-0.711861,1.932207
member,38162,8,9,0,2.643592,0.071105,0.431510,1.806698,0.202628,-1.803127,1.806698
member,22476,6,6,1,0.712618,0.490359,0.490359,1.532391,3.295652,1.057871,-1.532391
member,23006,1,1,1,0.636852,0.528955,0.528955,1.645431,2.485790,1.541545,-1.645431
member,45343,7,7,1,1.043491,0.352223,0.352223,1.801379,1.873726,0.241254,-1.801379
member,36127,5,1,0,2.189005,0.112028,0.248705,2.156687,0.300248,-0.797519,2.156687
member,49709,5,0,0,3.201176,0.040714,0.221362,2.054801,-0.458189,-1.693219,2.054801
member,13098,1,7,0,2.196328,0.111211,0.200427,2.093612,0.540827,-0.589021,2.093612
member,37195,9,9,1,0.734015,0.479978,0.479978,1.340982,2.701383,0.299815,-1.340982
member,4107,7,0,0,2.746975,0.064122,0.450512,1.773755,0.136392,-1.949606,1.773755
member,41335,8,8,1,0.431953,0.649240,0.649240,1.019789,4.656078,1.251660,-1.019789
member,25222,2,1,0,2.418556,0.089050,0.353652,1.836196,0.694032,-1.379113,1.836196
member,35839,4,9,0,3.344844,0.035266,0.339805,1.866281,-0.561349,-2.265460,1.866281
member,29718,7,1,0,2.707188,0.066724,0.488671,1.674960,0.245414,-1.991122,1.674960
member,46952,6,4,0,1.908980,0.148232,0.214958,1.860823,1.848961,-0.371669,1.860823
member,29827,4,6,0,1.823739,0.161421,0.212614,2.115900,0.768806,-0.275461,2.115900
member,17542,7,5,0,2.080924,0.124815,0.206367,2.015676,0.892881,-0.502824,2.015676
member,24915,7,7,1,1.019821,0.360659,0.360659,1.819545,2.204410,0.907288,-1.819545
member,4513,7,6,0,2.248024,0.105608,0.251313,2.056709,0.514394,-0.866970,2.056709
member,19936,4,0,0,3.333266,0.035676,0.492650,1.693047,-0.439835,-2.625309,1.693047
member,46524,7,1,0,2.528561,0.079774,0.204224,2.060376,0.165456,-0.940022,2.060376
member,24510,6,1,0,2.535873,0.079193,0.315964,1.759562,0.741463,-1.383746,1.759562
member,27441,3,2,0,1.853913,0.156623,0.204414,2.054927,0.932952,-0.266304,2.054927
member,12001,9,1,0,1.393680,0.248160,0.258691,1.922262,1.746292,-0.041561,1.922262
member,23353,3,9,0,2.921219,0.053868,0.503806,1.556291,0.266474,-2.235654,1.556291
member,27292,5,6,0,1.469294,0.230088,0.296558,1.692959,2.854426,-0.253783,1.692959
member,34203,2,5,0,3.045706,0.047563,0.249575,1.955796,0.169517,-1.657709,1.955796
member,12147,3,6,0,1.463278,0.231476,0.247304,1.828592,1.993558,-0.066140,1.828592
member,15291,6,9,0,4.881167,0.007588,0.334142,1.640582,-1.672019,-3.784979,1.640582
member,46879,2,0,0,2.410492,0.089771,0.341653,1.945918,0.287276,-1.336533,1.945918
member,8690,1,9,0,2.027138,0.131712,0.415361,1.784875,0.934299,-1.148532,1.784875
member,12653,9,9,1,1.148024,0.317263,0.317263,1.860549,1.903532,0.297968,-1.860549
member,31469,2,5,0,2.403225,0.090426,0.260223,2.136389,0.131397,-1.057007,2.136389
member,2954,8,0,0,0.885978,0.412311,0.447762,1.155578,3.749671,-0.082484,1.155578
member,3003,3,5,0,1.248664,0.286888,0.293956,1.761895,2.267232,-0.024337,1.761895
member,15813,2,7,0,1.981054,0.137924,0.252756,1.954239,0.924443,-0.605722,1.954239
member,6656,1,6,0,3.305113,0.036695,0.675725,1.232363,1.002558,-2.913144,1.232363
member,12773,1,7,0,2.452896,0.086044,0.187834,2.157204,0.152580,-0.780697,2.157204
member,39530,0,0,1,1.130460,0.322885,0.322885,1.867329,1.778108,0.398097,-1.867329
member,34407,3,3,1,1.516332,0.219516,0.219516,1.843394,1.985565,0.060561,-1.843394
member,8836,5,5,1,1.460423,0.232138,0.232138,1.908644,1.620342,0.142063,-1.908644
member,14617,9,1,0,1.201267,0.300813,0.458290,1.533705,2.146570,-0.421013,1.533705
member,22835,2,9,0,2.563379,0.077044,0.340287,1.881402,0.271821,-1.485412,1.881402
member,15980,5,6,0,2.418026,0.089097,0.429798,1.658116,1.502651,-1.573587,1.658116
member,37915,5,7,0,2.333304,0.096975,0.336599,1.867116,0.709121,-1.244441,1.867116
member,1570,1,8,0,1.945648,0.142895,0.277091,1.937788,0.866521,-0.662239,1.937788
member,35907,4,6,0,2.125080,0.119423,0.193121,2.193824,0.361171,-0.480641,2.193824
member,26089,6,6,1,0.605558,0.545770,0.545770,1.500949,3.240670,1.279027,-1.500949
member,20913,8,9,0,2.315494,0.098717,0.319863,2.030085,0.262899,-1.175631,2.030085
member,9957,7,7,1,0.769359,0.463310,0.463310,1.479063,2.665944,0.554432,-1.479063
member,18275,2,1,0,2.450240,0.086273,0.397985,1.931439,0.364454,-1.528898,1.931439
member,15431,5,7,0,1.897056,0.150010,0.422896,1.605578,1.845812,-1.036427,1.605578
member,23493,2,7,0,1.498791,0.223400,0.265019,1.994439,1.187597,-0.170836,1.994439
member,15789,2,6,0,2.671761,0.069130,0.377349,1.743950,1.001722,-1.697175,1.743950
member,35779,1,8,0,1.567726,0.208519,0.210263,2.014355,1.099223,-0.008332,2.014355
member,11980,5,7,0,2.181851,0.112832,0.265110,1.977201,0.632553,-0.854240,1.977201
member,44905,2,2,1,1.515262,0.219751,0.219751,1.930354,1.467529,0.055997,-1.930354
member,35762,5,1,0,2.931234,0.053331,0.256283,1.913051,0.160522,-1.569760,1.913051
member,27092,5,4,0,2.807588,0.060350,0.230351,1.870270,0.431766,-1.339437,1.870270
member,46834,7,7,1,1.268702,0.281196,0.281196,2.041871,1.551617,0.667473,-2.041871
member,33437,9,9,1,0.286985,0.750523,0.750523,0.875912,4.075803,1.576969,-0.875912
member,47380,8,1,0,2.222620,0.108325,0.282916,2.105070,0.299394,-0.960014,2.105070
member,1590,9,9,1,0.772518,0.461848,0.461848,1.362589,3.128911,0.640785,-1.362589
member,26755,5,3,0,1.397825,0.247134,0.281864,1.925066,1.410325,-0.131495,1.925066
member,21758,0,0,1,1.146692,0.317686,0.317686,1.718930,2.026039,0.233409,-1.718930
member,3001,4,7,0,2.406889,0.090095,0.192244,2.164656,0.117871,-0.757899,2.164656
member,44111,7,6,0,2.092063,0.123432,0.146682,2.187129,0.463210,-0.172574,2.187129
member,43519,1,9,0,2.255036,0.104870,0.616264,1.282749,1.456710,-1.770955,1.282749
member,628,0,0,1,1.671385,0.187986,0.187986,2.235560,0.723219,0.462529,-2.235560
member,20736,1,1,1,0.433510,0.648230,0.648230,1.309240,3.074936,1.765503,-1.309240
member,11902,3,9,0,2.318585,0.098413,0.240592,2.069739,0.249708,-0.893933,2.069739
member,6366,1,1,1,0.544987,0.579849,0.579849,1.386515,2.848145,1.101979,-1.386515
member,17132,6,6,1,0.950557,0.386526,0.386526,1.775481,2.391150,0.936333,-1.775481
member,9478,1,9,0,1.486455,0.226173,0.613676,1.227074,2.159022,-0.998167,1.227074
member,41870,6,7,0,2.067197,0.126540,0.206130,2.187873,0.366296,-0.487949,2.187873
member,12932,8,5,0,8.158016,0.000286,0.341204,1.612751,-4.111451,-7.082743,1.612751
member,13641,8,3,0,2.415653,0.089309,0.204835,2.176557,0.031391,-0.830104,2.176557
member,19626,1,8,0,1.426407,0.240170,0.307586,1.439349,2.850031,-0.247406,1.439349
member,9951,8,9,0,1.865768,0.154777,0.312444,1.856592,1.087827,-0.702439,1.856592
member,28962,4,3,0,1.848386,0.157491,0.210842,1.821760,1.721328,-0.291740,1.821760
member,28445,6,1,0,1.552906,0.211632,0.296873,1.731502,1.649513,-0.338456,1.731502
member,19698,5,5,1,1.649530,0.192140,0.192140,2.086926,1.117930,0.061229,-2.086926
member,44223,5,1,0,3.007409,0.049420,0.575256,1.368468,1.016531,-2.454470,1.368468
member,2996,0,7,0,1.987830,0.136992,0.217999,2.048097,0.873832,-0.464566,2.048097
member,13637,2,7,0,2.386635,0.091939,0.321578,1.961526,0.535829,-1.252120,1.961526
member,22470,5,7,0,1.953969,0.141711,0.270579,1.947721,1.258590,-0.646779,1.947721
member,36086,1,1,1,1.175628,0.308625,0.308625,1.634643,2.303670,0.190336,-1.634643
member,28917,0,6,0,5.468389,0.004218,0.360634,1.930476,-2.535057,-4.448496,1.930476
member,17649,7,7,1,1.711797,0.180541,0.180541,2.219606,0.639580,0.284829,-2.219606
member,27955,8,8,1,0.425229,0.653620,0.653620,1.004929,3.979820,1.013142,-1.004929
member,2854,2,2,1,1.495854,0.224057,0.224057,1.861456,1.788882,0.060261,-1.861456
member,13389,6,9,0,1.897428,0.149954,0.282171,1.944320,1.022505,-0.632185,1.944320
member,13048,5,3,0,1.410065,0.244127,0.432975,1.627332,2.131071,-0.572990,1.627332
member,22332,6,6,1,1.584067,0.205139,0.205139,2.023971,1.569890,0.127169,-2.023971
member,30577,8,9,0,1.498499,0.223465,0.443262,1.215163,3.062203,-0.684905,1.215163
member,34734,2,6,0,1.879750,0.152628,0.235130,2.034443,1.040984,-0.432135,2.034443
member,19538,9,7,0,4.192268,0.015112,0.275724,1.900483,-1.291717,-2.903914,1.900483
member,39586,9,8,0,1.072460,0.342166,0.534882,1.041512,4.323334,-0.446752,1.041512
member,5572,1,1,1,1.422174,0.241189,0.241189,2.033473,1.611415,0.352789,-2.033473
member,47750,2,2,1,1.200057,0.301177,0.301177,1.828569,2.106105,0.351723,-1.828569
member,30963,0,0,1,0.044148,0.956812,0.956812,0.256265,5.434103,4.536093,-0.256265
member,35495,5,6,0,1.923758,0.146057,0.200226,2.011690,1.016367,-0.315450,2.011690
member,20262,0,8,0,3.194109,0.041003,0.416657,1.510141,0.218712,-2.318616,1.510141
member,44659,8,0,0,1.213868,0.297046,0.354233,1.709000,1.798080,-0.176068,1.709000
member,21745,9,9,1,0.608336,0.544256,0.544256,1.575522,2.467737,1.456724,-1.575522
member,47248,2,6,0,2.872898,0.056535,0.282986,1.914576,0.183393,-1.610540,1.914576
member,36227,5,5,1,1.126320,0.324224,0.324224,1.821455,2.109417,0.206422,-1.821455
member,28786,3,3,1,0.871005,0.418531,0.418531,1.722152,2.689515,0.873845,-1.722152
member,35619,8,0,0,1.572739,0.207476,0.452918,1.673384,1.449126,-0.780696,1.673384
member,45999,7,9,0,1.773448,0.169747,0.223323,2.034899,0.888999,-0.274314,2.034899
member,49512,6,6,1,0.381146,0.683078,0.683078,1.187827,4.453028,2.140715,-1.187827
member,44514,7,1,0,2.618043,0.072945,0.298208,1.849625,0.469197,-1.408078,1.849625
member,28683,8,9,0,2.253205,0.105062,0.640247,1.077901,1.984380,-1.807302,1.077901
member,31548,5,5,1,1.550152,0.212216,0.212216,2.106790,1.059547,0.235732,-2.106790
member,31964,6,6,1,1.371689,0.253678,0.253678,1.910306,2.258507,0.125123,-1.910306
member,9433,5,5,1,1.531881,0.216129,0.216129,1.981202,1.389629,0.027319,-1.981202
member,22373,2,7,0,2.416252,0.089256,0.448736,1.670401,0.876728,-1.614933,1.670401
member,21622,7,7,1,0.438391,0.645073,0.645073,1.298013,3.132867,1.836176,-1.298013
member,12451,1,1,1,0.393353,0.674790,0.674790,1.173260,3.167216,1.539073,-1.173260
member,11799,1,8,0,2.869000,0.056756,0.425008,1.476955,0.640856,-2.013353,1.476955
member,31388,9,1,0,3.128493,0.043784,0.360018,1.770644,-0.009958,-2.106891,1.770644
member,20768,5,7,0,2.066815,0.126588,0.312563,1.962997,0.671199,-0.903865,1.962997
member,4828,8,8,1,0.842831,0.430490,0.430490,1.368226,3.120471,0.421871,-1.368226
member,14589,7,6,0,1.718228,0.179384,0.268365,1.989285,1.235117,-0.402819,1.989285
member,1507,0,0,1,0.252304,0.777009,0.777009,0.803189,4.581080,1.765429,-0.803189
member,18612,2,6,0,2.027439,0.131672,0.201482,2.177875,0.529624,-0.425382,2.177875
member,19302,9,9,1,1.301638,0.272086,0.272086,2.005703,1.388149,0.348208,-2.005703
member,38309,6,3,0,1.851540,0.156995,0.227177,1.930050,1.212844,-0.369514,1.930050
member,1738,7,7,1,1.147116,0.317551,0.317551,1.886978,2.056059,0.653139,-1.886978
member,35875,3,1,0,1.906930,0.148536,0.304842,1.927664,1.134691,-0.718967,1.927664
member,47067,3,9,0,2.212374,0.109441,0.178282,2.221889,0.287550,-0.487984,2.221889
member,5114,7,7,1,1.702037,0.182312,0.182312,2.043284,1.144619,0.012282,-2.043284
member,24906,3,1,0,1.840700,0.158706,0.234362,1.996040,1.072685,-0.389811,1.996040
member,7635,2,1,0,5.042243,0.006459,0.597567,1.039639,-0.889136,-4.527354,1.039639
member,14398,7,5,0,1.958940,0.141008,0.201228,2.116056,0.680512,-0.355622,2.116056
member,36170,2,6,0,2.179916,0.113051,0.243598,1.936457,0.895203,-0.767679,1.936457
member,9183,3,3,1,0.847463,0.428501,0.428501,1.772438,2.425955,0.962916,-1.772438
member,36796,5,7,0,2.141202,0.117513,0.290913,1.890086,0.668919,-0.906472,1.890086
member,37622,5,5,1,0.793584,0.452221,0.452221,1.541497,3.178099,0.921911,-1.541497
member,1655,3,6,0,1.548364,0.212595,0.398219,1.744592,1.879621,-0.627611,1.744592
member,4326,1,9,0,1.695219,0.183559,0.410431,1.870439,0.988502,-0.804672,1.870439
member,27377,5,6,0,1.734664,0.176460,0.262153,1.939833,1.345406,-0.395839,1.939833
member,19044,2,7,0,1.662534,0.189658,0.350642,1.892615,1.023993,-0.614544,1.892615
member,44328,2,6,0,2.210474,0.109649,0.307629,1.966692,0.721120,-1.031612,1.966692
member,9661,4,7,0,1.838269,0.159093,0.244080,1.868657,1.746309,-0.428009,1.868657
member,15914,8,8,1,1.286664,0.276191,0.276191,1.801343,1.699406,0.044049,-1.801343
member,25466,7,1,0,2.623146,0.072574,0.302234,2.088788,-0.087402,-1.426592,2.088788
member,13610,5,6,0,2.597670,0.074447,0.496934,1.625163,1.108425,-1.898372,1.625163
member,11670,4,9,0,3.630685,0.026498,0.540993,1.521068,-0.370244,-3.016335,1.521068
member,1219,2,0,0,1.953045,0.141842,0.319807,1.937752,0.729776,-0.813009,1.937752
member,38863,9,9,1,1.235920,0.290567,0.290567,1.946214,1.395468,0.089184,-1.946214
member,12557,8,1,0,3.297475,0.036976,0.277633,2.043358,-0.581969,-2.016019,2.043358
member,39143,4,4,1,1.519044,0.218921,0.218921,2.009912,1.285046,0.215446,-2.009912
member,35508,1,1,1,0.686161,0.503505,0.503505,1.389948,2.826035,0.653663,-1.389948
member,11852,5,0,0,2.295457,0.100715,0.330640,2.014848,0.258384,-1.188733,2.014848
member,13238,0,8,0,2.620123,0.072794,0.649274,1.158479,1.307971,-2.188223,1.158479
member,29950,3,9,0,2.596878,0.074506,0.226969,2.143604,0.010623,-1.113935,2.143604
member,27984,2,7,0,1.714562,0.180043,0.254551,1.999474,1.052402,-0.346307,1.999474
member,22090,1,1,1,0.729882,0.481966,0.481966,1.671063,2.306611,0.936442,-1.671063
member,48989,2,3,0,2.101366,0.122289,0.181983,2.167626,0.401895,-0.397521,2.167626
member,40639,0,8,0,1.827508,0.160814,0.680993,1.064910,2.199768,-1.443305,1.064910
member,28911,7,2,0,2.057353,0.127792,0.168053,2.192201,0.503725,-0.273877,2.192201
member,8570,1,1,1,0.999163,0.368187,0.368187,1.579702,2.322752,0.110135,-1.579702
member,38431,0,8,0,2.971200,0.051242,0.574151,1.128058,2.136151,-2.416337,1.128058
member,40525,0,0,1,0.468106,0.626187,0.626187,0.867414,5.016666,0.663166,-0.867414
member,35549,3,1,0,1.904601,0.148882,0.393138,1.704103,1.515714,-0.971007,1.704103
member,29487,0,0,1,0.230944,0.793784,0.793784,0.560335,6.657617,1.397686,-0.560335
member,26037,7,9,0,2.955264,0.052065,0.404194,1.678431,0.116776,-2.049404,1.678431
member,19370,0,2,0,3.828484,0.021743,0.228038,1.926839,-1.015442,-2.350240,1.926839
member,44734,5,7,0,2.199066,0.110907,0.228678,2.077820,0.401959,-0.723626,2.077820
member,6915,1,1,1,0.990522,0.371383,0.371383,1.733090,2.139637,0.358329,-1.733090
member,14998,9,1,0,2.634133,0.071781,0.407727,1.868083,0.300649,-1.736974,1.868083
member,16750,7,7,1,1.423089,0.240969,0.240969,2.134450,1.153347,0.631992,-2.134450
member,29959,1,8,0,1.435884,0.237905,0.397172,1.419610,2.508552,-0.512497,1.419610
member,28856,2,7,0,2.074693,0.125595,0.207020,2.172242,0.401993,-0.499753,2.172242
member,38911,1,1,1,1.068758,0.343435,0.343435,1.601755,2.108001,0.062931,-1.601755
member,5843,0,8,0,3.218377,0.040020,0.335985,1.353550,0.857377,-2.127687,1.353550
member,15769,7,4,0,1.654398,0.191207,0.199370,1.960194,1.333152,-0.041803,1.960194
member,27098,7,7,1,0.760390,0.467484,0.467484,1.769845,2.187472,1.502127,-1.769845
member,34726,9,9,1,0.396831,0.672447,0.672447,1.011130,3.620082,1.082739,-1.011130
member,20930,6,6,1,0.681373,0.505922,0.505922,1.517197,3.753849,1.353240,-1.517197
member,12313,4,4,1,1.200980,0.300899,0.300899,1.745246,2.619800,0.353928,-1.745246
member,8293,6,6,1,0.705097,0.494061,0.494061,1.519130,3.787537,1.086092,-1.519130
member,49408,3,9,0,3.388707,0.033752,0.382044,1.664541,-0.200931,-2.426488,1.664541
member,22319,7,6,0,2.261558,0.104188,0.285665,1.957999,0.713894,-1.008622,1.957999
member,20486,1,1,1,0.456192,0.633692,0.633692,1.120787,3.652769,1.086357,-1.120787
member,22610,6,6,1,0.499234,0.606995,0.606995,1.292244,4.734914,1.643420,-1.292244
member,12465,2,0,0,2.195739,0.111276,0.294770,2.081668,0.415687,-0.974180,2.081668
member,41512,2,0,0,3.798291,0.022409,0.465292,1.441721,0.015919,-3.033200,1.441721
member,48609,3,7,0,2.075058,0.125549,0.271188,1.947943,0.709036,-0.770116,1.947943
member,17672,3,0,0,2.374929,0.093021,0.235275,2.152604,0.106038,-0.927928,2.152604
member,8565,9,9,1,0.405180,0.666857,0.666857,1.152474,3.394207,1.473342,-1.152474
member,42905,9,9,1,1.865140,0.154875,0.154875,2.245067,0.514431,0.049803,-2.245067
member,33294,5,9,0,2.383523,0.092225,0.267836,2.094208,0.231047,-1.066143,2.094208
member,12928,6,3,0,2.869009,0.056755,0.344406,1.726546,0.674509,-1.803075,1.726546
member,8383,0,9,0,2.171832,0.113969,0.451297,1.750652,0.783127,-1.376202,1.750652
member,26546,0,0,1,0.567833,0.566752,0.566752,1.361979,2.817646,0.907886,-1.361979
member,21160,8,1,0,4.710137,0.009004,0.720826,1.088363,-0.781694,-4.382780,1.088363
member,25331,1,9,0,1.841220,0.158624,0.406594,1.816091,1.240543,-0.941280,1.816091
member,416,3,0,0,2.116229,0.120485,0.291993,2.061512,0.544624,-0.885202,2.061512
member,38313,5,3,0,1.598544,0.202191,0.284270,1.897457,1.683488,-0.340711,1.897457
member,40758,1,1,1,0.824595,0.438413,0.438413,1.788306,2.205167,0.829966,-1.788306
member,1406,4,5,0,1.748505,0.174034,0.195021,1.899248,1.308866,-0.113859,1.899248
member,27988,8,1,0,3.911380,0.020013,0.810597,0.721229,0.682450,-3.701396,0.721229
member,20657,9,6,0,2.056312,0.127925,0.297400,1.992296,0.836003,-0.843635,1.992296
member,46981,0,0,1,0.188904,0.827866,0.827866,0.791276,3.766394,2.823082,-0.791276
member,29901,1,8,0,1.725139,0.178148,0.350714,1.353689,2.919735,-0.677355,1.353689
member,32869,6,3,0,2.145191,0.117046,0.246907,2.012837,0.587549,-0.746448,2.012837
member,21613,7,1,0,2.346623,0.095692,0.207229,2.186847,0.072528,-0.772690,2.186847
member,18692,9,3,0,4.886826,0.007545,0.293076,1.778114,-1.146100,-3.659501,1.778114
member,14462,9,1,0,1.826585,0.160962,0.273681,1.869497,1.299181,-0.530793,1.869497
member,13529,9,6,0,2.151593,0.116299,0.236122,1.984310,1.022192,-0.708187,1.984310
member,29804,5,5,1,1.453436,0.233766,0.233766,2.063942,1.281450,0.195649,-2.063942
member,1444,2,6,0,2.386879,0.091916,0.353092,1.955438,0.445399,-1.345851,1.955438
member,18218,0,0,1,0.890793,0.410330,0.410330,1.812033,1.966310,0.858164,-1.812033
member,45063,9,1,0,1.908494,0.148304,0.396893,1.879706,0.983222,-0.984404,1.879706
member,30646,1,1,1,0.562430,0.569823,0.569823,1.304906,3.102605,0.911674,-1.304906
member,49167,9,8,0,2.059224,0.127553,0.665022,1.057725,2.237368,-1.651289,1.057725
member,39989,3,5,0,1.581047,0.205760,0.275621,2.036487,1.244420,-0.292318,2.036487
member,44755,9,0,0,1.532932,0.215902,0.345599,1.815041,1.477046,-0.470457,1.815041
member,48345,9,9,1,0.966702,0.380335,0.380335,1.735409,2.297529,0.578513,-1.735409
member,42969,4,0,0,7.936964,0.000357,0.721584,0.711047,-2.358192,-7.610657,0.711047
member,20419,8,0,0,1.399917,0.246618,0.381481,1.477932,2.375592,-0.436222,1.477932
member,10896,0,0,1,1.209627,0.298309,0.298309,1.983531,1.521708,0.454388,-1.983531
member,45620,8,8,1,0.421649,0.655964,0.655964,1.057877,4.000505,1.217846,-1.057877
member,36349,2,9,0,2.881591,0.056046,0.338374,1.994897,-0.171034,-1.797987,1.994897
member,19312,3,7,0,2.853896,0.057619,0.196378,2.144783,-0.363771,-1.226184,2.144783
member,5582,6,6,1,0.476380,0.621028,0.621028,1.322338,4.032865,1.878377,-1.322338
member,6682,0,6,0,4.983201,0.006852,0.214034,2.065624,-2.073429,-3.441579,2.065624
member,30679,7,7,1,0.874934,0.416890,0.416890,1.732083,2.302510,0.940850,-1.732083
member,28388,4,7,0,1.543754,0.213578,0.320973,1.898222,1.274366,-0.407356,1.898222
member,6847,3,5,0,1.851483,0.157004,0.204010,2.155036,0.714290,-0.261896,2.155036
member,15981,2,6,0,2.124085,0.119542,0.215769,2.003569,0.754121,-0.590538,2.003569
member,33675,4,6,0,2.233938,0.107106,0.168830,2.085016,0.508809,-0.455078,2.085016
member,47503,4,9,0,2.431460,0.087908,0.257419,1.981193,0.588821,-1.074412,1.981193
member,7565,7,7,1,1.052399,0.349099,0.349099,1.870813,1.852652,0.746650,-1.870813
member,20728,8,0,0,0.930801,0.394238,0.403363,1.331850,3.020517,-0.022883,1.331850
member,7411,3,9,0,3.644036,0.026147,0.681819,1.000345,0.336376,-3.261045,1.000345
member,25354,2,2,1,1.411104,0.243874,0.243874,1.991933,1.459065,0.173529,-1.991933
member,47738,4,4,1,1.512070,0.220453,0.220453,1.778185,2.225291,0.030536,-1.778185
member,9758,6,6,1,0.916799,0.399797,0.399797,1.746200,2.532699,0.989632,-1.746200
member,9767,0,3,0,7.275684,0.000692,0.364295,1.579024,-3.436023,-6.265894,1.579024
member,7133,6,3,0,2.159547,0.115377,0.270700,2.057906,0.472651,-0.852803,2.057906
member,28593,2,4,0,1.715840,0.179813,0.202338,1.952368,1.272352,-0.118024,1.952368
member,41209,1,1,1,0.422018,0.655722,0.655722,1.161669,3.250364,1.231853,-1.161669
member,23111,9,9,1,0.911484,0.401927,0.401927,1.667279,2.192797,0.361518,-1.667279
member,44346,6,1,0,1.340000,0.261846,0.321298,1.755413,2.271424,-0.204612,1.755413
member,22809,3,3,1,1.016765,0.361763,0.361763,1.857157,2.301217,0.808516,-1.857157
member,20507,3,3,1,1.258753,0.284008,0.284008,1.902828,1.734528,0.165776,-1.902828
member,45705,5,0,0,3.819848,0.021931,0.427648,1.707573,-0.730799,-2.970394,1.707573
member,21761,0,8,0,3.172213,0.041911,0.539028,1.330834,0.724919,-2.554225,1.330834
member,21495,4,3,0,1.797689,0.165681,0.250314,1.915603,1.288612,-0.412650,1.915603
member,11504,9,9,1,0.898537,0.407165,0.407165,1.238022,4.229748,0.086012,-1.238022
member,32456,2,7,0,2.095459,0.123014,0.142460,2.234772,0.315017,-0.146762,2.234772
member,44209,6,9,0,1.773844,0.169679,0.432168,1.656943,1.464005,-0.934904,1.656943
member,43812,3,7,0,1.707550,0.181309,0.257971,1.852554,1.658394,-0.352641,1.852554
member,18264,4,6,0,1.739981,0.175524,0.280465,1.958539,1.197283,-0.468673,1.958539
member,41114,1,9,0,1.114485,0.328084,0.351906,1.411291,2.577610,-0.070094,1.411291
member,20034,3,3,1,1.146847,0.317637,0.317637,1.869328,2.047503,0.330934,-1.869328
member,10075,9,8,0,1.622736,0.197358,0.372116,1.449957,2.462770,-0.634185,1.449957
member,37296,1,1,1,0.767145,0.464337,0.464337,1.268357,3.046806,0.194295,-1.268357
member,14276,5,4,0,1.863903,0.155066,0.191226,1.953332,1.121485,-0.209605,1.953332
member,35780,6,1,0,3.420388,0.032700,0.543791,1.296012,0.241851,-2.811198,1.296012
member,16870,7,0,0,3.449651,0.031757,0.441544,1.574780,-0.073140,-2.632175,1.574780
member,4229,0,0,1,0.125419,0.882127,0.882127,0.387232,7.570922,2.052720,-0.387232
member,49029,9,1,0,2.164833,0.114769,0.174352,2.254024,0.226577,-0.418153,2.254024
member,167,5,7,0,2.143907,0.117196,0.222087,1.898648,1.223793,-0.639219,1.898648
member,14446,7,7,1,1.347551,0.259876,0.259876,2.084395,1.209888,0.545062,-2.084395
member,36716,6,6,1,1.256807,0.284561,0.284561,1.780221,2.157522,0.224005,-1.780221
member,36164,6,6,1,0.864603,0.421219,0.421219,1.600017,3.856678,0.978125,-1.600017
member,14473,2,0,0,2.446890,0.086562,0.535745,1.635095,0.511797,-1.822793,1.635095
member,44426,0,0,1,1.135936,0.321121,0.321121,1.720385,1.896239,0.051543,-1.720385
member,46116,0,0,1,0.458499,0.632232,0.632232,1.373542,2.733989,1.676296,-1.373542
member,30625,6,6,1,0.752231,0.471314,0.471314,1.718362,2.758909,1.533742,-1.718362
member,9960,8,9,0,1.932827,0.144739,0.507039,1.477613,1.546879,-1.253658,1.477613
member,38722,2,9,0,2.018495,0.132855,0.153075,2.230404,0.338997,-0.141666,2.230404
member,28344,1,6,0,3.289629,0.037268,0.537408,1.571673,0.423814,-2.668630,1.571673
member,16437,1,1,1,1.358880,0.256948,0.256948,1.956068,1.725443,0.292115,-1.956068
member,8853,0,9,0,2.673018,0.069044,0.261945,2.068205,-0.138481,-1.333397,2.068205
member,17363,2,6,0,2.516447,0.080746,0.425427,1.717039,1.228160,-1.661784,1.717039
member,4580,8,5,0,3.289577,0.037270,0.369379,1.883008,-0.453503,-2.293644,1.883008
member,47303,9,8,0,0.971321,0.378583,0.438149,1.331284,2.701363,-0.146125,1.331284
member,44679,1,9,0,1.621088,0.197684,0.402261,1.578764,1.485567,-0.710433,1.578764
member,15192,6,6,1,1.119406,0.326474,0.326474,1.900372,2.189428,0.662546,-1.900372
member,31447,6,6,1,1.124434,0.324836,0.324836,1.866046,2.110593,0.493573,-1.866046
member,5525,7,6,0,2.129933,0.118845,0.187207,2.137080,0.533434,-0.454395,2.137080
member,39227,6,7,0,1.796822,0.165825,0.293758,1.895842,1.435102,-0.571824,1.895842
member,3467,1,1,1,1.059157,0.346748,0.346748,1.759297,2.691545,0.438455,-1.759297
member,15073,7,6,0,1.834550,0.159685,0.229306,1.999844,1.568701,-0.361853,1.999844
member,48705,9,9,1,0.409504,0.663979,0.663979,1.240992,3.219676,1.763369,-1.240992
member,13609,9,8,0,1.509694,0.220978,0.414206,1.666185,1.596979,-0.628303,1.666185
member,18785,9,1,0,1.535348,0.215381,0.269064,2.016580,1.200089,-0.222542,2.016580
member,39757,5,6,0,2.484859,0.083337,0.462846,1.711368,0.848641,-1.714499,1.711368
member,24216,8,8,1,0.362444,0.695973,0.695973,0.956759,4.357550,1.554636,-0.956759
member,33985,1,1,1,1.218508,0.295671,0.295671,1.904856,1.537345,0.022254,-1.904856
member,11625,3,3,1,1.243799,0.288287,0.288287,1.838242,2.143761,0.194167,-1.838242
member,12136,4,3,0,3.079731,0.045972,0.205920,2.115758,-0.480788,-1.499465,2.115758
member,12628,1,0,0,3.955898,0.019141,0.859824,0.531239,1.781750,-3.804870,0.531239
member,28347,1,8,0,2.565043,0.076916,0.512346,1.177307,2.073770,-1.896287,1.177307
member,43511,9,1,0,1.983148,0.137635,0.614514,1.315606,1.746449,-1.496223,1.315606
member,5872,5,5,1,1.555648,0.211053,0.211053,2.118717,0.943332,0.155394,-2.118717
member,48243,3,6,0,2.276737,0.102619,0.617150,1.313077,2.112727,-1.794094,1.313077
member,33981,7,5,0,1.711031,0.180679,0.192069,1.951469,1.690171,-0.061128,1.951469
member,31260,3,3,1,1.193303,0.303218,0.303218,1.856364,1.618578,0.283651,-1.856364
member,12292,1,8,0,2.179217,0.113130,0.519928,1.216024,3.586833,-1.525152,1.216024
member,42286,5,3,0,1.384129,0.250542,0.283650,1.678697,2.412021,-0.124115,1.678697
member,13664,4,6,0,2.013592,0.133508,0.306082,1.968903,0.897486,-0.829688,1.968903
member,12950,9,1,0,1.462575,0.231639,0.375172,1.821935,1.492633,-0.482204,1.821935
member,31756,0,0,1,0.309661,0.733696,0.733696,0.845800,4.158987,1.316059,-0.845800
member,14513,6,6,1,0.813039,0.443508,0.443508,1.674168,2.965716,1.027563,-1.674168
member,20457,2,7,0,1.892049,0.150763,0.280915,2.061900,0.707817,-0.622344,2.061900
member,41546,0,9,0,3.053217,0.047207,0.328130,1.631341,0.107868,-1.938870,1.631341
member,850,3,1,0,1.773565,0.169727,0.227550,1.986168,1.607963,-0.293181,1.986168
member,34767,9,5,0,2.751242,0.063849,0.215151,2.128821,-0.140506,-1.214825,2.128821
member,24912,6,9,0,1.297738,0.273149,0.292306,1.806350,2.159320,-0.067783,1.806350
member,17969,0,9,0,3.141967,0.043198,0.452159,1.545151,-0.032980,-2.348246,1.545151
member,28376,9,9,1,1.267267,0.281600,0.281600,1.972198,1.407800,0.101521,-1.972198
member,9889,1,9,0,2.158630,0.115483,0.699205,1.017612,2.094348,-1.800818,1.017612
member,46455,7,7,1,1.487298,0.225983,0.225983,2.081436,1.199576,0.364674,-2.081436
member,38499,0,0,1,0.127887,0.879953,0.879953,0.486649,5.316614,2.319146,-0.486649
member,16247,5,5,1,0.908919,0.402960,0.402960,1.670921,2.626303,0.856109,-1.670921
member,8786,3,2,0,2.152866,0.116151,0.202765,2.117419,0.558389,-0.557160,2.117419
member,35429,4,3,0,2.556800,0.077552,0.310423,1.726391,0.803519,-1.386982,1.726391
member,19103,0,0,1,0.198775,0.819734,0.819734,0.812686,3.804013,2.688699,-0.812686
member,44142,3,4,0,1.810069,0.163643,0.239096,1.833507,1.601965,-0.379177,1.833507
member,14786,4,6,0,1.761790,0.171737,0.193970,2.030410,1.147861,-0.121737,2.030410
member,18216,3,4,0,2.740705,0.064525,0.358727,1.633964,1.500886,-1.715511,1.633964
member,29736,6,6,1,1.674500,0.187402,0.187402,2.079319,1.140272,0.040090,-2.079319
member,18194,5,7,0,3.103010,0.044914,0.256153,2.056443,-0.410063,-1.741028,2.056443
member,42355,7,7,1,0.611062,0.542774,0.542774,1.582810,2.550403,1.877540,-1.582810
member,20185,5,7,0,1.823006,0.161539,0.173336,2.205668,0.677857,-0.070480,2.205668
member,38610,1,7,0,1.895700,0.150213,0.188334,2.088228,0.811991,-0.226160,2.088228
member,22655,7,9,0,2.296074,0.100653,0.269490,2.151719,0.210235,-0.984849,2.151719
member,31785,2,2,1,1.680343,0.186310,0.186310,2.142790,0.873999,0.007388,-2.142790
member,36666,6,6,1,1.266176,0.281908,0.281908,1.933440,2.148103,0.312793,-1.933440
member,44904,5,1,0,3.365050,0.034560,0.258124,2.007546,-0.758065,-2.010734,2.007546
member,6079,3,7,0,1.957846,0.141162,0.300394,1.976923,1.010092,-0.755186,1.976923
member,15555,3,6,0,2.426961,0.088305,0.294664,1.965374,0.541550,-1.205043,1.965374
member,48061,9,8,0,1.179029,0.307577,0.409339,1.299849,3.322961,-0.285817,1.299849
member,24407,9,9,1,0.881236,0.414270,0.414270,1.764069,2.018947,0.592267,-1.764069
member,44888,8,0,0,1.153301,0.315593,0.500572,1.189604,3.778280,-0.461296,1.189604
member,6424,5,9,0,5.808066,0.003003,0.426901,1.229617,-1.508897,-4.956862,1.229617
member,46202,2,6,0,2.164822,0.114770,0.127416,2.263041,0.205560,-0.104523,2.263041
member,42284,7,7,1,1.618523,0.198191,0.198191,1.918161,1.656203,0.016069,-1.918161
member,45698,5,5,1,0.973869,0.377619,0.377619,1.915393,1.929200,0.937083,-1.915393
member,41460,0,8,0,2.214995,0.109154,0.380416,1.791970,0.697772,-1.248504,1.791970
member,28417,1,1,1,1.864997,0.154897,0.154897,2.134043,0.814621,0.015772,-2.134043
member,18150,5,6,0,2.433517,0.087728,0.461159,1.558017,2.498972,-1.659505,1.558017
member,30623,9,9,1,1.275794,0.279209,0.279209,1.926223,1.732402,0.205410,-1.926223
member,3150,7,9,0,2.315434,0.098723,0.349156,2.018943,0.323248,-1.263197,2.018943
member,18184,2,9,0,4.794055,0.008279,0.568931,1.200884,-0.851646,-4.230060,1.200884
member,26730,2,6,0,2.460619,0.085382,0.241546,2.043905,0.355527,-1.039925,2.043905
member,12514,5,0,0,2.077949,0.125187,0.275202,2.136925,0.464787,-0.787701,2.136925
member,36055,0,0,1,1.638800,0.194213,0.194213,2.148708,0.873221,0.142170,-2.148708
member,40832,2,7,0,2.099742,0.122488,0.163990,2.152486,0.457395,-0.291792,2.152486
member,34373,2,6,0,2.035052,0.130674,0.409329,1.788354,1.393570,-1.141817,1.788354
member,45452,6,6,1,1.236423,0.290421,0.290421,1.872290,1.993410,0.417218,-1.872290
member,34307,2,4,0,2.530611,0.079610,0.279172,1.793135,1.114471,-1.254683,1.793135
member,46161,7,6,0,2.133967,0.118367,0.282309,2.014867,0.865337,-0.869213,2.014867
member,37975,9,9,1,1.122722,0.325393,0.325393,1.811964,1.858393,0.308634,-1.811964
member,21232,0,9,0,4.322305,0.013269,0.296149,1.933940,-1.529850,-3.105413,1.933940
member,20326,3,6,0,2.275984,0.102696,0.271359,1.886768,1.016131,-0.971672,1.886768
member,27004,0,9,0,1.663550,0.189465,0.313143,1.881338,1.221618,-0.502455,1.881338
member,45593,9,9,1,0.523890,0.592212,0.592212,1.374175,2.825409,1.166119,-1.374175
member,25847,2,4,0,1.785714,0.167677,0.230687,1.931118,1.270212,-0.319019,1.931118
member,7439,3,7,0,2.799942,0.060814,0.251730,2.060986,-0.090839,-1.420545,2.060986
member,37340,4,7,0,1.546313,0.213032,0.257319,1.823423,2.017697,-0.188873,1.823423
member,10026,6,9,0,5.393706,0.004545,0.379711,1.707131,-2.288702,-4.425362,1.707131
member,20965,3,9,0,2.126292,0.119279,0.362541,1.679298,0.958830,-1.111676,1.679298
member,7284,1,9,0,1.393666,0.248164,0.280696,1.893225,1.697984,-0.123184,1.893225
member,30274,7,7,1,0.564080,0.568883,0.568883,1.520127,2.771328,1.808493,-1.520127
member,49967,8,3,0,5.009446,0.006675,0.224440,1.973884,-1.977769,-3.515297,1.973884
member,31158,1,8,0,1.917694,0.146945,0.205086,2.147659,0.772234,-0.333369,2.147659
member,15617,8,9,0,2.422496,0.088700,0.432582,1.716848,0.549799,-1.584513,1.716848
member,9618,4,0,0,9.140799,0.000107,0.903278,0.380309,-2.650446,-9.039074,0.380309
member,28872,2,7,0,2.042441,0.129712,0.162997,2.221117,0.345690,-0.228415,2.221117
member,37267,7,7,1,1.034194,0.355513,0.355513,1.897581,1.818107,0.974549,-1.897581
member,18810,1,1,1,0.792208,0.452844,0.452844,1.235102,3.647484,0.364918,-1.235102
member,32953,6,7,0,2.429838,0.088051,0.277521,1.929129,0.561466,-1.147978,1.929129
member,29893,0,0,1,0.360718,0.697176,0.697176,1.194869,3.118376,2.053652,-1.194869
member,32504,3,6,0,1.712807,0.180359,0.220139,1.997952,1.289691,-0.199311,1.997952
member,27731,1,9,0,1.535833,0.215276,0.604571,1.115348,2.615753,-1.032597,1.115348
member,31313,8,3,0,3.902109,0.020199,0.200575,2.091359,-1.349159,-2.295542,2.091359
member,31844,3,6,0,1.800294,0.165250,0.173484,2.078847,1.035104,-0.048624,2.078847
member,4273,0,7,0,2.922322,0.053809,0.288149,1.887724,0.052601,-1.678044,1.887724
member,47403,4,6,0,2.478813,0.083843,0.265806,1.900197,1.141732,-1.153823,1.900197
member,23361,1,0,0,2.385373,0.092055,0.594600,1.176500,1.989370,-1.865507,1.176500
member,2322,0,0,1,1.430794,0.239119,0.239119,2.107821,1.095541,0.441176,-2.107821
member,14972,3,3,1,1.632359,0.195468,0.195468,2.194737,0.805204,0.197668,-2.194737
member,16451,6,3,0,2.012210,0.133693,0.241500,1.956256,0.971378,-0.591326,1.956256
member,14545,9,0,0,1.793032,0.166455,0.397421,1.608679,1.529213,-0.870273,1.608679
member,19313,1,6,0,1.844939,0.158035,0.320423,1.917873,1.422804,-0.706826,1.917873
member,23670,2,7,0,1.742189,0.175137,0.249139,2.083841,0.860398,-0.352443,2.083841
member,37049,0,0,1,0.806670,0.446342,0.446342,1.721035,2.109331,0.781557,-1.721035
member,45912,8,0,0,1.452269,0.234039,0.385843,1.800483,1.402511,-0.499943,1.800483
member,26319,6,6,1,0.888863,0.411123,0.411123,1.828429,2.272804,1.245926,-1.828429
member,33921,7,1,0,4.381857,0.012502,0.491259,1.540943,-0.669174,-3.671072,1.540943
member,6322,8,0,0,1.561033,0.209919,0.449617,1.709401,1.377950,-0.761673,1.709401
member,465,8,9,0,3.345428,0.035245,0.438958,1.730465,-0.352725,-2.522077,1.730465
member,3253,2,6,0,3.015049,0.049043,0.465154,1.702149,0.541271,-2.249662,1.702149
member,10986,8,7,0,4.592857,0.010124,0.276244,1.868387,-1.638577,-3.306386,1.868387
member,14750,5,3,0,1.698914,0.182882,0.203927,1.994120,1.143088,-0.108923,1.994120
member,14784,9,9,1,1.116949,0.327277,0.327277,2.046299,1.475965,0.749493,-2.046299
member,564,0,8,0,1.386338,0.249989,0.284319,1.763838,1.706051,-0.128680,1.763838
member,43126,3,7,0,1.592190,0.203480,0.209209,2.011782,1.158514,-0.027766,2.011782
member,12724,2,2,1,1.912087,0.147772,0.147772,2.272761,0.449955,0.201985,-2.272761
member,33807,4,4,1,1.577985,0.206391,0.206391,1.903461,1.779967,0.109394,-1.903461
member,7298,2,6,0,2.088091,0.123924,0.291159,2.021246,0.677246,-0.854206,2.021246
member,25388,1,9,0,1.521516,0.218381,0.314735,1.741428,1.596238,-0.365492,1.741428
member,19685,6,6,1,0.599643,0.549008,0.549008,1.336239,4.278676,0.928184,-1.336239
member,34488,2,9,0,3.887932,0.020488,0.468370,1.526655,-0.539977,-3.129436,1.526655
member,37827,4,8,0,3.218165,0.040028,0.186865,2.159080,-0.677547,-1.540794,2.159080
member,3593,6,6,1,1.229661,0.292392,0.292392,1.943321,1.724441,0.406834,-1.943321
member,12400,8,8,1,0.399846,0.670423,0.670423,0.970178,4.741790,1.351401,-0.970178
member,29939,4,6,0,1.729609,0.177354,0.296631,1.922793,1.254218,-0.514343,1.922793
member,24854,6,7,0,1.923247,0.146132,0.188955,2.165956,0.558604,-0.256999,2.165956
member,21775,9,9,1,0.984372,0.373674,0.373674,1.914305,1.693907,0.725316,-1.914305
member,38918,7,7,1,2.029384,0.131416,0.131416,2.264887,0.331367,0.001158,-2.264887
member,7525,2,3,0,2.935971,0.053079,0.257179,1.892347,0.410907,-1.577987,1.892347
member,8901,7,7,1,1.429763,0.239366,0.239366,1.917955,1.842012,0.345247,-1.917955
member,24778,4,6,0,1.900797,0.149449,0.346156,1.933113,0.989260,-0.839931,1.933113
member,40303,9,6,0,4.227926,0.014583,0.280195,1.877643,-0.621079,-2.955658,1.877643
member,39665,3,6,0,2.566649,0.076792,0.199039,2.076226,0.230108,-0.952393,2.076226
member,31512,1,9,0,1.296322,0.273536,0.393672,1.583073,2.065330,-0.364084,1.583073
member,26722,0,0,1,0.216939,0.804979,0.804979,0.632477,5.057735,1.604191,-0.632477
member,11904,6,6,1,1.253454,0.285517,0.285517,1.850508,2.138662,0.357659,-1.850508
member,32149,0,0,1,1.339732,0.261916,0.261916,1.674093,2.059889,0.124335,-1.674093
member,48831,2,3,0,2.692680,0.067699,0.259273,1.940705,0.727800,-1.342806,1.940705
member,21257,8,0,0,1.389165,0.249283,0.684449,0.896190,3.077912,-1.010024,0.896190
member,43772,8,0,0,1.731724,0.176979,0.316995,2.012806,0.865140,-0.582853,2.012806
member,42846,5,7,0,2.572881,0.076315,0.267036,1.918224,0.768050,-1.252510,1.918224
member,32748,8,8,1,0.739941,0.477142,0.477142,1.444077,2.958529,1.013792,-1.444077
member,34535,9,9,1,1.425389,0.240415,0.240415,2.063715,1.332579,0.359653,-2.063715
member,31920,9,9,1,0.778149,0.459255,0.459255,1.492673,2.685842,0.659666,-1.492673
member,34536,3,5,0,1.566428,0.208790,0.220651,2.049337,1.351782,-0.055256,2.049337
member,9073,3,3,1,1.303933,0.271462,0.271462,1.774030,1.988384,0.130170,-1.774030
member,2338,9,9,1,0.545000,0.579842,0.579842,1.254835,3.031697,0.787745,-1.254835
member,17026,0,0,1,1.667312,0.188754,0.188754,2.244232,0.715231,0.516953,-2.244232
member,20214,1,9,0,1.126205,0.324261,0.410743,1.591719,1.989305,-0.236419,1.591719
member,10992,1,1,1,1.285663,0.276467,0.276467,1.962526,1.485484,0.420796,-1.962526
member,16339,3,3,1,0.740566,0.476844,0.476844,1.573589,2.632531,0.819502,-1.573589
member,49126,7,7,1,1.662268,0.189708,0.189708,2.157261,0.868753,0.218890,-2.157261
member,42627,9,9,1,1.061825,0.345824,0.345824,1.980790,1.785972,0.836527,-1.980790
member,43376,9,9,1,1.010788,0.363932,0.363932,1.496709,2.408857,0.038219,-1.496709
member,7270,5,0,0,2.960375,0.051799,0.288031,2.099300,-0.429874,-1.715688,2.099300
member,26457,8,8,1,1.430441,0.239203,0.239203,1.936950,1.327927,0.023427,-1.936950
member,16281,8,1,0,2.814255,0.059949,0.646631,1.074496,1.372587,-2.378276,1.074496
member,8726,2,7,0,2.237025,0.106776,0.440445,1.652795,0.823249,-1.417056,1.652795
member,24192,3,6,0,2.245888,0.105834,0.495490,1.561851,1.697336,-1.543679,1.561851
member,29727,7,0,0,1.822969,0.161545,0.177271,2.121881,0.853856,-0.092892,2.121881
member,1566,2,1,0,3.248301,0.038840,0.394960,1.719405,-0.004202,-2.319330,1.719405
member,43976,1,6,0,2.009341,0.134077,0.484664,1.667217,1.507398,-1.285041,1.667217
member,11753,5,3,0,2.805225,0.060493,0.278821,1.960897,0.279009,-1.528040,1.960897
member,37022,0,0,1,1.030701,0.356757,0.356757,1.627994,2.316029,0.273467,-1.627994
member,34920,6,6,1,0.545128,0.579767,0.579767,1.450442,3.502333,1.471048,-1.450442
member,13365,6,6,1,0.835339,0.433727,0.433727,1.620136,3.510179,1.081934,-1.620136
member,37398,8,9,0,2.340986,0.096233,0.242174,2.077809,0.220902,-0.922888,2.077809
member,36168,4,9,0,3.072047,0.046326,0.302684,2.008909,-0.414802,-1.876982,2.008909
member,12425,3,9,0,3.254123,0.038615,0.378872,1.818075,-0.279799,-2.283566,1.818075
member,644,1,8,0,1.851340,0.157027,0.441925,1.403837,1.683028,-1.034725,1.403837
member,1039,0,8,0,1.336965,0.262642,0.539145,1.265950,2.622824,-0.719194,1.265950
member,28076,4,1,0,2.581595,0.075653,0.251951,2.027275,0.250183,-1.203074,2.027275
member,11214,7,7,1,0.707806,0.492724,0.492724,1.561296,2.957439,1.124506,-1.561296
member,332,0,1,0,3.840561,0.021482,0.370954,1.785566,-0.921874,-2.848883,1.785566
member,6483,5,5,1,0.721956,0.485801,0.485801,1.487747,3.261214,1.010382,-1.487747
member,45638,6,3,0,2.216999,0.108936,0.224522,1.874020,1.019969,-0.723217,1.874020
member,32732,3,3,1,1.556679,0.210835,0.210835,2.150537,0.924215,0.346089,-2.150537
member,8178,2,9,0,2.559738,0.077325,0.250103,1.932178,0.273368,-1.173857,1.932178
member,16758,3,3,1,1.427028,0.240021,0.240021,2.014889,1.634287,0.182438,-2.014889
member,47721,3,0,0,2.815959,0.059847,0.222408,2.127391,-0.290154,-1.312717,2.127391
member,33287,8,8,1,0.788642,0.454462,0.454462,1.410685,3.083975,0.627578,-1.410685
member,45682,7,9,0,1.943954,0.143137,0.237695,1.986631,0.751472,-0.507185,1.986631
member,47933,3,7,0,2.014157,0.133433,0.217357,2.205554,0.316239,-0.487941,2.205554
member,35572,8,8,1,0.528409,0.589542,0.589542,0.902410,5.063576,0.512976,-0.902410
member,28809,4,7,0,1.989605,0.136749,0.206795,2.054661,0.994328,-0.413580,2.054661
member,20361,5,0,0,3.310928,0.036482,0.339742,1.927534,-0.562504,-2.231360,1.927534
member,4449,3,9,0,2.636900,0.071583,0.209137,1.999267,0.160381,-1.072136,1.999267
member,47534,4,3,0,2.269268,0.103388,0.212295,2.130253,0.358314,-0.719487,2.130253
member,18203,0,0,1,0.609617,0.543559,0.543559,0.994989,4.053780,0.350543,-0.994989
member,18726,8,1,0,1.424569,0.240612,0.445440,1.531022,2.147843,-0.615875,1.531022
member,28131,3,7,0,1.925045,0.145869,0.193899,2.109641,0.594110,-0.284628,2.109641
member,12915,0,7,0,4.973232,0.006921,0.334146,1.850071,-1.616401,-3.877056,1.850071
member,46303,0,0,1,0.107717,0.897882,0.897882,0.437160,5.386572,2.514986,-0.437160
member,39061,4,6,0,1.791099,0.166777,0.288595,1.956824,1.175760,-0.548368,1.956824
member,15509,0,7,0,2.814423,0.059939,0.139558,2.252966,-0.421026,-0.845151,2.252966
member,16421,3,3,1,1.179790,0.307343,0.307343,1.929070,1.896493,0.537974,-1.929070
member,2574,0,8,0,1.949374,0.142363,0.745256,0.855577,2.941471,-1.655347,0.855577
member,38350,4,4,1,1.297555,0.273199,0.273199,1.852460,2.013607,0.297933,-1.852460
member,34002,0,0,1,0.431251,0.649696,0.649696,0.988097,4.154865,0.953264,-0.988097
member,10600,6,6,1,0.972117,0.378282,0.378282,1.832405,2.250681,1.023196,-1.832405
member,6936,3,9,0,2.475762,0.084099,0.353778,1.758789,0.657749,-1.436677,1.758789
member,34096,8,9,0,1.513771,0.220079,0.550608,1.124581,3.080304,-0.917039,1.124581
member,38822,1,9,0,1.020255,0.360503,0.454487,1.397183,2.489248,-0.231668,1.397183
member,30888,0,8,0,3.089138,0.045541,0.657378,0.977018,1.999023,-2.669642,0.977018
member,1498,7,7,1,0.869673,0.419089,0.419089,1.857915,2.080188,1.286829,-1.857915
member,29445,4,7,0,2.020434,0.132598,0.206064,2.105523,0.599285,-0.440866,2.105523
member,29517,2,6,0,1.817580,0.162418,0.221612,1.957927,1.465655,-0.310754,1.957927
member,32131,0,0,1,0.095782,0.908663,0.908663,0.400915,5.395936,2.623920,-0.400915
member,31914,7,6,0,1.827603,0.160798,0.276786,1.943743,1.203044,-0.543091,1.943743
member,20537,0,0,1,0.422994,0.655082,0.655082,1.183643,3.279471,1.395702,-1.183643
member,31679,4,9,0,2.760531,0.063258,0.262253,2.028138,-0.097487,-1.422086,2.028138
member,28406,9,9,1,0.471901,0.623815,0.623815,1.100086,3.606884,0.935759,-1.100086
member,49270,7,7,1,1.201576,0.300720,0.300720,2.037671,1.472807,0.650665,-2.037671
member,47068,0,0,1,0.586507,0.556267,0.556267,1.532054,2.471200,1.258768,-1.532054
member,28691,5,6,0,1.948594,0.142474,0.232206,1.946267,1.201375,-0.488465,1.946267
member,48329,9,6,0,2.352294,0.095151,0.320791,1.879554,0.814730,-1.215328,1.879554
member,41820,4,6,0,1.805408,0.164407,0.250882,1.935250,1.238339,-0.422634,1.935250
member,13534,1,9,0,1.368223,0.254559,0.372318,1.498581,2.079865,-0.380217,1.498581
member,35458,6,1,0,1.701181,0.182468,0.266730,1.929495,1.409454,-0.379661,1.929495
member,4859,0,1,0,9.189981,0.000102,0.414799,1.543058,-5.143638,-8.310019,1.543058
member,30931,5,6,0,2.397625,0.090934,0.326862,1.951528,0.539128,-1.279406,1.951528
member,14074,1,6,0,1.701833,0.182349,0.186220,2.040748,1.094446,-0.021004,2.040748
member,39011,8,9,0,1.496264,0.223965,0.399830,1.435474,2.104416,-0.579550,1.435474
member,15444,3,7,0,2.298378,0.100422,0.449147,1.743797,1.056206,-1.497973,1.743797
member,42644,0,0,1,0.172384,0.841656,0.841656,0.729042,3.956936,2.809284,-0.729042
member,42824,9,9,1,1.704685,0.181830,0.181830,2.088262,1.136634,0.082778,-2.088262
member,484,4,6,0,2.004492,0.134729,0.204759,2.141078,0.628861,-0.418569,2.141078
member,40139,8,1,0,2.038721,0.130195,0.459056,1.658012,1.096118,-1.260137,1.658012
member,35248,0,0,1,0.505216,0.603375,0.603375,0.825115,5.644268,0.512412,-0.825115
member,47552,6,6,1,1.600495,0.201797,0.201797,2.143041,0.984346,0.398435,-2.143041
member,35751,5,7,0,1.755265,0.172861,0.306394,1.890838,1.093523,-0.572380,1.890838
member,31134,3,3,1,0.946908,0.387939,0.387939,1.791199,2.329089,0.610332,-1.791199
member,19232,0,0,1,0.262945,0.768784,0.768784,0.900125,3.909745,1.992499,-0.900125
member,14475,9,7,0,2.139145,0.117756,0.552942,1.548146,1.102468,-1.546643,1.548146
member,29800,7,7,1,1.614685,0.198953,0.198953,2.085078,1.119277,0.182778,-2.085078
member,31801,5,0,0,4.897036,0.007469,0.595223,1.234754,-0.990864,-4.378216,1.234754
member,24675,7,1,0,1.821901,0.161718,0.209368,2.029077,1.251609,-0.258241,2.029077
member,5236,1,9,0,1.955982,0.141426,0.484008,1.578577,1.460979,-1.230329,1.578577
member,28201,7,5,0,1.592312,0.203455,0.258933,1.837585,1.930318,-0.241125,1.837585
member,8042,8,9,0,1.083905,0.338272,0.390743,1.398937,2.564128,-0.144201,1.398937
member,3767,5,3,0,1.997919,0.135617,0.146362,2.256614,0.334232,-0.076244,2.256614
member,31209,1,9,0,1.623587,0.197190,0.540831,1.265352,2.775200,-1.008940,1.265352
member,22329,0,9,0,2.310259,0.099236,0.283386,2.122940,0.291664,-1.049314,2.122940
member,37277,2,6,0,2.883924,0.055915,0.360806,1.828866,0.430806,-1.864509,1.828866
member,29832,5,8,0,3.554201,0.028604,0.377901,1.678240,-0.412320,-2.581078,1.678240
member,7524,6,0,0,4.288332,0.013728,0.274652,1.987348,-1.557490,-2.996080,1.987348
member,6807,5,3,0,1.481663,0.227260,0.305422,1.709032,1.726747,-0.295601,1.709032
member,11098,6,2,0,2.502830,0.081853,0.128110,2.283339,-0.139420,-0.447964,2.283339
member,4729,7,7,1,1.119910,0.326309,0.326309,1.840402,2.261549,0.856041,-1.840402
member,6769,1,8,0,1.454465,0.233525,0.397843,1.692720,1.587709,-0.532767,1.692720
member,23257,6,6,1,0.907179,0.403661,0.403661,1.781081,2.388775,1.115637,-1.781081
member,9553,2,6,0,2.185742,0.112394,0.254318,2.018007,0.683510,-0.816570,2.018007
member,11910,1,9,0,0.835833,0.433513,0.447670,1.164657,3.221506,-0.032133,1.164657
member,25133,8,8,1,0.145926,0.864222,0.864222,0.562944,5.547904,2.790174,-0.562944
member,19366,6,6,1,0.777566,0.459523,0.459523,1.733611,2.438379,1.288578,-1.733611
member,16002,0,3,0,5.582012,0.003765,0.200781,2.015684,-2.390065,-3.976473,2.015684
member,1644,4,6,0,1.506682,0.221644,0.236134,1.917165,1.557857,-0.063326,1.917165
member,45780,1,9,0,1.160439,0.313349,0.470205,1.459416,2.216910,-0.405851,1.459416
member,20134,9,0,0,2.641073,0.071285,0.509215,1.695305,0.219647,-1.966188,1.695305
member,28821,1,6,0,2.880030,0.056133,0.372174,1.850060,0.469268,-1.891636,1.850060
member,27636,1,9,0,2.232771,0.107231,0.249332,2.084030,0.410513,-0.843799,2.084030
member,40657,5,3,0,1.511162,0.220653,0.285389,1.875216,1.417473,-0.257260,1.875216
member,3279,7,7,1,0.772314,0.461943,0.461943,1.728531,2.367761,1.467621,-1.728531
member,43953,3,3,1,1.201092,0.300866,0.300866,1.843743,1.679954,0.092672,-1.843743
member,39537,6,4,0,2.507967,0.081434,0.257265,1.851795,0.726249,-1.150318,1.851795
member,44980,3,6,0,2.455192,0.085847,0.632593,1.332621,1.586077,-1.997264,1.332621
member,22665,0,8,0,2.056756,0.127868,0.187830,2.145154,0.417938,-0.384540,2.145154
member,8248,8,8,1,0.290204,0.748111,0.748111,0.860912,4.264493,1.667659,-0.860912
member,16166,5,5,1,1.827110,0.160878,0.160878,2.191713,0.737401,0.121023,-2.191713
member,31708,5,6,0,3.142258,0.043185,0.285066,1.663397,0.707058,-1.887224,1.663397
member,37417,3,9,0,2.384589,0.092127,0.225139,2.040184,0.398120,-0.893551,2.040184
member,38542,1,3,0,1.558353,0.210482,0.250211,1.884538,1.532535,-0.172903,1.884538
member,38705,2,0,0,2.960945,0.051770,0.503911,1.640169,0.021151,-2.275589,1.640169
member,40564,9,9,1,1.056740,0.347587,0.347587,1.658260,2.211046,0.508697,-1.658260
member,26084,6,6,1,1.341533,0.261445,0.261445,1.971664,1.702735,0.462728,-1.971664
member,17004,8,9,0,1.996158,0.135856,0.327946,1.895244,0.796077,-0.881253,1.895244
member,42436,6,6,1,1.549027,0.212454,0.212454,2.098326,1.086932,0.086719,-2.098326
member,6705,9,9,1,0.734842,0.479581,0.479581,1.247251,3.357732,0.417930,-1.247251
member,10172,8,8,1,0.644160,0.525103,0.525103,1.513225,2.583411,0.902359,-1.513225
member,22085,6,9,0,3.077219,0.046087,0.250564,2.080858,-0.485442,-1.693177,2.080858
member,48743,9,9,1,1.013725,0.362865,0.362865,1.464348,2.969585,0.275940,-1.464348
member,5152,5,0,0,2.852210,0.057717,0.294995,1.975152,-0.151817,-1.631412,1.975152
member,13059,2,9,0,2.427256,0.088279,0.238467,2.131984,0.151139,-0.993730,2.131984
member,17721,5,3,0,1.252779,0.285710,0.365629,1.656576,2.415840,-0.246643,1.656576
member,42213,9,9,1,0.790151,0.453776,0.453776,1.258709,3.585533,0.263828,-1.258709
member,24801,3,4,0,1.998880,0.135487,0.172864,2.085498,0.747856,-0.243629,2.085498
member,20155,1,5,0,1.390033,0.249067,0.303512,1.742561,2.104263,-0.197698,1.742561
member,5146,1,9,0,1.849874,0.157257,0.302218,1.742620,1.251977,-0.653268,1.742620
member,32729,9,1,0,1.928489,0.145368,0.262186,2.043441,0.761138,-0.589789,2.043441
member,49252,4,6,0,2.120642,0.119955,0.373243,1.856689,1.055587,-1.135115,1.856689
member,49476,7,1,0,2.259705,0.104381,0.185510,2.213695,0.267175,-0.575059,2.213695
member,39442,8,8,1,0.583573,0.557901,0.557901,1.240175,3.416903,0.835784,-1.240175
member,43120,5,3,0,1.411472,0.243784,0.310206,1.916492,1.530418,-0.240953,1.916492
member,18576,5,0,0,3.138687,0.043340,0.497974,1.676336,-0.243590,-2.441479,1.676336
member,41584,7,6,0,1.666525,0.188902,0.339763,1.801173,1.735950,-0.587018,1.801173
member,35108,7,9,0,2.274106,0.102889,0.286099,2.116654,0.271346,-1.022687,2.116654
member,36717,9,8,0,1.274519,0.279565,0.553242,1.099402,3.393383,-0.682559,1.099402
member,20616,1,3,0,2.131476,0.118662,0.187986,2.146245,0.419324,-0.460090,2.146245
member,17768,3,3,1,1.450026,0.234564,0.234564,1.968255,1.681835,0.223726,-1.968255
member,16397,0,0,1,0.162801,0.849760,0.849760,0.469176,6.906613,1.798738,-0.469176
member,1232,9,6,0,2.242865,0.106154,0.314402,1.926813,0.758520,-1.085781,1.926813
member,40279,1,9,0,1.311148,0.269511,0.343565,1.465759,2.225041,-0.242768,1.465759
member,11069,8,8,1,0.599297,0.549197,0.549197,0.949766,6.957487,0.388489,-0.949766
member,32393,5,7,0,2.474163,0.084233,0.274680,1.839339,0.708503,-1.182014,1.839339
member,9430,0,0,1,1.082329,0.338805,0.338805,1.992729,1.582970,0.889844,-1.992729
member,17863,3,7,0,1.621197,0.197662,0.241786,2.017459,1.011814,-0.201493,2.017459
member,34417,0,0,1,0.129976,0.878117,0.878117,0.538889,4.644205,2.490077,-0.538889
member,44844,4,6,0,2.670291,0.069232,0.446747,1.686336,1.350973,-1.864528,1.686336
member,27616,9,1,0,1.718892,0.179265,0.286640,1.947171,1.207543,-0.469365,1.947171
member,13034,9,3,0,2.619531,0.072837,0.165728,2.149673,0.078934,-0.822126,2.149673
member,1603,3,7,0,1.937411,0.144077,0.249046,1.747950,2.326196,-0.547295,1.747950
member,25036,9,4,0,4.763678,0.008534,0.201100,1.880684,-1.124991,-3.159724,1.880684
member,43368,0,0,1,0.052402,0.948947,0.948947,0.225913,7.091948,3.030620,-0.225913
member,8537,7,4,0,2.183017,0.112701,0.177474,2.133869,0.499973,-0.454087,2.133869
member,28601,9,1,0,1.245675,0.287747,0.457526,1.535515,2.117422,-0.463754,1.535515
member,30644,6,6,1,1.364927,0.255399,0.255399,1.892942,1.791115,0.248178,-1.892942
member,37321,2,6,0,2.419879,0.088932,0.263765,1.837991,1.475165,-1.087181,1.837991
member,17284,1,0,0,2.738586,0.064662,0.545262,1.579224,0.322410,-2.132097,1.579224
member,8375,4,6,0,2.032003,0.131073,0.452347,1.735409,1.198965,-1.238697,1.735409
member,32582,2,2,1,1.618640,0.198168,0.198168,2.086162,1.008377,0.134481,-2.086162
member,49232,1,6,0,1.518280,0.219088,0.481698,1.589475,2.042474,-0.787842,1.589475
member,15350,9,1,0,1.115625,0.327710,0.333124,1.314303,3.035986,-0.016384,1.314303
member,42885,9,1,0,1.328334,0.264918,0.372990,1.759737,1.839825,-0.342129,1.759737
member,33626,8,8,1,1.030468,0.356840,0.356840,1.554350,2.333113,0.008132,-1.554350
member,1536,6,7,0,1.591183,0.203685,0.284428,1.865298,1.797072,-0.333906,1.865298
member,42911,9,9,1,1.064053,0.345055,0.345055,1.928258,1.672091,0.563642,-1.928258
member,21190,5,7,0,2.834981,0.058720,0.240639,2.032652,-0.040949,-1.410522,2.032652
member,1181,8,8,1,0.227366,0.796629,0.796629,0.661826,8.410637,1.699917,-0.661826
member,6583,2,4,0,1.983877,0.137535,0.209399,1.853894,1.583193,-0.420364,1.853894
member,11499,4,6,0,3.080297,0.045946,0.404072,1.682743,0.282503,-2.174136,1.682743
member,30780,9,9,1,0.846331,0.428986,0.428986,1.334226,3.546757,0.459800,-1.334226
member,10126,3,5,0,0.946454,0.388115,0.418906,1.341427,3.414703,-0.076345,1.341427
member,13022,7,8,0,3.192844,0.041055,0.250790,2.046467,-0.574610,-1.809705,2.046467
member,34212,8,8,1,0.216939,0.804979,0.804979,0.720370,4.924744,2.042633,-0.720370
member,48907,3,7,0,2.215036,0.109150,0.355827,1.676242,2.248495,-1.181724,1.676242
member,21228,6,6,1,1.363615,0.255735,0.255735,2.002858,1.478804,0.433550,-2.002858
member,4455,2,8,0,3.418292,0.032768,0.475215,1.473359,-0.064504,-2.674304,1.473359
member,8440,2,7,0,2.502761,0.081859,0.241754,1.844683,1.100912,-1.082928,1.844683
member,5712,2,6,0,2.623727,0.072532,0.247842,1.984839,0.231918,-1.228764,1.984839
member,27662,3,3,1,1.493325,0.224625,0.224625,2.153593,1.240154,0.421677,-2.153593
member,19824,9,9,1,0.697141,0.498007,0.498007,1.397782,2.877492,0.914457,-1.397782
member,31175,6,6,1,0.350143,0.704587,0.704587,1.118731,4.110438,2.038009,-1.118731
member,11709,0,0,1,1.455922,0.233185,0.233185,2.129970,1.032635,0.252236,-2.129970
member,15719,6,6,1,0.969279,0.379357,0.379357,1.771433,2.524624,0.763095,-1.771433
member,20475,1,1,1,0.659066,0.517334,0.517334,1.599999,2.404311,1.054179,-1.599999
member,18424,0,0,1,0.717521,0.487960,0.487960,1.421805,3.142699,0.935895,-1.421805
member,9549,1,1,1,1.248525,0.286928,0.286928,1.980569,1.590840,0.514415,-1.980569
member,43965,0,0,1,0.417674,0.658577,0.658577,1.215948,3.276944,1.703210,-1.215948
member,31206,7,7,1,1.276000,0.279152,0.279152,1.968378,1.540563,0.414147,-1.968378
member,12967,0,0,1,0.013241,0.986847,0.986847,0.085783,7.290901,4.736635,-0.085783
member,41470,2,8,0,2.742421,0.064414,0.446129,1.698246,0.117574,-1.935273,1.698246
member,46710,8,8,1,0.353194,0.702441,0.702441,0.829103,4.920091,1.097257,-0.829103
member,9293,3,1,0,2.422743,0.088678,0.352802,1.661061,0.803485,-1.380894,1.661061
member,38335,0,0,1,0.054403,0.947050,0.947050,0.272486,5.802041,3.325668,-0.272486
member,18614,0,0,1,0.576872,0.561653,0.561653,1.146586,3.456297,0.579480,-1.146586
member,38274,8,3,0,6.636125,0.001312,0.452786,1.314898,-2.461189,-5.843788,1.314898
member,4519,3,6,0,2.152996,0.116136,0.289089,1.888008,1.096163,-0.911973,1.888008
member,22109,0,0,1,0.974981,0.377199,0.377199,1.787995,1.994368,0.613737,-1.787995
member,42242,5,6,0,1.991071,0.136549,0.500836,1.571546,1.990542,-1.299595,1.571546
member,18222,3,7,0,1.831571,0.160162,0.224031,2.134760,0.674082,-0.335600,2.134760
member,45395,3,6,0,1.923168,0.146143,0.258062,1.999107,0.931323,-0.568613,1.999107
member,4884,5,6,0,2.141327,0.117499,0.373126,1.784322,1.244217,-1.155489,1.784322
member,4506,7,7,1,0.621468,0.537156,0.537156,1.545587,2.602903,1.151059,-1.545587
member,42663,1,1,1,0.384318,0.680915,0.680915,1.065484,3.453635,1.241454,-1.065484
member,25811,7,6,0,1.915065,0.147332,0.211825,1.994923,1.093319,-0.363071,1.994923
member,11124,6,6,1,0.947544,0.387692,0.387692,1.776526,2.502362,0.925200,-1.776526
member,664,9,6,0,1.851440,0.157011,0.188787,2.004024,1.515231,-0.184304,2.004024
member,19130,2,0,0,3.468639,0.031159,0.420895,1.679568,-0.331531,-2.603267,1.679568
member,40410,1,0,0,2.753381,0.063712,0.564737,1.557377,0.312934,-2.181987,1.557377
member,18299,0,0,1,0.458519,0.632219,0.632219,1.082316,3.669068,0.957952,-1.082316
member,6684,3,7,0,1.840782,0.158693,0.161928,2.111802,0.775701,-0.020180,2.111802
member,501,8,1,0,2.200725,0.110723,0.190397,2.199194,0.232329,-0.542083,2.199194
member,28098,1,0,0,2.152221,0.116226,0.192271,2.147947,0.461673,-0.503373,2.147947
member,44871,9,9,1,1.150468,0.316488,0.316488,1.896602,1.666249,0.128546,-1.896602
member,32650,4,9,0,2.395220,0.091153,0.169125,2.190831,0.047106,-0.618100,2.190831
member,41288,8,8,1,0.235062,0.790522,0.790522,0.742087,5.621791,2.067093,-0.742087
member,33570,8,8,1,0.606901,0.545037,0.545037,1.463755,2.824730,1.280891,-1.463755
member,31892,5,6,0,2.370999,0.093387,0.445319,1.678782,1.482890,-1.562034,1.678782
member,49650,7,9,0,2.696863,0.067417,0.511142,1.578962,0.531003,-2.025754,1.578962
member,48951,2,1,0,2.442605,0.086934,0.264710,1.923381,0.703578,-1.113486,1.923381
member,18087,5,3,0,1.512848,0.220282,0.357807,1.734474,1.976329,-0.485086,1.734474
member,11178,0,6,0,4.887412,0.007541,0.211061,2.067156,-2.082084,-3.331802,2.067156
member,19602,5,7,0,1.993101,0.136272,0.182223,2.145034,0.552325,-0.290578,2.145034
member,13251,5,0,0,4.125306,0.016159,0.338091,1.660785,-0.742046,-3.040866,1.660785
member,16416,2,7,0,2.050159,0.128714,0.171433,2.240327,0.342414,-0.286599,2.240327
member,23206,5,8,0,2.960576,0.051789,0.291641,2.042680,-0.480965,-1.728345,2.042680
member,39880,5,0,0,2.799891,0.060817,0.356320,2.002163,-0.203543,-1.767965,2.002163
member,39375,3,5,0,1.613883,0.199113,0.233857,2.021496,1.278383,-0.160836,2.021496
member,11436,2,7,0,3.572500,0.028086,0.702040,1.035849,0.839327,-3.218736,1.035849
member,45269,5,6,0,1.621782,0.197546,0.311740,1.786338,1.910478,-0.456196,1.786338
member,29463,5,6,0,2.168469,0.114353,0.163155,2.161061,0.339240,-0.355413,2.161061
member,6736,1,0,0,2.108466,0.121424,0.440510,1.715462,0.828321,-1.288644,1.715462
member,20686,0,0,1,0.534772,0.585803,0.585803,1.392742,2.860721,1.297244,-1.392742
member,17049,4,7,0,3.172198,0.041911,0.238252,1.959531,-0.149888,-1.737770,1.959531
member,45511,5,6,0,1.452217,0.234051,0.345955,1.665613,2.800173,-0.390769,1.665613
member,4844,5,6,0,2.328248,0.097466,0.392792,1.655424,1.716487,-1.393772,1.655424
member,3272,7,7,1,0.804583,0.447274,0.447274,1.769879,2.151041,1.096565,-1.769879
member,32713,0,0,1,1.329167,0.264698,0.264698,2.129366,1.175031,0.663499,-2.129366
member,33177,3,7,0,2.301180,0.100141,0.202336,2.144965,0.387589,-0.703355,2.144965
member,49770,3,1,0,2.372704,0.093228,0.393429,1.743096,0.505640,-1.439849,1.743096
member,31807,7,0,0,4.573601,0.010321,0.860281,0.635828,0.041723,-4.423104,0.635828
member,33269,5,6,0,2.274200,0.102879,0.219665,2.019303,0.665436,-0.758546,2.019303
member,16095,7,9,0,2.797931,0.060936,0.517810,1.571442,0.233633,-2.139785,1.571442
member,8904,7,9,0,2.417570,0.089138,0.249991,2.154501,0.045441,-1.031241,2.154501
member,8406,8,9,0,1.389242,0.249264,0.444944,1.498697,1.931444,-0.579436,1.498697
member,5012,2,1,0,2.273839,0.102916,0.201287,2.190575,0.224648,-0.670816,2.190575
member,4243,3,6,0,1.378258,0.252017,0.268227,1.812757,2.102655,-0.062336,1.812757
member,15418,8,7,0,5.631341,0.003584,0.369398,1.867628,-2.585138,-4.635459,1.867628
member,41123,7,6,0,1.828165,0.160708,0.367401,1.752786,1.912651,-0.826863,1.752786
member,29755,5,6,0,2.082767,0.124585,0.196513,2.083149,0.724825,-0.455741,2.083149
member,32163,9,9,1,0.843802,0.430072,0.430072,1.552266,2.578374,0.614488,-1.552266
member,31979,2,0,0,3.101730,0.044971,0.612969,1.433159,0.118809,-2.612290,1.433159
member,36443,8,1,0,2.255240,0.104848,0.361102,1.838698,0.598242,-1.236645,1.838698
member,16481,4,6,0,1.516993,0.219371,0.337025,1.774106,1.860591,-0.429394,1.774106
member,1114,9,9,1,0.928486,0.395151,0.395151,1.832778,2.057052,0.866347,-1.832778
member,14875,5,1,0,2.679472,0.068599,0.371432,1.828327,0.671097,-1.689084,1.828327
member,6266,4,6,0,3.207411,0.040461,0.416380,1.710425,0.299374,-2.331253,1.710425
member,39208,1,1,1,0.967982,0.379849,0.379849,1.908878,1.730726,1.088807,-1.908878
member,32426,8,1,0,3.033196,0.048161,0.230143,2.111560,-0.424670,-1.564142,2.111560
member,11917,6,6,1,0.769393,0.463294,0.463294,1.519229,3.915095,0.769513,-1.519229
member,23180,6,6,1,1.723519,0.178437,0.178437,2.057863,1.037216,0.074179,-2.057863
member,41353,3,3,1,1.103351,0.331758,0.331758,1.795163,1.974232,0.218331,-1.795163
member,35148,2,6,0,2.342143,0.096121,0.409166,1.759634,1.033330,-1.448509,1.759634
member,30572,2,0,0,9.223957,0.000099,0.946743,0.219031,-0.457053,-9.169230,0.219031
member,47806,8,9,0,3.794916,0.022485,0.175791,2.150390,-1.192531,-2.056454,2.150390
member,45285,7,0,0,4.501163,0.011096,0.560701,1.135384,-0.442134,-3.922596,1.135384
member,42790,6,6,1,0.855337,0.425140,0.425140,1.617160,3.191649,0.692722,-1.617160
member,20996,2,6,0,2.371765,0.093316,0.172083,2.216496,0.075942,-0.611983,2.216496
member,34298,4,9,0,3.826190,0.021792,0.217958,2.039694,-1.098106,-2.302736,2.039694
member,22048,1,1,1,1.201003,0.300892,0.300892,2.031490,1.497489,0.625412,-2.031490
member,2528,4,8,0,4.536392,0.010712,0.445367,1.492973,-1.050899,-3.727536,1.492973
member,30518,4,9,0,3.026699,0.048475,0.444094,1.839571,-0.185934,-2.214980,1.839571
member,29540,0,0,1,0.044295,0.956671,0.956671,0.255128,5.672124,4.524173,-0.255128
member,27440,0,9,0,4.473392,0.011409,0.554602,1.488575,-1.281929,-3.883888,1.488575
member,43854,1,7,0,2.297626,0.100497,0.362205,1.921475,0.546959,-1.282080,1.921475
member,26938,8,8,1,0.835577,0.433624,0.433624,1.316260,3.749731,0.434357,-1.316260
member,2984,5,5,1,1.057199,0.347428,0.347428,1.794374,2.382010,0.569328,-1.794374
member,14773,4,1,0,3.689400,0.024987,0.512124,1.600279,-0.264546,-3.020211,1.600279
member,27927,6,6,1,0.961263,0.382410,0.382410,1.864424,2.128574,1.238825,-1.864424
member,22425,3,3,1,1.385983,0.250078,0.250078,1.863121,2.103901,0.054284,-1.863121
member,26389,7,7,1,1.504794,0.222063,0.222063,2.189982,0.945921,0.677679,-2.189982
member,42168,2,2,1,1.492197,0.224878,0.224878,1.992259,1.218698,0.126241,-1.992259
member,45902,4,7,0,2.002736,0.134966,0.378109,1.774050,1.566585,-1.030162,1.774050
member,19185,1,9,0,1.302848,0.271757,0.291494,1.847525,1.707374,-0.070114,1.847525
member,18986,5,3,0,1.765834,0.171044,0.263268,1.823493,1.807907,-0.431253,1.823493
member,29620,0,9,0,4.197610,0.015031,0.371548,1.515252,-0.869216,-3.207533,1.515252
member,20560,2,6,0,1.825011,0.161216,0.213485,2.022825,1.193732,-0.280824,2.022825
member,35149,0,0,1,0.179034,0.836078,0.836078,0.563600,5.363217,1.823994,-0.563600
member,24234,9,8,0,1.477641,0.228175,0.402284,1.509163,2.221333,-0.567044,1.509163
member,15433,7,6,0,1.713672,0.180203,0.267416,1.731482,2.602106,-0.394722,1.731482
member,2863,0,0,1,0.472394,0.623508,0.623508,1.170238,3.278383,0.984388,-1.170238
member,23219,8,8,1,0.792115,0.452886,0.452886,1.290006,2.802380,0.137975,-1.290006
member,16662,2,1,0,2.351462,0.095230,0.209993,2.200906,0.094890,-0.790782,2.200906
member,15767,0,9,0,2.969659,0.051321,0.284908,1.636638,0.264456,-1.714069,1.636638
member,14478,2,1,0,2.288115,0.101458,0.191013,2.096299,0.633257,-0.632703,2.096299
member,9955,9,9,1,0.572803,0.563942,0.563942,1.445406,2.709476,1.075093,-1.445406
member,31402,3,7,0,2.452702,0.086061,0.402086,1.759817,0.586788,-1.541612,1.759817
member,21049,3,7,0,1.926683,0.145631,0.354239,1.849982,0.981529,-0.888900,1.849982
member,34969,4,7,0,1.708312,0.181171,0.281189,1.857235,1.476234,-0.439585,1.857235
member,24268,1,1,1,1.287933,0.275840,0.275840,2.016293,1.467576,0.604631,-2.016293
member,23204,7,7,1,1.121219,0.325882,0.325882,1.911060,1.632904,0.253858,-1.911060
member,3377,4,7,0,2.288347,0.101434,0.185420,2.151891,0.221798,-0.603214,2.151891
member,1599,1,1,1,0.548314,0.577923,0.577923,1.485743,2.605820,1.380240,-1.485743
member,476,3,3,1,1.118968,0.326617,0.326617,1.928426,1.984020,0.849786,-1.928426
member,10798,0,1,0,9.167953,0.000104,0.610712,1.300291,-4.865309,-8.674823,1.300291
member,8639,4,6,0,2.063367,0.127026,0.469651,1.623325,1.975389,-1.307601,1.623325
member,22142,0,0,1,0.778283,0.459194,0.459194,1.781494,2.076467,1.229795,-1.781494
member,22182,9,9,1,0.823221,0.439015,0.439015,1.714126,2.236459,0.684595,-1.714126
member,9932,1,9,0,1.131970,0.322397,0.456566,1.463249,2.385551,-0.347949,1.463249
member,21046,5,7,0,3.350699,0.035060,0.312689,1.838338,-0.409822,-2.188153,1.838338
member,45442,8,0,0,1.827182,0.160866,0.323316,1.787476,1.228664,-0.698058,1.787476
member,36231,0,0,1,0.952735,0.385685,0.385685,1.718934,2.168093,0.400100,-1.718934
member,43952,7,9,0,3.523630,0.029492,0.583614,1.408622,-0.089619,-2.985116,1.408622
member,38326,0,0,1,0.146470,0.863751,0.863751,0.452549,6.312426,1.934314,-0.452549
member,38592,2,3,0,2.520911,0.080386,0.267614,1.803280,0.940231,-1.202703,1.803280
member,17781,1,9,0,1.482638,0.227038,0.428761,1.744511,1.462895,-0.635782,1.744511
member,29875,1,9,0,1.002061,0.367122,0.404007,1.506149,2.310072,-0.095739,1.506149
member,31070,8,1,0,3.163800,0.042265,0.218076,2.161272,-0.533458,-1.640887,2.161272
member,22256,6,6,1,1.220989,0.294938,0.294938,1.920684,2.104037,0.766717,-1.920684
member,9459,1,1,1,0.972603,0.378098,0.378098,1.409665,2.906342,0.112597,-1.409665
member,10665,6,1,0,1.588251,0.204282,0.249998,1.940546,1.458289,-0.201950,1.940546
member,8331,4,9,0,2.744674,0.064269,0.330344,1.916831,0.286753,-1.637055,1.916831
member,25865,7,1,0,2.491669,0.082772,0.346634,1.948860,0.400606,-1.432184,1.948860
member,48001,0,0,1,0.443111,0.642036,0.642036,1.225382,3.091737,1.265914,-1.225382
member,17554,6,1,0,1.555865,0.211007,0.284071,1.846352,2.009866,-0.297332,1.846352
member,38886,5,2,0,2.260894,0.104257,0.238133,1.976830,0.550748,-0.825969,1.976830
member,28590,4,7,0,1.669971,0.188253,0.195477,2.052762,1.012584,-0.037657,2.052762
member,15302,9,9,1,1.295527,0.273754,0.273754,1.942049,1.638311,0.280173,-1.942049
member,27980,2,7,0,2.519169,0.080526,0.313913,1.994773,0.136846,-1.360531,1.994773
member,19593,9,9,1,0.695199,0.498975,0.498975,1.516935,2.469851,0.701561,-1.516935
member,11839,4,6,0,1.654114,0.191261,0.297052,1.855083,1.568726,-0.440264,1.855083
member,19062,7,7,1,1.214669,0.296808,0.296808,1.955140,1.686885,0.610222,-1.955140
member,26700,5,1,0,2.960993,0.051767,0.270875,1.980998,-0.205125,-1.654897,1.980998
member,39868,3,4,0,1.904161,0.148948,0.228036,1.919074,1.211624,-0.425911,1.919074
member,18826,6,6,1,1.014582,0.362554,0.362554,1.694106,3.031228,0.665221,-1.694106
member,44782,8,1,0,3.081793,0.045877,0.725539,1.021023,0.747268,-2.760952,1.021023
member,13473,0,0,1,0.719449,0.487020,0.487020,1.606194,2.300104,0.790710,-1.606194
member,1811,0,0,1,0.874771,0.416958,0.416958,1.839276,1.926821,1.019057,-1.839276
member,5576,2,7,0,1.572819,0.207460,0.242234,1.988317,1.235000,-0.154966,1.988317
member,13604,5,7,0,2.131964,0.118604,0.336249,1.947900,0.665753,-1.042062,1.947900
member,45814,5,7,0,3.231071,0.039515,0.272819,1.854539,-0.329459,-1.932126,1.854539
member,19287,2,7,0,2.581774,0.075640,0.258889,2.087258,-0.032025,-1.230419,2.087258
member,45444,1,8,0,2.089625,0.123734,0.396833,1.489636,1.227527,-1.165385,1.489636
member,2213,4,7,0,1.963852,0.140317,0.189353,2.193036,0.484159,-0.299712,2.193036
member,27630,4,0,0,4.676366,0.009313,0.541587,1.452609,-1.228224,-4.063114,1.452609
member,43904,2,6,0,2.668989,0.069322,0.586769,1.405283,1.673520,-2.135865,1.405283
member,30731,2,0,0,4.568002,0.010379,0.716045,0.884079,-0.176797,-4.233990,0.884079
member,21255,7,0,0,2.610272,0.073515,0.193638,2.170525,-0.154615,-0.968509,2.170525
member,22982,1,6,0,2.044754,0.129412,0.341263,1.761744,1.252548,-0.969651,1.761744
member,16039,7,4,0,1.794665,0.166183,0.229033,1.838555,1.847371,-0.320775,1.838555
member,2672,4,1,0,2.966515,0.051482,0.249999,2.134130,-0.322904,-1.580216,2.134130
member,29363,2,0,0,1.977953,0.138352,0.174586,2.243887,0.429295,-0.232614,2.243887
member,2608,7,8,0,3.316673,0.036273,0.306781,1.854181,-0.473462,-2.135052,1.854181
member,20496,3,6,0,2.870429,0.056675,0.271183,1.939632,0.097810,-1.565468,1.939632
member,47608,8,8,1,0.563511,0.569207,0.569207,1.190146,4.272958,1.069915,-1.190146
member,5159,6,6,1,1.028284,0.357620,0.357620,1.809221,2.526409,0.676807,-1.809221
member,39381,5,3,0,1.748746,0.173992,0.190652,2.122832,0.976311,-0.091440,2.122832
member,35576,1,3,0,1.698491,0.182959,0.357876,1.723280,1.549191,-0.670923,1.723280
member,34234,0,0,1,0.403951,0.667677,0.667677,1.306001,2.889806,2.333138,-1.306001
member,32777,8,8,1,0.761633,0.466903,0.466903,1.618996,2.372837,0.803041,-1.618996
member,11401,4,9,0,2.883499,0.055939,0.291046,2.040947,-0.231548,-1.649226,2.040947
member,10504,9,0,0,3.438776,0.032104,0.217939,1.972434,-0.665063,-1.915236,1.972434
member,33526,3,3,1,1.077834,0.340332,0.340332,1.844265,1.765506,0.443708,-1.844265
member,41589,3,2,0,2.311445,0.099118,0.171709,2.218842,0.135200,-0.549493,2.218842
member,5754,4,6,0,2.509246,0.081330,0.238230,2.012061,0.502089,-1.074727,2.012061
member,44770,0,0,1,1.131503,0.322548,0.322548,1.848621,1.754508,0.221196,-1.848621
member,22011,3,6,0,2.026793,0.131757,0.376372,1.700232,1.772319,-1.049615,1.700232
member,45388,9,9,1,1.017724,0.361417,0.361417,1.821007,1.800601,0.272088,-1.821007
member,20937,1,1,1,0.969861,0.379136,0.379136,1.775984,2.557426,0.597388,-1.775984
member,21934,6,6,1,1.369989,0.254110,0.254110,1.992383,1.511890,0.371098,-1.992383
member,8034,6,6,1,1.263790,0.282581,0.282581,1.852391,2.230958,0.416985,-1.852391
member,7126,8,9,0,2.844402,0.058169,0.368183,1.863671,-0.044647,-1.845228,1.863671
member,47615,8,8,1,0.193407,0.824147,0.824147,0.641236,6.057407,2.071551,-0.641236
member,47790,6,6,1,0.925506,0.396331,0.396331,1.851681,2.385119,1.334098,-1.851681
member,46122,6,4,0,1.714159,0.180115,0.206511,1.939626,1.562718,-0.136757,1.939626
member,35846,0,9,0,2.198091,0.111015,0.278745,1.966079,0.542896,-0.920632,1.966079
member,34582,8,9,0,1.355883,0.257720,0.374534,1.798423,1.450202,-0.373809,1.798423
member,13082,3,6,0,1.713093,0.180307,0.238551,1.922896,1.795142,-0.279921,1.922896
member,40646,7,3,0,3.326253,0.035927,0.346271,1.662995,0.043355,-2.265721,1.662995
member,21905,8,8,1,0.896736,0.407899,0.407899,1.552371,2.352141,0.183216,-1.552371
member,25238,8,9,0,2.026056,0.131855,0.511829,1.343025,1.559890,-1.356291,1.343025
member,35975,7,3,0,1.840690,0.158708,0.217963,1.889965,1.594846,-0.317261,1.889965
member,6496,3,3,1,1.537292,0.214962,0.214962,2.104717,1.154139,0.213120,-2.104717
member,43693,5,7,0,2.407186,0.090068,0.172919,2.222824,0.046504,-0.652254,2.222824
member,33524,7,6,0,1.671191,0.188023,0.280391,1.691255,2.948051,-0.399620,1.691255
member,20701,7,0,0,3.652882,0.025916,0.664140,1.211946,0.080708,-3.243619,1.211946
member,13312,0,0,1,1.420511,0.241591,0.241591,1.983804,1.271465,0.112406,-1.983804
member,10036,6,1,0,3.192283,0.041078,0.305527,1.949177,-0.406651,-2.006567,1.949177
member,14164,4,1,0,2.284919,0.101782,0.219881,2.067716,0.436427,-0.770250,2.067716
member,31154,7,8,0,3.723941,0.024139,0.331360,1.812916,-0.858821,-2.619390,1.812916
member,24948,7,7,1,1.321987,0.266605,0.266605,2.014435,1.570296,0.475221,-2.014435
member,35308,4,9,0,3.618604,0.026820,0.445317,1.626369,-0.603910,-2.809634,1.626369
member,47763,0,0,1,1.449792,0.234619,0.234619,2.050110,1.253916,0.287838,-2.050110
member,32907,6,6,1,1.129220,0.323285,0.323285,1.884739,2.089395,0.730181,-1.884739
member,45609,4,0,0,3.408945,0.033076,0.308759,1.981429,-0.700841,-2.233749,1.981429
member,5253,8,1,0,2.757179,0.063471,0.305982,2.037757,0.091249,-1.572950,2.037757
member,19104,0,0,1,1.402654,0.245943,0.245943,1.826983,1.658697,0.080629,-1.826983
member,32805,5,5,1,0.938381,0.391261,0.391261,1.648828,2.778341,0.656658,-1.648828
member,40516,0,9,0,3.585052,0.027735,0.394253,1.538230,-0.271961,-2.654288,1.538230
member,3882,9,9,1,0.521846,0.593424,0.593424,1.174613,3.495314,1.069495,-1.174613
member,22988,2,7,0,1.711680,0.180562,0.202688,1.944980,1.252043,-0.115591,1.944980
member,31224,7,9,0,2.938294,0.052956,0.342138,1.714093,0.139035,-1.865754,1.714093
member,3418,4,6,0,1.641783,0.193635,0.258120,1.953559,1.292671,-0.287451,1.953559
member,38929,1,9,0,1.069888,0.343047,0.627282,0.818923,3.969325,-0.603528,0.818923
member,23541,3,6,0,1.882523,0.152206,0.433426,1.705533,1.961312,-1.046489,1.705533
member,26354,5,6,0,1.913043,0.147630,0.368691,1.794388,1.687564,-0.915246,1.794388
member,19771,3,0,0,2.990110,0.050282,0.279380,1.907374,-0.224264,-1.714927,1.907374
member,10189,3,7,0,2.281934,0.102087,0.213087,2.081303,0.401864,-0.735878,2.081303
member,44562,3,8,0,3.324190,0.036002,0.318498,1.652540,-0.158963,-2.180052,1.652540
member,44560,7,1,0,2.409562,0.089855,0.255270,2.035149,0.389569,-1.044130,2.035149
member,44944,3,3,1,1.326703,0.265351,0.265351,1.870362,1.825870,0.232866,-1.870362
member,5195,1,0,0,2.446472,0.086599,0.369868,1.972383,0.168408,-1.451862,1.972383
member,37255,2,2,1,1.502872,0.222490,0.222490,2.045407,1.211378,0.048210,-2.045407
member,31610,3,6,0,2.315787,0.098689,0.373078,1.776866,1.023885,-1.329820,1.776866
member,2191,2,4,0,1.953861,0.141726,0.221052,2.040134,0.778560,-0.444502,2.040134
member,31039,9,9,1,0.890742,0.410351,0.410351,1.204088,3.755035,0.227014,-1.204088
member,46776,4,7,0,2.275822,0.102712,0.201337,2.171234,0.271063,-0.673048,2.171234
member,7785,5,3,0,1.805054,0.164466,0.199495,1.995862,0.979194,-0.193087,1.995862
member,46172,7,7,1,0.744545,0.474950,0.474950,1.774562,2.211201,1.472886,-1.774562
member,42978,1,1,1,1.006497,0.365497,0.365497,1.713070,2.398661,0.449179,-1.713070
member,48126,9,9,1,1.213680,0.297102,0.297102,1.840916,1.722859,0.157198,-1.840916
member,3154,6,6,1,1.676579,0.187013,0.187013,2.184026,0.862065,0.294702,-2.184026
member,22795,6,7,0,3.148261,0.042927,0.316039,2.036207,-0.598330,-1.996370,2.036207
member,29895,8,8,1,0.439286,0.644496,0.644496,1.191056,3.395090,1.613056,-1.191056
member,16912,0,0,1,0.347128,0.706715,0.706715,1.029122,3.915296,1.704190,-1.029122
member,41042,8,9,0,2.638433,0.071473,0.370177,1.914574,0.135038,-1.644661,1.914574
member,42715,1,1,1,0.977348,0.376308,0.376308,1.966459,1.971753,0.993719,-1.966459
member,7441,9,9,1,0.323255,0.723789,0.723789,0.748187,4.770629,1.109970,-0.748187
member,12848,7,7,1,0.988185,0.372252,0.372252,1.776252,2.384977,0.632491,-1.776252
member,12619,6,6,1,1.267794,0.281452,0.281452,1.938558,1.640242,0.480309,-1.938558
member,19746,4,4,1,1.455293,0.233332,0.233332,1.895296,1.708344,0.090170,-1.895296
member,1422,9,9,1,0.739892,0.477165,0.477165,1.703152,2.267994,1.017626,-1.703152
member,26894,4,7,0,2.359720,0.094447,0.413112,1.790193,0.967286,-1.475684,1.790193
member,6065,5,7,0,1.942674,0.143320,0.354185,1.854194,1.203847,-0.904739,1.854194
member,37616,1,9,0,1.478340,0.228016,0.345518,1.725972,1.406068,-0.415629,1.725972
member,37028,4,6,0,2.427021,0.088299,0.354008,1.881528,0.571893,-1.388586,1.881528
member,43197,9,9,1,1.801497,0.165052,0.165052,2.165864,0.677690,0.012117,-2.165864
member,29228,9,9,1,0.962935,0.381771,0.381771,1.572440,2.337587,0.301089,-1.572440
member,29835,4,0,0,2.638360,0.071478,0.222400,2.134112,-0.189793,-1.135084,2.134112
member,22685,9,8,0,1.560512,0.210029,0.393832,1.395159,2.291827,-0.628681,1.395159
member,22341,7,7,1,1.138019,0.320453,0.320453,1.734031,2.360397,0.194929,-1.734031
member,45713,2,9,0,2.713301,0.066318,0.265730,1.912681,0.505129,-1.388028,1.912681
member,34759,8,8,1,0.283086,0.753455,0.753455,0.901150,4.046065,1.898340,-0.901150
member,5215,2,4,0,1.637569,0.194452,0.198592,1.887087,1.718217,-0.021066,1.887087
member,48812,4,2,0,2.744393,0.064287,0.231651,2.067043,-0.253701,-1.281868,2.067043
member,44917,6,0,0,2.910131,0.054469,0.145293,2.263423,-0.514835,-0.981125,2.263423
member,39364,8,0,0,1.520681,0.218563,0.577264,1.230156,2.596974,-0.971226,1.230156
member,47378,8,7,0,2.898617,0.055099,0.177389,2.206836,-0.445469,-1.169207,2.206836
member,2899,4,4,1,1.313174,0.268965,0.268965,1.816308,2.480027,0.394237,-1.816308
member,13307,4,6,0,2.588143,0.075159,0.271549,1.812661,0.824880,-1.284531,1.812661
member,18861,0,8,0,1.523904,0.217860,0.548456,1.204357,3.039898,-0.923255,1.204357
member,14160,5,9,0,2.908639,0.054550,0.247801,2.113267,-0.418893,-1.513511,2.113267
member,15153,0,0,1,0.621600,0.537084,0.537084,1.626014,2.421896,1.832103,-1.626014
member,2561,2,1,0,4.129954,0.016084,0.352449,1.684386,-0.268455,-3.087103,1.684386
member,7308,2,7,0,2.234165,0.107082,0.472148,1.630596,1.091163,-1.483702,1.630596
member,19223,2,3,0,2.450182,0.086278,0.257955,2.140542,0.070359,-1.095210,2.140542
member,39543,3,3,1,1.712956,0.180332,0.180332,2.221808,0.726678,0.179593,-2.221808
member,33680,2,1,0,2.157393,0.115626,0.169858,2.186987,0.381228,-0.384601,2.186987
member,39097,1,1,1,0.663662,0.514962,0.514962,1.429852,2.682472,0.602490,-1.429852
member,44840,4,1,0,2.264650,0.103866,0.161518,2.201304,0.142468,-0.441514,2.201304
member,44614,4,4,1,1.399147,0.246807,0.246807,1.847374,2.029093,0.222978,-1.847374
member,27191,2,9,0,1.706337,0.181529,0.235765,2.039514,0.830678,-0.261418,2.039514
member,17476,6,3,0,1.576966,0.206601,0.243540,2.035965,1.167073,-0.164494,2.035965
member,14803,9,9,1,0.827137,0.437300,0.437300,1.719112,2.148662,0.860708,-1.719112
member,26837,2,7,0,2.144152,0.117167,0.125401,2.293527,0.177512,-0.067916,2.293527
member,10262,4,7,0,1.499490,0.223244,0.370470,1.648496,2.191574,-0.506508,1.648496
member,44190,9,8,0,2.083875,0.124447,0.388269,1.689900,0.961603,-1.137818,1.689900
member,43278,8,8,1,0.851934,0.426589,0.426589,1.585481,2.398413,0.635229,-1.585481
member,30948,8,1,0,4.228852,0.014569,0.316040,1.744151,-1.070241,-3.076967,1.744151
member,42989,5,5,1,0.667409,0.513036,0.513036,1.529695,2.790888,0.930878,-1.529695
member,19709,9,8,0,1.295041,0.273887,0.429036,1.411577,2.548892,-0.448828,1.411577
member,28468,7,1,0,2.034539,0.130741,0.200075,2.194879,0.513220,-0.425474,2.194879
member,543,4,6,0,1.935122,0.144407,0.462738,1.697988,1.391994,-1.164528,1.697988
member,23822,0,8,0,2.276333,0.102660,0.336163,1.527698,1.334969,-1.186172,1.527698
member,28066,8,8,1,0.469671,0.625208,0.625208,0.909976,4.719067,0.703812,-0.909976
member,34415,6,6,1,1.401898,0.246129,0.246129,1.859810,2.033192,0.312014,-1.859810
member,39627,8,8,1,0.740758,0.476752,0.476752,1.530173,2.542898,0.667796,-1.530173
member,1163,2,3,0,1.945893,0.142860,0.202582,2.125967,0.629708,-0.349283,2.125967
member,29746,8,8,1,0.701353,0.495914,0.495914,1.371588,3.097379,0.749729,-1.371588
member,2210,4,3,0,2.504719,0.081699,0.259501,1.810063,0.878457,-1.155723,1.810063
member,23001,9,9,1,1.151161,0.316269,0.316269,1.654082,1.905339,0.181503,-1.654082
member,32300,4,4,1,1.413830,0.243210,0.243210,1.948643,1.507990,0.241765,-1.948643
member,46320,6,6,1,0.829320,0.436346,0.436346,1.686836,2.664465,0.835622,-1.686836
member,28827,2,1,0,2.451352,0.086177,0.290573,1.909006,0.287243,-1.215450,1.909006
member,44404,9,6,0,3.941099,0.019427,0.611782,1.394335,0.053473,-3.449721,1.394335
member,18198,2,3,0,1.913408,0.147577,0.212260,2.006349,0.872293,-0.363464,2.006349
member,1901,1,8,0,1.839450,0.158905,0.389761,1.568646,1.511947,-0.897228,1.568646
member,37460,1,9,0,1.410925,0.243918,0.652992,0.952352,3.784481,-0.984735,0.952352
member,17692,0,8,0,2.225517,0.108012,0.663221,1.060026,2.544062,-1.814871,1.060026
member,28200,4,9,0,2.123949,0.119559,0.278136,2.043644,0.570058,-0.844302,2.043644
member,24782,7,7,1,0.838408,0.432399,0.432399,1.827608,2.066155,1.377534,-1.827608
member,28968,9,9,1,0.934873,0.392636,0.392636,1.647183,2.296683,0.251881,-1.647183
member,38888,5,3,0,1.398185,0.247045,0.262449,1.828269,1.778974,-0.060487,1.828269
member,35968,4,6,0,1.932112,0.144842,0.216752,2.111685,0.740863,-0.403112,2.111685
member,30875,4,6,0,2.001306,0.135159,0.236398,1.999463,0.924604,-0.559068,1.999463
member,38948,0,1,0,4.456929,0.011598,0.375927,1.853022,-1.506389,-3.478569,1.853022
member,15359,7,5,0,2.095161,0.123050,0.245853,1.963426,1.037704,-0.692138,1.963426
member,42751,7,9,0,3.795693,0.022467,0.445262,1.449031,-0.260490,-2.986600,1.449031
member,44469,9,9,1,1.887697,0.151420,0.151420,2.235146,0.595961,0.183086,-2.235146
member,19714,2,0,0,2.938107,0.052966,0.552730,1.533269,0.165858,-2.345222,1.533269
member,11607,9,6,0,2.620451,0.072770,0.353605,1.901160,0.614446,-1.580877,1.901160
member,36167,4,7,0,1.789912,0.166975,0.356033,1.818858,1.248394,-0.757180,1.818858
member,35571,6,5,0,1.809188,0.163787,0.280096,1.774472,1.807551,-0.536563,1.774472
member,30441,5,7,0,2.594222,0.074704,0.337100,1.990214,0.175976,-1.506846,1.990214
member,39646,2,9,0,2.023394,0.132206,0.155852,2.262595,0.390196,-0.164545,2.262595
member,45246,1,9,0,1.520519,0.218598,0.392175,1.767040,1.599430,-0.584472,1.767040
member,10434,8,3,0,6.245332,0.001939,0.448452,1.496719,-2.500002,-5.443377,1.496719
member,45591,4,7,0,2.065762,0.126722,0.182918,1.990139,1.101259,-0.367047,1.990139
member,33540,1,7,0,2.845146,0.058126,0.278558,1.918360,0.072724,-1.567018,1.918360
member,4162,0,9,0,1.968853,0.139617,0.437647,1.580603,1.414295,-1.142510,1.580603
member,24261,6,7,0,2.981035,0.050740,0.314439,1.812532,0.157088,-1.824069,1.812532
member,27618,8,1,0,3.378556,0.034097,0.413331,1.848263,-0.399071,-2.495049,1.848263
member,17466,9,6,0,2.984930,0.050543,0.484529,1.672094,0.662826,-2.260352,1.672094
member,2441,8,0,0,2.168864,0.114307,0.433597,1.868177,0.526809,-1.333223,1.868177
member,6211,4,2,0,1.740219,0.175482,0.266659,1.924361,1.340407,-0.418436,1.924361
member,16368,1,1,1,1.187324,0.305036,0.305036,2.063872,1.554959,0.819015,-2.063872
member,6896,1,1,1,0.818786,0.440966,0.440966,1.758363,2.438903,1.035386,-1.758363
member,27590,5,5,1,0.872881,0.417746,0.417746,1.326128,3.225280,0.035198,-1.326128
member,27721,2,6,0,3.190417,0.041155,0.436839,1.744723,0.151776,-2.362226,1.744723
member,6400,0,8,0,1.156475,0.314593,0.358790,1.711997,1.857170,-0.131456,1.711997
member,46282,7,9,0,2.515824,0.080796,0.415759,1.592684,0.617725,-1.638175,1.592684
member,30127,9,9,1,0.480694,0.618354,0.618354,1.195832,3.546624,1.245148,-1.195832
member,19027,0,0,1,0.078734,0.924286,0.924286,0.396890,5.035625,3.443378,-0.396890
member,33821,7,3,0,2.392839,0.091370,0.307156,1.824922,1.319682,-1.212439,1.824922
member,32756,4,6,0,1.334783,0.263215,0.301856,1.672192,3.172022,-0.136979,1.672192
member,47477,5,7,0,2.205633,0.110181,0.140859,2.265980,0.181597,-0.245639,2.265980
member,31632,3,4,0,2.018923,0.132798,0.237400,1.841522,1.688656,-0.580913,1.841522
member,18558,8,0,0,1.323190,0.266284,0.539057,1.326829,2.296147,-0.705257,1.326829
member,16625,0,0,1,1.029732,0.357103,0.357103,1.989207,1.633505,1.051157,-1.989207
member,17531,8,1,0,2.502509,0.081879,0.244275,2.107074,0.083969,-1.093050,2.107074
member,37647,2,4,0,1.959827,0.140883,0.279509,1.878371,1.177310,-0.685107,1.878371
member,33395,2,6,0,3.111234,0.044546,0.326451,1.723532,0.571176,-1.991758,1.723532
member,17827,9,8,0,1.093727,0.334966,0.360244,1.359681,3.367431,-0.072753,1.359681
member,14427,8,8,1,0.378143,0.685132,0.685132,1.147629,3.274380,1.812845,-1.147629
member,1005,4,6,0,2.147644,0.116759,0.455459,1.732011,1.183277,-1.361194,1.732011
member,5488,4,6,0,2.379416,0.092605,0.239356,2.066577,0.363847,-0.949612,2.066577
member,45615,0,8,0,1.683014,0.185813,0.481335,1.575928,1.742713,-0.951822,1.575928
member,17406,9,6,0,2.191459,0.111754,0.271407,2.037291,0.621367,-0.887322,2.037291
member,454,1,7,0,2.104234,0.121939,0.179565,2.156782,0.564207,-0.387018,2.156782
member,4244,1,7,0,4.582762,0.010227,0.557240,1.447181,-0.865266,-3.998003,1.447181
member,39505,4,7,0,1.852421,0.156857,0.228507,1.828155,1.851759,-0.376233,1.828155
member,43383,8,8,1,0.457552,0.632831,0.632831,1.033489,4.379330,1.176265,-1.033489
member,34292,8,8,1,0.197961,0.820402,0.820402,0.707700,4.719889,2.502144,-0.707700
member,41413,8,8,1,0.925618,0.396286,0.396286,1.350470,2.890476,0.001690,-1.350470
member,44591,1,1,1,0.687998,0.502581,0.502581,1.436423,3.009786,0.783724,-1.436423
member,31953,4,6,0,2.155850,0.115805,0.268090,2.083170,0.487839,-0.839416,2.083170
member,29980,0,6,0,7.496280,0.000555,0.245815,1.769306,-3.589964,-6.093104,1.769306
member,9391,5,7,0,1.735476,0.176316,0.254012,1.915042,1.346218,-0.365100,1.915042
member,22338,5,5,1,0.942756,0.389553,0.389553,1.575837,2.640281,0.220677,-1.575837
member,11708,1,6,0,2.501523,0.081960,0.302830,1.960985,0.709929,-1.306940,1.960985
member,12966,3,0,0,3.032934,0.048174,0.262486,2.062289,-0.445702,-1.695378,2.062289
member,45664,5,1,0,2.317683,0.098502,0.209524,2.079648,0.250692,-0.754763,2.079648
member,12824,6,6,1,0.734803,0.479600,0.479600,1.648206,3.178058,1.274056,-1.648206
member,29861,3,3,1,1.288891,0.275576,0.275576,1.927593,1.737005,0.198448,-1.927593
member,36407,7,7,1,0.859421,0.423407,0.423407,1.652012,2.880857,0.943399,-1.652012
member,19204,2,6,0,1.984635,0.137431,0.405099,1.790922,1.588455,-1.081010,1.790922
member,7776,5,5,1,1.483050,0.226945,0.226945,1.919652,1.534564,0.068681,-1.919652
member,35972,7,3,0,2.782981,0.061854,0.235907,2.122817,-0.178300,-1.338663,2.122817
member,46215,3,5,0,1.708024,0.181223,0.367423,1.928177,1.262512,-0.706782,1.928177
member,26542,6,9,0,3.244338,0.038994,0.541501,1.464242,-0.005741,-2.630927,1.464242
member,26716,3,3,1,1.376426,0.252479,0.252479,1.982128,1.859947,0.403177,-1.982128
member,41853,3,6,0,1.379093,0.251807,0.370031,1.692849,2.274560,-0.384925,1.692849
member,15469,1,9,0,1.630382,0.195855,0.513242,1.326270,2.652321,-0.963374,1.326270
member,27055,7,7,1,1.284211,0.276869,0.276869,1.817154,2.238933,0.396412,-1.817154
member,11062,5,5,1,0.936768,0.391892,0.391892,1.635887,2.759189,0.633490,-1.635887
member,12110,4,9,0,3.928625,0.019671,0.392159,1.734480,-0.805252,-2.992536,1.734480
member,14518,1,9,0,1.448225,0.234987,0.263973,1.963196,1.343825,-0.116317,1.963196
member,37532,0,0,1,0.694570,0.499289,0.499289,1.625790,2.291114,1.158564,-1.625790
member,33612,3,0,0,2.376534,0.092872,0.224905,2.191340,0.042601,-0.884458,2.191340
member,13433,2,7,0,1.904587,0.148884,0.164951,2.137418,0.806738,-0.102477,2.137418
member,3053,0,0,1,0.347860,0.706198,0.706198,1.188984,3.051528,2.451324,-1.188984
member,17452,9,9,1,0.527877,0.589856,0.589856,0.917061,4.234637,0.489532,-0.917061
member,27505,7,6,0,2.542890,0.078639,0.420837,1.777861,0.719001,-1.677381,1.777861
member,48930,0,0,1,0.197642,0.820663,0.820663,0.803439,3.832867,2.636667,-0.803439
member,20000,8,1,0,2.961941,0.051718,0.399842,1.680100,0.248535,-2.045254,1.680100
member,39079,8,1,0,4.474446,0.011397,0.268418,2.064161,-1.813918,-3.159236,2.064161
member,9273,4,2,0,1.912744,0.147675,0.237580,1.920945,1.423714,-0.475495,1.920945
member,10134,4,7,0,1.443616,0.236073,0.255382,1.703182,2.686777,-0.078622,1.703182
member,2982,3,7,0,2.253185,0.105064,0.387563,1.810343,0.811433,-1.305308,1.810343
member,31599,1,8,0,1.410298,0.244071,0.288656,1.583107,2.046256,-0.167777,1.583107
member,47437,9,8,0,1.263259,0.282731,0.358289,1.443027,2.973515,-0.236844,1.443027
member,40223,8,1,0,2.881362,0.056058,0.353117,1.923063,-0.127027,-1.840406,1.923063
member,5770,0,3,0,4.264082,0.014065,0.227884,2.011629,-1.476107,-2.785166,2.011629
member,34870,8,9,0,3.223292,0.039824,0.452163,1.732042,-0.212877,-2.429580,1.732042
member,28999,5,7,0,2.127746,0.119105,0.215248,2.044371,0.776162,-0.591781,2.044371
member,16320,1,7,0,2.836594,0.058625,0.387981,1.893903,0.052042,-1.889795,1.893903
member,38544,8,8,1,0.578655,0.560652,0.560652,1.176451,3.792898,0.807882,-1.176451
member,14815,4,9,0,2.334471,0.096862,0.266560,2.014863,0.478996,-1.012313,2.014863
member,17962,8,0,0,2.198547,0.110964,0.426932,1.839596,0.606021,-1.347416,1.839596
member,23647,9,8,0,1.241584,0.288926,0.527689,1.234164,2.892683,-0.602336,1.234164
member,8479,9,9,1,0.380468,0.683541,0.683541,0.930378,5.056363,1.206110,-0.930378
member,22895,5,1,0,3.269067,0.038042,0.400391,1.763984,-0.447527,-2.353754,1.763984
member,18853,8,0,0,2.093850,0.123212,0.583556,1.399829,1.343710,-1.555234,1.399829
member,39474,1,9,0,2.189866,0.111932,0.410321,1.768365,0.705172,-1.299049,1.768365
member,9353,4,9,0,3.394406,0.033560,0.289849,1.820794,-0.381392,-2.156010,1.820794
member,25042,8,9,0,1.148522,0.317105,0.349231,1.694266,1.833437,-0.096500,1.694266
member,46015,8,8,1,0.260223,0.770880,0.770880,0.782382,4.701944,1.666000,-0.782382
member,2757,9,9,1,1.177560,0.308030,0.308030,1.999430,1.485247,0.364050,-1.999430
member,12214,6,6,1,0.361158,0.696869,0.696869,1.153736,4.305319,2.024003,-1.153736
member,23491,0,1,0,4.127397,0.016125,0.274544,2.040138,-1.406182,-2.834753,2.040138
member,28027,1,1,1,0.962379,0.381983,0.381983,1.618000,2.095279,0.215381,-1.618000
member,4128,3,9,0,3.331043,0.035756,0.523419,1.618349,-0.271195,-2.683670,1.618349
member,30611,3,7,0,1.813616,0.163063,0.170983,2.186404,0.656290,-0.047423,2.186404
member,7915,1,9,0,1.364030,0.255629,0.315222,1.840763,1.731430,-0.209552,1.840763
member,27687,6,0,0,3.934395,0.019558,0.314153,2.074145,-1.391515,-2.776520,2.074145
member,25572,7,5,0,2.241916,0.106255,0.227621,1.883166,1.167990,-0.761841,1.883166
member,2182,5,6,0,2.159097,0.115429,0.226696,2.011675,0.653022,-0.674952,2.011675
member,29965,6,9,0,3.536227,0.029123,0.530611,1.449466,-0.220682,-2.902500,1.449466
member,26216,8,8,1,0.822238,0.439447,0.439447,1.175106,4.065176,0.100330,-1.175106
member,4822,5,5,1,1.355151,0.257908,0.257908,1.752392,2.237442,0.091134,-1.752392
member,2110,8,8,1,0.224352,0.799034,0.799034,0.701400,4.969395,1.783197,-0.701400
member,20931,1,8,0,1.360941,0.256419,0.532082,1.167641,3.585073,-0.729983,1.167641
member,25270,0,0,1,0.414776,0.660488,0.660488,1.071778,3.572196,1.128209,-1.071778
member,176,1,1,1,1.052522,0.349056,0.349056,1.729753,1.838164,0.175571,-1.729753
member,5683,1,1,1,1.447281,0.235209,0.235209,1.928280,1.403901,0.011298,-1.928280
member,47937,6,6,1,0.910154,0.402462,0.402462,1.618566,3.289722,0.661720,-1.618566
member,32858,2,7,0,2.832222,0.058882,0.314793,1.863964,0.348109,-1.676383,1.863964
member,28221,5,9,0,2.650163,0.070640,0.168641,2.226045,-0.241730,-0.870179,2.226045
member,28530,1,6,0,4.408577,0.012172,0.450760,1.608906,-0.287792,-3.611757,1.608906
member,15849,5,3,0,1.727459,0.177735,0.289615,1.799552,1.327127,-0.488257,1.799552
member,23744,7,7,1,0.585996,0.556551,0.556551,1.469101,3.046366,1.471160,-1.469101
member,43283,3,6,0,1.943153,0.143252,0.317669,1.950512,1.333316,-0.796408,1.950512
member,20613,9,9,1,0.425573,0.653395,0.653395,1.285753,2.948849,1.586646,-1.285753
member,27819,5,3,0,1.974434,0.138840,0.258339,1.944324,1.133310,-0.620950,1.944324
member,38872,1,1,1,0.691195,0.500977,0.500977,1.560153,3.050015,1.193528,-1.560153
member,27587,2,7,0,2.827691,0.059149,0.278178,1.960974,0.011281,-1.548198,1.960974
member,41889,8,8,1,0.349999,0.704689,0.704689,0.901754,4.544508,1.256841,-0.901754
member,23872,8,8,1,0.972739,0.378046,0.378046,1.732590,1.977844,0.426142,-1.732590
member,10915,9,0,0,2.675327,0.068884,0.664835,1.249079,0.839529,-2.267110,1.249079
member,22989,9,1,0,1.410389,0.244048,0.347927,1.825966,1.440495,-0.354626,1.825966
member,47401,0,9,0,3.683347,0.025139,0.444176,1.588025,-0.554386,-2.871812,1.588025
member,20374,4,9,0,4.174330,0.015385,0.394294,1.619962,-1.023472,-3.243671,1.619962
member,24683,9,9,1,1.029430,0.357211,0.357211,1.455379,2.780331,0.141650,-1.455379
member,8053,6,9,0,2.050995,0.128607,0.356238,1.881896,0.787521,-1.018840,1.881896
member,1741,6,6,1,0.735579,0.479228,0.479228,1.684860,2.666964,1.374404,-1.684860
member,25116,7,7,1,1.001459,0.367343,0.367343,1.909043,1.782410,0.787901,-1.909043
member,24184,6,6,1,0.950443,0.386570,0.386570,1.793379,2.541535,0.986965,-1.793379
member,13631,7,7,1,1.382483,0.250955,0.250955,1.843026,2.103291,0.170298,-1.843026
member,4303,8,9,0,2.680007,0.068563,0.197246,2.123929,-0.107611,-1.056705,2.123929
member,21987,2,0,0,1.883365,0.152078,0.204845,2.183754,0.624814,-0.297866,2.183754
member,35719,8,0,0,1.583452,0.205265,0.720809,0.869464,2.943992,-1.256071,0.869464
member,23460,4,6,0,1.622883,0.197329,0.249789,1.856270,1.774176,-0.235746,1.856270
member,10444,6,6,1,0.984196,0.373740,0.373740,1.729605,2.987796,0.718945,-1.729605
member,42406,9,9,1,0.824727,0.438355,0.438355,1.637759,2.280697,0.528961,-1.637759
member,15709,5,6,0,1.678735,0.186610,0.285616,1.868759,1.580029,-0.425630,1.868759
member,33009,7,4,0,1.791890,0.166645,0.236971,1.920372,1.305309,-0.352072,1.920372
member,10279,8,0,0,0.959052,0.383256,0.553838,0.941384,4.264217,-0.368168,0.941384
member,20945,6,6,1,1.321839,0.266644,0.266644,1.969554,1.673260,0.309421,-1.969554
member,5653,4,0,0,2.945421,0.052580,0.272078,2.097308,-0.402917,-1.643756,2.097308
member,4816,0,0,1,0.844207,0.429898,0.429898,1.369149,3.100145,0.244365,-1.369149
member,36890,3,3,1,0.945316,0.388557,0.388557,1.775020,2.359193,0.778980,-1.775020
member,39173,4,6,0,1.831993,0.160094,0.561136,1.429966,2.365604,-1.254200,1.429966
member,15056,9,9,1,0.643261,0.525576,0.525576,1.492956,2.592739,1.080435,-1.492956
member,13943,4,4,1,1.273625,0.279816,0.279816,1.751558,2.433325,0.003266,-1.751558
member,21681,8,8,1,0.645704,0.524293,0.524293,1.270166,3.692876,0.800854,-1.270166
member,35499,6,1,0,1.993723,0.136187,0.489154,1.539893,1.667266,-1.278646,1.539893
member,11028,3,6,0,2.095546,0.123003,0.185474,2.198421,0.351383,-0.410705,2.198421
member,4448,5,7,0,2.386761,0.091927,0.188913,2.185738,0.043303,-0.720292,2.185738
member,39838,8,9,0,2.578121,0.075917,0.554633,1.243346,1.402896,-1.988672,1.243346
member,42196,6,6,1,0.927383,0.395588,0.395588,1.687933,2.925841,0.849585,-1.687933
member,32525,4,7,0,1.692898,0.183986,0.201993,2.017952,1.131761,-0.093377,2.017952
member,30352,2,2,1,1.594993,0.202910,0.202910,1.980657,1.434605,0.014222,-1.980657
member,27614,4,6,0,2.080210,0.124904,0.255381,1.839700,1.600739,-0.715213,1.839700
member,20949,8,0,0,2.596367,0.074544,0.878683,0.522364,2.465462,-2.467036,0.522364
member,45484,0,8,0,1.515021,0.219804,0.495451,1.546511,1.687781,-0.812734,1.546511
member,38587,8,8,1,0.728755,0.482509,0.482509,1.369038,2.873809,0.472759,-1.369038
member,17249,2,7,0,1.541753,0.214006,0.230920,1.992270,1.238930,-0.076068,1.992270
member,3431,5,3,0,2.160675,0.115247,0.325902,1.978859,0.520742,-1.039515,1.978859
member,46130,5,1,0,2.948147,0.052437,0.180317,2.126569,-0.400938,-1.235108,2.126569
member,1792,2,8,0,1.871246,0.153932,0.238583,2.020591,0.683902,-0.438209,2.020591
member,4865,9,7,0,2.951740,0.052249,0.570100,1.549813,0.197040,-2.389797,1.549813
member,27415,0,8,0,2.382286,0.092339,0.662373,1.049618,2.275082,-1.970360,1.049618
member,17914,4,4,1,1.587130,0.204512,0.204512,1.957600,1.644564,0.037390,-1.957600
member,37332,6,6,1,1.293974,0.274179,0.274179,1.724252,2.614883,0.195477,-1.724252
member,7592,0,0,1,1.143434,0.318723,0.318723,1.789569,1.879364,0.192352,-1.789569
member,47134,5,6,0,2.125113,0.119419,0.237019,2.092898,0.773816,-0.685496,2.092898
member,44990,5,6,0,2.193423,0.111534,0.459160,1.691079,1.386176,-1.415066,1.691079
member,40268,4,9,0,7.362566,0.000635,0.322079,1.363585,-2.340201,-6.229607,1.363585
member,5169,6,3,0,1.795705,0.166010,0.283787,1.881604,1.342010,-0.536174,1.881604
member,35151,4,3,0,2.182487,0.112761,0.173421,2.125866,0.444674,-0.430456,2.125866
member,46635,5,6,0,2.863182,0.057087,0.329329,1.847047,0.569944,-1.752484,1.847047
member,32957,5,5,1,1.573314,0.207357,0.207357,1.905582,1.453845,0.042806,-1.905582
member,40261,6,3,0,1.845431,0.157957,0.376180,1.586594,2.493962,-0.867743,1.586594
member,11807,4,6,0,2.058517,0.127643,0.339073,1.883175,1.030677,-0.976976,1.883175
member,42048,8,8,1,1.018316,0.361203,0.361203,1.490979,2.466575,0.086872,-1.490979
member,2710,4,2,0,1.869383,0.154219,0.217213,2.101692,0.694464,-0.342509,2.101692
member,12883,0,7,0,2.708309,0.066649,0.407114,1.767098,0.200032,-1.809647,1.767098
member,46275,5,5,1,1.806055,0.164301,0.164301,2.227583,0.690798,0.196044,-2.227583
member,44108,3,7,0,1.941708,0.143459,0.236856,1.935844,0.948877,-0.501406,1.935844
member,5227,4,2,0,1.983458,0.137593,0.197302,2.085322,0.792770,-0.360436,2.085322
member,34401,7,7,1,1.179331,0.307484,0.307484,1.802673,2.172900,0.164626,-1.802673
member,46086,0,8,0,1.591665,0.203586,0.499204,1.344943,2.608916,-0.896924,1.344943
member,5186,9,0,0,1.282760,0.277271,0.334670,1.436517,2.678829,-0.188149,1.436517
member,13709,7,6,0,2.487410,0.083125,0.225021,1.956521,1.011696,-0.995850,1.956521
member,18172,6,6,1,1.535848,0.215273,0.215273,1.966183,1.391558,0.130957,-1.966183
member,39229,5,8,0,4.413568,0.012112,0.316747,1.463979,-0.564151,-3.263918,1.463979
member,2579,5,8,0,2.701807,0.067084,0.236135,2.021982,-0.053752,-1.258454,2.021982
member,35600,6,6,1,1.682640,0.185883,0.185883,2.123778,0.866357,0.020868,-2.123778
member,38532,9,0,0,1.819314,0.162137,0.556559,1.432527,1.666759,-1.233333,1.432527
member,29484,3,3,1,1.350744,0.259048,0.259048,1.744471,2.178089,0.138847,-1.744471
member,25442,6,6,1,0.270218,0.763213,0.763213,0.978691,4.696882,2.443772,-0.978691
member,46697,3,7,0,2.494366,0.082549,0.212640,2.109169,0.118684,-0.946212,2.109169
member,1584,6,6,1,0.695599,0.498776,0.498776,1.630867,2.941575,1.489121,-1.630867
member,47459,7,0,0,1.920949,0.146468,0.366043,1.915780,0.888718,-0.915944,1.915780
member,18329,3,0,0,2.697094,0.067401,0.445191,1.796571,0.093512,-1.887843,1.796571
member,8188,5,9,0,2.571395,0.076429,0.193547,2.147860,0.088699,-0.929162,2.147860
member,8931,7,3,0,2.669407,0.069293,0.289022,1.811667,1.075410,-1.428153,1.811667
member,33140,4,5,0,1.724295,0.178299,0.254329,1.863469,1.562894,-0.355168,1.863469
member,21588,6,6,1,0.827682,0.437061,0.437061,1.686377,2.716935,1.125940,-1.686377
member,30813,6,1,0,2.106189,0.121701,0.183203,2.088108,0.596695,-0.409029,2.088108
member,45260,5,7,0,2.107286,0.121567,0.376593,1.911673,0.607359,-1.130697,1.911673
member,4867,8,9,0,2.750757,0.063879,0.317955,1.529787,0.862682,-1.604911,1.529787
member,9100,3,5,0,1.928987,0.145295,0.240887,1.790795,1.921528,-0.505558,1.790795
member,21006,5,6,0,2.138822,0.117794,0.362420,1.892267,0.888725,-1.123869,1.892267
member,42995,2,6,0,1.944515,0.143057,0.309406,1.818659,1.308773,-0.771414,1.818659
member,28563,3,1,0,3.030300,0.048301,0.316029,1.864208,-0.274205,-1.878379,1.864208
member,41965,6,0,0,3.020087,0.048797,0.196197,2.223976,-0.599968,-1.391452,2.223976
member,21028,8,8,1,0.457167,0.633075,0.633075,1.040733,4.361333,1.046356,-1.040733
member,21397,1,1,1,0.609549,0.543596,0.543596,1.427643,2.875448,0.918777,-1.427643
member,30758,9,8,0,1.655727,0.190953,0.650576,1.139034,2.103080,-1.225829,1.139034
member,26869,9,1,0,1.833921,0.159786,0.256027,1.876486,1.320408,-0.471448,1.876486
member,1704,4,9,0,3.287373,0.037352,0.401570,1.643063,0.127399,-2.374999,1.643063
member,41473,7,9,0,2.214802,0.109175,0.246893,2.102587,0.247575,-0.816004,2.102587
member,49578,7,9,0,4.163884,0.015547,0.522149,1.349464,-0.563162,-3.514081,1.349464
member,47742,2,3,0,3.238125,0.039237,0.245531,1.943693,-0.006414,-1.833795,1.943693
member,11568,3,6,0,2.335166,0.096794,0.223035,2.089337,0.327220,-0.834739,2.089337
member,31448,6,7,0,2.341700,0.096164,0.184727,2.134840,0.244902,-0.652824,2.134840
member,30878,2,2,1,1.551559,0.211917,0.211917,2.049360,1.531715,0.339011,-2.049360
member,34154,9,8,0,1.658778,0.190371,0.503834,1.516169,1.545367,-0.973271,1.516169
member,8407,5,6,0,2.371800,0.093313,0.226625,1.948327,0.573960,-0.887341,1.948327
member,45876,9,9,1,0.733861,0.480052,0.480052,1.298579,3.983294,0.842699,-1.298579
member,10016,8,8,1,0.468489,0.625948,0.625948,1.221213,3.292944,1.409974,-1.221213
member,11044,6,6,1,1.076953,0.340632,0.340632,1.845272,2.447186,0.552752,-1.845272
member,28437,3,0,0,4.189412,0.015155,0.409457,1.334123,-0.196901,-3.296489,1.334123
member,27224,5,7,0,2.158283,0.115523,0.241705,2.072045,0.403938,-0.738247,2.072045
member,25453,7,9,0,2.229993,0.107529,0.333410,1.883561,0.529824,-1.131610,1.883561
member,4421,6,7,0,1.854022,0.156606,0.179067,2.089123,0.963573,-0.134029,2.089123
member,1276,7,7,1,1.258926,0.283959,0.283959,1.760852,2.256289,0.235997,-1.760852
member,27243,8,6,0,5.761449,0.003147,0.425522,1.551683,-2.114356,-4.907011,1.551683
member,330,1,7,0,2.255010,0.104873,0.222084,2.039131,0.694066,-0.750310,2.039131
member,20294,4,6,0,1.644533,0.193103,0.236605,1.844629,2.054106,-0.203170,1.844629
member,2432,3,3,1,1.680738,0.186236,0.186236,2.105887,0.916775,0.098526,-2.105887
member,6347,1,6,0,3.687396,0.025037,0.321283,1.829742,-0.318030,-2.551962,1.829742
member,31809,2,1,0,3.787998,0.022641,0.454987,1.528082,-0.049236,-3.000511,1.528082
member,23468,4,6,0,2.005257,0.134626,0.401488,1.741120,1.534301,-1.092678,1.741120
member,17391,3,6,0,1.948800,0.142445,0.247154,1.808416,1.694775,-0.551055,1.808416
member,36044,6,6,1,0.952569,0.385749,0.385749,1.781965,2.632850,0.898787,-1.781965
member,39580,2,0,0,4.776547,0.008425,0.729616,1.009455,-0.534478,-4.461310,1.009455
member,20255,3,9,0,3.197310,0.040872,0.443600,1.652448,0.015979,-2.384478,1.652448
member,26719,6,6,1,0.840086,0.431673,0.431673,1.747814,2.557773,0.982748,-1.747814
member,9725,7,7,1,1.292408,0.274609,0.274609,1.886784,1.997148,0.344638,-1.886784
member,42725,4,9,0,2.371623,0.093329,0.135713,2.267313,0.009683,-0.374406,2.267313
member,14845,6,4,0,1.793073,0.166448,0.273875,1.942345,1.154111,-0.497988,1.942345
member,4883,7,7,1,1.182690,0.306453,0.306453,1.993045,1.551264,0.536326,-1.993045
member,40465,7,6,0,2.181577,0.112863,0.164501,2.231175,0.270099,-0.376736,2.231175
member,41336,1,7,0,2.569186,0.076598,0.192158,2.217267,-0.078766,-0.919748,2.217267
member,9798,2,0,0,5.198484,0.005525,0.489091,1.321896,-0.443270,-4.483277,1.321896
member,16429,6,6,1,1.220514,0.295078,0.295078,1.966935,1.986369,0.633964,-1.966935
member,4264,7,7,1,0.857131,0.424378,0.424378,1.776577,2.236763,1.238401,-1.776577
member,28501,6,6,1,1.555352,0.211115,0.211115,2.111805,1.167783,0.299788,-2.111805
member,48836,8,8,1,0.708270,0.492496,0.492496,1.571880,2.453896,0.996118,-1.571880
member,19785,2,7,0,1.994196,0.136123,0.230288,1.956977,1.179772,-0.525772,1.956977
member,15631,6,6,1,1.053578,0.348688,0.348688,1.837001,2.230253,0.720586,-1.837001
member,11901,9,9,1,0.525403,0.591317,0.591317,1.262329,3.207701,0.964319,-1.262329
member,16112,4,6,0,1.923103,0.146153,0.218204,1.956486,1.098057,-0.400780,1.956486
member,3715,7,8,0,2.954827,0.052088,0.201611,2.125466,-0.414073,-1.353413,2.125466
member,43725,8,8,1,0.404540,0.667284,0.667284,1.000903,5.879562,1.524700,-1.000903
member,1180,2,7,0,1.598645,0.202170,0.395426,1.762869,1.430417,-0.670852,1.762869
member,6067,0,0,1,0.583887,0.557726,0.557726,1.416262,2.695360,0.942279,-1.416262
member,36253,8,9,0,2.019773,0.132686,0.320206,1.998784,0.629986,-0.880981,1.998784
member,41883,7,6,0,2.665258,0.069581,0.500167,1.611431,0.970749,-1.972446,1.611431
member,949,3,6,0,1.982488,0.137726,0.145887,2.237814,0.482191,-0.057565,2.237814
member,36502,2,0,0,4.144545,0.015851,0.721100,1.053369,-0.371915,-3.817567,1.053369
member,8200,0,8,0,1.983835,0.137541,0.719617,1.007799,1.967771,-1.654799,1.007799
member,49180,8,8,1,0.543017,0.580993,0.580993,1.178098,3.591871,1.148307,-1.178098
member,48904,6,6,1,1.002868,0.366826,0.366826,1.705928,2.783486,0.532791,-1.705928
member,48861,0,0,1,1.194076,0.302984,0.302984,1.849450,1.682250,0.056869,-1.849450
member,42699,8,8,1,0.964593,0.381138,0.381138,1.428932,2.986775,0.287786,-1.428932
member,44390,3,1,0,2.716913,0.066078,0.277458,2.073606,-0.146901,-1.434827,2.073606
member,12146,6,1,0,2.877826,0.056257,0.410467,1.720171,0.236047,-1.987367,1.720171
member,29208,7,6,0,1.595958,0.202714,0.355584,1.758257,2.244314,-0.561963,1.758257
member,37981,1,3,0,2.434880,0.087608,0.210930,2.090641,0.187714,-0.878651,2.090641
member,20969,0,8,0,2.152213,0.116227,0.414432,1.471880,1.562032,-1.271367,1.471880
member,7990,9,8,0,1.493047,0.224687,0.430333,1.320094,2.675357,-0.649851,1.320094
member,4672,3,6,0,1.967666,0.139783,0.341481,1.925818,0.989686,-0.893203,1.925818
member,4459,1,6,0,3.740016,0.023754,0.464055,1.645676,0.297343,-2.972263,1.645676
member,25593,2,3,0,2.025532,0.131924,0.132331,2.265807,0.338689,-0.003087,2.265807
member,11113,6,1,0,3.258121,0.038461,0.329867,2.036317,-0.672223,-2.149055,2.036317
member,34680,4,0,0,2.889391,0.055610,0.271471,2.127563,-0.391458,-1.585490,2.127563
member,15868,1,1,1,0.962760,0.381838,0.381838,1.595226,2.328048,0.273508,-1.595226
member,31413,6,6,1,0.529814,0.588714,0.588714,1.462283,3.328169,1.781886,-1.462283
member,13620,8,8,1,0.453283,0.635539,0.635539,1.331526,2.818289,1.758278,-1.331526
member,4155,0,0,1,0.226882,0.797015,0.797015,0.527368,8.352677,1.387402,-0.527368
member,27884,2,7,0,1.433704,0.238424,0.255186,1.996438,1.260153,-0.067940,1.996438
member,16929,1,9,0,1.111646,0.329017,0.392043,1.621737,2.007104,-0.175261,1.621737
member,26669,7,9,0,1.565474,0.208989,0.397997,1.864096,1.261191,-0.644162,1.864096
member,46226,3,6,0,1.729174,0.177431,0.450945,1.574727,2.231576,-0.932765,1.574727
member,29242,5,0,0,2.843523,0.058220,0.331070,1.980128,-0.229816,-1.738096,1.980128
member,27539,7,5,0,1.553685,0.211467,0.234030,1.954956,1.357366,-0.101378,1.954956
member,25149,2,9,0,2.494845,0.082509,0.215544,2.184215,-0.067606,-0.960255,2.184215
member,20794,5,7,0,2.448660,0.086409,0.168255,2.190132,0.145671,-0.666386,2.190132
member,18684,3,3,1,0.961672,0.382253,0.382253,1.831955,1.862978,0.506063,-1.831955
member,44361,5,7,0,3.577974,0.027932,0.219132,1.997689,-0.814239,-2.059894,1.997689
member,13326,0,9,0,2.740093,0.064564,0.424955,1.686356,0.340675,-1.884321,1.686356
member,34829,6,6,1,1.561138,0.209897,0.209897,2.043294,1.344495,0.063303,-2.043294
member,29952,1,1,1,0.610640,0.543003,0.543003,1.467629,2.977727,1.424305,-1.467629
member,22771,5,5,1,1.651655,0.191732,0.191732,2.093982,1.256423,0.196918,-2.093982
member,16947,1,9,0,1.746543,0.174376,0.468109,1.548969,1.785496,-0.987489,1.548969
member,7708,9,9,1,0.742453,0.475945,0.475945,1.116929,3.234828,0.100104,-1.116929
member,21155,6,6,1,1.015587,0.362190,0.362190,1.904217,2.033035,0.879532,-1.904217
member,2360,7,7,1,1.589890,0.203948,0.203948,2.059639,1.233664,0.140646,-2.059639
member,49375,0,0,1,1.126332,0.324220,0.324220,1.812333,1.972012,0.384121,-1.812333
member,33641,8,8,1,1.011272,0.363756,0.363756,1.418886,2.954961,0.039550,-1.418886
member,34694,6,6,1,0.431304,0.649661,0.649661,1.286121,3.657209,2.083986,-1.286121
member,49723,0,4,0,4.354568,0.012848,0.218374,1.960060,-1.365938,-2.833021,1.960060
member,36525,6,6,1,1.123954,0.324992,0.324992,1.836502,2.060545,0.476807,-1.836502
member,12006,4,6,0,2.133301,0.118446,0.465178,1.656062,1.901543,-1.367967,1.656062
member,31489,8,0,0,1.285261,0.276578,0.585983,1.182112,2.493937,-0.750796,1.182112
member,39707,8,0,0,0.780852,0.458016,0.503479,0.867934,5.099380,-0.094638,0.867934
member,17008,1,1,1,0.124319,0.883098,0.883098,0.506663,5.029814,2.463427,-0.506663
member,26175,2,6,0,2.453383,0.086002,0.541714,1.560779,1.412479,-1.840366,1.560779
member,30833,6,9,0,3.628538,0.026555,0.271452,2.063600,-1.099018,-2.324566,2.063600
member,21444,8,0,0,1.042948,0.352414,0.377165,1.587765,2.060261,-0.067875,1.587765
member,43179,2,6,0,2.630922,0.072012,0.262790,1.786813,1.118364,-1.294524,1.786813
member,29987,9,9,1,1.059380,0.346671,0.346671,1.868408,1.754849,0.426501,-1.868408
member,30721,3,6,0,1.578723,0.206238,0.278272,1.923284,1.861328,-0.299567,1.923284
member,24787,8,9,0,1.891265,0.150881,0.380366,1.887369,0.916913,-0.924643,1.887369
member,44491,2,7,0,1.837618,0.159196,0.179006,2.197846,0.668513,-0.117283,2.197846
member,44778,0,8,0,3.194803,0.040975,0.597547,1.086970,1.601383,-2.679881,1.086970
member,32429,8,8,1,0.679695,0.506771,0.506771,1.247150,4.188275,0.753678,-1.247150
member,10989,0,8,0,1.295490,0.273764,0.313456,1.471066,2.900154,-0.135395,1.471066
member,22847,0,0,1,0.183268,0.832545,0.832545,0.573810,5.207857,1.795814,-0.573810
member,6676,7,0,0,1.880147,0.152568,0.180999,2.196053,0.565776,-0.170881,2.196053
member,14528,0,0,1,0.441292,0.643205,0.643205,1.159133,3.303869,1.157028,-1.159133
member,15809,1,7,0,2.660866,0.069888,0.322654,1.944316,0.428431,-1.529691,1.944316
member,3502,5,1,0,2.109835,0.121258,0.208443,2.055621,0.529462,-0.541746,2.055621
member,11948,8,8,1,0.292051,0.746730,0.746730,0.908419,4.091765,1.961428,-0.908419
member,11209,4,7,0,2.056719,0.127873,0.255922,1.811088,1.874312,-0.693838,1.811088
member,4108,3,4,0,1.618495,0.198197,0.207402,1.850525,1.725214,-0.045397,1.850525
member,5035,7,5,0,1.880567,0.152504,0.227821,2.027421,0.941526,-0.401370,2.027421
member,43562,3,1,0,2.060227,0.127425,0.285584,1.997288,0.739765,-0.807007,1.997288
member,18272,4,8,0,4.452872,0.011645,0.408046,1.569496,-1.105609,-3.556495,1.569496
member,47262,9,9,1,0.746742,0.473908,0.473908,1.501924,2.579117,0.590568,-1.501924
member,2522,5,6,0,2.077010,0.125304,0.211215,2.113403,0.526871,-0.522133,2.113403
member,23166,9,9,1,1.173619,0.309246,0.309246,1.994190,1.493259,0.440352,-1.994190
member,24676,0,1,0,3.952534,0.019206,0.292396,1.997043,-1.213377,-2.722886,1.997043
member,38153,9,1,0,1.207370,0.298982,0.464879,1.303022,2.700201,-0.441393,1.303022
member,7168,0,8,0,1.305017,0.271168,0.524989,1.302097,2.492639,-0.660639,1.302097
member,12365,7,7,1,0.749269,0.472712,0.472712,1.691344,2.614282,1.427116,-1.691344
member,21082,7,6,0,1.850577,0.157146,0.222445,1.995881,0.995219,-0.347500,1.995881
member,43741,4,6,0,1.923304,0.146123,0.238738,2.060958,0.784831,-0.490916,2.060958
member,39135,3,0,0,1.976887,0.138500,0.178190,2.165563,0.403787,-0.251980,2.165563
member,33582,3,5,0,1.759977,0.172049,0.305722,1.787059,1.726642,-0.574898,1.787059
member,31702,4,6,0,1.766900,0.170862,0.211698,1.994334,1.156076,-0.214303,1.994334
member,38237,8,8,1,0.883241,0.413441,0.413441,1.517038,2.554103,0.515868,-1.517038
member,22358,1,9,0,1.495889,0.224049,0.373495,1.828473,1.532633,-0.511039,1.828473
member,48246,0,0,1,0.377379,0.685656,0.685656,0.983394,4.054807,1.227345,-0.983394
member,5929,8,8,1,0.254713,0.775139,0.775139,0.909903,3.730412,2.303289,-0.909903
member,38282,1,0,0,2.998015,0.049886,0.508536,1.620501,0.076509,-2.321797,1.620501
member,40523,4,8,0,4.948059,0.007097,0.388266,1.489544,-1.314529,-4.001995,1.489544
member,14749,6,9,0,2.124323,0.119514,0.540559,1.519464,1.227366,-1.509171,1.519464
member,11034,5,0,0,4.668736,0.009384,0.566806,1.343109,-0.963003,-4.100998,1.343109
member,25200,2,6,0,2.635232,0.071702,0.389988,1.850687,0.452464,-1.693593,1.850687
member,29458,9,1,0,2.405568,0.090214,0.516384,1.420166,1.479672,-1.744664,1.420166
member,1175,6,6,1,0.830960,0.435631,0.435631,1.729058,2.699559,1.124396,-1.729058
member,38937,0,0,1,1.068629,0.343479,0.343479,1.902561,1.742196,0.614281,-1.902561
member,48125,8,8,1,0.285190,0.751872,0.751872,0.903729,3.936907,1.726122,-0.903729
member,47642,1,1,1,0.681895,0.505658,0.505658,1.439913,2.485119,0.638720,-1.439913
member,6049,4,5,0,1.686978,0.185078,0.202737,1.930818,1.421872,-0.091131,1.930818
member,35664,6,6,1,1.304657,0.271266,0.271266,1.719191,2.522430,0.008082,-1.719191
member,38144,5,6,0,2.078689,0.125094,0.205317,2.062429,0.679760,-0.495488,2.062429
member,33825,7,9,0,1.747500,0.174209,0.456834,1.628206,1.553001,-0.964064,1.628206
member,25386,8,5,0,5.344115,0.004776,0.275931,1.813768,-2.221418,-4.056512,1.813768
member,41041,8,0,0,1.826231,0.161019,0.580584,1.434435,1.424868,-1.282509,1.434435
member,24932,1,8,0,1.277327,0.278782,0.364030,1.377074,3.272387,-0.266807,1.377074
member,9763,2,6,0,2.753768,0.063687,0.436161,1.672912,1.057378,-1.924023,1.672912
member,36881,6,6,1,1.378460,0.251966,0.251966,1.985725,1.480954,0.299835,-1.985725
member,3776,4,3,0,2.133088,0.118471,0.283633,1.861691,1.654992,-0.873015,1.861691
member,10003,8,3,0,5.183160,0.005610,0.206988,2.062243,-2.405562,-3.608063,2.062243
member,13033,2,1,0,2.912350,0.054348,0.274683,1.959102,-0.114257,-1.620212,1.959102
member,19663,5,9,0,2.578895,0.075858,0.151282,2.221989,-0.196442,-0.690287,2.221989
member,3037,2,6,0,1.977748,0.138381,0.193715,2.124430,0.638468,-0.336382,2.124430
member,46901,5,0,0,3.236038,0.039319,0.464889,1.805164,-0.445963,-2.470083,1.805164
member,7063,3,9,0,4.092343,0.016700,0.497080,1.292384,-0.196963,-3.393338,1.292384
member,4233,8,8,1,0.219489,0.802929,0.802929,0.733727,4.516979,2.074742,-0.733727
member,27604,4,7,0,1.449091,0.234784,0.246434,1.845240,1.893080,-0.048431,1.845240
member,19646,6,1,0,3.265012,0.038196,0.482384,1.529937,-0.113188,-2.535996,1.529937
member,4982,3,7,0,1.795020,0.166124,0.219170,2.118321,0.713848,-0.277112,2.118321
member,21176,4,9,0,3.818581,0.021959,0.393052,1.855016,-0.996978,-2.884767,1.855016
member,48271,8,8,1,0.270362,0.763103,0.763103,0.853828,4.306533,1.855625,-0.853828
member,469,7,6,0,2.136320,0.118089,0.354737,1.828450,1.071533,-1.099942,1.828450
member,12859,4,0,0,6.804219,0.001109,0.832129,0.675911,-1.739791,-6.620452,0.675911
member,33449,2,6,0,2.702957,0.067007,0.404123,1.823045,0.531829,-1.796922,1.823045
member,18378,8,5,0,2.496242,0.082394,0.289241,1.915601,0.368607,-1.255746,1.915601
member,25309,3,5,0,2.139267,0.117741,0.205748,2.217492,0.334534,-0.558164,2.217492
member,24708,7,3,0,2.898796,0.055089,0.440606,1.628886,1.170628,-2.079192,1.628886
member,29070,4,6,0,1.965084,0.140144,0.201185,2.006549,1.265096,-0.361555,2.006549
member,4775,1,9,0,1.495889,0.224049,0.615741,1.228420,2.133123,-1.010959,1.228420
member,25024,4,7,0,1.707079,0.181395,0.200466,2.123023,0.893645,-0.099969,2.123023
member,33432,9,9,1,1.039717,0.353555,0.353555,1.707222,2.065402,0.305857,-1.707222
member,17075,6,6,1,1.180193,0.307219,0.307219,1.833434,2.154379,0.589787,-1.833434
member,18054,4,5,0,2.168649,0.114332,0.286443,1.884373,0.817051,-0.918434,1.884373
member,11668,3,1,0,2.330578,0.097240,0.533480,1.486204,1.309013,-1.702244,1.486204
member,1097,0,9,0,3.519526,0.029613,0.541337,1.605953,-0.568505,-2.905812,1.605953
member,5370,2,0,0,1.764440,0.171283,0.244569,2.067938,0.733251,-0.356182,2.067938
member,39072,8,8,1,0.470821,0.624489,0.624489,1.162049,3.599844,1.280330,-1.162049
member,30513,2,1,0,2.210950,0.109596,0.186039,2.131378,0.511304,-0.529152,2.131378
member,1282,8,1,0,2.832592,0.058860,0.415535,1.810061,0.065230,-1.954403,1.810061
member,37580,9,9,1,0.930088,0.394519,0.394519,1.779107,2.172823,0.723074,-1.779107
member,41091,1,0,0,2.108525,0.121417,0.291530,1.733969,0.964885,-0.875911,1.733969
member,12581,5,1,0,3.073761,0.046247,0.282166,1.760148,0.272174,-1.808501,1.760148
member,39515,2,6,0,2.176069,0.113487,0.299949,1.949353,1.008423,-0.971926,1.949353
member,48074,2,0,0,3.468593,0.031161,0.803318,0.846192,0.473419,-3.249588,0.846192
member,15477,2,0,0,2.287974,0.101472,0.276964,2.133863,0.175202,-1.004104,2.133863
member,5522,6,6,1,0.778382,0.459149,0.459149,1.675805,3.018892,1.370425,-1.675805
member,23811,7,9,0,1.887487,0.151452,0.247639,1.960248,1.047860,-0.491704,1.960248
member,48466,7,7,1,0.776318,0.460097,0.460097,1.771063,2.211326,1.487846,-1.771063
member,33046,7,9,0,4.695620,0.009135,0.341582,1.595990,-1.319421,-3.621453,1.595990
member,38195,7,6,0,1.968262,0.139699,0.238357,2.046288,0.747817,-0.534275,2.046288
member,21193,3,5,0,1.852847,0.156790,0.268288,2.128336,0.863415,-0.537155,2.128336
member,45271,5,5,1,1.428959,0.239558,0.239558,2.136624,1.197788,0.426961,-2.136624
member,10741,0,0,1,0.037850,0.962857,0.962857,0.217880,5.879510,4.038733,-0.217880
member,48559,9,9,1,0.872338,0.417973,0.417973,1.810821,2.026310,0.934997,-1.810821
member,25841,6,3,0,2.192668,0.111619,0.253108,1.872221,1.000374,-0.818728,1.872221
member,43816,5,6,0,1.689237,0.184660,0.191556,1.966954,1.340951,-0.036660,1.966954
member,842,7,7,1,1.127521,0.323835,0.323835,1.995121,1.548628,0.577085,-1.995121
member,10054,1,6,0,2.012403,0.133667,0.346190,1.858543,1.801784,-0.951634,1.858543
member,2059,5,3,0,1.987684,0.137012,0.190426,2.193836,0.400271,-0.329190,2.193836
member,6204,4,4,1,1.779871,0.168660,0.168660,2.146434,0.745748,0.034040,-2.146434
member,6175,4,6,0,2.821156,0.059537,0.494922,1.668424,0.733157,-2.117800,1.668424
member,7365,4,6,0,1.594330,0.203045,0.246407,1.978665,1.276646,-0.193560,1.978665
member,38301,8,1,0,2.626564,0.072327,0.373523,1.445552,1.266257,-1.641789,1.445552
member,3919,4,9,0,3.139884,0.043288,0.229320,2.118894,-0.651229,-1.667247,2.118894
member,32633,7,7,1,0.956814,0.384115,0.384115,1.725946,2.379810,0.570370,-1.725946
member,12551,1,1,1,0.708530,0.492368,0.492368,1.642470,2.634614,1.258920,-1.642470
member,40576,1,9,0,2.145506,0.117009,0.511688,1.699538,0.700795,-1.475465,1.699538
member,33748,1,1,1,0.510900,0.599955,0.599955,1.439462,2.831498,1.685937,-1.439462
member,9531,5,5,1,1.495360,0.224168,0.224168,2.073250,1.180744,0.048361,-2.073250
member,7220,3,5,0,1.919882,0.146624,0.211087,2.197595,0.545194,-0.364398,2.197595
member,21671,8,0,0,1.143524,0.318694,0.431841,1.403623,2.688451,-0.303828,1.403623
member,16781,5,5,1,1.102652,0.331989,0.331989,1.972179,1.753232,0.677453,-1.972179
member,41581,3,6,0,2.174707,0.113641,0.423628,1.806629,1.014769,-1.315807,1.806629
member,49612,5,6,0,2.415537,0.089319,0.282913,1.848415,1.083661,-1.152922,1.848415
member,10389,2,6,0,2.052901,0.128362,0.277014,1.873382,1.115459,-0.769213,1.873382
member,29212,1,9,0,2.319081,0.098364,0.506624,1.688728,0.636438,-1.639095,1.688728
member,17176,9,8,0,1.313686,0.268827,0.464144,1.484705,1.956748,-0.546124,1.484705
member,46988,7,7,1,0.787424,0.455016,0.455016,1.772414,2.241955,1.492417,-1.772414
member,47498,2,9,0,1.827105,0.160879,0.233681,2.095021,0.770562,-0.373305,2.095021
member,1710,3,3,1,1.662701,0.189626,0.189626,2.042573,1.291701,0.012688,-2.042573
member,47541,3,3,1,1.479226,0.227814,0.227814,2.165092,0.985185,0.337697,-2.165092
member,46407,6,6,1,0.816869,0.441813,0.441813,1.718084,2.774993,1.015906,-1.718084
member,26941,9,9,1,1.072103,0.342288,0.342288,1.862422,1.852874,0.299420,-1.862422
member,33611,1,1,1,1.193966,0.303017,0.303017,2.124646,1.333757,0.934233,-2.124646
member,28107,2,7,0,2.124413,0.119503,0.420123,1.799181,0.697917,-1.257205,1.799181
member,31398,6,9,0,2.443249,0.086878,0.184093,2.226819,-0.004241,-0.750933,2.226819
member,46192,0,0,1,0.450272,0.637455,0.637455,1.231170,3.282768,1.517101,-1.231170
member,3168,6,1,0,1.525379,0.217539,0.251758,1.881994,1.847098,-0.146092,1.881994
member,48315,3,4,0,2.350757,0.095297,0.277628,1.756079,1.453845,-1.069285,1.756079
member,25984,2,9,0,2.353622,0.095024,0.307285,1.886439,0.497151,-1.173641,1.886439
member,5046,3,6,0,1.815412,0.162771,0.284677,1.746791,1.994323,-0.559011,1.746791
member,15712,7,6,0,1.478982,0.227869,0.231545,1.953197,1.655849,-0.016000,1.953197
member,3210,2,2,1,1.709328,0.180987,0.180987,2.135845,0.986748,0.159323,-2.135845
member,45042,2,0,0,2.336572,0.096658,0.357550,1.904938,0.452118,-1.308091,1.904938
member,14085,2,6,0,2.042269,0.129734,0.254463,2.039908,0.672831,-0.673667,2.039908
member,14764,1,9,0,1.520026,0.218706,0.603392,1.180356,2.496812,-1.014837,1.180356
member,44102,1,1,1,0.477772,0.620164,0.620164,1.406246,2.782211,1.910008,-1.406246
member,19413,8,8,1,0.675684,0.508808,0.508808,1.325284,3.502345,1.039102,-1.325284
member,4348,0,0,1,0.616424,0.539872,0.539872,1.401461,2.988633,1.114927,-1.401461
member,12725,8,0,0,1.917584,0.146962,0.464645,1.761976,0.954176,-1.151104,1.761976
member,34024,9,8,0,2.906497,0.054667,0.494188,1.421553,0.833288,-2.201659,1.421553
member,41113,5,4,0,1.829985,0.160416,0.233995,1.858689,1.592226,-0.377531,1.858689
member,37931,0,0,1,0.231266,0.793529,0.793529,0.808989,4.073273,1.963724,-0.808989
member,16253,0,9,0,2.156673,0.115709,0.418003,1.711258,0.904985,-1.284405,1.711258
member,42984,0,0,1,0.097730,0.906894,0.906894,0.383861,5.739198,2.494069,-0.383861
member,27291,9,2,0,2.641817,0.071232,0.210068,2.110252,0.024431,-1.081491,2.110252
member,13912,8,0,0,1.681055,0.186177,0.494663,1.394762,2.303060,-0.977175,1.394762
member,26574,9,9,1,1.051335,0.349471,0.349471,1.780192,1.922526,0.172006,-1.780192
member,43740,0,8,0,2.518081,0.080614,0.394656,1.822918,0.375494,-1.588340,1.822918
member,15673,2,6,0,3.461289,0.031389,0.512697,1.474561,0.785428,-2.793218,1.474561
member,3396,5,9,0,4.754996,0.008609,0.338777,1.646224,-1.496219,-3.672582,1.646224
member,11070,6,7,0,2.134051,0.118357,0.229221,2.048863,0.842969,-0.660983,2.048863
member,45455,1,0,0,2.190899,0.111816,0.229244,2.172695,0.298912,-0.717930,2.172695
member,9887,4,7,0,2.257593,0.104602,0.465151,1.779683,0.565287,-1.492201,1.779683
member,22903,2,9,0,1.852129,0.156903,0.323619,1.861276,1.044794,-0.723940,1.861276
member,16828,7,7,1,1.311142,0.269512,0.269512,1.792676,2.033954,0.209348,-1.792676
member,20251,7,6,0,2.298872,0.100372,0.208189,2.119363,0.411028,-0.729565,2.119363
member,43249,5,9,0,3.828878,0.021734,0.326980,1.782579,-1.085606,-2.711023,1.782579
member,33083,2,1,0,3.097906,0.045144,0.463496,1.677431,-0.046678,-2.328949,1.677431
member,48498,2,9,0,2.673443,0.069014,0.196094,2.146817,-0.082731,-1.044282,2.146817
member,13247,3,1,0,1.688789,0.184743,0.311358,1.894961,1.844879,-0.521977,1.894961
member,18097,1,9,0,1.629088,0.196108,0.252791,1.856220,1.524886,-0.253895,1.856220
member,20565,7,7,1,1.577059,0.206582,0.206582,2.077652,1.357253,0.082919,-2.077652
member,35974,9,7,0,1.952658,0.141896,0.201548,2.147226,0.588844,-0.350931,2.147226
member,32459,4,1,0,2.579345,0.075824,0.209957,2.118818,0.026458,-1.018491,2.118818
member,7272,6,1,0,3.811560,0.022114,0.442919,1.584779,-0.560320,-2.997191,1.584779
member,18874,7,8,0,3.818408,0.021963,0.537927,1.571835,-0.746020,-3.198375,1.571835
member,17624,8,8,1,0.219813,0.802669,0.802669,0.750501,4.736373,2.321727,-0.750501
member,37773,3,3,1,1.889271,0.151182,0.151182,2.194594,0.567381,0.053266,-2.194594
member,4829,3,8,0,2.831147,0.058945,0.388702,1.557680,0.415393,-1.886204,1.557680
member,4855,3,0,0,3.406203,0.033167,0.343787,1.781767,-0.351081,-2.338470,1.781767
member,33173,6,6,1,1.371191,0.253805,0.253805,1.676843,2.878492,0.023458,-1.676843
member,21212,9,9,1,0.862209,0.422228,0.422228,1.660802,2.190448,0.403243,-1.660802
member,16754,3,7,0,2.300117,0.100247,0.238951,2.095654,0.321935,-0.868621,2.095654
member,32891,5,5,1,0.795133,0.451521,0.451521,1.689330,2.428177,0.916922,-1.689330
member,27947,5,3,0,1.862150,0.155338,0.260573,2.040919,0.875526,-0.517276,2.040919
member,15335,3,7,0,2.179233,0.113128,0.138395,2.276235,0.199558,-0.201586,2.276235
member,46683,2,3,0,1.609164,0.200055,0.279746,1.934347,1.868576,-0.335291,1.934347
member,16162,7,2,0,1.293635,0.274272,0.292856,1.821298,1.901318,-0.065561,1.821298
member,24449,7,6,0,1.797624,0.165692,0.422978,1.609486,2.500566,-0.937189,1.609486
member,3570,0,9,0,1.567151,0.208639,0.392277,1.747306,1.468447,-0.631363,1.747306
member,29637,2,7,0,1.956122,0.141406,0.184384,1.996747,0.886543,-0.265387,1.996747
member,42039,0,0,1,0.974736,0.377292,0.377292,1.807608,1.888053,0.483147,-1.807608
member,16125,8,8,1,0.960399,0.382740,0.382740,1.548380,2.329880,0.331883,-1.548380
member,7949,8,9,0,2.754462,0.063643,0.291328,1.879354,0.184302,-1.521156,1.879354
member,44804,4,7,0,2.050500,0.128671,0.278282,2.027986,0.599768,-0.771379,2.027986
member,34330,3,6,0,2.680894,0.068502,0.602571,1.423494,1.450928,-2.174344,1.423494
member,2493,7,7,1,0.900668,0.406298,0.406298,1.779155,2.178265,1.022294,-1.779155
member,47486,0,9,0,1.488423,0.225728,0.439331,1.516092,2.084068,-0.665920,1.516092
member,13150,5,5,1,1.335359,0.263064,0.263064,1.980876,1.504620,0.420801,-1.980876
member,33198,1,8,0,1.639736,0.194031,0.532017,1.340221,2.076827,-1.008656,1.340221
member,17031,1,1,1,0.763008,0.466262,0.466262,1.413098,2.763824,0.350779,-1.413098
member,39393,8,9,0,1.828458,0.160661,0.262759,2.075300,0.767493,-0.491941,2.075300
member,47114,8,8,1,0.748988,0.472845,0.472845,1.298022,3.861222,0.557849,-1.298022
member,14595,2,6,0,2.413148,0.089533,0.460399,1.593860,1.459050,-1.637486,1.593860
member,33942,8,0,0,1.236585,0.290374,0.477468,1.328611,2.805125,-0.497326,1.328611
member,15500,0,0,1,0.177965,0.836972,0.836972,0.629461,4.670346,2.015820,-0.629461
member,11165,5,5,1,1.154710,0.315149,0.315149,1.776443,2.099593,0.441264,-1.776443
member,48146,2,2,1,1.693889,0.183803,0.183803,2.187938,0.682166,0.071338,-2.187938
member,29645,2,1,0,3.406456,0.033159,0.591091,1.351646,0.529603,-2.880670,1.351646
member,36288,9,3,0,2.757513,0.063449,0.191413,2.127499,-0.188664,-1.104190,2.127499
member,33599,1,8,0,1.462938,0.231555,0.394513,1.480569,2.172544,-0.532836,1.480569
member,18442,3,9,0,3.123932,0.043984,0.440693,1.484783,0.080151,-2.304526,1.484783
member,6923,0,0,1,0.429788,0.650647,0.650647,0.827952,5.524748,0.763936,-0.827952
member,36511,3,3,1,1.551139,0.212006,0.212006,2.129017,1.014748,0.283112,-2.129017
member,46481,2,0,0,2.450006,0.086293,0.384593,1.941735,0.188425,-1.494438,1.941735
member,8492,6,7,0,1.978132,0.138327,0.220078,1.901002,1.411311,-0.464359,1.901002
member,29050,3,3,1,1.516191,0.219547,0.219547,1.926795,1.505973,0.003363,-1.926795
member,19647,3,3,1,1.551933,0.211838,0.211838,1.958154,1.463026,0.208489,-1.958154
member,11474,0,1,0,8.071478,0.000312,0.420450,1.675685,-4.282987,-7.205049,1.675685
member,25787,0,7,0,4.024135,0.017879,0.199581,2.101968,-1.216447,-2.412600,2.101968
member,10271,1,6,0,1.298463,0.272951,0.349699,1.749636,2.466342,-0.247781,1.749636
member,19304,7,7,1,1.039154,0.353754,0.353754,1.879061,1.964173,0.692147,-1.879061
member,28153,8,8,1,0.842292,0.430722,0.430722,1.315764,3.338286,0.212499,-1.315764
member,27705,2,9,0,2.011202,0.133828,0.165883,2.249572,0.465552,-0.214728,2.249572
member,47008,3,3,1,1.355671,0.257774,0.257774,2.003629,1.532208,0.466623,-2.003629
member,37284,6,6,1,0.708924,0.492174,0.492174,1.644603,3.171873,1.254223,-1.644603
member,40351,5,2,0,3.201597,0.040697,0.227857,2.077602,-0.501983,-1.722561,2.077602
member,23678,6,6,1,0.616549,0.539804,0.539804,1.566291,3.011792,1.511357,-1.566291
member,1863,4,7,0,2.004270,0.134759,0.368962,1.772061,1.232982,-1.007209,1.772061
member,39934,9,6,0,2.174299,0.113688,0.199055,2.060369,0.613957,-0.560126,2.060369
member,2593,8,8,1,0.367566,0.692418,0.692418,0.974272,4.543877,1.462111,-0.974272
member,11037,1,9,0,1.331159,0.264171,0.375354,1.529139,2.206128,-0.351274,1.529139
member,33899,2,9,0,2.823857,0.059376,0.388169,1.712304,0.193059,-1.877544,1.712304
member,4976,2,0,0,2.658862,0.070028,0.224420,2.143239,-0.164617,-1.164625,2.143239
member,13632,7,7,1,1.222604,0.294463,0.294463,1.834545,1.736012,0.303011,-1.834545
member,20638,3,0,0,3.889056,0.020465,0.655352,1.289426,-0.471394,-3.466474,1.289426
member,33647,0,3,0,4.019774,0.017957,0.184847,2.124538,-1.335485,-2.331545,2.124538
member,36557,9,9,1,0.942321,0.389722,0.389722,1.907865,1.836585,1.129623,-1.907865
member,22309,7,1,0,2.584333,0.075446,0.309075,1.978667,0.411374,-1.410163,1.978667
member,26376,0,0,1,0.175076,0.839393,0.839393,0.581296,4.978315,1.902117,-0.581296
member,41376,5,1,0,2.045383,0.129331,0.427053,1.790434,1.032769,-1.194537,1.790434
member,28503,6,3,0,1.673721,0.187548,0.260123,1.797812,1.862748,-0.327119,1.797812
member,34232,9,9,1,1.190954,0.303931,0.303931,2.065330,1.460468,0.811651,-2.065330
member,3698,6,6,1,1.410794,0.243949,0.243949,2.001957,1.414619,0.135405,-2.001957
member,26139,6,6,1,0.752575,0.471152,0.471152,1.569447,3.278733,0.992280,-1.569447
member,42602,2,6,0,3.113087,0.044463,0.629446,1.328727,1.133818,-2.650172,1.328727
member,29490,8,6,0,4.483932,0.011289,0.192497,2.104221,-1.763711,-2.836257,2.104221
member,45839,8,9,0,1.710234,0.180824,0.340667,1.699411,1.415731,-0.633382,1.699411
member,14736,8,0,0,1.600765,0.201742,0.360187,1.770384,1.388197,-0.579632,1.770384
member,35955,2,6,0,2.212544,0.109422,0.191470,2.120711,0.445977,-0.559519,2.120711
member,3519,4,7,0,1.576760,0.206644,0.278665,1.869801,1.451821,-0.299014,1.869801
member,29413,0,7,0,2.983829,0.050599,0.182137,2.218105,-0.548507,-1.280833,2.218105
member,43374,4,6,0,1.587178,0.204502,0.343110,1.725676,2.228693,-0.517475,1.725676
member,4962,4,6,0,1.906020,0.148671,0.442282,1.666197,1.811395,-1.090213,1.666197
member,47215,0,0,1,1.051813,0.349304,0.349304,1.590940,2.453434,0.359670,-1.590940
member,17770,4,6,0,2.943546,0.052679,0.274650,1.872219,0.724254,-1.651288,1.872219
member,16071,8,8,1,0.285485,0.751649,0.751649,0.740726,4.804929,1.309928,-0.740726
member,45842,9,9,1,0.964753,0.381077,0.381077,1.532152,2.378546,0.051699,-1.532152
member,3885,8,1,0,2.960766,0.051779,0.450228,1.512064,0.187011,-2.162764,1.512064
member,21824,2,8,0,5.596925,0.003709,0.783490,0.739427,-0.544225,-5.352928,0.739427
member,15724,5,3,0,1.936094,0.144266,0.202828,2.138859,0.560698,-0.340699,2.138859
member,2004,2,6,0,2.474617,0.084195,0.211904,1.993916,1.079718,-0.922993,1.993916
member,6056,4,7,0,1.503110,0.222437,0.265417,1.745275,2.395285,-0.176657,1.745275
member,22292,1,0,0,1.504526,0.222122,0.350160,1.770839,1.582428,-0.455161,1.770839
member,3136,0,1,0,5.827731,0.002945,0.355161,1.882090,-2.721402,-4.792547,1.882090
member,21728,3,7,0,1.867303,0.154540,0.228350,2.161629,0.644019,-0.390430,2.161629
member,13097,5,3,0,1.854503,0.156531,0.446075,1.687242,1.760484,-1.047235,1.687242
member,34427,9,1,0,1.685154,0.185416,0.656052,1.182227,1.900084,-1.263638,1.182227
member,44343,5,7,0,1.930747,0.145040,0.210764,2.077043,0.743979,-0.373730,2.077043
member,49721,2,3,0,2.586091,0.075314,0.204906,2.045264,0.182511,-1.000889,2.045264
member,44726,1,1,1,1.040161,0.353398,0.353398,1.416620,3.373428,0.318771,-1.416620
member,4315,7,6,0,2.130432,0.118786,0.232705,2.095277,0.491440,-0.672448,2.095277
member,11433,2,3,0,2.548826,0.078173,0.216581,2.035742,0.242769,-1.019034,2.035742
member,33238,3,9,0,2.548861,0.078171,0.210795,2.173290,-0.046701,-0.991991,2.173290
member,47412,9,9,1,0.555980,0.573510,0.573510,1.303239,3.058245,0.857531,-1.303239
member,29366,4,6,0,1.833753,0.159813,0.304433,1.929006,1.145123,-0.644448,1.929006
member,31023,0,9,0,2.314284,0.098837,0.244549,2.156662,0.281098,-0.905943,2.156662
member,17621,1,7,0,3.163661,0.042271,0.368625,1.882138,-0.094195,-2.165685,1.882138
member,13352,5,5,1,0.893868,0.409070,0.409070,1.634522,2.626030,0.416299,-1.634522
member,25260,5,3,0,1.607416,0.200405,0.398647,1.811397,1.395330,-0.687737,1.811397
member,4805,6,6,1,0.886823,0.411962,0.411962,1.698903,2.782191,1.091694,-1.698903
member,45636,5,3,0,1.498808,0.223396,0.290388,1.901740,1.508347,-0.262269,1.901740
member,29468,0,9,0,1.436015,0.237874,0.288263,1.555838,2.360904,-0.192135,1.555838
member,30896,3,9,0,1.702065,0.182307,0.206510,2.028817,1.092862,-0.124661,2.028817
member,22883,7,3,0,2.391046,0.091534,0.306814,1.828834,1.613153,-1.209533,1.828834
member,42328,2,7,0,2.268339,0.103484,0.222377,2.076684,0.594700,-0.764956,2.076684
member,28814,2,1,0,3.049262,0.047394,0.450562,1.672180,0.398740,-2.252002,1.672180
member,34796,9,9,1,0.475983,0.621274,0.621274,1.140319,3.621402,0.970428,-1.140319
member,48680,9,0,0,1.893394,0.150560,0.450438,1.485666,1.640657,-1.095858,1.485666
member,16522,3,3,1,1.862762,0.155243,0.155243,2.091777,0.900477,0.023624,-2.091777
member,34410,4,4,1,1.215702,0.296502,0.296502,1.759333,2.622662,0.353787,-1.759333
member,30293,1,1,1,0.269093,0.764072,0.764072,0.958287,3.582425,2.147604,-0.958287
member,16861,8,0,0,1.742627,0.175060,0.718462,0.947550,2.498534,-1.411984,0.947550
member,37199,0,0,1,0.844424,0.429805,0.429805,1.357137,3.105716,0.273814,-1.357137
member,37714,6,7,0,2.225174,0.108049,0.261784,1.917607,1.138042,-0.884939,1.917607
member,26361,0,7,0,2.472348,0.084386,0.185244,2.226280,-0.042363,-0.786269,2.226280
member,23392,5,7,0,2.319181,0.098354,0.543286,1.463423,1.230784,-1.709062,1.463423
member,40906,0,0,1,1.156937,0.314448,0.314448,1.774483,1.884974,0.083566,-1.774483
member,36273,3,1,0,2.093500,0.123255,0.521335,1.614281,1.120281,-1.442137,1.614281
member,34975,9,9,1,0.504403,0.603866,0.603866,1.164014,3.644502,0.938798,-1.164014
member,48571,5,3,0,2.017204,0.133027,0.171866,2.197453,0.545469,-0.256165,2.197453
member,22636,1,5,0,2.369975,0.093483,0.235690,2.034772,0.377577,-0.924739,2.034772
member,38160,5,7,0,1.920325,0.146559,0.317090,1.863950,1.127921,-0.771756,1.863950
member,32790,0,9,0,3.275097,0.037813,0.288803,2.078025,-0.687675,-2.033087,2.078025
member,34515,9,9,1,0.991489,0.371024,0.371024,1.527250,2.299676,0.153872,-1.527250
member,341,0,0,1,0.181953,0.833640,0.833640,0.774160,3.866685,3.122185,-0.774160
member,28851,5,7,0,1.946924,0.142712,0.237722,1.923222,1.309292,-0.510269,1.923222
member,15639,2,0,0,2.195750,0.111275,0.318769,1.978439,0.450068,-1.052462,1.978439
member,7481,6,4,0,1.748543,0.174027,0.185032,2.037654,1.113537,-0.061315,2.037654
member,22172,8,9,0,2.323313,0.097949,0.164828,2.233028,0.112027,-0.520459,2.233028
member,16235,0,0,1,0.123942,0.883431,0.883431,0.435577,5.726790,2.186536,-0.435577
member,34439,3,3,1,1.608407,0.200206,0.200206,1.981167,1.402808,0.057577,-1.981167
member,9303,6,6,1,1.063927,0.345098,0.345098,1.792657,2.393138,0.607506,-1.792657
member,31763,8,5,0,4.006270,0.018201,0.199018,2.099622,-1.301104,-2.391909,2.099622
member,4408,8,1,0,2.940483,0.052840,0.622297,0.912150,1.920100,-2.466145,0.912150
member,15127,3,5,0,1.695877,0.183438,0.283204,1.843705,1.589878,-0.434289,1.843705
member,20465,3,2,0,2.141333,0.117498,0.203200,2.101151,0.511607,-0.547767,2.101151
member,15178,4,7,0,2.110814,0.121139,0.315935,2.021515,0.652275,-0.958596,2.021515
member,16048,0,0,1,1.315385,0.268371,0.268371,1.975338,1.415922,0.302061,-1.975338
member,22269,1,0,0,1.523690,0.217906,0.398811,1.399163,3.007710,-0.604422,1.399163
member,48938,7,9,0,3.462957,0.031337,0.426653,1.679158,-0.334344,-2.611172,1.679158
member,19681,3,9,0,2.415856,0.089291,0.361918,1.935169,0.254961,-1.399520,1.935169
member,18683,1,7,0,2.331266,0.097173,0.167519,2.136572,0.284005,-0.544608,2.136572
member,35535,6,1,0,1.879408,0.152680,0.282540,1.956695,1.312628,-0.615472,1.956695
member,16107,9,6,0,2.200561,0.110741,0.215148,2.047300,0.707932,-0.664133,2.047300
member,13759,2,0,0,1.963944,0.140304,0.186342,2.207547,0.431378,-0.283773,2.207547
member,24493,9,0,0,1.701360,0.182435,0.194730,2.164557,0.830854,-0.065219,2.164557
member,33814,3,9,0,2.250266,0.105371,0.357568,1.709010,0.917163,-1.221836,1.709010
member,38796,0,8,0,0.934532,0.392770,0.583800,0.791557,5.697361,-0.396335,0.791557
member,9828,6,3,0,2.068052,0.126432,0.216752,2.090336,0.637986,-0.539052,2.090336
member,37810,7,9,0,2.454300,0.085923,0.143396,2.278423,-0.072887,-0.512153,2.278423
member,45297,0,1,0,3.870689,0.020844,0.482567,1.523289,-0.694043,-3.142054,1.523289
member,36296,6,6,1,0.346661,0.707045,0.707045,1.120433,4.250415,2.282916,-1.120433
member,19138,6,6,1,0.808091,0.445708,0.445708,1.710097,2.757475,1.032818,-1.710097
member,28889,5,3,0,2.003120,0.134914,0.257056,1.959034,1.263219,-0.644659,1.959034
member,11429,6,9,0,1.930811,0.145031,0.255933,2.063363,0.756306,-0.567969,2.063363
member,8473,4,9,0,2.425879,0.088400,0.193454,2.200883,0.043767,-0.783164,2.200883
member,31428,2,7,0,2.169483,0.114237,0.284890,2.088592,0.482976,-0.913829,2.088592
member,25229,6,7,0,3.322850,0.036050,0.207233,2.120775,-0.737525,-1.748938,2.120775
member,48133,8,9,0,1.421216,0.241420,0.458240,1.389673,2.566152,-0.640854,1.389673
member,5343,2,1,0,2.697148,0.067397,0.264410,2.039304,-0.111268,-1.366892,2.039304
member,6429,1,8,0,2.916006,0.054150,0.805144,0.730803,2.419602,-2.699272,0.730803
member,10098,8,8,1,0.399656,0.670551,0.670551,1.074809,3.414530,1.211226,-1.074809
member,32319,1,1,1,0.922375,0.397574,0.397574,1.753509,2.494334,0.944002,-1.753509
member,19891,9,9,1,0.552821,0.575324,0.575324,1.333929,2.811915,0.874434,-1.333929
member,7468,8,5,0,6.557306,0.001420,0.361068,1.696295,-2.988611,-5.538618,1.696295
member,34029,3,3,1,1.399045,0.246833,0.246833,2.053926,1.339174,0.539988,-2.053926
member,38247,4,7,0,2.373456,0.093158,0.252106,2.041794,0.430203,-0.995551,2.041794
member,9620,1,0,0,5.260725,0.005192,0.846901,0.477050,2.480662,-5.094553,0.477050
member,24560,3,0,0,3.200896,0.040726,0.660769,1.312483,0.025019,-2.786545,1.312483
member,5297,8,1,0,2.203937,0.110368,0.234642,2.125404,0.219060,-0.754245,2.125404
member,10439,3,3,1,1.302969,0.271724,0.271724,2.024310,1.603566,0.659664,-2.024310
member,18110,4,9,0,4.797983,0.008246,0.316525,1.654226,-1.436058,-3.647630,1.654226
member,9561,1,1,1,1.290092,0.275245,0.275245,1.512747,2.811594,0.090763,-1.512747
member,48360,4,8,0,4.168717,0.015472,0.288901,1.786084,-1.212145,-2.927047,1.786084
member,7456,9,6,0,1.897382,0.149961,0.232827,1.971882,1.173481,-0.439924,1.971882
member,8663,0,0,1,0.668148,0.512657,0.512657,1.349761,3.035066,0.633586,-1.349761
member,43405,9,1,0,1.236170,0.290495,0.394413,1.683260,2.002229,-0.305812,1.683260
member,13506,2,0,0,3.039744,0.047847,0.339624,1.741286,-0.060961,-1.959828,1.741286
member,6890,9,6,0,1.756944,0.172571,0.315342,1.914691,1.449883,-0.602845,1.914691
member,46830,9,9,1,1.067301,0.343936,0.343936,1.836824,1.801939,0.513283,-1.836824
member,46703,4,6,0,1.311372,0.269450,0.334141,1.682888,2.759211,-0.215179,1.682888
member,39126,4,8,0,9.445981,0.000079,0.784923,0.654573,-2.967313,-9.203812,0.654573
member,38472,3,7,0,2.285105,0.101763,0.194771,2.214027,0.162679,-0.649176,2.214027
member,6193,6,6,1,1.001573,0.367301,0.367301,1.737127,2.849014,0.631703,-1.737127
member,33180,4,4,1,1.413819,0.243213,0.243213,1.877052,1.623952,0.164161,-1.877052
member,4252,9,7,0,2.443707,0.086838,0.385369,1.838788,0.757374,-1.490153,1.838788
member,15953,3,3,1,1.266165,0.281911,0.281911,1.672894,2.465819,0.087333,-1.672894
member,30520,0,1,0,2.144957,0.117073,0.133192,2.271569,0.243889,-0.128996,2.271569
member,22807,9,8,0,1.622692,0.197367,0.359716,1.906434,1.160876,-0.600251,1.906434
member,21583,9,1,0,1.252683,0.285737,0.294811,1.817792,1.661705,-0.031262,1.817792
member,2418,4,1,0,3.150130,0.042847,0.260641,1.922750,-0.106661,-1.805518,1.922750
member,43473,4,2,0,1.877648,0.152949,0.234296,1.930464,1.602675,-0.426478,1.930464
member,24109,1,9,0,0.965228,0.380896,0.488219,1.230905,2.845906,-0.248236,1.230905
member,36560,8,8,1,1.128187,0.323619,0.323619,1.709716,2.008520,0.239322,-1.709716
member,31405,6,9,0,2.236207,0.106863,0.214259,2.082569,0.362272,-0.695637,2.082569
member,29905,1,9,0,1.728130,0.177616,0.267573,1.868169,1.533005,-0.409768,1.868169
member,1954,0,0,1,0.643145,0.525637,0.525637,1.584343,2.389331,1.115528,-1.584343
member,35071,3,3,1,1.092108,0.335508,0.335508,1.688449,2.406718,0.061082,-1.688449
member,45790,7,6,0,2.007105,0.134377,0.196802,2.153510,0.523628,-0.381549,2.153510
member,10657,5,6,0,2.147951,0.116723,0.221491,2.062767,0.542522,-0.640579,2.062767
member,3025,1,1,1,0.682269,0.505469,0.505469,1.026310,3.736444,0.191900,-1.026310
member,27391,4,6,0,1.682616,0.185887,0.203432,1.994212,1.197646,-0.090195,1.994212
member,13970,2,2,1,1.456759,0.232990,0.232990,1.973586,1.299741,0.119258,-1.973586
member,2116,4,3,0,2.263517,0.103984,0.185231,2.103673,0.527267,-0.577364,2.103673
member,44218,2,1,0,3.842083,0.021449,0.365962,1.652230,-0.509351,-2.836858,1.652230
member,18633,4,7,0,1.770840,0.170190,0.241270,1.901513,1.520220,-0.349002,1.901513
member,7920,9,1,0,2.099068,0.122571,0.561894,1.486942,1.466938,-1.522626,1.486942
member,31122,1,1,1,0.390976,0.676397,0.676397,0.977611,3.768000,1.056928,-0.977611
member,7342,1,9,0,1.911824,0.147811,0.728273,0.873525,2.862133,-1.594745,0.873525
member,22167,0,7,0,4.448203,0.011700,0.379030,1.891525,-1.589509,-3.478063,1.891525
member,14131,6,6,1,0.679284,0.506980,0.506980,1.580251,3.040719,1.331731,-1.580251
member,2868,2,7,0,2.112787,0.120901,0.182690,2.228306,0.275524,-0.412822,2.228306
member,3653,5,7,0,1.976827,0.138508,0.321819,1.946552,0.971332,-0.843062,1.946552
member,21994,7,7,1,1.367683,0.254696,0.254696,2.127919,1.092874,0.396144,-2.127919
member,22371,4,9,0,4.021116,0.017933,0.420957,1.609516,-0.848130,-3.155891,1.609516
member,26473,5,5,1,1.488813,0.225640,0.225640,1.917635,1.520315,0.136421,-1.917635
member,9736,6,7,0,1.859349,0.155774,0.189025,1.987694,1.042375,-0.193471,1.987694
member,49793,9,1,0,1.590225,0.203880,0.247395,1.932635,1.429025,-0.193457,1.932635
member,26600,9,1,0,1.641588,0.193672,0.201215,2.064477,1.056906,-0.038208,2.064477
member,25541,3,5,0,1.401369,0.246259,0.309061,1.762836,1.828815,-0.227153,1.762836
member,38905,2,6,0,2.525081,0.080052,0.173501,2.174016,0.181210,-0.773507,2.174016
member,15085,9,6,0,3.084781,0.045740,0.457337,1.735688,0.262925,-2.302446,1.735688
member,40412,9,8,0,2.365546,0.093898,0.793617,0.791757,2.053554,-2.134392,0.791757
member,18278,5,7,0,2.484082,0.083402,0.432365,1.680172,0.749521,-1.645596,1.680172
member,18289,4,7,0,1.627497,0.196421,0.247557,1.867727,2.048873,-0.231385,1.867727
member,2969,7,1,0,2.134706,0.118279,0.282575,1.990827,0.663545,-0.870896,1.990827
member,28556,3,6,0,1.825874,0.161077,0.183048,2.100281,0.815659,-0.127869,2.100281
member,6835,9,8,0,2.265444,0.103784,0.808055,0.703988,2.678139,-2.052318,0.703988
member,45467,3,6,0,2.083159,0.124536,0.224902,2.050674,0.763757,-0.591069,2.050674
member,13579,5,0,0,2.387039,0.091901,0.202747,2.156423,0.140021,-0.791243,2.156423
member,32128,3,7,0,2.032967,0.130947,0.467170,1.731981,1.054269,-1.271905,1.731981
member,23443,3,1,0,1.934570,0.144486,0.213530,2.055907,0.963933,-0.390592,2.055907
member,144,2,7,0,1.800069,0.165288,0.212376,2.020560,0.887949,-0.250672,2.020560
member,29706,2,7,0,2.042650,0.129685,0.538864,1.451144,1.456353,-1.424358,1.451144
member,9877,6,6,1,0.904319,0.404818,0.404818,1.793940,2.388543,0.992504,-1.793940
member,17581,7,7,1,1.504043,0.222230,0.222230,1.836130,2.594892,0.115060,-1.836130
member,33251,6,1,0,3.620124,0.026779,0.235633,2.053421,-1.076400,-2.174645,2.053421
member,16344,7,5,0,2.039949,0.130035,0.287118,1.808768,1.485179,-0.792085,1.808768
member,24103,6,6,1,0.867742,0.419899,0.419899,1.768469,2.873180,1.160890,-1.768469
member,47234,3,5,0,1.413919,0.243188,0.317517,1.888403,1.517353,-0.266697,1.888403
member,4622,9,8,0,1.349412,0.259393,0.470417,1.345631,2.624694,-0.595278,1.345631
member,40552,8,9,0,2.775066,0.062345,0.287547,2.010427,-0.010717,-1.528699,2.010427
member,1253,9,9,1,0.861449,0.422549,0.422549,1.520130,2.716617,0.628128,-1.520130
member,13075,2,0,0,4.366322,0.012698,0.682945,0.933508,-0.057746,-3.984981,0.933508
member,28364,7,7,1,1.597395,0.202423,0.202423,2.165404,0.937377,0.173638,-2.165404
member,7143,6,0,0,4.310734,0.013424,0.429195,1.845281,-1.545106,-3.464890,1.845281
member,17838,0,0,1,0.068020,0.934242,0.934242,0.347383,5.149441,3.402107,-0.347383
member,31492,2,6,0,2.001402,0.135146,0.252272,2.001040,0.810104,-0.624154,2.001040
member,30168,8,8,1,0.456104,0.633748,0.633748,1.066301,4.884905,1.288308,-1.066301
member,41840,9,9,1,1.060117,0.346415,0.346415,1.530159,2.338699,0.030716,-1.530159
member,40084,2,9,0,3.173177,0.041870,0.395631,1.626919,0.302924,-2.245903,1.626919
member,12800,1,9,0,1.563217,0.209461,0.626815,1.201754,2.154880,-1.096114,1.201754
member,6194,7,7,1,1.256312,0.284702,0.284702,1.878881,2.169715,0.426488,-1.878881
member,13685,5,6,0,1.949795,0.142303,0.325027,1.717597,2.091590,-0.825948,1.717597
member,23379,1,1,1,1.314729,0.268547,0.268547,2.065912,1.296180,0.385586,-2.065912
member,27063,4,9,0,2.382185,0.092349,0.183608,2.220109,0.182956,-0.687235,2.220109
member,34162,1,1,1,0.390060,0.677016,0.677016,0.889325,4.491134,0.978542,-0.889325
member,45520,9,6,0,1.598918,0.202115,0.218780,2.014325,1.255721,-0.079228,2.014325
member,16542,4,6,0,1.965702,0.140058,0.396169,1.720015,1.677602,-1.039788,1.720015
member,14563,9,9,1,0.700227,0.496473,0.496473,1.463979,2.759163,0.670670,-1.463979
member,26765,2,7,0,2.339376,0.096388,0.212041,1.898804,1.167109,-0.788400,1.898804
member,49615,0,1,0,2.396959,0.090994,0.163500,2.256608,-0.020473,-0.586019,2.256608
member,10853,9,9,1,0.504416,0.603858,0.603858,1.377195,2.730834,1.240782,-1.377195
member,29180,2,2,1,1.764353,0.171298,0.171298,2.229181,0.610555,0.172379,-2.229181
member,39362,8,6,0,4.920438,0.007296,0.364006,1.815584,-1.773315,-3.909852,1.815584
member,38959,6,6,1,1.249048,0.286778,0.286778,1.820843,2.177237,0.355779,-1.820843
member,12371,5,6,0,1.925102,0.145861,0.218549,2.014795,1.028291,-0.404358,2.014795
member,44509,7,1,0,2.152158,0.116233,0.192992,2.192611,0.409239,-0.507051,2.192611
member,28232,4,2,0,1.823093,0.161525,0.361751,1.928926,0.966718,-0.806293,1.928926
member,12123,1,1,1,0.941950,0.389867,0.389867,1.732589,2.514222,0.681202,-1.732589
member,17311,0,1,0,3.207316,0.040465,0.318702,1.800107,-0.298329,-2.063817,1.800107
member,33817,8,1,0,1.760613,0.171939,0.290969,1.875810,1.400533,-0.526073,1.875810
member,3617,3,2,0,2.298917,0.100368,0.180689,2.182111,0.132838,-0.587940,2.182111
member,1121,3,6,0,1.841741,0.158541,0.325917,1.803100,1.652861,-0.720629,1.803100
member,48745,2,8,0,5.793981,0.003046,0.429169,1.256352,-1.107568,-4.948076,1.256352
member,26185,5,6,0,2.408527,0.089948,0.390721,1.837654,0.855187,-1.468766,1.837654
member,31588,4,7,0,1.781235,0.168430,0.295490,1.849067,1.550632,-0.562117,1.849067
member,43813,3,7,0,2.605757,0.073847,0.222304,2.075694,0.022354,-1.102047,2.075694
member,24803,3,7,0,2.232399,0.107271,0.495455,1.593171,1.140746,-1.530119,1.593171
member,28452,2,3,0,1.764466,0.171278,0.229054,1.997171,1.195150,-0.290668,1.997171
member,35351,6,6,1,1.239413,0.289554,0.289554,2.035101,1.565013,0.728060,-2.035101
member,32605,9,9,1,0.731898,0.480995,0.480995,1.526068,2.662692,0.655195,-1.526068
member,31577,6,1,0,1.777712,0.169024,0.215026,2.086857,0.808562,-0.240714,2.086857
member,32897,8,6,0,6.060174,0.002334,0.376806,1.866945,-2.848202,-5.084150,1.866945
member,21748,2,7,0,1.981581,0.137851,0.307739,1.924746,0.861807,-0.803079,1.924746
member,10210,4,0,0,2.145010,0.117067,0.170916,2.215087,0.297071,-0.378424,2.215087
member,30478,2,6,0,3.418617,0.032758,0.415459,1.763759,0.292328,-2.540245,1.763759
member,24526,8,0,0,2.148684,0.116638,0.720730,1.018771,1.926875,-1.821193,1.018771
member,39453,9,1,0,1.293550,0.274295,0.348895,1.806250,1.795375,-0.240566,1.806250
member,48002,2,7,0,1.856889,0.156158,0.346295,1.837579,1.244063,-0.796425,1.837579
member,21365,2,6,0,2.399225,0.090788,0.337625,1.962119,0.462041,-1.313406,1.962119
member,22815,9,1,0,1.266215,0.281897,0.338742,1.731767,2.047168,-0.183697,1.731767
member,33753,4,3,0,3.071175,0.046367,0.225450,2.100831,-0.302569,-1.581519,2.100831
member,41619,2,1,0,2.542289,0.078686,0.359698,1.829350,0.757273,-1.519799,1.829350
member,20330,3,6,0,2.563051,0.077069,0.452068,1.696056,0.820912,-1.769128,1.696056
member,27651,6,6,1,0.896509,0.407992,0.407992,1.833766,2.186405,1.131712,-1.833766
member,16033,4,6,0,1.635176,0.194918,0.245511,1.952864,1.338404,-0.230761,1.952864
member,45693,6,6,1,1.241228,0.289029,0.289029,1.949293,1.843108,0.624687,-1.949293
member,43867,0,8,0,3.984278,0.018606,0.642467,1.156786,-0.300131,-3.541839,1.156786
member,7879,1,3,0,2.030171,0.131313,0.438641,1.532676,1.661896,-1.206096,1.532676
member,2084,1,7,0,2.169654,0.114217,0.179111,2.143099,0.464211,-0.449902,2.143099
member,36920,2,7,0,1.986903,0.137119,0.162652,2.204685,0.453308,-0.170758,2.204685
member,12687,5,3,0,2.277899,0.102499,0.256319,1.875889,0.950388,-0.916568,1.875889
member,13321,2,7,0,2.251544,0.105237,0.235291,2.058714,0.477664,-0.804613,2.058714
member,17832,2,0,0,7.471391,0.000569,0.919833,0.309368,-0.295878,-7.387828,0.309368
member,32610,7,4,0,1.963594,0.140353,0.261712,1.836823,1.409520,-0.623084,1.836823
member,46168,7,9,0,1.259814,0.283707,0.338448,1.827008,1.538106,-0.176430,1.827008
member,45417,5,6,0,1.957027,0.141278,0.238000,2.038553,0.796463,-0.521541,2.038553
member,4035,6,1,0,2.131925,0.118609,0.648503,1.237493,1.799099,-1.698837,1.237493
member,23656,2,2,1,1.517629,0.219231,0.219231,2.000425,1.188029,0.029306,-2.000425
member,19012,5,3,0,1.129962,0.323045,0.373535,1.597960,2.612269,-0.145218,1.597960
member,44033,5,6,0,2.043190,0.129615,0.225331,2.018345,0.786613,-0.553005,2.018345
member,399,4,6,0,1.888547,0.151292,0.214639,1.992773,1.219984,-0.349749,1.992773
member,28160,4,4,1,1.641682,0.193654,0.193654,1.947102,1.527331,0.089573,-1.947102
member,17436,7,3,0,1.812042,0.163320,0.165616,2.094038,0.860303,-0.013957,2.094038
member,41095,7,7,1,1.405479,0.245250,0.245250,2.049325,1.412779,0.461578,-2.049325
member,22494,9,1,0,1.635359,0.194882,0.269590,2.000032,1.224796,-0.324504,2.000032
member,30822,4,4,1,1.648066,0.192422,0.192422,2.002621,1.175308,0.038465,-2.002621
member,20050,3,1,0,2.357596,0.094647,0.394821,1.719375,0.811782,-1.428273,1.719375
member,40022,0,7,0,3.060462,0.046866,0.267463,2.089516,-0.511948,-1.741686,2.089516
member,12759,7,3,0,1.712031,0.180499,0.191345,1.975271,1.359756,-0.058354,1.975271
member,31166,1,0,0,3.076288,0.046130,0.651414,1.002661,1.600222,-2.647678,1.002661
member,6467,2,2,1,1.793308,0.166409,0.166409,2.267822,0.539971,0.323628,-2.267822
member,32237,6,6,1,1.431056,0.239056,0.239056,1.968950,1.480092,0.214544,-1.968950
member,1372,2,6,0,2.477134,0.083984,0.178400,2.189985,0.008016,-0.753408,2.189985
member,38358,7,4,0,1.601821,0.201529,0.214760,1.890076,1.555734,-0.063586,1.890076
member,926,7,9,0,2.850634,0.057808,0.321318,1.917811,-0.121763,-1.715310,1.917811
member,35817,6,9,0,2.470762,0.084520,0.344055,1.972878,0.278653,-1.403807,1.972878
member,10115,0,0,1,1.241442,0.288967,0.288967,2.038594,1.377929,0.515472,-2.038594
member,8318,9,9,1,1.090469,0.336059,0.336059,2.002183,1.524804,1.010919,-2.002183
member,26072,5,3,0,1.605507,0.200788,0.244677,1.997382,1.096464,-0.197692,1.997382
member,29729,0,9,0,2.378115,0.092725,0.515663,1.629656,0.713389,-1.715814,1.629656
member,9625,6,7,0,2.258839,0.104472,0.141827,2.279485,0.103628,-0.305694,2.279485
member,3785,3,3,1,1.169836,0.310418,0.310418,1.863849,1.836213,0.308406,-1.863849
member,20885,6,7,0,2.623002,0.072585,0.357682,1.886646,0.231580,-1.594890,1.886646
member,6904,0,8,0,2.759267,0.063338,0.475493,1.358887,1.112305,-2.015863,1.358887
member,6478,8,1,0,2.773069,0.062470,0.263112,2.115927,-0.110298,-1.437894,2.115927
member,27148,9,9,1,1.615325,0.198826,0.198826,2.157506,0.989389,0.226462,-2.157506
member,33657,4,1,0,2.189317,0.111993,0.226237,2.112741,0.519361,-0.703143,2.112741
member,38899,8,8,1,0.472162,0.623653,0.623653,1.145309,3.648645,1.340527,-1.145309
member,26816,7,9,0,4.598114,0.010071,0.576689,1.122431,-0.342591,-4.047663,1.122431
member,35546,0,0,1,0.877953,0.415633,0.415633,1.672972,2.206821,0.447706,-1.672972
member,41571,9,8,0,1.184449,0.305915,0.551407,1.044710,3.939029,-0.589167,1.044710
member,24447,0,0,1,0.303854,0.737969,0.737969,1.094901,3.176439,2.570305,-1.094901
member,30245,1,1,1,0.991400,0.371057,0.371057,1.864486,1.688595,0.794492,-1.864486
member,22557,0,0,1,0.168965,0.844539,0.844539,0.548568,5.263351,1.892590,-0.548568
member,45578,8,8,1,0.949025,0.387118,0.387118,1.327287,3.587402,0.051556,-1.327287
member,17735,2,7,0,2.378208,0.092717,0.533464,1.534021,1.046617,-1.749844,1.534021
member,25980,5,2,0,2.209789,0.109724,0.287203,1.955804,0.811207,-0.962224,1.955804
member,5864,0,0,1,0.874790,0.416949,0.416949,1.895828,1.844165,1.400350,-1.895828
member,6529,8,0,0,2.049347,0.128819,0.161394,2.175529,0.628390,-0.225440,2.175529
member,10536,4,5,0,2.425163,0.088464,0.241389,1.912846,0.993405,-1.003819,1.912846
member,28212,0,9,0,1.955820,0.141449,0.322852,1.625953,1.357056,-0.825259,1.625953
member,7360,0,9,0,2.039859,0.130047,0.342607,1.562251,1.371776,-0.968689,1.562251
member,38902,1,1,1,1.310450,0.269699,0.269699,2.001671,1.622211,0.552847,-2.001671
member,12510,4,7,0,1.793388,0.166395,0.294416,1.896140,1.416989,-0.570625,1.896140
member,10453,1,9,0,1.600382,0.201819,0.427922,1.776442,1.280446,-0.751567,1.776442
member,18377,1,1,1,0.509981,0.600507,0.600507,1.134497,3.521517,0.800291,-1.134497
member,20737,2,6,0,2.995818,0.049996,0.575522,1.483587,0.723608,-2.443340,1.483587
member,43335,4,6,0,1.705604,0.181663,0.398041,1.732330,1.799559,-0.784404,1.732330
member,8393,6,1,0,2.213636,0.109302,0.380839,1.766351,0.846388,-1.248257,1.766351
member,21102,2,0,0,2.995017,0.050036,0.268706,1.955758,-0.305026,-1.680881,1.955758
member,1162,8,8,1,0.333174,0.716646,0.716646,0.956352,4.197876,1.641764,-0.956352
member,2531,9,9,1,0.568810,0.566199,0.566199,1.525079,2.588971,1.398827,-1.525079
member,7844,2,8,0,4.515007,0.010944,0.513588,1.162641,-0.337064,-3.848673,1.162641
member,26047,4,1,0,4.131277,0.016062,0.322067,1.703792,-0.523377,-2.998281,1.703792
member,39016,9,7,0,1.903996,0.148972,0.222485,2.114787,0.708934,-0.401102,2.114787
member,41842,0,0,1,0.708577,0.492344,0.492344,1.123623,3.299308,0.193394,-1.123623
member,12702,1,8,0,1.786892,0.167480,0.421832,1.279905,3.159750,-0.923744,1.279905
member,33512,4,6,0,1.972767,0.139072,0.235055,1.997359,1.108936,-0.524832,1.997359
member,19802,7,7,1,0.809837,0.444931,0.444931,1.785299,2.034787,0.933037,-1.785299
member,5751,5,1,0,3.020348,0.048784,0.289819,1.845959,0.192301,-1.781847,1.845959
member,34355,9,9,1,0.553950,0.574675,0.574675,1.399911,2.784920,1.224322,-1.399911
member,30769,0,8,0,1.542032,0.213946,0.293308,1.843321,1.353840,-0.315499,1.843321
member,36492,2,3,0,2.935595,0.053099,0.390374,1.884286,0.004100,-1.994945,1.884286
member,25057,5,3,0,1.540989,0.214169,0.264067,1.904815,1.527337,-0.209436,1.904815
member,15821,9,9,1,0.873468,0.417501,0.417501,1.364718,4.017406,0.717578,-1.364718
member,28283,5,1,0,2.152990,0.116136,0.164399,2.209034,0.379982,-0.347533,2.209034
member,13650,0,0,1,1.244424,0.288107,0.288107,2.110115,1.242751,0.716454,-2.110115
member,40570,7,7,1,1.470151,0.229891,0.229891,1.983138,1.582505,0.154244,-1.983138
member,17172,6,9,0,2.666456,0.069498,0.271015,1.976605,0.202895,-1.360877,1.976605
member,12283,1,9,0,1.088748,0.336638,0.447565,1.462021,2.320691,-0.284815,1.462021
member,35460,2,7,0,2.259584,0.104394,0.301505,1.824299,1.113607,-1.060615,1.824299
member,34059,5,7,0,2.733807,0.064971,0.349214,1.911100,0.027305,-1.681737,1.911100
member,35235,1,9,0,1.156646,0.314539,0.423816,1.451308,2.729260,-0.298189,1.451308
member,26633,7,6,0,2.287621,0.101508,0.283196,1.920364,1.299884,-1.026004,1.920364
member,24470,1,1,1,1.087069,0.337203,0.337203,1.866624,1.606411,0.229836,-1.866624
member,18415,1,1,1,0.830280,0.435927,0.435927,1.203748,3.479949,0.153404,-1.203748
member,18954,3,3,1,1.372090,0.253576,0.253576,1.719771,2.466529,0.039802,-1.719771
member,37193,4,1,0,3.267409,0.038105,0.323846,1.839173,-0.146111,-2.139922,1.839173
member,20718,9,1,0,2.240089,0.106449,0.323809,2.072184,0.381888,-1.112489,2.072184
member,37400,9,8,0,1.449269,0.234742,0.389279,1.454479,2.559592,-0.505811,1.454479
member,3263,0,0,1,1.420838,0.241512,0.241512,2.141767,1.053583,0.462640,-2.141767
member,46179,2,6,0,2.043141,0.129621,0.217565,2.024550,0.810738,-0.517881,2.024550
member,31125,8,8,1,0.959907,0.382928,0.382928,1.488647,2.803496,0.428166,-1.488647
member,42232,6,3,0,2.238890,0.106577,0.204887,2.162591,0.357088,-0.653592,2.162591
member,43713,8,4,0,3.334515,0.035632,0.125314,2.256825,-0.910242,-1.257585,2.256825
member,7024,4,7,0,1.928804,0.145322,0.234010,2.009325,0.933972,-0.476412,2.009325
member,17498,4,6,0,1.721544,0.178790,0.247953,1.952011,1.243723,-0.327029,1.952011
member,29712,5,0,0,2.911152,0.054413,0.411039,1.909397,-0.246942,-2.022085,1.909397
member,32787,1,7,0,2.373292,0.093173,0.187384,2.089690,0.456273,-0.698695,2.089690
member,15107,6,4,0,1.633541,0.195237,0.202329,2.014233,1.150583,-0.035679,2.014233
member,2476,2,0,0,1.969637,0.139508,0.186350,2.204753,0.470060,-0.289509,2.204753
member,48077,5,5,1,1.314541,0.268597,0.268597,2.114122,1.423467,0.381979,-2.114122
member,11348,2,1,0,3.362706,0.034641,0.292832,1.881589,-0.472636,-2.134550,1.881589
member,29034,4,8,0,4.393068,0.012363,0.501769,1.474852,-0.947253,-3.703453,1.474852
member,1911,5,5,1,0.910777,0.402212,0.402212,1.577557,2.976109,0.540962,-1.577557
member,27727,8,8,1,1.154222,0.315303,0.315303,1.963728,1.537517,0.569351,-1.963728
member,36499,7,3,0,2.035857,0.130569,0.157704,2.214396,0.423052,-0.188820,2.214396
member,42093,6,9,0,4.185929,0.015208,0.224855,1.978787,-1.421536,-2.693631,1.978787
member,49530,0,8,0,2.316294,0.098639,0.283152,1.785519,0.685902,-1.054523,1.785519
member,27311,9,4,0,3.949569,0.019263,0.197788,1.963770,-0.775090,-2.329008,1.963770
member,14598,1,9,0,1.953543,0.141771,0.583581,1.275696,1.746397,-1.414971,1.275696
member,12074,2,4,0,1.977172,0.138460,0.195252,1.980164,0.968539,-0.343706,1.980164
member,41320,6,6,1,1.229412,0.292464,0.292464,1.899994,1.844729,0.440886,-1.899994
member,28987,7,7,1,0.942329,0.389719,0.389719,1.795043,2.098083,0.979033,-1.795043
member,2098,2,7,0,3.130768,0.043684,0.411467,1.631081,0.753204,-2.242743,1.631081
member,19533,1,9,0,1.757398,0.172493,0.319707,1.663203,1.548921,-0.617048,1.663203
member,34939,4,6,0,2.802587,0.060653,0.533732,1.520055,0.836964,-2.174726,1.520055
member,8023,0,8,0,3.716159,0.024327,0.460441,1.378053,-0.163565,-2.940589,1.378053
member,13253,3,1,0,1.874454,0.153439,0.221759,2.155065,0.763911,-0.368290,2.155065
member,1985,1,6,0,1.917727,0.146941,0.282873,1.980759,1.137411,-0.654970,1.980759
member,26011,9,9,1,1.200716,0.300979,0.300979,1.890255,1.703782,0.155707,-1.890255
member,3335,0,1,0,4.274172,0.013924,0.616800,1.381158,-0.971000,-3.790962,1.381158
member,26620,9,9,1,1.213922,0.297030,0.297030,1.799427,2.005629,0.209012,-1.799427
member,11744,1,9,0,1.731356,0.177044,0.311097,1.956975,1.006008,-0.563705,1.956975
member,18476,4,6,0,1.790732,0.166838,0.396062,1.657349,2.492374,-0.864548,1.657349
member,47611,4,6,0,1.788881,0.167147,0.302598,1.832674,1.514330,-0.593529,1.832674
member,25536,2,9,0,2.759979,0.063293,0.259506,1.948485,0.132685,-1.411003,1.948485
member,20864,2,6,0,2.169888,0.114190,0.255424,1.984512,1.465621,-0.805057,1.984512
member,43446,5,3,0,1.407467,0.244763,0.264702,1.785444,2.200713,-0.078316,1.785444
member,8006,8,1,0,1.137828,0.320514,0.341729,1.331999,4.023552,-0.064092,1.331999
member,29076,2,6,0,3.061511,0.046817,0.474075,1.591494,1.240200,-2.315121,1.591494
member,43720,3,4,0,1.908565,0.148293,0.253042,1.933973,1.117062,-0.534366,1.933973
member,23000,7,1,0,2.562698,0.077096,0.260517,1.981678,0.099726,-1.217609,1.981678
member,28193,1,0,0,1.800629,0.165195,0.334899,1.641545,1.588217,-0.706704,1.641545
member,21512,7,3,0,2.050243,0.128704,0.188826,2.051341,0.982852,-0.383316,2.051341
member,21024,6,6,1,1.451558,0.234205,0.234205,1.916637,1.891196,0.231892,-1.916637
member,15294,6,6,1,0.970553,0.378873,0.378873,1.838416,2.206581,0.901828,-1.838416
member,11661,0,9,0,1.813420,0.163095,0.297130,2.007264,0.878125,-0.599835,2.007264
member,31718,7,4,0,1.554995,0.211190,0.245346,1.829639,2.006252,-0.149911,1.829639
member,42115,5,5,1,1.450789,0.234385,0.234385,2.083507,1.286894,0.252696,-2.083507
member,28241,5,5,1,0.888289,0.411359,0.411359,1.770118,2.182520,0.537885,-1.770118
member,43151,4,6,0,1.678354,0.186681,0.265303,1.926806,1.405043,-0.351471,1.926806
member,9694,3,0,0,3.056568,0.047049,0.373132,1.950607,-0.394582,-2.070744,1.950607
member,25565,6,1,0,4.095172,0.016653,0.362312,1.760171,-1.163219,-3.079924,1.760171
member,34444,5,0,0,2.554398,0.077739,0.221206,2.199926,-0.137082,-1.045737,2.199926
member,14109,7,7,1,1.063432,0.345269,0.345269,1.916656,1.688140,0.568812,-1.916656
member,12958,2,7,0,2.125454,0.119379,0.356276,1.898181,0.744013,-1.093405,1.898181
member,23314,3,6,0,1.276996,0.278874,0.362399,1.576804,3.033628,-0.261987,1.576804
member,17926,3,7,0,2.062130,0.127183,0.431510,1.673922,1.609912,-1.221667,1.673922
member,20413,3,6,0,1.636744,0.194613,0.233774,1.825659,1.871638,-0.183344,1.825659
member,22458,0,0,1,0.067515,0.934713,0.934713,0.356528,5.026226,3.633062,-0.356528
member,44362,8,8,1,0.924522,0.396721,0.396721,1.693600,2.323678,0.582137,-1.693600
member,5676,4,6,0,1.722383,0.178640,0.334184,1.871814,1.357107,-0.626321,1.871814
member,43366,5,0,0,2.088476,0.123876,0.205685,2.206470,0.345346,-0.507066,2.206470
member,33871,2,6,0,2.314480,0.098818,0.175494,2.112213,0.468072,-0.574327,2.112213
member,609,8,8,1,0.151179,0.859694,0.859694,0.567895,5.712220,2.692461,-0.567895
member,30920,6,6,1,0.460015,0.631274,0.631274,1.339955,3.581645,1.862440,-1.339955
member,25259,3,1,0,3.124870,0.043943,0.350265,1.707179,-0.074582,-2.075805,1.707179
member,30393,5,6,0,2.008056,0.134249,0.343182,1.714713,2.174968,-0.938561,1.714713
member,38325,7,7,1,0.808780,0.445401,0.445401,1.793674,2.145193,1.450221,-1.793674
member,44288,2,7,0,1.608053,0.200277,0.285003,1.958066,1.244514,-0.352797,1.958066
member,48464,7,7,1,0.647316,0.523449,0.523449,1.503707,3.325759,1.173655,-1.503707
member,9289,0,0,1,0.214613,0.806853,0.806853,0.775403,4.044388,2.019898,-0.775403
member,26406,7,7,1,1.796492,0.165880,0.165880,2.160519,0.656407,0.002571,-2.160519
member,28058,3,3,1,1.651739,0.191716,0.191716,2.168572,1.041766,0.026207,-2.168572
member,22295,6,6,1,1.484653,0.226581,0.226581,2.027167,1.294450,0.185502,-2.027167
member,22051,9,9,1,1.025599,0.358582,0.358582,1.857490,2.048113,0.636071,-1.857490
member,44451,3,5,0,1.697622,0.183119,0.208632,2.151196,0.830998,-0.130438,2.151196
member,12512,6,1,0,2.413094,0.089538,0.289358,2.085713,0.098264,-1.173004,2.085713
member,48575,6,6,1,1.295413,0.273785,0.273785,1.923712,1.777505,0.347193,-1.923712
member,18775,7,6,0,2.120947,0.119918,0.237639,2.051075,0.680129,-0.683945,2.051075
member,15714,3,6,0,1.579312,0.206117,0.219327,1.946426,1.937038,-0.062122,1.946426
member,7976,6,9,0,1.304544,0.271296,0.296759,1.745445,2.147607,-0.089710,1.745445
member,33175,2,6,0,2.002694,0.134971,0.231758,2.008012,0.840569,-0.540635,2.008012
member,47634,6,6,1,0.456323,0.633609,0.633609,1.335145,3.528142,2.010059,-1.335145
member,8344,6,6,1,1.090282,0.336122,0.336122,1.933937,1.816919,0.796480,-1.933937
member,30589,4,5,0,2.198440,0.110976,0.231523,1.979217,0.684305,-0.735366,1.979217
member,11897,0,7,0,2.150685,0.116404,0.334283,2.058786,0.402327,-1.054916,2.058786
member,25495,2,7,0,2.209864,0.109716,0.271086,1.902271,0.752813,-0.904544,1.902271
member,22321,5,7,0,2.450881,0.086218,0.343191,1.924656,0.444236,-1.381414,1.924656
member,17679,9,9,1,0.816416,0.442013,0.442013,1.733041,2.088586,0.768172,-1.733041
member,12469,0,0,1,0.171734,0.842203,0.842203,0.497748,6.233429,1.760856,-0.497748
member,4657,3,9,0,3.027930,0.048416,0.310393,1.877999,-0.247366,-1.858014,1.877999
member,48393,8,1,0,2.999148,0.049829,0.460723,1.796812,-0.037829,-2.224191,1.796812
member,1687,6,7,0,2.280799,0.102203,0.273929,2.040211,0.487489,-0.985912,2.040211
member,22181,9,9,1,0.547285,0.578518,0.578518,1.212931,3.406035,0.935633,-1.212931
member,12791,5,1,0,2.997585,0.049907,0.420342,1.743758,-0.179259,-2.130899,1.743758
member,8040,5,7,0,1.967550,0.139799,0.212840,1.906312,1.200788,-0.420337,1.906312
member,31061,4,9,0,2.605898,0.073837,0.207382,2.123957,-0.021904,-1.032705,2.123957
member,35026,3,7,0,1.799115,0.165445,0.312639,1.766281,1.889838,-0.636410,1.766281
member,14829,2,7,0,2.775303,0.062331,0.378253,1.744911,0.564510,-1.803111,1.744911
member,38848,9,0,0,2.322653,0.098013,0.441064,1.645729,0.769846,-1.504087,1.645729
member,20062,7,7,1,0.778058,0.459297,0.459297,1.778794,2.065457,1.497790,-1.778794
member,28277,6,7,0,3.075488,0.046167,0.244542,1.995976,-0.136477,-1.667119,1.995976
member,34547,0,7,0,2.606985,0.073757,0.162273,2.236028,-0.207727,-0.788509,2.236028
member,10904,4,5,0,1.846663,0.157763,0.215377,1.914996,1.429545,-0.311298,1.914996
member,19220,2,2,1,1.467031,0.230609,0.230609,2.055048,1.194888,0.151030,-2.055048
member,24429,2,6,0,1.956291,0.141382,0.302723,1.773774,1.518806,-0.761355,1.773774
member,47349,1,0,0,3.009354,0.049324,0.429925,1.688240,0.223791,-2.165210,1.688240
member,18111,3,5,0,1.550240,0.212197,0.244217,1.837837,1.818433,-0.140541,1.837837
member,3541,8,9,0,2.518689,0.080565,0.457978,1.630067,0.536092,-1.737755,1.630067
member,25562,7,7,1,1.467754,0.230443,0.230443,2.179067,0.918799,0.460906,-2.179067
member,6759,7,7,1,0.315182,0.729656,0.729656,1.085324,3.481956,2.228056,-1.085324
member,33829,2,1,0,2.146230,0.116924,0.258498,2.033839,0.550550,-0.793362,2.033839
member,21275,0,5,0,3.673239,0.025394,0.223551,2.064527,-0.936131,-2.175122,2.064527
member,38232,7,7,1,1.163803,0.312296,0.312296,1.720811,2.680238,0.319967,-1.720811
member,14350,0,0,1,0.714868,0.489256,0.489256,1.409699,3.049990,0.657819,-1.409699
member,1226,7,7,1,0.708113,0.492573,0.492573,1.717071,2.146408,1.538655,-1.717071
member,9159,8,0,0,1.226932,0.293191,0.431401,1.540747,2.037924,-0.386215,1.540747
member,25665,2,6,0,2.333538,0.096952,0.249499,2.031918,0.472452,-0.945236,2.031918
member,20544,7,9,0,2.007556,0.134316,0.228575,2.167067,0.490014,-0.531666,2.167067
member,4119,7,9,0,3.085740,0.045696,0.404641,1.867073,-0.252004,-2.180985,1.867073
member,277,5,3,0,1.792782,0.166496,0.278501,1.926647,1.452386,-0.514447,1.926647
member,19036,8,7,0,4.121581,0.016219,0.242215,2.090170,-1.556165,-2.703650,2.090170
member,20046,4,1,0,4.416875,0.012072,0.564967,1.387200,-0.200167,-3.845887,1.387200
member,38648,3,9,0,3.381581,0.033994,0.486872,1.377706,-0.004674,-2.661827,1.377706
member,37312,5,1,0,3.737827,0.023806,0.388666,1.472766,-0.082028,-2.792792,1.472766
member,853,5,9,0,4.653969,0.009524,0.493372,1.512126,-1.520341,-3.947477,1.512126
member,43086,8,8,1,0.575310,0.562531,0.562531,1.212423,3.327917,0.708825,-1.212423
member,46493,3,3,1,1.385277,0.250254,0.250254,1.883613,1.428972,0.105960,-1.883613
member,19535,7,5,0,1.893006,0.150618,0.176754,2.065997,1.000519,-0.160008,2.065997
member,16463,4,6,0,1.600066,0.201883,0.350283,1.724840,2.311360,-0.551052,1.724840
member,36746,8,8,1,0.224537,0.798886,0.798886,0.744196,5.198274,2.333888,-0.744196
member,29860,0,1,0,3.835729,0.021586,0.404434,1.670571,-0.713633,-2.930463,1.670571
member,884,9,6,0,2.709090,0.066597,0.170392,2.053319,0.108442,-0.939436,2.053319
member,47842,8,9,0,2.914909,0.054209,0.379386,1.703268,0.153652,-1.945708,1.703268
member,21461,9,1,0,2.090737,0.123596,0.321003,1.815114,1.130887,-0.954432,1.815114
member,9403,2,1,0,3.829922,0.021711,0.344079,1.712859,0.016120,-2.763037,1.712859
member,33415,1,1,1,0.692807,0.500170,0.500170,1.589556,2.655346,1.011577,-1.589556
member,40743,7,9,0,2.541873,0.078719,0.280303,2.073450,0.053837,-1.269988,2.073450
member,23976,5,6,0,2.827853,0.059140,0.414986,1.735338,0.836155,-1.948343,1.735338
member,28139,6,6,1,1.358314,0.257094,0.257094,2.027514,1.420827,0.439626,-2.027514
member,46078,1,0,0,2.012733,0.133623,0.362378,1.696402,1.239095,-0.997665,1.696402
member,20717,6,6,1,1.291499,0.274858,0.274858,1.950978,1.873888,0.201988,-1.950978
member,27647,4,3,0,2.613712,0.073262,0.346319,1.766077,1.445862,-1.553317,1.766077
member,29970,5,7,0,2.132689,0.118518,0.314622,1.794073,1.101600,-0.976304,1.794073
member,24242,6,6,1,1.687646,0.184954,0.184954,2.137265,0.911890,0.219527,-2.137265
member,3035,7,3,0,2.632127,0.071925,0.391718,1.699360,1.300245,-1.694914,1.699360
member,6976,2,7,0,1.827628,0.160795,0.284257,1.994934,0.995265,-0.569752,1.994934
member,31765,1,6,0,1.981731,0.137830,0.487429,1.668889,1.353328,-1.263121,1.668889
member,23701,9,8,0,1.846077,0.157855,0.344611,1.435477,2.169199,-0.780738,1.435477
member,22077,9,9,1,0.969967,0.379095,0.379095,1.793042,1.916537,0.486639,-1.793042
member,19235,7,0,0,1.843913,0.158197,0.179680,2.162850,0.680255,-0.127338,2.162850
member,19892,5,6,0,1.851719,0.156967,0.261076,1.892030,1.579112,-0.508774,1.892030
member,36414,3,9,0,2.176410,0.113448,0.298225,1.734802,1.379268,-0.966504,1.734802
member,43915,7,9,0,3.445600,0.031886,0.268141,1.853277,-0.092876,-2.129358,1.853277
member,14697,2,6,0,2.521203,0.080363,0.316022,1.974988,0.415852,-1.369261,1.974988
member,28275,6,6,1,1.476905,0.228343,0.228343,1.839911,2.023158,0.048631,-1.839911
member,49861,8,0,0,1.201254,0.300817,0.509972,1.371308,2.263489,-0.527855,1.371308
member,49924,8,0,0,1.414853,0.242961,0.510963,1.435786,2.013388,-0.743395,1.435786
member,49959,1,2,0,1.835705,0.159501,0.169526,2.132687,0.835126,-0.060957,2.132687
member,10092,9,9,1,0.596610,0.550675,0.550675,1.457336,2.694065,1.023028,-1.457336
member,47576,4,7,0,2.618918,0.072882,0.164599,2.186691,-0.170485,-0.814674,2.186691
member,34858,3,7,0,2.792696,0.061256,0.208233,2.129900,-0.278518,-1.223598,2.129900
member,12805,4,7,0,1.987628,0.137020,0.260451,2.044247,0.677634,-0.642287,2.044247
member,12422,8,8,1,0.438765,0.644833,0.644833,1.063395,3.990827,1.114185,-1.063395
member,28728,8,8,1,0.624960,0.535283,0.535283,1.494302,2.600168,1.268414,-1.494302
member,41923,6,6,1,1.261682,0.283177,0.283177,1.875209,1.967241,0.453629,-1.875209
member,28236,6,6,1,0.856002,0.424857,0.424857,1.717708,2.514253,0.994515,-1.717708
member,23310,7,6,0,1.882069,0.152275,0.286214,1.899431,1.311474,-0.631054,1.899431
member,27811,9,0,0,2.142816,0.117324,0.380545,1.787744,0.788909,-1.176666,1.787744
member,14711,8,8,1,1.177617,0.308012,0.308012,1.923898,1.612438,0.437273,-1.923898
member,18794,6,6,1,0.501631,0.605542,0.605542,1.302888,4.196054,1.627776,-1.302888
member,6888,6,9,0,1.818851,0.162212,0.178041,2.165845,0.815570,-0.093110,2.165845
member,771,7,7,1,1.151704,0.316098,0.316098,2.068369,1.366411,1.096792,-2.068369
member,2767,9,9,1,0.591933,0.553257,0.553257,1.528908,2.616445,1.377171,-1.528908
member,33762,1,8,0,1.794950,0.166136,0.456752,1.397770,2.140163,-1.011335,1.397770
member,43246,7,0,0,2.099343,0.122537,0.444097,1.569749,1.279675,-1.287629,1.569749
member,32832,8,8,1,1.039094,0.353775,0.353775,1.626122,2.104374,0.071261,-1.626122
member,13062,3,5,0,1.603668,0.201157,0.300860,1.718516,2.294688,-0.402559,1.718516
member,44156,8,8,1,0.452549,0.636005,0.636005,0.991827,4.439949,0.991334,-0.991827
member,34736,5,0,0,2.766554,0.062878,0.155462,2.227738,-0.359073,-0.905198,2.227738
member,24513,4,6,0,1.935277,0.144384,0.498193,1.574778,1.932342,-1.238510,1.574778
member,46125,2,7,0,2.571484,0.076422,0.257269,2.074148,-0.048224,-1.213851,2.074148
member,38234,2,6,0,2.016982,0.133056,0.143815,2.209314,0.444739,-0.077757,2.209314
member,25209,1,1,1,0.741690,0.476308,0.476308,1.475487,2.806812,0.831342,-1.475487
member,26934,3,9,0,2.536808,0.079119,0.226774,2.101827,0.189898,-1.053006,2.101827
member,21362,6,6,1,1.256847,0.284550,0.284550,1.918630,1.946154,0.340836,-1.918630
member,32640,7,7,1,1.492138,0.224891,0.224891,2.003337,1.514843,0.326105,-2.003337
member,46345,9,9,1,0.781120,0.457893,0.457893,1.689510,2.162548,0.881697,-1.689510
member,22572,6,6,1,0.985723,0.373169,0.373169,1.825941,2.240642,0.755773,-1.825941
member,31854,1,9,0,1.155140,0.315013,0.482508,1.356916,2.450621,-0.426383,1.356916
member,5223,6,3,0,2.086087,0.124172,0.247979,1.997999,0.887689,-0.691674,1.997999
member,13179,2,3,0,3.502452,0.030123,0.364026,1.669117,0.519121,-2.491922,1.669117
member,17123,4,6,0,2.204301,0.110328,0.435335,1.727056,1.118806,-1.372662,1.727056
member,20089,8,0,0,1.467416,0.230520,0.464520,1.635227,1.565030,-0.700665,1.635227
member,5966,3,9,0,3.429745,0.032395,0.289321,1.888686,-0.509590,-2.189525,1.888686
member,36447,2,0,0,2.885662,0.055818,0.460388,1.790578,-0.069231,-2.109976,1.790578
member,646,2,7,0,2.105089,0.121835,0.218107,2.149311,0.439078,-0.582319,2.149311
member,3780,6,6,1,1.161148,0.313127,0.313127,1.912775,1.871039,0.716518,-1.912775
member,20231,9,8,0,1.505028,0.222011,0.310669,1.828193,1.456013,-0.336000,1.828193
member,19263,7,7,1,1.622098,0.197484,0.197484,2.032637,1.571313,0.160140,-2.032637
member,24761,8,9,0,1.584276,0.205096,0.378400,1.792549,1.275512,-0.612473,1.792549
member,17160,7,2,0,2.011900,0.133734,0.142216,2.209592,0.485148,-0.061493,2.209592
member,30809,3,3,1,1.013356,0.362999,0.362999,1.746028,2.513951,0.527408,-1.746028
member,19735,5,2,0,2.171208,0.114040,0.220443,2.164118,0.325575,-0.659094,2.164118
member,47428,0,7,0,1.683395,0.185742,0.277008,2.019198,0.985455,-0.399686,2.019198
member,38059,5,7,0,2.162636,0.115021,0.199573,2.154566,0.304654,-0.551063,2.154566
member,429,4,1,0,2.748167,0.064045,0.179985,2.189167,-0.281381,-1.033283,2.189167
member,9911,9,9,1,0.819859,0.440494,0.440494,1.271987,2.883426,0.056299,-1.271987
member,4016,7,9,0,2.009603,0.134042,0.319668,1.825142,1.000094,-0.869131,1.825142
member,2975,2,6,0,2.008670,0.134167,0.280571,1.852509,1.282318,-0.737741,1.852509
member,22227,1,1,1,1.127075,0.323979,0.323979,1.822240,1.863297,0.140256,-1.822240
member,46022,5,6,0,2.670009,0.069252,0.201902,2.025341,0.382292,-1.070035,2.025341
member,31427,6,6,1,1.360716,0.256477,0.256477,1.977339,1.553514,0.435708,-1.977339
member,38533,0,0,1,0.695593,0.498778,0.498778,1.577241,2.472220,1.086378,-1.577241
member,32233,0,8,0,1.789097,0.167111,0.336053,1.454854,2.490640,-0.698610,1.454854
member,37010,7,7,1,0.868081,0.419756,0.419756,1.857769,1.901181,1.244104,-1.857769
member,18750,9,8,0,1.685192,0.185409,0.343652,1.793287,1.238364,-0.617066,1.793287
member,46248,8,8,1,0.691538,0.500805,0.500805,1.360852,3.314427,0.967452,-1.360852
member,8409,7,7,1,0.458506,0.632227,0.632227,1.388327,2.736342,2.027006,-1.388327
member,10406,2,3,0,1.557879,0.210582,0.222658,2.005480,1.371740,-0.055759,2.005480
member,23955,6,6,1,0.598745,0.549501,0.549501,1.544704,3.086447,1.537794,-1.544704
member,23041,2,1,0,2.354017,0.094987,0.188760,2.150956,0.257040,-0.686740,2.150956
member,19833,4,2,0,2.148351,0.116676,0.197011,2.121541,0.534848,-0.523858,2.121541
member,48427,2,4,0,1.884613,0.151888,0.180220,2.125654,0.674670,-0.171034,2.125654
member,7268,3,2,0,2.197478,0.111083,0.183204,2.125429,0.388378,-0.500321,2.125429
member,44593,5,7,0,2.045023,0.129377,0.189482,2.232432,0.337950,-0.381560,2.232432
member,1138,8,1,0,3.687604,0.025032,0.526979,1.572271,-0.431581,-3.047010,1.572271
member,4985,4,9,0,2.879802,0.056146,0.248538,2.123362,-0.346540,-1.487644,2.123362
member,2885,0,9,0,2.210356,0.109662,0.355714,1.960056,0.533241,-1.176729,1.960056
member,48413,4,7,0,1.908119,0.148359,0.229089,1.995547,0.985062,-0.434474,1.995547
member,14977,7,7,1,1.725970,0.178000,0.178000,2.138151,0.855867,0.031723,-2.138151
member,38403,5,9,0,2.733095,0.065018,0.230661,2.181679,-0.255157,-1.266290,2.181679
member,23791,0,1,0,2.855285,0.057539,0.143013,2.248929,-0.416396,-0.910463,2.248929
member,10993,3,6,0,2.282859,0.101992,0.238108,1.984059,0.602820,-0.847828,1.984059
member,44421,5,6,0,1.766286,0.170967,0.216735,2.033165,1.306553,-0.237207,2.033165
member,26581,5,6,0,2.209104,0.109799,0.227960,2.056889,0.551739,-0.730518,2.056889
member,3120,1,9,0,2.170203,0.114154,0.177018,2.066054,0.834867,-0.438697,2.066054
member,39202,4,6,0,1.904944,0.148831,0.306489,1.903611,1.300103,-0.722369,1.903611
member,37447,9,9,1,0.794761,0.451689,0.451689,1.310861,3.174982,0.538673,-1.310861
member,4057,4,3,0,2.625669,0.072391,0.421062,1.695816,1.015640,-1.760695,1.695816
member,31985,1,1,1,1.065977,0.344391,0.344391,1.863836,1.874603,0.509445,-1.863836
member,49291,8,8,1,0.547958,0.578129,0.578129,0.993324,4.227201,0.545508,-0.993324
member,18869,7,9,0,2.522626,0.080249,0.434285,1.858498,0.225445,-1.688571,1.858498
member,27739,6,7,0,2.008723,0.134160,0.209798,2.137161,0.560958,-0.447112,2.137161
member,7070,6,3,0,1.605453,0.200799,0.243688,1.952639,1.706697,-0.193585,1.952639
member,33874,3,6,0,2.395653,0.091113,0.345266,1.877431,0.802069,-1.332212,1.877431
member,29558,5,6,0,2.533185,0.079406,0.352089,1.910373,0.504753,-1.489314,1.910373
member,17583,6,9,0,2.553892,0.077778,0.247448,1.960980,0.329383,-1.157337,1.960980
member,43156,5,6,0,1.714729,0.180013,0.299429,1.837734,1.647051,-0.508852,1.837734
member,18583,1,8,0,1.733714,0.176627,0.479643,1.198270,2.581676,-0.999001,1.198270
member,13458,3,1,0,2.756710,0.063500,0.399898,1.854009,0.110685,-1.840163,1.854009
member,17724,6,6,1,0.867153,0.420146,0.420146,1.638579,3.138938,0.874282,-1.638579
member,4569,3,9,0,1.936066,0.144270,0.155395,2.245757,0.455361,-0.074284,2.245757
member,31513,7,7,1,0.888822,0.411140,0.411140,1.762959,2.269278,0.809691,-1.762959
member,21496,9,7,0,1.628858,0.196153,0.221944,2.009263,1.341315,-0.123526,2.009263
member,18175,9,9,1,0.776791,0.459880,0.459880,1.609243,2.350818,0.574370,-1.609243
member,6329,7,7,1,1.430300,0.239237,0.239237,2.118918,1.083603,0.197168,-2.118918
member,14874,1,1,1,1.078119,0.340235,0.340235,1.862773,1.894220,0.660192,-1.862773
member,40462,6,3,0,1.737634,0.175936,0.288571,1.887415,1.830134,-0.494820,1.887415
member,47441,4,7,0,2.337880,0.096532,0.318194,2.001518,0.500521,-1.192786,2.001518
member,39230,0,8,0,1.732789,0.176791,0.482293,1.425975,1.834593,-1.003586,1.425975
member,30146,6,7,0,2.881530,0.056049,0.210765,2.120205,-0.355225,-1.324518,2.120205
member,49346,0,0,1,1.450469,0.234460,0.234460,1.974533,1.301068,0.057297,-1.974533
member,198,5,6,0,1.967536,0.139801,0.234798,1.966754,1.472818,-0.518506,1.966754
member,1448,1,9,0,1.168260,0.310907,0.444568,1.319296,2.939963,-0.357607,1.319296
member,17757,2,0,0,4.125350,0.016158,0.751985,0.882292,0.045002,-3.840312,0.882292
member,44011,6,6,1,1.242191,0.288751,0.288751,1.913632,2.011897,0.518602,-1.913632
member,10268,8,0,0,1.315292,0.268396,0.629199,1.045930,2.818224,-0.851984,1.045930
member,32008,9,7,0,1.903973,0.148976,0.417520,1.840933,0.881037,-1.030549,1.840933
member,20833,4,2,0,1.913068,0.147627,0.155132,2.152078,0.734871,-0.049591,2.152078
member,34626,5,7,0,2.321798,0.098097,0.255253,1.994615,0.394892,-0.956296,1.994615
member,8659,7,7,1,0.671566,0.510908,0.510908,1.535500,3.115089,1.365275,-1.535500
member,10045,7,9,0,2.221257,0.108473,0.236849,2.119993,0.337954,-0.780924,2.119993
member,16379,2,7,0,1.884777,0.151863,0.396013,1.845035,0.995272,-0.958468,1.845035
member,17244,1,9,0,1.272738,0.280064,0.368171,1.374709,2.651904,-0.273531,1.374709
member,31570,6,6,1,1.379704,0.251653,0.251653,1.860532,1.680752,0.057901,-1.860532
member,19723,5,2,0,2.065888,0.126706,0.223442,1.856799,1.114590,-0.567283,1.856799
member,40336,8,8,1,0.772345,0.461929,0.461929,1.041719,3.762969,0.015409,-1.041719
member,12618,3,5,0,0.987238,0.372604,0.417335,1.426938,2.992982,-0.113371,1.426938
member,5746,2,1,0,1.748101,0.174104,0.266220,1.941530,1.484029,-0.424668,1.941530
member,44070,2,6,0,1.753325,0.173197,0.250396,1.891406,1.468756,-0.368612,1.891406
member,43134,2,7,0,2.551600,0.077957,0.233334,2.009731,0.332215,-1.096316,2.009731
member,23575,9,1,0,0.859658,0.423307,0.529064,0.927147,3.707325,-0.223011,0.927147
member,47223,5,6,0,2.457877,0.085616,0.499172,1.648869,1.118982,-1.763073,1.648869
member,25326,2,2,1,1.468603,0.230247,0.230247,2.153382,0.908646,0.513034,-2.153382
member,44216,2,1,0,3.103581,0.044888,0.577395,1.480596,0.225293,-2.554353,1.480596
member,19819,5,6,0,2.612192,0.073374,0.249909,1.981310,0.296884,-1.225533,1.981310
member,47713,8,8,1,0.831887,0.435227,0.435227,1.565261,2.508439,0.669322,-1.565261
member,45673,9,9,1,0.799776,0.449430,0.449430,1.390198,3.340045,0.764824,-1.390198
member,41827,3,3,1,1.261021,0.283364,0.283364,1.901796,1.742260,0.311515,-1.901796
member,3840,1,9,0,1.754065,0.173069,0.274549,1.853988,1.172662,-0.461441,1.853988
member,34965,6,6,1,0.789457,0.454091,0.454091,1.619717,3.291998,1.027081,-1.619717
member,5645,5,1,0,2.275368,0.102759,0.278788,1.940330,0.954947,-0.998066,1.940330
member,33931,5,7,0,2.534920,0.079268,0.264442,2.016090,0.270843,-1.204786,2.016090
member,25315,3,1,0,1.739490,0.175610,0.281289,1.825741,1.510413,-0.471119,1.825741
member,23046,5,9,0,2.844168,0.058183,0.297333,1.871133,0.245034,-1.631265,1.871133
member,9672,7,7,1,1.454925,0.233418,0.233418,1.860234,2.044000,0.152359,-1.860234
member,45833,7,7,1,0.957342,0.383912,0.383912,1.904329,1.900170,1.171183,-1.904329
member,9242,9,8,0,1.210375,0.298085,0.389466,1.571932,2.080797,-0.267398,1.571932
member,35274,8,8,1,1.688561,0.184785,0.184785,2.171955,0.767147,0.124864,-2.171955
member,32446,4,3,0,2.241094,0.106342,0.228188,1.982898,0.843024,-0.763510,1.982898
member,681,5,7,0,2.035331,0.130637,0.401093,1.658732,1.913408,-1.121769,1.658732
member,45179,5,0,0,2.476388,0.084046,0.240037,2.111665,-0.067362,-1.049426,2.111665
member,46939,3,1,0,2.313150,0.098949,0.304247,1.793519,0.855270,-1.123236,1.793519
member,41768,1,9,0,1.184331,0.305951,0.423879,1.474982,2.304522,-0.326023,1.474982
member,8812,1,9,0,1.996153,0.135857,0.433474,1.825257,0.757004,-1.160229,1.825257
member,40264,6,3,0,1.975048,0.138755,0.385555,1.732605,2.038519,-1.021977,1.732605
member,25266,7,7,1,1.425052,0.240496,0.240496,1.847242,2.246250,0.185430,-1.847242
member,49379,8,8,1,0.783107,0.456984,0.456984,1.375030,2.813401,0.315547,-1.375030
member,28591,9,9,1,1.912388,0.147727,0.147727,2.219412,0.628124,0.006925,-2.219412
member,12758,3,6,0,1.486363,0.226194,0.266471,1.787184,1.993017,-0.163874,1.787184
member,8474,6,0,0,2.714944,0.066209,0.132584,2.280738,-0.386693,-0.694409,2.280738
member,24802,0,0,1,0.116044,0.890436,0.890436,0.559533,4.344379,3.716473,-0.559533
member,13505,1,8,0,1.497989,0.223579,0.321878,1.462367,2.974705,-0.364406,1.462367
member,18215,0,0,1,0.220126,0.802418,0.802418,0.658389,5.078640,1.648128,-0.658389
member,44984,8,9,0,2.058295,0.127671,0.551263,1.410099,1.269324,-1.462753,1.410099
member,6224,6,5,0,2.748243,0.064040,0.263097,1.832365,0.513246,-1.413012,1.832365
member,33322,8,8,1,1.135597,0.321230,0.321230,1.619758,2.196868,0.102448,-1.619758
member,32156,9,1,0,1.373236,0.253286,0.306324,1.615925,2.117409,-0.190124,1.615925
member,45143,0,8,0,1.024778,0.358876,0.426512,1.222571,4.366318,-0.172664,1.222571
member,10460,6,5,0,1.671760,0.187916,0.201273,1.886266,1.945201,-0.068668,1.886266
member,34110,9,9,1,1.175390,0.308699,0.308699,1.960661,1.446219,0.572567,-1.960661
member,36900,3,9,0,3.148783,0.042904,0.338599,1.777489,-0.147315,-2.065845,1.777489
member,36462,6,7,0,2.709256,0.066586,0.165318,2.198477,-0.314393,-0.909371,2.198477
member,585,8,0,0,1.354905,0.257972,0.645571,0.947123,3.835840,-0.917285,0.947123
member,26501,5,9,0,3.236671,0.039294,0.235472,2.069404,-0.505862,-1.790507,2.069404
member,39109,1,6,0,2.180606,0.112973,0.317544,1.988279,0.672062,-1.033468,1.988279
member,29316,8,0,0,0.907943,0.403353,0.454443,1.160147,3.829024,-0.119261,1.160147
member,23208,6,1,0,3.106871,0.044741,0.403155,1.575123,0.238095,-2.198437,1.575123
member,43785,9,9,1,1.204580,0.299818,0.299818,2.079856,1.305417,0.527023,-2.079856
member,23584,3,1,0,2.337055,0.096612,0.426427,1.523122,1.659396,-1.484740,1.523122
member,47910,2,6,0,2.688821,0.067961,0.455399,1.724460,0.681909,-1.902240,1.724460
member,40064,7,7,1,1.200092,0.301166,0.301166,1.980996,1.559354,0.737563,-1.980996
member,7650,6,6,1,0.935406,0.392427,0.392427,1.635474,3.010002,0.349626,-1.635474
member,7584,3,5,0,2.036869,0.130436,0.159718,2.231380,0.357436,-0.202524,2.231380
member,40551,6,9,0,1.767191,0.170812,0.186935,2.156905,0.787463,-0.090194,2.156905
member,36927,0,8,0,3.296185,0.037024,0.725913,1.079687,0.256458,-2.975859,1.079687
member,13373,7,7,1,1.016513,0.361855,0.361855,1.957126,1.687568,0.684577,-1.957126
member,13484,6,6,1,1.450631,0.234422,0.234422,2.135383,1.198937,0.601877,-2.135383
member,24492,0,6,0,6.078345,0.002292,0.312145,1.817601,-2.747391,-4.914056,1.817601
member,2463,8,8,1,1.196451,0.302265,0.302265,1.596020,2.102599,0.027532,-1.596020
member,9829,7,6,0,1.780463,0.168560,0.209230,1.979012,1.184124,-0.216140,1.979012
member,31684,2,6,0,2.260166,0.104333,0.210977,2.040744,0.816916,-0.704159,2.040744
member,37428,1,1,1,0.419816,0.657168,0.657168,0.889085,3.975327,0.819103,-0.889085
member,20339,3,6,0,2.039911,0.130040,0.334921,1.773381,1.963268,-0.946052,1.773381
member,48859,0,7,0,1.992209,0.136394,0.267267,2.018139,0.669081,-0.672704,2.018139
member,44240,9,9,1,0.989758,0.371666,0.371666,1.670595,2.295007,0.667168,-1.670595
member,47407,6,5,0,2.097856,0.122719,0.353054,1.651063,2.145015,-1.056721,1.651063
member,27506,1,0,0,3.358234,0.034797,0.786957,0.710691,2.281623,-3.118653,0.710691
member,17552,4,6,0,1.590858,0.203751,0.222811,1.881540,1.758703,-0.089428,1.881540
member,23514,1,1,1,0.353064,0.702532,0.702532,1.190564,3.159695,2.182932,-1.190564
member,26006,7,6,0,2.431100,0.087940,0.394333,1.834414,0.862557,-1.500541,1.834414
member,46859,1,3,0,2.420472,0.088880,0.236746,1.992579,0.528355,-0.979705,1.992579
member,29596,0,8,0,2.133926,0.118372,0.546864,1.362328,1.479070,-1.530371,1.362328
member,18046,6,9,0,3.279000,0.037666,0.280629,1.937212,-0.449369,-2.008280,1.937212
member,44418,1,1,1,1.306111,0.270871,0.270871,1.957945,1.431396,0.073278,-1.957945
member,31562,2,4,0,2.311894,0.099073,0.276312,1.838187,1.078626,-1.025668,1.838187
member,34962,1,9,0,1.689178,0.184671,0.280238,2.099462,0.921196,-0.417060,2.099462
member,7055,7,9,0,1.420583,0.241573,0.263060,1.945235,1.430039,-0.085211,1.945235
member,7646,8,8,1,0.580899,0.559395,0.559395,1.025524,4.111819,0.467195,-1.025524
member,25770,7,9,0,4.923040,0.007277,0.503043,1.327571,-1.081661,-4.235960,1.327571
member,43935,1,1,1,0.888520,0.411264,0.411264,1.639367,2.129996,0.278467,-1.639367
member,27719,9,9,1,1.451670,0.234179,0.234179,2.017617,1.325603,0.174369,-2.017617
member,28448,9,6,0,3.317925,0.036228,0.544861,1.558518,0.497002,-2.710701,1.558518
member,48430,0,9,0,2.122090,0.119781,0.516148,1.425929,1.633913,-1.460729,1.425929
member,24384,3,1,0,2.346295,0.095723,0.193852,2.196172,0.172827,-0.705634,2.196172
member,38939,2,6,0,2.417447,0.089149,0.378047,1.768329,1.139089,-1.444711,1.768329
member,36465,2,7,0,2.139037,0.117768,0.159464,2.255536,0.201741,-0.303097,2.255536
member,10927,7,3,0,1.699879,0.182706,0.195925,2.024168,1.167093,-0.069858,2.024168
member,42423,7,9,0,2.167678,0.114443,0.574084,1.413374,1.310082,-1.612699,1.413374
member,12894,1,8,0,2.380840,0.092473,0.733621,0.908349,2.519611,-2.071077,0.908349
member,41067,1,8,0,2.323184,0.097961,0.441909,1.439937,1.397983,-1.506533,1.439937
member,26106,3,3,1,0.969049,0.379444,0.379444,1.858172,2.068510,0.834121,-1.858172
member,45574,1,9,0,2.051695,0.128517,0.191373,2.061797,0.786087,-0.398162,2.061797
member,3290,6,4,0,1.736351,0.176162,0.194737,1.976372,1.227895,-0.100244,1.976372
member,34117,5,4,0,2.125257,0.119402,0.164553,2.160051,0.483642,-0.320733,2.160051
member,11427,1,1,1,1.611143,0.199659,0.199659,2.146508,0.956497,0.292125,-2.146508
member,15054,2,7,0,1.868319,0.154383,0.238736,2.113806,0.673861,-0.435922,2.113806
member,19474,9,9,1,0.457286,0.632999,0.632999,1.120323,3.432242,0.972849,-1.120323
member,3494,4,9,0,3.289698,0.037265,0.302451,1.937647,-0.516370,-2.093864,1.937647
member,5264,4,7,0,2.344447,0.095900,0.440825,1.683318,0.965615,-1.525340,1.683318
member,12377,3,9,0,3.172903,0.041882,0.470444,1.717659,-0.126220,-2.418825,1.717659
member,20366,1,1,1,0.493213,0.610661,0.610661,1.084720,3.602873,0.769112,-1.084720
member,45677,1,1,1,0.940705,0.390353,0.390353,1.883805,2.067751,1.160934,-1.883805
member,40829,7,0,0,1.915344,0.147291,0.261297,2.070421,0.731388,-0.573247,2.070421
member,6916,8,1,0,3.273879,0.037859,0.312234,1.884743,-0.375550,-2.109877,1.884743
member,18027,2,6,0,2.678352,0.068676,0.343746,1.911863,0.682036,-1.610501,1.911863
member,37745,2,7,0,2.111155,0.121098,0.224396,2.039534,0.548613,-0.616813,2.039534
member,21328,1,1,1,0.713958,0.489702,0.489702,1.528148,2.600358,0.691388,-1.528148
member,20279,5,6,0,2.377334,0.092798,0.493571,1.662521,1.019299,-1.671245,1.662521
member,41885,9,8,0,1.662739,0.189619,0.337887,1.760932,1.363264,-0.577695,1.760932
member,16545,6,7,0,1.795932,0.165973,0.242281,1.873102,1.535120,-0.378274,1.873102
member,14067,1,1,1,0.437034,0.645950,0.645950,1.336889,3.233668,2.140596,-1.336889
member,20630,3,1,0,2.612983,0.073315,0.460276,1.577493,1.280097,-1.837053,1.577493
member,21239,3,3,1,1.344683,0.260622,0.260622,1.960839,1.673226,0.232668,-1.960839
member,27152,3,7,0,2.473870,0.084258,0.638029,1.320406,1.093531,-2.024498,1.320406
member,26634,6,6,1,1.116369,0.327467,0.327467,1.902123,2.295846,0.709047,-1.902123
member,10821,6,6,1,1.353717,0.258278,0.258278,1.957235,1.753239,0.211489,-1.957235
member,19015,0,1,0,3.568780,0.028190,0.454674,1.447937,-0.083664,-2.780605,1.447937
member,14759,5,6,0,2.474723,0.084186,0.445073,1.643362,1.368016,-1.665206,1.643362
member,18119,3,5,0,1.634980,0.194956,0.216158,2.115421,0.965914,-0.103234,2.115421
member,42881,6,6,1,1.205266,0.299612,0.299612,1.975132,1.769672,0.735458,-1.975132
member,36207,5,3,0,1.645984,0.192823,0.324342,1.705491,2.311841,-0.520026,1.705491
member,49474,5,1,0,3.029271,0.048351,0.235701,2.131296,-0.437517,-1.584079,2.131296
member,1824,0,9,0,2.319443,0.098328,0.220291,2.089182,0.234348,-0.806637,2.089182
member,46194,1,3,0,4.237523,0.014443,0.300106,1.660840,-0.042395,-3.033904,1.660840
member,25434,4,7,0,2.481672,0.083603,0.355335,1.805143,0.994341,-1.446977,1.805143
member,40078,3,3,1,1.386515,0.249945,0.249945,1.909616,1.659601,0.232718,-1.909616
member,8909,7,7,1,1.595304,0.202847,0.202847,2.066866,1.137203,0.125874,-2.066866
member,20853,6,0,0,4.937621,0.007172,0.381361,1.813330,-2.086005,-3.973611,1.813330
member,27450,6,9,0,2.046510,0.129185,0.176758,2.220749,0.403494,-0.313535,2.220749
member,31937,9,2,0,2.597906,0.074429,0.223743,2.143645,0.046324,-1.100649,2.143645
member,6946,2,6,0,2.339466,0.096379,0.280833,1.953731,0.594906,-1.069469,1.953731
member,9685,4,7,0,1.559695,0.210200,0.259518,1.859561,1.704832,-0.210768,1.859561
member,34334,3,7,0,1.577256,0.206541,0.352216,1.844652,1.374908,-0.533745,1.844652
member,46758,8,8,1,0.441038,0.643368,0.643368,1.180681,3.366909,1.456302,-1.180681
member,28474,1,0,0,1.954274,0.141667,0.366992,1.832282,0.903958,-0.951858,1.832282
member,18668,9,9,1,1.189958,0.304234,0.304234,1.845666,2.141452,0.251101,-1.845666
member,37156,3,9,0,3.625196,0.026644,0.602633,1.119394,0.359857,-3.118749,1.119394
member,3564,0,0,1,0.589888,0.554389,0.554389,1.196743,3.539204,0.651453,-1.196743
member,28540,6,9,0,3.390456,0.033693,0.315689,1.890665,-0.629932,-2.237457,1.890665
member,18049,2,1,0,1.692789,0.184006,0.274164,1.940420,1.414466,-0.398759,1.940420
member,28079,5,5,1,1.183154,0.306311,0.306311,1.744669,2.477255,0.345774,-1.744669
member,28532,1,9,0,1.914532,0.147411,0.625296,1.335958,1.560102,-1.445002,1.335958
member,21420,3,9,0,1.924320,0.145975,0.217405,2.121219,0.613407,-0.398328,2.121219
member,322,9,1,0,1.749799,0.173809,0.579606,1.422980,1.582407,-1.204393,1.422980
member,47970,3,7,0,2.364240,0.094021,0.194861,2.199133,0.112848,-0.728771,2.199133
member,19345,4,9,0,4.184069,0.015236,0.338906,1.653575,-0.954054,-3.102035,1.653575
member,14804,8,0,0,2.251699,0.105220,0.306913,1.603764,1.274672,-1.070506,1.603764
member,45991,5,3,0,2.117653,0.120314,0.228974,1.935243,1.117025,-0.643509,1.935243
member,45619,8,0,0,2.021713,0.132428,0.757084,0.916543,2.013676,-1.743433,0.916543
member,49165,8,6,0,5.444381,0.004321,0.323113,1.818473,-2.278744,-4.314629,1.818473
member,28279,8,8,1,0.702907,0.495144,0.495144,1.352357,3.310476,0.887177,-1.352357
member,38831,6,9,0,3.193414,0.041032,0.270163,1.984327,-0.601827,-1.884686,1.984327
member,29276,5,5,1,1.322453,0.266481,0.266481,1.829106,1.701561,0.012871,-1.829106
member,27488,1,9,0,2.066552,0.126622,0.536844,1.232286,2.509031,-1.444505,1.232286
member,43005,5,0,0,3.620372,0.026773,0.644608,1.351630,-0.421880,-3.181259,1.351630
member,10496,7,9,0,1.762352,0.171641,0.356183,1.870380,1.164791,-0.730041,1.870380
member,42662,4,6,0,1.866068,0.154731,0.361432,1.855440,1.333807,-0.848387,1.855440
member,5528,8,1,0,2.738959,0.064638,0.169561,2.204402,-0.287014,-0.964415,2.204402
member,35387,2,5,0,2.538981,0.078947,0.192768,1.933361,0.613644,-0.892715,1.933361
member,31208,1,9,0,1.622764,0.197352,0.315917,1.977103,1.114012,-0.470489,1.977103
member,40987,1,1,1,0.464490,0.628455,0.628455,1.166974,3.427444,1.044259,-1.166974
member,21332,2,0,0,1.911129,0.147913,0.388680,1.853696,0.907226,-0.966131,1.853696
member,3402,2,3,0,2.554895,0.077700,0.227601,2.081670,0.111848,-1.074734,2.081670
member,7780,5,7,0,2.417555,0.089139,0.317859,1.778806,1.059020,-1.271406,1.778806
member,27135,4,6,0,2.075904,0.125443,0.281715,1.980739,1.047867,-0.809045,1.980739
member,45929,7,7,1,0.785210,0.456024,0.456024,1.708115,2.235425,1.375148,-1.708115
member,25715,4,6,0,1.703112,0.182116,0.396926,1.736233,1.617630,-0.779107,1.736233
member,22229,5,0,0,3.316586,0.036276,0.388235,1.798020,-0.438677,-2.370442,1.798020
member,482,1,3,0,2.787965,0.061546,0.273648,1.938653,0.054016,-1.492054,1.938653
member,28661,5,3,0,0.966476,0.380421,0.433231,1.328227,2.829019,-0.129992,1.328227
member,14181,4,6,0,2.067245,0.126534,0.492311,1.616547,1.701462,-1.358600,1.616547
member,39684,8,1,0,4.450022,0.011678,0.297092,1.904281,-1.485105,-3.236308,1.904281
member,8790,3,5,0,1.461622,0.231860,0.249587,1.865785,1.700087,-0.073673,1.865785
member,38978,8,8,1,0.873663,0.417420,0.417420,1.292841,3.093379,0.045052,-1.292841
member,40401,0,9,0,4.748496,0.008665,0.225144,1.998263,-2.015757,-3.257480,1.998263
member,2874,6,6,1,1.298396,0.272969,0.272969,2.044880,1.666162,0.717300,-2.044880
member,45435,9,7,0,2.603900,0.073984,0.286220,2.007394,0.242050,-1.352905,2.007394
member,22603,2,6,0,2.448071,0.086460,0.250078,2.042357,0.302927,-1.062087,2.042357
member,37027,1,7,0,3.383749,0.033920,0.398038,1.813998,-0.215700,-2.462542,1.813998
member,44393,6,9,0,2.401735,0.090561,0.220722,2.002429,0.462869,-0.890884,2.002429
member,4215,9,9,1,0.819271,0.440753,0.440753,1.512497,2.370239,0.306358,-1.512497
member,33067,5,5,1,1.536122,0.215214,0.215214,1.860096,1.956410,0.011804,-1.860096
member,13591,8,7,0,3.454533,0.031602,0.180492,2.170652,-0.977092,-1.742464,2.170652
member,44340,2,1,0,2.261890,0.104153,0.141418,2.274538,0.096768,-0.305857,2.274538
member,38869,4,1,0,2.331789,0.097122,0.202700,2.163883,0.316777,-0.735758,2.163883
member,46868,6,9,0,1.656683,0.190771,0.198535,2.098362,1.041029,-0.039893,2.098362
member,373,0,7,0,1.643332,0.193335,0.333767,1.921120,1.051002,-0.546019,1.921120
member,48581,7,9,0,2.263850,0.103949,0.214195,2.064991,0.406780,-0.722984,2.064991
member,39616,3,7,0,1.750379,0.173708,0.319585,1.885729,1.122136,-0.609648,1.885729
member,27088,6,4,0,1.608753,0.200137,0.224665,1.967118,1.305418,-0.115606,1.967118
member,32024,4,6,0,1.848144,0.157529,0.468096,1.594853,2.357431,-1.089062,1.594853
member,21634,0,7,0,1.260292,0.283571,0.294499,1.897409,1.508449,-0.037811,1.897409
member,4579,5,1,0,2.379212,0.092624,0.259095,1.853896,0.832983,-1.028650,1.853896
member,39392,0,9,0,3.645431,0.026110,0.575576,1.217042,0.207829,-3.093046,1.217042
member,17782,7,9,0,3.112282,0.044499,0.292934,1.878090,-0.251476,-1.884474,1.878090
member,40302,6,6,1,0.396712,0.672528,0.672528,1.163772,4.400393,1.882661,-1.163772
member,19516,4,5,0,1.743510,0.174905,0.344393,1.845598,1.290459,-0.677538,1.845598
member,28309,9,9,1,0.842278,0.430728,0.430728,1.717584,2.144011,0.802804,-1.717584
member,12617,7,7,1,1.106570,0.330691,0.330691,1.789254,2.277665,0.533610,-1.789254
member,35498,9,8,0,1.829182,0.160545,0.683021,1.032800,2.334460,-1.447953,1.032800
member,35884,1,1,1,1.038065,0.354139,0.354139,1.880963,2.042944,0.780611,-1.880963
member,31744,9,1,0,1.190846,0.303964,0.342961,1.786688,1.753624,-0.120706,1.786688
member,48720,7,9,0,2.190837,0.111823,0.255210,2.143960,0.386861,-0.825168,2.143960
member,13911,5,3,0,1.678891,0.186581,0.215503,1.926301,1.781380,-0.144109,1.926301
member,7094,5,3,0,1.521571,0.218369,0.258243,1.768845,2.449476,-0.167715,1.768845
member,15400,7,6,0,1.818783,0.162223,0.326731,1.804306,1.653213,-0.700166,1.804306
member,42129,3,9,0,3.542419,0.028943,0.341209,1.702455,-0.509411,-2.467158,1.702455
member,29297,2,6,0,2.023561,0.132184,0.276571,1.963195,0.913391,-0.738273,1.963195
member,33129,4,6,0,1.774324,0.169598,0.187344,2.044129,0.952548,-0.099513,2.044129
member,29116,9,9,1,1.332109,0.263920,0.263920,2.046567,1.241720,0.198043,-2.046567
member,7687,9,8,0,1.512960,0.220257,0.480573,1.446261,2.037167,-0.780184,1.446261
member,45114,4,6,0,1.500294,0.223065,0.403738,1.632211,2.633364,-0.593306,1.632211
member,62,8,8,1,0.174895,0.839545,0.839545,0.579071,5.430032,1.972518,-0.579071
member,25109,7,9,0,2.647211,0.070849,0.554434,1.513757,0.541330,-2.057403,1.513757
member,12024,8,9,0,1.722225,0.178668,0.330364,1.854319,1.121063,-0.614664,1.854319
member,37595,7,9,0,1.845204,0.157993,0.388569,1.864338,0.951795,-0.899920,1.864338
member,7892,9,9,1,0.810972,0.444426,0.444426,1.223957,3.501803,0.227897,-1.223957
member,20265,0,9,0,1.779876,0.168659,0.452686,1.384834,2.278499,-0.987320,1.384834
member,49706,7,9,0,2.016454,0.133127,0.355389,1.949146,0.715325,-0.981911,1.949146
member,47292,3,2,0,2.172130,0.113935,0.161761,2.245368,0.164986,-0.350493,2.245368
member,22681,5,9,0,4.110402,0.016401,0.471168,1.649602,-1.138629,-3.357861,1.649602
member,29909,9,9,1,1.123984,0.324983,0.324983,1.896544,1.622505,0.365344,-1.896544
member,2385,4,7,0,1.730463,0.177202,0.207223,1.903661,1.838359,-0.156504,1.903661
member,25884,2,6,0,2.050871,0.128623,0.336396,1.802484,1.406685,-0.961406,1.802484
member,3184,0,0,1,0.194344,0.823375,0.823375,0.720863,4.252346,2.137554,-0.720863
member,21752,1,7,0,3.032490,0.048195,0.421444,1.796600,-0.017194,-2.168423,1.796600
member,8358,8,9,0,3.079910,0.045963,0.527156,1.554772,0.227452,-2.439652,1.554772
member,4995,8,9,0,2.666069,0.069525,0.387430,1.890085,0.131743,-1.717848,1.890085
member,19990,4,6,0,2.273114,0.102991,0.195741,2.060849,0.698392,-0.642150,2.060849
member,37218,5,3,0,1.813856,0.163024,0.223404,1.981661,1.362932,-0.315081,1.981661
member,45047,8,5,0,3.102970,0.044916,0.305058,1.957053,-0.225754,-1.915716,1.957053
member,13734,6,6,1,1.027353,0.357953,0.357953,1.844246,2.117068,0.643906,-1.844246
member,6111,9,1,0,1.523269,0.217998,0.465018,1.563666,1.963572,-0.757590,1.563666
member,5373,8,0,0,1.130790,0.322778,0.426107,1.416786,2.658148,-0.277726,1.416786
member,42274,5,4,0,2.128347,0.119034,0.167418,2.154984,0.454456,-0.341088,2.154984
member,12431,5,9,0,3.537177,0.029095,0.505493,1.465951,-0.016414,-2.854956,1.465951
member,7918,6,6,1,1.138090,0.320430,0.320430,1.938998,1.835587,0.689946,-1.938998
member,35811,4,4,1,1.281137,0.277721,0.277721,1.747966,2.649645,0.096741,-1.747966
member,37630,1,9,0,1.834289,0.159727,0.443661,1.749886,1.097473,-1.021594,1.749886
member,12140,2,6,0,2.211364,0.109551,0.387439,1.756250,1.111254,-1.263166,1.756250
member,39634,3,1,0,3.432584,0.032303,0.540025,1.489913,-0.068853,-2.816445,1.489913
member,9645,8,0,0,1.245811,0.287708,0.388147,1.652896,1.914535,-0.299440,1.652896
member,43841,3,3,1,1.342609,0.261163,0.261163,2.028638,1.513053,0.361834,-2.028638
member,36448,3,3,1,0.915852,0.400175,0.400175,1.646701,2.490115,0.536873,-1.646701
member,25313,4,6,0,2.208051,0.109915,0.151857,2.194742,0.325829,-0.323233,2.194742
member,46535,6,0,0,4.305460,0.013495,0.314345,1.956835,-1.542761,-3.148196,1.956835
member,5304,8,0,0,1.972628,0.139091,0.777590,0.821774,2.302304,-1.721073,0.821774
member,38769,6,6,1,0.881509,0.414157,0.414157,1.739411,2.779728,1.152808,-1.739411
member,22445,5,3,0,1.758410,0.172319,0.285896,1.867890,1.685471,-0.506283,1.867890
member,10324,5,2,0,1.715139,0.179939,0.180354,2.079525,0.901212,-0.002306,2.079525
member,37746,5,2,0,2.022165,0.132369,0.166436,2.223273,0.349257,-0.229022,2.223273
member,41364,3,3,1,2.096879,0.122839,0.122839,2.282376,0.227867,0.000005,-2.282376
member,3180,0,9,0,1.709485,0.180959,0.360223,1.860847,1.229086,-0.688452,1.860847
member,29109,3,3,1,1.444341,0.235902,0.235902,1.917231,1.640037,0.084170,-1.917231
member,26629,2,0,0,3.762447,0.023227,0.696687,1.057071,0.039026,-3.401028,1.057071
member,17020,8,8,1,0.578307,0.560847,0.560847,1.210415,3.342890,0.777160,-1.210415
member,4614,4,6,0,3.329442,0.035813,0.356640,1.774830,0.363847,-2.298413,1.774830
member,30558,9,6,0,2.948502,0.052418,0.413755,1.807289,0.321465,-2.066021,1.807289
member,428,9,9,1,1.100653,0.332654,0.332654,1.845288,1.746441,0.355350,-1.845288
member,45144,4,9,0,2.428022,0.088211,0.185329,2.184539,0.151719,-0.742400,2.184539
member,36165,9,8,0,1.303825,0.271491,0.302091,1.737778,1.786310,-0.106798,1.737778
member,46191,6,6,1,0.921508,0.397919,0.397919,1.774015,2.619929,0.996277,-1.774015
member,43338,5,9,0,4.096337,0.016633,0.466425,1.449780,-0.673472,-3.333679,1.449780
member,21861,1,1,1,1.329519,0.264604,0.264604,2.055748,1.376502,0.427919,-2.055748
member,24211,9,9,1,0.623451,0.536091,0.536091,1.190472,3.182758,0.485341,-1.190472
member,10365,0,9,0,2.408211,0.089976,0.439847,1.342497,1.615685,-1.586883,1.342497
member,39272,3,1,0,2.888398,0.055665,0.437095,1.767723,0.003197,-2.060794,1.767723
member,33412,2,1,0,2.442479,0.086945,0.309971,1.914387,0.637460,-1.271204,1.914387
member,20849,3,7,0,1.467990,0.230388,0.259672,1.843560,2.137936,-0.119655,1.843560
member,16842,4,6,0,1.799397,0.165399,0.329979,1.878808,1.251151,-0.690670,1.878808
member,9998,1,1,1,1.143516,0.318697,0.318697,1.859193,1.746167,0.172862,-1.859193
member,23186,7,7,1,0.395088,0.673621,0.673621,1.240554,3.184527,1.953678,-1.240554
member,7497,8,8,1,0.267230,0.765497,0.765497,0.862640,4.087554,1.934654,-0.862640
member,5459,1,9,0,1.287225,0.276036,0.440782,1.555706,2.093055,-0.468019,1.555706
member,4573,4,0,0,4.788706,0.008323,0.620021,1.252870,-1.285340,-4.310703,1.252870
member,8171,6,6,1,0.816986,0.441761,0.441761,1.657696,2.921007,0.928671,-1.657696
member,33839,9,9,1,0.743242,0.475570,0.475570,1.099765,3.239685,0.092816,-1.099765
member,23588,2,7,0,1.872024,0.153812,0.212603,2.124118,0.691985,-0.323695,2.124118
member,41912,2,8,0,3.040307,0.047820,0.578151,1.156166,1.132147,-2.492387,1.156166
member,7294,8,0,0,1.474334,0.228931,0.701002,0.850307,3.745055,-1.119089,0.850307
member,25913,6,1,0,2.091069,0.123555,0.202714,2.184165,0.410742,-0.495111,2.184165
member,16357,2,9,0,3.034412,0.048103,0.286425,1.947748,-0.186731,-1.784132,1.947748
member,36329,9,0,0,2.306158,0.099643,0.451829,1.270640,3.850461,-1.511706,1.270640
member,46762,5,6,0,1.948698,0.142459,0.212946,1.996624,1.067558,-0.401984,1.996624
member,13263,9,8,0,1.780860,0.168493,0.534180,1.429488,1.606058,-1.153837,1.429488
member,33510,0,8,0,2.642730,0.071167,0.673626,1.216406,0.797111,-2.247650,1.216406
member,44105,7,7,1,0.915238,0.400421,0.400421,1.822708,2.009544,0.750101,-1.822708
member,11192,3,0,0,3.255439,0.038564,0.443315,1.801128,-0.400148,-2.441966,1.801128
member,27638,0,0,1,0.661873,0.515884,0.515884,0.926951,4.821051,0.187346,-0.926951
member,35305,9,3,0,2.595827,0.074584,0.212378,2.059580,0.248800,-1.046437,2.059580
member,17714,7,0,0,1.728476,0.177555,0.180621,2.172794,0.682129,-0.017120,2.172794
member,32663,8,1,0,4.129549,0.016090,0.572657,1.406637,-0.865431,-3.572081,1.406637
member,13167,3,6,0,1.931037,0.144998,0.409940,1.665993,1.720920,-1.039294,1.665993
member,25290,0,0,1,0.392504,0.675364,0.675364,1.294642,2.854299,2.208269,-1.294642
member,27401,5,6,0,2.013782,0.133483,0.295565,1.890344,1.246258,-0.794915,1.890344
member,12457,8,0,0,1.558511,0.210449,0.723700,0.844478,3.038412,-1.235133,0.844478
member,2185,1,1,1,0.845044,0.429539,0.429539,1.626194,2.389306,0.786647,-1.626194
member,37087,0,0,1,0.470529,0.624672,0.624672,1.432013,2.611771,2.168876,-1.432013
member,21358,6,6,1,0.948212,0.387433,0.387433,1.743029,2.543381,0.683993,-1.743029
member,40553,4,9,0,3.071863,0.046335,0.313779,1.987221,-0.403318,-1.912798,1.987221
member,25253,3,5,0,1.389117,0.249295,0.296814,1.768395,2.019145,-0.174468,1.768395
member,2494,6,6,1,1.317519,0.267799,0.267799,1.983631,1.564129,0.488320,-1.983631
member,11032,5,6,0,2.453420,0.085999,0.316677,1.930742,0.867041,-1.303547,1.930742
member,13611,6,2,0,3.339321,0.035461,0.198626,2.032789,-0.270004,-1.722989,2.032789
member,26444,7,7,1,1.228063,0.292859,0.292859,1.828478,2.227138,0.395507,-1.828478
member,41257,1,1,1,1.384780,0.250379,0.250379,2.020581,1.521348,0.589946,-2.020581
member,11762,0,0,1,0.460443,0.631004,0.631004,1.284152,2.930923,1.286542,-1.284152
member,5235,9,8,0,2.790533,0.061388,0.498125,1.438200,0.750922,-2.093630,1.438200
member,5763,6,3,0,1.496183,0.223983,0.262197,1.710236,2.409114,-0.157522,1.710236
member,19732,6,6,1,1.110296,0.329461,0.329461,1.959646,1.818612,0.976559,-1.959646
member,39017,7,6,0,1.626468,0.196623,0.275268,1.967623,1.257146,-0.336457,1.967623
member,36078,7,1,0,2.007857,0.134276,0.151813,2.231407,0.430416,-0.122749,2.231407
member,44767,1,1,1,0.467797,0.626381,0.626381,1.363812,2.968784,1.480226,-1.363812
member,28280,1,9,0,1.875761,0.153238,0.220184,2.091645,0.830513,-0.362469,2.091645
member,46354,3,3,1,1.478106,0.228069,0.228069,2.142816,1.027881,0.249785,-2.142816
member,42758,1,8,0,2.349350,0.095431,0.466618,1.197812,2.466779,-1.587105,1.197812
member,48920,8,2,0,3.097941,0.045142,0.191750,2.197462,-0.564766,-1.446380,2.197462
member,47078,9,6,0,3.569924,0.028158,0.338306,1.847636,0.049259,-2.486119,1.847636
member,18151,5,1,0,2.750038,0.063925,0.341377,1.932776,0.221507,-1.675270,1.932776
member,41440,8,6,0,7.579377,0.000511,0.576016,1.450553,-3.629269,-7.027758,1.450553
member,18346,5,3,0,1.474802,0.228824,0.271100,1.779037,2.216124,-0.169536,1.779037
member,21522,0,0,1,0.970549,0.378875,0.378875,1.935123,1.714855,0.935985,-1.935123
member,39092,5,5,1,0.535230,0.585535,0.585535,1.275232,3.763448,1.060107,-1.275232
member,29608,5,6,0,2.652951,0.070443,0.463621,1.614779,1.153840,-1.884262,1.614779
member,19136,4,1,0,3.022625,0.048673,0.317088,1.935462,0.143242,-1.874048,1.935462
member,9384,0,8,0,1.259566,0.283777,0.316804,1.647435,1.991191,-0.110093,1.647435
member,21112,1,9,0,1.013600,0.362910,0.452729,1.363241,2.502425,-0.221138,1.363241
member,43030,4,6,0,2.004022,0.134792,0.193234,2.073568,0.855874,-0.360170,2.073568
member,16158,1,6,0,4.157605,0.015645,0.428813,1.643778,0.098569,-3.310871,1.643778
member,24592,0,0,1,0.176335,0.838337,0.838337,0.746218,3.942291,2.827205,-0.746218
member,27461,4,6,0,2.540261,0.078846,0.290593,1.961968,0.433513,-1.304430,1.961968
member,10166,4,8,0,5.284432,0.005070,0.491550,1.412091,-1.679744,-4.574240,1.412091
member,34915,7,7,1,0.631678,0.531699,0.531699,1.528622,2.820788,1.357656,-1.528622
member,34137,8,8,1,1.002322,0.367026,0.367026,1.479566,2.690189,0.042345,-1.479566
member,31230,2,0,0,7.706267,0.000450,0.853217,0.489347,-0.850517,-7.547526,0.489347
member,44957,3,3,1,1.004369,0.366276,0.366276,1.754720,2.461988,0.484639,-1.754720
member,3030,4,7,0,2.168025,0.114403,0.388955,1.935186,0.548989,-1.223733,1.935186
member,29206,7,7,1,1.391578,0.248683,0.248683,2.078734,1.161437,0.234148,-2.078734
member,31460,3,6,0,1.935634,0.144333,0.239968,1.863875,1.564851,-0.508386,1.863875
member,40776,5,0,0,2.648565,0.070753,0.431826,1.760012,0.318607,-1.808833,1.760012
member,43705,8,0,0,1.789078,0.167114,0.668171,1.147001,1.939180,-1.385867,1.147001
member,28614,4,6,0,1.931013,0.145001,0.357168,1.886068,1.205828,-0.901465,1.886068
member,30870,4,7,0,1.931191,0.144975,0.448755,1.640625,1.384778,-1.129914,1.640625
member,9068,8,8,1,0.482465,0.617260,0.617260,1.141217,3.843750,1.174577,-1.141217
member,22921,9,1,0,1.643411,0.193320,0.335326,1.922191,1.131047,-0.550759,1.922191
member,36211,3,7,0,1.244928,0.287962,0.315892,1.610551,2.887824,-0.092573,1.610551
member,30420,9,9,1,1.007180,0.365247,0.365247,1.947092,1.721038,0.964669,-1.947092
member,3227,6,6,1,0.889283,0.410950,0.410950,1.808566,2.463612,1.326727,-1.808566
member,44489,6,7,0,1.856454,0.156226,0.275233,1.783766,2.404886,-0.566315,1.783766
member,25419,0,7,0,2.608976,0.073610,0.305064,1.982340,0.392910,-1.421742,1.982340
member,32343,7,9,0,3.533897,0.029191,0.387377,1.636422,-0.209401,-2.585541,1.636422
member,30372,5,5,1,1.315255,0.268406,0.268406,2.080642,1.385090,0.632659,-2.080642
member,18379,8,0,0,1.380195,0.251530,0.449128,1.617988,1.700736,-0.579748,1.617988
member,35715,3,9,0,2.120412,0.119982,0.271844,1.951203,0.619920,-0.817885,1.951203
member,43931,7,9,0,1.687849,0.184917,0.501802,1.642294,1.197740,-0.998299,1.642294
member,5707,2,0,0,2.461392,0.085316,0.773735,0.935594,1.489494,-2.204866,0.935594
member,49577,5,6,0,2.120120,0.120017,0.419791,1.622516,1.945529,-1.252120,1.622516
member,26772,4,7,0,1.533491,0.215781,0.301276,1.670093,2.610188,-0.333763,1.670093
member,37654,6,6,1,1.027053,0.358061,0.358061,1.605541,3.723640,0.502612,-1.605541
member,385,9,7,0,1.813660,0.163056,0.225234,2.101592,0.588704,-0.323046,2.101592
member,39190,6,9,0,1.657664,0.190584,0.217306,2.025125,1.146594,-0.131216,2.025125
member,3375,0,1,0,1.779410,0.168738,0.196017,2.160429,0.782659,-0.149856,2.160429
member,29724,0,9,0,2.928657,0.053469,0.471659,1.734987,-0.018803,-2.177158,1.734987
member,18892,8,3,0,8.004507,0.000334,0.332361,1.641083,-4.178659,-6.902972,1.641083
member,30061,4,3,0,1.846459,0.157795,0.300946,1.734951,2.059270,-0.645635,1.734951
member,3863,3,7,0,2.127476,0.119138,0.283177,2.029094,0.712661,-0.865795,2.029094
member,43115,5,7,0,2.046992,0.129123,0.231548,1.931660,0.907132,-0.584022,1.931660
member,7209,2,6,0,1.972668,0.139085,0.221780,2.056663,0.726691,-0.466597,2.056663
member,3366,1,1,1,1.074155,0.341586,0.341586,1.846680,1.765290,0.277803,-1.846680
member,14441,0,0,1,1.243152,0.288474,0.288474,2.062726,1.342522,0.697886,-2.062726
member,15970,7,0,0,2.889525,0.055603,0.763372,0.993852,0.824773,-2.619516,0.993852
member,45342,2,3,0,1.908364,0.148323,0.226598,2.095952,0.638758,-0.423786,2.095952
member,6075,0,0,1,0.208144,0.812090,0.812090,0.838728,3.701037,2.595864,-0.838728
member,32810,9,9,1,0.471061,0.624339,0.624339,1.246993,3.054374,1.093055,-1.246993
member,47848,3,6,0,1.341252,0.261518,0.402879,1.657177,2.568115,-0.432133,1.657177
member,38201,7,7,1,1.071885,0.342362,0.342362,1.957763,1.648252,0.978398,-1.957763
member,32661,0,1,0,1.923413,0.146107,0.326071,1.684177,1.134215,-0.802774,1.684177
member,2095,5,5,1,1.820038,0.162020,0.162020,2.214237,0.668006,0.107158,-2.214237
member,28780,1,6,0,4.337564,0.013068,0.505182,1.503609,0.092065,-3.654727,1.503609
member,42962,7,7,1,0.754216,0.470379,0.470379,1.771085,2.271942,1.415788,-1.771085
member,31465,6,4,0,1.507262,0.221516,0.229317,1.922425,1.559563,-0.034611,1.922425
member,3758,3,3,1,1.661808,0.189796,0.189796,2.020818,1.153066,0.029541,-2.020818
member,30136,1,0,0,2.146640,0.116876,0.164504,2.243794,0.248689,-0.341818,2.243794
member,13342,9,0,0,1.497119,0.223774,0.240476,1.872968,1.445469,-0.071984,1.872968
member,37833,9,6,0,1.890747,0.150959,0.211023,2.076152,0.822035,-0.334959,2.076152
member,16918,0,8,0,2.299664,0.100293,0.571766,1.203701,2.166159,-1.740638,1.203701
member,26792,2,9,0,2.296639,0.100596,0.217486,2.072434,0.479643,-0.771016,2.072434
member,28791,0,0,1,0.523009,0.592734,0.592734,0.894313,4.391637,0.498287,-0.894313
member,46385,6,3,0,1.687007,0.185073,0.251436,1.794456,1.777937,-0.306439,1.794456
member,47794,7,7,1,1.215623,0.296525,0.296525,2.004342,1.662795,0.582904,-2.004342
member,13674,8,8,1,0.366562,0.693113,0.693113,1.019851,3.870691,1.498670,-1.019851
member,19393,7,7,1,1.320671,0.266956,0.266956,1.984428,1.471505,0.181115,-1.984428
member,16765,1,9,0,1.198883,0.301531,0.391543,1.682086,1.830638,-0.261223,1.682086
member,11313,2,9,0,3.503574,0.030090,0.585253,1.526890,-0.386098,-2.967863,1.526890
member,46456,7,5,0,2.162777,0.115005,0.214089,2.074028,0.651669,-0.621416,2.074028
member,22608,0,0,1,0.388994,0.677738,0.677738,1.265349,2.918086,2.065496,-1.265349
member,8920,1,9,0,1.408092,0.244610,0.342375,1.898558,1.350366,-0.336244,1.898558
member,1281,3,6,0,1.972881,0.139056,0.243877,1.918025,1.163407,-0.561790,1.918025
member,46449,8,8,1,1.208347,0.298691,0.298691,1.804582,1.784835,0.345145,-1.804582
member,33863,4,5,0,2.251737,0.105216,0.330187,1.700109,1.462096,-1.143642,1.700109
member,9064,0,7,0,1.503220,0.222413,0.281731,1.863651,1.356944,-0.236417,1.863651
member,39821,2,6,0,2.778960,0.062103,0.568097,1.522776,0.802564,-2.213498,1.522776
member,23077,0,0,1,0.409354,0.664079,0.664079,1.142824,3.245929,1.272697,-1.142824
member,24065,3,0,0,7.311854,0.000668,0.667969,0.787636,-1.121042,-6.908340,0.787636
member,914,6,6,1,0.713581,0.489887,0.489887,1.633515,2.832184,1.240564,-1.633515
member,22125,3,7,0,1.781376,0.168406,0.313525,1.934771,1.267373,-0.621499,1.934771
member,23364,7,7,1,1.107288,0.330454,0.330454,1.927033,1.838629,0.686542,-1.927033
member,31431,4,6,0,2.256941,0.104670,0.393521,1.853651,0.898788,-1.324319,1.853651
member,26749,7,4,0,1.499233,0.223301,0.242217,1.737637,2.836680,-0.081313,1.737637
member,33779,3,7,0,1.311961,0.269292,0.279583,1.600138,2.763114,-0.037505,1.600138
member,41927,4,4,1,1.558065,0.210543,0.210543,1.880027,1.705483,0.007938,-1.880027
member,17471,1,1,1,1.230250,0.292220,0.292220,1.862178,1.704533,0.018673,-1.862178
member,19315,4,0,0,5.865709,0.002835,0.800752,0.733952,-1.426287,-5.643504,0.733952
member,44428,6,7,0,2.578380,0.075897,0.243686,2.052926,0.202356,-1.166506,2.052926
member,32656,5,9,0,4.485045,0.011276,0.454488,1.616376,-1.404540,-3.696462,1.616376
member,36917,3,7,0,2.074607,0.125606,0.265230,1.942348,0.947268,-0.747449,1.942348
member,898,7,0,0,1.745021,0.174641,0.179827,2.143167,0.754994,-0.029262,2.143167
member,23558,2,7,0,1.938043,0.143985,0.214936,1.995308,0.862269,-0.400628,1.995308
member,46237,1,8,0,1.677461,0.186848,0.352336,1.698822,1.370932,-0.634290,1.698822
member,40170,6,6,1,1.480389,0.227549,0.227549,1.971917,1.585795,0.054032,-1.971917
member,23307,8,8,1,0.218066,0.804072,0.804072,0.807572,3.947565,2.366492,-0.807572
member,17628,8,9,0,2.552381,0.077896,0.549791,1.306104,1.529786,-1.954163,1.306104
member,17518,5,7,0,2.217852,0.108843,0.189540,2.059343,0.542538,-0.554696,2.059343
member,971,8,8,1,0.637489,0.528618,0.528618,1.353583,2.921977,0.748945,-1.353583
member,35852,9,1,0,1.612417,0.199405,0.399730,1.703241,1.669381,-0.695450,1.703241
member,12130,0,6,0,4.476871,0.011369,0.202579,2.113934,-1.755858,-2.880244,2.113934
member,11461,8,1,0,3.630593,0.026500,0.226791,1.950023,-0.748615,-2.146868,1.950023
member,18694,0,0,1,0.311528,0.732327,0.732327,1.034646,3.561203,1.899298,-1.034646
member,44135,7,6,0,1.793403,0.166393,0.264614,2.003527,1.027216,-0.463919,2.003527
member,11048,6,6,1,1.482734,0.227016,0.227016,1.874084,2.174883,0.022518,-1.874084
member,18126,6,7,0,2.744202,0.064300,0.385926,1.870788,0.266892,-1.792091,1.870788
member,6526,6,6,1,1.574871,0.207034,0.207034,2.112147,1.188812,0.278812,-2.112147
member,35962,7,6,0,2.297667,0.100493,0.301093,1.931978,0.778334,-1.097329,1.931978
member,2132,3,5,0,1.990253,0.136661,0.211216,2.109528,0.734100,-0.435379,2.109528
member,32290,0,0,1,0.379011,0.684538,0.684538,1.181997,3.165646,1.707302,-1.181997
member,11224,0,0,1,0.937719,0.391520,0.391520,1.906546,1.766218,0.840998,-1.906546
member,49690,4,0,0,5.954337,0.002595,0.565932,1.248993,-1.857049,-5.385055,1.248993
member,2372,2,6,0,2.618590,0.072906,0.422639,1.779033,0.684690,-1.757353,1.779033
member,18999,0,8,0,1.609529,0.199982,0.602149,1.196740,2.415234,-1.102278,1.196740
member,6484,2,7,0,2.483830,0.083423,0.316805,1.842411,0.442755,-1.334360,1.842411
member,18253,8,1,0,1.624153,0.197078,0.367130,1.519439,1.692316,-0.622113,1.519439
member,38923,4,6,0,2.250587,0.105337,0.353929,1.882675,1.413992,-1.211927,1.882675
member,8615,7,6,0,2.422769,0.088676,0.176994,2.141715,0.247167,-0.691130,2.141715
member,28322,6,6,1,1.409520,0.244261,0.244261,2.014145,1.638430,0.398438,-2.014145
member,36523,4,6,0,1.942461,0.143351,0.454554,1.699752,1.617131,-1.154022,1.699752
member,8578,0,9,0,2.550161,0.078069,0.450484,1.618719,0.658802,-1.752728,1.618719
member,42513,5,6,0,2.056176,0.127942,0.189436,2.043178,0.901248,-0.392473,2.043178
member,8020,5,6,0,1.905874,0.148693,0.213465,2.029521,0.960114,-0.361591,2.029521
member,47344,4,0,0,4.997471,0.006755,0.459893,1.453106,-1.387655,-4.220710,1.453106
member,39100,3,7,0,2.276239,0.102670,0.150461,2.237646,0.170183,-0.382186,2.237646
member,38366,5,6,0,1.723044,0.178522,0.316664,1.833253,1.828075,-0.573131,1.833253
member,1012,0,1,0,2.527512,0.079857,0.243448,2.115762,0.091637,-1.114662,2.115762
member,2247,2,0,0,5.623847,0.003611,0.861568,0.507839,-0.011907,-5.474847,0.507839
member,21317,7,7,1,1.471575,0.229564,0.229564,1.957070,1.389666,0.096408,-1.957070
member,44842,2,2,1,1.452588,0.233964,0.233964,2.116463,1.158792,0.377569,-2.116463
member,33283,5,7,0,2.380278,0.092525,0.224823,1.821590,1.402464,-0.887834,1.821590
member,37638,6,6,1,1.164801,0.311985,0.311985,1.871335,2.033778,0.513505,-1.871335
member,41586,1,9,0,2.022082,0.132380,0.400330,1.915514,0.678920,-1.106616,1.915514
member,49128,0,8,0,1.583483,0.205259,0.331027,1.703658,1.582814,-0.477929,1.703658
member,48362,5,7,0,2.047127,0.129105,0.184880,2.176746,0.492688,-0.359080,2.176746
member,44019,1,8,0,2.171463,0.114011,0.702519,0.913136,2.725368,-1.818379,0.913136
member,20495,5,4,0,2.182336,0.112778,0.420529,1.608863,2.138031,-1.316094,1.608863
member,5567,1,7,0,3.969982,0.018874,0.408441,1.738325,-0.825653,-3.074574,1.738325
member,11832,8,3,0,6.000023,0.002479,0.324607,1.881934,-2.860838,-4.874883,1.881934
member,38330,1,7,0,3.438719,0.032106,0.206811,2.077036,-0.722277,-1.862771,2.077036
member,32211,7,6,0,2.337620,0.096557,0.207334,2.151190,0.305377,-0.764198,2.151190
member,25615,0,0,1,0.163900,0.848827,0.848827,0.570899,4.913625,2.012456,-0.570899
member,44931,5,6,0,3.145201,0.043058,0.392200,1.839509,0.153033,-2.209216,1.839509
member,231,6,9,0,2.188627,0.112071,0.135323,2.273027,0.208027,-0.188534,2.273027
member,38514,1,1,1,0.682801,0.505200,0.505200,1.674442,2.356939,1.459191,-1.674442
member,41663,1,9,0,1.090876,0.335922,0.602562,0.960946,3.282755,-0.584310,0.960946
member,5977,8,6,0,6.103021,0.002236,0.371919,1.828856,-2.920367,-5.113940,1.828856
member,6648,2,1,0,3.196126,0.040920,0.451936,1.693503,-0.266419,-2.401911,1.693503
member,40879,6,6,1,0.946854,0.387960,0.387960,1.880900,2.054925,1.144852,-1.880900
member,37518,6,6,1,1.506562,0.221671,0.221671,1.995629,1.398567,0.091394,-1.995629
member,17609,1,6,0,1.432380,0.238740,0.364566,1.723324,2.001139,-0.423332,1.723324
member,28059,1,1,1,0.372479,0.689024,0.689024,1.123689,3.474573,1.495031,-1.123689
member,12257,0,8,0,1.454744,0.233460,0.465398,1.478024,2.078603,-0.689881,1.478024
member,23745,6,6,1,1.282852,0.277245,0.277245,2.006243,1.614947,0.626791,-2.006243
member,21356,5,4,0,2.542671,0.078656,0.208012,2.053003,0.190671,-0.972511,2.053003
member,2893,6,7,0,1.731323,0.177050,0.246630,2.038636,1.059432,-0.331458,2.038636
member,24414,8,8,1,0.238095,0.788128,0.788128,0.658765,5.287250,1.514012,-0.658765
member,14229,2,9,0,2.794361,0.061154,0.337047,1.743037,0.290886,-1.706829,1.743037
member,23399,8,0,0,2.010277,0.133952,0.151720,2.254827,0.315582,-0.124557,2.254827
member,2638,6,6,1,1.646940,0.192638,0.192638,2.066461,1.169269,0.031770,-2.066461
member,47261,5,9,0,2.271307,0.103177,0.224739,2.039089,0.490102,-0.778490,2.039089
member,10151,0,0,1,1.275996,0.279153,0.279153,2.007328,1.435684,0.209594,-2.007328
member,45310,3,1,0,2.248740,0.105532,0.332199,1.784791,0.918809,-1.146719,1.784791
member,14417,1,8,0,1.662367,0.189689,0.286123,1.875722,1.101794,-0.411032,1.875722
member,39356,4,1,0,2.778766,0.062115,0.203275,2.021551,0.410234,-1.185569,2.021551
member,30250,4,3,0,2.153597,0.116066,0.233965,1.948494,0.857984,-0.701012,1.948494
member,28592,3,1,0,2.609617,0.073563,0.272351,1.949443,0.319700,-1.308954,1.949443
member,48388,2,3,0,3.332151,0.035716,0.239702,1.907502,-0.023891,-1.903792,1.907502
member,21210,2,6,0,2.753863,0.063681,0.363083,1.817563,0.990319,-1.740738,1.817563
member,42732,6,6,1,1.323012,0.266332,0.266332,1.929345,1.819498,0.618102,-1.929345
member,10970,4,0,0,4.010006,0.018133,0.534693,1.591336,-0.906253,-3.383943,1.591336
member,31537,8,5,0,4.202453,0.014959,0.253810,1.934019,-1.279542,-2.831283,1.934019
member,26533,7,7,1,0.737982,0.478078,0.478078,1.726144,2.356349,1.310938,-1.726144
member,29311,1,1,1,0.753428,0.470750,0.470750,1.628378,2.506297,0.909907,-1.628378
member,36835,2,7,0,2.156421,0.115739,0.201169,2.086221,0.440442,-0.552813,2.086221
member,5931,4,6,0,1.768572,0.170576,0.272181,1.856420,1.944251,-0.467282,1.856420
member,3804,6,6,1,1.012893,0.363167,0.363167,1.894820,2.306942,0.970939,-1.894820
member,30202,6,6,1,1.251362,0.286115,0.286115,1.837959,2.170482,0.107159,-1.837959
member,33211,3,1,0,2.465367,0.084978,0.252204,2.107202,0.202627,-1.087849,2.107202
member,48169,2,7,0,2.353590,0.095027,0.309212,1.774826,0.909133,-1.179861,1.774826
member,2980,7,9,0,5.793705,0.003047,0.637795,1.030977,-1.232049,-5.343966,1.030977
member,16785,0,0,1,0.199830,0.818870,0.818870,0.624902,5.015992,1.750762,-0.624902
member,25497,7,7,1,1.033825,0.355644,0.355644,1.882078,1.952799,0.984884,-1.882078
member,3737,9,8,0,1.237773,0.290029,0.334113,1.420565,3.235382,-0.141498,1.420565
member,31466,6,9,0,2.137477,0.117952,0.226319,2.165034,0.359152,-0.651668,2.165034
member,21680,9,9,1,0.571540,0.564655,0.564655,1.388851,2.889496,0.984303,-1.388851
member,47029,5,7,0,1.958075,0.141130,0.319868,1.716135,1.329278,-0.818228,1.716135
member,20992,7,6,0,2.093247,0.123286,0.320738,1.823961,1.231518,-0.956118,1.823961
member,23409,3,7,0,1.996989,0.135743,0.357350,1.920107,0.803167,-0.967949,1.920107
member,4377,6,6,1,1.175730,0.308594,0.308594,1.798993,2.301537,0.183378,-1.798993
member,24847,3,1,0,1.614968,0.198897,0.201291,2.109122,1.060856,-0.011966,2.109122
member,45655,1,0,0,1.996475,0.135813,0.327688,1.535852,1.739715,-0.880780,1.535852
member,42860,1,9,0,1.026972,0.358090,0.417518,1.462330,2.375788,-0.153546,1.462330
member,43941,7,9,0,3.329685,0.035804,0.659893,1.100065,0.411965,-2.914007,1.100065
member,3095,6,6,1,1.697158,0.183204,0.183204,2.210160,0.743879,0.372612,-2.210160
member,36267,8,8,1,0.937856,0.391466,0.391466,1.318239,3.691558,0.113974,-1.318239
member,14277,8,9,0,2.141197,0.117514,0.390921,1.507132,1.231960,-1.201947,1.507132
member,11591,8,7,0,2.916249,0.054136,0.214290,2.164903,-0.459916,-1.375823,2.164903
member,44475,1,6,0,2.062629,0.127119,0.327508,1.931293,0.897194,-0.946386,1.931293
member,46565,5,6,0,2.655529,0.070262,0.284459,1.964764,0.553849,-1.398361,1.964764
member,43710,1,9,0,1.077710,0.340374,0.367109,1.461542,2.692206,-0.075614,1.461542
member,38691,1,6,0,2.804250,0.060552,0.610470,1.354828,1.682177,-2.310723,1.354828
member,27024,1,1,1,0.442710,0.642294,0.642294,1.247098,3.244128,1.429890,-1.247098
member,38844,6,6,1,1.226708,0.293256,0.293256,1.684594,3.049326,0.181482,-1.684594
member,30141,0,0,1,0.183290,0.832527,0.832527,0.579298,5.385076,1.824732,-0.579298
member,8394,9,9,1,0.229054,0.795285,0.795285,0.805233,4.062028,1.915135,-0.805233
member,4605,6,2,0,2.396894,0.091000,0.203626,2.127882,0.131241,-0.805425,2.127882
member,33051,2,3,0,4.011057,0.018114,0.307994,1.701690,-0.403013,-2.833384,1.701690
member,35009,3,3,1,1.132715,0.322157,0.322157,1.859788,2.187356,0.610730,-1.859788
member,16695,2,8,0,4.939595,0.007157,0.610273,1.142008,-0.381467,-4.445746,1.142008
member,24587,0,0,1,0.293313,0.745788,0.745788,0.940653,3.739184,1.682509,-0.940653
member,18983,5,6,0,1.542279,0.213893,0.313309,1.807379,2.178479,-0.381712,1.807379
member,5715,2,6,0,2.940774,0.052825,0.602486,1.321507,1.603629,-2.434083,1.321507
member,34075,6,9,0,4.068451,0.017104,0.320338,1.824590,-1.126900,-2.930074,1.824590
member,41051,1,1,1,0.941902,0.389886,0.389886,1.946600,1.775308,1.008736,-1.946600
member,22739,7,6,0,2.080671,0.124846,0.495556,1.630757,1.460879,-1.378596,1.630757
member,32476,9,8,0,2.209967,0.109704,0.777169,0.811760,2.464119,-1.957869,0.811760
member,42198,3,7,0,2.370651,0.093420,0.196236,2.148234,0.147547,-0.742212,2.148234
member,23865,8,8,1,1.005650,0.365807,0.365807,1.703408,2.114135,0.462122,-1.703408
member,48815,7,0,0,2.384495,0.092135,0.453502,1.813572,0.340284,-1.593739,1.813572
member,42084,3,9,0,2.020276,0.132619,0.251432,1.960891,0.789098,-0.639694,1.960891
member,1876,6,6,1,1.178021,0.307888,0.307888,1.902363,2.141338,0.362038,-1.902363
member,7789,3,4,0,1.828008,0.160733,0.204739,1.911285,1.356311,-0.241991,1.911285
member,4305,4,1,0,2.563464,0.077037,0.272806,2.117826,0.012582,-1.264468,2.117826
member,625,6,6,1,0.832784,0.434837,0.434837,1.756059,2.573225,1.224779,-1.756059
member,39755,7,9,0,1.634251,0.195099,0.309986,1.943561,1.103577,-0.463022,1.943561
member,15000,0,0,1,1.158034,0.314103,0.314103,2.076061,1.368387,0.823654,-2.076061
member,15644,7,4,0,1.961731,0.140615,0.216321,1.917937,1.437368,-0.430737,1.917937
member,30602,2,6,0,1.894667,0.150368,0.197555,1.985985,0.983417,-0.272930,1.985985
member,29897,2,0,0,2.185986,0.112367,0.400371,1.787405,0.639498,-1.270623,1.787405
member,34419,8,1,0,1.184926,0.305769,0.372788,1.390667,2.927399,-0.198180,1.390667
member,41100,4,9,0,2.430874,0.087960,0.280993,1.982848,0.368089,-1.161450,1.982848
member,14032,3,6,0,2.303421,0.099916,0.440388,1.696652,1.541747,-1.483321,1.696652
member,19140,3,6,0,2.112820,0.120897,0.235007,1.921216,1.369847,-0.664682,1.921216
member,35630,4,4,1,1.424061,0.240734,0.240734,1.990727,1.404880,0.157620,-1.990727
member,48654,9,1,0,1.943484,0.143204,0.232897,1.923674,1.487442,-0.486324,1.923674
member,35022,2,1,0,2.606948,0.073759,0.218087,2.137525,-0.074093,-1.084086,2.137525
member,46126,6,6,1,0.720974,0.486278,0.486278,1.659053,3.085750,1.422868,-1.659053
member,5610,3,6,0,1.843203,0.158310,0.294562,1.935188,1.350303,-0.620938,1.935188
member,39231,7,6,0,2.321278,0.098148,0.329982,1.888844,0.735903,-1.212561,1.888844
member,10644,1,9,0,1.511421,0.220596,0.460385,1.500450,2.101770,-0.735729,1.500450
member,49988,5,6,0,2.409091,0.089897,0.191173,2.211199,0.073507,-0.754515,2.211199
member,19371,0,1,0,2.227241,0.107826,0.345576,1.861640,0.762929,-1.164700,1.861640
member,35075,2,6,0,1.766483,0.170933,0.171097,2.085651,0.889928,-0.000957,2.085651
member,45171,7,7,1,1.284685,0.276738,0.276738,2.098769,1.274967,0.706101,-2.098769
member,4384,4,6,0,2.049376,0.128815,0.372975,1.822584,1.356046,-1.063132,1.822584
member,14458,9,6,0,2.084639,0.124352,0.241158,1.954789,1.036970,-0.662335,1.954789
member,16476,8,8,1,0.419177,0.657588,0.657588,1.232068,2.935346,1.378781,-1.232068
member,12761,0,9,0,5.343952,0.004777,0.502364,1.162812,-1.298875,-4.655522,1.162812
member,24554,8,1,0,2.614518,0.073203,0.572842,1.506026,0.675045,-2.057373,1.506026
member,20453,1,7,0,2.238461,0.106622,0.400034,1.716951,0.979623,-1.322255,1.716951
member,480,9,9,1,0.513813,0.598210,0.598210,1.229880,3.580970,1.241851,-1.229880
member,37868,5,5,1,1.280739,0.277832,0.277832,1.807956,1.862050,0.067584,-1.807956
member,42001,5,6,0,2.670443,0.069222,0.436821,1.685575,1.471230,-1.842211,1.685575
member,42703,9,6,0,2.441786,0.087005,0.231088,2.014620,0.521408,-0.976827,2.014620
member,38465,4,6,0,2.317378,0.098532,0.435762,1.776439,1.351355,-1.486719,1.776439
member,12980,7,3,0,1.606198,0.200649,0.312120,1.820123,1.762058,-0.441831,1.820123
member,9733,2,8,0,4.600500,0.010047,0.570542,1.272738,-0.726972,-4.039331,1.272738
member,26182,8,8,1,0.527366,0.590157,0.590157,1.091540,5.122086,0.929456,-1.091540
member,28680,2,7,0,2.243979,0.106036,0.191640,2.146530,0.216815,-0.591841,2.146530
member,15189,2,0,0,3.604731,0.027195,0.499130,1.373070,0.043161,-2.909843,1.373070
member,45946,1,1,1,0.993778,0.370175,0.370175,1.525798,2.374866,0.347522,-1.525798
member,36079,6,4,0,1.796883,0.165815,0.310748,1.779972,1.770325,-0.628111,1.779972
member,31255,5,7,0,2.481999,0.083576,0.127532,2.284880,-0.144808,-0.422610,2.284880
member,47126,4,7,0,1.734249,0.176533,0.219240,1.877942,1.618409,-0.216660,1.877942
member,26492,6,1,0,2.824057,0.059365,0.497794,1.633380,0.412576,-2.126488,1.633380
member,47922,4,6,0,1.615437,0.198804,0.351819,1.759240,1.965146,-0.570799,1.759240
member,7327,0,0,1,0.207529,0.812590,0.812590,0.709753,4.453525,1.907860,-0.709753
member,273,9,7,0,1.611684,0.199551,0.290888,2.010061,1.184468,-0.376868,2.010061
member,29650,2,0,0,3.141783,0.043206,0.680823,1.207944,0.331099,-2.757330,1.207944
member,32906,5,6,0,1.773613,0.169719,0.198906,2.087211,0.989604,-0.158692,2.087211
member,15039,6,7,0,1.849983,0.157240,0.263923,1.799603,1.682771,-0.517884,1.799603
member,23848,0,0,1,0.538641,0.583541,0.583541,1.413655,2.694982,1.174615,-1.413655
member,32853,6,6,1,0.964516,0.381168,0.381168,1.819311,2.673048,0.860715,-1.819311
member,15108,3,3,1,1.070379,0.342879,0.342879,1.953892,1.703295,0.934791,-1.953892
member,16159,8,9,0,0.972567,0.378111,0.389195,1.237235,3.553175,-0.028892,1.237235
member,42474,3,7,0,1.440449,0.236821,0.318050,1.822957,1.652129,-0.294902,1.822957
member,2174,3,2,0,2.353880,0.095000,0.323613,1.912654,0.708565,-1.225672,1.912654
member,43098,1,1,1,0.416643,0.659256,0.659256,1.069145,3.402065,1.071022,-1.069145
member,26677,9,0,0,1.426228,0.240213,0.299355,1.655486,2.046757,-0.220103,1.655486
member,20124,0,8,0,1.671632,0.187940,0.311371,1.659511,1.746186,-0.504863,1.659511
member,46574,9,9,1,0.998315,0.368500,0.368500,1.778753,1.926480,0.406934,-1.778753
member,38341,0,8,0,1.076343,0.340840,0.359783,1.459496,2.738027,-0.054088,1.459496
member,31063,2,0,0,2.120464,0.119976,0.551521,1.564432,0.998316,-1.525389,1.564432
member,4351,2,8,0,6.858776,0.001050,0.523749,1.173787,-1.094466,-6.212034,1.173787
member,15298,3,1,0,2.448621,0.086413,0.394955,1.774444,0.803783,-1.519638,1.774444
member,758,4,6,0,1.902342,0.149219,0.349867,1.840027,1.437089,-0.852140,1.840027
member,25812,3,3,1,1.416521,0.242556,0.242556,2.000070,1.629087,0.127339,-2.000070
member,23972,0,0,1,0.237942,0.788248,0.788248,0.807061,4.397165,1.925636,-0.807061
member,22140,9,9,1,0.849436,0.427656,0.427656,1.516352,2.303400,0.247106,-1.516352
member,7514,8,0,0,1.322557,0.266453,0.661330,0.919649,3.333611,-0.909054,0.919649
member,1818,2,7,0,1.933512,0.144639,0.309167,2.026369,0.764858,-0.759639,2.026369
member,13819,2,6,0,2.171289,0.114030,0.225283,2.016299,0.655396,-0.680892,2.016299
member,46525,5,3,0,1.474941,0.228792,0.293909,1.796320,1.839084,-0.250456,1.796320
member,42047,9,9,1,1.536230,0.215191,0.215191,2.062169,1.080228,0.124800,-2.062169
member,27011,9,1,0,2.213805,0.109284,0.602023,1.362406,1.416820,-1.706346,1.362406
member,47047,6,6,1,0.782039,0.457472,0.457472,1.716871,3.192525,1.237183,-1.716871
member,14363,7,7,1,1.085404,0.337765,0.337765,1.995869,1.621029,1.022161,-1.995869
member,13904,9,6,0,2.296983,0.100562,0.269451,2.008553,0.675817,-0.985613,2.008553
member,36895,7,6,0,2.833326,0.058817,0.513354,1.646888,0.610157,-2.166536,1.646888
member,38797,8,3,0,2.860024,0.057267,0.181448,2.158963,-0.391490,-1.153237,2.158963
member,44981,8,9,0,2.185114,0.112465,0.507854,1.376487,1.577130,-1.507553,1.376487
member,32836,8,1,0,2.315059,0.098760,0.545548,1.382022,1.391376,-1.709095,1.382022
member,44958,7,6,0,2.650709,0.070601,0.274818,2.046407,0.091958,-1.359064,2.046407
member,29502,3,9,0,2.368797,0.093593,0.285795,1.859685,0.500136,-1.116316,1.859685
member,34118,1,1,1,1.186476,0.305295,0.305295,1.873694,1.665309,0.359568,-1.873694
member,25430,6,6,1,0.656439,0.518695,0.518695,1.500571,3.546774,1.339710,-1.500571
member,25376,3,7,0,2.281250,0.102156,0.393593,1.825675,0.593754,-1.348812,1.825675
member,48786,5,8,0,4.381719,0.012504,0.400802,1.616396,-1.143073,-3.467430,1.616396
member,40184,1,7,0,2.881767,0.056036,0.268198,1.905239,0.365105,-1.565736,1.905239
member,17593,1,1,1,1.253802,0.285417,0.285417,2.092520,1.420409,0.692385,-2.092520
member,22678,7,7,1,0.925539,0.396318,0.396318,1.755104,2.150585,0.636210,-1.755104
member,15239,8,8,1,1.007993,0.364951,0.364951,1.712383,2.092970,0.230931,-1.712383
member,8404,4,9,0,2.457231,0.085672,0.255954,2.139590,0.119759,-1.094472,2.139590
member,11396,5,6,0,1.526726,0.217246,0.239631,1.728628,2.636272,-0.098069,1.728628
member,38654,3,2,0,2.022475,0.132328,0.172523,2.182880,0.606022,-0.265250,2.182880
member,20500,8,9,0,2.479803,0.083760,0.378568,1.774060,0.549259,-1.508443,1.774060
member,17066,8,8,1,0.210543,0.810144,0.810144,0.695368,4.854306,1.958850,-0.695368
member,48545,2,6,0,3.001944,0.049690,0.285052,1.867573,0.387490,-1.746860,1.867573
member,7801,0,8,0,1.624688,0.196973,0.570932,1.223050,2.562634,-1.064203,1.223050
member,44527,8,8,1,0.787244,0.455097,0.455097,1.451859,2.717062,0.379968,-1.451859
member,46621,5,5,1,0.918619,0.399070,0.399070,1.763055,2.398301,0.971165,-1.763055
member,12230,0,0,1,0.320271,0.725952,0.725952,1.117751,3.228055,2.176391,-1.117751
member,26506,9,9,1,0.588015,0.555429,0.555429,1.381218,2.775949,1.060371,-1.381218
member,40432,0,3,0,3.790701,0.022580,0.177632,2.105386,-1.083051,-2.062660,2.105386
member,41026,1,1,1,0.645141,0.524588,0.524588,1.361845,2.905188,0.589737,-1.361845
member,5266,0,0,1,0.125050,0.882453,0.882453,0.475114,5.470323,2.330693,-0.475114
member,35759,3,9,0,1.980979,0.137934,0.229908,2.109087,0.684966,-0.510902,2.109087
member,43567,4,0,0,3.465127,0.031269,0.425211,1.847728,-0.695465,-2.609958,1.847728
member,351,6,6,1,0.618426,0.538792,0.538792,1.540460,3.371716,1.429919,-1.540460
member,5011,9,9,1,0.610292,0.543193,0.543193,1.532450,2.766187,1.242914,-1.532450
member,6576,8,0,0,2.207293,0.109998,0.769290,0.919148,1.834103,-1.945006,0.919148
member,3222,3,6,0,2.167823,0.114426,0.449003,1.611031,2.144737,-1.367096,1.611031
member,1576,2,6,0,2.027778,0.131628,0.360910,1.868003,1.184272,-1.008650,1.868003
member,3661,1,1,1,0.181836,0.833739,0.833739,0.687717,4.521848,2.332300,-0.687717
member,15044,0,8,0,2.527068,0.079893,0.458499,1.442907,0.949580,-1.747271,1.442907
member,16234,9,8,0,2.487820,0.083091,0.566941,1.150118,2.060739,-1.920320,1.150118
member,40296,1,1,1,1.059329,0.346688,0.346688,1.519566,2.651476,0.244573,-1.519566
member,17546,4,4,1,1.567040,0.208662,0.208662,2.000281,1.177067,0.018640,-2.000281
member,22882,1,1,1,0.923355,0.397184,0.397184,1.714334,2.034609,0.510896,-1.714334
member,3539,4,4,1,1.439407,0.237068,0.237068,1.890302,1.796650,0.217375,-1.890302
member,11042,8,8,1,1.137299,0.320684,0.320684,1.718960,1.978809,0.294256,-1.718960
member,21163,2,7,0,2.240585,0.106396,0.434378,1.784702,0.676372,-1.406745,1.784702
member,10824,1,9,0,2.005803,0.134552,0.413862,1.206010,2.203840,-1.123581,1.206010
member,26491,1,1,1,0.564492,0.568649,0.568649,1.044701,3.663961,0.483864,-1.044701
member,13586,9,9,1,0.897582,0.407554,0.407554,1.428594,2.897890,0.226573,-1.428594
member,31849,4,7,0,1.713366,0.180258,0.311173,1.747736,2.137418,-0.545958,1.747736
member,18124,7,7,1,0.977486,0.376256,0.376256,1.751398,2.193681,0.545874,-1.751398
member,3604,5,2,0,1.878065,0.152886,0.212978,1.974239,1.031319,-0.331499,1.974239
member,44359,1,9,0,1.237363,0.290148,0.403023,1.642872,1.907021,-0.328602,1.642872
member,25608,1,6,0,3.582129,0.027816,0.342918,1.795945,-0.170684,-2.511866,1.795945
member,35065,2,6,0,2.461755,0.085285,0.274925,2.016320,0.537660,-1.170497,2.016320
member,38938,7,6,0,2.674372,0.068950,0.332615,1.914499,0.609947,-1.573602,1.914499
member,13486,2,6,0,2.327981,0.097492,0.522213,1.511487,1.776924,-1.678302,1.511487
member,49620,7,1,0,1.999708,0.135375,0.189887,2.221613,0.441631,-0.338380,2.221613
member,14748,5,7,0,2.499978,0.082087,0.220888,1.928117,0.853878,-0.989879,1.928117
member,41951,3,7,0,2.119935,0.120039,0.134210,2.248418,0.287219,-0.111583,2.248418
member,37350,3,8,0,4.518154,0.010909,0.502735,1.262166,-0.665602,-3.830461,1.262166
member,39608,3,0,0,3.333484,0.035669,0.314423,1.874815,-0.540068,-2.176467,1.874815
member,35202,0,0,1,0.365672,0.693730,0.693730,0.831116,4.419253,0.990782,-0.831116
member,40378,3,3,1,1.397001,0.247338,0.247338,2.026455,1.418102,0.244184,-2.026455
member,46314,8,9,0,2.253044,0.105079,0.402753,1.866513,0.541886,-1.343612,1.866513
member,38373,5,1,0,3.005954,0.049491,0.319017,1.826705,0.118585,-1.863444,1.826705
member,26978,4,1,0,2.653028,0.070438,0.302213,1.996859,0.160806,-1.456404,1.996859
member,33252,1,7,0,2.010036,0.133984,0.156672,2.077701,0.898446,-0.156437,2.077701
member,41289,1,1,1,0.844141,0.429926,0.429926,1.490861,2.707705,0.238068,-1.490861
member,44003,4,7,0,1.620465,0.197807,0.302110,1.662586,3.222171,-0.423499,1.662586
member,35415,4,6,0,1.846991,0.157711,0.477444,1.630517,1.951549,-1.107683,1.630517
member,32840,8,9,0,1.403095,0.245835,0.362861,1.561109,1.988181,-0.389359,1.561109
member,6965,5,4,0,2.001623,0.135116,0.251691,1.918795,0.984028,-0.622068,1.918795
member,39300,3,0,0,2.874130,0.056465,0.255716,2.122653,-0.398252,-1.510441,2.122653
member,30103,1,9,0,1.707975,0.181232,0.336136,1.856800,1.191743,-0.617736,1.856800
member,6788,8,8,1,1.114912,0.327944,0.327944,1.837574,1.858657,0.241792,-1.837574
member,29666,0,4,0,5.409460,0.004474,0.274726,1.818218,-2.151752,-4.117478,1.818218
member,35220,7,9,0,2.610418,0.073504,0.573387,1.433621,0.715278,-2.054223,1.433621
member,18593,8,8,1,0.433958,0.647939,0.647939,1.227073,3.205087,1.565533,-1.227073
member,35448,2,2,1,1.495635,0.224106,0.224106,2.083670,1.066784,0.136629,-2.083670
member,6995,8,8,1,0.974348,0.377439,0.377439,1.328413,2.900230,0.012473,-1.328413
member,9165,7,5,0,2.114696,0.120670,0.191422,1.982432,0.969922,-0.461420,1.982432
member,9189,1,9,0,1.767834,0.170702,0.480084,1.176070,2.733054,-1.034039,1.176070
member,36615,0,1,0,1.230180,0.292240,0.333055,1.770555,1.911106,-0.130732,1.770555
member,43158,7,7,1,0.921156,0.398059,0.398059,1.715377,2.579127,0.826537,-1.715377
member,16780,3,4,0,2.110121,0.121223,0.272922,1.959698,0.822671,-0.811552,1.959698
member,13671,2,0,0,2.822773,0.059441,0.394459,1.853973,0.028336,-1.892533,1.853973
member,49473,8,9,0,3.649326,0.026009,0.380531,1.922344,-0.816867,-2.683139,1.922344
member,17419,2,6,0,2.460149,0.085422,0.338398,1.807686,1.011259,-1.376615,1.807686
member,5034,7,1,0,3.479472,0.030824,0.311914,1.752913,0.267164,-2.314443,1.752913
member,2902,2,0,0,6.052183,0.002353,0.936926,0.280837,0.364102,-5.987032,0.280837
member,11476,3,8,0,2.850708,0.057803,0.446114,1.637493,0.340391,-2.043528,1.637493
member,2434,8,0,0,3.423896,0.032585,0.931033,0.351653,2.200650,-3.352435,0.351653
member,36500,1,0,0,2.764104,0.063033,0.403733,1.484569,0.584805,-1.857102,1.484569
member,1853,8,0,0,1.467769,0.230439,0.331126,1.509807,2.394609,-0.362513,1.509807
member,19473,2,7,0,2.541594,0.078741,0.275409,2.069449,0.102074,-1.252096,2.069449
member,30045,2,5,0,2.381522,0.092410,0.208904,1.936822,0.904465,-0.815642,1.936822
member,37817,3,6,0,1.971744,0.139214,0.165736,2.130348,0.638370,-0.174387,2.130348
member,3829,8,0,0,1.968966,0.139601,0.813884,0.650267,3.194293,-1.763029,0.650267
member,27074,4,7,0,1.860918,0.155530,0.373751,1.832423,1.201750,-0.876753,1.832423
member,21051,7,9,0,2.705642,0.066827,0.506085,1.625571,0.375474,-2.024590,1.625571
member,34499,2,0,0,3.806787,0.022219,0.887921,0.533719,0.921048,-3.687914,0.533719
member,558,2,2,1,1.658186,0.190484,0.190484,2.097662,0.975811,0.047580,-2.097662
member,26895,7,5,0,2.330946,0.097204,0.327665,1.757833,1.007942,-1.215183,1.757833
member,39389,2,7,0,1.631967,0.195545,0.236633,1.818518,1.727420,-0.190720,1.818518
member,11838,0,0,1,0.047279,0.953821,0.953821,0.237534,6.191642,3.400207,-0.237534
member,46259,1,8,0,2.283269,0.101950,0.635497,1.240227,1.319224,-1.829921,1.240227
member,23812,1,7,0,2.895730,0.055259,0.218422,2.004518,0.335280,-1.374401,2.004518
member,29539,4,7,0,1.823897,0.161396,0.191270,1.973446,1.423786,-0.169825,1.973446
member,9666,0,8,0,2.719895,0.065882,0.751663,0.910874,1.589322,-2.434429,0.910874
member,21111,8,8,1,0.697118,0.498019,0.498019,1.456074,2.768874,0.971154,-1.456074
member,12814,1,8,0,1.477106,0.228297,0.322864,1.690308,1.655410,-0.346582,1.690308
member,40445,8,9,0,1.346381,0.260180,0.634172,1.047070,2.889929,-0.890945,1.047070
member,8435,9,6,0,2.188909,0.112039,0.524417,1.572169,1.323849,-1.543441,1.572169
member,9985,0,0,1,0.448088,0.638849,0.638849,1.179721,3.186324,1.121231,-1.179721
member,12486,9,1,0,1.095187,0.334477,0.404038,1.577036,2.082904,-0.188940,1.577036
member,43561,6,6,1,1.340950,0.261597,0.261597,1.855847,2.049258,0.360314,-1.855847
member,103,6,6,1,1.085216,0.337829,0.337829,1.741499,2.727968,0.230807,-1.741499
member,48961,4,9,0,2.444622,0.086759,0.150663,2.261862,-0.065400,-0.551915,2.261862
member,36813,1,1,1,0.974370,0.377430,0.377430,1.517329,2.568857,0.253168,-1.517329
member,26137,0,8,0,1.098442,0.333390,0.430156,1.352289,2.823667,-0.254835,1.352289
member,33088,9,9,1,0.787843,0.454825,0.454825,1.587363,2.241876,0.582839,-1.587363
member,16341,3,6,0,1.789139,0.167104,0.216669,2.047959,0.960110,-0.259756,2.047959
member,40020,2,0,0,1.681934,0.186014,0.247597,2.032821,1.030417,-0.285980,2.032821
member,39721,9,9,1,0.559556,0.571463,0.571463,1.159461,3.322551,0.738239,-1.159461
member,14597,0,0,1,0.589547,0.554579,0.554579,1.378648,2.890227,0.952691,-1.378648
member,1480,8,9,0,4.343528,0.012991,0.535293,1.468017,-0.977160,-3.718587,1.468017
member,16690,2,6,0,2.258456,0.104512,0.239474,2.076397,0.529759,-0.829145,2.076397
member,19635,5,7,0,2.102387,0.122165,0.215078,1.988039,0.820936,-0.565633,1.988039
member,3792,3,9,0,2.815869,0.059853,0.310219,1.937296,0.097765,-1.645391,1.937296
member,4980,6,6,1,0.884750,0.412817,0.412817,1.822588,2.305245,1.269602,-1.822588
member,19666,8,7,0,4.347028,0.012945,0.384293,1.944189,-1.569168,-3.390677,1.944189
member,24640,9,9,1,0.627593,0.533875,0.533875,1.512142,2.616264,0.930271,-1.512142
member,7503,1,7,0,2.480931,0.083665,0.229083,1.976454,0.678343,-1.007259,1.976454
member,12575,1,3,0,2.086138,0.124166,0.315179,1.853632,1.143633,-0.931522,1.853632
member,7122,3,5,0,1.515708,0.219653,0.282393,1.812969,1.899655,-0.251251,1.812969
member,38789,9,8,0,1.397171,0.247296,0.458207,1.502510,1.959940,-0.616737,1.502510
member,1866,4,3,0,2.445529,0.086680,0.208330,2.068468,0.341295,-0.876897,2.068468
member,13203,5,3,0,1.456564,0.233036,0.244255,1.838922,1.800906,-0.047020,1.838922
member,24081,3,9,0,3.052219,0.047254,0.230193,2.012138,-0.323949,-1.583383,2.012138
member,33384,8,9,0,1.896791,0.150049,0.573258,1.360615,1.652088,-1.340371,1.360615
member,848,1,7,0,2.636283,0.071627,0.245129,2.080621,0.168104,-1.230312,2.080621
member,14049,8,9,0,1.739478,0.175612,0.416450,1.516750,1.778109,-0.863489,1.516750
member,47307,9,8,0,1.105133,0.331167,0.376614,1.333001,3.078788,-0.128599,1.333001
member,45633,5,2,0,2.678956,0.068635,0.175812,2.069767,0.194433,-0.940618,2.069767
member,8658,9,9,1,1.192508,0.303459,0.303459,1.853500,1.712086,0.295680,-1.853500
member,7515,5,0,0,2.892975,0.055411,0.358261,1.963449,-0.258847,-1.866483,1.963449
member,702,3,6,0,2.627440,0.072263,0.478098,1.712691,0.734546,-1.889500,1.712691
member,31986,9,9,1,0.927131,0.395687,0.395687,1.547729,2.225377,0.110146,-1.547729
member,28487,0,9,0,2.516423,0.080748,0.266647,2.133821,0.003792,-1.194593,2.133821
member,47471,6,9,0,2.199078,0.110905,0.222121,2.176666,0.278450,-0.694545,2.176666
member,42184,7,6,0,2.024236,0.132095,0.356742,1.774373,1.523735,-0.993492,1.774373
member,25604,9,6,0,2.343944,0.095948,0.281331,2.003505,0.648754,-1.075720,2.003505
member,35674,1,9,0,1.099339,0.333091,0.401904,1.542071,2.165337,-0.187798,1.542071
member,4669,3,9,0,2.809724,0.060222,0.265237,2.044955,-0.292810,-1.482594,2.044955
member,28048,7,7,1,0.554178,0.574544,0.574544,1.460027,2.767142,1.636777,-1.460027
member,35032,3,7,0,2.627691,0.072245,0.261234,1.940746,0.688962,-1.285352,1.940746
member,18239,2,0,0,3.739604,0.023764,0.327198,1.596117,-0.241816,-2.622413,1.596117
member,26403,6,6,1,0.518189,0.595598,0.595598,1.417038,3.410293,1.894032,-1.417038
member,11208,0,0,1,0.182350,0.833310,0.833310,0.777264,3.774450,3.050132,-0.777264
member,31333,2,1,0,2.295433,0.100718,0.272593,1.977110,0.381818,-0.995658,1.977110
member,43185,7,5,0,2.097642,0.122746,0.212544,1.953925,0.941069,-0.549038,1.953925
member,48346,3,3,1,1.337798,0.262423,0.262423,1.862154,1.955720,0.342837,-1.862154
member,776,3,1,0,2.291034,0.101162,0.359385,1.672436,0.892321,-1.267674,1.672436
member,20771,6,1,0,2.222935,0.108291,0.331442,1.867766,0.942093,-1.118634,1.867766
member,33264,8,8,1,0.443116,0.642033,0.642033,0.842425,5.279569,0.732001,-0.842425
member,19214,8,7,0,4.056498,0.017310,0.214588,2.077480,-1.404552,-2.517460,2.077480
member,11797,9,9,1,1.063612,0.345207,0.345207,1.945594,1.718678,0.614177,-1.945594
member,8665,8,8,1,1.118525,0.326761,0.326761,1.520175,2.629234,0.150810,-1.520175
member,15013,7,4,0,2.132285,0.118566,0.267454,1.817740,1.348956,-0.813478,1.817740
member,14224,9,9,1,0.763511,0.466027,0.466027,1.575475,2.410339,0.625748,-1.575475
member,12868,8,9,0,1.723858,0.178377,0.492348,1.396558,2.001346,-1.015288,1.396558
member,15045,7,7,1,1.363563,0.255748,0.255748,1.834190,1.951371,0.274119,-1.834190
member,7836,7,8,0,3.128083,0.043802,0.316053,2.055404,-0.504991,-1.976238,2.055404
member,16089,1,8,0,2.546741,0.078337,0.691029,0.978147,2.581545,-2.177168,0.978147
member,48552,8,5,0,4.727383,0.008850,0.287355,1.883386,-1.744036,-3.480347,1.883386
member,6100,5,3,0,2.069999,0.126186,0.195355,2.112337,0.462773,-0.437063,2.112337
member,2055,9,9,1,1.266495,0.281818,0.281818,2.083375,1.227004,0.440271,-2.083375
member,745,6,6,1,1.188278,0.304746,0.304746,1.978744,1.733140,0.728456,-1.978744
member,13236,5,1,0,3.097948,0.045142,0.322054,1.929696,-0.092312,-1.964911,1.929696
member,13197,8,0,0,1.103138,0.331828,0.607990,0.920261,3.795278,-0.605542,0.920261
member,49957,5,0,0,3.205714,0.040530,0.245695,2.093526,-0.688098,-1.802051,2.093526
member,20628,6,4,0,1.571001,0.207837,0.246265,1.873107,1.843338,-0.169653,1.873107
member,2851,1,9,0,1.718804,0.179280,0.374722,1.477764,2.387816,-0.737233,1.477764
member,39857,2,0,0,2.166933,0.114528,0.315583,2.031713,0.376638,-1.013601,2.031713
member,20164,5,7,0,2.347532,0.095605,0.191754,2.040593,0.507169,-0.695992,2.040593
member,19150,5,3,0,1.831268,0.160210,0.259317,2.034341,0.821392,-0.481563,2.034341
member,46519,1,1,1,1.183763,0.306125,0.306125,1.739431,2.197388,0.137937,-1.739431
member,10746,3,3,1,1.293620,0.274276,0.274276,1.910590,1.762370,0.449154,-1.910590
member,28150,7,7,1,1.511257,0.220632,0.220632,2.133536,1.097296,0.187097,-2.133536
member,3036,4,6,0,2.632485,0.071900,0.325140,1.725829,1.042028,-1.508985,1.725829
member,7460,3,5,0,1.482838,0.226993,0.256204,1.913277,1.528380,-0.121057,1.913277
member,24113,0,0,1,0.592065,0.553184,0.553184,1.380707,2.794522,0.859341,-1.380707
member,22642,4,7,0,1.925074,0.145865,0.287590,2.011641,0.947371,-0.678855,2.011641
member,1682,9,7,0,2.564336,0.076970,0.271614,1.856657,0.785973,-1.260962,1.856657
member,4877,6,6,1,1.308378,0.270258,0.270258,1.926775,1.944290,0.174529,-1.926775
member,13723,6,6,1,0.420444,0.656755,0.656755,1.264195,3.821584,1.779082,-1.264195
member,10901,2,0,0,2.132919,0.118491,0.160474,2.243219,0.238420,-0.303294,2.243219
member,49635,0,1,0,3.881723,0.020615,0.254717,1.889273,-0.999553,-2.514121,1.889273
member,21739,3,6,0,1.669317,0.188376,0.243987,1.929491,2.145372,-0.258678,1.929491
member,5428,0,8,0,1.477644,0.228175,0.695713,0.858316,4.055562,-1.114826,0.858316
member,15888,2,2,1,1.781182,0.168439,0.168439,2.203483,0.689804,0.076731,-2.203483
member,29364,0,9,0,3.663084,0.025653,0.437033,1.827076,-0.844738,-2.835337,1.827076
member,36449,2,0,0,3.506655,0.029997,0.642785,1.223993,-0.008880,-3.064710,1.223993
member,41757,8,8,1,0.458767,0.632062,0.632062,0.944826,4.997220,0.819063,-0.944826
member,7982,6,6,1,0.829643,0.436205,0.436205,1.583005,3.435740,0.807205,-1.583005
member,8180,8,1,0,2.742054,0.064438,0.691592,1.012109,1.335554,-2.373294,1.012109
member,23316,5,7,0,2.939548,0.052890,0.257619,1.957501,0.054835,-1.583274,1.957501
member,25891,0,8,0,2.530750,0.079599,0.619633,1.379399,0.697242,-2.052123,1.379399
member,20489,7,9,0,1.818456,0.162276,0.356306,1.977287,0.820252,-0.786490,1.977287
member,9606,9,8,0,2.229138,0.107621,0.736751,0.968281,1.883665,-1.923633,0.968281
member,31687,2,0,0,3.863492,0.020995,0.661051,1.102180,-0.074092,-3.449567,1.102180
member,20973,0,0,1,0.169079,0.844442,0.844442,0.596752,5.258989,2.111108,-0.596752
member,14960,5,7,0,2.436774,0.087442,0.410288,1.778748,0.873528,-1.545879,1.778748
member,4831,6,6,1,0.751210,0.471795,0.471795,1.581303,3.102850,0.941354,-1.581303
member,15880,8,0,0,1.839548,0.158889,0.602672,1.304414,1.798524,-1.333166,1.304414
member,14261,7,6,0,3.004347,0.049571,0.368671,1.806915,0.309199,-2.006496,1.806915
member,34197,3,1,0,2.107762,0.121510,0.323938,1.770820,1.095624,-0.980559,1.770820
member,1000,9,9,1,0.992933,0.370488,0.370488,1.463074,2.650624,0.041866,-1.463074
member,13114,2,6,0,2.276816,0.102610,0.410035,1.726757,1.190320,-1.385303,1.726757
member,18872,2,7,0,1.748057,0.174112,0.196165,1.937153,1.355189,-0.119257,1.937153
member,30970,4,7,0,2.068879,0.126327,0.351432,1.578709,2.220972,-1.023141,1.578709
member,3986,6,6,1,0.871670,0.418252,0.418252,1.756829,2.700355,0.941584,-1.756829
member,12789,9,9,1,1.014476,0.362592,0.362592,1.818617,1.947770,0.646792,-1.818617
member,35642,9,9,1,0.997192,0.368914,0.368914,1.537272,2.582154,0.213685,-1.537272
member,13695,8,8,1,0.522035,0.593312,0.593312,1.006685,3.897268,0.604237,-1.006685
member,13475,9,8,0,1.616215,0.198649,0.546899,1.325673,2.062177,-1.012725,1.325673
member,11749,7,5,0,1.939113,0.143832,0.222835,1.763349,2.358238,-0.437789,1.763349
member,10592,4,3,0,3.219014,0.039994,0.418791,1.750115,0.092665,-2.348631,1.750115
member,36535,7,7,1,0.568992,0.566096,0.566096,1.428873,3.049116,1.488537,-1.428873
member,19271,5,0,0,2.789733,0.061438,0.326596,1.968438,-0.126115,-1.670701,1.968438
member,40739,4,3,0,3.784762,0.022714,0.392557,1.692876,0.089176,-2.849688,1.692876
member,45396,4,7,0,1.651230,0.191814,0.250648,1.848341,1.655880,-0.267524,1.848341
member,11872,4,7,0,2.142907,0.117313,0.476882,1.717250,0.926853,-1.402421,1.717250
member,7478,3,7,0,2.074199,0.125657,0.371016,1.936153,0.594140,-1.082690,1.936153
member,21081,4,2,0,1.993764,0.136182,0.177046,2.214727,0.491831,-0.262421,2.214727
member,13293,8,0,0,2.001854,0.135085,0.297800,1.848643,0.984812,-0.790522,1.848643
member,24023,5,9,0,4.016434,0.018017,0.415799,1.667180,-0.671671,-3.138880,1.667180
member,23125,8,8,1,0.562648,0.569698,0.569698,1.228229,3.804552,1.187102,-1.228229
member,11660,9,9,1,0.738471,0.477844,0.477844,1.537938,2.642739,0.761146,-1.537938
member,38198,0,0,1,0.536675,0.584689,0.584689,1.418133,2.853458,1.526055,-1.418133
member,6750,6,6,1,0.674445,0.509439,0.509439,1.587021,3.082674,1.445067,-1.587021
member,48818,1,9,0,1.297436,0.273232,0.283708,1.635192,2.061853,-0.037626,1.635192
member,7916,6,6,1,0.896555,0.407973,0.407973,1.824522,2.364561,1.285509,-1.824522
member,16604,3,1,0,2.193662,0.111508,0.154282,2.131845,0.491735,-0.324689,2.131845
member,5367,5,6,0,2.602293,0.074103,0.414501,1.799384,0.635530,-1.721613,1.799384
member,3444,1,6,0,3.888867,0.020469,0.234549,1.810096,-0.277108,-2.438776,1.810096
member,8569,0,0,1,0.198319,0.820108,0.820108,0.602093,6.830379,1.843321,-0.602093
member,8929,5,4,0,1.955228,0.141532,0.223935,1.960758,1.094182,-0.458829,1.960758
member,21907,9,9,1,0.706451,0.493392,0.493392,1.448828,2.735360,0.599584,-1.448828
member,3931,8,8,1,0.790869,0.453451,0.453451,1.206492,4.049294,0.212097,-1.206492
member,5348,8,8,1,0.929036,0.394934,0.394934,1.446693,2.924949,0.287753,-1.446693
member,28244,1,1,1,0.363460,0.695267,0.695267,1.183172,3.411888,2.202715,-1.183172
member,32604,2,2,1,1.521546,0.218374,0.218374,2.068495,1.059789,0.134918,-2.068495
member,11535,0,9,0,3.324362,0.035995,0.247499,2.141822,-0.784640,-1.928015,2.141822
member,17121,5,3,0,1.682545,0.185900,0.291801,1.981989,1.255196,-0.450861,1.981989
member,46473,6,9,0,2.445464,0.086686,0.342177,1.742113,0.706105,-1.373037,1.742113
member,22348,9,9,1,0.747366,0.473612,0.473612,1.266068,2.859112,0.205925,-1.266068
member,26260,3,0,0,2.423370,0.088622,0.232099,2.194499,0.011079,-0.962777,2.194499
member,16135,4,5,0,1.910141,0.148059,0.267767,1.845461,1.281914,-0.592504,1.845461
member,10500,4,3,0,2.301940,0.100065,0.166272,2.097663,0.390190,-0.507812,2.097663
member,18233,3,5,0,1.707411,0.181335,0.260079,1.797059,1.706813,-0.360640,1.797059
member,13295,7,7,1,1.139705,0.319913,0.319913,1.984524,1.817982,0.879388,-1.984524
member,28714,9,9,1,0.567201,0.567110,0.567110,1.242482,3.340055,1.141433,-1.242482
member,27660,6,9,0,2.028940,0.131475,0.136849,2.249431,0.459095,-0.040063,2.249431
member,13268,7,7,1,0.653672,0.520132,0.520132,1.594311,2.527901,1.357903,-1.594311
member,47919,5,6,0,1.933973,0.144573,0.212487,2.078304,0.762779,-0.385097,2.078304
member,34428,7,6,0,1.881356,0.152383,0.176644,2.046811,0.891593,-0.147735,2.046811
member,3265,5,1,0,3.213083,0.040232,0.300365,1.883940,-0.293966,-2.010326,1.883940
member,45850,3,6,0,2.547225,0.078299,0.308054,1.693173,1.681188,-1.369746,1.693173
member,15004,4,6,0,1.650784,0.191899,0.257578,1.918149,1.711863,-0.294351,1.918149
member,22396,1,1,1,0.535957,0.585109,0.585109,1.430759,2.549949,1.222713,-1.430759
member,34429,1,1,1,1.305128,0.271138,0.271138,1.937808,1.581655,0.381361,-1.937808
member,24212,0,0,1,0.310885,0.732798,0.732798,1.100036,3.242521,2.389378,-1.100036
member,44042,7,7,1,1.371023,0.253847,0.253847,1.930733,1.615066,0.165115,-1.930733
member,6522,7,1,0,3.226413,0.039700,0.466957,1.284613,0.442809,-2.464894,1.284613
member,28632,5,6,0,1.996727,0.135779,0.339858,1.914393,1.003311,-0.917500,1.914393
member,47703,1,1,1,0.978470,0.375886,0.375886,1.715366,2.200510,0.385805,-1.715366
member,20211,9,1,0,2.395639,0.091114,0.221559,2.156926,0.206669,-0.888570,2.156926
member,31722,9,9,1,1.001808,0.367215,0.367215,1.591507,2.484588,0.368476,-1.591507
member,4894,7,7,1,1.374952,0.252852,0.252852,1.966774,1.490654,0.156697,-1.966774
member,15191,0,0,1,0.256474,0.773775,0.773775,0.951264,3.470691,2.224922,-0.951264
member,18209,9,0,0,2.369708,0.093508,0.494345,1.153166,3.117861,-1.665187,1.153166
member,39808,6,6,1,1.347940,0.259775,0.259775,2.024379,1.660930,0.611890,-2.024379
member,30545,1,9,0,1.644766,0.193058,0.328846,1.611382,1.706578,-0.532601,1.611382
member,7667,3,6,0,2.034213,0.130783,0.434611,1.739852,1.403114,-1.200908,1.739852
member,28073,7,7,1,1.201574,0.300721,0.300721,2.037097,1.441401,0.690985,-2.037097
member,34014,3,5,0,2.013881,0.133470,0.190441,2.212462,0.564739,-0.355471,2.212462
member,31118,6,3,0,2.227198,0.107830,0.282333,1.654354,2.274694,-0.962530,1.654354
member,460,8,2,0,3.749815,0.023522,0.341447,1.898155,-0.921930,-2.675251,1.898155
member,28186,4,6,0,2.457503,0.085649,0.262926,2.000962,0.728152,-1.121619,2.000962
member,25680,6,3,0,2.036744,0.130453,0.363577,1.620425,1.854393,-1.024979,1.620425
member,11680,3,3,1,1.201256,0.300816,0.300816,1.818367,2.128198,0.340334,-1.818367
member,12947,5,6,0,2.459999,0.085435,0.212362,2.061154,0.467395,-0.910536,2.061154
member,14237,3,3,1,1.179617,0.307396,0.307396,1.742309,2.192569,0.019629,-1.742309
member,7686,7,7,1,1.322963,0.266345,0.266345,1.926712,2.194782,0.521528,-1.926712
member,46604,3,7,0,1.902834,0.149145,0.203214,2.048549,1.291080,-0.309340,2.048549
member,23442,2,6,0,2.187267,0.112223,0.290416,2.070770,0.504571,-0.950824,2.070770
member,9931,4,0,0,4.872703,0.007653,0.807048,0.837185,-0.810977,-4.658330,0.837185
member,32938,3,3,1,1.421634,0.241319,0.241319,2.024045,1.490977,0.509630,-2.024045
member,28216,0,1,0,5.739172,0.003217,0.338393,1.731766,-2.507063,-4.655625,1.731766
member,8454,2,7,0,1.545960,0.213107,0.230227,1.865188,1.771523,-0.077270,1.865188
member,5841,1,6,0,3.837185,0.021554,0.402378,1.716559,-0.222465,-2.926822,1.716559
member,13375,5,6,0,2.063379,0.127024,0.492291,1.513264,2.495246,-1.354694,1.513264
member,37379,7,6,0,1.788070,0.167283,0.191898,2.143768,0.739574,-0.137281,2.143768
member,2135,7,7,1,1.235710,0.290628,0.290628,2.016757,1.504359,0.550969,-2.016757
member,7817,7,9,0,2.674736,0.068925,0.512945,1.626676,0.468845,-2.007149,1.626676
member,1377,1,2,0,1.864668,0.154948,0.210813,2.018800,1.053622,-0.307884,2.018800
member,10175,5,6,0,1.534434,0.215578,0.245274,1.931527,1.641160,-0.129053,1.931527
member,4689,0,0,1,0.410828,0.663101,0.663101,1.250870,3.129106,1.980176,-1.250870
member,28426,2,7,0,1.601600,0.201574,0.316039,1.886810,1.490013,-0.449710,1.886810
member,46127,1,1,1,0.140316,0.869083,0.869083,0.593128,4.558452,2.541017,-0.593128
member,20184,3,1,0,2.298414,0.100418,0.333259,1.749155,1.236035,-1.199578,1.749155
member,49385,9,9,1,0.855919,0.424892,0.424892,1.528063,2.666102,0.629734,-1.528063
member,40577,3,5,0,1.639842,0.194011,0.312517,1.827927,1.800574,-0.476746,1.827927
member,11813,2,6,0,2.074479,0.125622,0.248176,2.041576,0.751312,-0.680863,2.041576
member,27520,5,3,0,1.607856,0.200317,0.310718,1.943713,1.287181,-0.438985,1.943713
member,42504,3,6,0,2.265692,0.103758,0.439396,1.776735,1.043770,-1.443337,1.776735
member,24353,5,7,0,2.457134,0.085680,0.229038,1.983870,0.462702,-0.983269,1.983870
member,22294,3,1,0,2.297614,0.100498,0.415666,1.613949,1.310433,-1.419739,1.613949
member,47724,7,7,1,1.816279,0.162630,0.162630,2.196196,0.649952,0.063878,-2.196196
member,31461,7,6,0,2.399835,0.090733,0.470239,1.702378,1.082382,-1.645321,1.702378
member,31869,9,1,0,2.535690,0.079207,0.385418,1.812687,0.517768,-1.582262,1.812687
member,39163,3,6,0,1.497944,0.223589,0.253919,1.904664,1.723017,-0.127204,1.904664
member,47876,9,1,0,2.246069,0.105814,0.391286,1.887208,0.544190,-1.307752,1.887208
member,4256,9,8,0,1.240028,0.289376,0.364881,1.634521,1.987398,-0.231843,1.634521
member,5187,4,0,0,4.126883,0.016133,0.558241,1.442381,-0.643948,-3.543919,1.442381
member,29760,5,6,0,2.019370,0.132739,0.290342,1.686450,2.504071,-0.782674,1.686450
member,4740,5,4,0,1.993813,0.136175,0.266264,1.956001,1.015003,-0.670546,1.956001
member,47835,7,8,0,3.470308,0.031107,0.375285,1.601550,-0.187571,-2.490238,1.601550
member,6013,0,0,1,0.408355,0.664743,0.664743,1.067013,3.971787,1.304092,-1.067013
member,16055,9,0,0,1.354913,0.257970,0.390003,1.671664,1.764765,-0.413312,1.671664
member,3700,9,9,1,0.787452,0.455003,0.455003,1.412800,2.681879,0.287103,-1.412800
member,216,8,7,0,4.560500,0.010457,0.313586,1.929836,-1.821545,-3.400817,1.929836
member,40468,6,6,1,1.142899,0.318893,0.318893,1.844431,2.666604,0.760463,-1.844431
member,23894,9,7,0,1.618816,0.198133,0.236027,1.898309,1.598587,-0.175006,1.898309
member,30500,5,6,0,1.901937,0.149279,0.256957,1.892644,1.360463,-0.543090,1.892644
member,27237,9,9,1,1.345653,0.260370,0.260370,1.878260,2.032255,0.389511,-1.878260
member,13883,8,0,0,1.609309,0.200026,0.597231,1.343460,1.742745,-1.093857,1.343460
member,21547,1,9,0,1.180781,0.307039,0.573810,1.089470,3.255624,-0.625325,1.089470
member,22510,2,1,0,1.563564,0.209388,0.214594,2.063442,1.225345,-0.024557,2.063442
member,11035,2,9,0,3.160334,0.042412,0.434835,1.665647,-0.136576,-2.327545,1.665647
member,20691,3,7,0,2.231940,0.107320,0.129924,2.277982,0.102963,-0.191136,2.277982
member,35720,9,7,0,2.767812,0.062799,0.190770,2.134738,-0.121182,-1.111126,2.134738
member,14504,5,7,0,2.252910,0.105093,0.436693,1.632042,1.410511,-1.424386,1.632042
member,7893,3,2,0,2.594050,0.074717,0.236907,1.908635,0.731104,-1.153962,1.908635
member,27679,5,1,0,2.025198,0.131968,0.202826,2.024684,0.878165,-0.429791,2.024684
member,5908,4,0,0,4.087551,0.016780,0.355198,1.782127,-1.083172,-3.052472,1.782127
member,4504,0,1,0,2.959651,0.051837,0.315915,1.876202,-0.072588,-1.807370,1.876202
member,9086,7,7,1,1.598987,0.202101,0.202101,2.000017,1.462573,0.048420,-2.000017
member,2328,1,9,0,1.983220,0.137625,0.558987,1.565924,1.070387,-1.401592,1.565924
member,44441,5,7,0,2.086082,0.124173,0.240722,1.846104,1.287384,-0.661970,1.846104
member,32783,8,8,1,0.767430,0.464205,0.464205,1.587292,2.437170,0.934214,-1.587292
member,47359,5,7,0,2.574809,0.076168,0.356813,1.869060,0.510197,-1.544265,1.869060
member,46674,1,6,0,2.087805,0.123959,0.412826,1.807867,1.197109,-1.203076,1.807867
member,15854,3,5,0,1.603494,0.201192,0.209760,2.113115,1.290520,-0.041703,2.113115
member,49479,8,8,1,0.930189,0.394479,0.394479,1.685977,2.149380,0.680865,-1.685977
member,42204,0,1,0,4.650619,0.009556,0.231388,1.911767,-1.729647,-3.186960,1.911767
member,12957,9,9,1,1.676814,0.186969,0.186969,2.119214,0.881556,0.018215,-2.119214
member,35129,1,5,0,2.967690,0.051422,0.244224,1.886420,0.512607,-1.558021,1.886420
member,15146,2,7,0,1.905805,0.148703,0.362140,1.908370,1.121496,-0.890079,1.908370
member,31307,2,7,0,2.125122,0.119418,0.318767,1.766091,1.503090,-0.981827,1.766091
member,7414,9,9,1,1.133365,0.321948,0.321948,1.903069,1.822104,0.542596,-1.903069
member,6308,0,0,1,0.623129,0.536264,0.536264,1.400938,3.072774,1.090268,-1.400938
member,27367,6,6,1,1.485487,0.226392,0.226392,1.975644,1.508293,0.227166,-1.975644
member,9846,3,3,1,1.374022,0.253087,0.253087,1.917965,1.907903,0.113207,-1.917965
member,13370,9,9,1,1.077077,0.340590,0.340590,1.865008,1.787462,0.587706,-1.865008
member,45333,4,8,0,4.770492,0.008476,0.457633,1.410053,-1.208644,-3.988805,1.410053
member,33176,7,7,1,0.889416,0.410896,0.410896,1.616894,2.737820,0.705371,-1.616894
member,32129,9,8,0,1.587924,0.204349,0.566328,1.099940,3.510326,-1.019342,1.099940
member,17212,2,1,0,2.806247,0.060431,0.252429,1.970479,0.056507,-1.429622,1.970479
member,24294,1,8,0,2.487044,0.083155,0.640743,1.080354,2.181333,-2.041917,1.080354
member,13744,8,9,0,1.656270,0.190850,0.515067,1.453310,1.695176,-0.992812,1.453310
member,2436,2,6,0,2.392665,0.091386,0.349857,1.889104,0.970195,-1.342433,1.889104
member,22105,3,6,0,1.794842,0.166154,0.306424,1.828659,1.800644,-0.612056,1.828659
member,47785,9,9,1,1.422850,0.241026,0.241026,2.056735,1.201124,0.125974,-2.056735
member,34894,8,8,1,1.083126,0.338536,0.338536,1.730040,1.886390,0.128474,-1.730040
member,20410,3,5,0,1.493835,0.224510,0.242719,1.834095,1.965342,-0.077986,1.834095
member,32236,7,8,0,3.584616,0.027747,0.550628,1.529215,-0.493292,-2.987921,1.529215
member,30912,1,9,0,2.031254,0.131171,0.737736,0.929504,2.214791,-1.727085,0.929504
member,48463,6,7,0,2.901455,0.054943,0.183497,2.189074,-0.465387,-1.205898,2.189074
member,32884,0,0,1,0.453820,0.635197,0.635197,1.368118,2.794110,1.945432,-1.368118
member,42109,4,6,0,1.628449,0.196234,0.271351,1.884084,1.623721,-0.324107,1.884084
member,39509,4,1,0,3.324402,0.035994,0.271824,1.876506,0.383850,-2.021801,1.876506
member,41121,0,1,0,1.903012,0.149119,0.452223,1.682091,1.160467,-1.109432,1.682091
member,29710,1,8,0,1.737936,0.175883,0.310754,1.661344,1.579437,-0.569182,1.661344
member,33116,5,9,0,4.028497,0.017801,0.427326,1.731329,-1.002232,-3.178288,1.731329
member,9349,4,6,0,3.528555,0.029347,0.264158,1.875722,-0.460708,-2.197348,1.875722
member,20840,1,1,1,0.402042,0.668952,0.668952,1.231991,3.395115,2.026599,-1.231991
member,40353,3,6,0,1.486687,0.226121,0.411545,1.666225,2.101004,-0.598850,1.666225
member,17239,2,1,0,2.392771,0.091376,0.264800,2.010721,0.480901,-1.063989,2.010721
member,48605,4,7,0,2.030953,0.131210,0.245181,2.036293,0.759567,-0.625192,2.036293
member,16176,2,7,0,2.069680,0.126226,0.456978,1.605674,1.334502,-1.286559,1.605674
member,12831,6,9,0,2.954648,0.052097,0.518047,1.485096,0.297634,-2.296959,1.485096
member,38588,6,3,0,1.967306,0.139833,0.205005,2.113214,0.719983,-0.382583,2.113214
member,48800,2,8,0,5.007365,0.006689,0.430856,1.278216,-0.810375,-4.165383,1.278216
member,45871,9,8,0,1.209840,0.298245,0.467603,1.272802,2.914717,-0.449705,1.272802
member,48921,9,9,1,0.853000,0.426135,0.426135,1.735301,2.105223,0.782152,-1.735301
member,7200,3,7,0,2.006443,0.134466,0.166509,2.181749,0.432061,-0.213740,2.181749
member,36989,4,6,0,1.829852,0.160437,0.381893,1.729203,1.771891,-0.867238,1.729203
member,45962,4,7,0,1.758527,0.172298,0.398651,1.792073,1.455876,-0.838859,1.792073
member,890,9,0,0,2.864412,0.057017,0.601850,1.042898,2.166039,-2.356665,1.042898
member,48014,2,3,0,2.772000,0.062537,0.256559,2.001740,-0.039256,-1.411604,2.001740
member,7890,2,2,1,1.688986,0.184707,0.184707,2.098601,1.068673,0.105265,-2.098601
member,20399,7,6,0,2.234233,0.107074,0.292547,1.892269,0.914459,-1.005105,1.892269
member,16227,7,6,0,2.188047,0.112136,0.392367,1.781742,1.222054,-1.252489,1.781742
member,5687,8,8,1,1.274901,0.279459,0.279459,1.657742,2.059445,0.141669,-1.657742
member,31162,9,6,0,1.706495,0.181501,0.413530,1.768468,1.467089,-0.823471,1.768468
member,43028,6,6,1,0.664372,0.514597,0.514597,1.607259,2.915822,1.402692,-1.607259
member,48148,0,0,1,0.128061,0.879800,0.879800,0.456969,5.519454,2.188044,-0.456969
member,45401,9,1,0,1.729731,0.177332,0.432829,1.763469,1.192603,-0.892318,1.763469
member,41756,0,9,0,3.174055,0.041834,0.441496,1.769341,-0.269540,-2.356469,1.769341
member,8528,2,1,0,2.557903,0.077467,0.241457,1.948922,0.518436,-1.136839,1.948922
member,40908,2,6,0,2.418292,0.089074,0.192319,2.062983,0.444771,-0.769694,2.062983
member,651,6,6,1,1.171765,0.309820,0.309820,1.874059,1.971038,0.409132,-1.874059
member,13906,9,9,1,0.848821,0.427919,0.427919,1.244556,3.196673,0.064120,-1.244556
member,23231,4,9,0,3.885641,0.020535,0.335982,1.856225,-1.054790,-2.794942,1.856225
member,23343,2,1,0,2.541903,0.078717,0.274711,1.928543,0.467168,-1.249868,1.928543
member,27497,0,8,0,3.149648,0.042867,0.586269,1.075336,2.041819,-2.615672,1.075336
member,5010,0,0,1,0.091531,0.912533,0.912533,0.303898,10.400230,2.358995,-0.303898
member,18148,3,7,0,1.956990,0.141283,0.214268,1.993880,0.947347,-0.416460,1.993880
member,36687,6,6,1,0.890611,0.410405,0.410405,1.839103,2.113017,1.251971,-1.839103
member,28576,4,6,0,1.843233,0.158305,0.332322,1.863089,1.309165,-0.741584,1.863089
member,34713,9,6,0,2.063796,0.126971,0.141225,2.252004,0.311971,-0.106396,2.252004
member,33391,9,0,0,1.974459,0.138836,0.185976,2.194009,0.606080,-0.292324,2.194009
member,49767,8,8,1,0.374609,0.687558,0.687558,1.080529,3.317509,1.437240,-1.080529
member,46159,0,9,0,3.178344,0.041655,0.564735,1.545716,-0.097572,-2.606946,1.545716
member,35267,2,7,0,2.889832,0.055586,0.649078,1.253459,0.916502,-2.457630,1.253459
member,2554,7,0,0,5.530042,0.003966,0.751372,0.880412,-0.421157,-5.244187,0.880412
member,3714,5,9,0,3.142262,0.043185,0.278327,2.092267,-0.593167,-1.863304,2.092267
member,16563,1,9,0,1.474249,0.228951,0.573098,1.198466,2.644706,-0.917550,1.198466
member,24880,9,6,0,3.547315,0.028802,0.538802,1.535512,0.304341,-2.928907,1.535512
member,21279,5,9,0,3.136117,0.043451,0.303137,2.065954,-0.512646,-1.942547,2.065954
member,38941,4,0,0,3.880244,0.020646,0.599928,1.482702,-0.788446,-3.369298,1.482702
member,12387,2,6,0,2.194073,0.111462,0.260632,1.999771,0.878427,-0.849427,1.999771
member,33416,0,0,1,1.643433,0.193315,0.193315,2.099870,0.828884,0.121990,-2.099870
member,11808,8,0,0,1.389116,0.249296,0.559886,1.341877,2.021519,-0.809094,1.341877
member,25953,3,5,0,1.225597,0.293582,0.515330,1.354577,2.541679,-0.562650,1.354577
member,19321,7,7,1,1.653482,0.191382,0.191382,1.998829,1.358202,0.075771,-1.998829
member,43436,7,7,1,1.311055,0.269535,0.269535,1.863645,1.950312,0.387301,-1.863645
member,26428,6,9,0,3.095376,0.045258,0.163800,2.234799,-0.702089,-1.286265,2.234799
member,34882,4,7,0,2.118006,0.120271,0.272155,1.920633,0.852341,-0.816623,1.920633
member,10009,6,6,1,1.955195,0.141537,0.141537,2.231228,0.463826,0.035651,-2.231228
member,27090,3,5,0,2.137474,0.117952,0.211423,2.174200,0.405107,-0.583579,2.174200
member,9125,6,6,1,1.055212,0.348119,0.348119,1.792658,2.688756,0.408252,-1.792658
member,37455,1,1,1,0.765130,0.465274,0.465274,1.555309,2.350016,0.521065,-1.555309
member,48232,2,0,0,2.160223,0.115299,0.518333,1.679064,0.674313,-1.503085,1.679064
member,29213,3,5,0,1.622113,0.197481,0.219453,2.082185,1.051915,-0.105496,2.082185
member,8517,9,6,0,1.949328,0.142370,0.229609,2.022765,1.002375,-0.477949,2.022765
member,17713,4,6,0,1.751990,0.173428,0.293517,1.716243,2.325317,-0.526170,1.716243
member,22946,4,6,0,2.109215,0.121333,0.259491,2.089268,0.569487,-0.760182,2.089268
member,37538,9,1,0,2.810750,0.060160,0.516394,1.586333,0.513922,-2.149865,1.586333
member,8274,5,7,0,1.988994,0.136833,0.382857,1.852726,0.684310,-1.028901,1.852726
member,34448,0,0,1,0.626104,0.534671,0.534671,1.382434,2.966476,0.901002,-1.382434
member,48376,3,3,1,1.602598,0.201373,0.201373,2.069090,1.126538,0.170715,-2.069090
member,49913,1,9,0,1.533103,0.215865,0.247707,2.033608,1.258510,-0.137596,2.033608
member,30338,3,1,0,2.343650,0.095977,0.193900,2.092081,0.322561,-0.703235,2.092081
member,29618,7,6,0,1.918051,0.146893,0.218416,2.001895,1.115463,-0.396699,2.001895
member,4826,9,7,0,2.605337,0.073878,0.213661,2.120047,-0.068716,-1.061973,2.120047
member,32085,3,6,0,2.246955,0.105721,0.316059,1.953625,0.748204,-1.095129,1.953625
member,10171,8,7,0,3.126559,0.043869,0.161193,2.232168,-0.718440,-1.301409,2.232168
member,10783,6,7,0,2.787946,0.061547,0.235578,2.178838,-0.341017,-1.342231,2.178838
member,17690,2,9,0,3.464474,0.031289,0.464729,1.583028,-0.299185,-2.698173,1.583028
member,45904,0,0,1,0.506461,0.602625,0.602625,1.406794,2.772290,1.516297,-1.406794
member,39303,7,9,0,1.745336,0.174586,0.241705,1.977885,0.999383,-0.325300,1.977885
member,33543,6,6,1,1.468684,0.230228,0.230228,2.000266,1.414757,0.232253,-2.000266
member,21674,0,0,1,0.104275,0.900978,0.900978,0.387103,6.553226,2.398782,-0.387103
member,15219,5,0,0,2.670872,0.069192,0.190013,2.216357,-0.246536,-1.010212,2.216357
member,7511,0,7,0,2.716289,0.066120,0.401951,1.860296,0.289390,-1.804862,1.860296
member,19434,5,6,0,1.880364,0.152535,0.419411,1.604616,2.145509,-1.011461,1.604616
member,22922,3,5,0,1.983487,0.137589,0.220315,2.078656,0.869429,-0.470788,2.078656
member,38109,7,7,1,1.314272,0.268670,0.268670,1.960814,1.668671,0.457785,-1.960814
member,46998,4,7,0,2.353913,0.094997,0.244859,2.154895,0.185309,-0.946840,2.154895
member,40520,1,1,1,1.072330,0.342210,0.342210,2.015023,1.615670,0.896812,-2.015023
member,36346,7,4,0,1.875969,0.153206,0.233772,1.901862,1.285127,-0.422559,1.901862
member,2514,2,9,0,2.628811,0.072164,0.335585,1.807234,0.238793,-1.536930,1.807234
member,19718,8,0,0,1.249643,0.286607,0.311406,1.698309,1.964819,-0.082984,1.698309
member,42953,3,1,0,2.316070,0.098661,0.196429,2.173523,0.296121,-0.688614,2.173523
member,17141,5,7,0,2.571305,0.076436,0.489004,1.502662,0.990698,-1.855920,1.502662
member,35991,0,8,0,4.364932,0.012716,0.652339,1.066245,-0.197640,-3.937740,1.066245
member,7677,5,6,0,1.771443,0.170087,0.194375,2.142509,0.924828,-0.133475,2.142509
member,8442,6,1,0,1.766654,0.170904,0.451377,1.614533,2.186951,-0.971203,1.614533
member,48273,8,8,1,1.197876,0.301835,0.301835,1.551829,2.447948,0.112024,-1.551829
member,43493,3,1,0,1.892074,0.150759,0.164347,2.155279,0.657452,-0.086300,2.155279
member,48639,1,1,1,1.087029,0.337217,0.337217,2.045685,1.642049,1.089709,-2.045685
member,43502,4,1,0,2.053534,0.128281,0.191337,2.014059,0.922975,-0.399817,2.014059
member,13791,9,9,1,0.594719,0.551717,0.551717,1.290244,2.993162,0.644930,-1.290244
member,8617,6,6,1,1.167238,0.311225,0.311225,1.946739,2.221236,0.741730,-1.946739
member,4248,7,7,1,1.149960,0.316649,0.316649,1.989344,1.540468,0.664898,-1.989344
member,21720,1,9,0,1.885714,0.151721,0.445485,1.168856,3.225188,-1.077121,1.168856
member,26308,2,6,0,2.055876,0.127981,0.239165,1.871264,1.743666,-0.625276,1.871264
member,2515,4,8,0,6.488673,0.001521,0.356731,1.368287,-2.077197,-5.457899,1.368287
member,2726,5,6,0,2.189477,0.111975,0.203588,2.112891,0.475275,-0.597820,2.112891
member,49876,8,0,0,0.739046,0.477569,0.500488,0.802768,5.975195,-0.046874,0.802768
member,22550,6,6,1,1.456680,0.233009,0.233009,1.971362,1.835725,0.180945,-1.971362
member,25561,3,9,0,1.699296,0.182812,0.198162,1.997018,1.213768,-0.080627,1.997018
member,46563,2,0,0,2.357467,0.094660,0.538998,1.634336,0.546469,-1.739423,1.634336
member,6585,3,7,0,1.827728,0.160778,0.229982,1.741079,2.524011,-0.357975,1.741079
member,40732,3,0,0,2.220387,0.108567,0.241012,2.164388,0.332876,-0.797477,2.164388
member,24851,0,0,1,1.627596,0.196401,0.196401,2.235248,0.772977,0.547009,-2.235248
member,29428,8,8,1,0.315484,0.729435,0.729435,0.877955,5.150838,1.598264,-0.877955
member,31803,2,3,0,2.547306,0.078292,0.203344,2.083981,0.194818,-0.954448,2.083981
member,43730,3,3,1,1.613366,0.199216,0.199216,1.956450,1.610539,0.079306,-1.956450
member,25704,6,9,0,3.340740,0.035411,0.503920,1.493516,-0.031431,-2.655401,1.493516
member,30342,5,5,1,1.386113,0.250045,0.250045,1.975447,1.611183,0.057827,-1.975447
member,21073,1,3,0,1.571219,0.207792,0.208156,1.848990,2.028790,-0.001750,1.848990
member,16812,5,6,0,2.159949,0.115331,0.352498,1.894007,1.026308,-1.117239,1.894007
member,46204,3,6,0,2.136144,0.118109,0.405487,1.687684,1.513250,-1.233478,1.687684
member,32291,2,0,0,3.966480,0.018940,0.553715,1.208457,-0.020312,-3.375374,1.208457
member,35505,8,8,1,0.543475,0.580727,0.580727,1.418759,2.634824,1.171110,-1.418759
member,29983,4,6,0,1.775930,0.169326,0.299504,1.976453,1.075167,-0.570301,1.976453
member,35083,3,6,0,2.002026,0.135061,0.221682,2.011572,0.827364,-0.495516,2.011572
member,14285,2,3,0,2.517631,0.080650,0.295967,1.894030,0.547127,-1.300125,1.894030
member,31623,2,9,0,1.926499,0.145657,0.163483,2.065089,0.849769,-0.115455,2.065089
member,37326,9,0,0,1.947308,0.142658,0.604027,1.356715,1.524164,-1.443172,1.356715
member,6793,7,9,0,1.211325,0.297802,0.375536,1.750394,1.663243,-0.231924,1.750394
member,2900,4,7,0,1.630281,0.195875,0.239928,1.832001,1.865769,-0.202864,1.832001
member,9743,8,8,1,0.566411,0.567559,0.567559,0.894824,4.856789,0.394931,-0.894824
member,15837,2,1,0,2.413404,0.089510,0.240906,2.124187,0.225035,-0.990056,2.124187
member,42211,1,7,0,1.880656,0.152490,0.277373,1.999872,0.986016,-0.598264,1.999872
member,4704,9,1,0,1.195915,0.302427,0.384642,1.712527,1.728575,-0.240473,1.712527
member,27325,2,6,0,1.945691,0.142889,0.264804,2.004876,1.013584,-0.616925,2.004876
member,29519,9,6,0,2.342836,0.096055,0.322524,1.873678,1.047816,-1.211258,1.873678
member,12524,6,1,0,2.200756,0.110719,0.216712,2.134777,0.259164,-0.671570,2.134777
member,936,1,1,1,0.300351,0.740558,0.740558,0.944137,3.765277,1.640875,-0.944137
member,38817,8,8,1,0.452716,0.635899,0.635899,1.185099,3.432769,1.447075,-1.185099
member,40298,6,7,0,1.961198,0.140690,0.278437,2.016989,0.828983,-0.682635,2.016989
member,30142,8,8,1,0.732929,0.480499,0.480499,1.081668,3.828617,0.148611,-1.081668
member,32193,6,6,1,0.684875,0.504153,0.504153,1.615834,2.890125,1.486051,-1.615834
member,40974,4,9,0,4.241086,0.014392,0.382465,1.742220,-1.253255,-3.279967,1.742220
member,5748,7,4,0,1.968142,0.139716,0.258867,1.855845,1.475086,-0.616699,1.855845
member,21048,4,3,0,2.385853,0.092010,0.145887,2.201252,0.085927,-0.460931,2.201252
member,21973,2,1,0,2.478680,0.083854,0.275440,1.916244,0.740851,-1.189295,1.916244
member,14554,3,9,0,2.150708,0.116402,0.350902,1.734214,0.840197,-1.103460,1.734214
member,20562,5,5,1,1.266590,0.281791,0.281791,1.783917,2.049691,0.009028,-1.783917
member,48808,3,9,0,2.579348,0.075823,0.343265,2.037117,0.006084,-1.510096,2.037117
member,27159,5,7,0,2.419089,0.089003,0.276621,1.954748,0.285195,-1.133983,1.954748
member,31827,9,9,1,0.525985,0.590973,0.590973,1.097139,4.054813,0.904068,-1.097139
member,12622,1,1,1,0.526998,0.590375,0.590375,1.385594,3.011683,1.563113,-1.385594
member,5921,6,3,0,1.849006,0.157394,0.176275,2.165857,0.689171,-0.113296,2.165857
member,1720,8,8,1,1.071874,0.342366,0.342366,1.737754,1.867566,0.134109,-1.737754
member,581,4,5,0,1.897476,0.149947,0.272436,1.834630,1.481759,-0.597125,1.834630
member,24465,2,6,0,2.240162,0.106441,0.165238,2.221076,0.255110,-0.439793,2.221076
member,6143,8,1,0,4.322516,0.013266,0.444944,1.692694,-1.236765,-3.512709,1.692694
member,47120,4,7,0,1.711209,0.180647,0.298949,1.844999,1.514650,-0.503727,1.844999
member,12662,9,8,0,1.450367,0.234484,0.410629,1.337657,2.529617,-0.560303,1.337657
member,6361,4,5,0,2.298833,0.100376,0.311524,1.638249,1.250336,-1.132554,1.638249
member,42201,0,9,0,2.017721,0.132958,0.279229,1.807683,1.138464,-0.741999,1.807683
member,34561,4,2,0,2.128855,0.118973,0.342209,1.649613,1.280020,-1.056520,1.649613
member,29123,6,6,1,1.352956,0.258475,0.258475,1.950946,1.620577,0.322914,-1.950946
member,20305,9,7,0,2.808089,0.060320,0.214019,2.046558,0.038344,-1.266397,2.046558
member,34088,2,1,0,4.469765,0.011450,0.520332,1.351132,-0.829442,-3.816476,1.351132
member,10254,3,6,0,2.033424,0.130887,0.254768,1.974966,1.166855,-0.666021,1.974966
member,46735,8,0,0,1.472823,0.229277,0.477371,1.412297,2.359676,-0.733362,1.412297
member,28681,0,0,1,0.845676,0.429267,0.429267,1.417909,3.088793,0.384342,-1.417909
member,46606,5,7,0,2.153734,0.116050,0.192055,2.113302,0.502573,-0.503761,2.113302
member,7499,8,8,1,1.139181,0.320081,0.320081,1.794841,2.133871,0.489578,-1.794841
member,24975,1,9,0,1.737328,0.175990,0.437960,1.170238,3.345512,-0.911701,1.170238
member,16000,7,7,1,1.072848,0.342033,0.342033,1.802051,2.526340,0.636086,-1.802051
member,40862,4,4,1,1.571407,0.207753,0.207753,1.758788,2.672949,0.034272,-1.758788
member,23013,4,6,0,1.940190,0.143677,0.389314,1.810495,1.369336,-0.996822,1.810495
member,770,6,6,1,1.445874,0.235540,0.235540,2.048031,1.603304,0.599089,-2.048031
member,4091,2,6,0,2.629558,0.072110,0.465488,1.700542,0.930965,-1.864889,1.700542
member,47648,9,1,0,1.033724,0.355680,0.454471,1.417805,2.268382,-0.245103,1.417805
member,30053,7,5,0,1.679493,0.186468,0.271000,1.771737,1.917325,-0.373857,1.771737
member,48858,7,7,1,1.248700,0.286878,0.286878,1.961769,1.770968,0.564468,-1.961769
member,19580,3,3,1,1.585124,0.204922,0.204922,1.978977,1.435475,0.024444,-1.978977
member,30107,5,0,0,2.895352,0.055280,0.405213,1.911127,-0.220221,-1.992011,1.911127
member,42970,3,5,0,1.592143,0.203489,0.333019,1.883784,1.402481,-0.492586,1.883784
member,43109,8,8,1,0.953091,0.385548,0.385548,1.438927,3.231599,0.494536,-1.438927
member,35980,7,7,1,0.632217,0.531412,0.531412,1.609588,2.635267,1.428432,-1.609588
member,16313,0,0,1,1.091562,0.335692,0.335692,2.044280,1.484119,1.002537,-2.044280
member,38042,7,3,0,2.244578,0.105972,0.267237,1.843921,1.671337,-0.924959,1.843921
member,45022,4,6,0,1.766108,0.170997,0.182454,2.125160,0.815896,-0.064851,2.125160
member,14356,7,9,0,1.653983,0.191286,0.396078,1.833946,1.165918,-0.727840,1.833946
member,297,5,3,0,1.921654,0.146365,0.178183,2.055794,0.980984,-0.196709,2.055794
member,33784,9,9,1,0.814775,0.442739,0.442739,1.731666,2.217395,1.064268,-1.731666
member,34173,0,0,1,0.115074,0.891301,0.891301,0.482204,4.929674,2.559623,-0.482204
member,23494,5,7,0,2.424285,0.088541,0.286753,1.929535,0.474677,-1.175151,1.929535
member,43719,9,9,1,0.733652,0.480152,0.480152,1.410989,2.797587,0.762127,-1.410989
member,40396,6,1,0,1.527136,0.217157,0.256016,1.922624,1.843135,-0.164621,1.922624
member,21600,9,9,1,0.449808,0.637751,0.637751,1.089331,3.456552,0.940017,-1.089331
member,12395,8,8,1,1.054825,0.348253,0.348253,1.652529,2.235515,0.292093,-1.652529
member,34845,1,1,1,0.879803,0.414865,0.414865,1.817366,1.877817,0.737386,-1.817366
member,13995,4,6,0,1.625249,0.196863,0.227907,1.956808,1.347030,-0.146433,1.956808
member,45699,7,7,1,1.079666,0.339709,0.339709,1.846769,1.915261,0.433973,-1.846769
member,1278,0,0,1,0.859769,0.423260,0.423260,1.618433,2.346832,0.484834,-1.618433
member,42635,5,5,1,1.107692,0.330320,0.330320,1.812797,2.248269,0.517262,-1.812797
member,4724,8,0,0,2.341614,0.096172,0.403356,1.920103,0.315528,-1.433679,1.920103
member,32825,3,6,0,2.108970,0.121363,0.436469,1.773019,1.201755,-1.279933,1.773019
member,26812,4,6,0,1.561959,0.209725,0.224723,1.908998,1.577310,-0.069071,1.908998
member,20222,1,6,0,4.484549,0.011282,0.206661,1.835024,-0.408074,-2.907873,1.835024
member,42964,7,9,0,2.799925,0.060815,0.335188,1.923655,-0.078248,-1.706861,1.923655
member,27613,4,1,0,2.993279,0.050123,0.208801,2.156504,-0.438155,-1.426905,2.156504
member,19361,7,9,0,2.484769,0.083345,0.332094,1.950035,0.294392,-1.382431,1.950035
member,18370,6,6,1,1.123235,0.325226,0.325226,1.738958,2.885084,0.513195,-1.738958
member,46231,3,3,1,1.285565,0.276494,0.276494,1.810542,2.227059,0.228294,-1.810542
member,45629,5,7,0,2.331011,0.097197,0.237503,2.099391,0.206923,-0.893437,2.099391
member,37760,7,3,0,1.825964,0.161062,0.244837,1.785035,2.273441,-0.418802,1.785035
member,43166,6,6,1,0.632785,0.531111,0.531111,1.545405,3.772016,1.644724,-1.545405
member,28121,3,0,0,2.706921,0.066742,0.325045,1.975044,-0.098897,-1.583129,1.975044
member,3308,4,9,0,3.606628,0.027143,0.447617,1.805647,-0.814695,-2.802811,1.805647
member,17681,4,6,0,2.562516,0.077110,0.273527,1.961948,0.703255,-1.266161,1.961948
member,29102,4,8,0,5.598875,0.003702,0.520088,1.306342,-1.727387,-4.945117,1.306342
member,12104,9,8,0,1.469894,0.229950,0.335206,1.412417,3.347786,-0.376885,1.412417
member,17486,0,0,1,0.838768,0.432243,0.432243,1.397880,2.696020,0.178364,-1.397880
member,38603,4,7,0,1.433932,0.238370,0.261149,1.815207,2.084379,-0.091269,1.815207
member,38485,3,7,0,1.677875,0.186770,0.210893,1.983293,1.515748,-0.121470,1.983293
member,34691,8,8,1,0.763308,0.466122,0.466122,1.090057,5.083957,0.164902,-1.090057
member,14061,1,8,0,2.053979,0.128224,0.706609,0.943106,2.973367,-1.706701,0.943106
member,31026,2,6,0,2.116632,0.120437,0.330413,1.879022,1.078743,-1.009221,1.879022
member,9925,0,0,1,0.926749,0.395839,0.395839,1.916287,1.757123,0.999970,-1.916287
member,3401,6,6,1,0.712715,0.490311,0.490311,1.570424,3.498572,1.170704,-1.570424
member,43023,6,7,0,2.331987,0.097103,0.243020,2.000014,0.656279,-0.917375,2.000014
member,15296,7,7,1,0.714051,0.489656,0.489656,1.677668,2.286839,1.207681,-1.677668
member,18674,2,8,0,4.824646,0.008029,0.620492,1.184268,-0.827332,-4.347403,1.184268
member,47623,4,9,0,4.495278,0.011162,0.299330,1.744486,-1.350188,-3.289069,1.744486
member,23614,5,4,0,1.599487,0.202000,0.247524,1.891069,1.616289,-0.203240,1.891069
member,26362,1,1,1,0.721281,0.486129,0.486129,1.594411,2.405938,0.853868,-1.594411
member,37636,7,6,0,2.055588,0.128018,0.191115,2.160472,0.464376,-0.400706,2.160472
member,30887,2,2,1,1.591339,0.203653,0.203653,2.014688,1.211655,0.019256,-2.014688
member,46315,2,1,0,3.260494,0.038369,0.312782,1.690408,-0.150754,-2.098244,1.690408
member,9381,6,9,0,2.201922,0.110590,0.324446,1.852608,0.781859,-1.076286,1.852608
member,22702,2,3,0,3.121653,0.044084,0.290232,1.803429,0.428632,-1.884578,1.803429
member,43632,4,1,0,3.906326,0.020114,0.336751,1.824699,-1.064356,-2.817914,1.824699
member,27561,8,8,1,0.741293,0.476497,0.476497,1.264231,3.204892,0.331741,-1.264231
member,33624,1,1,1,0.898764,0.407072,0.407072,1.884977,1.799067,1.141920,-1.884977
member,47596,8,8,1,0.143106,0.866662,0.866662,0.503291,6.404236,2.214555,-0.503291
member,21935,6,7,0,3.051636,0.047282,0.288556,2.024189,-0.358670,-1.808771,2.024189
member,18169,3,0,0,3.039388,0.047864,0.310459,2.002110,-0.400976,-1.869685,2.002110
member,29419,4,6,0,1.587504,0.204435,0.302178,1.787354,2.064368,-0.390765,1.787354
member,36616,2,2,1,1.242700,0.288604,0.288604,1.881281,1.515836,0.059003,-1.881281
member,10593,4,6,0,1.921078,0.146449,0.320335,1.937790,1.158304,-0.782690,1.937790
member,37423,7,7,1,0.672110,0.510630,0.510630,1.566669,3.242290,1.501094,-1.566669
member,16674,4,6,0,1.768487,0.170591,0.337935,1.799519,1.874960,-0.683584,1.799519
member,21393,0,9,0,6.111879,0.002216,0.400324,1.791966,-3.011083,-5.196397,1.791966
member,44422,6,3,0,3.181783,0.041512,0.281976,1.574797,1.282510,-1.915849,1.574797
member,6293,9,9,1,0.487819,0.613964,0.613964,1.318466,2.884892,1.174575,-1.318466
member,37181,0,7,0,2.352234,0.095156,0.479919,1.723407,0.566099,-1.618096,1.723407
member,18587,5,6,0,2.522840,0.080231,0.320839,1.940994,0.826415,-1.386025,1.940994
member,3425,8,0,0,1.700927,0.182514,0.457779,1.735218,1.177559,-0.919558,1.735218
member,3230,1,9,0,1.352447,0.258607,0.507924,1.501999,1.764112,-0.675024,1.501999
member,41878,4,6,0,1.522279,0.218214,0.264143,1.886503,1.546468,-0.191014,1.886503
member,14463,2,0,0,4.891547,0.007510,0.814378,0.636042,0.299689,-4.686215,0.636042
member,15353,0,1,0,2.539392,0.078914,0.249229,1.966961,0.212646,-1.150010,1.966961
member,42730,8,3,0,5.490338,0.004126,0.266789,1.922704,-2.445075,-4.169040,1.922704
member,17786,2,7,0,2.624885,0.072448,0.314086,1.714365,0.443202,-1.466798,1.714365
member,46330,1,1,1,0.363746,0.695068,0.695068,1.171484,3.308868,1.961610,-1.171484
member,16392,0,1,0,8.824928,0.000147,0.642321,1.258803,-4.637589,-8.382261,1.258803
member,16852,5,4,0,1.941938,0.143426,0.221050,1.998097,0.869063,-0.432571,1.998097
member,34834,8,0,0,3.068669,0.046483,0.908251,0.447877,1.926019,-2.972435,0.447877
member,32529,5,5,1,1.534509,0.215561,0.215561,1.989392,1.271795,0.170316,-1.989392
member,43523,2,5,0,3.300506,0.036865,0.287783,1.858795,-0.083148,-2.054959,1.858795
member,41557,0,6,0,8.123062,0.000297,0.193131,2.001658,-4.459025,-6.478673,2.001658
member,16581,2,9,0,2.483461,0.083454,0.390703,1.934252,0.176535,-1.543653,1.934252
member,17555,6,6,1,0.561112,0.570574,0.570574,1.483750,3.185936,1.695022,-1.483750
member,30229,2,7,0,1.866032,0.154736,0.280238,2.067910,0.667558,-0.593915,2.067910
member,4130,6,6,1,0.638674,0.527992,0.527992,1.578809,2.972732,1.617255,-1.578809
member,38306,5,0,0,2.230164,0.107511,0.195884,2.128883,0.309546,-0.599933,2.128883
member,26808,5,6,0,2.088246,0.123904,0.289836,1.941545,1.037997,-0.849807,1.941545
member,37061,0,9,0,3.185268,0.041367,0.308962,2.042294,-0.551942,-2.010731,2.042294
member,17362,2,3,0,1.749026,0.173943,0.203674,1.921824,1.347845,-0.157791,1.921824
member,48397,5,0,0,2.310002,0.099261,0.236298,2.104486,0.160662,-0.867341,2.104486
member,1077,2,7,0,2.463012,0.085178,0.421074,1.729795,0.833023,-1.598066,1.729795
member,47206,8,1,0,1.889770,0.151107,0.402655,1.691568,1.103486,-0.980094,1.691568
member,41033,4,0,0,2.836736,0.058617,0.248654,2.175657,-0.400279,-1.445044,2.175657
member,5501,4,7,0,1.572009,0.207628,0.231679,1.936834,1.615527,-0.109605,1.936834
member,4413,4,6,0,2.867843,0.056821,0.287146,1.839670,0.726507,-1.620080,1.839670
member,23802,5,5,1,1.276222,0.279090,0.279090,2.053606,1.470340,0.596598,-2.053606
member,34528,7,9,0,3.722914,0.024163,0.717043,0.963677,0.308760,-3.390294,0.963677
member,21244,7,7,1,1.260222,0.283591,0.283591,1.899181,1.777013,0.357906,-1.899181
member,3000,3,7,0,1.848684,0.157444,0.228792,2.026827,0.944261,-0.373743,2.026827
member,39703,4,6,0,1.876560,0.153116,0.304860,1.956311,1.019047,-0.688659,1.956311
member,47444,0,0,1,0.191628,0.825614,0.825614,0.595722,5.866181,1.815326,-0.595722
member,4759,0,9,0,1.648031,0.192428,0.253485,1.866507,1.241176,-0.275579,1.866507
member,49276,0,0,1,1.327750,0.265073,0.265073,2.004880,1.358471,0.382023,-2.004880
member,44282,1,1,1,0.450487,0.637318,0.637318,1.254762,3.526827,1.647351,-1.254762
member,16539,6,7,0,1.889351,0.151170,0.246570,1.876573,1.588352,-0.489242,1.876573
member,43800,3,2,0,2.065181,0.126795,0.144362,2.249056,0.333770,-0.129753,2.249056
member,25151,1,9,0,0.914763,0.400612,0.455563,1.282431,2.722186,-0.128542,1.282431
member,8322,2,1,0,3.746104,0.023610,0.405423,1.623651,-0.034211,-2.843280,1.623651
member,38150,2,3,0,2.184741,0.112507,0.175152,2.061299,0.606882,-0.442642,2.061299
member,47904,2,0,0,1.881543,0.152355,0.167697,2.206827,0.516528,-0.095950,2.206827
member,14946,2,9,0,4.809063,0.008155,0.471926,1.225885,-1.027846,-4.058129,1.225885
member,48620,7,1,0,4.255343,0.014188,0.546056,1.494431,-0.632849,-3.650310,1.494431
member,43422,2,7,0,2.043512,0.129573,0.189638,2.228765,0.322402,-0.380876,2.228765
member,9468,6,6,1,1.265878,0.281992,0.281992,1.973462,1.512916,0.320592,-1.973462
member,5308,6,7,0,3.575689,0.027996,0.369719,1.738248,-0.140248,-2.580676,1.738248
member,24988,7,0,0,3.849990,0.021280,0.407441,1.483166,-0.314340,-2.952130,1.483166
member,34482,2,0,0,2.444327,0.086784,0.495808,1.703581,0.490431,-1.742760,1.703581
member,31680,8,8,1,0.588664,0.555068,0.555068,1.195518,3.517787,0.825296,-1.195518
member,4475,3,6,0,1.784186,0.167934,0.432398,1.598570,2.468212,-0.945777,1.598570
member,23090,5,3,0,1.776081,0.169300,0.252589,1.973950,1.275330,-0.400090,1.973950
member,12261,4,7,0,1.626070,0.196701,0.210915,2.001799,1.205515,-0.069770,2.001799
member,2417,8,1,0,1.861049,0.155509,0.408930,1.542381,1.640919,-0.966838,1.542381
member,10214,7,9,0,1.623124,0.197281,0.225212,2.096283,1.009390,-0.132412,2.096283
member,42119,1,1,1,0.471184,0.624263,0.624263,1.083338,3.434025,0.828310,-1.083338
member,6985,4,6,0,2.036398,0.130498,0.252529,1.988687,0.894586,-0.660168,1.988687
member,4120,5,7,0,2.139118,0.117759,0.250470,2.049860,0.734641,-0.754703,2.049860
member,34896,2,7,0,2.378983,0.092645,0.310771,1.843020,0.760795,-1.210283,1.843020
member,26495,0,0,1,0.363962,0.694918,0.694918,1.109122,3.345092,1.560463,-1.109122
member,49744,8,8,1,0.481035,0.618143,0.618143,1.129484,3.588999,0.992247,-1.129484
member,5794,8,8,1,0.356397,0.700194,0.700194,0.993963,3.855437,1.424305,-0.993963
member,32817,5,1,0,1.936718,0.144176,0.175737,2.116883,0.630827,-0.197950,2.116883
member,38894,3,7,0,2.698194,0.067327,0.297059,1.893860,0.187858,-1.484370,1.893860
member,24905,8,0,0,1.359258,0.256851,0.614147,1.112176,2.695399,-0.871737,1.112176
member,10163,9,0,0,3.563528,0.028339,0.312461,2.016446,-0.876648,-2.400251,2.016446
member,2829,9,9,1,0.526766,0.590512,0.590512,1.493486,2.565818,1.812613,-1.493486
member,46556,7,7,1,0.327418,0.720782,0.720782,1.069257,3.574034,2.109079,-1.069257
member,37519,0,1,0,3.474789,0.030968,0.534119,1.514912,-0.131766,-2.847652,1.514912
member,13826,3,6,0,1.704812,0.181807,0.228685,2.056753,1.067189,-0.229403,2.056753
member,30760,7,9,0,2.228033,0.107740,0.401241,1.846300,0.604653,-1.314841,1.846300
member,32271,8,8,1,0.667338,0.513073,0.513073,1.543021,2.507759,1.154105,-1.543021
member,23115,9,9,1,1.043682,0.352156,0.352156,1.619798,2.143709,0.026475,-1.619798
member,22683,4,0,0,3.437793,0.032136,0.451776,1.784422,-0.637860,-2.643225,1.784422
member,28907,9,9,1,1.119420,0.326469,0.326469,1.885962,1.977951,0.466124,-1.885962
member,441,8,0,0,2.559149,0.077371,0.232332,2.045243,0.102531,-1.099563,2.045243
member,35276,4,4,1,1.148962,0.316965,0.316965,1.757987,2.745425,0.414843,-1.757987
member,38708,4,6,0,2.372701,0.093229,0.244276,2.040192,0.448870,-0.963243,2.040192
member,34543,6,9,0,1.414714,0.242995,0.411516,1.511864,2.265708,-0.526805,1.511864
member,15364,7,9,0,2.453690,0.085976,0.428353,1.847052,0.332783,-1.605883,1.847052
member,33648,7,9,0,2.638500,0.071468,0.526181,1.579618,0.328164,-1.996390,1.579618
member,195,5,7,0,1.886779,0.151559,0.160296,2.189265,0.650784,-0.056045,2.189265
member,2705,4,3,0,1.670798,0.188097,0.239890,1.802480,2.291689,-0.243222,1.802480
member,16460,0,0,1,0.912672,0.401450,0.401450,1.906576,1.801916,1.181635,-1.906576
member,42389,8,8,1,0.946369,0.388148,0.388148,1.650259,2.308317,0.718603,-1.650259
member,32667,5,7,0,2.311139,0.099148,0.134463,2.256205,0.085598,-0.304677,2.256205
member,31902,4,6,0,2.814725,0.059921,0.303046,1.838270,0.790245,-1.620854,1.838270
member,24319,0,7,0,2.162742,0.115009,0.217122,2.103561,0.381692,-0.635445,2.103561
member,27515,8,0,0,1.854021,0.156606,0.280020,1.987669,0.883598,-0.581126,1.987669
member,39162,4,1,0,3.305795,0.036670,0.283662,1.928566,-0.224430,-2.045824,1.928566
member,16914,7,2,0,2.354304,0.094960,0.278929,2.119007,0.201845,-1.077505,2.119007
member,40617,6,6,1,1.314027,0.268736,0.268736,1.869602,2.230798,0.310321,-1.869602
member,44155,9,9,1,0.666679,0.513411,0.513411,1.247655,3.156415,0.446202,-1.247655
member,32384,4,1,0,2.458398,0.085572,0.239655,2.133823,0.092920,-1.029844,2.133823
member,29601,8,0,0,3.508181,0.029951,0.466227,1.665052,-0.352158,-2.745099,1.665052
member,34541,5,4,0,1.900503,0.149493,0.301086,1.832802,1.416545,-0.700145,1.832802
member,6653,7,6,0,1.723359,0.178466,0.235181,1.950380,1.407156,-0.275960,1.950380
member,46468,3,4,0,1.890750,0.150959,0.240069,1.818111,2.078068,-0.463921,1.818111
member,1470,0,1,0,4.794558,0.008275,0.622099,1.141126,-0.875509,-4.319901,1.141126
member,10907,5,9,0,3.663044,0.025654,0.525347,1.392270,-0.095540,-3.019347,1.392270
member,41441,4,5,0,2.301467,0.100112,0.279673,1.921076,0.593661,-1.027333,1.921076
member,43321,5,1,0,2.369476,0.093530,0.382117,1.943180,0.402244,-1.407446,1.943180
member,6392,2,0,0,6.524425,0.001467,0.827374,0.529479,-0.234029,-6.334926,0.529479
member,28953,3,6,0,2.319266,0.098346,0.177325,2.189642,0.142482,-0.589492,2.189642
member,16656,3,9,0,2.869375,0.056734,0.373868,1.675956,0.294155,-1.885522,1.675956
member,17922,8,5,0,3.743908,0.023661,0.304292,1.947278,-0.995849,-2.554139,1.947278
member,19588,6,6,1,1.549503,0.212354,0.212354,2.050979,1.183060,0.157802,-2.050979
member,32631,0,9,0,3.715195,0.024351,0.474828,1.499057,-0.384504,-2.970393,1.499057
member,22897,2,0,0,3.909190,0.020057,0.342977,1.629227,-0.686307,-2.839097,1.629227
member,6340,5,1,0,3.135998,0.043456,0.415787,1.576964,0.038184,-2.258417,1.576964
member,23905,2,7,0,1.288991,0.275549,0.350854,1.521076,2.462371,-0.241605,1.521076
member,38422,7,1,0,3.720998,0.024210,0.538887,1.626834,-0.770544,-3.102748,1.626834
member,18916,7,7,1,1.578965,0.206188,0.206188,2.155166,0.972962,0.407857,-2.155166
member,25895,7,9,0,3.068166,0.046506,0.324747,1.893880,-0.305967,-1.943457,1.893880
member,12955,9,1,0,1.244872,0.287978,0.304538,1.874044,1.770956,-0.055912,1.874044
member,29065,4,6,0,1.916353,0.147143,0.183095,2.165311,0.573193,-0.218603,2.165311
member,45251,3,1,0,1.264783,0.282301,0.329748,1.610166,2.967069,-0.155357,1.610166
member,35182,0,0,1,1.060862,0.346157,0.346157,1.884543,1.792244,0.544102,-1.884543
member,31470,4,8,0,2.422286,0.088719,0.159638,2.231441,-0.032506,-0.587439,2.231441
member,1157,5,7,0,2.161617,0.115139,0.365571,1.857726,0.826093,-1.155322,1.857726
member,18107,8,0,0,2.019423,0.132732,0.394059,1.892309,0.786080,-1.088169,1.892309
member,28858,1,8,0,1.553682,0.211468,0.414554,1.275141,2.859196,-0.673131,1.275141
member,16051,9,8,0,1.227254,0.293096,0.515733,1.263570,2.721471,-0.565089,1.263570
member,17287,6,6,1,1.246324,0.287560,0.287560,1.948506,1.771622,0.476189,-1.948506
member,29982,3,5,0,1.791047,0.166785,0.318635,1.888850,1.311579,-0.647339,1.888850
member,578,1,1,1,0.702368,0.495411,0.495411,1.593637,2.760319,0.924488,-1.593637
member,5692,9,9,1,0.434178,0.647797,0.647797,1.079269,3.657361,1.020525,-1.079269
member,25472,8,9,0,2.729289,0.065266,0.285172,1.887623,0.159175,-1.474624,1.887623
member,40199,7,7,1,0.673965,0.509684,0.509684,1.652635,2.359697,1.308971,-1.652635
member,8960,5,7,0,2.609080,0.073602,0.192999,2.079178,0.062226,-0.964010,2.079178
member,3858,9,9,1,0.564798,0.568475,0.568475,1.281494,3.045484,1.075602,-1.281494
member,32561,7,8,0,4.272144,0.013952,0.574856,1.329837,-0.733490,-3.718508,1.329837
member,38792,5,6,0,2.407016,0.090084,0.223045,2.124264,0.209000,-0.906633,2.124264
member,8445,8,9,0,1.817806,0.162382,0.702949,0.894405,3.639609,-1.465336,0.894405
member,7772,0,1,0,1.466780,0.230667,0.286670,1.694467,1.756528,-0.217355,1.694467
member,10869,3,7,0,2.026742,0.131764,0.253706,1.770331,2.421707,-0.655165,1.770331
member,46360,5,2,0,2.444611,0.086760,0.215751,2.006637,0.420892,-0.910981,2.006637
member,48806,1,1,1,1.148607,0.317078,0.317078,1.874873,1.762263,0.439024,-1.874873
member,29174,0,8,0,2.361631,0.094266,0.745270,0.924725,1.988610,-2.067623,0.924725
member,41828,5,6,0,1.901635,0.149324,0.302591,1.867348,1.359837,-0.706262,1.867348
member,29273,3,6,0,2.156235,0.115760,0.215625,2.051095,0.777983,-0.622018,2.051095
member,16739,2,2,1,1.429695,0.239382,0.239382,1.943942,1.533822,0.355501,-1.943942
member,43132,1,8,0,1.227822,0.292930,0.373337,1.338539,3.177965,-0.242548,1.338539
member,26968,2,7,0,1.754961,0.172914,0.399144,1.771544,1.411146,-0.836527,1.771544
member,21535,7,7,1,0.490589,0.612265,0.612265,1.275602,3.267665,1.430828,-1.275602
member,30281,1,9,0,1.406303,0.245048,0.272302,1.937101,1.417469,-0.105458,1.937101
member,29013,9,9,1,0.711192,0.491059,0.491059,1.518593,2.718030,0.888997,-1.518593
member,43840,5,3,0,1.350319,0.259158,0.263878,2.008842,1.424070,-0.018049,2.008842
member,48722,3,3,1,1.264137,0.282483,0.282483,1.764709,2.478997,0.033814,-1.764709
member,32477,2,1,0,2.887477,0.055717,0.211170,2.047773,-0.123197,-1.332384,2.047773
member,15041,6,6,1,1.063886,0.345112,0.345112,1.867924,2.156641,0.926906,-1.867924
member,2740,8,9,0,1.055107,0.348155,0.401433,1.264572,4.355959,-0.142391,1.264572
member,48417,2,6,0,2.382091,0.092357,0.250562,2.104775,0.289590,-0.998044,2.104775
member,6128,4,3,0,2.036894,0.130433,0.199946,2.107350,0.767598,-0.427187,2.107350
member,11575,5,6,0,2.185544,0.112417,0.306248,1.953392,0.841801,-1.002182,1.953392
member,26970,9,8,0,1.630922,0.195749,0.578265,1.180378,3.140243,-1.083199,1.180378
member,48528,1,6,0,2.329499,0.097345,0.192036,2.187837,0.161420,-0.679428,2.187837
member,25631,9,9,1,0.637187,0.528778,0.528778,1.491081,2.473126,0.838654,-1.491081
member,4034,2,1,0,2.501204,0.081986,0.365187,1.821317,0.571904,-1.493859,1.821317
member,16729,8,8,1,0.610764,0.542936,0.542936,0.856042,5.390685,0.257127,-0.856042
member,26041,9,1,0,1.431396,0.238975,0.510353,1.439802,1.843029,-0.758743,1.439802
member,42858,6,1,0,3.672069,0.025424,0.177672,2.197927,-1.227319,-1.944255,2.197927
member,41754,7,7,1,1.675983,0.187124,0.187124,2.213720,0.766500,0.073026,-2.213720
member,29995,2,0,0,5.987146,0.002511,0.968924,0.180821,0.253943,-5.955576,0.180821
member,19792,1,1,1,1.184115,0.306017,0.306017,1.718905,2.338124,0.242017,-1.718905
member,40178,1,5,0,2.681728,0.068445,0.254036,2.035345,0.282402,-1.311449,2.035345
member,20210,3,3,1,1.576275,0.206744,0.206744,2.043686,1.199466,0.043351,-2.043686
member,13964,0,0,1,0.216252,0.805532,0.805532,0.680752,4.626719,1.707622,-0.680752
member,27919,8,8,1,0.696737,0.498208,0.498208,1.279450,3.720265,0.699091,-1.279450
member,18137,5,7,0,2.914214,0.054247,0.339135,1.947474,-0.065628,-1.832856,1.947474
member,30113,3,6,0,2.682568,0.068387,0.441448,1.794310,0.385783,-1.864872,1.794310
member,37767,7,9,0,1.423501,0.240869,0.316854,1.958340,1.292083,-0.274185,1.958340
member,49316,5,7,0,2.658889,0.070026,0.174708,2.240171,-0.270919,-0.914252,2.240171
member,24249,6,9,0,3.057393,0.047010,0.340445,1.962914,-0.423776,-1.979891,1.962914
member,17353,0,7,0,2.425489,0.088435,0.346194,1.873176,0.409358,-1.364732,1.873176
member,2081,5,3,0,2.495287,0.082473,0.225638,2.024935,0.103728,-1.006465,2.024935
member,41681,2,7,0,1.725681,0.178052,0.238510,2.042688,1.025441,-0.292339,2.042688
member,43416,1,1,1,1.054460,0.348381,0.348381,1.347876,2.864770,0.003908,-1.347876
member,30365,2,1,0,2.260535,0.104295,0.360984,1.921704,0.540529,-1.241613,1.921704
member,41711,4,3,0,1.977777,0.138376,0.227251,1.968010,0.915037,-0.496078,1.968010
member,40155,3,2,0,2.139518,0.117712,0.160511,2.180551,0.315764,-0.310126,2.180551
member,42810,8,1,0,2.139632,0.117698,0.478481,1.471069,1.131200,-1.402494,1.471069
member,30364,9,9,1,0.984914,0.373471,0.373471,1.591020,2.363545,0.062236,-1.591020
member,42192,3,8,0,2.729181,0.065273,0.313204,1.982436,-0.099808,-1.568280,1.982436
member,6850,7,9,0,2.343874,0.095955,0.392556,1.913905,0.260119,-1.408798,1.913905
member,12065,8,8,1,0.350334,0.704453,0.704453,0.934242,4.830841,1.681433,-0.934242
member,11220,2,2,1,1.320101,0.267108,0.267108,2.089820,1.373294,0.638947,-2.089820
member,15944,2,1,0,2.970265,0.051290,0.374739,1.847321,0.123066,-1.988739,1.847321
member,523,7,9,0,2.355923,0.094806,0.317522,1.768984,0.711651,-1.208716,1.768984
member,38823,0,8,0,1.438007,0.237400,0.546321,1.369379,2.005566,-0.833458,1.369379
member,40945,0,2,0,3.136403,0.043439,0.166720,2.210344,-0.665323,-1.344962,2.210344
member,35689,7,7,1,0.920457,0.398337,0.398337,1.865737,2.099344,1.157988,-1.865737
member,30837,0,0,1,1.150019,0.316631,0.316631,1.941935,1.621615,0.608984,-1.941935
member,11987,6,1,0,1.808423,0.163912,0.197238,1.999672,1.311386,-0.185081,1.999672
member,38202,5,6,0,1.705890,0.181611,0.383687,1.651849,2.236393,-0.747962,1.651849
member,38003,0,8,0,2.457034,0.085689,0.508419,1.505498,0.796778,-1.780584,1.505498
member,18480,1,9,0,1.681046,0.186179,0.573248,1.271990,2.287360,-1.124610,1.271990
member,44013,9,8,0,1.326600,0.265378,0.590906,1.089322,3.023412,-0.800503,1.089322
member,30036,7,9,0,1.613975,0.199095,0.297285,1.895006,1.234007,-0.400911,1.895006
member,46035,5,1,0,2.028450,0.131539,0.237003,2.077513,0.779874,-0.588768,2.077513
member,36924,0,6,0,5.191110,0.005566,0.191590,2.091024,-2.342610,-3.538713,2.091024
member,29624,5,6,0,2.071065,0.126051,0.226130,2.006284,0.733636,-0.584420,2.006284
member,30693,1,1,1,0.833687,0.434445,0.434445,1.618177,2.334336,0.383207,-1.618177
member,36550,1,1,1,0.563216,0.569375,0.569375,1.301366,3.497143,1.011229,-1.301366
member,24993,2,6,0,2.385918,0.092004,0.335740,1.838850,1.311686,-1.294499,1.838850
member,47109,1,8,0,2.318141,0.098456,0.459092,1.473272,1.250810,-1.539637,1.473272
member,23986,3,6,0,1.771319,0.170108,0.378268,1.828871,1.691386,-0.799167,1.828871
member,3068,2,9,0,2.815599,0.059869,0.283123,2.071193,-0.197111,-1.553725,2.071193
member,40642,4,0,0,2.522122,0.080289,0.200418,2.165148,-0.047282,-0.914772,2.165148
member,40698,9,6,0,1.845041,0.158019,0.208744,2.056684,0.903673,-0.278393,2.056684
member,23263,1,9,0,1.312028,0.269273,0.304923,1.571333,2.065342,-0.124334,1.571333
member,44116,0,9,0,3.815396,0.022029,0.550836,1.516077,-0.616197,-3.219078,1.516077
member,33421,0,7,0,4.300235,0.013565,0.501839,1.651517,-1.205965,-3.610759,1.651517
member,38747,6,6,1,1.048748,0.350376,0.350376,1.782705,2.425790,0.640180,-1.782705
member,27449,8,0,0,1.418979,0.241961,0.305669,1.729948,1.741514,-0.233727,1.729948
member,5396,7,7,1,0.968995,0.379464,0.379464,1.879592,1.825707,0.894648,-1.879592
member,19168,4,6,0,1.857755,0.156023,0.328233,1.808856,1.651520,-0.743724,1.808856
member,3759,4,6,0,1.702766,0.182179,0.193414,2.101422,0.921012,-0.059844,2.101422
member,15703,4,3,0,2.182080,0.112807,0.223572,1.966387,1.020503,-0.684059,1.966387
member,18829,4,6,0,1.952010,0.141988,0.333752,1.730299,2.193094,-0.854652,1.730299
member,43811,0,7,0,1.924573,0.145938,0.241255,2.115024,0.512871,-0.502671,2.115024
member,19224,2,3,0,2.222555,0.108332,0.245552,1.933592,0.709163,-0.818308,1.933592
member,25162,1,1,1,0.614095,0.541131,0.541131,1.261790,3.527905,1.015299,-1.261790
member,29247,3,1,0,1.611104,0.199667,0.389830,1.750998,1.959810,-0.669059,1.750998
member,5491,4,6,0,2.207277,0.110000,0.557385,1.444124,1.809519,-1.622778,1.444124
member,49787,1,1,1,0.829946,0.436073,0.436073,1.541317,2.517346,0.547217,-1.541317
member,30973,9,9,1,1.178493,0.307742,0.307742,1.833684,1.774015,0.394304,-1.833684
member,48781,4,6,0,2.584445,0.075438,0.596197,1.386703,1.843995,-2.067260,1.386703
member,17196,0,1,0,4.169643,0.015458,0.339118,1.824471,-1.227783,-3.088238,1.824471
member,36608,7,5,0,2.465394,0.084975,0.168094,2.144651,0.214382,-0.682160,2.144651
member,47878,6,6,1,1.453358,0.233784,0.233784,2.023762,1.343266,0.237555,-2.023762
member,25284,5,5,1,0.839395,0.431972,0.431972,1.440099,2.722630,0.164884,-1.440099
member,23074,2,7,0,1.929249,0.145257,0.210274,2.151279,0.539171,-0.369905,2.151279
member,42737,3,5,0,1.338399,0.262265,0.396859,1.756327,1.786819,-0.414225,1.756327
member,10742,2,9,0,2.120392,0.119985,0.177457,2.189155,0.416030,-0.391362,2.189155
member,30601,8,8,1,0.321799,0.724844,0.724844,0.947101,4.257756,1.816928,-0.947101
member,38275,3,7,0,2.063643,0.126990,0.231424,2.116939,0.527595,-0.600140,2.116939
member,32738,8,8,1,0.319980,0.726164,0.726164,0.889816,5.230720,1.796279,-0.889816
member,44093,3,6,0,1.969524,0.139523,0.171246,2.061320,1.053507,-0.204869,2.061320
member,41104,2,4,0,1.824140,0.161356,0.178795,2.097128,0.871720,-0.102626,2.097128
member,1182,4,0,0,4.995527,0.006768,0.569091,1.333617,-1.149115,-4.431813,1.333617
member,34647,3,7,0,1.465298,0.231009,0.246668,2.031218,1.252765,-0.065587,2.031218
member,12240,6,7,0,3.328748,0.035838,0.263495,2.045394,-0.667072,-1.995027,2.045394
member,21564,0,8,0,3.645441,0.026110,0.314866,1.819507,-0.823399,-2.489834,1.819507
member,48811,7,0,0,1.890159,0.151048,0.265164,2.101880,0.673632,-0.562752,2.101880
member,38782,0,0,1,0.878092,0.415575,0.415575,1.730305,2.215968,0.676091,-1.730305
member,41808,8,1,0,3.599295,0.027343,0.521630,1.250060,0.075067,-2.948498,1.250060
member,17095,7,7,1,1.121139,0.325908,0.325908,1.922039,1.679664,0.555380,-1.922039
member,30582,1,1,1,0.801392,0.448704,0.448704,1.185307,3.350438,0.070736,-1.185307
member,16749,4,3,0,2.704398,0.066911,0.168778,2.132898,0.017243,-0.925229,2.132898
member,27752,9,9,1,0.651977,0.521015,0.521015,1.272822,3.307064,0.616701,-1.272822
member,16776,0,0,1,1.161399,0.313048,0.313048,1.691050,2.162492,0.123750,-1.691050
member,5711,6,6,1,1.055917,0.347873,0.347873,1.936583,1.890410,0.902714,-1.936583
member,36440,3,3,1,1.656353,0.190834,0.190834,1.970380,1.543315,0.091605,-1.970380
member,48137,2,1,0,2.661820,0.069821,0.438285,1.787398,0.238838,-1.836934,1.787398
member,6201,9,1,0,2.289202,0.101347,0.587479,1.516627,0.890051,-1.757288,1.516627
member,31965,7,7,1,1.613507,0.199188,0.199188,2.033422,1.127783,0.006860,-2.033422
member,42772,5,1,0,2.219556,0.108657,0.393052,1.725513,1.059555,-1.285742,1.725513
member,3461,3,3,1,1.370614,0.253951,0.253951,1.968651,1.551770,0.176167,-1.968651
member,22960,2,6,0,2.005308,0.134619,0.246614,2.018706,0.778360,-0.605379,2.018706
member,33520,9,7,0,3.484321,0.030675,0.215068,1.989915,-0.666503,-1.947520,1.989915
member,32338,6,6,1,1.289987,0.275274,0.275274,2.032868,1.715604,0.724973,-2.032868
member,41590,4,2,0,2.135386,0.118199,0.161000,2.167944,0.347580,-0.309036,2.167944
member,35238,7,6,0,2.192741,0.111610,0.172125,2.147829,0.468568,-0.433206,2.147829
member,2527,3,4,0,1.929861,0.145168,0.203854,2.021950,0.928462,-0.339511,2.021950
member,18881,7,6,0,3.025057,0.048555,0.269945,1.888561,0.349076,-1.715520,1.888561
member,1484,6,6,1,0.926160,0.396072,0.396072,1.601717,3.639068,0.515379,-1.601717
member,29708,8,0,0,1.203510,0.300139,0.594950,1.059451,3.086774,-0.684233,1.059451
member,3270,5,5,1,1.365389,0.255281,0.255281,1.839695,1.837563,0.022988,-1.839695
member,3610,2,9,0,2.105799,0.121748,0.266133,1.878503,0.813087,-0.782041,1.878503
member,11846,7,7,1,0.763918,0.465838,0.465838,1.725594,2.286963,1.365721,-1.725594
member,24066,9,9,1,1.004041,0.366396,0.366396,1.881529,1.957007,0.492759,-1.881529
member,8760,3,3,1,1.497519,0.223684,0.223684,2.147488,1.102546,0.328979,-2.147488
member,35552,5,5,1,1.672051,0.187861,0.187861,2.212014,0.827753,0.356946,-2.212014
member,10369,8,9,0,0.987055,0.372673,0.434889,1.251298,3.122812,-0.154391,1.251298
member,2464,8,0,0,1.448778,0.234857,0.347534,1.753380,1.579470,-0.391886,1.753380
member,48582,6,9,0,1.773404,0.169754,0.232832,2.048043,0.995836,-0.315964,2.048043
member,28499,8,8,1,0.233205,0.791991,0.791991,0.782054,4.310750,2.007385,-0.782054
member,22039,6,6,1,1.249646,0.286606,0.286606,1.725704,2.836669,0.320649,-1.725704
member,42171,1,8,0,2.578939,0.075854,0.668510,1.070566,1.798854,-2.176236,1.070566
member,35906,5,3,0,1.207515,0.298939,0.340850,1.718145,1.937158,-0.131201,1.718145
member,9389,4,6,0,1.934107,0.144553,0.255939,2.020801,0.942355,-0.571292,2.020801
member,28175,1,9,0,1.105459,0.331059,0.336781,1.686465,1.981665,-0.017138,1.686465
member,46339,4,9,0,3.612337,0.026989,0.439345,1.609111,-0.282475,-2.789867,1.609111
member,11163,1,6,0,3.248757,0.038822,0.376458,1.773495,0.224111,-2.271808,1.773495
member,48266,0,0,1,0.050579,0.950679,0.950679,0.290612,5.158456,4.284975,-0.290612
member,46900,1,9,0,2.230686,0.107455,0.465267,1.744915,0.724979,-1.465541,1.744915
member,10758,5,6,0,2.274325,0.102866,0.252073,2.096279,0.412458,-0.896290,2.096279
member,45754,3,7,0,1.792729,0.166505,0.313510,1.974497,1.189433,-0.632805,1.974497
member,37078,0,8,0,2.106750,0.121633,0.681299,1.151098,1.545034,-1.722996,1.151098
member,23502,6,6,1,1.111140,0.329183,0.329183,1.777899,2.779196,0.604055,-1.777899
member,38332,8,2,0,4.888992,0.007529,0.261203,1.952108,-2.075612,-3.546535,1.952108
member,38057,7,7,1,0.623972,0.535812,0.535812,1.608943,2.419965,1.405648,-1.608943
member,42243,5,1,0,2.579290,0.075828,0.389570,1.809134,0.479275,-1.636580,1.809134
member,28617,1,6,0,1.530282,0.216475,0.364870,1.823741,1.838936,-0.522066,1.823741
member,37794,8,9,0,1.931594,0.144917,0.150595,2.267766,0.450331,-0.038435,2.267766
member,5564,7,7,1,0.510340,0.600291,0.600291,1.397906,2.979162,1.720930,-1.397906
member,5907,6,6,1,0.822961,0.439129,0.439129,1.752454,2.451386,0.977584,-1.752454
member,31304,7,7,1,1.402734,0.245924,0.245924,2.002075,1.410396,0.150490,-2.002075
member,23181,2,7,0,1.947819,0.142585,0.219986,2.109886,0.595993,-0.433630,2.109886
member,37739,9,9,1,0.551309,0.576195,0.576195,1.369055,2.824849,0.981385,-1.369055
member,41690,1,6,0,4.850939,0.007821,0.615192,1.272774,-0.292792,-4.365118,1.272774
member,23372,3,6,0,2.748468,0.064026,0.321136,1.989556,0.026339,-1.612577,1.989556
member,33789,3,7,0,2.001340,0.135154,0.293850,2.044659,0.559327,-0.776655,2.044659
member,7442,1,1,1,0.663854,0.514863,0.514863,1.109961,3.488429,0.284525,-1.109961
member,7474,3,3,1,1.779692,0.168690,0.168690,2.077230,1.029975,0.036760,-2.077230
member,24963,1,5,0,2.065406,0.126767,0.207605,2.087127,0.568133,-0.493288,2.087127
member,41065,7,3,0,1.687670,0.184950,0.194468,1.887318,1.625497,-0.050182,1.887318
member,49171,6,6,1,1.198905,0.301524,0.301524,1.952736,1.892737,0.571623,-1.952736
member,35527,7,8,0,5.883459,0.002785,0.446513,1.380586,-1.488525,-5.077172,1.380586
member,20376,1,9,0,1.366060,0.255110,0.286581,1.886295,1.343262,-0.116325,1.886295
member,46010,5,6,0,1.853283,0.156722,0.338539,1.776204,1.688229,-0.770166,1.776204
member,41547,4,6,0,2.095679,0.122987,0.361829,1.716851,1.688214,-1.079096,1.716851
member,26458,9,9,1,0.703809,0.494697,0.494697,1.057114,3.705410,0.165030,-1.057114
member,20873,8,1,0,4.714134,0.008968,0.461741,1.672193,-1.643702,-3.941384,1.672193
member,20483,5,6,0,2.620164,0.072791,0.196945,2.118805,0.005190,-0.995335,2.118805
member,23498,3,6,0,1.721304,0.178833,0.250895,2.049053,1.045980,-0.338584,2.049053
member,640,6,9,0,3.695606,0.024832,0.273310,1.972279,-1.075196,-2.398458,1.972279
member,44855,3,3,1,0.824540,0.438436,0.438436,1.533780,2.669488,0.387634,-1.533780
member,14761,2,1,0,2.724317,0.065591,0.312521,1.853005,0.650364,-1.561234,1.853005
member,10445,8,1,0,3.456320,0.031546,0.428183,1.327395,0.034470,-2.608115,1.327395
member,44157,9,8,0,1.649248,0.192194,0.537712,1.332070,2.238944,-1.028815,1.332070
member,2875,2,7,0,1.610327,0.199822,0.258606,1.985578,1.148133,-0.257879,1.985578
member,47177,9,9,1,0.627337,0.534012,0.534012,1.373816,2.844033,0.676103,-1.373816
member,31531,2,9,0,2.820423,0.059581,0.352640,1.801894,0.060994,-1.778116,1.801894
member,25678,6,6,1,0.745377,0.474555,0.474555,1.493743,3.574082,0.906708,-1.493743
member,9848,4,0,0,5.002266,0.006723,0.765777,0.977877,-1.175261,-4.735401,0.977877
member,10598,7,8,0,4.112266,0.016371,0.433267,1.483385,-0.520178,-3.275864,1.483385
member,4524,0,0,1,1.045969,0.351351,0.351351,1.591908,2.286486,0.018158,-1.591908
member,46200,0,1,0,3.319712,0.036163,0.299656,1.750331,-0.262792,-2.114592,1.750331
member,48139,5,6,0,2.919059,0.053984,0.454691,1.696370,0.431817,-2.130923,1.696370
member,6515,1,1,1,0.695213,0.498968,0.498968,1.394357,2.788832,0.669258,-1.394357
member,25694,8,8,1,0.781258,0.457830,0.457830,1.165765,3.396162,0.095663,-1.165765
member,1508,8,8,1,0.790349,0.453686,0.453686,1.368819,2.857866,0.279140,-1.368819
member,42357,3,1,0,1.615346,0.198822,0.295842,1.937877,1.336526,-0.397418,1.937877
member,12285,4,7,0,1.550080,0.212231,0.220675,1.862646,1.913855,-0.039015,1.862646
member,11015,2,7,0,1.752291,0.173376,0.244640,1.896577,1.524641,-0.344324,1.896577
member,46615,8,9,0,1.805572,0.164380,0.431273,1.400257,1.845603,-0.964559,1.400257
member,27600,7,7,1,1.131858,0.322434,0.322434,1.814210,2.066370,0.391099,-1.814210
member,40771,5,4,0,2.461942,0.085269,0.260606,1.852587,0.571663,-1.117198,1.852587
member,46864,0,6,0,6.177852,0.002075,0.299382,1.820942,-2.783436,-4.971818,1.820942
member,29801,1,1,1,0.731165,0.481348,0.481348,1.504210,2.709162,0.590362,-1.504210
member,18875,4,4,1,1.577890,0.206410,0.206410,1.977329,1.396634,0.002539,-1.977329
member,12793,9,9,1,0.416050,0.659647,0.659647,1.164134,3.362699,1.315818,-1.164134
member,5739,4,6,0,1.723216,0.178491,0.522462,1.450536,2.938473,-1.074013,1.450536
member,736,8,2,0,2.035542,0.130610,0.171908,2.195694,0.359256,-0.274746,2.195694
member,3607,0,9,0,2.491467,0.082788,0.351230,1.661763,0.620958,-1.445154,1.661763
member,25429,4,1,0,3.789955,0.022597,0.392859,1.736364,-0.568147,-2.855649,1.736364
member,30965,5,6,0,2.326200,0.097666,0.522012,1.470675,1.889717,-1.676135,1.470675
member,19706,8,8,1,0.449112,0.638194,0.638194,1.120259,3.466974,1.137349,-1.120259
member,19970,6,1,0,2.223708,0.108207,0.230025,2.055729,0.637887,-0.754139,2.055729
member,17457,1,1,1,1.036353,0.354746,0.354746,1.745483,2.122020,0.396523,-1.745483
member,24792,0,9,0,3.179604,0.041602,0.440624,1.414650,0.469731,-2.360041,1.414650
member,46483,5,7,0,1.887720,0.151417,0.218365,1.958478,1.436640,-0.366133,1.958478
member,49631,8,9,0,1.608038,0.200280,0.597285,1.164396,2.390383,-1.092676,1.164396
member,25083,0,1,0,1.984741,0.137416,0.289701,2.072615,0.752438,-0.745835,2.072615
member,2624,9,9,1,1.170980,0.310063,0.310063,2.015087,1.373830,0.710970,-2.015087
member,6954,0,8,0,1.835143,0.159591,0.756965,0.817253,2.913243,-1.556706,0.817253
member,28739,4,7,0,2.425347,0.088447,0.234547,2.016664,0.720744,-0.975246,2.016664
member,27656,1,6,0,5.025606,0.006568,0.316653,1.671393,-0.882924,-3.875658,1.671393
member,20367,3,3,1,0.760608,0.467382,0.467382,1.608979,2.655590,0.887759,-1.608979
member,23477,1,0,0,2.291563,0.101108,0.786028,0.762348,3.153472,-2.050801,0.762348
member,27623,0,9,0,1.549810,0.212288,0.369270,1.731731,1.598034,-0.553583,1.731731
member,19339,0,0,1,0.221543,0.801282,0.801282,0.731130,4.339935,1.781399,-0.731130
member,21492,4,6,0,1.970752,0.139352,0.189903,2.158482,0.559114,-0.309508,2.158482
member,37082,7,7,1,1.308395,0.270254,0.270254,1.891118,1.726694,0.117633,-1.891118
member,37057,3,7,0,2.203482,0.110418,0.319054,1.978478,0.550129,-1.061087,1.978478
member,11546,1,1,1,0.572160,0.564305,0.564305,1.520109,2.679257,1.446274,-1.520109
member,13095,8,8,1,0.763657,0.465959,0.465959,1.415849,2.714921,0.416886,-1.415849
member,42857,9,8,0,1.224807,0.293815,0.484551,1.235291,3.111149,-0.500274,1.235291
member,29728,2,8,0,3.417078,0.032808,0.684257,1.069867,0.310187,-3.037656,1.069867
member,9987,5,0,0,2.463733,0.085117,0.235529,2.196615,-0.034806,-1.017814,2.196615
member,8477,2,0,0,4.777732,0.008415,0.837071,0.614344,0.196737,-4.599886,0.614344
member,30169,8,8,1,1.326030,0.265529,0.265529,1.965651,1.506033,0.232101,-1.965651
member,18972,7,6,0,1.603864,0.201118,0.288883,1.817619,2.059470,-0.362131,1.817619
member,39470,4,3,0,2.647444,0.070832,0.322509,1.686312,1.341040,-1.515821,1.686312
member,10734,7,6,0,1.918792,0.146784,0.400084,1.814966,1.567919,-1.002711,1.814966
member,2211,7,7,1,0.926658,0.395875,0.395875,1.788061,2.437978,1.064225,-1.788061
member,38741,2,6,0,2.053030,0.128345,0.237057,2.108438,0.529529,-0.613574,2.108438
member,25387,9,9,1,0.891381,0.410089,0.410089,1.542350,2.404296,0.231891,-1.542350
member,27451,7,9,0,2.682351,0.068402,0.487696,1.548367,0.290069,-1.964288,1.548367
member,31210,9,3,0,2.121235,0.119884,0.177077,2.162537,0.430998,-0.390067,2.162537
member,32077,8,9,0,1.534858,0.215486,0.385463,1.376393,2.575898,-0.581548,1.376393
member,18304,4,4,1,1.844684,0.158075,0.158075,2.149889,0.800620,0.043228,-2.149889
member,36450,2,6,0,2.205354,0.110212,0.179844,2.064550,0.648383,-0.489686,2.064550
member,13670,9,9,1,1.243279,0.288437,0.288437,1.938990,1.718386,0.249721,-1.938990
member,8193,3,4,0,1.873427,0.153596,0.240210,1.795061,1.807473,-0.447186,1.795061
member,3288,4,5,0,1.993073,0.136276,0.218647,1.866680,1.380138,-0.472778,1.866680
member,47082,7,9,0,1.838390,0.159073,0.358936,1.954022,0.918371,-0.813780,1.954022
member,31429,4,0,0,4.218689,0.014718,0.482578,1.617450,-1.133027,-3.490077,1.617450
member,48363,0,9,0,4.261641,0.014099,0.502173,1.456409,-0.895655,-3.572831,1.456409
member,31992,7,7,1,1.150053,0.316620,0.316620,1.784633,2.282633,0.523210,-1.784633
member,36436,2,6,0,1.982168,0.137770,0.338278,1.864172,1.334983,-0.898282,1.864172
member,21628,9,9,1,0.469106,0.625561,0.625561,1.384526,2.851327,1.569467,-1.384526
member,38020,6,6,1,0.729395,0.482201,0.482201,1.575842,3.108429,1.241974,-1.575842
member,26164,0,6,0,7.253300,0.000708,0.274254,1.813344,-3.521036,-5.959600,1.813344
member,12532,5,7,0,1.645686,0.192880,0.388149,1.564333,2.610658,-0.699321,1.564333
member,407,0,9,0,2.288311,0.101438,0.443312,1.313816,1.972585,-1.474830,1.313816
member,48607,6,7,0,3.314327,0.036359,0.255977,2.041823,-0.686336,-1.951659,2.041823
member,26366,6,7,0,2.076571,0.125359,0.173590,2.082347,0.817776,-0.325515,2.082347
member,10743,9,9,1,1.349790,0.259295,0.259295,2.007548,1.351123,0.210514,-2.007548
member,33089,9,9,1,1.648133,0.192409,0.192409,2.108614,1.079556,0.075007,-2.108614
member,10157,1,0,0,2.385846,0.092011,0.360097,1.802488,0.632210,-1.364463,1.802488
member,17164,3,0,0,2.766285,0.062895,0.266157,1.988510,-0.105330,-1.442615,1.988510
member,43183,8,0,0,1.582021,0.205559,0.424130,1.771003,1.274001,-0.724307,1.771003
member,2915,6,7,0,1.675006,0.187307,0.258726,2.014493,1.258970,-0.323019,2.014493
member,27175,0,0,1,0.433365,0.648324,0.648324,1.313195,2.870460,1.674247,-1.313195
member,17897,3,6,0,2.044570,0.129436,0.380259,1.820222,1.404534,-1.077668,1.820222
member,22472,1,5,0,2.250860,0.105309,0.309940,1.868135,0.631402,-1.079485,1.868135
member,5228,9,8,0,1.340468,0.261723,0.521832,1.290445,2.634149,-0.690059,1.290445
member,44790,4,7,0,1.579648,0.206048,0.256766,1.870798,1.817379,-0.220057,1.870798
member,343,4,7,0,2.253329,0.105049,0.467019,1.697501,1.067305,-1.491943,1.697501
member,49310,7,1,0,2.214788,0.109177,0.178632,2.097510,0.530617,-0.492360,2.097510
member,48979,0,0,1,0.705024,0.494097,0.494097,1.720308,2.135119,1.319855,-1.720308
member,14584,4,6,0,3.291436,0.037200,0.283881,1.811251,0.771733,-2.032237,1.811251
member,20216,2,0,0,2.095739,0.122979,0.399024,1.793753,0.819028,-1.177006,1.793753
member,23413,6,1,0,2.248511,0.105556,0.154211,2.276335,0.105679,-0.379075,2.276335
member,37273,7,6,0,2.423698,0.088593,0.354940,1.859549,0.883012,-1.387891,1.859549
member,47946,0,7,0,1.571818,0.207667,0.328034,1.947729,1.075449,-0.457180,1.947729
member,42105,0,1,0,5.285892,0.005063,0.413597,1.364098,-1.710552,-4.403029,1.364098
member,7237,8,0,0,1.648009,0.192433,0.599072,1.334348,1.741640,-1.135636,1.334348
member,31866,4,7,0,1.751531,0.173508,0.317388,1.798972,1.850205,-0.603902,1.798972
member,39265,4,8,0,2.599430,0.074316,0.159812,2.225270,-0.196516,-0.765674,2.225270
member,45051,5,3,0,1.974079,0.138889,0.265733,1.988009,1.121970,-0.648817,1.988009
member,47974,8,9,0,2.856636,0.057462,0.360777,1.790430,0.040878,-1.837141,1.790430
member,27393,2,9,0,2.623273,0.072565,0.222680,2.151217,-0.192694,-1.121252,2.151217
member,22776,8,0,0,2.609255,0.073589,0.169052,2.177102,-0.120163,-0.831707,2.177102
member,17377,7,7,1,1.078715,0.340032,0.340032,1.974006,1.693323,0.926961,-1.974006
member,26294,1,1,1,0.809222,0.445204,0.445204,1.817231,2.232100,1.419995,-1.817231
member,7251,0,0,1,0.341969,0.710370,0.710370,0.917826,4.011056,1.253720,-0.917826
member,25224,1,1,1,1.139205,0.320073,0.320073,1.846148,1.685136,0.071920,-1.846148
member,26540,4,6,0,2.394949,0.091177,0.170637,2.128054,0.254016,-0.626733,2.128054
member,7431,8,8,1,0.668173,0.512644,0.512644,1.344131,3.309901,0.973408,-1.344131
member,1048,3,6,0,1.970965,0.139322,0.271194,1.993423,1.068548,-0.666042,1.993423
member,44159,2,8,0,7.397565,0.000613,0.624643,1.063354,-1.343963,-6.926991,1.063354
member,9118,1,9,0,0.819565,0.440623,0.447154,1.179354,3.157053,-0.014712,1.179354
member,32804,5,1,0,2.851276,0.057771,0.292168,1.874737,0.361498,-1.620851,1.874737
member,45949,3,7,0,2.122627,0.119717,0.398635,1.853263,1.047343,-1.202917,1.853263
member,34107,7,7,1,1.756182,0.172703,0.172703,2.217710,0.718379,0.204792,-2.217710
member,19721,4,5,0,1.932557,0.144778,0.248521,1.971460,0.931576,-0.540328,1.971460
member,38370,9,6,0,3.818027,0.021971,0.320899,1.869671,-0.286792,-2.681397,1.869671
member,42959,7,9,0,2.570655,0.076485,0.259999,2.055100,0.097190,-1.223578,2.055100
member,12556,5,7,0,2.220341,0.108572,0.318726,1.891045,0.587989,-1.076917,1.891045
member,36316,2,6,0,2.486533,0.083198,0.354520,1.804896,0.838890,-1.449544,1.804896
member,27204,2,1,0,1.952248,0.141955,0.172812,2.203658,0.579129,-0.196698,2.203658
member,39089,8,9,0,1.937310,0.144091,0.366827,1.834893,0.962104,-0.934444,1.834893
member,8191,1,9,0,1.892508,0.150693,0.285083,1.932501,1.143494,-0.637532,1.932501
member,14279,9,9,1,1.232203,0.291649,0.291649,1.921030,1.703079,0.420143,-1.921030
member,38463,1,1,1,0.902794,0.405435,0.405435,1.822848,1.957397,0.754828,-1.822848
member,7672,7,7,1,1.176815,0.308259,0.308259,1.936036,1.647533,0.332477,-1.936036
member,26391,0,9,0,3.133420,0.043569,0.383194,1.618531,-0.174171,-2.174206,1.618531
member,39900,6,6,1,0.984390,0.373667,0.373667,1.765861,2.656321,0.828523,-1.765861
member,36778,2,0,0,2.265204,0.103809,0.232022,2.178922,0.181261,-0.804282,2.178922
member,43652,9,9,1,0.877520,0.415813,0.415813,1.630799,2.374674,0.714497,-1.630799
member,17759,6,6,1,1.161428,0.313039,0.313039,1.917892,2.140266,0.678206,-1.917892
member,48383,5,4,0,2.107913,0.121491,0.255361,1.775005,1.787244,-0.742836,1.775005
member,862,6,1,0,6.111623,0.002217,0.325263,1.648963,-2.713731,-4.988502,1.648963
member,19261,4,3,0,2.438283,0.087311,0.187626,2.039966,0.581597,-0.764979,2.039966
member,45075,3,3,1,1.128714,0.323449,0.323449,1.625021,2.425113,0.125300,-1.625021
member,19557,8,9,0,1.362086,0.256126,0.285758,1.886422,1.495544,-0.109475,1.886422
member,23428,1,1,1,0.703715,0.494744,0.494744,1.615720,2.496357,0.982529,-1.615720
member,19272,6,5,0,2.910429,0.054452,0.306691,1.713670,0.745425,-1.728514,1.713670
member,40676,9,1,0,1.101307,0.332436,0.394144,1.539287,2.147179,-0.170268,1.539287
member,5568,1,1,1,1.178298,0.307802,0.307802,1.875092,2.072734,0.617543,-1.875092
member,19284,4,7,0,2.426834,0.088316,0.189434,2.165921,0.100398,-0.763120,2.165921
member,17874,8,0,0,2.649920,0.070657,0.422991,1.493677,0.918369,-1.789515,1.493677
member,3161,2,2,1,1.346709,0.260095,0.260095,1.928492,1.477216,0.055826,-1.928492
member,24545,7,8,0,4.185965,0.015208,0.557069,1.359578,-0.637838,-3.600899,1.359578
member,49217,9,9,1,0.677067,0.508105,0.508105,1.543642,2.548784,0.887079,-1.543642
member,31791,5,5,1,0.576200,0.562030,0.562030,1.282205,3.331800,0.747586,-1.282205
member,1131,6,0,0,5.332710,0.004831,0.521067,1.618477,-2.257838,-4.680833,1.618477
member,24564,8,0,0,1.283027,0.277197,0.571677,1.133671,3.175244,-0.723846,1.133671
member,31148,3,3,1,1.740314,0.175465,0.175465,2.187468,0.846611,0.177809,-2.187468
member,31491,7,7,1,0.596160,0.550923,0.550923,1.506245,2.877789,1.502050,-1.506245
member,37516,8,8,1,1.149393,0.316829,0.316829,1.780227,1.818525,0.177315,-1.780227
member,43063,5,9,0,2.720960,0.065812,0.181623,2.076930,0.147958,-1.015136,2.076930
member,9401,0,1,0,2.368240,0.093645,0.250196,1.927640,0.407606,-0.982728,1.927640
member,35419,8,5,0,7.375030,0.000627,0.395355,1.520895,-3.544230,-6.447058,1.520895
member,7340,2,6,0,2.480774,0.083678,0.345769,1.788915,1.308593,-1.418791,1.788915
member,24869,3,7,0,1.988752,0.136866,0.216881,2.024833,1.003269,-0.460344,2.024833
member,48943,8,1,0,3.258302,0.038454,0.310158,1.855203,-0.448729,-2.087629,1.855203
member,27524,9,8,0,3.133006,0.043587,0.693005,0.834287,2.645030,-2.766288,0.834287
member,28195,7,1,0,2.199543,0.110854,0.236415,2.060520,0.567549,-0.757374,2.060520
member,15951,8,8,1,0.696093,0.498529,0.498529,1.368408,2.977701,0.581016,-1.368408
member,25030,2,4,0,1.841856,0.158523,0.219667,1.930566,1.134446,-0.326212,1.930566
member,23400,9,6,0,1.559219,0.210300,0.359560,1.850359,1.434901,-0.536345,1.850359
member,22730,7,7,1,0.894849,0.408669,0.408669,1.795458,2.050178,0.737995,-1.795458
member,29415,2,4,0,1.807171,0.164118,0.170364,2.109445,0.851910,-0.037353,2.109445
member,39273,2,6,0,1.734941,0.176411,0.271237,1.888423,1.297344,-0.430180,1.888423
member,49188,5,7,0,2.392622,0.091390,0.215034,2.092529,0.195411,-0.855664,2.092529
member,34883,9,8,0,1.763000,0.171530,0.416601,1.621827,1.461618,-0.887373,1.621827
member,18967,9,8,0,1.530410,0.216447,0.422893,1.455633,2.187957,-0.669775,1.455633
member,47710,2,8,0,4.425274,0.011971,0.611132,1.286985,-0.840767,-3.932831,1.286985
member,31660,6,9,0,1.862460,0.155290,0.278333,1.984784,1.050457,-0.583525,1.984784
member,26753,5,1,0,2.146070,0.116943,0.484031,1.681471,0.977140,-1.420464,1.681471
member,36417,7,7,1,0.970923,0.378733,0.378733,1.894520,1.886617,0.993354,-1.894520
member,40652,0,7,0,3.633578,0.026421,0.269212,2.086986,-1.047267,-2.321321,2.086986
member,2742,2,3,0,2.067204,0.126539,0.222458,1.980372,0.859818,-0.564189,1.980372
member,3049,0,0,1,0.382293,0.682295,0.682295,0.868304,4.660887,0.994060,-0.868304
member,49,0,0,1,0.671331,0.511028,0.511028,1.690296,2.243236,1.456467,-1.690296
member,39859,9,1,0,2.275064,0.102790,0.216340,2.075709,0.487102,-0.744160,2.075709
member,8745,7,3,0,2.249066,0.105498,0.228674,2.045864,0.495124,-0.773608,2.045864
member,4745,3,3,1,1.439658,0.237009,0.237009,1.945452,1.566802,0.234914,-1.945452
member,9194,2,7,0,2.265096,0.103820,0.304760,1.882704,0.469025,-1.076864,1.882704
member,7613,7,7,1,0.950529,0.386537,0.386537,1.914882,1.835141,1.121611,-1.914882
member,46147,1,1,1,1.195569,0.302532,0.302532,1.922464,1.538728,0.189139,-1.922464
member,20015,0,0,1,0.730611,0.481615,0.481615,1.641586,2.228165,0.830623,-1.641586
member,44978,4,6,0,1.489935,0.225387,0.245004,1.864942,1.909913,-0.083454,1.864942
member,15170,4,0,0,4.942621,0.007136,0.445889,1.563253,-1.548220,-4.134935,1.563253
member,17972,2,1,0,2.024260,0.132092,0.150641,2.272824,0.344402,-0.131402,2.272824
member,22512,3,2,0,2.044490,0.129446,0.204542,2.199321,0.421019,-0.457508,2.199321
member,24393,4,3,0,2.464029,0.085091,0.176155,2.215006,-0.113961,-0.727640,2.215006
member,28354,0,7,0,3.705244,0.024594,0.418095,1.856644,-0.780248,-2.833198,1.856644
member,7003,6,9,0,1.658896,0.190349,0.292217,1.859869,1.338469,-0.428636,1.859869
member,35263,0,9,0,2.335490,0.096763,0.424658,1.740734,0.710091,-1.479019,1.740734
member,39995,0,0,1,0.575176,0.562606,0.562606,1.539250,2.488399,1.489428,-1.539250
member,173,5,3,0,2.543453,0.078595,0.208953,2.070120,0.220650,-0.977807,2.070120
member,19901,2,9,0,2.782188,0.061903,0.391189,1.894996,-0.052097,-1.843624,1.894996
member,46793,5,3,0,1.862797,0.155238,0.211995,1.926228,1.452827,-0.311606,1.926228
member,13013,3,9,0,1.950282,0.142234,0.284510,1.921875,1.286985,-0.693296,1.921875
member,34513,2,9,0,2.563498,0.077035,0.271272,1.918427,0.261110,-1.258865,1.918427
member,15800,6,9,0,2.854707,0.057573,0.210772,2.204666,-0.410406,-1.297729,2.204666
member,45750,6,6,1,1.127162,0.323951,0.323951,1.986120,1.689509,0.877127,-1.986120
member,419,9,9,1,0.715982,0.488712,0.488712,1.478575,2.587865,0.515950,-1.478575
member,16295,3,3,1,1.172616,0.309556,0.309556,1.746697,2.496611,0.295744,-1.746697
member,29307,0,0,1,0.545498,0.579553,0.579553,1.560020,2.439939,1.995246,-1.560020
member,22177,8,9,0,3.234966,0.039362,0.436648,1.619081,0.071671,-2.406338,1.619081
member,16751,3,3,1,1.162770,0.312619,0.312619,1.791085,2.739655,0.251277,-1.791085
member,18698,1,9,0,1.501458,0.222805,0.398422,1.698179,1.579881,-0.581215,1.698179
member,39387,1,0,0,2.312906,0.098973,0.342406,1.768849,0.650538,-1.241148,1.768849
member,32976,5,1,0,2.592887,0.074804,0.336337,1.942924,0.203911,-1.503244,1.942924
member,5836,2,0,0,2.257445,0.104617,0.518478,1.662087,0.673251,-1.600588,1.662087
member,39624,5,5,1,1.153483,0.315536,0.315536,1.789212,2.395224,0.431582,-1.789212
member,30504,8,9,0,2.023694,0.132166,0.352401,1.775969,0.939692,-0.980709,1.775969
member,40915,9,9,1,0.823632,0.438835,0.438835,1.648818,2.243788,0.626506,-1.648818
member,40653,6,6,1,0.647437,0.523386,0.523386,1.577417,2.962623,1.468018,-1.577417
member,24105,5,3,0,1.774024,0.169649,0.215275,2.105304,0.822376,-0.238184,2.105304
member,30534,1,1,1,0.272461,0.761503,0.761503,0.847725,4.052836,1.546626,-0.847725
member,28396,8,9,0,1.636038,0.194750,0.313510,1.862415,1.241860,-0.476115,1.862415
member,3243,6,6,1,0.916374,0.399967,0.399967,1.676511,3.095922,0.850094,-1.676511
member,800,2,1,0,2.372221,0.093273,0.186424,2.195224,-0.031836,-0.692490,2.195224
member,34940,1,6,0,3.256938,0.038506,0.502992,1.632913,0.356804,-2.569757,1.632913
member,40231,2,7,0,2.063759,0.126976,0.261825,2.017569,0.666981,-0.723679,2.017569
member,10413,5,5,1,1.360326,0.256577,0.256577,2.053742,1.423850,0.299145,-2.053742
member,17971,5,5,1,1.305111,0.271142,0.271142,1.705575,3.078650,0.098695,-1.705575
member,44276,3,5,0,1.321775,0.266662,0.343213,1.674198,2.523827,-0.252371,1.674198
member,42493,0,8,0,1.566583,0.208757,0.286329,1.848722,1.387712,-0.315968,1.848722
member,23553,3,3,1,1.096047,0.334189,0.334189,1.786317,2.815350,0.611161,-1.786317
member,32691,8,8,1,0.285870,0.751360,0.751360,0.830113,4.725266,1.634660,-0.830113
member,43113,8,8,1,1.290345,0.275176,0.275176,2.068847,1.396517,0.663477,-2.068847
member,10945,5,6,0,2.074127,0.125666,0.194429,2.095092,0.766989,-0.436439,2.095092
member,19822,4,3,0,2.285875,0.101685,0.217060,2.034193,0.543077,-0.758294,2.034193
member,44729,4,7,0,2.452639,0.086066,0.203066,2.127986,0.104449,-0.858417,2.127986
member,38933,9,9,1,0.539161,0.583237,0.583237,1.149047,3.628052,0.795495,-1.149047
member,17227,2,6,0,3.054957,0.047125,0.656916,1.218300,1.540177,-2.634758,1.218300
member,26565,0,0,1,1.227291,0.293085,0.293085,1.956318,1.547569,0.398063,-1.956318
member,7560,5,0,0,3.711241,0.024447,0.490236,1.542456,-0.545668,-2.998373,1.542456
member,41019,0,8,0,1.046961,0.351003,0.479985,1.343734,2.411818,-0.312960,1.343734
member,3663,2,6,0,2.162104,0.115083,0.293345,2.021466,0.696753,-0.935698,2.021466
member,28956,6,9,0,2.101982,0.122214,0.313551,1.772682,1.063963,-0.942189,1.772682
member,40154,5,6,0,2.198951,0.110919,0.286028,1.908537,1.304861,-0.947284,1.908537
member,41552,6,6,1,1.767104,0.170827,0.170827,2.139693,0.763864,0.086750,-2.139693
member,6365,9,1,0,0.998735,0.368345,0.521658,1.105534,3.173722,-0.347991,1.105534
member,3707,6,6,1,0.957197,0.383968,0.383968,1.744915,2.685495,0.554771,-1.744915
member,35385,7,9,0,1.605018,0.200886,0.343860,1.898338,1.247773,-0.537497,1.898338
member,27612,8,1,0,1.802394,0.164904,0.389501,1.543911,1.513746,-0.859505,1.543911
member,14217,9,8,0,1.261145,0.283329,0.378160,1.595136,2.003278,-0.288706,1.595136
member,71,9,1,0,1.369307,0.254283,0.611148,1.118801,2.867683,-0.876890,1.118801
member,4280,4,2,0,1.708355,0.181164,0.209722,1.965044,1.331131,-0.146382,1.965044
member,3555,1,6,0,1.946549,0.142766,0.189660,2.003430,1.154823,-0.284025,2.003430
member,8468,8,8,1,0.415082,0.660286,0.660286,1.227985,3.066810,1.753430,-1.227985
member,44320,0,1,0,4.639996,0.009658,0.281609,1.975783,-1.707702,-3.372761,1.975783
member,21920,5,0,0,2.370465,0.093437,0.152127,2.274786,-0.020042,-0.487425,2.274786
member,9598,9,1,0,1.248145,0.287037,0.376807,1.456037,2.571606,-0.272122,1.456037
member,33698,7,7,1,1.248530,0.286926,0.286926,1.874429,1.752366,0.352810,-1.874429
member,11014,0,8,0,1.507221,0.221525,0.409325,1.691265,1.469278,-0.613975,1.691265
member,28713,9,9,1,0.361463,0.696656,0.696656,1.143965,3.225437,1.674229,-1.143965
member,46973,5,7,0,1.847449,0.157639,0.161004,2.198107,0.615605,-0.021123,2.198107
member,29678,2,7,0,1.444645,0.235830,0.393223,1.732445,1.541365,-0.511267,1.732445
member,45563,7,7,1,0.845129,0.429502,0.429502,1.764916,2.185158,0.983102,-1.764916
member,31178,3,8,0,2.485875,0.083253,0.248106,2.037090,0.089211,-1.091978,2.037090
member,21609,9,9,1,0.446786,0.639681,0.639681,1.058684,3.486407,0.907060,-1.058684
member,25408,5,6,0,2.291156,0.101149,0.439536,1.672396,1.468820,-1.469120,1.672396
member,43344,8,8,1,0.379367,0.684294,0.684294,1.049173,4.150006,1.899912,-1.049173
member,49196,1,0,0,2.208004,0.109920,0.371293,1.538490,1.238637,-1.217241,1.538490
member,26733,7,7,1,1.008938,0.364606,0.364606,1.688151,2.954448,0.605447,-1.688151
member,48428,0,0,1,0.180126,0.835165,0.835165,0.591590,5.206751,1.896148,-0.591590
member,18686,7,6,0,2.685734,0.068171,0.282114,1.969667,0.502361,-1.420290,1.969667
member,16649,8,7,0,3.831273,0.021682,0.363697,1.963987,-1.241319,-2.819839,1.963987
member,24775,3,1,0,1.941049,0.143553,0.448104,1.656432,1.585160,-1.138319,1.656432
member,24569,2,7,0,1.723478,0.178444,0.208653,2.011189,1.021522,-0.156396,2.011189
member,42825,3,5,0,1.384054,0.250561,0.318804,1.758528,2.009318,-0.240876,1.758528
member,25403,4,6,0,1.567632,0.208538,0.345753,1.776409,1.658402,-0.505602,1.776409
member,24602,1,1,1,1.204624,0.299805,0.299805,1.931066,1.677954,0.169758,-1.931066
member,49697,8,9,0,2.721953,0.065746,0.647841,1.187603,1.278234,-2.287843,1.187603
member,13847,6,6,1,0.934356,0.392839,0.392839,1.721505,2.953131,1.034481,-1.721505
member,49246,7,0,0,2.340624,0.096268,0.268824,1.972125,0.417366,-1.026927,1.972125
member,42942,2,9,0,2.727793,0.065363,0.223034,2.205659,-0.267273,-1.227360,2.205659
member,39967,5,7,0,1.650562,0.191942,0.249849,1.860326,1.481260,-0.263663,1.860326
member,28980,6,6,1,0.893162,0.409359,0.409359,1.808089,2.610477,1.245007,-1.808089
member,2799,2,6,0,2.923152,0.053764,0.241689,1.923241,0.584548,-1.503049,1.923241
member,30334,6,7,0,3.207649,0.040452,0.278018,2.054495,-0.655161,-1.927581,2.054495
member,5275,9,9,1,0.628834,0.533213,0.533213,1.601993,2.382867,1.456113,-1.601993
member,10820,5,3,0,1.487486,0.225940,0.297950,1.666943,2.512264,-0.276656,1.666943
member,31365,4,4,1,1.244779,0.288004,0.288004,1.851702,1.895454,0.402271,-1.851702
member,24808,6,9,0,2.356255,0.094775,0.303632,1.955979,0.499807,-1.164314,1.955979
member,44596,5,1,0,2.303005,0.099958,0.206984,2.054094,0.914753,-0.727892,2.054094
member,21154,1,9,0,2.175662,0.113533,0.295969,2.045681,0.510949,-0.958161,2.045681
member,45054,7,7,1,1.076191,0.340892,0.340892,1.808253,2.330675,0.749982,-1.808253
member,21131,2,6,0,2.987966,0.050390,0.278303,2.004612,-0.032630,-1.708921,2.004612
member,11601,9,3,0,3.167823,0.042095,0.272574,1.914914,-0.098430,-1.867978,1.914914
member,3788,9,9,1,1.069645,0.343130,0.343130,1.843757,1.881999,0.270385,-1.843757
member,22892,7,6,0,1.632232,0.195493,0.251273,1.894919,1.546281,-0.251016,1.894919
member,33901,2,3,0,2.587156,0.075234,0.311533,1.828265,0.398318,-1.420907,1.828265
member,13618,5,3,0,2.135155,0.118226,0.244796,1.962612,0.845852,-0.727825,1.962612
member,26683,7,7,1,1.265510,0.282095,0.282095,2.029574,1.485434,0.422704,-2.029574
member,46296,9,1,0,1.651739,0.191716,0.444385,1.520253,1.968404,-0.840674,1.520253
member,18496,2,0,0,3.690954,0.024948,0.807018,0.813697,0.585187,-3.476545,0.813697
member,48625,5,1,0,2.821028,0.059545,0.385649,1.756608,0.348851,-1.868199,1.756608
member,36287,0,1,0,5.211464,0.005454,0.211097,2.063255,-2.359592,-3.656025,2.063255
member,45451,2,6,0,3.396601,0.033487,0.519632,1.569589,0.464354,-2.741966,1.569589
member,29833,6,1,0,4.183309,0.015248,0.287428,1.867655,-1.098097,-2.936527,1.867655
member,1668,0,0,1,0.154868,0.856528,0.856528,0.505240,5.912190,1.973189,-0.505240
member,8247,4,4,1,1.504945,0.222029,0.222029,2.114290,1.106037,0.251953,-2.114290
member,23292,7,7,1,0.958250,0.383564,0.383564,1.831732,2.194462,0.876881,-1.831732
member,15798,5,3,0,1.452541,0.233975,0.263433,1.786067,1.858490,-0.118585,1.786067
member,31328,8,8,1,1.159086,0.313773,0.313773,1.703593,1.934234,0.237102,-1.703593
member,21043,0,9,0,3.275574,0.037795,0.231440,2.068653,-0.591523,-1.812138,2.068653
member,29167,9,8,0,1.667477,0.188723,0.455037,1.643371,1.613772,-0.880100,1.643371
member,48245,5,3,0,1.955872,0.141441,0.207315,2.062760,0.842661,-0.382358,2.062760
member,34522,8,8,1,0.596021,0.551000,0.551000,1.335851,3.143665,1.022026,-1.335851
member,32503,7,5,0,2.060600,0.127378,0.295393,1.856904,1.050175,-0.841150,1.856904
member,32999,5,6,0,2.517726,0.080643,0.357406,1.813087,1.278855,-1.488844,1.813087
member,49895,4,3,0,2.427499,0.088257,0.348467,1.581182,1.951193,-1.373287,1.581182
member,26876,3,8,0,1.887098,0.151511,0.300435,1.954545,0.966553,-0.684572,1.954545
member,14499,0,0,1,0.382895,0.681884,0.681884,1.186134,3.198761,1.819111,-1.186134
member,36251,1,9,0,1.092705,0.335308,0.361897,1.691198,1.837831,-0.076308,1.691198
member,29574,9,9,1,0.991413,0.371052,0.371052,1.554712,2.319225,0.240811,-1.554712
member,39973,5,5,1,1.276819,0.278923,0.278923,1.713393,2.450538,0.102434,-1.713393
member,22952,1,3,0,2.702201,0.067058,0.197941,1.964429,0.540255,-1.082413,1.964429
member,44578,7,4,0,1.795817,0.165992,0.216083,1.875932,1.571258,-0.263725,1.875932
member,3486,3,9,0,2.496484,0.082374,0.302651,1.995043,0.230851,-1.301310,1.995043
member,48172,4,6,0,2.414256,0.089434,0.260992,1.981323,1.036463,-1.070990,1.981323
member,48696,9,9,1,0.843180,0.430340,0.430340,1.417140,2.673339,0.170285,-1.417140
member,20705,8,8,1,1.139135,0.320096,0.320096,1.653935,2.165198,0.275699,-1.653935
member,354,1,1,1,0.831034,0.435599,0.435599,1.596065,2.875513,0.709566,-1.596065
member,7852,3,6,0,2.552369,0.077897,0.245811,2.124407,0.104662,-1.149177,2.124407
member,40565,6,6,1,0.745550,0.474473,0.474473,1.618692,2.964730,1.240446,-1.618692
member,10064,0,9,0,3.677840,0.025278,0.507145,1.562120,-0.510058,-2.998882,1.562120
member,30768,1,1,1,0.464836,0.628238,0.628238,1.271130,3.246107,1.198301,-1.271130
member,46182,3,7,0,2.138785,0.117798,0.153271,2.160516,0.546810,-0.263240,2.160516
member,30621,6,6,1,1.650519,0.191950,0.191950,2.143511,0.884254,0.211848,-2.143511
member,25406,6,6,1,1.166783,0.311367,0.311367,1.858176,2.046621,0.557479,-1.858176
member,17104,3,7,0,2.007200,0.134364,0.209665,2.020746,0.780509,-0.444957,2.020746
member,10476,1,1,1,0.479626,0.619015,0.619015,1.464554,2.723234,2.173258,-1.464554
member,38294,4,1,0,2.204450,0.110311,0.217511,1.999039,0.838085,-0.678945,1.999039
member,40254,9,9,1,0.528755,0.589338,0.589338,1.320349,2.854297,0.996131,-1.320349
member,7379,1,9,0,1.198600,0.301616,0.410901,1.622857,2.019859,-0.309197,1.622857
member,19496,3,0,0,2.105134,0.121829,0.210298,2.185300,0.325104,-0.545906,2.185300
member,39588,4,0,0,3.608788,0.027085,0.216626,2.004015,-0.870474,-2.079205,2.004015
member,48062,3,8,0,5.793777,0.003046,0.709718,0.901833,-0.251929,-5.450890,0.901833
member,48295,0,0,1,0.026526,0.973823,0.973823,0.132129,8.390833,3.714379,-0.132129
member,22264,0,1,0,3.067092,0.046556,0.282458,1.727088,-0.041398,-1.802866,1.727088
member,37821,2,1,0,2.697339,0.067385,0.196229,2.121236,-0.135148,-1.068866,2.121236
member,44338,7,6,0,2.092114,0.123426,0.330733,1.876155,1.050757,-0.985671,1.876155
member,2652,0,8,0,2.504032,0.081755,0.371120,1.412778,1.469609,-1.512803,1.412778
member,36786,0,6,0,5.800321,0.003027,0.217887,2.037302,-2.882281,-4.276541,2.037302
member,32690,6,6,1,1.572483,0.207529,0.207529,2.062209,1.144286,0.256634,-2.062209
member,39699,9,8,0,1.171531,0.309892,0.348396,1.450791,2.541450,-0.117115,1.450791
member,49031,9,8,0,1.668902,0.188454,0.461733,1.446414,2.046311,-0.896133,1.446414
member,14169,0,0,1,0.911867,0.401774,0.401774,1.766696,2.027811,0.563408,-1.766696
member,9400,1,9,0,2.967820,0.051415,0.397449,1.675245,0.293074,-2.045131,1.675245
member,38877,4,6,0,2.338579,0.096465,0.427274,1.810752,0.810870,-1.488249,1.810752
member,22779,5,5,1,1.581735,0.205618,0.205618,2.158692,0.750954,0.210197,-2.158692
member,29903,8,0,0,2.625560,0.072399,0.505840,1.527037,0.697003,-1.944026,1.527037
member,21296,8,8,1,0.466740,0.627043,0.627043,1.319987,2.992773,1.638975,-1.319987
member,28773,3,6,0,1.973451,0.138976,0.273949,1.910547,1.251733,-0.678637,1.910547
member,5045,9,3,0,2.709126,0.066595,0.237876,1.981535,0.420464,-1.273118,1.981535
member,25598,7,7,1,1.300335,0.272441,0.272441,1.978074,1.786527,0.695683,-1.978074
member,15158,4,7,0,1.956363,0.141372,0.302339,2.005127,0.717086,-0.760156,2.005127
member,42212,5,3,0,2.164218,0.114840,0.278628,1.894775,1.648574,-0.886341,1.894775
member,27619,3,1,0,2.178353,0.113228,0.405319,1.787144,1.067428,-1.275271,1.787144
member,38002,8,0,0,1.959909,0.140871,0.642319,1.301733,1.384257,-1.517240,1.301733
member,22654,6,6,1,0.781562,0.457691,0.457691,1.710044,2.896327,1.261588,-1.710044
member,24317,3,3,1,1.320158,0.267093,0.267093,2.018708,1.349780,0.178937,-2.018708
member,38925,8,9,0,1.139374,0.320019,0.414992,1.495057,2.309639,-0.259879,1.495057
member,11729,6,2,0,2.715634,0.066163,0.170840,2.218739,-0.368963,-0.948607,2.218739
member,36599,3,6,0,2.195216,0.111335,0.217465,2.094923,0.443837,-0.669498,2.094923
member,37315,2,9,0,3.495275,0.030340,0.515664,1.486136,-0.269293,-2.832976,1.486136
member,40983,8,8,1,0.548378,0.577887,0.577887,1.015980,4.594341,0.589848,-1.015980
member,26822,9,9,1,1.024013,0.359151,0.359151,1.706319,2.030616,0.212137,-1.706319
member,44654,6,4,0,1.887682,0.151422,0.209117,1.927108,1.460162,-0.322822,1.927108
member,28580,1,8,0,1.862394,0.155300,0.424131,1.410685,1.713398,-1.004682,1.410685
member,34976,6,6,1,1.553426,0.211522,0.211522,1.921017,1.641299,0.074413,-1.921017
member,22651,9,9,1,1.192750,0.303386,0.303386,1.773048,1.749785,0.011459,-1.773048
member,41112,8,8,1,0.909542,0.402709,0.402709,1.897021,1.773567,0.976553,-1.897021
member,19151,3,6,0,1.974091,0.138888,0.244198,1.876137,1.260284,-0.564313,1.876137
member,41977,9,9,1,0.695803,0.498674,0.498674,1.499161,2.685469,0.833833,-1.499161
member,2000,7,6,0,1.798465,0.165553,0.213898,2.046187,1.050981,-0.256211,2.046187
member,18219,7,7,1,1.074047,0.341623,0.341623,1.884874,1.868826,0.790109,-1.884874
member,36112,2,6,0,2.736579,0.064792,0.494723,1.540397,1.453104,-2.032822,1.540397
member,46234,4,7,0,1.719580,0.179141,0.456260,1.501722,2.210967,-0.934887,1.501722
member,29244,0,1,0,2.123498,0.119612,0.494279,1.556812,1.319517,-1.418844,1.556812
member,25673,3,7,0,2.681758,0.068443,0.158711,2.213980,-0.253166,-0.841085,2.213980
member,41396,9,9,1,0.683981,0.504604,0.504604,1.537471,2.479499,1.037800,-1.537471
member,14402,8,8,1,0.854791,0.425372,0.425372,1.317188,3.016128,0.095795,-1.317188
member,45849,2,7,0,2.088534,0.123869,0.191331,2.120270,0.506684,-0.434784,2.120270
member,21377,8,1,0,4.659108,0.009475,0.420825,1.641086,-1.480879,-3.793569,1.641086
member,21538,1,7,0,2.509575,0.081303,0.263506,2.053195,0.295663,-1.175894,2.053195
member,9036,9,8,0,1.253664,0.285457,0.408315,1.208802,3.426087,-0.357949,1.208802
member,44531,7,5,0,2.357481,0.094658,0.298443,1.936677,0.707571,-1.148303,1.936677
member,15075,6,9,0,5.366147,0.004672,0.614765,1.044438,-1.330779,-4.879632,1.044438
member,26330,5,4,0,1.547313,0.212819,0.219453,1.820634,1.707338,-0.030698,1.820634
member,9986,2,0,0,3.271312,0.037957,0.603160,1.330568,0.158006,-2.765739,1.330568
member,49731,7,7,1,0.758372,0.468428,0.468428,1.522167,3.191202,0.913125,-1.522167
member,19499,1,1,1,1.464241,0.231253,0.231253,1.981875,1.348828,0.239769,-1.981875
member,41632,6,6,1,0.870467,0.418756,0.418756,1.781343,2.505970,1.057957,-1.781343
member,38805,4,6,0,2.257162,0.104647,0.653153,1.187706,2.841367,-1.831218,1.187706
member,34613,7,4,0,1.424591,0.240607,0.284029,1.746371,2.215528,-0.165913,1.746371
member,42775,2,6,0,2.496765,0.082351,0.383654,1.904242,0.430105,-1.538750,1.904242
member,6268,9,9,1,0.955245,0.384718,0.384718,1.718068,2.321998,0.544639,-1.718068
member,34191,7,7,1,0.888017,0.411471,0.411471,1.833652,2.027794,1.164362,-1.833652
member,15207,5,5,1,1.517857,0.219181,0.219181,1.973501,1.538299,0.191035,-1.973501
member,46263,6,6,1,0.658084,0.517843,0.517843,1.636921,2.711063,1.634691,-1.636921
member,38381,8,7,0,5.696792,0.003357,0.226494,1.927217,-2.788486,-4.211755,1.927217
member,6567,3,6,0,1.618940,0.198109,0.276501,1.851895,1.706851,-0.333400,1.851895
member,12994,7,9,0,2.191470,0.111752,0.214561,2.091460,0.374125,-0.652307,2.091460
member,35406,1,8,0,1.951463,0.142066,0.312717,1.684684,1.289548,-0.789007,1.684684
member,45301,0,0,1,0.567509,0.566936,0.566936,1.448727,2.813806,1.535801,-1.448727
member,27249,9,9,1,0.537662,0.584112,0.584112,1.010116,3.713340,0.569715,-1.010116
member,49644,5,7,0,2.070750,0.126091,0.180136,2.221890,0.288118,-0.356706,2.221890
member,37083,0,6,0,5.158882,0.005748,0.247836,2.082377,-2.403708,-3.763893,2.082377
member,14128,0,0,1,0.231605,0.793260,0.793260,0.809245,4.181998,2.056838,-0.809245
member,22016,9,0,0,2.146000,0.116951,0.303845,2.041491,0.609208,-0.954762,2.041491
member,5089,0,8,0,1.139112,0.320103,0.646016,0.795793,5.006894,-0.702181,0.795793
member,26768,2,6,0,2.795954,0.061057,0.517365,1.600063,0.998175,-2.136948,1.600063
member,7615,3,1,0,2.442439,0.086948,0.333833,1.986907,0.204218,-1.345324,1.986907
member,32447,8,1,0,3.016449,0.048975,0.529719,1.265728,0.708259,-2.381040,1.265728
member,43832,3,3,1,0.928654,0.395085,0.395085,1.636250,3.242491,0.618867,-1.636250
member,15286,1,6,0,1.693886,0.183804,0.225065,2.031596,1.424943,-0.202520,2.031596
member,40804,6,6,1,0.738844,0.477666,0.477666,1.630105,2.798051,1.106121,-1.630105
member,24784,7,7,1,0.994638,0.369857,0.369857,1.941175,1.693576,0.771493,-1.941175
member,26357,3,3,1,1.248137,0.287039,0.287039,1.849163,2.335554,0.470279,-1.849163
member,13290,2,6,0,2.603662,0.074002,0.357931,1.819051,0.819122,-1.576248,1.819051
member,15134,2,3,0,3.375921,0.034187,0.323681,1.833642,0.044101,-2.247924,1.833642
member,11827,6,1,0,2.727172,0.065404,0.330951,1.905753,0.479266,-1.621387,1.905753
member,14403,7,7,1,0.877192,0.415949,0.415949,1.750710,2.339581,1.070206,-1.750710
member,33492,6,6,1,0.822366,0.439391,0.439391,1.640712,2.920296,0.779423,-1.640712
member,9254,4,1,0,2.915402,0.054182,0.276938,1.967779,-0.102024,-1.631441,1.967779
member,37765,3,6,0,1.696897,0.183251,0.278014,1.951508,1.642759,-0.416811,1.951508
member,1487,3,5,0,1.445413,0.235649,0.308189,1.592352,2.846661,-0.268371,1.592352
member,22898,9,9,1,1.471640,0.229549,0.229549,2.131253,1.145479,0.106122,-2.131253
member,23327,4,7,0,2.265715,0.103756,0.190603,2.124921,0.435809,-0.608153,2.124921
member,21419,4,6,0,1.995192,0.135988,0.460093,1.671453,1.990480,-1.218865,1.671453
member,29045,9,9,1,0.959648,0.383028,0.383028,1.556503,2.232188,0.169238,-1.556503
member,4336,3,6,0,1.938503,0.143919,0.386085,1.707085,1.946316,-0.986806,1.707085
member,26314,7,9,0,2.340499,0.096280,0.499958,1.696560,0.595283,-1.647268,1.696560
member,15452,0,0,1,0.349774,0.704847,0.704847,1.103858,3.354983,1.713606,-1.103858
member,22532,1,1,1,0.862941,0.421919,0.421919,1.577410,2.436668,0.548544,-1.577410
member,15157,7,5,0,2.144355,0.117144,0.262436,1.862115,1.301163,-0.806609,1.862115
member,17990,9,9,1,1.256876,0.284542,0.284542,1.783839,1.689302,0.157414,-1.783839
member,48344,2,5,0,2.536256,0.079162,0.235077,1.970781,0.278498,-1.088412,1.970781
member,35316,7,7,1,0.846142,0.429067,0.429067,1.816129,2.109661,1.236116,-1.816129
member,29156,2,1,0,2.478660,0.083856,0.291071,1.956929,0.330179,-1.244470,1.956929
member,12362,2,0,0,2.403411,0.090409,0.497343,1.689187,0.544555,-1.704936,1.689187
member,10259,7,7,1,1.473746,0.229066,0.229066,2.041253,1.303735,0.217431,-2.041253
member,33011,0,0,1,0.049559,0.951649,0.951649,0.227290,7.097820,3.179397,-0.227290
member,13700,3,7,0,1.976170,0.138599,0.496556,1.536098,1.715572,-1.276110,1.536098
member,45947,3,1,0,1.600025,0.201891,0.254937,1.883944,1.542142,-0.233288,1.883944
member,37452,9,8,0,2.024282,0.132089,0.776326,0.733473,3.377421,-1.771100,0.733473
member,1703,3,6,0,2.441409,0.087038,0.586028,1.418925,1.421887,-1.907021,1.418925
member,11327,8,8,1,0.750410,0.472173,0.472173,1.110128,3.611086,0.117581,-1.110128
member,16731,3,7,0,2.343331,0.096007,0.267745,1.958258,0.903605,-1.025609,1.958258
member,3994,6,8,0,3.311348,0.036467,0.240270,1.993743,-0.550492,-1.885357,1.993743
member,25485,7,9,0,1.607948,0.200298,0.285681,2.074272,0.988055,-0.355068,2.074272
member,5265,5,1,0,2.789316,0.061463,0.285193,1.839043,0.346379,-1.534727,1.839043
member,7743,4,3,0,2.018711,0.132827,0.256588,1.873250,1.149777,-0.658429,1.873250
member,3912,6,6,1,0.775924,0.460278,0.460278,1.668786,2.957460,0.978801,-1.668786
member,38490,6,4,0,1.470040,0.229916,0.332173,1.725715,2.618785,-0.367941,1.725715
member,7984,4,7,0,2.960126,0.051812,0.284947,1.994446,-0.228536,-1.704674,1.994446
member,15529,2,9,0,2.906061,0.054691,0.418040,1.689929,0.045120,-2.033883,1.689929
member,930,4,6,0,1.508355,0.221274,0.331215,1.755978,2.247451,-0.403367,1.755978
member,39238,9,1,0,1.887501,0.151450,0.313881,1.783385,1.500011,-0.728759,1.783385
member,13889,9,1,0,0.981620,0.374704,0.387380,1.526503,2.238630,-0.033271,1.526503
member,37007,1,6,0,1.776381,0.169250,0.323091,1.736829,1.724210,-0.646560,1.736829
member,30385,7,1,0,2.792019,0.061297,0.249831,1.886438,0.641013,-1.405050,1.886438
member,45237,5,3,0,1.954281,0.141666,0.149242,2.241590,0.471707,-0.052097,2.241590
member,861,3,7,0,1.630155,0.195899,0.201871,2.025163,1.199574,-0.030030,2.025163
member,40815,1,1,1,0.810899,0.444458,0.444458,1.392235,2.565420,0.212754,-1.392235
member,13000,9,0,0,2.137739,0.117921,0.521482,1.397770,1.597788,-1.486659,1.397770
member,32420,2,6,0,2.230216,0.107505,0.231106,2.021525,0.899125,-0.765338,2.021525
member,1594,0,0,1,0.978886,0.375730,0.375730,1.389217,3.123885,0.048319,-1.389217
member,10239,4,0,0,3.634667,0.026393,0.291589,1.977914,-0.912928,-2.402256,1.977914
member,32878,9,1,0,1.272184,0.280219,0.386579,1.683409,1.873307,-0.321764,1.683409
member,19487,5,7,0,1.754623,0.172972,0.268600,1.753233,2.103030,-0.440091,1.753233
member,21842,8,8,1,0.326614,0.721362,0.721362,0.855470,5.536108,1.398960,-0.855470
member,41171,4,6,0,2.174944,0.113615,0.314247,1.989655,0.651445,-1.017367,1.989655
member,5975,1,1,1,1.072148,0.342272,0.342272,2.052047,1.692312,1.219235,-2.052047
member,29288,1,6,0,2.507173,0.081498,0.237700,2.029679,0.751897,-1.070429,2.029679
member,46380,0,1,0,1.781255,0.168427,0.420624,1.787189,1.155926,-0.915239,1.787189
member,24461,2,3,0,3.023180,0.048646,0.309569,1.781096,0.535132,-1.850605,1.781096
member,36301,5,1,0,2.301759,0.100083,0.224676,2.153383,0.336765,-0.808661,2.153383
member,11275,9,8,0,1.732731,0.176801,0.269151,1.888211,1.052177,-0.420248,1.888211
member,44648,2,9,0,4.809701,0.008150,0.463048,1.213438,-0.924706,-4.039777,1.213438
member,25642,3,6,0,1.950169,0.142250,0.442723,1.649685,2.137044,-1.135357,1.649685
member,26323,3,9,0,2.605784,0.073845,0.320810,1.923496,0.248302,-1.468878,1.923496
member,42086,3,3,1,1.643615,0.193280,0.193280,2.092916,1.072679,0.143391,-2.092916
member,25882,3,9,0,3.883589,0.020577,0.424278,1.512969,-0.500169,-3.026221,1.512969
member,11597,9,1,0,2.630042,0.072075,0.183414,2.115490,0.214330,-0.934033,2.115490
member,14577,7,7,1,1.009714,0.364323,0.364323,1.904428,1.898707,0.905868,-1.904428
member,49204,4,6,0,2.687699,0.068037,0.228833,1.998639,0.153637,-1.212937,1.998639
member,26364,6,7,0,2.459637,0.085466,0.330239,1.784328,0.795048,-1.351699,1.784328
member,18501,8,1,0,1.700172,0.182652,0.373464,1.603202,1.588824,-0.715239,1.603202
member,45267,6,6,1,1.124908,0.324682,0.324682,1.946986,1.782597,0.792099,-1.946986
member,14495,5,5,1,1.477882,0.228120,0.228120,1.971096,1.497177,0.124780,-1.971096
member,29568,6,6,1,1.248140,0.287038,0.287038,1.898657,2.011449,0.419869,-1.898657
member,43607,2,6,0,2.615601,0.073124,0.581122,1.397780,1.398897,-2.072806,1.397780
member,23702,3,5,0,1.799792,0.165333,0.224587,1.968666,1.067833,-0.306301,1.968666
member,19392,2,7,0,2.263871,0.103947,0.279543,1.916773,0.776484,-0.989272,1.916773
member,38551,0,8,0,1.925564,0.145794,0.391893,1.350376,2.694314,-0.988797,1.350376
member,10814,3,7,0,2.142009,0.117419,0.240878,2.006565,0.705477,-0.718546,2.006565
member,32141,2,1,0,3.152794,0.042733,0.308615,1.857849,0.213486,-1.977133,1.857849
member,8869,1,3,0,1.380293,0.251505,0.265989,1.919482,1.643358,-0.055993,1.919482
member,225,9,9,1,0.670971,0.511212,0.511212,1.348569,2.882591,0.591133,-1.348569
member,17395,0,0,1,0.717872,0.487789,0.487789,1.598802,2.438458,0.956205,-1.598802
member,34081,1,8,0,1.881772,0.152320,0.433476,1.484521,1.766832,-1.045853,1.484521
member,42030,4,7,0,2.062201,0.127174,0.343367,1.918718,0.862788,-0.993245,1.918718
member,19888,2,7,0,1.880276,0.152548,0.174124,2.054919,1.306315,-0.132287,2.054919
member,19395,0,9,0,4.042894,0.017547,0.615345,1.373950,-0.693320,-3.557321,1.373950
member,20634,9,1,0,1.092642,0.335329,0.370920,1.682075,1.909523,-0.100873,1.682075
member,37421,3,6,0,2.405625,0.090209,0.542854,1.445512,2.143610,-1.794709,1.445512
member,2761,9,8,0,1.674795,0.187347,0.369862,1.481402,2.066216,-0.680169,1.481402
member,33479,4,3,0,2.533948,0.079345,0.196886,2.118938,0.265966,-0.908818,2.118938
member,10926,2,6,0,1.900728,0.149460,0.294160,1.983850,1.030551,-0.677096,1.983850
member,46030,5,6,0,1.972443,0.139117,0.253599,1.948142,1.002330,-0.600443,1.948142
member,4538,9,9,1,0.624460,0.535551,0.535551,1.583115,2.341282,1.334484,-1.583115
member,41714,8,8,1,0.703595,0.494804,0.494804,1.692080,2.180851,1.185155,-1.692080
member,19512,4,4,1,1.314015,0.268739,0.268739,1.848866,2.113937,0.563227,-1.848866
member,39211,3,6,0,2.179465,0.113102,0.267831,1.935790,1.244248,-0.862065,1.935790
member,29266,5,4,0,1.611318,0.199624,0.207719,1.958522,1.428558,-0.039748,1.958522
member,45845,0,0,1,0.375944,0.686641,0.686641,1.091848,3.378000,1.369361,-1.091848
member,39438,3,3,1,1.624667,0.196977,0.196977,2.002714,1.501548,0.150408,-2.002714
member,44431,6,9,0,2.247682,0.105644,0.225144,2.216883,0.212077,-0.756669,2.216883
member,22522,1,9,0,1.127126,0.323963,0.382319,1.349827,3.494733,-0.165625,1.349827
member,21656,2,9,0,2.187399,0.112208,0.186261,2.179010,0.331681,-0.506795,2.179010
member,49584,6,9,0,1.408800,0.244437,0.271492,1.876519,1.643707,-0.104977,1.876519
member,14459,2,7,0,2.300509,0.100208,0.275696,2.031253,0.420093,-1.012053,2.031253
member,14409,1,1,1,0.893752,0.409118,0.409118,1.430203,2.642898,0.111685,-1.430203
member,33227,8,0,0,3.272709,0.037904,0.225696,2.095160,-0.725701,-1.784143,2.095160
member,7212,0,0,1,0.210569,0.810123,0.810123,0.845555,3.757010,2.720730,-0.845555
member,14580,3,3,1,1.728416,0.177566,0.177566,2.199423,0.783863,0.109275,-2.199423
member,14836,1,1,1,0.841468,0.431077,0.431077,1.294511,2.925577,0.069399,-1.294511
member,40778,8,9,0,1.828004,0.160734,0.458796,1.425709,1.652777,-1.048854,1.425709
member,23969,1,1,1,0.560807,0.570749,0.570749,1.147892,3.411631,0.581429,-1.147892
member,16274,2,6,0,2.212939,0.109379,0.339650,1.882187,0.884501,-1.133098,1.882187
member,37445,3,2,0,2.770136,0.062653,0.429075,1.781806,0.121887,-1.924013,1.781806
member,29638,3,0,0,2.871164,0.056633,0.327870,1.998301,-0.251057,-1.756025,1.998301
member,1397,8,0,0,1.534042,0.215662,0.358711,1.734132,1.523756,-0.508803,1.734132
member,46410,2,3,0,1.743793,0.174856,0.219232,1.974510,1.446249,-0.226168,1.974510
member,45749,4,5,0,1.886699,0.151571,0.248934,1.794936,1.785981,-0.496130,1.794936
member,15952,5,6,0,2.259424,0.104411,0.296951,1.980238,0.703714,-1.045234,1.980238
member,19820,3,1,0,2.364522,0.093994,0.377841,1.808135,0.443554,-1.391240,1.808135
member,38359,5,3,0,1.940505,0.143631,0.365290,1.801025,1.465197,-0.933441,1.801025
member,17309,1,1,1,0.438592,0.644944,0.644944,1.050002,3.810782,1.079547,-1.050002
member,16599,9,7,0,1.954232,0.141673,0.157337,2.176226,0.588005,-0.104864,2.176226
member,46341,3,6,0,1.958618,0.141053,0.218502,2.088685,0.874757,-0.437660,2.088685
member,1246,6,6,1,0.656321,0.518756,0.518756,1.578206,3.049665,1.501734,-1.578206
member,16030,2,6,0,2.418865,0.089023,0.311946,1.977887,0.524585,-1.253939,1.977887
member,26644,0,8,0,1.370332,0.254023,0.344340,1.666839,1.864411,-0.304206,1.666839
member,45566,4,0,0,8.287920,0.000252,0.847114,0.531620,-2.475150,-8.122000,0.531620
member,27674,8,8,1,0.216617,0.805238,0.805238,0.748380,4.258563,1.977767,-0.748380
member,20958,8,0,0,0.985989,0.373070,0.378687,1.473145,2.496637,-0.014944,1.473145
member,43024,4,0,0,3.400103,0.033370,0.526241,1.426613,-0.034815,-2.758107,1.426613
member,33713,8,1,0,2.406369,0.090142,0.397368,1.622808,0.800154,-1.483477,1.622808
member,6939,7,6,0,2.455860,0.085789,0.277889,2.006405,0.625635,-1.175328,2.006405
member,45126,1,9,0,1.316217,0.268148,0.448825,1.615201,1.786954,-0.515096,1.615201
member,13924,1,9,0,0.979045,0.375670,0.494498,1.177996,2.992016,-0.274832,1.177996
member,3241,6,6,1,1.334828,0.263203,0.263203,2.013603,1.594364,0.503869,-2.013603
member,11150,6,6,1,0.733860,0.480052,0.480052,1.603958,3.123993,1.312608,-1.603958
member,48319,5,6,0,2.531276,0.079557,0.329089,1.937213,0.451840,-1.419848,1.937213
member,19671,9,0,0,1.300093,0.272506,0.297239,1.772708,1.774395,-0.086875,1.772708
member,1413,1,8,0,2.156458,0.115734,0.444314,1.091104,2.622105,-1.345236,1.091104
member,28282,5,0,0,3.234675,0.039373,0.322224,1.967085,-0.581640,-2.102168,1.967085
member,41012,3,7,0,2.698310,0.067319,0.385911,1.647606,0.780080,-1.746162,1.647606
member,34240,7,5,0,2.089434,0.123757,0.148857,2.219177,0.507298,-0.184666,2.219177
member,29575,5,5,1,1.274627,0.279535,0.279535,1.880908,1.813089,0.226694,-1.880908
member,41270,4,9,0,2.772101,0.062530,0.200998,2.194493,-0.326284,-1.167639,2.194493
member,8257,4,6,0,2.049460,0.128804,0.392862,1.784279,1.465112,-1.115163,1.784279
member,26852,9,9,1,0.845108,0.429511,0.429511,1.539290,2.612514,0.753465,-1.539290
member,8880,3,9,0,2.278872,0.102400,0.344950,1.658628,0.939134,-1.214515,1.658628
member,22078,7,2,0,2.568686,0.076636,0.243041,1.957144,0.462212,-1.154162,1.957144
member,47730,2,6,0,2.429785,0.088056,0.240061,2.009275,0.699803,-1.002922,2.009275
member,19349,7,7,1,1.194679,0.302801,0.302801,1.945710,1.619161,0.387207,-1.945710
member,32181,2,6,0,2.134018,0.118361,0.247055,1.907069,1.015005,-0.735875,1.907069
member,16954,0,7,0,1.947541,0.142624,0.222424,2.139558,0.589558,-0.444369,2.139558
member,39246,7,7,1,0.855583,0.425035,0.425035,1.662777,2.749192,0.850287,-1.662777
member,1621,1,9,0,1.662734,0.189620,0.408178,1.744795,1.400440,-0.766683,1.744795
member,47756,6,6,1,0.723266,0.485165,0.485165,1.525916,3.497944,0.964946,-1.525916
member,45675,1,9,0,1.940995,0.143561,0.461474,1.740452,1.023295,-1.167665,1.740452
member,2404,3,6,0,1.593747,0.203163,0.413309,1.658331,2.497294,-0.710187,1.658331
member,30796,9,1,0,1.965023,0.140153,0.165931,2.232358,0.476814,-0.168840,2.232358
member,37586,2,1,0,4.148781,0.015784,0.611460,1.331453,-0.488250,-3.656875,1.331453
member,23317,1,0,0,1.841386,0.158597,0.276911,1.860526,0.999167,-0.557327,1.860526
member,12830,8,8,1,0.357550,0.699388,0.699388,0.958962,4.496918,1.487565,-0.958962
member,33557,6,6,1,1.007272,0.365214,0.365214,1.847356,2.554006,0.766441,-1.847356
member,29557,7,7,1,0.723069,0.485261,0.485261,1.622401,2.807742,1.304923,-1.622401
member,43986,6,3,0,1.639483,0.194080,0.221655,1.852260,1.974015,-0.132849,1.852260
member,27893,5,9,0,3.079435,0.045985,0.173575,2.163002,-0.567299,-1.328289,2.163002
member,5294,2,4,0,1.591186,0.203684,0.225246,1.935627,1.365607,-0.100622,1.935627
member,24913,7,7,1,1.358227,0.257116,0.257116,2.100182,1.345652,0.718490,-2.100182
member,34659,5,3,0,1.924777,0.145908,0.206571,2.001839,1.142563,-0.347667,2.001839
member,1784,4,7,0,2.003679,0.134838,0.186792,2.058427,0.979052,-0.325921,2.058427
member,39885,3,9,0,2.039148,0.130140,0.306360,1.870323,0.720599,-0.856152,1.870323
member,17566,6,1,0,2.177359,0.113340,0.263988,1.989397,0.535370,-0.845508,1.989397
member,16062,6,1,0,3.439404,0.032084,0.191522,2.155119,-0.950525,-1.786654,2.155119
member,48445,8,0,0,1.642769,0.193444,0.519114,1.415660,1.996771,-0.987137,1.415660
member,20382,5,5,1,0.859130,0.423530,0.423530,1.621431,2.527707,0.412205,-1.621431
member,40877,3,5,0,1.545797,0.213142,0.331576,1.897810,1.430611,-0.441899,1.897810
member,18057,1,0,0,1.922917,0.146180,0.488281,1.643090,1.135378,-1.206053,1.643090
member,19066,0,0,1,0.722240,0.485663,0.485663,1.598287,2.425523,0.847583,-1.598287
member,20525,3,7,0,1.673668,0.187558,0.294487,1.769593,1.917542,-0.451148,1.769593
member,5847,2,0,0,2.270428,0.103268,0.189896,2.175158,0.168559,-0.609147,2.175158
member,18622,4,9,0,2.382186,0.092348,0.180004,2.181496,0.092240,-0.667412,2.181496
member,45473,5,5,1,1.001679,0.367262,0.367262,1.616554,2.946373,0.299631,-1.616554
member,31760,9,9,1,0.547458,0.578418,0.578418,1.296346,3.236297,1.002833,-1.296346
member,5211,1,6,0,1.736612,0.176116,0.231884,1.934148,1.687819,-0.275092,1.934148
member,25730,5,6,0,2.295320,0.100729,0.384347,1.766643,1.255548,-1.339110,1.766643
member,6373,0,8,0,1.123881,0.325016,0.482149,1.199775,3.762581,-0.394379,1.199775
member,30197,7,7,1,0.574379,0.563054,0.563054,1.479430,2.900908,1.727329,-1.479430
member,23945,6,6,1,1.070226,0.342931,0.342931,1.726356,2.807832,0.276279,-1.726356
member,36934,4,6,0,2.271014,0.103208,0.264281,2.038308,0.446737,-0.940270,2.038308
member,34847,7,3,0,1.568618,0.208333,0.263291,1.830941,1.502967,-0.234124,1.830941
member,15292,7,0,0,1.911461,0.147864,0.196919,2.110887,0.663251,-0.286496,2.110887
member,1851,4,6,0,2.025030,0.131990,0.183915,2.111861,0.622179,-0.331749,2.111861
member,18432,8,9,0,2.605289,0.073882,0.283759,2.098994,-0.064133,-1.345660,2.098994
member,28970,2,1,0,3.311573,0.036459,0.231393,1.952085,-0.043798,-1.847934,1.952085
member,17039,4,6,0,1.764343,0.171299,0.219908,2.044350,0.993066,-0.249798,2.044350
member,6687,0,0,1,1.238998,0.289674,0.289674,2.069802,1.335771,0.721783,-2.069802
member,40938,5,0,0,2.710026,0.066535,0.199709,2.131931,-0.175567,-1.099130,2.131931
member,42181,2,2,1,1.903051,0.149113,0.149113,2.246855,0.456442,0.063600,-2.246855
member,25252,5,7,0,1.571899,0.207650,0.262281,1.778154,2.263659,-0.233559,1.778154
member,18841,4,0,0,8.357887,0.000235,0.523210,1.098809,-3.147790,-7.710116,1.098809
member,15806,7,7,1,0.855159,0.425215,0.425215,1.816182,2.058351,1.230079,-1.816182
member,4181,6,5,0,4.452994,0.011644,0.300240,1.611820,-0.111634,-3.249820,1.611820
member,13862,3,3,1,1.692385,0.184080,0.184080,2.178362,0.827442,0.042594,-2.178362
member,20189,2,0,0,3.494007,0.030379,0.569126,1.386514,-0.151612,-2.930353,1.386514
member,8784,4,4,1,1.434263,0.238291,0.238291,1.851431,2.029721,0.000932,-1.851431
member,3705,9,6,0,4.078004,0.016941,0.363345,1.793913,-0.544945,-3.065602,1.793913
member,24445,0,0,1,0.540979,0.582178,0.582178,1.136498,4.259398,0.891861,-1.136498
member,37771,8,0,0,2.138787,0.117798,0.562617,1.500059,1.057488,-1.563630,1.500059
member,5158,7,7,1,0.810334,0.444710,0.444710,1.818290,2.068707,1.360596,-1.818290
member,29836,5,0,0,2.946886,0.052503,0.396354,1.871381,-0.215630,-2.021438,1.871381
member,6129,9,2,0,2.069294,0.126275,0.245006,2.041039,0.497795,-0.662820,2.041039
member,11029,0,8,0,1.630675,0.195797,0.363250,1.616343,1.717708,-0.618011,1.616343
member,47338,9,9,1,0.398902,0.671056,0.671056,1.023157,3.973779,1.390262,-1.023157
member,36029,9,9,1,0.914464,0.400731,0.400731,1.520268,2.440283,0.177621,-1.520268
member,33446,8,3,0,4.307291,0.013470,0.313602,1.895854,-1.521310,-3.147660,1.895854
member,4116,2,6,0,3.727976,0.024041,0.392707,1.548697,0.489370,-2.793284,1.548697
member,11756,6,6,1,0.644263,0.525049,0.525049,1.509361,3.613255,1.245860,-1.509361
member,27123,7,6,0,1.975119,0.138745,0.289426,1.814907,1.692231,-0.735263,1.814907
member,5369,5,9,0,1.935168,0.144400,0.202442,2.101004,0.657708,-0.337868,2.101004
member,15978,9,1,0,1.147956,0.317285,0.438379,1.537322,2.146158,-0.323284,1.537322
member,9134,5,1,0,2.104811,0.121869,0.244389,2.103950,0.281334,-0.695819,2.103950
member,11061,5,2,0,2.402981,0.090448,0.136553,2.278360,-0.099637,-0.411937,2.278360
member,4550,6,6,1,1.220361,0.295123,0.295123,1.933366,1.960689,0.675966,-1.933366
member,35858,0,0,1,0.236196,0.789626,0.789626,0.837207,4.281037,2.411843,-0.837207
member,46856,6,6,1,1.244251,0.288157,0.288157,1.913011,2.451148,0.344509,-1.913011
member,43900,9,8,0,1.797800,0.165663,0.637481,1.142173,2.264707,-1.347570,1.142173
member,17577,6,6,1,0.713333,0.490008,0.490008,1.505215,3.576323,1.085967,-1.505215
member,2746,7,7,1,1.290902,0.275023,0.275023,2.013343,1.684645,0.762695,-2.013343
member,21850,1,1,1,1.482648,0.227036,0.227036,2.034869,1.294304,0.146773,-2.034869
member,25747,6,6,1,0.892477,0.409640,0.409640,1.769656,2.447143,1.152569,-1.769656
member,6072,7,0,0,1.569849,0.208077,0.445922,1.679672,1.510549,-0.762239,1.679672
member,23920,4,7,0,1.803505,0.164720,0.358687,1.626875,2.593162,-0.778199,1.626875
member,12933,6,6,1,1.322516,0.266464,0.266464,1.771268,2.416769,0.174812,-1.771268
member,36180,0,7,0,3.591155,0.027566,0.317641,1.825545,-0.384374,-2.444323,1.825545
member,34380,7,7,1,1.051206,0.349516,0.349516,1.784163,2.514786,0.851294,-1.784163
member,28996,3,3,1,1.404032,0.245605,0.245605,2.078845,1.100905,0.336977,-2.078845
member,38260,1,0,0,3.197443,0.040867,0.487671,1.195471,0.885357,-2.479328,1.195471
member,512,9,9,1,0.864806,0.421133,0.421133,1.621938,2.380699,0.636506,-1.621938
member,16134,5,0,0,4.258865,0.014138,0.442018,1.575200,-0.907633,-3.442460,1.575200
member,35633,0,1,0,4.951364,0.007074,0.433624,1.595297,-1.694617,-4.115787,1.595297
member,8088,3,1,0,1.643197,0.193361,0.452220,1.607090,1.832304,-0.849609,1.607090
member,36092,2,7,0,1.742703,0.175047,0.318744,1.791881,1.394897,-0.599334,1.791881
member,31391,0,5,0,5.255225,0.005220,0.368879,1.705545,-1.798192,-4.257937,1.705545
member,33042,2,1,0,3.721060,0.024208,0.414674,1.611959,0.264546,-2.840798,1.611959
member,34308,7,9,0,1.734733,0.176447,0.339060,1.948708,0.993456,-0.653155,1.948708
member,12627,7,7,1,1.667914,0.188640,0.188640,2.052354,1.213083,0.013552,-2.052354
member,1976,5,0,0,4.387715,0.012429,0.674395,1.085623,-0.201136,-3.993776,1.085623
member,7337,9,8,0,1.066298,0.344281,0.453302,1.140138,3.951226,-0.275100,1.140138
member,42452,9,9,1,0.937799,0.391489,0.391489,1.761253,2.183814,0.563231,-1.761253
member,22971,4,6,0,1.667300,0.188756,0.249520,1.958092,1.258876,-0.279086,1.958092
member,37307,8,9,0,2.341957,0.096139,0.635278,1.338295,1.080846,-1.888264,1.338295
member,44971,1,1,1,1.013476,0.362955,0.362955,1.388646,2.912320,0.020337,-1.388646
member,5216,0,0,1,0.518434,0.595452,0.595452,1.323418,2.862276,1.052252,-1.323418
member,23622,3,1,0,2.144540,0.117122,0.194052,2.157904,0.406624,-0.504911,2.157904
member,41399,6,4,0,1.660970,0.189955,0.190766,2.045869,1.078575,-0.004264,2.045869
member,20310,6,6,1,1.269915,0.280856,0.280856,1.972690,1.637406,0.443066,-1.972690
member,657,9,9,1,1.041688,0.352859,0.352859,1.582183,2.526061,0.325110,-1.582183
member,35037,1,1,1,0.764278,0.465670,0.465670,1.519071,2.535329,0.630762,-1.519071
member,44827,1,9,0,1.085600,0.337699,0.502415,1.077994,4.294668,-0.397271,1.077994
member,15943,5,3,0,1.935731,0.144319,0.255238,1.874048,1.401952,-0.570172,1.874048
member,42013,6,7,0,1.673035,0.187677,0.275776,1.973964,1.326410,-0.384867,1.973964
member,28057,2,9,0,1.925073,0.145865,0.184882,2.132458,0.662659,-0.237037,2.132458
member,21871,1,9,0,1.409214,0.244335,0.341894,1.493149,2.509614,-0.335960,1.493149
member,7027,7,6,0,2.082477,0.124621,0.200786,2.039237,0.778590,-0.476962,2.039237
member,49785,9,1,0,2.201038,0.110688,0.569965,1.552002,0.969673,-1.638858,1.552002
member,30812,6,6,1,1.231815,0.291763,0.291763,1.906806,1.833663,0.260320,-1.906806
member,35601,4,6,0,2.203709,0.110393,0.241210,2.122881,0.447896,-0.781620,2.122881
member,21546,8,8,1,0.938223,0.391323,0.391323,1.648377,2.294884,0.687752,-1.648377
member,14794,3,3,1,1.235884,0.290578,0.290578,1.930611,1.685636,0.330683,-1.930611
member,45053,3,6,0,1.729331,0.177403,0.336364,1.837617,1.572970,-0.639771,1.837617
member,3899,1,1,1,0.950847,0.386414,0.386414,1.695235,2.102572,0.222810,-1.695235
member,29368,4,9,0,3.725124,0.024110,0.553546,1.543280,-0.657245,-3.133713,1.543280
member,15625,4,6,0,1.785276,0.167751,0.280056,1.827819,1.805370,-0.512511,1.827819
member,46648,4,6,0,1.708992,0.181048,0.285957,1.758281,2.441951,-0.457077,1.758281
member,10284,8,7,0,4.534412,0.010733,0.309686,2.032693,-1.884533,-3.362217,2.032693
member,25873,7,6,0,2.096209,0.122922,0.349630,1.907858,0.918359,-1.045330,1.907858
member,18719,1,9,0,1.156605,0.314552,0.466504,1.472476,2.130523,-0.394115,1.472476
member,14948,0,0,1,0.738204,0.477972,0.477972,1.572741,2.388755,0.701122,-1.572741
member,38343,5,0,0,4.105350,0.016484,0.507895,1.343774,-0.535571,-3.427871,1.343774
member,31303,5,4,0,2.204532,0.110302,0.306065,1.749694,1.714955,-1.020575,1.749694
member,6542,2,7,0,3.268838,0.038051,0.378022,1.609325,1.019048,-2.296034,1.609325
member,42690,6,7,0,1.943377,0.143219,0.179660,2.078357,0.780062,-0.226687,2.078357
member,5876,3,7,0,1.482338,0.227106,0.406270,1.680342,2.418300,-0.581601,1.680342
member,49324,5,6,0,2.686226,0.068138,0.278940,1.835738,0.754302,-1.409469,1.835738
member,15602,5,9,0,3.041805,0.047749,0.244981,2.068125,-0.494711,-1.635231,2.068125
member,23357,1,1,1,1.085042,0.337887,0.337887,1.797580,2.329714,0.448024,-1.797580
member,46342,6,0,0,3.301482,0.036829,0.175883,2.201560,-0.879794,-1.563546,2.201560
member,19127,0,0,1,1.518592,0.219020,0.219020,2.117809,1.003261,0.277419,-2.117809
member,34791,1,8,0,1.590474,0.203829,0.385032,1.425295,2.927310,-0.636045,1.425295
member,36359,1,1,1,1.076181,0.340895,0.340895,2.001667,1.594006,0.875750,-2.001667
member,18143,2,1,0,3.170254,0.041993,0.527066,1.310339,0.521799,-2.529825,1.310339
member,316,9,9,1,0.745129,0.474673,0.474673,1.300811,4.183100,0.885911,-1.300811
member,729,5,5,1,1.295523,0.273755,0.273755,1.849181,2.076410,0.221420,-1.849181
member,45882,5,9,0,3.042246,0.047728,0.189904,2.163158,-0.624649,-1.381008,2.163158
member,6215,5,7,0,1.818566,0.162258,0.248818,1.819663,1.781356,-0.427533,1.819663
member,17298,7,9,0,1.791955,0.166634,0.289137,2.034456,0.840614,-0.551100,2.034456
member,1841,3,3,1,1.226041,0.293452,0.293452,1.982841,1.749326,0.199272,-1.982841
member,2386,3,2,0,2.018013,0.132919,0.186853,2.113541,0.439907,-0.340581,2.113541
member,21345,0,8,0,1.503693,0.222308,0.623533,1.150911,2.357678,-1.031340,1.150911
member,22114,2,1,0,2.849828,0.057854,0.297203,2.106775,-0.379755,-1.636488,2.106775
member,43745,2,7,0,2.216663,0.108972,0.237195,2.033134,0.614323,-0.777789,2.033134
member,5466,9,1,0,1.084459,0.338085,0.346263,1.724268,1.804325,-0.023902,1.724268
member,38365,2,6,0,2.009925,0.133999,0.204175,1.887354,1.520543,-0.421146,1.887354
member,46719,7,7,1,1.653020,0.191471,0.191471,2.233112,0.753527,0.222170,-2.233112
member,5540,2,0,0,3.038671,0.047899,0.681683,1.210563,0.405681,-2.655480,1.210563
member,23562,9,9,1,1.034606,0.355367,0.355367,1.524985,2.672158,0.181877,-1.524985
member,23012,1,9,0,1.228737,0.292662,0.307185,1.857039,1.626722,-0.048432,1.857039
member,32741,2,7,0,2.113973,0.120757,0.194015,1.924053,1.001761,-0.474154,1.924053
member,14163,6,1,0,1.396438,0.247477,0.252283,1.799406,1.963850,-0.019236,1.799406
member,9062,0,0,1,1.053868,0.348587,0.348587,1.933154,1.742453,0.700688,-1.933154
member,28697,3,3,1,1.410202,0.244094,0.244094,1.946347,1.778925,0.092855,-1.946347
member,18490,4,0,0,4.107572,0.016448,0.274081,1.791238,-1.113972,-2.813239,1.791238
member,14825,9,8,0,1.580550,0.205862,0.282152,1.869462,1.339279,-0.315242,1.869462
member,49827,8,0,0,1.259699,0.283740,0.363485,1.717292,1.766826,-0.247682,1.717292
member,15679,7,7,1,1.057478,0.347331,0.347331,2.018814,1.589609,1.214406,-2.018814
member,7932,3,9,0,2.232758,0.107232,0.428107,1.506459,1.230837,-1.384374,1.506459
member,38880,3,0,0,2.597074,0.074491,0.234628,1.915818,0.360659,-1.147322,1.915818
member,3002,5,7,0,2.539516,0.078905,0.328898,1.910503,0.819613,-1.427509,1.910503
member,31443,8,0,0,1.945691,0.142889,0.542589,1.498344,1.371321,-1.334288,1.498344
member,6262,6,3,0,2.418481,0.089057,0.160162,2.213618,0.073884,-0.586913,2.213618
member,3953,7,8,0,3.482819,0.030721,0.268445,1.944466,-0.757696,-2.167710,1.944466
member,45134,5,3,0,1.681231,0.186145,0.282191,2.008945,1.038781,-0.416061,2.008945
member,33478,0,0,1,1.253304,0.285560,0.285560,1.852367,1.666926,0.062735,-1.852367
member,18553,4,6,0,3.047864,0.047460,0.345667,1.788481,0.780024,-1.985586,1.788481
member,24223,2,2,1,1.436476,0.237764,0.237764,2.097070,1.203436,0.186805,-2.097070
member,32041,9,9,1,0.644055,0.525158,0.525158,1.313858,3.122408,0.883444,-1.313858
member,26218,9,9,1,0.732413,0.480748,0.480748,1.615746,2.421745,0.766993,-1.615746
member,14632,5,7,0,1.875335,0.153304,0.158330,2.214802,0.587025,-0.032264,2.214802
member,17090,9,6,0,2.052522,0.128411,0.304802,1.930692,1.110221,-0.864428,1.930692
member,34426,1,1,1,0.792488,0.452717,0.452717,1.415118,2.764102,0.346716,-1.415118
member,9376,9,0,0,1.680995,0.186189,0.357977,1.485076,2.303190,-0.653708,1.485076
member,17780,5,6,0,1.770067,0.170322,0.333338,1.765858,1.700755,-0.671468,1.765858
member,10436,2,0,0,2.346547,0.095699,0.381211,1.954752,0.257514,-1.382144,1.954752
member,7568,7,7,1,0.766403,0.464682,0.464682,1.584978,3.346098,1.084689,-1.584978
member,23549,6,4,0,1.679832,0.186405,0.191558,2.026424,1.108438,-0.027269,2.026424
member,1458,2,7,0,2.089197,0.123786,0.196200,2.135273,0.420637,-0.460577,2.135273
member,42296,4,1,0,2.286332,0.101639,0.243320,2.041567,0.464721,-0.872955,2.041567
member,34365,4,4,1,1.387791,0.249626,0.249626,1.884184,1.737457,0.204661,-1.884184
member,29308,1,1,1,0.553753,0.574789,0.574789,1.440653,2.644083,1.290111,-1.440653
member,4845,9,9,1,0.882658,0.413682,0.413682,1.699752,2.244734,0.845664,-1.699752
member,41960,0,9,0,1.809122,0.163798,0.271211,2.002919,0.945242,-0.504264,2.002919
member,38152,1,9,0,1.525560,0.217499,0.312380,1.947236,1.228680,-0.362025,1.947236
member,24380,5,1,0,3.199426,0.040786,0.194786,2.092941,-0.579246,-1.563573,2.092941
member,38921,0,3,0,2.327542,0.097535,0.232653,2.136276,0.147903,-0.869334,2.136276
member,26538,8,8,1,0.997077,0.368956,0.368956,1.676635,2.162620,0.425617,-1.676635
member,5936,7,7,1,1.592804,0.203355,0.203355,2.110249,1.177780,0.186244,-2.110249
member,7673,1,1,1,0.566151,0.567706,0.567706,1.512749,2.657684,1.651707,-1.512749
member,40436,6,1,0,3.361290,0.034690,0.337970,1.805677,-0.584764,-2.276492,1.805677
member,35494,4,6,0,1.484248,0.226673,0.237113,1.866423,1.803217,-0.045030,1.866423
member,39591,5,6,0,2.717771,0.066022,0.302330,1.794744,0.604719,-1.521535,1.794744
member,14174,2,6,0,2.395191,0.091155,0.377056,1.769428,1.060889,-1.419829,1.769428
member,40381,9,0,0,1.044914,0.351722,0.398066,1.373616,3.116656,-0.123776,1.373616
member,23137,9,9,1,0.854458,0.425514,0.425514,1.537275,2.545328,0.408783,-1.537275
member,29628,9,7,0,1.500816,0.222948,0.239147,2.005790,1.312409,-0.070141,2.005790
member,32308,2,0,0,2.748505,0.064023,0.254540,1.956656,0.056271,-1.380209,1.956656
member,30871,5,6,0,2.810925,0.060149,0.256112,1.953000,0.293287,-1.448784,1.953000
member,28092,0,6,0,3.553872,0.028614,0.148449,2.204148,-1.015393,-1.646358,2.204148
member,32484,0,9,0,1.661297,0.189893,0.325629,1.833255,1.318434,-0.539301,1.833255
member,32812,6,7,0,2.350288,0.095342,0.191215,2.163732,0.141774,-0.695931,2.163732
member,25154,7,6,0,2.143226,0.117276,0.170863,2.155612,0.482851,-0.376331,2.155612
member,10153,1,3,0,2.162876,0.114994,0.174276,2.057652,0.771588,-0.415761,2.057652
member,25866,6,1,0,3.392483,0.033625,0.312355,1.981109,-0.555836,-2.228867,1.981109
member,15443,2,6,0,2.298452,0.100414,0.260662,1.944138,1.414547,-0.953920,1.944138
member,14192,2,3,0,1.912897,0.147652,0.227020,2.043325,0.938414,-0.430180,2.043325
member,13717,9,7,0,2.370412,0.093442,0.194109,2.130213,0.369648,-0.731079,2.130213
member,17348,8,8,1,0.699509,0.496829,0.496829,1.339415,3.254210,0.754934,-1.339415
member,6420,1,9,0,1.496660,0.223877,0.425753,1.290864,3.017371,-0.642765,1.290864
member,38690,6,6,1,0.781370,0.457779,0.457779,1.725806,2.639572,1.292855,-1.725806
member,47430,8,0,0,2.034293,0.130773,0.741100,0.905985,2.520095,-1.734673,0.905985
member,34114,4,4,1,1.388660,0.249409,0.249409,1.870155,1.813347,0.206274,-1.870155
member,816,4,0,0,4.242953,0.014365,0.413063,1.606835,-0.961500,-3.358797,1.606835
member,13863,4,7,0,2.494642,0.082526,0.399751,1.860608,0.333270,-1.577728,1.860608
member,49436,1,1,1,0.498764,0.607281,0.607281,1.182490,3.372351,0.899026,-1.182490
member,10587,3,6,0,2.250393,0.105358,0.505951,1.548150,1.698663,-1.569077,1.548150
member,49497,0,1,0,1.843350,0.158286,0.489248,1.289975,3.375132,-1.128464,1.289975
member,26517,6,6,1,0.874042,0.417261,0.417261,1.639312,3.455235,0.990215,-1.639312
member,5245,8,9,0,1.708375,0.181160,0.501025,1.541169,1.609387,-1.017275,1.541169
member,38331,9,6,0,1.521286,0.218431,0.303889,1.818354,1.783258,-0.330194,1.818354
member,48332,9,9,1,0.799902,0.449373,0.449373,1.524980,2.693570,0.617127,-1.524980
member,14926,2,9,0,2.937747,0.052985,0.448870,1.780733,-0.069321,-2.136726,1.780733
member,49065,9,9,1,0.885253,0.412610,0.412610,1.448449,2.697786,0.249316,-1.448449
member,37864,9,8,0,1.518810,0.218972,0.509420,1.388241,2.146536,-0.844327,1.388241
member,23346,2,5,0,2.596912,0.074503,0.215550,1.963588,0.600466,-1.062349,1.963588
member,27036,7,4,0,1.626531,0.196610,0.204487,2.016157,1.107230,-0.039281,2.016157
member,40418,0,0,1,0.620503,0.537674,0.537674,1.634089,2.337245,1.579274,-1.634089
member,28961,5,6,0,2.322126,0.098065,0.278254,2.007283,0.476915,-1.042907,2.007283
member,23034,7,4,0,1.601757,0.201542,0.216894,1.930288,1.430148,-0.073410,1.930288
member,17324,7,7,1,0.514230,0.597961,0.597961,1.442790,2.732513,1.865317,-1.442790
member,44927,8,1,0,1.887664,0.151425,0.372327,1.507626,1.777845,-0.899681,1.507626
member,18246,1,9,0,1.823368,0.161481,0.339850,1.906265,1.105592,-0.744118,1.906265
member,21403,2,7,0,1.879211,0.152711,0.169058,2.173312,0.600111,-0.101695,2.173312
member,47287,4,0,0,4.666219,0.009408,0.347838,1.551296,-1.095065,-3.610201,1.551296
member,14710,8,9,0,1.825460,0.161144,0.509352,1.556214,1.541249,-1.150844,1.556214
member,6367,6,3,0,1.542952,0.213749,0.256006,1.907842,1.780630,-0.180397,1.907842
member,48395,5,4,0,1.828586,0.160641,0.211435,1.960484,1.089818,-0.274746,1.960484
member,42363,5,5,1,1.278531,0.278446,0.278446,2.057936,1.541784,0.582670,-2.057936
member,40888,3,5,0,1.879113,0.152725,0.246846,2.140530,0.734800,-0.480123,2.140530
member,31706,6,6,1,0.682269,0.505469,0.505469,1.580321,3.049790,1.260743,-1.580321
member,3378,1,9,0,2.027200,0.131704,0.548700,1.532937,1.040537,-1.426996,1.532937
member,39487,5,9,0,2.477148,0.083982,0.157508,2.271143,-0.101144,-0.628870,2.271143
member,13702,8,9,0,2.257196,0.104643,0.483874,1.746826,0.538483,-1.531267,1.746826
member,16883,6,1,0,2.348714,0.095492,0.399694,1.786570,0.799766,-1.431658,1.786570
member,9656,3,6,0,1.959619,0.140912,0.319248,1.789229,1.866055,-0.817833,1.789229
member,40354,3,6,0,1.993955,0.136156,0.348479,1.823166,1.314467,-0.939778,1.823166
member,31378,9,9,1,0.999400,0.368100,0.368100,1.701133,2.059516,0.128589,-1.701133
member,28458,2,9,0,2.675237,0.068890,0.301751,1.813866,0.433710,-1.477084,1.813866
member,28446,7,3,0,2.185919,0.112374,0.223242,2.080932,0.475990,-0.686419,2.080932
member,26889,5,0,0,2.501791,0.081938,0.229578,2.108701,0.050272,-1.030278,2.108701
member,20715,5,7,0,2.267281,0.103593,0.306477,1.981105,0.582727,-1.084669,1.981105
member,40604,7,7,1,0.466055,0.627473,0.627473,1.399445,2.773565,2.038302,-1.399445
member,45281,7,7,1,1.498308,0.223508,0.223508,2.047553,1.219040,0.134402,-2.047553
member,32111,8,7,0,4.138497,0.015947,0.311445,1.966138,-1.504211,-2.971964,1.966138
member,34348,9,8,0,1.321254,0.266800,0.445844,1.532957,1.990989,-0.513469,1.532957
member,15204,9,9,1,0.477188,0.620526,0.620526,1.341452,2.945276,1.648698,-1.341452
member,6892,7,7,1,1.217612,0.295936,0.295936,2.004461,1.649511,0.814876,-2.004461
member,22134,9,9,1,0.991846,0.370891,0.370891,1.750099,1.930000,0.347184,-1.750099
member,44141,0,0,1,0.289253,0.748823,0.748823,0.946542,3.622209,1.702223,-0.946542
member,3028,5,0,0,3.032947,0.048173,0.283694,1.953437,-0.305338,-1.773089,1.953437
member,16297,0,9,0,2.462860,0.085191,0.345063,1.959002,0.291683,-1.398831,1.959002
member,32721,0,0,1,0.920263,0.398414,0.398414,1.476674,2.889788,0.535408,-1.476674
member,25134,6,6,1,0.933486,0.393181,0.393181,1.870360,2.266719,1.319263,-1.870360
member,9055,8,8,1,0.315670,0.729300,0.729300,0.696088,5.848413,1.090337,-0.696088
member,34885,2,0,0,2.498849,0.082180,0.450735,1.786402,0.350028,-1.701973,1.786402
member,16228,3,8,0,4.550098,0.010566,0.498038,1.305206,-0.588336,-3.853019,1.305206
member,11281,7,7,1,0.910664,0.402257,0.402257,1.914881,1.764438,1.391353,-1.914881
member,25573,8,8,1,0.838726,0.432261,0.432261,1.210193,3.615768,0.341116,-1.210193
member,36501,0,0,1,0.158341,0.853558,0.853558,0.670505,4.183361,2.707948,-0.670505
member,48210,9,8,0,1.129209,0.323289,0.450783,1.203083,3.387856,-0.332438,1.203083
member,43417,1,0,0,3.962281,0.019020,0.873868,0.491119,1.942639,-3.827455,0.491119
member,46464,8,0,0,1.426888,0.240055,0.464591,1.549450,1.893895,-0.660290,1.549450
member,16703,3,6,0,1.959830,0.140882,0.324028,1.877729,1.242407,-0.832905,1.877729
member,32458,1,6,0,2.540663,0.078814,0.614511,1.315599,1.923742,-2.053733,1.315599
member,6161,1,1,1,0.186979,0.829461,0.829461,0.799902,3.772132,2.717421,-0.799902
member,42991,1,6,0,3.019485,0.048826,0.281463,1.931987,-0.025943,-1.751732,1.931987
member,19306,7,1,0,2.032029,0.131069,0.271731,1.932580,0.872709,-0.729086,1.932580
member,48551,7,9,0,4.155146,0.015684,0.423041,1.497808,-0.711639,-3.294859,1.497808
member,40377,4,6,0,1.822549,0.161613,0.279204,1.950898,1.189509,-0.546736,1.950898
member,39953,1,8,0,1.993679,0.136193,0.444445,1.477704,1.420245,-1.182750,1.477704
member,4988,8,0,0,1.112120,0.328861,0.578854,1.049862,3.196195,-0.565415,1.049862
member,19075,3,9,0,4.711498,0.008991,0.356392,1.473966,-1.041192,-3.679775,1.473966
member,20182,8,1,0,3.171389,0.041945,0.277161,1.782785,-0.106876,-1.888232,1.782785
member,38819,5,6,0,1.934433,0.144506,0.381134,1.751443,1.566491,-0.969828,1.751443
member,19432,9,8,0,1.124756,0.324732,0.399244,1.265773,3.737578,-0.206572,1.265773
member,36918,9,9,1,0.552453,0.575536,0.575536,1.177467,3.371703,0.696708,-1.177467
member,19482,6,6,1,0.829826,0.436125,0.436125,1.690138,2.648152,1.003755,-1.690138
member,39058,1,1,1,0.419030,0.657684,0.657684,1.246699,3.171570,1.617080,-1.246699
member,39446,5,0,0,3.275538,0.037797,0.256271,2.009326,-0.601705,-1.914020,2.009326
member,22156,9,1,0,2.025006,0.131993,0.325910,1.915092,0.872529,-0.903872,1.915092
member,37811,2,3,0,2.922082,0.053822,0.312515,1.824669,0.435187,-1.758980,1.824669
member,12290,5,7,0,1.956383,0.141369,0.326268,1.937708,0.745439,-0.836348,1.937708
member,36128,1,1,1,0.597020,0.550449,0.550449,1.585596,2.589347,1.725585,-1.585596
member,2296,6,7,0,2.484433,0.083373,0.232953,2.060291,0.264384,-1.027515,2.060291
member,3831,0,0,1,0.338518,0.712826,0.712826,1.098105,3.286564,1.721849,-1.098105
member,33222,4,6,0,1.986699,0.137147,0.163267,2.117736,0.744218,-0.174328,2.117736
member,11494,5,4,0,1.868392,0.154372,0.158177,2.155516,0.685648,-0.024350,2.155516
member,20790,0,9,0,1.582363,0.205489,0.296272,1.842634,1.372487,-0.365887,1.842634
member,44315,9,8,0,1.780061,0.168628,0.612170,1.184139,2.274843,-1.289316,1.184139
member,38884,7,3,0,2.789696,0.061440,0.323112,1.734543,0.948761,-1.659940,1.734543
member,3434,7,6,0,1.626313,0.196653,0.245689,1.958515,1.315071,-0.222625,1.958515
member,38207,1,9,0,1.594751,0.202959,0.667023,0.934405,3.404205,-1.189821,0.934405
member,3077,4,9,0,2.350661,0.095306,0.159771,2.220082,0.140883,-0.516644,2.220082
member,1107,2,6,0,2.131362,0.118676,0.268357,1.790242,1.707132,-0.815927,1.790242
member,16655,9,0,0,1.483034,0.226948,0.369172,1.481734,2.534959,-0.486542,1.481734
member,45226,4,6,0,1.709394,0.180975,0.250616,1.926915,1.368464,-0.325562,1.926915
member,25830,2,6,0,2.444939,0.086731,0.299099,1.862804,0.941222,-1.237960,1.862804
member,21503,8,8,1,0.921892,0.397766,0.397766,1.419597,2.784136,0.217412,-1.419597
member,46860,7,7,1,1.241088,0.289070,0.289070,1.947617,1.534696,0.026512,-1.947617
member,2146,6,6,1,1.077811,0.340340,0.340340,1.891060,1.981299,0.537050,-1.891060
member,36814,5,3,0,1.854680,0.156503,0.306488,1.975364,0.925683,-0.672104,1.975364
member,25283,7,6,0,1.887384,0.151468,0.220298,2.129805,0.711653,-0.374609,2.129805
member,27040,9,9,1,1.090246,0.336134,0.336134,1.555119,2.434646,0.208211,-1.555119
member,46778,4,7,0,1.844816,0.158054,0.210710,1.876420,1.528566,-0.287543,1.876420
member,45189,4,7,0,2.299037,0.100355,0.568370,1.438516,1.215219,-1.734054,1.438516
member,18145,8,8,1,0.293510,0.745641,0.745641,0.866245,4.099902,1.516404,-0.866245
member,27707,9,9,1,0.807511,0.445967,0.445967,1.620715,2.416523,0.733020,-1.620715
member,46651,9,6,0,2.457951,0.085610,0.269392,2.010286,0.768102,-1.146362,2.010286
member,7762,6,9,0,4.290811,0.013694,0.441719,1.775965,-1.393301,-3.473730,1.775965
member,29632,4,8,0,3.639822,0.026257,0.413278,1.732130,-0.684449,-2.756188,1.732130
member,8145,9,9,1,0.826698,0.437491,0.437491,1.346869,3.241998,0.336287,-1.346869
member,40439,7,7,1,1.177834,0.307945,0.307945,1.924893,1.856003,0.626779,-1.924893
member,13039,7,5,0,2.166562,0.114571,0.220300,1.964199,1.031000,-0.653796,1.964199
member,34037,0,0,1,0.146825,0.863445,0.863445,0.434712,7.141831,1.898033,-0.434712
member,36290,6,9,0,2.130420,0.118787,0.228484,2.183717,0.374522,-0.654130,2.183717
member,27907,9,9,1,0.880871,0.414422,0.414422,1.389342,3.013870,0.481386,-1.389342
member,24656,5,3,0,1.706487,0.181502,0.211833,1.976908,1.351323,-0.154532,1.976908
member,16993,9,8,0,1.571945,0.207641,0.559955,1.202467,2.754934,-0.992047,1.202467
member,5345,4,5,0,1.695371,0.183531,0.223348,2.001902,1.080019,-0.196347,2.001902
member,5165,2,6,0,2.145944,0.116958,0.485736,1.678249,1.240070,-1.423855,1.678249
member,34825,8,9,0,1.453774,0.233687,0.282059,1.852476,1.415793,-0.188135,1.852476
member,1675,2,9,0,2.137196,0.117985,0.174201,2.235307,0.249605,-0.389652,2.235307
member,31689,4,6,0,1.503845,0.222274,0.256848,1.876191,1.918236,-0.144573,1.876191
member,4146,3,3,1,1.299240,0.272739,0.272739,1.856230,2.157117,0.216143,-1.856230
member,31935,1,2,0,1.797579,0.165700,0.198960,1.971244,1.531966,-0.182930,1.971244
member,18393,3,6,0,1.907936,0.148386,0.435684,1.567347,2.783916,-1.077099,1.567347
member,4707,4,0,0,5.283817,0.005073,0.789160,0.873081,-1.044644,-5.047031,0.873081
member,2585,9,8,0,1.842575,0.158409,0.524301,1.442760,1.533653,-1.196886,1.442760
member,28117,7,7,1,1.388708,0.249397,0.249397,2.048330,1.457526,0.494512,-2.048330
member,42179,0,9,0,2.462834,0.085193,0.353302,1.474841,1.324047,-1.422402,1.474841
member,31618,9,6,0,2.048500,0.128928,0.527509,1.588458,1.359702,-1.408910,1.588458
member,35763,0,0,1,0.127211,0.880548,0.880548,0.481377,5.168133,2.283554,-0.481377
member,22581,8,8,1,0.994268,0.369994,0.369994,1.588136,2.298409,0.369439,-1.588136
member,13835,0,1,0,4.817388,0.008088,0.242714,1.968351,-1.911675,-3.401516,1.968351
member,12044,2,0,0,1.820107,0.162008,0.223445,2.069484,0.799697,-0.321518,2.069484
member,30767,2,9,0,2.274228,0.102876,0.153777,2.225578,0.213243,-0.401976,2.225578
member,7128,3,3,1,1.375649,0.252675,0.252675,2.065974,1.349068,0.498981,-2.065974
member,22783,4,7,0,3.762712,0.023221,0.666608,1.241012,-0.308922,-3.357158,1.241012
member,23250,3,3,1,1.274174,0.279662,0.279662,1.899802,2.257896,0.423642,-1.899802
member,23885,3,1,0,1.998449,0.135545,0.238440,2.031142,0.780610,-0.564810,2.031142
member,40093,8,8,1,0.241758,0.785246,0.785246,0.840736,3.968229,2.035027,-0.840736
member,31011,1,8,0,1.313180,0.268963,0.422194,1.436245,2.287973,-0.450889,1.436245
member,12082,5,5,1,0.892394,0.409674,0.409674,1.685179,2.548086,0.927800,-1.685179
member,7786,9,9,1,1.030907,0.356683,0.356683,1.973275,1.602498,0.741844,-1.973275
member,5729,5,6,0,2.588036,0.075167,0.276705,1.956687,0.735426,-1.303234,1.956687
member,13963,9,0,0,1.540001,0.214381,0.385997,1.309098,3.347766,-0.588074,1.309098
member,49261,6,6,1,1.497401,0.223711,0.223711,1.879249,2.214127,0.060135,-1.879249
member,5121,7,1,0,2.815323,0.059885,0.219680,1.991649,0.254712,-1.299739,1.991649
member,10339,7,6,0,2.399534,0.090760,0.351473,1.843979,0.875723,-1.353910,1.843979
member,2820,8,8,1,0.808465,0.445541,0.445541,1.082863,3.823910,0.028144,-1.082863
member,32607,3,6,0,2.932575,0.053260,0.512077,1.558651,0.613502,-2.263294,1.558651
member,1034,9,0,0,1.504012,0.222237,0.280735,1.683820,1.776323,-0.233667,1.683820
member,233,0,9,0,3.719960,0.024235,0.471765,1.596379,-0.620008,-2.968686,1.596379
member,20696,2,6,0,2.063244,0.127041,0.220100,2.141804,0.513785,-0.549573,2.141804
member,45286,4,6,0,2.712532,0.066369,0.187879,2.128566,-0.043472,-1.040576,2.128566
member,29064,7,7,1,0.722688,0.485446,0.485446,1.619479,2.526729,1.273837,-1.619479
member,16381,8,9,0,1.997049,0.135735,0.580765,1.246538,2.002078,-1.453641,1.246538
member,36641,1,1,1,0.202734,0.816495,0.816495,0.818087,3.808351,2.456348,-0.818087
member,11933,5,5,1,1.241339,0.288997,0.288997,1.914488,1.637222,0.094571,-1.914488
member,49557,0,7,0,1.829517,0.160491,0.198460,2.085411,0.817456,-0.212351,2.085411
member,1319,0,0,1,0.188357,0.828319,0.828319,0.531592,6.210556,1.673189,-0.531592
member,19421,6,7,0,2.452519,0.086076,0.228312,2.138426,0.084081,-0.975476,2.138426
member,14194,0,1,0,3.748492,0.023553,0.486519,1.302001,0.001089,-3.028013,1.302001
member,27211,0,9,0,1.868866,0.154299,0.277026,1.614402,1.583884,-0.585220,1.614402
member,23943,4,4,1,1.373991,0.253095,0.253095,1.834012,2.015495,0.151312,-1.834012
member,30570,1,9,0,1.290665,0.275088,0.424822,1.501274,2.032501,-0.434581,1.501274
member,24191,1,1,1,0.642705,0.525868,0.525868,1.476588,2.791783,0.920156,-1.476588
member,42795,4,6,0,1.846316,0.157817,0.185054,2.028664,1.041338,-0.159209,2.028664
member,23407,1,9,0,1.465358,0.230995,0.285480,2.025096,1.162361,-0.211775,2.025096
member,756,9,9,1,0.768987,0.463482,0.463482,1.332201,2.703511,0.202831,-1.332201
member,27669,8,0,0,2.542519,0.078668,0.188113,2.200389,-0.089559,-0.871808,2.200389
member,5553,3,3,1,1.012961,0.363142,0.363142,1.773162,2.057337,0.251369,-1.773162
member,33456,8,1,0,3.290631,0.037230,0.150293,2.252139,-0.838186,-1.395463,2.252139
member,41063,1,8,0,1.342092,0.261298,0.426704,1.334637,2.569393,-0.490427,1.334637
member,18337,9,9,1,0.758313,0.468456,0.468456,1.219985,3.132917,0.162764,-1.219985
member,5042,4,3,0,2.709595,0.066564,0.296209,2.016579,0.162039,-1.492905,2.016579
member,20135,6,6,1,0.894650,0.408750,0.408750,1.752783,2.589474,1.084233,-1.752783
member,6491,3,9,0,2.802612,0.060651,0.193549,2.100668,-0.273762,-1.160389,2.100668
member,18129,6,4,0,1.596117,0.202682,0.310085,1.774978,2.108322,-0.425209,1.774978
member,30128,6,6,1,1.025762,0.358523,0.358523,1.843921,2.267892,0.985914,-1.843921
member,38903,3,3,1,1.178822,0.307641,0.307641,1.868626,1.982031,0.252679,-1.868626
member,14129,1,9,0,1.220673,0.295032,0.339331,1.505810,2.448400,-0.139893,1.505810
member,28147,5,3,0,2.366174,0.093839,0.241840,2.038357,0.470337,-0.946694,2.038357
member,6689,5,2,0,2.734879,0.064902,0.247546,2.000388,-0.119259,-1.338720,2.000388
member,9693,8,9,0,1.381395,0.251228,0.454450,1.360506,2.430384,-0.592728,1.360506
member,39652,1,9,0,2.715280,0.066186,0.530100,1.583655,0.315413,-2.080590,1.583655
member,811,8,8,1,0.852714,0.426257,0.426257,1.493960,2.852934,0.693552,-1.493960
member,28624,9,9,1,1.041367,0.352972,0.352972,1.913622,1.764985,0.660410,-1.913622
member,27745,1,9,0,1.607594,0.200369,0.294922,1.947818,1.260778,-0.386551,1.947818
member,23713,9,9,1,0.673078,0.510136,0.510136,1.261118,3.614942,0.766003,-1.261118
member,13504,8,9,0,3.172842,0.041884,0.312702,2.054088,-0.702806,-2.010338,2.054088
member,13797,6,7,0,2.504843,0.081688,0.220919,2.098804,0.142712,-0.994885,2.098804
member,33256,6,6,1,1.335575,0.263007,0.263007,2.065184,1.404315,0.787499,-2.065184
member,9720,3,3,1,1.175408,0.308693,0.308693,1.812372,2.110483,0.242899,-1.812372
member,44136,0,0,1,0.345374,0.707955,0.707955,1.030214,3.491138,1.447289,-1.030214
member,8317,9,9,1,0.602799,0.547278,0.547278,1.178066,3.359361,0.595315,-1.178066
member,36325,0,9,0,2.394582,0.091211,0.339374,1.928600,0.358147,-1.313930,1.928600
member,48421,5,3,0,2.031636,0.131121,0.340226,1.736558,1.671085,-0.953490,1.736558
member,39927,0,0,1,0.176261,0.838400,0.838400,0.594960,5.200755,1.965749,-0.594960
member,2630,1,1,1,1.069100,0.343317,0.343317,1.814678,1.878088,0.241784,-1.814678
member,18014,4,7,0,1.813087,0.163150,0.261015,2.040787,0.924789,-0.469910,2.040787
member,24531,6,6,1,0.445858,0.640275,0.640275,1.245149,4.206286,1.830306,-1.245149
member,8677,4,9,0,3.876117,0.020731,0.339668,1.760468,-0.858566,-2.796331,1.760468
member,1618,5,0,0,2.930903,0.053349,0.261205,2.136975,-0.443215,-1.588452,2.136975
member,21723,0,0,1,1.064791,0.344800,0.344800,1.839996,1.727019,0.236869,-1.839996
member,20564,4,6,0,2.664568,0.069629,0.562574,1.534413,0.946676,-2.089336,1.534413
member,16171,7,7,1,0.531524,0.587709,0.587709,1.515090,2.589199,1.922878,-1.515090
member,8489,8,0,0,2.444918,0.086733,0.444400,1.525185,1.009406,-1.633887,1.525185
member,16338,1,9,0,1.332621,0.263785,0.288639,1.945194,1.379986,-0.090040,1.945194
member,5455,3,0,0,2.713778,0.066286,0.250957,2.058170,-0.012608,-1.331306,2.058170
member,35813,9,9,1,0.563334,0.569308,0.569308,1.432614,2.768461,1.093113,-1.432614
member,48471,9,8,0,1.059150,0.346751,0.459850,1.297535,2.840909,-0.282294,1.297535
member,22750,4,2,0,2.227349,0.107814,0.146616,2.282205,0.133156,-0.307414,2.282205
member,7831,7,9,0,2.764799,0.062989,0.544809,1.480507,0.456962,-2.157479,1.480507
member,16694,2,3,0,3.017937,0.048902,0.285970,1.801045,0.671965,-1.766068,1.801045
member,23467,9,9,1,0.884087,0.413091,0.413091,1.745607,2.170126,0.711233,-1.745607
member,5627,1,5,0,1.806080,0.164297,0.180396,2.152457,0.774800,-0.093482,2.152457
member,4222,8,8,1,1.135854,0.321148,0.321148,1.782899,1.818795,0.372284,-1.782899
member,35609,5,5,1,1.322763,0.266398,0.266398,1.867788,1.899944,0.073660,-1.867788
member,21130,5,3,0,1.842724,0.158385,0.264635,1.872112,2.151484,-0.513321,1.872112
member,18856,5,6,0,2.439354,0.087217,0.192504,2.070381,0.312297,-0.791717,2.070381
member,42678,0,9,0,2.253814,0.104998,0.537312,1.248410,2.107055,-1.632637,1.248410
member,10639,8,8,1,0.565888,0.567855,0.567855,1.091210,4.058821,0.824021,-1.091210
member,10613,8,0,0,1.348385,0.259659,0.445691,1.589283,1.836449,-0.540255,1.589283
member,45809,8,1,0,3.996643,0.018377,0.360524,1.853374,-1.110967,-2.976445,1.853374
member,18478,5,7,0,2.446139,0.086627,0.262640,1.927305,0.461623,-1.109167,1.927305
member,5762,2,0,0,3.264846,0.038203,0.587023,1.435881,-0.090651,-2.732154,1.435881
member,26689,3,9,0,2.953418,0.052161,0.686374,1.209631,0.420060,-2.577085,1.209631
member,44532,5,5,1,1.353503,0.258334,0.258334,1.903494,1.837919,0.362563,-1.903494
member,45317,1,1,1,1.137903,0.320490,0.320490,1.876938,1.862714,0.517481,-1.876938
member,44236,8,8,1,1.138814,0.320198,0.320198,1.935394,1.649722,0.608575,-1.935394
member,17596,6,6,1,1.197369,0.301988,0.301988,1.735368,2.865553,0.228831,-1.735368
member,45087,7,2,0,1.764271,0.171312,0.214755,1.961107,1.148186,-0.226015,1.961107
member,40910,0,0,1,0.211971,0.808988,0.808988,0.717569,4.483185,1.876115,-0.717569
member,22038,9,9,1,0.553028,0.575206,0.575206,1.158606,4.067144,0.874088,-1.158606
member,23254,0,8,0,2.584729,0.075417,0.596315,1.352194,0.856960,-2.067743,1.352194
member,45133,4,3,0,1.657408,0.190633,0.202316,1.860818,1.752077,-0.059483,1.860818
member,27771,5,5,1,1.126698,0.324102,0.324102,1.765587,2.284404,0.544541,-1.765587
member,10276,1,1,1,0.933219,0.393286,0.393286,1.725259,2.648374,0.533998,-1.725259
member,10241,2,6,0,2.820716,0.059563,0.516023,1.545448,1.034567,-2.159113,1.545448
member,210,6,3,0,1.887571,0.151439,0.163796,2.207500,0.554080,-0.078437,2.207500
member,28976,5,9,0,1.835716,0.159499,0.244617,1.941302,1.187227,-0.427655,1.941302
member,39435,0,8,0,1.646310,0.192760,0.293467,1.768478,1.459552,-0.420321,1.768478
member,43447,1,7,0,3.899363,0.020255,0.374662,1.855611,-0.886836,-2.917633,1.855611
member,43061,1,9,0,1.693512,0.183873,0.449372,1.607646,1.554274,-0.893607,1.607646
member,36050,9,9,1,0.456987,0.633188,0.633188,1.262320,3.092646,1.210187,-1.262320
member,13687,6,6,1,1.228263,0.292801,0.292801,1.776932,2.558708,0.519400,-1.776932
member,26071,5,5,1,1.022239,0.359788,0.359788,1.662463,2.865999,0.301708,-1.662463
member,3022,5,6,0,1.659678,0.190200,0.401756,1.735503,1.666399,-0.747768,1.735503
member,4110,3,0,0,3.630771,0.026496,0.516044,1.523451,-0.485516,-2.969209,1.523451
member,19011,0,0,1,0.395285,0.673488,0.673488,1.037047,3.613781,1.159210,-1.037047
member,15838,9,1,0,2.099189,0.122556,0.209191,2.125743,0.574695,-0.534682,2.125743
member,46039,9,7,0,5.087545,0.006173,0.566234,1.420214,-0.785221,-4.518797,1.420214
member,6756,8,8,1,1.200842,0.300941,0.300941,1.940270,1.552836,0.239161,-1.940270
member,18806,8,8,1,0.468582,0.625889,0.625889,1.348795,2.846960,1.736971,-1.348795
member,32676,8,0,0,0.960280,0.382786,0.445453,1.203182,3.712734,-0.151615,1.203182
member,42726,1,8,0,2.081379,0.124758,0.723587,0.882124,4.107319,-1.757844,0.882124
member,11065,7,4,0,1.436161,0.237839,0.255973,1.787608,2.348300,-0.073477,1.787608
member,17179,4,8,0,4.819780,0.008069,0.456327,1.501163,-1.466861,-4.035234,1.501163
member,27737,2,6,0,2.339902,0.096337,0.291377,1.906339,1.124864,-1.106766,1.906339
member,24456,8,8,1,0.396035,0.672983,0.672983,1.030164,4.185487,1.459286,-1.030164
member,36004,0,0,1,0.150193,0.860542,0.860542,0.664046,4.165648,3.034934,-0.664046
member,36082,5,8,0,2.965372,0.051541,0.213582,2.140696,-0.474344,-1.421637,2.140696
member,41990,2,7,0,1.932077,0.144847,0.234088,2.043162,0.711336,-0.480020,2.043162
member,14411,6,7,0,1.670511,0.188151,0.200701,1.900817,1.836443,-0.064570,1.900817
member,8530,2,7,0,2.347264,0.095630,0.248386,1.925532,0.558941,-0.954492,1.925532
member,33306,5,5,1,1.215108,0.296678,0.296678,1.711608,2.608642,0.185242,-1.711608
member,23783,9,9,1,0.726206,0.483741,0.483741,1.475860,2.758533,0.731254,-1.475860
member,14337,5,6,0,2.548244,0.078219,0.337047,1.763655,1.213160,-1.460711,1.763655
member,22954,8,8,1,0.510796,0.600018,0.600018,1.271631,3.221188,1.455354,-1.271631
member,36823,6,3,0,1.881924,0.152297,0.289637,1.885728,1.400109,-0.642797,1.885728
member,11450,5,7,0,2.053469,0.128289,0.284592,2.011313,0.493763,-0.796770,2.011313
member,7258,2,8,0,5.661676,0.003477,0.432869,1.133023,-0.198657,-4.824358,1.133023
member,42764,9,8,0,1.829674,0.160466,0.576713,1.162019,3.378556,-1.279264,1.162019
member,49141,7,7,1,1.141954,0.319195,0.319195,1.733354,2.640124,0.285736,-1.733354
member,18603,0,0,1,0.018186,0.981979,0.981979,0.113037,6.860590,4.443332,-0.113037
member,3031,5,6,0,2.059274,0.127547,0.287527,1.981016,0.894073,-0.812837,1.981016
member,46317,6,4,0,1.333207,0.263631,0.282637,1.763807,2.550145,-0.069613,1.763807
member,7229,5,0,0,2.347114,0.095645,0.354769,1.834796,0.692758,-1.310825,1.834796
member,116,0,1,0,4.011213,0.018111,0.402669,1.447546,-0.446183,-3.101573,1.447546
member,9246,6,9,0,2.817523,0.059754,0.251460,2.126630,-0.283766,-1.437050,2.126630
member,19475,4,6,0,1.458867,0.232500,0.431211,1.583049,2.658215,-0.617709,1.583049
member,18809,6,9,0,1.937224,0.144103,0.161120,2.163483,0.678186,-0.111615,2.163483
member,24556,6,7,0,2.722558,0.065706,0.368344,1.797288,0.462506,-1.723821,1.797288
member,3795,3,5,0,1.222676,0.294441,0.339610,1.695024,2.134985,-0.142720,1.695024
member,46265,3,5,0,1.741830,0.175199,0.187556,2.218491,0.688566,-0.068154,2.218491
member,47402,0,0,1,0.571919,0.564441,0.564441,1.571196,2.462810,1.945325,-1.571196
member,12414,0,6,0,6.578930,0.001389,0.260904,1.969688,-3.400638,-5.235327,1.969688
member,5879,6,1,0,1.399897,0.246622,0.252848,1.890416,1.670230,-0.024929,1.890416
member,13396,3,1,0,2.464267,0.085071,0.247080,2.142554,0.146431,-1.066226,2.142554
member,30392,9,7,0,2.151649,0.116292,0.178056,2.097216,0.423537,-0.425991,2.097216
member,38491,1,1,1,1.506626,0.221657,0.221657,2.076000,1.128341,0.117970,-2.076000
member,6802,2,7,0,2.120757,0.119941,0.314134,1.896854,0.735096,-0.962820,1.896854
member,25304,7,1,0,2.142474,0.117364,0.191722,2.163435,0.376388,-0.490765,2.163435
member,34697,1,1,1,1.092404,0.335409,0.335409,1.860870,1.937203,0.565912,-1.860870
member,8586,5,7,0,2.740243,0.064555,0.221950,1.974835,0.286071,-1.234939,1.974835
member,45078,6,6,1,0.952016,0.385962,0.385962,1.560298,3.303350,0.375800,-1.560298
member,48407,4,2,0,1.995366,0.135964,0.209185,2.110952,0.582471,-0.430832,2.110952
member,5625,4,6,0,1.405950,0.245134,0.250786,1.776337,2.456737,-0.022794,1.776337
member,10342,9,9,1,0.650657,0.521703,0.521703,1.463092,2.630288,0.930029,-1.463092
member,15695,2,4,0,1.712877,0.180346,0.212072,2.029576,1.051571,-0.162045,2.029576
member,17258,9,9,1,0.672834,0.510260,0.510260,1.607078,2.483274,1.421279,-1.607078
member,34824,4,9,0,3.360688,0.034711,0.234661,2.119545,-0.763398,-1.911076,2.119545
member,39719,0,0,1,1.047702,0.350743,0.350743,1.607341,2.453846,0.399508,-1.607341
member,47284,3,3,1,1.339658,0.261935,0.261935,1.787389,2.652683,0.144628,-1.787389
member,35249,8,8,1,0.635188,0.529836,0.529836,1.293646,3.443379,0.902015,-1.293646
member,5920,5,1,0,3.706316,0.024568,0.330173,1.792689,-0.920613,-2.598178,1.792689
member,14625,6,6,1,1.200156,0.301147,0.301147,1.961774,1.788894,0.816487,-1.961774
member,16113,0,0,1,0.049733,0.951484,0.951484,0.201855,8.861518,3.005250,-0.201855
member,7266,5,6,0,2.533932,0.079346,0.420448,1.687698,1.122276,-1.667498,1.687698
member,36754,9,6,0,2.726694,0.065435,0.234401,2.080114,0.075644,-1.275970,2.080114
member,14982,8,8,1,0.981093,0.374901,0.374901,1.514609,2.786055,0.445207,-1.514609
member,75,1,2,0,2.185387,0.112434,0.198870,2.215069,0.246994,-0.570285,2.215069
member,35250,4,6,0,2.870783,0.056655,0.651367,1.292283,1.434958,-2.442100,1.292283
member,26830,4,3,0,2.293110,0.100952,0.229243,1.950780,0.930968,-0.820139,1.950780
member,44839,7,4,0,1.563173,0.209470,0.246921,1.864147,1.737997,-0.164488,1.864147
member,1124,3,1,0,1.903822,0.148998,0.150681,2.204731,0.512933,-0.011232,2.204731
member,25981,5,3,0,1.451221,0.234284,0.310835,1.680405,2.524482,-0.282727,1.680405
member,42314,4,0,0,3.431973,0.032323,0.304465,1.849955,-0.628253,-2.242774,1.849955
member,16454,9,9,1,1.058071,0.347125,0.347125,1.919184,1.711034,0.476607,-1.919184
member,45755,9,9,1,0.916396,0.399958,0.399958,1.237452,3.721662,0.294404,-1.237452
member,6427,2,7,0,2.452032,0.086118,0.240310,2.121922,0.120845,-1.026205,2.121922
member,27934,0,0,1,0.564042,0.568905,0.568905,1.509082,2.522588,1.331527,-1.509082
member,30843,9,3,0,2.104450,0.121913,0.184505,2.124646,0.685953,-0.414369,2.124646
member,30081,2,6,0,3.544686,0.028878,0.424355,1.650205,0.505516,-2.687502,1.650205
member,15006,5,1,0,2.897196,0.055178,0.303386,2.100282,-0.294992,-1.704448,2.100282
member,34082,4,7,0,1.553466,0.211514,0.342282,1.811455,1.650307,-0.481345,1.811455
member,40402,8,8,1,0.891907,0.409873,0.409873,1.388161,3.354331,0.422441,-1.388161
member,47394,3,9,0,2.000472,0.135271,0.173267,2.115298,0.633647,-0.247552,2.115298
member,28703,0,0,1,0.884398,0.412963,0.412963,1.602716,2.433164,0.582000,-1.602716
member,35848,6,6,1,0.606927,0.545023,0.545023,1.562278,3.073260,1.813892,-1.562278
member,47720,5,6,0,2.744019,0.064311,0.244824,1.983004,0.313412,-1.336802,1.983004
member,29395,3,3,1,1.487998,0.225824,0.225824,2.021005,1.468620,0.297397,-2.021005
member,14579,5,0,0,1.857467,0.156067,0.201958,2.201780,0.609698,-0.257772,2.201780
member,17900,2,6,0,2.811341,0.060124,0.327724,1.846437,0.395123,-1.695758,1.846437
member,194,2,0,0,2.725770,0.065496,0.278714,1.923753,0.046903,-1.448202,1.923753
member,48182,1,9,0,1.841530,0.158575,0.412273,1.176280,2.812488,-0.955461,1.176280
member,30799,4,9,0,4.893198,0.007497,0.531009,1.373360,-1.299249,-4.260222,1.373360
member,19219,8,1,0,1.857790,0.156017,0.311015,1.930995,0.883995,-0.689877,1.930995
member,46098,7,7,1,1.006406,0.365530,0.365530,1.786636,2.200445,0.729197,-1.786636
member,2813,7,0,0,2.278360,0.102452,0.475054,1.764554,0.516984,-1.534032,1.764554
member,20370,8,8,1,0.987292,0.372584,0.372584,1.771843,1.907353,0.486342,-1.771843
member,6537,6,6,1,0.729734,0.482037,0.482037,1.683764,2.689791,1.419594,-1.683764
member,2664,9,9,1,0.734601,0.479697,0.479697,1.676181,2.227647,0.999841,-1.676181
member,22856,9,9,1,0.571088,0.564910,0.564910,1.270855,3.146049,0.937247,-1.270855
member,11617,3,0,0,2.682537,0.068389,0.322264,2.030254,-0.120909,-1.550153,2.030254
member,2952,8,7,0,6.750722,0.001170,0.329583,1.677458,-3.226799,-5.640796,1.677458
member,45701,4,3,0,2.341312,0.096201,0.292891,1.914098,0.632126,-1.113357,1.914098
member,12058,2,3,0,2.171135,0.114048,0.278824,1.802144,1.142545,-0.893960,1.802144
member,29338,0,0,1,0.407280,0.665458,0.665458,1.321901,2.803358,2.245918,-1.321901
member,45490,7,1,0,2.526774,0.079916,0.160570,2.181388,-0.033042,-0.697748,2.181388
member,26378,4,9,0,2.526000,0.079978,0.187556,2.222838,-0.096453,-0.852323,2.222838
member,27861,8,8,1,0.276381,0.758524,0.758524,0.714094,5.721135,1.355690,-0.714094
member,10533,9,9,1,0.842219,0.430754,0.430754,1.218526,4.403227,0.237247,-1.218526
member,15458,6,6,1,1.032044,0.356278,0.356278,1.892919,2.303955,1.051772,-1.892919
member,49676,1,8,0,2.015553,0.133247,0.391482,1.579776,1.249835,-1.077738,1.579776
member,45504,5,2,0,2.682611,0.068384,0.252993,1.840822,0.623593,-1.308217,1.840822
member,43501,6,6,1,1.361831,0.256191,0.256191,1.879024,1.648104,0.124126,-1.879024
member,34623,3,7,0,2.571055,0.076455,0.216371,2.162010,-0.123678,-1.040293,2.162010
member,5504,5,3,0,1.928551,0.145359,0.229647,2.067894,0.903500,-0.457339,2.067894
member,16256,1,6,0,2.324843,0.097799,0.265911,1.995910,0.708155,-1.000250,1.995910
member,9237,6,6,1,1.286482,0.276241,0.276241,2.042081,1.659053,0.698789,-2.042081
member,45502,3,8,0,1.878989,0.152744,0.380443,1.862215,0.939420,-0.912570,1.862215
member,7950,6,6,1,1.076918,0.340644,0.340644,1.900109,2.171906,0.750086,-1.900109
member,13683,6,6,1,1.469317,0.230083,0.230083,1.906854,1.749914,0.115970,-1.906854
member,15632,1,6,0,1.481820,0.227224,0.244048,1.940019,1.633525,-0.071432,1.940019
member,26306,8,1,0,5.994093,0.002493,0.479313,1.696196,-2.661275,-5.258693,1.696196
member,22071,3,7,0,1.437919,0.237421,0.328016,1.647739,1.771795,-0.323227,1.647739
member,36752,2,7,0,2.012691,0.133629,0.252001,1.930756,1.109602,-0.634370,1.930756
member,48320,8,9,0,1.887281,0.151483,0.281094,2.102105,0.682653,-0.618214,2.102105
member,29278,4,7,0,1.917104,0.147032,0.359799,1.726181,1.570906,-0.894893,1.726181
member,1631,1,6,0,2.879262,0.056176,0.654137,1.310365,1.220520,-2.454824,1.310365
member,6108,3,6,0,2.164891,0.114762,0.426969,1.729866,1.526356,-1.313848,1.729866
member,24339,5,8,0,1.848001,0.157552,0.333942,1.964170,0.953706,-0.751212,1.964170
member,15814,1,1,1,0.736089,0.478983,0.478983,1.348450,2.955910,0.535058,-1.348450
member,24383,0,6,0,4.019207,0.017967,0.170851,2.152103,-1.395453,-2.252246,2.152103
member,26607,0,8,0,1.655492,0.190998,0.487129,1.306079,2.785307,-0.936266,1.306079
member,839,5,5,1,1.410142,0.244109,0.244109,1.938737,1.541938,0.162782,-1.938737
member,11475,0,0,1,0.303235,0.738425,0.738425,0.946781,4.000245,1.771050,-0.946781
member,20626,3,3,1,1.031792,0.356368,0.356368,1.904255,1.924582,0.621287,-1.904255
member,8279,4,3,0,2.136884,0.118022,0.211791,1.875302,1.249781,-0.584727,1.875302
member,30633,8,0,0,1.117954,0.326948,0.491368,1.322144,2.529410,-0.407393,1.322144
member,49340,0,0,1,0.106044,0.899386,0.899386,0.448718,5.305365,2.651835,-0.448718
member,42844,0,0,1,1.666608,0.188887,0.188887,2.186014,0.774291,0.121632,-2.186014
member,31544,3,3,1,1.002904,0.366813,0.366813,1.704115,2.763222,0.316162,-1.704115
member,29500,8,8,1,0.308141,0.734812,0.734812,0.826306,4.558440,1.345465,-0.826306
member,47762,8,1,0,2.700147,0.067196,0.380666,1.742939,0.293619,-1.734313,1.742939
member,8875,1,1,1,0.958165,0.383596,0.383596,1.769649,1.968529,0.518471,-1.769649
member,43097,4,7,0,2.016095,0.133175,0.273769,2.036675,0.635988,-0.720625,2.036675
member,30914,0,0,1,0.247708,0.780588,0.780588,0.772116,4.313676,1.640832,-0.772116
member,5685,1,9,0,2.317063,0.098563,0.431670,1.546384,1.171030,-1.476969,1.546384
member,5733,3,9,0,1.871073,0.153958,0.220361,2.142691,0.542269,-0.358585,2.142691
member,30292,6,6,1,0.722089,0.485736,0.485736,1.627545,2.789674,1.364277,-1.627545
member,11300,7,9,0,3.549281,0.028745,0.525573,1.379715,0.298011,-2.906015,1.379715
member,5598,3,5,0,1.816770,0.162550,0.231563,2.031014,1.037730,-0.353865,2.031014
member,2517,6,6,1,0.683714,0.504739,0.504739,1.597480,3.016681,1.405854,-1.597480
member,25779,4,6,0,1.934678,0.144471,0.303097,1.751375,2.070752,-0.740975,1.751375
member,19825,5,6,0,1.834330,0.159721,0.426762,1.607900,2.383801,-0.982802,1.607900
member,35669,3,7,0,2.750360,0.063905,0.413351,1.878175,0.120205,-1.866902,1.878175
member,47048,0,8,0,3.296903,0.036998,0.420777,1.548545,-0.038620,-2.431250,1.548545
member,18331,1,9,0,1.738078,0.175858,0.309522,1.772704,1.068447,-0.565352,1.772704
member,1846,3,0,0,2.481776,0.083595,0.170986,2.221377,-0.034601,-0.715603,2.221377
member,18502,4,6,0,2.063306,0.127033,0.315573,1.990630,0.807270,-0.909941,1.990630
member,20217,0,8,0,1.553323,0.211544,0.362901,1.684226,1.641832,-0.539697,1.684226
member,40292,8,9,0,1.599771,0.201943,0.410770,1.472134,2.054858,-0.710049,1.472134
member,34983,8,0,0,1.665703,0.189058,0.380050,1.766458,1.321803,-0.698252,1.766458
member,27970,1,1,1,0.840932,0.431308,0.431308,1.606344,2.501168,0.518137,-1.606344
member,28359,9,9,1,1.110258,0.329474,0.329474,1.602081,2.334745,0.103123,-1.602081
member,17901,1,6,0,1.900625,0.149475,0.237274,2.028720,1.032194,-0.462085,2.028720
member,27087,6,6,1,1.416219,0.242630,0.242630,2.023218,1.342492,0.341128,-2.023218
member,12440,3,5,0,1.227213,0.293108,0.344350,1.543275,2.859675,-0.161116,1.543275
member,12594,1,0,0,2.865267,0.056968,0.833783,0.677374,2.293924,-2.683485,0.677374
member,3197,0,0,1,0.874975,0.416872,0.416872,1.722757,2.056830,0.501042,-1.722757
member,2865,3,6,0,1.983890,0.137533,0.428477,1.676518,1.840742,-1.136371,1.676518
member,23311,1,6,0,2.148507,0.116658,0.239743,2.004926,0.745816,-0.720318,2.004926
member,19741,0,0,1,0.078373,0.924620,0.924620,0.406388,4.868486,3.814312,-0.406388
member,9452,4,0,0,5.891861,0.002762,0.515781,1.217471,-1.903159,-5.229788,1.217471
member,34236,3,7,0,2.405235,0.090244,0.245674,2.023247,0.291560,-1.001485,2.023247
member,1736,1,1,1,0.880081,0.414749,0.414749,1.634487,2.248065,0.433447,-1.634487
member,45115,8,0,0,1.345513,0.260406,0.504512,1.463636,1.934011,-0.661349,1.463636
member,28334,4,9,0,2.705175,0.066859,0.222852,2.171323,-0.241433,-1.203930,2.171323
member,11757,4,7,0,2.586178,0.075307,0.232095,2.008937,0.517073,-1.125571,2.008937
member,34580,2,6,0,2.574355,0.076203,0.452844,1.607762,1.484707,-1.782148,1.607762
member,7029,8,8,1,1.297391,0.273244,0.273244,2.003892,1.346255,0.400159,-2.003892
member,23578,1,6,0,2.655463,0.070266,0.413963,1.728921,1.382071,-1.773484,1.728921
member,10859,9,9,1,0.457267,0.633011,0.633011,1.040794,4.790359,1.259496,-1.040794
member,38468,7,7,1,1.416703,0.242512,0.242512,1.999296,1.552592,0.345342,-1.999296
member,16372,2,6,0,1.984951,0.137387,0.155667,2.165176,0.599529,-0.124914,2.165176
member,14054,8,0,0,3.448984,0.031778,0.608863,1.428231,-0.142574,-2.952823,1.428231
member,38564,5,3,0,1.282180,0.277432,0.298274,1.703468,2.420562,-0.072435,1.703468
member,34913,1,1,1,0.540668,0.582359,0.582359,1.210960,3.341689,0.758995,-1.210960
member,49084,1,1,1,0.804092,0.447494,0.447494,1.734195,2.115365,0.841015,-1.734195
member,1930,7,7,1,1.365674,0.255209,0.255209,1.975140,1.549609,0.145839,-1.975140
member,46498,8,9,0,1.680987,0.186190,0.441117,1.613760,1.474835,-0.862542,1.613760
member,1126,6,6,1,1.510460,0.220808,0.220808,1.918294,1.752016,0.033684,-1.918294
member,14233,7,5,0,1.842390,0.158438,0.217217,1.957598,1.178322,-0.315530,1.957598
member,44700,5,5,1,0.902203,0.405675,0.405675,1.800123,2.191061,0.926909,-1.800123
member,30321,0,1,0,6.816538,0.001096,0.553694,1.050333,-2.444279,-6.225394,1.050333
member,42697,1,8,0,1.777552,0.169051,0.615990,1.082022,2.675885,-1.293028,1.082022
member,7479,9,9,1,0.667519,0.512980,0.512980,1.455616,2.689813,0.749941,-1.455616
member,29036,7,7,1,1.388213,0.249521,0.249521,1.845813,2.195518,0.259522,-1.845813
member,12589,2,0,0,2.261231,0.104222,0.239709,2.149243,0.223017,-0.832901,2.149243
member,44510,2,1,0,3.583223,0.027786,0.437643,1.611729,-0.050882,-2.756871,1.611729
member,13588,9,1,0,1.891375,0.150864,0.273303,2.092423,0.649186,-0.594199,2.092423
member,17306,5,7,0,2.322620,0.098016,0.231733,2.152991,0.144284,-0.860452,2.152991
member,2888,6,9,0,1.890547,0.150989,0.188955,2.043111,0.965707,-0.224298,2.043111
member,46393,5,5,1,1.360712,0.256478,0.256478,1.834901,2.214324,0.284850,-1.834901
member,22034,0,7,0,1.555675,0.211047,0.212568,1.990137,1.186408,-0.007181,1.990137
member,20137,4,7,0,1.854841,0.156478,0.223872,2.033708,1.075531,-0.358158,2.033708
member,36454,5,7,0,2.396815,0.091007,0.290224,1.951441,0.631920,-1.159714,1.951441
member,8877,6,6,1,1.146288,0.317814,0.317814,1.914771,2.018656,0.682454,-1.914771
member,30442,4,0,0,3.495312,0.030339,0.533996,1.598185,-0.478485,-2.867944,1.598185
member,29915,8,0,0,0.819316,0.440733,0.525556,0.840688,6.213677,-0.176018,0.840688
member,48715,5,6,0,2.921068,0.053876,0.398819,1.803388,0.712582,-2.001820,1.803388
member,36947,6,6,1,1.087585,0.337030,0.337030,1.873519,2.039846,0.778361,-1.873519
member,8668,8,0,0,1.442679,0.236294,0.467611,1.612986,1.623704,-0.682560,1.612986
member,31394,2,9,0,4.979260,0.006879,0.429620,1.361597,-0.882897,-4.134407,1.361597
member,41419,9,9,1,0.556656,0.573123,0.573123,1.123876,3.566390,0.675119,-1.123876
member,10240,2,7,0,1.954350,0.141657,0.247821,1.861083,1.271087,-0.559300,1.861083
member,7596,2,7,0,2.201677,0.110618,0.301400,2.030492,0.430250,-1.002361,2.030492
member,43330,5,6,0,1.992619,0.136338,0.187810,2.130239,0.652735,-0.320297,2.130239
member,8870,8,1,0,6.879726,0.001028,0.324311,1.669669,-2.959631,-5.753675,1.669669
member,7800,7,7,1,1.445430,0.235645,0.235645,1.793257,2.049106,0.028462,-1.793257
member,20999,8,5,0,6.443332,0.001591,0.348179,1.664123,-2.930079,-5.388295,1.664123
member,13035,2,0,0,6.176534,0.002078,0.815024,0.685939,-1.023884,-5.971996,0.685939
member,19849,7,7,1,1.161493,0.313019,0.313019,1.898659,2.055551,0.740564,-1.898659
member,5200,7,9,0,2.994115,0.050081,0.390410,1.618363,0.319497,-2.053558,1.618363
member,38426,9,1,0,2.648179,0.070780,0.312583,2.095046,0.019896,-1.485294,2.095046
member,45463,9,6,0,2.377746,0.092759,0.339952,1.839851,1.147228,-1.298795,1.839851
member,33669,4,9,0,2.824107,0.059362,0.191849,2.194136,-0.365638,-1.173062,2.194136
member,40488,2,4,0,2.327838,0.097506,0.259580,1.768725,1.245413,-0.979149,1.768725
member,13160,9,7,0,2.982675,0.050657,0.285870,1.981148,0.025844,-1.730456,1.981148
member,5662,9,9,1,0.819365,0.440711,0.440711,1.414766,2.726460,0.515323,-1.414766
member,44310,8,0,0,1.599586,0.201980,0.770764,0.658996,4.054238,-1.339214,0.658996
member,34267,4,7,0,2.087090,0.124048,0.308988,2.062332,0.490180,-0.912636,2.062332
member,7955,7,7,1,0.642383,0.526037,0.526037,1.534463,2.581430,1.310904,-1.534463
member,12968,4,7,0,2.523826,0.080152,0.290371,2.031394,0.121560,-1.287230,2.031394
member,49696,8,8,1,0.880986,0.414374,0.414374,1.470848,2.643021,0.328847,-1.470848
member,42655,1,1,1,0.394305,0.674148,0.674148,0.985432,3.869721,1.050838,-0.985432
member,30691,8,8,1,0.153022,0.858111,0.858111,0.594888,5.074751,2.845529,-0.594888
member,61,1,9,0,1.337007,0.262631,0.295618,1.830782,1.520738,-0.118320,1.830782
member,33594,6,7,0,2.326704,0.097617,0.251302,2.020048,0.486127,-0.945606,2.020048
member,12909,7,3,0,2.080132,0.124914,0.230404,2.113970,0.428168,-0.612210,2.113970
member,27717,9,9,1,0.593295,0.552504,0.552504,1.101616,3.312215,0.458587,-1.101616
member,10827,9,1,0,1.514642,0.219887,0.347073,1.928411,1.365321,-0.456422,1.928411
member,26231,6,6,1,0.420756,0.656550,0.656550,1.270524,3.753259,1.997040,-1.270524
member,7779,5,5,1,2.003862,0.134814,0.134814,2.261701,0.401122,0.021022,-2.261701
member,40065,4,7,0,2.016163,0.133165,0.311919,1.914233,0.932554,-0.851151,1.914233
member,10202,0,1,0,6.983014,0.000928,0.385141,1.738647,-3.613040,-6.028867,1.738647
member,1808,7,7,1,1.702043,0.182311,0.182311,2.095923,0.971919,0.095036,-2.095923
member,37577,4,4,1,1.396990,0.247340,0.247340,1.757229,2.758374,0.275499,-1.757229
member,42763,8,9,0,1.234894,0.290865,0.325419,1.437675,3.171201,-0.112253,1.437675
member,22281,2,7,0,1.868513,0.154353,0.334954,1.823696,1.166490,-0.774750,1.823696
member,31942,6,0,0,3.981198,0.018663,0.232180,2.038632,-1.301214,-2.520955,2.038632
member,41614,9,9,1,1.145905,0.317936,0.317936,1.618880,2.241792,0.012853,-1.618880
member,10424,5,6,0,2.002337,0.135019,0.296223,1.958849,0.983532,-0.785695,1.958849
member,13614,8,8,1,0.628802,0.533230,0.533230,1.385518,2.898489,0.958862,-1.385518
member,27269,5,7,0,2.725300,0.065527,0.286681,1.933236,0.211348,-1.475913,1.933236
member,8420,3,6,0,2.104013,0.121966,0.342179,1.938205,0.914279,-1.031591,1.938205
member,33890,2,9,0,2.509425,0.081315,0.267939,2.141333,-0.011186,-1.192428,2.141333
member,32671,8,9,0,1.675456,0.187223,0.262999,2.005041,0.965063,-0.339853,2.005041
member,10632,5,9,0,2.983322,0.050624,0.334955,1.803126,0.425291,-1.889565,1.803126
member,30902,1,1,1,0.298926,0.741614,0.741614,0.853773,4.207362,1.479775,-0.853773
member,3489,9,9,1,1.378867,0.251864,0.251864,1.984336,1.498700,0.148677,-1.984336
member,45940,2,6,0,2.155389,0.115858,0.278726,1.838423,1.459190,-0.877862,1.838423
member,13958,8,0,0,2.582707,0.075569,0.371628,1.802291,0.361800,-1.592845,1.802291
member,12203,6,9,0,2.269880,0.103325,0.391835,1.756915,0.631208,-1.332965,1.756915
member,28964,3,6,0,1.822436,0.161631,0.287196,1.974881,1.024678,-0.574845,1.974881
member,25286,4,9,0,2.251245,0.105268,0.167220,2.222722,0.216967,-0.462798,2.222722
member,9186,7,3,0,1.671264,0.188009,0.192361,2.124416,0.793387,-0.022883,2.124416
member,17150,4,9,0,2.173171,0.113816,0.276260,2.028590,0.510911,-0.886760,2.028590
member,43189,5,0,0,7.290481,0.000682,0.749576,0.818500,-2.259702,-7.002234,0.818500
member,15650,6,9,0,2.139446,0.117720,0.181127,2.133502,0.398929,-0.430889,2.133502
member,6658,3,3,1,1.307611,0.270465,0.270465,1.847203,2.145421,0.027701,-1.847203
member,28374,6,6,1,1.214626,0.296821,0.296821,2.052736,1.482981,0.902359,-2.052736
member,23879,4,9,0,2.567897,0.076697,0.278015,1.941469,0.343273,-1.287818,1.941469
member,45458,3,7,0,1.682146,0.185974,0.270500,1.967723,1.100640,-0.374662,1.967723
member,35087,6,1,0,2.403554,0.090396,0.199400,2.211444,0.053958,-0.791113,2.211444
member,41987,4,6,0,2.194693,0.111393,0.358999,1.716754,1.620778,-1.170256,1.716754
member,32266,9,9,1,0.413834,0.661111,0.661111,1.022482,3.888749,1.088840,-1.022482
member,42973,9,8,0,2.565888,0.076851,0.550429,1.109415,2.372204,-1.968830,1.109415
member,1572,9,1,0,1.228463,0.292742,0.397928,1.403145,2.966713,-0.306979,1.403145
member,32569,6,1,0,1.765856,0.171040,0.215818,2.013178,1.138592,-0.232538,2.013178
member,35279,0,0,1,0.638618,0.528022,0.528022,1.526076,2.467181,0.945710,-1.526076
member,46451,2,6,0,2.414829,0.089383,0.463373,1.609659,1.321382,-1.645606,1.609659
member,16124,6,6,1,0.459277,0.631740,0.631740,1.367781,3.399523,2.162662,-1.367781
member,13431,2,0,0,4.185668,0.015212,0.734134,0.913296,0.026627,-3.876605,0.913296
member,6179,6,6,1,1.482162,0.227146,0.227146,2.026750,1.326044,0.184776,-2.026750
member,32679,1,1,1,0.388632,0.677983,0.677983,1.247549,3.135224,2.251454,-1.247549
member,939,4,6,0,1.619294,0.198038,0.285655,1.912312,1.433766,-0.366323,1.912312
member,29188,1,3,0,1.790939,0.166803,0.269968,1.882115,1.566506,-0.481488,1.882115
member,34755,5,3,0,2.283145,0.101963,0.125723,2.287285,0.061030,-0.209475,2.287285
member,49311,6,2,0,1.978036,0.138341,0.167587,2.188937,0.475521,-0.191783,2.188937
member,8825,1,8,0,2.512180,0.081091,0.353772,1.570105,0.774413,-1.473077,1.570105
member,31072,1,6,0,1.288233,0.275758,0.327499,1.790172,1.930402,-0.171963,1.790172
member,35210,8,9,0,2.436651,0.087453,0.274769,1.961013,0.334992,-1.144826,1.961013
member,15255,0,6,0,7.035876,0.000880,0.409540,1.720069,-3.493375,-6.143156,1.720069
member,42004,8,1,0,4.355721,0.012833,0.394427,1.497483,-0.645657,-3.425399,1.497483
member,22853,5,1,0,2.096840,0.122844,0.130416,2.258630,0.296291,-0.059814,2.258630
member,46718,1,9,0,1.384139,0.250539,0.471762,1.585863,1.662295,-0.632858,1.585863
member,3460,4,7,0,1.980232,0.138037,0.297828,1.951708,1.101971,-0.768992,1.951708
member,49939,7,7,1,1.307083,0.270608,0.270608,2.047940,1.326289,0.378178,-2.047940
member,6832,6,3,0,1.596488,0.202607,0.244435,1.925445,1.911873,-0.187683,1.925445
member,33010,9,8,0,1.148541,0.317099,0.507521,1.236437,2.832406,-0.470324,1.236437
member,11306,8,9,0,1.667409,0.188735,0.418183,1.717498,1.293956,-0.795574,1.717498
member,48619,6,6,1,1.541173,0.214130,0.214130,2.048967,1.272935,0.178393,-2.048967
member,36073,5,6,0,1.706277,0.181540,0.250643,1.991565,1.337451,-0.322551,1.991565
member,28455,7,9,0,2.274158,0.102884,0.333631,1.742710,0.738230,-1.176440,1.742710
member,27963,3,7,0,2.460314,0.085408,0.236917,2.044207,0.174746,-1.020269,2.044207
member,34854,5,9,0,3.082856,0.045828,0.250441,1.965340,-0.068634,-1.698325,1.965340
member,35412,6,1,0,1.480814,0.227452,0.240220,1.893802,2.038690,-0.054615,1.893802
member,27700,1,9,0,1.891862,0.150791,0.403425,1.745305,1.084442,-0.984096,1.745305
member,38261,1,6,0,2.351038,0.095270,0.296305,1.925587,0.978597,-1.134670,1.925587
member,41279,1,1,1,0.383133,0.681722,0.681722,1.149823,3.444001,1.670791,-1.149823
member,49225,1,9,0,2.598805,0.074362,0.706764,0.987667,1.843236,-2.251746,0.987667
member,3021,5,7,0,1.972686,0.139083,0.267048,1.890720,1.459590,-0.652360,1.890720
member,3220,3,3,1,1.256302,0.284705,0.284705,1.893554,2.034793,0.370958,-1.893554
member,17937,4,6,0,1.407082,0.244857,0.300621,1.791512,2.172528,-0.205177,1.791512
member,23712,5,7,0,2.026788,0.131758,0.383617,1.818180,1.149462,-1.068676,1.818180
member,150,3,9,0,2.338327,0.096489,0.149973,2.139500,0.320209,-0.441024,2.139500
member,12613,9,7,0,2.674700,0.068927,0.563595,1.552474,0.535462,-2.101281,1.552474
member,18554,6,7,0,2.437268,0.087399,0.198755,2.204898,0.045525,-0.821585,2.204898
member,35927,0,0,1,0.457394,0.632931,0.632931,1.242689,3.102107,1.247089,-1.242689
member,31350,7,5,0,1.648774,0.192285,0.195136,2.052970,1.023740,-0.014717,2.052970
member,46958,3,3,1,1.228160,0.292831,0.292831,1.930604,1.781769,0.464541,-1.930604
member,42916,1,1,1,0.643869,0.525256,0.525256,1.330758,3.064933,0.537932,-1.330758
member,4678,6,6,1,0.742052,0.476136,0.476136,1.555425,3.557121,1.171477,-1.555425
member,31150,3,6,0,2.046753,0.129154,0.248967,1.952432,1.431560,-0.656319,1.952432
member,48472,2,7,0,1.542636,0.213817,0.217811,1.997121,1.196272,-0.018508,1.997121
member,9731,4,9,0,3.263421,0.038257,0.333033,1.887141,-0.469359,-2.163907,1.887141
member,36352,7,7,1,1.174767,0.308891,0.308891,2.014116,1.426395,0.501277,-2.014116
member,42834,1,1,1,0.902690,0.405477,0.405477,1.882703,1.903194,0.934595,-1.882703
member,26348,9,9,1,1.565594,0.208964,0.208964,2.071045,1.190028,0.100175,-2.071045
member,29573,6,1,0,1.559581,0.210224,0.241118,1.915663,1.460944,-0.137112,1.915663
member,45329,1,9,0,1.394366,0.247990,0.511816,1.515754,1.809835,-0.724575,1.515754
member,3929,9,9,1,0.927391,0.395584,0.395584,1.438590,2.462068,0.018735,-1.438590
member,18455,4,7,0,2.361619,0.094267,0.291763,2.015652,0.254938,-1.129805,2.015652
member,19451,6,1,0,2.082172,0.124659,0.374462,1.897639,0.942418,-1.099908,1.897639
member,3298,9,9,1,0.593245,0.552531,0.552531,1.279302,2.999496,0.667387,-1.279302
member,40426,7,3,0,1.839612,0.158879,0.232791,1.894532,1.273302,-0.381996,1.894532
member,43438,3,6,0,2.155948,0.115793,0.205192,1.961216,0.714119,-0.572137,1.961216
member,1489,7,6,0,2.842137,0.058301,0.584321,1.421986,1.487453,-2.304833,1.421986
member,34590,3,9,0,3.714254,0.024374,0.572784,1.418213,-0.316787,-3.157007,1.418213
member,28459,9,8,0,1.233569,0.291251,0.463191,1.291014,3.229152,-0.463953,1.291014
member,31611,5,2,0,3.443782,0.031944,0.237509,2.031849,-0.684168,-2.006231,2.031849
member,46538,8,8,1,0.385969,0.679791,0.679791,1.018917,4.370640,1.633111,-1.018917
member,21750,2,1,0,3.271564,0.037947,0.387688,1.561555,-0.002188,-2.324010,1.561555
member,10881,9,9,1,1.485656,0.226354,0.226354,2.016620,1.316953,0.039353,-2.016620
member,14673,5,5,1,1.390124,0.249044,0.249044,2.002215,1.348203,0.241381,-2.002215
member,8478,0,0,1,0.818765,0.440976,0.440976,1.811060,2.013599,1.393955,-1.811060
member,27545,1,9,0,1.428566,0.239652,0.514133,1.446669,1.989856,-0.763293,1.446669
member,33254,7,7,1,0.478987,0.619410,0.619410,1.430448,2.654554,2.209709,-1.430448
member,32423,3,7,0,1.729118,0.177441,0.239494,2.022238,1.034272,-0.299890,2.022238
member,36418,3,7,0,1.652613,0.191549,0.299605,1.746598,1.751147,-0.447322,1.746598
member,31165,0,0,1,0.274947,0.759613,0.759613,0.878825,3.839515,1.647299,-0.878825
member,37800,7,7,1,0.812468,0.443761,0.443761,1.585925,3.213436,0.993717,-1.585925
member,20532,0,1,0,2.559852,0.077316,0.373962,1.682205,0.499659,-1.576251,1.682205
member,33936,7,1,0,2.365057,0.093944,0.185576,2.254096,0.028841,-0.680766,2.254096
member,22468,4,7,0,2.205286,0.110219,0.459327,1.740675,1.172027,-1.427292,1.740675
member,20916,0,9,0,3.768730,0.023081,0.299869,2.037343,-1.094341,-2.564322,2.037343
member,46457,2,6,0,3.075485,0.046167,0.566450,1.416411,0.944973,-2.507120,1.416411
member,47693,0,1,0,4.822440,0.008047,0.350784,1.872916,-1.889179,-3.774856,1.872916
member,283,2,6,0,2.080910,0.124817,0.185768,2.101759,0.749225,-0.397652,2.101759
member,9410,8,8,1,0.637334,0.528700,0.528700,1.200576,3.638972,0.569679,-1.200576
member,5070,1,9,0,1.836567,0.159364,0.377121,1.890055,1.066740,-0.861378,1.890055
member,45662,2,3,0,2.192231,0.111667,0.166378,2.238942,0.195426,-0.398739,2.238942
member,40845,9,1,0,2.546107,0.078386,0.307175,1.960639,0.626692,-1.365771,1.960639
member,23542,6,3,0,1.563958,0.209306,0.294674,1.774969,2.267365,-0.342072,1.774969
member,3633,9,8,0,1.277916,0.278617,0.324331,1.486943,2.706617,-0.151924,1.486943
member,30494,6,6,1,0.724283,0.484672,0.484672,1.666748,2.951641,1.269137,-1.666748
member,35042,0,0,1,0.169356,0.844208,0.844208,0.727286,3.968386,2.767077,-0.727286
member,28958,1,6,0,3.831754,0.021672,0.316354,1.816909,-0.221801,-2.680862,1.816909
member,46491,2,1,0,3.529412,0.029322,0.487048,1.380564,0.226123,-2.810019,1.380564
member,9501,9,8,0,1.918532,0.146822,0.652158,1.080168,2.568084,-1.491064,1.080168
member,8642,7,8,0,5.500494,0.004085,0.342099,1.451252,-1.381041,-4.427840,1.451252
member,37786,8,8,1,0.279946,0.755824,0.755824,0.819401,4.799071,1.634288,-0.819401
member,34861,6,6,1,1.260993,0.283372,0.283372,2.019998,1.557460,0.634302,-2.019998
member,12088,5,7,0,2.617243,0.073004,0.384838,1.888768,0.323194,-1.662310,1.888768
member,33903,3,3,1,1.474583,0.228874,0.228874,2.008189,1.358492,0.073794,-2.008189
member,9011,2,0,0,2.818402,0.059701,0.368170,1.937875,-0.117178,-1.819192,1.937875
member,16382,9,3,0,2.549650,0.078109,0.325163,1.795137,1.065894,-1.426221,1.795137
member,4036,8,8,1,0.079174,0.923879,0.923879,0.349559,7.611048,3.240308,-0.349559
member,6804,6,6,1,1.271850,0.280313,0.280313,2.049945,1.450545,0.548317,-2.049945
member,46392,8,0,0,1.313175,0.268965,0.541981,1.232380,2.839033,-0.700651,1.232380
member,4609,1,9,0,1.963872,0.140314,0.424536,1.857607,0.951543,-1.107115,1.857607
member,48876,4,6,0,1.617260,0.198442,0.203629,1.991733,1.273807,-0.025805,1.991733
member,31257,6,6,1,1.303982,0.271449,0.271449,1.936858,2.623410,0.379950,-1.936858
member,586,2,1,0,2.370608,0.093424,0.312210,1.966903,0.781463,-1.206530,1.966903
member,34495,2,0,0,2.086682,0.124098,0.371012,1.954707,0.598416,-1.095161,1.954707
member,31732,8,1,0,3.793108,0.022525,0.642112,1.227032,-0.179006,-3.350115,1.227032
member,3789,0,0,1,0.238108,0.788117,0.788117,0.549494,8.664261,1.344109,-0.549494
member,47185,7,9,0,1.593211,0.203272,0.321269,1.988961,1.118359,-0.457734,1.988961
member,1697,9,9,1,0.869751,0.419056,0.419056,1.321988,4.523044,0.540043,-1.321988
member,42440,7,1,0,2.774212,0.062399,0.321095,1.945896,0.330315,-1.638195,1.945896
member,33728,0,0,1,0.744854,0.474804,0.474804,1.165224,3.317288,0.162371,-1.165224
member,48480,2,6,0,2.087882,0.123949,0.330144,1.923187,0.945146,-0.979656,1.923187
member,30689,5,1,0,2.270369,0.103274,0.226683,1.961650,0.735882,-0.786168,1.961650
member,36691,7,0,0,1.594189,0.203073,0.339113,1.942924,1.111062,-0.512766,1.942924
member,49990,4,9,0,2.989479,0.050314,0.267128,2.089951,-0.393264,-1.669453,2.089951
member,22132,8,8,1,0.614584,0.540866,0.540866,1.291426,3.498759,1.107118,-1.291426
member,7598,7,6,0,1.702926,0.182150,0.241751,1.838000,1.983486,-0.283081,1.838000
member,38399,2,0,0,2.232357,0.107275,0.182233,2.178398,0.232570,-0.529890,2.178398
member,36521,9,9,1,1.392100,0.248553,0.248553,1.837226,1.514729,0.004959,-1.837226
member,45535,1,1,1,0.988098,0.372284,0.372284,1.735297,2.110916,0.316494,-1.735297
member,12010,0,9,0,3.964646,0.018975,0.398201,1.599145,-0.773031,-3.043847,1.599145
member,11010,8,0,0,1.532735,0.215944,0.323755,1.875746,1.323543,-0.404966,1.875746
member,27887,8,1,0,2.434621,0.087631,0.390594,1.645406,0.860811,-1.494535,1.645406
member,16164,3,3,1,1.029015,0.357359,0.357359,1.830695,2.118383,0.708714,-1.830695
member,17549,7,5,0,1.999679,0.135379,0.221664,1.949126,1.065567,-0.493086,1.949126
member,16409,6,1,0,2.280005,0.102284,0.230214,2.066414,0.563844,-0.811261,2.066414
member,15731,2,6,0,2.942341,0.052742,0.287042,1.990934,0.047179,-1.694216,1.990934
member,41673,3,1,0,1.985240,0.137348,0.343755,1.868230,1.181552,-0.917413,1.868230
member,5990,2,3,0,2.342935,0.096045,0.189778,2.120571,0.050760,-0.681036,2.120571
member,43890,5,7,0,1.594047,0.203102,0.258775,1.784929,1.942376,-0.242249,1.784929
member,35691,1,6,0,2.468813,0.084685,0.469306,1.706323,1.252950,-1.712313,1.706323
member,25940,6,4,0,1.900156,0.149545,0.262657,1.747375,2.172111,-0.563251,1.747375
member,18849,0,9,0,2.396557,0.091031,0.282694,2.023101,0.254508,-1.133168,2.023101
member,6974,8,0,0,1.210587,0.298022,0.323003,1.720459,1.857635,-0.080493,1.720459
member,17319,1,9,0,1.880454,0.152521,0.498265,1.550089,1.578611,-1.183831,1.550089
member,10089,2,1,0,2.307761,0.099484,0.232273,2.107700,0.250230,-0.847921,2.107700
member,43034,3,7,0,1.567912,0.208480,0.233063,2.034556,1.311573,-0.111465,2.034556
member,8238,7,7,1,0.918778,0.399006,0.399006,1.787008,1.986048,0.504981,-1.787008
member,36342,7,9,0,2.246408,0.105779,0.368515,1.842244,0.806818,-1.248133,1.842244
member,3504,6,6,1,0.820879,0.440045,0.440045,1.708997,2.991886,1.078279,-1.708997
member,36285,6,4,0,1.658730,0.190381,0.213258,1.945567,1.324744,-0.113477,1.945567
member,44129,8,0,0,1.246922,0.287388,0.690559,0.730193,4.382390,-0.876669,0.730193
member,8961,8,7,0,4.731845,0.008810,0.240560,2.026470,-2.040537,-3.307057,2.026470
member,5329,3,6,0,2.205172,0.110232,0.197735,2.169686,0.360563,-0.584342,2.169686
member,43091,7,9,0,3.522697,0.029520,0.788687,0.843251,0.515994,-3.285312,0.843251
member,44454,0,9,0,2.076519,0.125366,0.319325,1.678162,1.205590,-0.934973,1.678162
member,27392,5,7,0,2.044771,0.129410,0.292636,1.938691,0.821896,-0.815945,1.938691
member,40295,7,6,0,2.031561,0.131131,0.187934,2.061022,0.834193,-0.359896,2.061022
member,6660,2,7,0,2.069335,0.126270,0.397263,1.854221,0.798393,-1.146179,1.854221
member,22761,3,9,0,2.385675,0.092027,0.248377,2.186769,0.100640,-0.992867,2.186769
member,21430,7,7,1,0.716119,0.488645,0.488645,1.715015,2.249765,1.521365,-1.715015
member,9284,5,7,0,2.131985,0.118602,0.349529,1.821753,1.269725,-1.080817,1.821753
member,7289,1,9,0,1.160057,0.313468,0.549558,1.115820,3.240625,-0.561415,1.115820
member,45319,3,3,1,1.336836,0.262675,0.262675,1.984184,1.611912,0.215786,-1.984184
member,36250,9,9,1,1.330978,0.264219,0.264219,2.030619,1.299806,0.508865,-2.030619
member,3189,4,6,0,1.713387,0.180254,0.375576,1.715351,2.341556,-0.734093,1.715351
member,37042,8,8,1,0.440735,0.643563,0.643563,0.986528,4.295672,0.977115,-0.986528
member,46572,7,9,0,2.208811,0.109831,0.198932,2.102543,0.603192,-0.594020,2.102543
member,47823,3,6,0,1.689771,0.184562,0.201849,2.020982,1.247430,-0.089535,2.020982
member,29949,8,0,0,0.933323,0.393245,0.428884,1.230865,3.490973,-0.086756,1.230865
member,5260,3,3,1,1.633613,0.195223,0.195223,2.060743,1.179891,0.040879,-2.060743
member,16157,3,5,0,2.222216,0.108369,0.212156,2.061841,0.514744,-0.671782,2.061841
member,44711,8,8,1,0.817192,0.441670,0.441670,1.520299,2.689330,0.675899,-1.520299
member,16115,0,9,0,3.175496,0.041773,0.563849,1.254194,0.730380,-2.602528,1.254194
member,22022,8,8,1,0.312577,0.731560,0.731560,0.885712,4.641814,1.573595,-0.885712
member,2265,8,0,0,4.080561,0.016898,0.516454,1.555763,-0.737578,-3.419791,1.555763
member,47343,9,9,1,0.990910,0.371239,0.371239,1.244050,3.702550,0.134006,-1.244050
member,35302,8,0,0,1.914585,0.147403,0.796156,0.727990,2.722397,-1.686625,0.727990
member,32434,6,4,0,1.647499,0.192531,0.195928,1.925493,1.939698,-0.017493,1.925493
member,6752,7,7,1,1.161031,0.313163,0.313163,2.025512,1.409256,0.575792,-2.025512
member,10801,2,6,0,1.944624,0.143041,0.269751,1.937414,1.631181,-0.634370,1.937414
member,31586,0,8,0,1.684383,0.185559,0.571511,1.312498,2.062860,-1.124911,1.312498
member,13933,4,8,0,7.576355,0.000512,0.539830,1.198157,-2.541017,-6.959854,1.198157
member,29141,6,9,0,1.939985,0.143706,0.366039,1.610172,1.407500,-0.934971,1.610172
member,8781,3,6,0,1.768345,0.170615,0.275556,1.962711,1.362173,-0.479380,1.962711
member,15211,6,6,1,0.854122,0.425657,0.425657,1.717053,2.667816,1.159608,-1.717053
member,25850,6,6,1,1.371422,0.253746,0.253746,1.988012,1.592862,0.224666,-1.988012
member,24835,2,6,0,1.999676,0.135379,0.197426,2.106084,0.603992,-0.377286,2.106084
member,38857,8,8,1,0.557026,0.572910,0.572910,1.125389,3.600855,0.638646,-1.125389
member,11265,8,9,0,1.097764,0.333616,0.343856,1.348415,2.924040,-0.030232,1.348415
member,29658,2,6,0,2.175749,0.113523,0.190834,2.099442,0.567279,-0.519395,2.099442
member,30481,6,6,1,0.865959,0.420648,0.420648,1.720207,2.746614,0.949219,-1.720207
member,34392,7,9,0,2.017224,0.133024,0.151676,2.226833,0.376338,-0.131216,2.226833
member,34176,1,0,0,2.090146,0.123669,0.456435,1.716237,0.881760,-1.305837,1.716237
member,35244,8,8,1,1.067992,0.343698,0.343698,1.665396,2.066519,0.119046,-1.665396
member,6199,3,3,1,1.183991,0.306055,0.306055,1.911611,2.333613,0.677268,-1.911611
member,18508,0,1,0,6.672478,0.001265,0.485062,1.654182,-3.213009,-5.948999,1.654182
member,6887,9,9,1,1.012421,0.363338,0.363338,1.639146,2.132007,0.033713,-1.639146
member,28985,8,8,1,0.567095,0.567171,0.567171,1.205604,3.652199,0.832223,-1.205604
member,19101,3,3,1,1.078902,0.339968,0.339968,1.828374,2.025997,0.381940,-1.828374
member,31456,8,0,0,1.512061,0.220455,0.732254,0.773011,3.529807,-1.200434,0.773011
member,15121,2,4,0,1.866113,0.154724,0.221243,1.931805,1.139268,-0.357619,1.931805
member,12141,2,1,0,3.486765,0.030600,0.565584,1.425141,0.505435,-2.916869,1.425141
member,21549,3,1,0,1.709211,0.181009,0.279166,1.900151,1.635831,-0.433262,1.900151
member,13069,0,8,0,1.573124,0.207396,0.414786,1.620181,1.730728,-0.693131,1.620181
member,24994,2,3,0,2.319792,0.098294,0.211022,2.118606,0.344106,-0.763997,2.118606
member,36638,6,6,1,0.338968,0.712505,0.712505,1.136745,3.935995,2.393888,-1.136745
member,42270,8,9,0,1.223893,0.294083,0.351801,1.330605,3.535903,-0.179203,1.330605
member,48931,3,7,0,1.574568,0.207097,0.222953,2.035679,1.135352,-0.073771,2.035679
member,45737,0,0,1,0.234578,0.790904,0.790904,0.841870,4.000571,2.107792,-0.841870
member,23141,9,9,1,0.573569,0.563511,0.563511,1.192737,3.311781,0.672821,-1.192737
member,9267,1,9,0,1.424920,0.240528,0.410484,1.715886,1.525370,-0.534501,1.715886
member,17299,4,7,0,2.502653,0.081867,0.212045,2.030057,0.249791,-0.951695,2.030057
member,42535,4,7,0,1.818049,0.162342,0.186564,2.090091,0.847229,-0.139070,2.090091
member,43655,1,8,0,3.160469,0.042406,0.845783,0.594820,3.703508,-2.992976,0.594820
member,19386,0,2,0,2.414145,0.089444,0.136259,2.278344,-0.037571,-0.420943,2.278344
member,24181,7,9,0,3.086756,0.045650,0.252489,2.006092,-0.403944,-1.710370,2.006092
member,21110,9,9,1,0.452318,0.636152,0.636152,1.223268,3.165960,1.196330,-1.223268
member,28191,4,6,0,1.908737,0.148267,0.201413,2.006154,1.051622,-0.306342,2.006154
member,42740,3,3,1,1.641372,0.193714,0.193714,2.040228,1.097738,0.062373,-2.040228
member,30224,2,1,0,2.919719,0.053949,0.328706,1.775647,0.052293,-1.807128,1.775647
member,23271,9,6,0,2.127035,0.119190,0.246335,1.943851,0.981947,-0.725974,1.943851
member,2582,1,8,0,1.470744,0.229755,0.352820,1.419603,2.351373,-0.428947,1.419603
member,12903,1,6,0,3.730882,0.023972,0.661915,1.237419,0.780738,-3.318264,1.237419
member,23861,9,1,0,1.700631,0.182568,0.271999,1.906656,1.492192,-0.398673,1.906656
member,31943,6,1,0,2.219533,0.108660,0.340750,1.785764,0.771672,-1.142927,1.785764
member,48327,0,0,1,0.096958,0.907595,0.907595,0.423162,5.025060,2.689731,-0.423162
member,11863,8,0,0,1.476351,0.228470,0.234980,2.020324,1.128350,-0.028095,2.020324
member,35910,1,0,0,2.805140,0.060498,0.655766,1.264847,0.707310,-2.383188,1.264847
member,25264,1,1,1,0.943238,0.389365,0.389365,1.772562,1.964059,0.587513,-1.772562
member,41826,3,1,0,2.431288,0.087924,0.406973,1.620362,1.067923,-1.532280,1.620362
member,6921,2,6,0,2.197401,0.111091,0.270840,1.848105,1.268108,-0.891174,1.848105
member,42059,4,6,0,1.728920,0.177476,0.286207,1.939050,1.221404,-0.477879,1.939050
member,26545,5,9,0,2.597165,0.074484,0.237046,1.897950,0.557308,-1.157663,1.897950
member,38594,2,6,0,2.281300,0.102151,0.280184,1.996774,0.562870,-1.008993,1.996774
member,25082,0,1,0,4.441491,0.011778,0.498033,1.622674,-1.316187,-3.744403,1.622674
member,42710,1,9,0,1.945476,0.142919,0.306932,1.796094,1.361513,-0.764345,1.796094
member,30405,2,6,0,2.769850,0.062671,0.307444,1.952120,0.181745,-1.590387,1.952120
member,21095,0,9,0,4.124830,0.016166,0.438691,1.407942,-0.535256,-3.300869,1.407942
member,39723,0,0,1,0.272684,0.761333,0.761333,1.035051,3.333432,2.758976,-1.035051
member,21640,3,6,0,2.003686,0.134837,0.198417,2.176159,0.561496,-0.386299,2.176159
member,7112,8,8,1,0.325632,0.722071,0.722071,0.798859,5.422117,1.208803,-0.798859
member,43711,1,3,0,2.384518,0.092133,0.291475,1.841924,1.324623,-1.151716,1.841924
member,36676,3,7,0,1.379689,0.251657,0.276476,1.772280,1.886194,-0.094059,1.772280
member,46805,3,9,0,1.658380,0.190447,0.237340,2.054839,1.074492,-0.220117,2.054839
member,37628,0,0,1,0.373605,0.688249,0.688249,1.085579,3.412847,1.390024,-1.085579
member,31994,5,7,0,1.888878,0.151241,0.198047,1.959080,1.093355,-0.269627,1.959080
member,35831,6,6,1,0.450484,0.637319,0.637319,1.343830,3.618507,2.002209,-1.343830
member,27983,9,8,0,1.478899,0.227888,0.463180,1.478758,2.016566,-0.709260,1.478758
member,27368,2,7,0,2.571407,0.076428,0.322016,1.789168,0.907592,-1.438253,1.789168
member,39706,5,1,0,2.807914,0.060331,0.311252,2.019888,-0.019483,-1.640761,2.019888
member,8971,0,0,1,0.216386,0.805425,0.805425,0.803001,4.022307,2.230044,-0.803001
member,48550,8,1,0,3.443529,0.031952,0.488885,1.321223,0.350734,-2.727902,1.321223
member,30710,0,0,1,0.459908,0.631342,0.631342,0.930781,4.613032,0.766508,-0.930781
member,27310,8,0,0,1.386406,0.249972,0.711914,0.774544,3.671526,-1.046607,0.774544
member,36697,9,9,1,0.172316,0.841713,0.841713,0.641742,4.419753,2.126425,-0.641742
member,18736,6,7,0,1.832374,0.160033,0.194488,2.122528,0.760217,-0.194991,2.122528
member,1534,3,7,0,2.303054,0.099953,0.156423,2.105634,0.411808,-0.447861,2.105634
member,24296,9,9,1,0.520050,0.594491,0.594491,1.363024,2.850003,1.335490,-1.363024
member,14712,0,6,0,5.877125,0.002803,0.298911,1.986159,-3.045654,-4.669516,1.986159
member,35688,1,1,1,0.509480,0.600808,0.600808,1.144130,3.503696,0.909755,-1.144130
member,18769,3,7,0,2.192031,0.111690,0.239945,1.971846,0.755376,-0.764686,1.971846
member,29762,8,0,0,0.758300,0.468462,0.494096,0.868127,5.017826,-0.053274,0.868127
member,40160,3,7,0,1.683435,0.185735,0.210909,2.106787,0.889350,-0.127107,2.106787
member,33904,7,6,0,2.145876,0.116965,0.314356,1.946857,1.111192,-0.988648,1.946857
member,8546,7,7,1,1.527843,0.217003,0.217003,2.102780,1.167792,0.405828,-2.102780
member,43971,3,2,0,1.899823,0.149595,0.231659,2.028679,1.074867,-0.437332,2.028679
member,19326,7,7,1,1.481251,0.227353,0.227353,2.034124,1.352807,0.297139,-2.034124
member,32466,9,1,0,1.425066,0.240493,0.249355,1.959237,1.291405,-0.036190,1.959237
member,19495,6,3,0,1.294395,0.274063,0.341137,1.678812,2.687847,-0.218925,1.678812
member,37023,8,1,0,2.899691,0.055040,0.502008,1.664750,0.140236,-2.210552,1.664750
member,1139,2,0,0,2.351992,0.095179,0.300984,2.008491,0.276703,-1.151295,2.008491
member,37414,3,0,0,3.079818,0.045968,0.288036,2.008666,-0.280007,-1.835148,2.008666
member,34473,8,0,0,2.536177,0.079169,0.495699,1.333364,1.767793,-1.834390,1.333364
member,22675,1,9,0,2.076075,0.125422,0.755355,0.936447,1.887251,-1.795508,0.936447
member,12505,4,4,1,1.874664,0.153406,0.153406,2.157158,0.654506,0.015654,-2.157158
member,45056,9,9,1,0.569813,0.565631,0.565631,1.194385,3.254446,0.676765,-1.194385
member,3618,0,9,0,3.791965,0.022551,0.437009,1.504124,-0.424704,-2.964163,1.504124
member,39606,0,0,1,0.973594,0.377723,0.377723,1.826081,1.828680,0.465662,-1.826081
member,34857,6,6,1,0.617785,0.539137,0.539137,1.500182,3.520855,1.352303,-1.500182
member,49110,6,6,1,0.784379,0.456403,0.456403,1.689377,2.694905,1.195247,-1.689377
member,7324,1,9,0,1.630984,0.195737,0.361250,1.524588,2.207116,-0.612798,1.524588
member,962,1,9,0,1.159808,0.313546,0.338838,1.474572,2.476558,-0.077575,1.474572
member,35313,3,9,0,2.554948,0.077696,0.436453,1.614875,0.646804,-1.725874,1.614875
member,30515,8,0,0,1.177003,0.308201,0.350482,1.684274,1.911499,-0.128556,1.684274
member,25548,9,9,1,0.673273,0.510036,0.510036,1.616361,2.450542,1.241126,-1.616361
member,10835,5,7,0,1.828444,0.160663,0.226517,1.889967,1.719455,-0.343507,1.889967
member,1975,9,9,1,0.328766,0.719811,0.719811,0.823455,4.920816,1.278379,-0.823455
member,14765,9,1,0,1.395603,0.247684,0.559727,1.359707,2.216563,-0.815297,1.359707
member,48448,6,9,0,3.734175,0.023893,0.400454,1.624006,-0.611997,-2.819018,1.624006
member,37970,6,1,0,2.396347,0.091050,0.415346,1.450463,1.057424,-1.517703,1.450463
member,39241,0,0,1,0.158875,0.853103,0.853103,0.512985,5.631582,1.929569,-0.512985
member,40229,9,0,0,2.003268,0.134894,0.301501,1.917911,0.892595,-0.804284,1.917911
nonmember,3277,0,3,0,2.631377,0.071979,0.207297,2.139055,-0.109380,-1.057772,2.139055
nonmember,31411,2,0,0,2.060570,0.127381,0.165674,2.204332,0.356071,-0.262836,2.204332
nonmember,29512,1,1,1,0.475618,0.621501,0.621501,1.254004,3.147578,1.178787,-1.254004
nonmember,14889,6,6,1,1.347910,0.259783,0.259783,2.063504,1.373057,0.589311,-2.063504
nonmember,31593,0,0,1,0.297599,0.742599,0.742599,1.015217,3.424559,1.879862,-1.015217
nonmember,10676,6,6,1,1.444748,0.235805,0.235805,2.007052,1.821840,0.485126,-2.007052
nonmember,12671,3,7,0,2.135322,0.118207,0.271908,2.063739,0.467131,-0.833032,2.063739
nonmember,32138,8,8,1,0.662073,0.515781,0.515781,1.161211,4.390524,0.508044,-1.161211
nonmember,33655,8,7,0,6.031307,0.002402,0.294299,1.787925,-2.864603,-4.808148,1.787925
nonmember,31654,0,0,1,0.213597,0.807674,0.807674,0.599813,6.448657,1.604712,-0.599813
nonmember,19253,8,8,1,0.903968,0.404960,0.404960,1.535019,2.257446,0.127321,-1.535019
nonmember,14362,4,0,0,3.918194,0.019877,0.490653,1.583038,-0.675187,-3.206175,1.583038
nonmember,12184,5,3,0,1.553488,0.211509,0.221657,1.931590,1.441965,-0.046865,1.931590
nonmember,32091,0,0,1,0.214722,0.806766,0.806766,0.800234,3.956848,2.177148,-0.800234
nonmember,29406,7,4,0,1.547886,0.212697,0.254667,1.737407,2.124681,-0.180089,1.737407
nonmember,17012,8,0,0,1.340970,0.261592,0.497273,1.467051,1.946738,-0.642353,1.467051
nonmember,46050,6,6,1,0.838873,0.432197,0.432197,1.807919,2.290300,1.309485,-1.807919
nonmember,15394,1,6,0,1.128477,0.323525,0.334163,1.571350,2.502487,-0.032350,1.571350
nonmember,304,1,1,1,0.463746,0.628923,0.628923,1.339920,2.988912,1.462279,-1.339920
nonmember,10883,3,8,0,3.756712,0.023360,0.311455,1.832021,-0.857175,-2.590211,1.832021
nonmember,25250,4,7,0,1.791488,0.166712,0.246350,1.904837,1.341368,-0.390488,1.904837
nonmember,22756,9,9,1,1.063658,0.345191,0.345191,1.978393,1.583272,0.622615,-1.978393
nonmember,152,7,9,0,2.237937,0.106678,0.367392,1.974961,0.529878,-1.236613,1.974961
nonmember,5862,2,7,0,1.773738,0.169697,0.305607,1.860344,1.206468,-0.588282,1.860344
nonmember,32856,6,1,0,2.110008,0.121237,0.457897,1.626829,1.319619,-1.328896,1.626829
nonmember,3445,4,6,0,1.865347,0.154842,0.326537,1.877778,1.256317,-0.746135,1.877778
nonmember,18673,3,7,0,1.819811,0.162056,0.213985,1.809099,2.421328,-0.277962,1.809099
nonmember,16420,0,5,0,3.122246,0.044058,0.172491,2.234873,-0.568549,-1.364833,2.234873
nonmember,43749,3,3,1,1.345423,0.260430,0.260430,2.061167,1.196229,0.563503,-2.061167
nonmember,1418,9,9,1,1.041059,0.353080,0.353080,1.892504,1.755127,0.525464,-1.892504
nonmember,4702,5,0,0,3.044184,0.047635,0.260554,2.072250,-0.445895,-1.699240,2.072250
nonmember,15483,0,0,1,0.358759,0.698543,0.698543,1.196708,3.080304,2.189181,-1.196708
nonmember,45564,0,0,1,0.115812,0.890642,0.890642,0.559595,4.252509,3.619443,-0.559595
nonmember,5561,5,6,0,2.043432,0.129583,0.255617,2.086584,0.650102,-0.679357,2.086584
nonmember,31564,6,6,1,0.766733,0.464528,0.464528,1.725958,2.567372,1.435116,-1.725958
nonmember,7374,1,8,0,3.003152,0.049630,0.802498,0.796402,1.247618,-2.783126,0.796402
nonmember,21023,0,7,0,2.424884,0.088488,0.156922,2.235951,-0.026807,-0.572878,2.235951
nonmember,22201,7,7,1,0.975282,0.377086,0.377086,1.958359,1.591713,0.985617,-1.958359
nonmember,30610,6,3,0,2.953336,0.052165,0.272070,1.671232,1.294492,-1.651642,1.671232
nonmember,27653,5,6,0,2.208135,0.109905,0.279253,1.936536,0.879149,-0.932498,1.936536
nonmember,22639,2,6,0,3.450932,0.031716,0.425775,1.741422,0.092969,-2.597088,1.741422
nonmember,17802,1,1,1,0.802125,0.448375,0.448375,1.658636,2.262071,0.554994,-1.658636
nonmember,13729,8,0,0,1.538168,0.214774,0.609165,1.211280,2.366363,-1.042502,1.211280
nonmember,39059,0,0,1,0.172175,0.841831,0.841831,0.559419,5.350461,1.895008,-0.559419
nonmember,40751,1,3,0,1.823992,0.161380,0.307281,1.932085,0.998676,-0.643999,1.932085
nonmember,20412,4,2,0,2.357099,0.094695,0.230276,1.961657,0.415456,-0.888621,1.961657
nonmember,35197,9,9,1,0.662831,0.515390,0.515390,1.513544,2.558316,0.845650,-1.513544
nonmember,30272,0,0,1,0.493040,0.610767,0.610767,1.159973,3.416862,0.921405,-1.159973
nonmember,7815,5,7,0,1.806709,0.164194,0.257941,1.989700,0.993654,-0.451682,1.989700
nonmember,41110,1,0,0,2.312906,0.098973,0.468427,1.654516,0.748903,-1.554531,1.654516
nonmember,28081,1,6,0,3.516074,0.029716,0.322872,1.826359,0.441317,-2.385576,1.826359
nonmember,10630,1,9,0,1.355670,0.257775,0.373364,1.587767,2.072210,-0.370469,1.587767
nonmember,27918,5,0,0,2.627268,0.072276,0.329234,2.002572,-0.068813,-1.516281,2.002572
nonmember,10417,2,6,0,2.378043,0.092732,0.266167,1.892539,0.943040,-1.054412,1.892539
nonmember,42728,5,1,0,2.927945,0.053507,0.192964,2.052981,-0.180199,-1.282692,2.052981
nonmember,8256,6,7,0,3.470531,0.031101,0.335856,1.871296,-0.644224,-2.379458,1.871296
nonmember,44677,3,3,1,1.270056,0.280816,0.280816,1.807083,1.925076,0.178964,-1.807083
nonmember,8694,7,6,0,2.743025,0.064375,0.249073,1.862438,0.680268,-1.353017,1.862438
nonmember,6851,1,6,0,2.035615,0.130600,0.313881,1.700549,1.687232,-0.876875,1.700549
nonmember,4726,0,0,1,0.517300,0.596128,0.596128,1.435079,2.715420,1.782037,-1.435079
nonmember,3257,1,1,1,0.788391,0.454576,0.454576,1.696626,2.196486,1.099798,-1.696626
nonmember,45476,7,7,1,0.469906,0.625061,0.625061,1.359792,3.139064,1.868268,-1.359792
nonmember,24985,9,9,1,0.780758,0.458058,0.458058,1.273409,3.836680,0.545947,-1.273409
nonmember,46198,3,9,0,2.638915,0.071439,0.239923,2.082035,0.116809,-1.211479,2.082035
nonmember,14443,6,6,1,0.783716,0.456706,0.456706,1.680158,3.323219,1.056124,-1.680158
nonmember,46266,7,7,1,1.044578,0.351840,0.351840,1.764553,2.494062,0.725648,-1.764553
nonmember,37024,1,1,1,0.425418,0.653497,0.653497,1.269280,3.423102,1.948500,-1.269280
nonmember,31723,7,6,0,2.284422,0.101833,0.510015,1.484687,1.813718,-1.611107,1.484687
nonmember,4832,8,9,0,1.335347,0.263067,0.496770,1.294555,2.641161,-0.635720,1.294555
nonmember,9317,1,9,0,1.384967,0.250332,0.253043,1.959460,1.453651,-0.010772,1.959460
nonmember,6133,2,4,0,2.214812,0.109174,0.194749,1.879362,1.027151,-0.578769,1.879362
nonmember,28815,7,7,1,1.155683,0.314843,0.314843,2.023774,1.415926,0.766308,-2.023774
nonmember,4500,1,0,0,2.715568,0.066167,0.446190,1.445605,0.717938,-1.908558,1.445605
nonmember,11500,2,1,0,3.457674,0.031503,0.325923,1.892713,-0.646577,-2.336579,1.892713
nonmember,2942,8,8,1,1.277881,0.278627,0.278627,1.905678,1.465234,0.237121,-1.905678
nonmember,12591,4,6,0,1.852891,0.156783,0.508451,1.508722,2.624940,-1.176504,1.508722
nonmember,29551,9,9,1,0.808803,0.445391,0.445391,1.324208,3.009277,0.398196,-1.324208
nonmember,6872,3,6,0,2.183149,0.112686,0.172380,2.103586,0.440186,-0.425097,2.103586
nonmember,7397,2,7,0,1.851102,0.157064,0.245023,1.989954,1.166587,-0.444700,1.989954
nonmember,26769,9,9,1,0.608867,0.543967,0.543967,1.560388,2.596255,1.473410,-1.560388
nonmember,44436,1,0,0,2.182206,0.112792,0.359624,1.748578,0.861209,-1.159509,1.748578
nonmember,39101,3,3,1,1.536542,0.215124,0.215124,2.029775,1.203267,0.238175,-2.029775
nonmember,41671,6,9,0,3.655862,0.025839,0.495421,1.687985,-0.667032,-2.953515,1.687985
nonmember,23403,9,1,0,1.009208,0.364508,0.366103,1.590431,1.986341,-0.004366,1.590431
nonmember,37369,5,6,0,2.121645,0.119834,0.290909,1.948905,0.820676,-0.886901,1.948905
nonmember,42943,5,3,0,1.480512,0.227521,0.245053,1.830812,1.945126,-0.074230,1.830812
nonmember,10981,3,9,0,2.193553,0.111520,0.247523,1.919477,0.976712,-0.797300,1.919477
nonmember,5020,6,0,0,3.699209,0.024743,0.191688,2.172971,-1.257779,-2.047322,2.172971
nonmember,14828,6,6,1,1.018690,0.361068,0.361068,1.673331,3.341999,0.672644,-1.673331
nonmember,9826,8,0,0,1.772332,0.169936,0.530967,1.578749,1.251509,-1.139276,1.578749
nonmember,38296,4,3,0,2.602687,0.074074,0.275293,1.917214,0.273348,-1.312769,1.917214
nonmember,37918,6,5,0,1.697198,0.183196,0.300401,1.683127,2.318705,-0.494559,1.683127
nonmember,35350,2,1,0,3.857211,0.021127,0.299710,1.827395,-0.403307,-2.652270,1.827395
nonmember,11107,0,9,0,1.688481,0.184800,0.355579,1.898034,1.133548,-0.654474,1.898034
nonmember,45131,2,0,0,2.287064,0.101564,0.439654,1.797297,0.669377,-1.465297,1.797297
nonmember,21421,5,0,0,2.461271,0.085326,0.235825,2.121309,0.046003,-1.016606,2.121309
nonmember,19353,9,1,0,1.139790,0.319886,0.341649,1.759008,1.869742,-0.065818,1.759008
nonmember,12936,0,8,0,0.864074,0.421442,0.570399,0.729869,7.830238,-0.302654,0.729869
nonmember,41333,2,7,0,1.841895,0.158517,0.279155,1.794217,1.627034,-0.565907,1.794217
nonmember,2901,5,3,0,1.740883,0.175365,0.244608,1.853138,1.743726,-0.332784,1.853138
nonmember,5352,9,9,1,0.576312,0.561967,0.561967,1.165061,3.299378,0.632667,-1.165061
nonmember,20582,6,6,1,0.812663,0.443675,0.443675,1.593818,3.526407,0.880688,-1.593818
nonmember,3628,9,8,0,3.126795,0.043858,0.870596,0.525779,3.467867,-2.988217,0.525779
nonmember,19433,3,2,0,2.526410,0.079946,0.265753,1.889854,0.648738,-1.201223,1.889854
nonmember,25948,7,7,1,0.836082,0.433405,0.433405,1.736110,2.680168,1.161673,-1.736110
nonmember,43277,0,9,0,2.773309,0.062455,0.409655,1.503803,0.593309,-1.880870,1.503803
nonmember,25586,9,9,1,1.038329,0.354046,0.354046,1.596094,2.352862,0.336254,-1.596094
nonmember,41675,4,6,0,1.904979,0.148826,0.153868,2.187597,0.590214,-0.033318,2.187597
nonmember,9861,8,1,0,1.772959,0.169830,0.298615,1.916658,1.160073,-0.564358,1.916658
nonmember,4201,6,6,1,0.848832,0.427915,0.427915,1.678674,3.151587,0.934386,-1.678674
nonmember,11823,6,7,0,2.850103,0.057838,0.223114,2.131330,-0.301989,-1.350032,2.131330
nonmember,15257,5,5,1,1.073510,0.341807,0.341807,1.904750,1.848160,0.574833,-1.904750
nonmember,24607,1,8,0,1.930819,0.145029,0.312295,1.848528,1.056931,-0.767013,1.848528
nonmember,35942,4,8,0,4.550158,0.010566,0.301543,1.702621,-1.401362,-3.351316,1.702621
nonmember,38874,5,3,0,1.180419,0.307150,0.349426,1.689602,2.299205,-0.128955,1.689602
nonmember,35678,8,0,0,1.794182,0.166263,0.587517,1.426079,1.438093,-1.262332,1.426079
nonmember,33749,4,6,0,2.158107,0.115544,0.447190,1.685762,1.438895,-1.353336,1.685762
nonmember,6535,4,7,0,1.434430,0.238251,0.340586,1.731627,2.343594,-0.357342,1.731627
nonmember,25900,6,7,0,1.863858,0.155073,0.287879,1.782934,2.017069,-0.618641,1.782934
nonmember,39108,3,3,1,1.118051,0.326916,0.326916,1.716591,2.705062,0.385982,-1.716591
nonmember,42867,0,0,1,0.106537,0.898942,0.898942,0.370254,6.625834,2.281384,-0.370254
nonmember,34789,2,1,0,2.075005,0.125556,0.200078,2.216346,0.357135,-0.465954,2.216346
nonmember,2240,5,8,0,4.338815,0.013052,0.617229,0.885671,0.533024,-3.856300,0.885671
nonmember,30026,8,8,1,0.596343,0.550823,0.550823,1.482420,2.622153,1.315932,-1.482420
nonmember,16178,8,1,0,2.766509,0.062881,0.452661,1.489924,0.644410,-1.973897,1.489924
nonmember,32056,0,0,1,0.418608,0.657962,0.657962,1.284864,2.980593,1.920949,-1.284864
nonmember,40070,8,8,1,0.089538,0.914354,0.914354,0.392489,6.084861,3.247654,-0.392489
nonmember,23406,6,6,1,1.243264,0.288441,0.288441,1.924854,2.513878,0.486927,-1.924854
nonmember,34354,3,2,0,2.699208,0.067259,0.158312,2.226471,-0.288799,-0.856018,2.226471
nonmember,16470,5,6,0,2.536992,0.079104,0.471503,1.590535,1.462648,-1.785163,1.590535
nonmember,13623,8,8,1,1.240048,0.289370,0.289370,1.517026,2.626775,0.064457,-1.517026
nonmember,2237,2,9,0,2.361595,0.094270,0.190179,2.144402,0.126793,-0.701807,2.144402
nonmember,22279,2,7,0,1.446403,0.235416,0.256920,1.947982,1.381922,-0.087412,1.947982
nonmember,11444,1,1,1,0.799361,0.449616,0.449616,1.204795,2.943420,0.049402,-1.204795
nonmember,6902,3,7,0,1.862665,0.155258,0.168360,2.186817,0.638684,-0.081012,2.186817
nonmember,45700,3,5,0,1.690219,0.184479,0.257083,2.102926,0.861184,-0.331863,2.102926
nonmember,33150,7,7,1,1.960738,0.140754,0.140754,2.268542,0.416014,0.090046,-2.268542
nonmember,22775,5,7,0,1.320162,0.267092,0.352298,1.570361,2.430222,-0.276884,1.570361
nonmember,25686,3,7,0,2.431919,0.087868,0.210777,2.134415,0.132581,-0.874965,2.134415
nonmember,6274,4,6,0,2.068175,0.126416,0.300739,2.022546,0.669196,-0.866664,2.022546
nonmember,18461,8,8,1,0.216598,0.805254,0.805254,0.703074,4.873359,1.878748,-0.703074
nonmember,21339,8,8,1,0.619841,0.538030,0.538030,1.149522,4.387829,0.618944,-1.149522
nonmember,11562,4,7,0,1.898683,0.149766,0.310135,1.925748,1.099461,-0.727936,1.925748
nonmember,4203,5,6,0,1.903003,0.149120,0.395995,1.810635,1.463991,-0.976650,1.810635
nonmember,47782,8,1,0,3.417414,0.032797,0.444625,1.670522,-0.139461,-2.606890,1.670522
nonmember,36879,1,9,0,1.290747,0.275065,0.451110,1.299789,2.596482,-0.494702,1.299789
nonmember,38916,9,1,0,1.608890,0.200110,0.291098,1.966125,1.178464,-0.374794,1.966125
nonmember,18112,8,8,1,0.338045,0.713163,0.713163,0.968084,4.174429,1.660547,-0.968084
nonmember,46785,5,6,0,1.536840,0.215060,0.228824,1.969905,1.579278,-0.062035,1.969905
nonmember,17474,1,9,0,1.215140,0.296668,0.506687,1.332358,2.532236,-0.535278,1.332358
nonmember,12347,9,9,1,0.758645,0.468301,0.468301,1.384202,2.826738,0.518217,-1.384202
nonmember,45021,2,7,0,1.920841,0.146484,0.368917,1.715878,1.526477,-0.923656,1.715878
nonmember,41647,8,6,0,4.592577,0.010127,0.162222,2.103918,-1.837823,-2.773786,2.103918
nonmember,30882,8,0,0,1.620364,0.197827,0.316807,1.946275,1.190975,-0.470900,1.946275
nonmember,49485,7,1,0,2.956244,0.052014,0.226236,2.040395,-0.128189,-1.470066,2.040395
nonmember,28579,7,9,0,1.687719,0.184941,0.308351,1.921589,1.109028,-0.511202,1.921589
nonmember,45911,4,0,0,3.896956,0.020304,0.193826,2.049488,-1.270230,-2.256162,2.049488
nonmember,35002,7,9,0,2.758887,0.063362,0.589999,1.408126,0.651164,-2.231253,1.408126
nonmember,13005,4,7,0,2.028922,0.131477,0.386192,1.723415,1.450635,-1.077501,1.723415
nonmember,14957,4,4,1,1.418658,0.242039,0.242039,2.015549,1.528412,0.262151,-2.015549
nonmember,47921,4,7,0,1.561094,0.209906,0.344567,1.746913,2.076931,-0.495628,1.746913
nonmember,491,5,3,0,1.409484,0.244269,0.292155,1.967011,1.367625,-0.179013,1.967011
nonmember,31120,5,1,0,3.498582,0.030240,0.633747,1.312691,0.044369,-3.042476,1.312691
nonmember,20352,8,8,1,0.743532,0.475432,0.475432,1.484043,2.758515,0.809805,-1.484043
nonmember,16930,8,0,0,1.313097,0.268986,0.517388,1.243342,2.871898,-0.654135,1.243342
nonmember,28898,8,8,1,0.958171,0.383594,0.383594,1.324089,3.088926,0.055532,-1.324089
nonmember,40584,3,9,0,3.454215,0.031612,0.260492,1.981410,-0.769482,-2.109030,1.981410
nonmember,11024,5,7,0,1.686725,0.185125,0.312245,1.904089,1.160061,-0.522758,1.904089
nonmember,38289,0,0,1,0.236437,0.789436,0.789436,0.723674,4.503199,1.621742,-0.723674
nonmember,43659,0,0,1,0.072067,0.930468,0.930468,0.323981,5.720413,2.915796,-0.323981
nonmember,13126,7,6,0,2.083805,0.124456,0.299281,1.962556,1.061955,-0.877433,1.962556
nonmember,26263,2,7,0,2.259517,0.104401,0.571247,1.519743,1.067748,-1.699583,1.519743
nonmember,32666,9,9,1,0.718996,0.487241,0.487241,1.401456,2.740852,0.713739,-1.401456
nonmember,31832,8,1,0,1.184010,0.306049,0.370699,1.321802,2.934703,-0.191645,1.321802
nonmember,25660,8,3,0,7.400889,0.000611,0.366428,1.551677,-3.459329,-6.396935,1.551677
nonmember,35491,8,0,0,0.807738,0.445866,0.531415,0.805308,5.389620,-0.175525,0.805308
nonmember,31004,0,9,0,3.434991,0.032226,0.396173,1.862728,-0.657008,-2.509086,1.862728
nonmember,37091,3,9,0,2.235357,0.106954,0.165458,2.182431,0.285587,-0.436318,2.182431
nonmember,18117,1,8,0,1.511125,0.220662,0.387406,1.702427,1.796759,-0.562844,1.702427
nonmember,35352,8,0,0,2.656550,0.070190,0.925192,0.286844,6.445562,-2.578796,0.286844
nonmember,42153,3,6,0,1.954679,0.141610,0.273819,1.923977,1.231238,-0.659390,1.923977
nonmember,7718,1,0,0,2.936167,0.053069,0.764813,0.808570,2.258448,-2.668043,0.808570
nonmember,49030,4,4,1,1.537848,0.214843,0.214843,1.976015,1.443582,0.160749,-1.976015
nonmember,38700,8,8,1,0.831805,0.435263,0.435263,1.347172,3.413209,0.387104,-1.347172
nonmember,19052,2,9,0,2.841589,0.058333,0.267970,1.879037,0.066132,-1.524710,1.879037
nonmember,2718,0,0,1,0.183358,0.832470,0.832470,0.761273,3.914885,2.618769,-0.761273
nonmember,42983,4,6,0,1.546635,0.212963,0.276500,1.719656,2.543154,-0.261092,1.719656
nonmember,7557,4,6,0,2.121614,0.119838,0.308988,1.916858,1.208210,-0.947162,1.916858
nonmember,5726,4,9,0,3.091398,0.045438,0.309624,2.004554,-0.384516,-1.919002,2.004554
nonmember,22012,2,9,0,3.159825,0.042433,0.307943,2.007067,-0.463867,-1.981984,2.007067
nonmember,12157,7,3,0,1.485476,0.226395,0.326854,1.830273,1.555929,-0.367233,1.830273
nonmember,29623,0,4,0,4.003362,0.018254,0.240382,2.009686,-1.087330,-2.577835,2.009686
nonmember,7870,5,7,0,1.840199,0.158786,0.235340,2.069041,0.781832,-0.393476,2.069041
nonmember,49192,6,6,1,1.252257,0.285859,0.285859,1.945002,1.727184,0.344320,-1.945002
nonmember,18739,4,7,0,2.621905,0.072664,0.502090,1.544194,1.155049,-1.932928,1.544194
nonmember,4364,9,8,0,1.933536,0.144636,0.466629,1.306901,2.729472,-1.171315,1.306901
nonmember,47547,3,7,0,2.101992,0.122213,0.205602,2.101163,0.540266,-0.520181,2.101163
nonmember,19713,8,8,1,0.556467,0.573231,0.573231,1.397046,2.788440,1.379547,-1.397046
nonmember,33035,5,7,0,2.778692,0.062120,0.240916,2.049036,-0.138453,-1.355385,2.049036
nonmember,42425,1,0,0,2.978050,0.050892,0.686596,1.131061,0.723901,-2.602041,1.131061
nonmember,42098,2,6,0,1.700206,0.182646,0.212114,2.012935,1.210510,-0.149574,2.012935
nonmember,34719,7,0,0,3.704737,0.024607,0.373604,1.568078,-0.301306,-2.720178,1.568078
nonmember,35332,6,7,0,1.788489,0.167213,0.168567,2.048307,1.220044,-0.008067,2.048307
nonmember,5170,9,1,0,1.576168,0.206766,0.252559,1.776281,1.519664,-0.200058,1.776281
nonmember,13602,3,6,0,2.147369,0.116791,0.164703,2.190094,0.329890,-0.343760,2.190094
nonmember,791,9,9,1,1.161034,0.313162,0.313162,1.965968,1.493429,0.417993,-1.965968
nonmember,30994,5,6,0,2.762633,0.063125,0.466627,1.682439,0.676230,-2.000408,1.682439
nonmember,25758,8,8,1,0.499766,0.606673,0.606673,1.246351,3.286306,1.317869,-1.246351
nonmember,41294,4,6,0,2.085575,0.124236,0.404687,1.832651,1.029708,-1.180934,1.832651
nonmember,14858,4,5,0,1.640395,0.193903,0.199816,1.983334,1.241242,-0.030036,1.983334
nonmember,32061,7,7,1,0.973939,0.377593,0.377593,1.832537,2.245866,1.121170,-1.832537
nonmember,35056,7,3,0,2.109187,0.121337,0.191990,2.180138,0.369696,-0.458875,2.180138
nonmember,12117,4,6,0,1.904881,0.148840,0.240542,2.015450,1.040123,-0.480020,2.015450
nonmember,47901,3,7,0,2.474488,0.084206,0.257106,1.850701,1.041038,-1.116222,1.850701
nonmember,1285,2,1,0,2.076943,0.125313,0.167146,2.104332,0.729945,-0.288052,2.104332
nonmember,16773,9,8,0,1.134686,0.321523,0.439924,1.370234,2.592759,-0.313531,1.370234
nonmember,16618,7,6,0,2.205760,0.110167,0.253069,1.974620,0.717773,-0.831667,1.974620
nonmember,13297,3,9,0,3.241662,0.039099,0.315900,1.990758,-0.591923,-2.089331,1.990758
nonmember,27957,9,9,1,0.364449,0.694579,0.694579,1.096902,3.579747,1.662971,-1.096902
nonmember,39916,8,0,0,1.132883,0.322103,0.549663,1.193178,2.606989,-0.534432,1.193178
nonmember,1043,9,9,1,1.416052,0.242670,0.242670,2.145559,1.087239,0.459727,-2.145559
nonmember,27101,1,1,1,1.199996,0.301195,0.301195,1.925262,1.947282,0.477820,-1.925262
nonmember,39076,0,7,0,2.172203,0.113926,0.160043,2.256613,0.188293,-0.339892,2.256613
nonmember,41677,0,6,0,8.575933,0.000189,0.611258,1.353738,-4.496527,-8.083695,1.353738
nonmember,29912,2,7,0,2.743056,0.064373,0.288166,1.939728,0.068359,-1.498836,1.939728
nonmember,17515,1,1,1,0.574165,0.563175,0.563175,1.462467,3.266220,1.526884,-1.462467
nonmember,41443,6,3,0,1.861913,0.155375,0.206465,2.019138,1.385692,-0.284288,2.019138
nonmember,15884,0,8,0,1.932093,0.144845,0.746079,0.870303,2.690519,-1.639169,0.870303
nonmember,3169,8,8,1,0.272357,0.761582,0.761582,0.798923,4.976089,1.711143,-0.798923
nonmember,28638,7,7,1,1.445650,0.235593,0.235593,2.124026,1.104766,0.586640,-2.124026
nonmember,36152,2,0,0,10.332547,0.000033,0.953820,0.194692,-0.549758,-10.285267,0.194692
nonmember,426,5,3,0,1.529951,0.216546,0.241380,1.813570,2.180892,-0.108569,1.813570
nonmember,32715,3,3,1,0.853748,0.425816,0.425816,1.647175,2.246530,0.712943,-1.647175
nonmember,39430,4,7,0,2.290625,0.101203,0.169008,2.147980,0.300396,-0.512814,2.147980
nonmember,44334,2,4,0,1.854085,0.156596,0.203245,2.032149,0.902394,-0.260741,2.032149
nonmember,34402,9,1,0,1.332312,0.263866,0.391257,1.687209,2.076878,-0.393922,1.687209
nonmember,42188,1,1,1,0.642903,0.525764,0.525764,1.346741,2.867928,0.610812,-1.346741
nonmember,20436,7,7,1,1.415599,0.242780,0.242780,1.933894,1.659747,0.240074,-1.933894
nonmember,15188,9,0,0,1.326311,0.265455,0.437478,1.285084,4.359541,-0.499582,1.285084
nonmember,1190,9,8,0,1.732011,0.176928,0.605969,1.241700,2.081891,-1.231084,1.241700
nonmember,3229,5,6,0,1.685906,0.185276,0.336772,1.749969,2.085566,-0.597556,1.749969
nonmember,30790,4,7,0,1.552388,0.211742,0.269386,1.851960,1.696466,-0.240777,1.851960
nonmember,30248,5,5,1,1.528217,0.216922,0.216922,2.055182,1.214971,0.012128,-2.055182
nonmember,26268,6,6,1,1.023773,0.359237,0.359237,1.905795,2.196927,1.156753,-1.905795
nonmember,932,5,5,1,1.238003,0.289963,0.289963,1.987164,1.636482,0.517629,-1.987164
nonmember,40824,6,6,1,1.324131,0.266034,0.266034,1.903059,2.514103,0.135620,-1.903059
nonmember,5356,1,0,0,0.920643,0.398263,0.432703,1.241004,3.320457,-0.082940,1.241004
nonmember,33566,6,6,1,1.029157,0.357308,0.357308,1.878081,2.095189,0.997659,-1.878081
nonmember,35329,7,7,1,1.295736,0.273696,0.273696,1.922041,1.756913,0.403513,-1.922041
nonmember,41540,3,3,1,1.530699,0.216384,0.216384,1.916108,1.684614,0.055426,-1.916108
nonmember,30331,0,0,1,0.194204,0.823490,0.823490,0.708893,4.243116,2.063803,-0.708893
nonmember,41917,3,5,0,1.740997,0.175345,0.200646,2.095780,0.925876,-0.134784,2.095780
nonmember,14768,2,4,0,1.994962,0.136019,0.260974,1.920953,1.100909,-0.651628,1.920953
nonmember,4530,3,1,0,1.928253,0.145402,0.355182,1.723769,1.738844,-0.893127,1.723769
nonmember,2141,3,9,0,3.977766,0.018727,0.316324,1.676425,-0.795385,-2.826778,1.676425
nonmember,37331,5,7,0,1.739074,0.175683,0.238329,2.109732,0.776545,-0.304969,2.109732
nonmember,21221,9,9,1,0.584717,0.557264,0.557264,1.374881,2.853678,0.828135,-1.374881
nonmember,20207,5,7,0,3.184750,0.041389,0.239410,2.011494,-0.538697,-1.755171,2.011494
nonmember,46467,2,1,0,1.786168,0.167601,0.275923,2.033866,0.946612,-0.498534,2.033866
nonmember,45541,4,6,0,1.813654,0.163057,0.457104,1.644113,2.051547,-1.030809,1.644113
nonmember,9324,8,0,0,1.969553,0.139519,0.778404,0.824415,2.291187,-1.719043,0.824415
nonmember,32988,1,9,0,1.855398,0.156391,0.526054,1.368810,2.006702,-1.213047,1.368810
nonmember,41728,5,7,0,1.738360,0.175809,0.292704,1.933188,1.170760,-0.509767,1.933188
nonmember,37154,4,7,0,1.994172,0.136126,0.244333,1.969161,0.914305,-0.584950,1.969161
nonmember,25713,3,7,0,1.799691,0.165350,0.232263,1.980090,1.096880,-0.339807,1.980090
nonmember,20018,7,7,1,1.549919,0.212265,0.212265,2.144462,0.993437,0.271771,-2.144462
nonmember,18924,6,3,0,2.788007,0.061544,0.194136,2.183776,-0.299960,-1.148808,2.183776
nonmember,2558,8,7,0,4.394168,0.012349,0.347299,1.847711,-1.581355,-3.336600,1.847711
nonmember,20091,3,3,1,0.932248,0.393668,0.393668,1.704011,2.276149,0.454442,-1.704011
nonmember,37105,3,7,0,2.297111,0.100549,0.283331,1.833084,1.014885,-1.035973,1.833084
nonmember,14168,1,0,0,1.967562,0.139797,0.359640,1.946125,0.782302,-0.944911,1.946125
nonmember,11270,2,1,0,2.366626,0.093797,0.229906,2.066642,0.233256,-0.896541,2.066642
nonmember,16570,2,0,0,8.871860,0.000140,0.905492,0.386321,-1.352053,-8.772583,0.386321
nonmember,48307,7,6,0,1.798713,0.165512,0.215518,2.041842,1.272629,-0.264004,2.041842
nonmember,21399,2,7,0,2.940302,0.052850,0.623717,1.337839,0.866354,-2.468243,1.337839
nonmember,24742,2,0,0,4.156380,0.015664,0.514395,1.129591,0.091568,-3.491615,1.129591
nonmember,33636,7,1,0,2.841124,0.058360,0.375083,1.784946,0.760492,-1.860517,1.784946
nonmember,6885,1,7,0,4.190030,0.015146,0.237796,1.765538,-0.077132,-2.753687,1.765538
nonmember,35569,2,0,0,2.234528,0.107043,0.283081,2.124089,0.256547,-0.972508,2.124089
nonmember,46904,1,1,1,0.965943,0.380624,0.380624,1.571557,2.192975,0.060634,-1.571557
nonmember,40450,9,9,1,0.992219,0.370753,0.370753,1.845506,1.869010,0.450339,-1.845506
nonmember,9002,2,9,0,2.489434,0.082957,0.188769,2.044336,0.467301,-0.822204,2.044336
nonmember,957,2,7,0,1.721926,0.178722,0.201805,2.124873,0.786454,-0.121471,2.124873
nonmember,27072,2,7,0,2.203134,0.110456,0.209104,1.912663,0.953132,-0.638210,1.912663
nonmember,2760,2,0,0,2.380480,0.092506,0.213995,2.199856,0.020151,-0.838679,2.199856
nonmember,48918,7,7,1,1.687960,0.184896,0.184896,2.122567,0.975717,0.164469,-2.122567
nonmember,31009,9,9,1,0.745751,0.474378,0.474378,1.275561,3.718039,0.552848,-1.275561
nonmember,6314,4,0,0,3.940827,0.019432,0.368757,1.880108,-1.142529,-2.943211,1.880108
nonmember,10894,9,9,1,0.383997,0.681134,0.681134,1.000254,3.590244,1.126774,-1.000254
nonmember,42967,4,7,0,1.769783,0.170370,0.300194,1.855368,1.301579,-0.566455,1.855368
nonmember,369,9,1,0,1.157351,0.314318,0.346603,1.581289,2.285847,-0.097775,1.581289
nonmember,39397,0,7,0,3.111146,0.044550,0.165546,2.200935,-0.560993,-1.312637,2.200935
nonmember,12691,4,6,0,1.709315,0.180990,0.394451,1.762565,1.673511,-0.779054,1.762565
nonmember,18473,4,3,0,2.570364,0.076508,0.214830,2.133956,0.095251,-1.032455,2.133956
nonmember,34931,5,0,0,2.465110,0.085000,0.264091,2.109754,0.016208,-1.133649,2.109754
nonmember,34218,2,0,0,2.277733,0.102516,0.251435,2.141927,0.208112,-0.897164,2.141927
nonmember,14532,4,7,0,1.334878,0.263190,0.273641,1.763386,2.347595,-0.038941,1.763386
nonmember,47601,2,2,1,1.530356,0.216459,0.216459,2.139061,1.028222,0.308903,-2.139061
nonmember,8871,2,6,0,3.733781,0.023902,0.614725,1.308010,1.036111,-3.247201,1.308010
nonmember,16941,7,7,1,0.253826,0.775826,0.775826,0.966034,3.559325,2.610543,-0.966034
nonmember,46435,8,8,1,0.668458,0.512498,0.512498,1.282201,3.394586,0.714915,-1.282201
nonmember,36524,2,6,0,1.775542,0.169392,0.229231,1.991522,1.089135,-0.302516,1.991522
nonmember,36206,5,5,1,1.320874,0.266902,0.266902,1.814450,2.026579,0.019422,-1.814450
nonmember,29249,2,6,0,2.082200,0.124656,0.313769,1.902665,0.980864,-0.923101,1.902665
nonmember,24096,0,1,0,3.533010,0.029217,0.186943,2.193699,-1.002070,-1.856057,2.193699
nonmember,7886,8,1,0,4.043883,0.017529,0.497337,1.589858,-0.855877,-3.345395,1.589858
nonmember,46149,3,3,1,1.738180,0.175840,0.175840,2.149961,0.845179,0.191829,-2.149961
nonmember,43622,8,9,0,1.242947,0.288533,0.377611,1.595716,2.086055,-0.269055,1.595716
nonmember,16425,8,8,1,1.381129,0.251295,0.251295,2.022264,1.230700,0.040306,-2.022264
nonmember,21092,0,6,0,6.679858,0.001256,0.330355,1.849301,-3.396658,-5.572269,1.849301
nonmember,22188,5,3,0,1.954702,0.141607,0.274746,2.043306,0.615049,-0.662793,2.043306
nonmember,45537,8,1,0,3.081686,0.045882,0.498303,1.555047,-0.084950,-2.385138,1.555047
nonmember,5661,6,3,0,2.226285,0.107929,0.261109,2.087713,0.669478,-0.883467,2.087713
nonmember,3309,2,9,0,2.974996,0.051048,0.247714,1.945464,-0.239861,-1.579514,1.945464
nonmember,19148,6,7,0,2.956878,0.051981,0.273035,2.051053,-0.181055,-1.658724,2.051053
nonmember,3056,8,1,0,1.908869,0.148248,0.455058,1.571125,1.534290,-1.121539,1.571125
nonmember,1905,7,6,0,1.629704,0.195988,0.220412,1.836009,2.062618,-0.117447,1.836009
nonmember,36956,5,6,0,2.113130,0.120859,0.195494,2.092645,0.697243,-0.480903,2.092645
nonmember,4156,4,9,0,2.751823,0.063811,0.190811,2.239297,-0.371229,-1.095353,2.239297
nonmember,943,8,8,1,0.312687,0.731479,0.731479,0.950845,3.864907,1.671458,-0.950845
nonmember,27436,8,8,1,1.377413,0.252230,0.252230,2.012206,1.220456,0.127853,-2.012206
nonmember,46777,9,9,1,1.056577,0.347644,0.347644,1.829852,1.932546,0.382355,-1.829852
nonmember,38241,5,0,0,2.244469,0.105984,0.177485,2.204651,0.250313,-0.515600,2.204651
nonmember,12052,0,8,0,3.053854,0.047177,0.610364,1.193882,0.724943,-2.560155,1.193882
nonmember,2294,5,6,0,2.033786,0.130839,0.273247,1.762546,1.954076,-0.736406,1.762546
nonmember,6803,8,0,0,1.391831,0.248620,0.717876,0.742506,4.211564,-1.060373,0.742506
nonmember,13659,2,7,0,2.432209,0.087843,0.551237,1.326959,2.153423,-1.836619,1.326959
nonmember,25023,0,0,1,1.337002,0.262632,0.262632,2.136499,1.149894,0.752279,-2.136499
nonmember,45621,0,8,0,3.167460,0.042110,0.464865,1.270247,0.613320,-2.401452,1.270247
nonmember,24891,1,1,1,0.484838,0.615797,0.615797,1.175919,3.115267,0.892501,-1.175919
nonmember,40376,8,8,1,0.921032,0.398108,0.398108,1.625607,2.265468,0.514559,-1.625607
nonmember,44401,9,1,0,1.217459,0.295981,0.591926,1.120181,2.691636,-0.693086,1.120181
nonmember,32279,8,8,1,0.831508,0.435392,0.435392,1.587212,2.550905,0.933972,-1.587212
nonmember,36411,5,9,0,4.785617,0.008349,0.432040,1.282191,-1.023677,-3.946380,1.282191
nonmember,44303,0,9,0,1.548179,0.212635,0.394933,1.483233,2.308694,-0.619141,1.483233
nonmember,289,7,7,1,1.208418,0.298670,0.298670,1.904594,1.730197,0.486135,-1.904594
nonmember,30829,0,9,0,2.315069,0.098759,0.392912,1.508561,1.275219,-1.380901,1.508561
nonmember,45551,8,0,0,1.029533,0.357174,0.580295,0.918565,4.595339,-0.485314,0.918565
nonmember,9571,7,7,1,1.097479,0.333711,0.333711,1.931763,1.690434,0.839486,-1.931763
nonmember,8822,3,7,0,1.607749,0.200338,0.255382,1.807080,1.856063,-0.242754,1.807080
nonmember,27477,2,7,0,2.236263,0.106857,0.248369,1.811959,1.451636,-0.843422,1.811959
nonmember,45185,8,1,0,1.465357,0.230996,0.340210,1.556399,2.278638,-0.387165,1.556399
nonmember,17707,4,0,0,6.147835,0.002138,0.630136,1.033041,-1.775902,-5.686015,1.033041
nonmember,5116,7,7,1,1.336416,0.262786,0.262786,1.972341,1.793598,0.404309,-1.972341
nonmember,29081,7,6,0,1.880470,0.152518,0.198546,2.044516,0.842990,-0.263737,2.044516
nonmember,37137,2,2,1,1.600018,0.201893,0.201893,2.116865,0.865515,0.105577,-2.116865
nonmember,22478,5,1,0,2.329461,0.097348,0.302316,1.757832,1.039385,-1.133179,1.757832
nonmember,11636,5,9,0,4.488638,0.011236,0.290298,1.869097,-1.616858,-3.251790,1.869097
nonmember,36696,6,8,0,4.175792,0.015363,0.361649,1.554318,-0.861043,-3.158712,1.554318
nonmember,32687,2,0,0,2.365684,0.093885,0.168131,2.241860,0.043511,-0.582669,2.241860
nonmember,23573,8,1,0,3.775037,0.022936,0.550208,1.366424,-0.199547,-3.177578,1.366424
nonmember,38954,5,7,0,2.438441,0.087297,0.225272,2.047616,0.141733,-0.947993,2.047616
nonmember,22968,6,6,1,0.557855,0.572436,0.572436,1.469988,3.386037,1.483174,-1.469988
nonmember,27142,3,6,0,2.328982,0.097395,0.485368,1.580832,1.732521,-1.606134,1.580832
nonmember,31877,5,7,0,1.998097,0.135593,0.229822,1.949033,1.269802,-0.527647,1.949033
nonmember,24551,3,6,0,1.791701,0.166676,0.298407,1.802176,1.965347,-0.582405,1.802176
nonmember,40283,1,1,1,0.788908,0.454340,0.454340,1.831918,1.884062,1.268310,-1.831918
nonmember,14922,8,1,0,2.045193,0.129355,0.419339,1.588427,1.205071,-1.176118,1.588427
nonmember,43230,7,9,0,2.152023,0.116249,0.367679,1.812821,0.839321,-1.151478,1.812821
nonmember,39694,5,3,0,2.043365,0.129592,0.228317,2.081469,0.768512,-0.566346,2.081469
nonmember,46747,7,7,1,0.696138,0.498507,0.498507,1.682480,2.505408,1.343164,-1.682480
nonmember,43767,3,5,0,1.457076,0.232916,0.411598,1.747935,1.696891,-0.569368,1.747935
nonmember,26842,0,0,1,0.136548,0.872365,0.872365,0.509186,5.186001,2.237672,-0.509186
nonmember,30178,9,9,1,1.457412,0.232838,0.232838,1.973295,1.528219,0.030913,-1.973295
nonmember,9580,2,0,0,2.014410,0.133399,0.285957,2.118478,0.457860,-0.762496,2.118478
nonmember,28679,5,7,0,1.868814,0.154307,0.158817,2.075398,0.810794,-0.028809,2.075398
nonmember,32823,8,0,0,1.893580,0.150532,0.628369,1.258352,1.772440,-1.428952,1.258352
nonmember,46875,7,7,1,0.877049,0.416009,0.416009,1.582415,3.012830,0.804316,-1.582415
nonmember,38983,4,4,1,1.138334,0.320352,0.320352,1.800268,2.298638,0.595616,-1.800268
nonmember,49187,4,7,0,1.645804,0.192857,0.311941,1.820094,2.006573,-0.480864,1.820094
nonmember,6081,2,6,0,1.802637,0.164864,0.198088,2.118570,0.813109,-0.183595,2.118570
nonmember,38419,0,8,0,1.135257,0.321340,0.351626,1.460518,2.724426,-0.090069,1.460518
nonmember,19492,0,0,1,0.498899,0.607199,0.607199,1.357470,2.832905,1.302311,-1.357470
nonmember,1127,3,7,0,2.028584,0.131522,0.262275,1.953114,1.365718,-0.690222,1.953114
nonmember,27133,9,6,0,1.753336,0.173195,0.517481,1.510435,2.138299,-1.094553,1.510435
nonmember,27720,5,7,0,1.918350,0.146849,0.362229,1.832526,1.040475,-0.902871,1.832526
nonmember,36052,0,0,1,1.285320,0.276562,0.276562,1.768318,1.982510,0.083720,-1.768318
nonmember,46372,4,9,0,3.762826,0.023218,0.411314,1.647464,-0.470375,-2.874429,1.647464
nonmember,16413,9,9,1,0.677628,0.507820,0.507820,1.596258,2.426576,0.871948,-1.596258
nonmember,39879,9,8,0,1.167060,0.311281,0.339486,1.389778,2.647426,-0.086737,1.389778
nonmember,30451,2,6,0,3.338764,0.035481,0.361138,1.734642,0.400622,-2.320267,1.734642
nonmember,15022,8,8,1,0.711480,0.490917,0.490917,1.635444,2.323971,1.070079,-1.635444
nonmember,9235,5,7,0,2.308728,0.099388,0.332387,1.976415,0.371147,-1.207274,1.976415
nonmember,9845,4,6,0,2.934503,0.053157,0.455951,1.708809,0.390290,-2.149132,1.708809
nonmember,10020,0,7,0,2.818555,0.059692,0.293450,2.069918,-0.238786,-1.592508,2.069918
nonmember,47256,1,9,0,1.308301,0.270279,0.283030,1.857766,1.430863,-0.046098,1.857766
nonmember,4851,8,8,1,0.427764,0.651965,0.651965,1.040661,5.262656,1.538651,-1.040661
nonmember,20296,9,1,0,1.824308,0.161329,0.246351,2.004489,0.974414,-0.423309,2.004489
nonmember,4093,8,8,1,1.736340,0.176164,0.176164,2.190038,0.714290,0.034913,-2.190038
nonmember,38449,3,5,0,1.616629,0.198567,0.225854,1.893520,1.498748,-0.128762,1.893520
nonmember,26262,9,2,0,2.784537,0.061758,0.160068,2.169544,-0.157658,-0.952384,2.169544
nonmember,48309,4,7,0,2.329391,0.097355,0.333112,1.995791,0.432627,-1.230115,1.995791
nonmember,6245,9,2,0,1.714219,0.180104,0.185881,2.066926,1.039194,-0.031568,2.066926
nonmember,43656,7,6,0,2.527794,0.079835,0.206647,2.058690,0.259104,-0.951049,2.058690
nonmember,42308,6,1,0,2.032308,0.131033,0.209450,2.113305,0.586588,-0.469038,2.113305
nonmember,1464,1,9,0,2.722733,0.065695,0.410389,1.520435,0.932979,-1.832083,1.520435
nonmember,45436,5,7,0,1.920899,0.146475,0.246998,1.989825,0.807488,-0.522522,1.989825
nonmember,40348,2,6,0,2.616070,0.073090,0.414397,1.751688,0.948077,-1.735138,1.751688
nonmember,24131,8,0,0,1.474022,0.229002,0.635421,1.077780,2.793645,-1.020555,1.077780
nonmember,33945,7,7,1,1.352910,0.258487,0.258487,1.882387,1.526782,0.092685,-1.882387
nonmember,23638,4,9,0,2.068630,0.126359,0.157782,2.226895,0.353387,-0.222088,2.226895
nonmember,18389,3,6,0,1.935247,0.144389,0.344376,1.858043,1.476803,-0.869225,1.858043
nonmember,38292,3,7,0,1.997575,0.135664,0.221563,2.167933,0.468491,-0.490526,2.167933
nonmember,5286,9,9,1,0.423247,0.654917,0.654917,1.160454,3.195402,1.210165,-1.160454
nonmember,10591,2,0,0,3.391771,0.033649,0.390783,1.591075,-0.117022,-2.452169,1.591075
nonmember,41190,5,4,0,2.040679,0.129940,0.294459,1.736265,2.290652,-0.818064,1.736265
nonmember,38837,7,7,1,0.995096,0.369688,0.369688,1.979470,1.621987,1.069064,-1.979470
nonmember,19080,3,5,0,1.634661,0.195018,0.362399,1.920006,1.245692,-0.619652,1.920006
nonmember,38550,7,5,0,2.169102,0.114280,0.378143,1.539191,1.642172,-1.196618,1.539191
nonmember,31540,9,8,0,2.270971,0.103212,0.611749,1.265843,1.404072,-1.779538,1.265843
nonmember,42498,1,9,0,1.736520,0.176132,0.499047,1.627316,1.324209,-1.041465,1.627316
nonmember,38976,3,5,0,1.340949,0.261597,0.306792,1.797552,2.005391,-0.159363,1.797552
nonmember,30671,7,6,0,1.832495,0.160014,0.293118,1.966927,1.252146,-0.605316,1.966927
nonmember,43518,1,1,1,1.300720,0.272336,0.272336,1.919449,1.504375,0.072347,-1.919449
nonmember,20385,9,9,1,0.665951,0.513784,0.513784,1.399526,2.902884,0.846656,-1.399526
nonmember,14865,7,6,0,1.758862,0.172241,0.229283,1.902600,1.613371,-0.286063,1.902600
nonmember,37974,6,6,1,0.400775,0.669800,0.669800,1.226185,3.852838,2.134205,-1.226185
nonmember,8879,8,8,1,0.694328,0.499410,0.499410,1.177320,3.522151,0.326791,-1.177320
nonmember,26744,0,0,1,0.265373,0.766920,0.766920,0.885874,3.897610,1.827124,-0.885874
nonmember,32880,6,6,1,1.325908,0.265562,0.265562,1.894836,1.753392,0.216669,-1.894836
nonmember,42082,7,9,0,1.247231,0.287299,0.319448,1.818063,1.612477,-0.106071,1.818063
nonmember,38487,1,9,0,2.048035,0.128988,0.298023,1.818301,1.529423,-0.837450,1.818301
nonmember,46470,4,2,0,2.139778,0.117681,0.151202,2.208453,0.379267,-0.250636,2.208453
nonmember,22956,9,8,0,1.961356,0.140668,0.576676,1.444454,1.221799,-1.410881,1.444454
nonmember,10407,5,7,0,2.140717,0.117571,0.241791,1.974206,0.687508,-0.721034,1.974206
nonmember,38873,9,9,1,0.784889,0.456170,0.456170,1.116081,3.228661,0.019678,-1.116081
nonmember,40120,7,9,0,6.248333,0.001934,0.545290,1.099724,-0.824417,-5.641895,1.099724
nonmember,32681,1,9,0,1.576944,0.206605,0.326527,1.510892,2.031710,-0.457703,1.510892
nonmember,28534,9,9,1,0.797139,0.450616,0.450616,1.267986,3.428280,0.328079,-1.267986
nonmember,27562,0,0,1,0.466230,0.627363,0.627363,0.692880,7.919558,0.535387,-0.692880
nonmember,22265,1,1,1,0.143964,0.865919,0.865919,0.586078,4.916084,2.730885,-0.586078
nonmember,8326,5,7,0,2.556498,0.077576,0.365968,1.779161,1.043358,-1.551289,1.779161
nonmember,10263,2,7,0,1.728861,0.177487,0.248611,2.020556,1.012455,-0.336993,2.020556
nonmember,38998,9,3,0,2.849612,0.057867,0.188500,2.036886,0.328344,-1.180956,2.036886
nonmember,14854,8,8,1,0.369963,0.690760,0.690760,0.933026,4.601131,1.265625,-0.933026
nonmember,31699,4,0,0,8.444502,0.000215,0.601737,0.936980,-2.822660,-7.936567,0.936980
nonmember,15486,1,9,0,1.791778,0.166664,0.293520,1.868566,1.305550,-0.565969,1.868566
nonmember,18188,3,5,0,1.399152,0.246806,0.303019,1.742494,2.150338,-0.205192,1.742494
nonmember,18685,5,0,0,2.482350,0.083547,0.231190,2.194102,-0.057756,-1.017836,2.194102
nonmember,36874,8,1,0,3.498140,0.030254,0.286882,2.042264,-0.867689,-2.249455,2.042264
nonmember,19231,2,6,0,1.979022,0.138204,0.224460,2.008500,1.177340,-0.484965,2.008500
nonmember,2299,6,6,1,1.471400,0.229604,0.229604,1.988782,1.624347,0.111723,-1.988782
nonmember,26383,6,6,1,1.039416,0.353661,0.353661,1.946199,1.810331,1.034223,-1.946199
nonmember,39380,0,0,1,0.686764,0.503202,0.503202,1.485754,2.919050,1.014686,-1.485754
nonmember,2186,1,0,0,1.998830,0.135494,0.170202,2.227705,0.404720,-0.228059,2.227705
nonmember,46633,2,7,0,1.677384,0.186862,0.419536,1.757812,1.450966,-0.808778,1.757812
nonmember,13676,5,3,0,1.630672,0.195798,0.253629,1.772146,2.532919,-0.258787,1.772146
nonmember,14657,5,5,1,1.200520,0.301038,0.301038,1.783528,2.293257,0.244916,-1.783528
nonmember,26932,9,7,0,2.055224,0.128064,0.271102,2.079267,0.687127,-0.749965,2.079267
nonmember,22808,2,4,0,1.671751,0.187918,0.256945,1.854195,1.529717,-0.312857,1.854195
nonmember,41468,9,9,1,1.001433,0.367353,0.367353,1.895816,1.828447,0.620459,-1.895816
nonmember,22747,1,1,1,1.446336,0.235431,0.235431,2.092211,1.205181,0.342956,-2.092211
nonmember,29253,6,7,0,2.569040,0.076609,0.288233,1.860058,0.538418,-1.325053,1.860058
nonmember,21799,9,8,0,1.407937,0.244647,0.428295,1.615744,1.692873,-0.559995,1.615744
nonmember,4660,4,6,0,1.627667,0.196387,0.223739,1.888968,1.744887,-0.130393,1.888968
nonmember,6394,3,3,1,1.169967,0.310377,0.310377,1.787449,2.082682,0.269385,-1.787449
nonmember,648,2,1,0,2.655418,0.070269,0.186611,2.112621,-0.074687,-0.976688,2.112621
nonmember,48364,2,2,1,1.786674,0.167516,0.167516,2.129931,0.845488,0.104335,-2.129931
nonmember,15311,3,3,1,1.503289,0.222398,0.222398,1.993537,1.679924,0.119199,-1.993537
nonmember,1392,8,8,1,0.852020,0.426553,0.426553,1.372180,3.349788,0.389333,-1.372180
nonmember,6014,3,7,0,1.856931,0.156151,0.199964,2.092360,0.774997,-0.247314,2.092360
nonmember,24636,2,3,0,3.242162,0.039079,0.250800,1.955508,-0.107917,-1.859061,1.955508
nonmember,13118,1,0,0,2.270259,0.103285,0.279038,1.878632,0.639754,-0.993853,1.878632
nonmember,4548,5,3,0,1.232467,0.291572,0.450516,1.509267,2.641896,-0.435105,1.509267
nonmember,44160,5,7,0,1.960311,0.140815,0.287322,1.953189,0.853367,-0.713159,1.953189
nonmember,13298,9,9,1,1.456140,0.233134,0.233134,2.095616,1.188417,0.155651,-2.095616
nonmember,6882,8,9,0,1.563291,0.209446,0.333641,1.933739,1.129396,-0.465600,1.933739
nonmember,38572,6,6,1,0.875403,0.416694,0.416694,1.749850,2.578355,0.890697,-1.749850
nonmember,13153,6,6,1,1.018707,0.361062,0.361062,1.817318,2.300803,0.846928,-1.817318
nonmember,44607,7,7,1,0.609350,0.543704,0.543704,1.473483,2.982319,1.351692,-1.473483
nonmember,28974,9,8,0,1.395109,0.247806,0.607128,1.023691,3.993970,-0.896093,1.023691
nonmember,42386,7,7,1,1.565801,0.208921,0.208921,2.026087,1.165441,0.005949,-2.026087
nonmember,6988,1,1,1,1.319237,0.267339,0.267339,1.927665,1.443249,0.136580,-1.927665
nonmember,9123,0,0,1,0.516092,0.596848,0.596848,1.003568,4.875232,0.690478,-1.003568
nonmember,6205,3,4,0,2.283067,0.101971,0.182371,2.145474,0.251183,-0.581356,2.145474
nonmember,4402,3,6,0,2.190905,0.111816,0.211314,2.174171,0.299664,-0.636494,2.174171
nonmember,16796,3,3,1,1.268727,0.281189,0.281189,2.014682,1.341561,0.195121,-2.014682
nonmember,6233,1,1,1,0.721391,0.486076,0.486076,1.149897,4.126367,0.411694,-1.149897
nonmember,6253,5,8,0,4.977502,0.006891,0.548483,1.207505,-0.901136,-4.376903,1.207505
nonmember,11912,0,6,0,10.416913,0.000030,0.441109,1.634474,-6.074934,-9.598450,1.634474
nonmember,2990,4,7,0,1.575931,0.206815,0.238106,1.754414,2.619910,-0.140891,1.754414
nonmember,25201,1,1,1,1.159493,0.313645,0.313645,1.895287,1.759866,0.289092,-1.895287
nonmember,20076,5,5,1,1.396847,0.247376,0.247376,2.158440,1.190391,0.434726,-2.158440
nonmember,6739,7,7,1,1.076686,0.340723,0.340723,1.960135,1.672728,0.922151,-1.960135
nonmember,34053,2,0,0,10.298154,0.000034,0.967345,0.149456,-0.446405,-10.264955,0.149456
nonmember,46607,2,7,0,2.082814,0.124579,0.284747,2.019733,0.575397,-0.826659,2.019733
nonmember,49294,5,6,0,2.083315,0.124517,0.213749,1.980960,0.842933,-0.540364,1.980960
nonmember,5262,8,9,0,1.817837,0.162377,0.431857,1.715989,1.108144,-0.978175,1.715989
nonmember,38018,9,1,0,0.993326,0.370343,0.412612,1.480604,2.331536,-0.108079,1.480604
nonmember,36690,4,6,0,1.687901,0.184907,0.278081,1.913191,1.381223,-0.408060,1.913191
nonmember,26471,1,8,0,1.948583,0.142476,0.373408,1.587327,1.289422,-0.963500,1.587327
nonmember,9264,5,1,0,3.080770,0.045924,0.237419,1.997630,-0.392038,-1.642843,1.997630
nonmember,17534,1,6,0,4.688910,0.009197,0.502078,1.508844,-0.103266,-3.999911,1.508844
nonmember,29469,1,0,0,3.664495,0.025617,0.733167,1.087389,-0.084976,-3.354112,1.087389
nonmember,33516,0,7,0,3.082427,0.045848,0.502264,1.669934,0.011476,-2.393798,1.669934
nonmember,39997,6,6,1,1.133142,0.322020,0.322020,1.845941,2.259165,0.668594,-1.845941
nonmember,10565,3,7,0,2.365818,0.093872,0.311611,1.739111,1.669053,-1.199819,1.739111
nonmember,17815,1,1,1,0.457615,0.632791,0.632791,1.368443,2.829622,1.822588,-1.368443
nonmember,22824,1,1,1,0.952007,0.385966,0.385966,1.841627,1.844220,0.549605,-1.841627
nonmember,19869,1,9,0,1.559970,0.210142,0.577129,1.330356,1.930201,-1.010281,1.330356
nonmember,26085,6,7,0,1.710955,0.180693,0.287067,1.957996,1.419541,-0.462917,1.957996
nonmember,25115,2,2,1,1.550136,0.212219,0.212219,2.149768,0.908061,0.187495,-2.149768
nonmember,33596,0,0,1,0.041534,0.959317,0.959317,0.183481,9.101081,3.238368,-0.183481
nonmember,24411,3,3,1,1.352304,0.258644,0.258644,1.884885,1.904009,0.118902,-1.884885
nonmember,25528,2,8,0,3.977753,0.018728,0.627224,1.337754,-0.547015,-3.511302,1.337754
nonmember,10552,7,5,0,2.110374,0.121193,0.290044,1.853848,1.108799,-0.872653,1.853848
nonmember,1442,7,9,0,4.280796,0.013832,0.408126,1.564599,-1.003582,-3.384616,1.564599
nonmember,45177,9,9,1,0.532896,0.586903,0.586903,1.163233,4.019248,1.082935,-1.163233
nonmember,49014,5,7,0,2.073754,0.125713,0.282972,2.092935,0.414178,-0.811348,2.092935
nonmember,19658,8,0,0,1.484733,0.226563,0.563970,1.369482,1.895467,-0.911978,1.369482
nonmember,26003,0,0,1,1.074096,0.341606,0.341606,1.557764,2.487381,0.278965,-1.557764
nonmember,44576,3,7,0,2.481740,0.083598,0.203376,2.107900,0.165137,-0.889040,2.107900
nonmember,37648,0,8,0,2.359668,0.094452,0.657737,1.011487,2.672142,-1.940718,1.011487
nonmember,47240,6,6,1,1.267523,0.281528,0.281528,1.883177,2.494715,0.280114,-1.883177
nonmember,11077,5,6,0,2.046884,0.129137,0.343939,1.919589,1.110512,-0.979592,1.919589
nonmember,9793,5,5,1,1.458865,0.232500,0.232500,2.146167,1.163579,0.452112,-2.146167
nonmember,21124,5,1,0,3.995980,0.018389,0.420053,1.339661,-0.554169,-3.128606,1.339661
nonmember,13585,2,0,0,1.866140,0.154720,0.167320,2.138587,0.631035,-0.078290,2.138587
nonmember,30749,0,9,0,4.578586,0.010269,0.231950,2.009058,-1.896192,-3.117353,2.009058
nonmember,48932,6,9,0,2.211055,0.109585,0.465599,1.569077,1.152171,-1.446625,1.569077
nonmember,36190,7,7,1,1.302728,0.271789,0.271789,2.098389,1.331834,0.787022,-2.098389
nonmember,25806,4,6,0,2.239705,0.106490,0.277698,1.853765,1.464509,-0.958482,1.853765
nonmember,8761,3,3,1,1.509730,0.220970,0.220970,2.071614,1.328101,0.206499,-2.071614
nonmember,41818,0,1,0,4.080385,0.016901,0.226789,2.059612,-1.416961,-2.596650,2.059612
nonmember,5438,1,8,0,3.242328,0.039073,0.678494,0.942971,1.696864,-2.854449,0.942971
nonmember,10229,1,9,0,2.245836,0.105839,0.405700,1.904700,0.471458,-1.343695,1.904700
nonmember,44192,3,3,1,1.657587,0.190598,0.190598,2.104362,0.860328,0.073675,-2.104362
nonmember,7462,0,7,0,1.251705,0.286017,0.322044,1.780406,1.829665,-0.118636,1.780406
nonmember,23381,7,7,1,1.070485,0.342842,0.342842,1.986294,1.620978,0.783525,-1.986294
nonmember,42102,9,8,0,1.457031,0.232927,0.319104,1.717845,1.693432,-0.314793,1.717845
nonmember,32791,2,1,0,3.052132,0.047258,0.456130,1.579193,0.033879,-2.267155,1.579193
nonmember,911,0,0,1,0.440721,0.643572,0.643572,1.352582,2.802334,1.966653,-1.352582
nonmember,2772,2,1,0,2.889708,0.055592,0.400318,1.723718,0.338592,-1.974212,1.723718
nonmember,36532,5,6,0,1.982827,0.137679,0.182489,2.143146,0.734964,-0.281763,2.143146
nonmember,2351,9,9,1,0.962430,0.381963,0.381963,1.897334,1.889854,0.893956,-1.897334
nonmember,23048,3,6,0,1.760800,0.171907,0.331915,1.735296,2.046873,-0.657924,1.735296
nonmember,35578,8,1,0,1.416145,0.242648,0.333068,1.642629,1.768221,-0.316738,1.642629
nonmember,28299,5,7,0,2.238462,0.106622,0.239251,2.074187,0.375873,-0.808220,2.074187
nonmember,49928,6,6,1,0.887877,0.411529,0.411529,1.779897,2.346707,0.947091,-1.779897
nonmember,27824,7,6,0,2.378420,0.092697,0.229169,2.007062,0.796523,-0.905126,2.007062
nonmember,3942,6,6,1,0.755888,0.469593,0.469593,1.726126,2.543163,1.564815,-1.726126
nonmember,10079,1,9,0,2.891454,0.055495,0.375027,1.889176,-0.107854,-1.910697,1.889176
nonmember,30166,1,1,1,1.155280,0.314969,0.314969,1.512938,2.301048,0.001401,-1.512938
nonmember,12038,1,2,0,3.024576,0.048578,0.316854,1.871013,0.067617,-1.875260,1.871013
nonmember,2595,2,1,0,2.129369,0.118912,0.157147,2.210364,0.282585,-0.278794,2.210364
nonmember,17704,9,6,0,4.762086,0.008548,0.293825,1.823882,-0.982971,-3.537314,1.823882
nonmember,2442,4,9,0,6.063795,0.002326,0.725493,0.935224,-1.670038,-5.742891,0.935224
nonmember,1295,2,6,0,2.253103,0.105073,0.231238,1.999194,0.495425,-0.788793,1.999194
nonmember,34821,1,7,0,2.097107,0.122811,0.296268,1.726763,1.044035,-0.880617,1.726763
nonmember,2649,3,6,0,2.232640,0.107245,0.417018,1.633207,1.660008,-1.358014,1.633207
nonmember,1807,6,3,0,1.562442,0.209624,0.284407,1.907388,2.100804,-0.305095,1.907388
nonmember,23935,3,6,0,2.025309,0.131953,0.280004,2.052861,0.821008,-0.752359,2.052861
nonmember,2861,0,8,0,1.557413,0.210680,0.347424,1.837738,1.307466,-0.500205,1.837738
nonmember,11168,2,9,0,3.919759,0.019846,0.510151,1.170774,-0.090517,-3.246710,1.170774
nonmember,12993,0,8,0,0.964382,0.381219,0.396074,1.294827,3.191347,-0.038227,1.294827
nonmember,8897,7,4,0,1.767786,0.170710,0.198425,2.079632,0.998810,-0.150440,2.079632
nonmember,9311,3,9,0,3.077227,0.046087,0.266279,1.974777,-0.440120,-1.754015,1.974777
nonmember,30398,8,0,0,1.292088,0.274697,0.424913,1.416009,2.751019,-0.436216,1.416009
nonmember,31022,3,6,0,2.424757,0.088500,0.413290,1.812380,0.890203,-1.541150,1.812380
nonmember,32132,8,0,0,1.927204,0.145555,0.697702,1.078363,1.954062,-1.567241,1.078363
nonmember,1748,9,1,0,1.371810,0.253647,0.467191,1.525037,2.035177,-0.610793,1.525037
nonmember,48915,1,8,0,2.237463,0.106729,0.450290,1.436666,1.543783,-1.439600,1.436666
nonmember,18980,8,8,1,0.921325,0.397991,0.397991,1.448091,2.918003,0.340572,-1.448091
nonmember,18937,9,9,1,1.715683,0.179841,0.179841,2.138585,0.937495,0.051257,-2.138585
nonmember,9654,9,8,0,1.401857,0.246139,0.545945,1.147139,2.987956,-0.796620,1.147139
nonmember,28146,4,6,0,1.895614,0.150226,0.281308,2.041762,0.804047,-0.627309,2.041762
nonmember,20944,9,1,0,1.243454,0.288386,0.382067,1.433273,2.806278,-0.281296,1.433273
nonmember,4563,0,0,1,0.490887,0.612083,0.612083,1.414193,2.775406,1.769638,-1.414193
nonmember,15259,4,6,0,1.692278,0.184100,0.360343,1.804712,1.557659,-0.671579,1.804712
nonmember,4619,0,9,0,2.637978,0.071506,0.399292,1.790485,0.213837,-1.719914,1.790485
nonmember,8153,3,9,0,1.502301,0.222617,0.231998,2.009502,1.191435,-0.041275,2.009502
nonmember,7811,4,6,0,1.958154,0.141119,0.471608,1.647519,1.699548,-1.206548,1.647519
nonmember,9270,9,9,1,1.183162,0.306309,0.306309,1.865443,1.736104,0.312890,-1.865443
nonmember,12865,1,9,0,1.547784,0.212719,0.249614,1.952028,1.803392,-0.159946,1.952028
nonmember,2158,9,9,1,0.511002,0.599894,0.599894,1.220756,3.272096,1.047053,-1.220756
nonmember,48336,8,3,0,2.799102,0.060865,0.354110,1.945352,0.007353,-1.760956,1.945352
nonmember,19227,8,0,0,1.466960,0.230626,0.416980,1.667237,1.702611,-0.592244,1.667237
nonmember,49307,6,7,0,2.367821,0.093685,0.137760,2.253421,-0.012893,-0.385579,2.253421
nonmember,32248,6,6,1,1.322406,0.266493,0.266493,2.039440,1.425288,0.533332,-2.039440
nonmember,14335,0,9,0,3.086118,0.045679,0.563959,1.414233,0.221777,-2.513344,1.414233
nonmember,47572,7,8,0,6.547872,0.001433,0.408626,1.263571,-1.552906,-5.652917,1.263571
nonmember,12750,3,0,0,1.954777,0.141596,0.162348,2.197143,0.454214,-0.136765,2.197143
nonmember,34667,9,9,1,0.960778,0.382595,0.382595,1.471593,2.596231,0.079206,-1.471593
nonmember,31439,5,7,0,2.287358,0.101534,0.295949,1.927807,0.666775,-1.069789,1.927807
nonmember,16466,8,1,0,2.206123,0.110127,0.316908,1.875293,0.605769,-1.056979,1.875293
nonmember,12296,0,9,0,1.900959,0.149425,0.351996,1.800855,1.042483,-0.856824,1.800855
nonmember,7062,4,3,0,2.864479,0.057013,0.271062,1.952454,0.642907,-1.559070,1.952454
nonmember,28494,6,6,1,0.881612,0.414115,0.414115,1.840944,2.151947,1.449686,-1.840944
nonmember,11921,2,6,0,2.132581,0.118531,0.241310,1.989758,0.714635,-0.710908,1.989758
nonmember,8568,9,9,1,1.008528,0.364756,0.364756,1.725894,2.053765,0.168150,-1.725894
nonmember,3269,8,9,0,1.656974,0.190715,0.663480,0.944294,3.625570,-1.246718,0.944294
nonmember,22466,9,9,1,1.135553,0.321244,0.321244,1.798325,1.995030,0.253352,-1.798325
nonmember,49641,0,1,0,2.712048,0.066401,0.449695,1.598823,0.468588,-1.912862,1.598823
nonmember,8402,9,9,1,1.538028,0.214804,0.214804,2.145627,0.904099,0.303271,-2.145627
nonmember,12481,8,8,1,0.694803,0.499173,0.499173,1.048488,3.675482,0.184931,-1.048488
nonmember,10146,0,7,0,3.747005,0.023588,0.362304,1.876578,-0.862376,-2.731733,1.876578
nonmember,5861,9,9,1,1.313014,0.269008,0.269008,2.075969,1.340342,0.649415,-2.075969
nonmember,37202,7,4,0,1.752113,0.173407,0.306362,1.784255,1.657265,-0.569126,1.784255
nonmember,34798,6,1,0,2.643747,0.071094,0.267142,2.020487,0.215996,-1.323771,2.020487
nonmember,7936,1,1,1,1.609572,0.199973,0.199973,2.142608,0.863851,0.231240,-2.142608
nonmember,41966,1,9,0,1.473459,0.229132,0.608492,1.224070,2.188705,-0.976687,1.224070
nonmember,10378,2,0,0,2.871539,0.056612,0.624696,1.410386,0.326662,-2.401050,1.410386
nonmember,13177,2,6,0,2.157485,0.115616,0.324704,1.984669,0.650747,-1.032645,1.984669
nonmember,19364,2,4,0,2.496463,0.082376,0.248354,1.820662,1.387758,-1.103562,1.820662
nonmember,12732,1,1,1,0.669786,0.511818,0.511818,0.966574,4.073596,0.174702,-0.966574
nonmember,15217,3,6,0,1.687515,0.184979,0.223622,2.010865,1.149070,-0.189718,2.010865
nonmember,26982,2,2,1,2.028421,0.131543,0.131543,2.286091,0.315115,0.035570,-2.286091
nonmember,20450,4,6,0,1.760389,0.171978,0.357211,1.827877,1.579522,-0.730961,1.827877
nonmember,33352,4,7,0,2.597999,0.074422,0.231121,1.982051,0.644936,-1.133184,1.982051
nonmember,22878,6,1,0,2.359458,0.094471,0.236931,2.071707,0.468667,-0.919470,2.071707
nonmember,21712,3,1,0,2.017273,0.133018,0.308066,1.963260,1.183209,-0.839832,1.963260
nonmember,32382,7,6,0,2.404937,0.090271,0.302076,2.009082,0.519747,-1.207860,2.009082
nonmember,32321,2,2,1,1.629952,0.195939,0.195939,1.973472,1.457877,0.004764,-1.973472
nonmember,35902,5,9,0,2.911156,0.054413,0.226541,2.042213,-0.296626,-1.426324,2.042213
nonmember,5904,8,0,0,1.851623,0.156982,0.761144,0.784889,3.600029,-1.578691,0.784889
nonmember,42164,4,6,0,1.750943,0.173610,0.195460,2.084974,0.966887,-0.118544,2.084974
nonmember,33201,6,7,0,1.268934,0.281131,0.289497,1.822398,2.083031,-0.029322,1.822398
nonmember,26452,1,3,0,2.096269,0.122914,0.190290,2.145937,0.535242,-0.437061,2.145937
nonmember,38924,5,7,0,2.198197,0.111003,0.271937,1.866583,0.869990,-0.896013,1.866583
nonmember,14321,3,7,0,2.031389,0.131153,0.190860,2.133407,0.520750,-0.375173,2.133407
nonmember,48606,9,0,0,1.832924,0.159945,0.270826,2.019122,0.881727,-0.526646,2.019122
nonmember,39511,6,6,1,0.642394,0.526032,0.526032,1.602458,2.935121,1.681574,-1.602458
nonmember,8932,1,7,0,5.909453,0.002714,0.475717,1.473455,-1.189114,-5.166521,1.473455
nonmember,6463,6,9,0,2.238431,0.106626,0.347763,1.766679,0.826302,-1.182197,1.766679
nonmember,12372,8,9,0,2.615052,0.073164,0.671465,0.937608,2.259993,-2.216758,0.937608
nonmember,28113,0,8,0,3.832341,0.021659,0.807395,0.822854,0.262972,-3.618400,0.822854
nonmember,31741,2,6,0,2.677074,0.068764,0.270613,1.875317,0.665180,-1.370010,1.875317
nonmember,16935,5,1,0,2.516248,0.080762,0.323558,1.756276,0.884453,-1.387872,1.756276
nonmember,24999,1,9,0,1.424458,0.240639,0.603306,1.201786,2.438506,-0.919127,1.201786
nonmember,26529,5,6,0,3.096459,0.045209,0.216526,2.042680,-0.369653,-1.566417,2.042680
nonmember,41234,0,8,0,4.491554,0.011203,0.393880,1.212622,-0.078376,-3.559845,1.212622
nonmember,16728,9,8,0,1.310975,0.269557,0.564557,1.148367,2.904788,-0.739260,1.148367
nonmember,20549,1,1,1,0.734963,0.479523,0.479523,1.325278,2.943670,0.373173,-1.325278
nonmember,34709,7,7,1,0.878532,0.415392,0.415392,1.873047,1.901164,1.269142,-1.873047
nonmember,18173,6,6,1,0.760656,0.467360,0.467360,1.475861,3.589411,0.716211,-1.475861
nonmember,11119,3,7,0,2.061370,0.127280,0.246649,2.003426,0.889013,-0.661582,2.003426
nonmember,17644,3,3,1,1.905180,0.148796,0.148796,2.238629,0.514674,0.037247,-2.238629
nonmember,48333,8,0,0,0.871157,0.418467,0.497694,1.048276,3.561033,-0.173388,1.048276
nonmember,26939,3,7,0,2.457597,0.085640,0.262323,1.897151,0.537970,-1.119418,1.897151
nonmember,15505,2,1,0,2.141434,0.117486,0.352040,1.939983,0.587036,-1.097424,1.939983
nonmember,12407,6,6,1,0.527220,0.590244,0.590244,1.399439,3.755903,1.756934,-1.399439
nonmember,15520,8,8,1,0.515504,0.597199,0.597199,1.159827,3.741748,1.185038,-1.159827
nonmember,25340,6,6,1,1.054827,0.348253,0.348253,1.590358,2.526776,0.157189,-1.590358
nonmember,3126,9,9,1,0.918962,0.398933,0.398933,1.519243,2.812774,0.638620,-1.519243
nonmember,19489,6,7,0,4.584865,0.010205,0.281067,1.906842,-1.849967,-3.315703,1.906842
nonmember,35567,1,1,1,1.687799,0.184926,0.184926,2.061580,1.203539,0.019344,-2.061580
nonmember,45031,7,7,1,1.089598,0.336352,0.336352,2.004494,1.520341,0.761094,-2.004494
nonmember,30387,5,3,0,1.874718,0.153398,0.216610,1.989050,1.182981,-0.345060,1.989050
nonmember,27865,2,6,0,2.803730,0.060584,0.396737,1.778107,0.452957,-1.879248,1.778107
nonmember,16100,0,8,0,1.542563,0.213832,0.427549,1.368660,2.753851,-0.692877,1.368660
nonmember,36781,3,3,1,1.387155,0.249785,0.249785,1.934681,1.646183,0.028879,-1.934681
nonmember,30512,6,6,1,0.660831,0.516422,0.516422,1.629106,2.901763,1.646238,-1.629106
nonmember,15572,0,0,1,0.531222,0.587886,0.587886,1.407937,2.911036,1.431004,-1.407937
nonmember,45356,9,9,1,0.541149,0.582079,0.582079,1.141264,3.757105,0.887958,-1.141264
nonmember,10583,7,9,0,2.558573,0.077415,0.274441,1.996287,0.215596,-1.265553,1.996287
nonmember,8842,0,9,0,2.127257,0.119164,0.212449,2.167868,0.410666,-0.578206,2.167868
nonmember,11380,2,2,1,1.712680,0.180382,0.180382,2.238344,0.713846,0.382457,-2.238344
nonmember,17880,5,6,0,1.562228,0.209668,0.295770,1.728753,2.174276,-0.344053,1.728753
nonmember,4520,9,0,0,1.655374,0.191021,0.299566,1.877904,1.268014,-0.449955,1.877904
nonmember,35373,0,0,1,0.211809,0.809120,0.809120,0.724580,4.839903,2.111055,-0.724580
nonmember,16054,9,9,1,0.803793,0.447628,0.447628,1.441707,2.686440,0.316000,-1.441707
nonmember,35705,1,9,0,1.756684,0.172616,0.414412,1.782774,1.255105,-0.875789,1.782774
nonmember,21402,3,7,0,1.358055,0.257160,0.275367,1.876013,1.524033,-0.068405,1.876013
nonmember,11335,2,2,1,1.436058,0.237864,0.237864,1.937323,1.462661,0.150385,-1.937323
nonmember,36197,2,7,0,1.869614,0.154183,0.179477,2.194626,0.526387,-0.151908,2.194626
nonmember,1289,8,9,0,2.489968,0.082913,0.339693,1.758278,0.599535,-1.410254,1.758278
nonmember,11426,7,7,1,1.238815,0.289727,0.289727,1.912158,2.010199,0.288782,-1.912158
nonmember,39990,1,1,1,1.367190,0.254822,0.254822,2.108724,1.156477,0.294826,-2.108724
nonmember,3935,1,1,1,1.409523,0.244260,0.244260,1.998528,1.368302,0.266481,-1.998528
nonmember,45617,8,8,1,1.084019,0.338233,0.338233,1.585726,2.242071,0.046658,-1.585726
nonmember,42345,2,2,1,1.643677,0.193268,0.193268,2.108349,0.953282,0.000192,-2.108349
nonmember,37520,7,9,0,2.101115,0.122320,0.254304,2.171461,0.368933,-0.731892,2.171461
nonmember,21072,6,6,1,1.182778,0.306426,0.306426,2.001452,1.599799,0.655549,-2.001452
nonmember,48684,7,6,0,2.076437,0.125376,0.254008,2.007504,0.994188,-0.706048,2.007504
nonmember,1451,4,5,0,2.228903,0.107646,0.286850,1.741397,1.266697,-0.980106,1.741397
nonmember,1501,2,1,0,2.233938,0.107106,0.214498,2.012375,0.855969,-0.694483,2.012375
nonmember,42278,9,7,0,2.107574,0.121532,0.260669,2.044131,0.816385,-0.763070,2.044131
nonmember,35532,3,1,0,1.722137,0.178684,0.187225,2.165033,0.810162,-0.046693,2.165033
nonmember,42305,1,1,1,0.824155,0.438605,0.438605,1.694676,2.405432,1.103468,-1.694676
nonmember,2635,8,0,0,1.913264,0.147598,0.403481,1.569242,1.552319,-1.005637,1.569242
nonmember,31111,5,7,0,2.222909,0.108294,0.289725,1.947970,0.580157,-0.984085,1.947970
nonmember,37913,1,9,0,1.628156,0.196291,0.447263,1.362660,2.915690,-0.823546,1.362660
nonmember,44287,9,0,0,1.607695,0.200349,0.235818,2.074083,0.967763,-0.163001,2.074083
nonmember,43929,7,9,0,1.845305,0.157977,0.413345,1.761525,1.144369,-0.961833,1.761525
nonmember,47508,2,7,0,1.680479,0.186285,0.213449,2.111021,0.830157,-0.136123,2.111021
nonmember,45358,0,0,1,0.154201,0.857099,0.857099,0.663338,4.121689,2.717322,-0.663338
nonmember,45669,7,7,1,1.264792,0.282298,0.282298,2.028124,1.406834,0.709797,-2.028124
nonmember,13451,4,9,0,3.182670,0.041475,0.326771,1.991581,-0.351020,-2.064176,1.991581
nonmember,25950,3,3,1,1.664052,0.189370,0.189370,2.215004,0.840364,0.317666,-2.215004
nonmember,19577,3,9,0,1.689986,0.184522,0.226255,2.146476,0.855685,-0.203893,2.146476
nonmember,48564,1,1,1,1.061038,0.346097,0.346097,1.821918,2.085598,0.610145,-1.821918
nonmember,31014,9,9,1,1.130220,0.322962,0.322962,1.900775,1.737304,0.346341,-1.900775
nonmember,40490,5,9,0,2.930826,0.053353,0.301193,2.053457,-0.207667,-1.730821,2.053457
nonmember,27754,4,4,1,1.158371,0.313997,0.313997,1.756601,2.517554,0.432338,-1.756601
nonmember,41666,1,9,0,1.290827,0.275043,0.559870,1.140908,2.934715,-0.710776,1.140908
nonmember,20685,3,3,1,1.073404,0.341843,0.341843,1.765376,2.098723,0.418956,-1.765376
nonmember,40507,9,9,1,0.827569,0.437111,0.437111,1.815232,2.014789,1.134081,-1.815232
nonmember,42384,5,7,0,2.277354,0.102555,0.188216,2.089058,0.443242,-0.607188,2.089058
nonmember,37754,2,2,1,1.528241,0.216917,0.216917,2.001658,1.213105,0.034538,-2.001658
nonmember,14293,6,6,1,1.406239,0.245063,0.245063,2.036325,1.487406,0.419752,-2.036325
nonmember,27402,1,1,1,1.090900,0.335914,0.335914,1.992533,1.580328,0.806515,-1.992533
nonmember,16875,2,7,0,2.770869,0.062608,0.376152,1.838154,0.201009,-1.793107,1.838154
nonmember,48253,8,8,1,0.610440,0.543112,0.543112,1.270776,3.578841,1.116979,-1.270776
nonmember,5175,5,3,0,1.716974,0.179609,0.301470,2.047851,0.951301,-0.517889,2.047851
nonmember,3315,1,9,0,1.613690,0.199151,0.404752,1.675514,1.414831,-0.709209,1.675514
nonmember,46335,9,3,0,4.499432,0.011115,0.263632,1.838333,-1.226415,-3.166232,1.838333
nonmember,8413,9,9,1,1.054622,0.348324,0.348324,1.636549,2.184852,0.094933,-1.636549
nonmember,11196,1,9,0,1.890830,0.150946,0.315493,1.745279,1.057757,-0.737211,1.745279
nonmember,21412,2,1,0,2.553638,0.077798,0.271547,1.885543,0.962127,-1.250016,1.885543
nonmember,13657,9,9,1,1.041563,0.352903,0.352903,1.835075,1.936190,0.561581,-1.835075
nonmember,2231,5,7,0,2.041540,0.129829,0.415500,1.792790,1.068303,-1.163268,1.792790
nonmember,4466,8,8,1,1.087801,0.336957,0.336957,1.758715,1.870547,0.107139,-1.758715
nonmember,49106,2,6,0,1.932130,0.144839,0.223129,2.025803,0.917100,-0.432127,2.025803
nonmember,18592,4,9,0,2.622260,0.072639,0.191075,2.182066,-0.196532,-0.967169,2.182066
nonmember,3703,3,3,1,1.856296,0.156250,0.156250,2.204141,0.597058,0.137012,-2.204141
nonmember,11100,0,0,1,0.564855,0.568443,0.568443,1.561202,2.441209,1.668314,-1.561202
nonmember,26594,8,1,0,3.416839,0.032816,0.345462,1.787044,-0.466526,-2.353965,1.787044
nonmember,30490,3,0,0,3.654029,0.025887,0.473563,1.601884,-0.562072,-2.906559,1.601884
nonmember,47846,2,6,0,2.356042,0.094795,0.421425,1.698982,1.459901,-1.491929,1.698982
nonmember,44174,2,7,0,2.199243,0.110887,0.315330,1.896650,0.682265,-1.045109,1.896650
nonmember,1884,2,9,0,2.037389,0.130369,0.270187,2.070565,0.659167,-0.728750,2.070565
nonmember,457,0,0,1,0.600675,0.548441,0.548441,1.316167,3.014642,0.741955,-1.316167
nonmember,32348,1,1,1,1.720134,0.179042,0.179042,2.189997,0.718637,0.149947,-2.189997
nonmember,20832,4,3,0,2.426390,0.088355,0.159157,2.220704,-0.010111,-0.588526,2.220704
nonmember,16620,8,9,0,2.289917,0.101275,0.196604,2.179949,0.142891,-0.663353,2.179949
nonmember,588,6,6,1,1.184589,0.305872,0.305872,1.686781,3.112771,0.263980,-1.686781
nonmember,42770,8,1,0,3.968159,0.018908,0.488408,1.587544,-0.460775,-3.251555,1.587544
nonmember,16179,4,4,1,1.396466,0.247470,0.247470,1.822923,2.000082,0.098385,-1.822923
nonmember,22876,5,9,0,2.508259,0.081410,0.167287,2.101956,0.293271,-0.720214,2.101956
nonmember,30704,3,6,0,1.893036,0.150614,0.294068,1.927785,1.205980,-0.669090,1.927785
nonmember,6098,0,9,0,1.515930,0.219604,0.287290,1.914716,1.232906,-0.268668,1.914716
nonmember,45925,6,5,0,2.119323,0.120113,0.305583,1.741634,1.432672,-0.933790,1.741634
nonmember,1344,5,7,0,2.205020,0.110248,0.456499,1.617678,1.402262,-1.420851,1.617678
nonmember,468,0,0,1,0.230221,0.794358,0.794358,0.639410,5.530322,1.531585,-0.639410
nonmember,47123,2,6,0,2.802387,0.060665,0.276177,1.798046,1.041269,-1.515675,1.798046
nonmember,49007,8,0,0,1.682187,0.185967,0.637815,1.170305,2.135091,-1.232480,1.170305
nonmember,43701,3,1,0,1.781991,0.168303,0.209225,2.134189,0.853001,-0.217644,2.134189
nonmember,12353,8,0,0,4.108068,0.016440,0.483012,1.621501,-1.020274,-3.380354,1.621501
nonmember,6301,7,6,0,2.069877,0.126201,0.369789,1.879961,0.927874,-1.075054,1.879961
nonmember,44275,0,0,1,0.988368,0.372184,0.372184,1.743080,1.985047,0.378866,-1.743080
nonmember,15666,4,2,0,1.729028,0.177457,0.235662,2.006860,1.281568,-0.283674,2.006860
nonmember,16298,7,3,0,1.712651,0.180387,0.229691,1.889154,1.871441,-0.241630,1.889154
nonmember,20585,4,4,1,1.271410,0.280436,0.280436,1.755705,2.633854,0.133813,-1.755705
nonmember,3289,3,5,0,1.508892,0.221155,0.269306,1.816681,2.025683,-0.196986,1.816681
nonmember,42103,0,8,0,1.453684,0.233708,0.249474,1.849992,1.525022,-0.065282,1.849992
nonmember,4401,7,7,1,1.310893,0.269579,0.269579,2.005051,1.359168,0.363001,-2.005051
nonmember,10123,9,8,0,2.133484,0.118424,0.543700,1.402353,1.375496,-1.524126,1.402353
nonmember,27227,4,5,0,2.627920,0.072229,0.175980,2.209023,-0.202684,-0.890537,2.209023
nonmember,13399,9,9,1,0.572855,0.563913,0.563913,1.357244,2.954355,1.149687,-1.357244
nonmember,15697,2,6,0,2.347434,0.095614,0.269717,1.982759,0.868648,-1.037053,1.982759
nonmember,19676,6,6,1,1.169825,0.310421,0.310421,2.007266,1.593730,0.888843,-2.007266
nonmember,10390,9,0,0,1.249270,0.286714,0.444215,1.387695,2.776900,-0.437823,1.387695
nonmember,16266,2,2,1,1.612635,0.199362,0.199362,2.038571,1.405307,0.111206,-2.038571
nonmember,2826,2,6,0,2.247086,0.105707,0.209879,2.160306,0.298875,-0.685864,2.160306
nonmember,20574,0,6,0,9.928325,0.000049,0.540456,1.426697,-5.319027,-9.312984,1.426697
nonmember,8374,1,1,1,1.014669,0.362522,0.362522,1.866829,1.869312,0.675048,-1.866829
nonmember,27512,1,1,1,0.975469,0.377015,0.377015,1.844739,2.051389,0.862723,-1.844739
nonmember,40580,4,3,0,2.039891,0.130043,0.239293,1.852844,1.237594,-0.609825,1.852844
nonmember,30658,9,8,0,1.702279,0.182268,0.700780,0.935270,2.749355,-1.346718,0.935270
nonmember,29871,3,6,0,2.335496,0.096762,0.367467,1.840846,0.774148,-1.334374,1.840846
nonmember,16323,4,1,0,3.109360,0.044630,0.192737,2.109077,-0.556469,-1.462929,2.109077
nonmember,35542,9,9,1,0.837176,0.432931,0.432931,1.556201,2.374797,0.612781,-1.556201
nonmember,24901,7,1,0,3.417664,0.032789,0.347981,1.861991,-0.602962,-2.362056,1.861991
nonmember,2993,2,7,0,2.023973,0.132129,0.159569,2.245122,0.366785,-0.188697,2.245122
nonmember,48980,5,7,0,2.180561,0.112978,0.255884,2.039317,0.500412,-0.817529,2.039317
nonmember,11574,1,7,0,3.430882,0.032358,0.379870,1.729776,0.085791,-2.462955,1.729776
nonmember,2088,4,7,0,2.639885,0.071369,0.541154,1.604310,0.492011,-2.025834,1.604310
nonmember,26152,9,9,1,1.074323,0.341529,0.341529,1.448114,2.747617,0.192315,-1.448114
nonmember,27735,3,9,0,3.448346,0.031798,0.425518,1.756627,-0.535232,-2.593898,1.756627
nonmember,29094,9,1,0,1.271403,0.280438,0.419144,1.600207,2.019488,-0.401862,1.600207
nonmember,23837,1,9,0,1.023767,0.359239,0.505154,1.161855,3.015749,-0.340875,1.161855
nonmember,35979,1,9,0,1.511997,0.220469,0.452251,1.513853,1.978099,-0.718479,1.513853
nonmember,22917,9,9,1,1.153201,0.315625,0.315625,1.927164,1.666118,0.214123,-1.927164
nonmember,26463,8,0,0,2.048026,0.128989,0.866535,0.417382,5.704821,-1.904773,0.417382
nonmember,29356,9,9,1,0.713271,0.490039,0.490039,1.448079,2.804619,0.786676,-1.448079
nonmember,12945,2,4,0,2.157827,0.115576,0.210443,1.822165,1.366615,-0.599285,1.822165
nonmember,9113,1,1,1,0.471341,0.624165,0.624165,1.388571,2.901327,1.723027,-1.388571
nonmember,23825,0,8,0,1.268698,0.281198,0.479601,1.271969,3.395021,-0.533897,1.271969
nonmember,20186,7,9,0,2.611797,0.073403,0.306170,2.055275,-0.018484,-1.428184,2.055275
nonmember,36619,7,4,0,2.011558,0.133780,0.165592,2.165589,0.551377,-0.213332,2.165589
nonmember,10761,0,6,0,6.197395,0.002035,0.371138,1.879252,-3.049820,-5.206215,1.879252
nonmember,12946,1,1,1,0.396353,0.672769,0.672769,1.245876,3.180613,1.837609,-1.245876
nonmember,49637,9,6,0,2.397763,0.090921,0.384356,1.830933,0.749852,-1.441575,1.830933
nonmember,29285,1,1,1,1.146942,0.317606,0.317606,1.937245,2.183644,0.629097,-1.937245
nonmember,25336,8,9,0,1.375840,0.252627,0.357888,1.250127,3.294873,-0.348304,1.250127
nonmember,3547,5,6,0,1.943549,0.143195,0.226692,1.942396,1.128033,-0.459385,1.942396
nonmember,10648,1,1,1,0.486245,0.614931,0.614931,1.326789,2.971004,1.481972,-1.326789
nonmember,27218,6,6,1,0.766863,0.464468,0.464468,1.614090,3.055197,1.124159,-1.614090
nonmember,20831,0,9,0,1.516526,0.219473,0.378216,1.667030,1.783715,-0.544236,1.667030
nonmember,29279,6,7,0,2.257329,0.104630,0.294122,1.904454,0.829383,-1.033569,1.904454
nonmember,21666,4,0,0,4.274684,0.013916,0.617095,1.388818,-1.072905,-3.791952,1.388818
nonmember,33797,0,9,0,1.839415,0.158910,0.276849,1.981814,0.878050,-0.555131,1.981814
nonmember,13539,7,6,0,1.660054,0.190129,0.254564,1.911784,1.411632,-0.291852,1.911784
nonmember,24196,5,7,0,2.065467,0.126759,0.300230,2.000603,0.757377,-0.862259,2.000603
nonmember,20755,6,6,1,1.507031,0.221567,0.221567,1.944516,2.094306,0.163895,-1.944516
nonmember,13315,8,1,0,4.541791,0.010654,0.545862,1.454305,-1.022582,-3.936403,1.454305
nonmember,11806,9,1,0,1.581540,0.205658,0.343099,1.936935,1.232098,-0.511803,1.936935
nonmember,21167,2,6,0,2.765647,0.062935,0.572913,1.401110,1.555628,-2.208626,1.401110
nonmember,32801,5,6,0,2.389890,0.091640,0.372390,1.742029,1.640077,-1.402077,1.742029
nonmember,20292,5,3,0,2.032675,0.130985,0.240678,2.076531,0.608237,-0.608378,2.076531
nonmember,36204,4,9,0,2.831246,0.058939,0.247404,2.047624,-0.219702,-1.434515,2.047624
nonmember,10609,4,6,0,1.791605,0.166692,0.433349,1.706325,1.792719,-0.955392,1.706325
nonmember,12783,3,6,0,2.392079,0.091439,0.525452,1.588136,1.396550,-1.748583,1.588136
nonmember,15566,9,9,1,0.709330,0.491974,0.491974,1.168290,4.343173,0.657878,-1.168290
nonmember,36995,6,6,1,0.969194,0.379389,0.379389,1.849644,2.196688,1.057889,-1.849644
nonmember,24501,8,0,0,1.535533,0.215341,0.301724,1.708068,1.686580,-0.337291,1.708068
nonmember,27951,7,3,0,1.835509,0.159532,0.203657,2.106006,0.829899,-0.244188,2.106006
nonmember,12124,4,6,0,1.936595,0.144194,0.391779,1.857846,1.084445,-0.999537,1.857846
nonmember,16886,5,3,0,2.332551,0.097048,0.240094,1.872751,0.916632,-0.905824,1.872751
nonmember,13497,0,9,0,2.729812,0.065232,0.623756,1.256646,0.957298,-2.257817,1.256646
nonmember,4010,3,6,0,1.293776,0.274233,0.284110,1.850139,1.962975,-0.035383,1.850139
nonmember,15805,6,6,1,1.771336,0.170106,0.170106,2.087677,0.950285,0.070137,-2.087677
nonmember,7496,8,9,0,1.444767,0.235801,0.346800,1.541580,2.154575,-0.385761,1.541580
nonmember,41524,0,9,0,2.379805,0.092569,0.448098,1.774216,0.468135,-1.577061,1.774216
nonmember,15480,9,9,1,1.321992,0.266604,0.266604,1.985604,1.390681,0.481034,-1.985604
nonmember,45668,4,4,1,1.362921,0.255912,0.255912,1.824574,2.123604,0.056419,-1.824574
nonmember,1992,4,6,0,1.669340,0.188371,0.212698,1.738051,2.853935,-0.121458,1.738051
nonmember,40968,2,0,0,2.929157,0.053442,0.645604,1.333078,0.379236,-2.491589,1.333078
nonmember,9097,9,9,1,0.808231,0.445646,0.445646,1.464106,2.451039,0.247319,-1.464106
nonmember,27847,4,7,0,1.484499,0.226616,0.289296,1.819360,1.749561,-0.244193,1.819360
nonmember,21127,5,9,0,4.793082,0.008287,0.515522,1.385903,-1.450761,-4.130507,1.385903
nonmember,19682,0,4,0,5.478687,0.004175,0.208509,1.920774,-2.285451,-3.910913,1.920774
nonmember,26055,8,9,0,2.212962,0.109376,0.256757,1.966899,0.577761,-0.853338,1.966899
nonmember,18521,5,5,1,1.690138,0.184494,0.184494,2.208032,0.842104,0.256135,-2.208032
nonmember,5579,7,1,0,2.765438,0.062949,0.283198,1.909590,0.570158,-1.503829,1.909590
nonmember,45818,2,0,0,1.990148,0.136675,0.486298,1.619511,1.149490,-1.269215,1.619511
nonmember,8891,6,6,1,1.208371,0.298683,0.298683,1.989494,1.841159,0.709345,-1.989494
nonmember,30235,5,3,0,2.136273,0.118094,0.134053,2.262272,0.175018,-0.126752,2.262272
nonmember,8249,0,1,0,5.400693,0.004513,0.361445,1.858626,-2.371087,-4.383047,1.858626
nonmember,21837,9,9,1,1.015009,0.362399,0.362399,1.951744,1.689762,0.710554,-1.951744
nonmember,34009,0,9,0,2.333148,0.096990,0.462590,1.524842,1.026389,-1.562233,1.524842
nonmember,28124,2,7,0,2.317278,0.098541,0.242609,1.951342,0.737331,-0.900972,1.951342
nonmember,1423,5,1,0,3.227327,0.039663,0.372732,1.849061,-0.175982,-2.240432,1.849061
nonmember,436,0,0,1,0.408233,0.664824,0.664824,1.296726,2.885770,1.941995,-1.296726
nonmember,13084,0,8,0,3.094201,0.045311,0.605432,1.180351,0.806063,-2.592388,1.180351
nonmember,45221,4,4,1,1.719743,0.179112,0.179112,2.110415,0.850519,0.033199,-2.110415
nonmember,33978,3,0,0,3.955397,0.019151,0.583496,1.257814,-0.336308,-3.416679,1.257814
nonmember,37188,6,1,0,1.429217,0.239496,0.253454,1.950592,1.556562,-0.056643,1.950592
nonmember,31524,9,1,0,1.879455,0.152673,0.201310,2.037457,1.087163,-0.276544,2.037457
nonmember,14339,1,0,0,2.482156,0.083563,0.476615,1.682596,0.462867,-1.741110,1.682596
nonmember,41221,5,7,0,1.948343,0.142510,0.210487,1.970446,1.009373,-0.390012,1.970446
nonmember,7238,1,1,1,1.112901,0.328604,0.328604,1.749017,1.941507,0.066407,-1.749017
nonmember,44196,5,7,0,2.340323,0.096297,0.237645,2.075619,0.157771,-0.903346,2.075619
nonmember,20912,9,9,1,0.838241,0.432471,0.432471,1.354687,2.710022,0.080883,-1.354687
nonmember,23964,0,0,1,0.182836,0.832905,0.832905,0.562263,5.230690,1.771309,-0.562263
nonmember,34113,7,7,1,1.117500,0.327096,0.327096,1.887176,2.001503,0.711825,-1.887176
nonmember,43168,7,9,0,1.317909,0.267695,0.300287,1.823108,1.579427,-0.114891,1.823108
nonmember,43761,6,6,1,0.814812,0.442722,0.442722,1.699435,2.976775,1.109180,-1.699435
nonmember,43060,7,7,1,1.153769,0.315445,0.315445,1.841482,2.111852,0.250758,-1.841482
nonmember,5642,0,0,1,0.322905,0.724043,0.724043,1.076458,3.300812,1.823872,-1.076458
nonmember,2743,8,8,1,0.485727,0.615250,0.615250,1.206740,3.460800,1.294477,-1.206740
nonmember,7247,6,6,1,0.628649,0.533312,0.533312,1.527122,3.267303,1.513499,-1.527122
nonmember,26374,9,1,0,1.488817,0.225639,0.374344,1.341717,2.605938,-0.506237,1.341717
nonmember,26126,3,1,0,2.245404,0.105885,0.295387,1.875809,0.696609,-1.025936,1.875809
nonmember,24347,8,9,0,2.199406,0.110869,0.602670,1.283336,1.391774,-1.693021,1.283336
nonmember,32555,3,1,0,2.920349,0.053915,0.507397,1.487326,0.333381,-2.241887,1.487326
nonmember,30909,0,0,1,0.747582,0.473510,0.473510,1.359690,2.938362,0.402288,-1.359690
nonmember,31675,8,0,0,1.607518,0.200384,0.217685,2.137361,0.900487,-0.082814,2.137361
nonmember,22237,6,3,0,1.741228,0.175305,0.264277,1.913310,1.563861,-0.410473,1.913310
nonmember,1565,1,8,0,1.667694,0.188682,0.380191,1.305975,2.262138,-0.700612,1.305975
nonmember,16181,4,7,0,1.481622,0.227269,0.262681,1.763418,2.416753,-0.144805,1.763418
nonmember,12229,7,5,0,1.814505,0.162919,0.334812,1.960436,0.961396,-0.720320,1.960436
nonmember,49329,2,1,0,3.040802,0.047797,0.294859,1.977847,-0.120148,-1.819544,1.977847
nonmember,42007,1,8,0,2.141292,0.117503,0.510895,1.506526,1.090673,-1.469701,1.506526
nonmember,18848,8,8,1,0.555049,0.574044,0.574044,1.170682,3.613750,0.821289,-1.170682
nonmember,21194,4,5,0,1.625464,0.196820,0.227735,1.787056,2.014390,-0.145891,1.787056
nonmember,3772,3,3,1,1.203627,0.300104,0.300104,1.861481,1.782465,0.256681,-1.861481
nonmember,5853,5,1,0,2.975504,0.051022,0.240403,1.964813,0.355304,-1.550065,1.964813
nonmember,11541,9,1,0,1.614674,0.198956,0.373042,1.817769,1.328449,-0.628610,1.817769
nonmember,35462,7,7,1,0.915914,0.400151,0.400151,1.850511,1.984940,1.003315,-1.850511
nonmember,26678,8,8,1,0.286622,0.750795,0.750795,0.879466,4.232439,1.777812,-0.879466
nonmember,33420,6,7,0,3.498489,0.030243,0.205837,2.137878,-0.993616,-1.917818,2.137878
nonmember,30409,7,6,0,2.665792,0.069544,0.626801,1.353448,1.240844,-2.198667,1.353448
nonmember,11812,0,9,0,1.859616,0.155732,0.334484,1.761684,1.203227,-0.764448,1.761684
nonmember,45919,0,0,1,0.376049,0.686569,0.686569,1.188294,3.098102,1.697588,-1.188294
nonmember,7725,7,7,1,1.454616,0.233490,0.233490,2.012501,1.304722,0.262046,-2.012501
nonmember,21333,1,9,0,1.891438,0.150855,0.649704,1.220934,1.624659,-1.460199,1.220934
nonmember,31591,0,0,1,0.074574,0.928139,0.928139,0.320758,5.969069,2.810037,-0.320758
nonmember,49064,9,9,1,0.700933,0.496122,0.496122,1.315725,3.174479,0.489216,-1.315725
nonmember,37565,8,9,0,1.927168,0.145560,0.576342,1.174197,2.265054,-1.376114,1.174197
nonmember,22902,4,8,0,5.601434,0.003693,0.370881,1.480951,-1.896701,-4.609560,1.480951
nonmember,48301,5,3,0,2.055228,0.128064,0.347642,1.634586,2.054276,-0.998646,1.634586
nonmember,15517,6,7,0,3.804132,0.022279,0.275740,2.025290,-1.148914,-2.515834,2.025290
nonmember,47999,8,0,0,3.497066,0.030286,0.310028,1.851994,-0.689305,-2.325975,1.851994
nonmember,30606,3,6,0,2.468706,0.084694,0.562573,1.467231,1.448539,-1.893472,1.467231
nonmember,13976,3,9,0,2.820951,0.059549,0.404043,1.621594,0.441520,-1.914717,1.621594
nonmember,29923,3,3,1,1.431203,0.239021,0.239021,2.046226,1.256630,0.101702,-2.046226
nonmember,26787,1,1,1,0.806801,0.446283,0.446283,1.463965,2.690739,0.388405,-1.463965
nonmember,43809,5,9,0,3.402621,0.033286,0.222746,2.045883,-0.803157,-1.900899,2.045883
nonmember,18192,0,0,1,0.484760,0.615845,0.615845,1.188207,3.490762,1.107307,-1.188207
nonmember,37484,5,9,0,2.313672,0.098897,0.230028,2.090014,0.192848,-0.844116,2.090014
nonmember,5129,3,6,0,2.374604,0.093051,0.608208,1.295830,2.709097,-1.877365,1.295830
nonmember,47288,1,9,0,1.009921,0.364248,0.574406,0.922630,4.221541,-0.455503,0.922630
nonmember,32350,3,6,0,2.059881,0.127469,0.354311,1.877814,1.091103,-1.022302,1.877814
nonmember,38061,6,6,1,0.681345,0.505936,0.505936,1.587982,3.112222,1.455412,-1.587982
nonmember,18555,1,0,0,3.141248,0.043229,0.648916,1.326175,0.319855,-2.708796,1.326175
nonmember,3242,3,3,1,1.665982,0.189005,0.189005,2.206995,0.829138,0.176827,-2.206995
nonmember,41267,9,8,0,1.498521,0.223460,0.536547,1.233475,2.623924,-0.875921,1.233475
nonmember,29681,2,1,0,2.976359,0.050978,0.257890,2.055373,-0.369147,-1.621135,2.055373
nonmember,49869,0,1,0,3.938171,0.019484,0.507563,1.476009,-0.664215,-3.260036,1.476009
nonmember,45870,5,5,1,1.428480,0.239673,0.239673,1.896209,1.888987,0.104870,-1.896209
nonmember,5144,1,1,1,0.897672,0.407517,0.407517,1.703596,2.254311,0.487636,-1.703596
nonmember,31332,8,8,1,0.289683,0.748501,0.748501,0.914983,4.002345,1.858719,-0.914983
nonmember,23796,0,1,0,3.634055,0.026409,0.402680,1.828844,-0.823809,-2.724442,1.828844
nonmember,979,4,6,0,1.563208,0.209463,0.375432,1.717538,2.186868,-0.583530,1.717538
nonmember,28745,6,7,0,1.500365,0.223049,0.232853,1.953637,1.775358,-0.043017,1.953637
nonmember,37009,2,6,0,2.604004,0.073977,0.375723,1.717255,1.173132,-1.625101,1.717255
nonmember,11915,2,1,0,2.667468,0.069428,0.571238,1.511961,0.441670,-2.107518,1.511961
nonmember,46558,6,7,0,2.514091,0.080936,0.240614,2.073648,0.256301,-1.089532,2.073648
nonmember,43680,2,0,0,2.553178,0.077834,0.206316,2.170132,-0.059356,-0.974829,2.170132
nonmember,6282,9,9,1,0.650417,0.521828,0.521828,1.218358,3.310058,0.506275,-1.218358
nonmember,15971,6,6,1,1.325551,0.265656,0.265656,2.005456,1.556401,0.490350,-2.005456
nonmember,29449,3,3,1,1.838250,0.159096,0.159096,2.145525,0.965265,0.172694,-2.145525
nonmember,18453,9,9,1,0.391684,0.675918,0.675918,1.031044,3.754504,1.219411,-1.031044
nonmember,41299,2,6,0,3.289476,0.037273,0.371655,1.762627,0.317129,-2.299687,1.762627
nonmember,5672,8,9,0,1.284396,0.276818,0.607904,0.989762,3.766144,-0.786657,0.989762
nonmember,9976,3,1,0,2.612388,0.073359,0.386122,1.933767,0.248424,-1.660786,1.933767
nonmember,29214,6,9,0,2.133953,0.118368,0.258549,2.057551,0.569337,-0.781283,2.057551
nonmember,11619,1,9,0,1.864869,0.154917,0.353360,1.869518,1.204986,-0.824602,1.869518
nonmember,7586,2,7,0,2.123744,0.119583,0.299785,1.884372,0.945515,-0.919055,1.884372
nonmember,20345,3,9,0,1.817412,0.162446,0.240419,2.068097,0.909028,-0.392041,2.068097
nonmember,47400,8,8,1,0.966010,0.380599,0.380599,1.598925,2.318744,0.301569,-1.598925
nonmember,45691,3,1,0,1.485309,0.226432,0.242664,1.905438,1.994206,-0.069231,1.905438
nonmember,31057,2,0,0,3.001294,0.049723,0.322631,1.811415,-0.076627,-1.870047,1.811415
nonmember,45526,6,2,0,3.363286,0.034621,0.187755,2.165284,-0.842284,-1.690669,2.165284
nonmember,11262,5,5,1,1.243382,0.288407,0.288407,1.923900,1.781081,0.221225,-1.923900
nonmember,21489,9,1,0,1.395595,0.247686,0.249601,2.011368,1.350217,-0.007702,2.011368
nonmember,16079,5,7,0,2.280487,0.102234,0.310755,1.863520,0.840829,-1.111735,1.863520
nonmember,20986,6,7,0,3.470565,0.031099,0.375151,1.776660,-0.362852,-2.490139,1.776660
nonmember,32108,3,5,0,1.575613,0.206881,0.249595,1.694689,2.877812,-0.187697,1.694689
nonmember,28189,9,9,1,1.375636,0.252679,0.252679,1.889328,1.551285,0.008500,-1.889328
nonmember,12000,6,1,0,2.085224,0.124279,0.140385,2.243540,0.407404,-0.121854,2.243540
nonmember,18285,2,9,0,2.986427,0.050467,0.430438,1.607783,0.122063,-2.143474,1.607783
nonmember,3074,2,2,1,1.631501,0.195636,0.195636,2.074527,1.002448,0.036807,-2.074527
nonmember,1078,9,6,0,1.608506,0.200187,0.243308,1.974853,1.315482,-0.195079,1.974853
nonmember,10499,0,0,1,0.447711,0.639090,0.639090,1.397736,2.673921,2.260289,-1.397736
nonmember,17370,6,3,0,1.931993,0.144859,0.197686,2.071283,0.831426,-0.310919,2.071283
nonmember,48766,9,9,1,0.389782,0.677205,0.677205,1.172329,3.227656,1.661298,-1.172329
nonmember,5665,0,0,1,1.898635,0.149773,0.149773,2.272049,0.462110,0.173160,-2.272049
nonmember,2989,6,9,0,2.427765,0.088234,0.309040,2.003314,0.173389,-1.253482,2.003314
nonmember,28735,7,7,1,1.057113,0.347458,0.347458,1.992880,1.581015,0.904818,-1.992880
nonmember,45554,5,7,0,2.211553,0.109530,0.660776,1.139635,2.234588,-1.797213,1.139635
nonmember,12487,8,0,0,1.063642,0.345196,0.480282,1.293101,2.734306,-0.330260,1.293101
nonmember,2814,7,1,0,3.169471,0.042026,0.459230,1.583017,0.853472,-2.391267,1.583017
nonmember,7516,6,6,1,0.942704,0.389573,0.389573,1.874974,2.055908,1.025790,-1.874974
nonmember,18679,3,9,0,6.981681,0.000929,0.485343,1.213683,-1.340397,-6.258782,1.213683
nonmember,17954,2,3,0,2.777714,0.062180,0.345752,1.884177,0.488126,-1.715682,1.884177
nonmember,961,6,6,1,0.301419,0.739768,0.739768,1.022305,4.537461,2.385025,-1.022305
nonmember,30928,7,7,1,0.433662,0.648131,0.648131,1.326289,3.035011,2.195651,-1.326289
nonmember,1791,4,0,0,2.540880,0.078797,0.200951,2.095302,0.117193,-0.936187,2.095302
nonmember,48390,3,9,0,2.217793,0.108849,0.194882,2.207623,0.289799,-0.582431,2.207623
nonmember,4393,7,7,1,1.547055,0.212874,0.212874,1.933832,1.657602,0.027557,-1.933832
nonmember,22823,4,9,0,3.728275,0.024034,0.287432,2.007335,-1.037550,-2.481506,2.007335
nonmember,40143,0,3,0,4.415323,0.012091,0.244556,1.805289,-1.256157,-3.007010,1.805289
nonmember,24015,5,5,1,1.146680,0.317690,0.317690,1.977162,1.634566,0.385510,-1.977162
nonmember,25804,7,5,0,2.064663,0.126861,0.230850,2.071275,0.627507,-0.598675,2.071275
nonmember,5749,5,1,0,2.084092,0.124420,0.164567,2.250516,0.268564,-0.279657,2.250516
nonmember,35437,3,6,0,1.994198,0.136123,0.253147,1.841045,1.404384,-0.620413,1.841045
nonmember,25374,8,9,0,1.585578,0.204829,0.398236,1.594423,1.670498,-0.664868,1.594423
nonmember,11547,9,9,1,0.843763,0.430089,0.430089,1.420444,2.757785,0.388744,-1.420444
nonmember,32996,2,1,0,2.340027,0.096325,0.235124,1.989013,0.635738,-0.892383,1.989013
nonmember,39908,8,1,0,2.797361,0.060971,0.337048,1.889524,-0.164323,-1.709833,1.889524
nonmember,18314,4,7,0,1.995400,0.135959,0.203376,2.101434,0.655971,-0.402703,2.101434
nonmember,49925,7,9,0,2.145870,0.116966,0.199961,2.165000,0.373425,-0.536239,2.165000
nonmember,4262,4,9,0,2.304822,0.099777,0.170500,2.234890,0.178142,-0.535801,2.234890
nonmember,46756,0,0,1,0.873974,0.417290,0.417290,1.363269,2.722055,0.058587,-1.363269
nonmember,1800,2,0,0,2.731782,0.065103,0.406005,1.728040,0.244872,-1.830393,1.728040
nonmember,18519,7,6,0,2.140516,0.117594,0.303691,1.847703,1.207942,-0.948771,1.847703
nonmember,35824,2,0,0,1.905203,0.148792,0.217641,2.132110,0.542983,-0.380294,2.132110
nonmember,40151,5,6,0,2.415954,0.089282,0.188661,2.185240,0.045284,-0.748150,2.185240
nonmember,22328,6,7,0,2.350007,0.095368,0.207039,2.168711,0.236501,-0.775157,2.168711
nonmember,49239,1,1,1,0.916220,0.400028,0.400028,1.219296,3.762523,0.161819,-1.219296
nonmember,33673,4,9,0,3.888755,0.020471,0.463885,1.698387,-0.851343,-3.120636,1.698387
nonmember,32273,9,9,1,0.860919,0.422773,0.422773,1.465139,2.545815,0.149023,-1.465139
nonmember,34145,1,1,1,0.957237,0.383952,0.383952,1.943682,1.824360,1.148015,-1.943682
nonmember,9233,6,6,1,0.870126,0.418899,0.418899,1.720873,2.832846,0.819928,-1.720873
nonmember,44244,6,5,0,1.813309,0.163113,0.268451,1.790063,1.600152,-0.498223,1.790063
nonmember,29239,8,0,0,1.294226,0.274110,0.330786,1.426654,3.238512,-0.187943,1.426654
nonmember,17202,7,6,0,2.049123,0.128848,0.295858,1.996028,0.829873,-0.831246,1.996028
nonmember,42408,3,6,0,2.583120,0.075538,0.503856,1.562726,1.165123,-1.897656,1.562726
nonmember,46840,1,1,1,0.781074,0.457914,0.457914,1.495905,2.857280,0.731855,-1.495905
nonmember,40110,8,0,0,3.554625,0.028592,0.298690,1.879871,-0.708242,-2.346277,1.879871
nonmember,48482,2,1,0,4.664353,0.009425,0.394613,1.503573,-1.036924,-3.734503,1.503573
nonmember,38854,5,3,0,1.854598,0.156516,0.329823,1.672400,1.524367,-0.745398,1.672400
nonmember,6942,8,8,1,0.739884,0.477169,0.477169,1.537131,2.536995,0.716449,-1.537131
nonmember,35047,9,7,0,2.090193,0.123663,0.282920,2.091254,0.412104,-0.827602,2.091254
nonmember,29507,9,8,0,1.214589,0.296832,0.406426,1.371861,2.579900,-0.314235,1.371861
nonmember,33984,2,6,0,1.913516,0.147561,0.206393,1.999353,0.937069,-0.335545,1.999353
nonmember,47733,8,9,0,1.370907,0.253877,0.318169,1.769373,1.690309,-0.225735,1.769373
nonmember,5325,7,6,0,1.646460,0.192731,0.205991,2.045899,1.216032,-0.066536,2.045899
nonmember,29598,8,0,0,4.448533,0.011696,0.751587,0.983381,-0.611318,-4.162965,0.983381
nonmember,43515,7,6,0,2.508724,0.081372,0.421440,1.734672,1.129740,-1.644646,1.734672
nonmember,15832,1,1,1,1.169900,0.310398,0.310398,1.956355,1.735025,0.787038,-1.956355
nonmember,37692,8,8,1,0.758765,0.468245,0.468245,1.302050,3.874516,0.733536,-1.302050
nonmember,26859,3,4,0,1.980607,0.137985,0.163481,2.088580,0.875439,-0.169551,2.088580
nonmember,28567,9,1,0,0.929651,0.394691,0.443374,1.332801,2.682650,-0.116309,1.332801
nonmember,25079,7,5,0,1.935820,0.144306,0.241142,1.857531,1.358032,-0.513453,1.857531
nonmember,18707,8,9,0,1.235784,0.290607,0.349160,1.405384,3.259025,-0.183558,1.405384
nonmember,15200,2,6,0,3.011802,0.049203,0.318746,1.827428,0.708160,-1.868443,1.827428
nonmember,5857,6,6,1,1.190286,0.304134,0.304134,1.812849,2.300809,0.344406,-1.812849
nonmember,39087,6,9,0,2.457441,0.085654,0.300021,1.857117,0.559167,-1.253537,1.857117
nonmember,30893,2,1,0,2.634370,0.071764,0.432672,1.874851,0.128846,-1.796595,1.874851
nonmember,45278,5,0,0,2.173528,0.113775,0.213465,2.198684,0.269454,-0.629245,2.198684
nonmember,16398,6,6,1,1.009726,0.364319,0.364319,1.818631,2.386420,0.726316,-1.818631
nonmember,13653,3,2,0,2.239203,0.106543,0.258173,1.916159,0.873266,-0.885079,1.916159
nonmember,13748,3,7,0,2.424086,0.088559,0.166088,2.207279,0.123973,-0.628850,2.207279
nonmember,23965,8,1,0,3.623469,0.026690,0.700579,1.177740,-0.105556,-3.267621,1.177740
nonmember,45552,3,9,0,3.638986,0.026279,0.290736,1.875569,-0.741724,-2.403648,1.875569
nonmember,30219,3,0,0,2.989917,0.050292,0.297908,1.901968,-0.139823,-1.778948,1.901968
nonmember,24079,0,9,0,1.963741,0.140332,0.429159,1.394872,2.271539,-1.117813,1.394872
nonmember,12181,0,0,1,0.229047,0.795291,0.795291,0.749150,4.349379,1.772302,-0.749150
nonmember,21848,1,8,0,2.394303,0.091236,0.641175,1.001908,2.125474,-1.949850,1.001908
nonmember,14290,7,7,1,0.828053,0.436899,0.436899,1.785902,2.114275,1.162648,-1.785902
nonmember,24755,0,8,0,1.284215,0.276868,0.463421,1.430217,2.362195,-0.515096,1.430217
nonmember,35013,8,8,1,0.363510,0.695232,0.695232,0.835574,4.853127,1.042353,-0.835574
nonmember,15361,3,7,0,1.866026,0.154737,0.316748,1.846578,1.147629,-0.716378,1.846578
nonmember,48038,4,6,0,1.278538,0.278444,0.319524,1.687141,2.752531,-0.137617,1.687141
nonmember,36311,0,0,1,0.613275,0.541574,0.541574,1.543535,2.552949,1.333994,-1.543535
nonmember,30239,2,1,0,2.022377,0.132340,0.355048,1.865857,0.912457,-0.986874,1.865857
nonmember,7195,5,1,0,3.125137,0.043931,0.258316,2.065578,-0.451843,-1.771565,2.065578
nonmember,3579,8,8,1,1.395026,0.247827,0.247827,1.924616,1.409690,0.020317,-1.924616
nonmember,36147,6,6,1,1.312199,0.269227,0.269227,2.072458,1.406639,0.609011,-2.072458
nonmember,34095,5,9,0,3.822428,0.021875,0.342818,1.867035,-0.977060,-2.751871,1.867035
nonmember,10441,3,3,1,1.496893,0.223825,0.223825,2.026057,1.248952,0.080281,-2.026057
nonmember,16307,9,9,1,0.910869,0.402175,0.402175,1.288157,3.139298,0.122783,-1.288157
nonmember,4204,8,5,0,4.137975,0.015955,0.348474,1.808881,-1.116021,-3.083782,1.808881
nonmember,6957,5,1,0,1.761304,0.171821,0.199304,2.160948,0.722797,-0.148381,2.160948
nonmember,9163,3,4,0,1.669780,0.188288,0.269763,1.735049,2.685716,-0.359567,1.735049
nonmember,20627,5,6,0,2.627097,0.072288,0.372112,1.882505,0.541874,-1.638537,1.882505
nonmember,17567,3,8,0,3.219056,0.039993,0.436666,1.579439,-0.003070,-2.390468,1.579439
nonmember,14832,8,9,0,1.160873,0.313213,0.365074,1.596394,2.198248,-0.153219,1.596394
nonmember,27029,4,0,0,3.501463,0.030153,0.341059,1.895061,-0.663271,-2.425763,1.895061
nonmember,44197,3,9,0,1.755408,0.172837,0.226870,2.022410,1.043183,-0.272031,2.022410
nonmember,1,9,1,0,1.638374,0.194296,0.324007,1.748162,1.406589,-0.511383,1.748162
nonmember,35449,3,3,1,1.752163,0.173398,0.173398,2.197329,0.805213,0.094331,-2.197329
nonmember,30903,9,8,0,2.346161,0.095736,0.775565,0.797833,3.072947,-2.091997,0.797833
nonmember,7648,6,8,0,7.229781,0.000725,0.459979,1.379240,-2.992347,-6.453205,1.379240
nonmember,4217,6,6,1,1.526801,0.217230,0.217230,2.027453,1.819367,0.302430,-2.027453
nonmember,10474,2,0,0,4.572958,0.010327,0.566148,1.068046,-0.110189,-4.004058,1.068046
nonmember,1185,0,9,0,2.747480,0.064089,0.547654,1.570335,0.322213,-2.145369,1.570335
nonmember,46701,0,6,0,5.860426,0.002850,0.288884,1.966131,-2.759048,-4.618697,1.966131
nonmember,26826,7,6,0,1.563446,0.209413,0.318879,1.754384,2.505685,-0.420503,1.754384
nonmember,12090,8,0,0,2.279335,0.102352,0.531301,1.656195,0.643996,-1.646909,1.656195
nonmember,5386,2,2,1,1.173404,0.309312,0.309312,1.995093,1.433082,0.553649,-1.995093
nonmember,17351,6,9,0,2.182639,0.112744,0.195533,2.170144,0.414460,-0.550611,2.170144
nonmember,18844,1,1,1,0.439627,0.644276,0.644276,1.331962,3.103187,1.924456,-1.331962
nonmember,28816,6,3,0,2.139888,0.117668,0.174317,2.184130,0.358441,-0.393009,2.184130
nonmember,43052,3,8,0,1.908134,0.148357,0.242850,2.083147,0.769230,-0.492823,2.083147
nonmember,11347,5,5,1,0.590302,0.554160,0.554160,1.227727,3.624680,0.653756,-1.227727
nonmember,42802,1,8,0,1.455377,0.233312,0.414883,1.393855,2.535612,-0.575619,1.393855
nonmember,3979,0,0,1,0.488270,0.613687,0.613687,1.375051,2.750661,1.390446,-1.375051
nonmember,7090,5,6,0,1.963447,0.140374,0.332038,1.852560,1.460574,-0.860941,1.852560
nonmember,21599,7,7,1,0.762718,0.466397,0.466397,1.672625,2.401602,0.902744,-1.672625
nonmember,34264,6,1,0,2.464304,0.085068,0.227612,2.132795,0.036870,-0.984190,2.132795
nonmember,17930,3,4,0,1.882393,0.152225,0.206482,1.975477,1.094791,-0.304851,1.975477
nonmember,41958,4,9,0,2.629335,0.072126,0.200146,2.130989,-0.108811,-1.020627,2.130989
nonmember,25484,2,7,0,1.912336,0.147735,0.150247,2.248586,0.468490,-0.016862,2.248586
nonmember,21027,1,5,0,2.178047,0.113263,0.230595,2.023112,0.786167,-0.710954,2.023112
nonmember,29093,6,6,1,1.239666,0.289481,0.289481,1.955585,1.716152,0.563823,-1.955585
nonmember,24608,8,8,1,0.493294,0.610612,0.610612,0.758866,6.862833,0.499136,-0.758866
nonmember,44987,3,7,0,2.318356,0.098435,0.204115,2.199531,0.111694,-0.729283,2.199531
nonmember,24542,9,9,1,0.668082,0.512691,0.512691,1.610477,2.365552,1.003651,-1.610477
nonmember,24878,8,9,0,2.410393,0.089780,0.293576,2.104670,0.151778,-1.184774,2.104670
nonmember,18528,7,9,0,1.819137,0.162166,0.283019,1.888893,1.199131,-0.556894,1.888893
nonmember,40247,5,6,0,1.352418,0.258614,0.276330,1.732429,2.348788,-0.066259,1.732429
nonmember,7104,8,9,0,1.788308,0.167243,0.248004,2.092630,0.786309,-0.393996,2.092630
nonmember,11489,6,9,0,1.795673,0.166016,0.389159,1.775462,1.195441,-0.851904,1.775462
nonmember,16072,8,0,0,1.672007,0.187870,0.694660,1.010386,2.379169,-1.307674,1.010386
nonmember,4056,2,0,0,3.217825,0.040042,0.611481,1.345503,0.089278,-2.725954,1.345503
nonmember,42723,6,5,0,2.012891,0.133602,0.230893,1.883363,1.221986,-0.547089,1.883363
nonmember,24037,5,4,0,2.074652,0.125600,0.154798,2.178710,0.483009,-0.209019,2.178710
nonmember,7191,7,7,1,1.521096,0.218472,0.218472,2.020911,1.424736,0.202440,-2.020911
nonmember,35650,7,7,1,0.741621,0.476341,0.476341,1.724537,2.378092,1.418957,-1.724537
nonmember,938,0,0,1,0.112100,0.893955,0.893955,0.419628,6.024208,2.370775,-0.419628
nonmember,19424,9,2,0,3.208582,0.040414,0.228410,1.944389,-0.100479,-1.731969,1.944389
nonmember,18115,4,9,0,4.086855,0.016792,0.370344,1.709691,-0.927096,-3.093534,1.709691
nonmember,31659,7,7,1,0.609382,0.543687,0.543687,1.613474,2.376893,1.673978,-1.613474
nonmember,1072,5,0,0,2.067164,0.126544,0.132879,2.269520,0.304498,-0.048851,2.269520
nonmember,43347,5,1,0,3.016371,0.048979,0.387399,1.799105,0.098278,-2.068070,1.799105
nonmember,35156,4,4,1,1.150781,0.316390,0.316390,1.679368,2.858537,0.148955,-1.679368
nonmember,30665,2,9,0,2.953093,0.052178,0.364870,1.933093,-0.215408,-1.944878,1.933093
nonmember,44882,8,9,0,1.355196,0.257897,0.269071,1.779561,1.664860,-0.042417,1.779561
nonmember,40153,6,6,1,0.998257,0.368521,0.368521,1.697140,3.074546,0.744567,-1.697140
nonmember,42523,2,6,0,2.286711,0.101600,0.273628,2.075291,0.426318,-0.990726,2.075291
nonmember,16063,1,9,0,1.759684,0.172099,0.560031,1.404713,1.571635,-1.179921,1.404713
nonmember,34408,2,6,0,2.466335,0.084895,0.239850,1.877113,0.858426,-1.038593,1.877113
nonmember,13655,2,3,0,2.333334,0.096972,0.284679,1.995731,0.732628,-1.076941,1.995731
nonmember,45250,3,1,0,2.204215,0.110337,0.162451,2.163451,0.424168,-0.386835,2.163451
nonmember,28135,3,3,1,0.890546,0.410431,0.410431,1.607149,2.584229,0.498439,-1.607149
nonmember,17267,2,7,0,1.722969,0.178535,0.220908,2.023280,1.106170,-0.212959,2.023280
nonmember,29671,7,7,1,0.553931,0.574686,0.574686,1.407444,3.130403,1.345591,-1.407444
nonmember,28772,3,6,0,1.745066,0.174633,0.191607,2.104825,0.909090,-0.092755,2.104825
nonmember,90,2,1,0,2.558798,0.077398,0.192269,2.111715,0.183012,-0.909940,2.111715
nonmember,44127,3,7,0,2.186227,0.112340,0.269181,2.023092,0.539821,-0.873857,2.023092
nonmember,26459,4,0,0,3.769590,0.023062,0.397304,1.754256,-0.751410,-2.846538,1.754256
nonmember,49622,4,6,0,2.527131,0.079888,0.208416,2.061012,0.434945,-0.958913,2.061012
nonmember,41140,6,1,0,2.221557,0.108440,0.276181,1.925928,0.585837,-0.934859,1.925928
nonmember,11416,0,7,0,2.655373,0.070273,0.408359,1.833600,0.165844,-1.759765,1.833600
nonmember,35988,7,0,0,3.291456,0.037200,0.307156,1.737769,-0.149456,-2.111057,1.737769
nonmember,498,1,6,0,2.072450,0.125877,0.347734,1.944026,0.836694,-1.016134,1.944026
nonmember,22364,3,0,0,2.520941,0.080384,0.232305,2.166899,-0.029563,-1.061235,2.166899
nonmember,35936,2,0,0,1.983721,0.137557,0.144025,2.250425,0.365335,-0.045950,2.250425
nonmember,28243,7,6,0,1.907436,0.148461,0.213121,1.961674,1.144463,-0.361539,1.961674
nonmember,37229,5,3,0,1.923486,0.146097,0.359178,1.657757,1.977310,-0.899549,1.657757
nonmember,15910,2,6,0,2.772563,0.062502,0.426751,1.746035,0.844040,-1.921010,1.746035
nonmember,20850,2,7,0,2.715295,0.066185,0.340288,1.795895,0.180900,-1.637331,1.795895
nonmember,46505,8,1,0,3.621868,0.026733,0.517307,1.573382,-0.712448,-2.962749,1.573382
nonmember,29291,4,6,0,1.651901,0.191685,0.243273,1.848026,1.797633,-0.238330,1.848026
nonmember,30501,4,1,0,3.882403,0.020601,0.524324,1.542325,-0.531905,-3.236758,1.542325
nonmember,5145,9,9,1,0.353010,0.702570,0.702570,0.933829,3.684861,1.169806,-0.933829
nonmember,36137,2,0,0,5.643384,0.003541,0.831451,0.562863,0.022203,-5.458801,0.562863
nonmember,27390,4,6,0,2.370043,0.093477,0.389595,1.811489,1.461849,-1.427396,1.811489
nonmember,7487,3,9,0,2.492699,0.082686,0.344740,1.822502,0.299169,-1.427736,1.822502
nonmember,33923,0,0,1,0.904775,0.404633,0.404633,1.720825,2.292258,0.711972,-1.720825
nonmember,24786,7,6,0,3.166327,0.042158,0.487732,1.620984,0.637727,-2.448336,1.620984
nonmember,12488,5,3,0,1.733954,0.176585,0.269933,2.018705,1.120392,-0.424375,2.018705
nonmember,27743,2,2,1,1.745569,0.174546,0.174546,2.144308,0.883218,0.037476,-2.144308
nonmember,12956,3,5,0,2.055305,0.128054,0.133368,2.258601,0.352391,-0.040660,2.258601
nonmember,21463,6,1,0,2.238469,0.106622,0.417212,1.423020,1.419844,-1.364308,1.423020
nonmember,6493,3,6,0,2.443050,0.086895,0.293463,2.034089,0.283748,-1.217048,2.034089
nonmember,29115,9,7,0,1.950269,0.142236,0.173667,2.101698,0.831680,-0.199651,2.101698
nonmember,47310,1,6,0,4.262419,0.014088,0.537400,1.472857,0.223064,-3.641407,1.472857
nonmember,37858,8,0,0,1.494559,0.224348,0.428968,1.731715,1.406008,-0.648185,1.731715
nonmember,31565,8,0,0,1.016065,0.362017,0.452864,1.381551,2.566561,-0.223901,1.381551
nonmember,41201,8,8,1,0.823207,0.439021,0.439021,1.461194,2.777207,0.449276,-1.461194
nonmember,28826,0,0,1,0.211686,0.809218,0.809218,0.825441,3.861622,2.509324,-0.825441
nonmember,4645,0,0,1,0.562543,0.569758,0.569758,1.471017,2.583682,1.195890,-1.471017
nonmember,27091,2,7,0,1.752096,0.173410,0.232986,1.885067,1.449782,-0.295318,1.885067
nonmember,25639,3,9,0,2.122907,0.119683,0.244266,2.110433,0.480845,-0.713408,2.110433
nonmember,31244,8,0,0,3.191112,0.041126,0.943841,0.272432,2.893084,-3.133314,0.272432
nonmember,48649,7,9,0,3.355853,0.034880,0.679006,1.198407,0.180611,-2.968727,1.198407
nonmember,5757,0,8,0,1.475484,0.228668,0.625224,1.040130,3.740412,-1.005839,1.040130
nonmember,41435,0,0,1,0.724157,0.484733,0.484733,1.657551,2.249352,0.959788,-1.657551
nonmember,28800,8,9,0,2.720707,0.065828,0.461839,1.435609,0.878365,-1.948167,1.435609
nonmember,19882,4,7,0,2.436816,0.087439,0.176748,2.131218,0.229416,-0.703784,2.131218
nonmember,6140,5,3,0,1.877458,0.152979,0.185329,2.147867,0.694492,-0.191835,2.147867
nonmember,6912,8,9,0,2.889672,0.055594,0.326896,2.029716,-0.223049,-1.771559,2.029716
nonmember,10520,9,1,0,1.446137,0.235478,0.285729,2.004640,1.413298,-0.193425,2.004640
nonmember,11532,1,8,0,1.986322,0.137199,0.535302,1.199585,2.201397,-1.361397,1.199585
nonmember,48956,6,6,1,1.308479,0.270231,0.270231,1.861395,2.024389,0.351011,-1.861395
nonmember,40406,7,9,0,3.713054,0.024403,0.409199,1.557332,-0.509189,-2.819500,1.557332
nonmember,20589,2,3,0,2.199607,0.110847,0.201425,2.145386,0.324230,-0.597271,2.145386
nonmember,46432,3,0,0,1.704836,0.181802,0.374585,1.795794,1.380066,-0.722899,1.795794
nonmember,7361,8,8,1,1.017290,0.361573,0.361573,1.721408,2.069736,0.568551,-1.721408
nonmember,20072,7,1,0,2.175215,0.113584,0.225860,2.164016,0.428229,-0.687376,2.164016
nonmember,1457,4,7,0,2.388746,0.091745,0.194734,2.216537,-0.025054,-0.752624,2.216537
nonmember,5201,5,9,0,4.026062,0.017844,0.237686,1.994814,-1.161842,-2.589259,1.994814
nonmember,42216,4,7,0,2.600256,0.074255,0.457632,1.755701,0.526378,-1.818565,1.755701
nonmember,14511,3,6,0,1.514948,0.219820,0.338009,1.838058,1.646188,-0.430266,1.838058
nonmember,36415,0,1,0,5.525517,0.003984,0.288355,1.960051,-2.588863,-4.281955,1.960051
nonmember,45530,7,7,1,1.098019,0.333531,0.333531,1.913854,1.723301,0.790452,-1.913854
nonmember,32440,7,4,0,1.770727,0.170209,0.257375,1.821284,1.969389,-0.413507,1.821284
nonmember,29016,7,6,0,2.237051,0.106773,0.273632,2.046829,0.683221,-0.941080,2.046829
nonmember,1796,9,0,0,1.159218,0.313731,0.342157,1.616173,2.125320,-0.086734,1.616173
nonmember,21749,3,3,1,1.387054,0.249810,0.249810,1.980798,1.549546,0.127918,-1.980798
nonmember,46577,6,6,1,0.626163,0.534639,0.534639,1.531799,3.184531,1.545993,-1.531799
nonmember,3018,6,1,0,3.183506,0.041440,0.189898,2.192675,-0.735893,-1.522239,2.192675
nonmember,33436,6,6,1,1.128453,0.323533,0.323533,1.871136,2.554211,0.479514,-1.871136
nonmember,13371,3,3,1,1.081686,0.339023,0.339023,1.913325,1.967231,0.634704,-1.913325
nonmember,15647,7,9,0,2.654687,0.070321,0.368650,1.650622,0.761934,-1.656780,1.650622
nonmember,19258,2,2,1,1.846159,0.157842,0.157842,2.128931,0.796572,0.015612,-2.128931
nonmember,17432,0,8,0,2.621883,0.072666,0.466200,1.407568,0.925765,-1.858743,1.407568
nonmember,21368,3,8,0,3.572242,0.028093,0.383552,1.453098,-0.082392,-2.613961,1.453098
nonmember,32827,1,3,0,2.485663,0.083270,0.333268,1.749772,0.847590,-1.386854,1.749772
nonmember,12212,2,6,0,2.090655,0.123606,0.327410,1.983460,0.764750,-0.974113,1.983460
nonmember,6703,1,0,0,2.161921,0.115104,0.315687,1.539724,1.485697,-1.008917,1.539724
nonmember,35536,8,8,1,0.243650,0.783762,0.783762,0.749666,5.301059,2.067754,-0.749666
nonmember,44950,3,3,1,1.154786,0.315125,0.315125,1.867635,2.073828,0.239153,-1.867635
nonmember,15030,0,0,1,0.254458,0.775337,0.775337,0.917025,3.673617,2.139724,-0.917025
nonmember,2645,9,9,1,0.832225,0.435080,0.435080,1.386655,3.073125,0.318575,-1.386655
nonmember,21794,4,6,0,2.117234,0.120364,0.234548,1.928619,1.223641,-0.667138,1.928619
nonmember,15780,8,1,0,1.497333,0.223726,0.299969,1.884771,1.369873,-0.293258,1.884771
nonmember,186,9,9,1,1.342079,0.261302,0.261302,1.941334,1.523534,0.319069,-1.941334
nonmember,43430,3,3,1,1.193265,0.303230,0.303230,1.768784,2.242040,0.191559,-1.768784
nonmember,8106,7,5,0,2.726190,0.065468,0.271692,2.095959,0.056590,-1.423103,2.095959
nonmember,2166,8,8,1,0.263235,0.768561,0.768561,0.803000,4.545191,1.816738,-0.803000
nonmember,6316,8,1,0,2.499586,0.082119,0.210440,2.112106,0.080618,-0.941033,2.112106
nonmember,32534,6,3,0,1.671433,0.187977,0.219238,1.972883,1.590946,-0.153838,1.972883
nonmember,11398,4,6,0,2.988890,0.050343,0.219831,2.004025,0.108792,-1.473992,2.004025
nonmember,13130,2,1,0,2.255666,0.104804,0.184340,2.157710,0.425212,-0.564694,2.157710
nonmember,49384,3,6,0,2.291457,0.101119,0.218414,2.058621,0.580541,-0.770094,2.058621
nonmember,30282,4,6,0,2.079705,0.124967,0.320279,1.905844,1.204326,-0.941142,1.905844
nonmember,24128,5,2,0,1.789346,0.167069,0.170243,2.176650,0.758477,-0.018816,2.176650
nonmember,45628,1,1,1,1.595050,0.202898,0.202898,2.133803,1.157806,0.315491,-2.133803
nonmember,49152,8,9,0,2.088802,0.123835,0.284766,2.108012,0.468389,-0.832715,2.108012
nonmember,27557,2,7,0,1.921733,0.146353,0.361172,1.813187,1.328884,-0.903331,1.813187
nonmember,4932,1,1,1,1.293225,0.274384,0.274384,1.761681,2.127054,0.060099,-1.761681
nonmember,280,8,8,1,0.708692,0.492288,0.492288,1.516435,2.631075,1.039196,-1.516435
nonmember,20966,4,7,0,1.595482,0.202811,0.305829,1.864154,1.589870,-0.410753,1.864154
nonmember,20094,7,7,1,1.172616,0.309556,0.309556,1.967861,1.486066,0.365636,-1.967861
nonmember,28565,6,6,1,0.645862,0.524211,0.524211,1.553804,3.239729,1.580011,-1.553804
nonmember,39718,5,9,0,3.470332,0.031107,0.323818,1.692180,-0.268546,-2.342759,1.692180
nonmember,11097,5,3,0,2.112361,0.120952,0.340214,1.856187,1.148039,-1.034179,1.856187
nonmember,29137,7,7,1,0.991967,0.370847,0.370847,1.808936,2.418967,0.961634,-1.808936
nonmember,39067,4,6,0,2.097559,0.122756,0.169763,2.154829,0.445659,-0.324209,2.154829
nonmember,28486,7,9,0,3.252710,0.038669,0.451127,1.547953,-0.115124,-2.456702,1.547953
nonmember,3723,4,9,0,4.213970,0.014788,0.403527,1.604630,-0.909755,-3.306458,1.604630
nonmember,24959,5,5,1,0.797839,0.450301,0.450301,1.542508,2.945366,0.801220,-1.542508
nonmember,33350,2,1,0,2.605065,0.073898,0.237105,1.975557,0.442085,-1.165811,1.975557
nonmember,30775,9,9,1,1.229115,0.292551,0.292551,2.073678,1.353536,0.455840,-2.073678
nonmember,3281,2,0,0,1.913111,0.147620,0.263514,2.029536,0.836616,-0.579464,2.029536
nonmember,44437,5,7,0,1.953369,0.141796,0.320367,1.891433,0.754889,-0.815081,1.891433
nonmember,10491,1,6,0,1.273357,0.279890,0.290563,1.781414,2.124028,-0.037424,1.781414
nonmember,12539,4,7,0,2.315708,0.098696,0.221659,2.097564,0.316347,-0.809095,2.097564
nonmember,7732,6,6,1,1.285692,0.276459,0.276459,1.843927,2.051594,0.267121,-1.843927
nonmember,43645,6,3,0,2.036139,0.130532,0.156429,2.196920,0.442274,-0.180987,2.196920
nonmember,31386,8,8,1,0.296542,0.743384,0.743384,0.777444,5.557576,1.365465,-0.777444
nonmember,9701,9,0,0,1.793514,0.166374,0.412636,1.786738,1.205311,-0.908325,1.786738
nonmember,25421,9,2,0,2.084976,0.124310,0.175838,2.098668,0.858741,-0.346783,2.098668
nonmember,16948,4,7,0,1.874498,0.153432,0.226707,2.088660,0.828573,-0.390403,2.088660
nonmember,6319,3,6,0,2.319956,0.098278,0.331275,1.894116,0.790498,-1.215150,1.894116
nonmember,10118,9,9,1,0.813271,0.443405,0.443405,1.783540,2.024662,0.927527,-1.783540
nonmember,17816,9,0,0,1.720010,0.179064,0.359804,1.482146,2.262808,-0.697815,1.482146
nonmember,2845,9,9,1,1.407056,0.244863,0.244863,2.005024,1.303654,0.286790,-2.005024
nonmember,20870,4,6,0,2.393503,0.091309,0.312649,1.874495,1.125889,-1.230830,1.874495
nonmember,15541,0,0,1,0.218577,0.803662,0.803662,0.847498,3.718032,2.322454,-0.847498
nonmember,41229,3,7,0,1.746629,0.174361,0.269009,2.024443,0.859093,-0.433619,2.024443
nonmember,3578,7,6,0,2.201912,0.110591,0.284444,1.895108,1.086344,-0.944694,1.895108
nonmember,30923,1,1,1,0.639739,0.527430,0.527430,1.516939,2.793692,1.053287,-1.516939
nonmember,38040,3,9,0,2.093396,0.123268,0.283804,2.080141,0.544748,-0.833926,2.080141
nonmember,14023,0,0,1,0.300625,0.740356,0.740356,0.840268,4.168632,1.363531,-0.840268
nonmember,41880,0,0,1,0.397540,0.671971,0.671971,1.050770,4.300556,1.681147,-1.050770
nonmember,29880,0,8,0,3.281237,0.037582,0.678672,0.976459,1.802275,-2.893620,0.976459
nonmember,682,6,6,1,0.913538,0.401103,0.401103,1.726415,3.158764,0.846158,-1.726415
nonmember,25618,8,8,1,0.196348,0.821726,0.821726,0.696837,4.699946,2.295812,-0.696837
nonmember,4230,1,7,0,2.060078,0.127444,0.135186,2.269155,0.368778,-0.058972,2.269155
nonmember,5935,7,8,0,3.868395,0.020892,0.343930,1.669578,-0.750375,-2.801078,1.669578
nonmember,30233,0,0,1,0.249241,0.779392,0.779392,0.951191,3.564028,2.716294,-0.951191
nonmember,12899,7,0,0,3.870621,0.020845,0.539298,1.459125,-0.630162,-3.253134,1.459125
nonmember,16284,3,6,0,1.926133,0.145711,0.183032,2.016766,1.355653,-0.228041,2.016766
nonmember,5001,7,9,0,1.641702,0.193650,0.466649,1.669363,1.478850,-0.879525,1.669363
nonmember,2923,8,0,0,1.616897,0.198514,0.669189,1.061460,2.475464,-1.215208,1.061460
nonmember,21240,2,7,0,2.696058,0.067471,0.371223,1.797543,0.754361,-1.705105,1.797543
nonmember,18094,9,9,1,0.486762,0.614613,0.614613,1.159615,3.334544,0.924006,-1.159615
nonmember,49718,4,1,0,2.862567,0.057122,0.302451,2.058850,-0.205091,-1.666729,2.058850
nonmember,2691,4,6,0,1.852107,0.156906,0.349590,1.824934,1.698674,-0.801113,1.824934
nonmember,7827,1,1,1,1.796950,0.165804,0.165804,2.172025,0.775829,0.007577,-2.172025
nonmember,4811,2,7,0,1.724191,0.178317,0.217183,1.938754,1.430220,-0.197174,1.938754
nonmember,36510,2,2,1,1.874682,0.153404,0.153404,2.199639,0.599205,0.056833,-2.199639
nonmember,3446,2,1,0,2.119461,0.120096,0.281730,2.002317,0.897596,-0.852653,2.002317
nonmember,28346,4,1,0,3.844717,0.021392,0.382276,1.726675,-0.696816,-2.883105,1.726675
nonmember,41778,6,6,1,0.630944,0.532089,0.532089,1.506881,3.288699,1.504053,-1.506881
nonmember,8156,5,7,0,1.726112,0.177975,0.419242,1.593899,1.886409,-0.856804,1.593899
nonmember,18765,0,0,1,0.961459,0.382335,0.382335,1.935712,1.721285,0.951928,-1.935712
nonmember,17473,7,7,1,0.908987,0.402932,0.402932,1.749510,2.300293,0.972465,-1.749510
nonmember,27183,6,6,1,0.621793,0.536981,0.536981,1.496446,3.501035,1.261685,-1.496446
nonmember,39559,6,6,1,1.556619,0.210848,0.210848,1.914062,1.601494,0.112087,-1.914062
nonmember,44924,0,7,0,2.150575,0.116417,0.367228,1.964358,0.669600,-1.148803,1.964358
nonmember,44414,8,1,0,2.873036,0.056527,0.203437,2.099275,-0.406273,-1.280636,2.099275
nonmember,48323,2,1,0,2.267716,0.103548,0.254841,1.979334,0.536068,-0.900600,1.979334
nonmember,28781,9,6,0,2.231759,0.107339,0.309726,1.981187,0.735863,-1.059690,1.981187
nonmember,44439,5,5,1,1.275827,0.279200,0.279200,1.717163,2.954838,0.211555,-1.717163
nonmember,44113,2,1,0,2.057228,0.127808,0.216461,2.101586,0.554542,-0.526884,2.101586
nonmember,48929,6,6,1,1.137712,0.320552,0.320552,1.942412,1.897447,0.953862,-1.942412
nonmember,1231,9,8,0,1.279594,0.278150,0.435929,1.303242,3.076640,-0.449317,1.303242
nonmember,7751,4,4,1,1.241491,0.288953,0.288953,1.804344,2.142736,0.231046,-1.804344
nonmember,108,2,0,0,1.780914,0.168484,0.258283,2.099541,0.724143,-0.427215,2.099541
nonmember,40330,7,9,0,2.068853,0.126331,0.296049,1.936517,0.755941,-0.851621,1.936517
nonmember,22514,8,8,1,0.220131,0.802414,0.802414,0.763192,4.545789,2.383755,-0.763192
nonmember,14146,2,7,0,1.657391,0.190636,0.249871,1.869357,1.764019,-0.270581,1.869357
nonmember,16839,7,7,1,1.552430,0.211733,0.211733,1.864129,1.863241,0.005921,-1.864129
nonmember,48569,8,9,0,1.055705,0.347947,0.349618,1.569722,2.342990,-0.004792,1.569722
nonmember,3529,8,8,1,0.768668,0.463630,0.463630,1.502509,2.706413,0.699686,-1.502509
nonmember,3110,3,3,1,1.355237,0.257886,0.257886,1.944593,1.325331,0.114369,-1.944593
nonmember,23597,2,1,0,2.068361,0.126393,0.168843,2.194001,0.465612,-0.289574,2.194001
nonmember,19753,0,8,0,0.916639,0.399861,0.484408,1.142396,3.240772,-0.191812,1.142396
nonmember,23129,9,9,1,0.612575,0.541953,0.541953,1.427241,2.777222,0.952417,-1.427241
nonmember,45215,5,4,0,2.321209,0.098155,0.290193,1.819490,1.099768,-1.084000,1.819490
nonmember,24899,5,7,0,1.936180,0.144254,0.268694,1.952513,0.960420,-0.621997,1.952513
nonmember,38977,0,9,0,4.465518,0.011499,0.382656,1.680081,-1.446006,-3.504901,1.680081
nonmember,35827,1,0,0,2.558038,0.077457,0.687284,1.131322,1.280086,-2.183030,1.131322
nonmember,48852,0,0,1,0.546772,0.578815,0.578815,1.463969,2.718932,1.770783,-1.463969
nonmember,33472,9,9,1,0.600523,0.548525,0.548525,1.502039,2.580634,1.125076,-1.502039
nonmember,37983,3,5,0,1.720765,0.178929,0.234917,2.033367,1.238059,-0.272240,2.033367
nonmember,12498,8,8,1,0.852043,0.426543,0.426543,1.348121,3.002624,0.300718,-1.348121
nonmember,37632,5,7,0,1.868932,0.154288,0.226343,2.135794,0.607580,-0.383228,2.135794
nonmember,1396,4,6,0,1.961876,0.140594,0.285356,1.921271,1.116102,-0.707858,1.921271
nonmember,12358,9,9,1,0.651840,0.521086,0.521086,1.454293,2.708107,0.762638,-1.454293
nonmember,44374,7,9,0,1.930387,0.145092,0.376184,1.958887,0.782372,-0.952709,1.958887
nonmember,47996,7,7,1,0.509470,0.600814,0.600814,1.463903,2.785496,1.864372,-1.463903
nonmember,18421,8,9,0,2.501474,0.081964,0.697376,1.017344,1.962011,-2.141044,1.017344
nonmember,15557,1,6,0,1.510085,0.220891,0.356324,1.759598,1.807846,-0.478169,1.759598
nonmember,3141,4,6,0,2.623835,0.072524,0.333041,1.959410,0.253990,-1.524345,1.959410
nonmember,49218,3,2,0,2.407299,0.090058,0.185892,2.084839,0.401527,-0.724710,2.084839
nonmember,49182,8,9,0,1.468072,0.230369,0.423804,1.429614,2.147162,-0.609588,1.429614
nonmember,46545,6,6,1,0.826418,0.437614,0.437614,1.795310,2.297536,1.420496,-1.795310
nonmember,16864,3,8,0,2.675325,0.068884,0.375245,1.895604,0.078213,-1.695148,1.895604
nonmember,7336,2,0,0,2.918260,0.054028,0.227710,2.126032,-0.385191,-1.438579,2.126032
nonmember,25145,2,7,0,2.366279,0.093829,0.383664,1.758554,1.152375,-1.408291,1.758554
nonmember,34437,3,5,0,1.405076,0.245348,0.388040,1.751021,1.851412,-0.458429,1.751021
nonmember,4289,9,6,0,2.157431,0.115622,0.332062,1.956882,0.962123,-1.054998,1.956882
nonmember,38065,8,8,1,0.575997,0.562144,0.562144,1.125496,3.599172,0.584241,-1.125496
nonmember,6663,0,9,0,1.876852,0.153071,0.373730,1.604419,1.573297,-0.892632,1.604419
nonmember,36962,5,1,0,1.829199,0.160542,0.215786,2.197578,0.708952,-0.295729,2.197578
nonmember,36710,2,1,0,3.121385,0.044096,0.197265,2.039744,-0.395272,-1.498177,2.039744
nonmember,17736,8,8,1,0.276158,0.758693,0.758693,0.871491,4.302280,1.932957,-0.871491
nonmember,3202,9,9,1,0.946675,0.388029,0.388029,1.640359,2.238592,0.495695,-1.640359
nonmember,45847,2,1,0,2.809949,0.060208,0.366466,1.868400,0.037718,-1.806100,1.868400
nonmember,46888,8,8,1,0.642279,0.526092,0.526092,1.231601,3.321668,0.527570,-1.231601
nonmember,41453,4,9,0,3.338742,0.035482,0.390809,1.789118,-0.464115,-2.399207,1.789118
nonmember,28055,3,3,1,1.483253,0.226898,0.226898,2.174346,1.049137,0.284418,-2.174346
nonmember,36871,5,7,0,2.274979,0.102799,0.377543,1.730243,1.301413,-1.300907,1.730243
nonmember,30375,5,2,0,2.909307,0.054514,0.240371,1.780514,0.759308,-1.483737,1.780514
nonmember,8288,3,4,0,2.068012,0.126437,0.230396,2.028513,0.670794,-0.600056,2.028513
nonmember,33597,4,6,0,1.710296,0.180812,0.345539,1.887897,1.294774,-0.647645,1.887897
nonmember,17834,2,0,0,1.817716,0.162396,0.348534,1.925989,0.913740,-0.763696,1.925989
nonmember,35232,5,6,0,2.173596,0.113768,0.471966,1.583412,1.804964,-1.422747,1.583412
nonmember,2323,8,8,1,0.703542,0.494829,0.494829,1.248106,3.498714,0.448869,-1.248106
nonmember,34822,3,3,1,1.131812,0.322449,0.322449,1.728616,2.657613,0.281225,-1.728616
nonmember,31488,0,0,1,0.423596,0.654688,0.654688,1.276414,2.951277,1.605968,-1.276414
nonmember,38008,8,2,0,2.993191,0.050127,0.193457,2.187620,-0.503269,-1.350489,2.187620
nonmember,36663,1,1,1,1.497688,0.223647,0.223647,2.175787,0.974923,0.370415,-2.175787
nonmember,39035,8,8,1,0.375592,0.686882,0.686882,0.983520,4.639836,1.495156,-0.983520
nonmember,37972,2,6,0,2.781806,0.061927,0.219801,2.026923,0.232253,-1.266775,2.026923
nonmember,24735,0,0,1,0.298156,0.742186,0.742186,0.969805,3.661280,1.736904,-0.969805
nonmember,6753,3,3,1,1.118352,0.326818,0.326818,1.820700,1.988210,0.174335,-1.820700
nonmember,8480,1,8,0,2.829709,0.059030,0.625013,1.059895,2.894685,-2.359726,1.059895
nonmember,10421,9,1,0,1.271405,0.280437,0.555003,1.268069,2.519549,-0.682624,1.268069
nonmember,42517,0,8,0,3.326836,0.035907,0.462482,1.241432,0.907826,-2.555689,1.241432
nonmember,19908,5,6,0,1.872438,0.153748,0.391362,1.819018,1.277986,-0.934316,1.819018
nonmember,16170,9,8,0,1.986784,0.137136,0.752477,0.858853,2.687614,-1.702399,0.858853
nonmember,46873,0,0,1,1.091125,0.335838,0.335838,1.861513,1.824554,0.454631,-1.861513
nonmember,15381,1,9,0,1.608116,0.200264,0.293239,1.953946,1.161021,-0.381350,1.953946
nonmember,42217,2,0,0,1.813482,0.163085,0.312279,2.032046,0.740400,-0.649624,2.032046
nonmember,42370,3,6,0,2.287706,0.101499,0.283003,1.987934,0.562383,-1.025410,1.987934
nonmember,24856,7,4,0,1.252440,0.285807,0.336505,1.624598,3.426904,-0.163297,1.624598
nonmember,26699,7,7,1,1.255975,0.284798,0.284798,1.877369,2.228167,0.334936,-1.877369
nonmember,35397,4,6,0,1.544455,0.213428,0.320110,1.808427,1.810168,-0.405363,1.808427
nonmember,34127,4,6,0,1.846106,0.157851,0.435927,1.705309,1.888759,-1.015826,1.705309
nonmember,4546,6,6,1,1.059644,0.346579,0.346579,1.915568,2.108151,0.927638,-1.915568
nonmember,43236,6,6,1,0.312751,0.731432,0.731432,1.070568,4.309577,2.298910,-1.070568
nonmember,33281,9,9,1,0.788556,0.454501,0.454501,1.239217,2.897509,0.094704,-1.239217
nonmember,43743,4,6,0,1.552626,0.211691,0.236876,1.851999,1.891732,-0.112409,1.851999
nonmember,6149,9,0,0,1.609406,0.200006,0.284054,1.749410,1.498597,-0.350814,1.749410
nonmember,10688,8,8,1,0.603173,0.547073,0.547073,1.327349,3.153239,0.932552,-1.327349
nonmember,42707,1,1,1,0.724957,0.484345,0.484345,1.614485,2.438680,1.112505,-1.614485
nonmember,44465,4,9,0,3.646907,0.026072,0.451995,1.679579,-0.660408,-2.852823,1.679579
nonmember,38932,3,6,0,2.693980,0.067611,0.462778,1.534194,1.635845,-1.923471,1.534194
nonmember,8632,9,7,0,1.782926,0.168145,0.302145,1.752395,1.416234,-0.586077,1.752395
nonmember,49279,6,9,0,4.965884,0.006972,0.354150,1.507158,-1.354074,-3.927849,1.507158
nonmember,19334,5,5,1,1.249825,0.286555,0.286555,1.866118,1.931535,0.433864,-1.866118
nonmember,34664,0,8,0,1.775186,0.169452,0.502935,1.324461,2.406041,-1.087892,1.324461
nonmember,13047,2,9,0,2.361572,0.094272,0.231017,2.164401,0.141024,-0.896307,2.164401
nonmember,17595,5,6,0,1.782499,0.168217,0.297661,1.918611,1.319268,-0.570698,1.918611
nonmember,24013,7,9,0,3.080123,0.045954,0.453333,1.697505,-0.062438,-2.288994,1.697505
nonmember,33192,6,6,1,1.216916,0.296142,0.296142,1.986470,1.780727,0.789371,-1.986470
nonmember,39495,4,7,0,2.266135,0.103712,0.190678,2.200042,0.200916,-0.608968,2.200042
nonmember,42392,1,1,1,0.376893,0.685990,0.685990,1.115272,3.353662,1.594555,-1.115272
nonmember,27205,4,6,0,2.040596,0.129951,0.230864,2.015679,1.053341,-0.574670,2.015679
nonmember,19327,3,1,0,2.250399,0.105357,0.293806,1.860288,0.844564,-1.025565,1.860288
nonmember,1323,8,8,1,0.753351,0.470786,0.470786,1.071556,4.010268,0.098189,-1.071556
nonmember,17082,0,0,1,0.190059,0.826910,0.826910,0.555379,5.504204,1.692749,-0.555379
nonmember,34621,6,6,1,1.134402,0.321614,0.321614,1.764950,2.728366,0.531389,-1.764950
nonmember,29780,3,7,0,2.206915,0.110040,0.162465,2.208037,0.389595,-0.389626,2.208037
nonmember,41952,3,7,0,2.365079,0.093942,0.193040,2.121829,0.302618,-0.720221,2.121829
nonmember,24595,1,6,0,2.777122,0.062217,0.302801,1.883055,0.751656,-1.582443,1.883055
nonmember,10351,9,1,0,1.854622,0.156512,0.541184,1.577346,1.350260,-1.240627,1.577346
nonmember,14076,5,3,0,1.543507,0.213631,0.293827,2.034813,1.153611,-0.318742,2.034813
nonmember,608,0,1,0,1.523516,0.217944,0.367699,1.733080,1.652987,-0.523026,1.733080
nonmember,49583,9,9,1,0.782339,0.457335,0.457335,1.544590,2.457296,0.765033,-1.544590
nonmember,41118,0,0,1,0.722642,0.485468,0.485468,1.526180,2.723912,0.798885,-1.526180
nonmember,15258,0,1,0,2.370967,0.093390,0.327733,1.913795,0.254661,-1.255409,1.913795
nonmember,41762,0,0,1,0.680784,0.506220,0.506220,1.213073,3.423261,0.406810,-1.213073
nonmember,16790,2,0,0,3.644043,0.026146,0.344721,1.595647,-0.386245,-2.579023,1.595647
nonmember,32310,2,7,0,2.235886,0.106897,0.290142,1.926235,0.481748,-0.998502,1.926235
nonmember,30070,2,7,0,1.664145,0.189352,0.205524,2.054606,1.001521,-0.081954,2.054606
nonmember,37429,3,0,0,2.670499,0.069218,0.346443,1.927433,0.138569,-1.610462,1.927433
nonmember,17919,3,1,0,1.837947,0.159144,0.286647,1.919758,1.384044,-0.588442,1.919758
nonmember,49005,5,6,0,2.741601,0.064467,0.211087,2.001791,0.494641,-1.186118,2.001791
nonmember,383,2,6,0,1.986984,0.137108,0.182022,2.158839,0.525318,-0.283358,2.158839
nonmember,15331,9,6,0,2.950951,0.052290,0.250857,1.960834,0.160692,-1.568079,1.960834
nonmember,39309,2,8,0,3.598979,0.027352,0.391942,1.517078,-0.274803,-2.662339,1.517078
nonmember,22848,5,3,0,1.980796,0.137959,0.176479,2.033454,1.028603,-0.246245,2.033454
nonmember,12781,6,7,0,1.469393,0.230065,0.238345,1.831152,2.006733,-0.035357,1.831152
nonmember,14524,1,8,0,2.174075,0.113713,0.390313,1.724322,0.837621,-1.233269,1.724322
nonmember,29005,2,7,0,2.459172,0.085506,0.246619,1.963401,0.605834,-1.059262,1.963401
nonmember,24639,0,1,0,2.765619,0.062937,0.610576,1.121369,2.302489,-2.272267,1.121369
nonmember,13832,4,4,1,1.322026,0.266595,0.266595,1.715852,3.188239,0.304631,-1.715852
nonmember,42399,0,8,0,1.691341,0.184272,0.479829,1.615752,1.354988,-0.957016,1.615752
nonmember,475,8,9,0,2.432456,0.087821,0.551242,1.429271,1.120144,-1.836875,1.429271
nonmember,36800,3,1,0,2.732463,0.065059,0.289499,1.849241,0.169868,-1.492859,1.849241
nonmember,18372,2,6,0,2.144825,0.117089,0.290046,1.917743,0.899952,-0.907110,1.917743
nonmember,24106,3,4,0,1.778144,0.168951,0.261861,1.740165,2.311986,-0.438202,1.740165
nonmember,26758,2,6,0,2.486090,0.083235,0.480650,1.616193,1.146194,-1.753475,1.616193
nonmember,1467,9,9,1,0.845631,0.429286,0.429286,1.508896,2.891063,0.674243,-1.508896
nonmember,46223,8,1,0,4.940339,0.007152,0.224678,1.966661,-2.095199,-3.447251,1.966661
nonmember,6724,3,8,0,3.609733,0.027059,0.348297,1.619517,-0.173286,-2.555032,1.619517
nonmember,14018,3,3,1,0.870494,0.418744,0.418744,1.786282,2.103841,0.991956,-1.786282
nonmember,14019,4,6,0,1.747169,0.174267,0.328882,1.831569,1.614306,-0.635113,1.831569
nonmember,37664,0,0,1,0.694979,0.499085,0.499085,1.278648,3.373383,0.519988,-1.278648
nonmember,17462,7,2,0,1.799834,0.165326,0.326502,1.948512,0.902320,-0.680514,1.948512
nonmember,34018,0,0,1,0.673932,0.509700,0.509700,1.638500,2.231866,1.185688,-1.638500
nonmember,8122,3,3,1,1.260310,0.283566,0.283566,1.881406,2.148322,0.180513,-1.881406
nonmember,14400,7,7,1,0.944177,0.388999,0.388999,1.912860,1.787863,1.171689,-1.912860
nonmember,7600,1,9,0,2.056991,0.127838,0.477339,1.742748,0.847332,-1.317462,1.742748
nonmember,36897,7,6,0,1.765776,0.171054,0.209083,1.999387,1.218396,-0.200751,1.999387
nonmember,44429,3,7,0,1.715912,0.179800,0.258735,1.971797,1.338039,-0.363961,1.971797
nonmember,47765,9,8,0,1.212588,0.297427,0.423577,1.416707,2.631118,-0.353569,1.416707
nonmember,3303,8,5,0,3.503989,0.030077,0.336583,1.948046,-0.676543,-2.415077,1.948046
nonmember,6342,8,8,1,0.230749,0.793939,0.793939,0.749480,5.205419,2.172228,-0.749480
nonmember,23556,5,5,1,0.938296,0.391294,0.391294,1.667234,2.711110,0.470493,-1.667234
nonmember,15464,2,6,0,2.228306,0.107711,0.231901,2.017587,0.847512,-0.766861,2.017587
nonmember,923,6,1,0,3.113841,0.044430,0.212312,2.002074,-0.132650,-1.564145,2.002074
nonmember,20458,0,1,0,2.581613,0.075652,0.444271,1.454631,1.073383,-1.770292,1.454631
nonmember,3601,1,9,0,1.404234,0.245555,0.411583,1.263482,3.232159,-0.516490,1.263482
nonmember,39664,0,7,0,1.628432,0.196237,0.290725,2.010076,1.009899,-0.393055,2.010076
nonmember,3875,3,6,0,1.388895,0.249351,0.249403,1.980733,1.456577,-0.000210,1.980733
nonmember,6868,3,5,0,1.642339,0.193527,0.245811,1.872954,1.618168,-0.239144,1.872954
nonmember,7028,7,7,1,1.413204,0.243362,0.243362,2.145094,1.069216,0.647949,-2.145094
nonmember,34519,1,1,1,0.516572,0.596562,0.596562,1.500936,2.661911,2.003798,-1.500936
nonmember,4346,3,7,0,2.170578,0.114112,0.219518,2.029941,0.707529,-0.654255,2.029941
nonmember,42202,8,0,0,1.554004,0.211400,0.639859,1.102054,2.783746,-1.107497,1.102054
nonmember,20903,7,9,0,2.668057,0.069387,0.303041,2.029256,-0.011789,-1.474171,2.029256
nonmember,41872,3,7,0,1.560310,0.210071,0.272084,1.841522,1.482388,-0.258664,1.841522
nonmember,8541,4,0,0,3.015819,0.049006,0.267458,2.079933,-0.450250,-1.697027,2.079933
nonmember,6006,9,9,1,0.735882,0.479083,0.479083,1.674087,2.284403,0.984382,-1.674087
nonmember,15404,2,0,0,3.336900,0.035547,0.406986,1.560117,-0.117135,-2.437923,1.560117
nonmember,23728,8,0,0,1.385751,0.250136,0.550145,1.358120,2.028418,-0.788177,1.358120
nonmember,39782,7,9,0,1.906266,0.148634,0.286182,2.054882,0.706706,-0.655140,2.054882
nonmember,11402,4,7,0,2.114466,0.120698,0.248392,2.095158,0.390421,-0.721717,2.095158
nonmember,40075,1,1,1,0.558978,0.571793,0.571793,1.446117,2.729769,1.150728,-1.446117
nonmember,30389,3,7,0,1.531081,0.216302,0.313451,1.769837,2.302755,-0.370970,1.769837
nonmember,2625,6,6,1,1.003433,0.366619,0.366619,1.888163,2.007262,0.897098,-1.888163
nonmember,40571,8,0,0,1.425121,0.240479,0.643575,1.074633,2.549608,-0.984403,1.074633
nonmember,16718,9,1,0,2.542741,0.078651,0.279011,1.857923,0.257582,-1.266237,1.857923
nonmember,39070,5,5,1,1.049951,0.349955,0.349955,1.825942,2.187479,0.809014,-1.825942
nonmember,14881,5,6,0,2.255065,0.104867,0.268632,2.060401,0.577800,-0.940651,2.060401
nonmember,24626,6,6,1,1.130812,0.322771,0.322771,1.947049,1.918747,0.701746,-1.947049
nonmember,45886,0,7,0,2.587430,0.075213,0.131741,2.266897,-0.209172,-0.560512,2.266897
nonmember,39562,6,1,0,2.485548,0.083280,0.407475,1.710413,0.789313,-1.587771,1.710413
nonmember,39570,9,8,0,1.084500,0.338071,0.465604,1.166957,3.323030,-0.320081,1.166957
nonmember,22175,1,8,0,2.158312,0.115520,0.649486,1.052700,3.370300,-1.726737,1.052700
nonmember,14664,4,6,0,2.360194,0.094402,0.189435,2.162500,0.235136,-0.696487,2.162500
nonmember,20735,9,9,1,0.561496,0.570355,0.570355,1.335724,3.163723,1.397359,-1.335724
nonmember,18938,7,7,1,0.449215,0.638129,0.638129,1.278848,3.624412,1.778448,-1.278848
nonmember,33113,3,1,0,2.066787,0.126592,0.225899,1.966175,1.049164,-0.579119,1.966175
nonmember,41687,5,3,0,2.466001,0.084924,0.231233,2.038558,0.154667,-1.001673,2.038558
nonmember,47224,2,6,0,2.028192,0.131573,0.229929,2.030788,0.721667,-0.558209,2.030788
nonmember,18349,8,8,1,1.892211,0.150738,0.150738,2.261570,0.469598,0.107676,-2.261570
nonmember,32614,3,6,0,2.328924,0.097400,0.236498,1.707618,1.946968,-0.887107,1.707618
nonmember,41823,4,3,0,2.595878,0.074580,0.283991,1.961821,0.372386,-1.337066,1.961821
nonmember,5784,7,7,1,0.540171,0.582648,0.582648,1.422023,3.149276,1.722505,-1.422023
nonmember,47761,1,6,0,1.854822,0.156481,0.205640,2.092958,0.943562,-0.273192,2.092958
nonmember,43474,9,6,0,3.588434,0.027642,0.499025,1.624877,0.274219,-2.893334,1.624877
nonmember,27996,6,6,1,0.469860,0.625090,0.625090,1.287979,4.047402,1.643745,-1.287979
nonmember,7989,7,9,0,2.644194,0.071063,0.579613,1.488260,0.434565,-2.098799,1.488260
nonmember,24046,4,3,0,3.038197,0.047921,0.286217,2.013370,-0.237174,-1.787193,2.013370
nonmember,37658,7,7,1,0.789662,0.453998,0.453998,1.636713,2.782211,1.125217,-1.636713
nonmember,2357,9,1,0,0.961400,0.382357,0.392120,1.418920,2.832601,-0.025213,1.418920
nonmember,48586,7,7,1,1.227056,0.293154,0.293154,1.900728,1.821905,0.200261,-1.900728
nonmember,49350,7,9,0,1.891417,0.150858,0.262237,2.045404,0.770986,-0.552908,2.045404
nonmember,1398,8,8,1,0.511506,0.599592,0.599592,1.143273,3.525803,0.839131,-1.143273
nonmember,30359,5,6,0,3.139849,0.043289,0.427791,1.753284,0.519464,-2.290729,1.753284
nonmember,15274,9,9,1,0.872608,0.417860,0.417860,1.876486,1.867552,1.033233,-1.876486
nonmember,43313,3,6,0,1.361042,0.256393,0.325464,1.604162,2.515165,-0.238540,1.604162
nonmember,13501,8,1,0,4.209216,0.014858,0.791390,0.840833,0.164803,-3.975251,0.840833
nonmember,9279,7,7,1,1.063401,0.345280,0.345280,2.022597,1.574361,1.162822,-2.022597
nonmember,38054,2,2,1,1.716647,0.179668,0.179668,2.150248,0.750984,0.003271,-2.150248
nonmember,35520,9,7,0,1.709976,0.180870,0.203196,2.137915,0.778909,-0.116394,2.137915
nonmember,41307,1,1,1,1.662226,0.189716,0.189716,2.150412,0.851334,0.245628,-2.150412
nonmember,48422,5,7,0,2.819711,0.059623,0.191845,2.207084,-0.309178,-1.168644,2.207084
nonmember,38628,0,6,0,8.779477,0.000154,0.540617,1.526165,-4.839948,-8.164433,1.526165
nonmember,37467,7,5,0,2.234647,0.107030,0.281540,1.846440,1.054537,-0.967165,1.846440
nonmember,16900,2,6,0,3.691073,0.024945,0.446169,1.682210,0.046739,-2.884015,1.682210
nonmember,18439,9,9,1,0.522950,0.592769,0.592769,1.183746,3.707600,1.046996,-1.183746
nonmember,40811,6,7,0,1.918466,0.146832,0.200087,2.146859,0.602756,-0.309461,2.146859
nonmember,470,7,6,0,2.424931,0.088484,0.457442,1.737917,0.943042,-1.642825,1.737917
nonmember,17018,3,7,0,2.189322,0.111993,0.226650,1.836272,1.269673,-0.704975,1.836272
nonmember,33441,8,9,0,2.133560,0.118415,0.338118,1.928947,0.640095,-1.049198,1.928947
nonmember,9038,2,6,0,1.887364,0.151471,0.186447,2.155858,0.616273,-0.207754,2.155858
nonmember,32850,2,7,0,2.898622,0.055099,0.264926,1.789661,0.533207,-1.570318,1.789661
nonmember,42367,8,0,0,1.273298,0.279907,0.407180,1.552986,2.126234,-0.374799,1.552986
nonmember,42219,4,6,0,1.859154,0.155804,0.494429,1.576749,1.899245,-1.154801,1.576749
nonmember,14971,8,9,0,1.347295,0.259942,0.267948,1.692769,1.825133,-0.030334,1.692769
nonmember,45349,0,0,1,0.194726,0.823060,0.823060,0.662244,4.648369,1.910237,-0.662244
nonmember,7969,7,9,0,1.817391,0.162449,0.276931,2.107205,0.700580,-0.533406,2.107205
nonmember,39257,7,7,1,0.815609,0.442370,0.442370,1.713686,2.534500,1.336540,-1.713686
nonmember,46278,9,9,1,1.106529,0.330705,0.330705,1.766941,1.938507,0.312557,-1.766941
nonmember,46592,1,0,0,2.581803,0.075638,0.452229,1.501409,0.755975,-1.788236,1.501409
nonmember,31454,2,0,0,2.517837,0.080634,0.260909,2.140055,-0.036462,-1.174254,2.140055
nonmember,22417,4,1,0,2.869837,0.056708,0.197018,2.097217,-0.218458,-1.245375,2.097217
nonmember,13926,5,5,1,1.947733,0.142597,0.142597,2.258987,0.453729,0.128470,-2.258987
nonmember,37401,1,1,1,1.407449,0.244767,0.244767,1.921155,1.770796,0.096410,-1.921155
nonmember,43737,3,3,1,1.375694,0.252664,0.252664,2.120577,1.076154,0.466239,-2.120577
nonmember,30779,3,5,0,1.537352,0.214949,0.282153,1.846664,1.723419,-0.272045,1.846664
nonmember,3643,9,9,1,0.553806,0.574758,0.574758,1.389253,2.770406,0.980353,-1.389253
nonmember,9724,4,6,0,1.793974,0.166298,0.368389,1.833147,1.357811,-0.795357,1.833147
nonmember,33614,4,7,0,1.833410,0.159867,0.423771,1.610001,2.555562,-0.974848,1.610001
nonmember,27844,5,7,0,2.898961,0.055080,0.223298,2.036293,-0.286356,-1.399713,2.036293
nonmember,34914,3,8,0,2.958521,0.051896,0.325031,1.926239,-0.199405,-1.834687,1.926239
nonmember,8501,9,6,0,2.437826,0.087351,0.347069,1.846357,0.809540,-1.379594,1.846357
nonmember,9392,1,8,0,2.610089,0.073528,0.788696,0.744627,5.020705,-2.372714,0.744627
nonmember,3248,3,3,1,1.238718,0.289756,0.289756,1.864977,1.850504,0.300337,-1.864977
nonmember,8913,4,7,0,1.817316,0.162461,0.339578,1.868150,1.101360,-0.737264,1.868150
nonmember,10427,3,3,1,0.960680,0.382632,0.382632,1.585548,2.942531,0.218084,-1.585548
nonmember,27038,7,9,0,2.484322,0.083382,0.230651,2.052861,0.185403,-1.017473,2.052861
nonmember,25237,8,8,1,1.067947,0.343714,0.343714,1.719292,2.012244,0.388538,-1.719292
nonmember,25927,7,9,0,2.350173,0.095353,0.345558,1.996584,0.313691,-1.287579,1.996584
nonmember,38178,7,7,1,0.903672,0.405079,0.405079,1.908648,1.829792,1.125043,-1.908648
nonmember,17180,8,8,1,0.118300,0.888429,0.888429,0.481272,5.617089,2.772716,-0.481272
nonmember,10072,5,6,0,2.412001,0.089636,0.194354,2.038147,0.546083,-0.773929,2.038147
nonmember,32148,7,9,0,1.586367,0.204668,0.226146,1.995178,1.249056,-0.099794,1.995178
nonmember,33136,5,1,0,2.001092,0.135188,0.262665,2.059623,0.624303,-0.664218,2.059623
nonmember,41096,5,2,0,2.767019,0.062849,0.273923,1.881205,0.120099,-1.472109,1.881205
nonmember,11632,3,3,1,1.167348,0.311191,0.311191,1.709696,2.647161,0.390790,-1.709696
nonmember,18044,4,6,0,1.721996,0.178709,0.312191,1.931226,1.324366,-0.557855,1.931226
nonmember,181,7,6,0,2.156651,0.115712,0.274641,2.063396,0.617087,-0.864361,2.063396
nonmember,9206,8,8,1,0.577242,0.561445,0.561445,1.139289,3.560876,0.596069,-1.139289
nonmember,13660,0,9,0,2.417199,0.089171,0.330167,1.990806,0.240214,-1.309041,1.990806
nonmember,49198,7,6,0,1.977320,0.138440,0.237321,1.940592,1.231669,-0.538977,1.940592
nonmember,23923,1,8,0,2.743810,0.064325,0.547656,1.363444,0.763504,-2.141701,1.363444
nonmember,14766,8,9,0,1.731735,0.176977,0.527825,1.322840,2.164547,-1.092743,1.322840
nonmember,1143,4,6,0,1.964621,0.140209,0.228096,2.116096,0.670788,-0.486634,2.116096
nonmember,29225,0,8,0,2.017954,0.132927,0.377614,1.562320,1.566750,-1.044072,1.562320
nonmember,19485,1,9,0,3.004839,0.049547,0.351238,1.816698,-0.035761,-1.958548,1.816698
nonmember,44866,0,0,1,0.306424,0.736074,0.736074,1.004344,3.612534,1.868640,-1.004344
nonmember,37958,5,0,0,2.692400,0.067718,0.214098,2.061280,-0.068472,-1.151081,2.061280
nonmember,20021,6,6,1,1.245854,0.287695,0.287695,1.945794,2.286362,0.485381,-1.945794
nonmember,38219,2,7,0,1.891264,0.150881,0.219781,2.155507,0.612482,-0.376139,2.155507
nonmember,40063,9,9,1,0.600552,0.548509,0.548509,1.037628,3.692870,0.393199,-1.037628
nonmember,46917,8,1,0,2.811004,0.060145,0.273588,1.907851,0.044630,-1.514873,1.907851
nonmember,24697,8,1,0,6.110161,0.002220,0.701725,1.093650,-1.993987,-5.755947,1.093650
nonmember,13645,7,7,1,1.323451,0.266215,0.266215,1.833814,2.346239,0.215653,-1.833814
nonmember,37893,7,7,1,0.733903,0.480032,0.480032,1.754929,2.111897,1.547626,-1.754929
nonmember,30388,8,8,1,0.848769,0.427941,0.427941,1.172896,3.902960,0.037750,-1.172896
nonmember,1008,2,7,0,2.136038,0.118122,0.444964,1.648751,1.135942,-1.326277,1.648751
nonmember,33452,1,8,0,1.575820,0.206838,0.507853,1.214439,2.726548,-0.898257,1.214439
nonmember,37175,3,3,1,0.912431,0.401547,0.401547,1.475574,2.644040,0.077706,-1.475574
nonmember,24362,8,1,0,2.505589,0.081628,0.419341,1.826202,0.322235,-1.636518,1.826202
nonmember,16064,6,5,0,1.578744,0.206234,0.283406,1.742642,1.995145,-0.317868,1.742642
nonmember,8147,0,7,0,1.939429,0.143786,0.223512,2.085756,0.729539,-0.441139,2.085756
nonmember,48371,9,7,0,2.094303,0.123156,0.324776,2.009354,0.625846,-0.969683,2.009354
nonmember,18821,4,4,1,1.536720,0.215085,0.215085,1.890890,2.245133,0.062245,-1.890890
nonmember,40309,4,6,0,2.111416,0.121066,0.500848,1.597932,1.598911,-1.419964,1.597932
nonmember,25098,4,5,0,2.129989,0.118839,0.200214,2.037710,0.639863,-0.521622,2.037710
nonmember,10308,7,7,1,1.002280,0.367042,0.367042,1.775064,2.406832,0.730503,-1.775064
nonmember,41325,2,0,0,3.359739,0.034744,0.474192,1.591384,-0.125319,-2.613595,1.591384
nonmember,23587,5,7,0,2.369980,0.093483,0.155646,2.255700,0.037960,-0.509806,2.255700
nonmember,13443,3,6,0,2.517682,0.080646,0.240833,2.105574,0.146426,-1.094030,2.105574
nonmember,46795,2,6,0,2.099956,0.122462,0.360647,1.906313,1.011596,-1.080101,1.906313
nonmember,35823,2,1,0,3.464294,0.031295,0.428437,1.421252,0.019814,-2.616681,1.421252
nonmember,45302,9,6,0,1.442319,0.236379,0.280446,1.799952,1.661135,-0.170947,1.799952
nonmember,20667,1,9,0,1.251757,0.286002,0.492734,1.467756,1.974758,-0.543971,1.467756
nonmember,35110,7,7,1,0.503083,0.604664,0.604664,1.444596,2.720832,1.782438,-1.444596
nonmember,33504,5,6,0,2.706178,0.066792,0.327842,1.736629,0.982135,-1.590953,1.736629
nonmember,37964,3,1,0,1.631953,0.195547,0.208835,2.028279,1.250708,-0.065742,2.028279
nonmember,12736,6,6,1,1.160535,0.313318,0.313318,1.974331,1.775900,0.716922,-1.974331
nonmember,10608,2,6,0,2.375301,0.092987,0.355803,1.777877,1.125413,-1.341923,1.777877
nonmember,21453,4,9,0,2.856730,0.057456,0.320357,2.033470,-0.218013,-1.718410,2.033470
nonmember,4285,7,7,1,0.453529,0.635382,0.635382,1.343219,2.916664,1.814263,-1.343219
nonmember,37495,0,0,1,0.635408,0.529720,0.529720,1.335092,3.183231,0.795031,-1.335092
nonmember,41499,5,2,0,2.834364,0.058756,0.246586,1.994774,0.281098,-1.434321,1.994774
nonmember,37440,1,9,0,1.317822,0.267718,0.402591,1.406145,2.840524,-0.407987,1.406145
nonmember,33207,1,1,1,0.691510,0.500819,0.500819,1.608102,2.591510,0.949817,-1.608102
nonmember,1623,4,6,0,1.936370,0.144227,0.200652,2.060886,1.129159,-0.330189,2.060886
nonmember,38430,9,6,0,4.593132,0.010121,0.253123,1.819229,-0.960972,-3.219251,1.819229
nonmember,43778,4,3,0,2.735645,0.064852,0.276794,1.927898,0.225008,-1.451164,1.927898
nonmember,8134,5,3,0,2.088641,0.123855,0.294293,1.996996,0.846028,-0.865463,1.996996
nonmember,29537,8,1,0,2.743576,0.064340,0.326291,1.808319,0.355842,-1.623612,1.808319
nonmember,9737,3,6,0,1.821419,0.161796,0.227191,2.079952,0.945156,-0.339454,2.079952
nonmember,17210,8,9,0,1.376419,0.252481,0.457534,1.459466,2.002722,-0.594515,1.459466
nonmember,7609,7,6,0,1.437752,0.237461,0.288396,1.763028,2.285603,-0.194332,1.763028
nonmember,20623,6,3,0,1.263132,0.282767,0.286282,1.749494,2.301511,-0.012356,1.749494
nonmember,31347,5,3,0,1.547319,0.212818,0.324709,1.826498,1.822561,-0.422491,1.826498
nonmember,16467,7,7,1,0.805628,0.446807,0.446807,1.542405,3.003394,0.775543,-1.542405
nonmember,25417,6,6,1,0.831447,0.435419,0.435419,1.685316,2.677689,1.054428,-1.685316
nonmember,26559,3,6,0,1.513941,0.220041,0.245898,1.916232,1.503608,-0.111104,1.916232
nonmember,2877,5,3,0,1.663604,0.189455,0.338697,1.846527,1.424870,-0.580956,1.846527
nonmember,24433,5,5,1,1.213736,0.297085,0.297085,1.836424,1.883104,0.130213,-1.836424
nonmember,43714,4,7,0,2.771316,0.062580,0.389122,1.704802,0.663726,-1.827454,1.704802
nonmember,44228,7,7,1,1.203475,0.300149,0.300149,1.967302,1.640200,0.500918,-1.967302
nonmember,34575,4,6,0,2.506058,0.081589,0.242655,2.083572,0.145612,-1.089945,2.083572
nonmember,40894,6,4,0,1.556507,0.210871,0.217771,1.831429,2.107286,-0.032197,1.831429
nonmember,6110,4,6,0,1.531745,0.216158,0.237876,1.943819,1.467848,-0.095737,1.943819
nonmember,30071,8,8,1,0.703674,0.494764,0.494764,1.399718,2.920506,0.660735,-1.399718
nonmember,4919,0,0,1,0.060795,0.941016,0.941016,0.257462,6.794975,2.909735,-0.257462
nonmember,23602,0,0,1,0.280233,0.755607,0.755607,0.931282,3.672165,1.754725,-0.931282
nonmember,38566,0,0,1,0.282492,0.753903,0.753903,0.934896,3.673300,1.716569,-0.934896
nonmember,38519,0,0,1,1.248088,0.287053,0.287053,2.072426,1.324575,0.658456,-2.072426
nonmember,43735,3,9,0,2.559230,0.077364,0.323932,1.775357,0.301284,-1.432009,1.775357
nonmember,41048,8,0,0,1.551174,0.211999,0.450028,1.588177,1.697202,-0.752729,1.588177
nonmember,10178,9,2,0,3.964091,0.018985,0.210465,1.956387,-0.657100,-2.405656,1.956387
nonmember,47491,2,8,0,3.682677,0.025156,0.450111,1.385275,-0.109806,-2.884416,1.385275
nonmember,35019,9,8,0,2.205041,0.110246,0.422357,1.515759,1.431770,-1.343137,1.515759
nonmember,3704,9,9,1,1.055916,0.347874,0.347874,1.715898,2.283091,0.266230,-1.715898
nonmember,26848,9,9,1,0.650432,0.521820,0.521820,1.577544,2.588141,1.065529,-1.577544
nonmember,49626,3,1,0,2.146063,0.116944,0.320891,2.045741,0.531255,-1.009409,2.045741
nonmember,22254,0,7,0,2.906278,0.054679,0.145266,2.214456,-0.406813,-0.977092,2.214456
nonmember,12838,7,7,1,1.513400,0.220160,0.220160,2.042110,1.300707,0.125577,-2.042110
nonmember,39269,2,0,0,1.852301,0.156876,0.255826,2.066639,0.776282,-0.489045,2.066639
nonmember,31341,7,6,0,2.053324,0.128308,0.236445,2.002817,0.833335,-0.611284,2.002817
nonmember,33036,7,6,0,2.649474,0.070688,0.243817,1.936196,0.350677,-1.238137,1.936196
nonmember,31227,4,9,0,3.245405,0.038953,0.402226,1.870439,-0.419254,-2.334665,1.870439
nonmember,2259,1,0,0,1.697927,0.183063,0.268101,2.005585,1.080531,-0.381534,2.005585
nonmember,1335,0,0,1,0.195382,0.822520,0.822520,0.561964,5.712510,1.663450,-0.561964
nonmember,44090,2,0,0,1.721278,0.178837,0.294582,2.005155,0.896752,-0.499081,2.005155
nonmember,12573,5,7,0,2.660269,0.069929,0.256691,2.149079,-0.247316,-1.300386,2.149079
nonmember,9232,1,9,0,1.309470,0.269963,0.609528,1.067268,3.002044,-0.814400,1.067268
nonmember,13420,0,0,1,0.359652,0.697919,0.697919,0.684019,8.218945,0.894374,-0.684019
nonmember,26637,1,0,0,1.970479,0.139390,0.203708,2.087789,0.625423,-0.379410,2.087789
nonmember,47827,8,0,0,2.790983,0.061361,0.672796,1.255068,0.800372,-2.394670,1.255068
nonmember,27522,0,8,0,2.207713,0.109952,0.487402,1.621271,0.943722,-1.489048,1.621271
nonmember,2453,0,0,1,1.381375,0.251233,0.251233,1.937413,1.435722,0.128629,-1.937413
nonmember,13999,1,9,0,0.979591,0.375465,0.506398,1.176150,3.061903,-0.299158,1.176150
nonmember,22598,9,9,1,1.359418,0.256810,0.256810,1.944604,1.641986,0.410872,-1.944604
nonmember,42516,4,6,0,1.756588,0.172633,0.238412,2.040097,0.964175,-0.322834,2.040097
nonmember,34071,2,5,0,2.420036,0.088918,0.180036,2.081367,0.434368,-0.705434,2.081367
nonmember,47039,7,7,1,1.428394,0.239694,0.239694,2.139747,1.042624,0.431685,-2.139747
nonmember,37894,5,6,0,2.405605,0.090211,0.215996,2.012824,0.584799,-0.873109,2.012824
nonmember,18326,7,7,1,1.181010,0.306969,0.306969,1.844775,1.696315,0.259757,-1.844775
nonmember,35565,6,6,1,0.679666,0.506786,0.506786,1.514189,3.524342,1.058476,-1.514189
nonmember,18596,6,6,1,0.977467,0.376263,0.376263,1.818156,2.471657,1.006738,-1.818156
nonmember,44018,6,6,1,1.417138,0.242407,0.242407,2.015307,1.617099,0.401483,-2.015307
nonmember,28852,5,5,1,1.979912,0.138081,0.138081,2.274585,0.436037,0.083587,-2.274585
nonmember,5038,4,7,0,1.813777,0.163037,0.261987,2.012422,1.137686,-0.474317,2.012422
nonmember,28822,1,8,0,1.853572,0.156677,0.412977,1.610410,1.457618,-0.969209,1.610410
nonmember,23787,6,7,0,2.468864,0.084681,0.328958,1.919790,0.404132,-1.357040,1.919790
nonmember,46905,6,6,1,1.324932,0.265821,0.265821,1.983931,1.614816,0.407523,-1.983931
nonmember,29223,6,6,1,1.300537,0.272385,0.272385,1.936100,1.827678,0.379544,-1.936100
nonmember,33531,2,1,0,2.455067,0.085857,0.237400,2.098609,0.154760,-1.017060,2.098609
nonmember,19409,0,9,0,2.058261,0.127676,0.502046,1.318442,2.137399,-1.369199,1.318442
nonmember,36193,2,9,0,2.100370,0.122411,0.307261,1.910755,0.582814,-0.920314,1.910755
nonmember,44585,3,9,0,2.072311,0.125894,0.273237,1.958458,0.667122,-0.774894,1.958458
nonmember,29686,7,9,0,2.705692,0.066824,0.378620,1.887823,0.031395,-1.734471,1.887823
nonmember,4400,4,3,0,2.432256,0.087838,0.282869,1.864069,1.473195,-1.169484,1.864069
nonmember,29560,6,6,1,1.495896,0.224048,0.224048,1.894613,1.903926,0.079605,-1.894613
nonmember,42632,9,9,1,0.482765,0.617075,0.617075,1.026971,3.636840,0.735506,-1.026971
nonmember,15998,7,6,0,2.220134,0.108595,0.281623,2.010507,0.619568,-0.952949,2.010507
nonmember,25919,5,1,0,2.361982,0.094233,0.270013,1.857594,0.948592,-1.052696,1.857594
nonmember,38096,2,1,0,3.996742,0.018375,0.614953,1.208454,-0.273370,-3.510532,1.208454
nonmember,8672,8,1,0,1.178078,0.307870,0.394809,1.419109,2.634602,-0.248724,1.419109
nonmember,36699,2,6,0,2.595033,0.074643,0.514083,1.547051,1.207183,-1.929663,1.547051
nonmember,46166,9,8,0,1.453358,0.233784,0.419111,1.533053,1.968291,-0.583738,1.533053
nonmember,40051,5,5,1,1.314101,0.268716,0.268716,2.002547,1.439345,0.186841,-2.002547
nonmember,28631,3,3,1,1.758381,0.172324,0.172324,2.079907,1.002641,0.007813,-2.079907
nonmember,3833,6,6,1,0.921768,0.397815,0.397815,1.772564,2.480454,0.840678,-1.772564
nonmember,22019,7,6,0,1.958083,0.141129,0.230239,2.019760,0.879155,-0.489443,2.019760
nonmember,49427,9,8,0,2.011514,0.133786,0.544178,1.326092,1.777937,-1.403036,1.326092
nonmember,10059,4,6,0,1.579079,0.206165,0.224648,1.879856,1.975545,-0.085857,1.879856
nonmember,36529,9,9,1,1.914479,0.147419,0.147419,2.246393,0.474575,0.056350,-2.246393
nonmember,18832,1,6,0,1.513108,0.220224,0.320263,1.887704,1.470781,-0.374495,1.887704
nonmember,47779,1,3,0,1.350744,0.259048,0.259940,1.867910,1.982620,-0.003438,1.867910
nonmember,38746,2,6,0,2.478196,0.083894,0.217017,2.010969,0.646032,-0.950418,2.010969
nonmember,35243,2,0,0,2.031189,0.131179,0.355225,2.006963,0.531117,-0.996185,2.006963
nonmember,35417,0,9,0,3.355556,0.034890,0.442817,1.726121,-0.411627,-2.540958,1.726121
nonmember,27945,5,4,0,1.880473,0.152518,0.217786,1.890856,1.381273,-0.356228,1.890856
nonmember,30291,4,7,0,1.921809,0.146342,0.214063,1.805004,1.921471,-0.380322,1.805004
nonmember,1284,4,9,0,3.298737,0.036930,0.283224,2.021069,-0.733038,-2.037218,2.021069
nonmember,15532,4,8,0,5.885324,0.002780,0.416180,1.370823,-1.686733,-5.008685,1.370823
nonmember,46283,7,7,1,1.462387,0.231683,0.231683,1.857560,1.927064,0.040010,-1.857560
nonmember,26891,2,0,0,2.648332,0.070769,0.296652,1.989093,-0.041429,-1.433137,1.989093
nonmember,36066,3,3,1,1.457266,0.232872,0.232872,2.052853,1.197778,0.162684,-2.052853
nonmember,11947,5,6,0,2.265246,0.103804,0.192574,2.009069,0.745264,-0.617974,2.009069
nonmember,18650,2,6,0,1.998936,0.135479,0.296925,1.866065,1.246360,-0.784660,1.866065
nonmember,45147,7,7,1,1.316939,0.267954,0.267954,1.984105,1.436919,0.475182,-1.984105
nonmember,1023,6,7,0,2.730405,0.065193,0.222358,2.052804,0.065466,-1.226939,2.052804
nonmember,17541,3,9,0,2.317864,0.098484,0.159330,2.239698,0.121145,-0.481087,2.239698
nonmember,34366,9,9,1,0.526669,0.590569,0.590569,1.052049,3.711604,0.602715,-1.052049
nonmember,32622,8,9,0,1.991610,0.136476,0.553409,1.245685,2.037660,-1.399951,1.245685
nonmember,34336,1,1,1,0.590847,0.553858,0.553858,1.427880,2.820922,1.045374,-1.427880
nonmember,7275,2,6,0,1.927094,0.145571,0.196519,2.023486,0.818040,-0.300098,2.023486
nonmember,23982,1,9,0,1.275989,0.279155,0.655348,0.939126,2.923769,-0.853400,0.939126
nonmember,44485,5,9,0,2.968884,0.051361,0.186697,2.147280,-0.380180,-1.290617,2.147280
nonmember,20807,5,9,0,1.935693,0.144324,0.253324,2.024908,0.786093,-0.562608,2.024908
nonmember,38767,7,0,0,2.289989,0.101268,0.188882,2.247449,0.092990,-0.623356,2.247449
nonmember,46141,3,3,1,1.745707,0.174522,0.174522,2.073771,1.278763,0.147395,-2.073771
nonmember,26625,9,0,0,1.759458,0.172138,0.487027,1.595708,1.574512,-1.040022,1.595708
nonmember,42067,6,6,1,0.797428,0.450486,0.450486,1.653146,2.946249,1.002562,-1.653146
nonmember,6197,7,3,0,1.754399,0.173011,0.182910,2.112547,0.835672,-0.055640,2.112547
nonmember,48227,8,0,0,1.479172,0.227826,0.420676,1.634981,1.699793,-0.613281,1.634981
nonmember,26507,0,9,0,3.070817,0.046383,0.325079,1.852178,-0.263617,-1.947128,1.852178
nonmember,15083,3,9,0,2.825307,0.059290,0.408178,1.548379,0.244062,-1.929255,1.548379
nonmember,10890,4,6,0,1.637766,0.194414,0.356510,1.727424,2.312696,-0.606372,1.727424
nonmember,43640,4,0,0,4.048878,0.017442,0.547082,1.601762,-1.027524,-3.445722,1.601762
nonmember,4160,5,7,0,2.342270,0.096109,0.292356,1.731783,1.866326,-1.112488,1.731783
nonmember,19469,9,1,0,1.375011,0.252837,0.507281,1.479344,1.918674,-0.696320,1.479344
nonmember,32270,4,6,0,1.993885,0.136165,0.443345,1.669164,1.729700,-1.180478,1.669164
nonmember,37558,0,0,1,1.338499,0.262239,0.262239,2.107815,1.175435,0.639537,-2.107815
nonmember,40988,8,0,0,0.821738,0.439667,0.465914,1.053217,3.887384,-0.057985,1.053217
nonmember,18142,4,7,0,1.379063,0.251814,0.278133,1.731691,2.794961,-0.099409,1.731691
nonmember,45202,1,8,0,2.862825,0.057107,0.599342,1.113305,2.300532,-2.350902,1.113305
nonmember,2633,0,0,1,1.203320,0.300196,0.300196,1.902391,1.629197,0.299799,-1.902391
nonmember,26124,0,9,0,3.803363,0.022296,0.707614,1.103328,-0.054000,-3.457507,1.103328
nonmember,32213,8,9,0,2.168701,0.114326,0.238078,2.124587,0.339487,-0.733544,2.124587
nonmember,34405,8,9,0,1.863911,0.155065,0.365723,1.794068,1.133803,-0.858030,1.794068
nonmember,9137,2,9,0,2.012360,0.133673,0.156892,2.154180,0.571996,-0.160160,2.154180
nonmember,31372,8,8,1,0.464482,0.628461,0.628461,1.070185,4.328185,1.263066,-1.070185
nonmember,11900,8,8,1,0.660360,0.516665,0.516665,1.414966,2.800585,0.857947,-1.414966
nonmember,4178,7,7,1,0.935974,0.392204,0.392204,1.777743,2.400398,0.977866,-1.777743
nonmember,44058,9,0,0,2.924700,0.053681,0.823634,0.774783,1.363840,-2.730670,0.774783
nonmember,20924,0,0,1,1.111891,0.328936,0.328936,1.902200,1.708284,0.423187,-1.902200
nonmember,32986,3,7,0,2.044579,0.129435,0.441893,1.763007,0.999953,-1.227892,1.763007
nonmember,550,3,6,0,1.468418,0.230289,0.366543,1.723953,2.145459,-0.464779,1.723953
nonmember,42999,3,1,0,1.963757,0.140330,0.151407,2.226495,0.428318,-0.075974,2.226495
nonmember,41261,9,8,0,2.561149,0.077216,0.719454,0.891538,3.401877,-2.231887,0.891538
nonmember,45854,3,4,0,1.892767,0.150654,0.296868,1.717925,2.898758,-0.678299,1.717925
nonmember,39403,5,1,0,2.915952,0.054152,0.376810,1.757193,0.065844,-1.939938,1.757193
nonmember,47793,8,1,0,3.113466,0.044447,0.518451,1.649653,0.046350,-2.456555,1.649653
nonmember,11463,5,7,0,2.023078,0.132248,0.259951,1.876566,1.471433,-0.675815,1.876566
nonmember,37092,1,9,0,1.748034,0.174116,0.554527,1.369304,1.696828,-1.158395,1.369304
nonmember,20295,0,9,0,2.816255,0.059830,0.545398,1.481095,0.311880,-2.210015,1.481095
nonmember,34463,2,4,0,1.843110,0.158324,0.230444,1.944658,1.077095,-0.375364,1.944658
nonmember,28811,3,6,0,2.420339,0.088891,0.302914,1.829838,0.874229,-1.226034,1.829838
nonmember,29383,6,6,1,1.053453,0.348731,0.348731,1.844961,2.066374,0.607223,-1.844961
nonmember,13424,2,9,0,2.399425,0.090770,0.221381,2.160686,0.073404,-0.891556,2.160686
nonmember,4949,1,1,1,0.992408,0.370683,0.370683,1.619348,2.149801,0.044397,-1.619348
nonmember,18730,4,7,0,1.971141,0.139298,0.393984,1.808552,1.115172,-1.039696,1.808552
nonmember,3316,9,7,0,1.991364,0.136509,0.333972,1.829672,1.171955,-0.894664,1.829672
nonmember,31664,9,6,0,1.937359,0.144084,0.279051,2.004641,1.042863,-0.660997,2.004641
nonmember,37317,5,5,1,0.718876,0.487300,0.487300,1.491904,3.297748,0.974585,-1.491904
nonmember,21579,8,8,1,0.925396,0.396374,0.396374,1.461118,2.686587,0.162231,-1.461118
nonmember,25922,3,9,0,2.202745,0.110499,0.372595,1.676435,1.339899,-1.215483,1.676435
nonmember,41241,1,1,1,0.930741,0.394261,0.394261,1.865029,2.160091,1.091772,-1.865029
nonmember,13462,1,9,0,1.974214,0.138870,0.524043,1.606467,1.156429,-1.328032,1.606467
nonmember,48501,2,1,0,2.287720,0.101498,0.327518,1.907725,0.762138,-1.171509,1.907725
nonmember,43223,7,6,0,2.631400,0.071978,0.475319,1.589283,1.714798,-1.887632,1.589283
nonmember,47155,4,6,0,1.898964,0.149724,0.298525,1.969555,0.959343,-0.690063,1.969555
nonmember,29352,9,1,0,1.408436,0.244525,0.504387,1.522024,1.972289,-0.724025,1.522024
nonmember,6237,9,1,0,1.259661,0.283750,0.547076,1.324417,2.256715,-0.656494,1.324417
nonmember,31908,3,0,0,3.973059,0.018816,0.467368,1.639855,-0.868407,-3.212422,1.639855
nonmember,13464,4,0,0,2.922884,0.053778,0.238612,2.155814,-0.457353,-1.489967,2.155814
nonmember,3524,3,4,0,1.884158,0.151957,0.209842,1.922704,1.319523,-0.322759,1.922704
nonmember,40671,8,8,1,0.819101,0.440828,0.440828,1.271960,3.063498,0.112121,-1.271960
nonmember,11153,5,0,0,3.412344,0.032964,0.324191,1.799650,-0.495492,-2.285921,1.799650
nonmember,48286,8,9,0,1.335661,0.262984,0.325332,1.743291,1.740366,-0.212750,1.743291
nonmember,44601,1,9,0,1.113816,0.328304,0.401175,1.327114,2.770741,-0.200459,1.327114
nonmember,24588,8,8,1,0.223396,0.799798,0.799798,0.605844,6.058947,1.533047,-0.605844
nonmember,42052,7,6,0,2.894856,0.055307,0.402149,1.688937,1.166333,-1.983924,1.688937
nonmember,30094,4,7,0,2.168064,0.114399,0.211293,2.205513,0.251567,-0.613553,2.205513
nonmember,29957,7,7,1,0.994990,0.369727,0.369727,1.921623,2.000002,0.995816,-1.921623
nonmember,41218,8,0,0,1.663765,0.189424,0.576005,1.428319,1.585953,-1.112126,1.428319
nonmember,10343,0,0,1,0.403218,0.668166,0.668166,0.723933,6.508086,0.757590,-0.723933
nonmember,41793,5,1,0,1.856689,0.156189,0.177336,2.200722,0.624830,-0.126979,2.200722
nonmember,41582,4,9,0,3.916661,0.019907,0.476268,1.373562,-0.333160,-3.174887,1.373562
nonmember,10842,2,0,0,2.527566,0.079853,0.408492,1.885922,0.216512,-1.632285,1.885922
nonmember,43606,3,9,0,2.977243,0.050933,0.377625,1.703522,0.108852,-2.003388,1.703522
nonmember,3719,9,9,1,0.891023,0.410236,0.410236,1.483648,2.594571,0.325105,-1.483648
nonmember,6355,5,2,0,2.096352,0.122904,0.125708,2.277832,0.274146,-0.022555,2.277832
nonmember,6521,6,6,1,1.308654,0.270183,0.270183,1.878362,2.238653,0.150637,-1.878362
nonmember,9288,5,9,0,2.874107,0.056467,0.177896,2.244313,-0.504848,-1.147550,2.244313
nonmember,45561,7,7,1,1.326369,0.265439,0.265439,1.898213,1.902312,0.460364,-1.898213
nonmember,33315,0,6,0,7.362250,0.000635,0.536488,1.573241,-3.895172,-6.739539,1.573241
nonmember,18398,4,7,0,1.964362,0.140245,0.178425,2.231301,0.426208,-0.240776,2.231301
nonmember,2284,8,8,1,1.011380,0.363717,0.363717,1.932573,1.681488,0.709320,-1.932573
nonmember,49851,8,8,1,0.953478,0.385398,0.385398,1.394306,2.904454,0.052124,-1.394306
nonmember,34996,2,7,0,2.531167,0.079566,0.209265,2.150883,-0.058290,-0.967012,2.150883
nonmember,40965,2,1,0,2.311411,0.099121,0.299978,1.886804,0.979247,-1.107367,1.886804
nonmember,3503,8,9,0,2.292440,0.101020,0.277487,2.121959,0.256079,-1.010460,2.121959
nonmember,12712,9,3,0,3.740823,0.023735,0.305127,1.869243,-0.790982,-2.553795,1.869243
nonmember,49874,6,9,0,4.382711,0.012491,0.529032,1.460627,-1.109585,-3.746005,1.460627
nonmember,28796,4,6,0,2.245413,0.105884,0.221539,1.981688,0.799052,-0.738256,1.981688
nonmember,35541,3,9,0,2.853725,0.057629,0.332688,1.961560,-0.097196,-1.753177,1.961560
nonmember,31609,4,6,0,2.160181,0.115304,0.223667,1.964053,1.066276,-0.662585,1.964053
nonmember,24139,8,8,1,0.556020,0.573487,0.573487,1.124506,4.100408,0.750479,-1.124506
nonmember,41456,0,1,0,2.869699,0.056716,0.247122,2.171057,-0.364103,-1.471827,2.171057
nonmember,27572,4,9,0,4.379931,0.012526,0.301974,1.875256,-1.486359,-3.182517,1.875256
nonmember,26180,1,9,0,1.462647,0.231622,0.248525,2.045692,1.239019,-0.070433,2.045692
nonmember,10252,9,1,0,2.331288,0.097171,0.629964,1.396984,0.924258,-1.869195,1.396984
nonmember,44408,3,7,0,1.830874,0.160273,0.263460,1.952995,1.147959,-0.497019,1.952995
nonmember,19886,1,3,0,2.294744,0.100787,0.179607,2.047374,0.801499,-0.577759,2.047374
nonmember,34705,0,1,0,6.633834,0.001315,0.542579,1.366102,-2.891019,-6.022412,1.366102
nonmember,32331,8,1,0,2.354266,0.094963,0.254311,1.969458,0.391754,-0.985067,1.969458
nonmember,3287,3,3,1,0.869581,0.419127,0.419127,1.766775,2.437934,1.066579,-1.766775
nonmember,8661,0,9,0,1.969764,0.139490,0.296147,1.805445,1.006580,-0.752865,1.805445
nonmember,5394,9,9,1,1.418167,0.242157,0.242157,2.029979,1.310731,0.135859,-2.029979
nonmember,31013,3,7,0,1.595808,0.202745,0.233935,1.846324,1.772690,-0.143094,1.846324
nonmember,10829,9,9,1,0.905673,0.404270,0.404270,1.409469,3.276506,0.268368,-1.409469
nonmember,4159,8,8,1,1.433769,0.238409,0.238409,1.942661,1.339177,0.063223,-1.942661
nonmember,1240,1,1,1,1.264727,0.282316,0.282316,1.915472,1.497205,0.125051,-1.915472
nonmember,38049,2,7,0,1.929275,0.145253,0.189969,2.047459,0.852210,-0.268378,2.047459
nonmember,267,7,9,0,2.772546,0.062503,0.232910,1.983760,0.119428,-1.315444,1.983760
nonmember,46233,1,9,0,1.736727,0.176096,0.487383,1.623350,1.340634,-1.018022,1.623350
nonmember,23454,8,8,1,0.633168,0.530907,0.530907,1.322988,3.084264,0.858390,-1.322988
nonmember,30681,4,7,0,1.651923,0.191681,0.297340,1.832161,1.838294,-0.439044,1.832161
nonmember,48635,0,0,1,0.609796,0.543462,0.543462,1.572994,2.399339,1.257801,-1.572994
nonmember,8091,6,6,1,0.597559,0.550153,0.550153,1.467809,3.590981,1.512270,-1.467809
nonmember,36130,2,9,0,3.423727,0.032591,0.274173,1.900312,-0.505777,-2.129729,1.900312
nonmember,12009,0,0,1,0.274460,0.759982,0.759982,1.007477,3.507142,2.480050,-1.007477
nonmember,39991,2,6,0,2.231693,0.107347,0.222336,2.145647,0.315916,-0.728129,2.145647
nonmember,36670,8,0,0,1.493652,0.224551,0.750632,0.683022,3.825197,-1.206811,0.683022
nonmember,7611,7,7,1,1.841577,0.158567,0.158567,2.233038,0.632161,0.065220,-2.233038
nonmember,15215,9,8,0,1.312730,0.269085,0.349759,1.401731,2.923820,-0.262218,1.401731
nonmember,19490,1,9,0,2.053998,0.128221,0.785305,0.825429,1.946870,-1.812315,0.825429
nonmember,6543,0,8,0,1.132708,0.322160,0.646535,0.783586,5.378517,-0.696580,0.783586
nonmember,18397,8,8,1,0.971539,0.378500,0.378500,1.549013,2.318411,0.228664,-1.549013
nonmember,33259,5,7,0,2.493088,0.082654,0.395789,1.807689,0.471130,-1.566214,1.807689
nonmember,6860,0,8,0,1.323891,0.266098,0.501834,1.370760,2.349803,-0.634404,1.370760
nonmember,39945,4,4,1,1.623605,0.197187,0.197187,1.922340,1.470812,0.026492,-1.922340
nonmember,43870,4,1,0,3.024854,0.048565,0.199954,2.154982,-0.470158,-1.415186,2.154982
nonmember,21245,1,9,0,1.572381,0.207550,0.642121,1.146101,2.220083,-1.129402,1.146101
nonmember,18911,7,7,1,0.992933,0.370488,0.370488,1.951262,1.866118,1.151450,-1.951262
nonmember,21480,4,3,0,2.242977,0.106142,0.247814,2.016553,0.557895,-0.847900,2.016553
nonmember,27501,4,2,0,2.742274,0.064424,0.166587,2.188880,-0.272785,-0.950036,2.188880
nonmember,10250,4,4,1,1.523572,0.217932,0.217932,1.861372,1.884237,0.161167,-1.861372
nonmember,37318,8,8,1,0.688065,0.502547,0.502547,1.573645,2.590576,1.272946,-1.573645
nonmember,31294,2,3,0,2.642059,0.071214,0.197842,2.101933,0.002593,-1.021774,2.101933
nonmember,48037,3,2,0,2.592356,0.074843,0.237890,1.849437,0.563875,-1.156411,1.849437
nonmember,25273,3,6,0,2.064891,0.126832,0.233593,2.066684,0.646644,-0.610714,2.066684
nonmember,38943,0,0,1,0.199766,0.818922,0.818922,0.630842,4.864858,1.757500,-0.630842
nonmember,14065,6,7,0,2.655594,0.070257,0.286086,2.023101,0.128072,-1.404130,2.023101
nonmember,18551,1,6,0,2.669115,0.069314,0.295708,1.794340,1.056162,-1.450732,1.794340
nonmember,29205,1,6,0,3.780205,0.022818,0.379838,1.767793,0.162381,-2.812194,1.767793
nonmember,40793,4,9,0,3.765392,0.023159,0.309299,1.720796,-0.466634,-2.591944,1.720796
nonmember,24095,8,8,1,0.269630,0.763662,0.763662,0.806886,6.081306,2.008474,-0.806886
nonmember,9398,3,1,0,2.536343,0.079155,0.234601,2.112737,0.017225,-1.086473,2.112737
nonmember,45519,5,0,0,2.526479,0.079940,0.212099,2.071085,-0.028594,-0.975778,2.071085
nonmember,39783,5,7,0,1.949911,0.142287,0.276284,1.926100,1.046496,-0.663583,1.926100
nonmember,36306,7,7,1,0.621094,0.537356,0.537356,1.439968,3.184861,1.227739,-1.439968
nonmember,20248,9,1,0,1.539086,0.214577,0.336798,1.840455,1.761610,-0.450814,1.840455
nonmember,39966,0,0,1,0.197503,0.820778,0.820778,0.807404,3.803875,2.856516,-0.807404
nonmember,46349,3,0,0,2.369645,0.093514,0.293492,2.094010,0.189021,-1.143741,2.094010
nonmember,42238,7,7,1,1.457435,0.232833,0.232833,1.993256,1.567934,0.301416,-1.993256
nonmember,20879,7,7,1,0.886723,0.412004,0.412004,1.738006,2.010580,0.469999,-1.738006
nonmember,9562,4,8,0,4.921795,0.007286,0.333792,1.507720,-1.554469,-3.824558,1.507720
nonmember,41720,5,5,1,1.523403,0.217969,0.217969,2.018062,1.232278,0.245300,-2.018062
nonmember,7080,9,9,1,0.739501,0.477352,0.477352,1.592283,2.315012,0.841934,-1.592283
nonmember,15871,0,0,1,0.901180,0.406090,0.406090,1.649202,2.353549,0.389985,-1.649202
nonmember,12335,1,8,0,1.871590,0.153879,0.595068,1.154273,2.602933,-1.352509,1.154273
nonmember,32616,6,1,0,1.586476,0.204645,0.243253,1.978606,1.405843,-0.172823,1.978606
nonmember,36109,9,0,0,1.489598,0.225463,0.268667,1.836953,1.533360,-0.175316,1.836953
nonmember,26610,9,1,0,1.281274,0.277683,0.314373,1.641911,2.020154,-0.124100,1.641911
nonmember,25044,1,1,1,0.924655,0.396668,0.396668,1.642838,2.345503,0.304452,-1.642838
nonmember,11667,8,8,1,0.438820,0.644797,0.644797,1.001155,4.101605,1.134350,-1.001155
nonmember,29518,0,6,0,6.774136,0.001143,0.301381,1.951754,-3.739492,-5.574754,1.951754
nonmember,4029,8,8,1,0.825911,0.437836,0.437836,1.394794,3.044506,0.380860,-1.394794
nonmember,16269,5,5,1,1.108882,0.329928,0.329928,1.966513,1.747738,0.722824,-1.966513
nonmember,26759,9,9,1,0.317459,0.727996,0.727996,0.919461,3.758141,1.371342,-0.919461
nonmember,17723,6,6,1,0.483392,0.616688,0.616688,1.400210,3.288466,1.934584,-1.400210
nonmember,48742,3,6,0,1.263836,0.282568,0.315131,1.679422,2.761437,-0.109068,1.679422
nonmember,10999,3,9,0,2.216989,0.108937,0.225900,2.050508,0.439289,-0.729325,2.050508
nonmember,36774,1,1,1,0.794743,0.451697,0.451697,1.517394,3.086876,0.501349,-1.517394
nonmember,42055,9,9,1,0.706742,0.493249,0.493249,1.576704,2.427593,0.745503,-1.576704
nonmember,39221,4,7,0,2.042967,0.129643,0.361897,1.770320,1.392519,-1.026573,1.770320
nonmember,49413,7,7,1,1.165572,0.311744,0.311744,1.915751,1.730428,0.439626,-1.915751
nonmember,17295,6,1,0,1.895092,0.150305,0.205327,2.037202,1.068536,-0.311942,2.037202
nonmember,33670,0,8,0,1.532790,0.215932,0.443845,1.360760,3.032101,-0.720511,1.360760
nonmember,31737,1,6,0,2.685829,0.068165,0.403379,1.751254,1.123783,-1.777951,1.751254
nonmember,16424,6,6,1,0.314321,0.730285,0.730285,1.071383,4.353521,2.381673,-1.071383
nonmember,36726,2,7,0,2.029044,0.131461,0.202968,2.009484,0.764983,-0.434340,2.009484
nonmember,19460,4,7,0,2.445567,0.086677,0.262815,2.050840,0.265977,-1.109260,2.050840
nonmember,49781,2,9,0,3.301739,0.036819,0.568715,1.542691,-0.278777,-2.737364,1.542691
nonmember,39931,2,2,1,1.463617,0.231398,0.231398,2.042611,1.127227,0.012319,-2.042611
nonmember,15363,1,1,1,0.925919,0.396167,0.396167,1.668290,2.025154,0.242916,-1.668290
nonmember,10951,4,0,0,3.538853,0.029047,0.597593,1.444879,-0.305067,-3.024008,1.444879
nonmember,46802,0,0,1,0.831697,0.435310,0.435310,1.712849,2.205637,0.997567,-1.712849
nonmember,20604,8,8,1,0.873081,0.417663,0.417663,1.462866,2.798034,0.357935,-1.462866
nonmember,21104,1,1,1,0.548961,0.577550,0.577550,1.240794,3.091002,0.760617,-1.240794
nonmember,25013,8,8,1,0.689233,0.501961,0.501961,1.219849,3.786707,0.656932,-1.219849
nonmember,2149,1,1,1,1.157073,0.314405,0.314405,1.937869,1.461486,0.309399,-1.937869
nonmember,16666,7,6,0,2.161091,0.115199,0.287516,1.913021,1.389669,-0.914615,1.913021
nonmember,33565,6,9,0,3.496513,0.030303,0.325063,1.990987,-0.855735,-2.372776,1.990987
nonmember,35158,7,7,1,0.754808,0.470101,0.470101,1.730472,2.262067,1.126411,-1.730472
nonmember,17224,0,0,1,0.628235,0.533533,0.533533,1.509705,2.628619,1.132206,-1.509705
nonmember,34751,4,3,0,1.787565,0.167367,0.221068,1.872353,1.568797,-0.278279,1.872353
nonmember,2374,5,6,0,1.708343,0.181166,0.316676,1.850578,1.698436,-0.558468,1.850578
nonmember,29066,1,9,0,1.379249,0.251767,0.464803,1.529193,1.926607,-0.613109,1.529193
nonmember,43247,7,7,1,1.568627,0.208331,0.208331,1.941843,1.423404,0.024230,-1.941843
nonmember,17726,1,9,0,1.363368,0.255798,0.365872,1.836019,1.629074,-0.357897,1.836019
nonmember,2097,9,1,0,1.717325,0.179546,0.228918,2.105347,0.976265,-0.242933,2.105347
nonmember,34435,9,6,0,1.410206,0.244093,0.256256,1.788851,1.896356,-0.048629,1.788851
nonmember,24864,6,6,1,0.655171,0.519354,0.519354,1.573971,2.907288,1.366163,-1.573971
nonmember,45117,3,3,1,1.428738,0.239611,0.239611,1.945602,1.605448,0.224601,-1.945602
nonmember,15975,2,6,0,1.935430,0.144362,0.221104,1.940378,1.131961,-0.426310,1.940378
nonmember,10037,7,1,0,2.526313,0.079953,0.168247,2.244801,-0.029970,-0.743993,2.244801
nonmember,4764,1,8,0,1.865884,0.154759,0.351087,1.716072,1.193816,-0.819163,1.716072
nonmember,1410,1,1,1,0.862628,0.422051,0.422051,1.380500,2.853738,0.333697,-1.380500
nonmember,20177,6,3,0,1.913510,0.147562,0.260195,1.937247,1.086149,-0.567184,1.937247
nonmember,19058,7,1,0,5.584915,0.003754,0.346041,1.379526,-1.212006,-4.523715,1.379526
nonmember,34220,5,3,0,1.886214,0.151645,0.449828,1.695214,1.281563,-1.087323,1.695214
nonmember,10007,6,3,0,1.986529,0.137171,0.229187,1.952314,1.179250,-0.513314,1.952314
nonmember,16366,3,2,0,2.106480,0.121665,0.186378,2.185845,0.351212,-0.426503,2.185845
nonmember,13511,6,6,1,0.453435,0.635441,0.635441,1.351237,3.468973,1.960320,-1.351237
nonmember,10802,2,6,0,2.030341,0.131291,0.295677,2.022929,0.736087,-0.811854,2.022929
nonmember,45252,2,6,0,1.894079,0.150457,0.204487,1.998129,0.956922,-0.306829,1.998129
nonmember,226,1,1,1,0.565909,0.567844,0.567844,1.086995,3.826121,0.695170,-1.086995
nonmember,32660,7,7,1,1.322847,0.266376,0.266376,1.872305,1.884309,0.283120,-1.872305
nonmember,46343,0,8,0,2.901797,0.054924,0.776476,0.914048,0.967479,-2.648807,0.914048
nonmember,14036,4,7,0,1.806539,0.164222,0.214974,2.127750,0.729427,-0.269302,2.127750
nonmember,5128,3,7,0,2.346155,0.095737,0.199855,2.016234,0.395775,-0.735990,2.016234
nonmember,10337,8,8,1,0.170787,0.843001,0.843001,0.568629,5.839496,2.003071,-0.568629
nonmember,49909,6,6,1,0.737469,0.478323,0.478323,1.673431,2.844646,1.206621,-1.673431
nonmember,21882,3,1,0,2.831463,0.058927,0.547018,1.290432,1.029113,-2.228190,1.290432
nonmember,27163,2,7,0,2.641542,0.071251,0.289031,1.991290,0.177327,-1.400319,1.991290
nonmember,48436,7,7,1,0.905319,0.404413,0.404413,1.758952,1.970698,0.468230,-1.758952
nonmember,8628,1,1,1,0.746155,0.474186,0.474186,1.665338,2.384480,1.143893,-1.665338
nonmember,12896,4,3,0,2.218610,0.108760,0.135485,2.242193,0.142262,-0.219717,2.242193
nonmember,2949,0,7,0,1.875105,0.153339,0.293739,2.006281,0.792437,-0.650042,2.006281
nonmember,1174,8,7,0,7.227859,0.000726,0.408714,1.654376,-3.906072,-6.333119,1.654376
nonmember,7901,5,5,1,0.988101,0.372283,0.372283,1.537605,3.220916,0.283977,-1.537605
nonmember,23980,3,6,0,2.559810,0.077319,0.256107,2.052296,0.135390,-1.197650,2.052296
nonmember,44826,7,7,1,1.000636,0.367646,0.367646,1.932823,1.813840,0.930026,-1.932823
nonmember,44161,2,6,0,1.930374,0.145094,0.226977,1.986915,1.380438,-0.447465,1.986915
nonmember,20482,6,6,1,1.307561,0.270479,0.270479,1.990899,1.611586,0.551305,-1.990899
nonmember,2891,7,7,1,1.339362,0.262013,0.262013,1.888526,1.843233,0.396343,-1.888526
nonmember,37874,5,3,0,2.120180,0.120010,0.255797,1.983162,0.560730,-0.756810,1.983162
nonmember,12033,3,6,0,2.147533,0.116772,0.253360,2.008832,0.663683,-0.774589,2.008832
nonmember,47584,2,1,0,2.452071,0.086115,0.287982,1.899443,0.734513,-1.207213,1.899443
nonmember,29653,0,9,0,5.423440,0.004412,0.592938,1.119103,-1.609042,-4.900774,1.119103
nonmember,24621,7,7,1,1.311433,0.269434,0.269434,2.029741,1.425179,0.438818,-2.029741
nonmember,32010,6,3,0,1.932294,0.144816,0.354100,1.642380,1.831437,-0.894120,1.642380
nonmember,34472,5,7,0,2.406472,0.090133,0.305699,1.959103,0.407400,-1.221318,1.959103
nonmember,35164,7,6,0,1.746695,0.174349,0.213822,2.111377,0.898784,-0.204085,2.111377
nonmember,49630,7,3,0,1.133062,0.322046,0.403071,1.512420,2.373668,-0.224418,1.512420
nonmember,32258,1,3,0,1.822007,0.161701,0.177995,2.190323,0.685382,-0.096008,2.190323
nonmember,18896,3,3,1,1.219152,0.295481,0.295481,1.877973,1.580442,0.168146,-1.877973
nonmember,21539,0,8,0,1.180996,0.306973,0.357682,1.630178,2.096183,-0.152886,1.630178
nonmember,21441,7,6,0,2.085355,0.124263,0.403185,1.777349,1.467085,-1.176995,1.777349
nonmember,37709,9,9,1,0.734208,0.479886,0.479886,1.310322,3.065955,0.446261,-1.310322
nonmember,48761,3,3,1,1.132878,0.322105,0.322105,1.742501,2.180408,0.441764,-1.742501
nonmember,48209,0,9,0,2.516156,0.080769,0.371799,1.818276,0.347982,-1.526754,1.818276
nonmember,19045,4,9,0,3.250555,0.038753,0.299614,2.030783,-0.609101,-2.045296,2.030783
nonmember,43552,9,9,1,1.657541,0.190607,0.190607,2.124980,0.948965,0.120166,-2.124980
nonmember,42199,0,8,0,1.411042,0.243889,0.627818,0.994242,4.902241,-0.945538,0.994242
nonmember,17951,7,7,1,0.902060,0.405733,0.405733,1.714426,2.496634,0.911811,-1.714426
nonmember,6551,6,6,1,1.162232,0.312787,0.312787,1.917599,2.190675,0.743375,-1.917599
nonmember,35402,9,9,1,1.151098,0.316289,0.316289,1.756127,1.785199,0.255905,-1.756127
nonmember,47104,0,9,0,3.174889,0.041799,0.253314,2.161921,-0.720678,-1.801765,2.161921
nonmember,49362,1,9,0,1.095469,0.334383,0.405344,1.589069,2.118288,-0.192449,1.589069
nonmember,41731,0,0,1,0.345600,0.707795,0.707795,1.137671,3.186698,1.839622,-1.137671
nonmember,1698,7,1,0,3.501479,0.030153,0.280240,1.941898,-0.607500,-2.229371,1.941898
nonmember,19444,0,0,1,0.936520,0.391989,0.391989,1.895531,1.806054,0.951029,-1.895531
nonmember,27271,8,1,0,2.134810,0.118267,0.484720,1.698847,1.133164,-1.410626,1.698847
nonmember,5549,0,0,1,0.896575,0.407965,0.407965,1.894048,1.822062,1.221332,-1.894048
nonmember,26612,4,6,0,1.782468,0.168223,0.328080,1.867693,1.586231,-0.667971,1.867693
nonmember,7656,4,3,0,2.447935,0.086472,0.221357,2.056428,0.319872,-0.939955,2.056428
nonmember,47784,8,8,1,0.843229,0.430319,0.430319,1.385256,3.193300,0.385209,-1.385256
nonmember,49328,2,7,0,2.424220,0.088547,0.326477,1.959582,0.755566,-1.304825,1.959582
nonmember,11487,0,0,1,0.131046,0.877177,0.877177,0.435280,6.851628,2.104203,-0.435280
nonmember,25588,5,4,0,1.618022,0.198290,0.200034,1.938463,1.434138,-0.008752,1.938463
nonmember,48718,9,1,0,1.612131,0.199462,0.249730,2.004045,1.354188,-0.224757,2.004045
nonmember,34150,0,0,1,0.064534,0.937504,0.937504,0.309122,5.872598,3.239644,-0.309122
nonmember,42155,2,3,0,3.033967,0.048124,0.357432,1.890365,-0.051317,-2.005157,1.890365
nonmember,35162,0,1,0,5.732923,0.003238,0.468942,1.665211,-2.552710,-4.975646,1.665211
nonmember,47371,2,4,0,1.866091,0.154727,0.204467,1.986677,1.040009,-0.278745,1.986677
nonmember,20554,1,9,0,0.814006,0.443080,0.444667,1.165555,3.177810,-0.003576,1.165555
nonmember,12802,0,1,0,2.293685,0.100894,0.699118,1.092777,2.022617,-1.935749,1.092777
nonmember,34279,0,9,0,2.465205,0.084991,0.299959,1.801957,0.474532,-1.261094,1.801957
nonmember,44373,8,9,0,1.664946,0.189201,0.426322,1.735764,1.376351,-0.812385,1.735764
nonmember,25249,5,6,0,3.116903,0.044294,0.588142,1.413239,1.033068,-2.586117,1.413239
nonmember,31638,9,8,0,1.206414,0.299269,0.365506,1.372513,2.581230,-0.199941,1.372513
nonmember,32304,3,0,0,4.815797,0.008101,0.716823,0.975306,-0.306899,-4.482871,0.975306
nonmember,27308,2,6,0,2.533900,0.079349,0.402430,1.761782,0.855435,-1.623665,1.761782
nonmember,6036,9,1,0,1.097118,0.333832,0.460964,1.424526,2.222418,-0.322682,1.424526
nonmember,24441,1,1,1,0.699954,0.496608,0.496608,1.658136,2.426632,1.134007,-1.658136
nonmember,1497,2,4,0,2.287457,0.101524,0.247620,1.893898,0.891846,-0.891597,1.893898
nonmember,39193,8,7,0,3.668806,0.025507,0.221879,2.107101,-1.066408,-2.163184,2.107101
nonmember,11821,6,7,0,1.970957,0.139324,0.217381,1.977816,1.097338,-0.444851,1.977816
nonmember,27173,4,9,0,2.790551,0.061387,0.223207,2.028105,0.340037,-1.290895,2.028105
nonmember,16156,8,9,0,1.486028,0.226269,0.310381,1.708756,1.521062,-0.316072,1.708756
nonmember,18962,5,7,0,2.422915,0.088663,0.172507,2.233160,-0.068017,-0.665597,2.233160
nonmember,25569,6,6,1,1.117438,0.327117,0.327117,1.881698,2.491099,0.683096,-1.881698
nonmember,3282,5,1,0,4.790569,0.008308,0.596729,1.303719,-1.236930,-4.274277,1.303719
nonmember,31627,4,3,0,2.335506,0.096762,0.183769,2.152152,0.324798,-0.641428,2.152152
nonmember,39055,2,0,0,2.458573,0.085557,0.407834,1.831701,0.399539,-1.561677,1.831701
nonmember,30506,5,9,0,3.735461,0.023862,0.238311,1.880403,-0.712652,-2.301283,1.880403
nonmember,32127,2,6,0,2.051587,0.128531,0.338434,1.820091,1.166125,-0.968161,1.820091
nonmember,19408,7,1,0,3.997995,0.018352,0.529957,1.461678,-0.633165,-3.363035,1.461678
nonmember,29185,7,7,1,0.881260,0.414260,0.414260,1.805153,2.262012,1.118143,-1.805153
nonmember,12370,3,3,1,1.425665,0.240349,0.240349,2.046147,1.196341,0.259461,-2.046147
nonmember,38770,0,0,1,0.704309,0.494450,0.494450,1.594050,2.363824,0.852650,-1.594050
nonmember,750,5,3,0,1.612574,0.199374,0.278086,1.854956,1.676448,-0.332750,1.854956
nonmember,41599,2,6,0,2.371488,0.093342,0.371193,1.765726,1.004834,-1.380455,1.765726
nonmember,20516,9,9,1,1.440303,0.236856,0.236856,1.998058,1.394621,0.028848,-1.998058
nonmember,28326,1,1,1,1.087691,0.336994,0.336994,1.422793,2.649808,0.081559,-1.422793
nonmember,19110,2,1,0,2.803164,0.060618,0.238798,1.921524,0.617981,-1.371027,1.921524
nonmember,11297,0,9,0,1.818805,0.162220,0.291644,1.652728,1.514658,-0.586583,1.652728
nonmember,39633,7,7,1,1.198577,0.301623,0.301623,2.006813,1.532144,0.716845,-2.006813
nonmember,24573,7,7,1,1.139773,0.319891,0.319891,2.022874,1.680603,0.936218,-2.022874
nonmember,311,1,1,1,0.904244,0.404848,0.404848,1.613317,2.354787,0.415468,-1.613317
nonmember,21908,6,7,0,1.594208,0.203069,0.210921,1.955553,1.582382,-0.037938,1.955553
nonmember,19587,8,0,0,1.204978,0.299699,0.523605,1.303278,2.407568,-0.557961,1.303278
nonmember,29744,1,9,0,1.100104,0.332836,0.439419,1.376750,2.614722,-0.277802,1.376750
nonmember,4665,9,9,1,0.293690,0.745508,0.745508,0.850680,3.931796,1.402244,-0.850680
nonmember,35750,0,0,1,0.825918,0.437833,0.437833,1.742747,2.202272,0.904402,-1.742747
nonmember,39147,5,4,0,2.549610,0.078112,0.237453,1.995799,0.469692,-1.111826,1.995799
nonmember,22128,7,7,1,1.153683,0.315473,0.315473,1.997000,1.489522,0.579007,-1.997000
nonmember,1696,3,7,0,1.846684,0.157759,0.446958,1.617780,1.743479,-1.041394,1.617780
nonmember,7416,7,1,0,2.677292,0.068749,0.370809,1.974963,0.082202,-1.685224,1.974963
nonmember,12640,0,0,1,0.103103,0.902034,0.902034,0.428409,5.452780,2.612601,-0.428409
nonmember,6865,7,7,1,1.108940,0.329908,0.329908,1.925203,1.756964,0.855260,-1.925203
nonmember,28385,7,7,1,0.879732,0.414894,0.414894,1.645477,2.761402,0.691889,-1.645477
nonmember,19649,3,9,0,2.091286,0.123528,0.145426,2.158167,0.544311,-0.163199,2.158167
nonmember,5053,3,3,1,1.217557,0.295952,0.295952,1.859391,1.764107,0.075765,-1.859391
nonmember,49769,1,9,0,1.338052,0.262356,0.353777,1.581547,1.991038,-0.298964,1.581547
nonmember,23635,1,1,1,0.536835,0.584595,0.584595,1.380646,2.901627,1.342587,-1.380646
nonmember,33249,0,0,1,1.657163,0.190679,0.190679,2.126026,0.945049,0.092740,-2.126026
nonmember,7599,0,0,1,1.086065,0.337542,0.337542,2.054905,1.491283,1.171335,-2.054905
nonmember,43392,6,9,0,5.399641,0.004518,0.485351,1.466188,-2.162040,-4.676758,1.466188
nonmember,43456,3,1,0,1.711352,0.180622,0.337497,1.701166,1.459159,-0.625154,1.701166
nonmember,37407,9,9,1,0.839078,0.432109,0.432109,1.600076,2.441738,0.531341,-1.600076
nonmember,41024,2,3,0,1.940731,0.143599,0.211888,2.038380,1.162425,-0.389033,2.038380
nonmember,47278,9,9,1,1.317194,0.267886,0.267886,1.997901,1.186554,0.077875,-1.997901
nonmember,48263,1,9,0,1.725390,0.178104,0.411136,1.798041,1.210541,-0.836559,1.798041
nonmember,11072,5,3,0,1.858723,0.155872,0.243549,1.941979,1.247614,-0.446286,1.941979
nonmember,12169,1,1,1,0.464833,0.628240,0.628240,1.381710,2.913352,1.625553,-1.381710
nonmember,39201,0,0,1,0.947427,0.387737,0.387737,1.883459,1.944207,1.245103,-1.883459
nonmember,8304,2,0,0,2.387054,0.091900,0.643015,1.359155,0.862236,-1.945467,1.359155
nonmember,48481,8,0,0,0.926294,0.396019,0.505712,1.105460,3.160434,-0.244506,1.105460
nonmember,47649,6,6,1,0.820314,0.440293,0.440293,1.694127,3.256366,0.841932,-1.694127
nonmember,2489,8,0,0,1.623502,0.197207,0.743026,0.804660,3.015049,-1.326478,0.804660
nonmember,22070,1,9,0,1.581579,0.205650,0.503229,1.311616,2.748186,-0.894869,1.311616
nonmember,45536,8,8,1,1.042201,0.352678,0.352678,1.610597,2.432414,0.422639,-1.610597
nonmember,15181,3,1,0,1.918662,0.146803,0.228410,2.089175,0.770605,-0.442047,2.089175
nonmember,4593,9,9,1,1.639788,0.194021,0.194021,2.075543,1.049827,0.087134,-2.075543
nonmember,47825,8,8,1,1.001606,0.367289,0.367289,1.658969,2.195730,0.516346,-1.658969
nonmember,14399,2,7,0,2.047034,0.129117,0.256888,2.035800,0.826383,-0.687921,2.035800
nonmember,31833,5,5,1,1.120903,0.325985,0.325985,1.752374,2.452799,0.366516,-1.752374
nonmember,1326,9,1,0,1.291619,0.274825,0.330603,1.780197,1.822260,-0.184783,1.780197
nonmember,28886,9,9,1,1.354627,0.258043,0.258043,1.941375,1.685642,0.349689,-1.941375
nonmember,5756,4,1,0,3.368309,0.034448,0.264160,1.892968,-0.073011,-2.037108,1.892968
nonmember,34205,9,9,1,0.698696,0.497233,0.497233,1.307263,3.648365,0.679275,-1.307263
nonmember,36153,1,1,1,1.002883,0.366820,0.366820,1.653968,2.664673,0.520780,-1.653968
nonmember,20723,0,6,0,5.182058,0.005616,0.321835,1.951369,-2.233422,-4.048343,1.951369
nonmember,36994,2,7,0,2.081216,0.124778,0.225638,1.981081,0.762460,-0.592393,1.981081
nonmember,3350,8,8,1,1.148811,0.317013,0.317013,1.637591,2.274304,0.217675,-1.637591
nonmember,25393,9,1,0,1.612850,0.199319,0.674719,1.077626,2.207763,-1.219392,1.077626
nonmember,49488,4,1,0,3.258836,0.038433,0.289373,1.881406,-0.378889,-2.018797,1.881406
nonmember,20024,9,9,1,0.708804,0.492233,0.492233,1.633479,2.350029,0.964263,-1.633479
nonmember,49725,2,0,0,3.953724,0.019183,0.612216,1.201738,-0.230741,-3.463054,1.201738
nonmember,438,9,9,1,1.286842,0.276142,0.276142,2.048699,1.462721,0.381924,-2.048699
nonmember,24876,8,8,1,1.652415,0.191587,0.191587,2.202076,0.753626,0.099957,-2.202076
nonmember,6740,8,0,0,1.209131,0.298457,0.333092,1.760345,1.740929,-0.109793,1.760345
nonmember,15253,4,6,0,2.718717,0.065959,0.283217,1.986241,0.403642,-1.457175,1.986241
nonmember,29977,0,7,0,1.434841,0.238153,0.305298,1.883394,1.548422,-0.248376,1.883394
nonmember,5684,0,1,0,6.425336,0.001620,0.640500,1.260391,-2.423236,-5.979830,1.260391
nonmember,42438,1,9,0,2.113827,0.120775,0.355257,1.947631,0.600206,-1.078914,1.947631
nonmember,46100,8,9,0,2.173741,0.113751,0.274761,2.091309,0.357927,-0.881888,2.091309
nonmember,1188,0,6,0,4.035894,0.017670,0.227843,2.110169,-1.434300,-2.556795,2.110169
nonmember,9994,6,6,1,1.340928,0.261603,0.261603,2.042458,1.403123,0.519861,-2.042458
nonmember,44370,4,7,0,2.175117,0.113595,0.176821,2.201284,0.228204,-0.442503,2.201284
nonmember,31231,2,0,0,2.943857,0.052662,0.638635,1.295764,0.452068,-2.495436,1.295764
nonmember,41572,8,8,1,0.111853,0.894175,0.894175,0.455338,6.255529,2.826598,-0.455338
nonmember,41159,3,0,0,2.152088,0.116241,0.177934,2.171181,0.372477,-0.425745,2.171181
nonmember,33061,8,8,1,1.176135,0.308469,0.308469,1.823418,1.674456,0.016252,-1.823418
nonmember,43388,6,6,1,0.993468,0.370290,0.370290,1.798141,2.292408,0.672686,-1.798141
nonmember,33376,9,8,0,1.781438,0.168396,0.400875,1.658065,1.385170,-0.867332,1.658065
nonmember,6649,3,7,0,1.321749,0.266669,0.291591,1.643877,2.502506,-0.089345,1.643877
nonmember,46927,5,2,0,2.152589,0.116183,0.213104,1.900650,1.025397,-0.606616,1.900650
nonmember,25932,6,1,0,2.008356,0.134209,0.270009,1.961158,1.474630,-0.699055,1.961158
nonmember,47239,4,6,0,1.635991,0.194759,0.311644,1.795915,1.905091,-0.470098,1.795915
nonmember,21569,5,3,0,1.895094,0.150304,0.203901,2.037115,1.100666,-0.304974,2.037115
nonmember,33865,9,0,0,2.411581,0.089673,0.575425,1.057966,3.501053,-1.858934,1.057966
nonmember,7981,5,6,0,1.766914,0.170859,0.379027,1.645212,2.463433,-0.796767,1.645212
nonmember,9595,1,8,0,1.792876,0.166481,0.386094,1.654495,1.431695,-0.841202,1.654495
nonmember,44735,6,6,1,1.055685,0.347954,0.347954,1.894428,1.918693,0.772012,-1.894428
nonmember,27132,1,5,0,2.360802,0.094345,0.299679,1.900923,0.587492,-1.155758,1.900923
nonmember,47507,5,1,0,2.670619,0.069209,0.623395,1.360502,0.778597,-2.198044,1.360502
nonmember,773,8,9,0,1.448201,0.234993,0.332142,1.687433,1.573836,-0.346008,1.687433
nonmember,46076,4,7,0,2.268189,0.103499,0.192688,2.158114,0.210488,-0.621504,2.158114
nonmember,3394,5,3,0,1.300167,0.272486,0.333174,1.657856,2.363402,-0.201078,1.657856
nonmember,25869,8,0,0,2.663483,0.069705,0.850375,0.664409,1.812750,-2.501405,0.664409
nonmember,45167,9,9,1,1.128118,0.323642,0.323642,1.624159,2.284358,0.204133,-1.624159
nonmember,21565,8,0,0,2.191259,0.111776,0.562919,1.554828,0.824519,-1.616640,1.554828
nonmember,32116,7,7,1,1.170694,0.310152,0.310152,1.876658,1.997952,0.532117,-1.876658
nonmember,38369,5,6,0,2.214583,0.109199,0.235270,2.073719,0.477204,-0.767562,2.073719
nonmember,21115,2,0,0,2.870940,0.056646,0.335840,1.920779,-0.103939,-1.779820,1.920779
nonmember,32564,1,1,1,1.235208,0.290774,0.290774,2.042410,1.346058,0.467001,-2.042410
nonmember,10709,5,5,1,1.288083,0.275799,0.275799,1.951843,1.669189,0.312287,-1.951843
nonmember,40748,6,9,0,2.633750,0.071809,0.273837,1.994449,0.014316,-1.338527,1.994449
nonmember,25915,1,0,0,2.031666,0.131117,0.319608,1.752241,1.011585,-0.891007,1.752241
nonmember,11592,9,9,1,0.739833,0.477194,0.477194,1.304613,2.900639,0.304837,-1.304613
nonmember,23815,3,6,0,1.986907,0.137119,0.184898,2.090714,0.722901,-0.298954,2.090714
nonmember,28597,3,6,0,1.692547,0.184050,0.355617,1.811188,1.646611,-0.658647,1.811188
nonmember,15507,9,9,1,0.510695,0.600079,0.600079,1.302570,3.049162,1.268919,-1.302570
nonmember,28891,3,6,0,2.160454,0.115273,0.345920,1.745010,1.445973,-1.098907,1.745010
nonmember,11296,9,8,0,2.510691,0.081212,0.657924,1.137809,1.376948,-2.092026,1.137809
nonmember,5809,7,7,1,1.438095,0.237380,0.237380,1.813382,2.242571,0.047449,-1.813382
nonmember,22792,7,7,1,0.341712,0.710553,0.710553,1.160799,3.223168,2.354887,-1.160799
nonmember,47773,5,4,0,2.018553,0.132848,0.147573,2.190658,0.499927,-0.105119,2.190658
nonmember,31787,8,9,0,2.084681,0.124347,0.339726,1.775234,0.802623,-1.005067,1.775234
nonmember,22014,2,0,0,1.966182,0.139990,0.306391,2.063936,0.637784,-0.783288,2.063936
nonmember,49483,1,1,1,0.556979,0.572937,0.572937,1.464722,2.989968,1.519176,-1.464722
nonmember,48674,5,0,0,2.576811,0.076016,0.176691,2.243307,-0.195974,-0.843458,2.243307
nonmember,29707,2,8,0,2.421730,0.088768,0.244026,2.136822,0.031951,-1.011248,2.136822
nonmember,6222,5,6,0,1.823803,0.161411,0.314952,1.906299,1.432385,-0.668467,1.906299
nonmember,43297,1,1,1,0.806148,0.446575,0.446575,1.707327,2.169938,0.969175,-1.707327
nonmember,43999,5,3,0,1.454556,0.233504,0.289651,1.826025,1.904407,-0.215478,1.826025
nonmember,18647,3,3,1,1.141149,0.319452,0.319452,1.865313,1.683804,0.349569,-1.865313
nonmember,1426,3,1,0,1.910848,0.147955,0.254525,1.997385,0.957964,-0.542492,1.997385
nonmember,8101,3,9,0,2.188530,0.112081,0.389370,1.800440,0.690711,-1.245305,1.800440
nonmember,41476,6,6,1,0.921161,0.398057,0.398057,1.628618,2.956914,0.612993,-1.628618
nonmember,2754,8,9,0,3.337669,0.035520,0.431463,1.544383,-0.014953,-2.497095,1.544383
nonmember,2617,0,0,1,1.467396,0.230525,0.230525,2.195345,0.957382,0.661769,-2.195345
nonmember,10880,5,1,0,3.529749,0.029312,0.307518,1.837477,-0.726602,-2.350527,1.837477
nonmember,12815,3,6,0,1.651775,0.191709,0.295666,1.875663,1.819500,-0.433251,1.875663
nonmember,32765,8,0,0,1.334873,0.263192,0.330233,1.728688,1.771744,-0.226917,1.728688
nonmember,17895,9,9,1,0.765197,0.465242,0.465242,1.203373,3.139146,0.133758,-1.203373
nonmember,36937,4,7,0,2.176108,0.113482,0.340737,1.859739,1.045774,-1.099463,1.859739
nonmember,47654,3,9,0,2.802349,0.060667,0.520299,1.549747,0.429930,-2.148997,1.549747
nonmember,37619,0,0,1,0.771919,0.462125,0.462125,1.653214,2.313265,0.844464,-1.653214
nonmember,1763,8,8,1,0.340132,0.711676,0.711676,0.748986,6.104812,1.048049,-0.748986
nonmember,26653,4,4,1,1.414079,0.243150,0.243150,1.795814,2.240146,0.241009,-1.795814
nonmember,28644,6,9,0,3.807715,0.022199,0.359985,1.870034,-0.972175,-2.786022,1.870034
nonmember,1656,5,6,0,1.893097,0.150605,0.173046,2.097208,0.868529,-0.138901,2.097208
nonmember,8202,7,1,0,1.698365,0.182982,0.230631,1.975154,1.646964,-0.231428,1.975154
nonmember,2277,0,0,1,0.605416,0.545847,0.545847,1.189001,4.799773,0.977770,-1.189001
nonmember,49716,1,8,0,1.933482,0.144644,0.450909,1.304498,2.924040,-1.136991,1.304498
nonmember,11247,5,6,0,2.537099,0.079095,0.301137,1.905067,0.798818,-1.336908,1.905067
nonmember,43728,1,9,0,1.298647,0.272901,0.577735,1.203136,2.438691,-0.750006,1.203136
nonmember,23389,3,9,0,3.068724,0.046480,0.377419,1.690635,0.267261,-2.094326,1.690635
nonmember,37128,2,3,0,1.958370,0.141088,0.181468,2.106925,0.789871,-0.251691,2.106925
nonmember,7747,0,9,0,5.156137,0.005764,0.596842,1.156573,-1.313939,-4.640035,1.156573
nonmember,4559,0,0,1,0.921933,0.397750,0.397750,1.932804,1.757177,1.186872,-1.932804
nonmember,23643,7,4,0,2.243696,0.106066,0.240166,1.874937,1.120667,-0.817271,1.874937
nonmember,47263,7,7,1,1.494715,0.224312,0.224312,2.203408,0.991079,0.641645,-2.203408
nonmember,33218,2,7,0,2.371016,0.093386,0.257399,2.027770,0.503060,-1.013890,2.027770
nonmember,896,6,6,1,1.301471,0.272131,0.272131,2.042006,1.459857,0.776358,-2.042006
nonmember,37604,9,9,1,0.727965,0.482891,0.482891,1.536407,2.601868,0.856147,-1.536407
nonmember,16530,2,0,0,4.256835,0.014167,0.787678,0.795542,0.047865,-4.018169,0.795542
nonmember,2927,2,1,0,2.964185,0.051603,0.362007,1.781975,0.442447,-1.948093,1.781975
nonmember,47993,8,1,0,2.165269,0.114719,0.447009,1.712587,0.974162,-1.360093,1.712587
nonmember,16591,9,9,1,1.035620,0.355006,0.355006,1.908308,1.729476,0.669156,-1.908308
nonmember,43378,0,8,0,1.645030,0.193007,0.283573,1.901201,1.152446,-0.384745,1.901201
nonmember,6561,5,7,0,2.536238,0.079164,0.303564,1.950020,0.384523,-1.344074,1.950020
nonmember,35922,7,7,1,1.386418,0.249969,0.249969,2.048865,1.551044,0.540032,-2.048865
nonmember,10243,0,6,0,6.035836,0.002391,0.256991,1.934490,-2.845303,-4.677121,1.934490
nonmember,42536,2,6,0,2.107758,0.121510,0.260904,1.994795,0.774759,-0.764156,1.994795
nonmember,39548,9,9,1,0.595726,0.551162,0.551162,1.155303,3.719511,0.734383,-1.155303
nonmember,15726,6,9,0,1.979975,0.138073,0.319622,1.769018,1.182689,-0.839360,1.769018
nonmember,32176,9,9,1,0.856238,0.424757,0.424757,1.305251,3.211335,0.412904,-1.305251
nonmember,33310,2,8,0,1.998466,0.135543,0.298306,1.964601,0.636917,-0.788831,1.964601
nonmember,49117,3,9,0,2.102791,0.122115,0.244800,2.038352,0.596122,-0.695479,2.038352
nonmember,6401,7,7,1,1.206893,0.299125,0.299125,1.920673,1.546386,0.128684,-1.920673
nonmember,39704,8,3,0,2.591146,0.074934,0.172975,2.190724,-0.101560,-0.836540,2.190724
nonmember,41027,3,0,0,3.030767,0.048279,0.359327,1.942159,-0.347455,-2.007246,1.942159
nonmember,33138,5,6,0,1.712138,0.180479,0.264189,1.875233,1.820245,-0.381048,1.875233
nonmember,44169,7,7,1,1.544684,0.213379,0.213379,2.032775,1.237780,0.001004,-2.032775
nonmember,28219,4,9,0,2.693362,0.067653,0.248114,2.019936,0.001691,-1.299495,2.019936
nonmember,37111,2,6,0,2.023851,0.132146,0.233563,1.946354,1.077438,-0.569548,1.946354
nonmember,21396,7,6,0,1.976262,0.138586,0.215869,1.925808,1.126157,-0.443178,1.925808
nonmember,40126,2,5,0,3.447603,0.031822,0.312390,1.726366,0.209335,-2.284100,1.726366
nonmember,34453,1,9,0,1.177358,0.308092,0.396474,1.280530,3.748202,-0.252213,1.280530
nonmember,24056,5,5,1,1.496544,0.223903,0.223903,1.778033,2.180722,0.049158,-1.778033
nonmember,18778,9,6,0,2.140460,0.117601,0.265976,1.978473,1.096569,-0.816110,1.978473
nonmember,26005,3,7,0,2.598753,0.074366,0.243234,2.055831,0.057138,-1.185022,2.055831
nonmember,36028,1,8,0,2.269461,0.103368,0.388070,1.455357,1.440748,-1.322893,1.455357
nonmember,31123,7,6,0,2.016734,0.133089,0.275053,1.975531,0.861105,-0.725942,1.975531
nonmember,4679,2,2,1,1.787737,0.167338,0.167338,2.117563,0.988535,0.082912,-2.117563
nonmember,5771,7,7,1,0.387594,0.678688,0.678688,1.197974,3.535572,1.870394,-1.197974
nonmember,22909,6,6,1,1.096096,0.334173,0.334173,1.927463,1.859672,0.808996,-1.927463
nonmember,38535,2,9,0,2.789517,0.061451,0.280831,2.046991,-0.070483,-1.519516,2.046991
nonmember,42407,9,9,1,0.872312,0.417984,0.417984,1.637395,2.367645,0.424104,-1.637395
nonmember,32918,6,6,1,0.307388,0.735365,0.735365,1.043361,4.486796,2.240673,-1.043361
nonmember,180,4,6,0,1.775272,0.169437,0.293273,1.815705,1.992177,-0.548621,1.815705
nonmember,47905,5,9,0,4.285145,0.013772,0.344355,1.720347,-1.129771,-3.219062,1.720347
nonmember,21581,6,6,1,0.904687,0.404669,0.404669,1.694103,3.067533,0.968546,-1.694103
nonmember,15938,4,8,0,4.067254,0.017124,0.449390,1.597248,-1.034090,-3.267389,1.597248
nonmember,20679,9,9,1,0.655544,0.519159,0.519159,1.554072,2.490865,1.197028,-1.554072
nonmember,10035,1,6,0,3.502526,0.030121,0.485291,1.560630,0.951023,-2.779520,1.560630
nonmember,10423,5,7,0,2.674334,0.068953,0.169191,2.219092,-0.238581,-0.897606,2.219092
nonmember,46450,2,4,0,2.314947,0.098771,0.184312,2.076169,0.408431,-0.623823,2.076169
nonmember,8090,1,9,0,1.115116,0.327877,0.359900,1.268518,3.543321,-0.093188,1.268518
nonmember,11751,6,6,1,1.330858,0.264250,0.264250,1.920437,1.750234,0.328326,-1.920437
nonmember,35100,3,8,0,3.804924,0.022261,0.370800,1.734540,-0.779484,-2.812832,1.734540
nonmember,21667,8,8,1,0.992112,0.370793,0.370793,1.738171,2.053321,0.640723,-1.738171
nonmember,22095,9,9,1,1.474359,0.228925,0.228925,2.052799,1.149385,0.336603,-2.052799
nonmember,15612,6,0,0,11.463930,0.000011,0.864344,0.504239,-5.597464,-11.318146,0.504239
nonmember,13,2,1,0,3.592108,0.027540,0.386555,1.718796,-0.079411,-2.641627,1.718796
nonmember,4251,7,9,0,3.270643,0.037982,0.317472,1.805449,-0.362579,-2.123279,1.805449
nonmember,8494,5,7,0,2.760770,0.063243,0.254481,2.101441,-0.203003,-1.392242,2.101441
nonmember,3674,0,0,1,0.125749,0.881836,0.881836,0.540715,4.704264,2.710126,-0.540715
nonmember,8721,8,5,0,3.650220,0.025985,0.247804,1.980110,-0.959061,-2.255104,1.980110
nonmember,13556,2,7,0,1.508145,0.221320,0.257017,1.945279,1.280612,-0.149533,1.945279
nonmember,37676,5,7,0,1.759257,0.172173,0.507624,1.448002,1.873935,-1.081242,1.448002
nonmember,7671,3,0,0,3.141733,0.043208,0.320056,1.897122,-0.418682,-2.002472,1.897122
nonmember,29353,4,6,0,1.407536,0.244746,0.253900,1.787545,2.389273,-0.036719,1.787545
nonmember,17080,0,0,1,0.253751,0.775885,0.775885,0.836787,4.199509,1.848938,-0.836787
nonmember,18741,8,0,0,1.166954,0.311314,0.537682,1.117672,4.042716,-0.546465,1.117672
nonmember,21121,9,1,0,1.911643,0.147837,0.598985,1.371173,1.704828,-1.399124,1.371173
nonmember,40855,9,6,0,4.353743,0.012859,0.410829,1.658077,-0.481294,-3.464165,1.658077
nonmember,40948,9,1,0,0.966140,0.380549,0.419774,1.344030,2.856541,-0.098100,1.344030
nonmember,47824,1,7,0,3.646163,0.026091,0.318764,1.892141,-0.517458,-2.502860,1.892141
nonmember,4496,1,8,0,1.374526,0.252959,0.309713,1.491753,2.793210,-0.202418,1.491753
nonmember,47470,1,1,1,0.827460,0.437158,0.437158,1.281569,2.922272,0.034036,-1.281569
nonmember,5460,1,9,0,1.096639,0.333992,0.518199,1.269714,2.534369,-0.439242,1.269714
nonmember,11789,2,6,0,2.174852,0.113625,0.176665,2.086289,0.532804,-0.441354,2.086289
nonmember,33240,8,3,0,7.411629,0.000604,0.223515,1.968578,-4.002573,-5.913351,1.968578
nonmember,11742,7,9,0,1.711725,0.180554,0.362880,1.905278,1.064681,-0.698041,1.905278
nonmember,13552,3,7,0,2.266595,0.103665,0.190391,2.154376,0.252780,-0.607917,2.154376
nonmember,23518,5,5,1,1.186581,0.305263,0.305263,2.002318,1.650221,0.651798,-2.002318
nonmember,13053,3,7,0,1.677112,0.186913,0.289652,1.886571,1.923955,-0.438039,1.886571
nonmember,13814,2,7,0,1.918795,0.146784,0.297728,1.995885,0.769379,-0.707219,1.995885
nonmember,30269,1,9,0,1.708703,0.181100,0.434180,1.762571,1.218879,-0.874406,1.762571
nonmember,38469,8,9,0,2.848254,0.057945,0.327345,1.969805,-0.250415,-1.731514,1.969805
nonmember,10077,7,7,1,0.887390,0.411729,0.411729,1.880312,1.928217,1.029971,-1.880312
nonmember,23458,6,6,1,1.475159,0.228742,0.228742,1.954289,1.583815,0.068073,-1.954289
nonmember,23068,3,3,1,1.056682,0.347607,0.347607,1.851510,1.981962,0.553224,-1.851510
nonmember,30637,9,9,1,0.423580,0.654699,0.654699,1.108277,3.588985,1.311257,-1.108277
nonmember,24017,3,7,0,1.949765,0.142308,0.295991,1.893982,1.002883,-0.732340,1.893982
nonmember,38433,0,9,0,3.614754,0.026924,0.526634,1.471635,-0.415069,-2.973505,1.471635
nonmember,38820,9,9,1,0.851254,0.426879,0.426879,1.769064,2.112158,0.989890,-1.769064
nonmember,1213,9,9,1,1.568463,0.208365,0.208365,2.084855,1.280706,0.208543,-2.084855
nonmember,19211,5,7,0,1.486642,0.226131,0.230720,1.838000,1.876618,-0.020093,1.838000
nonmember,10329,3,9,0,4.368382,0.012672,0.519865,1.357734,-0.409681,-3.714196,1.357734
nonmember,12790,2,0,0,3.863243,0.021000,0.777204,0.857269,0.492813,-3.611191,0.857269
nonmember,29688,7,1,0,2.830300,0.058995,0.258481,2.076500,-0.196553,-1.477366,2.076500
nonmember,33869,8,0,0,1.918224,0.146868,0.297516,2.095973,0.582534,-0.705937,2.095973
nonmember,3683,6,6,1,1.263936,0.282540,0.282540,2.056127,1.454085,0.889659,-2.056127
nonmember,30901,9,1,0,0.957079,0.384013,0.541769,1.035658,3.098836,-0.344163,1.035658
nonmember,10237,4,6,0,1.818654,0.162244,0.173219,2.134364,0.717104,-0.065456,2.134364
nonmember,37470,5,9,0,3.951840,0.019219,0.355336,1.660330,-0.611977,-2.917148,1.660330
nonmember,15662,1,1,1,0.944402,0.388912,0.388912,1.925907,1.791659,1.222536,-1.925907
nonmember,19166,1,3,0,2.591635,0.074898,0.352533,1.653742,1.302485,-1.549024,1.653742
nonmember,11550,4,9,0,2.541319,0.078762,0.257704,2.125377,0.075917,-1.185375,2.125377
nonmember,10287,9,9,1,0.926945,0.395761,0.395761,1.286594,3.248819,0.197797,-1.286594
nonmember,36474,3,9,0,2.656995,0.070159,0.251415,2.110182,-0.104890,-1.276345,2.110182
nonmember,31200,5,7,0,1.958836,0.141023,0.186221,2.154387,0.523216,-0.278016,2.154387
nonmember,39959,0,6,0,6.485081,0.001526,0.374390,1.787360,-3.284274,-5.502624,1.787360
nonmember,3914,7,9,0,2.882530,0.055993,0.310593,1.880489,-0.031967,-1.713258,1.880489
nonmember,26611,6,6,1,0.508079,0.601650,0.601650,1.416169,3.736996,1.925745,-1.416169
nonmember,33231,8,0,0,2.274832,0.102814,0.748808,0.970582,1.748806,-1.985559,0.970582
nonmember,40141,7,6,0,1.599414,0.202015,0.271263,1.731656,2.367444,-0.294749,1.731656
nonmember,17003,3,6,0,1.855869,0.156317,0.266004,1.856249,1.457996,-0.531626,1.856249
nonmember,41831,3,5,0,1.537639,0.214888,0.261971,1.838363,1.774197,-0.198118,1.838363
nonmember,14045,8,8,1,1.067818,0.343758,0.343758,1.623247,2.306165,0.476510,-1.623247
nonmember,47192,5,1,0,2.683884,0.068297,0.336805,1.693751,0.709017,-1.595633,1.693751
nonmember,23210,1,1,1,1.394417,0.247977,0.247977,2.143299,1.147592,0.558276,-2.143299
nonmember,41782,3,9,0,1.767803,0.170708,0.295161,1.875241,1.716833,-0.547570,1.875241
nonmember,48878,4,6,0,1.461058,0.231991,0.289332,1.758175,2.343332,-0.220876,1.758175
nonmember,39266,7,7,1,0.495478,0.609279,0.609279,1.456748,2.601145,2.161677,-1.456748
nonmember,32124,5,6,0,1.872322,0.153766,0.330913,1.801054,1.913310,-0.766423,1.801054
nonmember,44794,0,3,0,3.070374,0.046404,0.160448,2.218410,-0.642519,-1.240590,2.218410
nonmember,44891,4,2,0,2.387995,0.091814,0.190128,2.091666,0.367660,-0.727936,2.091666
nonmember,44997,1,9,0,1.575118,0.206983,0.428200,1.514292,1.780194,-0.726954,1.514292
nonmember,45399,1,0,0,1.514616,0.219893,0.276093,1.617398,2.081083,-0.227599,1.617398
nonmember,45146,9,0,0,3.468864,0.031152,0.633536,1.129601,0.348054,-3.012426,1.129601
nonmember,44336,4,6,0,1.685484,0.185355,0.482592,1.559778,2.257925,-0.956902,1.559778
nonmember,25549,0,9,0,2.228676,0.107671,0.309689,1.606307,1.077378,-1.056490,1.606307
nonmember,22204,7,7,1,0.505236,0.603363,0.603363,1.430383,2.750249,1.896050,-1.430383
nonmember,24567,0,0,1,0.096490,0.908019,0.908019,0.387722,6.047906,2.583248,-0.387722
nonmember,39154,8,9,0,1.972408,0.139121,0.485299,1.565503,1.406750,-1.249419,1.565503
nonmember,48670,8,8,1,0.857976,0.424019,0.424019,1.502209,2.699571,0.474853,-1.502209
nonmember,18388,1,0,0,1.599537,0.201990,0.399838,1.535288,2.035980,-0.682841,1.535288
nonmember,32523,4,4,1,1.562207,0.209673,0.209673,1.978261,1.277153,0.104873,-1.978261
nonmember,11225,9,1,0,1.278359,0.278494,0.403903,1.722730,1.625982,-0.371779,1.722730
nonmember,7020,6,3,0,2.184911,0.112488,0.171312,2.169590,0.304561,-0.420643,2.169590
nonmember,40071,4,6,0,1.845486,0.157949,0.295709,1.914999,1.195778,-0.627107,1.914999
nonmember,3442,4,6,0,2.454924,0.085870,0.357164,1.831881,1.337169,-1.425364,1.831881
nonmember,631,8,1,0,1.217865,0.295861,0.350391,1.498478,2.456038,-0.169158,1.498478
nonmember,26317,7,7,1,0.810632,0.444577,0.444577,1.775536,2.344805,1.113463,-1.775536
nonmember,49898,4,7,0,1.531707,0.216166,0.298044,1.806869,1.899073,-0.321192,1.806869
nonmember,37247,2,0,0,4.564258,0.010418,0.507240,1.352262,-0.374542,-3.885488,1.352262
nonmember,20194,3,3,1,1.214368,0.296897,0.296897,1.914054,1.698586,0.216076,-1.914054
nonmember,27568,7,6,0,1.961190,0.140691,0.179522,2.178589,0.603330,-0.243735,2.178589
nonmember,600,0,0,1,0.702997,0.495099,0.495099,1.507206,2.682272,0.848641,-1.507206
nonmember,38876,4,6,0,2.592137,0.074860,0.351718,1.906688,0.607800,-1.547212,1.906688
nonmember,47884,5,0,0,2.059722,0.127489,0.283582,2.108222,0.537953,-0.799469,2.108222
nonmember,9545,8,9,0,2.348394,0.095522,0.650456,1.145452,1.504555,-1.918311,1.145452
nonmember,26012,9,1,0,1.559620,0.210216,0.466279,1.673608,1.506188,-0.796649,1.673608
nonmember,17233,0,3,0,6.689667,0.001244,0.339405,1.849656,-3.429559,-5.609107,1.849656
nonmember,44511,9,9,1,0.498220,0.607612,0.607612,1.074151,3.577060,0.738943,-1.074151
nonmember,39581,9,9,1,0.483434,0.616662,0.616662,1.319705,2.951121,1.224037,-1.319705
nonmember,7945,7,7,1,1.002713,0.366883,0.366883,1.768551,2.370655,0.801074,-1.768551
nonmember,45503,5,5,1,1.185448,0.305609,0.305609,1.810834,1.982451,0.184667,-1.810834
nonmember,24352,5,7,0,1.873495,0.153586,0.280617,1.901688,1.282180,-0.602730,1.901688
nonmember,25893,4,7,0,1.936428,0.144218,0.157292,2.181191,0.578980,-0.086780,2.181191
nonmember,20037,5,6,0,2.668728,0.069340,0.415517,1.808937,0.431083,-1.790496,1.808937
nonmember,17712,2,6,0,1.956672,0.141328,0.189161,1.965972,1.598316,-0.291515,1.965972
nonmember,18180,3,6,0,2.604917,0.073909,0.510591,1.629651,1.378014,-1.932731,1.629651
nonmember,31857,6,9,0,2.081421,0.124753,0.221410,2.052848,0.646995,-0.573683,2.052848
nonmember,4219,4,7,0,2.135293,0.118210,0.294648,1.857326,1.197494,-0.913320,1.857326
nonmember,33197,4,0,0,5.441343,0.004334,0.306062,1.549702,-1.805608,-4.257377,1.549702
nonmember,919,5,5,1,1.561948,0.209727,0.209727,2.136238,1.091809,0.368309,-2.136238
nonmember,15526,4,6,0,1.292595,0.274557,0.301406,1.680642,3.159164,-0.093297,1.680642
nonmember,12348,1,1,1,0.492025,0.611387,0.611387,1.293949,3.341123,1.196819,-1.293949
nonmember,8854,8,8,1,0.564866,0.568437,0.568437,1.105191,3.565573,0.607397,-1.105191
nonmember,18998,3,6,0,2.156655,0.115712,0.194061,2.120481,0.447811,-0.517075,2.120481
nonmember,9426,8,9,0,1.882088,0.152272,0.583028,1.150854,2.188899,-1.342568,1.150854
nonmember,8943,3,9,0,2.925605,0.053632,0.309070,1.852782,-0.053507,-1.751418,1.852782
nonmember,32235,1,8,0,0.949268,0.387024,0.417292,1.285187,3.357007,-0.075298,1.285187
nonmember,35581,3,0,0,3.207332,0.040464,0.459531,1.718169,-0.297559,-2.429784,1.718169
nonmember,39117,9,9,1,1.001087,0.367480,0.367480,1.881553,1.647446,0.695682,-1.881553
nonmember,27628,3,6,0,1.923297,0.146124,0.507058,1.522058,2.165738,-1.244167,1.522058
nonmember,39360,2,8,0,5.244411,0.005277,0.482361,1.281555,-1.090398,-4.515349,1.281555
nonmember,904,4,1,0,3.335735,0.035588,0.364816,1.749579,0.098036,-2.327372,1.749579
nonmember,17411,7,7,1,0.871514,0.418318,0.418318,1.736247,2.650726,1.000640,-1.736247
nonmember,32071,2,9,0,2.969507,0.051329,0.390495,1.637237,0.137685,-2.029166,1.637237
nonmember,26433,1,6,0,1.824688,0.161268,0.256756,2.020569,1.180378,-0.465060,2.020569
nonmember,42024,8,0,0,2.478600,0.083861,0.791704,0.879404,1.452668,-2.245031,0.879404
nonmember,8957,2,7,0,2.104601,0.121894,0.210008,2.046921,0.670031,-0.543991,2.046921
nonmember,29131,4,0,0,3.660378,0.025723,0.446376,1.773940,-0.825541,-2.853784,1.773940
nonmember,44496,5,0,0,4.742441,0.008717,0.269874,1.754637,-1.608603,-3.432643,1.754637
nonmember,10538,7,6,0,1.983634,0.137568,0.154735,2.139657,0.729311,-0.117594,2.139657
nonmember,31183,8,9,0,1.417197,0.242392,0.255971,2.029668,1.218372,-0.054505,2.029668
nonmember,3318,0,0,1,0.674070,0.509630,0.509630,1.502012,2.786029,1.089509,-1.502012
nonmember,34638,4,7,0,1.697439,0.183152,0.215049,1.939254,1.294556,-0.160547,1.939254
nonmember,157,5,5,1,1.272934,0.280009,0.280009,1.736504,2.437371,0.000591,-1.736504
nonmember,46258,2,4,0,2.005492,0.134594,0.198933,1.923096,1.240170,-0.390707,1.923096
nonmember,4325,7,6,0,1.811079,0.163478,0.223586,1.963887,1.246794,-0.313118,1.963887
nonmember,18623,8,0,0,1.772860,0.169847,0.685497,1.071805,2.167717,-1.395248,1.071805
nonmember,26951,8,1,0,1.216455,0.296279,0.356976,1.469336,2.433698,-0.186369,1.469336
nonmember,5073,8,0,0,2.763724,0.063057,0.852654,0.667417,1.641295,-2.604322,0.667417
nonmember,596,8,8,1,0.663978,0.514799,0.514799,1.116523,3.777946,0.335257,-1.116523
nonmember,33831,0,0,1,0.415276,0.660158,0.660158,1.108907,3.593956,1.276421,-1.108907
nonmember,8339,1,9,0,1.892386,0.150712,0.362231,1.719104,1.236385,-0.876914,1.719104
nonmember,22081,6,6,1,0.900294,0.406450,0.406450,1.758900,3.070696,0.939589,-1.758900
nonmember,23883,8,8,1,0.652346,0.520822,0.520822,1.268706,3.886146,1.034130,-1.268706
nonmember,5434,4,1,0,3.291510,0.037198,0.225107,2.007070,-0.640939,-1.800331,2.007070
nonmember,27646,0,0,1,1.797008,0.165794,0.165794,2.261726,0.579854,0.376635,-2.261726
nonmember,37436,5,3,0,1.875887,0.153219,0.288171,1.834236,1.083960,-0.631687,1.834236
nonmember,16468,7,7,1,0.811183,0.444332,0.444332,1.748824,2.509527,1.273668,-1.748824
nonmember,12923,1,8,0,2.509810,0.081284,0.535488,1.443234,0.885217,-1.885233,1.443234
nonmember,48134,3,9,0,1.977449,0.138422,0.181342,2.151924,0.625089,-0.270081,2.151924
nonmember,10544,1,8,0,2.654120,0.070361,0.651685,1.070695,2.095961,-2.225926,1.070695
nonmember,1478,2,7,0,2.370072,0.093474,0.583256,1.401073,1.529057,-1.830943,1.401073
nonmember,47979,6,2,0,2.260111,0.104339,0.128075,2.279835,0.086591,-0.204975,2.279835
nonmember,22306,1,6,0,3.261611,0.038327,0.397861,1.716759,0.409312,-2.339959,1.716759
nonmember,32497,6,6,1,0.572474,0.564128,0.564128,1.460449,3.319998,1.595091,-1.460449
nonmember,10113,6,6,1,0.761866,0.466795,0.466795,1.691048,2.728933,1.366595,-1.691048
nonmember,12680,9,8,0,1.211466,0.297760,0.425014,1.548807,2.090070,-0.355833,1.548807
nonmember,7707,1,8,0,2.010194,0.133963,0.542145,1.199732,2.637875,-1.397972,1.199732
nonmember,33179,0,0,1,0.656500,0.518663,0.518663,1.659943,2.296255,1.543782,-1.659943
nonmember,22197,9,9,1,0.588800,0.554993,0.554993,1.484194,2.753121,1.302413,-1.484194
nonmember,308,0,0,1,0.482183,0.617434,0.617434,0.961155,4.337137,0.712240,-0.961155
nonmember,39878,4,4,1,1.486177,0.226236,0.226236,1.940534,1.522459,0.150666,-1.940534
nonmember,471,5,6,0,2.249563,0.105445,0.194945,2.039322,0.575991,-0.614526,2.039322
nonmember,41682,0,0,1,0.597549,0.550159,0.550159,1.564798,2.428133,1.340430,-1.564798
nonmember,18335,3,6,0,2.939458,0.052894,0.650334,1.227171,1.679253,-2.509189,1.227171
nonmember,13360,5,6,0,2.178914,0.113164,0.288921,1.955168,1.039511,-0.937313,1.955168
nonmember,42883,0,9,0,2.726934,0.065420,0.202493,2.188095,-0.198776,-1.129884,2.188095
nonmember,16614,9,7,0,2.062598,0.127123,0.196043,2.092268,0.621216,-0.433176,2.092268
nonmember,45198,9,8,0,1.401007,0.246349,0.567172,1.112507,3.209661,-0.833914,1.112507
nonmember,24478,6,6,1,1.385150,0.250286,0.250286,1.988823,1.831807,0.361499,-1.988823
nonmember,9240,2,6,0,3.331537,0.035738,0.349133,1.672730,0.459435,-2.279235,1.672730
nonmember,30459,3,3,1,1.105644,0.330998,0.330998,1.713742,2.631266,0.139925,-1.713742
nonmember,37830,1,1,1,0.628542,0.533369,0.533369,1.420283,3.105351,1.011600,-1.420283
nonmember,13480,0,3,0,3.795067,0.022481,0.204188,2.144631,-1.265293,-2.206352,2.144631
nonmember,41062,5,3,0,1.975404,0.138705,0.156627,2.256157,0.525576,-0.121517,2.256157
nonmember,15278,3,1,0,1.708335,0.181167,0.338923,1.960492,0.989165,-0.626352,1.960492
nonmember,5082,0,1,0,4.035591,0.017675,0.407942,1.465831,-0.524263,-3.138961,1.465831
nonmember,17687,9,9,1,0.963875,0.381412,0.381412,1.512766,2.533692,0.265041,-1.512766
nonmember,36542,1,9,0,0.952076,0.385939,0.393280,1.455137,2.655967,-0.018842,1.455137
nonmember,38416,8,0,0,1.443968,0.235989,0.354339,1.658975,1.807961,-0.406468,1.658975
nonmember,9565,1,6,0,2.541672,0.078735,0.373252,1.844171,1.116134,-1.556170,1.844171
nonmember,9687,0,0,1,1.245230,0.287875,0.287875,1.963024,1.421387,0.155075,-1.963024
nonmember,20258,6,6,1,0.965663,0.380731,0.380731,1.896227,2.065683,1.165757,-1.896227
nonmember,12233,8,8,1,1.016971,0.361689,0.361689,1.217770,3.736997,0.011734,-1.217770
nonmember,28536,5,3,0,1.849004,0.157394,0.250268,1.930274,1.361406,-0.463780,1.930274
nonmember,1270,0,0,1,0.396667,0.672558,0.672558,1.117221,3.633288,1.458224,-1.117221
nonmember,42365,3,6,0,2.352112,0.095168,0.259022,1.943195,0.858722,-1.001268,1.943195
nonmember,32418,1,1,1,0.571466,0.564697,0.564697,1.308844,2.894032,0.754788,-1.308844
nonmember,16224,7,7,1,1.020472,0.360425,0.360425,1.767591,2.477813,0.445332,-1.767591
nonmember,46619,0,9,0,2.895445,0.055274,0.220783,2.116669,-0.352638,-1.384868,2.116669
nonmember,14198,9,1,0,1.660275,0.190087,0.354076,1.946657,1.218887,-0.622031,1.946657
nonmember,9806,1,6,0,1.690100,0.184501,0.236053,1.956258,1.502084,-0.246402,1.956258
nonmember,15742,1,3,0,1.473675,0.229082,0.245167,1.979981,1.221738,-0.067858,1.979981
nonmember,48598,2,6,0,2.021730,0.132426,0.382292,1.847790,1.250291,-1.060158,1.847790
nonmember,18056,4,6,0,2.609821,0.073548,0.350094,1.926886,0.350726,-1.560269,1.926886
nonmember,1339,4,5,0,2.002927,0.134940,0.204575,1.994782,1.061974,-0.416105,1.994782
nonmember,48283,7,9,0,1.750951,0.173609,0.278221,1.966093,1.013641,-0.471612,1.966093
nonmember,23931,9,6,0,3.216221,0.040106,0.211623,2.016675,-0.047481,-1.663272,2.016675
nonmember,27138,3,7,0,1.761454,0.171795,0.212513,2.007902,1.027371,-0.212703,2.007902
nonmember,16419,5,5,1,0.445816,0.640301,0.640301,1.164571,3.421215,1.113250,-1.164571
nonmember,49257,8,1,0,1.650790,0.191898,0.309030,1.895127,1.086574,-0.476474,1.895127
nonmember,32896,8,8,1,0.617586,0.539245,0.539245,1.124134,3.822347,0.487593,-1.124134
nonmember,14788,7,7,1,0.909455,0.402744,0.402744,1.656390,2.751417,0.898479,-1.656390
nonmember,19260,9,1,0,1.385619,0.250169,0.420931,1.687677,1.558081,-0.520333,1.687677
nonmember,8620,7,7,1,0.578851,0.560542,0.560542,1.532013,2.659014,1.598592,-1.532013
nonmember,23540,8,8,1,0.488049,0.613823,0.613823,1.031820,4.874861,0.899199,-1.031820
nonmember,31886,3,6,0,1.769462,0.170425,0.178331,2.139774,0.758287,-0.045347,2.139774
nonmember,38390,3,3,1,1.593267,0.203261,0.203261,2.000394,1.787833,0.098829,-2.000394
nonmember,40081,1,9,0,0.987599,0.372470,0.509708,1.194550,2.745836,-0.313683,1.194550
nonmember,37832,8,0,0,1.535984,0.215244,0.735078,0.786118,3.243587,-1.228206,0.786118
nonmember,5401,7,9,0,1.492787,0.224745,0.281778,2.015322,1.162753,-0.226153,2.015322
nonmember,47220,0,0,1,0.340876,0.711147,0.711147,1.163726,3.114325,2.184508,-1.163726
nonmember,96,1,1,1,0.695858,0.498647,0.498647,1.075805,3.540325,0.189590,-1.075805
nonmember,37192,4,7,0,2.766942,0.062854,0.361115,1.820043,0.396442,-1.748383,1.820043
nonmember,18004,5,2,0,2.543615,0.078582,0.182560,2.200089,0.014583,-0.842936,2.200089
nonmember,24628,5,2,0,2.012837,0.133609,0.164633,2.229278,0.357017,-0.208803,2.229278
nonmember,4913,9,9,1,1.290946,0.275010,0.275010,1.955299,1.466463,0.246100,-1.955299
nonmember,5628,7,9,0,3.062458,0.046773,0.260304,1.990673,-0.349322,-1.716554,1.990673
nonmember,49792,3,3,1,1.395127,0.247802,0.247802,1.924608,1.771378,0.318487,-1.924608
nonmember,43119,8,8,1,0.730653,0.481594,0.481594,1.343620,3.227506,0.638890,-1.343620
nonmember,24055,9,9,1,0.743867,0.475273,0.475273,1.440366,2.791158,0.493142,-1.440366
nonmember,45533,2,6,0,2.144550,0.117121,0.306169,1.984903,0.742242,-0.960933,1.984903
nonmember,14522,5,6,0,2.275187,0.102778,0.179060,2.163428,0.238956,-0.555151,2.163428
nonmember,49288,5,4,0,1.630454,0.195841,0.293345,1.870282,1.540449,-0.404048,1.870282
nonmember,1771,8,1,0,3.656007,0.025835,0.223997,2.090625,-1.096820,-2.159886,2.090625
nonmember,34596,1,2,0,2.315726,0.098695,0.170477,2.208471,0.239940,-0.546569,2.208471
nonmember,42945,0,7,0,1.643756,0.193253,0.265013,1.870600,1.315680,-0.315780,1.870600
nonmember,47434,6,6,1,1.179253,0.307508,0.307508,1.806115,2.459350,0.565511,-1.806115
nonmember,34000,3,9,0,2.708748,0.066620,0.446478,1.785344,0.337975,-1.902383,1.785344
nonmember,26656,0,0,1,0.276944,0.758097,0.758097,1.023929,3.277243,2.376325,-1.023929
nonmember,3349,2,6,0,2.508084,0.081424,0.456621,1.737603,0.808541,-1.724182,1.737603
nonmember,42085,1,1,1,0.298861,0.741663,0.741663,0.869406,4.079612,1.426250,-0.869406
nonmember,29088,1,9,0,1.732909,0.176770,0.386042,1.841683,1.096652,-0.781100,1.841683
nonmember,14050,7,1,0,2.906725,0.054654,0.332352,1.812983,-0.074844,-1.805165,1.812983
nonmember,37988,8,3,0,3.962829,0.019009,0.289344,1.897402,-1.154072,-2.722689,1.897402
nonmember,21582,4,7,0,2.649164,0.070710,0.354780,1.998241,-0.006290,-1.612907,1.998241
nonmember,48646,9,8,0,2.100884,0.122348,0.501620,1.297475,2.092115,-1.410972,1.297475
nonmember,43244,2,1,0,3.217990,0.040035,0.275581,1.805353,0.408917,-1.929118,1.805353
nonmember,24482,5,7,0,2.164293,0.114831,0.289416,1.827106,1.347652,-0.924404,1.827106
nonmember,14009,6,6,1,1.280129,0.278001,0.278001,1.999017,1.763676,0.589503,-1.999017
nonmember,1491,4,7,0,2.251408,0.105251,0.322343,2.020656,0.431449,-1.119268,2.020656
nonmember,18805,9,9,1,0.918830,0.398986,0.398986,1.741062,2.313833,0.731777,-1.741062
nonmember,49504,4,6,0,1.950544,0.142197,0.235519,2.000024,1.029368,-0.504582,2.000024
nonmember,3113,0,0,1,0.545143,0.579759,0.579759,0.962871,5.420102,0.548639,-0.962871
nonmember,36708,8,0,0,2.302814,0.099977,0.253249,2.034641,0.370249,-0.929431,2.034641
nonmember,12179,4,6,0,1.832916,0.159946,0.314074,1.858473,1.611225,-0.674788,1.858473
nonmember,27166,4,6,0,2.455058,0.085858,0.303782,2.014976,0.375557,-1.263613,2.014976
nonmember,15232,6,6,1,0.930659,0.394294,0.394294,1.562752,3.561043,0.471000,-1.562752
nonmember,12103,4,2,0,2.507553,0.081467,0.173023,2.200244,0.045834,-0.753222,2.200244
nonmember,49418,6,7,0,1.830865,0.160275,0.183452,2.093354,1.045027,-0.135064,2.093354
nonmember,32468,5,6,0,1.553509,0.211504,0.502510,1.413168,3.157667,-0.865370,1.413168
nonmember,29913,6,6,1,1.795259,0.166084,0.166084,2.202194,0.730887,0.143734,-2.202194
nonmember,6666,9,6,0,2.701911,0.067077,0.430932,1.786435,0.724373,-1.860106,1.786435
nonmember,42851,9,0,0,2.102160,0.122192,0.223091,2.082412,0.492252,-0.601983,2.082412
nonmember,15597,9,8,0,1.019352,0.360829,0.366132,1.281056,3.595534,-0.014592,1.281056
nonmember,44358,5,1,0,2.367585,0.093707,0.208157,2.191636,0.212876,-0.798122,2.191636
nonmember,27595,6,6,1,0.708610,0.492328,0.492328,1.643643,2.768851,1.298327,-1.643643
nonmember,12223,5,6,0,1.823620,0.161440,0.249940,1.798639,2.020244,-0.437085,1.798639
nonmember,39735,1,1,1,1.602679,0.201356,0.201356,2.152985,0.941539,0.201921,-2.152985
nonmember,3835,7,7,1,1.319805,0.267187,0.267187,1.852378,1.986818,0.285505,-1.852378
nonmember,38240,5,1,0,2.171683,0.113986,0.268695,1.904150,1.050317,-0.857505,1.904150
nonmember,23846,9,0,0,2.305615,0.099698,0.336305,1.532815,1.489081,-1.215878,1.532815
nonmember,285,5,9,0,2.864316,0.057022,0.308010,1.783023,0.314727,-1.686693,1.783023
nonmember,17041,3,9,0,3.041555,0.047761,0.453542,1.516635,0.172152,-2.250887,1.516635
nonmember,18575,5,7,0,2.021185,0.132498,0.430237,1.746491,1.108078,-1.177767,1.746491
nonmember,25636,4,5,0,1.798585,0.165533,0.187367,2.128210,0.794652,-0.123900,2.128210
nonmember,33392,1,3,0,1.985666,0.137289,0.203958,2.160825,0.532412,-0.395826,2.160825
nonmember,19660,9,9,1,0.586444,0.556302,0.556302,1.376872,2.988181,1.190260,-1.376872
nonmember,17005,7,7,1,1.407177,0.244833,0.244833,2.090215,1.178190,0.173772,-2.090215
nonmember,447,4,1,0,3.556621,0.028535,0.372111,1.802726,-0.549102,-2.568057,1.802726
nonmember,4291,9,9,1,0.761852,0.466801,0.466801,1.259905,3.323963,0.559003,-1.259905
nonmember,17891,8,8,1,0.546173,0.579162,0.579162,1.305695,3.225585,1.363641,-1.305695
nonmember,34151,7,7,1,1.168516,0.310828,0.310828,1.699946,3.067330,0.230253,-1.699946
nonmember,20602,0,7,0,6.329637,0.001783,0.406332,1.653015,-2.885487,-5.429052,1.653015
nonmember,28165,4,6,0,1.885906,0.151692,0.237347,2.076467,0.797009,-0.447675,2.076467
nonmember,8246,3,3,1,1.879406,0.152681,0.152681,2.143221,0.810009,0.048155,-2.143221
nonmember,18248,2,1,0,2.262187,0.104123,0.184442,2.047595,0.317411,-0.571766,2.047595
nonmember,15382,9,8,0,1.237763,0.290032,0.358492,1.597692,1.984781,-0.211915,1.597692
nonmember,45527,7,9,0,2.428274,0.088189,0.207616,2.191514,0.153332,-0.856209,2.191514
nonmember,27673,3,7,0,1.835208,0.159580,0.175769,2.102606,0.836683,-0.096623,2.102606
nonmember,10398,2,6,0,2.288908,0.101377,0.178570,2.202951,0.141851,-0.566136,2.202951
nonmember,44067,0,0,1,0.651225,0.521407,0.521407,1.357618,2.896594,0.645084,-1.357618
nonmember,44938,2,3,0,2.349868,0.095382,0.195345,2.135971,0.311814,-0.716879,2.135971
nonmember,21080,1,1,1,0.987831,0.372384,0.372384,1.877307,1.732929,0.812590,-1.877307
nonmember,16707,9,1,0,1.548373,0.212594,0.212760,2.098716,0.956824,-0.000782,2.098716
nonmember,40188,4,9,0,2.602876,0.074060,0.279645,2.069778,-0.028803,-1.328640,2.069778
nonmember,34195,6,6,1,0.697731,0.497713,0.497713,1.540767,3.564478,1.053680,-1.540767
nonmember,36795,3,6,0,2.205724,0.110171,0.476678,1.558518,1.944161,-1.464810,1.558518
nonmember,39052,6,7,0,4.146151,0.015825,0.307552,1.844531,-1.229391,-2.967041,1.844531
nonmember,4737,3,8,0,2.578158,0.075914,0.333623,1.898604,0.310467,-1.480415,1.898604
nonmember,39398,3,7,0,1.924320,0.145975,0.382432,1.803551,1.248165,-0.963115,1.803551
nonmember,30727,6,1,0,1.592004,0.203517,0.206350,1.946474,1.835286,-0.013823,1.946474
nonmember,7049,3,5,0,1.459059,0.232455,0.356102,1.670887,2.421129,-0.426521,1.670887
nonmember,27975,9,6,0,2.803940,0.060571,0.237150,2.007571,0.104830,-1.364878,2.007571
nonmember,35943,9,9,1,0.643046,0.525689,0.525689,1.458228,2.724730,1.160300,-1.458228
nonmember,204,6,6,1,1.280352,0.277939,0.277939,2.022476,1.573655,0.731258,-2.022476
nonmember,30487,0,9,0,2.149474,0.116545,0.179295,2.166338,0.474301,-0.430750,2.166338
nonmember,18451,0,0,1,0.412671,0.661880,0.661880,1.206401,3.146610,1.473317,-1.206401
nonmember,20731,1,9,0,1.638385,0.194294,0.421836,1.709346,1.486918,-0.775245,1.709346
nonmember,31343,2,9,0,3.477465,0.030886,0.522956,1.447989,0.031163,-2.829207,1.447989
nonmember,9981,7,7,1,1.378205,0.252030,0.252030,2.066140,1.196575,0.419503,-2.066140
nonmember,10277,7,6,0,2.051572,0.128533,0.337689,1.806552,1.423736,-0.965942,1.806552
nonmember,1562,7,6,0,1.883532,0.152052,0.231347,1.951500,1.363750,-0.419696,1.951500
nonmember,41849,1,6,0,2.404804,0.090283,0.336360,1.900260,0.999289,-1.315230,1.900260
nonmember,33628,5,3,0,1.561740,0.209771,0.210817,1.975747,1.479971,-0.004976,1.975747
nonmember,25795,6,1,0,2.973006,0.051149,0.179972,2.176608,-0.455142,-1.258053,2.176608
nonmember,20646,7,6,0,1.888287,0.151331,0.259036,1.948723,1.139625,-0.537500,1.948723
nonmember,21701,2,2,1,1.510160,0.220875,0.220875,2.016304,1.334843,0.330936,-2.016304
nonmember,38696,5,7,0,2.342196,0.096116,0.192463,1.980780,0.516826,-0.694347,1.980780
nonmember,1968,4,6,0,2.023849,0.132146,0.485912,1.618749,1.706720,-1.302122,1.618749
nonmember,35756,1,1,1,1.447660,0.235120,0.235120,2.035944,1.647567,0.543713,-2.035944
nonmember,7350,1,1,1,0.910041,0.402508,0.402508,1.552644,2.547905,0.507081,-1.552644
nonmember,34688,7,0,0,2.866230,0.056913,0.573264,1.507317,0.293457,-2.309821,1.507317
nonmember,24768,7,6,0,1.967659,0.139784,0.312636,1.871526,1.358783,-0.804945,1.871526
nonmember,8410,0,6,0,11.219408,0.000013,0.584250,1.321628,-6.148529,-10.681982,1.321628
nonmember,30427,6,9,0,2.655529,0.070262,0.210552,2.221721,-0.253644,-1.097505,2.221721
nonmember,11187,2,0,0,2.984795,0.050550,0.671775,1.298568,0.281915,-2.586963,1.298568
nonmember,38021,5,2,0,1.988252,0.136935,0.178814,2.104261,0.667725,-0.266845,2.104261
nonmember,14763,5,3,0,1.799590,0.165367,0.197152,2.080408,0.989689,-0.175809,2.080408
nonmember,38684,3,6,0,2.135525,0.118182,0.226622,1.971213,0.789553,-0.651052,1.971213
nonmember,21816,7,1,0,2.805195,0.060495,0.380885,1.883860,0.208267,-1.839937,1.883860
nonmember,47820,5,7,0,2.464488,0.085052,0.189258,2.143885,0.237861,-0.799844,2.143885
nonmember,14354,8,1,0,1.619149,0.198067,0.428087,1.598363,1.736008,-0.770720,1.598363
nonmember,14200,6,6,1,1.366557,0.254983,0.254983,1.927736,1.845716,0.382545,-1.927736
nonmember,6042,5,6,0,2.488912,0.083000,0.186716,2.058738,0.392748,-0.810747,2.058738
nonmember,42323,5,0,0,2.457976,0.085608,0.231280,2.142236,0.014839,-0.993849,2.142236
nonmember,21974,0,0,1,0.968515,0.379646,0.379646,1.809938,1.934308,0.837697,-1.809938
nonmember,3922,1,8,0,2.015369,0.133271,0.298003,1.648505,1.247615,-0.804719,1.648505
nonmember,44566,6,6,1,1.683987,0.185632,0.185632,2.121372,0.941042,0.067629,-2.121372
nonmember,25880,0,9,0,2.107647,0.121524,0.228645,2.087129,0.385697,-0.632062,2.087129
nonmember,22336,5,6,0,2.656864,0.070168,0.404506,1.721251,1.219420,-1.751775,1.721251
nonmember,30357,8,8,1,0.328377,0.720092,0.720092,0.886138,4.897774,1.454209,-0.886138
nonmember,17185,2,9,0,2.791319,0.061340,0.410938,1.768817,0.137822,-1.902006,1.768817
nonmember,33694,0,8,0,1.776177,0.169284,0.199034,2.133296,0.722071,-0.161897,2.133296
nonmember,4149,3,3,1,1.451151,0.234301,0.234301,1.836405,1.939748,0.035955,-1.836405
nonmember,32846,3,3,1,1.341028,0.261577,0.261577,1.740926,2.866942,0.124899,-1.740926
nonmember,21937,6,6,1,0.595581,0.551242,0.551242,1.566416,2.918288,1.892747,-1.566416
nonmember,86,4,7,0,1.501373,0.222824,0.240005,1.869750,1.830496,-0.074278,1.869750
nonmember,37413,9,9,1,0.819063,0.440845,0.440845,1.632527,2.473146,0.942363,-1.632527
nonmember,35887,2,6,0,2.195480,0.111305,0.300856,1.845944,1.088472,-0.994357,1.845944
nonmember,5273,8,8,1,0.857235,0.424334,0.424334,1.475169,2.632114,0.537555,-1.475169
nonmember,9633,4,6,0,1.643524,0.193298,0.211856,1.947521,1.401886,-0.091675,1.947521
nonmember,41868,0,0,1,1.285045,0.276638,0.276638,1.905630,1.592739,0.260314,-1.905630
nonmember,23835,7,3,0,2.065526,0.126752,0.169733,2.190280,0.484413,-0.291996,2.190280
nonmember,21707,5,7,0,2.653955,0.070372,0.326637,1.896216,0.455950,-1.535051,1.896216
nonmember,20356,7,4,0,1.601607,0.201572,0.258178,1.790732,2.210363,-0.247501,1.790732
nonmember,45040,1,1,1,1.225668,0.293562,0.293562,2.011984,1.496997,0.596602,-2.011984
nonmember,16657,8,8,1,0.935436,0.392415,0.392415,1.518692,2.601614,0.297657,-1.518692
nonmember,14608,6,6,1,1.055593,0.347986,0.347986,1.749182,2.632145,0.644662,-1.749182
nonmember,33080,4,7,0,1.742815,0.175027,0.203162,2.034359,1.100347,-0.149062,2.034359
nonmember,25263,2,0,0,2.796240,0.061039,0.402261,1.889657,-0.127759,-1.885585,1.889657
nonmember,45466,1,9,0,1.516345,0.219513,0.381619,1.834132,1.255645,-0.553012,1.834132
nonmember,34211,6,7,0,2.446911,0.086561,0.372490,1.785177,0.933809,-1.459367,1.785177
nonmember,32488,1,1,1,0.792863,0.452547,0.452547,1.182613,3.580514,0.185795,-1.182613
nonmember,6690,3,0,0,3.411220,0.033001,0.324376,1.873286,-0.593602,-2.285369,1.873286
nonmember,49132,7,6,0,1.778255,0.168933,0.259560,1.912636,1.422171,-0.429489,1.912636
nonmember,27800,2,6,0,3.367777,0.034466,0.500822,1.645309,-0.010395,-2.676273,1.645309
nonmember,2715,7,0,0,2.021799,0.132417,0.355411,1.902699,0.794898,-0.987318,1.902699
nonmember,11309,8,9,0,1.194774,0.302772,0.330956,1.563487,2.295447,-0.089005,1.563487
nonmember,44044,4,7,0,2.176814,0.113402,0.209663,2.130011,0.510094,-0.614562,2.130011
nonmember,42979,4,3,0,2.233530,0.107150,0.211042,1.907650,0.899470,-0.677833,1.907650
nonmember,32067,2,1,0,2.468706,0.084694,0.290361,1.966619,0.486772,-1.232076,1.966619
nonmember,46812,3,5,0,1.902962,0.149126,0.150878,2.218285,0.531113,-0.011676,2.218285
nonmember,23933,1,8,0,2.143590,0.117233,0.404824,1.318563,2.269574,-1.239288,1.318563
nonmember,32740,7,1,0,3.466793,0.031217,0.437292,1.547822,-0.107427,-2.639639,1.547822
nonmember,26977,8,8,1,0.837728,0.432693,0.432693,1.533054,2.630458,0.620419,-1.533054
nonmember,37482,7,7,1,1.427352,0.239943,0.239943,1.960257,1.467109,0.097410,-1.960257
nonmember,39923,5,9,0,3.254653,0.038594,0.229445,2.094307,-0.620409,-1.782562,2.094307
nonmember,15538,4,2,0,2.120069,0.120023,0.163047,2.088712,0.812179,-0.306352,2.088712
nonmember,41363,9,8,0,1.101699,0.332306,0.346454,1.272818,3.283324,-0.041693,1.272818
nonmember,11834,9,1,0,1.271929,0.280290,0.424702,1.650258,1.753615,-0.415561,1.650258
nonmember,44916,4,1,0,4.328801,0.013183,0.235976,1.885317,-1.409738,-2.884775,1.885317
nonmember,15484,6,6,1,1.518603,0.219018,0.219018,2.143025,1.063944,0.527538,-2.143025
nonmember,41469,2,7,0,1.898446,0.149801,0.338581,1.789151,1.593326,-0.815455,1.789151
nonmember,15760,4,0,0,3.324025,0.036008,0.179009,2.158045,-0.809369,-1.603705,2.158045
nonmember,15028,6,6,1,1.400267,0.246531,0.246531,1.935782,2.316707,0.132961,-1.935782
nonmember,464,6,6,1,1.072386,0.342191,0.342191,1.661066,2.699440,0.278483,-1.661066
nonmember,9087,6,6,1,0.787619,0.454926,0.454926,1.643135,2.938653,1.103760,-1.643135
nonmember,3622,7,6,0,2.715919,0.066144,0.497193,1.576557,1.167986,-2.017143,1.576557
nonmember,24488,0,9,0,1.796997,0.165796,0.212966,2.136358,0.639384,-0.250374,2.136358
nonmember,22136,7,3,0,1.950480,0.142206,0.213373,2.074656,0.903834,-0.405768,2.074656
nonmember,17933,8,8,1,0.381273,0.682991,0.682991,0.963662,3.915707,1.119674,-0.963662
nonmember,47568,1,8,0,2.507458,0.081475,0.375211,1.366522,1.736651,-1.527191,1.366522
nonmember,41670,7,9,0,1.761886,0.171721,0.328413,1.940815,1.059714,-0.648403,1.940815
nonmember,20031,5,5,1,1.056769,0.347577,0.347577,1.928700,1.822247,0.528477,-1.928700
nonmember,25456,6,6,1,1.101193,0.332474,0.332474,1.736719,2.722029,0.475353,-1.736719
nonmember,9572,8,1,0,1.731840,0.176958,0.204932,2.163928,0.814321,-0.146761,2.163928
nonmember,24582,4,6,0,1.860598,0.155580,0.302263,1.847836,1.729220,-0.664139,1.847836
nonmember,23998,3,6,0,2.522190,0.080284,0.407522,1.554809,2.016282,-1.624530,1.554809
nonmember,8765,4,6,0,2.328805,0.097412,0.242047,2.030242,0.443229,-0.910180,2.030242
nonmember,44854,1,9,0,1.358071,0.257156,0.453144,1.474853,2.162414,-0.566525,1.474853
nonmember,3200,6,6,1,1.080120,0.339555,0.339555,1.951569,1.796270,0.909406,-1.951569
nonmember,37522,0,1,0,2.813455,0.059997,0.330430,2.046937,-0.213240,-1.706095,2.046937
nonmember,40914,3,3,1,1.423803,0.240797,0.240797,2.010496,1.541732,0.165823,-2.010496
nonmember,5014,1,8,0,1.268480,0.281259,0.333960,1.343659,3.389330,-0.171746,1.343659
nonmember,21454,4,7,0,1.952817,0.141874,0.206464,1.974839,1.003540,-0.375189,1.974839
nonmember,30588,6,6,1,0.846329,0.428987,0.428987,1.805502,2.292755,1.300361,-1.805502
nonmember,39630,6,3,0,2.347806,0.095579,0.269499,1.960624,0.531292,-1.036613,1.960624
nonmember,30167,7,3,0,1.968064,0.139727,0.207749,1.920643,1.569707,-0.396639,1.920643
nonmember,26522,0,0,1,0.185623,0.830587,0.830587,0.759984,4.039746,2.819248,-0.759984
nonmember,26647,9,7,0,1.833530,0.159848,0.305733,1.925718,1.276406,-0.648486,1.925718
nonmember,46515,3,1,0,3.354624,0.034923,0.573820,1.083755,0.659534,-2.799183,1.083755
nonmember,33580,2,3,0,2.435070,0.087592,0.239496,2.016718,0.343624,-1.005853,2.016718
nonmember,44084,3,1,0,2.628906,0.072157,0.305938,1.942736,0.238791,-1.444534,1.942736
nonmember,46841,3,1,0,2.497365,0.082302,0.229114,2.065939,0.143296,-1.023830,2.065939
nonmember,39103,5,3,0,1.843513,0.158260,0.408918,1.749112,1.361620,-0.949272,1.749112
nonmember,37780,9,9,1,0.900916,0.406197,0.406197,1.603019,2.223657,0.237472,-1.603019
nonmember,9172,2,0,0,2.434955,0.087602,0.341716,1.945608,0.269785,-1.361179,1.945608
nonmember,29773,8,0,0,2.935798,0.053088,0.166871,2.215520,-0.502509,-1.145261,2.215520
nonmember,28711,4,7,0,1.665683,0.189061,0.271600,1.754027,2.374583,-0.362260,1.754027
nonmember,47436,4,7,0,1.609513,0.199985,0.396812,1.721045,1.911460,-0.685220,1.721045
nonmember,28450,8,8,1,0.726622,0.483539,0.483539,1.166179,3.716955,0.266212,-1.166179
nonmember,32388,4,3,0,2.282065,0.102073,0.243146,1.869522,1.478797,-0.867972,1.869522
nonmember,31851,7,4,0,1.292388,0.274614,0.307441,1.715438,2.491174,-0.112916,1.715438
nonmember,26782,6,1,0,3.749363,0.023533,0.326611,1.708070,-0.680148,-2.630378,1.708070
nonmember,19828,0,0,1,0.248326,0.780106,0.780106,0.618853,6.483690,1.372413,-0.618853
nonmember,12248,9,9,1,0.676240,0.508525,0.508525,1.441452,2.943682,1.096390,-1.441452
nonmember,42347,1,9,0,2.004483,0.134730,0.410500,1.506892,1.335156,-1.114104,1.506892
nonmember,6118,6,6,1,1.077460,0.340459,0.340459,1.795463,2.580894,0.632809,-1.795463
nonmember,49746,8,8,1,0.516393,0.596669,0.596669,1.138477,4.254438,1.163256,-1.138477
nonmember,47953,6,4,0,1.886584,0.151589,0.250076,1.785362,1.874027,-0.500594,1.785362
nonmember,28387,4,7,0,2.064218,0.126918,0.251254,2.067590,0.580302,-0.682927,2.067590
nonmember,3876,9,7,0,2.275594,0.102736,0.156000,2.139428,0.493271,-0.417694,2.139428
nonmember,48290,2,6,0,2.878045,0.056245,0.312212,1.864567,0.320650,-1.713973,1.864567
nonmember,24385,1,9,0,1.556087,0.210960,0.685601,1.022984,2.364722,-1.178627,1.022984
nonmember,1303,4,7,0,1.857146,0.156118,0.269983,1.963073,1.144138,-0.547750,1.963073
nonmember,46522,2,3,0,2.114452,0.120699,0.150685,2.247258,0.259672,-0.221886,2.247258
nonmember,40057,3,3,1,1.431550,0.238938,0.238938,1.931473,1.947672,0.009246,-1.931473
nonmember,46627,3,6,0,2.241048,0.106347,0.466691,1.710479,1.473280,-1.478960,1.710479
nonmember,2650,6,6,1,1.349765,0.259301,0.259301,2.000450,1.855773,0.497402,-2.000450
nonmember,47759,9,6,0,2.486978,0.083161,0.216033,1.988451,0.626595,-0.954654,1.988451
nonmember,25828,6,6,1,0.922253,0.397622,0.397622,1.840742,2.153816,0.952166,-1.840742
nonmember,6686,6,6,1,0.960073,0.382865,0.382865,1.840150,2.240646,0.881394,-1.840150
nonmember,40625,2,7,0,1.748902,0.173965,0.256014,2.088392,0.753986,-0.386377,2.088392
nonmember,6346,8,9,0,1.703990,0.181956,0.532656,1.458148,1.644510,-1.074110,1.458148
nonmember,33023,2,6,0,2.239126,0.106552,0.397636,1.831028,0.831983,-1.316908,1.831028
nonmember,47139,4,3,0,2.306918,0.099568,0.162066,2.172793,0.305967,-0.487165,2.172793
nonmember,27639,0,7,0,3.119687,0.044171,0.255727,2.070899,-0.500488,-1.756044,2.070899
nonmember,3441,0,8,0,1.832778,0.159969,0.355558,1.916314,0.905789,-0.798711,1.916314
nonmember,40079,9,9,1,0.682720,0.505241,0.505241,1.228262,3.066479,0.332238,-1.228262
nonmember,33530,0,0,1,0.452827,0.635828,0.635828,1.258765,3.119180,1.429464,-1.258765
nonmember,27837,9,9,1,0.862442,0.422130,0.422130,1.441916,2.912810,0.519617,-1.441916
nonmember,14981,6,6,1,1.155927,0.314766,0.314766,1.731448,2.431073,0.292546,-1.731448
nonmember,35319,2,2,1,1.732101,0.176912,0.176912,2.105564,0.904282,0.002012,-2.105564
nonmember,45387,0,9,0,1.644390,0.193130,0.272421,2.019836,1.050254,-0.343982,2.019836
nonmember,24057,0,7,0,4.513504,0.010960,0.261146,2.031517,-1.623924,-3.170827,2.031517
nonmember,17904,3,6,0,1.724467,0.178268,0.248370,1.942770,1.428894,-0.331630,1.942770
nonmember,30407,1,0,0,3.398606,0.033420,0.767588,0.740313,1.936412,-3.134105,0.740313
nonmember,2133,2,6,0,2.375543,0.092964,0.340843,1.970812,0.437725,-1.299209,1.970812
nonmember,13758,5,7,0,2.234036,0.107095,0.236060,1.973856,1.463460,-0.790366,1.973856
nonmember,10333,7,5,0,2.048649,0.128909,0.143619,2.148857,0.599459,-0.108054,2.148857
nonmember,14857,4,6,0,1.635915,0.194774,0.369999,1.653348,2.767060,-0.641659,1.653348
nonmember,5117,7,8,0,6.524437,0.001467,0.638197,1.080467,-1.903550,-6.075329,1.080467
nonmember,41436,9,1,0,1.054665,0.348309,0.421309,1.350579,2.946255,-0.190277,1.350579
nonmember,41794,1,8,0,1.396152,0.247548,0.399330,1.320472,3.489702,-0.478185,1.320472
nonmember,18153,8,0,0,2.089764,0.123716,0.307724,1.809133,1.000927,-0.911211,1.809133
nonmember,29421,8,8,1,0.928863,0.395003,0.395003,1.517524,2.763309,0.692311,-1.517524
nonmember,4990,5,7,0,2.334304,0.096878,0.262616,2.139809,0.107812,-0.997242,2.139809
nonmember,6146,2,6,0,2.519425,0.080506,0.522024,1.612364,1.020166,-1.869384,1.612364
nonmember,18191,2,9,0,2.027729,0.131634,0.306136,2.020964,0.544948,-0.844002,2.020964
nonmember,15551,7,9,0,2.467936,0.084760,0.168192,2.169845,0.006858,-0.685288,2.169845
nonmember,28915,9,1,0,1.525100,0.217599,0.232528,1.861690,1.366312,-0.066356,1.861690
nonmember,31196,8,0,0,1.433937,0.238369,0.432997,1.706088,1.495926,-0.596912,1.706088
nonmember,32811,1,9,0,1.825655,0.161112,0.528776,1.517128,1.378988,-1.188466,1.517128
nonmember,39171,3,3,1,1.511719,0.220531,0.220531,1.804129,2.269204,0.096192,-1.804129
nonmember,42304,7,6,0,2.047311,0.129082,0.363161,1.856283,1.237248,-1.034403,1.856283
nonmember,20230,7,7,1,1.105683,0.330985,0.330985,1.876107,2.066906,0.857019,-1.876107
nonmember,29462,9,9,1,1.218385,0.295707,0.295707,1.920419,1.552961,0.375053,-1.920419
nonmember,2258,0,1,0,5.689469,0.003381,0.299337,1.939666,-2.603544,-4.483285,1.939666
nonmember,15125,2,6,0,2.411714,0.089661,0.288293,1.999206,0.649935,-1.167936,1.999206
nonmember,33360,0,8,0,1.332098,0.263923,0.524467,1.381900,2.161809,-0.686725,1.381900
nonmember,48554,0,8,0,2.711228,0.066455,0.430826,1.397012,1.033764,-1.869177,1.397012
nonmember,4420,0,0,1,0.370624,0.690304,0.690304,1.014201,3.714038,1.280751,-1.014201
nonmember,25769,3,3,1,1.240829,0.289144,0.289144,2.083071,1.237380,0.876680,-2.083071
nonmember,48049,6,9,0,3.080354,0.045943,0.181828,2.191544,-0.608689,-1.375658,2.191544
nonmember,28235,9,1,0,1.163695,0.312330,0.341479,1.693682,2.012354,-0.089227,1.693682
nonmember,31701,4,3,0,2.169509,0.114234,0.198442,2.011498,1.012643,-0.552252,2.011498
nonmember,20972,6,6,1,0.605757,0.545661,0.545661,1.429857,3.535241,1.423925,-1.429857
nonmember,48975,1,9,0,1.498056,0.223564,0.235172,2.072968,1.214068,-0.050618,2.072968
nonmember,18666,9,1,0,1.761887,0.171721,0.495499,1.566739,1.689116,-1.059697,1.566739
nonmember,2052,1,1,1,1.079044,0.339920,0.339920,1.847519,1.901981,0.444709,-1.847519
nonmember,45321,5,7,0,2.275155,0.102781,0.325435,1.795137,1.655528,-1.152562,1.795137
nonmember,15093,6,7,0,1.753510,0.173165,0.272756,1.822721,1.826592,-0.454331,1.822721
nonmember,263,4,7,0,1.626113,0.196693,0.424216,1.648472,1.909919,-0.768600,1.648472
nonmember,26927,8,3,0,4.432019,0.011890,0.239796,2.022529,-1.733469,-3.004054,2.022529
nonmember,45066,3,7,0,1.937123,0.144118,0.234094,2.051677,0.824529,-0.485089,2.051677
nonmember,46858,1,1,1,0.727580,0.483077,0.483077,1.748212,2.091888,1.317779,-1.748212
nonmember,28665,0,0,1,0.080347,0.922796,0.922796,0.307209,7.145001,2.592104,-0.307209
nonmember,12792,8,8,1,1.208066,0.298774,0.298774,2.062151,1.349432,0.874606,-2.062151
nonmember,21289,9,9,1,0.535890,0.585148,0.585148,1.388842,2.690107,1.056144,-1.388842
nonmember,1194,6,6,1,1.188060,0.304812,0.304812,1.769769,2.725604,0.393055,-1.769769
nonmember,45404,2,7,0,2.008831,0.134145,0.198202,2.092667,0.691701,-0.390361,2.092667
nonmember,49643,1,9,0,1.210931,0.297920,0.412938,1.514073,2.272502,-0.326474,1.514073
nonmember,3177,3,3,1,1.446627,0.235363,0.235363,1.971096,1.255960,0.072128,-1.971096
nonmember,34278,1,1,1,0.716523,0.488448,0.488448,1.695694,2.240198,1.377576,-1.695694
nonmember,26100,4,1,0,2.354675,0.094924,0.198601,2.124767,0.224887,-0.738218,2.124767
nonmember,13004,8,9,0,1.776418,0.169243,0.477518,1.385065,2.060442,-1.037264,1.385065
nonmember,1817,4,6,0,1.835809,0.159485,0.221331,1.969504,1.193793,-0.327714,1.969504
nonmember,37113,6,6,1,1.194961,0.302716,0.302716,1.909944,1.962811,0.642300,-1.909944
nonmember,38942,3,6,0,2.123741,0.119583,0.271039,1.706216,2.378001,-0.818249,1.706216
nonmember,19316,5,1,0,3.966887,0.018932,0.456901,1.561102,-0.991390,-3.183598,1.561102
nonmember,24308,4,3,0,1.978262,0.138309,0.151731,2.149441,0.811015,-0.092618,2.149441
nonmember,8902,5,6,0,2.512879,0.081035,0.316410,1.810774,1.129428,-1.362163,1.810774
nonmember,33991,9,9,1,0.437019,0.645959,0.645959,0.899485,4.140583,0.767711,-0.899485
nonmember,40518,1,1,1,0.573559,0.563516,0.563516,1.066551,4.629388,0.921247,-1.066551
nonmember,38023,0,0,1,0.251495,0.777637,0.777637,0.964947,3.409023,2.539398,-0.964947
nonmember,15165,6,9,0,2.840677,0.058386,0.229623,2.094580,-0.267979,-1.369358,2.094580
nonmember,31550,2,4,0,1.564741,0.209142,0.220514,1.965226,1.313662,-0.052945,1.965226
nonmember,38949,8,8,1,0.452522,0.636022,0.636022,1.201259,3.301204,1.392327,-1.201259
nonmember,18367,8,8,1,0.396477,0.672686,0.672686,1.007159,5.126606,1.658651,-1.007159
nonmember,44513,3,3,1,1.749517,0.173858,0.173858,2.151858,0.860295,0.094248,-2.151858
nonmember,15845,5,6,0,2.135369,0.118201,0.200646,2.103649,0.502401,-0.529156,2.103649
nonmember,34204,3,7,0,2.176205,0.113471,0.465620,1.713912,1.016321,-1.411820,1.713912
nonmember,38438,6,6,1,1.156294,0.314650,0.314650,1.834378,2.307366,0.223870,-1.834378
nonmember,18138,2,6,0,2.146249,0.116922,0.329280,1.857476,1.059666,-1.035401,1.857476
nonmember,3886,1,9,0,1.102772,0.331950,0.470952,1.393192,2.302902,-0.349773,1.393192
nonmember,25648,9,9,1,0.806178,0.446562,0.446562,1.643300,2.338664,0.660150,-1.643300
nonmember,494,3,3,1,1.629477,0.196032,0.196032,2.145548,0.827580,0.087473,-2.145548
nonmember,41255,2,1,0,2.733869,0.064967,0.290303,1.901027,0.243364,-1.497040,1.901027
nonmember,44570,8,8,1,1.132721,0.322155,0.322155,1.936216,1.619295,0.323979,-1.936216
nonmember,44746,0,0,1,0.623198,0.536227,0.536227,1.581959,2.493125,1.596840,-1.581959
nonmember,44497,5,9,0,2.128032,0.119071,0.144393,2.272146,0.229750,-0.192815,2.272146
nonmember,46971,6,9,0,3.715120,0.024353,0.376213,1.762801,-0.815335,-2.737519,1.762801
nonmember,34538,9,1,0,2.525976,0.079980,0.179132,2.213148,-0.130010,-0.806346,2.213148
nonmember,36470,0,0,1,0.062629,0.939292,0.939292,0.345161,4.989687,4.191458,-0.345161
nonmember,1274,5,6,0,2.383896,0.092191,0.613152,1.311283,1.927008,-1.894753,1.311283
nonmember,20430,9,6,0,1.861847,0.155385,0.242143,1.957208,1.457437,-0.443620,1.957208
nonmember,46255,4,7,0,1.563226,0.209459,0.215369,1.938231,1.604828,-0.027822,1.938231
nonmember,11986,8,8,1,0.884984,0.412721,0.412721,1.635200,2.309534,0.652816,-1.635200
nonmember,38766,2,7,0,1.907065,0.148516,0.188465,2.189370,0.577050,-0.238224,2.189370
nonmember,42236,8,8,1,0.915049,0.400497,0.400497,1.681563,2.204866,0.644670,-1.681563
nonmember,21273,9,9,1,1.159960,0.313499,0.313499,1.846200,1.664573,0.037640,-1.846200
nonmember,26103,6,6,1,1.044498,0.351868,0.351868,1.933208,1.855254,0.967170,-1.933208
nonmember,45569,1,1,1,0.539799,0.582865,0.582865,1.455645,2.621282,1.296522,-1.455645
nonmember,42099,6,6,1,0.392204,0.675566,0.675566,1.237141,3.634924,2.048228,-1.237141
nonmember,23974,3,3,1,1.215967,0.296423,0.296423,1.908345,2.152388,0.535003,-1.908345
nonmember,4439,3,3,1,1.120896,0.325988,0.325988,1.739835,2.449225,0.295930,-1.739835
nonmember,28111,7,3,0,3.121228,0.044103,0.373698,1.809552,-0.128025,-2.136921,1.809552
nonmember,41761,8,9,0,1.821556,0.161774,0.361302,1.888981,0.927757,-0.803515,1.888981
nonmember,7908,5,6,0,1.675848,0.187149,0.287972,1.883299,1.632900,-0.430956,1.883299
nonmember,25026,5,3,0,1.465922,0.230865,0.232572,1.981139,1.388784,-0.007365,1.981139
nonmember,8268,0,0,1,0.885818,0.412377,0.412377,1.786085,2.060843,0.848677,-1.786085
nonmember,810,2,0,0,2.662061,0.069804,0.411290,1.856108,0.148018,-1.773605,1.856108
nonmember,41543,8,0,0,1.288606,0.275655,0.591023,1.137544,2.767363,-0.762706,1.137544
nonmember,9294,7,0,0,1.606730,0.200542,0.402579,1.776852,1.367012,-0.696865,1.776852
nonmember,2308,9,6,0,2.888681,0.055650,0.617362,1.402661,0.978728,-2.406380,1.402661
nonmember,30993,7,9,0,1.410289,0.244073,0.296262,1.876353,1.387837,-0.193778,1.876353
nonmember,10781,9,9,1,0.394490,0.674023,0.674023,1.094536,3.613675,1.435202,-1.094536
nonmember,26901,7,9,0,2.118165,0.120252,0.222773,2.178722,0.407184,-0.616563,2.178722
nonmember,19273,0,7,0,1.506979,0.221578,0.278715,1.959767,1.158772,-0.229413,1.959767
nonmember,5218,3,7,0,1.750278,0.173726,0.263120,1.694026,2.216712,-0.415132,1.694026
nonmember,10646,8,8,1,0.812952,0.443547,0.443547,1.538642,2.555513,0.797057,-1.538642
nonmember,517,3,1,0,2.315233,0.098743,0.306229,1.921490,0.704549,-1.131812,1.921490
nonmember,5795,8,1,0,3.021850,0.048711,0.607279,1.235047,0.817290,-2.523083,1.235047
nonmember,24720,0,0,1,0.784953,0.456141,0.456141,1.632983,2.274977,0.855005,-1.632983
nonmember,30853,9,1,0,1.238777,0.289738,0.329508,1.804287,1.647318,-0.128621,1.804287
nonmember,6482,3,6,0,2.413466,0.089504,0.288607,1.835803,0.971145,-1.170779,1.835803
nonmember,11118,4,6,0,1.917398,0.146989,0.270745,1.990823,1.002378,-0.610820,1.990823
nonmember,14095,7,5,0,1.623563,0.197195,0.257609,1.728679,2.103673,-0.267251,1.728679
nonmember,24870,6,7,0,3.456498,0.031540,0.245449,2.109167,-0.917882,-2.051831,2.109167
nonmember,24076,9,9,1,0.921422,0.397953,0.397953,1.570126,2.364137,0.155142,-1.570126
nonmember,14090,4,3,0,3.478446,0.030855,0.313322,1.834860,-0.328360,-2.317921,1.834860
nonmember,14311,1,9,0,1.532920,0.215904,0.255126,1.672189,1.875427,-0.166920,1.672189
nonmember,34187,2,4,0,1.667122,0.188790,0.205027,1.960687,1.283355,-0.082507,1.960687
nonmember,5388,9,9,1,0.609591,0.543573,0.543573,1.089628,3.885454,0.559940,-1.089628
nonmember,48152,9,9,1,0.853173,0.426061,0.426061,1.491607,2.425376,0.199556,-1.491607
nonmember,48966,3,0,0,3.684396,0.025112,0.267393,1.756713,-0.585199,-2.365362,1.756713
nonmember,17496,3,9,0,1.964751,0.140191,0.206350,2.138640,0.584075,-0.386570,2.138640
nonmember,2898,6,2,0,3.241935,0.039088,0.206263,2.054383,-0.503363,-1.663332,2.054383
nonmember,10610,8,1,0,1.376308,0.252509,0.344027,1.401001,2.472579,-0.309273,1.401001
nonmember,46773,4,7,0,1.857540,0.156056,0.202891,2.095509,0.864315,-0.262455,2.095509
nonmember,30937,8,8,1,0.405999,0.666311,0.666311,1.239421,2.995762,1.925802,-1.239421
nonmember,38030,2,6,0,2.562943,0.077078,0.446446,1.747713,0.732983,-1.756506,1.747713
nonmember,14872,8,8,1,0.636715,0.529028,0.529028,1.223320,3.464853,0.656684,-1.223320
nonmember,27346,6,6,1,1.025244,0.358709,0.358709,1.817153,2.496576,0.742942,-1.817153
nonmember,35749,9,1,0,1.212246,0.297528,0.325200,1.824832,1.657059,-0.088933,1.824832
nonmember,48744,8,0,0,0.993489,0.370282,0.573179,0.916164,4.502504,-0.436932,0.916164
nonmember,40659,7,9,0,3.975384,0.018772,0.457320,1.550391,-0.777777,-3.193012,1.550391
nonmember,3615,3,2,0,2.568138,0.076678,0.254330,2.009027,0.173111,-1.199016,2.009027
nonmember,28819,3,6,0,2.829410,0.059048,0.567078,1.466150,1.030010,-2.262151,1.466150
nonmember,27372,4,7,0,1.896423,0.150105,0.312318,1.908973,1.339850,-0.732688,1.908973
nonmember,35671,8,0,0,2.497206,0.082315,0.697608,1.174686,1.093566,-2.137108,1.174686
nonmember,42400,0,0,1,0.075938,0.926874,0.926874,0.353709,5.692190,3.087539,-0.353709
nonmember,44214,5,2,0,1.781798,0.168335,0.232457,1.981961,0.945991,-0.322751,1.981961
nonmember,4185,1,1,1,0.517659,0.595914,0.595914,1.265410,3.381001,1.273489,-1.265410
nonmember,9037,8,1,0,2.285131,0.101761,0.450028,1.788737,0.656774,-1.486686,1.788737
nonmember,34421,0,0,1,0.618141,0.538945,0.538945,1.280238,3.492399,0.798080,-1.280238
nonmember,5489,6,1,0,2.271080,0.103201,0.333016,1.733982,1.254136,-1.171515,1.733982
nonmember,12492,0,0,1,0.804647,0.447246,0.447246,1.809397,2.046511,1.430341,-1.809397
nonmember,8124,1,0,0,1.569873,0.208072,0.321425,1.589774,1.989631,-0.434882,1.589774
nonmember,43228,4,7,0,3.085904,0.045689,0.377682,1.862473,-0.251797,-2.112201,1.862473
nonmember,37155,9,9,1,0.427521,0.652123,0.652123,1.280779,2.966562,1.598832,-1.280779
nonmember,23109,8,0,0,1.392480,0.248458,0.337582,1.869157,1.383572,-0.306533,1.869157
nonmember,27118,3,6,0,2.380791,0.092477,0.561625,1.502907,1.429915,-1.803870,1.502907
nonmember,43508,0,0,1,0.750823,0.471978,0.471978,1.519929,2.773415,0.823217,-1.519929
nonmember,48196,9,9,1,0.556724,0.573084,0.573084,1.092445,3.972363,0.847011,-1.092445
nonmember,35086,1,1,1,1.123104,0.325268,0.325268,1.829598,1.722067,0.319064,-1.829598
nonmember,20218,7,7,1,1.155114,0.315022,0.315022,1.962795,1.470417,0.440387,-1.962795
nonmember,4540,0,0,1,0.751464,0.471675,0.471675,1.617590,2.265813,0.699768,-1.617590
nonmember,11583,0,6,0,7.723417,0.000442,0.366296,1.707950,-4.055494,-6.719103,1.707950
nonmember,17155,3,6,0,1.952186,0.141963,0.301199,1.907096,1.343761,-0.752203,1.907096
nonmember,30797,7,7,1,0.760290,0.467531,0.467531,1.573175,3.091954,0.874336,-1.573175
nonmember,45372,8,9,0,0.981482,0.374755,0.382706,1.458213,2.434103,-0.020993,1.458213
nonmember,44630,0,0,1,1.076746,0.340702,0.340702,1.852263,1.751220,0.387867,-1.852263
nonmember,48854,6,7,0,2.409910,0.089823,0.268037,2.063815,0.368192,-1.093281,2.063815
nonmember,18817,9,9,1,1.440124,0.236898,0.236898,1.957626,1.673920,0.041276,-1.957626
nonmember,35911,8,0,0,1.571886,0.207653,0.445375,1.655804,1.565182,-0.763047,1.655804
nonmember,20237,8,0,0,1.472317,0.229393,0.358263,1.875136,1.279656,-0.445828,1.875136
nonmember,42836,6,9,0,2.291359,0.101129,0.173388,2.220124,0.180840,-0.539134,2.220124
nonmember,4939,7,7,1,1.715577,0.179860,0.179860,2.193180,0.723324,0.296064,-2.193180
nonmember,5189,2,6,0,2.146090,0.116941,0.254401,2.009115,1.131963,-0.777247,2.009115
nonmember,35707,8,9,0,1.584849,0.204979,0.334975,1.679222,1.630724,-0.491149,1.679222
nonmember,16814,3,7,0,2.206033,0.110137,0.292513,1.792640,1.106624,-0.976785,1.792640
nonmember,5989,7,4,0,1.485114,0.226476,0.240623,1.780720,2.320125,-0.060589,1.780720
nonmember,38558,2,7,0,2.097425,0.122772,0.215651,2.179111,0.414127,-0.563330,2.179111
nonmember,47042,0,0,1,0.125126,0.882386,0.882386,0.588976,4.262516,3.447348,-0.588976
nonmember,31327,8,5,0,3.972100,0.018834,0.233310,2.049430,-1.211358,-2.516713,2.049430
nonmember,45935,4,0,0,3.495309,0.030339,0.279611,1.966265,-0.779604,-2.220955,1.966265
nonmember,8341,2,1,0,3.247105,0.038887,0.287085,1.902448,-0.013525,-1.999128,1.902448
nonmember,33833,3,3,1,0.922178,0.397652,0.397652,1.571246,2.966670,0.388178,-1.571246
nonmember,42083,0,0,1,0.589172,0.554787,0.554787,1.298526,3.077282,0.769925,-1.298526
nonmember,21963,7,0,0,1.969143,0.139576,0.390900,1.832251,0.882189,-1.029838,1.832251
nonmember,26640,5,5,1,1.394820,0.247878,0.247878,1.903957,1.669553,0.105128,-1.903957
nonmember,6070,3,3,1,1.072643,0.342103,0.342103,1.669684,2.288560,0.110380,-1.669684
nonmember,25584,7,1,0,1.891532,0.150841,0.263306,1.933077,0.986093,-0.557092,1.933077
nonmember,28348,2,0,0,3.430481,0.032371,0.617799,1.307949,-0.007565,-2.948889,1.307949
nonmember,36138,2,6,0,3.006316,0.049474,0.299873,1.907951,0.100066,-1.801919,1.907951
nonmember,3500,6,6,1,0.669495,0.511967,0.511967,1.545884,3.130180,1.205899,-1.545884
nonmember,7164,5,1,0,2.571011,0.076458,0.191608,2.183215,-0.033155,-0.918707,2.183215
nonmember,23200,4,1,0,5.068698,0.006291,0.367183,1.623590,-1.704589,-4.066803,1.623590
nonmember,17725,4,9,0,2.601708,0.074147,0.295290,2.027494,0.115966,-1.381911,2.027494
nonmember,35925,4,3,0,2.143502,0.117244,0.162229,2.169018,0.380052,-0.324755,2.169018
nonmember,11713,2,4,0,1.623698,0.197168,0.283170,1.747863,2.029921,-0.361991,1.747863
nonmember,27519,4,6,0,2.806155,0.060437,0.355188,1.887494,0.625035,-1.771048,1.887494
nonmember,47661,5,3,0,1.850331,0.157185,0.200346,2.129585,0.721963,-0.242622,2.129585
nonmember,30210,8,8,1,0.935487,0.392395,0.392395,1.334070,3.283276,0.248262,-1.334070
nonmember,23818,8,8,1,0.754986,0.470017,0.470017,1.151233,3.691674,0.166851,-1.151233
nonmember,45831,5,4,0,1.710278,0.180815,0.290747,1.861409,1.451844,-0.474975,1.861409
nonmember,23280,1,1,1,0.818857,0.440935,0.440935,1.545224,3.185650,0.628544,-1.545224
nonmember,509,8,9,0,2.459462,0.085481,0.571116,1.271736,1.251478,-1.899299,1.271736
nonmember,4416,9,8,0,1.653596,0.191361,0.335738,1.647404,1.567706,-0.562171,1.647404
nonmember,16270,5,3,0,1.473620,0.229095,0.233865,1.882030,2.023259,-0.020608,1.882030
nonmember,30410,7,7,1,1.154704,0.315151,0.315151,1.896170,2.023610,0.638138,-1.896170
nonmember,16290,2,6,0,2.315402,0.098727,0.200315,2.163433,0.168943,-0.707539,2.163433
nonmember,107,5,3,0,1.531749,0.216157,0.295552,1.826536,1.609685,-0.312839,1.826536
nonmember,28485,4,1,0,3.174799,0.041802,0.240664,1.953716,0.101248,-1.750445,1.953716
nonmember,13858,1,1,1,0.916792,0.399800,0.399800,1.701581,2.105464,0.351665,-1.701581
nonmember,34259,0,6,0,8.107768,0.000301,0.510267,1.533992,-4.190333,-7.434947,1.533992
nonmember,966,4,4,1,1.307766,0.270424,0.270424,1.724766,2.813273,0.140316,-1.724766
nonmember,16106,6,6,1,1.443038,0.236209,0.236209,2.055969,1.388335,0.309950,-2.055969
nonmember,31146,3,4,0,2.547265,0.078296,0.331509,1.758020,0.850888,-1.443165,1.758020
nonmember,21417,4,1,0,2.123221,0.119646,0.162696,2.201288,0.355792,-0.307349,2.201288
nonmember,17002,1,8,0,2.199899,0.110814,0.456332,1.426751,1.507752,-1.415365,1.426751
nonmember,44375,8,8,1,0.433530,0.648217,0.648217,0.968692,4.753211,1.211162,-0.968692
nonmember,46610,1,9,0,1.367745,0.254681,0.378128,1.406476,2.747329,-0.395221,1.406476
nonmember,38836,9,8,0,2.810968,0.060147,0.834298,0.645535,3.012014,-2.629803,0.645535
nonmember,30773,9,9,1,0.733078,0.480428,0.480428,1.622698,2.330043,0.741195,-1.622698
nonmember,4608,2,6,0,2.188194,0.112119,0.339613,1.831887,1.388431,-1.108245,1.831887
nonmember,44260,5,7,0,1.919936,0.146616,0.284243,2.003011,0.849093,-0.662011,2.003011
nonmember,2548,9,9,1,1.387245,0.249762,0.249762,1.962370,1.531769,0.287546,-1.962370
nonmember,17537,7,6,0,1.489048,0.225587,0.265674,1.924313,1.827888,-0.163562,1.924313
nonmember,39847,2,6,0,2.330102,0.097286,0.298032,1.933595,1.318501,-1.119547,1.933595
nonmember,30052,0,7,0,4.909042,0.007380,0.240117,1.963537,-1.964670,-3.482414,1.963537
nonmember,29193,9,9,1,0.434731,0.647439,0.647439,1.164807,3.360006,1.194345,-1.164807
nonmember,29073,9,6,0,2.539729,0.078888,0.286713,1.935905,0.805420,-1.290457,1.935905
nonmember,18906,0,0,1,0.971863,0.378377,0.378377,1.537243,2.640064,0.313069,-1.537243
nonmember,25777,5,9,0,5.972767,0.002547,0.562972,1.146579,-2.018923,-5.398243,1.146579
nonmember,41741,0,0,1,0.519440,0.594854,0.594854,1.409838,2.918224,1.563535,-1.409838
nonmember,11242,1,1,1,0.964960,0.380998,0.380998,2.004303,1.664191,1.437753,-2.004303
nonmember,1516,4,9,0,5.508582,0.004052,0.495474,1.115012,-1.539382,-4.806341,1.115012
nonmember,47585,0,0,1,0.040415,0.960391,0.960391,0.175247,8.697336,3.230397,-0.175247
nonmember,1463,0,9,0,2.111137,0.121100,0.203816,2.151231,0.431738,-0.520599,2.151231
nonmember,33242,0,0,1,0.818895,0.440919,0.440919,1.689493,2.280580,0.776732,-1.689493
nonmember,11031,0,9,0,3.005119,0.049533,0.423851,1.688814,-0.114989,-2.146745,1.688814
nonmember,29105,9,9,1,0.951380,0.386208,0.386208,1.302369,3.324061,0.237755,-1.302369
nonmember,39325,3,7,0,1.714507,0.180052,0.212559,2.028747,0.986981,-0.165972,2.028747
nonmember,18885,1,6,0,2.021340,0.132478,0.255551,1.973219,1.283435,-0.657007,1.973219
nonmember,43788,9,9,1,0.822499,0.439332,0.439332,1.575769,2.347603,0.505755,-1.575769
nonmember,5941,8,9,0,1.309856,0.269859,0.416419,1.381850,2.949196,-0.433793,1.381850
nonmember,44749,0,0,1,0.731468,0.481202,0.481202,1.600038,2.344399,0.772594,-1.600038
nonmember,27776,5,7,0,1.688128,0.184865,0.318065,1.905086,1.185349,-0.542629,1.905086
nonmember,23568,8,8,1,0.508897,0.601159,0.601159,0.964468,5.434061,0.671312,-0.964468
nonmember,38453,8,9,0,1.261307,0.283283,0.335966,1.725559,1.751290,-0.170561,1.725559
nonmember,377,3,3,1,1.747431,0.174221,0.174221,2.160099,0.810197,0.062070,-2.160099
nonmember,5652,7,1,0,3.822103,0.021882,0.395434,1.681854,-0.736985,-2.894331,1.681854
nonmember,23571,7,9,0,1.374526,0.252959,0.253168,1.997560,1.347567,-0.000822,1.997560
nonmember,5298,4,7,0,2.562623,0.077102,0.229086,2.033853,0.111738,-1.088966,2.033853
nonmember,35229,3,7,0,1.661356,0.189881,0.244708,2.048650,1.019344,-0.253664,2.048650
nonmember,42486,4,6,0,1.829749,0.160454,0.341415,1.913327,1.132448,-0.755092,1.913327
nonmember,20433,7,7,1,1.355065,0.257930,0.257930,2.117622,1.196791,0.578547,-2.117622
nonmember,14143,7,7,1,1.009687,0.364333,0.364333,1.975200,1.641461,1.106089,-1.975200
nonmember,12004,6,7,0,2.847545,0.057987,0.394673,1.798018,0.309951,-1.917848,1.798018
nonmember,25803,4,7,0,2.356389,0.094762,0.396047,1.885633,0.423982,-1.430165,1.885633
nonmember,47300,4,7,0,1.743643,0.174882,0.248300,1.968436,1.025356,-0.350527,1.968436
nonmember,2867,2,0,0,1.810103,0.163637,0.250996,2.122635,0.678568,-0.427787,2.122635
nonmember,40004,5,6,0,2.544350,0.078524,0.197414,2.040769,0.557517,-0.921897,2.040769
nonmember,27804,5,1,0,2.488790,0.083010,0.185777,2.046799,0.297299,-0.805585,2.046799
nonmember,31557,5,2,0,1.802693,0.164854,0.212481,1.976798,1.069133,-0.253790,1.976798
nonmember,32460,0,9,0,3.504107,0.030074,0.419402,1.847057,-0.653172,-2.635180,1.847057
nonmember,10385,4,6,0,2.706725,0.066755,0.229546,1.987403,0.618895,-1.235074,1.987403
nonmember,26961,2,3,0,3.897289,0.020297,0.283306,1.793774,-0.441714,-2.636060,1.793774
nonmember,18352,7,7,1,0.982105,0.374522,0.374522,1.758393,2.316526,0.669975,-1.758393
nonmember,25478,2,6,0,2.300195,0.100239,0.294590,1.893404,1.120117,-1.078026,1.893404
nonmember,15081,7,1,0,3.801615,0.022335,0.492140,1.527371,0.226722,-3.092623,1.527371
nonmember,34895,4,7,0,2.173407,0.113789,0.439346,1.737119,1.267713,-1.350939,1.737119
nonmember,44731,0,8,0,2.111029,0.121113,0.594519,1.300492,1.431319,-1.591027,1.300492
nonmember,15771,6,6,1,1.151146,0.316274,0.316274,1.839208,2.192709,0.641090,-1.839208
nonmember,28443,2,3,0,2.819838,0.059616,0.381091,1.775621,0.921865,-1.855120,1.775621
nonmember,37100,7,1,0,2.506896,0.081521,0.271151,1.913034,1.237705,-1.201818,1.913034
nonmember,21450,5,3,0,1.488006,0.225822,0.295586,1.761059,2.137230,-0.269210,1.761059
nonmember,49134,8,0,0,1.353942,0.258220,0.631778,1.064888,2.716413,-0.894724,1.064888
nonmember,14576,4,6,0,1.708745,0.181093,0.350888,1.801624,1.647482,-0.661456,1.801624
nonmember,46216,2,6,0,1.952474,0.141922,0.209242,2.103042,0.669332,-0.388212,2.103042
nonmember,9298,3,6,0,1.959014,0.140997,0.328447,1.908732,1.275617,-0.845634,1.908732
nonmember,6112,0,0,1,0.029446,0.970984,0.970984,0.149683,7.320890,3.668349,-0.149683
nonmember,42446,0,0,1,0.408039,0.664953,0.664953,0.979563,3.806607,0.978578,-0.979563
nonmember,8372,7,0,0,2.445567,0.086677,0.314002,2.087561,0.109043,-1.287211,2.087561
nonmember,47325,7,9,0,2.476110,0.084070,0.476141,1.706535,0.531854,-1.734069,1.706535
nonmember,46340,6,6,1,1.011311,0.363742,0.363742,1.672001,3.604284,0.745677,-1.672001
nonmember,30311,3,9,0,4.991305,0.006797,0.566276,1.273413,-0.939928,-4.422631,1.273413
nonmember,41414,0,0,1,0.174860,0.839575,0.839575,0.552251,5.342572,1.839500,-0.552251
nonmember,41531,5,3,0,1.764738,0.171232,0.254390,1.893221,1.609404,-0.395852,1.893221
nonmember,10930,9,9,1,0.834172,0.434234,0.434234,1.808795,2.030692,0.907246,-1.808795
nonmember,12472,2,6,0,2.280598,0.102223,0.361782,1.824178,0.925025,-1.263884,1.824178
nonmember,46842,5,6,0,1.920034,0.146602,0.149141,2.159822,0.640314,-0.017174,2.159822
nonmember,16541,0,8,0,1.261442,0.283245,0.590432,1.073357,3.362092,-0.734541,1.073357
nonmember,48305,4,7,0,2.037180,0.130396,0.237202,2.060389,0.892119,-0.598335,2.060389
nonmember,8357,7,7,1,1.480469,0.227531,0.227531,1.967323,1.606200,0.274935,-1.967323
nonmember,1179,7,7,1,1.458647,0.232551,0.232551,1.998039,1.512955,0.250386,-1.998039
nonmember,18948,2,6,0,2.095887,0.122961,0.244985,1.998610,0.737327,-0.689331,1.998610
nonmember,29360,6,9,0,2.869334,0.056737,0.500905,1.691911,0.118871,-2.177996,1.691911
nonmember,1801,5,1,0,2.725954,0.065484,0.389539,1.979614,-0.015590,-1.783162,1.979614
nonmember,20485,4,4,1,1.323203,0.266281,0.266281,1.825973,2.181451,0.175900,-1.825973
nonmember,42680,7,7,1,1.461194,0.231959,0.231959,2.035917,1.404075,0.186072,-2.035917
nonmember,37227,6,6,1,1.647062,0.192615,0.192615,1.997777,1.223735,0.005513,-1.997777
nonmember,31233,9,9,1,0.801744,0.448546,0.448546,1.646495,2.412343,0.786988,-1.646495
nonmember,19780,3,0,0,4.613700,0.009915,0.530091,1.275643,-0.837460,-3.978994,1.275643
nonmember,17354,5,9,0,3.397553,0.033455,0.432905,1.573766,-0.163861,-2.560317,1.573766
nonmember,46023,3,3,1,1.142980,0.318867,0.318867,1.806084,2.452967,0.417155,-1.806084
nonmember,16841,6,6,1,1.526673,0.217257,0.217257,2.076303,1.241647,0.159257,-2.076303
nonmember,42748,6,6,1,0.792682,0.452629,0.452629,1.716612,2.900265,1.321481,-1.716612
nonmember,22390,5,8,0,2.727177,0.065404,0.478163,1.696084,0.299630,-1.989373,1.696084
nonmember,19813,4,9,0,4.049051,0.017439,0.303175,1.716587,-0.857511,-2.855607,1.716587
nonmember,14880,9,9,1,1.027723,0.357821,0.357821,1.668954,2.083202,0.058457,-1.668954
nonmember,33075,9,1,0,2.593519,0.074756,0.554402,1.590665,0.533749,-2.003654,1.590665
nonmember,2043,6,6,1,0.811729,0.444090,0.444090,1.628242,3.129738,0.931485,-1.628242
nonmember,42923,6,3,0,1.793229,0.166422,0.176459,2.095870,0.871553,-0.058560,2.095870
nonmember,49502,9,9,1,1.306951,0.270644,0.270644,2.078069,1.333146,0.523780,-2.078069
nonmember,39426,2,7,0,2.050431,0.128679,0.393729,1.616527,1.844773,-1.118339,1.616527
nonmember,12597,6,9,0,2.661837,0.069820,0.390972,1.796716,0.306400,-1.722717,1.796716
nonmember,42394,2,6,0,2.961167,0.051758,0.412966,1.701588,0.756713,-2.076777,1.701588
nonmember,26764,0,2,0,2.067084,0.126554,0.192171,2.172572,0.405443,-0.417715,2.172572
nonmember,40919,8,6,0,8.624282,0.000180,0.268710,1.811381,-4.619949,-7.310159,1.811381
nonmember,45953,2,1,0,2.601940,0.074130,0.230728,1.967731,0.685909,-1.135424,1.967731
nonmember,30876,7,7,1,0.289565,0.748589,0.748589,1.054241,3.415796,2.658965,-1.054241
nonmember,47743,9,6,0,3.737667,0.023810,0.285176,1.885885,-0.499240,-2.483017,1.885885
nonmember,29274,0,0,1,0.279191,0.756395,0.756395,1.022472,3.488198,2.601586,-1.022472
nonmember,2858,4,0,0,3.932328,0.019598,0.380236,1.778198,-1.051986,-2.965365,1.778198
nonmember,40621,0,0,1,0.432263,0.649038,0.649038,1.217734,3.086328,1.309267,-1.217734
nonmember,9739,9,6,0,1.856631,0.156198,0.257675,2.035954,0.963316,-0.500573,2.035954
nonmember,13755,1,9,0,1.377646,0.252171,0.461985,1.606916,1.633095,-0.605423,1.606916
nonmember,12668,0,0,1,0.208284,0.811976,0.811976,0.547512,6.432086,1.537711,-0.547512
nonmember,28007,5,7,0,1.859817,0.155701,0.216372,2.178261,0.617395,-0.329059,2.178261
nonmember,18868,6,5,0,2.500302,0.082060,0.431061,1.536933,1.822792,-1.658797,1.536933
nonmember,16670,6,5,0,2.324280,0.097854,0.251725,1.777163,1.527699,-0.944861,1.777163
nonmember,1346,5,5,1,1.553946,0.211412,0.211412,2.129773,1.005015,0.073782,-2.129773
nonmember,43232,1,9,0,1.547493,0.212781,0.630085,1.020806,3.490493,-1.085592,1.020806
nonmember,27023,4,0,0,7.044191,0.000872,0.410390,1.405115,-2.481017,-6.153545,1.405115
nonmember,9377,5,3,0,1.696808,0.183268,0.251762,1.949917,1.238770,-0.317536,1.949917
nonmember,3102,0,3,0,4.206270,0.014902,0.386458,1.724323,-1.247571,-3.255538,1.724323
nonmember,5613,5,7,0,1.878239,0.152859,0.186115,2.055547,0.835549,-0.196851,2.055547
nonmember,1427,3,9,0,3.144715,0.043079,0.427065,1.549360,0.038321,-2.293895,1.549360
nonmember,23037,7,6,0,1.896670,0.150068,0.201167,1.964756,1.328102,-0.293048,1.964756
nonmember,29159,3,6,0,2.551987,0.077927,0.339969,1.924672,0.431463,-1.473086,1.924672
nonmember,49552,5,6,0,1.610784,0.199731,0.240524,1.885061,1.536052,-0.185850,1.885061
nonmember,44069,6,8,0,2.578025,0.075924,0.222840,2.128689,0.107377,-1.076724,2.128689
nonmember,16742,2,1,0,2.904104,0.054798,0.216285,2.110561,-0.301511,-1.372945,2.110561
nonmember,14558,3,6,0,2.007671,0.134301,0.258424,2.020124,1.019101,-0.654518,2.020124
nonmember,33889,5,6,0,1.963037,0.140431,0.309392,1.754081,2.028054,-0.789890,1.754081
nonmember,18273,0,0,1,0.447804,0.639030,0.639030,1.283499,2.955525,1.410437,-1.283499
nonmember,32025,0,1,0,2.984106,0.050585,0.387864,1.986259,-0.349229,-2.037004,1.986259
nonmember,20318,2,3,0,1.895332,0.150268,0.210144,2.058009,0.918947,-0.335368,2.058009
nonmember,9842,3,7,0,2.067710,0.126475,0.200600,2.115164,0.649952,-0.461270,2.115164
nonmember,12151,6,7,0,1.745098,0.174628,0.201608,1.965135,1.220065,-0.143668,1.965135
nonmember,31993,4,7,0,1.779557,0.168713,0.252152,1.888720,1.416065,-0.401834,1.888720
nonmember,45180,6,7,0,2.021559,0.132449,0.260007,1.944036,0.933629,-0.674512,1.944036
nonmember,22719,9,3,0,4.614099,0.009911,0.200440,1.903146,-1.274234,-3.006857,1.903146
nonmember,13557,2,0,0,2.688545,0.067980,0.228686,2.046997,-0.067069,-1.213139,2.046997
nonmember,6136,1,9,0,1.004719,0.366148,0.444835,1.385575,2.490573,-0.194667,1.385575
nonmember,48215,1,6,0,2.827905,0.059137,0.361423,1.889070,0.377181,-1.810198,1.889070
nonmember,5288,5,6,0,1.643534,0.193296,0.196468,1.869319,1.853781,-0.016278,1.869319
nonmember,46935,0,0,1,1.447397,0.235182,0.235182,1.981395,1.331955,0.011179,-1.981395
nonmember,27443,5,3,0,2.065615,0.126740,0.237995,1.887022,1.298609,-0.630111,1.887022
nonmember,21203,9,0,0,2.507979,0.081433,0.493866,1.642238,0.540700,-1.802488,1.642238
nonmember,14014,3,1,0,2.385141,0.092076,0.392518,1.622969,0.906679,-1.449967,1.622969
nonmember,32342,5,6,0,2.825788,0.059262,0.324095,1.947187,0.056295,-1.699070,1.947187
nonmember,7653,2,9,0,2.466676,0.084866,0.260057,1.932328,0.565568,-1.119820,1.932328
nonmember,37575,9,1,0,0.953291,0.385470,0.450878,1.313212,2.666152,-0.156732,1.313212
nonmember,10772,7,1,0,4.536374,0.010712,0.487398,1.182223,-0.583667,-3.817699,1.182223
nonmember,23700,3,1,0,1.953238,0.141814,0.342448,1.909381,1.372227,-0.881601,1.909381
nonmember,23665,5,3,0,1.431241,0.239012,0.398939,1.688303,2.127988,-0.512295,1.688303
nonmember,7900,8,8,1,0.938157,0.391349,0.391349,1.558011,2.597393,0.595923,-1.558011
nonmember,17894,8,1,0,1.103915,0.331570,0.337114,1.661675,2.063773,-0.016581,1.661675
nonmember,43065,3,3,1,1.165545,0.311753,0.311753,1.558474,2.914761,0.060939,-1.558474
nonmember,22910,6,6,1,1.117318,0.327156,0.327156,1.801053,2.389509,0.631106,-1.801053
nonmember,49811,7,2,0,2.236523,0.106829,0.151031,2.207341,0.200618,-0.346250,2.207341
nonmember,41998,3,9,0,2.885677,0.055817,0.344191,1.664160,0.466321,-1.819118,1.664160
nonmember,25066,0,8,0,2.045700,0.129290,0.336302,1.517995,1.782693,-0.955953,1.517995
nonmember,31716,5,7,0,2.410341,0.089785,0.240098,2.013819,0.492112,-0.983631,2.013819
nonmember,45600,1,9,0,2.167328,0.114483,0.744191,0.941749,2.048074,-1.871871,0.941749
nonmember,2935,9,9,1,0.983344,0.374058,0.374058,1.842571,1.757906,0.506682,-1.842571
nonmember,16584,6,6,1,1.314029,0.268735,0.268735,1.957740,1.742563,0.353532,-1.957740
nonmember,2232,8,0,0,1.420293,0.241643,0.395789,1.550095,2.085641,-0.493419,1.550095
nonmember,3592,7,7,1,1.410970,0.243906,0.243906,1.912661,2.112368,0.032645,-1.912661
nonmember,42985,4,7,0,2.613465,0.073280,0.561835,1.403923,0.977054,-2.036918,1.403923
nonmember,36155,0,0,1,0.816939,0.441782,0.441782,1.690238,2.287885,0.987436,-1.690238
nonmember,47066,9,7,0,2.684737,0.068239,0.311041,2.050147,0.030827,-1.516907,2.050147
nonmember,38474,7,7,1,0.903486,0.405155,0.405155,1.654662,2.857444,0.858022,-1.654662
nonmember,46637,0,8,0,2.677921,0.068706,0.760960,0.956123,1.166622,-2.404747,0.956123
nonmember,35025,7,7,1,1.551715,0.211884,0.211884,1.987904,1.565461,0.251149,-1.987904
nonmember,4216,7,7,1,0.903873,0.404998,0.404998,1.860231,1.858117,1.035151,-1.860231
nonmember,20814,6,3,0,2.132654,0.118522,0.280073,1.853239,0.997931,-0.859950,1.853239
nonmember,8508,7,6,0,2.151297,0.116333,0.272813,1.954806,1.026043,-0.852327,1.954806
nonmember,30144,2,9,0,2.612552,0.073347,0.309470,1.869540,0.352427,-1.439657,1.869540
nonmember,7279,2,7,0,1.599353,0.202027,0.267786,1.959565,1.148666,-0.281787,1.959565
nonmember,31211,4,7,0,2.443933,0.086819,0.288792,2.066591,0.243864,-1.201883,2.066591
nonmember,45193,2,5,0,3.203956,0.040601,0.291648,1.775612,0.415505,-1.971748,1.775612
nonmember,43540,8,9,0,3.231742,0.039489,0.545624,1.594346,-0.164093,-2.625917,1.594346
nonmember,34182,4,0,0,3.625305,0.026641,0.265126,1.863890,-0.697007,-2.297754,1.863890
nonmember,43808,4,6,0,1.967404,0.139819,0.367748,1.860379,1.368979,-0.967047,1.860379
nonmember,33601,3,3,1,1.385872,0.250106,0.250106,2.040744,1.123999,0.308301,-2.040744
nonmember,30265,7,3,0,2.047286,0.129085,0.423615,1.347107,2.487198,-1.188357,1.347107
nonmember,21327,4,1,0,3.291855,0.037185,0.251694,2.008409,-0.482410,-1.912316,2.008409
nonmember,1332,9,9,1,0.628880,0.533189,0.533189,1.392935,2.821979,0.685043,-1.392935
nonmember,22872,6,6,1,1.484198,0.226684,0.226684,1.982077,1.664254,0.171761,-1.982077
nonmember,15159,9,6,0,2.884816,0.055865,0.416070,1.786122,0.492624,-2.007915,1.786122
nonmember,46012,8,0,0,1.073570,0.341786,0.439367,1.374594,2.630872,-0.251149,1.374594
nonmember,278,9,9,1,0.539289,0.583163,0.583163,1.390252,2.790063,1.227433,-1.390252
nonmember,6646,8,9,0,2.249762,0.105424,0.329426,1.959892,0.502254,-1.139357,1.959892
nonmember,26413,6,6,1,1.672902,0.187702,0.187702,2.120132,0.927458,0.087436,-2.120132
nonmember,13902,0,0,1,1.885882,0.151695,0.151695,2.225519,0.462132,0.053438,-2.225519
nonmember,6352,5,5,1,0.965932,0.380628,0.380628,1.680977,2.638835,0.462436,-1.680977
nonmember,23335,5,4,0,2.025317,0.131952,0.225442,1.853719,1.416174,-0.535625,1.853719
nonmember,49537,6,6,1,0.930722,0.394269,0.394269,1.842700,2.415418,1.090055,-1.842700
nonmember,37824,9,9,1,0.702397,0.495396,0.495396,1.474998,2.644795,0.559457,-1.474998
nonmember,6275,9,6,0,2.330368,0.097260,0.244055,1.985491,0.872160,-0.920008,1.985491
nonmember,15599,7,9,0,3.897405,0.020295,0.470316,1.418635,0.149606,-3.143054,1.418635
