split_name,index,true_label,pred_label,correct,loss,conf_true,conf_max,entropy,logit_true,logit_gap,m_entropy
member,33553,7,8,0,2.422549,0.088695,0.289021,1.977278,0.151299,-1.181293,1.977278
member,9427,8,9,0,1.069443,0.343200,0.371975,1.396971,2.081799,-0.080515,1.396971
member,199,0,8,0,1.242774,0.288583,0.427217,1.529666,1.560405,-0.392311,1.529666
member,12447,6,6,1,1.012049,0.363474,0.363474,1.646799,2.912627,0.291375,-1.646799
member,39489,1,1,1,0.779011,0.458860,0.458860,1.728870,2.458729,1.354100,-1.728870
member,42724,6,2,0,2.876920,0.056308,0.202990,2.072699,-0.708371,-1.282320,2.072699
member,10822,8,9,0,1.321016,0.266864,0.378404,1.498615,1.586607,-0.349222,1.498615
member,49498,0,8,0,3.008975,0.049342,0.696866,0.910389,0.609726,-2.647813,0.910389
member,4144,6,6,1,0.581074,0.559298,0.559298,1.354611,3.516202,1.250041,-1.354611
member,36958,5,5,1,1.473903,0.229030,0.229030,1.981154,1.410964,0.257531,-1.981154
member,43106,2,0,0,4.001492,0.018288,0.283705,1.849239,-1.748191,-2.741672,1.849239
member,38695,5,3,0,2.933387,0.053216,0.238353,2.023041,-0.738586,-1.499384,2.023041
member,6188,0,8,0,2.201027,0.110689,0.738703,0.891130,1.670316,-1.898168,0.891130
member,1414,7,4,0,1.421128,0.241442,0.255986,1.932188,1.630840,-0.058496,1.932188
member,18471,1,1,1,0.571334,0.564772,0.564772,1.404609,2.310374,1.365208,-1.404609
member,29282,6,7,0,3.795087,0.022481,0.427167,1.797015,-1.209958,-2.944506,1.797015
member,15177,5,6,0,1.909544,0.148148,0.465706,1.615602,1.191505,-1.145344,1.615602
member,34304,6,6,1,0.381218,0.683029,0.683029,1.040432,4.855139,1.387872,-1.040432
member,12609,6,6,1,0.756486,0.469313,0.469313,1.252527,4.773641,0.232186,-1.252527
member,12144,5,7,0,1.640762,0.193832,0.416660,1.596933,1.645507,-0.765278,1.596933
member,6113,0,8,0,1.272488,0.280134,0.496402,1.205861,2.953446,-0.572119,1.205861
member,15908,5,6,0,2.674169,0.068964,0.472092,1.601785,1.324744,-1.923587,1.601785
member,821,7,5,0,2.949025,0.052391,0.404768,1.557968,0.639288,-2.044585,1.557968
member,15118,2,4,0,1.407455,0.244765,0.284775,1.745516,2.135888,-0.151398,1.745516
member,13466,4,4,1,0.984671,0.373562,0.373562,1.500345,3.395112,0.059265,-1.500345
member,26497,4,4,1,1.109304,0.329788,0.329788,1.914465,1.711617,0.569185,-1.914465
member,42111,5,6,0,2.566241,0.076824,0.392944,1.632864,1.179826,-1.632153,1.632864
member,30188,5,2,0,1.984882,0.137397,0.342285,1.928315,0.167155,-0.912770,1.928315
member,37237,4,6,0,1.026721,0.358179,0.418510,1.347469,3.790673,-0.155667,1.347469
member,33109,8,8,1,0.883105,0.413497,0.413497,1.259887,2.915088,0.322462,-1.259887
member,36480,4,6,0,1.074180,0.341578,0.415656,1.443821,3.255243,-0.196284,1.443821
member,24148,3,9,0,2.392748,0.091378,0.173297,2.096752,0.191303,-0.639997,2.096752
member,5503,5,6,0,1.565264,0.209033,0.291429,1.808537,1.997584,-0.332304,1.808537
member,3918,0,0,1,0.054793,0.946681,0.946681,0.253059,5.840112,3.168527,-0.253059
member,38478,0,9,0,1.956490,0.141354,0.475026,1.652663,0.878201,-1.212104,1.652663
member,21123,8,8,1,0.221925,0.800975,0.800975,0.661610,5.934346,1.912657,-0.661610
member,49717,0,7,0,2.824992,0.059309,0.408249,1.877173,-0.628878,-1.929114,1.877173
member,42294,1,1,1,0.941128,0.390187,0.390187,1.661335,1.601778,0.590656,-1.661335
member,47609,8,9,0,2.433470,0.087732,0.676698,1.125303,1.450728,-2.042940,1.125303
member,11076,0,1,0,2.697436,0.067378,0.250051,2.169636,-0.286788,-1.311348,2.169636
member,41514,3,2,0,2.775824,0.062298,0.338982,1.879566,-0.173547,-1.694015,1.879566
member,22062,0,9,0,2.857440,0.057416,0.726423,1.005326,0.058798,-2.537816,1.005326
member,9413,0,7,0,3.391099,0.033672,0.219264,2.111247,-1.201803,-1.873618,2.111247
member,38340,0,1,0,3.891456,0.020416,0.362121,1.919758,-0.778696,-2.875679,1.919758
member,30263,9,3,0,2.392029,0.091444,0.231508,1.905716,0.613773,-0.928888,1.905716
member,41252,4,7,0,2.411228,0.089705,0.175197,2.159176,-0.041188,-0.669384,2.159176
member,14644,4,9,0,4.174592,0.015381,0.433498,1.798601,-1.832603,-3.338724,1.798601
member,26335,6,6,1,0.903391,0.405193,0.405193,1.648059,3.073606,0.593337,-1.648059
member,28102,7,2,0,3.243416,0.039030,0.374332,1.666010,0.314691,-2.260804,1.666010
member,17523,6,6,1,0.729808,0.482001,0.482001,1.346977,4.065117,0.486159,-1.346977
member,24712,9,9,1,0.638394,0.528140,0.528140,1.446355,2.033154,0.912357,-1.446355
member,40485,0,0,1,0.065588,0.936517,0.936517,0.311439,4.873761,3.498813,-0.311439
member,3850,9,9,1,0.534193,0.586142,0.586142,1.417292,2.337622,1.345530,-1.417292
member,40040,9,9,1,1.064298,0.344970,0.344970,1.953286,0.804180,0.820429,-1.953286
member,15267,4,6,0,1.301215,0.272201,0.319498,1.685490,3.113720,-0.160212,1.685490
member,49146,3,7,0,2.432176,0.087846,0.265675,2.032695,-0.127215,-1.106694,2.032695
member,30001,6,2,0,1.317190,0.267887,0.425906,1.518298,2.522517,-0.463654,1.518298
member,45926,2,7,0,1.496996,0.223801,0.313744,1.952176,1.447243,-0.337820,1.952176
member,43824,9,1,0,2.828254,0.059116,0.572286,1.530936,0.069161,-2.270137,1.530936
member,17240,9,1,0,2.211477,0.109539,0.289494,2.004287,0.702237,-0.971857,2.004287
member,4892,8,0,0,1.815770,0.162713,0.475586,1.506587,0.885926,-1.072562,1.506587
member,725,4,8,0,3.406599,0.033154,0.193450,2.109600,-1.033693,-1.763863,2.109600
member,22949,4,6,0,2.036454,0.130491,0.214911,2.076214,0.795285,-0.498921,2.076214
member,34657,8,8,1,0.184086,0.831865,0.831865,0.661878,4.059594,2.329249,-0.661878
member,37213,1,0,0,1.472004,0.229465,0.329387,1.756233,0.948916,-0.361481,1.756233
member,20304,1,1,1,0.309324,0.733943,0.733943,1.056192,3.158963,2.089924,-1.056192
member,15269,3,2,0,1.487932,0.225839,0.276038,1.777377,2.059705,-0.200714,1.777377
member,22367,9,9,1,0.428775,0.651307,0.651307,1.048860,3.596216,1.378398,-1.048860
member,42684,1,9,0,1.678802,0.186597,0.234930,1.929056,0.270047,-0.230332,1.929056
member,46734,5,2,0,1.909832,0.148105,0.285863,2.058044,0.342820,-0.657590,2.058044
member,11732,0,0,1,0.225658,0.797991,0.797991,0.700657,3.835607,1.705753,-0.700657
member,18619,3,1,0,2.854491,0.057585,0.642078,1.330247,0.454268,-2.411446,1.330247
member,48492,0,9,0,2.120885,0.119925,0.433729,1.809856,0.347474,-1.285549,1.809856
member,26803,2,6,0,1.934233,0.144535,0.384752,1.768981,2.009540,-0.979076,1.768981
member,44305,2,7,0,2.731962,0.065091,0.312477,1.996603,-0.238886,-1.568738,1.996603
member,47522,7,4,0,1.776841,0.169172,0.261127,1.853586,1.531028,-0.434092,1.853586
member,32207,8,3,0,5.311857,0.004933,0.272801,1.860941,-2.006926,-4.012846,1.860941
member,2530,3,2,0,1.842412,0.158435,0.237645,1.937895,1.127199,-0.405435,1.937895
member,17746,1,9,0,1.512289,0.220405,0.384343,1.475460,1.293332,-0.556068,1.475460
member,8270,8,0,0,1.157309,0.314331,0.350947,1.517989,1.622585,-0.110189,1.517989
member,15079,7,7,1,1.426298,0.240196,0.240196,2.075476,0.850081,0.306633,-2.075476
member,13624,5,1,0,1.885245,0.151792,0.255384,2.037121,0.621121,-0.520258,2.037121
member,30638,4,6,0,1.276322,0.279062,0.408681,1.539776,2.388470,-0.381501,1.539776
member,30440,0,0,1,1.030865,0.356698,0.356698,1.962887,1.179225,1.086778,-1.962887
member,36056,5,6,0,1.927411,0.145525,0.362589,1.603112,2.511818,-0.912924,1.603112
member,42651,7,4,0,2.483982,0.083410,0.481975,1.510311,1.971973,-1.754119,1.510311
member,36803,8,8,1,0.236377,0.789483,0.789483,0.666788,6.222784,1.655367,-0.666788
member,48224,1,1,1,0.835483,0.433665,0.433665,1.330740,2.902148,0.278111,-1.330740
member,29226,1,1,1,1.338156,0.262329,0.262329,1.799475,2.408375,0.105107,-1.799475
member,5633,4,9,0,2.253472,0.105034,0.252862,2.192165,-0.129601,-0.878561,2.192165
member,5987,8,0,0,1.662937,0.189581,0.420143,1.631785,1.132847,-0.795776,1.631785
member,48063,3,5,0,1.588709,0.204189,0.254465,1.754900,2.213972,-0.220119,1.754900
member,1812,2,1,0,2.407911,0.090003,0.555080,1.533874,0.552819,-1.819268,1.533874
member,27578,2,5,0,2.055600,0.128016,0.207713,2.154066,0.240983,-0.484001,2.154066
member,16823,5,7,0,2.344703,0.095876,0.248082,1.997377,0.757541,-0.950706,1.997377
member,3928,9,9,1,0.547820,0.578209,0.578209,1.201148,3.144449,1.068494,-1.201148
member,37286,7,9,0,2.558705,0.077405,0.454276,1.745764,-0.043278,-1.769655,1.745764
member,25045,7,0,0,3.034687,0.048090,0.531568,1.624744,-0.827206,-2.402762,1.624744
member,15727,8,0,0,2.879619,0.056156,0.455221,1.678486,-0.822369,-2.092647,1.678486
member,29600,8,1,0,5.131291,0.005909,0.439154,1.590713,-1.377908,-4.308387,1.590713
member,10430,3,0,0,4.629641,0.009758,0.681391,1.065336,-1.252897,-4.246022,1.065336
member,25768,4,8,0,3.603294,0.027234,0.368086,1.625521,-0.472784,-2.603856,1.625521
member,29103,6,6,1,0.468164,0.626151,0.626151,1.243065,3.555424,1.307478,-1.243065
member,36537,1,1,1,0.964713,0.381093,0.381093,1.776695,1.896521,0.636460,-1.776695
member,39328,7,7,1,0.850823,0.427063,0.427063,1.452451,3.559834,0.474369,-1.452451
member,35539,8,1,0,2.036613,0.130470,0.394942,1.788725,0.962223,-1.107598,1.788725
member,28075,3,2,0,2.282263,0.102053,0.224420,2.125981,0.091285,-0.788027,2.125981
member,17840,7,4,0,2.403693,0.090383,0.279680,1.838787,1.294820,-1.129586,1.838787
member,27802,1,1,1,0.762872,0.466325,0.466325,1.701408,1.828177,1.103377,-1.701408
member,7682,7,2,0,2.687694,0.068038,0.505922,1.647332,0.468116,-2.006321,1.647332
member,24279,6,3,0,2.219382,0.108676,0.307193,1.870227,1.046851,-1.039101,1.870227
member,33070,4,4,1,1.276265,0.279078,0.279078,1.922900,1.783262,0.415560,-1.922900
member,35557,3,6,0,1.513313,0.220179,0.378358,1.635303,2.057842,-0.541399,1.635303
member,37189,0,0,1,0.025088,0.975224,0.975224,0.126234,7.986402,3.770259,-0.126234
member,47149,4,4,1,0.657190,0.518306,0.518306,1.462049,3.431470,0.938108,-1.462049
member,46915,6,6,1,0.871172,0.418461,0.418461,1.666072,2.339522,0.713881,-1.666072
member,9801,0,0,1,0.153104,0.858041,0.858041,0.626440,3.355639,2.455140,-0.626440
member,38800,8,9,0,1.723342,0.178469,0.238670,1.990396,0.302138,-0.290667,1.990396
member,24669,3,6,0,1.800468,0.165222,0.343504,1.889021,1.563625,-0.731913,1.889021
member,44233,3,6,0,2.650141,0.070641,0.268359,2.028946,-0.395975,-1.334712,2.028946
member,31919,8,8,1,0.878286,0.415495,0.415495,1.339749,2.778988,0.267190,-1.339749
member,7134,9,8,0,1.728721,0.177511,0.533407,1.220633,2.078422,-1.100251,1.220633
member,33704,6,5,0,2.166024,0.114632,0.160356,2.151366,-0.125745,-0.335667,2.151366
member,29660,5,4,0,3.336109,0.035575,0.422210,1.447340,0.604310,-2.473857,1.447340
member,17893,1,1,1,1.221715,0.294724,0.294724,2.014904,1.161373,0.616643,-2.014904
member,22018,4,6,0,2.352984,0.095085,0.194111,2.023269,0.593340,-0.713659,2.023269
member,13538,9,9,1,0.393732,0.674535,0.674535,0.931360,4.304210,1.205935,-0.931360
member,43118,2,6,0,2.363080,0.094130,0.497343,1.466886,1.482492,-1.664604,1.466886
member,36420,4,1,0,2.933198,0.053227,0.164477,2.226914,-0.907714,-1.128216,2.226914
member,9405,3,6,0,2.204615,0.110293,0.249884,2.014567,0.256600,-0.817859,2.014567
member,13413,2,2,1,1.346863,0.260055,0.260055,2.007823,1.420418,0.336428,-2.007823
member,6720,4,6,0,2.333747,0.096932,0.340673,1.910520,0.520059,-1.256915,1.910520
member,15601,1,0,0,3.788668,0.022626,0.310235,1.777319,-1.729539,-2.618244,1.777319
member,44743,0,0,1,0.053679,0.947736,0.947736,0.245322,6.104414,3.149382,-0.245322
member,31138,1,1,1,0.582896,0.558279,0.558279,1.415187,2.384228,1.346890,-1.415187
member,2729,6,6,1,0.294726,0.744735,0.744735,0.984977,4.173595,2.165519,-0.984977
member,38242,4,9,0,2.456998,0.085692,0.252826,2.007197,0.029371,-1.081944,2.007197
member,29625,2,2,1,1.385539,0.250189,0.250189,1.901822,1.982226,0.243007,-1.901822
member,47894,8,0,0,0.787923,0.454788,0.489520,0.940280,3.742764,-0.073594,0.940280
member,42090,2,6,0,1.538610,0.214679,0.259168,1.787095,2.558866,-0.188332,1.787095
member,36399,7,9,0,1.704341,0.181892,0.223438,2.129178,0.190257,-0.205722,2.129178
member,6244,1,3,0,2.841648,0.058329,0.371872,1.835491,0.147119,-1.852444,1.835491
member,5545,3,4,0,4.225150,0.014623,0.660392,1.097993,0.896430,-3.810227,1.097993
member,4064,6,5,0,1.925385,0.145820,0.286026,1.777654,1.760185,-0.673714,1.777654
member,12851,5,7,0,1.785403,0.167730,0.375883,1.865297,0.289983,-0.806926,1.865297
member,21802,8,0,0,1.248116,0.287045,0.464276,1.419946,1.826094,-0.480840,1.419946
member,41163,8,1,0,3.687988,0.025022,0.328329,1.860298,-0.751146,-2.574249,1.860298
member,6232,5,6,0,2.932384,0.053270,0.209361,2.121629,-0.209276,-1.368690,2.121629
member,3862,4,6,0,2.926288,0.053596,0.630699,1.341015,0.625614,-2.465361,1.341015
member,35094,6,4,0,0.986142,0.373013,0.487473,1.169284,4.911346,-0.267621,1.169284
member,40195,4,4,1,0.897716,0.407499,0.407499,1.815305,2.106775,0.859343,-1.815305
member,39250,1,9,0,1.215850,0.296458,0.401848,1.583352,1.404578,-0.304169,1.583352
member,6217,3,3,1,1.220114,0.295196,0.295196,1.754856,2.421256,0.229606,-1.754856
member,36775,7,4,0,1.624427,0.197025,0.246670,1.985128,1.044337,-0.224723,1.985128
member,42976,1,9,0,3.062933,0.046750,0.471456,1.270295,1.038685,-2.311004,1.270295
member,48467,7,4,0,1.576670,0.206662,0.250005,1.902434,1.686495,-0.190394,1.902434
member,14831,8,9,0,1.697274,0.183182,0.621263,1.305195,0.910783,-1.221274,1.305195
member,30092,7,7,1,0.646282,0.523990,0.523990,1.495552,2.332335,0.997520,-1.495552
member,8893,1,0,0,2.550369,0.078053,0.572457,1.426139,0.195544,-1.992552,1.426139
member,6020,1,9,0,1.907403,0.148465,0.602650,1.241196,1.387119,-1.400985,1.241196
member,46088,2,2,1,1.084991,0.337905,0.337905,1.735130,2.017674,0.517447,-1.735130
member,15242,5,7,0,3.921467,0.019812,0.373799,1.831607,-0.844891,-2.937429,1.831607
member,45307,9,9,1,0.598783,0.549480,0.549480,1.462083,2.253403,1.060435,-1.462083
member,26550,1,6,0,4.328377,0.013189,0.399583,1.716199,-1.499206,-3.411043,1.716199
member,6034,9,0,0,2.178967,0.113158,0.715395,1.011239,1.508135,-1.844047,1.011239
member,7905,2,7,0,1.545923,0.213115,0.387607,1.800279,1.109584,-0.598159,1.800279
member,32225,4,3,0,1.389683,0.249154,0.405655,1.660669,2.766489,-0.487432,1.660669
member,6017,5,6,0,2.043819,0.129533,0.170837,2.145086,0.605572,-0.276771,2.145086
member,21879,5,4,0,1.791353,0.166734,0.237625,1.767254,1.932167,-0.354290,1.767254
member,2791,2,6,0,2.431917,0.087868,0.454866,1.546855,1.636685,-1.644166,1.546855
member,42605,2,4,0,1.788315,0.167242,0.229984,1.986201,0.774478,-0.318570,1.986201
member,5823,3,7,0,3.157594,0.042528,0.279272,2.006567,-0.873514,-1.882026,2.006567
member,15387,6,6,1,0.829842,0.436118,0.436118,1.576429,2.449508,0.729020,-1.576429
member,29561,3,1,0,1.891068,0.150911,0.499544,1.642414,0.861086,-1.197008,1.642414
member,39475,5,1,0,2.663980,0.069670,0.211548,2.095996,-0.655446,-1.110677,2.095996
member,292,6,3,0,1.578313,0.206323,0.344906,1.760705,2.056982,-0.513830,1.760705
member,16957,5,6,0,1.565441,0.208996,0.261765,1.835769,1.723805,-0.225134,1.835769
member,30860,8,0,0,1.937861,0.144012,0.693919,1.119015,1.311091,-1.572461,1.119015
member,14073,4,6,0,1.998912,0.135483,0.320059,1.887427,0.973961,-0.859662,1.887427
member,21856,8,0,0,2.020030,0.132652,0.501129,1.666178,0.528302,-1.329138,1.666178
member,22079,5,5,1,1.171611,0.309867,0.309867,1.691051,3.387926,0.371794,-1.691051
member,17023,7,1,0,2.060620,0.127375,0.257506,2.091470,0.722573,-0.703908,2.091470
member,8739,3,1,0,2.098000,0.122702,0.416786,1.845597,0.952986,-1.222817,1.845597
member,15825,9,4,0,2.078758,0.125086,0.275600,1.858231,1.214251,-0.789954,1.858231
member,2741,2,1,0,1.820184,0.161996,0.519197,1.582440,0.937717,-1.164712,1.582440
member,18048,1,9,0,1.183692,0.306147,0.428340,1.546867,1.021040,-0.335854,1.546867
member,49936,8,9,0,0.991546,0.371003,0.413093,1.266082,2.283978,-0.107465,1.266082
member,17372,6,4,0,1.711421,0.180609,0.362813,1.810194,1.152688,-0.697552,1.810194
member,22021,5,3,0,1.557731,0.210613,0.240600,1.918595,1.510310,-0.133109,1.918595
member,46364,7,0,0,2.606887,0.073764,0.333075,1.757270,0.379765,-1.507499,1.757270
member,23537,2,6,0,1.511882,0.220495,0.223054,1.897866,1.643039,-0.011541,1.897866
member,45499,5,4,0,2.236642,0.106817,0.313453,1.656261,1.855643,-1.076537,1.656261
member,40185,1,8,0,2.499902,0.082093,0.440208,1.360013,0.577058,-1.679393,1.360013
member,9613,3,3,1,0.784935,0.456149,0.456149,1.629252,2.876136,0.947538,-1.629252
member,43281,9,9,1,0.796867,0.450739,0.450739,1.504155,2.331966,0.652841,-1.504155
member,37891,4,2,0,2.822581,0.059452,0.246533,2.090093,0.053820,-1.422323,2.090093
member,26178,0,0,1,0.036430,0.964226,0.964226,0.161741,8.335410,3.335819,-0.161741
member,45892,8,7,0,5.250600,0.005244,0.198258,2.073241,-2.486106,-3.632414,2.073241
member,20933,1,9,0,4.098559,0.016597,0.345735,1.741010,-1.418260,-3.036477,1.741010
member,40971,1,3,0,1.564276,0.209240,0.387555,1.818781,1.463541,-0.616379,1.818781
member,22224,5,4,0,1.958200,0.141112,0.276690,1.967055,0.771119,-0.673342,1.967055
member,24381,1,1,1,0.978066,0.376038,0.376038,1.777192,1.936495,0.600117,-1.777192
member,34855,0,9,0,2.604949,0.073907,0.570831,1.194406,1.182276,-2.044286,1.194406
member,48577,9,8,0,2.202139,0.110566,0.468226,1.348571,1.109951,-1.443335,1.348571
member,38536,0,0,1,0.500215,0.606400,0.606400,1.286210,2.807648,1.253397,-1.286210
member,31755,4,8,0,4.421779,0.012013,0.507383,1.545502,-1.588375,-3.743289,1.545502
member,7753,3,3,1,1.330511,0.264342,0.264342,2.055374,1.624389,0.370705,-2.055374
member,46638,5,3,0,3.066051,0.046605,0.289998,2.024092,-0.343503,-1.828171,2.024092
member,43834,4,6,0,1.650002,0.192049,0.289031,1.754578,1.475311,-0.408782,1.754578
member,26235,6,6,1,1.414302,0.243095,0.243095,2.084747,0.621253,0.223583,-2.084747
member,44229,5,6,0,2.219449,0.108669,0.493737,1.506695,1.894888,-1.513697,1.506695
member,49596,9,9,1,1.122093,0.325598,0.325598,1.913013,1.181297,0.286380,-1.913013
member,18552,5,5,1,1.322772,0.266396,0.266396,1.934667,0.700246,0.227658,-1.934667
member,43136,8,1,0,3.672240,0.025419,0.309696,1.887677,-0.406702,-2.500077,1.887677
member,36672,1,1,1,0.714722,0.489328,0.489328,1.511838,2.131390,0.733931,-1.511838
member,43649,0,0,1,0.053944,0.947485,0.947485,0.249937,5.502017,3.203611,-0.249937
member,3940,0,9,0,2.122512,0.119730,0.405193,1.296998,1.071716,-1.219121,1.296998
member,31496,2,1,0,2.655843,0.070240,0.431204,1.300841,0.303092,-1.814669,1.300841
member,26593,2,6,0,1.854339,0.156556,0.407510,1.697825,1.669608,-0.956649,1.697825
member,23921,1,8,0,2.231656,0.107350,0.584516,1.388004,0.734093,-1.694685,1.388004
member,26402,8,3,0,4.998582,0.006748,0.282272,1.877736,-1.681341,-3.733699,1.877736
member,45942,5,6,0,2.287250,0.101545,0.215409,1.953061,0.724285,-0.752031,1.953061
member,48525,6,6,1,0.573926,0.563310,0.563310,1.437653,3.135204,1.505173,-1.437653
member,18315,0,8,0,3.330261,0.035784,0.388035,1.793424,-0.765204,-2.383602,1.793424
member,36893,8,8,1,0.452574,0.635989,0.635989,1.020708,3.843710,1.226285,-1.020708
member,26695,2,6,0,1.939134,0.143828,0.334227,1.625548,1.960520,-0.843200,1.625548
member,42127,9,9,1,0.931473,0.393973,0.393973,1.780923,2.031726,0.607454,-1.780923
member,14170,9,9,1,0.413182,0.661542,0.661542,1.270857,2.424723,1.695413,-1.270857
member,3732,4,7,0,1.979377,0.138155,0.359501,1.899309,0.736746,-0.956338,1.899309
member,7881,6,6,1,1.253787,0.285422,0.285422,1.769181,2.290026,0.218742,-1.769181
member,6016,9,0,0,1.642591,0.193478,0.460506,1.377346,2.016839,-0.867162,1.377346
member,23029,4,1,0,3.392805,0.033614,0.244320,2.129521,-0.822629,-1.983527,2.129521
member,35473,7,4,0,1.480977,0.227415,0.327431,1.716712,2.124372,-0.364501,1.716712
member,49685,4,2,0,2.223600,0.108219,0.361064,1.742709,1.376910,-1.204902,1.742709
member,4817,5,2,0,2.508833,0.081363,0.305145,1.954572,0.094283,-1.321864,1.954572
member,41693,7,4,0,2.526179,0.079964,0.370628,1.855068,0.562521,-1.533621,1.855068
member,12007,3,3,1,0.871185,0.418455,0.418455,1.673910,2.768257,0.563718,-1.673910
member,41327,6,6,1,0.713183,0.490082,0.490082,1.217376,4.529540,0.313993,-1.217376
member,9506,4,4,1,1.212271,0.297521,0.297521,1.853240,1.876580,0.160203,-1.853240
member,44798,7,7,1,1.013168,0.363067,0.363067,1.939011,1.433345,0.875039,-1.939011
member,34062,2,3,0,3.288271,0.037318,0.320855,1.958786,0.072656,-2.151505,1.958786
member,27474,6,6,1,1.837790,0.159169,0.159169,2.216184,0.484656,0.173015,-2.216184
member,31143,4,7,0,2.597532,0.074457,0.389890,1.791676,0.476989,-1.655642,1.791676
member,21235,5,5,1,1.380068,0.251561,0.251561,2.075271,0.900924,0.225023,-2.075271
member,1390,9,9,1,0.740911,0.476679,0.476679,1.307380,2.008950,0.388559,-1.307380
member,38249,7,7,1,1.605036,0.200882,0.200882,2.153071,0.567021,0.188593,-2.153071
member,37624,7,7,1,1.498438,0.223479,0.223479,2.013070,1.126351,0.109892,-2.013070
member,42028,3,2,0,2.386575,0.091944,0.294589,1.992416,0.535316,-1.164400,1.992416
member,20834,0,0,1,0.259786,0.771217,0.771217,0.982124,2.939398,2.624923,-0.982124
member,14757,7,4,0,1.572048,0.207620,0.327632,1.807761,1.808879,-0.456183,1.807761
member,26396,2,6,0,2.057548,0.127767,0.255853,1.866412,1.114413,-0.694394,1.866412
member,6808,7,4,0,1.216868,0.296156,0.359536,1.648674,2.604015,-0.193928,1.648674
member,9225,7,2,0,3.172772,0.041887,0.445606,1.769811,-0.310805,-2.364452,1.769811
member,48394,4,6,0,1.691177,0.184303,0.464157,1.589490,1.844222,-0.923644,1.589490
member,5395,9,9,1,0.991352,0.371075,0.371075,1.676454,1.356888,0.582144,-1.676454
member,6943,4,6,0,1.473925,0.229025,0.501122,1.367237,3.038008,-0.783020,1.367237
member,23870,8,8,1,1.264185,0.282469,0.282469,1.832037,1.161525,0.225498,-1.832037
member,32492,1,9,0,2.496810,0.082347,0.320510,1.997088,-0.338844,-1.358967,1.997088
member,36345,4,4,1,0.977945,0.376083,0.376083,1.622913,2.920463,0.377677,-1.622913
member,10755,1,8,0,3.771194,0.023025,0.507658,1.009876,0.426921,-3.093248,1.009876
member,12301,4,7,0,1.967992,0.139737,0.203518,2.048577,0.953235,-0.375989,2.048577
member,48386,7,9,0,4.880499,0.007593,0.601888,1.080398,-1.483049,-4.372815,1.080398
member,42745,5,3,0,3.394785,0.033548,0.286127,1.817555,-0.608097,-2.143465,1.817555
member,29089,6,4,0,2.004551,0.134721,0.467058,1.508885,2.156717,-1.243249,1.508885
member,44712,6,6,1,1.158434,0.313977,0.313977,1.904503,2.139034,0.380559,-1.904503
member,14343,0,2,0,4.919568,0.007302,0.383477,1.719539,-1.913804,-3.961091,1.719539
member,38172,5,7,0,1.722034,0.178702,0.224905,1.846250,1.710648,-0.229956,1.846250
member,5071,9,6,0,3.255578,0.038559,0.324614,1.906874,-0.411909,-2.130458,1.906874
member,24121,1,1,1,0.842715,0.430540,0.430540,1.670969,2.150967,0.914769,-1.670969
member,48809,9,3,0,3.620336,0.026774,0.386261,1.713600,0.000338,-2.669094,1.713600
member,17820,8,8,1,0.826601,0.437534,0.437534,1.487013,2.065683,0.298993,-1.487013
member,1122,2,4,0,3.650669,0.025974,0.515202,1.503210,0.952191,-2.987473,1.503210
member,11264,1,9,0,1.644885,0.193035,0.528040,1.461407,1.262487,-1.006301,1.461407
member,30579,5,5,1,1.002328,0.367024,0.367024,1.865548,1.242965,0.597734,-1.865548
member,45464,9,9,1,0.815152,0.442572,0.442572,1.662893,1.931823,0.816091,-1.662893
member,48216,4,6,0,1.411320,0.243821,0.394823,1.676129,2.182806,-0.482001,1.676129
member,43044,4,0,0,5.392109,0.004552,0.318511,1.785294,-2.823364,-4.248009,1.785294
member,15656,4,6,0,1.680940,0.186199,0.393008,1.744770,1.555069,-0.747015,1.744770
member,1900,7,7,1,0.995763,0.369442,0.369442,1.848279,1.836007,0.715109,-1.848279
member,147,9,9,1,1.367746,0.254680,0.254680,2.015999,1.090146,0.107289,-2.015999
member,29642,9,8,0,1.643810,0.193242,0.477294,1.302792,2.263858,-0.904189,1.302792
member,3211,0,9,0,3.156679,0.042567,0.775381,0.811397,1.194172,-2.902278,0.811397
member,43850,3,3,1,1.270480,0.280697,0.280697,2.046063,1.539842,0.654128,-2.046063
member,2354,2,9,0,4.093804,0.016676,0.558657,1.337126,-0.805748,-3.511584,1.337126
member,31520,7,7,1,1.235201,0.290776,0.290776,1.756834,2.720472,0.263314,-1.756834
member,42583,8,0,0,1.904978,0.148826,0.688971,0.987989,2.331372,-1.532421,0.987989
member,43337,4,4,1,0.961939,0.382151,0.382151,1.631132,2.941525,0.371126,-1.631132
member,45284,9,9,1,0.693047,0.500050,0.500050,1.706553,1.439818,1.471588,-1.706553
member,46956,1,1,1,1.045866,0.351387,0.351387,1.934101,2.348275,0.953010,-1.934101
member,48790,2,6,0,1.724897,0.178191,0.513336,1.509896,1.872027,-1.058073,1.509896
member,36585,2,6,0,1.850228,0.157201,0.341452,1.578338,2.634921,-0.775681,1.578338
member,10465,7,4,0,2.556379,0.077585,0.363610,1.614832,1.011075,-1.544704,1.614832
member,7821,1,1,1,0.296768,0.743216,0.743216,1.090608,3.196559,2.641356,-1.090608
member,7205,3,2,0,3.752954,0.023448,0.403140,1.825203,-1.118137,-2.844483,1.825203
member,6413,9,8,0,1.699369,0.182799,0.688672,1.041012,1.427534,-1.326379,1.041012
member,34046,7,4,0,1.647682,0.192496,0.407045,1.733150,1.759105,-0.748851,1.733150
member,12728,5,5,1,0.961765,0.382218,0.382218,1.749132,2.394458,0.735606,-1.749132
member,6925,6,6,1,0.362766,0.695749,0.695749,1.137006,3.439710,1.775077,-1.137006
member,27995,9,9,1,0.558678,0.571965,0.571965,1.113835,3.729603,1.000875,-1.113835
member,37612,5,5,1,0.706751,0.493244,0.493244,1.156489,3.261647,0.224569,-1.156489
member,39483,6,5,0,1.854908,0.156467,0.278956,1.852998,1.733341,-0.578208,1.852998
member,3016,3,2,0,2.301799,0.100079,0.298099,1.984061,0.609847,-1.091470,1.984061
member,1640,4,0,0,4.055915,0.017320,0.426982,1.741698,-1.440554,-3.204901,1.741698
member,8883,8,9,0,3.223564,0.039813,0.302924,1.966040,-1.212420,-2.029291,1.966040
member,37601,7,7,1,1.616385,0.198615,0.198615,2.050462,0.968705,0.030223,-2.050462
member,12969,3,2,0,2.648375,0.070766,0.336524,1.918767,-0.148247,-1.559291,1.918767
member,23463,1,0,0,3.283282,0.037505,0.813929,0.690918,1.930459,-3.077400,0.690918
member,15757,8,9,0,1.831402,0.160189,0.382864,1.864838,0.355271,-0.871327,1.864838
member,44076,7,7,1,1.064325,0.344961,0.344961,1.936585,1.219468,0.787976,-1.936585
member,4086,6,6,1,1.295770,0.273687,0.273687,1.899564,1.943073,0.003011,-1.899564
member,508,9,1,0,1.156419,0.314611,0.371932,1.708145,1.575662,-0.167375,1.708145
member,6354,0,0,1,0.155579,0.855920,0.855920,0.602629,4.453676,2.690600,-0.602629
member,29644,7,7,1,1.425481,0.240393,0.240393,2.131809,0.516127,0.323846,-2.131809
member,20815,4,7,0,1.862468,0.155289,0.205770,2.069346,0.360829,-0.281470,2.069346
member,6234,4,6,0,1.713595,0.180217,0.481778,1.547795,1.836098,-0.983322,1.547795
member,31989,9,4,0,4.037691,0.017638,0.331248,1.726425,-0.351578,-2.932804,1.726425
member,12995,7,7,1,1.291796,0.274777,0.274777,2.132500,1.436155,0.823698,-2.132500
member,42501,3,6,0,2.425935,0.088395,0.292135,2.022916,0.064368,-1.195394,2.022916
member,38920,7,4,0,1.914621,0.147398,0.551874,1.400284,2.504315,-1.320186,1.400284
member,262,1,0,0,1.734563,0.176477,0.533633,1.229919,2.563120,-1.106516,1.229919
member,7891,9,9,1,0.435439,0.646980,0.646980,1.302607,2.435935,1.755950,-1.302607
member,10527,3,7,0,2.591629,0.074898,0.260932,2.110126,-0.182431,-1.248135,2.110126
member,18600,5,5,1,1.148243,0.317193,0.317193,1.904592,1.933451,0.408136,-1.904592
member,24114,9,9,1,0.917716,0.399430,0.399430,1.469506,2.789518,0.396683,-1.469506
member,33498,2,6,0,1.432159,0.238793,0.280520,1.878346,1.440461,-0.161050,1.878346
member,13471,3,8,0,5.545051,0.003907,0.438779,1.184350,-1.685206,-4.721292,1.184350
member,31725,8,2,0,2.676144,0.068828,0.313181,1.992434,-0.310855,-1.515170,1.992434
member,23690,3,2,0,2.407933,0.090001,0.162788,2.187408,-0.279852,-0.592626,2.187408
member,10557,3,6,0,2.576619,0.076031,0.588310,1.460562,0.777833,-2.046117,1.460562
member,6556,3,0,0,3.276225,0.037771,0.803973,0.834815,0.034623,-3.058035,0.834815
member,45577,9,9,1,0.538962,0.583354,0.583354,1.404527,2.296599,1.622803,-1.404527
member,41503,9,9,1,0.392664,0.675256,0.675256,1.163722,2.985905,1.557104,-1.163722
member,27872,6,6,1,0.709216,0.492030,0.492030,1.482793,3.177049,0.892693,-1.482793
member,10810,8,6,0,7.820311,0.000401,0.387224,1.729861,-4.461924,-6.871560,1.729861
member,38214,8,0,0,2.427119,0.088291,0.480669,1.757229,0.503292,-1.694543,1.757229
member,11730,2,2,1,0.864977,0.421061,0.421061,1.565599,3.143414,0.560863,-1.565599
member,27438,0,8,0,1.479061,0.227852,0.242130,1.908257,1.098722,-0.060782,1.908257
member,21779,4,7,0,2.870017,0.056698,0.348637,1.676140,-0.016355,-1.816293,1.676140
member,34079,2,1,0,1.273891,0.279741,0.373811,1.730166,1.271905,-0.289887,1.730166
member,22915,9,9,1,1.108184,0.330158,0.330158,1.651149,1.610577,0.123073,-1.651149
member,8085,1,1,1,0.849689,0.427548,0.427548,1.589473,1.641595,0.682596,-1.589473
member,43467,5,7,0,1.819084,0.162174,0.356332,1.860771,1.622609,-0.787193,1.860771
member,14709,3,6,0,1.446018,0.235506,0.284987,1.918666,1.376671,-0.190708,1.918666
member,15466,0,9,0,2.985995,0.050489,0.695439,1.078370,0.234575,-2.622782,1.078370
member,37172,4,4,1,0.610481,0.543090,0.543090,1.542828,3.027427,1.690116,-1.542828
member,28748,2,0,0,1.868498,0.154355,0.230969,1.995167,-0.361811,-0.403028,1.995167
member,3104,7,7,1,1.095288,0.334443,0.334443,1.813748,2.130406,0.318029,-1.813748
member,708,0,7,0,2.022759,0.132290,0.450374,1.715224,0.736963,-1.225082,1.715224
member,38385,5,2,0,1.994256,0.136115,0.205237,2.153720,0.151609,-0.410663,2.153720
member,23444,9,9,1,0.551334,0.576181,0.576181,1.364453,2.162650,1.058851,-1.364453
member,26510,8,8,1,1.114496,0.328081,0.328081,1.793182,2.358120,0.489481,-1.793182
member,8466,6,9,0,5.059684,0.006348,0.352768,1.769062,-3.362992,-4.017739,1.769062
member,6230,2,4,0,3.334551,0.035631,0.654983,1.152239,1.242144,-2.911405,1.152239
member,46358,1,1,1,0.992568,0.370624,0.370624,1.522101,1.992522,0.156520,-1.522101
member,39357,6,4,0,2.192486,0.111639,0.364613,1.789004,1.548570,-1.183567,1.789004
member,16386,6,4,0,1.988295,0.136929,0.278924,2.016884,0.427068,-0.711478,2.016884
member,34165,7,7,1,0.801986,0.448437,0.448437,1.540464,1.945271,0.450789,-1.540464
member,4168,2,3,0,1.825521,0.161134,0.427120,1.667426,1.084375,-0.974830,1.667426
member,5803,0,0,1,0.657977,0.517898,0.517898,1.636165,1.949417,1.691345,-1.636165
member,12753,2,2,1,1.617743,0.198346,0.198346,2.010624,0.789015,0.065757,-2.010624
member,2189,0,8,0,2.356341,0.094766,0.524348,1.210847,1.667879,-1.710741,1.210847
member,12187,9,9,1,1.385496,0.250200,0.250200,1.842237,1.302391,0.056276,-1.842237
member,31727,6,6,1,0.600110,0.548752,0.548752,1.360557,3.799150,1.065247,-1.360557
member,19245,3,1,0,2.292720,0.100991,0.237382,2.061527,0.146326,-0.854637,2.061527
member,37866,1,7,0,3.427214,0.032477,0.273348,2.062657,-0.803756,-2.130203,2.062657
member,43514,1,1,1,0.841726,0.430966,0.430966,1.808097,1.772010,0.839051,-1.808097
member,8718,7,7,1,1.201510,0.300740,0.300740,1.859107,1.532667,0.200887,-1.859107
member,28824,3,7,0,2.044935,0.129389,0.261190,2.015935,0.217577,-0.702427,2.015935
member,24468,7,1,0,2.119352,0.120109,0.295620,1.889402,1.445983,-0.900670,1.889402
member,48252,0,0,1,1.430798,0.239118,0.239118,2.030797,0.251610,0.215687,-2.030797
member,7201,7,7,1,0.637247,0.528746,0.528746,1.525628,2.200442,1.074180,-1.525628
member,9282,8,7,0,5.388481,0.004569,0.538130,1.579839,-2.551522,-4.768826,1.579839
member,26820,7,2,0,3.173653,0.041850,0.278141,1.832989,0.192738,-1.894026,1.832989
member,27373,2,4,0,2.543960,0.078555,0.329659,1.888874,0.264429,-1.434265,1.888874
member,22492,8,8,1,0.844568,0.429743,0.429743,1.526945,2.188349,0.532004,-1.526945
member,45637,6,6,1,0.624117,0.535734,0.535734,1.345226,3.876798,1.117435,-1.345226
member,45879,8,0,0,2.739787,0.064584,0.350129,1.981208,-0.443933,-1.690333,1.981208
member,29339,6,6,1,1.338269,0.262299,0.262299,2.025336,1.451929,0.507939,-2.025336
member,46547,1,2,0,2.988645,0.050356,0.428092,1.838209,-0.347963,-2.140227,1.838209
member,10803,5,4,0,1.415565,0.242788,0.325096,1.656859,1.628987,-0.291931,1.656859
member,20964,4,1,0,1.899636,0.149623,0.254734,2.013588,1.045103,-0.532102,2.013588
member,30032,7,7,1,0.853907,0.425748,0.425748,1.677956,1.764151,0.583424,-1.677956
member,5222,8,0,0,2.203411,0.110426,0.766910,0.831496,1.680391,-1.938026,0.831496
member,659,9,8,0,1.260459,0.283524,0.295706,1.812731,1.324251,-0.042069,1.812731
member,33245,4,6,0,1.239699,0.289471,0.433748,1.476979,2.721997,-0.404407,1.476979
member,5865,9,8,0,2.587062,0.075241,0.652950,0.962923,1.805593,-2.160807,0.962923
member,48871,8,9,0,2.726204,0.065467,0.638981,1.170643,0.475372,-2.278324,1.170643
member,22985,4,4,1,0.556294,0.573330,0.573330,1.326692,4.072730,1.290480,-1.326692
member,28880,3,6,0,1.872723,0.153705,0.339859,1.771165,1.566218,-0.793499,1.771165
member,47087,7,9,0,2.966022,0.051508,0.524140,1.522226,-0.190425,-2.320025,1.522226
member,26527,2,7,0,2.271069,0.103202,0.379385,1.875045,0.461737,-1.301865,1.875045
member,9647,3,1,0,1.898238,0.149832,0.301578,1.979893,1.289551,-0.699511,1.979893
member,49545,3,2,0,2.280498,0.102233,0.294216,1.876399,1.080847,-1.057056,1.876399
member,32374,7,3,0,3.234241,0.039390,0.235089,1.947668,-0.372183,-1.786448,1.947668
member,26158,1,9,0,1.949808,0.142301,0.382074,1.887433,0.281801,-0.987667,1.887433
member,11711,6,4,0,1.743276,0.174946,0.252099,1.899898,1.141388,-0.365341,1.899898
member,27238,1,9,0,3.841904,0.021453,0.262987,1.883031,-1.007809,-2.506254,1.883031
member,18353,6,2,0,2.012143,0.133702,0.358870,1.912954,0.524029,-0.987348,1.912954
member,49514,5,1,0,2.235769,0.106910,0.307921,1.955387,0.962397,-1.057857,1.955387
member,21724,3,5,0,1.536438,0.215146,0.279121,1.854933,1.575954,-0.260329,1.854933
member,25924,8,8,1,0.966418,0.380443,0.380443,1.650256,1.742810,0.315635,-1.650256
member,41389,3,2,0,2.506999,0.081512,0.228961,2.067023,0.078821,-1.032794,2.067023
member,4772,3,0,0,2.708019,0.066669,0.219375,2.120413,-0.480214,-1.191047,2.120413
member,35204,3,7,0,1.593100,0.203294,0.271446,1.903688,1.081209,-0.289107,1.903688
member,27878,2,9,0,3.000650,0.049755,0.377229,1.809469,-0.087299,-2.025749,1.809469
member,5874,0,5,0,2.897459,0.055163,0.227366,2.085799,-1.023490,-1.416266,2.085799
member,17804,7,7,1,1.190642,0.304026,0.304026,2.010539,1.293598,0.445066,-2.010539
member,34223,9,9,1,0.809336,0.445154,0.445154,1.400468,2.656775,0.595301,-1.400468
member,7841,1,9,0,2.396880,0.091001,0.459271,1.504667,-0.057635,-1.618764,1.504667
member,15922,2,6,0,2.069623,0.126233,0.375363,1.724385,1.577510,-1.089761,1.724385
member,28366,7,0,0,4.880225,0.007595,0.510644,1.517096,-2.115502,-4.208143,1.517096
member,12083,0,0,1,0.533312,0.586659,0.586659,1.498344,1.988390,1.728546,-1.498344
member,20033,3,1,0,2.823380,0.059405,0.438601,1.602194,0.072164,-1.999216,1.602194
member,14487,0,0,1,1.181721,0.306750,0.306750,1.863078,1.516107,0.413106,-1.863078
member,20818,2,2,1,1.475409,0.228685,0.228685,2.048754,1.296134,0.281511,-2.048754
member,37517,0,0,1,1.135853,0.321148,0.321148,2.004025,1.124814,0.819417,-2.004025
member,44235,1,1,1,1.153823,0.315429,0.315429,1.736121,1.680683,0.075938,-1.736121
member,48650,6,6,1,0.958588,0.383434,0.383434,1.848194,2.218489,0.951657,-1.848194
member,36235,5,1,0,3.562794,0.028359,0.610690,1.378472,-0.683644,-3.069628,1.378472
member,21069,7,6,0,1.246976,0.287373,0.312865,1.667665,2.651011,-0.084993,1.667665
member,9523,2,5,0,2.380650,0.092490,0.266858,1.955501,-0.659965,-1.059610,1.955501
member,32755,9,9,1,1.353703,0.258282,0.258282,2.050536,1.273883,0.486554,-2.050536
member,12053,5,1,0,1.889343,0.151171,0.305413,1.952466,0.583008,-0.703252,1.952466
member,23593,6,1,0,1.938439,0.143928,0.184407,2.010656,1.156051,-0.247831,2.010656
member,8037,2,1,0,3.145313,0.043053,0.244787,1.991516,-0.759313,-1.737946,1.991516
member,46976,3,0,0,3.116675,0.044304,0.226281,1.932760,-0.727599,-1.630699,1.932760
member,16399,7,3,0,2.015874,0.133204,0.227618,2.083419,0.496448,-0.535787,2.083419
member,45785,2,2,1,1.490787,0.225195,0.225195,2.202138,0.973096,0.620742,-2.202138
member,34615,8,8,1,0.541412,0.581926,0.581926,1.248277,2.545916,1.099159,-1.248277
member,7624,7,6,0,2.544524,0.078510,0.251139,1.943172,0.548246,-1.162776,1.943172
member,13661,3,3,1,1.374607,0.252939,0.252939,1.822663,2.196299,0.205708,-1.822663
member,37736,5,7,0,3.692180,0.024918,0.284104,1.946612,-1.200959,-2.433766,1.946612
member,26541,2,9,0,3.188090,0.041251,0.492598,1.737514,-0.543818,-2.480028,1.737514
member,13267,7,7,1,0.902334,0.405622,0.405622,1.787542,2.327460,0.641966,-1.787542
member,18082,5,6,0,2.635938,0.071652,0.431351,1.502664,1.415108,-1.795105,1.502664
member,48085,3,6,0,1.820995,0.161865,0.211919,1.856904,1.763968,-0.269445,1.856904
member,42767,9,3,0,3.277176,0.037735,0.383640,1.821975,0.276444,-2.319126,1.821975
member,4070,2,7,0,1.659624,0.190211,0.289853,1.924739,1.527647,-0.421241,1.924739
member,16286,1,0,0,2.203967,0.110365,0.563341,1.138108,1.278597,-1.630097,1.138108
member,1118,7,0,0,1.707093,0.181392,0.278734,1.908948,0.639889,-0.429596,1.908948
member,10074,1,1,1,1.090621,0.336008,0.336008,1.903226,1.874182,0.780885,-1.903226
member,11373,9,9,1,0.143884,0.865988,0.865988,0.630201,3.165835,2.903421,-0.630201
member,32684,1,9,0,1.406292,0.245050,0.286482,1.810323,1.227263,-0.156212,1.810323
member,46433,3,3,1,1.505929,0.221811,0.221811,2.057783,1.074646,0.026856,-2.057783
member,25349,7,7,1,0.727670,0.483033,0.483033,1.443817,3.133233,0.704530,-1.443817
member,6715,7,7,1,0.385543,0.680081,0.680081,1.255807,2.980231,1.809070,-1.255807
member,34567,0,0,1,0.290260,0.748069,0.748069,0.655985,5.299515,1.169293,-0.655985
member,1030,3,7,0,2.822046,0.059484,0.291934,2.097390,-0.497192,-1.590816,2.097390
member,22753,9,9,1,0.963595,0.381519,0.381519,1.458058,2.227825,0.166893,-1.458058
member,11761,7,9,0,1.489241,0.225544,0.322417,1.897801,1.199851,-0.357332,1.897801
member,35896,8,8,1,0.224926,0.798575,0.798575,0.758879,3.550177,1.972507,-0.758879
member,14492,4,4,1,0.976041,0.376800,0.376800,1.462665,3.439508,0.357490,-1.462665
member,25085,6,6,1,1.273752,0.279780,0.279780,1.990280,1.418688,0.174759,-1.990280
member,20395,8,0,0,2.928005,0.053504,0.640627,1.314049,-0.107606,-2.482697,1.314049
member,4813,6,4,0,3.499696,0.030207,0.296447,1.824502,-0.063505,-2.283811,1.824502
member,8994,0,8,0,1.564658,0.209160,0.589527,1.089592,3.656358,-1.036222,1.089592
member,49691,3,2,0,2.362192,0.094213,0.372073,1.844938,0.248568,-1.373526,1.844938
member,21374,8,0,0,1.164779,0.311992,0.321584,1.528692,1.723103,-0.030282,1.528692
member,30242,4,2,0,1.953079,0.141837,0.266904,2.029633,0.486519,-0.632214,2.029633
member,47578,6,6,1,0.915914,0.400151,0.400151,1.754269,2.406652,0.647020,-1.754269
member,1164,3,5,0,1.770670,0.170219,0.208562,1.939573,0.819463,-0.203152,1.939573
member,24810,4,7,0,3.154298,0.042668,0.193745,2.177178,-1.084675,-1.513086,2.177178
member,21109,7,6,0,2.256814,0.104683,0.306245,1.892685,1.026277,-1.073445,1.892685
member,3697,9,8,0,1.420016,0.241710,0.502466,1.350210,1.571552,-0.731787,1.350210
member,11438,6,6,1,0.792967,0.452500,0.452500,1.589527,3.488228,0.806324,-1.589527
member,4469,8,8,1,0.959715,0.383002,0.383002,1.758703,1.365870,0.491529,-1.758703
member,9807,9,8,0,1.087478,0.337065,0.569499,1.007291,3.627932,-0.524480,1.007291
member,47767,9,9,1,0.349163,0.705278,0.705278,1.129445,3.256942,2.259944,-1.129445
member,6748,7,7,1,0.495935,0.609001,0.609001,1.245797,3.146363,1.093809,-1.245797
member,49184,8,0,0,1.255816,0.284843,0.546834,1.137509,2.401028,-0.652205,1.137509
member,17378,7,5,0,1.688722,0.184755,0.351890,1.849423,1.129753,-0.644285,1.849423
member,36884,4,7,0,1.572415,0.207543,0.501939,1.537471,2.059404,-0.883137,1.537471
member,13356,5,4,0,2.325766,0.097709,0.184871,2.112870,0.104683,-0.637669,2.112870
member,32404,3,6,0,2.181395,0.112884,0.333207,1.736518,1.538427,-1.082404,1.736518
member,42454,9,8,0,3.876862,0.020716,0.777387,0.698135,1.104114,-3.625045,0.698135
member,46065,5,6,0,2.244293,0.106002,0.218240,1.987803,1.015228,-0.722132,1.987803
member,11538,2,2,1,1.334569,0.263272,0.263272,1.934819,1.573900,0.017662,-1.934819
member,2008,7,3,0,1.431995,0.238832,0.392522,1.767575,1.362076,-0.496833,1.767575
member,3221,5,5,1,1.171346,0.309949,0.309949,1.914294,1.644093,0.543731,-1.914294
member,44996,9,9,1,0.394011,0.674347,0.674347,1.106956,3.336008,1.497109,-1.106956
member,18762,5,1,0,3.111392,0.044539,0.436903,1.617710,0.321674,-2.283347,1.617710
member,14165,1,9,0,1.228611,0.292699,0.472251,1.444831,1.619520,-0.478366,1.444831
member,40683,8,8,1,1.116029,0.327578,0.327578,1.804912,1.913151,0.134990,-1.804912
member,25080,7,7,1,0.710293,0.491500,0.491500,1.643734,2.349594,1.126671,-1.643734
member,1822,8,8,1,0.129142,0.878849,0.878849,0.387139,8.414190,2.014007,-0.387139
member,44661,7,6,0,2.463377,0.085147,0.296623,1.994011,0.359810,-1.248084,1.994011
member,6848,8,9,0,1.537887,0.214834,0.612574,1.137376,1.595006,-1.047802,1.137376
member,12635,6,2,0,3.139213,0.043317,0.316112,1.952642,-0.366155,-1.987554,1.952642
member,37668,3,8,0,4.240528,0.014400,0.391581,1.543608,-1.660560,-3.302965,1.543608
member,6095,6,6,1,0.756627,0.469247,0.469247,1.422193,3.917834,0.537129,-1.422193
member,39248,2,4,0,2.176187,0.113473,0.320477,1.626140,1.951254,-1.038241,1.626140
member,10577,0,2,0,3.452192,0.031676,0.322674,1.863262,-0.841506,-2.321078,1.863262
member,31074,2,2,1,1.261884,0.283120,0.283120,1.869610,0.765721,0.278035,-1.869610
member,29112,9,9,1,0.701375,0.495903,0.495903,1.414259,2.408452,0.569521,-1.414259
member,10192,3,7,0,2.031227,0.131174,0.373161,1.825909,1.370809,-1.045482,1.825909
member,314,3,6,0,2.759246,0.063340,0.620686,1.195051,1.899618,-2.282315,1.195051
member,11449,3,3,1,1.094471,0.334717,0.334717,1.760750,2.784099,0.383712,-1.760750
member,30745,8,8,1,0.628659,0.533306,0.533306,0.802308,5.450510,0.186790,-0.802308
member,29702,7,7,1,0.938727,0.391126,0.391126,1.850009,1.601194,0.881270,-1.850009
member,27658,3,1,0,2.427951,0.088217,0.337348,1.778473,-0.130636,-1.341311,1.778473
member,23685,1,8,0,1.611363,0.199615,0.390382,1.423363,1.684383,-0.670733,1.423363
member,28375,4,6,0,1.323009,0.266333,0.356979,1.645471,2.477459,-0.292931,1.645471
member,3085,1,8,0,3.600617,0.027307,0.435053,1.165968,1.801300,-2.768330,1.165968
member,49371,0,0,1,0.959085,0.383243,0.383243,1.142625,4.612866,0.159549,-1.142625
member,3751,5,9,0,6.713709,0.001214,0.675743,1.216420,-3.464450,-6.321766,1.216420
member,5048,8,9,0,3.039769,0.047846,0.669238,1.303201,-0.166370,-2.638153,1.303201
member,29186,9,2,0,2.535381,0.079232,0.344488,1.952065,0.235010,-1.469684,1.952065
member,30708,3,6,0,2.520163,0.080447,0.556501,1.448983,0.826422,-1.934077,1.448983
member,20146,6,4,0,1.445343,0.235665,0.446515,1.553941,2.870738,-0.639060,1.553941
member,32249,9,9,1,0.460962,0.630677,0.630677,1.364807,2.264185,1.567890,-1.364807
member,4969,4,4,1,1.267481,0.281540,0.281540,1.848920,1.871285,0.090541,-1.848920
member,30525,9,9,1,0.574728,0.562858,0.562858,1.197236,3.538982,1.211652,-1.197236
member,18494,6,4,0,1.861618,0.155421,0.251046,1.874462,1.492801,-0.479498,1.874462
member,38064,1,1,1,1.167446,0.311161,0.311161,2.038800,1.424420,0.680165,-2.038800
member,41836,4,4,1,1.231528,0.291846,0.291846,1.730384,2.534658,0.040529,-1.730384
member,32752,6,9,0,2.052526,0.128410,0.242947,2.173090,-0.048256,-0.637613,2.173090
member,20073,2,5,0,2.367650,0.093701,0.313700,1.872167,0.508831,-1.208333,1.872167
member,26273,4,9,0,3.665858,0.025582,0.335120,1.972404,-1.664271,-2.572590,1.972404
member,13649,0,2,0,3.318336,0.036213,0.255342,1.860551,-0.539416,-1.953186,1.860551
member,25533,8,8,1,0.889017,0.411059,0.411059,1.393200,1.873464,0.314677,-1.393200
member,17521,7,7,1,0.898214,0.407296,0.407296,1.803021,1.910643,0.817417,-1.803021
member,25480,4,6,0,1.321849,0.266642,0.402742,1.671123,2.162850,-0.412391,1.671123
member,48234,1,9,0,1.941919,0.143428,0.412572,1.690577,0.677543,-1.056574,1.690577
member,48787,4,0,0,6.300478,0.001835,0.466356,1.410192,-3.552737,-5.537672,1.410192
member,32389,3,3,1,1.342381,0.261223,0.261223,1.989829,0.857913,0.026245,-1.989829
member,5086,3,5,0,2.113998,0.120754,0.218070,2.163424,0.034535,-0.591058,2.163424
member,17252,8,8,1,0.554464,0.574380,0.574380,1.087352,3.969640,0.935265,-1.087352
member,4039,1,3,0,1.330471,0.264353,0.306997,1.852474,1.285336,-0.149552,1.852474
member,18386,0,2,0,3.090149,0.045495,0.357953,1.886514,-0.648746,-2.062795,1.886514
member,4246,9,8,0,2.796480,0.061025,0.765653,0.811806,2.816886,-2.529454,0.811806
member,18627,4,4,1,0.960128,0.382844,0.382844,1.453310,3.464849,0.028992,-1.453310
member,879,1,1,1,1.432335,0.238751,0.238751,2.112418,0.344611,0.238344,-2.112418
member,23298,7,4,0,1.410009,0.244141,0.325293,1.765449,1.948357,-0.286980,1.765449
member,29752,6,6,1,1.658491,0.190426,0.190426,2.046361,1.142312,0.057957,-2.046361
member,30172,0,3,0,5.063417,0.006324,0.309485,1.804455,-1.993038,-3.890571,1.804455
member,28559,1,3,0,1.626792,0.196559,0.336706,1.836589,1.128538,-0.538246,1.836589
member,18863,2,2,1,1.506492,0.221686,0.221686,2.061042,0.816682,0.174214,-2.061042
member,43343,7,9,0,2.396275,0.091057,0.313671,1.950081,0.050127,-1.236866,1.950081
member,34210,8,0,0,2.348279,0.095533,0.441186,1.747697,0.726885,-1.529990,1.747697
member,26083,0,0,1,0.098616,0.906090,0.906090,0.442198,4.372058,3.084765,-0.442198
member,1941,4,4,1,0.902301,0.405635,0.405635,1.609130,2.937188,0.433104,-1.609130
member,22225,5,3,0,3.327643,0.035878,0.546883,1.485205,-0.301511,-2.724123,1.485205
member,44691,8,0,0,0.938818,0.391090,0.402316,1.303496,2.275360,-0.028300,1.303496
member,43239,4,5,0,2.964911,0.051565,0.199730,2.156164,-0.871831,-1.354121,2.156164
member,23859,3,6,0,2.846884,0.058025,0.371522,1.571876,1.320796,-1.856736,1.571876
member,14158,8,0,0,2.422639,0.088687,0.688437,1.176287,0.623224,-2.049308,1.176287
member,33875,5,1,0,3.698887,0.024751,0.439090,1.708376,-1.366008,-2.875837,1.708376
member,48104,7,9,0,1.281659,0.277576,0.292623,1.892755,1.322375,-0.052788,1.892755
member,23449,0,0,1,0.159623,0.852465,0.852465,0.589012,3.739179,2.232892,-0.589012
member,6623,1,1,1,1.468465,0.230279,0.230279,2.032390,1.137765,0.077630,-2.032390
member,38264,8,0,0,2.198336,0.110988,0.432339,1.670658,0.628093,-1.359791,1.670658
member,26241,1,1,1,1.106684,0.330654,0.330654,1.760353,1.966470,0.336560,-1.760353
member,47591,4,4,1,0.955451,0.384639,0.384639,1.652704,2.820267,0.631534,-1.652704
member,24155,6,5,0,2.019700,0.132695,0.316664,1.882060,0.911340,-0.869787,1.882060
member,32058,0,8,0,1.412363,0.243567,0.754349,0.572439,6.715734,-1.130464,0.572439
member,9331,7,3,0,1.860104,0.155656,0.328669,1.894947,1.326993,-0.747399,1.894947
member,43564,0,8,0,1.751170,0.173571,0.315237,1.921894,0.764083,-0.596739,1.921894
member,3493,8,5,0,2.288975,0.101370,0.223961,2.129786,-0.469430,-0.792690,2.129786
member,4878,5,3,0,3.268893,0.038049,0.426607,1.769728,-0.220328,-2.417000,1.769728
member,47062,3,6,0,2.255049,0.104868,0.344712,1.712300,1.529489,-1.190003,1.712300
member,998,3,9,0,2.653318,0.070417,0.517673,1.630651,-0.082481,-1.994907,1.630651
member,37086,5,7,0,1.484854,0.226535,0.296845,1.976564,1.117330,-0.270308,1.976564
member,36437,4,6,0,1.828161,0.160709,0.352776,1.716241,1.720409,-0.786240,1.716241
member,34749,8,8,1,0.685751,0.503712,0.503712,1.182287,3.994115,0.680267,-1.182287
member,28616,5,4,0,3.426866,0.032489,0.348733,1.766224,0.308396,-2.373417,1.766224
member,37095,3,9,0,2.574144,0.076219,0.521474,1.637659,-0.413813,-1.923049,1.637659
member,22810,2,1,0,0.976295,0.376704,0.456257,1.346392,2.512288,-0.191596,1.346392
member,7142,3,1,0,2.321411,0.098135,0.337971,1.976770,0.407554,-1.236614,1.976770
member,21558,1,1,1,1.087600,0.337024,0.337024,1.801262,1.328413,0.412972,-1.801262
member,9935,8,0,0,4.306256,0.013484,0.318818,1.853894,-1.390401,-3.163121,1.853894
member,4788,5,5,1,0.638753,0.527950,0.527950,1.264279,2.744484,0.498872,-1.264279
member,30510,8,1,0,5.349460,0.004751,0.333953,1.568746,-2.033479,-4.252706,1.568746
member,31189,8,9,0,2.037455,0.130360,0.215359,2.162264,-0.064727,-0.502003,2.162264
member,20083,5,2,0,2.529455,0.079702,0.525216,1.577209,0.261533,-1.885510,1.577209
member,10823,7,4,0,1.584557,0.205039,0.305882,1.745744,1.985193,-0.400001,1.745744
member,672,9,8,0,1.251937,0.285950,0.458567,1.369045,1.869806,-0.472288,1.369045
member,15594,0,9,0,3.806254,0.022231,0.756417,0.973522,-0.339064,-3.527092,0.973522
member,43048,8,1,0,2.365598,0.093893,0.235974,2.042202,0.100348,-0.921564,2.042202
member,21911,5,5,1,1.171098,0.310026,0.310026,1.972560,1.299204,0.483659,-1.972560
member,11868,3,6,0,1.731234,0.177066,0.392322,1.692340,2.048746,-0.795562,1.692340
member,34690,1,1,1,0.731573,0.481151,0.481151,1.715424,2.173159,1.271290,-1.715424
member,11321,7,7,1,1.077628,0.340402,0.340402,1.724740,2.597510,0.222163,-1.724740
member,44211,5,3,0,1.983583,0.137575,0.520022,1.535839,1.104080,-1.329699,1.535839
member,24614,9,9,1,1.493452,0.224596,0.224596,2.165355,0.364228,0.390953,-2.165355
member,12005,5,4,0,2.141794,0.117444,0.383766,1.670359,1.330794,-1.184071,1.670359
member,3939,7,7,1,1.710603,0.180757,0.180757,2.144852,0.709359,0.121806,-2.144852
member,4613,7,7,1,0.891721,0.409950,0.409950,1.770972,2.153619,0.826571,-1.770972
member,36759,2,4,0,3.290158,0.037248,0.391045,1.725119,0.206149,-2.351224,1.725119
member,31458,9,0,0,1.697908,0.183066,0.625861,1.191280,1.877872,-1.229281,1.191280
member,44952,9,9,1,0.575807,0.562251,0.562251,1.258278,2.412856,0.736544,-1.258278
member,4347,5,3,0,1.194617,0.302820,0.345178,1.730420,1.416314,-0.130922,1.730420
member,39327,9,0,0,1.255617,0.284900,0.304564,1.604611,2.142564,-0.066742,1.604611
member,49922,3,2,0,2.561772,0.077168,0.428480,1.831214,-0.182975,-1.714260,1.831214
member,22393,6,6,1,0.577215,0.561460,0.561460,1.389154,3.377374,1.254777,-1.389154
member,3156,5,5,1,1.753375,0.173188,0.173188,2.222806,0.548020,0.196536,-2.222806
member,29917,0,9,0,2.149951,0.116490,0.439182,1.669888,0.498229,-1.327111,1.669888
member,37223,3,2,0,2.588378,0.075142,0.407008,1.833143,0.159904,-1.689457,1.833143
member,13478,2,2,1,1.361354,0.256313,0.256313,2.038288,1.580612,0.349117,-2.038288
member,13871,4,7,0,1.879186,0.152714,0.326846,1.939107,0.863325,-0.760919,1.939107
member,38555,5,0,0,10.405663,0.000030,0.872463,0.418381,-3.935107,-10.269228,0.418381
member,25329,7,6,0,1.425907,0.240290,0.354654,1.812508,1.301575,-0.389293,1.812508
member,44684,6,6,1,0.341103,0.710985,0.710985,1.094234,3.988639,1.987568,-1.094234
member,985,6,6,1,1.245354,0.287839,0.287839,1.884874,1.720307,0.354250,-1.884874
member,37139,9,9,1,1.404072,0.245595,0.245595,1.845636,1.370838,0.055202,-1.845636
member,35033,1,1,1,0.370771,0.690202,0.690202,1.045866,2.976021,1.451675,-1.045866
member,23730,9,9,1,0.375305,0.687080,0.687080,1.192014,2.666381,1.886871,-1.192014
member,7530,0,3,0,6.256058,0.001919,0.269991,1.817600,-3.495069,-4.946692,1.817600
member,44394,9,7,0,1.667400,0.188737,0.217702,2.027129,0.605562,-0.142772,2.027129
member,32948,7,4,0,1.811030,0.163486,0.318230,1.802257,1.663646,-0.666048,1.802257
member,30877,6,6,1,1.478151,0.228059,0.228059,1.841876,2.287475,0.182021,-1.841876
member,29930,8,9,0,1.584235,0.205105,0.513538,1.509344,1.251305,-0.917804,1.509344
member,23415,7,6,0,1.647907,0.192452,0.305065,1.731805,2.269343,-0.460677,1.731805
member,6059,7,0,0,1.815474,0.162761,0.301778,1.861223,0.253343,-0.617410,1.861223
member,23679,9,0,0,1.214235,0.296937,0.338975,1.671160,1.666712,-0.132407,1.671160
member,15940,2,2,1,0.761934,0.466763,0.466763,1.689073,2.367329,0.742503,-1.689073
member,6948,8,9,0,1.600080,0.201880,0.547415,1.247656,1.941633,-0.997531,1.247656
member,30095,5,4,0,3.033662,0.048139,0.417486,1.464581,1.223129,-2.160157,1.464581
member,41339,5,1,0,2.510944,0.081192,0.214378,2.111057,-0.288147,-0.970928,2.111057
member,49598,4,1,0,2.374279,0.093082,0.320596,1.915796,0.632756,-1.236704,1.915796
member,33183,2,6,0,2.059657,0.127498,0.378934,1.894974,0.804267,-1.089264,1.894974
member,16580,5,1,0,3.398943,0.033409,0.203613,2.040485,-0.421514,-1.807412,2.040485
member,1388,4,7,0,1.726284,0.177944,0.382613,1.773446,1.540774,-0.765553,1.773446
member,21350,9,1,0,1.373674,0.253175,0.269670,1.860280,1.759461,-0.063119,1.860280
member,49750,9,2,0,2.696177,0.067463,0.225921,2.120073,-0.278953,-1.208609,2.120073
member,34431,4,4,1,0.925422,0.396364,0.396364,1.773867,2.479153,0.839199,-1.773867
member,24454,4,2,0,1.690885,0.184356,0.261250,1.800564,1.825997,-0.348606,1.800564
member,40359,0,8,0,2.715542,0.066169,0.677952,1.203345,0.323978,-2.326864,1.203345
member,18577,7,1,0,1.989809,0.136721,0.529013,1.600675,1.047257,-1.353068,1.600675
member,33451,0,9,0,2.798965,0.060873,0.302176,1.933061,-0.440801,-1.602218,1.933061
member,47852,0,8,0,2.458762,0.085541,0.501227,1.399052,1.106382,-1.768065,1.399052
member,4,1,9,0,3.784264,0.022726,0.496049,1.229110,0.175068,-3.083183,1.229110
member,29182,9,8,0,1.931289,0.144961,0.542920,1.481831,0.883226,-1.320496,1.481831
member,8230,5,6,0,2.279769,0.102308,0.191226,2.029501,0.763361,-0.625469,2.029501
member,5946,4,1,0,2.259087,0.104446,0.271841,1.969183,0.669527,-0.956548,1.969183
member,7822,4,4,1,0.457519,0.632851,0.632851,1.131853,4.283041,1.175998,-1.131853
member,19486,9,9,1,0.594263,0.551969,0.551969,1.471538,2.690001,1.590894,-1.471538
member,15384,9,8,0,1.324172,0.266023,0.341943,1.604466,1.489892,-0.251061,1.604466
member,41099,5,2,0,1.736194,0.176190,0.274907,1.927142,1.153754,-0.444870,1.927142
member,18183,9,8,0,1.737281,0.175998,0.302672,1.730741,1.246110,-0.542176,1.730741
member,27161,7,6,0,3.156250,0.042585,0.509430,1.420322,0.819100,-2.481787,1.420322
member,11645,1,1,1,0.795751,0.451242,0.451242,1.736305,2.413263,1.042071,-1.736305
member,24390,7,3,0,2.997082,0.049933,0.415582,1.632508,0.426945,-2.119006,1.632508
member,4850,5,5,1,0.966541,0.380397,0.380397,1.899191,1.470818,0.689921,-1.899191
member,47435,9,1,0,1.591118,0.203698,0.442430,1.671626,1.786150,-0.775645,1.671626
member,42206,3,3,1,1.505159,0.221982,0.221982,2.053864,0.554507,0.128575,-2.053864
member,45340,4,2,0,1.601583,0.201577,0.294621,1.840240,1.342062,-0.379519,1.840240
member,28169,6,0,0,2.453303,0.086009,0.174128,2.239626,-0.455257,-0.705340,2.239626
member,3419,8,8,1,0.186220,0.830091,0.830091,0.634676,3.883808,2.009321,-0.634676
member,42590,3,3,1,0.953665,0.385326,0.385326,1.886150,2.224598,0.918604,-1.886150
member,38734,8,8,1,0.394539,0.673990,0.673990,1.230933,2.768645,1.662756,-1.230933
member,36719,9,9,1,0.586719,0.556149,0.556149,1.450289,2.392425,1.171085,-1.450289
member,29497,0,9,0,2.456310,0.085751,0.294204,2.061262,-0.331914,-1.232827,2.061262
member,4362,5,7,0,2.027163,0.131709,0.221400,2.062138,0.477981,-0.519379,2.062138
member,4028,9,9,1,0.548147,0.578020,0.578020,1.346605,2.252045,1.213073,-1.346605
member,3426,5,0,0,1.592193,0.203479,0.264643,2.009426,0.253394,-0.262820,2.009426
member,20268,6,6,1,0.457886,0.632619,0.632619,1.241175,3.844706,1.540724,-1.241175
member,20057,1,9,0,1.759597,0.172114,0.365528,1.535286,1.265510,-0.753186,1.535286
member,11478,2,6,0,3.406274,0.033165,0.331776,1.650140,0.565072,-2.302979,1.650140
member,47944,9,0,0,1.366547,0.254986,0.364687,1.495764,1.879510,-0.357831,1.495764
member,29392,5,1,0,2.273328,0.102969,0.270285,1.942418,0.148422,-0.965050,1.942418
member,29046,4,6,0,1.455695,0.233238,0.463860,1.485215,2.833586,-0.687522,1.485215
member,8564,6,6,1,0.498766,0.607280,0.607280,1.139025,4.833592,0.961950,-1.139025
member,39506,3,2,0,2.387712,0.091840,0.287609,2.015712,0.298846,-1.141557,2.015712
member,49804,6,4,0,1.405115,0.245339,0.398167,1.661868,2.488008,-0.484230,1.661868
member,25449,2,0,0,3.358793,0.034777,0.491596,1.657166,-1.036384,-2.648695,1.657166
member,34921,6,6,1,0.947458,0.387725,0.387725,1.510005,2.935007,0.121525,-1.510005
member,30477,5,3,0,3.673003,0.025400,0.329139,1.790485,-1.056387,-2.561727,1.790485
member,13519,8,8,1,1.057296,0.347394,0.347394,1.424094,2.282971,0.025307,-1.424094
member,34007,5,3,0,1.687738,0.184937,0.373315,1.720714,1.649514,-0.702406,1.720714
member,21315,3,7,0,1.664159,0.189350,0.329210,1.808651,1.699743,-0.553100,1.808651
member,42424,1,1,1,1.212915,0.297329,0.297329,1.976715,1.379066,0.702573,-1.976715
member,48900,5,4,0,1.784686,0.167850,0.213622,1.944647,1.571468,-0.241137,1.944647
member,47632,2,6,0,1.855805,0.156327,0.292360,1.779140,1.225840,-0.626037,1.779140
member,49788,8,8,1,0.921184,0.398047,0.398047,1.600445,1.959453,0.778006,-1.600445
member,44231,1,1,1,1.116587,0.327395,0.327395,1.865143,1.626358,0.488512,-1.865143
member,10723,9,9,1,1.180532,0.307115,0.307115,1.905541,1.008897,0.352797,-1.905541
member,13154,2,7,0,3.589786,0.027604,0.593649,1.461489,-0.305936,-3.068320,1.461489
member,13762,4,3,0,3.147301,0.042968,0.182520,2.157469,-0.591242,-1.446404,2.157469
member,42811,4,4,1,1.066603,0.344176,0.344176,1.544499,2.654958,0.013129,-1.544499
member,30803,7,2,0,1.625992,0.196716,0.276772,1.931208,1.412986,-0.341431,1.931208
member,36260,7,9,0,5.286849,0.005058,0.709940,1.015675,-1.981238,-4.944274,1.015675
member,21436,5,0,0,3.386376,0.033831,0.359244,1.754695,-0.912700,-2.362622,1.754695
member,25970,0,0,1,0.110642,0.895260,0.895260,0.445152,4.529947,2.520095,-0.445152
member,32203,8,0,0,1.646513,0.192721,0.416716,1.658741,1.095226,-0.771162,1.658741
member,7180,3,6,0,2.441865,0.086998,0.241982,1.983280,-0.105072,-1.022974,1.983280
member,41280,9,9,1,0.812194,0.443883,0.443883,1.258223,2.927469,0.235104,-1.258223
member,28086,1,7,0,2.795188,0.061103,0.227620,2.070488,-0.221957,-1.315111,2.070488
member,13701,1,9,0,1.716019,0.179780,0.460109,1.580613,0.530145,-0.939727,1.580613
member,1003,2,6,0,2.717923,0.066012,0.311173,1.865984,0.398609,-1.550518,1.865984
member,9058,0,0,1,0.896154,0.408136,0.408136,1.421016,1.908557,0.055996,-1.421016
member,44234,3,4,0,1.877158,0.153024,0.306381,1.831816,1.764905,-0.694232,1.831816
member,25674,4,4,1,1.172131,0.309706,0.309706,1.720213,2.296703,0.224260,-1.720213
member,45055,9,7,0,1.249627,0.286612,0.406642,1.679440,1.528808,-0.349805,1.679440
member,35143,4,6,0,1.626368,0.196643,0.263476,1.866729,1.966152,-0.292574,1.866729
member,38162,8,9,0,2.532644,0.079449,0.474437,1.752354,-0.533241,-1.787018,1.752354
member,22476,6,6,1,0.176387,0.838293,0.838293,0.697577,4.996641,2.682183,-0.697577
member,23006,1,1,1,0.610560,0.543046,0.543046,1.606279,2.211846,1.788759,-1.606279
member,45343,7,9,0,1.806074,0.164298,0.392801,1.766594,0.659003,-0.871622,1.766594
member,36127,5,1,0,2.664042,0.069666,0.239337,2.044640,-0.187622,-1.234157,2.044640
member,49709,5,9,0,2.264976,0.103832,0.407788,1.819989,-0.413789,-1.367969,1.819989
member,13098,1,2,0,1.686677,0.185134,0.211579,2.047568,0.937428,-0.133519,2.047568
member,37195,9,9,1,0.591188,0.553669,0.553669,1.505953,2.239591,1.146357,-1.505953
member,4107,7,0,0,2.717061,0.066069,0.622061,1.383440,-0.279165,-2.242344,1.383440
member,41335,8,8,1,0.619481,0.538224,0.538224,1.207042,2.796665,0.605355,-1.207042
member,25222,2,9,0,1.707934,0.181240,0.235678,2.061471,1.192797,-0.262646,2.061471
member,35839,4,7,0,2.289655,0.101301,0.522087,1.555525,0.657970,-1.639735,1.555525
member,29718,7,1,0,2.190861,0.111820,0.270502,1.825597,0.365427,-0.883384,1.825597
member,46952,6,4,0,2.491718,0.082768,0.384098,1.725369,1.127905,-1.534859,1.725369
member,29827,4,6,0,1.507693,0.221420,0.347599,1.827824,1.438153,-0.450987,1.827824
member,17542,7,5,0,3.362952,0.034633,0.626351,1.362341,0.302876,-2.895108,1.362341
member,24915,7,4,0,1.727354,0.177754,0.441162,1.598416,2.109442,-0.909010,1.598416
member,4513,7,5,0,2.290665,0.101199,0.186857,2.065531,0.650886,-0.613255,2.065531
member,19936,4,0,0,4.549589,0.010572,0.494613,1.662149,-2.323550,-3.845610,1.662149
member,46524,7,0,0,1.459050,0.232457,0.255518,1.818796,1.282323,-0.094587,1.818796
member,24510,6,1,0,2.794757,0.061130,0.247523,2.058404,-0.444556,-1.398504,2.058404
member,27441,3,4,0,1.770698,0.170214,0.457460,1.571981,1.647560,-0.988632,1.571981
member,12001,9,9,1,1.026721,0.358179,0.358179,1.835518,2.045007,0.547197,-1.835518
member,23353,3,9,0,2.545130,0.078463,0.370309,1.665589,0.253081,-1.551713,1.665589
member,27292,5,7,0,1.886527,0.151597,0.330285,1.778431,2.100597,-0.778728,1.778431
member,34203,2,3,0,3.081006,0.045913,0.259280,2.032305,0.091141,-1.731161,2.032305
member,12147,3,4,0,2.120109,0.120019,0.275511,1.793660,1.423882,-0.830980,1.793660
member,15291,6,8,0,4.990453,0.006803,0.395269,1.807799,-2.920407,-4.062264,1.807799
member,46879,2,9,0,3.430929,0.032357,0.216555,2.026775,-1.285061,-1.901019,2.026775
member,8690,1,9,0,0.996204,0.369279,0.439777,1.380867,1.857047,-0.174716,1.380867
member,12653,9,9,1,0.651748,0.521134,0.521134,1.537448,2.113610,1.115378,-1.537448
member,31469,2,5,0,2.705740,0.066821,0.242705,2.083251,-0.118508,-1.289832,2.083251
member,2954,8,0,0,1.291365,0.274895,0.443665,1.289275,2.576870,-0.478680,1.289275
member,3003,3,3,1,1.252573,0.285769,0.285769,1.889522,2.247823,0.157402,-1.889522
member,15813,2,7,0,1.613223,0.199244,0.369155,1.834222,1.291055,-0.616684,1.834222
member,6656,1,2,0,2.534987,0.079263,0.302326,1.816477,-0.005461,-1.338739,1.816477
member,12773,1,4,0,2.370079,0.093473,0.232222,2.070412,0.136761,-0.910016,2.070412
member,39530,0,0,1,1.046219,0.351263,0.351263,1.857597,1.192452,0.751404,-1.857597
member,34407,3,3,1,1.097990,0.333541,0.333541,1.753073,2.334127,0.435487,-1.753073
member,8836,5,5,1,0.961160,0.382449,0.382449,1.825872,1.919978,1.014995,-1.825872
member,14617,9,1,0,1.912376,0.147729,0.521029,1.614894,1.389994,-1.260426,1.614894
member,22835,2,2,1,1.267650,0.281492,0.281492,1.922461,1.050423,0.093275,-1.922461
member,15980,5,2,0,2.906025,0.054693,0.269171,1.743891,0.746212,-1.593616,1.743891
member,37915,5,7,0,1.860940,0.155526,0.206240,2.065311,0.984878,-0.282226,2.065311
member,1570,1,0,0,1.806635,0.164206,0.346655,1.720922,0.911184,-0.747212,1.720922
member,35907,4,6,0,2.661445,0.069847,0.245916,1.989007,-0.052504,-1.258681,1.989007
member,26089,6,6,1,0.732687,0.480616,0.480616,1.598640,3.028631,1.147425,-1.598640
member,20913,8,9,0,3.404455,0.033225,0.588723,1.500428,-0.804870,-2.874655,1.500428
member,9957,7,7,1,0.240523,0.786217,0.786217,0.941152,2.954909,2.763034,-0.941152
member,18275,2,1,0,1.724535,0.178256,0.422838,1.739835,0.857003,-0.863768,1.739835
member,15431,5,4,0,2.735319,0.064873,0.322654,1.733438,1.072170,-1.604144,1.733438
member,23493,2,7,0,1.404858,0.245402,0.281086,1.832125,0.861430,-0.135762,1.832125
member,15789,2,6,0,2.556557,0.077571,0.575407,1.391275,1.647603,-2.003880,1.391275
member,35779,1,0,0,2.767427,0.062823,0.605048,1.361853,0.440007,-2.264981,1.361853
member,11980,5,2,0,1.863716,0.155095,0.378378,1.909381,0.960115,-0.891855,1.909381
member,44905,2,2,1,1.310280,0.269745,0.269745,1.958599,2.005333,0.409902,-1.958599
member,35762,5,2,0,3.751199,0.023490,0.381134,1.746514,-0.535887,-2.786594,1.746514
member,27092,5,7,0,3.046259,0.047536,0.306748,1.953702,0.043373,-1.864530,1.953702
member,46834,7,9,0,1.549772,0.212296,0.332857,1.811257,1.378778,-0.449730,1.811257
member,33437,9,9,1,0.164251,0.848529,0.848529,0.692523,3.492786,3.051354,-0.692523
member,47380,8,2,0,1.261549,0.283215,0.291922,1.757331,1.437867,-0.030281,1.757331
member,1590,9,1,0,1.101282,0.332445,0.383823,1.591962,1.717362,-0.143708,1.591962
member,26755,5,5,1,1.371961,0.253609,0.253609,1.959991,1.144252,0.204423,-1.959991
member,21758,0,0,1,0.984000,0.373813,0.373813,1.669542,1.249943,0.400743,-1.669542
member,3001,4,2,0,3.341308,0.035391,0.221554,1.998353,-0.917107,-1.834220,1.998353
member,44111,7,7,1,1.200475,0.301051,0.301051,2.071296,1.387657,0.934332,-2.071296
member,43519,1,9,0,3.045094,0.047592,0.588416,1.212421,1.132326,-2.514772,1.212421
member,628,0,0,1,1.659996,0.190140,0.190140,2.108808,0.463171,0.023250,-2.108808
member,20736,1,1,1,0.202597,0.816607,0.816607,0.811435,3.550497,2.405200,-0.811435
member,11902,3,0,0,3.134948,0.043502,0.439781,1.754963,-0.806995,-2.313471,1.754963
member,6366,1,1,1,0.728635,0.482567,0.482567,1.371965,2.138589,0.391445,-1.371965
member,17132,6,6,1,0.826487,0.437584,0.437584,1.606472,2.947896,0.641031,-1.606472
member,9478,1,9,0,3.103871,0.044875,0.383090,1.643866,-0.411448,-2.144385,1.643866
member,41870,6,7,0,2.189331,0.111992,0.280590,2.094502,0.071424,-0.918471,2.094502
member,12932,8,5,0,5.626202,0.003602,0.347893,1.648094,-2.087054,-4.570342,1.648094
member,13641,8,1,0,2.604770,0.073920,0.414919,1.853264,-0.125342,-1.725099,1.853264
member,19626,1,9,0,1.565653,0.208952,0.416065,1.465190,1.160931,-0.688740,1.465190
member,9951,8,0,0,2.971259,0.051239,0.311905,1.819401,-0.908423,-1.806202,1.819401
member,28962,4,4,1,1.075459,0.341141,0.341141,1.612065,3.374242,0.227015,-1.612065
member,28445,6,6,1,1.095982,0.334211,0.334211,1.830259,1.734602,0.355398,-1.830259
member,19698,5,4,0,2.223561,0.108223,0.307406,1.935093,0.407564,-1.043975,1.935093
member,44223,5,1,0,4.465756,0.011496,0.820184,0.780895,-0.448772,-4.267529,0.780895
member,2996,0,9,0,1.310674,0.269638,0.288884,1.845658,1.797286,-0.068945,1.845658
member,13637,2,7,0,2.514390,0.080912,0.332369,1.974798,0.619911,-1.412882,1.974798
member,22470,5,7,0,2.176310,0.113459,0.393423,1.828873,0.725509,-1.243439,1.828873
member,36086,1,9,0,2.443241,0.086879,0.473368,1.597647,0.214070,-1.695358,1.597647
member,28917,0,4,0,4.200728,0.014985,0.230636,1.955507,-1.513713,-2.733812,1.955507
member,17649,7,7,1,0.883700,0.413251,0.413251,1.770572,2.000215,0.884525,-1.770572
member,27955,8,8,1,0.740762,0.476751,0.476751,1.195622,3.099636,0.321667,-1.195622
member,2854,2,6,0,1.904965,0.148828,0.388883,1.439155,2.425972,-0.960489,1.439155
member,13389,6,2,0,1.401927,0.246122,0.317904,1.770443,1.743604,-0.255921,1.770443
member,13048,5,5,1,1.007445,0.365151,0.365151,1.585412,2.338599,0.113231,-1.585412
member,22332,6,4,0,1.353734,0.258274,0.382810,1.686373,2.493818,-0.393517,1.686373
member,30577,8,1,0,1.926574,0.145646,0.379948,1.418918,1.101671,-0.958853,1.418918
member,34734,2,6,0,1.700477,0.182596,0.344551,1.744584,1.913386,-0.634964,1.744584
member,19538,9,0,0,5.072997,0.006264,0.674849,1.148335,-1.827779,-4.679731,1.148335
member,39586,9,8,0,3.527678,0.029373,0.959495,0.201912,3.716097,-3.486330,0.201912
member,5572,1,4,0,1.724366,0.178286,0.398660,1.799507,1.449622,-0.804720,1.799507
member,47750,2,2,1,1.506521,0.221680,0.221680,2.005140,1.586509,0.015267,-2.005140
member,30963,0,0,1,0.082138,0.921145,0.921145,0.410562,4.365254,3.676188,-0.410562
member,35495,5,1,0,2.094680,0.123110,0.217047,2.146167,0.182868,-0.567038,2.146167
member,20262,0,1,0,2.206332,0.110104,0.324969,1.640712,0.529324,-1.082307,1.640712
member,44659,8,0,0,1.447453,0.235169,0.309445,1.824800,1.133307,-0.274478,1.824800
member,21745,9,9,1,0.481989,0.617554,0.617554,1.377789,1.963614,1.638720,-1.377789
member,47248,2,6,0,2.357716,0.094636,0.682290,1.221281,1.201995,-1.975415,1.221281
member,36227,5,3,0,2.127087,0.119184,0.249642,1.905632,1.056557,-0.739359,1.905632
member,28786,3,4,0,1.200439,0.301062,0.412817,1.463858,2.982448,-0.315687,1.463858
member,35619,8,0,0,1.361294,0.256329,0.537522,1.372805,1.438300,-0.740508,1.372805
member,45999,7,9,0,1.908948,0.148236,0.242395,1.962370,0.260148,-0.491763,1.962370
member,49512,6,6,1,0.455627,0.634050,0.634050,1.234903,3.865371,1.564701,-1.234903
member,44514,7,6,0,2.549066,0.078155,0.182156,2.121311,-0.201073,-0.846172,2.121311
member,28683,8,9,0,2.512562,0.081060,0.631557,1.240984,0.384621,-2.052995,1.240984
member,31548,5,7,0,2.588037,0.075167,0.320330,1.891837,0.112466,-1.449634,1.891837
member,31964,6,3,0,1.807917,0.163995,0.338698,1.900759,1.260992,-0.725270,1.900759
member,9433,5,7,0,2.142671,0.117341,0.264703,1.974873,0.854785,-0.813523,1.974873
member,22373,2,7,0,2.629874,0.072088,0.525301,1.522110,0.941363,-1.986091,1.522110
member,21622,7,7,1,1.167279,0.311213,0.311213,1.808511,2.083126,0.367454,-1.808511
member,12451,1,1,1,0.180437,0.834906,0.834906,0.747752,3.448337,2.807699,-0.747752
member,11799,1,8,0,4.901927,0.007432,0.851629,0.612846,-0.542010,-4.741323,0.612846
member,31388,9,3,0,4.201179,0.014978,0.393674,1.747224,-1.024000,-3.268946,1.747224
member,20768,5,0,0,2.961628,0.051735,0.366986,1.763733,-0.187975,-1.959196,1.763733
member,4828,8,9,0,1.938084,0.143980,0.456253,1.464786,1.030313,-1.153377,1.464786
member,14589,7,4,0,1.597329,0.202437,0.261378,1.915618,1.253884,-0.255542,1.915618
member,1507,0,0,1,0.120362,0.886599,0.886599,0.476722,5.481782,2.818453,-0.476722
member,18612,2,6,0,1.847891,0.157569,0.191842,2.173143,0.821109,-0.196807,2.173143
member,19302,9,8,0,2.005490,0.134594,0.401252,1.835111,0.709201,-1.092325,1.835111
member,38309,6,1,0,2.254528,0.104923,0.285309,1.820606,1.385499,-1.000344,1.820606
member,1738,7,2,0,1.769722,0.170380,0.246711,1.926840,1.237176,-0.370183,1.926840
member,35875,3,1,0,2.659945,0.069952,0.487713,1.666942,0.412272,-1.941916,1.666942
member,47067,3,1,0,2.187878,0.112154,0.167874,2.244137,0.174789,-0.403337,2.244137
member,5114,7,7,1,0.701943,0.495622,0.495622,1.657838,2.844676,1.199396,-1.657838
member,24906,3,3,1,1.046147,0.351289,0.351289,1.923926,2.265392,0.892000,-1.923926
member,7635,2,9,0,5.414937,0.004450,0.734648,0.919967,-1.662053,-5.106574,0.919967
member,14398,7,7,1,1.220256,0.295155,0.295155,1.991671,1.242594,0.456151,-1.991671
member,36170,2,4,0,2.350714,0.095301,0.406002,1.472902,2.014472,-1.449318,1.472902
member,9183,3,2,0,1.952207,0.141960,0.352275,1.969330,0.648858,-0.908864,1.969330
member,36796,5,2,0,1.656690,0.190769,0.254127,1.868006,1.357324,-0.286767,1.868006
member,37622,5,4,0,2.003375,0.134879,0.361641,1.656745,1.461195,-0.986272,1.656745
member,1655,3,5,0,1.408060,0.244617,0.313534,1.743240,1.719231,-0.248211,1.743240
member,4326,1,9,0,2.401429,0.090588,0.323544,2.014145,-0.363308,-1.273009,2.014145
member,27377,5,4,0,1.604405,0.201009,0.288289,1.814390,1.901380,-0.360612,1.814390
member,19044,2,7,0,2.128497,0.119016,0.299366,1.956149,0.160736,-0.922409,1.956149
member,44328,2,6,0,1.466299,0.230778,0.440959,1.563270,2.034458,-0.647497,1.563270
member,9661,4,4,1,0.347940,0.706141,0.706141,0.988267,4.835676,1.425061,-0.988267
member,15914,8,9,0,1.908122,0.148359,0.286150,1.925614,0.278193,-0.656883,1.925614
member,25466,7,1,0,3.013232,0.049133,0.340646,1.969597,-0.907318,-1.936321,1.969597
member,13610,5,6,0,2.091743,0.123472,0.333828,1.854226,1.125319,-0.994613,1.854226
member,11670,4,9,0,2.877907,0.056252,0.466502,1.694447,-0.266986,-2.115414,1.694447
member,1219,2,0,0,2.082742,0.124588,0.360378,1.804717,-0.370264,-1.062140,1.804717
member,38863,9,9,1,1.296336,0.273532,0.273532,2.051834,1.275491,0.552448,-2.051834
member,12557,8,1,0,3.489149,0.030527,0.191050,2.126047,-1.142011,-1.833929,2.126047
member,39143,4,4,1,1.304266,0.271372,0.271372,1.969716,1.573016,0.356488,-1.969716
member,35508,1,1,1,0.976861,0.376491,0.376491,1.534405,1.678961,0.350221,-1.534405
member,11852,5,0,0,2.518795,0.080557,0.614635,1.409245,0.552968,-2.032069,1.409245
member,13238,0,8,0,1.760418,0.171973,0.546294,1.281926,1.606936,-1.155820,1.281926
member,29950,3,0,0,3.495877,0.030322,0.264097,1.979642,-0.834624,-2.164438,1.979642
member,27984,2,2,1,1.480797,0.227456,0.227456,2.081457,1.555480,0.379214,-2.081457
member,22090,1,1,1,1.074568,0.341445,0.341445,1.944308,1.653275,0.821510,-1.944308
member,48989,2,7,0,1.801713,0.165016,0.201179,2.178450,0.865366,-0.198154,2.178450
member,40639,0,8,0,1.169008,0.310675,0.349848,1.527449,1.689401,-0.118750,1.527449
member,28911,7,9,0,3.093708,0.045334,0.281653,1.920609,-0.009766,-1.826628,1.920609
member,8570,1,1,1,1.086830,0.337284,0.337284,1.737069,1.595376,0.507279,-1.737069
member,38431,0,1,0,2.744287,0.064294,0.415192,1.370396,0.432848,-1.865272,1.370396
member,40525,0,8,0,0.759845,0.467739,0.493249,0.874388,4.508136,-0.053104,0.874388
member,35549,3,1,0,2.036941,0.130427,0.326617,1.891525,0.882862,-0.917974,1.891525
member,29487,0,0,1,0.596778,0.550583,0.550583,0.718380,7.087081,0.214234,-0.718380
member,26037,7,9,0,3.018987,0.048851,0.297457,1.851086,-0.099476,-1.806501,1.851086
member,19370,0,7,0,4.939622,0.007157,0.235670,1.838483,-1.881821,-3.494300,1.838483
member,44734,5,3,0,1.682265,0.185952,0.356072,1.868662,0.651905,-0.649644,1.868662
member,6915,1,9,0,1.183918,0.306077,0.349172,1.632164,1.601567,-0.131729,1.632164
member,14998,9,1,0,3.387062,0.033808,0.337760,1.986569,-1.028031,-2.301642,1.986569
member,16750,7,4,0,2.488734,0.083015,0.275655,1.945668,0.522194,-1.200127,1.945668
member,29959,1,9,0,1.916028,0.147190,0.411997,1.378631,0.949651,-1.029290,1.378631
member,28856,2,7,0,2.319988,0.098275,0.180879,2.215727,-0.154602,-0.610063,2.215727
member,38911,1,9,0,1.284430,0.276808,0.367974,1.650660,0.944953,-0.284687,1.650660
member,5843,0,0,1,0.743640,0.475380,0.475380,1.233651,2.547795,0.285162,-1.233651
member,15769,7,5,0,2.039972,0.130032,0.246292,2.109400,0.509470,-0.638735,2.109400
member,27098,7,7,1,0.858284,0.423889,0.423889,1.762948,1.818353,0.997796,-1.762948
member,34726,9,9,1,0.937046,0.391784,0.391784,1.354517,2.510339,0.012758,-1.354517
member,20930,6,6,1,0.594027,0.552100,0.552100,1.284703,4.326440,0.830919,-1.284703
member,12313,4,6,0,1.728234,0.177598,0.341988,1.567947,2.724365,-0.655255,1.567947
member,8293,6,3,0,1.364187,0.255588,0.332544,1.694888,2.505135,-0.263203,1.694888
member,49408,3,9,0,4.095741,0.016643,0.583558,1.413590,-1.253104,-3.557129,1.413590
member,22319,7,6,0,2.929568,0.053420,0.546112,1.486213,0.545462,-2.324637,1.486213
member,20486,1,1,1,0.542833,0.581099,0.581099,1.343240,2.774676,1.565110,-1.343240
member,22610,6,6,1,0.799076,0.449744,0.449744,1.526830,3.457645,0.906010,-1.526830
member,12465,2,2,1,0.680242,0.506494,0.506494,1.723795,1.890107,1.464242,-1.723795
member,41512,2,0,0,3.745667,0.023620,0.613371,1.107718,0.611188,-3.256881,1.107718
member,48609,3,8,0,3.993067,0.018443,0.308056,1.784971,-1.032745,-2.815593,1.784971
member,17672,3,7,0,1.941952,0.143424,0.248160,1.966221,0.570259,-0.548270,1.966221
member,8565,9,9,1,0.352437,0.702973,0.702973,1.083875,2.794271,1.527206,-1.083875
member,42905,9,5,0,2.346956,0.095660,0.308749,2.073285,-0.285974,-1.171729,2.073285
member,33294,5,9,0,2.994866,0.050043,0.344055,1.823707,-0.566032,-1.927912,1.823707
member,12928,6,2,0,2.237231,0.106754,0.346897,1.831226,0.910454,-1.178504,1.831226
member,8383,0,9,0,2.729836,0.065230,0.419033,1.786728,0.248161,-1.860030,1.786728
member,26546,0,0,1,0.660115,0.516792,0.516792,1.521363,1.550527,1.046127,-1.521363
member,21160,8,1,0,3.007040,0.049438,0.567552,1.537452,0.019817,-2.440618,1.537452
member,25331,1,9,0,2.510455,0.081231,0.413595,1.878951,-0.107218,-1.627586,1.878951
member,416,3,0,0,2.146204,0.116927,0.324484,1.941684,0.613154,-1.020686,1.941684
member,38313,5,5,1,1.439743,0.236989,0.236989,1.923963,1.829018,0.003958,-1.923963
member,40758,1,5,0,1.652412,0.191587,0.244728,1.947145,1.007298,-0.244804,1.947145
member,1406,4,7,0,1.459405,0.232375,0.250169,2.000921,1.573117,-0.073788,2.000921
member,27988,8,1,0,2.208884,0.109823,0.446140,1.682947,0.717147,-1.401761,1.682947
member,20657,9,6,0,2.258692,0.104487,0.297216,1.940180,0.085721,-1.045395,1.940180
member,46981,0,0,1,0.458381,0.632306,0.632306,1.287534,2.777140,1.475021,-1.287534
member,29901,1,9,0,1.980293,0.138029,0.448883,1.323932,1.275108,-1.179301,1.323932
member,32869,6,5,0,2.184243,0.112563,0.170691,2.159165,0.304153,-0.416345,2.159165
member,21613,7,1,0,1.716395,0.179713,0.219686,2.078478,0.718216,-0.200837,2.078478
member,18692,9,1,0,4.340387,0.013031,0.407591,1.694515,-1.182165,-3.442896,1.694515
member,14462,9,1,0,2.202563,0.110520,0.277006,1.982045,0.813180,-0.918847,1.982045
member,13529,9,7,0,1.726462,0.177913,0.331455,1.955185,0.774572,-0.622198,1.955185
member,29804,5,3,0,2.452898,0.086044,0.462081,1.753252,0.036277,-1.680882,1.753252
member,1444,2,6,0,2.411354,0.089694,0.778998,0.882252,2.092940,-2.161607,0.882252
member,18218,0,8,0,2.071035,0.126055,0.211771,2.074593,-0.129517,-0.518784,2.074593
member,45063,9,1,0,1.566245,0.208828,0.258415,1.801143,0.854572,-0.213057,1.801143
member,30646,1,1,1,1.135285,0.321331,0.321331,1.892449,1.552843,0.589020,-1.892449
member,49167,9,1,0,1.170722,0.310143,0.393454,1.404027,2.101028,-0.237930,1.404027
member,39989,3,2,0,2.444053,0.086808,0.175104,2.200034,-0.289023,-0.701676,2.200034
member,44755,9,9,1,1.018331,0.361197,0.361197,1.556927,1.585436,0.138347,-1.556927
member,48345,9,9,1,0.428822,0.651276,0.651276,1.264689,2.179492,1.424970,-1.264689
member,42969,4,8,0,9.326777,0.000089,0.648756,0.763133,-3.739912,-8.894079,0.763133
member,20419,8,0,0,1.566717,0.208729,0.391021,1.290430,2.463604,-0.627723,1.290430
member,10896,0,9,0,1.602339,0.201425,0.225466,1.860282,0.912778,-0.112752,1.860282
member,45620,8,8,1,0.460124,0.631205,0.631205,0.991890,3.847250,0.889008,-0.991890
member,36349,2,9,0,3.653272,0.025906,0.388997,1.704417,-0.722042,-2.709089,1.704417
member,19312,3,7,0,3.231496,0.039498,0.263439,2.117398,-0.940303,-1.897564,2.117398
member,5582,6,6,1,0.228714,0.795556,0.795556,0.783641,5.445899,2.016317,-0.783641
member,6682,0,6,0,3.060131,0.046882,0.301118,1.908606,0.072262,-1.859878,1.908606
member,30679,7,7,1,1.089243,0.336471,0.336471,1.835081,1.975187,0.385365,-1.835081
member,28388,4,4,1,1.125292,0.324558,0.324558,1.783212,2.211457,0.091323,-1.783212
member,6847,3,5,0,2.505967,0.081597,0.309483,1.998066,-0.445917,-1.333116,1.998066
member,15981,2,6,0,1.324140,0.266032,0.329645,1.769428,1.755268,-0.214401,1.769428
member,33675,4,7,0,1.288417,0.275707,0.320689,1.846617,1.815083,-0.151134,1.846617
member,47503,4,6,0,3.053459,0.047195,0.307102,1.782448,-0.005665,-1.872884,1.782448
member,7565,7,7,1,0.793416,0.452297,0.452297,1.812332,1.592350,1.333137,-1.812332
member,20728,8,8,1,0.685356,0.503911,0.503911,1.210147,2.800052,0.372792,-1.210147
member,7411,3,9,0,3.412798,0.032949,0.512079,1.545481,-0.162466,-2.743522,1.545481
member,25354,2,5,0,1.288540,0.275673,0.346106,1.678329,2.005941,-0.227530,1.678329
member,47738,4,4,1,1.023724,0.359255,0.359255,1.623142,3.034733,0.340741,-1.623142
member,9758,6,6,1,0.674565,0.509378,0.509378,1.657738,2.455397,1.590206,-1.657738
member,9767,0,2,0,3.506947,0.029988,0.378032,1.667050,-0.309888,-2.534170,1.667050
member,7133,6,6,1,1.368640,0.254453,0.254453,2.005909,1.598622,0.263023,-2.005909
member,28593,2,6,0,1.830409,0.160348,0.343155,1.774236,1.399388,-0.760836,1.774236
member,41209,1,1,1,0.313896,0.730595,0.730595,1.053449,3.248892,2.138458,-1.053449
member,23111,9,9,1,0.958358,0.383522,0.383522,1.758476,2.158848,0.363783,-1.758476
member,44346,6,6,1,1.348274,0.259688,0.259688,1.943616,1.467958,0.212335,-1.943616
member,22809,3,3,1,1.071129,0.342622,0.342622,1.920451,1.822961,0.515191,-1.920451
member,20507,3,5,0,2.339149,0.096410,0.431657,1.680046,0.332678,-1.499025,1.680046
member,45705,5,0,0,3.442608,0.031981,0.396039,1.821055,-0.684605,-2.516365,1.821055
member,21761,0,9,0,3.348398,0.035141,0.690039,1.127056,-0.543427,-2.977391,1.127056
member,21495,4,6,0,3.042843,0.047699,0.303324,1.876760,-0.090799,-1.849890,1.876760
member,11504,9,8,0,0.932525,0.393559,0.431830,1.077558,4.438360,-0.092803,1.077558
member,32456,2,2,1,1.547283,0.212825,0.212825,2.037769,0.853926,0.078484,-2.037769
member,44209,6,6,1,1.347072,0.260000,0.260000,1.857581,1.411148,0.085521,-1.857581
member,43812,3,4,0,1.512534,0.220351,0.353998,1.693621,2.039110,-0.474069,1.693621
member,18264,4,6,0,1.547405,0.212799,0.352730,1.768796,1.594476,-0.505351,1.768796
member,41114,1,1,1,0.944916,0.388712,0.388712,1.591250,2.247795,0.434712,-1.591250
member,20034,3,2,0,1.764859,0.171211,0.256238,2.056117,1.008959,-0.403209,2.056117
member,10075,9,0,0,1.292204,0.274665,0.549721,1.189220,1.872605,-0.693859,1.189220
member,37296,1,9,0,1.115945,0.327605,0.352881,1.642024,1.989018,-0.074322,1.642024
member,14276,5,7,0,2.077216,0.125278,0.252102,2.005095,0.906395,-0.699295,2.005095
member,35780,6,1,0,3.278309,0.037692,0.652538,1.355607,-0.088095,-2.851423,1.355607
member,16870,7,0,0,2.383374,0.092239,0.299944,1.776488,0.114713,-1.179214,1.776488
member,4229,0,0,1,0.223997,0.799318,0.799318,0.512962,8.754114,1.391851,-0.512962
member,49029,9,2,0,2.330727,0.097225,0.182713,2.122312,-0.174323,-0.630887,2.122312
member,167,5,2,0,1.821848,0.161727,0.347317,1.795063,1.419929,-0.764332,1.795063
member,14446,7,7,1,1.403995,0.245614,0.245614,2.024590,1.111915,0.230983,-2.024590
member,36716,6,5,0,1.978744,0.138243,0.325552,1.713931,1.895402,-0.856511,1.713931
member,36164,6,6,1,0.549593,0.577184,0.577184,1.320980,3.984052,1.163322,-1.320980
member,14473,2,0,0,2.713917,0.066277,0.730760,1.125879,-0.012352,-2.400247,1.125879
member,44426,0,0,1,0.961323,0.382387,0.382387,1.686032,2.354882,0.802083,-1.686032
member,46116,0,0,1,0.673127,0.510111,0.510111,1.673100,1.670222,1.661915,-1.673100
member,30625,6,6,1,1.123766,0.325053,0.325053,1.815355,1.934236,0.344813,-1.815355
member,9960,8,9,0,1.892463,0.150700,0.428001,1.721074,0.381910,-1.043833,1.721074
member,38722,2,7,0,1.571782,0.207675,0.335413,1.953089,0.365365,-0.479391,1.953089
member,28344,1,3,0,2.994749,0.050049,0.386051,1.803948,-0.331322,-2.042962,1.803948
member,16437,1,1,1,1.062257,0.345675,0.345675,1.835945,1.730944,0.449560,-1.835945
member,8853,0,9,0,2.535836,0.079195,0.198751,2.138157,-0.308803,-0.920135,2.138157
member,17363,2,6,0,1.888858,0.151244,0.263827,1.820883,1.668037,-0.556398,1.820883
member,4580,8,1,0,1.893742,0.150508,0.370829,1.820851,0.873760,-0.901728,1.820851
member,47303,9,9,1,0.534536,0.585941,0.585941,1.250453,2.009268,0.861872,-1.250453
member,44679,1,8,0,2.664490,0.069635,0.517767,1.466369,0.374527,-2.006260,1.466369
member,15192,6,2,0,1.713160,0.180295,0.389675,1.760653,1.466060,-0.770718,1.760653
member,31447,6,6,1,0.746285,0.474125,0.474125,1.592819,2.858064,0.852063,-1.592819
member,5525,7,2,0,1.818064,0.162340,0.279672,2.062921,0.532923,-0.543927,2.062921
member,39227,6,4,0,1.604881,0.200913,0.270524,1.968575,1.536622,-0.297488,1.968575
member,3467,1,3,0,1.301605,0.272095,0.338420,1.821133,1.702447,-0.218137,1.821133
member,15073,7,2,0,3.390188,0.033702,0.445663,1.539042,0.691766,-2.581995,1.539042
member,48705,9,9,1,0.413221,0.661516,0.661516,1.224151,2.732447,1.689254,-1.224151
member,13609,9,8,0,3.066161,0.046600,0.864819,0.588801,1.381022,-2.920926,0.588801
member,18785,9,3,0,1.446512,0.235390,0.274258,1.865330,1.518146,-0.152827,1.865330
member,39757,5,4,0,1.802939,0.164814,0.288246,1.728111,1.857815,-0.559000,1.728111
member,24216,8,9,0,0.933455,0.393193,0.399172,1.257035,2.767148,-0.015091,1.257035
member,33985,1,0,0,1.419731,0.241779,0.347367,1.745184,1.366371,-0.362356,1.745184
member,11625,3,2,0,1.751298,0.173549,0.311592,1.882691,0.863551,-0.585237,1.882691
member,12136,4,5,0,2.291337,0.101131,0.219754,2.076945,-0.304222,-0.776092,2.076945
member,12628,1,0,0,6.394438,0.001671,0.956061,0.230053,-0.449024,-6.349504,0.230053
member,28347,1,0,0,3.535498,0.029144,0.520737,1.152102,0.724691,-2.882987,1.152102
member,43511,9,7,0,2.113398,0.120827,0.344750,1.892386,0.724335,-1.048463,1.892386
member,5872,5,3,0,2.280361,0.102247,0.314197,1.803109,-0.004873,-1.122627,1.803109
member,48243,3,6,0,1.706907,0.181426,0.536357,1.441522,2.314704,-1.083951,1.441522
member,33981,7,7,1,0.914387,0.400762,0.400762,1.668001,2.586158,0.483344,-1.668001
member,31260,3,5,0,1.845355,0.157969,0.348145,1.649932,1.292948,-0.790220,1.649932
member,12292,1,9,0,3.920493,0.019831,0.585234,1.047462,0.325779,-3.384749,1.047462
member,42286,5,6,0,1.827379,0.160835,0.327418,1.773578,1.830065,-0.710860,1.773578
member,13664,4,6,0,2.067069,0.126556,0.333215,1.934152,0.805143,-0.968100,1.934152
member,12950,9,8,0,1.768142,0.170650,0.406472,1.707617,1.447427,-0.867903,1.707617
member,31756,0,0,1,0.272885,0.761180,0.761180,0.728091,4.540541,1.366354,-0.728091
member,14513,6,6,1,0.613952,0.541208,0.541208,1.403427,3.574183,1.201984,-1.403427
member,20457,2,2,1,1.280582,0.277876,0.277876,2.050733,1.493461,0.461506,-2.050733
member,41546,0,9,0,1.741184,0.175313,0.387729,1.730327,0.740980,-0.793735,1.730327
member,850,3,4,0,1.463108,0.231516,0.265365,1.854493,2.130586,-0.136459,1.854493
member,34767,9,8,0,2.467963,0.084757,0.252173,2.069133,-0.176387,-1.090322,2.069133
member,24912,6,2,0,1.560832,0.209961,0.229074,1.884850,1.183750,-0.087124,1.884850
member,17969,0,9,0,3.506633,0.029998,0.606905,1.466594,-1.109901,-3.007250,1.466594
member,28376,9,7,0,1.348441,0.259645,0.291629,1.662000,1.945854,-0.116167,1.662000
member,9889,1,8,0,3.936227,0.019522,0.474321,1.130708,-0.603047,-3.190357,1.130708
member,46455,7,5,0,2.659527,0.069981,0.262909,1.824029,0.575550,-1.323580,1.824029
member,38499,0,0,1,0.045020,0.955978,0.955978,0.243052,5.227708,4.135078,-0.243052
member,16247,5,3,0,1.567029,0.208664,0.272078,1.909884,1.385080,-0.265364,1.909884
member,8786,3,2,0,3.981166,0.018664,0.333395,1.867895,-1.863824,-2.882739,1.867895
member,35429,4,0,0,5.011908,0.006658,0.472711,1.432858,-1.446980,-4.262637,1.432858
member,19103,0,0,1,0.715390,0.489001,0.489001,1.656504,2.330815,1.220066,-1.656504
member,44142,3,5,0,1.680969,0.186193,0.292973,1.641370,2.273737,-0.453293,1.641370
member,14786,4,6,0,1.656582,0.190790,0.244870,1.991247,1.270973,-0.249556,1.991247
member,18216,3,6,0,2.558040,0.077456,0.398864,1.560816,1.502887,-1.638905,1.560816
member,29736,6,4,0,1.396001,0.247585,0.276608,1.875193,1.757350,-0.110848,1.875193
member,18194,5,9,0,2.606667,0.073780,0.365937,1.880330,-0.151443,-1.601372,1.880330
member,42355,7,7,1,0.857684,0.424143,0.424143,1.820433,2.145067,1.000490,-1.820433
member,20185,5,7,0,2.803670,0.060587,0.283254,2.033962,-0.130098,-1.542259,2.033962
member,38610,1,1,1,0.795548,0.451334,0.451334,1.790800,1.913816,1.267678,-1.790800
member,22655,7,9,0,1.602848,0.201322,0.243332,1.987603,0.686908,-0.189518,1.987603
member,31785,2,2,1,1.426150,0.240232,0.240232,1.880872,1.577236,0.014388,-1.880872
member,36666,6,6,1,0.843477,0.430212,0.430212,1.696711,2.771156,1.089828,-1.696711
member,44904,5,2,0,3.922209,0.019797,0.251112,2.016045,-1.247526,-2.540352,2.016045
member,6079,3,7,0,2.298853,0.100374,0.303884,2.049372,0.506904,-1.107743,2.049372
member,15555,3,6,0,2.827621,0.059153,0.297589,1.926535,0.018694,-1.615579,1.926535
member,48061,9,9,1,0.816266,0.442079,0.442079,1.459012,1.943937,0.610471,-1.459012
member,24407,9,9,1,0.546896,0.578744,0.578744,1.403942,2.164306,1.338404,-1.403942
member,44888,8,0,0,2.767479,0.062820,0.654664,0.919770,1.701255,-2.343846,0.919770
member,6424,5,0,0,5.394008,0.004544,0.465124,1.196002,-1.421053,-4.628557,1.196002
member,46202,2,6,0,2.494616,0.082528,0.159825,2.240792,-0.557205,-0.660937,2.240792
member,42284,7,6,0,2.066806,0.126589,0.251858,1.903839,1.086535,-0.687916,1.903839
member,45698,5,5,1,1.287225,0.276036,0.276036,1.947458,1.597748,0.028920,-1.947458
member,41460,0,0,1,1.143945,0.318560,0.318560,1.840919,1.337025,0.635716,-1.840919
member,28417,1,1,1,1.107995,0.330220,0.330220,1.988296,1.721413,0.713259,-1.988296
member,18150,5,6,0,1.739053,0.175687,0.382487,1.730127,1.838207,-0.777992,1.730127
member,30623,9,9,1,1.073469,0.341821,0.341821,1.735653,1.659545,0.405553,-1.735653
member,3150,7,8,0,2.624246,0.072494,0.363667,1.861309,0.121194,-1.612730,1.861309
member,18184,2,9,0,3.919782,0.019845,0.594200,1.160681,-0.479265,-3.399243,1.160681
member,26730,2,6,0,2.387704,0.091840,0.264884,1.894027,0.518799,-1.059242,1.894027
member,12514,5,1,0,2.134138,0.118347,0.187076,2.131059,0.087460,-0.457900,2.131059
member,36055,0,9,0,1.480430,0.227540,0.307250,1.936781,0.749586,-0.300336,1.936781
member,40832,2,5,0,2.364748,0.093973,0.377901,1.872870,0.285837,-1.391624,1.872870
member,34373,2,6,0,1.356581,0.257540,0.409855,1.530934,2.411124,-0.464630,1.530934
member,45452,6,6,1,0.973543,0.377742,0.377742,1.591741,2.785031,0.183863,-1.591741
member,34307,2,4,0,3.197453,0.040866,0.491519,1.342977,1.234012,-2.487199,1.342977
member,46161,7,6,0,2.726443,0.065452,0.263072,1.841757,0.245953,-1.391117,1.841757
member,37975,9,6,0,1.765904,0.171032,0.326880,1.989160,0.617990,-0.647741,1.989160
member,21232,0,9,0,3.414040,0.032908,0.237152,2.073998,-1.028440,-1.974988,2.073998
member,20326,3,1,0,2.072657,0.125851,0.207718,2.001776,0.853211,-0.501081,2.001776
member,27004,0,9,0,1.940399,0.143647,0.255463,1.969316,0.375802,-0.575720,1.969316
member,45593,9,9,1,0.233347,0.791879,0.791879,0.935275,2.977864,2.601615,-0.935275
member,25847,2,2,1,1.023610,0.359296,0.359296,1.740894,2.508469,0.641755,-1.740894
member,7439,3,0,0,2.472325,0.084388,0.215532,2.099154,-0.350486,-0.937680,2.099154
member,37340,4,4,1,0.520233,0.594382,0.594382,1.164451,4.507531,0.825513,-1.164451
member,10026,6,9,0,6.054358,0.002348,0.465193,1.670637,-3.539424,-5.289055,1.670637
member,20965,3,8,0,3.607278,0.027126,0.277488,1.770011,-0.603079,-2.325301,1.770011
member,7284,1,2,0,3.016497,0.048972,0.227347,1.983313,-0.193736,-1.535222,1.983313
member,30274,7,7,1,1.679742,0.186422,0.186422,2.013689,1.182461,0.105077,-2.013689
member,49967,8,2,0,4.765958,0.008515,0.228287,1.982083,-1.677230,-3.288806,1.982083
member,31158,1,0,0,2.751579,0.063827,0.317792,1.920659,-0.400197,-1.605222,1.920659
member,15617,8,9,0,1.497857,0.223609,0.371336,1.837318,1.372893,-0.507209,1.837318
member,9618,4,0,0,11.988408,0.000006,0.870957,0.416766,-4.895621,-11.850246,0.416766
member,28872,2,7,0,2.597221,0.074480,0.149595,2.229033,-0.521606,-0.697394,2.229033
member,37267,7,7,1,1.185722,0.305526,0.305526,2.003991,1.231415,0.649384,-2.003991
member,18810,1,1,1,0.874865,0.416918,0.416918,1.487962,2.599753,0.688017,-1.487962
member,32953,6,7,0,2.955303,0.052063,0.356717,1.862121,0.060269,-1.924491,1.862121
member,29893,0,0,1,0.819643,0.440589,0.440589,1.656661,1.397144,0.550133,-1.656661
member,32504,3,9,0,2.127403,0.119146,0.244314,2.035326,0.116638,-0.718101,2.035326
member,27731,1,9,0,2.479003,0.083827,0.641311,1.214342,0.669853,-2.034763,1.214342
member,31313,8,7,0,2.240910,0.106362,0.202031,2.140945,0.285879,-0.641575,2.140945
member,31844,3,5,0,1.386306,0.249997,0.262674,2.004751,1.402794,-0.049466,2.004751
member,4273,0,0,1,0.738226,0.477961,0.477961,1.442427,2.348549,0.431342,-1.442427
member,47403,4,6,0,1.223692,0.294142,0.338643,1.677971,2.819113,-0.140882,1.677971
member,23361,1,0,0,3.832719,0.021651,0.490775,1.045526,-0.308342,-3.120950,1.045526
member,2322,0,7,0,2.092925,0.123326,0.248768,2.121432,0.188287,-0.701692,2.121432
member,14972,3,2,0,2.147002,0.116834,0.183119,2.199907,-0.060533,-0.449385,2.199907
member,16451,6,4,0,2.693629,0.067635,0.299067,1.876250,0.357910,-1.486541,1.876250
member,14545,9,9,1,1.294960,0.273909,0.273909,1.656537,1.025434,0.066968,-1.656537
member,19313,1,4,0,2.875240,0.056403,0.360296,1.754749,0.948605,-1.854411,1.754749
member,23670,2,7,0,2.172626,0.113878,0.362815,1.847061,0.585049,-1.158765,1.847061
member,37049,0,0,1,0.955418,0.384651,0.384651,1.882325,0.993689,1.119498,-1.882325
member,45912,8,0,0,1.533348,0.215812,0.444177,1.682486,0.766879,-0.721815,1.682486
member,26319,6,6,1,0.986435,0.372904,0.372904,1.839350,1.614252,0.671635,-1.839350
member,33921,7,1,0,4.176008,0.015360,0.504439,1.613706,-0.712749,-3.491699,1.613706
member,6322,8,0,0,1.631566,0.195623,0.355782,1.899335,0.240181,-0.598130,1.899335
member,465,8,9,0,2.708758,0.066619,0.478049,1.566537,0.150608,-1.970715,1.566537
member,3253,2,6,0,2.442944,0.086905,0.430193,1.573138,1.557895,-1.599422,1.573138
member,10986,8,7,0,2.402936,0.090452,0.298169,1.952611,-0.046088,-1.192840,1.952611
member,14750,5,3,0,1.941686,0.143462,0.240251,2.096642,0.525351,-0.515614,2.096642
member,14784,9,9,1,1.054793,0.348265,0.348265,1.887095,1.243679,0.461846,-1.887095
member,564,0,8,0,1.636380,0.194683,0.253302,1.923455,0.958757,-0.263205,1.923455
member,43126,3,3,1,1.285039,0.276640,0.276640,1.922111,1.262859,0.126452,-1.922111
member,12724,2,2,1,1.180498,0.307126,0.307126,1.893270,1.038735,0.419742,-1.893270
member,33807,4,4,1,1.163249,0.312469,0.312469,1.750685,2.583558,0.308934,-1.750685
member,7298,2,6,0,2.028941,0.131475,0.456303,1.660447,1.386986,-1.244342,1.660447
member,25388,1,8,0,2.550132,0.078071,0.490029,1.488719,0.839303,-1.836840,1.488719
member,19685,6,6,1,0.234764,0.790758,0.790758,0.734699,5.438829,1.660246,-0.734699
member,34488,2,9,0,3.306356,0.036649,0.497240,1.478238,-0.881227,-2.607675,1.478238
member,37827,4,9,0,3.424296,0.032572,0.345828,1.829364,-1.038660,-2.362481,1.829364
member,3593,6,6,1,1.276997,0.278873,0.278873,2.013004,1.502344,0.462029,-2.013004
member,12400,8,8,1,0.768453,0.463730,0.463730,1.098976,3.779782,0.180721,-1.098976
member,29939,4,6,0,1.324243,0.266004,0.460228,1.431894,2.949012,-0.548211,1.431894
member,24854,6,3,0,2.799617,0.060833,0.359444,1.974825,-0.320581,-1.776421,1.974825
member,21775,9,9,1,0.736677,0.478702,0.478702,1.562499,1.998365,0.743888,-1.562499
member,38918,7,5,0,1.758233,0.172349,0.246376,2.108588,0.393849,-0.357335,2.108588
member,7525,2,6,0,2.613002,0.073314,0.418363,1.348111,1.902293,-1.741596,1.348111
member,8901,7,3,0,1.795639,0.166021,0.243713,2.037605,0.796747,-0.383877,2.037605
member,24778,4,6,0,1.987288,0.137067,0.388402,1.823154,0.763334,-1.041574,1.823154
member,40303,9,5,0,3.589858,0.027602,0.414951,1.653409,-0.281031,-2.710263,1.653409
member,39665,3,2,0,2.551278,0.077982,0.167969,2.163506,-0.558821,-0.767304,2.163506
member,31512,1,9,0,1.575637,0.206876,0.399526,1.731321,1.138302,-0.658160,1.731321
member,26722,0,0,1,0.060537,0.941259,0.941259,0.251425,6.531311,2.888866,-0.251425
member,11904,6,6,1,0.573254,0.563688,0.563688,1.449050,2.999558,1.557378,-1.449050
member,32149,0,9,0,1.310220,0.269761,0.378760,1.639827,0.465012,-0.339367,1.639827
member,48831,2,2,1,1.487663,0.225900,0.225900,2.048512,1.415806,0.198057,-2.048512
member,21257,8,0,0,0.899438,0.406798,0.572192,0.799066,3.946756,-0.341156,0.799066
member,43772,8,0,0,1.705199,0.181736,0.543339,1.518439,1.139881,-1.095178,1.518439
member,42846,5,2,0,2.001190,0.135174,0.277041,1.879494,1.344572,-0.717601,1.879494
member,32748,8,0,0,1.691177,0.184303,0.480564,1.379864,1.311485,-0.958381,1.379864
member,34535,9,9,1,1.509630,0.220992,0.220992,2.048700,1.068083,0.159800,-2.048700
member,31920,9,9,1,0.961869,0.382178,0.382178,1.688907,1.525952,0.276810,-1.688907
member,34536,3,5,0,1.927778,0.145471,0.216401,2.022292,0.965823,-0.397156,2.022292
member,9073,3,5,0,1.776049,0.169306,0.286149,1.763841,1.588053,-0.524807,1.763841
member,2338,9,9,1,0.925086,0.396497,0.396497,1.810514,1.780089,0.942423,-1.810514
member,17026,0,0,1,1.713864,0.180168,0.180168,2.192502,0.298789,0.088720,-2.192502
member,20214,1,9,0,2.718483,0.065975,0.571162,1.321957,0.416038,-2.158401,1.321957
member,10992,1,1,1,0.780650,0.458108,0.458108,1.760403,1.737817,1.524386,-1.760403
member,16339,3,3,1,0.520971,0.593944,0.593944,1.118772,3.493546,0.735556,-1.118772
member,49126,7,0,0,2.175732,0.113525,0.383730,1.807284,0.432728,-1.217916,1.807284
member,42627,9,9,1,0.980495,0.375125,0.375125,1.752657,1.688395,0.483578,-1.752657
member,43376,9,9,1,1.168052,0.310972,0.310972,1.878485,1.297993,0.277506,-1.878485
member,7270,5,0,0,1.763331,0.171473,0.275442,2.039832,0.122944,-0.473954,2.039832
member,26457,8,8,1,0.490903,0.612073,0.612073,1.398853,2.117933,1.630610,-1.398853
member,16281,8,1,0,3.802505,0.022315,0.544896,1.386755,-0.076455,-3.195343,1.386755
member,8726,2,7,0,4.306024,0.013487,0.708184,1.102936,-0.529683,-3.960973,1.102936
member,24192,3,6,0,2.643450,0.071116,0.337012,1.849782,0.372594,-1.555813,1.849782
member,29727,7,9,0,2.392996,0.091356,0.306218,1.990676,0.325109,-1.209538,1.990676
member,1566,2,1,0,2.596503,0.074534,0.343254,1.863038,0.291485,-1.527218,1.863038
member,43976,1,6,0,4.539055,0.010683,0.621077,1.269207,-0.248617,-4.062755,1.269207
member,11753,5,2,0,3.692105,0.024919,0.539152,1.542040,-0.561404,-3.074347,1.542040
member,37022,0,0,1,0.951069,0.386328,0.386328,1.687817,2.048635,0.463299,-1.687817
member,34920,6,6,1,0.601593,0.547938,0.547938,1.315511,4.119288,1.070645,-1.315511
member,13365,6,6,1,0.606437,0.545290,0.545290,1.255979,4.219894,0.669826,-1.255979
member,37398,8,2,0,4.387486,0.012432,0.279578,1.961882,-2.120689,-3.113010,1.961882
member,36168,4,9,0,2.706742,0.066754,0.231700,2.115409,-0.143891,-1.244429,2.115409
member,12425,3,6,0,2.184942,0.112484,0.283079,1.845190,0.776488,-0.922914,1.845190
member,644,1,9,0,1.801234,0.165095,0.312075,1.816388,0.627497,-0.636723,1.816388
member,1039,0,0,1,0.623572,0.536026,0.536026,1.165468,3.003303,0.544866,-1.165468
member,28076,4,1,0,3.866014,0.020942,0.650668,1.270167,-0.307919,-3.436258,1.270167
member,11214,7,7,1,0.286566,0.750837,0.750837,1.039052,3.629419,2.329008,-1.039052
member,332,0,9,0,3.111252,0.044545,0.508825,1.553159,-0.352312,-2.435600,1.553159
member,6483,5,3,0,1.841399,0.158595,0.264697,1.807640,1.778829,-0.512228,1.807640
member,45638,6,5,0,2.165949,0.114641,0.259388,1.821246,0.901202,-0.816518,1.821246
member,32732,3,5,0,1.295308,0.273814,0.333242,1.815347,0.982520,-0.196421,1.815347
member,8178,2,9,0,2.764522,0.063006,0.292482,1.998142,-0.123044,-1.535169,1.998142
member,16758,3,7,0,2.428207,0.088195,0.301815,1.966668,0.352858,-1.230265,1.966668
member,47721,3,0,0,2.698174,0.067328,0.235907,2.018058,-0.492356,-1.253857,2.018058
member,33287,8,9,0,1.576095,0.206781,0.478182,1.454991,1.776119,-0.838332,1.454991
member,45682,7,3,0,2.994281,0.050073,0.239629,1.953977,-0.447487,-1.565615,1.953977
member,47933,3,7,0,2.517955,0.080624,0.374701,1.997621,-0.269372,-1.536328,1.997621
member,35572,8,8,1,0.378486,0.684897,0.684897,0.928560,4.048362,1.193285,-0.928560
member,28809,4,4,1,0.831200,0.435526,0.435526,1.679702,2.666348,0.935857,-1.679702
member,20361,5,0,0,3.467077,0.031208,0.388713,1.537152,-0.535784,-2.522163,1.537152
member,4449,3,2,0,2.298324,0.100427,0.242885,2.057129,-0.037824,-0.883157,2.057129
member,47534,4,5,0,1.984840,0.137403,0.224184,2.068462,0.425068,-0.489550,2.068462
member,18203,0,8,0,0.917098,0.399677,0.548283,0.908917,4.156828,-0.316135,0.908917
member,18726,8,8,1,0.865318,0.420918,0.420918,1.519142,2.770072,0.504568,-1.519142
member,28131,3,5,0,1.938626,0.143901,0.253228,2.052007,0.460615,-0.565162,2.052007
member,12915,0,3,0,2.475270,0.084140,0.201994,2.171308,-0.594224,-0.875751,2.171308
member,46303,0,0,1,0.119796,0.887101,0.887101,0.449268,5.661430,2.370483,-0.449268
member,39061,4,4,1,1.230235,0.292224,0.292224,1.904752,1.997756,0.351337,-1.904752
member,15509,0,7,0,2.739491,0.064603,0.186829,2.235503,-0.311990,-1.061928,2.235503
member,16421,3,4,0,1.949321,0.142371,0.248268,1.926376,1.505335,-0.556073,1.926376
member,2574,0,8,0,1.657345,0.190645,0.491956,1.191797,2.853504,-0.947978,1.191797
member,38350,4,4,1,0.936708,0.391916,0.391916,1.527414,3.379069,0.213389,-1.527414
member,34002,0,8,0,0.861560,0.422502,0.429402,1.129125,3.506462,-0.016199,1.129125
member,10600,6,6,1,1.373539,0.253209,0.253209,1.985463,1.535590,0.476429,-1.985463
member,6936,3,9,0,1.907767,0.148411,0.415821,1.730531,0.910081,-1.030266,1.730531
member,34096,8,9,0,1.836682,0.159345,0.575852,1.250578,1.448647,-1.284777,1.250578
member,38822,1,9,0,1.287952,0.275835,0.372373,1.690974,2.025274,-0.300093,1.690974
member,30888,0,9,0,3.270370,0.037992,0.416575,1.170269,0.686634,-2.394681,1.170269
member,1498,7,7,1,0.466660,0.627093,0.627093,1.362090,2.508767,1.473294,-1.362090
member,29445,4,6,0,1.550106,0.212225,0.314987,1.864516,1.426212,-0.394884,1.864516
member,29517,2,6,0,1.895020,0.150315,0.332586,1.775372,1.650635,-0.794163,1.775372
member,32131,0,0,1,0.017970,0.982190,0.982190,0.105882,6.941727,4.340800,-0.105882
member,31914,7,6,0,2.837676,0.058562,0.243236,1.889876,0.236635,-1.423954,1.889876
member,20537,0,0,1,0.294538,0.744876,0.744876,0.860339,3.852484,1.618713,-0.860339
member,31679,4,9,0,3.295043,0.037066,0.388658,1.565288,-0.052302,-2.349988,1.565288
member,28406,9,9,1,0.228435,0.795778,0.795778,0.877272,3.171750,2.720720,-0.877272
member,49270,7,7,1,1.515164,0.219772,0.219772,2.030269,0.738639,0.058829,-2.030269
member,47068,0,0,1,0.644279,0.525041,0.525041,1.325384,2.537969,0.579316,-1.325384
member,28691,5,6,0,1.804575,0.164544,0.269692,1.814980,1.911157,-0.494101,1.814980
member,48329,9,6,0,3.774868,0.022940,0.426141,1.656478,-0.493926,-2.921882,1.656478
member,41820,4,4,1,1.079677,0.339705,0.339705,1.606987,2.977972,0.101443,-1.606987
member,13534,1,8,0,2.677423,0.068740,0.599403,1.250428,0.755634,-2.165601,1.250428
member,35458,6,2,0,1.463158,0.231504,0.250466,1.920225,1.474972,-0.078728,1.920225
member,4859,0,1,0,6.665635,0.001274,0.682060,1.181407,-2.981108,-6.282997,1.181407
member,30931,5,6,0,2.045983,0.129253,0.212577,2.075642,0.420748,-0.497531,2.075642
member,14074,1,3,0,2.094890,0.123084,0.282992,2.039264,0.522191,-0.832551,2.039264
member,39011,8,9,0,1.532271,0.216044,0.517310,1.433258,1.849690,-0.873158,1.433258
member,15444,3,7,0,2.792412,0.061273,0.219346,1.964245,0.395678,-1.275308,1.964245
member,42644,0,0,1,0.154602,0.856756,0.856756,0.660067,3.962453,2.931324,-0.660067
member,42824,9,9,1,1.436137,0.237845,0.237845,2.104318,0.793498,0.273627,-2.104318
member,484,4,6,0,2.138171,0.117870,0.373618,1.792987,0.946290,-1.153651,1.792987
member,40139,8,1,0,3.723036,0.024161,0.620317,1.357655,-0.941366,-3.245511,1.357655
member,35248,0,8,0,0.783857,0.456641,0.520978,0.808333,4.978132,-0.131810,0.808333
member,47552,6,6,1,1.157992,0.314116,0.314116,1.956476,1.598080,0.482670,-1.956476
member,35751,5,0,0,1.687276,0.185023,0.233346,1.893833,0.877861,-0.232043,1.893833
member,31134,3,3,1,0.697417,0.497870,0.497870,1.739278,2.139525,1.615201,-1.739278
member,19232,0,0,1,0.254949,0.774956,0.774956,0.937712,3.141985,2.540163,-0.937712
member,14475,9,7,0,1.257787,0.284282,0.360400,1.716874,1.638591,-0.237248,1.716874
member,29800,7,2,0,2.686995,0.068085,0.235856,2.111985,-0.432196,-1.242459,2.111985
member,31801,5,0,0,5.518430,0.004012,0.489717,0.999878,-0.885131,-4.804503,0.999878
member,24675,7,1,0,2.671690,0.069135,0.341767,1.829877,0.474990,-1.598064,1.829877
member,5236,1,9,0,1.858634,0.155885,0.467761,1.707088,0.799114,-1.098837,1.707088
member,28201,7,7,1,1.003591,0.366561,0.366561,1.529817,3.440099,0.129137,-1.529817
member,8042,8,9,0,1.324183,0.266020,0.455190,1.468588,1.525313,-0.537144,1.468588
member,3767,5,2,0,2.472856,0.084344,0.183868,2.184553,-0.041384,-0.779321,2.184553
member,31209,1,9,0,3.079663,0.045975,0.604115,1.077965,0.730700,-2.575672,1.077965
member,22329,0,5,0,3.042051,0.047737,0.260943,2.030427,-0.877158,-1.698598,2.030427
member,37277,2,4,0,1.741918,0.175184,0.265289,1.869472,1.666134,-0.414983,1.869472
member,29832,5,0,0,2.497190,0.082316,0.229876,1.971056,-0.492773,-1.026977,1.971056
member,7524,6,9,0,4.016168,0.018022,0.206774,2.035834,-1.950723,-2.440041,2.035834
member,6807,5,5,1,0.931838,0.393829,0.393829,1.518529,2.314711,0.330963,-1.518529
member,11098,6,5,0,3.328036,0.035863,0.407945,1.762915,-1.562052,-2.431413,1.762915
member,4729,7,4,0,2.230104,0.107517,0.333528,1.751868,1.519691,-1.132075,1.751868
member,6769,1,1,1,1.187899,0.304861,0.304861,1.863442,1.065538,0.414461,-1.863442
member,23257,6,6,1,0.755537,0.469758,0.469758,1.678742,2.733405,1.303938,-1.678742
member,9553,2,6,0,1.536050,0.215230,0.245870,1.902846,1.634470,-0.133098,1.902846
member,11910,1,9,0,1.274557,0.279555,0.399855,1.563981,1.359484,-0.357904,1.563981
member,25133,8,8,1,0.244988,0.782714,0.782714,0.729774,4.618857,1.700696,-0.729774
member,19366,6,6,1,0.554975,0.574087,0.574087,1.461489,3.005639,1.544759,-1.461489
member,16002,0,3,0,3.712090,0.024426,0.233795,2.022670,-1.096598,-2.258779,2.022670
member,1644,4,6,0,1.502942,0.222475,0.317392,1.750978,2.055433,-0.355325,1.750978
member,45780,1,9,0,2.119080,0.120142,0.223367,2.121399,0.086351,-0.620140,2.121399
member,20134,9,5,0,1.896857,0.150039,0.191087,2.078383,-0.330464,-0.241832,2.078383
member,28821,1,1,1,1.337373,0.262534,0.262534,1.982831,1.390917,0.258669,-1.982831
member,27636,1,9,0,1.514892,0.219832,0.273600,1.994746,0.573993,-0.218803,1.994746
member,40657,5,7,0,2.002644,0.134978,0.316075,2.056716,0.235450,-0.850870,2.056716
member,3279,7,4,0,2.346494,0.095704,0.485043,1.644402,0.813917,-1.622976,1.644402
member,43953,3,1,0,1.877059,0.153040,0.362827,1.805895,1.418728,-0.863230,1.805895
member,39537,6,4,0,2.161099,0.115198,0.320089,1.823081,0.775658,-1.021943,1.823081
member,44980,3,6,0,2.692045,0.067742,0.655245,1.256506,1.133211,-2.269299,1.256506
member,22665,0,1,0,1.831464,0.160179,0.289443,1.978088,0.581384,-0.591668,1.978088
member,8248,8,9,0,1.674470,0.187407,0.581991,1.257561,1.305991,-1.133170,1.257561
member,16166,5,5,1,1.348256,0.259693,0.259693,2.045977,1.465596,0.287774,-2.045977
member,31708,5,3,0,3.088969,0.045549,0.223534,1.975003,-0.437957,-1.590777,1.975003
member,37417,3,9,0,3.960099,0.019061,0.288061,1.923675,-0.960974,-2.715516,1.923675
member,38542,1,7,0,2.067622,0.126486,0.299801,1.993769,0.711469,-0.862985,1.993769
member,38705,2,0,0,2.422508,0.088699,0.576143,1.490992,0.074387,-1.871109,1.490992
member,40564,9,0,0,0.889065,0.411040,0.429188,1.287751,1.670526,-0.043205,1.287751
member,26084,6,4,0,1.029476,0.357194,0.370485,1.556214,2.583365,-0.036534,1.556214
member,17004,8,9,0,2.764494,0.063008,0.267758,2.083828,-0.704118,-1.446822,2.083828
member,42436,6,6,1,1.105994,0.330882,0.330882,1.987658,1.442637,0.937535,-1.987658
member,6705,9,1,0,1.303766,0.271507,0.341436,1.665936,0.621922,-0.229170,1.665936
member,10172,8,8,1,0.742100,0.476113,0.476113,1.435788,2.224124,0.488738,-1.435788
member,22085,6,1,0,4.470685,0.011439,0.409025,1.703782,-1.547876,-3.576706,1.703782
member,48743,9,9,1,0.452436,0.636077,0.636077,1.115390,3.135532,1.312185,-1.115390
member,5152,5,7,0,2.794494,0.061146,0.346689,1.795593,-0.207467,-1.735167,1.795593
member,13059,2,9,0,1.875671,0.153252,0.183544,2.109647,0.705801,-0.180369,2.109647
member,17721,5,3,0,1.985702,0.137284,0.422506,1.711234,1.320232,-1.124149,1.711234
member,42213,9,8,0,1.275778,0.279214,0.540817,1.149238,3.409478,-0.661104,1.149238
member,24801,3,6,0,2.214053,0.109257,0.491430,1.683686,0.613573,-1.503617,1.683686
member,20155,1,1,1,0.429491,0.650840,0.650840,1.312511,3.440050,1.714120,-1.312511
member,5146,1,9,0,3.087039,0.045637,0.354522,1.684461,-0.409699,-2.050053,1.684461
member,32729,9,1,0,1.948981,0.142419,0.236642,2.038039,0.124503,-0.507773,2.038039
member,49252,4,4,1,1.070661,0.342782,0.342782,1.692054,2.360829,0.287331,-1.692054
member,49476,7,7,1,1.150298,0.316542,0.316542,1.792843,1.581880,0.107409,-1.792843
member,39442,8,8,1,0.742040,0.476141,0.476141,1.237828,2.494049,0.301917,-1.237828
member,43120,5,3,0,2.055751,0.127997,0.394140,1.834056,0.846576,-1.124701,1.834056
member,18576,5,0,0,3.733824,0.023901,0.624907,1.250357,-0.685000,-3.263671,1.250357
member,41584,7,4,0,2.883125,0.055960,0.428598,1.553137,1.205763,-2.035890,1.553137
member,35108,7,9,0,1.944873,0.143005,0.342609,1.996170,0.051460,-0.873708,1.996170
member,36717,9,9,1,0.744315,0.475060,0.475060,1.222080,2.920966,0.341438,-1.222080
member,20616,1,3,0,2.133007,0.118481,0.226703,2.117913,0.207526,-0.648891,2.117913
member,17768,3,6,0,1.719638,0.179131,0.283970,1.778922,1.786657,-0.460750,1.778922
member,16397,0,0,1,0.043102,0.957814,0.957814,0.181592,8.872943,3.155545,-0.181592
member,1232,9,1,0,2.688677,0.067971,0.478747,1.653534,0.347073,-1.952093,1.653534
member,40279,1,8,0,2.631866,0.071944,0.684592,1.108375,0.984412,-2.252934,1.108375
member,11069,8,8,1,0.230756,0.793933,0.793933,0.682609,6.193451,1.767309,-0.682609
member,32393,5,5,1,1.222759,0.294417,0.294417,2.017854,1.298455,0.588195,-2.017854
member,9430,0,9,0,2.208660,0.109848,0.282735,2.076842,-0.031390,-0.945415,2.076842
member,17863,3,2,0,1.982347,0.137746,0.269149,1.904877,0.588727,-0.669857,1.904877
member,34417,0,0,1,0.040131,0.960664,0.960664,0.186718,6.334116,3.327114,-0.186718
member,44844,4,6,0,1.384916,0.250345,0.441653,1.532374,2.683026,-0.567685,1.532374
member,27616,9,6,0,1.872653,0.153715,0.221430,1.999173,0.375535,-0.365006,1.999173
member,13034,9,4,0,3.388191,0.033770,0.285659,1.829758,-0.119452,-2.135234,1.829758
member,1603,3,4,0,1.487128,0.226021,0.350914,1.585148,2.415689,-0.439914,1.585148
member,25036,9,4,0,4.475778,0.011381,0.470667,1.647688,-0.914353,-3.722174,1.647688
member,43368,0,0,1,0.006055,0.993963,0.993963,0.040491,8.835549,5.280799,-0.040491
member,8537,7,5,0,2.172160,0.113931,0.268264,2.041246,-0.129345,-0.856376,2.041246
member,28601,9,1,0,1.936976,0.144139,0.388205,1.934168,0.675783,-0.990754,1.934168
member,30644,6,6,1,0.942479,0.389661,0.389661,1.617008,2.880115,0.429152,-1.617008
member,37321,2,4,0,2.900844,0.054977,0.298212,1.805009,1.156292,-1.690892,1.805009
member,17284,1,0,0,2.471100,0.084492,0.370008,1.896009,-0.085543,-1.476870,1.896009
member,8375,4,6,0,1.777151,0.169119,0.425294,1.701606,1.544260,-0.922176,1.701606
member,32582,2,6,0,1.527413,0.217097,0.305814,1.799389,1.697870,-0.342635,1.799389
member,49232,1,1,1,1.114383,0.328118,0.328118,1.888693,1.712291,0.513585,-1.888693
member,15350,9,1,0,1.076523,0.340778,0.354464,1.553316,1.488613,-0.039374,1.553316
member,42885,9,8,0,2.003589,0.134850,0.321675,1.778688,0.768189,-0.869377,1.778688
member,33626,8,0,0,1.132682,0.322168,0.458056,1.379099,1.850649,-0.351919,1.379099
member,1536,6,6,1,1.494893,0.224273,0.224273,1.879034,1.649018,0.029604,-1.879034
member,42911,9,9,1,1.185607,0.305561,0.305561,1.853274,0.867351,0.249585,-1.853274
member,21190,5,7,0,2.357540,0.094653,0.449670,1.770080,0.319406,-1.558298,1.770080
member,1181,8,8,1,0.140536,0.868892,0.868892,0.453388,8.431011,2.089254,-0.453388
member,6583,2,6,0,1.193036,0.303299,0.329396,1.628876,2.787147,-0.082542,1.628876
member,11499,4,6,0,2.521769,0.080317,0.452166,1.608897,0.921162,-1.728063,1.608897
member,30780,9,9,1,0.370694,0.690255,0.690255,1.122589,2.789803,1.820445,-1.122589
member,10126,3,5,0,1.353769,0.258265,0.433016,1.408793,3.057298,-0.516788,1.408793
member,13022,7,9,0,3.043766,0.047655,0.273622,1.993092,-0.594613,-1.747756,1.993092
member,34212,8,9,0,1.100275,0.332780,0.468936,1.267813,2.079847,-0.342985,1.267813
member,48907,3,4,0,2.610282,0.073514,0.488003,1.466753,1.750614,-1.892848,1.466753
member,21228,6,6,1,1.522582,0.218148,0.218148,1.934724,1.300231,0.090680,-1.934724
member,4455,2,8,0,2.840220,0.058413,0.336356,1.707581,-0.108765,-1.750636,1.707581
member,8440,2,2,1,0.617020,0.539550,0.539550,1.421508,3.532525,1.194366,-1.421508
member,5712,2,4,0,1.677278,0.186882,0.212581,1.938927,1.444065,-0.128845,1.938927
member,27662,3,1,0,1.916142,0.147174,0.188789,2.152338,0.840820,-0.249015,2.152338
member,19824,9,9,1,0.749483,0.472611,0.472611,1.422427,1.998303,0.501572,-1.422427
member,31175,6,6,1,0.390085,0.677000,0.677000,1.159857,4.114971,1.984034,-1.159857
member,11709,0,5,0,2.036552,0.130478,0.212787,2.128727,-0.207857,-0.489088,2.128727
member,15719,6,6,1,0.883304,0.413415,0.413415,1.545591,2.853271,0.284933,-1.545591
member,20475,1,1,1,0.920271,0.398411,0.398411,1.894946,1.603407,0.965527,-1.894946
member,18424,0,0,1,0.271648,0.762123,0.762123,0.915257,3.519477,2.020650,-0.915257
member,9549,1,2,0,1.927650,0.145490,0.220723,2.102100,0.639408,-0.416802,2.102100
member,43965,0,0,1,0.240138,0.786519,0.786519,0.709391,4.503026,1.557761,-0.709391
member,31206,7,2,0,2.035902,0.130563,0.264420,1.992125,0.709473,-0.705684,1.992125
member,12967,0,0,1,0.042231,0.958648,0.958648,0.215496,6.239122,3.605967,-0.215496
member,41470,2,9,0,2.533334,0.079394,0.334579,1.864543,-0.445338,-1.438452,1.864543
member,46710,8,8,1,0.269732,0.763584,0.763584,0.777786,4.798096,1.778660,-0.777786
member,9293,3,2,0,1.902983,0.149123,0.286753,2.017333,0.677616,-0.653849,2.017333
member,38335,0,0,1,0.044344,0.956625,0.956625,0.233979,5.444100,3.884669,-0.233979
member,18614,0,0,1,0.224078,0.799253,0.799253,0.826539,3.014417,2.647496,-0.826539
member,38274,8,3,0,2.765408,0.062950,0.444631,1.631896,0.687241,-1.954897,1.631896
member,4519,3,4,0,3.426332,0.032506,0.341903,1.554198,0.763496,-2.353106,1.554198
member,22109,0,0,1,0.411355,0.662752,0.662752,1.248132,2.476238,1.640980,-1.248132
member,42242,5,3,0,1.847249,0.157670,0.270397,1.825328,1.471165,-0.539383,1.825328
member,18222,3,2,0,2.030844,0.131225,0.359489,1.932268,0.176596,-1.007771,1.932268
member,45395,3,1,0,2.109726,0.121271,0.219522,2.147272,0.347262,-0.593421,2.147272
member,4884,5,6,0,1.553497,0.211507,0.222833,1.933829,1.549328,-0.052162,1.933829
member,4506,7,7,1,0.478921,0.619451,0.619451,1.390129,2.718561,1.548568,-1.390129
member,42663,1,1,1,0.849342,0.427696,0.427696,1.566096,1.813149,0.711474,-1.566096
member,25811,7,2,0,2.656462,0.070196,0.278669,1.857901,0.335219,-1.378729,1.857901
member,11124,6,6,1,0.766967,0.464420,0.464420,1.620163,2.593194,0.821442,-1.620163
member,664,9,1,0,1.679634,0.186442,0.219865,1.967653,1.361314,-0.164893,1.967653
member,19130,2,0,0,1.727148,0.177791,0.384920,1.721681,0.926552,-0.772428,1.721681
member,40410,1,0,0,3.205757,0.040528,0.268115,1.878638,-1.302014,-1.889417,1.878638
member,18299,0,0,1,0.769758,0.463125,0.463125,1.109724,3.206631,0.068365,-1.109724
member,6684,3,5,0,2.606731,0.073775,0.290767,1.992735,-0.049300,-1.371500,1.992735
member,501,8,1,0,2.553129,0.077838,0.263941,2.076503,-0.493977,-1.221099,2.076503
member,28098,1,2,0,3.112658,0.044483,0.360753,1.832286,-0.950910,-2.093096,1.832286
member,44871,9,9,1,1.266318,0.281868,0.281868,2.005387,0.919229,0.518038,-2.005387
member,32650,4,2,0,2.128808,0.118979,0.246471,2.100548,0.145856,-0.728296,2.100548
member,41288,8,8,1,0.583508,0.557938,0.557938,1.093583,3.327708,0.849380,-1.093583
member,33570,8,8,1,1.081308,0.339152,0.339152,1.803170,1.643463,0.334668,-1.803170
member,31892,5,6,0,2.709415,0.066576,0.245021,1.888136,0.336775,-1.303002,1.888136
member,49650,7,9,0,2.708840,0.066614,0.525801,1.425057,0.391688,-2.066006,1.425057
member,48951,2,2,1,1.347412,0.259912,0.259912,2.012348,1.567105,0.249529,-2.012348
member,18087,5,4,0,2.888870,0.055639,0.596932,1.196231,1.501609,-2.372918,1.196231
member,11178,0,7,0,4.770673,0.008475,0.217827,2.095693,-1.998799,-3.246618,2.095693
member,19602,5,3,0,1.646161,0.192789,0.307242,2.001884,0.937775,-0.466041,2.001884
member,13251,5,8,0,5.854808,0.002866,0.738644,0.896200,-1.669469,-5.551868,0.896200
member,16416,2,5,0,2.082502,0.124618,0.155033,2.228798,-0.023374,-0.218385,2.228798
member,23206,5,2,0,2.198104,0.111013,0.186270,2.153426,-0.437247,-0.517544,2.153426
member,39880,5,0,0,1.582426,0.205476,0.222279,1.977599,0.296354,-0.078603,1.977599
member,39375,3,1,0,2.252516,0.105134,0.294998,1.955998,1.076423,-1.031730,1.955998
member,11436,2,7,0,2.627909,0.072229,0.446358,1.539341,1.430424,-1.821275,1.539341
member,45269,5,5,1,0.756240,0.469428,0.469428,1.603658,2.460456,0.916730,-1.603658
member,29463,5,2,0,1.678593,0.186636,0.210243,2.103311,0.844742,-0.119103,2.103311
member,6736,1,0,0,3.072896,0.046287,0.429404,1.799117,-0.966464,-2.227538,1.799117
member,20686,0,0,1,0.460129,0.631202,0.631202,1.305177,2.428566,1.669826,-1.305177
member,17049,4,2,0,1.675215,0.187268,0.320491,1.794261,1.175481,-0.537314,1.794261
member,45511,5,6,0,2.359819,0.094437,0.346721,1.679751,1.508039,-1.300585,1.679751
member,4844,5,6,0,2.747015,0.064119,0.560397,1.472665,1.158258,-2.167905,1.472665
member,3272,7,7,1,0.517096,0.596250,0.596250,1.440132,2.586742,1.832118,-1.440132
member,32713,0,0,1,0.896829,0.407861,0.407861,1.815424,1.323899,0.974219,-1.815424
member,33177,3,1,0,3.123508,0.044003,0.343519,1.948285,-0.599877,-2.054994,1.948285
member,49770,3,3,1,1.133491,0.321908,0.321908,1.884123,1.401495,0.169602,-1.884123
member,31807,7,0,0,2.978542,0.050867,0.612261,1.243781,0.432891,-2.487945,1.243781
member,33269,5,6,0,1.392202,0.248528,0.276919,1.905226,1.766736,-0.108172,1.905226
member,16095,7,9,0,1.738318,0.175816,0.303478,1.947332,0.307495,-0.545874,1.947332
member,8904,7,9,0,2.386674,0.091935,0.378869,1.905161,-0.250736,-1.416111,1.905161
member,8406,8,9,0,1.358841,0.256958,0.261998,1.895929,0.438599,-0.019421,1.895929
member,5012,2,6,0,1.823196,0.161509,0.184801,2.121972,0.668460,-0.134721,2.121972
member,4243,3,6,0,1.585991,0.204745,0.335696,1.851329,1.831877,-0.494441,1.851329
member,15418,8,2,0,5.980854,0.002527,0.396229,1.743793,-2.931813,-5.055092,1.743793
member,41123,7,6,0,3.238626,0.039218,0.610239,1.319824,0.552275,-2.744721,1.319824
member,29755,5,6,0,2.751430,0.063837,0.219087,1.999379,0.344540,-1.233143,1.999379
member,32163,9,9,1,0.448762,0.638418,0.638418,1.301973,2.474311,1.780653,-1.301973
member,31979,2,0,0,2.180090,0.113031,0.266475,1.925842,0.121133,-0.857614,1.925842
member,36443,8,8,1,0.994994,0.369726,0.369726,1.963804,1.590012,0.823370,-1.963804
member,16481,4,6,0,2.024725,0.132030,0.576065,1.376920,2.089772,-1.473190,1.376920
member,1114,9,9,1,0.330429,0.718615,0.718615,1.105180,3.038618,2.070687,-1.105180
member,14875,5,3,0,2.622352,0.072632,0.323817,1.969389,-0.421800,-1.494773,1.969389
member,6266,4,6,0,1.725805,0.178030,0.428107,1.537188,2.091031,-0.877423,1.537188
member,39208,1,1,1,0.797296,0.450545,0.450545,1.714090,1.687208,0.994378,-1.714090
member,32426,8,5,0,3.263959,0.038237,0.403495,1.952934,-0.518708,-2.356368,1.952934
member,11917,6,6,1,0.667989,0.512739,0.512739,1.418367,3.776211,0.846267,-1.418367
member,23180,6,2,0,1.631993,0.195540,0.215541,1.876894,1.208243,-0.097386,1.876894
member,41353,3,3,1,1.227620,0.292989,0.292989,1.838423,1.832403,0.268508,-1.838423
member,35148,2,6,0,1.722709,0.178582,0.414832,1.638320,1.817572,-0.842826,1.638320
member,30572,2,0,0,5.697715,0.003354,0.909136,0.328814,2.579582,-5.602455,0.328814
member,47806,8,9,0,2.631221,0.071990,0.277636,1.991787,-0.284731,-1.349776,1.991787
member,45285,7,8,0,3.461493,0.031383,0.453716,1.317827,-0.134579,-2.671210,1.317827
member,42790,6,4,0,2.265949,0.103732,0.300440,1.900308,1.262514,-1.063441,1.900308
member,20996,2,6,0,2.021045,0.132517,0.260512,2.122672,0.141769,-0.675938,2.122672
member,34298,4,1,0,3.500002,0.030197,0.393348,1.887464,-0.934048,-2.566941,1.887464
member,22048,1,1,1,0.898600,0.407139,0.407139,1.884180,1.586820,1.081486,-1.884180
member,2528,4,8,0,5.205888,0.005484,0.484255,1.100897,-1.240515,-4.480744,1.100897
member,30518,4,9,0,3.873001,0.020796,0.573909,1.423037,-1.298315,-3.317717,1.423037
member,29540,0,0,1,0.163922,0.848808,0.848808,0.642074,3.668215,2.520543,-0.642074
member,27440,0,9,0,3.979412,0.018697,0.749724,1.032450,-0.471729,-3.691361,1.032450
member,43854,1,7,0,3.562228,0.028376,0.421239,1.839135,-0.418784,-2.697674,1.839135
member,26938,8,0,0,2.699785,0.067220,0.616174,1.004979,0.719216,-2.215559,1.004979
member,2984,5,5,1,1.353855,0.258243,0.258243,1.912620,2.013030,0.143668,-1.912620
member,14773,4,1,0,2.533466,0.079383,0.358219,1.841360,0.653652,-1.506855,1.841360
member,27927,6,6,1,0.475304,0.621696,0.621696,1.264579,3.146848,1.487207,-1.264579
member,22425,3,3,1,1.076637,0.340740,0.340740,1.833682,2.587420,0.511397,-1.833682
member,26389,7,7,1,1.553474,0.211512,0.211512,2.148995,0.966675,0.356542,-2.148995
member,42168,2,7,0,2.453398,0.086001,0.236595,1.854217,0.356563,-1.011994,1.854217
member,45902,4,4,1,0.644770,0.524783,0.524783,1.578930,3.036251,1.620826,-1.578930
member,19185,1,9,0,1.581031,0.205763,0.270326,1.901954,0.935300,-0.272904,1.901954
member,18986,5,3,0,2.000787,0.135229,0.253271,1.985674,1.090925,-0.627492,1.985674
member,29620,0,8,0,2.944222,0.052643,0.598951,1.320136,-0.190298,-2.431646,1.320136
member,20560,2,7,0,1.906763,0.148561,0.338724,1.855050,1.069185,-0.824194,1.855050
member,35149,0,0,1,0.401687,0.669190,0.669190,0.847021,4.483952,0.868031,-0.847021
member,24234,9,9,1,0.910098,0.402485,0.402485,1.594174,1.337919,0.502713,-1.594174
member,15433,7,4,0,1.885796,0.151708,0.256343,1.827223,1.906115,-0.524557,1.827223
member,2863,0,0,1,0.826447,0.437601,0.437601,1.520523,1.894320,0.876172,-1.520523
member,23219,8,0,0,1.100131,0.332827,0.437663,1.448054,1.649761,-0.273825,1.448054
member,16662,2,1,0,1.830402,0.160349,0.248662,2.085407,0.679499,-0.438742,2.085407
member,15767,0,9,0,1.625295,0.196854,0.452400,1.551049,0.989433,-0.832106,1.551049
member,14478,2,5,0,3.097510,0.045162,0.444157,1.835923,-0.471116,-2.285933,1.835923
member,9955,9,9,1,0.438535,0.644981,0.644981,1.266269,2.893583,1.484528,-1.266269
member,31402,3,7,0,2.498733,0.082189,0.279222,1.897873,0.295019,-1.222986,1.897873
member,21049,3,5,0,1.217298,0.296029,0.296812,1.761981,1.322120,-0.002641,1.761981
member,34969,4,6,0,1.321380,0.266767,0.323007,1.671308,2.796876,-0.191299,1.671308
member,24268,1,1,1,0.857479,0.424230,0.424230,1.485233,2.181039,0.239474,-1.485233
member,23204,7,9,0,1.351058,0.258966,0.320298,1.888604,1.265450,-0.212555,1.888604
member,3377,4,7,0,2.070789,0.126086,0.172741,2.219183,0.544576,-0.314829,2.219183
member,1599,1,1,1,1.043620,0.352178,0.352178,1.726225,1.464871,0.307917,-1.726225
member,476,3,2,0,2.191340,0.111767,0.302386,1.928689,0.689495,-0.995288,1.928689
member,10798,0,3,0,5.620495,0.003623,0.348595,1.723406,-2.209502,-4.566652,1.723406
member,8639,4,6,0,0.953968,0.385209,0.438459,1.284524,3.828396,-0.129479,1.284524
member,22142,0,1,0,1.781967,0.168307,0.178273,2.153171,0.709542,-0.057527,2.153171
member,22182,9,1,0,1.376719,0.252405,0.392521,1.690559,1.530622,-0.441554,1.690559
member,9932,1,9,0,1.486454,0.226173,0.397054,1.728032,0.797372,-0.562771,1.728032
member,21046,5,0,0,2.766386,0.062889,0.424740,1.661274,-0.604661,-1.910108,1.661274
member,45442,8,0,0,3.273985,0.037855,0.354053,1.772527,-1.195590,-2.235677,1.772527
member,36231,0,0,1,0.884511,0.412916,0.412916,1.710144,1.679102,0.528987,-1.710144
member,43952,7,9,0,2.649947,0.070655,0.470702,1.444849,0.466709,-1.896416,1.444849
member,38326,0,0,1,0.020998,0.979221,0.979221,0.105536,8.598431,3.895082,-0.105536
member,38592,2,3,0,2.861560,0.057179,0.230753,1.889046,0.726257,-1.395151,1.889046
member,17781,1,2,0,1.791078,0.166780,0.237161,1.976184,0.905156,-0.352061,1.976184
member,29875,1,1,1,0.689406,0.501874,0.501874,1.546049,2.720769,0.813740,-1.546049
member,31070,8,2,0,3.185921,0.041340,0.377556,1.800135,-0.211422,-2.211884,1.800135
member,22256,6,4,0,1.217080,0.296094,0.296644,1.756108,2.547258,-0.001857,1.756108
member,9459,1,9,0,1.597833,0.202335,0.338779,1.686366,0.831072,-0.515426,1.686366
member,10665,6,6,1,0.690042,0.501555,0.501555,1.512731,2.983232,0.788294,-1.512731
member,8331,4,6,0,1.532368,0.216024,0.413774,1.691927,1.940475,-0.649932,1.691927
member,25865,7,1,0,3.246591,0.038907,0.425213,1.733494,-0.197514,-2.391425,1.733494
member,48001,0,0,1,0.538018,0.583905,0.583905,1.456646,1.752771,1.778064,-1.456646
member,17554,6,3,0,1.923728,0.146061,0.241241,2.029698,0.830625,-0.501770,2.029698
member,38886,5,7,0,2.005345,0.134614,0.174846,2.186413,0.263795,-0.261493,2.186413
member,28590,4,5,0,1.955955,0.141429,0.253632,1.892353,0.713993,-0.584085,1.892353
member,15302,9,9,1,1.239397,0.289559,0.289559,1.904892,1.100369,0.361098,-1.904892
member,27980,2,5,0,2.088713,0.123846,0.207258,2.115102,-0.317749,-0.514924,2.115102
member,19593,9,9,1,1.484383,0.226642,0.226642,2.153504,0.427427,0.609431,-2.153504
member,11839,4,6,0,1.930840,0.145026,0.373917,1.718843,1.454479,-0.947119,1.718843
member,19062,7,4,0,1.903275,0.149080,0.284448,2.021707,0.800090,-0.646069,2.021707
member,26700,5,2,0,2.977248,0.050933,0.260013,2.030796,-0.097601,-1.630225,2.030796
member,39868,3,7,0,2.097194,0.122801,0.191076,2.097034,0.407301,-0.442109,2.097034
member,18826,6,6,1,0.951886,0.386012,0.386012,1.715272,2.731143,0.787440,-1.715272
member,44782,8,1,0,2.413896,0.089466,0.593927,1.211123,1.349968,-1.892897,1.211123
member,13473,0,8,0,0.995303,0.369612,0.383083,1.520772,1.483230,-0.035800,1.520772
member,1811,0,0,1,0.855726,0.424975,0.424975,1.755666,1.468834,0.925147,-1.755666
member,5576,2,4,0,1.387832,0.249616,0.333391,1.786852,1.599787,-0.289394,1.786852
member,13604,5,7,0,2.149134,0.116585,0.186232,2.143362,0.365523,-0.468372,2.143362
member,45814,5,7,0,2.072796,0.125833,0.376797,1.838985,0.463812,-1.096749,1.838985
member,19287,2,7,0,3.081870,0.045873,0.614730,1.389351,0.018721,-2.595298,1.389351
member,45444,1,9,0,2.085674,0.124223,0.425483,1.539964,0.516138,-1.231145,1.539964
member,2213,4,4,1,1.674910,0.187325,0.187325,2.109615,0.527341,0.155040,-2.109615
member,27630,4,0,0,6.392840,0.001673,0.628752,1.291731,-3.491342,-5.928823,1.291731
member,43904,2,6,0,2.276855,0.102606,0.615228,1.328071,1.789725,-1.791093,1.328071
member,30731,2,0,0,4.754571,0.008612,0.816810,0.579486,0.441201,-4.552222,0.579486
member,21255,7,0,0,2.579299,0.075827,0.215137,2.073028,-0.463716,-1.042820,2.073028
member,22982,1,9,0,1.758389,0.172322,0.353033,1.888536,0.378774,-0.717196,1.888536
member,16039,7,6,0,1.966770,0.139908,0.266779,1.915425,1.120851,-0.645434,1.915425
member,2672,4,2,0,3.997853,0.018355,0.216802,2.141003,-1.491141,-2.469082,2.141003
member,29363,2,2,1,1.369634,0.254200,0.254200,2.140203,0.509412,0.413906,-2.140203
member,2608,7,0,0,4.515955,0.010933,0.413699,1.548393,-2.116253,-3.633338,1.548393
member,20496,3,6,0,3.633195,0.026432,0.439908,1.527177,0.049305,-2.812006,1.527177
member,47608,8,0,0,2.238935,0.106572,0.637969,1.067374,1.975552,-1.789470,1.067374
member,5159,6,6,1,0.736630,0.478724,0.478724,1.191069,3.986334,0.255194,-1.191069
member,39381,5,2,0,1.961214,0.140688,0.267833,2.081347,-0.016124,-0.643823,2.081347
member,35576,1,1,1,0.976433,0.376652,0.376652,1.663787,2.203743,0.335245,-1.663787
member,34234,0,0,1,0.727504,0.483114,0.483114,1.652205,1.393154,1.068241,-1.652205
member,32777,8,8,1,0.555963,0.573519,0.573519,1.091276,3.396305,0.587200,-1.091276
member,11401,4,9,0,2.513399,0.080992,0.505003,1.695638,0.009357,-1.830207,1.695638
member,10504,9,0,0,4.420370,0.012030,0.736891,1.073574,-0.577497,-4.115054,1.073574
member,33526,3,2,0,2.218463,0.108776,0.536346,1.606062,0.690715,-1.595488,1.606062
member,41589,3,1,0,1.647373,0.192555,0.201827,2.027344,1.021575,-0.047027,2.027344
member,5754,4,6,0,2.317279,0.098541,0.377804,1.622365,1.080697,-1.343900,1.622365
member,44770,0,0,1,0.644598,0.524874,0.524874,1.457628,2.770235,1.165803,-1.457628
member,22011,3,4,0,1.495066,0.224234,0.320124,1.730762,2.192705,-0.356020,1.730762
member,45388,9,9,1,1.153527,0.315522,0.315522,1.961186,0.939697,0.613191,-1.961186
member,20937,1,1,1,0.866056,0.420607,0.420607,1.765056,1.789451,1.077783,-1.765056
member,21934,6,6,1,0.756323,0.469389,0.469389,1.605853,2.613455,1.049623,-1.605853
member,8034,6,6,1,1.162783,0.312615,0.312615,1.813859,1.859807,0.266078,-1.813859
member,7126,8,9,0,1.906712,0.148568,0.344220,1.925276,0.860390,-0.840239,1.925276
member,47615,8,8,1,0.895370,0.408456,0.408456,1.102691,4.285267,0.188369,-1.102691
member,47790,6,6,1,0.923486,0.397132,0.397132,1.687566,2.638541,0.604499,-1.687566
member,46122,6,6,1,1.572895,0.207444,0.207444,2.020974,1.676566,0.259462,-2.020974
member,35846,0,9,0,1.519912,0.218731,0.236734,1.966182,0.877508,-0.079093,1.966182
member,34582,8,9,0,2.805568,0.060472,0.691611,1.247219,-0.436381,-2.436836,1.247219
member,13082,3,4,0,1.559037,0.210339,0.368970,1.736854,2.197685,-0.561996,1.736854
member,40646,7,1,0,4.724099,0.008879,0.466248,1.629483,-1.236384,-3.961062,1.629483
member,21905,8,8,1,0.848274,0.428153,0.428153,1.723985,2.060503,0.908542,-1.723985
member,25238,8,9,0,1.159513,0.313639,0.389901,1.616898,1.549567,-0.217650,1.616898
member,35975,7,5,0,2.209073,0.109802,0.297043,1.750272,1.551139,-0.995195,1.750272
member,6496,3,5,0,2.380549,0.092500,0.172586,2.220301,-0.034401,-0.623688,2.220301
member,43693,5,7,0,1.913742,0.147527,0.236799,2.166025,0.346296,-0.473200,2.166025
member,33524,7,4,0,2.445081,0.086719,0.312937,1.703228,1.600376,-1.283329,1.703228
member,20701,7,0,0,2.616581,0.073052,0.628330,1.256046,0.444342,-2.151891,1.256046
member,13312,0,0,1,0.737259,0.478423,0.478423,1.576954,1.778142,0.790161,-1.576954
member,10036,6,1,0,3.540246,0.029006,0.339244,1.940442,-1.355863,-2.459209,1.940442
member,14164,4,6,0,2.255453,0.104826,0.231524,2.007324,0.107605,-0.792379,2.007324
member,31154,7,8,0,2.603221,0.074035,0.319588,1.999975,-0.273282,-1.462498,1.999975
member,24948,7,2,0,1.380392,0.251480,0.290559,1.950277,1.339534,-0.144443,1.950277
member,35308,4,2,0,2.550683,0.078028,0.256348,1.902282,-0.574844,-1.189465,1.902282
member,47763,0,2,0,2.450669,0.086236,0.434271,1.812699,-0.175030,-1.616581,1.812699
member,32907,6,4,0,1.002629,0.366913,0.434281,1.351603,3.575936,-0.168567,1.351603
member,45609,4,0,0,6.036102,0.002391,0.795327,0.889978,-2.821996,-5.807100,0.889978
member,5253,8,8,1,0.886110,0.412257,0.412257,1.598166,2.260614,0.553050,-1.598166
member,19104,0,9,0,1.449029,0.234798,0.341557,1.806028,0.766745,-0.374788,1.806028
member,32805,5,3,0,1.498438,0.223479,0.250787,1.847761,1.910351,-0.115286,1.847761
member,40516,0,9,0,3.453138,0.031646,0.749197,1.016174,-0.336655,-3.164384,1.016174
member,3882,9,9,1,0.425050,0.653737,0.653737,1.134902,2.693931,1.234076,-1.134902
member,22988,2,6,0,1.650851,0.191887,0.294646,1.784873,1.660058,-0.428869,1.784873
member,31224,7,9,0,1.643804,0.193244,0.355545,1.877977,0.767636,-0.609700,1.877977
member,3418,4,6,0,1.177286,0.308114,0.370402,1.571370,2.874006,-0.184121,1.571370
member,38929,1,9,0,1.937396,0.144079,0.633795,1.249652,1.150258,-1.481366,1.249652
member,23541,3,6,0,1.708184,0.181195,0.468132,1.570706,1.998402,-0.949179,1.570706
member,26354,5,6,0,2.592411,0.074839,0.360842,1.731762,0.379839,-1.573096,1.731762
member,19771,3,2,0,2.129020,0.118954,0.269008,2.061387,-0.365188,-0.816006,2.061387
member,10189,3,4,0,1.888316,0.151326,0.216704,1.965849,0.876211,-0.359095,1.965849
member,44562,3,8,0,4.853258,0.007803,0.537103,1.306432,-1.537142,-4.231693,1.306432
member,44560,7,9,0,2.956811,0.051984,0.312450,1.998704,-0.750694,-1.793501,1.998704
member,44944,3,5,0,1.474535,0.228885,0.457203,1.566462,1.658199,-0.691907,1.566462
member,5195,1,5,0,2.619183,0.072862,0.208170,2.033035,-1.016350,-1.049781,2.033035
member,37255,2,1,0,2.739646,0.064593,0.258181,2.098823,0.455008,-1.385553,2.098823
member,31610,3,6,0,2.159110,0.115428,0.473247,1.596831,1.218824,-1.410971,1.596831
member,2191,2,4,0,1.713511,0.180232,0.407289,1.666370,1.699339,-0.815280,1.666370
member,31039,9,8,0,1.320301,0.267055,0.501243,1.301664,2.078007,-0.629636,1.301664
member,46776,4,9,0,1.943414,0.143214,0.228543,2.000001,0.730491,-0.467383,2.000001
member,7785,5,2,0,1.607893,0.200309,0.461021,1.611815,1.829145,-0.833580,1.611815
member,46172,7,7,1,0.765634,0.465039,0.465039,1.585807,2.062304,0.835522,-1.585807
member,42978,1,1,1,0.944636,0.388821,0.388821,1.853536,1.853431,0.863890,-1.853536
member,48126,9,9,1,0.619911,0.537992,0.537992,1.482184,1.984014,0.949893,-1.482184
member,3154,6,6,1,1.586257,0.204690,0.204690,2.139797,0.685497,0.016702,-2.139797
member,22795,6,7,0,2.667344,0.069436,0.253547,2.114485,-0.298895,-1.295137,2.114485
member,29895,8,8,1,0.543538,0.580690,0.580690,1.269770,2.700705,1.198016,-1.269770
member,16912,0,0,1,0.349335,0.705157,0.705157,0.956883,3.082536,1.314509,-0.956883
member,41042,8,9,0,4.134033,0.016018,0.409704,1.825791,-1.747307,-3.241713,1.825791
member,42715,1,1,1,0.293279,0.745814,0.745814,1.062368,3.868404,2.502283,-1.062368
member,7441,9,9,1,0.132182,0.876181,0.876181,0.577817,3.799006,3.065713,-0.577817
member,12848,7,4,0,1.479013,0.227863,0.442237,1.647094,2.010252,-0.663103,1.647094
member,12619,6,6,1,1.315540,0.268329,0.268329,1.917359,1.640018,0.250160,-1.917359
member,19746,4,4,1,1.065657,0.344502,0.344502,1.788640,2.200827,0.502108,-1.788640
member,1422,9,9,1,0.289191,0.748869,0.748869,1.002533,2.919973,2.112041,-1.002533
member,26894,4,7,0,1.912606,0.147695,0.257429,2.025238,0.808309,-0.555594,2.025238
member,6065,5,4,0,2.652802,0.070453,0.268970,2.030128,0.612177,-1.339647,2.030128
member,37616,1,9,0,2.598381,0.074394,0.412343,1.604144,-0.195878,-1.712482,1.604144
member,37028,4,6,0,2.898393,0.055112,0.398733,1.686821,0.145114,-1.978930,1.686821
member,43197,9,7,0,2.078637,0.125101,0.285055,1.927935,0.476382,-0.823563,1.927935
member,29228,9,9,1,0.945095,0.388643,0.388643,1.597419,1.463722,0.238455,-1.597419
member,29835,4,2,0,3.750549,0.023505,0.227643,1.987757,-1.777211,-2.270570,1.987757
member,22685,9,8,0,1.961177,0.140693,0.596747,1.255126,1.219603,-1.444914,1.255126
member,22341,7,7,1,0.787904,0.454797,0.454797,1.472884,2.996345,0.497643,-1.472884
member,45713,2,6,0,1.323520,0.266197,0.359438,1.712298,2.322289,-0.300308,1.712298
member,34759,8,9,0,1.069363,0.343227,0.466666,1.266945,2.267344,-0.307223,1.266945
member,5215,2,4,0,2.686887,0.068093,0.608927,1.202164,2.136698,-2.190830,1.202164
member,48812,4,2,0,3.000584,0.049758,0.305154,2.017199,-1.282802,-1.813645,2.017199
member,44917,6,5,0,2.404419,0.090318,0.268759,1.899238,-0.077866,-1.090478,1.899238
member,39364,8,0,0,2.115524,0.120570,0.560338,1.312861,1.017870,-1.536309,1.312861
member,47378,8,7,0,3.679237,0.025242,0.319886,2.045308,-1.756928,-2.539447,2.045308
member,2899,4,4,1,1.184311,0.305957,0.305957,1.573793,3.157327,0.000976,-1.573793
member,13307,4,3,0,1.737117,0.176027,0.257492,1.939648,1.242850,-0.380350,1.939648
member,18861,0,8,0,2.046857,0.129140,0.719071,0.853966,2.585109,-1.717063,0.853966
member,14160,5,4,0,2.095867,0.122964,0.215531,2.167635,0.318778,-0.561218,2.167635
member,15153,0,0,1,0.688965,0.502095,0.502095,1.613490,1.319464,1.324771,-1.613490
member,2561,2,1,0,2.594637,0.074673,0.647699,1.283639,0.830221,-2.160308,1.283639
member,7308,2,4,0,1.751751,0.173470,0.486610,1.484308,2.516048,-1.031459,1.484308
member,19223,2,3,0,1.647869,0.192460,0.339603,1.678083,0.812893,-0.567891,1.678083
member,39543,3,3,1,1.911314,0.147886,0.147886,2.274287,0.600251,0.200193,-2.274287
member,33680,2,1,0,1.719019,0.179242,0.324895,1.977788,0.654871,-0.594767,1.977788
member,39097,1,1,1,0.616107,0.540043,0.540043,1.515646,2.291841,1.113989,-1.515646
member,44840,4,5,0,2.000958,0.135206,0.175569,2.167958,0.575440,-0.261235,2.167958
member,44614,4,6,0,1.429737,0.239372,0.456069,1.536373,2.541305,-0.644627,1.536373
member,27191,2,9,0,2.744913,0.064254,0.346228,1.718363,-0.291166,-1.684256,1.718363
member,17476,6,3,0,1.456164,0.233129,0.369262,1.789218,1.028752,-0.459915,1.789218
member,14803,9,9,1,0.593692,0.552285,0.552285,1.545984,1.906119,1.168468,-1.545984
member,26837,2,5,0,2.049240,0.128833,0.171210,2.227526,-0.030762,-0.284373,2.227526
member,10262,4,2,0,1.298540,0.272930,0.301710,1.618152,2.694813,-0.100252,1.618152
member,44190,9,0,0,1.735356,0.176337,0.280069,1.866539,0.537272,-0.462638,1.866539
member,43278,8,9,0,1.483683,0.226801,0.442190,1.584383,1.156567,-0.667668,1.584383
member,30948,8,3,0,3.077958,0.046053,0.310427,1.891500,-0.416551,-1.908152,1.891500
member,42989,5,5,1,0.963746,0.381461,0.381461,1.798877,1.792723,0.512835,-1.798877
member,19709,9,9,1,1.095526,0.334364,0.334364,1.690213,1.315954,0.381750,-1.690213
member,28468,7,1,0,2.488773,0.083012,0.229927,2.024250,0.108236,-1.018780,2.024250
member,543,4,6,0,2.211171,0.109572,0.524966,1.497565,1.686713,-1.566748,1.497565
member,23822,0,1,0,2.189048,0.112023,0.483293,1.304611,0.870113,-1.461916,1.304611
member,28066,8,8,1,0.416929,0.659067,0.659067,0.931726,3.954200,0.989583,-0.931726
member,34415,6,4,0,1.739929,0.175533,0.444503,1.640248,1.962129,-0.929131,1.640248
member,39627,8,8,1,1.096958,0.333885,0.333885,1.772183,1.044777,0.129249,-1.772183
member,1163,2,5,0,1.217224,0.296051,0.332903,1.738909,1.550542,-0.117318,1.738909
member,29746,8,8,1,0.529434,0.588938,0.588938,1.122815,3.265771,0.952203,-1.122815
member,2210,4,4,1,0.582981,0.558232,0.558232,1.383547,3.968915,1.341955,-1.383547
member,23001,9,8,0,1.682668,0.185877,0.440121,1.549414,0.812367,-0.861962,1.549414
member,32300,4,2,0,1.808933,0.163829,0.252837,1.936511,0.497685,-0.433921,1.936511
member,46320,6,6,1,0.795447,0.451380,0.451380,1.629679,2.557255,0.812483,-1.629679
member,28827,2,1,0,3.415647,0.032855,0.372396,1.732589,0.117342,-2.427850,1.732589
member,44404,9,6,0,2.916612,0.054117,0.461795,1.666431,0.586751,-2.143978,1.666431
member,18198,2,4,0,1.314518,0.268604,0.315566,1.674863,2.430581,-0.161132,1.674863
member,1901,1,0,0,3.129591,0.043736,0.465475,1.390768,-0.199318,-2.364893,1.390768
member,37460,1,9,0,3.509323,0.029917,0.698919,0.970765,0.711468,-3.151103,0.970765
member,17692,0,8,0,2.584790,0.075412,0.716962,0.949650,1.380836,-2.252058,0.949650
member,28200,4,9,0,1.967914,0.139748,0.347154,1.796456,0.731016,-0.909926,1.796456
member,24782,7,7,1,1.116372,0.327466,0.327466,1.896700,1.646827,0.391230,-1.896700
member,28968,9,1,0,1.604931,0.200903,0.259569,1.901462,1.174189,-0.256198,1.901462
member,38888,5,5,1,1.462435,0.231671,0.231671,1.994961,1.415416,0.290787,-1.994961
member,35968,4,2,0,1.717571,0.179502,0.208271,2.023520,0.797063,-0.148656,2.023520
member,30875,4,5,0,3.218861,0.040001,0.363757,1.822054,-0.388145,-2.207592,1.822054
member,38948,0,1,0,3.583888,0.027768,0.290956,1.937219,-0.756832,-2.349305,1.937219
member,15359,7,7,1,1.238673,0.289768,0.289768,1.939983,1.987490,0.142615,-1.939983
member,42751,7,1,0,2.904621,0.054770,0.442732,1.612478,-0.256513,-2.089831,1.612478
member,44469,9,9,1,1.662688,0.189629,0.189629,2.198737,0.638576,0.300236,-2.198737
member,19714,2,0,0,2.570106,0.076527,0.361924,1.848421,-0.527142,-1.553785,1.848421
member,11607,9,1,0,3.082930,0.045825,0.226703,1.971395,-0.005233,-1.598815,1.971395
member,36167,4,4,1,1.070897,0.342701,0.342701,1.676929,2.316122,0.077858,-1.676929
member,35571,6,4,0,1.449524,0.234682,0.256650,1.877860,1.834855,-0.089484,1.877860
member,30441,5,7,0,2.037812,0.130313,0.330408,1.898901,0.599560,-0.930385,1.898901
member,39646,2,4,0,2.411090,0.089717,0.264365,1.993242,0.159592,-1.080667,1.993242
member,45246,1,9,0,1.482258,0.227124,0.256823,1.997709,0.881022,-0.122888,1.997709
member,10434,8,3,0,4.989773,0.006807,0.740293,1.032390,-0.934896,-4.689064,1.032390
member,45591,4,6,0,1.960924,0.140728,0.310304,1.737334,1.725946,-0.790721,1.737334
member,33540,1,7,0,2.168544,0.114344,0.197086,2.140486,-0.093258,-0.544428,2.140486
member,4162,0,9,0,2.070320,0.126145,0.527516,1.382614,0.790567,-1.430744,1.382614
member,24261,6,5,0,4.128831,0.016102,0.260173,1.889227,-1.976679,-2.782423,1.889227
member,27618,8,1,0,3.634405,0.026400,0.431329,1.747316,-0.739140,-2.793520,1.747316
member,17466,9,5,0,2.191361,0.111765,0.306585,1.902273,0.249092,-1.009102,1.902273
member,2441,8,0,0,2.350521,0.095319,0.454537,1.782006,-0.082317,-1.562045,1.782006
member,6211,4,7,0,2.191158,0.111787,0.319631,1.961283,0.545873,-1.050571,1.961283
member,16368,1,1,1,0.528768,0.589330,0.589330,1.458223,2.438936,1.402552,-1.458223
member,6896,1,1,1,0.440904,0.643454,0.643454,1.379346,2.621793,1.918660,-1.379346
member,27590,5,3,0,1.635478,0.194859,0.377366,1.516315,2.202922,-0.660939,1.516315
member,27721,2,6,0,1.589050,0.204119,0.521667,1.539663,1.491791,-0.938325,1.539663
member,6400,0,8,0,2.348911,0.095473,0.628088,1.292223,0.840814,-1.883836,1.292223
member,46282,7,9,0,2.768167,0.062777,0.826478,0.791268,0.693267,-2.577585,0.791268
member,30127,9,9,1,0.203791,0.815633,0.815633,0.713175,4.050110,2.246047,-0.713175
member,19027,0,0,1,0.031413,0.969075,0.969075,0.191515,4.959569,4.517837,-0.191515
member,33821,7,1,0,1.892210,0.150738,0.392516,1.737007,1.706863,-0.957033,1.737007
member,32756,4,4,1,0.657526,0.518132,0.518132,1.248087,4.716012,0.609416,-1.248087
member,47477,5,5,1,1.594747,0.202960,0.202960,2.196605,0.663624,0.225673,-2.196605
member,31632,3,6,0,1.697621,0.183119,0.243518,1.911664,1.525017,-0.285056,1.911664
member,18558,8,0,0,0.965448,0.380813,0.407502,1.429270,2.007884,-0.067739,1.429270
member,16625,0,0,1,0.606430,0.545294,0.545294,1.535190,1.530910,1.325204,-1.535190
member,17531,8,1,0,3.035625,0.048045,0.503142,1.574614,-0.000200,-2.348741,1.574614
member,37647,2,4,0,3.059908,0.046892,0.346409,1.603512,0.839784,-1.999772,1.603512
member,33395,2,6,0,2.680568,0.068524,0.453588,1.628232,1.042792,-1.890001,1.628232
member,17827,9,9,1,0.298347,0.742044,0.742044,0.814016,4.013584,1.409636,-0.814016
member,14427,8,8,1,0.626943,0.534222,0.534222,1.494568,2.005420,1.181484,-1.494568
member,1005,4,2,0,1.461832,0.231811,0.438403,1.328552,3.123561,-0.637216,1.328552
member,5488,4,6,0,2.743669,0.064334,0.317598,1.888563,0.063846,-1.596699,1.888563
member,45615,0,8,0,2.995834,0.049995,0.380320,1.510872,-0.106161,-2.029091,1.510872
member,17406,9,9,1,1.482900,0.226978,0.226978,2.065186,1.272308,0.110833,-2.065186
member,454,1,7,0,2.482843,0.083505,0.298774,1.990072,0.086671,-1.274774,1.990072
member,4244,1,7,0,2.362741,0.094162,0.402437,1.885205,0.464747,-1.452525,1.885205
member,39505,4,7,0,1.591814,0.203556,0.345360,1.749292,1.924401,-0.528645,1.749292
member,43383,8,8,1,0.573196,0.563721,0.563721,1.073400,3.469158,0.583691,-1.073400
member,34292,8,8,1,0.422208,0.655598,0.655598,1.058162,3.500156,1.394911,-1.058162
member,41413,8,0,0,1.566141,0.208850,0.534943,1.359606,1.331319,-0.940546,1.359606
member,44591,1,1,1,1.498771,0.223405,0.223405,1.992656,1.124311,0.207467,-1.992656
member,31953,4,6,0,1.548073,0.212657,0.314286,1.763741,1.820866,-0.390621,1.763741
member,29980,0,3,0,4.977210,0.006893,0.303424,1.699763,-1.470793,-3.784585,1.699763
member,9391,5,7,0,1.406728,0.244943,0.320421,1.824659,1.894230,-0.268607,1.824659
member,22338,5,5,1,0.644387,0.524984,0.524984,1.480815,2.696388,0.906002,-1.480815
member,11708,1,9,0,2.270237,0.103288,0.248137,1.899212,0.651971,-0.876464,1.899212
member,12966,3,7,0,2.202718,0.110502,0.257470,1.987334,0.043425,-0.845867,1.987334
member,45664,5,2,0,2.385259,0.092065,0.371228,1.942044,-0.038102,-1.394320,1.942044
member,12824,6,6,1,0.716256,0.488578,0.488578,1.493442,3.455393,0.844795,-1.493442
member,29861,3,2,0,1.661013,0.189946,0.211850,2.045038,1.004977,-0.109138,2.045038
member,36407,7,7,1,0.504740,0.603663,0.603663,1.434127,2.856149,1.868216,-1.434127
member,19204,2,6,0,1.602108,0.201471,0.607796,1.181035,3.057250,-1.104192,1.181035
member,7776,5,1,0,2.613646,0.073267,0.222749,2.135031,0.407804,-1.111935,2.135031
member,35972,7,4,0,2.405818,0.090192,0.228225,2.112834,0.231268,-0.928397,2.112834
member,46215,3,3,1,1.376037,0.252577,0.252577,2.009709,1.133225,0.227253,-2.009709
member,26542,6,9,0,3.573097,0.028069,0.371302,1.876354,-0.950361,-2.582357,1.876354
member,26716,3,3,1,1.723153,0.178502,0.178502,2.036115,1.467821,0.052613,-2.036115
member,41853,3,6,0,1.340724,0.261656,0.310933,1.831859,1.957610,-0.172545,1.831859
member,15469,1,9,0,1.230748,0.292074,0.457642,1.376214,2.537736,-0.449081,1.376214
member,27055,7,7,1,0.628337,0.533478,0.533478,1.497684,2.814005,0.940440,-1.497684
member,11062,5,5,1,0.879771,0.414878,0.414878,1.713469,2.401259,0.574232,-1.713469
member,12110,4,9,0,2.923990,0.053719,0.503532,1.608679,-0.041383,-2.237881,1.608679
member,14518,1,9,0,1.564159,0.209264,0.343974,1.841681,0.558980,-0.496970,1.841681
member,37532,0,0,1,1.050926,0.349614,0.349614,1.775856,1.393316,0.364163,-1.775856
member,33612,3,0,0,3.135594,0.043474,0.271701,2.002690,-1.105118,-1.832541,2.002690
member,13433,2,2,1,1.260135,0.283616,0.283616,1.874083,1.743441,0.039769,-1.874083
member,3053,0,0,1,0.509073,0.601053,0.601053,0.966937,3.743518,0.594038,-0.966937
member,17452,9,9,1,0.481196,0.618044,0.618044,1.270179,2.674300,1.215913,-1.270179
member,27505,7,3,0,4.418530,0.012052,0.341759,1.680517,-1.098146,-3.344881,1.680517
member,48930,0,0,1,0.336974,0.713927,0.713927,1.080066,2.134056,1.715658,-1.080066
member,20000,8,1,0,3.248428,0.038835,0.556622,1.524127,-0.232818,-2.662560,1.524127
member,39079,8,4,0,4.668866,0.009383,0.307673,1.995922,-2.038736,-3.490149,1.995922
member,9273,4,2,0,2.773139,0.062466,0.502040,1.442236,0.575559,-2.084063,1.442236
member,10134,4,4,1,1.106162,0.330826,0.330826,1.742855,2.638537,0.258670,-1.742855
member,2982,3,4,0,2.304157,0.099843,0.223139,1.879688,0.985427,-0.804197,1.879688
member,31599,1,0,0,3.822950,0.021863,0.381835,1.340574,-0.649232,-2.860183,1.340574
member,47437,9,9,1,0.935439,0.392414,0.392414,1.505538,2.357249,0.315025,-1.505538
member,40223,8,0,0,3.164632,0.042230,0.276974,1.974966,-1.272433,-1.880801,1.974966
member,5770,0,9,0,3.154590,0.042656,0.342262,1.862668,-0.820315,-2.082409,1.862668
member,34870,8,9,0,2.676714,0.068789,0.634808,1.375105,0.010215,-2.222282,1.375105
member,28999,5,7,0,2.561920,0.077156,0.279175,2.104557,0.119697,-1.286004,2.104557
member,16320,1,4,0,2.477051,0.083991,0.198795,2.122565,-0.102514,-0.861570,2.122565
member,38544,8,9,0,1.209094,0.298468,0.499107,1.263473,2.105378,-0.514159,1.263473
member,14815,4,2,0,2.758090,0.063413,0.375964,1.778793,-0.115577,-1.779829,1.778793
member,17962,8,0,0,1.763986,0.171360,0.375291,1.770847,0.422646,-0.783932,1.770847
member,23647,9,9,1,0.820325,0.440288,0.440288,1.444276,2.291413,0.464570,-1.444276
member,8479,9,9,1,0.197680,0.820632,0.820632,0.676137,4.283261,2.003132,-0.676137
member,22895,5,9,0,2.609992,0.073535,0.231901,1.992267,-0.528203,-1.148547,1.992267
member,18853,8,0,0,2.526112,0.079969,0.593615,1.385211,0.435581,-2.004587,1.385211
member,39474,1,9,0,2.898851,0.055086,0.475483,1.701914,-0.643799,-2.155428,1.701914
member,9353,4,1,0,2.009525,0.134052,0.269508,2.015551,0.337757,-0.698368,2.015551
member,25042,8,8,1,0.798453,0.450025,0.450025,1.383949,2.090744,0.187747,-1.383949
member,46015,8,8,1,0.752862,0.471016,0.471016,1.280803,2.971540,0.566293,-1.280803
member,2757,9,9,1,1.530651,0.216395,0.216395,2.002908,0.962529,0.143444,-2.002908
member,12214,6,6,1,0.269001,0.764143,0.764143,0.874893,5.005686,2.045332,-0.874893
member,23491,0,4,0,3.467993,0.031180,0.226872,2.114594,-0.794260,-1.984626,2.114594
member,28027,1,1,1,1.050673,0.349702,0.349702,1.802007,1.261538,0.294387,-1.802007
member,4128,3,9,0,2.869873,0.056706,0.397249,1.849439,-0.375375,-1.946682,1.849439
member,30611,3,5,0,2.183180,0.112683,0.295291,1.985635,0.174749,-0.963384,1.985635
member,7915,1,1,1,1.073046,0.341965,0.341965,1.897282,1.434937,0.619987,-1.897282
member,27687,6,0,0,4.084427,0.016833,0.327798,1.931929,-2.052436,-2.969071,1.931929
member,25572,7,7,1,1.090073,0.336192,0.336192,1.769999,2.511917,0.451612,-1.769999
member,2182,5,5,1,1.569091,0.208234,0.208234,1.932889,1.120447,0.009465,-1.932889
member,29965,6,9,0,1.877233,0.153013,0.248151,2.012702,-0.005001,-0.483514,2.012702
member,26216,8,8,1,1.014399,0.362620,0.362620,1.296516,2.921257,0.138728,-1.296516
member,4822,5,5,1,1.247243,0.287296,0.287296,1.766366,2.047318,0.085985,-1.766366
member,2110,8,8,1,0.213522,0.807734,0.807734,0.670431,4.905992,2.131636,-0.670431
member,20931,1,1,1,0.976346,0.376685,0.376685,1.443336,2.844562,0.600046,-1.443336
member,25270,0,0,1,0.254179,0.775553,0.775553,0.836738,3.308409,1.882877,-0.836738
member,176,1,1,1,1.207414,0.298969,0.298969,1.907656,1.150611,0.350862,-1.907656
member,5683,1,1,1,0.933683,0.393103,0.393103,1.786180,1.258419,0.674118,-1.786180
member,47937,6,6,1,0.948225,0.387428,0.387428,1.583902,3.133060,0.627901,-1.583902
member,32858,2,7,0,2.764811,0.062988,0.433505,1.636040,0.788792,-1.928958,1.636040
member,28221,5,9,0,2.771736,0.062553,0.199731,2.194846,-0.648957,-1.160953,2.194846
member,28530,1,7,0,3.523321,0.029501,0.368905,1.718710,0.242640,-2.526104,1.718710
member,15849,5,2,0,2.258516,0.104505,0.438376,1.776530,0.553957,-1.433838,1.776530
member,23744,7,7,1,0.784776,0.456222,0.456222,1.573480,2.916069,0.611471,-1.573480
member,43283,3,6,0,2.433311,0.087746,0.325455,1.876242,0.553600,-1.310780,1.876242
member,20613,9,9,1,0.523773,0.592282,0.592282,1.434730,2.149400,1.476623,-1.434730
member,27819,5,4,0,1.750435,0.173698,0.220423,1.866156,1.567246,-0.238228,1.866156
member,38872,1,1,1,0.774692,0.460846,0.460846,1.756176,2.016606,1.258233,-1.756176
member,27587,2,9,0,2.001815,0.135090,0.196064,2.073930,0.409507,-0.372503,2.073930
member,41889,8,0,0,0.859691,0.423293,0.442688,1.155562,2.897233,-0.044801,1.155562
member,23872,8,8,1,1.168713,0.310767,0.310767,1.844434,0.879066,0.363074,-1.844434
member,10915,9,0,0,2.131749,0.118630,0.578350,1.430029,-0.204448,-1.584173,1.430029
member,22989,9,2,0,2.564867,0.076929,0.236733,2.059052,-0.130629,-1.124046,2.059052
member,47401,0,9,0,2.975181,0.051038,0.396809,1.656337,0.335075,-2.050882,1.656337
member,20374,4,1,0,3.359391,0.034756,0.339389,1.834040,-0.826214,-2.278783,1.834040
member,24683,9,8,0,1.879244,0.152705,0.716383,0.972538,2.046698,-1.545704,0.972538
member,8053,6,2,0,2.039820,0.130052,0.251745,1.946978,0.231424,-0.660479,1.946978
member,1741,6,6,1,1.301756,0.272054,0.272054,1.966400,1.803947,0.418494,-1.966400
member,25116,7,7,1,1.157530,0.314261,0.314261,1.932113,1.664869,0.450347,-1.932113
member,24184,6,6,1,0.747164,0.473708,0.473708,1.627295,2.828692,1.229420,-1.627295
member,13631,7,6,0,2.981534,0.050715,0.322037,1.806017,0.652110,-1.848444,1.806017
member,4303,8,9,0,4.122988,0.016196,0.298491,1.992218,-2.067601,-2.913972,1.992218
member,21987,2,2,1,0.686792,0.503188,0.503188,1.694502,2.174990,1.476580,-1.694502
member,35719,8,0,0,1.618780,0.198140,0.757484,0.727994,3.010351,-1.341027,0.727994
member,23460,4,6,0,1.516892,0.219393,0.370168,1.689963,2.149961,-0.523093,1.689963
member,10444,6,4,0,1.407101,0.244852,0.345661,1.652232,2.627384,-0.344805,1.652232
member,42406,9,9,1,0.594208,0.552000,0.552000,1.607667,1.864714,1.831923,-1.607667
member,15709,5,5,1,1.150505,0.316477,0.316477,1.827842,1.898128,0.564734,-1.827842
member,33009,7,6,0,1.947049,0.142695,0.232499,1.940374,1.434146,-0.488180,1.940374
member,10279,8,0,0,1.087371,0.337102,0.622561,0.827383,4.359966,-0.613458,0.827383
member,20945,6,6,1,0.598582,0.549590,0.549590,1.535544,2.741753,1.725558,-1.535544
member,5653,4,9,0,3.514894,0.029751,0.187592,2.134971,-1.624123,-1.841406,2.134971
member,4816,0,8,0,1.410498,0.244022,0.298656,1.564920,1.627746,-0.202036,1.564920
member,36890,3,2,0,1.492139,0.224891,0.553910,1.439480,1.743831,-0.901386,1.439480
member,39173,4,6,0,1.690103,0.184501,0.640685,1.133268,3.312731,-1.244886,1.133268
member,15056,9,9,1,0.453784,0.635220,0.635220,1.349811,2.606597,1.605584,-1.349811
member,13943,4,6,0,1.119825,0.326337,0.423176,1.462429,3.143597,-0.259857,1.462429
member,21681,8,8,1,0.191546,0.825682,0.825682,0.598456,4.816752,1.853203,-0.598456
member,35499,6,1,0,2.636239,0.071630,0.717208,1.166452,0.764238,-2.303850,1.166452
member,11028,3,5,0,1.768247,0.170632,0.170857,2.112041,0.316695,-0.001321,2.112041
member,4448,5,2,0,3.740265,0.023748,0.300704,2.037854,-1.193731,-2.538637,2.037854
member,39838,8,9,0,2.510243,0.081248,0.725955,1.037116,0.848395,-2.189975,1.037116
member,42196,6,6,1,0.811290,0.444285,0.444285,1.568824,2.830538,0.844148,-1.568824
member,32525,4,4,1,0.959249,0.383180,0.383180,1.756013,2.167934,0.604426,-1.756013
member,30352,2,4,0,2.046032,0.129247,0.395755,1.443758,2.390090,-1.119072,1.443758
member,27614,4,7,0,1.838532,0.159051,0.386793,1.748534,2.061988,-0.888665,1.748534
member,20949,8,0,0,4.655529,0.009509,0.937855,0.340208,-0.489094,-4.591370,0.340208
member,45484,0,2,0,1.468498,0.230271,0.354057,1.583882,1.679590,-0.430201,1.583882
member,38587,8,9,0,1.180210,0.307214,0.491475,1.357090,1.822637,-0.469866,1.357090
member,17249,2,2,1,1.276075,0.279131,0.279131,1.978227,1.775013,0.432775,-1.978227
member,3431,5,3,0,1.588107,0.204312,0.424255,1.605857,1.293820,-0.730685,1.605857
member,46130,5,9,0,3.005407,0.049519,0.292974,2.010475,-0.791350,-1.777735,2.010475
member,1792,2,9,0,3.109803,0.044610,0.431680,1.732851,-1.245221,-2.269732,1.732851
member,4865,9,7,0,1.809439,0.163746,0.393331,1.851979,0.812891,-0.876335,1.851979
member,27415,0,8,0,3.138184,0.043361,0.743395,0.786960,1.130076,-2.841656,0.786960
member,17914,4,6,0,1.933803,0.144597,0.359108,1.770218,1.730588,-0.909672,1.770218
member,37332,6,4,0,1.638027,0.194363,0.452263,1.536314,3.225565,-0.844536,1.536314
member,7592,0,0,1,1.056564,0.347648,0.347648,1.807387,1.648383,0.789210,-1.807387
member,47134,5,4,0,1.517461,0.219268,0.294772,1.978788,1.429512,-0.295909,1.978788
member,44990,5,6,0,2.363408,0.094099,0.292597,1.768119,1.164756,-1.134447,1.768119
member,40268,4,9,0,6.586309,0.001379,0.690056,0.878526,-1.963252,-6.215326,0.878526
member,5169,6,4,0,2.181082,0.112919,0.321801,1.902206,0.907529,-1.047262,1.902206
member,35151,4,2,0,2.587031,0.075243,0.204937,2.129422,-0.164193,-1.001976,2.129422
member,46635,5,6,0,2.875786,0.056372,0.272072,1.838768,0.022333,-1.574098,1.838768
member,32957,5,3,0,1.304044,0.271432,0.276736,1.875698,1.329229,-0.019352,1.875698
member,40261,6,4,0,2.074031,0.125678,0.348086,1.661141,1.855727,-1.018726,1.661141
member,11807,4,6,0,1.379421,0.251724,0.268592,1.793768,1.736982,-0.064859,1.793768
member,42048,8,9,0,1.835986,0.159456,0.695992,1.076252,1.110239,-1.473568,1.076252
member,2710,4,6,0,1.945686,0.142889,0.219093,1.929086,0.717556,-0.427426,1.929086
member,12883,0,9,0,3.830433,0.021700,0.793929,0.795744,0.357958,-3.599671,0.795744
member,46275,5,5,1,1.352004,0.258721,0.258721,2.069796,0.848174,0.405374,-2.069796
member,44108,3,4,0,2.979764,0.050805,0.327538,1.779352,0.053180,-1.863612,1.779352
member,5227,4,2,0,1.760816,0.171905,0.336731,1.742910,1.343210,-0.672346,1.742910
member,34401,7,7,1,0.855434,0.425099,0.425099,1.721326,2.133598,1.150411,-1.721326
member,46086,0,8,0,1.767265,0.170799,0.449919,1.473021,1.855051,-0.968576,1.473021
member,5186,9,0,0,0.865837,0.420699,0.435273,1.093780,3.823536,-0.034054,1.093780
member,13709,7,2,0,4.251661,0.014241,0.544499,1.306968,0.608487,-3.643771,1.306968
member,18172,6,6,1,0.647542,0.523331,0.523331,1.558053,2.629799,1.171658,-1.558053
member,39229,5,1,0,3.965884,0.018951,0.477650,1.648109,-1.103224,-3.227008,1.648109
member,2579,5,2,0,2.261625,0.104181,0.317282,1.960550,-0.256382,-1.113661,1.960550
member,35600,6,6,1,1.373504,0.253218,0.253218,1.998981,1.060963,0.127697,-1.998981
member,38532,9,0,0,1.189169,0.304474,0.412650,1.546485,1.364265,-0.304013,1.546485
member,29484,3,2,0,1.441611,0.236546,0.317410,1.603999,1.281810,-0.294048,1.603999
member,25442,6,6,1,0.167045,0.846162,0.846162,0.661796,5.600420,2.708364,-0.661796
member,46697,3,9,0,2.382840,0.092288,0.281014,1.953145,0.425192,-1.113488,1.953145
member,1584,6,2,0,1.332577,0.263796,0.314537,1.657677,2.176456,-0.175924,1.657677
member,47459,7,0,0,1.771179,0.170132,0.384311,1.749636,1.215735,-0.814877,1.749636
member,18329,3,0,0,1.559934,0.210150,0.304139,1.927035,0.352767,-0.369665,1.927035
member,8188,5,7,0,2.431448,0.087909,0.232795,2.106306,-0.082028,-0.973852,2.106306
member,8931,7,4,0,2.331174,0.097182,0.357674,1.823922,0.688737,-1.303039,1.823922
member,33140,4,7,0,1.215046,0.296696,0.324883,1.753340,2.075062,-0.090756,1.753340
member,21588,6,6,1,0.590982,0.553783,0.553783,1.461311,3.174300,1.567941,-1.461311
member,30813,6,9,0,3.467904,0.031182,0.269050,1.961801,-1.285030,-2.155046,1.961801
member,45260,5,7,0,2.503424,0.081804,0.447881,1.692497,0.248886,-1.700196,1.692497
member,4867,8,0,0,4.277949,0.013871,0.603459,1.324296,-1.127519,-3.772872,1.324296
member,9100,3,4,0,1.404357,0.245525,0.466924,1.542209,2.782334,-0.642769,1.542209
member,21006,5,4,0,1.552542,0.211709,0.310963,1.689621,1.797187,-0.384461,1.689621
member,42995,2,6,0,1.749395,0.173879,0.427219,1.427786,2.425033,-0.898936,1.427786
member,28563,3,9,0,2.068085,0.126428,0.402922,1.787322,-0.260709,-1.159072,1.787322
member,41965,6,3,0,2.262881,0.104050,0.234858,2.063870,-0.385477,-0.814107,2.063870
member,21028,8,9,0,0.889518,0.410854,0.435789,1.132080,3.385642,-0.058922,1.132080
member,21397,1,1,1,0.677240,0.508017,0.508017,1.593731,2.294034,1.244245,-1.593731
member,30758,9,8,0,1.596534,0.202597,0.670524,1.070938,1.449124,-1.196838,1.070938
member,26869,9,6,0,3.240121,0.039159,0.289799,1.803446,0.109951,-2.001552,1.803446
member,1704,4,6,0,4.179471,0.015307,0.309544,1.762463,-0.871686,-3.006814,1.762463
member,41473,7,9,0,1.848556,0.157464,0.357741,1.880818,0.482881,-0.820609,1.880818
member,49578,7,8,0,1.793636,0.166354,0.492719,1.324300,1.253720,-1.085819,1.324300
member,47742,2,6,0,2.689901,0.067888,0.261803,1.885013,0.781328,-1.349737,1.885013
member,11568,3,5,0,2.450614,0.086241,0.253706,2.071366,-0.350212,-1.079036,2.071366
member,31448,6,2,0,1.777178,0.169115,0.216374,2.078569,0.820446,-0.246431,2.078569
member,30878,2,2,1,0.691498,0.500825,0.500825,1.570642,3.099900,1.349119,-1.570642
member,34154,9,8,0,2.229876,0.107542,0.455378,1.504219,0.777475,-1.443249,1.504219
member,8407,5,6,0,1.942420,0.143357,0.267435,1.896127,1.185834,-0.623542,1.896127
member,45876,9,9,1,0.480706,0.618347,0.618347,1.106128,3.351995,1.277611,-1.106128
member,10016,8,8,1,0.526680,0.590563,0.590563,1.287101,2.282625,1.183950,-1.287101
member,11044,6,6,1,0.476795,0.620770,0.620770,1.322289,3.212667,1.404724,-1.322289
member,28437,3,8,0,5.034146,0.006512,0.787166,0.819752,-1.109453,-4.794830,0.819752
member,27224,5,2,0,2.414500,0.089412,0.187183,2.178871,-0.180457,-0.738831,2.178871
member,25453,7,9,0,2.787884,0.061551,0.239688,2.065550,-0.070592,-1.359467,2.065550
member,4421,6,7,0,2.209194,0.109789,0.295743,2.036966,0.650041,-0.990930,2.036966
member,1276,7,4,0,1.284021,0.276921,0.448557,1.518486,2.723765,-0.482301,1.518486
member,27243,8,6,0,5.225089,0.005380,0.347191,1.729189,-1.949743,-4.167208,1.729189
member,330,1,4,0,3.740222,0.023749,0.287725,1.941132,-0.551464,-2.494472,1.941132
member,20294,4,4,1,1.022612,0.359654,0.359654,1.701110,2.578773,0.394546,-1.701110
member,2432,3,5,0,1.390124,0.249045,0.337253,1.741307,1.417617,-0.303201,1.741307
member,6347,1,0,0,2.403203,0.090428,0.294504,1.898111,0.218601,-1.180739,1.898111
member,31809,2,2,1,0.869396,0.419205,0.419205,1.658058,2.259876,0.556833,-1.658058
member,23468,4,6,0,2.261013,0.104245,0.668022,1.197214,1.841636,-1.857579,1.197214
member,17391,3,6,0,2.392398,0.091410,0.310913,1.724720,1.311325,-1.224157,1.724720
member,36044,6,6,1,0.490785,0.612146,0.612146,1.402851,3.059145,1.858214,-1.402851
member,39580,2,0,0,4.674844,0.009327,0.523040,1.418931,-0.687692,-4.026748,1.418931
member,20255,3,0,0,3.476392,0.030919,0.826272,0.736062,0.009724,-3.285561,0.736062
member,26719,6,3,0,1.350333,0.259154,0.370936,1.654447,1.781235,-0.358607,1.654447
member,9725,7,4,0,2.753620,0.063697,0.310744,1.669245,0.815596,-1.584836,1.669245
member,42725,4,2,0,2.319203,0.098352,0.188467,2.223448,-0.202396,-0.650371,2.223448
member,14845,6,7,0,2.958536,0.051895,0.349349,1.896382,-0.388288,-1.906853,1.896382
member,4883,7,9,0,1.853950,0.156617,0.407246,1.840694,0.243888,-0.955613,1.840694
member,40465,7,5,0,1.719392,0.179175,0.224707,2.158947,0.523327,-0.226434,2.158947
member,41336,1,4,0,3.040396,0.047816,0.266176,2.116044,-0.714010,-1.716797,2.116044
member,9798,2,0,0,3.638456,0.026293,0.473395,1.366865,0.401025,-2.890630,1.366865
member,16429,6,2,0,1.645087,0.192996,0.264390,1.957642,1.199337,-0.314757,1.957642
member,4264,7,7,1,0.927044,0.395722,0.395722,1.848806,1.709416,1.134332,-1.848806
member,28501,6,6,1,0.750084,0.472327,0.472327,1.751890,2.030014,1.331533,-1.751890
member,48836,8,8,1,0.901312,0.406037,0.406037,1.611299,1.684069,0.525116,-1.611299
member,19785,2,6,0,1.525015,0.217618,0.331246,1.592382,2.936786,-0.420121,1.592382
member,15631,6,6,1,0.909977,0.402533,0.402533,1.703383,2.252748,0.937429,-1.703383
member,11901,9,9,1,0.250316,0.778554,0.778554,0.961788,3.136628,2.539935,-0.961788
member,16112,4,2,0,1.914986,0.147344,0.242410,2.013369,1.039925,-0.497862,2.013369
member,3715,7,2,0,3.242769,0.039056,0.398787,1.935221,-1.247501,-2.323442,1.935221
member,43725,8,9,0,1.787347,0.167404,0.670150,0.917695,3.157343,-1.387093,0.917695
member,1180,2,7,0,3.535615,0.029141,0.653625,1.253309,-0.033661,-3.110394,1.253309
member,6067,0,0,1,0.223697,0.799558,0.799558,0.840524,3.193496,2.325048,-0.840524
member,36253,8,2,0,3.525212,0.029446,0.301669,1.988968,-1.567556,-2.326786,1.988968
member,41883,7,4,0,2.776976,0.062226,0.343493,1.612982,1.438676,-1.708386,1.612982
member,949,3,5,0,2.502170,0.081907,0.203498,2.156677,-0.259932,-0.910071,2.156677
member,36502,2,0,0,4.078747,0.016929,0.915714,0.435605,0.683055,-3.990696,0.435605
member,8200,0,8,0,1.490339,0.225296,0.618958,1.143925,1.916723,-1.010621,1.143925
member,49180,8,1,0,2.491675,0.082771,0.439985,1.524611,0.157959,-1.670661,1.524611
member,48904,6,3,0,1.342970,0.261069,0.282556,1.790039,1.760651,-0.079092,1.790039
member,48861,0,0,1,0.384627,0.680704,0.680704,1.161298,2.771528,1.852550,-1.161298
member,42699,8,9,0,2.223656,0.108213,0.500278,1.474134,0.198998,-1.531064,1.474134
member,44390,3,0,0,2.891044,0.055518,0.225471,2.145706,-0.765873,-1.401482,2.145706
member,12146,6,6,1,1.601926,0.201508,0.201508,2.044975,1.178441,0.003807,-2.044975
member,29208,7,6,0,2.329975,0.097298,0.428228,1.557138,1.675210,-1.481875,1.557138
member,37981,1,2,0,2.490943,0.082832,0.399647,1.752434,0.153380,-1.573769,1.752434
member,20969,0,9,0,2.184307,0.112556,0.465839,1.301862,0.944330,-1.420391,1.301862
member,7990,9,8,0,1.815432,0.162768,0.525081,1.300388,1.545423,-1.171229,1.300388
member,4672,3,6,0,1.362337,0.256062,0.277826,1.929052,1.470603,-0.081576,1.929052
member,4459,1,6,0,4.369061,0.012663,0.404727,1.641922,-0.632087,-3.464519,1.641922
member,25593,2,5,0,2.010625,0.133905,0.284605,2.018468,-0.102054,-0.753973,2.018468
member,11113,6,1,0,4.021112,0.017933,0.403413,1.851766,-1.669008,-3.113318,1.851766
member,34680,4,0,0,4.330340,0.013163,0.182778,2.116194,-2.686424,-2.630855,2.116194
member,15868,1,9,0,1.209010,0.298493,0.355454,1.606128,1.715797,-0.174650,1.606128
member,31413,6,6,1,0.288829,0.749140,0.749140,1.005971,4.232565,2.480749,-1.005971
member,13620,8,8,1,0.347379,0.706537,0.706537,1.138085,2.699690,2.254343,-1.138085
member,4155,0,8,0,1.914237,0.147454,0.850425,0.434078,7.066476,-1.752218,0.434078
member,27884,2,7,0,2.081923,0.124690,0.508324,1.660541,0.703005,-1.405287,1.660541
member,16929,1,1,1,1.109833,0.329614,0.329614,1.688891,1.805110,0.101715,-1.688891
member,26669,7,7,1,0.936515,0.391991,0.391991,1.536739,2.089000,0.114434,-1.536739
member,46226,3,5,0,1.524613,0.217705,0.263281,1.699217,2.782891,-0.190082,1.699217
member,29242,5,0,0,2.099799,0.122481,0.291969,1.987575,-0.081050,-0.868690,1.987575
member,27539,7,2,0,1.485169,0.226464,0.233036,1.975687,1.186279,-0.028606,1.975687
member,25149,2,9,0,3.340761,0.035410,0.301498,1.797195,-0.580719,-2.141771,1.797195
member,20794,5,7,0,2.982533,0.050664,0.494821,1.695400,-0.120822,-2.278973,1.695400
member,18684,3,5,0,1.407610,0.244728,0.299488,1.928134,1.213292,-0.201929,1.928134
member,44361,5,2,0,2.404295,0.090329,0.289205,2.068038,-0.152037,-1.163675,2.068038
member,13326,0,9,0,2.239226,0.106541,0.639095,1.287638,0.655663,-1.791525,1.287638
member,34829,6,3,0,1.770417,0.170262,0.325359,1.896434,0.597934,-0.647590,1.896434
member,29952,1,1,1,0.626433,0.534495,0.534495,1.607958,2.495201,1.396887,-1.607958
member,22771,5,4,0,2.150845,0.116386,0.236155,2.016362,1.105584,-0.707579,2.016362
member,16947,1,9,0,2.014124,0.133437,0.572765,1.477724,0.420123,-1.456845,1.477724
member,7708,9,9,1,0.591551,0.553468,0.553468,1.520146,2.107723,1.320553,-1.520146
member,21155,6,6,1,0.949350,0.386992,0.386992,1.824071,2.143584,0.758746,-1.824071
member,2360,7,1,0,2.722104,0.065736,0.231515,2.091924,-0.004887,-1.258992,2.091924
member,49375,0,1,0,1.676697,0.186991,0.362898,1.835413,0.942449,-0.663063,1.835413
member,33641,8,8,1,0.805408,0.446905,0.446905,1.271026,2.527135,0.263845,-1.271026
member,34694,6,6,1,0.216861,0.805041,0.805041,0.836323,4.486016,2.607415,-0.836323
member,49723,0,5,0,4.595609,0.010096,0.216906,2.016687,-1.715665,-3.067316,2.016687
member,36525,6,6,1,0.573174,0.563734,0.563734,1.298441,3.083213,0.966437,-1.298441
member,12006,4,6,0,1.115219,0.327843,0.451927,1.386475,3.589738,-0.320985,1.386475
member,31489,8,0,0,1.397165,0.247297,0.723727,0.730267,3.181012,-1.073824,0.730267
member,39707,8,8,1,0.401507,0.669310,0.669310,0.926010,3.916347,1.035379,-0.926010
member,17008,1,1,1,0.147397,0.862951,0.862951,0.650861,3.687999,2.975579,-0.650861
member,26175,2,6,0,1.665173,0.189158,0.588300,1.298723,2.573101,-1.134654,1.298723
member,30833,6,9,0,3.836289,0.021574,0.377123,1.847734,-1.462926,-2.861104,1.847734
member,21444,8,0,0,1.200856,0.300936,0.468063,1.419894,1.998727,-0.441704,1.419894
member,43179,2,6,0,1.827798,0.160767,0.349728,1.538325,2.805096,-0.777198,1.538325
member,29987,9,1,0,1.380092,0.251555,0.254472,1.958834,0.937726,-0.011526,1.958834
member,30721,3,3,1,1.037398,0.354375,0.354375,1.776527,2.617782,0.700135,-1.776527
member,24787,8,9,0,2.522156,0.080286,0.595001,1.386993,0.384975,-2.002964,1.386993
member,44491,2,4,0,2.412403,0.089600,0.400430,1.500977,1.181339,-1.497187,1.500977
member,44778,0,9,0,2.224346,0.108138,0.444980,1.126445,1.801127,-1.414620,1.126445
member,32429,8,9,0,1.359037,0.256908,0.446045,1.245806,2.970621,-0.551702,1.245806
member,10989,0,0,1,0.963545,0.381538,0.381538,1.608381,1.956840,0.418028,-1.608381
member,22847,0,0,1,0.027342,0.973029,0.973029,0.143037,7.033175,3.809592,-0.143037
member,6676,7,7,1,0.997033,0.368973,0.368973,1.946892,1.194335,0.722482,-1.946892
member,14528,0,0,1,0.360161,0.697564,0.697564,0.746083,4.627430,0.929109,-0.746083
member,15809,1,7,0,1.790865,0.166816,0.212028,2.108071,0.785214,-0.239828,2.108071
member,3502,5,1,0,2.513860,0.080955,0.409852,1.702820,-0.068998,-1.621902,1.702820
member,11948,8,8,1,0.518140,0.595627,0.595627,1.247294,2.027020,1.281757,-1.247294
member,11209,4,4,1,1.005274,0.365944,0.365944,1.503276,3.984535,0.068281,-1.503276
member,4108,3,3,1,1.373665,0.253177,0.253177,1.994995,1.700776,0.327655,-1.994995
member,5035,7,5,0,2.895413,0.055276,0.201050,2.092206,-0.427064,-1.291212,2.092206
member,43562,3,1,0,2.460249,0.085414,0.318129,1.758088,0.821782,-1.314950,1.758088
member,18272,4,8,0,4.390916,0.012389,0.372525,1.539049,-1.315283,-3.403464,1.539049
member,47262,9,9,1,0.810576,0.444602,0.444602,1.544541,2.154408,0.463821,-1.544541
member,2522,5,2,0,2.212514,0.109425,0.269380,2.033499,0.391637,-0.900881,2.033499
member,23166,9,8,0,1.373392,0.253246,0.361176,1.791375,1.134765,-0.355004,1.791375
member,24676,0,9,0,3.494336,0.030369,0.198851,1.986288,-1.045333,-1.879135,1.986288
member,38153,9,1,0,1.151886,0.316040,0.468621,1.398324,1.920036,-0.393924,1.398324
member,7168,0,8,0,1.065137,0.344681,0.501700,1.163629,2.674606,-0.375384,1.163629
member,12365,7,7,1,1.089196,0.336487,0.336487,1.784911,2.495223,0.248452,-1.784911
member,21082,7,6,0,2.051980,0.128480,0.367448,1.760671,0.984714,-1.050806,1.760671
member,43741,4,6,0,2.440411,0.087125,0.452312,1.630980,0.167545,-1.647028,1.630980
member,39135,3,5,0,2.290878,0.101178,0.217722,2.086452,-0.356549,-0.766343,2.086452
member,33582,3,7,0,2.556579,0.077570,0.339679,1.742321,0.786190,-1.476825,1.742321
member,31702,4,4,1,0.498813,0.607251,0.607251,1.414733,3.097295,1.718618,-1.414733
member,38237,8,9,0,1.593640,0.203185,0.286337,1.679411,1.015585,-0.343056,1.679411
member,22358,1,9,0,2.724863,0.065555,0.441383,1.761367,0.049406,-1.907020,1.761367
member,48246,0,0,1,0.151258,0.859626,0.859626,0.549762,4.437681,2.184536,-0.549762
member,5929,8,8,1,0.372161,0.689243,0.689243,1.133083,2.836174,1.852904,-1.133083
member,38282,1,0,0,4.165072,0.015529,0.588822,1.308952,-1.370118,-3.635441,1.308952
member,40523,4,0,0,6.058973,0.002337,0.464010,1.413857,-2.471375,-5.291124,1.413857
member,14749,6,9,0,1.011908,0.363525,0.487982,1.276814,2.278173,-0.294432,1.276814
member,11034,5,8,0,5.533756,0.003951,0.637897,1.059299,-1.404835,-5.084177,1.059299
member,25200,2,6,0,2.592288,0.074849,0.582794,1.272146,1.310680,-2.052366,1.272146
member,29458,9,0,0,3.222991,0.039836,0.573435,1.102581,1.196081,-2.666880,1.102581
member,1175,6,6,1,1.158541,0.313944,0.313944,1.863969,1.520694,0.348724,-1.863969
member,38937,0,0,1,1.018398,0.361173,0.361173,1.584723,2.262426,0.229250,-1.584723
member,48125,8,8,1,0.445340,0.640607,0.640607,1.127481,2.939414,1.097679,-1.127481
member,47642,1,9,0,1.642943,0.193410,0.417258,1.663508,0.603524,-0.768893,1.663508
member,6049,4,5,0,2.840891,0.058374,0.239370,1.878715,0.224004,-1.411144,1.878715
member,35664,6,4,0,1.798442,0.165557,0.328744,1.822259,1.765313,-0.685965,1.822259
member,38144,5,2,0,2.646420,0.070905,0.336502,1.820077,0.408749,-1.557270,1.820077
member,33825,7,9,0,1.876513,0.153123,0.222269,1.999921,0.901936,-0.372645,1.999921
member,25386,8,3,0,3.882556,0.020598,0.428321,1.691401,-0.728689,-3.034674,1.691401
member,41041,8,7,0,2.249579,0.105444,0.296289,1.764342,0.307509,-1.033161,1.764342
member,24932,1,0,0,1.251317,0.286128,0.580199,1.048431,3.066758,-0.706934,1.048431
member,9763,2,4,0,2.764233,0.063024,0.441706,1.278954,2.382715,-1.947121,1.278954
member,36881,6,4,0,1.273010,0.279988,0.369118,1.638980,2.452489,-0.276371,1.638980
member,3776,4,2,0,1.970860,0.139337,0.352148,1.588847,1.937528,-0.927155,1.588847
member,10003,8,2,0,6.520885,0.001472,0.396570,1.687491,-3.475231,-5.595982,1.687491
member,13033,2,9,0,3.223055,0.039833,0.311131,1.934244,-0.875460,-2.055513,1.934244
member,19663,5,5,1,1.833029,0.159928,0.159928,2.216597,0.191074,0.018989,-2.216597
member,3037,2,2,1,1.419723,0.241781,0.241781,1.986554,1.478267,0.197145,-1.986554
member,46901,5,0,0,2.039573,0.130084,0.266983,1.969473,-0.099354,-0.719003,1.969473
member,7063,3,9,0,2.436193,0.087493,0.405129,1.621142,0.411867,-1.532642,1.621142
member,4233,8,8,1,0.356106,0.700398,0.700398,0.994187,2.941566,1.684208,-0.994187
member,27604,4,4,1,1.310812,0.269601,0.269601,1.897387,1.798478,0.086823,-1.897387
member,19646,6,1,0,3.193220,0.041040,0.350220,1.663934,-0.082526,-2.144026,1.663934
member,4982,3,3,1,1.148398,0.317145,0.317145,1.972362,1.419989,0.434758,-1.972362
member,21176,4,9,0,3.883470,0.020579,0.501118,1.676928,-1.217628,-3.192556,1.676928
member,48271,8,8,1,0.584712,0.557266,0.557266,1.255342,2.535073,1.095694,-1.255342
member,469,7,4,0,2.568144,0.076678,0.410118,1.452303,1.683816,-1.676835,1.452303
member,12859,4,0,0,7.752809,0.000430,0.609102,1.068366,-3.444050,-7.257039,1.068366
member,33449,2,5,0,1.799920,0.165312,0.177665,2.093556,0.895679,-0.072064,2.093556
member,18378,8,1,0,3.624205,0.026670,0.351402,1.738193,-0.315736,-2.578379,1.738193
member,25309,3,5,0,2.774062,0.062408,0.370259,1.932413,-0.675320,-1.780510,1.932413
member,24708,7,1,0,3.498252,0.030250,0.243236,1.877677,-0.339605,-2.084529,1.877677
member,29070,4,4,1,0.912476,0.401529,0.401529,1.837401,2.482322,1.118893,-1.837401
member,4775,1,9,0,2.812740,0.060040,0.464574,1.439230,0.048511,-2.046107,1.439230
member,25024,4,7,0,1.858691,0.155876,0.260721,1.973458,0.558026,-0.514385,1.973458
member,33432,9,9,1,0.872177,0.418040,0.418040,1.363503,2.163150,0.024200,-1.363503
member,17075,6,6,1,0.730005,0.481907,0.481907,1.480243,3.482619,0.704324,-1.480243
member,18054,4,2,0,4.374032,0.012600,0.349906,1.775891,-1.821846,-3.323941,1.775891
member,11668,3,1,0,2.535780,0.079200,0.599657,1.387924,0.552269,-2.024383,1.387924
member,1097,0,9,0,3.521887,0.029544,0.382345,1.912431,-1.145232,-2.560456,1.912431
member,5370,2,9,0,2.624944,0.072444,0.261429,2.013350,-1.164146,-1.283353,2.013350
member,39072,8,1,0,1.242804,0.288574,0.311405,1.588004,1.436012,-0.076142,1.588004
member,30513,2,4,0,1.925931,0.145740,0.199146,2.105656,0.880863,-0.312215,2.105656
member,1282,8,8,1,1.613235,0.199242,0.199242,2.098771,1.209995,0.076135,-2.098771
member,37580,9,9,1,0.898873,0.407028,0.407028,1.622928,2.161798,0.370514,-1.622928
member,41091,1,0,0,3.136599,0.043430,0.529848,1.440421,-0.279440,-2.501434,1.440421
member,12581,5,6,0,2.926299,0.053595,0.280850,1.849183,0.074238,-1.656365,1.849183
member,39515,2,6,0,1.601069,0.201681,0.300387,1.680891,2.205991,-0.398385,1.680891
member,48074,2,0,0,2.561644,0.077178,0.828155,0.739248,0.638050,-2.373089,0.739248
member,15477,2,0,0,2.524523,0.080096,0.240923,2.084486,-0.576799,-1.101246,2.084486
member,5522,6,4,0,1.225782,0.293528,0.409785,1.584759,2.716362,-0.333659,1.584759
member,23811,7,9,0,1.912404,0.147725,0.359854,1.975001,0.366938,-0.890346,1.975001
member,48466,7,5,0,2.733132,0.065015,0.192618,1.985113,0.029375,-1.086085,1.985113
member,33046,7,1,0,5.275165,0.005117,0.399104,1.690343,-2.653578,-4.356632,1.690343
member,38195,7,7,1,1.262997,0.282805,0.282805,1.833630,1.227069,0.127318,-1.833630
member,21193,3,5,0,1.689962,0.184526,0.276997,2.054053,0.932566,-0.406213,2.054053
member,45271,5,5,1,1.456219,0.233116,0.233116,2.057030,1.106436,0.159111,-2.057030
member,10741,0,0,1,0.026594,0.973756,0.973756,0.158865,6.551647,4.480488,-0.158865
member,48559,9,9,1,0.791921,0.452974,0.452974,1.676571,1.782744,0.664157,-1.676571
member,25841,6,4,0,1.835512,0.159532,0.466522,1.602139,1.802627,-1.073062,1.602139
member,43816,5,6,0,1.898264,0.149829,0.345317,1.694975,1.782356,-0.834971,1.694975
member,842,7,9,0,1.387549,0.249687,0.436527,1.696911,1.663256,-0.558645,1.696911
member,10054,1,3,0,2.032841,0.130963,0.319054,1.923765,1.210183,-0.890446,1.923765
member,2059,5,1,0,2.385239,0.092067,0.167113,2.138685,-0.098346,-0.596151,2.138685
member,6204,4,6,0,1.746927,0.174309,0.229745,1.996863,0.829104,-0.276141,1.996863
member,6175,4,6,0,2.670517,0.069216,0.598685,1.376401,1.233122,-2.157497,1.376401
member,7365,4,4,1,1.084907,0.337933,0.337933,1.720910,2.480827,0.167456,-1.720910
member,38301,8,8,1,0.462167,0.629917,0.629917,1.266603,3.026301,1.699536,-1.266603
member,3919,4,7,0,2.992518,0.050161,0.256904,2.048723,-0.560190,-1.633466,2.048723
member,32633,7,7,1,1.324512,0.265933,0.265933,1.803170,2.162177,0.250015,-1.803170
member,12551,1,1,1,0.255955,0.774177,0.774177,0.964198,3.625587,2.273343,-0.964198
member,40576,1,9,0,1.174617,0.308937,0.380675,1.647161,1.461671,-0.208808,1.647161
member,33748,1,1,1,0.602983,0.547177,0.547177,1.518355,2.978685,1.375899,-1.518355
member,9531,5,3,0,1.798757,0.165505,0.242755,2.110100,0.688229,-0.383052,2.110100
member,7220,3,1,0,2.985609,0.050509,0.234706,2.072289,-0.485395,-1.536189,2.072289
member,21671,8,0,0,1.220232,0.295162,0.340834,1.686681,1.376284,-0.143873,1.686681
member,16781,5,5,1,0.817053,0.441731,0.441731,1.822363,1.759864,1.193715,-1.822363
member,41581,3,6,0,2.347215,0.095635,0.495882,1.485376,1.393611,-1.645798,1.485376
member,49612,5,2,0,2.829578,0.059038,0.240092,1.988768,0.286450,-1.402846,1.988768
member,10389,2,6,0,2.253063,0.105077,0.471963,1.335417,2.451102,-1.502208,1.335417
member,29212,1,9,0,2.443800,0.086830,0.446207,1.742149,0.336945,-1.636828,1.742149
member,17176,9,8,0,1.266830,0.281723,0.560817,1.232972,2.012321,-0.688470,1.232972
member,46988,7,7,1,1.237966,0.289973,0.289973,1.900219,1.447706,0.071668,-1.900219
member,47498,2,8,0,1.669760,0.188292,0.354706,1.683424,1.019387,-0.633293,1.683424
member,1710,3,6,0,2.176243,0.113467,0.199005,2.049518,1.073428,-0.561816,2.049518
member,47541,3,5,0,2.193233,0.111556,0.182314,2.158098,0.480083,-0.491208,2.158098
member,46407,6,3,0,1.524994,0.217622,0.259130,2.001169,1.192793,-0.174569,2.001169
member,26941,9,9,1,0.752817,0.471038,0.471038,1.520541,2.213295,0.833515,-1.520541
member,33611,1,1,1,1.246045,0.287640,0.287640,1.924370,1.290526,0.155193,-1.924370
member,28107,2,7,0,1.711082,0.180670,0.340988,1.831277,0.694563,-0.635175,1.831277
member,31398,6,4,0,2.209585,0.109746,0.168833,2.195346,0.020061,-0.430740,2.195346
member,46192,0,0,1,0.651247,0.521395,0.521395,1.398445,2.140100,0.746608,-1.398445
member,3168,6,4,0,1.396329,0.247504,0.428709,1.562189,2.570170,-0.549351,1.562189
member,48315,3,6,0,3.777394,0.022882,0.376724,1.510913,0.145343,-2.801152,1.510913
member,25984,2,9,0,4.274615,0.013917,0.850046,0.643633,-0.674748,-4.112150,0.643633
member,5046,3,5,0,2.563135,0.077063,0.344712,1.709871,0.616638,-1.498091,1.709871
member,15712,7,2,0,2.393657,0.091295,0.260889,1.952921,0.427570,-1.049997,1.952921
member,3210,2,5,0,1.567019,0.208666,0.363911,1.727705,1.509537,-0.556172,1.727705
member,45042,2,0,0,1.593880,0.203136,0.258930,1.966833,1.187256,-0.242684,1.966833
member,14085,2,6,0,2.210199,0.109679,0.342638,1.853447,0.719263,-1.139118,1.853447
member,14764,1,9,0,4.097692,0.016611,0.497360,1.030500,-0.315299,-3.399250,1.030500
member,44102,1,1,1,0.975162,0.377131,0.377131,1.874435,1.562830,1.071796,-1.874435
member,19413,8,0,0,1.394992,0.247835,0.417468,1.358241,1.565875,-0.521445,1.358241
member,4348,0,9,0,1.167530,0.311134,0.341323,1.731156,0.615375,-0.092604,1.731156
member,12725,8,0,0,2.443979,0.086815,0.403100,1.893744,-0.140840,-1.535408,1.893744
member,34024,9,2,0,4.543637,0.010635,0.377403,1.300891,-0.833784,-3.569194,1.300891
member,41113,5,5,1,0.831758,0.435283,0.435283,1.698082,2.259607,1.238905,-1.698082
member,37931,0,0,1,0.039429,0.961338,0.961338,0.214811,5.413141,3.891060,-0.214811
member,16253,0,9,0,2.794391,0.061152,0.433387,1.721253,-0.111641,-1.958267,1.721253
member,42984,0,0,1,0.018533,0.981638,0.981638,0.103527,7.535518,4.160973,-0.103527
member,27291,9,2,0,2.275188,0.102778,0.300214,2.108050,0.193380,-1.071929,2.108050
member,13912,8,0,0,2.493394,0.082629,0.656929,1.008559,1.656083,-2.073215,1.008559
member,26574,9,9,1,1.430793,0.239119,0.239119,1.794137,1.470791,0.067410,-1.794137
member,43740,0,1,0,1.453634,0.233719,0.377006,1.710481,1.362683,-0.478139,1.710481
member,15673,2,6,0,2.601415,0.074169,0.586120,1.361350,1.805149,-2.067185,1.361350
member,3396,5,8,0,5.404131,0.004498,0.491643,1.260634,-2.007795,-4.694128,1.260634
member,11070,6,2,0,2.913534,0.054284,0.235482,1.988265,-0.217852,-1.467411,1.988265
member,45455,1,2,0,2.711468,0.066439,0.237271,2.017606,-0.454521,-1.272914,2.017606
member,9887,4,7,0,2.214843,0.109171,0.719754,1.090413,1.020758,-1.885997,1.090413
member,22903,2,9,0,1.621876,0.197528,0.389146,1.812612,0.485388,-0.678076,1.812612
member,16828,7,7,1,1.283514,0.277062,0.277062,1.938348,1.884714,0.215683,-1.938348
member,20251,7,6,0,2.861273,0.057196,0.288339,1.965265,-0.288794,-1.617653,1.965265
member,43249,5,2,0,2.464830,0.085023,0.327857,1.928747,-0.148217,-1.349652,1.928747
member,33083,2,1,0,1.702891,0.182156,0.278581,1.857137,0.895126,-0.424843,1.857137
member,48498,2,0,0,1.969164,0.139573,0.307540,2.013277,0.755004,-0.790014,2.013277
member,13247,3,3,1,1.234632,0.290942,0.290942,1.846277,2.282213,0.227995,-1.846277
member,18097,1,7,0,3.392095,0.033638,0.432793,1.585164,-0.334584,-2.554599,1.585164
member,20565,7,4,0,3.186199,0.041329,0.246552,1.750269,0.469386,-1.786016,1.750269
member,35974,9,1,0,1.948949,0.142424,0.384627,1.884326,0.430840,-0.993467,1.884326
member,32459,4,2,0,2.285951,0.101677,0.204523,2.122798,0.082004,-0.698878,2.122798
member,7272,6,4,0,2.272533,0.103051,0.303860,2.019014,0.855044,-1.081344,2.019014
member,18874,7,8,0,3.411444,0.032994,0.390163,1.656828,-0.772771,-2.470252,1.656828
member,17624,8,9,0,1.033025,0.355929,0.435230,1.239937,2.696370,-0.201145,1.239937
member,37773,3,5,0,1.803709,0.164687,0.278988,1.887199,0.902111,-0.527124,1.887199
member,4829,3,8,0,4.406651,0.012196,0.577183,1.336945,-1.455465,-3.857054,1.336945
member,4855,3,0,0,2.085044,0.124302,0.234736,1.908242,-0.387017,-0.635749,1.908242
member,33173,6,6,1,0.948330,0.387387,0.387387,1.566764,3.282099,0.633156,-1.566764
member,21212,9,9,1,0.835086,0.433837,0.433837,1.806408,1.944937,1.196405,-1.806408
member,16754,3,5,0,2.646116,0.070926,0.341658,1.918540,-0.297123,-1.572170,1.918540
member,32891,5,1,0,1.792662,0.166516,0.207121,2.043381,0.785727,-0.218208,2.043381
member,27947,5,5,1,1.003990,0.366415,0.366415,1.646349,1.622961,0.164224,-1.646349
member,15335,3,5,0,1.822951,0.161548,0.187466,2.185155,0.293616,-0.148792,2.185155
member,46683,2,2,1,0.627940,0.533690,0.533690,1.611083,2.424916,1.537080,-1.611083
member,16162,7,2,0,1.293954,0.274185,0.319650,1.867994,1.755523,-0.153424,1.867994
member,24449,7,4,0,2.231138,0.107406,0.448413,1.319701,2.804575,-1.429097,1.319701
member,3570,0,9,0,1.077960,0.340289,0.420911,1.438782,1.846111,-0.212626,1.438782
member,29637,2,6,0,2.222584,0.108329,0.367772,1.815992,0.910009,-1.222292,1.815992
member,42039,0,0,1,0.254728,0.775127,0.775127,0.943689,3.232546,2.300054,-0.943689
member,16125,8,9,0,1.975938,0.138631,0.352067,1.689092,0.392816,-0.932004,1.689092
member,7949,8,8,1,0.782385,0.457314,0.457314,1.613722,2.391195,0.851024,-1.613722
member,44804,4,7,0,2.119858,0.120049,0.408133,1.877536,0.690957,-1.223697,1.877536
member,34330,3,6,0,2.330975,0.097201,0.607818,1.363438,1.264297,-1.833095,1.363438
member,2493,7,7,1,1.197563,0.301929,0.301929,2.057081,1.299139,0.819524,-2.057081
member,47486,0,9,0,1.122911,0.325331,0.399544,1.578618,1.655484,-0.205480,1.578618
member,13150,5,3,0,2.115942,0.120520,0.204952,2.117019,0.709883,-0.530965,2.117019
member,33198,1,8,0,1.587708,0.204394,0.506660,1.426466,1.715969,-0.907793,1.426466
member,17031,1,1,1,0.838126,0.432520,0.432520,1.660292,2.226889,0.872373,-1.660292
member,39393,8,2,0,2.053777,0.128250,0.249525,1.988794,0.292692,-0.665582,1.988794
member,47114,8,9,0,1.400682,0.246429,0.442443,1.196292,3.016063,-0.585238,1.196292
member,14595,2,4,0,2.132184,0.118578,0.354184,1.554721,2.369555,-1.094245,1.554721
member,33942,8,0,0,1.596264,0.202652,0.447521,1.394505,1.727412,-0.792232,1.394505
member,15500,0,0,1,0.056086,0.945458,0.945458,0.272023,5.360435,3.244441,-0.272023
member,11165,5,5,1,1.377905,0.252106,0.252106,1.849492,1.441824,0.087606,-1.849492
member,48146,2,7,0,2.146552,0.116886,0.239795,2.095476,0.445216,-0.718582,2.095476
member,29645,2,2,1,0.800992,0.448883,0.448883,1.692370,2.242242,0.915471,-1.692370
member,36288,9,2,0,4.320760,0.013290,0.425063,1.660158,-1.296341,-3.465242,1.660158
member,33599,1,8,0,1.082507,0.338745,0.488810,1.297793,1.944982,-0.366726,1.297793
member,18442,3,9,0,2.174648,0.113648,0.266097,1.970198,0.041851,-0.850752,1.970198
member,6923,0,8,0,1.975309,0.138718,0.840944,0.525526,3.782836,-1.802080,0.525526
member,36511,3,2,0,1.956370,0.141371,0.210922,2.134160,0.581545,-0.400102,2.134160
member,46481,2,0,0,2.494512,0.082537,0.644398,1.334872,0.095635,-2.055073,1.334872
member,8492,6,7,0,1.837116,0.159276,0.341525,1.771519,1.777178,-0.762783,1.771519
member,29050,3,3,1,1.520468,0.218610,0.218610,1.915152,1.560939,0.080590,-1.915152
member,19647,3,5,0,2.036277,0.130514,0.256722,1.903169,0.902826,-0.676517,1.903169
member,11474,0,3,0,5.260271,0.005194,0.327853,1.777179,-2.277996,-4.145081,1.777179
member,25787,0,2,0,3.407755,0.033115,0.198127,2.171372,-1.157850,-1.788908,2.171372
member,10271,1,1,1,0.562339,0.569874,0.569874,1.451812,3.065885,1.295064,-1.451812
member,19304,7,4,0,1.280676,0.277849,0.312150,1.749559,1.779723,-0.116405,1.749559
member,28153,8,0,0,2.357787,0.094629,0.796341,0.778824,1.431253,-2.130059,0.778824
member,27705,2,1,0,2.114920,0.120643,0.273649,1.851369,0.237378,-0.819012,1.851369
member,47008,3,2,0,1.325385,0.265701,0.319529,1.887379,1.514848,-0.184477,1.887379
member,37284,6,4,0,1.572085,0.207612,0.309929,1.632349,2.136727,-0.400672,1.632349
member,40351,5,2,0,3.393979,0.033575,0.272661,1.909141,-0.410841,-2.094453,1.909141
member,23678,6,6,1,0.797700,0.450364,0.450364,1.646616,2.684026,0.776292,-1.646616
member,1863,4,7,0,2.134551,0.118298,0.590483,1.359560,1.918500,-1.607737,1.359560
member,39934,9,3,0,5.556204,0.003863,0.335003,1.646548,-2.255595,-4.462587,1.646548
member,2593,8,8,1,0.334619,0.715611,0.715611,0.906718,3.914850,1.452925,-0.906718
member,11037,1,9,0,1.674984,0.187311,0.489831,1.527620,0.465721,-0.961290,1.527620
member,33899,2,2,1,1.444631,0.235833,0.235833,1.948826,1.087944,0.035159,-1.948826
member,4976,2,0,0,1.605301,0.200829,0.314365,1.938733,0.704538,-0.448102,1.938733
member,13632,7,2,0,2.293510,0.100912,0.239261,2.070140,-0.228105,-0.863310,2.070140
member,20638,3,0,0,3.082336,0.045852,0.474222,1.616351,-0.607522,-2.336257,1.616351
member,33647,0,2,0,3.481047,0.030775,0.329425,2.008047,-0.705894,-2.370639,2.008047
member,36557,9,0,0,1.691674,0.184211,0.229073,2.082623,0.388913,-0.217962,2.082623
member,22309,7,2,0,3.385914,0.033847,0.470367,1.594522,-0.029280,-2.631671,1.594522
member,26376,0,0,1,0.035083,0.965525,0.965525,0.173857,6.400448,3.532229,-0.173857
member,41376,5,1,0,2.582695,0.075570,0.552257,1.620099,0.362262,-1.988954,1.620099
member,28503,6,6,1,1.006489,0.365500,0.365500,1.540709,3.421153,0.069446,-1.540709
member,34232,9,9,1,1.075406,0.341159,0.341159,1.873831,0.965217,0.341721,-1.873831
member,3698,6,6,1,1.179917,0.307304,0.307304,1.887603,1.278922,0.196894,-1.887603
member,26139,6,6,1,0.687316,0.502924,0.502924,1.312052,4.646500,0.563405,-1.312052
member,42602,2,6,0,3.208153,0.040431,0.855165,0.645692,1.904871,-3.051692,0.645692
member,29490,8,6,0,4.378270,0.012547,0.202752,2.101127,-1.733718,-2.782498,2.101127
member,45839,8,9,0,3.676196,0.025319,0.308868,1.746631,-1.182655,-2.501354,1.746631
member,14736,8,0,0,1.028681,0.357478,0.528485,1.141380,2.294563,-0.390941,1.141380
member,35955,2,6,0,1.849964,0.157243,0.530227,1.552622,1.157950,-1.215514,1.552622
member,3519,4,4,1,0.734740,0.479630,0.479630,1.453457,3.653187,0.718049,-1.453457
member,29413,0,6,0,3.365409,0.034548,0.238318,1.998722,-0.499887,-1.931261,1.998722
member,43374,4,4,1,0.880486,0.414582,0.414582,1.377551,3.803311,0.102644,-1.377551
member,4962,4,6,0,0.850342,0.427269,0.449302,1.159125,4.472274,-0.050282,1.159125
member,47215,0,0,1,0.595635,0.551213,0.551213,1.300006,2.270319,0.806439,-1.300006
member,17770,4,6,0,2.151350,0.116327,0.312970,1.801487,1.616705,-0.989702,1.801487
member,16071,8,8,1,0.131969,0.876368,0.876368,0.512840,4.835387,2.727619,-0.512840
member,45842,9,9,1,0.686561,0.503304,0.503304,1.474879,2.240000,0.744668,-1.474879
member,3885,8,9,0,3.127783,0.043815,0.512746,1.534986,-0.305412,-2.459808,1.534986
member,21824,2,8,0,3.701567,0.024685,0.474256,1.217433,-0.259762,-2.955560,1.217433
member,15724,5,3,0,2.116988,0.120394,0.278703,1.984914,0.665529,-0.839380,1.984914
member,2004,2,6,0,1.798077,0.165617,0.235073,1.979555,1.287402,-0.350218,1.979555
member,6056,4,4,1,0.550007,0.576946,0.576946,1.398358,3.572763,1.395148,-1.398358
member,22292,1,9,0,2.543668,0.078578,0.316832,1.843296,0.028848,-1.394286,1.843296
member,3136,0,1,0,4.505595,0.011047,0.223464,2.053455,-1.756715,-3.007091,2.053455
member,21728,3,2,0,1.749792,0.173810,0.247489,2.089176,0.888245,-0.353403,2.089176
member,13097,5,5,1,1.720868,0.178911,0.178911,2.038505,1.628649,0.139748,-2.038505
member,34427,9,1,0,2.552766,0.077866,0.818466,0.781394,1.679189,-2.352443,0.781394
member,44343,5,7,0,1.966548,0.139939,0.251432,2.119319,0.215279,-0.585964,2.119319
member,49721,2,1,0,3.172554,0.041896,0.394089,1.891339,-0.071804,-2.241375,1.891339
member,44726,1,0,0,1.700722,0.182552,0.404468,1.397990,2.029810,-0.795538,1.397990
member,4315,7,2,0,2.103803,0.121992,0.265951,1.890672,0.539040,-0.779358,1.890672
member,11433,2,4,0,2.733827,0.064970,0.487309,1.625913,0.697879,-2.014970,1.625913
member,33238,3,1,0,2.201376,0.110651,0.195668,2.153689,-0.146601,-0.570041,2.153689
member,47412,9,9,1,0.959926,0.382921,0.382921,1.575626,1.958116,0.236658,-1.575626
member,29366,4,6,0,1.593677,0.203177,0.417334,1.555900,2.134391,-0.719809,1.555900
member,31023,0,9,0,1.766923,0.170858,0.287616,1.932638,0.576227,-0.520796,1.932638
member,17621,1,7,0,4.603431,0.010017,0.549436,1.509126,-1.269255,-4.004567,1.509126
member,13352,5,5,1,1.254992,0.285078,0.285078,1.921543,1.753053,0.448282,-1.921543
member,25260,5,2,0,1.840833,0.158685,0.379229,1.722472,1.164755,-0.871219,1.722472
member,4805,6,6,1,0.862186,0.422238,0.422238,1.612827,3.002131,0.753788,-1.612827
member,45636,5,2,0,1.294259,0.274101,0.311070,1.821721,1.605476,-0.126523,1.821721
member,29468,0,0,1,0.696589,0.498282,0.498282,1.259104,2.359102,0.430616,-1.259104
member,30896,3,0,0,2.392715,0.091381,0.221447,2.021858,-0.078080,-0.885142,2.021858
member,22883,7,3,0,1.453245,0.233810,0.368423,1.779940,1.688704,-0.454721,1.779940
member,42328,2,4,0,2.281363,0.102145,0.400438,1.857455,0.759257,-1.366167,1.857455
member,28814,2,1,0,2.428260,0.088190,0.576471,1.489764,0.788430,-1.877430,1.489764
member,34796,9,9,1,1.196402,0.302280,0.302280,1.848981,1.485797,0.071379,-1.848981
member,48680,9,0,0,1.694590,0.183674,0.460790,1.439706,1.583647,-0.919778,1.439706
member,16522,3,4,0,1.922521,0.146238,0.259582,1.999595,1.042033,-0.573838,1.999595
member,34410,4,4,1,0.983754,0.373905,0.373905,1.679667,2.696157,0.676297,-1.679667
member,30293,1,1,1,0.169773,0.843856,0.843856,0.717390,3.706684,2.794944,-0.717390
member,16861,8,0,0,1.175126,0.308780,0.537183,1.237501,2.258257,-0.553710,1.237501
member,37199,0,8,0,1.379103,0.251804,0.371163,1.334394,2.552552,-0.387990,1.334394
member,37714,6,4,0,2.588520,0.075131,0.396193,1.728183,1.034671,-1.662666,1.728183
member,26361,0,2,0,3.618634,0.026819,0.206003,2.051887,-1.073005,-2.038770,2.051887
member,23392,5,2,0,1.935254,0.144388,0.280205,1.884744,1.409442,-0.663019,1.884744
member,40906,0,9,0,1.644521,0.193105,0.333924,1.931334,0.496711,-0.547680,1.931334
member,36273,3,1,0,2.838837,0.058494,0.723454,1.101061,1.251870,-2.515119,1.101061
member,34975,9,9,1,0.332362,0.717227,0.717227,1.042488,3.665324,2.000889,-1.042488
member,48571,5,1,0,2.112863,0.120891,0.245449,2.125520,-0.048925,-0.708196,2.125520
member,22636,1,1,1,1.203843,0.300039,0.300039,1.959693,1.252324,0.280778,-1.959693
member,38160,5,4,0,1.882574,0.152198,0.275985,1.863032,1.465169,-0.595164,1.863032
member,32790,0,9,0,3.945540,0.019341,0.428818,1.748083,-1.487876,-3.098817,1.748083
member,34515,9,9,1,0.988009,0.372317,0.372317,1.666737,1.390365,0.271510,-1.666737
member,341,0,0,1,0.451718,0.636534,0.636534,1.312708,2.190567,1.616209,-1.312708
member,28851,5,7,0,1.907223,0.148492,0.233558,2.032408,0.792945,-0.452897,2.032408
member,15639,2,0,0,1.924073,0.146011,0.269169,2.051765,0.333942,-0.611659,2.051765
member,7481,6,4,0,1.923379,0.146112,0.184390,2.096610,0.627468,-0.232680,2.096610
member,22172,8,7,0,3.201833,0.040688,0.201896,2.202727,-0.962997,-1.601829,2.202727
member,16235,0,0,1,0.599038,0.549340,0.549340,0.739508,5.813985,0.215528,-0.739508
member,34439,3,7,0,2.632367,0.071908,0.305161,1.854940,0.398290,-1.445452,1.854940
member,9303,6,6,1,1.097688,0.333641,0.333641,1.841309,2.103892,0.600848,-1.841309
member,31763,8,2,0,3.294873,0.037073,0.376775,1.797994,-0.289672,-2.318766,1.797994
member,4408,8,9,0,2.485258,0.083304,0.410556,1.414306,0.536542,-1.595014,1.414306
member,15127,3,5,0,2.532247,0.079480,0.218716,1.997572,0.418698,-1.012266,1.997572
member,20465,3,6,0,3.274806,0.037824,0.315027,1.900571,-0.671187,-2.119708,1.900571
member,15178,4,4,1,0.569991,0.565531,0.565531,1.524480,2.962509,1.612835,-1.524480
member,16048,0,0,1,1.225994,0.293466,0.293466,2.011206,0.841302,0.616950,-2.011206
member,22269,1,0,0,3.269181,0.038038,0.574214,1.175093,0.220615,-2.714427,1.175093
member,48938,7,9,0,3.511996,0.029837,0.384675,1.821129,-0.743464,-2.556638,1.821129
member,19681,3,9,0,2.468128,0.084743,0.355991,1.847137,-0.451566,-1.435278,1.847137
member,18683,1,9,0,2.888040,0.055685,0.254649,2.020817,-0.537977,-1.520170,2.020817
member,35535,6,4,0,1.812396,0.163262,0.247972,1.974802,1.750195,-0.417956,1.974802
member,16107,9,9,1,1.062060,0.345743,0.345743,2.044150,1.278843,1.149943,-2.044150
member,13759,2,5,0,2.196620,0.111178,0.247799,2.062295,-0.543613,-0.801480,2.062295
member,24493,9,5,0,1.886982,0.151528,0.427151,1.797276,0.378019,-1.036365,1.797276
member,33814,3,7,0,2.362937,0.094143,0.192630,2.017176,0.552709,-0.715952,2.017176
member,38796,0,8,0,0.914161,0.400853,0.556579,0.872826,4.427259,-0.328216,0.872826
member,9828,6,5,0,2.168966,0.114296,0.276954,2.085954,0.168183,-0.885062,2.085954
member,37810,7,7,1,1.504147,0.222207,0.222207,2.165620,0.587882,0.275673,-2.165620
member,45297,0,1,0,4.180371,0.015293,0.591190,1.439964,-1.606439,-3.654754,1.439964
member,36296,6,6,1,0.598744,0.549501,0.549501,1.404810,3.558396,1.288003,-1.404810
member,19138,6,4,0,1.428485,0.239672,0.255459,1.875759,1.856977,-0.063794,1.875759
member,28889,5,4,0,2.894253,0.055340,0.370319,1.821352,0.514216,-1.900863,1.821352
member,11429,6,1,0,2.516392,0.080750,0.383321,1.849338,0.178953,-1.557510,1.849338
member,8473,4,7,0,2.376720,0.092855,0.606266,1.437329,0.488062,-1.876284,1.437329
member,31428,2,2,1,1.346397,0.260176,0.260176,2.064551,1.110073,0.300233,-2.064551
member,25229,6,9,0,2.734140,0.064950,0.219391,2.041696,-0.423226,-1.217239,2.041696
member,48133,8,0,0,1.486480,0.226167,0.363419,1.498267,1.946318,-0.474281,1.498267
member,5343,2,8,0,3.017388,0.048929,0.367426,1.798252,-0.617590,-2.016154,1.798252
member,6429,1,0,0,2.302341,0.100024,0.372909,1.352105,1.007373,-1.315921,1.352105
member,10098,8,8,1,0.670733,0.511334,0.511334,1.393398,2.204967,1.231714,-1.393398
member,32319,1,1,1,0.630108,0.532534,0.532534,1.513689,2.507524,1.031125,-1.513689
member,19891,9,9,1,0.815324,0.442496,0.442496,1.808660,1.468220,1.000254,-1.808660
member,7468,8,3,0,4.845460,0.007864,0.204884,2.065576,-1.960897,-3.260151,2.065576
member,34029,3,3,1,1.530199,0.216493,0.216493,2.059719,1.245350,0.302578,-2.059719
member,38247,4,7,0,1.544457,0.213428,0.278055,1.908487,1.944544,-0.264520,1.908487
member,9620,1,8,0,9.888786,0.000051,0.802292,0.504903,-0.748249,-9.668504,0.504903
member,24560,3,0,0,3.294028,0.037104,0.709686,1.140921,-0.428193,-2.951096,1.140921
member,5297,8,7,0,2.254283,0.104949,0.276495,1.927098,0.471339,-0.968719,1.927098
member,10439,3,2,0,1.854861,0.156475,0.182013,2.125258,0.656506,-0.151184,2.125258
member,18110,4,9,0,3.565056,0.028295,0.459654,1.567887,-0.899866,-2.787774,1.567887
member,9561,1,0,0,2.979446,0.050821,0.502215,1.276239,0.601738,-2.290719,1.276239
member,48360,4,0,0,4.686035,0.009223,0.366878,1.558460,-1.653074,-3.683310,1.558460
member,7456,9,9,1,1.560289,0.210075,0.210075,2.059849,1.045287,0.137960,-2.059849
member,8663,0,0,1,0.781013,0.457942,0.457942,1.263460,2.743708,0.343589,-1.263460
member,43405,9,9,1,1.289796,0.275327,0.275327,1.793851,1.712829,0.078004,-1.793851
member,13506,2,0,0,3.255378,0.038566,0.360711,1.640395,-0.493239,-2.235701,1.640395
member,6890,9,6,0,2.692042,0.067742,0.256801,1.879387,0.489771,-1.332590,1.879387
member,46830,9,9,1,1.111946,0.328918,0.328918,1.882581,1.083857,0.669789,-1.882581
member,46703,4,4,1,0.457584,0.632811,0.632811,1.065415,4.931771,0.940334,-1.065415
member,39126,4,0,0,11.649749,0.000009,0.593640,0.847482,-5.065465,-11.128267,0.847482
member,38472,3,6,0,2.142030,0.117416,0.207465,2.191754,0.216243,-0.569238,2.191754
member,6193,6,6,1,0.884175,0.413055,0.413055,1.727338,2.971326,1.068670,-1.727338
member,33180,4,6,0,1.673480,0.187593,0.385767,1.622171,1.830479,-0.720959,1.622171
member,4252,9,2,0,4.154279,0.015697,0.458656,1.593067,-1.140471,-3.374825,1.593067
member,15953,3,7,0,1.665014,0.189188,0.298196,1.721296,1.396109,-0.455009,1.721296
member,30520,0,1,0,1.848201,0.157520,0.219711,2.127676,0.419236,-0.332760,2.127676
member,22807,9,8,0,1.808599,0.163884,0.276091,1.847266,0.752252,-0.521575,1.847266
member,21583,9,8,0,2.040763,0.129930,0.412432,1.852287,0.524049,-1.155079,1.852287
member,2418,4,4,1,1.759906,0.172061,0.172061,2.009962,1.409178,0.009550,-2.009962
member,43473,4,6,0,1.899190,0.149690,0.392726,1.642140,2.535849,-0.964548,1.642140
member,24109,1,9,0,0.872921,0.417730,0.450549,1.230226,3.182998,-0.075633,1.230226
member,36560,8,8,1,0.984588,0.373593,0.373593,1.562232,1.715701,0.331689,-1.562232
member,31405,6,7,0,1.991055,0.136551,0.223499,2.068392,0.525433,-0.492707,2.068392
member,29905,1,9,0,2.507605,0.081463,0.396455,1.862134,0.221704,-1.582413,1.862134
member,1954,0,0,1,1.413438,0.243305,0.243305,2.030032,0.105648,0.318048,-2.030032
member,35071,3,3,1,0.667284,0.513101,0.513101,1.484600,2.903124,0.908172,-1.484600
member,45790,7,5,0,1.948642,0.142467,0.203786,1.964498,0.937219,-0.357960,1.964498
member,10657,5,6,0,1.881830,0.152311,0.363158,1.784257,1.515391,-0.868913,1.784257
member,3025,1,1,1,0.483631,0.616541,0.616541,1.226220,2.733630,1.203585,-1.226220
member,27391,4,6,0,1.631898,0.195558,0.350626,1.627418,1.871627,-0.583863,1.627418
member,13970,2,7,0,1.699608,0.182755,0.260324,1.891878,1.191898,-0.353778,1.891878
member,2116,4,4,1,1.238342,0.289865,0.289865,1.894794,1.693967,0.241812,-1.894794
member,44218,2,1,0,3.527084,0.029390,0.582048,1.331618,-0.026772,-2.985882,1.331618
member,18633,4,4,1,1.135443,0.321280,0.321280,1.735593,2.464386,0.209140,-1.735593
member,7920,9,1,0,4.297557,0.013602,0.712599,1.175948,-0.614834,-3.958721,1.175948
member,31122,1,9,0,0.983405,0.374035,0.505881,1.179284,2.210310,-0.301951,1.179284
member,7342,1,9,0,3.303455,0.036756,0.592410,1.001063,0.601206,-2.779899,1.001063
member,22167,0,7,0,3.905850,0.020124,0.406029,1.781826,-1.025777,-3.004520,1.781826
member,14131,6,6,1,0.636033,0.529388,0.529388,1.262540,4.053692,0.638004,-1.262540
member,2868,2,0,0,1.882881,0.152151,0.193267,2.161512,0.239018,-0.239199,2.161512
member,3653,5,4,0,2.139905,0.117666,0.472165,1.486119,1.606774,-1.389479,1.486119
member,21994,7,7,1,0.694532,0.499308,0.499308,1.704504,1.638380,1.281370,-1.704504
member,22371,4,9,0,3.542434,0.028943,0.609633,1.351856,-1.012158,-3.047536,1.351856
member,26473,5,5,1,0.982143,0.374508,0.374508,1.705770,1.677062,0.253979,-1.705770
member,9736,6,5,0,1.825406,0.161152,0.186790,2.038960,0.922830,-0.147636,2.038960
member,49793,9,9,1,1.551769,0.211873,0.211873,2.152464,0.878014,0.231683,-2.152464
member,26600,9,3,0,2.381302,0.092430,0.209689,2.017063,0.574983,-0.819173,2.017063
member,25541,3,3,1,1.315800,0.268260,0.268260,1.928615,1.728825,0.045878,-1.928615
member,38905,2,1,0,2.275038,0.102793,0.347108,1.854419,0.601570,-1.216917,1.854419
member,15085,9,6,0,3.652184,0.025934,0.508830,1.534057,-0.081225,-2.976542,1.534057
member,40412,9,8,0,1.881530,0.152357,0.652781,1.069097,2.154905,-1.455016,1.069097
member,18278,5,2,0,3.047832,0.047462,0.546978,1.490823,0.069222,-2.444484,1.490823
member,18289,4,6,0,1.738793,0.175732,0.236830,1.790650,2.261467,-0.298382,1.790650
member,2969,7,7,1,1.166264,0.311529,0.311529,1.982412,1.904732,0.730719,-1.982412
member,28556,3,5,0,1.742848,0.175021,0.175582,2.129052,0.240997,-0.003200,2.129052
member,6835,9,8,0,1.766851,0.170870,0.746989,0.842832,1.993157,-1.475146,0.842832
member,45467,3,6,0,3.218268,0.040024,0.303510,1.913056,-0.561190,-2.025926,1.913056
member,13579,5,0,0,2.043040,0.129634,0.215573,1.995101,-0.077326,-0.508584,1.995101
member,32128,3,7,0,2.871881,0.056592,0.572697,1.564624,0.265083,-2.314482,1.564624
member,23443,3,0,0,2.090364,0.123642,0.178068,2.158155,0.399789,-0.364772,2.158155
member,144,2,6,0,2.115129,0.120618,0.336962,1.817404,0.938973,-1.027345,1.817404
member,29706,2,7,0,3.127256,0.043838,0.488828,1.396562,0.414981,-2.411511,1.396562
member,9877,6,4,0,1.025716,0.358540,0.462614,1.319989,3.376154,-0.254854,1.319989
member,17581,7,6,0,1.639085,0.194158,0.410100,1.595117,2.545104,-0.747730,1.595117
member,33251,6,9,0,3.361687,0.034677,0.407753,1.930907,-1.100338,-2.464594,1.930907
member,16344,7,4,0,1.226966,0.293181,0.299097,1.768064,2.216238,-0.019980,1.768064
member,24103,6,2,0,1.234840,0.290881,0.349795,1.657957,2.541907,-0.184431,1.657957
member,47234,3,5,0,2.725235,0.065531,0.347883,1.691912,0.190252,-1.669346,1.691912
member,4622,9,9,1,0.764148,0.465731,0.465731,1.402324,2.079763,0.766868,-1.402324
member,40552,8,8,1,0.407326,0.665428,0.665428,1.246909,2.831119,1.855923,-1.246909
member,1253,9,9,1,0.474057,0.622472,0.622472,1.273569,2.610736,1.329975,-1.273569
member,13075,2,0,0,4.542251,0.010649,0.662932,0.780629,0.115216,-4.131168,0.780629
member,28364,7,7,1,0.817772,0.441414,0.441414,1.867495,1.748723,1.299848,-1.867495
member,7143,6,0,0,3.297842,0.036963,0.235793,2.018601,-1.665179,-1.853040,2.018601
member,17838,0,0,1,0.024900,0.975408,0.975408,0.149401,5.390656,4.350918,-0.149401
member,31492,2,6,0,2.200205,0.110780,0.378056,1.704224,1.379796,-1.227492,1.704224
member,30168,8,8,1,0.601264,0.548119,0.548119,1.201659,3.624599,1.004590,-1.201659
member,41840,9,8,0,1.431638,0.238917,0.387144,1.770321,0.800041,-0.482679,1.770321
member,40084,2,9,0,1.538321,0.214741,0.358982,1.741335,1.777538,-0.513837,1.741335
member,12800,1,9,0,2.833947,0.058780,0.306689,2.051266,-1.182029,-1.652025,2.051266
member,6194,7,4,0,2.944725,0.052617,0.580215,1.283579,1.669381,-2.400368,1.283579
member,13685,5,1,0,2.700499,0.067172,0.651707,1.278627,0.707389,-2.272339,1.278627
member,23379,1,1,1,0.288829,0.749141,0.749141,1.066505,3.141563,2.551685,-1.066505
member,27063,4,6,0,2.173476,0.113781,0.247262,2.129276,0.436504,-0.776168,2.129276
member,34162,1,1,1,0.529713,0.588774,0.588774,1.264050,2.967275,1.138985,-1.264050
member,45520,9,7,0,1.931278,0.144963,0.313395,1.823204,0.801736,-0.770987,1.823204
member,16542,4,2,0,2.830316,0.058994,0.455702,1.588621,0.935929,-2.044399,1.588621
member,14563,9,9,1,0.335440,0.715024,0.715024,1.160273,2.612111,2.336301,-1.160273
member,26765,2,6,0,1.479283,0.227801,0.259506,1.811568,2.369430,-0.130309,1.811568
member,49615,0,7,0,1.975078,0.138751,0.275029,2.092020,0.082118,-0.684197,2.092020
member,10853,9,9,1,0.987864,0.372371,0.372371,1.731108,1.635222,0.459007,-1.731108
member,29180,2,2,1,1.272669,0.280083,0.280083,2.065259,0.876114,0.466935,-2.065259
member,39362,8,2,0,5.798772,0.003031,0.324735,1.712379,-2.901186,-4.674027,1.712379
member,38959,6,6,1,0.487588,0.614106,0.614106,1.219058,4.143095,1.162338,-1.219058
member,12371,5,5,1,0.899941,0.406594,0.406594,1.752514,1.988371,0.674008,-1.752514
member,44509,7,5,0,3.795038,0.022482,0.213226,2.052608,-1.385733,-2.249634,2.052608
member,28232,4,4,1,1.502748,0.222518,0.222518,1.981583,1.457843,0.028452,-1.981583
member,12123,1,2,0,1.403868,0.245645,0.267583,1.794379,1.642076,-0.085543,1.794379
member,17311,0,1,0,1.829059,0.160565,0.439414,1.540552,1.153888,-1.006745,1.540552
member,33817,8,1,0,1.534655,0.215530,0.399739,1.723892,1.704100,-0.617711,1.723892
member,3617,3,2,0,3.248105,0.038848,0.339408,2.009969,-0.766475,-2.167551,2.009969
member,1121,3,6,0,2.345156,0.095832,0.294140,1.865397,0.951811,-1.121455,1.865397
member,48745,2,8,0,5.732649,0.003238,0.687022,0.968120,-0.920329,-5.357261,0.968120
member,26185,5,6,0,2.729449,0.065255,0.377447,1.782270,0.288773,-1.755124,1.782270
member,31588,4,4,1,0.937431,0.391633,0.391633,1.667711,2.686059,0.425792,-1.667711
member,43813,3,7,0,2.274037,0.102896,0.193246,2.150801,-0.080045,-0.630245,2.150801
member,24803,3,2,0,3.320609,0.036131,0.365386,1.592420,-0.016823,-2.313806,1.592420
member,28452,2,2,1,1.489342,0.225521,0.225521,2.008657,1.615428,0.176067,-2.008657
member,35351,6,4,0,1.537712,0.214872,0.477505,1.543713,1.989744,-0.798530,1.543713
member,32605,9,9,1,0.324146,0.723145,0.723145,1.095406,2.526638,1.961380,-1.095406
member,31577,6,1,0,1.747941,0.174132,0.208612,2.079050,0.791399,-0.180659,2.079050
member,32897,8,6,0,5.994249,0.002493,0.463646,1.662972,-2.854028,-5.225615,1.662972
member,21748,2,2,1,1.381215,0.251273,0.251273,2.013326,0.995803,0.131077,-2.013326
member,10210,4,5,0,2.768891,0.062732,0.160462,2.205617,-0.376057,-0.939190,2.205617
member,30478,2,6,0,3.406051,0.033172,0.528902,1.476301,0.520633,-2.769099,1.476301
member,24526,8,0,0,3.237633,0.039257,0.716231,1.104640,-0.469074,-2.903882,1.104640
member,39453,9,8,0,1.749128,0.173926,0.323648,1.697871,1.143142,-0.621028,1.697871
member,48002,2,5,0,1.467484,0.230505,0.274372,1.922276,0.915340,-0.174212,1.922276
member,21365,2,6,0,2.509737,0.081290,0.454095,1.678107,0.687177,-1.720288,1.678107
member,22815,9,1,0,1.495694,0.224093,0.317366,1.855595,0.512413,-0.347993,1.855595
member,33753,4,9,0,4.151727,0.015737,0.258352,1.954786,-1.690858,-2.798295,1.954786
member,41619,2,1,0,1.380691,0.251405,0.339701,1.829539,1.221338,-0.301002,1.829539
member,20330,3,6,0,2.262806,0.104058,0.495029,1.576119,1.278283,-1.559667,1.576119
member,27651,6,6,1,0.387757,0.678577,0.678577,1.198218,3.427105,1.820497,-1.198218
member,16033,4,6,0,1.055302,0.348087,0.348339,1.556312,3.051499,-0.000722,1.556312
member,45693,6,6,1,0.896729,0.407902,0.407902,1.622020,2.658308,0.353852,-1.622020
member,43867,0,9,0,2.417973,0.089102,0.388701,1.625309,-0.152741,-1.473027,1.625309
member,7879,1,3,0,2.089760,0.123717,0.249793,2.003855,0.778386,-0.702636,2.003855
member,2084,1,9,0,3.122170,0.044061,0.170893,2.131745,-1.066423,-1.355450,2.131745
member,36920,2,7,0,2.117709,0.120307,0.291026,2.052933,0.144188,-0.883367,2.052933
member,12687,5,2,0,3.658854,0.025762,0.519197,1.592977,-0.529096,-3.003383,1.592977
member,13321,2,7,0,1.730708,0.177159,0.293829,1.876915,1.561450,-0.505950,1.876915
member,17832,2,0,0,7.402863,0.000610,0.886644,0.368395,0.584820,-7.282551,0.368395
member,32610,7,4,0,1.430761,0.239127,0.273488,1.742690,2.024383,-0.134262,1.742690
member,46168,7,8,0,2.021624,0.132440,0.346525,1.525814,1.681246,-0.961823,1.525814
member,45417,5,5,1,0.970588,0.378860,0.378860,1.777841,2.305978,0.871300,-1.777841
member,4035,6,1,0,3.162115,0.042336,0.710214,1.124966,0.284708,-2.819926,1.124966
member,23656,2,7,0,1.716838,0.179633,0.345012,1.814565,0.817376,-0.652663,1.814565
member,19012,5,5,1,0.999761,0.367968,0.367968,1.692162,2.460581,0.312200,-1.692162
member,44033,5,2,0,2.170582,0.114111,0.270813,1.867954,0.733588,-0.864254,1.867954
member,399,4,4,1,1.354707,0.258023,0.258023,2.021219,1.512777,0.399361,-2.021219
member,28160,4,2,0,2.908827,0.054540,0.328041,1.775712,0.319160,-1.794211,1.775712
member,17436,7,5,0,3.186415,0.041320,0.344647,1.812653,-0.470071,-2.121182,1.812653
member,41095,7,1,0,1.904426,0.148908,0.219616,2.078942,0.763998,-0.388551,2.078942
member,22494,9,9,1,1.320953,0.266881,0.266881,2.070304,1.908024,0.628336,-2.070304
member,30822,4,6,0,1.690932,0.184348,0.421838,1.650228,1.843202,-0.827798,1.650228
member,20050,3,8,0,3.416373,0.032831,0.413107,1.629542,-0.634751,-2.532324,1.629542
member,40022,0,7,0,3.636982,0.026332,0.337740,1.986630,-1.414975,-2.551503,1.986630
member,12759,7,7,1,0.675206,0.509052,0.509052,1.668484,2.524973,1.595361,-1.668484
member,31166,1,0,0,3.148879,0.042900,0.717891,0.991212,0.062564,-2.817441,0.991212
member,6467,2,5,0,2.176167,0.113476,0.214741,2.170842,-0.093421,-0.637845,2.170842
member,32237,6,6,1,1.027068,0.358055,0.358055,1.812306,1.976339,0.722548,-1.812306
member,1372,2,5,0,2.042764,0.129670,0.165814,2.163747,0.261664,-0.245875,2.163747
member,38358,7,6,0,1.764661,0.171245,0.215778,1.943435,1.102549,-0.231156,1.943435
member,926,7,9,0,1.401466,0.246236,0.344529,1.703550,1.171472,-0.335888,1.703550
member,35817,6,9,0,2.519314,0.080515,0.298715,2.073674,-0.154980,-1.311048,2.073674
member,10115,0,0,1,1.430748,0.239130,0.239130,2.055150,0.301307,0.463346,-2.055150
member,8318,9,9,1,0.967532,0.380020,0.380020,1.829960,1.484881,0.747330,-1.829960
member,26072,5,3,0,1.601949,0.201503,0.243627,1.903130,1.144984,-0.189834,1.903130
member,29729,0,9,0,1.679905,0.186392,0.506730,1.549083,1.000594,-1.000128,1.549083
member,9625,6,5,0,1.964542,0.140220,0.182975,2.190312,0.050555,-0.266138,2.190312
member,3785,3,1,0,1.120557,0.326098,0.391147,1.616982,2.469701,-0.181886,1.616982
member,20885,6,7,0,2.630379,0.072051,0.208265,2.081394,0.085935,-1.061438,2.081394
member,6904,0,1,0,1.821882,0.161721,0.478092,1.440713,1.435094,-1.083930,1.440713
member,6478,8,2,0,3.649992,0.025991,0.234475,2.127007,-1.048723,-2.199584,2.127007
member,27148,9,3,0,2.319586,0.098314,0.449652,1.776944,0.068110,-1.520305,1.776944
member,33657,4,1,0,2.215457,0.109104,0.197548,2.091384,0.353569,-0.593682,2.091384
member,38899,8,8,1,0.540324,0.582559,0.582559,1.141762,2.998815,0.836614,-1.141762
member,26816,7,9,0,3.930280,0.019638,0.544839,1.302801,-0.066535,-3.323016,1.302801
member,35546,0,0,1,1.023881,0.359198,0.359198,1.869251,1.483812,0.606520,-1.869251
member,41571,9,9,1,0.766751,0.464520,0.464520,1.282919,2.608748,0.429899,-1.282919
member,24447,0,0,1,0.147602,0.862774,0.862774,0.663431,3.737876,3.153174,-0.663431
member,30245,1,1,1,0.864783,0.421143,0.421143,1.692553,1.586013,0.917628,-1.692553
member,22557,0,0,1,0.042086,0.958787,0.958787,0.189781,7.154018,3.250202,-0.189781
member,45578,8,8,1,0.698827,0.497168,0.497168,1.141465,3.497496,0.331504,-1.141465
member,17735,2,7,0,1.637973,0.194374,0.367122,1.711891,1.546802,-0.635911,1.711891
member,25980,5,4,0,3.278649,0.037679,0.227018,1.979340,-0.526511,-1.795921,1.979340
member,5864,0,0,1,0.586187,0.556445,0.556445,1.552698,1.779354,1.683794,-1.552698
member,6529,8,1,0,2.775547,0.062315,0.636903,1.216057,1.146088,-2.324409,1.216057
member,10536,4,3,0,1.402792,0.245909,0.297340,1.875572,2.271228,-0.189914,1.875572
member,28212,0,9,0,2.027261,0.131696,0.577592,1.377740,0.909046,-1.478374,1.377740
member,7360,0,9,0,1.414349,0.243084,0.353963,1.343526,2.370010,-0.375787,1.343526
member,38902,1,1,1,1.517375,0.219287,0.219287,2.137915,0.873236,0.202720,-2.137915
member,12510,4,4,1,1.142982,0.318867,0.318867,1.727459,2.302262,0.228979,-1.727459
member,10453,1,0,0,3.229445,0.039579,0.320752,1.876957,-1.067623,-2.092360,1.876957
member,18377,1,1,1,0.593979,0.552126,0.552126,1.275499,2.730000,0.841168,-1.275499
member,20737,2,6,0,1.861411,0.155453,0.610083,1.249412,3.155657,-1.367251,1.249412
member,43335,4,6,0,1.944895,0.143002,0.635749,1.232141,2.206115,-1.491944,1.232141
member,8393,6,6,1,0.764990,0.465338,0.465338,1.756904,2.161838,1.363124,-1.756904
member,21102,2,0,0,2.539983,0.078868,0.300301,1.917733,-0.262220,-1.337015,1.917733
member,1162,8,8,1,0.463654,0.628981,0.628981,1.167188,3.159078,1.587472,-1.167188
member,2531,9,9,1,0.670258,0.511576,0.511576,1.627705,1.602804,1.179270,-1.627705
member,7844,2,8,0,4.387210,0.012435,0.561600,0.924176,-0.051374,-3.810244,0.924176
member,26047,4,2,0,2.199026,0.110911,0.226446,1.983171,0.780100,-0.713779,1.983171
member,39016,9,0,0,1.951063,0.142123,0.267003,1.865445,0.901257,-0.630569,1.865445
member,41842,0,0,1,0.480445,0.618508,0.618508,1.002171,3.487193,0.767377,-1.002171
member,12702,1,8,0,2.675430,0.068877,0.649387,0.938117,1.818062,-2.243704,0.938117
member,33512,4,6,0,1.603112,0.201269,0.321645,1.890465,1.533244,-0.468806,1.890465
member,19802,7,9,0,1.408171,0.244590,0.501790,1.490348,1.647883,-0.718599,1.490348
member,5751,5,3,0,2.814074,0.059960,0.271542,1.865119,0.037725,-1.510434,1.865119
member,34355,9,9,1,0.527198,0.590257,0.590257,1.438378,2.133760,1.684967,-1.438378
member,30769,0,8,0,1.793333,0.166405,0.359498,1.763103,1.087363,-0.770286,1.763103
member,36492,2,3,0,2.715155,0.066195,0.264123,1.972481,0.141104,-1.383814,1.972481
member,25057,5,2,0,1.500465,0.223026,0.324337,1.896202,1.357894,-0.374494,1.896202
member,15821,9,9,1,0.813956,0.443102,0.443102,1.311543,2.957296,0.497767,-1.311543
member,28283,5,1,0,3.059220,0.046924,0.283954,1.970165,-0.530044,-1.800277,1.970165
member,13650,0,0,1,1.526242,0.217351,0.217351,2.115898,0.500108,0.351203,-2.115898
member,40570,7,7,1,1.378177,0.252038,0.252038,2.027659,1.280075,0.270689,-2.027659
member,17172,6,1,0,3.401516,0.033323,0.298841,1.815024,-0.631480,-2.193674,1.815024
member,12283,1,9,0,2.016870,0.133071,0.584861,1.321871,1.072958,-1.480489,1.321871
member,35460,2,7,0,2.947047,0.052494,0.406282,1.633089,1.026368,-2.046340,1.633089
member,34059,5,7,0,4.266397,0.014032,0.485576,1.651589,-1.781718,-3.543978,1.651589
member,35235,1,1,1,0.561424,0.570396,0.570396,1.262730,3.338641,0.760351,-1.262730
member,26633,7,6,0,1.525653,0.217479,0.247602,1.881071,2.004583,-0.129719,1.881071
member,24470,1,9,0,1.796319,0.165909,0.245345,1.994337,0.707862,-0.391227,1.994337
member,18415,1,1,1,0.810639,0.444574,0.444574,1.420875,2.009257,0.372051,-1.420875
member,18954,3,3,1,1.022154,0.359819,0.359819,1.759518,2.600582,0.755584,-1.759518
member,37193,4,3,0,3.874191,0.020771,0.260718,1.970473,-1.086242,-2.529874,1.970473
member,20718,9,1,0,2.370563,0.093428,0.284114,2.089608,-0.010712,-1.112183,2.089608
member,37400,9,9,1,0.497083,0.608302,0.608302,1.201862,2.016938,1.079539,-1.201862
member,3263,0,7,0,1.728332,0.177580,0.242399,2.021609,0.356523,-0.311161,2.021609
member,46179,2,6,0,1.815446,0.162765,0.230112,1.836062,1.092831,-0.346259,1.836062
member,31125,8,8,1,0.676307,0.508492,0.508492,1.386900,2.117608,0.866060,-1.386900
member,42232,6,2,0,1.844117,0.158165,0.187223,2.140510,1.071235,-0.168662,2.140510
member,43713,8,2,0,4.115103,0.016324,0.254045,2.044832,-2.063142,-2.744858,2.044832
member,7024,4,4,1,0.611266,0.542663,0.542663,1.485451,2.973343,1.420748,-1.485451
member,17498,4,4,1,1.018806,0.361026,0.361026,1.654957,2.467307,0.483715,-1.654957
member,29712,5,0,0,1.600656,0.201764,0.246820,2.047585,0.161313,-0.201558,2.047585
member,32787,1,5,0,4.304363,0.013509,0.242920,1.932916,-1.459646,-2.889338,1.932916
member,15107,6,6,1,1.365073,0.255362,0.255362,1.839415,1.795097,0.057380,-1.839415
member,2476,2,9,0,1.862488,0.155286,0.209061,2.180307,0.264275,-0.297357,2.180307
member,48077,5,5,1,0.872237,0.418015,0.418015,1.887161,2.193257,1.259177,-1.887161
member,11348,2,1,0,2.554166,0.077757,0.196816,2.125067,-0.173514,-0.928678,2.125067
member,29034,4,9,0,5.477938,0.004178,0.261529,1.713848,-3.289008,-4.136727,1.713848
member,1911,5,3,0,1.672664,0.187746,0.396022,1.647157,1.876597,-0.746378,1.647157
member,27727,8,8,1,0.980325,0.375189,0.375189,1.826093,1.242296,0.600922,-1.826093
member,36499,7,3,0,3.060225,0.046877,0.246750,2.029379,-1.060241,-1.660846,2.029379
member,42093,6,8,0,3.218118,0.040030,0.263862,2.030865,-0.732418,-1.885789,2.030865
member,49530,0,9,0,2.271828,0.103123,0.393815,1.582135,0.684519,-1.339953,1.582135
member,27311,9,3,0,3.821900,0.021886,0.232278,2.003778,-0.583894,-2.362082,2.003778
member,14598,1,9,0,3.561937,0.028384,0.518521,1.355634,-0.675874,-2.905162,1.355634
member,12074,2,7,0,1.982749,0.137690,0.302111,1.930880,1.013570,-0.785789,1.930880
member,41320,6,6,1,0.878855,0.415258,0.415258,1.663279,2.714129,0.770787,-1.663279
member,28987,7,7,1,1.138659,0.320248,0.320248,1.887081,1.854245,0.438641,-1.887081
member,2098,2,4,0,2.546773,0.078334,0.528880,1.398055,1.030961,-1.909780,1.398055
member,19533,1,9,0,1.667113,0.188791,0.463829,1.640669,0.379958,-0.898875,1.640669
member,34939,4,6,0,1.692815,0.184001,0.670785,1.099291,2.829521,-1.293508,1.099291
member,8023,0,8,0,3.034751,0.048087,0.388037,1.521008,-0.395072,-2.088096,1.521008
member,13253,3,1,0,3.380080,0.034045,0.498921,1.731357,-0.560799,-2.684772,1.731357
member,1985,1,2,0,1.473468,0.229130,0.244715,1.963368,1.008414,-0.065807,1.963368
member,26011,9,1,0,1.825994,0.161058,0.370385,1.726445,0.853426,-0.832782,1.726445
member,3335,0,1,0,2.709819,0.066549,0.634254,1.356603,0.453014,-2.254513,1.356603
member,26620,9,2,0,3.028297,0.048398,0.266328,1.854331,0.049363,-1.705272,1.854331
member,11744,1,9,0,2.438451,0.087296,0.323791,1.859268,-0.015290,-1.310794,1.859268
member,18476,4,6,0,1.371356,0.253762,0.335342,1.703851,2.577231,-0.278753,1.703851
member,47611,4,6,0,1.874383,0.153450,0.526492,1.482409,1.916171,-1.232864,1.482409
member,25536,2,6,0,1.705594,0.181665,0.290128,1.894577,0.993514,-0.468161,1.894577
member,20864,2,4,0,3.392556,0.033623,0.500325,1.403432,1.051221,-2.700059,1.403432
member,43446,5,4,0,1.745022,0.174641,0.296298,1.819517,2.104804,-0.528632,1.819517
member,8006,8,9,0,1.675062,0.187297,0.481848,1.403995,1.714062,-0.944935,1.403995
member,29076,2,3,0,2.655473,0.070266,0.486008,1.601811,0.859534,-1.933943,1.601811
member,43720,3,6,0,2.192144,0.111677,0.296973,1.893751,1.011242,-0.978031,1.893751
member,23000,7,0,0,4.334350,0.013110,0.310462,1.834559,-2.046758,-3.164654,1.834559
member,28193,1,0,0,3.194794,0.040975,0.433063,1.320105,-0.096898,-2.357923,1.320105
member,21512,7,4,0,2.284997,0.101774,0.244655,1.970914,0.661967,-0.877092,1.970914
member,21024,6,2,0,1.338359,0.262276,0.322260,1.746702,2.275631,-0.205961,1.746702
member,15294,6,6,1,0.883614,0.413287,0.413287,1.510626,3.208498,0.307798,-1.510626
member,11661,0,9,0,2.205813,0.110161,0.507095,1.611178,0.340372,-1.526757,1.611178
member,31718,7,4,0,1.870454,0.154054,0.417246,1.655248,1.792559,-0.996375,1.655248
member,42115,5,5,1,1.261867,0.283125,0.283125,2.004686,1.021099,0.374426,-2.004686
member,28241,5,5,1,1.044685,0.351803,0.351803,1.870332,1.716558,0.551638,-1.870332
member,43151,4,6,0,1.540505,0.214273,0.361145,1.768642,1.579755,-0.522030,1.768642
member,9694,3,0,0,3.230432,0.039540,0.318756,1.961613,-1.003616,-2.087103,1.961613
member,25565,6,9,0,4.425695,0.011966,0.195104,2.045251,-2.278385,-2.791474,2.045251
member,34444,5,0,0,1.573165,0.207388,0.231783,2.072741,0.507393,-0.111211,2.072741
member,14109,7,7,1,0.822560,0.439306,0.439306,1.736980,2.544721,1.167001,-1.736980
member,12958,2,7,0,2.508687,0.081375,0.426094,1.799408,0.050431,-1.655591,1.799408
member,23314,3,3,1,0.763744,0.465919,0.465919,1.415920,3.147611,0.786274,-1.415920
member,17926,3,4,0,3.028364,0.048395,0.421118,1.653853,0.985894,-2.163523,1.653853
member,20413,3,6,0,2.216400,0.109001,0.342949,1.787585,1.335983,-1.146226,1.787585
member,22458,0,0,1,0.095861,0.908590,0.908590,0.420095,4.993432,2.749006,-0.420095
member,44362,8,9,0,1.332633,0.263782,0.284343,1.784868,1.369891,-0.075060,1.784868
member,5676,4,6,0,1.039313,0.353698,0.426593,1.388590,3.490513,-0.187388,1.388590
member,43366,5,3,0,1.703283,0.182085,0.460872,1.690729,0.463449,-0.928647,1.690729
member,33871,2,4,0,1.761179,0.171842,0.322292,1.852947,1.421251,-0.628882,1.852947
member,609,8,8,1,0.113264,0.892915,0.892915,0.435455,5.942224,2.639919,-0.435455
member,30920,6,6,1,0.731635,0.481122,0.481122,1.465363,3.314602,0.861331,-1.465363
member,25259,3,1,0,2.533241,0.079401,0.215436,1.988938,-0.019647,-0.998151,1.988938
member,30393,5,4,0,2.726210,0.065467,0.269253,1.765507,1.202812,-1.414105,1.765507
member,38325,7,7,1,1.300793,0.272316,0.272316,2.069367,1.256166,0.736647,-2.069367
member,44288,2,2,1,0.874941,0.416886,0.416886,1.716434,2.501254,0.975554,-1.716434
member,48464,7,7,1,0.763859,0.465865,0.465865,1.700533,2.066912,1.504649,-1.700533
member,9289,0,0,1,0.066857,0.935329,0.935329,0.340341,4.497794,3.771587,-0.340341
member,26406,7,7,1,0.771053,0.462526,0.462526,1.783139,1.903096,1.202766,-1.783139
member,28058,3,5,0,2.432283,0.087836,0.335591,2.020639,0.043566,-1.340422,2.020639
member,22295,6,6,1,1.024672,0.358914,0.358914,1.789011,1.677542,0.521692,-1.789011
member,22051,9,9,1,1.036235,0.354788,0.354788,1.849950,1.666894,0.671511,-1.849950
member,44451,3,1,0,2.340047,0.096323,0.250102,2.039112,-0.042377,-0.954161,2.039112
member,12512,6,1,0,2.600303,0.074251,0.285763,2.077760,-0.210529,-1.347711,2.077760
member,48575,6,6,1,1.004564,0.366204,0.366204,1.848048,2.287409,0.947549,-1.848048
member,18775,7,7,1,1.219307,0.295435,0.295435,1.871939,1.624669,0.352088,-1.871939
member,15714,3,3,1,0.824034,0.438659,0.438659,1.572609,2.907483,0.453069,-1.572609
member,7976,6,6,1,1.160476,0.313337,0.313337,1.894533,1.476285,0.543102,-1.894533
member,33175,2,2,1,1.118992,0.326609,0.326609,1.778729,2.116164,0.194208,-1.778729
member,47634,6,6,1,0.671022,0.511186,0.511186,1.469256,3.386057,0.855174,-1.469256
member,8344,6,2,0,1.430139,0.239276,0.377924,1.766365,1.250080,-0.457076,1.766365
member,30589,4,2,0,3.378811,0.034088,0.337797,1.911637,-0.823614,-2.293501,1.911637
member,11897,0,9,0,2.412779,0.089566,0.428998,1.615442,0.786338,-1.566477,1.615442
member,25495,2,7,0,2.847070,0.058014,0.313685,1.730890,-0.127016,-1.687705,1.730890
member,22321,5,7,0,3.733052,0.023920,0.396752,1.791198,-0.562503,-2.808608,1.791198
member,17679,9,9,1,0.479449,0.619125,0.619125,1.239110,2.474294,1.131321,-1.239110
member,12469,0,0,1,0.200644,0.818204,0.818204,0.506657,6.864474,1.538206,-0.506657
member,4657,3,9,0,3.447694,0.031819,0.380283,1.880678,-1.044518,-2.480854,1.880678
member,48393,8,1,0,3.398360,0.033428,0.535123,1.510767,-0.273151,-2.773101,1.510767
member,1687,6,6,1,0.752124,0.471364,0.471364,1.663772,1.735871,1.056236,-1.663772
member,22181,9,9,1,0.781282,0.457818,0.457818,1.577397,2.047282,0.650517,-1.577397
member,12791,5,1,0,2.750198,0.063915,0.420175,1.871057,0.291764,-1.883114,1.871057
member,8040,5,4,0,1.866975,0.154591,0.216749,1.857804,1.153362,-0.337961,1.857804
member,31061,4,9,0,1.949238,0.142382,0.242164,2.091862,0.594161,-0.531098,2.091862
member,35026,3,4,0,2.454023,0.085947,0.470041,1.621916,1.608001,-1.699088,1.621916
member,14829,2,4,0,1.634034,0.195141,0.278374,1.784640,2.213567,-0.355244,1.784640
member,38848,9,0,0,1.822474,0.161625,0.399133,1.786395,0.080955,-0.904015,1.786395
member,20062,7,7,1,0.696228,0.498462,0.498462,1.720196,2.013803,1.558084,-1.720196
member,28277,6,1,0,3.052301,0.047250,0.220028,1.982754,-0.086899,-1.538301,1.982754
member,34547,0,7,0,3.111422,0.044538,0.247094,2.094979,-0.953840,-1.713434,2.094979
member,10904,4,3,0,1.553074,0.211597,0.318664,1.767925,2.230890,-0.409455,1.767925
member,19220,2,4,0,1.455248,0.233343,0.259923,1.992395,1.180537,-0.107878,1.992395
member,24429,2,6,0,1.848101,0.157536,0.472193,1.273082,3.298020,-1.097733,1.273082
member,47349,1,2,0,3.187842,0.041261,0.382803,1.814348,-0.662978,-2.227609,1.814348
member,18111,3,7,0,1.533802,0.215714,0.286827,1.984915,1.616554,-0.284925,1.984915
member,3541,8,9,0,3.962592,0.019014,0.402668,1.810886,-1.984517,-3.052949,1.810886
member,25562,7,0,0,1.645625,0.192892,0.228195,1.999799,0.578393,-0.168068,1.999799
member,6759,7,7,1,0.426380,0.652868,0.652868,1.259158,3.334433,1.816601,-1.259158
member,33829,2,1,0,2.434993,0.087598,0.237865,2.006818,0.520192,-0.998943,2.006818
member,21275,0,2,0,3.670745,0.025457,0.266340,2.000485,-0.821754,-2.347762,2.000485
member,38232,7,4,0,1.501520,0.222791,0.404832,1.672825,2.449769,-0.597238,1.672825
member,14350,0,9,0,1.258322,0.284130,0.510046,1.317571,1.964711,-0.585069,1.317571
member,1226,7,7,1,1.015609,0.362182,0.362182,1.802267,1.576475,0.405902,-1.802267
member,9159,8,0,0,1.526224,0.217355,0.631115,1.173159,1.643482,-1.065956,1.173159
member,25665,2,2,1,1.139144,0.320093,0.320093,1.822998,1.965783,0.144454,-1.822998
member,20544,7,7,1,1.086531,0.337385,0.337385,1.869038,1.718215,0.755197,-1.869038
member,4119,7,6,0,2.657691,0.070110,0.212537,2.135576,-0.636994,-1.109050,2.135576
member,277,5,3,0,3.596224,0.027427,0.340294,1.869790,-0.256868,-2.518279,1.869790
member,19036,8,7,0,4.417222,0.012068,0.370093,1.894678,-1.661822,-3.423220,1.894678
member,20046,4,1,0,3.180424,0.041568,0.490888,1.622856,0.423138,-2.468884,1.622856
member,38648,3,3,1,1.470715,0.229761,0.229761,2.118486,0.660023,0.174650,-2.118486
member,37312,5,9,0,3.543238,0.028920,0.417526,1.720691,-0.508225,-2.669830,1.720691
member,853,5,1,0,4.392469,0.012370,0.215382,1.953438,-2.376929,-2.857129,1.953438
member,43086,8,8,1,0.431868,0.649295,0.649295,0.971955,3.280827,0.952658,-0.971955
member,46493,3,5,0,1.373669,0.253176,0.277527,1.928037,1.258575,-0.091833,1.928037
member,19535,7,2,0,1.591657,0.203588,0.236123,1.898231,1.775996,-0.148255,1.898231
member,16463,4,4,1,1.052613,0.349025,0.349025,1.630257,3.004856,0.128413,-1.630257
member,36746,8,8,1,0.592754,0.552803,0.552803,1.205064,3.523153,1.121296,-1.205064
member,29860,0,9,0,2.153714,0.116052,0.201240,1.969275,0.261408,-0.550458,1.969275
member,884,9,3,0,2.168242,0.114379,0.273455,2.071732,0.308444,-0.871623,2.071732
member,47842,8,9,0,3.033767,0.048134,0.663739,1.141613,0.328146,-2.623901,1.141613
member,21461,9,6,0,4.149284,0.015776,0.538730,1.531694,-0.702072,-3.530744,1.531694
member,9403,2,4,0,2.305805,0.099679,0.262815,1.798273,1.235828,-0.969499,1.798273
member,33415,1,1,1,0.713462,0.489945,0.489945,1.554438,2.690562,0.958505,-1.554438
member,40743,7,9,0,2.454185,0.085933,0.343295,1.858354,0.081113,-1.385020,1.858354
member,23976,5,2,0,3.531888,0.029250,0.433398,1.413010,-0.249389,-2.695789,1.413010
member,28139,6,6,1,0.816306,0.442062,0.442062,1.557745,2.743661,0.472612,-1.557745
member,46078,1,9,0,2.692030,0.067743,0.318034,1.691865,-0.153772,-1.546434,1.691865
member,20717,6,1,0,1.948653,0.142466,0.192227,2.126291,0.742868,-0.299574,2.126291
member,27647,4,4,1,0.616072,0.540062,0.540062,1.486886,3.474262,1.119759,-1.486886
member,29970,5,7,0,2.285278,0.101746,0.399454,1.803757,0.890512,-1.367622,1.803757
member,24242,6,2,0,1.463430,0.231441,0.268562,1.902219,1.439614,-0.148758,1.902219
member,3035,7,3,0,2.504609,0.081708,0.317124,1.935465,0.337970,-1.356146,1.935465
member,6976,2,2,1,1.383296,0.250751,0.250751,1.917774,1.622773,0.085939,-1.917774
member,31765,1,1,1,1.496288,0.223960,0.223960,2.090278,1.067230,0.211694,-2.090278
member,23701,9,0,0,1.349748,0.259305,0.343764,1.411848,2.267823,-0.281948,1.411848
member,22077,9,9,1,1.147439,0.317449,0.317449,1.942230,1.172263,0.354169,-1.942230
member,19235,7,0,0,3.191031,0.041129,0.324104,1.941166,-0.740721,-2.064340,1.941166
member,19892,5,1,0,3.031389,0.048249,0.393421,1.853415,0.007800,-2.098513,1.853415
member,36414,3,2,0,1.832548,0.160005,0.322442,1.855977,1.119630,-0.700717,1.855977
member,43915,7,8,0,2.420006,0.088921,0.434855,1.786902,0.847839,-1.587263,1.786902
member,14697,2,4,0,1.868851,0.154301,0.256012,1.905098,1.217218,-0.506318,1.905098
member,28275,6,6,1,0.884747,0.412819,0.412819,1.623121,2.558901,0.656831,-1.623121
member,49861,8,0,0,1.537064,0.215011,0.559477,1.369056,1.293702,-0.956311,1.369056
member,49924,8,0,0,3.249654,0.038788,0.830097,0.749460,0.180272,-3.063442,0.749460
member,49959,1,3,0,1.739586,0.175593,0.211894,2.106620,1.200282,-0.187916,2.106620
member,10092,9,9,1,0.580000,0.559898,0.559898,1.472926,2.136155,1.253876,-1.472926
member,47576,4,7,0,3.173094,0.041874,0.343357,2.010770,-1.088612,-2.104110,2.010770
member,34858,3,2,0,3.114260,0.044411,0.212127,2.079256,-1.198452,-1.563689,2.079256
member,12805,4,7,0,2.464955,0.085013,0.401935,1.778689,0.182697,-1.553491,1.778689
member,12422,8,0,0,1.327528,0.265132,0.638910,0.961312,2.744853,-0.879536,0.961312
member,28728,8,9,0,1.556421,0.210890,0.390154,1.781503,0.965707,-0.615208,1.781503
member,41923,6,6,1,1.125719,0.324419,0.324419,1.787268,2.286178,0.392738,-1.787268
member,28236,6,6,1,0.602946,0.547197,0.547197,1.422539,3.160377,1.279492,-1.422539
member,23310,7,4,0,3.014058,0.049092,0.321813,1.668898,0.541694,-1.880273,1.668898
member,27811,9,8,0,2.447923,0.086473,0.576377,1.415907,0.829464,-1.896929,1.415907
member,14711,8,8,1,0.576042,0.562119,0.562119,1.439560,2.181512,1.060073,-1.439560
member,18794,6,6,1,0.334124,0.715965,0.715965,1.053811,4.340422,1.973672,-1.053811
member,6888,6,6,1,0.919678,0.398647,0.398647,1.835167,1.392061,0.903061,-1.835167
member,771,7,7,1,0.573885,0.563333,0.563333,1.487641,2.133341,1.125471,-1.487641
member,2767,9,9,1,0.988094,0.372286,0.372286,1.723579,1.747485,0.502979,-1.723579
member,33762,1,8,0,1.740981,0.175348,0.545163,1.301747,1.234336,-1.134310,1.301747
member,43246,7,9,0,1.387530,0.249691,0.396315,1.478997,2.254868,-0.461984,1.478997
member,32832,8,8,1,0.850213,0.427324,0.427324,1.532233,2.057081,0.316710,-1.532233
member,13062,3,6,0,2.082261,0.124648,0.283464,1.810271,1.768963,-0.821592,1.810271
member,44156,8,8,1,0.505773,0.603039,0.603039,1.087588,2.972618,0.831035,-1.087588
member,34736,5,0,0,2.681095,0.068488,0.267980,2.056506,-0.591391,-1.364254,2.056506
member,24513,4,6,0,1.558903,0.210367,0.402905,1.558095,2.302438,-0.649849,1.558095
member,46125,2,0,0,1.772555,0.169898,0.378603,1.902983,0.557108,-0.801287,1.902983
member,38234,2,7,0,2.001308,0.135158,0.208491,2.092953,0.589859,-0.433449,2.092953
member,25209,1,8,0,1.191360,0.303808,0.303983,1.601241,1.441868,-0.000577,1.601241
member,26934,3,9,0,2.835595,0.058684,0.267529,1.935137,-0.288355,-1.517069,1.935137
member,21362,6,6,1,0.816304,0.442062,0.442062,1.600440,2.511003,0.788809,-1.600440
member,32640,7,2,0,2.044843,0.129400,0.223361,1.948510,1.190737,-0.545878,1.948510
member,46345,9,9,1,0.855247,0.425178,0.425178,1.778356,1.313981,0.831662,-1.778356
member,22572,6,6,1,0.540904,0.582222,0.582222,1.484359,2.556641,1.782367,-1.484359
member,31854,1,9,0,1.562396,0.209633,0.345006,1.823640,0.894881,-0.498202,1.823640
member,5223,6,5,0,1.559248,0.210294,0.237246,1.800865,1.791686,-0.120592,1.800865
member,13179,2,6,0,2.631856,0.071945,0.422471,1.661512,1.415090,-1.770223,1.661512
member,17123,4,6,0,1.918242,0.146865,0.512214,1.549247,1.593200,-1.249229,1.549247
member,20089,8,0,0,1.804741,0.164517,0.610839,1.336611,1.094385,-1.311818,1.336611
member,5966,3,9,0,2.214026,0.109260,0.323162,1.971186,-0.232786,-1.084423,1.971186
member,36447,2,0,0,2.589817,0.075034,0.187242,2.106684,-0.559559,-0.914463,2.106684
member,646,2,7,0,3.340493,0.035419,0.278969,2.008323,-1.037793,-2.063838,2.008323
member,3780,6,6,1,0.722661,0.485459,0.485459,1.518109,3.214745,1.053933,-1.518109
member,20231,9,9,1,1.364798,0.255432,0.255432,1.619695,1.825217,0.032690,-1.619695
member,19263,7,2,0,1.504920,0.222035,0.383228,1.776810,1.695518,-0.545796,1.776810
member,24761,8,9,0,2.907195,0.054629,0.430201,1.844573,-0.813768,-2.063692,1.844573
member,17160,7,1,0,2.984381,0.050571,0.207559,2.190042,-0.646007,-1.412041,2.190042
member,30809,3,7,0,1.789961,0.166967,0.256763,2.072923,1.250413,-0.430357,2.072923
member,19735,5,3,0,1.775650,0.169373,0.306289,1.774158,0.705508,-0.592422,1.774158
member,47428,0,7,0,1.966894,0.139891,0.297665,1.941635,0.248624,-0.755106,1.941635
member,38059,5,5,1,1.863667,0.155103,0.155103,2.233950,0.228743,0.000629,-2.233950
member,429,4,8,0,2.888091,0.055682,0.427428,1.795049,0.070288,-2.038121,1.795049
member,9911,9,9,1,0.832387,0.435010,0.435010,1.838222,1.511019,1.269183,-1.838222
member,4016,7,9,0,1.527000,0.217186,0.442993,1.501202,1.914618,-0.712799,1.501202
member,2975,2,4,0,1.657311,0.190651,0.403822,1.560902,2.293513,-0.750529,1.560902
member,22227,1,1,1,0.893967,0.409030,0.409030,1.635637,2.261220,0.417127,-1.635637
member,46022,5,2,0,3.140176,0.043275,0.294733,2.079722,-0.830426,-1.918489,2.079722
member,31427,6,4,0,1.666291,0.188946,0.189621,1.977810,1.216098,-0.003562,1.977810
member,38533,0,0,1,0.993590,0.370245,0.370245,1.721312,1.353576,0.564525,-1.721312
member,32233,0,0,1,0.722946,0.485321,0.485321,1.415951,1.722228,0.603778,-1.415951
member,37010,7,7,1,0.921722,0.397833,0.397833,1.727412,2.034119,0.574439,-1.727412
member,18750,9,8,0,2.814026,0.059963,0.408751,1.502277,-0.026494,-1.919376,1.502277
member,46248,8,8,1,0.981197,0.374862,0.374862,1.431333,2.268730,0.101664,-1.431333
member,8409,7,7,1,0.663892,0.514844,0.514844,1.428641,2.805235,1.009447,-1.428641
member,10406,2,2,1,1.355182,0.257900,0.257900,1.925770,1.609000,0.124376,-1.925770
member,23955,6,6,1,0.506330,0.602704,0.602704,1.236481,3.705003,1.045591,-1.236481
member,23041,2,2,1,1.554376,0.211321,0.211321,2.192868,0.727517,0.566362,-2.192868
member,19833,4,1,0,4.092313,0.016701,0.380201,1.800807,-1.324001,-3.125258,1.800807
member,48427,2,4,0,1.641272,0.193733,0.330576,1.863136,1.094911,-0.534353,1.863136
member,7268,3,6,0,2.011592,0.133776,0.200282,2.064526,0.357663,-0.403564,2.064526
member,44593,5,5,1,0.995299,0.369613,0.369613,1.830921,1.153555,0.465452,-1.830921
member,1138,8,1,0,3.582285,0.027812,0.427684,1.656316,-0.448346,-2.732914,1.656316
member,4985,4,7,0,3.083878,0.045781,0.279767,1.952438,-0.781023,-1.810081,1.952438
member,2885,0,9,0,1.874570,0.153421,0.396552,1.707753,0.714602,-0.949622,1.707753
member,48413,4,7,0,1.730443,0.177206,0.198118,2.062189,1.151149,-0.111552,2.062189
member,14977,7,4,0,2.016388,0.133135,0.265817,2.053943,0.724567,-0.691440,2.053943
member,38403,5,8,0,3.234413,0.039383,0.271053,2.062567,-0.816877,-1.928972,2.062567
member,23791,0,1,0,2.579116,0.075841,0.321637,2.045201,-0.047292,-1.444785,2.045201
member,10993,3,3,1,1.262408,0.282972,0.282972,1.960935,1.453581,0.472602,-1.960935
member,44421,5,5,1,1.303205,0.271660,0.271660,2.061717,1.498310,0.593699,-2.061717
member,26581,5,6,0,3.102831,0.044922,0.230489,1.999407,-0.338444,-1.635280,1.999407
member,3120,1,4,0,2.881706,0.056039,0.244071,1.999873,0.237121,-1.471410,1.999873
member,39202,4,6,0,1.685770,0.185302,0.467411,1.651519,1.616193,-0.925224,1.651519
member,37447,9,8,0,2.124417,0.119503,0.451199,1.454162,1.041046,-1.328570,1.454162
member,4057,4,3,0,2.185694,0.112400,0.524338,1.572748,1.334852,-1.540075,1.572748
member,31985,1,1,1,0.573710,0.563431,0.563431,1.322724,2.986801,0.865801,-1.322724
member,49291,8,8,1,0.359722,0.697871,0.697871,0.821494,5.317601,1.099445,-0.821494
member,18869,7,9,0,2.708878,0.066611,0.445493,1.821819,-0.270128,-1.900305,1.821819
member,27739,6,2,0,2.672364,0.069089,0.237198,2.015662,-0.483566,-1.233503,2.015662
member,7070,6,6,1,1.478503,0.227979,0.227979,1.914532,1.933840,0.042454,-1.914532
member,33874,3,6,0,3.085638,0.045701,0.473063,1.445814,1.348937,-2.337111,1.445814
member,29558,5,6,0,2.210871,0.109605,0.278750,2.020512,0.155653,-0.933432,2.020512
member,17583,6,9,0,2.277976,0.102491,0.171234,2.113732,0.483074,-0.513254,2.113732
member,43156,5,5,1,1.348498,0.259630,0.259630,1.840155,2.354929,0.331562,-1.840155
member,18583,1,9,0,2.707514,0.066702,0.433743,1.273926,0.512164,-1.872211,1.273926
member,13458,3,1,0,4.495226,0.011162,0.595720,1.379641,-1.264581,-3.977241,1.379641
member,17724,6,6,1,0.654987,0.519449,0.519449,1.441634,3.336651,1.020411,-1.441634
member,4569,3,5,0,2.094252,0.123162,0.184240,2.178078,0.157228,-0.402737,2.178078
member,31513,7,7,1,0.968242,0.379750,0.379750,1.803373,2.068136,0.483501,-1.803373
member,21496,9,9,1,1.624221,0.197065,0.197065,2.031988,0.721337,0.012211,-2.031988
member,18175,9,9,1,0.922900,0.397365,0.397365,1.801370,1.612542,0.648861,-1.801370
member,6329,7,7,1,1.075742,0.341045,0.341045,1.900862,1.652453,0.644348,-1.900862
member,14874,1,1,1,1.550636,0.212113,0.212113,1.990459,1.113925,0.010766,-1.990459
member,40462,6,3,0,3.297879,0.036961,0.498329,1.552014,0.413843,-2.601384,1.552014
member,47441,4,2,0,2.504339,0.081730,0.250728,2.030134,0.358764,-1.120951,2.030134
member,39230,0,8,0,2.166622,0.114564,0.550778,1.219694,1.346064,-1.570199,1.219694
member,30146,6,7,0,3.999253,0.018329,0.366810,1.890545,-1.598521,-2.996340,1.890545
member,49346,0,0,1,1.113289,0.328477,0.328477,1.935483,1.075458,0.421459,-1.935483
member,198,5,4,0,1.546528,0.212986,0.297799,1.853635,1.455412,-0.335190,1.853635
member,1448,1,1,1,0.724100,0.484761,0.484761,1.216466,2.561241,0.330032,-1.216466
member,17757,2,0,0,3.633900,0.026413,0.915758,0.420082,0.325712,-3.545897,0.420082
member,44011,6,7,0,1.930643,0.145055,0.227686,2.078882,0.903615,-0.450855,2.078882
member,10268,8,0,0,2.532261,0.079479,0.886896,0.469540,1.978241,-2.412234,0.469540
member,32008,9,9,1,0.995223,0.369641,0.369641,1.760608,1.374370,0.420239,-1.760608
member,20833,4,4,1,0.615338,0.540458,0.540458,1.385111,3.168748,0.879296,-1.385111
member,34626,5,2,0,2.401942,0.090542,0.265315,1.997252,0.003185,-1.075106,1.997252
member,8659,7,7,1,0.805115,0.447036,0.447036,1.632822,2.358452,0.770275,-1.632822
member,10045,7,8,0,1.825387,0.161155,0.203606,2.016049,0.324888,-0.233820,2.016049
member,16379,2,7,0,2.714293,0.066252,0.374166,1.765658,0.647531,-1.731236,1.765658
member,17244,1,9,0,0.973142,0.377894,0.409793,1.360610,2.425251,-0.081039,1.360610
member,31570,6,6,1,1.108147,0.330170,0.330170,1.470567,3.112833,0.122107,-1.470567
member,19723,5,2,0,1.384870,0.250356,0.373381,1.695234,1.771037,-0.399713,1.695234
member,40336,8,8,1,0.322775,0.724137,0.724137,0.840478,3.644514,1.230338,-0.840478
member,12618,3,5,0,1.487748,0.225881,0.382995,1.681297,1.881001,-0.528015,1.681297
member,5746,2,2,1,0.896574,0.407965,0.407965,1.695031,2.668579,0.517774,-1.695031
member,44070,2,6,0,1.447112,0.235249,0.287193,1.764207,2.109117,-0.199512,1.764207
member,43134,2,4,0,2.811561,0.060111,0.283516,1.872290,0.439756,-1.551076,1.872290
member,23575,9,1,0,0.855835,0.424928,0.431258,1.263438,2.171975,-0.014786,1.263438
member,47223,5,6,0,2.415843,0.089292,0.416012,1.546424,1.697180,-1.538801,1.546424
member,25326,2,2,1,1.195245,0.302630,0.302630,2.010127,0.721199,0.633599,-2.010127
member,44216,2,1,0,3.920834,0.019825,0.647536,1.297084,-0.367887,-3.486253,1.297084
member,19819,5,6,0,1.455151,0.233365,0.367208,1.766399,1.783863,-0.453324,1.766399
member,47713,8,8,1,0.619068,0.538446,0.538446,1.499103,2.111859,1.317823,-1.499103
member,45673,9,9,1,0.379792,0.684003,0.684003,1.040996,2.723222,1.340382,-1.040996
member,41827,3,3,1,0.990272,0.371476,0.371476,1.883980,1.830460,0.899191,-1.883980
member,3840,1,0,0,1.484565,0.226601,0.416731,1.589206,1.128921,-0.609250,1.589206
member,34965,6,6,1,0.891205,0.410161,0.410161,1.616228,2.882626,0.682961,-1.616228
member,5645,5,1,0,3.719017,0.024258,0.262857,1.961429,-0.542811,-2.382874,1.961429
member,33931,5,2,0,2.800000,0.060810,0.358283,1.892681,0.184506,-1.773568,1.892681
member,25315,3,3,1,0.956190,0.384355,0.384355,1.661029,2.366661,0.487689,-1.661029
member,23046,5,6,0,3.069381,0.046450,0.177942,2.159519,-0.361745,-1.343084,2.159519
member,9672,7,4,0,2.357939,0.094615,0.393946,1.582664,1.650826,-1.426397,1.582664
member,45833,7,7,1,0.838622,0.432306,0.432306,1.719218,2.442377,1.086900,-1.719218
member,9242,9,8,0,1.120729,0.326042,0.387046,1.600818,1.661479,-0.171517,1.600818
member,35274,8,0,0,2.544094,0.078544,0.181360,2.173951,-0.552064,-0.836822,2.173951
member,32446,4,6,0,2.221405,0.108457,0.211676,2.086557,0.530636,-0.668706,2.086557
member,681,5,3,0,2.271028,0.103206,0.240792,1.868612,0.863189,-0.847206,1.868612
member,45179,5,0,0,3.498818,0.030233,0.662719,1.199980,-0.179671,-3.087413,1.199980
member,46939,3,9,0,2.821882,0.059494,0.251991,2.026978,-0.213714,-1.443522,2.026978
member,41768,1,9,0,1.723536,0.178434,0.399713,1.718996,1.244152,-0.806527,1.718996
member,8812,1,9,0,1.720634,0.178953,0.507932,1.620445,0.458324,-1.043227,1.620445
member,40264,6,3,0,2.953456,0.052159,0.355596,1.812879,0.403965,-1.919497,1.812879
member,25266,7,6,0,1.695504,0.183507,0.225451,1.960861,1.497798,-0.205849,1.960861
member,49379,8,8,1,0.885590,0.412471,0.412471,1.342763,1.891936,0.013533,-1.342763
member,28591,9,7,0,1.820139,0.162003,0.180865,2.115801,0.501956,-0.110135,2.115801
member,12758,3,6,0,1.272415,0.280154,0.315442,1.833077,1.504418,-0.118634,1.833077
member,8474,6,5,0,2.872813,0.056540,0.151291,2.256867,-0.751707,-0.984260,2.256867
member,24802,0,0,1,0.988214,0.372241,0.372241,1.754407,1.320560,0.593689,-1.754407
member,13505,1,8,0,1.112337,0.328790,0.524932,1.129346,3.027584,-0.467851,1.129346
member,18215,0,0,1,0.095804,0.908642,0.908642,0.357501,6.158649,2.458323,-0.357501
member,44984,8,9,0,2.796752,0.061008,0.487401,1.749764,-0.728265,-2.078085,1.749764
member,6224,6,1,0,2.562901,0.077081,0.188129,1.990017,0.703912,-0.892273,1.990017
member,33322,8,8,1,1.055797,0.347915,0.347915,1.453300,2.163523,0.134172,-1.453300
member,32156,9,1,0,2.371872,0.093306,0.455853,1.612828,0.587291,-1.586287,1.612828
member,45143,0,9,0,1.426747,0.240089,0.377685,1.273409,2.965297,-0.453053,1.273409
member,10460,6,7,0,1.490783,0.225196,0.303480,1.838117,1.959758,-0.298343,1.838117
member,34110,9,9,1,0.644618,0.524863,0.524863,1.505486,2.086080,0.953710,-1.505486
member,36900,3,1,0,3.493267,0.030401,0.319771,1.876618,-0.937187,-2.353118,1.876618
member,36462,6,5,0,2.490335,0.082882,0.185601,2.191773,-0.360209,-0.806177,2.191773
member,585,8,0,0,1.845565,0.157936,0.742841,0.841740,3.119438,-1.548292,0.841740
member,26501,5,2,0,3.104360,0.044853,0.471079,1.776784,-0.780783,-2.351630,1.776784
member,39109,1,6,0,3.964942,0.018969,0.298720,1.898069,-1.082832,-2.756694,1.898069
member,29316,8,8,1,0.155268,0.856185,0.856185,0.543949,5.426683,2.089182,-0.543949
member,23208,6,1,0,2.234550,0.107040,0.471630,1.758325,0.969616,-1.482990,1.758325
member,43785,9,9,1,1.109300,0.329790,0.329790,1.870407,1.306149,0.431148,-1.870407
member,23584,3,3,1,0.850973,0.426999,0.426999,1.684808,2.612345,0.897111,-1.684808
member,47910,2,6,0,2.283565,0.101920,0.551281,1.442647,1.259208,-1.688054,1.442647
member,40064,7,7,1,0.912691,0.401442,0.401442,1.817248,1.515223,0.663378,-1.817248
member,7650,6,6,1,0.910882,0.402169,0.402169,1.609174,3.091912,0.625415,-1.609174
member,7584,3,8,0,1.889731,0.151112,0.223415,2.051988,0.649709,-0.391008,2.051988
member,40551,6,1,0,2.284253,0.101850,0.250331,2.105046,-0.171850,-0.899283,2.105046
member,36927,0,8,0,2.535864,0.079193,0.342938,1.793275,-0.182479,-1.465658,1.793275
member,13373,7,7,1,0.449258,0.638102,0.638102,1.356532,2.544008,1.837207,-1.356532
member,13484,6,5,0,2.010591,0.133909,0.211373,2.008191,0.520478,-0.456461,2.008191
member,24492,0,6,0,5.548182,0.003895,0.271507,1.730699,-2.089763,-4.244412,1.730699
member,2463,8,1,0,3.206499,0.040498,0.341768,1.608327,-1.075560,-2.132875,1.608327
member,9829,7,5,0,1.611859,0.199516,0.286138,1.957904,1.261151,-0.360576,1.957904
member,31684,2,4,0,2.152763,0.116163,0.419951,1.767253,1.086963,-1.285146,1.767253
member,37428,1,9,0,2.358724,0.094541,0.508289,1.387504,0.767607,-1.682020,1.387504
member,20339,3,2,0,2.626701,0.072317,0.342935,1.732763,0.833183,-1.556487,1.732763
member,48859,0,0,1,1.070635,0.342791,0.342791,1.535839,2.466855,0.221821,-1.535839
member,44240,9,0,0,1.371585,0.253705,0.259027,1.897286,0.699527,-0.020761,1.897286
member,47407,6,7,0,1.658418,0.190440,0.293196,1.776221,2.568784,-0.431503,1.776221
member,27506,1,0,0,1.917115,0.147031,0.679719,1.018453,1.715107,-1.531039,1.018453
member,17552,4,4,1,0.998916,0.368278,0.368278,1.564910,2.967431,0.088073,-1.564910
member,23514,1,1,1,0.668577,0.512437,0.512437,1.443969,2.046955,1.008368,-1.443969
member,26006,7,1,0,2.129861,0.118854,0.307307,1.909318,1.037572,-0.949953,1.909318
member,46859,1,3,0,2.917494,0.054069,0.280995,1.822920,-0.096715,-1.648077,1.822920
member,29596,0,8,0,2.156398,0.115741,0.489197,1.446625,0.790077,-1.441409,1.446625
member,18046,6,0,0,4.352511,0.012874,0.236314,1.935328,-2.088718,-2.909916,1.935328
member,44418,1,9,0,1.986695,0.137148,0.512338,1.614974,0.802302,-1.317924,1.614974
member,31562,2,6,0,2.407138,0.090073,0.353369,1.638358,1.417122,-1.366897,1.638358
member,34962,1,9,0,1.745352,0.174584,0.342773,1.965063,0.219932,-0.674666,1.965063
member,7055,7,7,1,0.954399,0.385043,0.385043,1.816067,1.656445,0.726457,-1.816067
member,7646,8,0,0,0.950164,0.386678,0.468434,1.186298,2.682263,-0.191803,1.186298
member,25770,7,9,0,4.002643,0.018267,0.524816,1.492587,-1.339770,-3.357936,1.492587
member,43935,1,1,1,1.336447,0.262778,0.262778,1.900903,1.347152,0.138991,-1.900903
member,27719,9,9,1,1.489134,0.225568,0.225568,2.027448,1.687072,0.122441,-2.027448
member,28448,9,6,0,3.057697,0.046996,0.389072,1.724647,0.181413,-2.113705,1.724647
member,48430,0,9,0,2.877715,0.056263,0.732912,0.976313,1.308446,-2.566985,0.976313
member,24384,3,1,0,3.128898,0.043766,0.195359,2.150587,-0.524762,-1.495980,2.150587
member,38939,2,6,0,3.380219,0.034040,0.583730,1.199913,1.472631,-2.841902,1.199913
member,36465,2,8,0,2.648960,0.070725,0.222015,2.118385,-0.651182,-1.143950,2.118385
member,10927,7,3,0,2.224024,0.108173,0.268758,1.953000,0.329793,-0.910079,1.953000
member,42423,7,9,0,1.840470,0.158743,0.473778,1.422187,1.224227,-1.093453,1.422187
member,12894,1,8,0,3.255048,0.038579,0.508442,1.140679,0.696979,-2.578643,1.140679
member,41067,1,8,0,3.502242,0.030130,0.581802,1.138766,0.451343,-2.960617,1.138766
member,26106,3,2,0,2.944021,0.052654,0.533305,1.548279,0.193553,-2.315359,1.548279
member,45574,1,1,1,1.218395,0.295705,0.295705,2.012197,1.544523,0.588143,-2.012197
member,3290,6,4,0,1.545174,0.213275,0.216973,2.004653,0.849900,-0.017194,2.004653
member,34117,5,1,0,2.021588,0.132445,0.199006,2.079493,0.515997,-0.407167,2.079493
member,11427,1,1,1,1.366680,0.254952,0.254952,2.004366,1.527641,0.384392,-2.004366
member,15054,2,7,0,2.471810,0.084432,0.237629,2.053985,-0.480820,-1.034764,2.053985
member,19474,9,9,1,0.714562,0.489406,0.489406,1.465795,2.404900,0.717356,-1.465795
member,3494,4,0,0,5.392789,0.004549,0.478216,1.473029,-2.336965,-4.655097,1.473029
member,5264,4,7,0,1.841281,0.158614,0.439869,1.718654,1.643893,-1.020004,1.718654
member,12377,3,9,0,3.450164,0.031740,0.570375,1.479561,-0.222088,-2.888702,1.479561
member,20366,1,1,1,0.702951,0.495122,0.495122,1.514101,2.301447,0.719154,-1.514101
member,45677,1,2,0,2.076932,0.125314,0.362870,1.873300,0.642306,-1.063223,1.873300
member,40829,7,0,0,2.908897,0.054536,0.338611,1.782934,-0.292031,-1.825995,1.782934
member,6916,8,2,0,3.860732,0.021053,0.222344,1.976535,-1.462970,-2.357203,1.976535
member,18027,2,4,0,1.791700,0.166677,0.233025,1.971299,1.399045,-0.335092,1.971299
member,37745,2,4,0,1.652552,0.191560,0.234291,1.900280,1.018479,-0.201360,1.900280
member,21328,1,1,1,1.035359,0.355099,0.355099,1.725595,1.906583,0.169039,-1.725595
member,20279,5,6,0,3.071022,0.046374,0.553760,1.408979,0.920711,-2.479997,1.408979
member,41885,9,9,1,1.196010,0.302398,0.302398,1.796429,1.237393,0.325087,-1.796429
member,16545,6,6,1,0.929876,0.394603,0.394603,1.654287,2.740875,0.626660,-1.654287
member,14067,1,1,1,0.351403,0.703700,0.703700,1.169504,3.350194,1.944826,-1.169504
member,20630,3,3,1,1.033197,0.355867,0.355867,1.773957,2.352892,0.570025,-1.773957
member,21239,3,4,0,2.103264,0.122057,0.488951,1.632030,1.379274,-1.387771,1.632030
member,27152,3,4,0,1.385157,0.250284,0.260921,1.880703,1.909098,-0.041621,1.880703
member,26634,6,6,1,0.772086,0.462048,0.462048,1.405887,3.098039,0.334047,-1.405887
member,10821,6,6,1,0.649859,0.522119,0.522119,1.600410,3.059986,1.394627,-1.600410
member,19015,0,9,0,3.149257,0.042884,0.278084,1.910908,-0.249664,-1.869425,1.910908
member,14759,5,6,0,3.503609,0.030089,0.465082,1.337718,1.151234,-2.738067,1.337718
member,18119,3,3,1,0.779371,0.458694,0.458694,1.685394,2.152319,1.183213,-1.685394
member,42881,6,4,0,1.417583,0.242299,0.277308,1.924429,1.640017,-0.134955,1.924429
member,36207,5,5,1,0.603078,0.547125,0.547125,1.476356,3.236022,1.365814,-1.476356
member,49474,5,0,0,2.961877,0.051722,0.357551,1.914479,-0.520142,-1.933401,1.914479
member,1824,0,9,0,1.626277,0.196660,0.352279,1.860946,0.634734,-0.582946,1.860946
member,46194,1,3,0,3.317962,0.036227,0.474287,1.472743,1.013363,-2.572018,1.472743
member,25434,4,2,0,1.918553,0.146819,0.537117,1.536559,1.656833,-1.297014,1.536559
member,40078,3,3,1,1.078981,0.339942,0.339942,1.736615,2.426492,0.154550,-1.736615
member,8909,7,7,1,0.889126,0.411015,0.411015,1.675366,2.188621,0.709725,-1.675366
member,20853,6,0,0,4.913413,0.007347,0.448015,1.682171,-1.533991,-4.110485,1.682171
member,27450,6,7,0,2.834281,0.058761,0.334233,2.057355,-0.716867,-1.738365,2.057355
member,31937,9,8,0,1.871370,0.153913,0.320325,1.844251,0.933212,-0.732951,1.844251
member,6946,2,6,0,2.638227,0.071488,0.206167,1.988153,0.000780,-1.059159,1.988153
member,9685,4,4,1,0.997298,0.368875,0.368875,1.717813,2.484596,0.668083,-1.717813
member,34334,3,4,0,1.976897,0.138498,0.414193,1.743895,1.792408,-1.095473,1.743895
member,46758,8,8,1,0.384981,0.680463,0.680463,1.094216,2.744697,1.565761,-1.094216
member,28474,1,0,0,2.493856,0.082591,0.258768,1.956009,-0.751985,-1.142033,1.956009
member,18668,9,9,1,1.279781,0.278098,0.278098,1.885580,1.647749,0.011246,-1.885580
member,37156,3,9,0,2.714881,0.066213,0.551138,1.501880,-0.047618,-2.119111,1.501880
member,3564,0,0,1,0.222781,0.800290,0.800290,0.785932,3.822714,2.198797,-0.785932
member,28540,6,0,0,3.822297,0.021877,0.436240,1.667597,-0.907080,-2.992735,1.667597
member,18049,2,2,1,1.189073,0.304503,0.304503,2.008270,1.878925,0.556306,-2.008270
member,28079,5,5,1,0.869741,0.419060,0.419060,1.665332,2.474193,0.641361,-1.665332
member,28532,1,9,0,2.449087,0.086372,0.287817,1.958668,-0.179669,-1.203657,1.958668
member,21420,3,2,0,2.050960,0.128611,0.166225,2.134195,0.369732,-0.256549,2.134195
member,322,9,1,0,2.277036,0.102588,0.358447,1.721484,0.411012,-1.251061,1.721484
member,47970,3,2,0,2.842613,0.058273,0.240743,2.073401,-0.349469,-1.418588,2.073401
member,19345,4,8,0,5.455163,0.004274,0.385822,1.488466,-2.218824,-4.502784,1.488466
member,14804,8,0,0,2.857886,0.057390,0.311478,1.606119,-0.218274,-1.691458,1.606119
member,45991,5,2,0,2.286404,0.101631,0.540519,1.604790,0.384821,-1.671178,1.604790
member,45619,8,0,0,2.724933,0.065551,0.821360,0.768339,0.892673,-2.528139,0.768339
member,49165,8,1,0,4.610025,0.009952,0.437259,1.804094,-2.259512,-3.782795,1.804094
member,28279,8,0,0,2.706654,0.066760,0.359760,1.515638,0.064527,-1.684337,1.515638
member,38831,6,9,0,4.462662,0.011532,0.226068,2.148654,-2.434476,-2.975743,2.148654
member,29276,5,7,0,1.171542,0.309889,0.343206,1.675004,1.630683,-0.102117,1.675004
member,27488,1,9,0,5.121016,0.005970,0.848280,0.559448,-0.266406,-4.956471,0.559448
member,43005,5,5,1,1.295919,0.273646,0.273646,1.946355,0.536269,0.335936,-1.946355
member,10496,7,8,0,1.685531,0.185346,0.290701,1.909874,0.960048,-0.450069,1.909874
member,42662,4,6,0,1.678305,0.186690,0.564503,1.342349,2.443445,-1.106497,1.342349
member,5528,8,5,0,3.382047,0.033978,0.362888,1.919397,-1.343507,-2.368386,1.919397
member,35387,2,4,0,2.037279,0.130383,0.328132,1.796305,1.351680,-0.922940,1.796305
member,31208,1,9,0,4.794681,0.008274,0.421052,1.704946,-2.153752,-3.929680,1.704946
member,40987,1,1,1,0.736085,0.478986,0.478986,1.686975,2.291733,1.356575,-1.686975
member,21332,2,0,0,2.713466,0.066307,0.465119,1.700201,-0.620157,-1.948003,1.700201
member,3402,2,2,1,1.373783,0.253147,0.253147,1.975199,1.161486,0.309096,-1.975199
member,7780,5,4,0,2.413684,0.089485,0.392305,1.708819,0.927113,-1.477967,1.708819
member,27135,4,4,1,0.966298,0.380489,0.380489,1.324202,3.817135,0.017684,-1.324202
member,45929,7,7,1,1.043994,0.352046,0.352046,1.679076,1.993607,0.133168,-1.679076
member,25715,4,6,0,2.311203,0.099142,0.662233,1.189976,2.089256,-1.899066,1.189976
member,22229,5,0,0,3.167713,0.042100,0.496479,1.435569,-0.487146,-2.467499,1.435569
member,482,1,5,0,2.826374,0.059227,0.187701,2.039882,-0.041694,-1.153468,2.039882
member,28661,5,1,0,2.013611,0.133506,0.393577,1.738500,0.983515,-1.081134,1.738500
member,14181,4,4,1,0.869691,0.419081,0.419081,1.344174,3.943754,0.110269,-1.344174
member,39684,8,6,0,4.370222,0.012648,0.303947,1.851595,-1.575125,-3.179320,1.851595
member,8790,3,4,0,1.364835,0.255423,0.390027,1.575319,2.384480,-0.423295,1.575319
member,38978,8,8,1,0.938254,0.391310,0.391310,1.384164,2.337692,0.078841,-1.384164
member,40401,0,9,0,2.119370,0.120107,0.336228,1.937154,0.523698,-1.029405,1.937154
member,2874,6,6,1,1.391510,0.248700,0.248700,1.981507,1.681448,0.101049,-1.981507
member,45435,9,6,0,3.204161,0.040593,0.394955,1.698850,0.170790,-2.275178,1.698850
member,22603,2,6,0,1.701503,0.182409,0.185043,2.060995,0.477410,-0.014338,2.060995
member,37027,1,2,0,4.119856,0.016247,0.338093,1.803529,-1.206047,-3.035422,1.803529
member,44393,6,2,0,3.062425,0.046774,0.215858,2.074095,-0.564515,-1.529288,2.074095
member,4215,9,9,1,1.201924,0.300615,0.300615,1.903609,1.160102,0.380111,-1.903609
member,33067,5,4,0,2.198532,0.110966,0.201160,2.080494,0.968048,-0.594876,2.080494
member,13591,8,5,0,4.172812,0.015409,0.171437,2.140104,-1.893808,-2.409273,2.140104
member,44340,2,1,0,2.299676,0.100291,0.317568,2.086347,0.137310,-1.152612,2.086347
member,38869,4,1,0,2.382365,0.092332,0.290994,2.014449,0.871517,-1.147913,2.014449
member,46868,6,6,1,0.751004,0.471893,0.471893,1.736694,1.866496,1.367351,-1.736694
member,373,0,7,0,1.474741,0.228838,0.249792,2.017190,1.001164,-0.087612,2.017190
member,48581,7,7,1,1.137709,0.320552,0.320552,1.875414,1.257899,0.363252,-1.875414
member,39616,3,5,0,2.088553,0.123866,0.230757,1.965398,0.912606,-0.622164,1.965398
member,27088,6,4,0,1.693045,0.183959,0.205947,1.998217,1.159109,-0.112908,1.998217
member,32024,4,6,0,1.166766,0.311372,0.556652,1.128096,4.066724,-0.580950,1.128096
member,21634,0,0,1,1.292279,0.274644,0.274644,1.997842,1.067011,0.438624,-1.997842
member,4579,5,6,0,2.588812,0.075109,0.231974,1.949573,0.304061,-1.127683,1.949573
member,39392,0,9,0,2.485478,0.083286,0.447292,1.609073,0.121333,-1.680934,1.609073
member,17782,7,9,0,2.211863,0.109496,0.327704,1.817043,0.359704,-1.096218,1.817043
member,40302,6,6,1,0.310291,0.733234,0.733234,0.888827,5.392171,1.450842,-0.888827
member,19516,4,1,0,1.760822,0.171904,0.304792,1.942496,1.468160,-0.572697,1.942496
member,28309,9,9,1,1.003523,0.366586,0.366586,1.764501,1.295176,0.557949,-1.764501
member,12617,7,4,0,2.219199,0.108696,0.432851,1.602668,1.849770,-1.381837,1.602668
member,35498,9,8,0,1.430537,0.239181,0.569178,1.220833,1.787688,-0.866974,1.220833
member,35884,1,1,1,1.342563,0.261175,0.261175,1.992273,1.292594,0.243499,-1.992273
member,31744,9,9,1,1.740019,0.175517,0.175517,2.168344,0.179801,0.166359,-2.168344
member,48720,7,9,0,2.532766,0.079439,0.304591,2.063369,-0.259270,-1.343981,2.063369
member,13911,5,4,0,2.033253,0.130909,0.257885,1.881055,1.150566,-0.678010,1.881055
member,7094,5,4,0,2.188519,0.112083,0.342464,1.797238,1.622185,-1.116930,1.797238
member,15400,7,7,1,1.115389,0.327788,0.327788,1.861856,1.898760,0.653314,-1.861856
member,42129,3,8,0,3.114365,0.044407,0.513257,1.485834,-0.566343,-2.447386,1.485834
member,29297,2,6,0,1.470125,0.229897,0.400759,1.602698,2.234447,-0.555731,1.602698
member,33129,4,6,0,1.807652,0.164039,0.247581,1.998922,1.150417,-0.411633,1.998922
member,29116,9,3,0,2.112454,0.120941,0.247272,2.119778,-0.485624,-0.715189,2.119778
member,7687,9,1,0,1.447862,0.235072,0.373171,1.615283,1.092986,-0.462142,1.615283
member,45114,4,4,1,0.919340,0.398782,0.398782,1.380257,3.845675,0.057124,-1.380257
member,62,8,8,1,0.098680,0.906032,0.906032,0.384417,5.669392,2.523933,-0.384417
member,25109,7,9,0,3.487348,0.030582,0.329923,1.826295,-1.412966,-2.378453,1.826295
member,12024,8,9,0,2.020627,0.132572,0.305180,1.942838,0.206391,-0.833774,1.942838
member,37595,7,9,0,2.165516,0.114691,0.468718,1.784042,-0.095725,-1.407763,1.784042
member,7892,9,9,1,0.721737,0.485908,0.485908,1.527064,2.345105,1.168884,-1.527064
member,20265,0,9,0,2.150886,0.116381,0.509133,1.269747,1.328278,-1.475839,1.269747
member,49706,7,7,1,1.132403,0.322258,0.322258,1.671894,1.908700,0.091545,-1.671894
member,47292,3,0,0,2.248564,0.105551,0.212397,2.128700,-0.102744,-0.699266,2.128700
member,22681,5,9,0,4.651002,0.009552,0.809837,0.779415,-0.858971,-4.440080,0.779415
member,29909,9,9,1,1.152671,0.315792,0.315792,1.853998,1.215280,0.459617,-1.853998
member,2385,4,4,1,0.455072,0.634402,0.634402,1.161811,4.299084,1.129685,-1.161811
member,25884,2,6,0,2.635000,0.071719,0.558496,1.454347,1.368273,-2.052491,1.454347
member,3184,0,0,1,0.185172,0.830961,0.830961,0.751527,3.067492,2.740476,-0.751527
member,21752,1,9,0,3.995675,0.018395,0.486282,1.557172,-1.263718,-3.274708,1.557172
member,8358,8,9,0,2.975847,0.051004,0.693103,1.109776,0.533432,-2.609271,1.109776
member,4995,8,9,0,2.847157,0.058009,0.322116,1.889605,-0.166752,-1.714315,1.889605
member,19990,4,4,1,1.345670,0.260365,0.260365,1.961295,1.683339,0.168756,-1.961295
member,37218,5,3,0,2.231712,0.107345,0.258733,1.966159,0.688964,-0.879755,1.966159
member,45047,8,1,0,2.213984,0.109264,0.326254,1.684118,1.671890,-1.093904,1.684118
member,13734,6,6,1,0.444662,0.641041,0.641041,1.268420,3.540829,1.689268,-1.268420
member,6111,9,1,0,2.623428,0.072554,0.512105,1.574580,0.504612,-1.954203,1.574580
member,5373,8,0,0,1.734384,0.176509,0.607488,1.230558,1.511131,-1.235961,1.230558
member,42274,5,5,1,1.149884,0.316674,0.316674,2.005735,1.102065,0.811428,-2.005735
member,12431,5,9,0,3.181183,0.041536,0.476907,1.448956,0.036097,-2.440750,1.448956
member,7918,6,6,1,0.597964,0.549930,0.549930,1.482330,3.028705,1.232902,-1.482330
member,35811,4,4,1,0.848821,0.427919,0.427919,1.590291,2.847874,0.508864,-1.590291
member,37630,1,9,0,3.500840,0.030172,0.653432,1.227991,-0.531904,-3.075322,1.227991
member,12140,2,6,0,2.271142,0.103194,0.565312,1.263117,2.448450,-1.700764,1.263117
member,39634,3,1,0,3.196569,0.040902,0.472823,1.413957,-0.047007,-2.447536,1.413957
member,9645,8,8,1,0.350521,0.704321,0.704321,1.010407,3.283187,1.525529,-1.010407
member,43841,3,3,1,1.413114,0.243384,0.243384,1.872136,1.740885,0.331362,-1.872136
member,36448,3,2,0,1.601010,0.201693,0.264380,1.850178,1.440420,-0.270643,1.850178
member,25313,4,6,0,2.420331,0.088892,0.364544,1.877994,0.684589,-1.411223,1.877994
member,46535,6,0,0,4.063413,0.017190,0.450409,1.773645,-1.899589,-3.265813,1.773645
member,5304,8,0,0,1.611688,0.199551,0.733061,0.828197,2.366230,-1.301162,0.828197
member,38769,6,6,1,0.470298,0.624816,0.624816,1.237414,3.648877,1.275112,-1.237414
member,22445,5,4,0,1.808208,0.163948,0.350388,1.696290,1.783685,-0.759493,1.696290
member,10324,5,0,0,1.633156,0.195312,0.269751,1.981458,0.909475,-0.322898,1.981458
member,37746,5,5,1,0.890002,0.410655,0.410655,1.928810,1.276848,1.405684,-1.928810
member,41364,3,1,0,2.460204,0.085418,0.150383,2.240967,-0.243336,-0.565633,2.240967
member,3180,0,9,0,1.339339,0.262019,0.339104,1.664542,1.263885,-0.257889,1.664542
member,29109,3,4,0,1.543510,0.213630,0.312258,1.633681,2.444866,-0.379586,1.633681
member,26629,2,0,0,3.338809,0.035479,0.881139,0.551604,0.574472,-3.212269,0.551604
member,17020,8,8,1,0.725867,0.483905,0.483905,1.482623,2.254368,0.961714,-1.482623
member,4614,4,6,0,1.454444,0.233530,0.281856,1.633109,3.225796,-0.188085,1.633109
member,30558,9,6,0,3.404174,0.033234,0.485378,1.615914,0.017064,-2.681347,1.615914
member,428,9,9,1,1.044550,0.351850,0.351850,1.909026,1.415237,0.807328,-1.909026
member,45144,4,9,0,3.888173,0.020483,0.266894,1.986986,-1.264246,-2.567269,1.986986
member,36165,9,8,0,1.667928,0.188638,0.593543,1.315452,1.608420,-1.146282,1.315452
member,46191,6,6,1,1.018251,0.361226,0.361226,1.826710,2.160332,0.763274,-1.826710
member,43338,5,1,0,3.442298,0.031991,0.330709,1.787063,-0.528371,-2.335782,1.787063
member,21861,1,2,0,2.534833,0.079275,0.455553,1.703720,0.582527,-1.748591,1.703720
member,24211,9,9,1,0.654718,0.519589,0.519589,1.370219,3.230750,1.022260,-1.370219
member,10365,0,9,0,2.031251,0.131171,0.565368,1.293509,1.180197,-1.460972,1.293509
member,39272,3,1,0,2.945893,0.052555,0.220375,2.082343,-0.351214,-1.433468,2.082343
member,33412,2,1,0,1.899642,0.149622,0.245463,1.912854,0.923979,-0.495034,1.912854
member,20849,3,3,1,1.269590,0.280947,0.280947,1.806530,2.218611,0.110690,-1.806530
member,16842,4,6,0,2.200524,0.110745,0.483827,1.562273,1.241667,-1.474496,1.562273
member,9998,1,1,1,1.279411,0.278201,0.278201,1.691571,1.833938,0.198917,-1.691571
member,23186,7,7,1,0.729139,0.482324,0.482324,1.509163,2.500863,0.708692,-1.509163
member,7497,8,8,1,0.364529,0.694524,0.694524,0.951204,3.601644,1.306283,-0.951204
member,5459,1,9,0,1.786143,0.167605,0.340637,1.755146,0.589016,-0.709205,1.755146
member,4573,4,0,0,5.355959,0.004720,0.493344,1.452835,-2.992101,-4.649411,1.452835
member,8171,6,6,1,0.537233,0.584363,0.584363,1.269860,4.579347,1.086994,-1.269860
member,33839,9,9,1,0.285800,0.751413,0.751413,0.930913,3.276670,2.018086,-0.930913
member,23588,2,6,0,2.128583,0.119006,0.278683,1.970655,0.230024,-0.850901,1.970655
member,41912,2,8,0,4.663144,0.009437,0.738878,0.947842,-0.604199,-4.360521,0.947842
member,7294,8,0,0,1.504000,0.222239,0.726571,0.762397,3.465865,-1.184582,0.762397
member,25913,6,9,0,2.521886,0.080308,0.294069,2.046077,-0.246790,-1.297946,2.046077
member,16357,2,9,0,2.522163,0.080286,0.318803,2.034658,0.108213,-1.378981,2.034658
member,36329,9,0,0,4.663611,0.009432,0.895776,0.428108,2.209378,-4.553546,0.428108
member,46762,5,3,0,2.148196,0.116695,0.204868,2.082605,0.706300,-0.562807,2.082605
member,13263,9,0,0,1.594521,0.203006,0.346101,1.493239,1.155244,-0.533496,1.493239
member,33510,0,8,0,2.092950,0.123323,0.426942,1.641168,0.456221,-1.241843,1.641168
member,44105,7,9,0,1.171458,0.309915,0.380299,1.673086,1.504701,-0.204660,1.673086
member,11192,3,0,0,2.556526,0.077574,0.390652,1.828264,-0.437404,-1.616587,1.828264
member,27638,0,8,0,0.871073,0.418502,0.453886,1.051410,4.212102,-0.081162,1.051410
member,35305,9,6,0,2.761192,0.063216,0.251418,2.016953,-0.015221,-1.380554,2.016953
member,17714,7,7,1,1.156439,0.314604,0.314604,2.024041,1.259871,0.480453,-2.024041
member,32663,8,8,1,1.533857,0.215702,0.215702,1.937933,1.249284,0.025075,-1.937933
member,13167,3,3,1,1.161790,0.312925,0.312925,1.855646,1.736039,0.158014,-1.855646
member,25290,0,0,1,0.574635,0.562910,0.562910,1.584412,1.844217,1.795419,-1.584412
member,27401,5,6,0,3.084643,0.045746,0.326363,1.653237,0.531150,-1.964899,1.653237
member,12457,8,0,0,2.364960,0.093953,0.898145,0.367461,3.548179,-2.257537,0.367461
member,2185,1,9,0,1.647501,0.192530,0.278350,1.912189,0.097068,-0.368626,1.912189
member,37087,0,0,1,0.542295,0.581413,0.581413,1.426599,2.142199,1.526517,-1.426599
member,21358,6,6,1,0.198872,0.819655,0.819655,0.729813,5.014454,2.439690,-0.729813
member,40553,4,9,0,3.259885,0.038393,0.384212,1.696806,-0.410065,-2.303326,1.696806
member,25253,3,3,1,1.108431,0.330076,0.330076,1.660106,2.521408,0.219206,-1.660106
member,2494,6,6,1,1.015160,0.362344,0.362344,1.877493,1.805649,0.930873,-1.877493
member,11032,5,4,0,1.781225,0.168432,0.191788,2.014706,1.254445,-0.129860,2.014706
member,13611,6,1,0,2.310312,0.099230,0.298515,1.985098,1.141913,-1.101377,1.985098
member,26444,7,4,0,3.129960,0.043720,0.513199,1.334440,1.437429,-2.462867,1.334440
member,41257,1,7,0,1.659313,0.190270,0.280474,1.957104,1.295183,-0.388040,1.957104
member,11762,0,0,1,0.319166,0.726755,0.726755,1.043559,3.398665,1.752360,-1.043559
member,5235,9,8,0,3.637309,0.026323,0.730604,0.938375,0.337751,-3.323425,0.938375
member,5763,6,3,0,1.405968,0.245130,0.357842,1.682370,2.207131,-0.378305,1.682370
member,19732,6,6,1,0.945796,0.388370,0.388370,1.750626,2.551726,0.846164,-1.750626
member,39017,7,6,0,2.841494,0.058338,0.353602,1.856883,0.240934,-1.801911,1.856883
member,36078,7,8,0,2.895643,0.055263,0.221496,2.153219,-0.209367,-1.388294,2.153219
member,44767,1,1,1,0.704181,0.494513,0.494513,1.574296,2.579570,1.317373,-1.574296
member,28280,1,9,0,1.460959,0.232014,0.251509,1.961980,0.573300,-0.080681,1.961980
member,46354,3,5,0,2.265576,0.103770,0.183248,2.185719,0.490474,-0.568660,2.185719
member,42758,1,8,0,3.257524,0.038484,0.399653,1.276904,1.170021,-2.340366,1.276904
member,48920,8,9,0,2.854153,0.057605,0.324981,1.998809,-0.449921,-1.730165,1.998809
member,47078,9,2,0,3.300691,0.036858,0.343530,1.922484,-0.350448,-2.232209,1.922484
member,18151,5,1,0,3.520631,0.029581,0.477646,1.711107,-0.546620,-2.781746,1.711107
member,41440,8,6,0,6.131445,0.002173,0.560011,1.486941,-2.551200,-5.551646,1.486941
member,18346,5,3,0,1.303075,0.271695,0.309881,1.714346,2.678463,-0.131507,1.714346
member,21522,0,0,1,1.248649,0.286892,0.286892,2.025288,0.497365,0.733150,-2.025288
member,39092,5,3,0,1.846174,0.157840,0.536954,1.502715,1.608572,-1.224331,1.502715
member,29608,5,6,0,3.139385,0.043309,0.511266,1.424940,1.078808,-2.468519,1.424940
member,19136,4,2,0,1.611624,0.199563,0.204572,2.044296,1.686429,-0.024788,2.044296
member,9384,0,8,0,1.728989,0.177464,0.473781,1.322345,1.628355,-0.981979,1.322345
member,21112,1,9,0,1.697147,0.183205,0.555741,1.485517,1.349906,-1.109694,1.485517
member,43030,4,6,0,2.689969,0.067883,0.265727,1.895634,0.079097,-1.364683,1.895634
member,16158,1,6,0,5.354017,0.004729,0.436788,1.496614,-0.771582,-4.525709,1.496614
member,24592,0,0,1,0.473793,0.622636,0.622636,1.349484,2.110772,1.734178,-1.349484
member,27461,4,6,0,2.189324,0.111992,0.581970,1.322215,1.852802,-1.647989,1.322215
member,10166,4,0,0,6.074594,0.002301,0.356446,1.612925,-3.398875,-5.043021,1.612925
member,34915,7,7,1,0.701481,0.495850,0.495850,1.467558,2.578004,0.970753,-1.467558
member,34137,8,8,1,0.372946,0.688703,0.688703,1.090456,3.417844,1.603765,-1.090456
member,31230,2,0,0,7.221362,0.000731,0.532894,0.922921,-1.544041,-6.591928,0.922921
member,44957,3,3,1,1.026451,0.358276,0.358276,1.977731,1.525869,0.891890,-1.977731
member,3030,4,4,1,0.696719,0.498217,0.498217,1.485075,2.780819,0.621974,-1.485075
member,29206,7,7,1,1.473514,0.229119,0.229119,1.946218,0.720944,0.140715,-1.946218
member,31460,3,6,0,2.401519,0.090580,0.235171,1.810075,0.962771,-0.954076,1.810075
member,40776,5,0,0,2.622240,0.072640,0.314283,1.825383,-0.228355,-1.464779,1.825383
member,43705,8,0,0,1.815327,0.162785,0.689706,1.073396,1.669812,-1.443837,1.073396
member,28614,4,6,0,1.211174,0.297847,0.392852,1.533509,2.778712,-0.276853,1.533509
member,30870,4,7,0,2.658591,0.070047,0.494366,1.548481,0.489428,-1.954112,1.548481
member,9068,8,8,1,0.364642,0.694445,0.694445,1.018090,3.290843,1.563591,-1.018090
member,22921,9,1,0,2.089846,0.123706,0.453133,1.809982,0.764557,-1.298277,1.809982
member,36211,3,3,1,0.992150,0.370779,0.370779,1.565726,3.371182,0.124948,-1.565726
member,30420,9,0,0,1.478544,0.227969,0.446926,1.647902,0.521652,-0.673182,1.647902
member,3227,6,6,1,0.408640,0.664553,0.664553,1.260344,3.179253,1.855825,-1.260344
member,44489,6,4,0,1.194188,0.302950,0.356207,1.530071,3.644896,-0.161944,1.530071
member,25419,0,2,0,1.986886,0.137122,0.220712,2.034981,0.754863,-0.475987,2.034981
member,32343,7,9,0,2.331304,0.097169,0.292049,1.834365,0.397470,-1.100472,1.834365
member,30372,5,5,1,0.881553,0.414139,0.414139,1.821639,1.472349,0.984160,-1.821639
member,18379,8,0,0,1.630937,0.195746,0.546039,1.479162,1.246075,-1.025872,1.479162
member,35715,3,9,0,1.912994,0.147638,0.257951,2.094737,0.277417,-0.558009,2.094737
member,43931,7,9,0,2.514666,0.080890,0.627665,1.134730,1.512985,-2.048917,1.134730
member,5707,2,0,0,2.667217,0.069445,0.819146,0.770425,1.779139,-2.467724,0.770425
member,49577,5,6,0,2.531256,0.079559,0.486920,1.516014,1.416733,-1.811599,1.516014
member,26772,4,4,1,1.032833,0.355997,0.355997,1.708145,3.019079,0.482840,-1.708145
member,37654,6,6,1,0.881098,0.414328,0.414328,1.515314,3.647944,0.530935,-1.515314
member,385,9,9,1,0.582975,0.558235,0.558235,1.564814,1.645637,1.683197,-1.564814
member,39190,6,6,1,1.454492,0.233519,0.233519,2.038878,0.715354,0.024188,-2.038878
member,3375,0,7,0,1.441751,0.236513,0.266910,1.911638,1.668818,-0.120905,1.911638
member,29724,0,9,0,1.849513,0.157314,0.398563,1.553002,1.093626,-0.929624,1.553002
member,18892,8,3,0,5.611501,0.003656,0.448772,1.599158,-1.822435,-4.810260,1.599158
member,30061,4,3,0,4.431055,0.011902,0.353065,1.464813,-1.110256,-3.389951,1.464813
member,3863,3,2,0,2.526655,0.079926,0.373394,1.873041,0.418946,-1.541533,1.873041
member,43115,5,2,0,2.763148,0.063093,0.438344,1.799487,0.081218,-1.938397,1.799487
member,7209,2,6,0,2.098006,0.122701,0.267488,1.845110,1.057012,-0.779324,1.845110
member,3366,1,9,0,1.751867,0.173450,0.370577,1.900714,0.469187,-0.759174,1.900714
member,14441,0,0,1,0.969511,0.379269,0.379269,1.854846,1.486622,0.824013,-1.854846
member,15970,7,0,0,1.956446,0.141360,0.406416,1.680061,0.841796,-1.056067,1.680061
member,45342,2,3,0,2.057160,0.127817,0.286866,1.961385,0.564801,-0.808420,1.961385
member,6075,0,0,1,0.248978,0.779597,0.779597,0.908503,3.335193,2.263909,-0.908503
member,32810,9,9,1,0.426152,0.653017,0.653017,1.302572,2.434093,1.933933,-1.302572
member,47848,3,6,0,2.498472,0.082211,0.449368,1.674499,0.989423,-1.698559,1.674499
member,38201,7,0,0,1.835656,0.159509,0.234973,2.125485,0.359426,-0.387371,2.125485
member,32661,0,9,0,2.691008,0.067813,0.417780,1.402162,-0.290943,-1.818207,1.402162
member,2095,5,7,0,2.125254,0.119403,0.278054,2.028496,-0.524386,-0.845314,2.028496
member,28780,1,6,0,6.785736,0.001130,0.458463,1.472930,-2.340703,-6.005860,1.472930
member,42962,7,7,1,0.903384,0.405196,0.405196,1.794770,1.503261,0.659346,-1.794770
member,31465,6,6,1,1.277650,0.278691,0.278691,1.872041,1.840466,0.427516,-1.872041
member,3758,3,4,0,1.824286,0.161333,0.199601,2.039174,0.911275,-0.212849,2.039174
member,30136,1,2,0,2.193038,0.111577,0.244852,2.043340,0.054044,-0.785937,2.043340
member,13342,9,0,0,1.982153,0.137772,0.274871,1.965307,0.119938,-0.690698,1.965307
member,37833,9,3,0,1.910374,0.148025,0.285379,2.037118,0.515203,-0.656438,2.037118
member,16918,0,8,0,1.795881,0.165981,0.743005,0.848862,1.725138,-1.498829,0.848862
member,26792,2,2,1,1.100996,0.332540,0.332540,1.911938,1.483142,0.465897,-1.911938
member,28791,0,8,0,1.124349,0.324864,0.655517,0.747966,4.012374,-0.702018,0.747966
member,46385,6,4,0,1.786024,0.167625,0.433927,1.629245,1.926077,-0.951147,1.629245
member,47794,7,2,0,2.749237,0.063977,0.344770,1.880500,-0.226562,-1.684358,1.880500
member,13674,8,8,1,1.112821,0.328631,0.328631,1.506688,1.669897,0.090352,-1.506688
member,19393,7,7,1,1.252707,0.285730,0.285730,1.929314,0.905503,0.037189,-1.929314
member,16765,1,9,0,1.752871,0.173276,0.208145,1.960122,1.254162,-0.183352,1.960122
member,11313,2,9,0,3.596300,0.027425,0.509798,1.571069,-0.822814,-2.922559,1.571069
member,46456,7,7,1,1.645203,0.192973,0.192973,2.061188,1.460673,0.101870,-2.061188
member,22608,0,0,1,0.487732,0.614017,0.614017,1.397047,2.160460,1.663495,-1.397047
member,8920,1,9,0,1.587922,0.204350,0.452330,1.676064,0.911855,-0.794579,1.676064
member,1281,3,5,0,2.035048,0.130674,0.256982,1.967568,0.643224,-0.676300,1.967568
member,46449,8,9,0,1.598391,0.202222,0.310672,1.834307,0.429941,-0.429374,1.834307
member,33863,4,4,1,1.202491,0.300445,0.300445,1.731980,2.367835,0.046861,-1.731980
member,9064,0,0,1,0.646922,0.523655,0.523655,1.368659,2.808999,0.745555,-1.368659
member,39821,2,6,0,1.812193,0.163296,0.565628,1.212784,2.760662,-1.242374,1.212784
member,23077,0,0,1,0.118366,0.888371,0.888371,0.490115,4.364887,2.568007,-0.490115
member,24065,3,0,0,10.436077,0.000029,0.945971,0.237907,-3.234664,-10.380533,0.237907
member,914,6,6,1,0.529405,0.588955,0.588955,1.485831,3.035243,1.884550,-1.485831
member,22125,3,7,0,2.170992,0.114064,0.486343,1.693012,0.499081,-1.450151,1.693012
member,23364,7,7,1,1.458821,0.232510,0.232510,2.088991,1.415523,0.196145,-2.088991
member,31431,4,6,0,2.127019,0.119192,0.466520,1.584802,1.391688,-1.364565,1.584802
member,26749,7,4,0,1.938359,0.143940,0.307621,1.719195,1.987992,-0.759473,1.719195
member,33779,3,3,1,0.756854,0.469140,0.469140,1.446659,3.347589,0.634444,-1.446659
member,41927,4,4,1,1.363305,0.255814,0.255814,1.977021,1.610162,0.156250,-1.977021
member,17471,1,9,0,2.116126,0.120498,0.345225,1.986030,0.004393,-1.052567,1.986030
member,19315,4,0,0,6.630503,0.001319,0.735564,0.901098,-2.602535,-6.323386,0.901098
member,44428,6,2,0,2.676741,0.068787,0.193225,2.156098,-0.380032,-1.032839,2.156098
member,32656,5,9,0,3.856344,0.021145,0.320038,1.790766,-1.104384,-2.717028,1.790766
member,36917,3,5,0,2.406295,0.090149,0.262037,1.867935,0.363868,-1.067024,1.867935
member,898,7,7,1,1.618755,0.198145,0.198145,2.188376,0.601113,0.344053,-2.188376
member,23558,2,4,0,2.200902,0.110703,0.345475,1.722386,1.351414,-1.138067,1.722386
member,46237,1,8,0,2.576757,0.076020,0.604373,1.264621,0.707231,-2.073194,1.264621
member,40170,6,6,1,1.239207,0.289614,0.289614,1.927701,2.108791,0.509179,-1.927701
member,23307,8,8,1,0.447213,0.639407,0.639407,1.137314,3.080242,1.436916,-1.137314
member,17628,8,9,0,2.649271,0.070703,0.683074,0.986876,1.727502,-2.268119,0.986876
member,17518,5,4,0,1.908159,0.148353,0.324948,1.889037,1.706524,-0.784069,1.889037
member,971,8,0,0,1.476547,0.228425,0.562550,1.339148,1.442909,-0.901272,1.339148
member,35852,9,6,0,3.081901,0.045872,0.351186,1.632722,-0.037913,-2.035463,1.632722
member,12130,0,9,0,4.082756,0.016861,0.239838,1.974164,-1.335299,-2.654964,1.974164
member,11461,8,1,0,3.452764,0.031658,0.405728,1.709048,-0.109853,-2.550692,1.709048
member,18694,0,0,1,0.645768,0.524260,0.524260,1.578864,1.419319,1.304080,-1.578864
member,44135,7,6,0,3.217415,0.040058,0.394210,1.595568,0.664776,-2.286543,1.595568
member,11048,6,4,0,1.320272,0.267063,0.533193,1.317402,3.316944,-0.691401,1.317402
member,18126,6,2,0,1.640898,0.193806,0.255117,1.865835,1.057755,-0.274866,1.865835
member,6526,6,4,0,1.474396,0.228917,0.427468,1.653806,1.877853,-0.624520,1.653806
member,35962,7,2,0,3.317673,0.036237,0.416065,1.648710,-0.268202,-2.440758,1.648710
member,2132,3,2,0,3.203734,0.040610,0.245584,2.012543,-0.685386,-1.799619,2.012543
member,32290,0,0,1,0.557524,0.572625,0.572625,1.197460,3.691872,0.909623,-1.197460
member,11224,0,0,1,0.700586,0.496294,0.496294,1.701268,1.744921,1.528554,-1.701268
member,49690,4,0,0,6.922875,0.000985,0.543563,1.122823,-2.533138,-6.313266,1.122823
member,2372,2,6,0,1.772976,0.169827,0.474035,1.647681,1.432458,-1.026502,1.647681
member,18999,0,8,0,1.818044,0.162343,0.685107,1.026325,2.251042,-1.439864,1.026325
member,6484,2,0,0,2.123840,0.119572,0.475759,1.658805,0.660869,-1.380996,1.658805
member,18253,8,1,0,1.527999,0.216969,0.260982,1.831697,0.684204,-0.184696,1.831697
member,38923,4,6,0,2.371612,0.093330,0.562282,1.430854,1.835294,-1.795860,1.430854
member,8615,7,5,0,2.327225,0.097566,0.352447,1.997123,0.321560,-1.284371,1.997123
member,28322,6,2,0,1.704273,0.181905,0.297443,1.732307,1.716003,-0.491740,1.732307
member,36523,4,6,0,1.593042,0.203306,0.555227,1.383280,2.698496,-1.004663,1.383280
member,8578,0,9,0,2.343751,0.095967,0.412691,1.489952,0.561783,-1.458696,1.489952
member,42513,5,7,0,2.496968,0.082334,0.273517,2.008418,0.473817,-1.200574,2.008418
member,8020,5,6,0,1.741373,0.175280,0.203131,1.999759,0.908778,-0.147470,1.999759
member,47344,4,0,0,5.116438,0.005997,0.353920,1.485351,-1.571875,-4.077754,1.485351
member,39100,3,2,0,4.064389,0.017173,0.303752,2.037112,-1.580978,-2.872844,2.037112
member,38366,5,5,1,0.615973,0.540115,0.540115,1.571161,2.736093,1.632347,-1.571161
member,1012,0,9,0,1.839180,0.158948,0.244500,2.079844,0.741647,-0.430639,2.079844
member,2247,2,0,0,5.767710,0.003127,0.840900,0.503366,0.563726,-5.594427,0.503366
member,21317,7,4,0,2.117908,0.120283,0.250793,1.894729,0.964340,-0.734782,1.894729
member,44842,2,5,0,1.746731,0.174343,0.352437,1.886104,0.751130,-0.703846,1.886104
member,33283,5,6,0,2.245701,0.105853,0.298915,1.760978,1.449163,-1.038106,1.760978
member,37638,6,6,1,0.559750,0.571352,0.571352,1.300371,3.649336,1.000558,-1.300371
member,41586,1,9,0,2.505316,0.081650,0.395492,1.962756,-0.599282,-1.577690,1.962756
member,49128,0,0,1,0.975134,0.377142,0.377142,1.620952,1.906162,0.602979,-1.620952
member,48362,5,7,0,1.334305,0.263341,0.311432,1.804277,0.909871,-0.167732,1.804277
member,44019,1,9,0,1.417528,0.242312,0.523330,1.257280,1.809099,-0.769985,1.257280
member,20495,5,7,0,1.418795,0.242005,0.344282,1.610042,2.890595,-0.352501,1.610042
member,5567,1,0,0,4.734825,0.008784,0.421677,1.598831,-2.002270,-3.871309,1.598831
member,11832,8,3,0,4.926764,0.007250,0.342454,1.740238,-1.510467,-3.855146,1.740238
member,38330,1,6,0,4.049031,0.017439,0.364117,1.846969,-1.603675,-3.038752,1.846969
member,32211,7,5,0,2.393368,0.091322,0.306653,2.020813,0.086987,-1.211330,2.020813
member,25615,0,0,1,0.029025,0.971392,0.971392,0.153918,6.372962,3.873386,-0.153918
member,44931,5,6,0,2.793691,0.061195,0.457010,1.681681,0.521057,-2.010641,1.681681
member,231,6,5,0,2.333711,0.096935,0.220910,2.035151,-0.236299,-0.823711,2.035151
member,38514,1,1,1,0.430901,0.649923,0.649923,1.347612,3.088437,1.957879,-1.347612
member,41663,1,9,0,2.496153,0.082401,0.562575,1.506437,0.129533,-1.920923,1.506437
member,5977,8,6,0,6.579949,0.001388,0.250900,1.959084,-3.719661,-5.197250,1.959084
member,6648,2,9,0,2.791660,0.061319,0.390503,1.653755,-0.092944,-1.851341,1.653755
member,40879,6,6,1,0.784394,0.456396,0.456396,1.560845,2.869636,0.893131,-1.560845
member,37518,6,6,1,1.125368,0.324533,0.324533,1.774342,2.297959,0.171970,-1.774342
member,17609,1,1,1,1.475414,0.228684,0.228684,1.894651,1.665726,0.089358,-1.894651
member,28059,1,0,0,1.745235,0.174604,0.329421,1.669254,1.394719,-0.634817,1.669254
member,12257,0,8,0,1.995964,0.135883,0.352457,1.476071,1.352939,-0.953138,1.476071
member,23745,6,6,1,1.924452,0.145956,0.145956,2.178207,0.560169,0.004044,-2.178207
member,21356,5,2,0,2.029988,0.131337,0.235236,1.923617,0.856609,-0.582821,1.923617
member,2893,6,6,1,1.456982,0.232938,0.232938,1.967717,0.882557,0.094889,-1.967717
member,24414,8,8,1,0.022040,0.978201,0.978201,0.127708,7.162457,4.334540,-0.127708
member,14229,2,9,0,4.343997,0.012985,0.466084,1.254600,-0.928439,-3.580609,1.254600
member,23399,8,5,0,2.737177,0.064753,0.271756,1.994930,-0.619406,-1.434326,1.994930
member,2638,6,1,0,2.237174,0.106760,0.266838,2.036463,0.649764,-0.916059,2.036463
member,47261,5,9,0,3.791033,0.022572,0.469673,1.641143,-0.991400,-3.035316,1.641143
member,10151,0,2,0,2.262697,0.104069,0.247993,2.012409,-0.570795,-0.868340,2.012409
member,45310,3,2,0,2.584916,0.075402,0.380518,1.846921,0.200024,-1.618694,1.846921
member,14417,1,8,0,2.908648,0.054549,0.613472,1.341750,-0.105866,-2.420027,1.341750
member,39356,4,2,0,2.916931,0.054099,0.309462,1.952652,0.166079,-1.744011,1.952652
member,30250,4,4,1,0.993661,0.370219,0.370219,1.800277,2.485926,0.841477,-1.800277
member,28592,3,6,0,1.700240,0.182640,0.333563,1.946077,1.301702,-0.602317,1.946077
member,48388,2,3,0,2.756496,0.063514,0.274407,1.968458,0.161430,-1.463355,1.968458
member,21210,2,2,1,1.312464,0.269156,0.269156,1.851669,2.065496,0.267083,-1.851669
member,42732,6,6,1,0.705740,0.493743,0.493743,1.378890,3.714899,0.564441,-1.378890
member,10970,4,5,0,3.637740,0.026312,0.253021,2.039012,-1.346137,-2.263458,2.039012
member,31537,8,1,0,2.670296,0.069232,0.186809,2.164058,0.063457,-0.992625,2.164058
member,26533,7,7,1,1.255943,0.284807,0.284807,1.899564,1.637948,0.176492,-1.899564
member,29311,1,1,1,0.331490,0.717853,0.717853,1.147784,2.982605,2.331927,-1.147784
member,36835,2,3,0,1.988651,0.136880,0.306463,1.902176,0.285873,-0.805992,1.902176
member,5931,4,6,0,1.305696,0.270984,0.292179,1.718235,2.702637,-0.075309,1.718235
member,3804,6,6,1,0.997844,0.368673,0.368673,1.643783,2.480690,0.198264,-1.643783
member,30202,6,6,1,1.153262,0.315606,0.315606,1.886595,1.627255,0.276813,-1.886595
member,33211,3,1,0,3.566843,0.028245,0.222345,2.065771,-0.820068,-2.063319,2.065771
member,48169,2,2,1,1.093722,0.334967,0.334967,1.626500,3.007906,0.252782,-1.626500
member,2980,7,9,0,4.213026,0.014802,0.774092,0.883065,-1.074232,-3.956961,0.883065
member,16785,0,0,1,0.054633,0.946832,0.946832,0.246463,5.881710,3.112790,-0.246463
member,25497,7,5,0,2.512334,0.081079,0.385992,1.923660,0.433666,-1.560396,1.923660
member,3737,9,9,1,0.720973,0.486279,0.486279,1.358740,2.043598,0.837213,-1.358740
member,31466,6,9,0,2.120937,0.119919,0.174859,2.158541,0.089726,-0.377160,2.158541
member,21680,9,9,1,0.728903,0.482438,0.482438,1.735948,2.218563,1.433866,-1.735948
member,47029,5,3,0,2.087924,0.123944,0.261751,2.002279,0.902557,-0.747562,2.002279
member,20992,7,6,0,2.798666,0.060891,0.315036,1.777965,0.395673,-1.643598,1.777965
member,23409,3,5,0,1.936817,0.144162,0.321086,1.890017,0.507039,-0.800770,1.890017
member,4377,6,6,1,0.787166,0.455133,0.455133,1.610244,3.027567,1.151391,-1.610244
member,24847,3,2,0,4.274747,0.013916,0.470456,1.544886,-1.248190,-3.520695,1.544886
member,45655,1,0,0,2.781243,0.061961,0.736889,0.948104,0.789513,-2.475925,0.948104
member,42860,1,1,1,0.873551,0.417467,0.417467,1.685161,1.335392,0.663288,-1.685161
member,43941,7,9,0,3.846540,0.021353,0.656788,1.285344,-1.103556,-3.426145,1.285344
member,3095,6,6,1,1.523334,0.217984,0.217984,2.186824,0.825009,0.464905,-2.186824
member,36267,8,9,0,1.889990,0.151073,0.624766,1.096850,1.786386,-1.419613,1.096850
member,14277,8,9,0,3.682563,0.025158,0.553349,1.569837,-1.402086,-3.090797,1.569837
member,11591,8,7,0,2.774822,0.062361,0.329361,1.921105,-0.484066,-1.664222,1.921105
member,44475,1,6,0,3.512322,0.029828,0.369909,1.662483,-0.085192,-2.517824,1.662483
member,46565,5,2,0,2.729115,0.065277,0.187167,2.092268,0.032953,-1.053363,2.092268
member,43710,1,9,0,1.808502,0.163899,0.504615,1.591635,0.706407,-1.124543,1.591635
member,38691,1,3,0,1.240686,0.289186,0.341329,1.737400,2.182284,-0.165778,1.737400
member,27024,1,1,1,0.512449,0.599027,0.599027,1.045743,3.849755,0.699813,-1.045743
member,38844,6,3,0,1.341213,0.261528,0.322035,1.632812,2.832599,-0.208117,1.632812
member,30141,0,0,1,0.107535,0.898045,0.898045,0.402171,5.464917,2.387687,-0.402171
member,8394,9,9,1,0.336811,0.714044,0.714044,1.127085,2.317269,1.907664,-1.127085
member,4605,6,2,0,2.247289,0.105685,0.185514,2.153476,0.081866,-0.562665,2.153476
member,33051,2,4,0,4.177134,0.015342,0.344583,1.671704,-0.667881,-3.111715,1.671704
member,35009,3,3,1,1.273576,0.279829,0.279829,1.854390,1.522605,0.110506,-1.854390
member,16695,2,0,0,4.480649,0.011326,0.510382,1.023663,-0.106066,-3.808052,1.023663
member,24587,0,0,1,0.074355,0.928342,0.928342,0.343071,5.363368,3.434337,-0.343071
member,18983,5,3,0,2.664967,0.069602,0.245694,1.979651,0.456917,-1.261297,1.979651
member,5715,2,6,0,2.723773,0.065627,0.638262,1.161040,2.187100,-2.274767,1.161040
member,34075,6,9,0,4.087719,0.016777,0.382512,1.738805,-1.374048,-3.126723,1.738805
member,41051,1,1,1,0.880457,0.414593,0.414593,1.829162,2.039505,0.846989,-1.829162
member,22739,7,6,0,2.479554,0.083781,0.373677,1.502476,1.362736,-1.495191,1.502476
member,32476,9,8,0,2.926542,0.053582,0.917651,0.379929,2.056030,-2.840603,0.379929
member,42198,3,7,0,2.544308,0.078527,0.208153,2.191214,-0.461770,-0.974827,2.191214
member,23865,8,8,1,0.911521,0.401912,0.401912,1.389132,2.153860,0.037098,-1.389132
member,48815,7,0,0,3.352683,0.034990,0.343493,1.823398,-1.357414,-2.284094,1.823398
member,42084,3,2,0,2.873309,0.056512,0.402567,1.861266,-0.349559,-1.963414,1.861266
member,1876,6,6,1,0.579661,0.560088,0.560088,1.370366,3.492037,0.906970,-1.370366
member,7789,3,5,0,2.044112,0.129495,0.240535,1.930455,1.135910,-0.619224,1.930455
member,4305,4,1,0,1.641364,0.193716,0.245788,2.112541,0.704538,-0.238079,2.112541
member,625,6,6,1,0.748123,0.473254,0.473254,1.647625,2.700480,1.179170,-1.647625
member,39755,7,2,0,1.483111,0.226931,0.329043,1.760594,1.294219,-0.371545,1.760594
member,15000,0,0,1,1.110160,0.329506,0.329506,1.945598,0.853895,0.514432,-1.945598
member,15644,7,3,0,2.005298,0.134620,0.183169,2.073531,1.101333,-0.307949,2.073531
member,30602,2,6,0,1.616237,0.198645,0.341894,1.763609,1.571021,-0.542982,1.763609
member,29897,2,5,0,1.794657,0.166184,0.249243,1.934023,0.309461,-0.405332,1.934023
member,34419,8,1,0,2.200232,0.110778,0.378247,1.490562,0.959987,-1.228022,1.490562
member,41100,4,9,0,1.730903,0.177124,0.221233,2.017792,0.916223,-0.222364,2.017792
member,14032,3,6,0,1.829138,0.160552,0.317441,1.877805,1.478392,-0.681675,1.877805
member,19140,3,1,0,1.583386,0.205279,0.278435,1.889632,1.588523,-0.304814,1.889632
member,35630,4,4,1,1.569523,0.208144,0.208144,2.089900,0.753625,0.070916,-2.089900
member,48654,9,3,0,2.672584,0.069073,0.619295,1.410025,0.857294,-2.193411,1.410025
member,35022,2,5,0,2.412149,0.089623,0.271412,2.135823,-0.162472,-1.108030,2.135823
member,46126,6,6,1,1.259091,0.283912,0.283912,1.814924,2.232010,0.063797,-1.814924
member,5610,3,4,0,1.877723,0.152938,0.467295,1.653446,1.878108,-1.116929,1.653446
member,39231,7,6,0,1.841475,0.158583,0.269080,1.890518,1.023369,-0.528728,1.890518
member,10644,1,9,0,2.315271,0.098739,0.677566,1.091305,1.193203,-1.926023,1.091305
member,49988,5,6,0,2.265555,0.103772,0.188482,2.183972,-0.195821,-0.596803,2.183972
member,19371,0,1,0,2.143150,0.117285,0.316229,1.836086,0.915210,-0.991862,1.836086
member,35075,2,2,1,1.344465,0.260679,0.260679,1.970749,0.861023,0.401534,-1.970749
member,45171,7,7,1,1.159044,0.313786,0.313786,1.972682,1.203972,0.375647,-1.972682
member,4384,4,6,0,1.057605,0.347287,0.476934,1.320029,3.451466,-0.317229,1.320029
member,14458,9,4,0,2.851954,0.057731,0.374150,1.807417,0.319071,-1.868856,1.807417
member,16476,8,8,1,0.363007,0.695582,0.695582,1.174259,2.330546,1.965333,-1.174259
member,12761,0,8,0,3.392808,0.033614,0.381603,1.501076,-0.304513,-2.429434,1.501076
member,24554,8,1,0,2.858613,0.057348,0.717952,1.140536,0.027558,-2.527261,1.140536
member,20453,1,9,0,3.950846,0.019238,0.380839,1.750353,-0.890177,-2.985466,1.750353
member,480,9,8,0,2.112440,0.120942,0.745169,0.919647,2.131489,-1.818296,0.919647
member,37868,5,1,0,1.359391,0.256817,0.323197,1.794131,2.074210,-0.229897,1.794131
member,42001,5,6,0,1.766230,0.170976,0.252619,1.934099,1.413342,-0.390357,1.934099
member,42703,9,2,0,2.890022,0.055575,0.318038,1.841599,0.031671,-1.744438,1.841599
member,38465,4,6,0,3.043818,0.047653,0.364410,1.665975,0.616186,-2.034342,1.665975
member,12980,7,2,0,1.793777,0.166331,0.345657,1.746238,1.869339,-0.731470,1.746238
member,9733,2,8,0,5.303530,0.004974,0.573106,1.219365,-1.628937,-4.746846,1.219365
member,26182,8,8,1,0.537213,0.584375,0.584375,1.088442,4.196820,0.932263,-1.088442
member,28680,2,0,0,1.616812,0.198531,0.238954,2.060596,0.679670,-0.185328,2.060596
member,15189,2,0,0,3.619003,0.026809,0.766444,0.833066,0.159172,-3.353009,0.833066
member,45946,1,8,0,1.849012,0.157393,0.602489,1.272613,1.482787,-1.342326,1.272613
member,36079,6,4,0,1.488263,0.225764,0.412680,1.574492,2.658053,-0.603179,1.574492
member,31255,5,7,0,1.595209,0.202866,0.266663,2.065919,0.346392,-0.273439,2.065919
member,47126,4,7,0,1.376263,0.252521,0.254431,1.872112,2.085682,-0.007539,1.872112
member,26492,6,1,0,4.757453,0.008587,0.597016,1.357322,-1.678563,-4.241642,1.357322
member,47922,4,6,0,1.238134,0.289925,0.399656,1.486875,3.028536,-0.320982,1.486875
member,7327,0,0,1,0.329643,0.719181,0.719181,0.719224,5.061233,1.039393,-0.719224
member,273,9,7,0,1.334415,0.263312,0.343978,1.815454,1.487583,-0.267238,1.815454
member,29650,2,0,0,2.719220,0.065926,0.659459,1.230515,0.306484,-2.302885,1.230515
member,32906,5,2,0,2.242716,0.106170,0.157503,2.237024,-0.318381,-0.394405,2.237024
member,15039,6,6,1,0.852848,0.426199,0.426199,1.520011,3.367900,0.595569,-1.520011
member,23848,0,0,1,0.710208,0.491542,0.491542,1.686425,1.410298,1.511606,-1.686425
member,32853,6,6,1,0.832459,0.434978,0.434978,1.523815,3.310479,0.488996,-1.523815
member,15108,3,3,1,1.051182,0.349524,0.349524,1.747651,1.868405,0.277904,-1.747651
member,16159,8,9,0,1.712892,0.180344,0.628178,1.182353,1.284320,-1.247960,1.182353
member,42474,3,3,1,1.203833,0.300042,0.300042,1.938225,1.638808,0.364004,-1.938225
member,2174,3,2,0,2.304888,0.099770,0.421346,1.893123,0.810507,-1.440586,1.893123
member,43098,1,1,1,0.738908,0.477635,0.477635,1.661990,2.148471,1.262576,-1.661990
member,26677,9,9,1,0.616806,0.539665,0.539665,1.270722,3.007739,0.914218,-1.270722
member,20124,0,0,1,1.340556,0.261700,0.261700,1.761536,0.915381,0.117033,-1.761536
member,46574,9,8,0,1.464458,0.231203,0.261402,1.968789,1.198944,-0.122764,1.968789
member,38341,0,8,0,1.169495,0.310524,0.453285,1.319489,2.185998,-0.378262,1.319489
member,31063,2,2,1,1.212606,0.297421,0.297421,1.916355,1.454802,0.449799,-1.916355
member,4351,2,8,0,3.488454,0.030548,0.585732,1.216940,-0.208440,-2.953561,1.216940
member,15298,3,6,0,2.381855,0.092379,0.210689,2.025265,0.886097,-0.824481,2.025265
member,758,4,6,0,1.466493,0.230733,0.490760,1.429686,2.650698,-0.754693,1.429686
member,25812,3,6,0,1.278635,0.278417,0.310098,1.781126,2.267258,-0.107767,1.781126
member,23972,0,0,1,0.117686,0.888975,0.888975,0.528412,4.922294,2.919321,-0.528412
member,22140,9,9,1,0.620396,0.537731,0.537731,1.620148,1.983303,1.764444,-1.620148
member,7514,8,8,1,0.525199,0.591438,0.591438,0.778432,4.846581,0.418240,-0.778432
member,1818,2,2,1,1.231565,0.291836,0.291836,1.960660,0.365939,0.392630,-1.960660
member,13819,2,4,0,1.764100,0.171341,0.269871,1.865396,1.217794,-0.454288,1.865396
member,46525,5,3,0,1.536357,0.215164,0.242982,1.936359,1.651920,-0.121590,1.936359
member,42047,9,0,0,1.585676,0.204809,0.317475,1.965761,0.826855,-0.438321,1.965761
member,27011,9,1,0,3.806337,0.022229,0.790538,0.894942,0.264603,-3.571296,0.894942
member,47047,6,6,1,0.830402,0.435874,0.435874,1.591140,3.289434,0.763489,-1.591140
member,14363,7,3,0,1.830735,0.160296,0.202872,2.120142,0.181084,-0.235557,2.120142
member,13904,9,0,0,2.075767,0.125460,0.190441,2.160387,0.232198,-0.417356,2.160387
member,36895,7,6,0,3.545774,0.028846,0.432856,1.724359,-0.453042,-2.708423,1.724359
member,38797,8,7,0,2.682127,0.068418,0.270120,2.119436,-0.001699,-1.373236,2.119436
member,44981,8,9,0,3.852249,0.021232,0.480820,1.433257,-1.232166,-3.119987,1.433257
member,32836,8,9,0,2.035925,0.130560,0.331495,1.756640,0.895182,-0.931782,1.756640
member,44958,7,2,0,3.293001,0.037142,0.265376,1.941996,-0.642643,-1.966394,1.941996
member,29502,3,1,0,1.772699,0.169874,0.190596,2.017013,0.936598,-0.115101,2.017013
member,34118,1,0,0,1.556820,0.210805,0.291958,1.882789,0.877679,-0.325674,1.882789
member,25430,6,6,1,0.697453,0.497852,0.497852,1.574809,2.948938,1.443497,-1.574809
member,25376,3,7,0,2.962593,0.051685,0.482673,1.677588,-0.436077,-2.234178,1.677588
member,48786,5,0,0,3.803788,0.022286,0.436013,1.535512,-1.205036,-2.973703,1.535512
member,40184,1,3,0,2.282594,0.102019,0.364008,1.943338,0.789852,-1.272014,1.943338
member,17593,1,1,1,0.646014,0.524131,0.524131,1.576571,2.387746,1.092912,-1.576571
member,22678,7,7,1,0.879919,0.414817,0.414817,1.703429,2.069432,0.768104,-1.703429
member,15239,8,8,1,0.623146,0.536255,0.536255,1.473140,2.318011,1.293668,-1.473140
member,8404,4,9,0,2.679237,0.068615,0.302402,2.046287,-0.240903,-1.483239,2.046287
member,11396,5,4,0,2.694293,0.067590,0.345432,1.582520,1.787295,-1.631333,1.582520
member,38654,3,2,0,3.958630,0.019089,0.332741,1.870578,-1.193642,-2.858238,1.870578
member,20500,8,9,0,2.990887,0.050243,0.581068,1.448469,-0.184325,-2.447999,1.448469
member,17066,8,8,1,0.200466,0.818349,0.818349,0.649233,5.034995,2.186529,-0.649233
member,48545,2,4,0,1.920086,0.146594,0.233697,2.029761,1.040051,-0.466356,2.029761
member,7801,0,8,0,1.420269,0.241649,0.393946,1.460814,2.047626,-0.488728,1.460814
member,44527,8,8,1,0.683723,0.504735,0.504735,1.453174,2.735264,0.904085,-1.453174
member,46621,5,1,0,2.361055,0.094321,0.735554,1.062395,1.453395,-2.053924,1.062395
member,12230,0,0,1,0.097470,0.907130,0.907130,0.395331,4.719607,2.546389,-0.395331
member,26506,9,9,1,0.793863,0.452095,0.452095,1.742969,1.587127,0.960948,-1.742969
member,40432,0,1,0,3.580477,0.027862,0.324312,2.018844,-1.151719,-2.454428,2.018844
member,41026,1,1,1,0.596743,0.550602,0.550602,1.335289,3.379095,0.847780,-1.335289
member,5266,0,0,1,0.735425,0.479302,0.479302,1.054312,3.686566,0.104506,-1.054312
member,35759,3,9,0,3.027513,0.048436,0.196063,2.121470,-0.605278,-1.398191,2.121470
member,43567,4,3,0,4.275556,0.013904,0.240359,2.028103,-2.751409,-2.849933,2.028103
member,351,6,6,1,1.026423,0.358286,0.358286,1.811387,2.325290,0.687335,-1.811387
member,5011,9,9,1,1.177373,0.308087,0.308087,1.881347,1.326831,0.130119,-1.881347
member,6576,8,0,0,3.966434,0.018941,0.451497,1.634759,-1.310994,-3.171248,1.634759
member,3222,3,6,0,1.614680,0.198954,0.288310,1.748038,2.083073,-0.370963,1.748038
member,1576,2,6,0,2.447950,0.086471,0.610067,1.431347,1.168159,-1.953763,1.431347
member,3661,1,1,1,0.114802,0.891542,0.891542,0.499691,4.525644,2.966401,-0.499691
member,15044,0,9,0,3.300615,0.036860,0.628572,1.220316,0.030664,-2.836310,1.220316
member,16234,9,8,0,1.679113,0.186539,0.380296,1.337450,1.671303,-0.712309,1.337450
member,40296,1,8,0,1.574991,0.207009,0.288440,1.496573,1.794869,-0.331723,1.496573
member,17546,4,2,0,1.769711,0.170382,0.259645,1.972733,0.917316,-0.421272,1.972733
member,22882,1,7,0,1.769573,0.170406,0.216936,1.876302,0.868789,-0.241418,1.876302
member,3539,4,7,0,1.943994,0.143131,0.361664,1.746545,1.979817,-0.926953,1.746545
member,11042,8,8,1,1.145276,0.318136,0.318136,1.837324,1.740169,0.250179,-1.837324
member,21163,2,2,1,1.303982,0.271449,0.271449,1.878195,1.651209,0.284288,-1.878195
member,10824,1,9,0,3.254293,0.038608,0.420089,1.336162,-0.528892,-2.387004,1.336162
member,26491,1,1,1,0.383170,0.681697,0.681697,1.208910,3.076063,1.746331,-1.208910
member,13586,9,0,0,1.276341,0.279057,0.452804,1.392581,2.396117,-0.484046,1.392581
member,31849,4,7,0,1.492569,0.224794,0.268929,1.771035,2.072148,-0.179260,1.771035
member,18124,7,9,0,1.174360,0.309017,0.454310,1.517231,2.061313,-0.385385,1.517231
member,3604,5,2,0,2.118624,0.120197,0.205430,2.031738,0.777698,-0.535972,2.031738
member,44359,1,1,1,1.067731,0.343788,0.343788,1.796218,1.631220,0.500241,-1.796218
member,25608,1,6,0,4.998415,0.006749,0.418357,1.631761,-1.655475,-4.126996,1.631761
member,35065,2,4,0,1.859424,0.155762,0.280859,1.880546,1.502480,-0.589522,1.880546
member,38938,7,6,0,2.376791,0.092848,0.489111,1.701101,0.916504,-1.661624,1.701101
member,13486,2,6,0,1.722461,0.178626,0.388925,1.591439,2.373956,-0.778092,1.591439
member,49620,7,7,1,1.166316,0.311512,0.311512,1.878708,1.734817,0.578999,-1.878708
member,14748,5,2,0,2.989048,0.050335,0.603978,1.365974,0.957687,-2.484831,1.365974
member,41951,3,5,0,1.501600,0.222773,0.244719,2.088210,0.695030,-0.093955,2.088210
member,37350,3,8,0,5.652858,0.003507,0.447197,1.176407,-2.042072,-4.848102,1.176407
member,39608,3,0,0,3.709600,0.024487,0.636651,1.319624,-0.931046,-3.258065,1.319624
member,35202,0,0,1,0.346294,0.707304,0.707304,0.690793,5.270698,0.941288,-0.690793
member,40378,3,0,0,2.781955,0.061917,0.430280,1.546463,0.529022,-1.938635,1.546463
member,46314,8,9,0,1.586667,0.204606,0.336608,1.633534,0.983263,-0.497830,1.633534
member,38373,5,2,0,2.417869,0.089111,0.338300,1.870587,0.016253,-1.334046,1.870587
member,26978,4,6,0,2.562027,0.077148,0.554490,1.464694,1.108518,-1.972321,1.464694
member,33252,1,4,0,2.289645,0.101302,0.486858,1.642541,1.034830,-1.569862,1.642541
member,41289,1,9,0,1.859079,0.155816,0.300803,1.976962,1.060449,-0.657780,1.976962
member,44003,4,3,0,1.235557,0.290673,0.344902,1.548710,3.523078,-0.171062,1.548710
member,35415,4,6,0,2.490186,0.082895,0.719130,1.062631,2.437185,-2.160474,1.062631
member,32840,8,9,0,2.091808,0.123464,0.500989,1.509448,0.581848,-1.400636,1.509448
member,6965,5,2,0,2.017277,0.133017,0.224557,1.964888,0.716048,-0.523652,1.964888
member,39300,3,0,0,3.524167,0.029476,0.339368,1.971539,-1.300961,-2.443498,1.971539
member,30103,1,1,1,1.562844,0.209539,0.209539,2.072466,1.315317,0.023375,-2.072466
member,6788,8,8,1,0.404021,0.667630,0.667630,1.253766,3.430695,1.780707,-1.253766
member,29666,0,4,0,6.739547,0.001183,0.344779,1.662921,-2.974944,-5.674695,1.662921
member,35220,7,9,0,2.498557,0.082204,0.467063,1.644304,0.480001,-1.737265,1.644304
member,18593,8,8,1,0.482879,0.617005,0.617005,1.199808,2.786573,1.047351,-1.199808
member,35448,2,2,1,1.409522,0.244260,0.244260,2.133497,0.707399,0.512379,-2.133497
member,6995,8,9,0,1.672021,0.187867,0.431366,1.580905,0.650862,-0.831223,1.580905
member,9165,7,7,1,0.851656,0.426708,0.426708,1.743056,2.619711,0.914335,-1.743056
member,9189,1,9,0,2.413364,0.089514,0.529548,1.353677,0.675855,-1.777633,1.353677
member,36615,0,0,1,1.291833,0.274767,0.274767,1.976495,1.629636,0.190673,-1.976495
member,43158,7,4,0,2.029999,0.131336,0.430096,1.639905,1.791509,-1.186253,1.639905
member,16780,3,5,0,1.615409,0.198809,0.337088,1.823931,1.353707,-0.527998,1.823931
member,13671,2,0,0,3.581489,0.027834,0.638937,1.200176,-0.672522,-3.133538,1.200176
member,49473,8,7,0,4.901747,0.007434,0.235516,2.067573,-2.811200,-3.455772,2.067573
member,17419,2,6,0,3.226040,0.039714,0.324112,1.752760,0.762615,-2.099375,1.752760
member,5034,7,1,0,2.168183,0.114385,0.652715,1.282135,1.436489,-1.741569,1.282135
member,2902,2,0,0,7.096635,0.000828,0.983270,0.091319,1.250378,-7.079763,0.091319
member,11476,3,8,0,2.715504,0.066172,0.386937,1.805937,0.080477,-1.766011,1.805937
member,2434,8,0,0,3.404339,0.033229,0.920822,0.388040,2.008306,-3.321851,0.388040
member,36500,1,0,0,2.658097,0.070081,0.683042,1.168966,0.554751,-2.276898,1.168966
member,1853,8,0,0,2.206454,0.110090,0.478372,1.274769,0.741663,-1.469087,1.274769
member,19473,2,7,0,2.001044,0.135194,0.392057,1.889925,0.569623,-1.064695,1.889925
member,30045,2,2,1,1.713392,0.180253,0.180253,2.103747,0.914553,0.009335,-2.103747
member,37817,3,7,0,1.583558,0.205244,0.211499,2.039461,0.720882,-0.030021,2.039461
member,3829,8,0,0,1.664445,0.189296,0.787058,0.623046,3.948995,-1.424991,0.623046
member,27074,4,4,1,1.391869,0.248610,0.248610,1.876921,1.811400,0.269175,-1.876921
member,21051,7,9,0,1.682796,0.185854,0.555460,1.361446,1.576403,-1.094838,1.361446
member,34499,2,0,0,4.852198,0.007811,0.973796,0.153601,1.502074,-4.825644,0.153601
member,558,2,6,0,1.748268,0.174075,0.421672,1.717744,1.291526,-0.884741,1.717744
member,26895,7,1,0,2.378416,0.092697,0.365258,1.845579,0.342060,-1.371265,1.845579
member,39389,2,6,0,2.027326,0.131687,0.364147,1.557000,2.651423,-1.017130,1.557000
member,11838,0,0,1,0.014259,0.985843,0.985843,0.093676,6.234704,5.148928,-0.093676
member,46259,1,8,0,2.343653,0.095976,0.725183,1.005268,0.754950,-2.022321,1.005268
member,23812,1,4,0,3.018502,0.048874,0.224619,1.982987,0.216387,-1.525150,1.982987
member,29539,4,4,1,0.961370,0.382369,0.382369,1.714278,2.705212,0.846112,-1.714278
member,9666,0,8,0,2.055151,0.128073,0.674509,1.069297,1.485790,-1.661380,1.069297
member,21111,8,0,0,1.227243,0.293100,0.352467,1.468590,1.790187,-0.184443,1.468590
member,12814,1,8,0,1.676853,0.186961,0.586078,1.314434,1.153671,-1.142551,1.314434
member,40445,8,9,0,0.954792,0.384892,0.562967,0.879931,4.618278,-0.380257,0.879931
member,8435,9,6,0,5.058686,0.006354,0.825304,0.750643,-0.592186,-4.866683,0.750643
member,9985,0,0,1,0.440961,0.643418,0.643418,1.278790,2.024637,1.617058,-1.278790
member,12486,9,9,1,1.190065,0.304201,0.304201,1.929530,1.323162,0.306124,-1.929530
member,43561,6,6,1,0.848254,0.428162,0.428162,1.531023,2.836532,0.555290,-1.531023
member,103,6,3,0,1.871257,0.153930,0.297459,1.764745,1.842141,-0.658779,1.764745
member,48961,4,0,0,3.240835,0.039131,0.156370,2.218139,-1.237589,-1.385302,2.218139
member,36813,1,9,0,3.261712,0.038323,0.412502,1.655907,-0.897641,-2.376198,1.655907
member,26137,0,9,0,2.464308,0.085068,0.457765,1.198727,1.187237,-1.682909,1.198727
member,33088,9,9,1,0.349496,0.705044,0.705044,1.005607,3.093232,1.343511,-1.005607
member,16341,3,6,0,1.914328,0.147441,0.237537,2.099528,0.748424,-0.476897,2.099528
member,40020,2,9,0,2.911019,0.054420,0.258549,1.976815,-0.630151,-1.558349,1.976815
member,39721,9,9,1,0.439943,0.644073,0.644073,1.023245,2.799403,0.914349,-1.023245
member,14597,0,0,1,0.539994,0.582752,0.582752,1.365278,1.958431,1.116979,-1.365278
member,1480,8,9,0,4.908760,0.007382,0.474648,1.550623,-2.236237,-4.163577,1.550623
member,16690,2,6,0,2.435698,0.087537,0.475090,1.568358,1.205072,-1.691447,1.568358
member,19635,5,4,0,2.124368,0.119508,0.391201,1.706725,1.045967,-1.185833,1.706725
member,3792,3,9,0,3.765957,0.023145,0.318848,1.910241,-1.106230,-2.622918,1.910241
member,4980,6,6,1,0.399182,0.670869,0.670869,1.228232,3.513675,1.867309,-1.228232
member,19666,8,7,0,2.707966,0.066672,0.369195,1.732380,-0.092386,-1.711535,1.732380
member,24640,9,9,1,0.298166,0.742178,0.742178,1.065680,2.778364,2.558992,-1.065680
member,7503,1,0,0,1.845715,0.157912,0.202420,2.027757,0.711719,-0.248304,2.027757
member,12575,1,2,0,1.950274,0.142235,0.287730,1.875190,0.985398,-0.704541,1.875190
member,7122,3,5,0,1.918955,0.146760,0.396209,1.802775,0.875366,-0.993142,1.802775
member,38789,9,8,0,1.231874,0.291745,0.360054,1.618670,1.133738,-0.210371,1.618670
member,1866,4,5,0,2.042373,0.129721,0.183473,2.079224,0.635028,-0.346684,2.079224
member,13203,5,5,1,1.483085,0.226937,0.226937,1.967258,1.559584,0.174892,-1.967258
member,24081,3,9,0,4.196701,0.015045,0.370022,1.604466,-1.210516,-3.202508,1.604466
member,33384,8,9,0,2.621481,0.072695,0.598600,1.422183,0.504121,-2.108320,1.422183
member,848,1,3,0,2.137694,0.117927,0.396406,1.792612,0.286011,-1.212378,1.792612
member,14049,8,9,0,2.840527,0.058395,0.366022,1.891291,-1.110523,-1.835467,1.891291
member,47307,9,8,0,1.303681,0.271530,0.332434,1.482082,2.132630,-0.202367,1.482082
member,45633,5,2,0,3.159501,0.042447,0.416223,1.856068,-0.536153,-2.282966,1.856068
member,8658,9,9,1,1.021122,0.360191,0.360191,1.698049,1.746144,0.559284,-1.698049
member,7515,5,5,1,1.587888,0.204357,0.204357,2.104397,0.130867,0.254325,-2.104397
member,702,3,6,0,3.003797,0.049598,0.510722,1.548280,0.698446,-2.331867,1.548280
member,31986,9,9,1,0.929473,0.394762,0.394762,1.835006,1.695184,0.838758,-1.835006
member,28487,0,9,0,2.359907,0.094429,0.422615,1.744763,0.465393,-1.498613,1.744763
member,47471,6,9,0,2.648035,0.070790,0.189571,2.232587,-0.382149,-0.985041,2.232587
member,42184,7,4,0,1.864386,0.154991,0.432038,1.633078,2.143043,-1.025144,1.633078
member,25604,9,6,0,3.021338,0.048736,0.208377,1.977472,-0.048736,-1.452929,1.977472
member,35674,1,9,0,2.512847,0.081037,0.279026,1.940017,-0.018496,-1.236396,1.940017
member,4669,3,8,0,4.228777,0.014570,0.265014,1.948618,-2.118041,-2.900803,1.948618
member,28048,7,7,1,0.659601,0.517058,0.517058,1.435109,2.710987,0.841418,-1.435109
member,35032,3,2,0,2.081367,0.124760,0.403602,1.690550,0.813676,-1.174041,1.690550
member,18239,2,9,0,4.939719,0.007157,0.484409,1.240751,-0.792367,-4.214892,1.240751
member,26403,6,6,1,0.343547,0.709250,0.709250,0.999284,4.559488,1.443783,-0.999284
member,11208,0,0,1,0.148885,0.861668,0.861668,0.647632,3.746147,2.999034,-0.647632
member,31333,2,0,0,2.525881,0.079988,0.319867,1.831293,-0.408704,-1.386031,1.831293
member,43185,7,7,1,0.842955,0.430437,0.430437,1.770679,2.348063,1.084882,-1.770679
member,48346,3,4,0,2.556606,0.077568,0.652736,1.270721,1.604630,-2.130023,1.270721
member,776,3,3,1,0.941882,0.389894,0.389894,1.752496,1.936296,0.539661,-1.752496
member,20771,6,6,1,1.236131,0.290506,0.290506,1.904883,2.074329,0.131742,-1.904883
member,33264,8,0,0,1.818574,0.162257,0.777389,0.696512,3.237708,-1.566759,0.696512
member,19214,8,7,0,4.094691,0.016661,0.301130,1.925898,-1.739983,-2.894478,1.925898
member,11797,9,2,0,1.690447,0.184437,0.366361,1.866427,0.646875,-0.686311,1.866427
member,8665,8,9,0,1.549059,0.212448,0.364082,1.582150,1.017782,-0.538683,1.582150
member,15013,7,4,0,2.680495,0.068529,0.397178,1.514143,1.644187,-1.757124,1.514143
member,14224,9,9,1,1.137572,0.320597,0.320597,1.811675,1.372073,0.156263,-1.811675
member,12868,8,9,0,2.436810,0.087439,0.448593,1.728457,-0.032945,-1.635170,1.728457
member,15045,7,4,0,3.056310,0.047061,0.260010,1.865255,0.286368,-1.709276,1.865255
member,7836,7,7,1,1.369052,0.254348,0.254348,2.085790,0.855004,0.370145,-2.085790
member,16089,1,8,0,3.844238,0.021403,0.500224,0.959649,0.882356,-3.151539,0.959649
member,48552,8,3,0,4.065530,0.017154,0.335247,1.646003,-0.712312,-2.972642,1.646003
member,6100,5,3,0,1.587566,0.204423,0.272980,2.015978,0.461959,-0.289210,2.015978
member,2055,9,2,0,1.380726,0.251396,0.259319,1.996962,0.508804,-0.031029,1.996962
member,745,6,6,1,0.947889,0.387558,0.387558,1.721288,2.346387,0.495151,-1.721288
member,13236,5,1,0,3.728560,0.024027,0.463436,1.696539,-0.730728,-2.959472,1.696539
member,13197,8,8,1,0.543693,0.580600,0.580600,0.876107,4.143924,0.437409,-0.876107
member,49957,5,0,0,2.423375,0.088622,0.282349,2.059843,-0.364464,-1.158762,2.059843
member,20628,6,4,0,1.393314,0.248251,0.560661,1.326466,2.871443,-0.814675,1.326466
member,2851,1,9,0,2.829866,0.059021,0.386263,1.396322,0.728938,-1.878630,1.396322
member,39857,2,0,0,2.244499,0.105981,0.268130,2.064210,0.070576,-0.928217,2.064210
member,20164,5,7,0,2.423540,0.088607,0.380711,1.738881,0.761878,-1.457825,1.738881
member,19150,5,7,0,1.829376,0.160514,0.274243,1.878103,0.774048,-0.535636,1.878103
member,46519,1,7,0,1.790461,0.166883,0.330610,1.827075,1.536284,-0.683646,1.827075
member,10746,3,3,1,0.701078,0.496050,0.496050,1.581771,2.779439,1.311894,-1.581771
member,28150,7,9,0,2.377153,0.092814,0.292764,1.976259,-0.253224,-1.148765,1.976259
member,3036,4,6,0,1.239482,0.289534,0.375925,1.500707,3.235542,-0.261116,1.500707
member,7460,3,5,0,2.424973,0.088480,0.254813,1.903381,0.920407,-1.057746,1.903381
member,24113,0,0,1,0.851631,0.426719,0.426719,1.753823,1.041566,0.916948,-1.753823
member,22642,4,4,1,1.088420,0.336748,0.336748,1.754249,2.221818,0.197556,-1.754249
member,1682,9,3,0,2.664569,0.069629,0.519984,1.506226,0.597229,-2.010611,1.506226
member,4877,6,1,0,1.427138,0.239995,0.284454,1.868158,1.758833,-0.169954,1.868158
member,13723,6,6,1,0.410961,0.663013,0.663013,1.120767,3.936858,1.302336,-1.120767
member,10901,2,7,0,2.053202,0.128323,0.206476,2.195187,0.107682,-0.475631,2.195187
member,49635,0,7,0,2.780090,0.062033,0.383832,1.721249,0.040943,-1.822540,1.721249
member,21739,3,2,0,1.258823,0.283988,0.319281,1.697981,2.869913,-0.117138,1.697981
member,5428,0,8,0,1.185646,0.305549,0.624337,0.876121,4.434721,-0.714581,0.876121
member,15888,2,7,0,1.703902,0.181972,0.256433,2.048208,0.542855,-0.343015,2.048208
member,29364,0,9,0,3.461172,0.031393,0.620437,1.408814,-0.761591,-2.983840,1.408814
member,36449,2,0,0,2.777213,0.062212,0.664725,1.224134,-0.082025,-2.368832,1.224134
member,41757,8,8,1,0.428121,0.651733,0.651733,0.934608,5.054952,1.312088,-0.934608
member,7982,6,6,1,0.735832,0.479107,0.479107,1.425185,3.775890,0.591858,-1.425185
member,8180,8,1,0,3.204639,0.040574,0.814539,0.770368,1.172138,-2.999506,0.770368
member,23316,5,7,0,1.959298,0.140957,0.212919,1.965398,1.106397,-0.412452,1.965398
member,25891,0,8,0,2.175933,0.113502,0.306381,1.762948,0.270751,-0.993008,1.762948
member,20489,7,7,1,1.170195,0.310306,0.310306,1.907669,1.411004,0.481835,-1.907669
member,9606,9,8,0,2.244714,0.105958,0.412600,1.576519,0.530395,-1.359437,1.576519
member,31687,2,0,0,3.444939,0.031907,0.865037,0.600255,0.319208,-3.299957,0.600255
member,20973,0,0,1,0.350428,0.704386,0.704386,0.804203,4.706008,1.046950,-0.804203
member,14960,5,0,0,3.090733,0.045469,0.268246,1.977141,-0.174460,-1.774882,1.977141
member,4831,6,6,1,0.523002,0.592738,0.592738,1.139473,4.615986,0.780700,-1.139473
member,15880,8,0,0,2.402163,0.090522,0.758570,0.943775,1.481936,-2.125843,0.943775
member,14261,7,6,0,3.361920,0.034669,0.519419,1.616626,0.031380,-2.706876,1.616626
member,34197,3,3,1,1.449546,0.234677,0.234677,1.978605,1.182952,0.134145,-1.978605
member,1000,9,8,0,1.663180,0.189535,0.420900,1.426595,1.976442,-0.797819,1.426595
member,13114,2,6,0,1.976319,0.138578,0.459761,1.326133,2.824483,-1.199270,1.326133
member,18872,2,5,0,1.779708,0.168687,0.248127,1.881176,1.027221,-0.385894,1.881176
member,30970,4,4,1,0.785742,0.455781,0.455781,1.638694,2.933077,1.041399,-1.638694
member,3986,6,6,1,0.687254,0.502955,0.502955,1.596956,2.903210,1.262246,-1.596956
member,12789,9,9,1,0.568125,0.566587,0.566587,1.449034,2.325290,1.456819,-1.449034
member,35642,9,9,1,1.108478,0.330061,0.330061,1.571072,1.761544,0.196637,-1.571072
member,13695,8,8,1,0.410283,0.663462,0.663462,1.040519,3.548982,1.230803,-1.040519
member,13475,9,8,0,0.931428,0.393991,0.398223,1.352375,2.427022,-0.010686,1.352375
member,11749,7,5,0,1.285380,0.276545,0.351912,1.670975,2.207172,-0.241007,1.670975
member,10592,4,3,0,2.680601,0.068522,0.351527,1.843090,0.564521,-1.635133,1.843090
member,36535,7,7,1,0.734281,0.479850,0.479850,1.423127,2.848772,0.515810,-1.423127
member,19271,5,0,0,1.863313,0.155158,0.355164,1.938079,0.521368,-0.828138,1.938079
member,40739,4,3,0,1.388660,0.249409,0.306914,1.808183,1.970789,-0.207472,1.808183
member,45396,4,7,0,1.522260,0.218218,0.253201,1.925687,1.688535,-0.148690,1.925687
member,11872,4,7,0,1.448704,0.234875,0.310149,1.798802,1.480266,-0.278001,1.798802
member,7478,3,7,0,2.594038,0.074718,0.648146,1.345506,0.480197,-2.160399,1.345506
member,21081,4,2,0,1.591732,0.203573,0.219053,2.017715,0.962091,-0.073289,2.017715
member,13293,8,0,0,2.592568,0.074828,0.383375,1.666978,-0.204694,-1.633828,1.666978
member,24023,5,9,0,3.218827,0.040002,0.209315,2.056030,-0.314027,-1.654911,2.056030
member,23125,8,0,0,3.079690,0.045974,0.699092,0.948909,0.037089,-2.721718,0.948909
member,11660,9,6,0,1.728346,0.177578,0.355176,1.918027,0.827818,-0.693203,1.918027
member,38198,0,0,1,0.434419,0.647641,0.647641,1.300494,2.103773,1.910607,-1.300494
member,6750,6,6,1,1.031053,0.356631,0.356631,1.526410,2.927881,0.086423,-1.526410
member,48818,1,0,0,2.631018,0.072005,0.423895,1.560225,0.455405,-1.772748,1.560225
member,7916,6,6,1,0.908454,0.403147,0.403147,1.658621,2.907673,0.500702,-1.658621
member,16604,3,6,0,2.860204,0.057257,0.213025,2.082839,-0.008929,-1.313859,2.082839
member,5367,5,6,0,2.015682,0.133230,0.464159,1.666115,1.312671,-1.248154,1.666115
member,3444,1,7,0,4.951465,0.007073,0.378081,1.621520,-1.409230,-3.978819,1.621520
member,8569,0,8,0,0.859299,0.423459,0.427172,1.117303,4.520451,-0.008732,1.117303
member,8929,5,6,0,1.995299,0.135973,0.228234,1.929358,1.210296,-0.517917,1.929358
member,21907,9,9,1,1.319639,0.267232,0.267232,1.883593,0.908936,0.135998,-1.883593
member,3931,8,0,0,2.058003,0.127709,0.732315,0.912692,1.848378,-1.746459,0.912692
member,5348,8,8,1,1.013098,0.363092,0.363092,1.496011,2.000282,0.192371,-1.496011
member,28244,1,1,1,0.176929,0.837839,0.837839,0.763499,3.709799,3.028176,-0.763499
member,32604,2,7,0,1.719531,0.179150,0.197226,2.107184,-0.057554,-0.096128,2.107184
member,11535,0,2,0,2.564427,0.076963,0.315088,1.866890,-0.726197,-1.409523,1.866890
member,17121,5,5,1,1.167346,0.311192,0.311192,1.988490,1.620663,0.771023,-1.988490
member,46473,6,2,0,2.517524,0.080659,0.305940,1.913305,-0.042476,-1.333156,1.913305
member,22348,9,9,1,0.860451,0.422971,0.422971,1.862302,1.406477,1.277783,-1.862302
member,26260,3,3,1,1.539080,0.214578,0.214578,2.168441,0.589194,0.384467,-2.168441
member,16135,4,7,0,1.571423,0.207749,0.243283,1.942121,1.700525,-0.157893,1.942121
member,10500,4,1,0,1.881612,0.152344,0.218374,2.102793,1.016028,-0.360067,2.102793
member,18233,3,7,0,1.528959,0.216761,0.268999,1.819685,2.079344,-0.215910,1.819685
member,13295,7,4,0,2.111874,0.121011,0.276907,1.802575,1.060671,-0.827799,1.802575
member,28714,9,9,1,0.588071,0.555397,0.555397,1.411994,1.759238,1.051804,-1.411994
member,27660,6,1,0,1.835491,0.159535,0.178625,2.148672,0.999237,-0.113024,2.148672
member,13268,7,7,1,1.076103,0.340921,0.340921,1.899309,1.475478,0.706349,-1.899309
member,47919,5,5,1,1.067399,0.343902,0.343902,1.916632,1.326651,0.788809,-1.916632
member,34428,7,4,0,3.866107,0.020940,0.311352,1.892065,-1.221043,-2.699275,1.892065
member,3265,5,9,0,4.046641,0.017481,0.340670,1.843254,-1.316119,-2.969801,1.843254
member,45850,3,6,0,1.742546,0.175074,0.318372,1.693489,2.325486,-0.598013,1.693489
member,15004,4,6,0,1.307585,0.270472,0.333776,1.765338,2.240087,-0.210299,1.765338
member,22396,1,2,0,1.366024,0.255119,0.345988,1.797627,0.986803,-0.304673,1.797627
member,34429,1,1,1,0.548523,0.577803,0.577803,1.386795,3.083162,1.361868,-1.386795
member,24212,0,0,1,0.479038,0.619379,0.619379,1.338050,2.094517,1.430903,-1.338050
member,44042,7,2,0,2.449157,0.086366,0.210989,2.021458,-0.146044,-0.893209,2.021458
member,6522,7,9,0,3.422322,0.032637,0.354506,1.739076,-0.729578,-2.385292,1.739076
member,28632,5,6,0,1.962153,0.140555,0.281819,1.998341,0.679480,-0.695664,1.998341
member,47703,1,1,1,0.362460,0.695962,0.695962,1.115208,3.217991,1.777678,-1.115208
member,20211,9,2,0,2.782809,0.061864,0.250876,2.036351,-0.311074,-1.400012,2.036351
member,31722,9,9,1,0.778261,0.459204,0.459204,1.614388,2.452379,0.963333,-1.614388
member,4894,7,7,1,0.860699,0.422866,0.422866,1.820501,2.016502,1.240593,-1.820501
member,15191,0,0,1,0.270701,0.762845,0.762845,0.976169,3.267044,2.391534,-0.976169
member,18209,9,0,0,1.145512,0.318061,0.384727,1.261795,2.653634,-0.190289,1.261795
member,39808,6,6,1,1.017250,0.361588,0.361588,1.862928,2.271666,0.741339,-1.862928
member,30545,1,0,0,2.359592,0.094459,0.510643,1.586823,-0.399618,-1.687507,1.586823
member,7667,3,6,0,1.877180,0.153021,0.391591,1.820141,1.215417,-0.939643,1.820141
member,28073,7,9,0,1.511749,0.220524,0.264799,2.067468,0.581372,-0.182964,2.067468
member,34014,3,1,0,2.045452,0.129322,0.263143,1.965725,0.469010,-0.710396,1.965725
member,31118,6,4,0,2.617306,0.072999,0.582056,1.262133,2.313180,-2.076116,1.262133
member,460,8,5,0,4.182412,0.015262,0.305160,1.939927,-1.672151,-2.995492,1.939927
member,28186,4,6,0,1.243400,0.288402,0.542728,1.245266,3.349247,-0.632253,1.245266
member,25680,6,3,0,1.411644,0.243742,0.309570,1.845432,2.570962,-0.239073,1.845432
member,11680,3,3,1,1.006809,0.365383,0.365383,1.560693,2.131494,0.276356,-1.560693
member,12947,5,3,0,2.913040,0.054310,0.237309,2.052066,-0.221813,-1.474647,2.052066
member,14237,3,3,1,1.475181,0.228737,0.228737,2.071212,0.855959,0.328631,-2.071212
member,7686,7,4,0,3.631730,0.026470,0.408897,1.786371,-0.302980,-2.737437,1.786371
member,46604,3,7,0,2.061248,0.127295,0.338528,1.909965,1.254455,-0.978099,1.909965
member,23442,2,6,0,1.979282,0.138168,0.729923,0.989969,2.345015,-1.664466,0.989969
member,9931,4,0,0,5.145423,0.005826,0.712161,1.110268,-1.944695,-4.805972,1.110268
member,32938,3,2,0,1.749229,0.173908,0.324212,1.858650,0.996757,-0.622870,1.858650
member,28216,0,3,0,4.266245,0.014034,0.190805,2.125138,-1.516430,-2.609741,2.125138
member,8454,2,6,0,1.530926,0.216335,0.348673,1.603457,2.451791,-0.477304,1.603457
member,5841,1,6,0,2.691065,0.067809,0.235329,2.017843,0.048761,-1.244296,2.017843
member,13375,5,3,0,2.150511,0.116425,0.293275,1.861643,1.396356,-0.923866,1.861643
member,37379,7,7,1,1.182054,0.306648,0.306648,2.025262,1.446859,0.796046,-2.025262
member,2135,7,2,0,2.754188,0.063661,0.231849,1.997483,-0.197250,-1.292517,1.997483
member,7817,7,9,0,1.899399,0.149659,0.479630,1.700523,0.612363,-1.164659,1.700523
member,1377,1,1,1,1.513838,0.220064,0.220064,2.025087,1.384559,0.075464,-2.025087
member,10175,5,6,0,1.791021,0.166790,0.268998,2.035202,0.782530,-0.477969,2.035202
member,4689,0,0,1,0.451807,0.636477,0.636477,1.311666,1.933745,1.754684,-1.311666
member,28426,2,2,1,0.912250,0.401620,0.401620,1.691682,2.366887,0.556389,-1.691682
member,46127,1,1,1,0.088000,0.915761,0.915761,0.453171,5.067061,3.591035,-0.453171
member,20184,3,3,1,1.263351,0.282705,0.282705,1.859875,1.902130,0.035409,-1.859875
member,49385,9,9,1,0.612647,0.541914,0.541914,1.355472,2.237096,0.762785,-1.355472
member,40577,3,5,0,3.017716,0.048913,0.285704,1.939576,-0.293373,-1.764917,1.939576
member,11813,2,4,0,1.628219,0.196279,0.226493,1.873808,1.601802,-0.143176,1.873808
member,27520,5,5,1,0.891455,0.410059,0.410059,1.559897,2.187761,0.523242,-1.559897
member,42504,3,6,0,2.714840,0.066216,0.386767,1.728791,0.084635,-1.764908,1.728791
member,24353,5,5,1,1.586192,0.204704,0.204704,2.009663,1.049417,0.118194,-2.009663
member,22294,3,3,1,1.151123,0.316281,0.316281,1.911585,1.030508,0.583558,-1.911585
member,47724,7,7,1,1.365761,0.255186,0.255186,2.011420,0.985532,0.200424,-2.011420
member,31461,7,6,0,3.977329,0.018736,0.740866,0.976608,0.768136,-3.677394,0.976608
member,31869,9,1,0,3.289541,0.037271,0.379190,1.879611,-0.334933,-2.319823,1.879611
member,39163,3,6,0,1.847056,0.157701,0.314120,1.854134,1.540717,-0.689077,1.854134
member,47876,9,1,0,3.167942,0.042090,0.288871,1.890610,-0.714659,-1.926167,1.890610
member,4256,9,1,0,1.180774,0.307041,0.337322,1.635808,1.084171,-0.094056,1.635808
member,5187,4,0,0,7.670541,0.000466,0.854695,0.649221,-3.973220,-7.513530,0.649221
member,29760,5,4,0,3.593837,0.027493,0.411069,1.374448,1.712474,-2.704843,1.374448
member,4740,5,5,1,1.169063,0.310658,0.310658,1.814059,1.361195,0.131403,-1.814059
member,47835,7,8,0,2.273359,0.102966,0.516908,1.457764,0.755230,-1.613469,1.457764
member,6013,0,0,1,0.205446,0.814284,0.814284,0.781767,4.283345,2.453107,-0.781767
member,16055,9,9,1,0.699634,0.496767,0.496767,1.593479,2.012013,1.112649,-1.593479
member,3700,9,1,0,1.340156,0.261805,0.365986,1.672102,1.512009,-0.334996,1.672102
member,216,8,7,0,3.484594,0.030666,0.452468,1.801434,-0.967818,-2.691556,1.801434
member,40468,6,6,1,0.790625,0.453561,0.453561,1.444231,3.714746,0.476775,-1.444231
member,23894,9,7,0,1.548630,0.212539,0.269131,1.929315,1.335533,-0.236074,1.929315
member,30500,5,4,0,1.821210,0.161830,0.248662,1.861037,1.214202,-0.429548,1.861037
member,27237,9,7,0,1.732951,0.176762,0.291263,1.863695,1.242155,-0.499423,1.863695
member,13883,8,0,0,2.060298,0.127416,0.709747,1.091227,1.039317,-1.717452,1.091227
member,21547,1,9,0,2.140033,0.117651,0.624405,1.290416,1.423489,-1.669076,1.290416
member,22510,2,1,0,1.480384,0.227550,0.310652,1.960557,1.459948,-0.311303,1.960557
member,11035,2,9,0,2.915877,0.054157,0.576557,1.513650,-0.416278,-2.365195,1.513650
member,20691,3,2,0,3.035456,0.048053,0.201754,2.212426,-1.003495,-1.434748,2.212426
member,35720,9,7,0,2.774959,0.062352,0.210777,2.159263,-0.510994,-1.218003,2.159263
member,14504,5,7,0,2.620735,0.072749,0.251294,1.979282,-0.389895,-1.239604,1.979282
member,7893,3,2,0,3.601770,0.027275,0.289123,1.803901,-0.341653,-2.360869,1.803901
member,27679,5,7,0,2.197204,0.111113,0.170766,2.123266,0.538531,-0.429742,2.123266
member,5908,4,9,0,3.530687,0.029285,0.517271,1.212976,-0.140682,-2.871500,1.212976
member,4504,0,7,0,3.491880,0.030444,0.249522,1.919116,-0.467485,-2.103673,1.919116
member,9086,7,4,0,1.629240,0.196078,0.200417,1.994521,1.382371,-0.021887,1.994521
member,2328,1,9,0,1.754816,0.172939,0.270247,1.981130,0.339033,-0.446396,1.981130
member,44441,5,4,0,1.351645,0.258814,0.357500,1.547259,2.574427,-0.323026,1.547259
member,32783,8,8,1,1.046750,0.351077,0.351077,1.634136,1.728712,0.175196,-1.634136
member,47359,5,7,0,2.902702,0.054875,0.505101,1.611352,-0.327077,-2.219705,1.611352
member,46674,1,6,0,3.661848,0.025685,0.345994,1.785365,-0.497613,-2.600515,1.785365
member,15854,3,1,0,2.903860,0.054811,0.315257,1.854527,0.145877,-1.749492,1.854527
member,49479,8,8,1,0.886569,0.412067,0.412067,1.514825,2.168892,0.379461,-1.514825
member,42204,0,7,0,3.634623,0.026394,0.425326,1.785588,-0.833793,-2.779724,1.785588
member,12957,9,9,1,1.579830,0.206010,0.206010,2.034629,0.712237,0.058859,-2.034629
member,35129,1,2,0,1.505339,0.221942,0.298162,1.739375,1.494310,-0.295221,1.739375
member,15146,2,7,0,2.283636,0.101913,0.566143,1.463893,1.356358,-1.714728,1.463893
member,31307,2,2,1,1.363865,0.255671,0.255671,1.787482,2.717751,0.115636,-1.787482
member,7414,9,9,1,1.291164,0.274951,0.274951,1.869542,1.085556,0.063352,-1.869542
member,6308,0,0,1,0.861357,0.422588,0.422588,1.425382,2.587356,0.457967,-1.425382
member,27367,6,4,0,1.863122,0.155187,0.242466,1.951443,1.289293,-0.446227,1.951443
member,9846,3,2,0,1.762368,0.171638,0.193999,2.160425,0.709040,-0.122464,2.160425
member,13370,9,7,0,1.705573,0.181668,0.220732,2.036460,0.459860,-0.194769,2.036460
member,45333,4,8,0,5.822276,0.002961,0.640458,0.942791,-1.575707,-5.376704,0.942791
member,33176,7,2,0,2.709515,0.066569,0.305634,1.899424,0.723856,-1.524149,1.899424
member,32129,9,8,0,1.875386,0.153296,0.484447,1.288967,2.520117,-1.150640,1.288967
member,17212,2,3,0,1.797476,0.165717,0.371889,1.875515,0.755648,-0.808314,1.875515
member,24294,1,8,0,2.691417,0.067785,0.387295,1.300092,1.305999,-1.742847,1.300092
member,13744,8,8,1,0.930527,0.394346,0.394346,1.458067,1.642653,0.036421,-1.458067
member,2436,2,6,0,1.218449,0.295688,0.366090,1.589824,2.492363,-0.213572,1.589824
member,22105,3,3,1,1.127713,0.323773,0.323773,1.791447,2.392729,0.397917,-1.791447
member,47785,9,2,0,2.035024,0.130677,0.264156,2.030074,-0.047743,-0.703808,2.030074
member,34894,8,8,1,0.857960,0.424026,0.424026,1.601960,1.458249,0.331943,-1.601960
member,20410,3,4,0,2.048911,0.128875,0.426502,1.712386,1.517277,-1.196773,1.712386
member,32236,7,8,0,2.630004,0.072078,0.425456,1.635917,-0.157279,-1.775410,1.635917
member,30912,1,9,0,2.798864,0.060879,0.767974,0.888278,0.943096,-2.534864,0.888278
member,48463,6,2,0,2.921221,0.053868,0.219677,2.067334,-0.700978,-1.405622,2.067334
member,32884,0,0,1,0.728585,0.482591,0.482591,1.713491,1.285488,1.351093,-1.713491
member,42109,4,4,1,0.906897,0.403775,0.403775,1.545620,2.915765,0.333961,-1.545620
member,39509,4,4,1,1.464970,0.231085,0.231085,1.956072,1.811736,0.107348,-1.956072
member,41121,0,0,1,0.746941,0.473814,0.473814,1.208101,3.338962,0.381050,-1.208101
member,29710,1,8,0,1.676598,0.187009,0.496254,1.383660,1.802881,-0.975931,1.383660
member,33116,5,9,0,3.412198,0.032969,0.289655,1.865091,-0.991025,-2.173135,1.865091
member,9349,4,6,0,2.411749,0.089658,0.272645,1.886898,0.951462,-1.112165,1.886898
member,20840,1,1,1,0.207670,0.812476,0.812476,0.874561,3.641018,3.182642,-0.874561
member,40353,3,6,0,1.034198,0.355511,0.382837,1.517082,2.582227,-0.074051,1.517082
member,17239,2,3,0,1.913935,0.147499,0.264433,1.917394,1.798804,-0.583768,1.917394
member,48605,4,4,1,1.401581,0.246207,0.246207,2.001777,1.638278,0.398137,-2.001777
member,16176,2,4,0,2.687246,0.068068,0.514179,1.459951,1.406760,-2.022062,1.459951
member,12831,6,2,0,1.755691,0.172788,0.288876,1.852616,0.877681,-0.513934,1.852616
member,38588,6,6,1,1.060618,0.346242,0.346242,1.915394,1.874988,0.732276,-1.915394
member,48800,2,9,0,5.008507,0.006681,0.394589,1.241365,-1.175212,-4.078598,1.241365
member,45871,9,9,1,0.315398,0.729499,0.729499,0.880625,3.174862,1.368041,-0.880625
member,48921,9,9,1,0.988200,0.372246,0.372246,1.880432,1.523447,0.785163,-1.880432
member,7200,3,0,0,1.645838,0.192851,0.249300,2.025562,0.919206,-0.256740,2.025562
member,36989,4,4,1,0.938484,0.391220,0.391220,1.476883,3.808383,0.239409,-1.476883
member,45962,4,4,1,1.151299,0.316226,0.316226,1.810619,2.206272,0.150173,-1.810619
member,890,9,0,0,2.566012,0.076841,0.705875,0.986629,1.273896,-2.217694,0.986629
member,48014,2,0,0,3.962049,0.019024,0.774146,0.780858,0.352754,-3.706055,0.780858
member,7890,2,4,0,2.344234,0.095921,0.582809,1.429447,1.411276,-1.804338,1.429447
member,20399,7,6,0,1.769803,0.170367,0.292130,1.843517,1.489333,-0.539248,1.843517
member,16227,7,4,0,2.703275,0.066986,0.307049,1.774136,0.785551,-1.522526,1.774136
member,5687,8,0,0,1.299728,0.272606,0.353787,1.669769,1.108026,-0.260668,1.669769
member,31162,9,6,0,2.891296,0.055504,0.262200,1.931883,-0.481785,-1.552648,1.931883
member,43028,6,6,1,0.714595,0.489390,0.489390,1.450009,3.359831,0.671332,-1.450009
member,48148,0,8,0,1.516253,0.219533,0.732773,0.762463,3.566449,-1.205334,0.762463
member,45401,9,1,0,2.895938,0.055247,0.473258,1.682242,-0.025472,-2.147823,1.682242
member,41756,0,9,0,2.879959,0.056137,0.469710,1.779092,-0.388194,-2.124319,1.779092
member,8528,2,3,0,1.627405,0.196439,0.208765,2.003690,1.309905,-0.060859,2.003690
member,40908,2,4,0,1.960650,0.140767,0.244033,1.973082,0.839748,-0.550199,1.973082
member,651,6,6,1,0.678823,0.507213,0.507213,1.608050,2.679204,1.375064,-1.608050
member,13906,9,1,0,1.049114,0.350248,0.441727,1.401167,2.118433,-0.232050,1.401167
member,23231,4,9,0,3.039946,0.047837,0.180995,2.136582,-0.968684,-1.330658,2.136582
member,23343,2,1,0,2.872226,0.056573,0.689844,1.108338,0.757504,-2.500937,1.108338
member,27497,0,9,0,1.873634,0.153565,0.407908,1.344407,2.495078,-0.976921,1.344407
member,5010,0,8,0,0.798347,0.450072,0.543671,0.727244,7.504512,-0.188937,0.727244
member,18148,3,3,1,1.695599,0.183489,0.183489,1.984465,0.720796,0.000934,-1.984465
member,36687,6,6,1,0.409253,0.664146,0.664146,1.159182,3.860510,1.653966,-1.159182
member,28576,4,6,0,1.758245,0.172347,0.304650,1.810829,1.583629,-0.569652,1.810829
member,34713,9,4,0,1.911681,0.147832,0.166854,2.186307,0.080772,-0.121042,2.186307
member,33391,9,0,0,2.129443,0.118903,0.251947,2.073789,0.030331,-0.750907,2.073789
member,49767,8,8,1,0.750350,0.472201,0.472201,1.427764,1.901395,0.442666,-1.427764
member,46159,0,9,0,2.346458,0.095708,0.545620,1.454498,0.599554,-1.740627,1.454498
member,35267,2,4,0,1.774370,0.169590,0.285968,1.726524,2.248993,-0.522493,1.726524
member,2554,7,0,0,5.893425,0.002758,0.487755,1.324455,-1.617802,-5.175483,1.324455
member,3714,5,3,0,2.956165,0.052018,0.214559,2.089297,-0.906875,-1.416993,2.089297
member,16563,1,9,0,2.430817,0.087965,0.504642,1.422857,0.714348,-1.746910,1.422857
member,24880,9,6,0,2.718660,0.065963,0.392921,1.775790,0.987595,-1.784514,1.775790
member,21279,5,7,0,3.440557,0.032047,0.403562,1.803363,-0.740565,-2.533133,1.803363
member,38941,4,0,0,5.674207,0.003433,0.614585,1.364303,-3.231356,-5.187400,1.364303
member,12387,2,6,0,2.307455,0.099514,0.426200,1.686552,1.169943,-1.454607,1.686552
member,33416,0,8,0,2.097207,0.122799,0.298031,1.908932,0.481632,-0.886649,1.908932
member,11808,8,0,0,1.940891,0.143576,0.754915,0.900425,1.621926,-1.659741,0.900425
member,25953,3,5,0,1.823097,0.161525,0.365345,1.844703,1.242381,-0.816185,1.844703
member,19321,7,7,1,1.230115,0.292259,0.292259,2.010051,1.324950,0.469652,-2.010051
member,43436,7,7,1,1.550371,0.212169,0.212169,1.923235,1.344606,0.004806,-1.923235
member,26428,6,8,0,2.305446,0.099714,0.193402,2.150294,-0.191917,-0.662459,2.150294
member,34882,4,4,1,1.243786,0.288291,0.288291,1.892195,1.769013,0.358065,-1.892195
member,10009,6,6,1,1.600475,0.201801,0.201801,2.063595,1.031836,0.187277,-2.063595
member,27090,3,3,1,1.488601,0.225688,0.225688,2.052367,0.496920,0.071220,-2.052367
member,9125,6,6,1,0.864286,0.421352,0.421352,1.619077,3.240470,0.723878,-1.619077
member,37455,1,9,0,1.975531,0.138688,0.510083,1.661298,0.725256,-1.302349,1.661298
member,48232,2,0,0,2.085679,0.124223,0.434827,1.814329,0.128054,-1.252872,1.814329
member,29213,3,5,0,2.264339,0.103899,0.296714,1.982707,0.297266,-1.049354,1.982707
member,8517,9,3,0,2.171232,0.114037,0.304065,2.024581,-0.165867,-0.980717,2.024581
member,17713,4,6,0,2.186925,0.112261,0.366798,1.605614,1.803694,-1.183981,1.605614
member,22946,4,6,0,2.850637,0.057807,0.492670,1.665919,-0.045467,-2.142721,1.665919
member,37538,9,1,0,3.099677,0.045064,0.249333,2.007647,-0.410824,-1.710712,2.007647
member,8274,5,2,0,2.059999,0.127454,0.355420,1.834901,0.618061,-1.025542,1.834901
member,34448,0,0,1,0.443533,0.641765,0.641765,1.168708,2.902359,1.311030,-1.168708
member,48376,3,3,1,1.222606,0.294462,0.294462,1.996325,1.572080,0.495959,-1.996325
member,49913,1,7,0,2.610989,0.073462,0.287263,1.955956,0.406462,-1.363633,1.955956
member,30338,3,0,0,2.885941,0.055802,0.211229,2.019182,-0.571294,-1.331128,2.019182
member,29618,7,4,0,2.201160,0.110675,0.318898,1.866839,0.674516,-1.058277,1.866839
member,4826,9,7,0,2.468726,0.084693,0.437969,1.674758,0.080266,-1.643119,1.674758
member,32085,3,6,0,1.584051,0.205142,0.348568,1.769011,1.715943,-0.530129,1.769011
member,10171,8,1,0,3.259918,0.038392,0.187802,2.162458,-1.127384,-1.587548,2.162458
member,10783,6,5,0,2.376037,0.092918,0.256224,2.051143,-0.430730,-1.014334,2.051143
member,17690,2,9,0,2.907566,0.054608,0.556901,1.405749,-0.013762,-2.322199,1.405749
member,45904,0,0,1,0.854665,0.425425,0.425425,1.753028,1.723252,0.900443,-1.753028
member,39303,7,9,0,1.031856,0.356345,0.376414,1.441820,2.467981,-0.054791,1.441820
member,33543,6,4,0,1.529392,0.216667,0.223000,1.978190,1.472867,-0.028807,1.978190
member,21674,0,0,1,0.552166,0.575702,0.575702,0.828237,4.836377,0.377873,-0.828237
member,15219,5,2,0,2.257741,0.104586,0.189475,2.152869,-0.327427,-0.594246,2.152869
member,7511,0,7,0,2.173648,0.113762,0.394185,1.653001,0.920796,-1.242713,1.653001
member,19434,5,6,0,2.323425,0.097938,0.321456,1.878864,1.180503,-1.188529,1.878864
member,22922,3,1,0,3.227776,0.039646,0.239176,1.970228,-0.549028,-1.797220,1.970228
member,38109,7,7,1,1.452179,0.234060,0.234060,2.034728,1.578084,0.121852,-2.034728
member,46998,4,7,0,2.438869,0.087260,0.240667,2.135308,0.098294,-1.014529,2.135308
member,40520,1,1,1,0.693261,0.499943,0.499943,1.642678,1.955530,1.417144,-1.642678
member,36346,7,6,0,1.756505,0.172647,0.188115,1.983592,1.068221,-0.085805,1.983592
member,2514,2,9,0,3.851012,0.021258,0.559608,1.455884,-1.383160,-3.270494,1.455884
member,19718,8,0,0,2.821143,0.059538,0.395394,1.565382,-0.086985,-1.893271,1.565382
member,42953,3,1,0,2.938968,0.052920,0.365221,2.010275,-0.366484,-1.931715,2.010275
member,17141,5,0,0,1.950972,0.142136,0.357410,1.701063,1.059462,-0.922100,1.701063
member,35991,0,8,0,3.252940,0.038660,0.430553,1.362384,-0.446644,-2.410257,1.362384
member,7677,5,5,1,1.500862,0.222938,0.222938,2.136825,0.919893,0.482737,-2.136825
member,8442,6,2,0,1.866307,0.154694,0.262734,1.915427,1.261076,-0.529693,1.915427
member,48273,8,0,0,1.202028,0.300584,0.472263,1.217619,2.484009,-0.451807,1.217619
member,43493,3,4,0,2.711993,0.066404,0.418137,1.742926,0.773846,-1.840046,1.742926
member,48639,1,1,1,0.595200,0.551452,0.551452,1.517692,2.534898,1.458811,-1.517692
member,43502,4,1,0,2.909633,0.054496,0.428922,1.744501,0.680332,-2.063153,1.744501
member,13791,9,9,1,0.769407,0.463288,0.463288,1.758499,1.452366,1.245775,-1.758499
member,8617,6,6,1,1.665320,0.189130,0.189130,2.053978,1.757764,0.204552,-2.053978
member,4248,7,7,1,0.553900,0.574704,0.574704,1.428865,2.289277,1.096166,-1.428865
member,21720,1,9,0,2.090534,0.123621,0.556439,1.161372,1.505842,-1.504336,1.161372
member,26308,2,6,0,1.212983,0.297309,0.342981,1.365001,3.899512,-0.142904,1.365001
member,2515,4,8,0,8.788926,0.000152,0.506701,0.930417,-3.473331,-8.109091,0.930417
member,2726,5,2,0,2.009106,0.134109,0.253540,2.014433,0.464505,-0.636871,2.014433
member,49876,8,8,1,0.137939,0.871152,0.871152,0.441002,7.435119,2.046763,-0.441002
member,22550,6,6,1,1.306956,0.270643,0.270643,1.957030,2.125860,0.249096,-1.957030
member,25561,3,2,0,2.146445,0.116899,0.259868,1.874528,0.861096,-0.798865,1.874528
member,46563,2,0,0,2.063527,0.127005,0.381773,1.933261,-0.002992,-1.100598,1.933261
member,6585,3,7,0,1.966376,0.139963,0.303150,1.838940,1.503717,-0.772850,1.838940
member,40732,3,0,0,2.619235,0.072859,0.633572,1.312317,0.034594,-2.162853,1.312317
member,24851,0,0,1,1.561272,0.209869,0.209869,2.129642,0.363651,0.150284,-2.129642
member,29428,8,8,1,0.679965,0.506635,0.506635,1.240503,3.790936,0.884439,-1.240503
member,31803,2,3,0,2.628519,0.072185,0.262149,1.863645,0.014395,-1.289675,1.863645
member,43730,3,4,0,2.406208,0.090157,0.401386,1.575796,1.027683,-1.493375,1.575796
member,25704,6,9,0,3.294755,0.037077,0.308107,2.003941,-0.470206,-2.117448,2.003941
member,30342,5,2,0,2.850299,0.057827,0.363502,1.788182,-0.057538,-1.838328,1.788182
member,21073,1,1,1,1.335628,0.262993,0.262993,1.993182,1.414583,0.266014,-1.993182
member,16812,5,4,0,2.539941,0.078871,0.454943,1.689332,1.200073,-1.752357,1.689332
member,46204,3,6,0,1.522143,0.218244,0.430777,1.571193,2.635369,-0.679978,1.571193
member,32291,2,0,0,3.621152,0.026752,0.842697,0.655151,0.269239,-3.450005,0.655151
member,35505,8,8,1,0.727399,0.483164,0.483164,1.674964,1.665172,1.087828,-1.674964
member,29983,4,6,0,1.222334,0.294542,0.370140,1.683052,1.928065,-0.228460,1.683052
member,35083,3,6,0,1.745557,0.174548,0.213234,1.837711,1.366295,-0.200193,1.837711
member,14285,2,6,0,2.197262,0.111107,0.289017,1.717135,1.229371,-0.955990,1.717135
member,31623,2,2,1,1.363732,0.255705,0.255705,1.893915,1.333592,0.087735,-1.893915
member,37326,9,0,0,1.273229,0.279926,0.346497,1.694062,1.560871,-0.213348,1.694062
member,6793,7,9,0,1.921029,0.146456,0.359441,1.690634,0.829157,-0.897825,1.690634
member,2900,4,7,0,1.859198,0.155797,0.268228,1.926397,1.266804,-0.543282,1.926397
member,9743,8,8,1,0.445368,0.640588,0.640588,0.864890,4.344098,0.747672,-0.864890
member,15837,2,2,1,1.332081,0.263928,0.263928,2.091389,1.020765,0.408672,-2.091389
member,42211,1,1,1,1.320928,0.266887,0.266887,1.908629,1.587401,0.143207,-1.908629
member,4704,9,9,1,0.690787,0.501181,0.501181,1.597648,1.834717,1.054694,-1.597648
member,27325,2,6,0,2.092196,0.123416,0.434209,1.767345,0.812380,-1.257968,1.767345
member,29519,9,6,0,3.062151,0.046787,0.481532,1.632481,0.504578,-2.331368,1.632481
member,12524,6,1,0,3.233994,0.039400,0.361123,1.945342,-1.138828,-2.215458,1.945342
member,936,1,1,1,0.219911,0.802590,0.802590,0.807207,3.917683,2.497635,-0.807207
member,38817,8,9,0,1.518364,0.219070,0.337452,1.819575,0.964898,-0.432033,1.819575
member,40298,6,3,0,2.219639,0.108648,0.286214,2.026001,-0.161646,-0.968622,2.026001
member,30142,8,8,1,0.142887,0.866852,0.866852,0.561873,4.827871,2.636814,-0.561873
member,32193,6,6,1,0.749032,0.472824,0.472824,1.491104,3.039961,0.727104,-1.491104
member,40974,4,9,0,4.986592,0.006829,0.524222,1.561910,-2.177492,-4.340752,1.561910
member,5748,7,4,0,1.485112,0.226477,0.362518,1.661779,2.448599,-0.470431,1.661779
member,21048,4,5,0,2.032078,0.131063,0.295379,2.079255,0.386403,-0.812582,2.079255
member,21973,2,2,1,1.495720,0.224087,0.224087,1.986317,1.473428,0.043239,-1.986317
member,14554,3,9,0,2.577419,0.075970,0.330964,1.906036,0.299525,-1.471674,1.906036
member,20562,5,5,1,1.088892,0.336589,0.336589,1.723915,2.351776,0.277569,-1.723915
member,48808,3,8,0,4.498094,0.011130,0.520113,1.559184,-1.907035,-3.844385,1.559184
member,27159,5,7,0,2.548253,0.078218,0.506536,1.674652,0.376052,-1.868093,1.674652
member,31827,9,1,0,2.549970,0.078084,0.724446,0.966511,0.893966,-2.227622,0.966511
member,12622,1,1,1,0.342694,0.709855,0.709855,1.163864,2.885436,2.141685,-1.163864
member,5921,6,2,0,2.412216,0.089617,0.175364,2.204895,0.006134,-0.671322,2.204895
member,1720,8,8,1,1.131894,0.322422,0.322422,1.787606,1.337761,0.414154,-1.787606
member,581,4,7,0,1.713656,0.180206,0.323008,1.878346,1.739539,-0.583578,1.878346
member,24465,2,2,1,1.020673,0.360352,0.360352,1.718129,2.178290,0.135923,-1.718129
member,6143,8,1,0,3.183278,0.041450,0.485729,1.614928,-0.406260,-2.461174,1.614928
member,47120,4,4,1,1.356432,0.257578,0.257578,1.955688,1.638043,0.328829,-1.955688
member,12662,9,9,1,1.183859,0.306095,0.306095,1.606603,1.854739,0.232113,-1.606603
member,6361,4,7,0,1.658310,0.190461,0.256111,1.821913,1.958513,-0.296164,1.821913
member,42201,0,1,0,2.387804,0.091831,0.297181,1.874112,0.601862,-1.174389,1.874112
member,34561,4,4,1,1.248533,0.286925,0.286925,1.790889,1.838671,0.012612,-1.790889
member,29123,6,5,0,1.669202,0.188397,0.213829,2.002259,1.337780,-0.126624,2.002259
member,20305,9,4,0,1.874695,0.153402,0.253818,2.050962,0.828393,-0.503556,2.050962
member,34088,2,8,0,2.726999,0.065415,0.342888,1.577521,0.424305,-1.656647,1.577521
member,10254,3,6,0,3.621472,0.026743,0.388347,1.548207,0.072037,-2.675615,1.548207
member,46735,8,0,0,1.988404,0.136914,0.445941,1.534467,0.198848,-1.180836,1.534467
member,28681,0,0,1,0.531169,0.587917,0.587917,1.222381,2.736745,1.036149,-1.222381
member,46606,5,7,0,1.585967,0.204750,0.243560,2.001500,0.897766,-0.173575,2.001500
member,7499,8,3,0,1.846211,0.157834,0.320899,1.883043,0.754817,-0.709583,1.883043
member,24975,1,9,0,2.454711,0.085888,0.652075,1.095685,1.418114,-2.027115,1.095685
member,16000,7,4,0,3.451759,0.031690,0.592957,1.205664,1.397895,-2.929126,1.205664
member,40862,4,4,1,0.728449,0.482657,0.482657,1.424323,3.936850,0.800709,-1.424323
member,23013,4,6,0,1.515331,0.219735,0.463733,1.476774,2.455685,-0.746885,1.476774
member,770,6,4,0,2.412939,0.089552,0.294373,1.832165,0.745109,-1.190032,1.832165
member,4091,2,6,0,2.072161,0.125913,0.485277,1.615174,1.073163,-1.349126,1.615174
member,47648,9,9,1,1.321636,0.266699,0.266699,1.793647,1.126137,0.172355,-1.793647
member,30053,7,7,1,0.880774,0.414462,0.414462,1.725018,2.805245,0.747940,-1.725018
member,48858,7,7,1,1.460375,0.232149,0.232149,2.073948,1.312096,0.399822,-2.073948
member,19580,3,6,0,1.863533,0.155124,0.308741,1.801843,1.844911,-0.688282,1.801843
member,30107,5,5,1,1.216396,0.296296,0.296296,1.920940,0.663553,0.357388,-1.920940
member,42970,3,5,0,1.897162,0.149994,0.568115,1.454698,0.920091,-1.331730,1.454698
member,43109,8,9,0,2.368718,0.093601,0.522340,1.217811,0.922397,-1.719283,1.217811
member,35980,7,7,1,0.956369,0.384286,0.384286,1.787004,2.042147,0.506288,-1.787004
member,16313,0,5,0,2.240395,0.106416,0.281666,2.078925,-0.338066,-0.973362,2.078925
member,38042,7,7,1,1.125511,0.324487,0.324487,1.850195,1.826145,0.474863,-1.850195
member,45022,4,6,0,1.890954,0.150928,0.173837,2.088681,0.773916,-0.141317,2.088681
member,14356,7,9,0,1.587015,0.204535,0.645280,1.169248,1.224233,-1.148943,1.169248
member,297,5,5,1,1.575872,0.206827,0.206827,2.152571,1.275994,0.151279,-2.152571
member,33784,9,9,1,0.476337,0.621054,0.621054,1.310805,2.459672,1.251032,-1.310805
member,34173,0,0,1,0.060266,0.941514,0.941514,0.290369,5.151865,3.366627,-0.290369
member,23494,5,7,0,2.183996,0.112591,0.355578,1.993960,0.239675,-1.149986,1.993960
member,43719,9,9,1,0.844548,0.429752,0.429752,1.559884,2.167179,0.491601,-1.559884
member,40396,6,6,1,0.928697,0.395068,0.395068,1.758881,2.727071,0.730439,-1.758881
member,21600,9,9,1,0.634109,0.530408,0.530408,1.609018,2.303885,1.691857,-1.609018
member,12395,8,8,1,1.094792,0.334609,0.334609,1.615776,1.808630,0.052829,-1.615776
member,34845,1,0,0,2.035631,0.130598,0.309280,2.016139,0.420047,-0.862123,2.016139
member,13995,4,4,1,1.132355,0.322274,0.322274,1.801129,2.138128,0.288911,-1.801129
member,45699,7,4,0,2.216550,0.108984,0.271809,1.925588,0.670660,-0.913893,1.925588
member,1278,0,8,0,1.426844,0.240065,0.401116,1.559552,1.748569,-0.513340,1.559552
member,42635,5,4,0,2.294193,0.100843,0.282131,1.930458,0.874507,-1.028808,1.930458
member,4724,8,0,0,2.072241,0.125903,0.670679,1.203880,1.186910,-1.672777,1.203880
member,32825,3,6,0,3.440336,0.032054,0.496117,1.270843,1.250185,-2.739393,1.270843
member,26812,4,4,1,0.938413,0.391248,0.391248,1.588975,2.715397,0.507907,-1.588975
member,20222,1,4,0,4.333966,0.013115,0.329346,1.845196,-0.832386,-3.223319,1.845196
member,42964,7,9,0,3.037192,0.047969,0.461830,1.634902,-0.409642,-2.264634,1.634902
member,27613,4,9,0,2.674338,0.068952,0.187645,2.125789,0.048909,-1.001135,2.125789
member,19361,7,9,0,2.531906,0.079507,0.475079,1.763235,-0.164370,-1.787633,1.763235
member,18370,6,6,1,1.003546,0.366577,0.366577,1.558788,3.866240,0.197618,-1.558788
member,46231,3,5,0,3.221100,0.039911,0.314780,1.749418,0.053928,-2.065218,1.749418
member,45629,5,7,0,2.432629,0.087806,0.270008,2.085481,-0.047980,-1.123326,2.085481
member,37760,7,3,0,1.931979,0.144861,0.236038,1.976785,1.585316,-0.488216,1.976785
member,43166,6,6,1,0.467455,0.626595,0.626595,1.248562,4.177911,1.322603,-1.248562
member,28121,3,5,0,2.045117,0.129365,0.245665,1.994542,-0.161836,-0.641331,1.994542
member,3308,4,9,0,2.492570,0.082697,0.342214,1.952458,0.152334,-1.420252,1.952458
member,17681,4,2,0,1.977840,0.138368,0.321110,1.894707,1.307005,-0.841869,1.894707
member,29102,4,8,0,7.004951,0.000907,0.581821,1.147288,-3.323965,-6.463359,1.147288
member,12104,9,9,1,1.015576,0.362194,0.362194,1.484728,2.320484,0.206923,-1.484728
member,17486,0,0,1,0.631856,0.531604,0.531604,1.370166,2.294128,0.770444,-1.370166
member,38603,4,7,0,2.034440,0.130754,0.242044,1.914073,1.141178,-0.615804,1.914073
member,38485,3,3,1,1.064252,0.344986,0.344986,1.846830,2.354558,0.673962,-1.846830
member,34691,8,8,1,0.840224,0.431614,0.431614,1.222030,3.793881,0.197729,-1.222030
member,14061,1,8,0,2.267873,0.103532,0.480149,1.287839,1.378261,-1.534214,1.287839
member,31026,2,6,0,1.611502,0.199588,0.452058,1.641743,1.694793,-0.817556,1.641743
member,9925,0,0,1,0.421599,0.655997,0.655997,1.312884,2.476261,2.221434,-1.312884
member,3401,6,6,1,1.190700,0.304008,0.304008,1.560528,3.014807,0.035687,-1.560528
member,43023,6,4,0,1.921765,0.146348,0.675876,1.094586,2.476099,-1.530019,1.094586
member,15296,7,7,1,0.610215,0.543234,0.543234,1.498880,2.682504,1.037941,-1.498880
member,18674,2,8,0,3.719948,0.024235,0.492828,1.396851,-0.834938,-3.012354,1.396851
member,47623,4,0,0,6.215860,0.001997,0.377234,1.505557,-2.873944,-5.240971,1.505557
member,23614,5,7,0,1.779510,0.168721,0.259378,1.974762,1.350129,-0.430041,1.974762
member,26362,1,1,1,1.014078,0.362737,0.362737,1.603433,2.067450,0.085121,-1.603433
member,37636,7,9,0,1.804815,0.164505,0.255668,2.080956,0.527095,-0.440940,2.080956
member,30887,2,2,1,1.728178,0.177608,0.177608,2.105744,0.736843,0.027560,-2.105744
member,46315,2,2,1,0.713337,0.490006,0.490006,1.650595,1.644485,1.265525,-1.650595
member,9381,6,4,0,2.368584,0.093613,0.224303,2.056805,0.563739,-0.873829,2.056805
member,22702,2,2,1,1.019649,0.360722,0.360722,1.798723,2.410521,0.738060,-1.798723
member,43632,4,9,0,2.892782,0.055422,0.230032,2.096810,-0.475551,-1.423244,2.096810
member,27561,8,8,1,0.564857,0.568441,0.568441,1.195019,2.541042,0.681821,-1.195019
member,33624,1,1,1,0.582589,0.558451,0.558451,1.387206,2.416215,0.868279,-1.387206
member,47596,8,8,1,0.204884,0.814741,0.814741,0.571913,5.748159,1.635746,-0.571913
member,21935,6,5,0,1.993016,0.136284,0.220728,1.985863,-0.174000,-0.482192,1.985863
member,18169,3,8,0,2.156443,0.115736,0.204955,2.113957,-0.473841,-0.571476,2.113957
member,29419,4,6,0,1.230783,0.292064,0.550372,1.212095,3.531867,-0.633622,1.212095
member,36616,2,7,0,2.455629,0.085809,0.473001,1.599422,0.417743,-1.706970,1.599422
member,10593,4,6,0,2.689780,0.067896,0.479540,1.681420,0.266132,-1.954852,1.681420
member,37423,7,4,0,1.302772,0.271777,0.297346,1.786296,1.791837,-0.089911,1.786296
member,16674,4,6,0,0.860768,0.422837,0.466524,1.091704,4.830265,-0.098322,1.091704
member,21393,0,9,0,5.030100,0.006538,0.283387,1.864142,-2.380196,-3.769160,1.864142
member,44422,6,4,0,3.767038,0.023120,0.565241,1.199393,1.117931,-3.196534,1.199393
member,6293,9,9,1,0.108305,0.897354,0.897354,0.536567,3.501311,3.616485,-0.536567
member,37181,0,7,0,2.348245,0.095537,0.594105,1.493812,0.638208,-1.827545,1.493812
member,18587,5,2,0,3.082176,0.045859,0.335269,1.777072,0.346016,-1.989355,1.777072
member,3425,8,0,0,1.632400,0.195460,0.361972,1.842173,0.865835,-0.616211,1.842173
member,3230,1,9,0,2.551236,0.077985,0.509624,1.654065,-0.189898,-1.877153,1.654065
member,41878,4,6,0,1.563697,0.209361,0.508926,1.440354,2.635214,-0.888244,1.440354
member,14463,2,0,0,4.488914,0.011233,0.637835,0.839167,0.322163,-4.039237,0.839167
member,15353,0,9,0,1.966906,0.139889,0.307852,1.952097,0.628048,-0.788769,1.952097
member,42730,8,7,0,3.092311,0.045397,0.462646,1.731670,-0.026470,-2.321519,1.731670
member,17786,2,5,0,2.250077,0.105391,0.299739,1.699873,0.926307,-1.045232,1.699873
member,46330,1,1,1,0.229443,0.794976,0.794976,0.908017,3.482749,2.452189,-0.908017
member,16392,0,3,0,4.991858,0.006793,0.375533,1.769053,-1.756139,-4.012449,1.769053
member,16852,5,4,0,1.636377,0.194684,0.207233,2.035816,1.071885,-0.062467,2.035816
member,34834,8,0,0,4.224150,0.014638,0.964866,0.202759,1.339655,-4.188385,0.202759
member,32529,5,2,0,1.715572,0.179861,0.258224,1.785986,1.646465,-0.361644,1.785986
member,43523,2,3,0,2.157837,0.115575,0.382432,1.896769,0.945556,-1.196632,1.896769
member,41557,0,4,0,6.879616,0.001029,0.261778,1.810278,-2.951550,-5.539358,1.810278
member,16581,2,9,0,1.839042,0.158970,0.348112,1.911519,0.372098,-0.783811,1.911519
member,17555,6,6,1,0.589470,0.554621,0.554621,1.351866,3.957002,1.308959,-1.351866
member,30229,2,7,0,1.702127,0.182295,0.203107,2.094414,0.693167,-0.108103,2.094414
member,4130,6,6,1,1.116477,0.327431,0.327431,1.808462,2.043219,0.612744,-1.808462
member,38306,5,1,0,2.266417,0.103683,0.302414,1.894068,-0.065386,-1.070458,1.894068
member,26808,5,4,0,2.575179,0.076140,0.365318,1.685484,1.333208,-1.568191,1.685484
member,37061,0,9,0,3.039369,0.047865,0.230455,2.121970,-0.705835,-1.571668,2.121970
member,17362,2,2,1,0.652644,0.520667,0.520667,1.456875,3.010236,1.343807,-1.456875
member,48397,5,0,0,2.506425,0.081559,0.485205,1.607732,0.320242,-1.783242,1.607732
member,1077,2,7,0,1.630718,0.195789,0.304182,1.700256,1.987848,-0.440590,1.700256
member,47206,8,8,1,0.929631,0.394699,0.394699,1.612369,1.713367,0.522851,-1.612369
member,41033,4,0,0,3.794151,0.022502,0.226310,2.163670,-1.914817,-2.308302,2.163670
member,5501,4,4,1,0.823679,0.438814,0.438814,1.579319,3.364818,0.854556,-1.579319
member,4413,4,6,0,1.496432,0.223928,0.442806,1.499707,2.878246,-0.681809,1.499707
member,23802,5,5,1,1.166684,0.311398,0.311398,2.025894,1.538580,0.781526,-2.025894
member,34528,7,9,0,3.870061,0.020857,0.896289,0.524278,0.154387,-3.760568,0.524278
member,21244,7,7,1,1.431218,0.239018,0.239018,1.882503,1.577888,0.059013,-1.882503
member,3000,3,7,0,2.376507,0.092874,0.275085,1.951481,0.334975,-1.085833,1.951481
member,39703,4,6,0,1.975026,0.138758,0.480974,1.570054,1.834332,-1.243085,1.570054
member,47444,0,0,1,0.110988,0.894950,0.894950,0.383933,6.982060,2.287702,-0.383933
member,4759,0,0,1,1.037866,0.354210,0.354210,1.858391,1.165572,0.529263,-1.858391
member,49276,0,1,0,2.053890,0.128235,0.280769,2.057383,0.072591,-0.783667,2.057383
member,44282,1,1,1,0.698362,0.497399,0.497399,1.573418,2.708353,0.895915,-1.573418
member,16539,6,4,0,1.704343,0.181892,0.417939,1.699129,2.216153,-0.831924,1.699129
member,43800,3,5,0,2.604453,0.073944,0.238341,2.139418,-0.323360,-1.170400,2.139418
member,25151,1,9,0,1.297036,0.273341,0.309934,1.838562,1.164517,-0.125639,1.838562
member,8322,2,1,0,2.697846,0.067350,0.432241,1.701945,0.657510,-1.859073,1.701945
member,38150,2,7,0,1.673995,0.187496,0.267883,1.927418,1.350407,-0.356792,1.927418
member,47904,2,0,0,2.378590,0.092681,0.248040,2.046152,-0.183959,-0.984426,2.046152
member,14946,2,9,0,3.395250,0.033532,0.477177,1.538362,-0.460280,-2.655382,1.538362
member,48620,7,1,0,2.754056,0.063669,0.547285,1.514491,0.320975,-2.151271,1.514491
member,43422,2,2,1,1.142267,0.319095,0.319095,1.958546,0.557936,0.431174,-1.958546
member,9468,6,6,1,0.711618,0.490849,0.490849,1.652389,2.345051,1.254924,-1.652389
member,5308,6,2,0,2.112243,0.120966,0.285522,1.955637,0.799657,-0.858808,1.955637
member,24988,7,8,0,2.597574,0.074454,0.464423,1.422672,0.903776,-1.830614,1.422672
member,34482,2,7,0,2.921753,0.053839,0.311575,1.810762,-0.244999,-1.755640,1.810762
member,31680,8,8,1,0.500041,0.606506,0.606506,1.206621,2.911515,1.032391,-1.206621
member,4475,3,6,0,1.955014,0.141563,0.488213,1.538620,1.784739,-1.238010,1.538620
member,23090,5,2,0,1.748114,0.174102,0.355884,1.751080,1.739464,-0.714963,1.751080
member,12261,4,6,0,1.410615,0.243993,0.316231,1.774704,1.697338,-0.259331,1.774704
member,2417,8,1,0,1.322467,0.266477,0.333087,1.788559,2.028716,-0.223116,1.788559
member,10214,7,9,0,1.894457,0.150400,0.394577,1.917102,0.560282,-0.964517,1.917102
member,42119,1,1,1,0.463486,0.629087,0.629087,1.250757,2.866051,1.353826,-1.250757
member,6985,4,6,0,1.373207,0.253293,0.414008,1.644457,2.155861,-0.491336,1.644457
member,4120,5,2,0,3.147401,0.042964,0.591808,1.437571,0.144502,-2.622828,1.437571
member,34896,2,7,0,2.999548,0.049810,0.258437,2.025840,-0.022893,-1.646445,2.025840
member,26495,0,0,1,0.281594,0.754580,0.754580,0.979367,3.218631,2.367628,-0.979367
member,49744,8,8,1,0.320517,0.725774,0.725774,0.955972,3.204424,1.630956,-0.955972
member,5794,8,8,1,0.548376,0.577888,0.577888,1.150012,3.034946,0.808507,-1.150012
member,32817,5,1,0,2.365960,0.093859,0.297324,1.977739,0.102983,-1.153027,1.977739
member,38894,3,7,0,2.534773,0.079280,0.358062,1.817789,-0.543143,-1.507724,1.817789
member,24905,8,0,0,2.113836,0.120774,0.859035,0.493732,3.179635,-1.961890,0.493732
member,10163,9,0,0,3.688874,0.025000,0.277392,1.852569,-1.303594,-2.406552,1.852569
member,2829,9,9,1,0.362066,0.696236,0.696236,1.068058,2.956737,1.864442,-1.068058
member,46556,7,7,1,0.308924,0.734236,0.734236,1.065853,3.263053,2.208446,-1.065853
member,37519,0,1,0,3.120694,0.044127,0.488141,1.489173,-0.155768,-2.403544,1.489173
member,13826,3,6,0,1.622283,0.197447,0.207283,2.036046,0.889952,-0.048614,2.036046
member,30760,7,9,0,1.094264,0.334786,0.559046,1.098706,2.646511,-0.512741,1.098706
member,32271,8,8,1,0.884177,0.413054,0.413054,1.773775,1.443023,0.766959,-1.773775
member,23115,9,0,0,2.091782,0.123467,0.288868,1.839954,0.795327,-0.849995,1.839954
member,22683,4,0,0,4.209839,0.014849,0.334952,2.016032,-2.170233,-3.116071,2.016032
member,28907,9,2,0,2.345242,0.095824,0.378785,1.596380,1.372968,-1.374454,1.596380
member,441,8,0,0,3.819187,0.021946,0.496167,1.589757,-1.239421,-3.118343,1.589757
member,35276,4,4,1,0.916328,0.399985,0.399985,1.594754,2.976988,0.567971,-1.594754
member,38708,4,6,0,2.459003,0.085520,0.371529,1.861865,0.668015,-1.468875,1.861865
member,34543,6,6,1,0.407267,0.665466,0.665466,1.226831,3.257684,1.816718,-1.226831
member,15364,7,8,0,1.541242,0.214115,0.360486,1.657702,0.910297,-0.520940,1.657702
member,33648,7,9,0,3.116287,0.044321,0.715602,1.128833,-0.147439,-2.781655,1.128833
member,195,5,7,0,1.812278,0.163282,0.321692,2.019173,0.422666,-0.678118,2.019173
member,2705,4,3,0,2.153440,0.116084,0.292203,1.782461,1.618492,-0.923134,1.782461
member,16460,0,0,1,1.253982,0.285366,0.285366,1.921172,1.148862,0.298113,-1.921172
member,42389,8,8,1,1.154424,0.315239,0.315239,1.762343,1.589595,0.337819,-1.762343
member,32667,5,7,0,2.121545,0.119846,0.279923,2.018266,0.210452,-0.848303,2.018266
member,31902,4,6,0,1.665749,0.189049,0.383398,1.742368,1.694697,-0.707067,1.742368
member,24319,0,7,0,2.925236,0.053652,0.262080,2.082947,-0.723119,-1.586131,2.082947
member,27515,8,0,0,3.089985,0.045503,0.382996,1.792156,-0.320738,-2.130254,1.792156
member,39162,4,1,0,5.358844,0.004706,0.387940,1.406709,-1.703824,-4.411939,1.406709
member,16914,7,2,0,2.363242,0.094115,0.185726,2.108768,0.397347,-0.679758,2.108768
member,40617,6,6,1,0.891930,0.409864,0.409864,1.581406,3.250221,0.377458,-1.581406
member,44155,9,9,1,0.321374,0.725152,0.725152,1.081749,2.750812,2.048691,-1.081749
member,32384,4,5,0,1.915793,0.147225,0.181099,2.126301,0.470057,-0.207082,2.126301
member,29601,8,0,0,3.887970,0.020487,0.408548,1.821428,-1.121654,-2.992824,1.821428
member,34541,5,6,0,2.610091,0.073528,0.583834,1.376779,1.192607,-2.071953,1.376779
member,6653,7,6,0,1.637087,0.194546,0.232070,1.895766,1.638981,-0.176369,1.895766
member,46468,3,5,0,2.732447,0.065060,0.333088,1.701990,0.940766,-1.633098,1.701990
member,1470,0,1,0,2.258777,0.104478,0.407721,1.502417,0.844172,-1.361603,1.502417
member,10907,5,8,0,3.054456,0.047148,0.302124,1.981081,-0.639789,-1.857540,1.981081
member,41441,4,3,0,2.030633,0.131252,0.278744,1.947590,1.186363,-0.753173,1.947590
member,43321,5,1,0,2.747588,0.064082,0.208879,2.134653,-0.530161,-1.181586,2.134653
member,6392,2,0,0,5.915621,0.002697,0.912845,0.324647,0.873838,-5.824432,0.324647
member,28953,3,1,0,2.370658,0.093419,0.181078,2.211903,-0.188757,-0.661831,2.211903
member,16656,3,9,0,3.027849,0.048420,0.441267,1.626977,0.091943,-2.209744,1.626977
member,17922,8,5,0,3.916750,0.019906,0.205260,1.991115,-1.071905,-2.333275,1.991115
member,19588,6,6,1,0.899951,0.406589,0.406589,1.772515,2.218402,1.108312,-1.772515
member,32631,0,9,0,3.468087,0.031177,0.482012,1.606649,-0.978344,-2.738301,1.606649
member,22897,2,0,0,3.202164,0.040674,0.446440,1.708037,-0.929092,-2.395714,1.708037
member,6340,5,9,0,3.706460,0.024564,0.325132,1.713110,-0.951308,-2.582935,1.713110
member,23905,2,7,0,2.621488,0.072695,0.395807,1.356128,2.133762,-1.694658,1.356128
member,38422,7,1,0,5.068242,0.006293,0.540417,1.525357,-2.509269,-4.452828,1.525357
member,18916,7,7,1,1.795663,0.166017,0.166017,2.170474,0.585073,0.106686,-2.170474
member,25895,7,9,0,2.914923,0.054208,0.336461,1.816115,-0.482677,-1.825648,1.816115
member,12955,9,1,0,1.830926,0.160265,0.461409,1.688528,1.396822,-1.057455,1.688528
member,29065,4,4,1,1.291185,0.274945,0.274945,1.943059,1.427131,0.221796,-1.943059
member,45251,3,1,0,1.057412,0.347354,0.358420,1.664970,2.136928,-0.031363,1.664970
member,35182,0,9,0,2.966287,0.051494,0.285352,2.125803,-1.289836,-1.712254,2.125803
member,31470,4,9,0,2.765796,0.062926,0.238075,2.167183,-0.671648,-1.330626,2.167183
member,1157,5,7,0,2.476131,0.084068,0.268260,1.993746,0.439981,-1.160331,1.993746
member,18107,8,0,0,1.776962,0.169151,0.539221,1.489992,1.595709,-1.159333,1.489992
member,28858,1,8,0,1.506341,0.221720,0.443720,1.408592,1.579411,-0.693779,1.408592
member,16051,9,9,1,0.810844,0.444483,0.444483,1.337541,2.590424,0.276961,-1.337541
member,17287,6,6,1,1.150009,0.316634,0.316634,1.942437,1.515312,0.382096,-1.942437
member,29982,3,5,0,2.258977,0.104457,0.366697,1.900970,0.546550,-1.255759,1.900970
member,578,1,1,1,0.526645,0.590583,0.590583,1.463913,2.983852,1.661239,-1.463913
member,5692,9,9,1,0.270353,0.763110,0.763110,0.988721,3.107825,2.326629,-0.988721
member,25472,8,8,1,1.018488,0.361141,0.361141,1.820001,1.784569,0.754391,-1.820001
member,40199,7,7,1,0.867595,0.419960,0.419960,1.772368,1.715805,0.757242,-1.772368
member,8960,5,7,0,2.293381,0.100925,0.251771,2.098290,0.131861,-0.914146,2.098290
member,3858,9,9,1,0.782083,0.457452,0.457452,1.455284,1.642584,0.329199,-1.455284
member,32561,7,8,0,3.871952,0.020818,0.806689,0.815752,-0.300981,-3.657135,0.815752
member,38792,5,2,0,2.280548,0.102228,0.298904,1.855367,0.500427,-1.072913,1.855367
member,8445,8,9,0,3.076984,0.046098,0.866908,0.568888,1.372141,-2.934162,0.568888
member,7772,0,9,0,1.326326,0.265451,0.386070,1.494670,0.956350,-0.374589,1.494670
member,10869,3,4,0,2.321405,0.098136,0.385360,1.587875,2.337819,-1.367828,1.587875
member,46360,5,2,0,2.233608,0.107141,0.289450,1.804821,0.924703,-0.993836,1.804821
member,48806,1,8,0,1.234558,0.290963,0.357177,1.730169,1.534680,-0.205034,1.730169
member,29174,0,8,0,1.230022,0.292286,0.561082,1.105820,2.638708,-0.652134,1.105820
member,41828,5,6,0,2.433758,0.087707,0.438962,1.695602,0.502594,-1.610415,1.695602
member,29273,3,3,1,1.606849,0.200518,0.200518,2.104068,0.951545,0.149758,-2.104068
member,16739,2,2,1,0.587722,0.555592,0.555592,1.452488,2.882143,1.341063,-1.452488
member,43132,1,9,0,1.467953,0.230397,0.486530,1.333758,2.156788,-0.747497,1.333758
member,26968,2,4,0,1.301138,0.272222,0.312743,1.700629,2.488608,-0.138765,1.700629
member,21535,7,7,1,0.419723,0.657229,0.657229,1.199566,3.176893,1.687235,-1.199566
member,30281,1,9,0,2.102400,0.122163,0.316248,1.855431,0.459539,-0.951172,1.855431
member,29013,9,9,1,0.609881,0.543415,0.543415,1.542752,1.573693,1.453110,-1.542752
member,43840,5,3,0,1.435881,0.237906,0.337496,1.800892,2.113709,-0.349680,1.800892
member,48722,3,4,0,1.451389,0.234245,0.436192,1.497696,2.340254,-0.621716,1.497696
member,32477,2,1,0,3.054109,0.047165,0.275428,1.969068,-0.063708,-1.764682,1.969068
member,15041,6,6,1,0.881295,0.414246,0.414246,1.679020,2.180439,0.692699,-1.679020
member,2740,8,8,1,0.204982,0.814662,0.814662,0.625812,6.234800,1.766572,-0.625812
member,48417,2,1,0,2.326972,0.097591,0.185875,2.097347,0.195539,-0.644290,2.097347
member,6128,4,4,1,1.243487,0.288377,0.288377,1.815782,1.881310,0.168069,-1.815782
member,11575,5,6,0,2.745956,0.064187,0.416688,1.625504,0.821292,-1.870539,1.625504
member,26970,9,8,0,1.223762,0.294122,0.594932,1.027106,3.384131,-0.704453,1.027106
member,48528,1,7,0,3.700824,0.024703,0.337489,1.932409,-0.858854,-2.614601,1.932409
member,25631,9,9,1,0.583857,0.557743,0.557743,1.570663,2.024332,1.610650,-1.570663
member,4034,2,1,0,1.717506,0.179513,0.568201,1.370273,1.413651,-1.152226,1.370273
member,16729,8,8,1,0.301831,0.739463,0.739463,0.731068,5.451561,1.242770,-0.731068
member,26041,9,9,1,0.671872,0.510751,0.510751,1.526617,1.843901,1.057327,-1.526617
member,42858,6,0,0,4.061730,0.017219,0.380635,1.909138,-1.429174,-3.095815,1.909138
member,41754,7,5,0,1.686798,0.185111,0.373489,1.912561,0.271816,-0.701932,1.912561
member,29995,2,0,0,5.045722,0.006437,0.973667,0.158651,1.886747,-5.019036,0.158651
member,19792,1,1,1,0.744292,0.475070,0.475070,1.631550,2.775618,0.865774,-1.631550
member,40178,1,8,0,1.794232,0.166255,0.274703,1.971924,0.972069,-0.502167,1.971924
member,20210,3,1,0,1.846058,0.157858,0.208597,2.146674,0.353971,-0.278706,2.146674
member,13964,0,0,1,0.604716,0.546229,0.546229,1.096142,3.565781,0.495973,-1.096142
member,27919,8,8,1,0.594375,0.551907,0.551907,1.192144,3.458326,0.751916,-1.192144
member,18137,5,9,0,2.735074,0.064889,0.374381,1.793034,-0.259493,-1.752594,1.793034
member,30113,3,6,0,2.263097,0.104028,0.481536,1.568792,1.012537,-1.532323,1.568792
member,37767,7,9,0,1.635081,0.194937,0.396277,1.770470,1.042979,-0.709439,1.770470
member,49316,5,0,0,2.333677,0.096939,0.150467,2.248937,-0.173519,-0.439665,2.248937
member,24249,6,9,0,4.329628,0.013172,0.419303,1.781679,-1.760088,-3.460465,1.781679
member,17353,0,7,0,2.033669,0.130855,0.256002,2.026826,0.501244,-0.671101,2.026826
member,2081,5,3,0,2.028506,0.131532,0.287481,1.970909,0.284355,-0.781906,1.970909
member,41681,2,7,0,1.980082,0.138058,0.221140,2.045654,0.815806,-0.471121,2.045654
member,43416,1,8,0,1.362298,0.256072,0.415532,1.406914,1.572659,-0.484102,1.406914
member,30365,2,2,1,1.334065,0.263404,0.263404,1.900788,1.118822,0.020880,-1.900788
member,41711,4,3,0,1.959004,0.140999,0.281867,1.908950,0.713471,-0.692686,1.908950
member,40155,3,7,0,2.688740,0.067967,0.327431,1.813455,-0.196911,-1.572263,1.813455
member,42810,8,1,0,1.513261,0.220191,0.327112,1.794115,0.993477,-0.395807,1.794115
member,30364,9,9,1,1.107782,0.330291,0.330291,1.904177,1.872975,0.287240,-1.904177
member,42192,3,8,0,3.816808,0.021998,0.251969,1.723463,-0.881050,-2.438358,1.723463
member,6850,7,9,0,4.258430,0.014144,0.710687,1.188106,-1.604874,-3.916908,1.188106
member,12065,8,8,1,0.559501,0.571494,0.571494,0.914750,3.737260,0.429095,-0.914750
member,11220,2,2,1,0.807498,0.445972,0.445972,1.802332,2.227221,1.279120,-1.802332
member,15944,2,1,0,2.233195,0.107185,0.311862,1.971220,0.630136,-1.068000,1.971220
member,523,7,1,0,2.825376,0.059286,0.331772,1.897416,0.021038,-1.722070,1.897416
member,38823,0,8,0,1.428953,0.239560,0.572926,1.285769,1.717240,-0.871955,1.285769
member,40945,0,2,0,2.623582,0.072543,0.228694,2.123945,-0.313036,-1.148209,2.123945
member,35689,7,4,0,1.640951,0.193796,0.360631,1.865194,1.612490,-0.621053,1.865194
member,30837,0,0,1,0.864224,0.421379,0.421379,1.683383,2.203705,0.809793,-1.683383
member,11987,6,4,0,2.472455,0.084377,0.380057,1.833422,0.781475,-1.505020,1.833422
member,38202,5,3,0,2.311669,0.099096,0.489418,1.670922,0.846758,-1.597130,1.670922
member,38003,0,9,0,2.556592,0.077569,0.580114,1.395122,0.280812,-2.012061,1.395122
member,18480,1,9,0,1.630137,0.195903,0.449353,1.616986,1.154593,-0.830191,1.616986
member,44013,9,8,0,1.236745,0.290328,0.553312,1.220739,1.696850,-0.644912,1.220739
member,30036,7,1,0,2.984029,0.050589,0.302363,1.729573,-0.216459,-1.787902,1.729573
member,46035,5,4,0,2.193913,0.111480,0.285015,2.054524,0.514014,-0.938700,2.054524
member,36924,0,2,0,4.189858,0.015148,0.382394,1.813225,-1.304315,-3.228556,1.813225
member,29624,5,6,0,1.940920,0.143572,0.287421,1.831498,1.199280,-0.694113,1.831498
member,30693,1,1,1,1.097689,0.333641,0.333641,1.869552,1.677328,0.353745,-1.869552
member,36550,1,1,1,1.082554,0.338729,0.338729,1.814527,1.985501,0.582166,-1.814527
member,24993,2,2,1,1.124483,0.324820,0.324820,1.627610,3.054619,0.256979,-1.627610
member,47109,1,0,0,3.015622,0.049015,0.523804,1.385730,-0.100366,-2.368984,1.385730
member,23986,3,6,0,1.774344,0.169595,0.403454,1.753943,1.689332,-0.866652,1.753943
member,3068,2,9,0,3.513071,0.029805,0.279973,2.001758,-1.056091,-2.240008,2.001758
member,40642,4,0,0,3.032682,0.048186,0.228616,2.077292,-1.146060,-1.556970,2.077292
member,40698,9,9,1,1.414341,0.243086,0.243086,2.050103,1.413832,0.449474,-2.050103
member,23263,1,8,0,1.208151,0.298749,0.345605,1.562211,1.922506,-0.145693,1.562211
member,44116,0,9,0,3.632107,0.026460,0.419464,1.842585,-1.106266,-2.763329,1.842585
member,33421,0,9,0,3.665350,0.025595,0.182988,2.103266,-1.090131,-1.967013,2.103266
member,38747,6,1,0,1.118297,0.326836,0.418562,1.547647,2.488070,-0.247366,1.547647
member,27449,8,9,0,3.009593,0.049312,0.545292,1.439483,-0.437134,-2.403159,1.439483
member,5396,7,0,0,1.624029,0.197103,0.315841,1.947853,0.703655,-0.471513,1.947853
member,19168,4,6,0,1.668642,0.188503,0.482569,1.432556,2.437258,-0.940012,1.432556
member,3759,4,4,1,1.322253,0.266534,0.266534,1.974446,1.402845,0.305717,-1.974446
member,15703,4,2,0,3.744580,0.023646,0.506603,1.591743,-0.347590,-3.064551,1.591743
member,18829,4,6,0,1.546597,0.212971,0.328537,1.627154,2.956932,-0.433492,1.627154
member,43811,0,0,1,0.895973,0.408210,0.408210,1.717327,1.903142,0.643911,-1.717327
member,19224,2,4,0,3.334807,0.035621,0.447849,1.551315,0.647821,-2.531508,1.551315
member,25162,1,1,1,0.811924,0.444003,0.444003,1.355687,2.482355,0.487115,-1.355687
member,29247,3,1,0,1.473072,0.229220,0.241140,1.971377,1.493527,-0.050694,1.971377
member,5491,4,6,0,2.161050,0.115204,0.703941,1.059608,2.359011,-1.809988,1.059608
member,49787,1,1,1,0.706437,0.493399,0.493399,1.591230,2.112403,0.926427,-1.591230
member,30973,9,0,0,1.842345,0.158445,0.210781,1.835998,0.281894,-0.285407,1.835998
member,48781,4,6,0,1.428272,0.239723,0.387369,1.692124,2.360122,-0.479895,1.692124
member,17196,0,1,0,2.928133,0.053497,0.512140,1.524248,-0.074770,-2.258976,1.524248
member,36608,7,7,1,1.386949,0.249836,0.249836,2.120609,1.096226,0.327210,-2.120609
member,47878,6,5,0,1.884646,0.151883,0.197098,2.096889,0.760915,-0.260593,2.096889
member,25284,5,5,1,0.867142,0.420150,0.420150,1.613971,2.352784,0.377572,-1.613971
member,23074,2,3,0,2.062906,0.127084,0.164767,2.125124,-0.236590,-0.259683,2.125124
member,42737,3,1,0,2.672373,0.069088,0.372594,1.691504,0.046968,-1.685108,1.691504
member,10742,2,6,0,2.755559,0.063573,0.444624,1.649806,0.567340,-1.945033,1.649806
member,30601,8,9,0,1.151395,0.316195,0.414275,1.397297,1.921032,-0.270170,1.397297
member,38275,3,5,0,1.433403,0.238496,0.242545,1.933186,0.993349,-0.016836,1.933186
member,32738,8,8,1,0.423756,0.654584,0.654584,0.878702,5.312321,0.922814,-0.878702
member,44093,3,2,0,3.290509,0.037235,0.234899,2.049826,-0.801520,-1.841910,2.049826
member,41104,2,2,1,1.221570,0.294767,0.294767,1.826440,1.291399,0.142009,-1.826440
member,1182,4,9,0,3.857872,0.021113,0.564362,1.255906,-0.436319,-3.285812,1.255906
member,34647,3,2,0,1.453556,0.233738,0.277417,1.798355,0.859594,-0.171323,1.798355
member,12240,6,0,0,3.762787,0.023219,0.306083,2.006266,-1.287418,-2.578887,2.006266
member,21564,0,8,0,3.047683,0.047469,0.425937,1.776794,-0.471394,-2.194219,1.776794
member,48811,7,0,0,2.397407,0.090953,0.334173,1.885140,-0.116304,-1.301311,1.885140
member,38782,0,0,1,0.949243,0.387034,0.387034,1.743364,1.490130,0.601179,-1.743364
member,41808,8,9,0,2.437738,0.087358,0.336954,1.835231,0.110013,-1.349929,1.835231
member,17095,7,7,1,0.721794,0.485880,0.485880,1.507067,2.246108,0.562834,-1.507067
member,30582,1,9,0,1.741958,0.175177,0.364459,1.614936,1.450147,-0.732616,1.614936
member,16749,4,7,0,3.070097,0.046417,0.192794,2.149240,-0.705609,-1.423967,2.149240
member,27752,9,9,1,0.248821,0.779719,0.779719,0.855886,3.102975,2.048991,-0.855886
member,16776,0,0,1,0.758309,0.468458,0.468458,1.355833,2.608303,0.532287,-1.355833
member,5711,6,6,1,1.127702,0.323776,0.323776,1.960197,1.669927,0.521259,-1.960197
member,36440,3,2,0,2.937508,0.052998,0.501446,1.611484,0.417738,-2.247249,1.611484
member,48137,2,9,0,3.921111,0.019819,0.328867,1.802496,-1.413373,-2.809010,1.802496
member,6201,9,1,0,2.481426,0.083624,0.605752,1.264621,0.827865,-1.980142,1.264621
member,31965,7,4,0,1.843236,0.158304,0.191263,2.136783,0.949956,-0.189130,2.136783
member,42772,5,1,0,2.301467,0.100112,0.371088,1.833192,0.690060,-1.310151,1.833192
member,3461,3,3,1,0.504077,0.604063,0.604063,1.464763,2.434284,1.821534,-1.464763
member,22960,2,4,0,1.635231,0.194907,0.280293,1.767154,1.835042,-0.363311,1.767154
member,33520,9,6,0,3.553021,0.028638,0.253411,1.876465,-0.669324,-2.180278,1.876465
member,32338,6,5,0,1.761405,0.171803,0.198290,2.003913,1.442734,-0.143379,2.003913
member,41590,4,6,0,2.002122,0.135048,0.209460,2.121674,0.351528,-0.438900,2.121674
member,35238,7,5,0,1.670727,0.188110,0.252824,2.075399,0.653142,-0.295664,2.075399
member,2527,3,5,0,2.387466,0.091862,0.256481,2.093358,0.249239,-1.026766,2.093358
member,18881,7,3,0,1.793110,0.166442,0.295901,1.940596,1.276151,-0.575379,1.940596
member,1484,6,6,1,0.523985,0.592156,0.592156,1.057851,4.723790,0.691103,-1.057851
member,29708,8,8,1,0.687074,0.503046,0.503046,1.207301,2.916313,0.437074,-1.207301
member,3270,5,7,0,2.668758,0.069338,0.438645,1.730194,0.536418,-1.844693,1.730194
member,3610,2,2,1,1.522688,0.218125,0.218125,1.994993,1.319049,0.168729,-1.994993
member,11846,7,2,0,1.569871,0.208072,0.233777,2.078527,1.144745,-0.116485,2.078527
member,24066,9,9,1,1.035344,0.355104,0.355104,1.960101,1.532625,0.830029,-1.960101
member,8760,3,5,0,2.068713,0.126348,0.208155,2.017576,0.474056,-0.499239,2.017576
member,35552,5,5,1,1.627067,0.196505,0.196505,2.171329,0.698809,0.327034,-2.171329
member,10369,8,9,0,1.520721,0.218554,0.499875,1.487352,1.071718,-0.827325,1.487352
member,2464,8,0,0,1.976574,0.138543,0.352351,1.863180,0.053927,-0.933446,1.863180
member,48582,6,7,0,2.103106,0.122077,0.201331,2.113322,0.541051,-0.500303,2.113322
member,28499,8,8,1,0.156266,0.855331,0.855331,0.595672,4.821008,2.475170,-0.595672
member,22039,6,6,1,1.001083,0.367481,0.367481,1.735411,2.700951,0.662569,-1.735411
member,42171,1,8,0,5.235022,0.005327,0.659959,0.858456,-0.577568,-4.819445,0.858456
member,35906,5,5,1,1.202762,0.300363,0.300363,1.653577,2.578850,0.069126,-1.653577
member,9389,4,6,0,2.383276,0.092248,0.220332,2.074467,0.283676,-0.870654,2.074467
member,28175,1,9,0,2.177897,0.113279,0.362483,2.011981,-0.236199,-1.163119,2.011981
member,46339,4,6,0,2.695561,0.067504,0.270166,1.924409,0.010829,-1.386841,1.924409
member,11163,1,3,0,1.842964,0.158347,0.419791,1.751344,1.147013,-0.974964,1.751344
member,48266,0,0,1,0.067815,0.934433,0.934433,0.301637,5.932417,2.939487,-0.301637
member,46900,1,9,0,2.630247,0.072061,0.683761,1.233464,0.569015,-2.250100,1.233464
member,10758,5,6,0,2.515136,0.080852,0.464732,1.727478,0.596760,-1.748842,1.727478
member,45754,3,2,0,2.444503,0.086769,0.294306,2.057963,0.437187,-1.221368,2.057963
member,37078,0,8,0,1.340977,0.261590,0.270290,1.583733,1.609018,-0.032718,1.583733
member,23502,6,6,1,0.908652,0.403067,0.403067,1.598857,3.296653,0.580276,-1.598857
member,38332,8,2,0,4.589258,0.010160,0.329055,1.938630,-2.411389,-3.477727,1.938630
member,38057,7,7,1,1.023455,0.359351,0.359351,1.692606,1.695872,0.061284,-1.692606
member,42243,5,1,0,2.322083,0.098069,0.320330,2.047083,0.106494,-1.183680,2.047083
member,28617,1,1,1,1.256266,0.284715,0.284715,1.962561,1.403027,0.190606,-1.962561
member,37794,8,9,0,1.996755,0.135775,0.198809,2.214080,-0.082380,-0.381346,2.214080
member,5564,7,7,1,0.567742,0.566804,0.566804,1.477852,2.761532,1.525177,-1.477852
member,5907,6,6,1,0.437843,0.645427,0.645427,1.282891,3.604462,1.624630,-1.282891
member,31304,7,4,0,1.556945,0.210779,0.348252,1.828615,1.261403,-0.502116,1.828615
member,23181,2,7,0,2.117525,0.120329,0.233994,2.010716,0.712227,-0.665067,2.010716
member,37739,9,9,1,0.457582,0.632812,0.632812,1.363488,2.120163,1.625377,-1.363488
member,41690,1,6,0,5.626110,0.003603,0.817572,0.755963,-0.179341,-5.424693,0.755963
member,23372,3,6,0,2.830865,0.058962,0.488715,1.661173,0.270365,-2.114889,1.661173
member,33789,3,5,0,1.831155,0.160228,0.258695,2.077285,0.045629,-0.479051,2.077285
member,7442,1,1,1,0.877377,0.415872,0.415872,1.606060,2.207684,0.720150,-1.606060
member,7474,3,2,0,3.004914,0.049543,0.244538,2.029741,-0.585839,-1.596528,2.029741
member,24963,1,1,1,1.029074,0.357338,0.357338,1.944552,1.112735,0.862314,-1.944552
member,41065,7,5,0,1.609673,0.199953,0.242017,1.868523,1.765166,-0.190927,1.868523
member,49171,6,6,1,1.273250,0.279920,0.279920,1.990817,1.923579,0.557393,-1.990817
member,35527,7,8,0,5.426558,0.004398,0.457801,1.265201,-1.008940,-4.645238,1.265201
member,20376,1,9,0,1.814844,0.162863,0.313766,1.785875,0.725251,-0.655736,1.785875
member,46010,5,6,0,1.133669,0.321850,0.326345,1.637735,2.387951,-0.013868,1.637735
member,41547,4,5,0,1.879931,0.152601,0.306571,1.661810,1.834184,-0.697626,1.661810
member,26458,9,9,1,0.483233,0.616786,0.616786,1.203066,2.564839,1.061752,-1.203066
member,20873,8,1,0,4.274508,0.013919,0.787073,0.914422,-0.368696,-4.035074,0.914422
member,20483,5,6,0,2.541422,0.078754,0.263968,2.047383,-0.209536,-1.209496,2.047383
member,23498,3,6,0,2.088671,0.123852,0.236213,1.997183,0.820801,-0.645651,1.997183
member,640,6,9,0,4.311829,0.013409,0.439848,1.757607,-2.001613,-3.490503,1.757607
member,44855,3,5,0,1.744943,0.174655,0.383176,1.705863,1.835549,-0.785682,1.705863
member,14761,2,6,0,2.644876,0.071014,0.393073,1.874046,0.296001,-1.711115,1.874046
member,10445,8,9,0,2.524120,0.080129,0.479440,1.714580,0.071383,-1.788983,1.714580
member,44157,9,8,0,1.422956,0.241001,0.440352,1.499782,1.860869,-0.602774,1.499782
member,2875,2,7,0,1.582300,0.205502,0.249435,1.785100,1.443834,-0.193744,1.785100
member,47177,9,9,1,0.199963,0.818761,0.818761,0.823974,2.994196,2.814546,-0.823974
member,31531,2,2,1,1.525810,0.217445,0.217445,2.146743,0.916907,0.358999,-2.146743
member,25678,6,6,1,0.482463,0.617261,0.617261,1.207951,4.283452,1.145921,-1.207951
member,9848,4,0,0,7.165769,0.000773,0.778442,0.786963,-3.084485,-6.915308,0.786963
member,10598,7,8,0,3.738611,0.023787,0.447333,1.259461,0.181214,-2.934159,1.259461
member,4524,0,0,1,0.554484,0.574368,0.574368,1.204797,2.900034,0.740748,-1.204797
member,46200,0,1,0,2.773546,0.062440,0.380624,1.672332,-0.263028,-1.807602,1.672332
member,48139,5,6,0,2.894059,0.055351,0.518131,1.590443,-0.030025,-2.236533,1.590443
member,6515,1,1,1,1.033086,0.355907,0.355907,1.584819,1.561141,0.087857,-1.584819
member,25694,8,0,0,1.088417,0.336749,0.343150,1.514220,1.800271,-0.018831,1.514220
member,1508,8,8,1,0.660494,0.516596,0.516596,1.123356,3.102139,0.325916,-1.123356
member,42357,3,1,0,2.363491,0.094091,0.244121,2.059808,0.710437,-0.953401,2.059808
member,12285,4,7,0,1.614308,0.199028,0.426870,1.714065,1.305021,-0.763031,1.714065
member,11015,2,2,1,1.278400,0.278483,0.278483,1.700829,2.584442,0.017845,-1.700829
member,46615,8,9,0,1.803447,0.164730,0.536362,1.497085,1.023303,-1.180501,1.497085
member,27600,7,7,1,1.257522,0.284358,0.284358,1.703630,2.139424,0.077001,-1.703630
member,40771,5,4,0,2.320999,0.098175,0.272080,1.791876,0.911259,-1.019338,1.791876
member,46864,0,6,0,6.173298,0.002084,0.370792,1.681698,-2.673658,-5.181184,1.681698
member,29801,1,2,0,1.227193,0.293114,0.544454,1.229485,2.036958,-0.619220,1.229485
member,18875,4,6,0,1.615894,0.198713,0.285065,1.770123,1.737197,-0.360857,1.770123
member,12793,9,9,1,0.446731,0.639716,0.639716,1.350683,2.391737,1.826917,-1.350683
member,5739,4,6,0,1.176065,0.308490,0.527876,1.237020,3.912741,-0.537172,1.237020
member,736,8,9,0,2.660373,0.069922,0.266392,2.091946,-0.614939,-1.337586,2.091946
member,3607,0,9,0,2.471391,0.084467,0.402075,1.776043,-0.051818,-1.560274,1.776043
member,25429,4,7,0,1.869201,0.154247,0.210016,1.979030,0.978570,-0.308628,1.979030
member,30965,5,6,0,2.485323,0.083299,0.645278,1.251637,1.560718,-2.047249,1.251637
member,19706,8,8,1,0.686798,0.503185,0.503185,1.321015,2.514558,0.607575,-1.321015
member,19970,6,1,0,1.853069,0.156755,0.247566,1.867836,1.373294,-0.456990,1.867836
member,17457,1,1,1,1.055786,0.347919,0.347919,1.762053,1.474605,0.256820,-1.762053
member,24792,0,9,0,2.611167,0.073449,0.472789,1.547799,0.250975,-1.862060,1.547799
member,46483,5,4,0,3.255409,0.038565,0.268048,1.836241,-0.127664,-1.938819,1.836241
member,49631,8,9,0,2.035728,0.130585,0.641646,1.208973,0.950420,-1.592009,1.208973
member,25083,0,0,1,1.180089,0.307251,0.307251,1.850614,0.929445,0.392804,-1.850614
member,2624,9,2,0,1.215912,0.296440,0.296949,1.807490,1.134007,-0.001715,1.807490
member,6954,0,8,0,1.535761,0.215292,0.613228,1.061624,2.495311,-1.046743,1.061624
member,28739,4,4,1,1.181914,0.306691,0.306691,1.820949,2.085873,0.225470,-1.820949
member,27656,1,4,0,4.320914,0.013288,0.275705,1.765680,-0.905997,-3.032490,1.765680
member,20367,3,3,1,0.553983,0.574656,0.574656,1.393355,2.935635,1.180929,-1.393355
member,23477,1,0,0,2.431172,0.087934,0.876189,0.482621,3.830297,-2.298998,0.482621
member,27623,0,0,1,1.204057,0.299975,0.299975,1.874953,0.810633,0.342986,-1.874953
member,19339,0,0,1,0.087609,0.916119,0.916119,0.403764,4.478480,3.108246,-0.403764
member,21492,4,5,0,2.054451,0.128163,0.210665,2.102255,0.571128,-0.496966,2.102255
member,37082,7,7,1,1.097741,0.333624,0.333624,1.981077,1.911571,0.819303,-1.981077
member,37057,3,7,0,2.570276,0.076514,0.473202,1.675076,0.055183,-1.822044,1.675076
member,11546,1,1,1,0.339343,0.712238,0.712238,1.185889,2.856932,2.503979,-1.185889
member,13095,8,8,1,0.467380,0.626642,0.626642,1.105521,2.809540,0.938664,-1.105521
member,42857,9,9,1,0.738206,0.477971,0.477971,1.372065,2.216214,0.437521,-1.372065
member,29728,2,8,0,2.680249,0.068546,0.670613,1.120624,0.230504,-2.280685,1.120624
member,9987,5,5,1,1.541042,0.214158,0.214158,2.077960,0.464347,0.302420,-2.077960
member,8477,2,0,0,6.935247,0.000973,0.963296,0.176313,-0.160156,-6.897852,0.176313
member,30169,8,8,1,0.583952,0.557690,0.557690,1.387339,2.990144,1.195971,-1.387339
member,18972,7,7,1,1.175624,0.308626,0.308626,1.759014,2.440486,0.331335,-1.759014
member,39470,4,6,0,1.366452,0.255010,0.286112,1.804034,2.155954,-0.115080,1.804034
member,10734,7,3,0,2.904122,0.054797,0.273043,1.865587,0.360738,-1.605997,1.865587
member,2211,7,4,0,1.885271,0.151788,0.347809,1.829636,1.395258,-0.829168,1.829636
member,38741,2,2,1,1.586952,0.204548,0.204548,2.027162,0.850205,0.172965,-2.027162
member,25387,9,9,1,0.740898,0.476686,0.476686,1.333886,2.105090,0.357127,-1.333886
member,27451,7,9,0,2.904871,0.054756,0.666865,1.305806,-0.214099,-2.499703,1.305806
member,31210,9,2,0,4.385240,0.012460,0.303752,1.559834,-1.130237,-3.193697,1.559834
member,32077,8,9,0,3.319601,0.036167,0.657013,1.101214,0.038865,-2.899550,1.101214
member,18304,4,2,0,1.959407,0.140942,0.297626,1.966724,0.731445,-0.747489,1.966724
member,36450,2,6,0,1.751770,0.173467,0.257034,2.049367,1.100698,-0.393225,2.049367
member,13670,9,1,0,1.722148,0.178682,0.350642,1.918603,0.574727,-0.674159,1.918603
member,8193,3,7,0,1.352261,0.258655,0.259510,1.789118,2.559047,-0.003300,1.789118
member,3288,4,4,1,0.900429,0.406395,0.406395,1.682261,2.704020,0.727975,-1.682261
member,47082,7,7,1,0.701495,0.495844,0.495844,1.480551,2.159094,0.559887,-1.480551
member,31429,4,0,0,4.178883,0.015316,0.247142,1.935924,-2.020772,-2.781089,1.935924
member,48363,0,9,0,4.658656,0.009479,0.581770,1.431013,-2.428034,-4.116975,1.431013
member,31992,7,2,0,2.452421,0.086085,0.237424,1.995083,0.039949,-1.014512,1.995083
member,36436,2,6,0,1.946120,0.142827,0.521497,1.562723,1.754546,-1.295069,1.562723
member,21628,9,9,1,0.327462,0.720750,0.720750,1.120388,2.737411,2.446944,-1.120388
member,38020,6,6,1,0.369540,0.691052,0.691052,1.145423,3.660759,1.710173,-1.145423
member,26164,0,6,0,7.029868,0.000885,0.353939,1.669645,-3.290648,-5.991236,1.669645
member,12532,5,7,0,1.921695,0.146359,0.501109,1.520079,2.171010,-1.230764,1.520079
member,407,0,9,0,2.068634,0.126358,0.516150,1.440579,0.960084,-1.407276,1.440579
member,48607,6,1,0,3.825337,0.021811,0.189399,2.159267,-1.750217,-2.161438,2.159267
member,26366,6,4,0,2.483629,0.083440,0.305566,1.797373,0.979581,-1.298041,1.797373
member,10743,9,9,1,1.222794,0.294407,0.294407,1.935313,0.946880,0.493492,-1.935313
member,33089,9,4,0,2.092173,0.123419,0.249651,1.923817,0.874112,-0.704483,1.923817
member,10157,1,9,0,2.866688,0.056887,0.341996,1.684480,-0.091323,-1.793733,1.684480
member,17164,3,3,1,1.565067,0.209074,0.209074,2.106585,0.436442,0.160231,-2.106585
member,43183,8,0,0,1.552539,0.211710,0.434054,1.696732,0.916175,-0.717952,1.696732
member,2915,6,2,0,1.394427,0.247975,0.292773,1.719388,1.905305,-0.166069,1.719388
member,27175,0,0,1,0.341595,0.710636,0.710636,1.130037,2.560251,2.169763,-1.130037
member,17897,3,6,0,2.957947,0.051925,0.410920,1.658086,0.978559,-2.068591,1.658086
member,22472,1,5,0,2.052532,0.128409,0.276150,1.999598,0.448317,-0.765723,1.999598
member,5228,9,8,0,2.934102,0.053178,0.824697,0.652064,2.076680,-2.741362,0.652064
member,44790,4,4,1,0.563833,0.569024,0.569024,1.349206,4.059577,0.978365,-1.349206
member,343,4,4,1,0.757626,0.468778,0.468778,1.640973,3.013409,1.048116,-1.640973
member,49310,7,7,1,1.467327,0.230541,0.230541,1.990819,1.269949,0.036058,-1.990819
member,48979,0,0,1,1.171032,0.310047,0.310047,1.980987,0.853643,0.614843,-1.980987
member,14584,4,3,0,2.094021,0.123191,0.489501,1.616878,1.418730,-1.379653,1.616878
member,20216,2,0,0,2.760013,0.063291,0.333242,1.745994,0.040518,-1.661125,1.745994
member,23413,6,1,0,2.150011,0.116483,0.183361,2.212715,0.194658,-0.453712,2.212715
member,37273,7,7,1,0.995827,0.369418,0.369418,1.873471,1.893975,0.645012,-1.873471
member,47946,0,7,0,3.268481,0.038064,0.381300,1.868673,-1.282580,-2.304313,1.868673
member,42105,0,1,0,3.523617,0.029493,0.464731,1.491957,-0.806386,-2.757321,1.491957
member,7237,8,0,0,2.516400,0.080750,0.600078,1.420813,-0.087081,-2.005705,1.420813
member,31866,4,4,1,0.668242,0.512609,0.512609,1.417535,3.813382,0.867242,-1.417535
member,39265,4,9,0,4.392255,0.012373,0.192606,2.161135,-2.414112,-2.745147,2.161135
member,45051,5,3,0,2.121907,0.119803,0.396771,1.826975,1.144580,-1.197512,1.826975
member,47974,8,9,0,2.439445,0.087209,0.264940,1.917026,0.039180,-1.111192,1.917026
member,27393,2,2,1,1.505193,0.221974,0.221974,2.096226,0.718232,0.245653,-2.096226
member,22776,8,9,0,2.301242,0.100134,0.494853,1.628804,0.014957,-1.597747,1.628804
member,17377,7,7,1,1.001534,0.367315,0.367315,1.754941,1.336901,0.286516,-1.754941
member,26294,1,1,1,1.015435,0.362245,0.362245,1.995675,2.222490,1.092294,-1.995675
member,7251,0,0,1,0.125875,0.881725,0.881725,0.499307,4.499985,2.505618,-0.499307
member,25224,1,7,0,2.019621,0.132706,0.201629,2.068849,0.319668,-0.418293,2.068849
member,26540,4,4,1,1.312197,0.269228,0.269228,2.021964,1.404781,0.468060,-2.021964
member,7431,8,8,1,0.436541,0.646268,0.646268,1.165887,2.887203,1.554453,-1.165887
member,1048,3,4,0,2.342811,0.096057,0.301332,1.757473,1.120518,-1.143268,1.757473
member,44159,2,8,0,6.591249,0.001372,0.858781,0.544445,-0.720783,-6.439009,0.544445
member,9118,1,1,1,0.817530,0.441521,0.441521,1.738158,2.300032,1.115254,-1.738158
member,32804,5,2,0,2.930065,0.053394,0.220544,2.077188,-0.118213,-1.418408,2.077188
member,45949,3,2,0,3.387691,0.033787,0.244701,2.020961,-0.479645,-1.979974,2.020961
member,34107,7,4,0,2.213026,0.109369,0.286576,2.003931,0.602707,-0.963275,2.003931
member,19721,4,5,0,2.162936,0.114987,0.331062,1.832610,1.022413,-1.057485,1.832610
member,38370,9,1,0,3.823690,0.021847,0.299029,1.952716,-0.471035,-2.616476,1.952716
member,42959,7,2,0,2.513365,0.080995,0.315602,1.902243,0.232130,-1.360090,1.902243
member,12556,5,4,0,2.101830,0.122233,0.394888,1.566505,1.393832,-1.172677,1.566505
member,36316,2,6,0,2.486098,0.083234,0.364638,1.608636,1.486674,-1.477247,1.608636
member,27204,2,0,0,2.544556,0.078508,0.353322,1.748902,0.448736,-1.504181,1.748902
member,39089,8,1,0,2.173026,0.113833,0.260599,1.953007,0.371491,-0.828252,1.953007
member,8191,1,1,1,0.710150,0.491571,0.491571,1.568372,2.429834,0.868303,-1.568372
member,14279,9,9,1,0.735816,0.479114,0.479114,1.756504,1.818271,1.455839,-1.756504
member,38463,1,1,1,0.896416,0.408029,0.408029,1.682578,2.290312,0.816131,-1.682578
member,7672,7,3,0,2.011252,0.133821,0.242845,2.012661,0.696840,-0.595918,2.012661
member,26391,0,8,0,4.725132,0.008870,0.655186,0.875368,0.890584,-4.302296,0.875368
member,39900,6,4,0,1.154273,0.315287,0.451551,1.423652,2.881946,-0.359205,1.423652
member,36778,2,0,0,2.130279,0.118804,0.258583,2.132281,-0.069239,-0.777740,2.132281
member,43652,9,8,0,2.050571,0.128661,0.399910,1.524579,0.829614,-1.134056,1.524579
member,17759,6,3,0,1.474763,0.228833,0.314998,1.908526,1.691804,-0.319572,1.908526
member,48383,5,6,0,2.164752,0.114778,0.277145,1.845702,1.456176,-0.881538,1.845702
member,862,6,1,0,4.666755,0.009403,0.296900,1.863993,-1.969547,-3.452394,1.863993
member,19261,4,7,0,3.616724,0.026871,0.261246,2.034777,-0.788466,-2.274433,2.034777
member,45075,3,7,0,1.455571,0.233267,0.275069,1.861583,2.009361,-0.164840,1.861583
member,19557,8,8,1,1.191093,0.303889,0.303889,1.743699,1.237848,0.001209,-1.743699
member,23428,1,1,1,1.095332,0.334429,0.334429,1.820403,1.434610,0.536113,-1.820403
member,19272,6,3,0,3.868688,0.020886,0.532582,1.433569,0.145784,-3.238670,1.433569
member,40676,9,9,1,0.654408,0.519750,0.519750,1.532650,2.081758,1.086664,-1.532650
member,5568,1,1,1,1.011217,0.363776,0.363776,1.814420,1.785334,0.662756,-1.814420
member,19284,4,2,0,2.090598,0.123613,0.180375,2.150424,0.716242,-0.377881,2.150424
member,17874,8,9,0,1.818954,0.162195,0.405977,1.491814,1.557228,-0.917494,1.491814
member,3161,2,4,0,1.693117,0.183945,0.261979,1.736458,1.528020,-0.353625,1.736458
member,24545,7,8,0,4.206707,0.014895,0.444225,1.404868,-1.151472,-3.395283,1.404868
member,49217,9,9,1,0.993361,0.370330,0.370330,1.754802,1.069325,0.231898,-1.754802
member,31791,5,5,1,0.754378,0.470303,0.470303,1.544824,2.533954,0.770198,-1.544824
member,1131,6,0,0,4.322400,0.013268,0.462031,1.786916,-2.407566,-3.550277,1.786916
member,24564,8,0,0,1.021360,0.360105,0.527219,1.093775,3.028860,-0.381222,1.093775
member,31148,3,6,0,1.972065,0.139169,0.300831,1.995191,0.763838,-0.770859,1.995191
member,31491,7,7,1,0.984611,0.373585,0.373585,1.793938,1.441329,0.602332,-1.793938
member,37516,8,9,0,2.143384,0.117257,0.279623,1.945384,0.056776,-0.869071,1.945384
member,43063,5,4,0,2.773983,0.062413,0.275409,1.956497,0.287879,-1.484485,1.956497
member,9401,0,9,0,1.583899,0.205173,0.280199,1.956943,0.479642,-0.311644,1.956943
member,35419,8,1,0,3.716053,0.024330,0.411947,1.822463,-0.576830,-2.829192,1.822463
member,7340,2,6,0,2.176146,0.113478,0.276358,1.753965,1.380129,-0.890088,1.753965
member,24869,3,5,0,2.473119,0.084321,0.285089,1.795648,0.694494,-1.218164,1.795648
member,48943,8,8,1,0.889674,0.410790,0.410790,1.757532,2.097451,0.749731,-1.757532
member,27524,9,8,0,3.107332,0.044720,0.852131,0.567622,2.679527,-2.947317,0.567622
member,28195,7,3,0,3.578354,0.027922,0.250086,2.039185,-1.019799,-2.192403,2.039185
member,15951,8,8,1,0.394425,0.674067,0.674067,0.971052,3.556194,1.104295,-0.971052
member,25030,2,6,0,2.116760,0.120421,0.249151,1.878323,0.927507,-0.727063,1.878323
member,23400,9,6,0,2.387530,0.091856,0.339445,1.666915,0.605599,-1.307087,1.666915
member,22730,7,5,0,1.678597,0.186636,0.290721,1.792683,1.210349,-0.443206,1.792683
member,29415,2,4,0,2.047462,0.129062,0.272412,2.005626,0.807905,-0.747022,2.005626
member,39273,2,6,0,1.864137,0.155030,0.398934,1.565846,2.248728,-0.945178,1.565846
member,49188,5,5,1,1.793623,0.166356,0.166356,2.096517,0.476025,0.001720,-2.096517
member,34883,9,8,0,2.308294,0.099431,0.611946,1.225687,0.803103,-1.817182,1.225687
member,18967,9,8,0,2.155550,0.115840,0.446886,1.172158,2.026980,-1.350098,1.172158
member,47710,2,9,0,3.591301,0.027562,0.382248,1.515354,-0.992027,-2.629616,1.515354
member,31660,6,9,0,1.716164,0.179754,0.251989,1.854526,0.936030,-0.337793,1.854526
member,26753,5,1,0,2.861250,0.057197,0.614651,1.416929,0.383293,-2.374549,1.416929
member,36417,7,7,1,0.308982,0.734194,0.734194,1.099001,3.272712,2.420092,-1.099001
member,40652,0,9,0,3.401858,0.033311,0.191557,2.121462,-1.050869,-1.749287,2.121462
member,2742,2,2,1,0.902628,0.405503,0.405503,1.665634,1.861826,0.563252,-1.665634
member,3049,0,0,1,0.141912,0.867698,0.867698,0.450097,5.871364,1.993063,-0.450097
member,49,0,5,0,1.532639,0.215965,0.318820,1.911414,0.138782,-0.389512,1.911414
member,39859,9,1,0,2.348691,0.095494,0.181452,2.209556,0.145741,-0.641926,2.209556
member,8745,7,4,0,2.776418,0.062261,0.275124,1.951630,-0.134827,-1.485885,1.951630
member,4745,3,5,0,2.195112,0.111346,0.430635,1.823508,0.594407,-1.352617,1.823508
member,9194,2,7,0,1.516607,0.219455,0.289465,1.850758,1.300568,-0.276886,1.850758
member,7613,7,7,1,0.719383,0.487052,0.487052,1.668017,1.423060,1.192936,-1.668017
member,46147,1,2,0,2.022893,0.132272,0.292617,1.981775,0.487671,-0.794003,1.981775
member,20015,0,0,1,0.438383,0.645079,0.645079,1.313649,2.272466,1.799148,-1.313649
member,44978,4,6,0,1.309458,0.269966,0.373584,1.632089,2.394268,-0.324845,1.632089
member,15170,4,8,0,3.602033,0.027268,0.305117,1.649469,-0.527978,-2.414971,1.649469
member,17972,2,7,0,1.949835,0.142298,0.197706,2.161469,0.420169,-0.328860,2.161469
member,22512,3,4,0,3.042933,0.047695,0.207670,2.013813,0.122697,-1.471129,2.013813
member,24393,4,5,0,2.196951,0.111142,0.341540,1.959987,-0.088604,-1.122659,1.959987
member,28354,0,7,0,2.825630,0.059271,0.501334,1.669076,0.044194,-2.135148,1.669076
member,7003,6,6,1,1.343062,0.261045,0.261045,2.069191,0.987072,0.454863,-2.069191
member,35263,0,9,0,2.804388,0.060544,0.555794,1.585632,-0.328373,-2.217030,1.585632
member,39995,0,0,1,0.659723,0.516995,0.516995,1.601465,1.399115,1.376083,-1.601465
member,173,5,2,0,3.897954,0.020283,0.369340,1.915347,-1.318416,-2.901917,1.915347
member,19901,2,9,0,2.302713,0.099987,0.426588,1.876295,-0.291262,-1.450775,1.876295
member,46793,5,6,0,2.292013,0.101063,0.320999,1.767548,1.313762,-1.155695,1.767548
member,13013,3,2,0,1.520279,0.218651,0.289728,1.952518,1.150023,-0.281468,1.952518
member,34513,2,9,0,2.094882,0.123085,0.234870,2.078319,0.577570,-0.646161,2.078319
member,15800,6,2,0,2.204359,0.110321,0.192595,2.139538,0.037408,-0.557193,2.139538
member,45750,6,6,1,0.794107,0.451985,0.451985,1.695560,2.438507,1.068205,-1.695560
member,419,9,9,1,0.597637,0.550110,0.550110,1.532000,2.231650,1.225899,-1.532000
member,16295,3,2,0,1.345542,0.260399,0.284227,1.823036,1.685448,-0.087558,1.823036
member,29307,0,0,1,0.286551,0.750848,0.750848,1.006612,2.689208,2.183542,-1.006612
member,22177,8,0,0,2.562108,0.077142,0.625057,1.164567,0.944053,-2.092195,1.164567
member,16751,3,3,1,1.576452,0.206707,0.206707,1.909732,1.763856,0.032299,-1.909732
member,18698,1,9,0,2.713095,0.066331,0.590829,1.476611,-0.492264,-2.186867,1.476611
member,39387,1,9,0,1.889721,0.151114,0.243432,1.836498,0.525350,-0.476803,1.836498
member,32976,5,7,0,2.500940,0.082008,0.162760,2.161814,-0.259273,-0.685460,2.161814
member,5836,2,0,0,3.446087,0.031870,0.773090,0.968486,-0.243261,-3.188727,0.968486
member,39624,5,5,1,1.244688,0.288031,0.288031,1.941485,2.407183,0.394289,-1.941485
member,30504,8,1,0,3.250893,0.038740,0.261061,1.859631,-0.733134,-1.907892,1.859631
member,40915,9,9,1,0.553561,0.574899,0.574899,1.315160,2.432082,1.048210,-1.315160
member,40653,6,6,1,0.381726,0.682682,0.682682,1.168305,3.750490,2.018132,-1.168305
member,24105,5,5,1,1.564623,0.209167,0.209167,2.029085,0.833539,0.091691,-2.029085
member,30534,1,1,1,0.264267,0.767769,0.767769,0.871116,3.847188,1.696259,-0.871116
member,28396,8,9,0,1.900322,0.149520,0.260446,2.077800,0.156930,-0.554962,2.077800
member,3243,6,6,1,0.909698,0.402646,0.402646,1.603290,2.946068,0.496449,-1.603290
member,800,2,7,0,2.694277,0.067591,0.360214,1.774135,0.142841,-1.673219,1.774135
member,34940,1,3,0,3.485971,0.030624,0.347747,1.656646,-0.502207,-2.429692,1.656646
member,40231,2,4,0,2.062509,0.127135,0.302639,1.893331,1.185340,-0.867295,1.893331
member,10413,5,1,0,1.571325,0.207770,0.289281,2.022555,0.953500,-0.330968,2.022555
member,17971,5,3,0,3.152655,0.042738,0.401832,1.657950,0.469586,-2.240934,1.657950
member,44276,3,5,0,2.603289,0.074030,0.381794,1.636317,0.851710,-1.640414,1.636317
member,42493,0,9,0,1.641136,0.193760,0.300704,1.829124,1.144214,-0.439506,1.829124
member,23553,3,3,1,0.661791,0.515926,0.515926,1.490865,3.669827,1.299335,-1.490865
member,32691,8,8,1,0.388470,0.678093,0.678093,0.842782,4.316607,0.940865,-0.842782
member,43113,8,5,0,2.892771,0.055422,0.232039,2.051266,-0.518079,-1.431924,2.051266
member,10945,5,4,0,1.789610,0.167025,0.434502,1.744695,1.682623,-0.956056,1.744695
member,19822,4,2,0,1.960328,0.140812,0.219899,1.970203,0.794723,-0.445743,1.970203
member,44729,4,1,0,1.601717,0.201550,0.239766,1.917684,1.320719,-0.173625,1.917684
member,38933,9,9,1,0.502858,0.604800,0.604800,1.040957,3.703658,0.900612,-1.040957
member,17227,2,6,0,1.933941,0.144577,0.533189,1.422231,2.268563,-1.305062,1.422231
member,26565,0,7,0,2.399199,0.090791,0.383661,1.536749,0.693553,-1.441202,1.536749
member,7560,5,0,0,3.364849,0.034567,0.625570,1.348717,-0.498019,-2.895757,1.348717
member,41019,0,8,0,1.497011,0.223798,0.499894,1.504920,1.066245,-0.803653,1.504920
member,3663,2,2,1,1.080992,0.339259,0.339259,1.696570,2.064694,0.304445,-1.696570
member,28956,6,2,0,1.658337,0.190455,0.258390,1.988751,0.977666,-0.305052,1.988751
member,40154,5,4,0,1.530458,0.216437,0.263880,1.523129,4.762733,-0.198197,1.523129
member,41552,6,5,0,2.183592,0.112636,0.378501,1.864714,0.350968,-1.212057,1.864714
member,6365,9,9,1,0.532590,0.587082,0.587082,1.263418,2.375128,0.923899,-1.263418
member,3707,6,6,1,0.642868,0.525783,0.525783,1.488647,3.200829,1.133611,-1.488647
member,35385,7,9,0,1.230012,0.292289,0.358753,1.766949,1.198705,-0.204891,1.766949
member,27612,8,9,0,1.268602,0.281224,0.408176,1.528616,1.759279,-0.372545,1.528616
member,14217,9,9,1,0.806929,0.446226,0.446226,1.327461,2.436424,0.532179,-1.327461
member,71,9,1,0,1.319515,0.267265,0.407756,1.665078,1.622867,-0.422429,1.665078
member,4280,4,2,0,1.490616,0.225234,0.251057,1.903964,1.596574,-0.108543,1.903964
member,3555,1,1,1,0.724416,0.484607,0.484607,1.690330,2.299489,0.916354,-1.690330
member,8468,8,8,1,0.797952,0.450250,0.450250,1.569316,1.891024,0.693267,-1.569316
member,44320,0,4,0,4.228369,0.014576,0.216302,2.019578,-1.138126,-2.697288,2.019578
member,21920,5,5,1,0.881738,0.414063,0.414063,1.854293,1.264886,1.089106,-1.854293
member,9598,9,9,1,0.725895,0.483891,0.483891,1.458303,2.384769,0.845139,-1.458303
member,33698,7,7,1,1.600935,0.201708,0.201708,2.131512,1.016885,0.154572,-2.131512
member,11014,0,8,0,1.410182,0.244099,0.270005,1.891033,0.470504,-0.100866,1.891033
member,28713,9,9,1,0.276737,0.758254,0.758254,0.987139,3.005813,2.050588,-0.987139
member,46973,5,1,0,2.126512,0.119253,0.195507,2.218467,0.220789,-0.494351,2.218467
member,29678,2,7,0,3.229876,0.039562,0.361178,1.786892,-0.462713,-2.211492,1.786892
member,45563,7,7,1,0.709780,0.491753,0.491753,1.711942,1.948404,1.655267,-1.711942
member,31178,3,5,0,2.684126,0.068281,0.210141,2.065259,-0.726581,-1.124151,2.065259
member,21609,9,9,1,1.021819,0.359939,0.359939,1.800126,1.388727,0.290631,-1.800126
member,25408,5,6,0,1.692312,0.184093,0.273511,1.690108,2.137784,-0.395897,1.690108
member,43344,8,8,1,0.881863,0.414011,0.414011,1.241707,3.518909,0.044230,-1.241707
member,49196,1,9,0,2.203387,0.110428,0.381279,1.455225,0.412275,-1.239164,1.455225
member,26733,7,4,0,1.951715,0.142030,0.483729,1.557808,1.861600,-1.225485,1.557808
member,48428,0,0,1,0.061967,0.939914,0.939914,0.272418,5.778819,2.994063,-0.272418
member,18686,7,4,0,2.241749,0.106272,0.483710,1.673526,1.223734,-1.515480,1.673526
member,16649,8,7,0,3.033319,0.048156,0.455853,1.809602,-0.330732,-2.247735,1.809602
member,24775,3,2,0,1.488456,0.225721,0.325060,1.750695,1.623590,-0.364709,1.750695
member,24569,2,4,0,1.733612,0.176645,0.212661,1.942929,0.887226,-0.185559,1.942929
member,42825,3,5,0,2.808987,0.060266,0.594287,1.470855,0.037395,-2.288595,1.470855
member,25403,4,6,0,1.442943,0.236231,0.499584,1.426563,2.704065,-0.748964,1.426563
member,24602,1,1,1,0.848076,0.428238,0.428238,1.779590,1.464072,0.834725,-1.779590
member,49697,8,9,0,2.790294,0.061403,0.753846,0.905727,1.567307,-2.507727,0.905727
member,13847,6,6,1,0.748531,0.473061,0.473061,1.379273,3.718129,0.420597,-1.379273
member,49246,7,8,0,1.121832,0.325683,0.439853,1.445600,2.000976,-0.300517,1.445600
member,42942,2,9,0,3.081740,0.045879,0.241148,2.062500,-0.847446,-1.659395,2.062500
member,39967,5,5,1,1.372521,0.253467,0.253467,1.920889,1.707978,0.176030,-1.920889
member,28980,6,6,1,1.046386,0.351205,0.351205,1.841943,2.277587,0.566773,-1.841943
member,2799,2,4,0,3.212745,0.040246,0.327200,1.714090,0.144299,-2.095561,1.714090
member,30334,6,7,0,4.054668,0.017341,0.254736,2.071129,-1.942468,-2.687139,2.071129
member,5275,9,9,1,0.418643,0.657939,0.657939,1.082844,2.964472,1.220995,-1.082844
member,10820,5,3,0,2.644042,0.071073,0.414668,1.514306,1.577124,-1.763764,1.514306
member,31365,4,2,0,1.792570,0.166532,0.193580,2.094245,0.847407,-0.150504,2.094245
member,24808,6,6,1,1.498455,0.223475,0.223475,2.058521,1.308324,0.252519,-2.058521
member,44596,5,3,0,2.720840,0.065819,0.218474,2.087689,-0.340005,-1.199753,2.087689
member,21154,1,9,0,3.086427,0.045665,0.267022,2.049724,-1.021298,-1.766003,2.049724
member,45054,7,6,0,2.427736,0.088236,0.264179,1.728707,0.833751,-1.096607,1.728707
member,21131,2,6,0,1.733963,0.176583,0.272666,2.027611,0.955114,-0.434455,2.027611
member,11601,9,2,0,1.944877,0.143005,0.341544,1.951991,0.953543,-0.870599,1.951991
member,3788,9,9,1,1.391332,0.248744,0.248744,2.052588,0.622099,0.416235,-2.052588
member,22892,7,6,0,2.463642,0.085124,0.429238,1.669468,0.794438,-1.617898,1.669468
member,33901,2,3,0,2.397592,0.090937,0.222602,2.051775,0.515339,-0.895224,2.051775
member,13618,5,3,0,2.181297,0.112895,0.251675,1.954703,1.081041,-0.801679,1.954703
member,26683,7,4,0,2.415038,0.089364,0.326912,1.906504,0.721728,-1.296972,1.906504
member,46296,9,1,0,3.355547,0.034890,0.563885,1.352284,-0.064448,-2.782642,1.352284
member,18496,2,0,0,3.805686,0.022244,0.755904,0.777275,1.135197,-3.525845,0.777275
member,48625,5,8,0,3.182553,0.041480,0.321445,1.830462,-0.003568,-2.047623,1.830462
member,36287,0,1,0,3.273885,0.037859,0.213377,2.162922,-0.842469,-1.729188,2.162922
member,45451,2,6,0,3.298523,0.036938,0.678552,1.106969,1.085397,-2.910730,1.106969
member,29833,6,9,0,3.985272,0.018587,0.263951,2.012682,-1.225968,-2.653278,2.012682
member,1668,0,0,1,0.021665,0.978568,0.978568,0.118980,7.166780,4.081053,-0.118980
member,8247,4,5,0,1.983562,0.137578,0.175926,2.150708,0.455651,-0.245869,2.150708
member,23292,7,2,0,1.596611,0.202582,0.304065,1.787022,1.194198,-0.406098,1.787022
member,15798,5,3,0,1.869525,0.154197,0.262772,2.024111,0.825885,-0.533057,2.024111
member,31328,8,9,0,1.950133,0.142255,0.400721,1.626244,0.473188,-1.035643,1.626244
member,21043,0,6,0,4.001445,0.018289,0.301952,1.930897,-1.259974,-2.803959,1.930897
member,29167,9,8,0,1.645021,0.193009,0.370256,1.643967,1.309256,-0.651460,1.643967
member,48245,5,1,0,1.485983,0.226280,0.386724,1.795486,1.313902,-0.535940,1.795486
member,34522,8,0,0,1.071374,0.342537,0.469364,1.264143,2.253881,-0.314998,1.264143
member,32503,7,3,0,2.195704,0.111280,0.261912,1.845826,1.148593,-0.855959,1.845826
member,32999,5,7,0,1.848901,0.157410,0.173953,2.146749,0.810044,-0.099929,2.146749
member,49895,4,3,0,1.448663,0.234884,0.406496,1.612005,2.541022,-0.548481,1.612005
member,26876,3,8,0,2.636283,0.071627,0.221950,1.904707,0.067386,-1.130979,1.904707
member,14499,0,0,1,0.173525,0.840696,0.840696,0.678049,3.732850,2.528373,-0.678049
member,36251,1,9,0,1.178053,0.307877,0.390407,1.663902,1.414782,-0.237488,1.663902
member,29574,9,9,1,1.335995,0.262896,0.262896,1.769205,0.901612,0.028865,-1.769205
member,39973,5,3,0,2.073606,0.125732,0.381440,1.775465,1.201963,-1.109805,1.775465
member,22952,1,3,0,2.016854,0.133073,0.291511,2.070712,1.056534,-0.784175,2.070712
member,44578,7,4,0,1.744380,0.174753,0.269053,1.947678,0.997404,-0.431532,1.947678
member,3486,3,9,0,3.069287,0.046454,0.309380,2.040933,-1.067675,-1.896100,2.040933
member,48172,4,4,1,1.499911,0.223150,0.223150,1.953171,1.833349,0.192755,-1.953171
member,48696,9,1,0,1.385013,0.250321,0.494336,1.377442,1.577754,-0.680473,1.377442
member,20705,8,0,0,1.531227,0.216270,0.376941,1.631431,1.123071,-0.555561,1.631431
member,354,1,1,1,0.575177,0.562606,0.562606,1.437165,3.099855,1.227962,-1.437165
member,7852,3,6,0,2.239408,0.106522,0.204930,2.120895,0.337086,-0.654320,2.120895
member,40565,6,6,1,0.554402,0.574416,0.574416,1.400575,3.492613,1.397767,-1.400575
member,10064,0,9,0,4.321173,0.013284,0.514760,1.661233,-1.930763,-3.657119,1.661233
member,30768,1,1,1,0.275706,0.759036,0.759036,0.903797,3.687268,1.667069,-0.903797
member,46182,3,2,0,1.884587,0.151892,0.278453,1.886686,0.467223,-0.606082,1.886686
member,30621,6,6,1,1.079161,0.339880,0.339880,1.894451,1.684640,0.549057,-1.894451
member,25406,6,4,0,1.080282,0.339500,0.376899,1.521168,3.274260,-0.104505,1.521168
member,17104,3,6,0,2.358176,0.094593,0.272592,1.949224,0.470193,-1.058395,1.949224
member,10476,1,1,1,0.394574,0.673967,0.673967,1.258939,2.769680,1.804575,-1.258939
member,38294,4,7,0,2.747518,0.064087,0.268177,1.899213,0.713954,-1.431409,1.899213
member,40254,9,9,1,0.852863,0.426193,0.426193,1.514543,1.668375,0.266458,-1.514543
member,7379,1,9,0,3.077617,0.046069,0.347261,1.733668,-0.878961,-2.019939,1.733668
member,19496,3,3,1,1.378693,0.251907,0.251907,2.011624,0.385070,0.398345,-2.011624
member,39588,4,2,0,2.436666,0.087452,0.292496,2.045432,0.147553,-1.207362,2.045432
member,48062,3,8,0,5.786431,0.003069,0.783991,0.703207,-0.659628,-5.543073,0.703207
member,48295,0,0,1,0.011655,0.988413,0.988413,0.068489,8.908465,4.568472,-0.068489
member,22264,0,9,0,2.005521,0.134590,0.347812,1.671188,0.487693,-0.949428,1.671188
member,37821,2,0,0,2.674588,0.068935,0.313968,1.841540,-0.183603,-1.516125,1.841540
member,44338,7,6,0,2.720039,0.065872,0.467715,1.564476,0.589683,-1.960143,1.564476
member,2652,0,9,0,1.416019,0.242678,0.375516,1.649982,1.530506,-0.436566,1.649982
member,36786,0,6,0,4.213585,0.014793,0.235487,1.992837,-1.578212,-2.767486,1.992837
member,32690,6,6,1,1.162966,0.312558,0.312558,1.862408,1.675572,0.351933,-1.862408
member,39699,9,9,1,0.803763,0.447641,0.447641,1.566561,1.537003,1.008031,-1.566561
member,49031,9,8,0,1.361210,0.256350,0.435913,1.353439,1.794232,-0.530897,1.353439
member,14169,0,7,0,1.735346,0.176339,0.432565,1.749262,0.914383,-0.897323,1.749262
member,9400,1,0,0,5.427477,0.004394,0.315761,1.419524,-1.056708,-4.274708,1.419524
member,38877,4,6,0,2.631471,0.071973,0.303330,1.858133,-0.055286,-1.438537,1.858133
member,22779,5,5,1,1.364221,0.255580,0.255580,2.040975,0.796944,0.413505,-2.040975
member,29903,8,0,0,2.384936,0.092095,0.391416,1.557587,0.834795,-1.446951,1.557587
member,21296,8,8,1,0.769606,0.463195,0.463195,1.625977,2.438370,0.834212,-1.625977
member,28773,3,6,0,2.816905,0.059791,0.429516,1.607433,0.838752,-1.971808,1.607433
member,5045,9,2,0,3.163809,0.042264,0.467190,1.661993,0.089164,-2.402789,1.661993
member,25598,7,4,0,2.647359,0.070838,0.280077,1.767335,0.723925,-1.374669,1.767335
member,15158,4,7,0,2.162522,0.115035,0.342075,1.895677,0.173179,-1.089796,1.895677
member,42212,5,3,0,3.565576,0.028281,0.385160,1.722622,-0.333373,-2.611479,1.722622
member,27619,3,1,0,1.669479,0.188345,0.210986,2.133948,0.607313,-0.113515,2.133948
member,38002,8,0,0,2.188890,0.112041,0.501182,1.648919,-0.157895,-1.498104,1.648919
member,22654,6,6,1,0.413218,0.661518,0.661518,0.945910,4.847520,0.982697,-0.945910
member,24317,3,0,0,1.922922,0.146179,0.282673,1.896561,0.771002,-0.659458,1.896561
member,38925,8,8,1,1.283360,0.277105,0.277105,1.748827,0.967973,0.021679,-1.748827
member,11729,6,9,0,2.532277,0.079478,0.370432,1.986655,-0.215047,-1.539192,1.986655
member,36599,3,6,0,2.563331,0.077048,0.216668,2.043716,-0.170829,-1.033943,2.043716
member,37315,2,1,0,1.707562,0.181307,0.343891,1.714093,0.482253,-0.640132,1.714093
member,40983,8,8,1,0.377558,0.685533,0.685533,0.939995,4.190187,1.427329,-0.939995
member,26822,9,8,0,1.312773,0.269073,0.573307,1.202921,2.101399,-0.756439,1.202921
member,44654,6,4,0,1.286134,0.276337,0.317308,1.777349,2.080882,-0.138252,1.777349
member,28580,1,8,0,2.368154,0.093653,0.456997,1.263717,1.285452,-1.585075,1.263717
member,34976,6,6,1,1.304596,0.271282,0.271282,1.910588,1.945149,0.366635,-1.910588
member,22651,9,1,0,1.323125,0.266302,0.287441,1.771378,0.803991,-0.076389,1.771378
member,41112,8,8,1,1.184325,0.305953,0.305953,1.733041,1.302941,0.124899,-1.733041
member,19151,3,6,0,2.294953,0.100766,0.375113,1.773444,0.740449,-1.314426,1.773444
member,41977,9,9,1,0.564283,0.568768,0.568768,1.553159,2.222722,1.743839,-1.553159
member,2000,7,6,0,2.159646,0.115366,0.231945,1.904330,0.925613,-0.698390,1.904330
member,18219,7,7,1,0.933138,0.393317,0.393317,1.770847,1.913832,0.475030,-1.770847
member,36112,2,6,0,2.311993,0.099064,0.399847,1.688985,1.315101,-1.395320,1.688985
member,46234,4,2,0,1.457299,0.232864,0.321619,1.504440,2.817708,-0.322910,1.504440
member,29244,0,1,0,1.460930,0.232021,0.274705,1.866677,1.549736,-0.168871,1.866677
member,25673,3,5,0,1.946293,0.142803,0.194168,2.197729,-0.222977,-0.307260,2.197729
member,41396,9,9,1,0.963721,0.381471,0.381471,1.708849,1.475731,0.661980,-1.708849
member,14402,8,8,1,0.966329,0.380477,0.380477,1.531327,2.149968,0.369413,-1.531327
member,45849,2,2,1,1.203740,0.300070,0.300070,2.034319,1.043172,0.780219,-2.034319
member,21377,8,0,0,2.177673,0.113305,0.285921,1.694936,1.055169,-0.925632,1.694936
member,21538,1,7,0,2.132182,0.118578,0.210497,2.108972,0.398918,-0.573898,2.108972
member,9036,9,1,0,1.259048,0.283924,0.290629,1.523643,1.484043,-0.023339,1.523643
member,44531,7,1,0,2.518411,0.080588,0.450997,1.838263,0.170717,-1.722116,1.838263
member,15075,6,9,0,4.959814,0.007014,0.608546,1.442415,-2.781052,-4.463132,1.442415
member,26330,5,5,1,1.286244,0.276307,0.276307,2.016112,1.299685,0.576989,-2.016112
member,9986,2,0,0,3.343667,0.035307,0.576617,1.126309,0.505227,-2.793090,1.126309
member,49731,7,7,1,0.889989,0.410660,0.410660,1.609517,3.281952,0.623182,-1.609517
member,19499,1,3,0,3.076409,0.046125,0.243559,1.810944,0.379020,-1.664013,1.810944
member,41632,6,6,1,0.478069,0.619979,0.619979,1.363211,3.027050,1.733323,-1.363211
member,38805,4,6,0,1.771853,0.170018,0.539765,1.385783,2.727200,-1.155232,1.385783
member,34613,7,4,0,2.905204,0.054738,0.555927,1.142253,2.333441,-2.318085,1.142253
member,42775,2,4,0,2.523235,0.080200,0.381876,1.644902,0.976247,-1.560575,1.644902
member,6268,9,9,1,1.378208,0.252030,0.252030,1.918797,1.250175,0.097106,-1.918797
member,34191,7,7,1,1.550193,0.212207,0.212207,2.075845,1.007681,0.190052,-2.075845
member,15207,5,4,0,1.807206,0.164112,0.224110,2.005327,1.452748,-0.311587,2.005327
member,46263,6,6,1,0.781471,0.457732,0.457732,1.517428,3.072902,0.691114,-1.517428
member,38381,8,7,0,4.202426,0.014959,0.354783,1.805372,-1.702346,-3.166176,1.805372
member,6567,3,2,0,1.883364,0.152078,0.344752,1.884835,1.049618,-0.818433,1.884835
member,12994,7,8,0,2.134539,0.118299,0.342427,1.807427,0.319144,-1.062843,1.807427
member,35406,1,0,0,2.870997,0.056642,0.455391,1.380681,0.270966,-2.084399,1.380681
member,45301,0,0,1,0.208952,0.811434,0.811434,0.831321,3.468958,2.888576,-0.831321
member,27249,9,9,1,0.565225,0.568232,0.568232,1.427717,2.272120,1.473975,-1.427717
member,49644,5,5,1,0.900033,0.406556,0.406556,1.720607,1.335171,0.480276,-1.720607
member,37083,0,6,0,4.747987,0.008669,0.256491,1.978899,-2.040178,-3.387325,1.978899
member,14128,0,0,1,0.081238,0.921974,0.921974,0.395681,4.530630,3.558431,-0.395681
member,22016,9,8,0,3.215133,0.040150,0.471610,1.650076,-0.355828,-2.463531,1.650076
member,5089,0,0,1,0.602467,0.547459,0.547459,1.035789,4.243974,0.444282,-1.035789
member,26768,2,6,0,1.556465,0.210880,0.430307,1.516797,2.896724,-0.713208,1.516797
member,7615,3,1,0,2.742131,0.064433,0.300841,2.027702,-0.604513,-1.540957,2.027702
member,32447,8,1,0,2.099068,0.122571,0.364442,1.782683,0.811555,-1.089680,1.782683
member,43832,3,2,0,1.528870,0.216780,0.426152,1.600128,2.339748,-0.675911,1.600128
member,15286,1,6,0,1.880116,0.152572,0.334995,1.807918,1.538681,-0.786476,1.807918
member,40804,6,6,1,0.875122,0.416811,0.416811,1.504108,2.913906,0.316843,-1.504108
member,24784,7,7,1,1.011659,0.363615,0.363615,1.914047,1.491155,0.825741,-1.914047
member,26357,3,5,0,1.613761,0.199137,0.247451,2.006732,1.222609,-0.217216,2.006732
member,13290,2,6,0,1.840644,0.158715,0.259097,1.976176,1.156452,-0.490092,1.976176
member,15134,2,3,0,1.961308,0.140674,0.273038,1.988946,1.088831,-0.663166,1.988946
member,11827,6,4,0,3.017249,0.048936,0.365653,1.826887,0.372114,-2.011178,1.826887
member,14403,7,7,1,1.021688,0.359987,0.359987,1.787738,2.184366,0.780569,-1.787738
member,33492,6,6,1,1.216641,0.296224,0.296224,1.860906,1.883701,0.263867,-1.860906
member,9254,4,1,0,2.272051,0.103101,0.221033,2.119859,0.079154,-0.762608,2.119859
member,37765,3,4,0,2.155771,0.115814,0.349564,1.921417,0.854202,-1.104703,1.921417
member,1487,3,5,0,1.444812,0.235790,0.486169,1.443673,2.504358,-0.723613,1.443673
member,22898,9,1,0,1.699418,0.182790,0.252964,1.967778,0.699884,-0.324910,1.967778
member,23327,4,6,0,2.943278,0.052693,0.326031,1.896875,-0.361153,-1.822515,1.896875
member,21419,4,6,0,2.420484,0.088879,0.389630,1.733469,1.088664,-1.477925,1.733469
member,29045,9,9,1,1.127760,0.323758,0.323758,1.848533,1.215225,0.279296,-1.848533
member,4336,3,6,0,1.964288,0.140256,0.514106,1.503665,1.958901,-1.298963,1.503665
member,26314,7,9,0,1.800345,0.165242,0.397175,1.579493,1.037374,-0.876966,1.579493
member,15452,0,0,1,0.549352,0.577324,0.577324,1.479952,1.533005,1.763332,-1.479952
member,22532,1,1,1,0.460496,0.630971,0.630971,1.257079,2.553322,1.347610,-1.257079
member,15157,7,5,0,2.148146,0.116700,0.349403,1.769592,1.407961,-1.096617,1.769592
member,17990,9,9,1,0.817191,0.441670,0.441670,1.670434,1.832522,0.870278,-1.670434
member,48344,2,7,0,3.559681,0.028448,0.430187,1.674628,-0.268827,-2.716146,1.674628
member,35316,7,7,1,0.934738,0.392689,0.392689,1.674434,2.082266,0.409107,-1.674434
member,29156,2,9,0,2.475617,0.084111,0.406919,1.805189,-0.048931,-1.576476,1.805189
member,12362,2,0,0,3.115833,0.044342,0.609596,1.336924,-0.342829,-2.620874,1.336924
member,10259,7,7,1,1.503300,0.222395,0.222395,2.070765,1.668520,0.319234,-2.070765
member,33011,0,0,1,0.078119,0.924854,0.924854,0.331472,6.164964,2.797802,-0.331472
member,13700,3,7,0,3.311608,0.036457,0.392942,1.709100,0.356676,-2.377515,1.709100
member,45947,3,3,1,1.108231,0.330142,0.330142,1.798923,1.778129,0.072726,-1.798923
member,37452,9,8,0,1.224587,0.293879,0.566365,1.104891,2.374800,-0.656071,1.104891
member,1703,3,6,0,1.824476,0.161302,0.601231,1.272224,2.537386,-1.315699,1.272224
member,11327,8,8,1,0.587194,0.555885,0.555885,0.915766,3.809010,0.349855,-0.915766
member,16731,3,7,0,4.057292,0.017296,0.231980,1.867496,-1.057450,-2.596189,1.867496
member,3994,6,2,0,2.262922,0.104046,0.203859,2.103947,0.536591,-0.672594,2.103947
member,25485,7,7,1,1.130097,0.323002,0.323002,1.944216,0.985852,0.470019,-1.944216
member,5265,5,2,0,3.806263,0.022231,0.405380,1.679487,-0.907339,-2.903334,1.679487
member,7743,4,5,0,2.414711,0.089393,0.251896,1.930075,0.698270,-1.035973,1.930075
member,3912,6,6,1,0.552559,0.575475,0.575475,1.331243,3.729926,0.959895,-1.331243
member,38490,6,4,0,1.464714,0.231144,0.533162,1.309866,3.528761,-0.835785,1.309866
member,7984,4,7,0,3.399371,0.033394,0.288719,2.003536,-0.828905,-2.157068,2.003536
member,15529,2,9,0,2.093047,0.123311,0.405259,1.834297,0.289858,-1.189819,1.834297
member,930,4,6,0,1.038566,0.353962,0.514022,1.171991,4.165458,-0.373075,1.171991
member,39238,9,7,0,2.215185,0.109133,0.287745,1.830074,1.513945,-0.969504,1.830074
member,13889,9,1,0,1.611855,0.199517,0.512579,1.522025,1.121007,-0.943554,1.522025
member,37007,1,9,0,2.083490,0.124495,0.498329,1.583556,0.387836,-1.386994,1.583556
member,30385,7,7,1,1.190541,0.304057,0.304057,1.839724,2.348924,0.348635,-1.839724
member,45237,5,5,1,0.851398,0.426818,0.426818,1.825275,1.489062,1.086132,-1.825275
member,861,3,6,0,2.435757,0.087531,0.239737,1.950893,0.059242,-1.007543,1.950893
member,40815,1,9,0,2.327388,0.097550,0.454482,1.601335,-0.005047,-1.538790,1.601335
member,13000,9,0,0,1.445396,0.235653,0.392283,1.562374,1.084666,-0.509624,1.562374
member,32420,2,2,1,1.249823,0.286555,0.286555,2.018574,1.549981,0.694350,-2.018574
member,1594,0,0,1,0.230313,0.794285,0.794285,0.828242,3.219424,2.516942,-0.828242
member,10239,4,1,0,2.459884,0.085445,0.265831,1.922778,0.272335,-1.134991,1.922778
member,32878,9,7,0,2.130378,0.118792,0.384641,1.879986,0.773931,-1.174935,1.879986
member,19487,5,2,0,1.804723,0.164520,0.343824,1.739987,1.545179,-0.737099,1.739987
member,21842,8,9,0,0.941900,0.389886,0.528398,0.979186,3.873462,-0.303996,0.979186
member,41171,4,6,0,2.138957,0.117778,0.569579,1.467116,1.455856,-1.576098,1.467116
member,5975,1,1,1,0.992238,0.370746,0.370746,1.836511,1.932171,0.482828,-1.836511
member,29288,1,1,1,0.766116,0.464815,0.464815,1.677832,2.337404,0.792781,-1.677832
member,46380,0,1,0,2.311612,0.099101,0.472777,1.778063,0.538305,-1.562481,1.778063
member,24461,2,3,0,2.919583,0.053956,0.583178,1.333142,0.456905,-2.380321,1.333142
member,36301,5,7,0,2.345246,0.095824,0.235883,2.014123,0.328652,-0.900828,2.014123
member,11275,9,8,0,2.333600,0.096946,0.513696,1.414770,0.555982,-1.667476,1.414770
member,44648,2,1,0,2.691494,0.067780,0.499375,1.542746,0.161451,-1.997095,1.542746
member,25642,3,6,0,1.871332,0.153918,0.323461,1.768465,1.151065,-0.742657,1.768465
member,26323,3,7,0,3.405303,0.033197,0.411480,1.657946,-1.038044,-2.517307,1.657946
member,42086,3,7,0,2.758209,0.063405,0.244204,2.104743,-0.206146,-1.348457,2.104743
member,25882,3,9,0,4.943226,0.007132,0.451461,1.549195,-2.006555,-4.147959,1.549195
member,11597,9,1,0,2.428523,0.088167,0.182428,2.194962,0.157556,-0.727122,2.194962
member,14577,7,7,1,1.252880,0.285681,0.285681,2.015143,1.130045,0.507522,-2.015143
member,49204,4,2,0,2.218000,0.108827,0.239201,2.089261,0.081735,-0.787551,2.089261
member,26364,6,3,0,3.474314,0.030983,0.656653,1.297431,-0.124500,-3.053715,1.297431
member,18501,8,9,0,2.557510,0.077497,0.380411,1.625047,0.018686,-1.591009,1.625047
member,45267,6,6,1,0.983072,0.374160,0.374160,1.800240,2.047535,0.573002,-1.800240
member,14495,5,2,0,2.029718,0.131373,0.163649,2.186109,0.371526,-0.219687,2.186109
member,29568,6,1,0,1.835858,0.159477,0.283605,1.952218,1.208607,-0.575684,1.952218
member,43607,2,6,0,2.665671,0.069553,0.542797,1.337339,1.742427,-2.054651,1.337339
member,23702,3,5,0,2.191638,0.111734,0.363442,1.847385,0.648245,-1.179501,1.847385
member,19392,2,4,0,2.692644,0.067702,0.510569,1.492957,1.625879,-2.020415,1.492957
member,38551,0,9,0,1.283594,0.277040,0.516999,1.238834,2.111990,-0.623880,1.238834
member,10814,3,7,0,2.293633,0.100899,0.366707,1.865238,0.479863,-1.290440,1.865238
member,32141,2,4,0,2.865343,0.056964,0.220898,1.971776,0.433573,-1.355290,1.971776
member,8869,1,5,0,2.858189,0.057373,0.363959,1.775843,0.117059,-1.847474,1.775843
member,225,9,9,1,0.434762,0.647419,0.647419,1.131392,2.978158,1.255466,-1.131392
member,17395,0,0,1,0.789832,0.453921,0.453921,1.748754,0.955213,1.173821,-1.748754
member,34081,1,8,0,2.521928,0.080305,0.399028,1.413370,0.423452,-1.603203,1.413370
member,42030,4,4,1,1.451702,0.234171,0.234171,1.860986,2.076636,0.159629,-1.860986
member,19888,2,4,0,1.654021,0.191279,0.225764,1.952760,1.443090,-0.165757,1.952760
member,19395,0,9,0,4.032062,0.017738,0.599427,1.359215,-1.105932,-3.520282,1.359215
member,20634,9,9,1,1.124095,0.324947,0.324947,1.765386,1.158199,0.199652,-1.765386
member,37421,3,6,0,2.559666,0.077331,0.634557,1.207952,2.365051,-2.104838,1.207952
member,2761,9,8,0,1.055439,0.348040,0.416826,1.335532,2.211604,-0.180353,1.335532
member,33479,4,2,0,3.621893,0.026732,0.281369,1.974867,-1.142816,-2.353805,1.974867
member,10926,2,4,0,1.567809,0.208502,0.299841,1.729832,2.240882,-0.363307,1.729832
member,46030,5,6,0,1.958369,0.141088,0.470015,1.685650,1.068768,-1.203379,1.685650
member,4538,9,9,1,0.851417,0.426810,0.426810,1.814783,1.542404,0.945593,-1.814783
member,41714,8,8,1,0.641720,0.526386,0.526386,1.531942,2.130139,1.143175,-1.531942
member,19512,4,6,0,1.597858,0.202329,0.206993,1.935508,1.700714,-0.022786,1.935508
member,39211,3,2,0,2.169283,0.114259,0.378794,1.734600,0.986084,-1.198520,1.734600
member,29266,5,4,0,1.905192,0.148794,0.259313,1.972595,0.932104,-0.555473,1.972595
member,45845,0,0,1,0.377610,0.685498,0.685498,0.956598,3.730692,1.121233,-0.956598
member,39438,3,2,0,2.403808,0.090373,0.496506,1.642505,0.629447,-1.703650,1.642505
member,44431,6,3,0,1.882732,0.152174,0.212845,2.111228,0.109628,-0.335540,2.111228
member,22522,1,9,0,1.027717,0.357823,0.415370,1.382785,2.162654,-0.149132,1.382785
member,21656,2,2,1,1.751513,0.173511,0.173511,2.112883,0.545292,0.096921,-2.112883
member,49584,6,6,1,0.742150,0.476089,0.476089,1.652189,1.978700,1.002231,-1.652189
member,14459,2,2,1,1.213256,0.297228,0.297228,1.869006,1.721474,0.343086,-1.869006
member,14409,1,1,1,1.034654,0.355349,0.355349,1.589742,2.098512,0.310918,-1.589742
member,33227,8,0,0,3.177679,0.041682,0.362196,1.962993,-0.612527,-2.162110,1.962993
member,7212,0,0,1,0.305758,0.736565,0.736565,1.085362,1.917860,2.577253,-1.085362
member,14580,3,5,0,1.568614,0.208334,0.294142,1.992891,0.658900,-0.344921,1.992891
member,14836,1,9,0,1.635801,0.194796,0.279811,1.831363,0.947363,-0.362159,1.831363
member,40778,8,9,0,2.687804,0.068030,0.467129,1.681360,-0.656091,-1.926655,1.681360
member,23969,1,9,0,1.233903,0.291154,0.396050,1.598112,2.257970,-0.307689,1.598112
member,16274,2,6,0,2.391157,0.091524,0.341736,1.700275,1.257143,-1.317441,1.700275
member,37445,3,7,0,1.892516,0.150692,0.364439,1.908207,0.379509,-0.883119,1.908207
member,29638,3,0,0,2.108011,0.121479,0.321376,1.967153,-0.119481,-0.972867,1.967153
member,1397,8,0,0,2.141673,0.117458,0.679239,1.192368,1.042099,-1.754890,1.192368
member,46410,2,2,1,0.673365,0.509990,0.509990,1.619954,2.742927,1.526676,-1.619954
member,45749,4,3,0,1.355425,0.257838,0.342981,1.723518,2.424362,-0.285345,1.723518
member,15952,5,2,0,1.658324,0.190458,0.220098,2.058230,0.833605,-0.144641,2.058230
member,19820,3,3,1,1.521537,0.218376,0.218376,2.063709,0.666254,0.083018,-2.063709
member,38359,5,3,0,2.343231,0.096017,0.368774,1.952244,0.630954,-1.345659,1.952244
member,17309,1,1,1,0.289015,0.749001,0.749001,0.894841,3.487254,1.641895,-0.894841
member,16599,9,7,0,1.773361,0.169761,0.211677,2.057413,0.208232,-0.220668,2.057413
member,46341,3,6,0,3.047241,0.047490,0.421512,1.564602,0.919923,-2.183333,1.564602
member,1246,6,6,1,0.747378,0.473607,0.473607,1.686267,2.604751,1.356292,-1.686267
member,16030,2,2,1,1.598713,0.202157,0.202157,2.082737,1.317387,0.269616,-2.082737
member,26644,0,0,1,0.906297,0.404017,0.404017,1.594573,1.792934,0.354491,-1.594573
member,45566,4,0,0,8.904650,0.000136,0.806442,0.665979,-4.544960,-8.689527,0.665979
member,27674,8,8,1,0.736740,0.478672,0.478672,1.143283,2.848005,0.154328,-1.143283
member,20958,8,0,0,2.103016,0.122088,0.769340,0.886570,1.371894,-1.840794,0.886570
member,43024,4,0,0,3.500444,0.030184,0.499752,1.571817,-0.774687,-2.806800,1.571817
member,33713,8,1,0,2.862010,0.057154,0.277456,1.773327,-0.132114,-1.579917,1.773327
member,6939,7,6,0,1.972468,0.139113,0.264003,1.955639,1.089711,-0.640674,1.955639
member,45126,1,9,0,1.698209,0.183011,0.415848,1.707798,0.815325,-0.820774,1.707798
member,13924,1,9,0,2.083340,0.124514,0.436785,1.507755,0.691650,-1.255026,1.507755
member,3241,6,6,1,0.555488,0.573792,0.573792,1.214512,3.366261,0.716996,-1.214512
member,11150,6,6,1,0.861394,0.422573,0.422573,1.640804,2.953294,0.840166,-1.640804
member,48319,5,7,0,2.515989,0.080783,0.369693,1.800185,0.405963,-1.520906,1.800185
member,19671,9,9,1,1.014696,0.362513,0.362513,1.590536,2.066885,0.181170,-1.590536
member,1413,1,9,0,2.569590,0.076567,0.578676,1.149558,0.713255,-2.022577,1.149558
member,28282,5,2,0,2.305898,0.099669,0.233727,2.042748,-0.661748,-0.852297,2.042748
member,41012,3,7,0,1.501590,0.222776,0.240527,1.914048,1.693803,-0.076666,1.914048
member,34240,7,1,0,1.463548,0.231414,0.349862,1.899369,1.222103,-0.413332,1.899369
member,29575,5,3,0,3.662991,0.025656,0.375012,1.770896,-0.836099,-2.682193,1.770896
member,41270,4,8,0,4.058702,0.017271,0.192013,2.125188,-2.080307,-2.408508,2.125188
member,8257,4,4,1,1.085353,0.337782,0.337782,1.780145,2.392850,0.261428,-1.780145
member,26852,9,9,1,0.585723,0.556703,0.556703,1.247958,2.794884,0.800484,-1.247958
member,8880,3,1,0,4.279585,0.013848,0.529850,1.399455,-0.929439,-3.644423,1.399455
member,22078,7,2,0,2.085973,0.124186,0.237433,2.106462,0.550965,-0.648105,2.106462
member,47730,2,4,0,3.109871,0.044607,0.324677,1.840240,0.250156,-1.984946,1.840240
member,19349,7,7,1,0.380840,0.683287,0.683287,1.215494,3.352885,2.087454,-1.215494
member,32181,2,6,0,1.850062,0.157227,0.273640,1.770899,1.881576,-0.554120,1.770899
member,16954,0,0,1,0.999302,0.368136,0.368136,1.742923,1.857414,0.525261,-1.742923
member,39246,7,7,1,0.955769,0.384516,0.384516,1.644219,3.112726,0.340180,-1.644219
member,1621,1,1,1,1.176323,0.308411,0.308411,1.986877,1.436987,0.466536,-1.986877
member,47756,6,6,1,0.519603,0.594756,0.594756,1.345850,3.349917,1.555260,-1.345850
member,45675,1,9,0,1.459636,0.232321,0.275096,1.961787,0.648676,-0.169002,1.961787
member,2404,3,6,0,1.456733,0.232996,0.240928,1.819389,2.064020,-0.033475,1.819389
member,30796,9,0,0,1.960160,0.140836,0.215848,2.115169,0.129053,-0.426977,2.115169
member,37586,2,1,0,2.845347,0.058114,0.717951,1.099872,0.576939,-2.513994,1.099872
member,23317,1,0,0,2.506451,0.081557,0.430514,1.710052,-0.191925,-1.663674,1.710052
member,12830,8,8,1,0.560139,0.571130,0.571130,1.090856,3.192255,0.692222,-1.090856
member,33557,6,6,1,0.908411,0.403164,0.403164,1.759450,2.565516,0.973522,-1.759450
member,29557,7,4,0,3.706892,0.024554,0.739919,0.973960,0.653954,-3.405677,0.973960
member,43986,6,4,0,2.206906,0.110041,0.271485,1.873626,1.507394,-0.903057,1.873626
member,27893,5,0,0,3.611465,0.027012,0.260533,1.953115,-1.408012,-2.266440,1.953115
member,5294,2,4,0,1.507898,0.221375,0.309504,1.595006,2.534425,-0.335112,1.595006
member,24913,7,7,1,0.602141,0.547638,0.547638,1.589246,2.486878,1.552658,-1.589246
member,34659,5,2,0,1.788249,0.167253,0.372561,1.746855,1.765183,-0.800894,1.746855
member,1784,4,6,0,2.508029,0.081429,0.322397,1.951092,0.579832,-1.376059,1.951092
member,39885,3,9,0,2.402340,0.090506,0.282006,1.953956,-0.427239,-1.136514,1.953956
member,17566,6,2,0,2.163250,0.114951,0.384738,1.952958,0.449335,-1.208057,1.952958
member,16062,6,9,0,3.981751,0.018653,0.234753,2.067219,-1.803496,-2.532531,2.067219
member,48445,8,0,0,3.292448,0.037163,0.779953,0.922785,-0.153445,-3.043926,0.922785
member,20382,5,1,0,1.348965,0.259509,0.275432,1.831157,1.444828,-0.059551,1.831157
member,40877,3,4,0,2.015801,0.133214,0.279007,1.853545,1.050001,-0.739282,1.853545
member,18057,1,5,0,1.584337,0.205084,0.297895,1.777776,0.662593,-0.373322,1.777776
member,19066,0,0,1,0.634479,0.530212,0.530212,1.473747,2.180119,0.947679,-1.473747
member,20525,3,2,0,2.310482,0.099213,0.295475,1.909842,0.626335,-1.091311,1.909842
member,5847,2,0,0,2.170279,0.114146,0.280497,2.077553,-0.006769,-0.899088,2.077553
member,18622,4,2,0,2.259424,0.104411,0.310352,1.965595,-0.094252,-1.089376,1.965595
member,45473,5,4,0,1.709488,0.180958,0.313411,1.789417,1.788372,-0.549247,1.789417
member,31760,9,9,1,0.752237,0.471311,0.471311,1.433439,2.845462,0.790413,-1.433439
member,5211,1,6,0,1.839509,0.158895,0.306459,1.855977,1.608577,-0.656839,1.855977
member,25730,5,3,0,2.229077,0.107628,0.305744,1.785186,1.249140,-1.044070,1.785186
member,6373,0,8,0,1.235172,0.290785,0.468293,1.225591,2.924390,-0.476510,1.225591
member,30197,7,7,1,0.365039,0.694170,0.694170,1.197070,3.425979,1.978187,-1.197070
member,23945,6,6,1,0.790767,0.453497,0.453497,1.579049,3.775415,0.921091,-1.579049
member,36934,4,6,0,2.477905,0.083919,0.231616,2.041886,-0.119905,-1.015232,2.041886
member,34847,7,7,1,1.350932,0.258999,0.258999,1.901586,1.514593,0.001139,-1.901586
member,15292,7,2,0,3.048677,0.047422,0.278251,1.991558,-1.070795,-1.769445,1.991558
member,1851,4,6,0,2.026162,0.131841,0.285757,1.931404,0.774433,-0.773550,1.931404
member,18432,8,9,0,3.183334,0.041447,0.318378,2.021342,-0.598669,-2.038819,2.021342
member,28970,2,5,0,3.199346,0.040789,0.275958,1.715452,0.163119,-1.911839,1.715452
member,17039,4,6,0,1.956995,0.141282,0.301606,1.778008,1.375048,-0.758360,1.778008
member,6687,0,5,0,2.047357,0.129076,0.310598,1.981206,-0.478817,-0.878102,1.981206
member,40938,5,8,0,2.764360,0.063016,0.338700,1.849105,-0.487172,-1.681718,1.849105
member,42181,2,0,0,2.082715,0.124591,0.190708,2.123566,-0.004914,-0.425702,2.123566
member,25252,5,4,0,2.604614,0.073932,0.447063,1.594107,1.281263,-1.799559,1.594107
member,18841,4,8,0,8.136199,0.000293,0.523458,1.046515,-3.156984,-7.488900,1.046515
member,15806,7,7,1,0.445463,0.640528,0.640528,1.313536,2.927341,1.712392,-1.313536
member,4181,6,5,0,2.721891,0.065750,0.363803,1.747154,0.895193,-1.710748,1.747154
member,13862,3,2,0,1.662797,0.189608,0.292835,2.019558,0.891629,-0.434650,2.019558
member,20189,2,0,0,2.815487,0.059876,0.662584,1.270265,-0.243449,-2.403879,1.270265
member,8784,4,4,1,0.669485,0.511972,0.511972,1.436915,3.239746,0.778731,-1.436915
member,3705,9,6,0,4.182278,0.015264,0.299495,1.718754,-1.099841,-2.976621,1.718754
member,24445,0,0,1,0.498087,0.607692,0.607692,1.153993,3.372981,1.156785,-1.153993
member,37771,8,0,0,1.617011,0.198491,0.538388,1.435676,1.690719,-0.997836,1.435676
member,5158,7,7,1,1.273888,0.279742,0.279742,2.008804,1.377777,0.217379,-2.008804
member,29836,5,0,0,2.182969,0.112706,0.276771,2.062904,-0.340347,-0.898403,2.062904
member,6129,9,8,0,2.573005,0.076306,0.420535,1.735823,0.130617,-1.706778,1.735823
member,11029,0,9,0,1.797302,0.165745,0.357128,1.572179,1.391859,-0.767641,1.572179
member,47338,9,9,1,0.342749,0.709816,0.709816,1.136647,2.775993,1.933349,-1.136647
member,36029,9,9,1,0.569397,0.565867,0.565867,1.360690,1.809097,0.972698,-1.360690
member,33446,8,5,0,4.430355,0.011910,0.379876,1.816168,-2.029722,-3.462445,1.816168
member,4116,2,6,0,2.854129,0.057606,0.505858,1.375084,2.342009,-2.172629,1.375084
member,11756,6,6,1,0.732605,0.480655,0.480655,1.508895,3.027857,0.919037,-1.508895
member,27123,7,7,1,0.686263,0.503454,0.503454,1.573455,3.105155,1.192785,-1.573455
member,5369,5,5,1,0.560774,0.570767,0.570767,1.536957,2.328128,1.503898,-1.536957
member,15978,9,1,0,1.505907,0.221816,0.445866,1.661196,0.772103,-0.698171,1.661196
member,9134,5,5,1,1.284987,0.276654,0.276654,1.869673,1.378665,0.017438,-1.869673
member,11061,5,5,1,2.003908,0.134807,0.134807,2.253619,0.210542,0.043668,-2.253619
member,4550,6,6,1,1.128111,0.323644,0.323644,1.747196,2.380525,0.116452,-1.747196
member,35858,0,0,1,0.208491,0.811809,0.811809,0.653352,4.259129,1.756148,-0.653352
member,46856,6,6,1,1.187241,0.305062,0.305062,1.833275,2.202693,0.473192,-1.833275
member,43900,9,1,0,1.936080,0.144268,0.532063,1.392740,0.997777,-1.305086,1.392740
member,17577,6,6,1,0.635392,0.529728,0.529728,1.443839,3.829453,1.200327,-1.443839
member,2746,7,7,1,1.660068,0.190126,0.190126,2.108671,1.170680,0.190582,-2.108671
member,21850,1,3,0,1.733884,0.176597,0.374367,1.805836,1.739985,-0.751365,1.805836
member,25747,6,6,1,0.366930,0.692858,0.692858,1.123928,3.845349,1.873733,-1.123928
member,6072,7,7,1,0.630519,0.532315,0.532315,1.559441,2.254912,1.341393,-1.559441
member,23920,4,4,1,0.935309,0.392465,0.392465,1.681496,3.534586,0.965249,-1.681496
member,12933,6,6,1,0.745116,0.474679,0.474679,1.364832,3.804519,0.543575,-1.364832
member,36180,0,7,0,1.782397,0.168234,0.341193,1.868805,1.245416,-0.707090,1.868805
member,34380,7,9,0,1.485695,0.226345,0.499695,1.565608,1.380128,-0.791938,1.565608
member,28996,3,3,1,0.898672,0.407110,0.407110,1.767655,1.527864,0.584643,-1.767655
member,38260,1,0,0,4.776656,0.008424,0.698584,0.883539,-1.095204,-4.417956,0.883539
member,512,9,9,1,0.365425,0.693901,0.693901,1.119099,2.302294,1.700670,-1.119099
member,16134,5,8,0,6.487388,0.001523,0.489108,0.913839,-1.115343,-5.772215,0.913839
member,35633,0,1,0,3.926958,0.019704,0.242703,2.029314,-1.295292,-2.511042,2.029314
member,8088,3,1,0,1.165031,0.311913,0.386967,1.616576,1.893085,-0.215616,1.616576
member,36092,2,7,0,2.882470,0.055996,0.516297,1.423477,0.708237,-2.221396,1.423477
member,31391,0,5,0,4.778013,0.008413,0.197418,1.872545,-1.037978,-3.155581,1.872545
member,33042,2,1,0,2.511258,0.081166,0.366548,1.900140,0.623901,-1.507631,1.900140
member,34308,7,9,0,2.641482,0.071256,0.579690,1.550958,-0.291232,-2.096220,1.550958
member,12627,7,3,0,2.201809,0.110603,0.245540,2.117062,0.238815,-0.797511,2.117062
member,1976,5,0,0,7.490466,0.000558,0.810397,0.723346,-2.942903,-7.280235,0.723346
member,7337,9,8,0,1.191448,0.303781,0.365677,1.364919,2.755110,-0.185444,1.364919
member,42452,9,9,1,0.646763,0.523738,0.523738,1.660056,1.954864,1.541461,-1.660056
member,22971,4,6,0,1.152948,0.315705,0.441336,1.462825,2.686679,-0.335000,1.462825
member,37307,8,9,0,3.649974,0.025992,0.835836,0.704708,0.231222,-3.470652,0.704708
member,44971,1,8,0,2.209690,0.109735,0.239248,1.747088,0.070480,-0.779435,1.747088
member,5216,0,0,1,0.318271,0.727405,0.727405,1.008588,2.788570,1.782812,-1.008588
member,23622,3,3,1,0.850450,0.427223,0.427223,1.728527,1.503897,0.701256,-1.728527
member,41399,6,6,1,1.062428,0.345616,0.345616,1.850213,1.759575,0.552906,-1.850213
member,20310,6,6,1,0.984204,0.373737,0.373737,1.692729,2.328041,0.522140,-1.692729
member,657,9,9,1,0.943864,0.389121,0.389121,1.499669,2.324980,0.211085,-1.499669
member,35037,1,1,1,0.620087,0.537898,0.537898,1.495076,2.129586,1.290022,-1.495076
member,44827,1,8,0,4.182580,0.015259,0.762522,0.729009,0.255779,-3.911455,0.729009
member,15943,5,7,0,1.763098,0.171513,0.226280,1.883875,1.695377,-0.277118,1.883875
member,42013,6,6,1,1.083235,0.338499,0.338499,1.752238,2.187988,0.329134,-1.752238
member,28057,2,9,0,1.623133,0.197280,0.263964,2.040938,0.424035,-0.291189,2.040938
member,21871,1,0,0,2.281247,0.102157,0.396182,1.591569,0.078763,-1.355365,1.591569
member,7027,7,6,0,2.159538,0.115378,0.265993,1.874030,0.777259,-0.835253,1.874030
member,49785,9,1,0,3.343152,0.035325,0.518525,1.446713,-0.052714,-2.686384,1.446713
member,30812,6,7,0,1.823292,0.161493,0.221062,1.999610,1.108255,-0.313980,1.999610
member,35601,4,6,0,1.935615,0.144335,0.186740,2.148449,0.877204,-0.257577,2.148449
member,21546,8,0,0,1.619171,0.198063,0.250587,1.775551,0.773343,-0.235222,1.775551
member,14794,3,3,1,1.200018,0.301189,0.301189,1.769014,1.458674,0.029315,-1.769014
member,45053,3,1,0,1.611995,0.199489,0.283688,1.987707,1.119445,-0.352114,1.987707
member,3899,1,6,0,1.358349,0.257085,0.313374,1.852309,1.680775,-0.197990,1.852309
member,29368,4,9,0,3.522595,0.029523,0.596749,1.439431,-0.738129,-3.006335,1.439431
member,15625,4,4,1,0.880849,0.414431,0.414431,1.478824,3.676463,0.263823,-1.478824
member,46648,4,6,0,1.145631,0.318023,0.428888,1.416181,3.257134,-0.299072,1.416181
member,10284,8,7,0,2.777421,0.062199,0.353874,1.947845,-0.261267,-1.738608,1.947845
member,25873,7,6,0,2.495051,0.082492,0.237785,1.924244,0.482563,-1.058664,1.924244
member,18719,1,9,0,2.507704,0.081455,0.522977,1.664071,-0.153712,-1.859486,1.664071
member,14948,0,0,1,0.731421,0.481225,0.481225,1.485324,2.358725,0.582778,-1.485324
member,38343,5,0,0,4.920625,0.007295,0.630373,1.068738,-1.110447,-4.459181,1.068738
member,31303,5,6,0,2.072562,0.125863,0.311826,1.832643,1.570368,-0.907251,1.832643
member,6542,2,4,0,3.241580,0.039102,0.539877,1.403170,1.483410,-2.625166,1.403170
member,42690,6,6,1,1.328058,0.264991,0.264991,2.046142,1.320162,0.490688,-2.046142
member,5876,3,4,0,2.777671,0.062183,0.465939,1.611693,1.351219,-2.013970,1.611693
member,49324,5,6,0,1.798234,0.165591,0.405225,1.775809,1.463248,-0.894921,1.775809
member,15602,5,7,0,2.992162,0.050179,0.285573,1.978890,-0.342630,-1.738904,1.978890
member,23357,1,2,0,1.787989,0.167296,0.202808,2.021655,1.018863,-0.192495,2.021655
member,46342,6,0,0,3.184596,0.041395,0.421470,1.880712,-0.892690,-2.320589,1.880712
member,19127,0,7,0,1.727413,0.177744,0.200519,2.051140,0.586043,-0.120565,2.051140
member,34791,1,0,0,3.025991,0.048510,0.625528,1.075281,1.626307,-2.556832,1.075281
member,36359,1,1,1,0.508127,0.601621,0.601621,1.456316,2.557637,1.714269,-1.456316
member,18143,2,1,0,1.744591,0.174716,0.685674,1.062713,1.615534,-1.367238,1.062713
member,316,9,9,1,0.436957,0.645999,0.645999,1.002459,4.121646,1.350870,-1.002459
member,729,5,7,0,1.693681,0.183842,0.605793,1.335721,1.839571,-1.192464,1.335721
member,45882,5,9,0,3.434614,0.032238,0.330782,1.735658,-0.546366,-2.328319,1.735658
member,6215,5,5,1,1.167988,0.310992,0.310992,1.680182,2.689700,0.262788,-1.680182
member,17298,7,9,0,2.854318,0.057595,0.566195,1.508752,-0.448540,-2.285500,1.508752
member,1841,3,5,0,2.803905,0.060573,0.258938,2.034446,0.115567,-1.452738,2.034446
member,2386,3,7,0,2.090413,0.123636,0.314425,1.912405,0.544269,-0.933403,1.912405
member,21345,0,8,0,1.675243,0.187263,0.743450,0.798886,2.732081,-1.378789,0.798886
member,22114,2,7,0,3.600077,0.027322,0.347217,1.948923,-1.297452,-2.542272,1.948923
member,43745,2,4,0,2.558866,0.077392,0.224522,2.022625,0.399311,-1.065083,2.022625
member,5466,9,9,1,1.323985,0.266073,0.266073,1.843062,0.856012,0.215784,-1.843062
member,38365,2,6,0,2.297036,0.100556,0.391526,1.683753,1.794399,-1.359332,1.683753
member,46719,7,7,1,0.937312,0.391679,0.391679,1.835262,1.910297,0.836344,-1.835262
member,5540,2,0,0,1.935476,0.144356,0.452964,1.653380,-0.098653,-1.143533,1.653380
member,23562,9,9,1,0.318877,0.726965,0.726965,0.900864,3.926887,1.798990,-0.900864
member,23012,1,9,0,1.307105,0.270602,0.295612,1.844990,1.106425,-0.088398,1.844990
member,32741,2,4,0,1.670456,0.188161,0.312916,1.687087,2.513544,-0.508637,1.687087
member,14163,6,6,1,1.167601,0.311113,0.311113,1.913464,1.832279,0.383949,-1.913464
member,9062,0,0,1,1.162921,0.312572,0.312572,1.835218,1.179589,0.276521,-1.835218
member,28697,3,3,1,1.204470,0.299851,0.299851,1.819623,2.091374,0.024189,-1.819623
member,18490,4,0,0,5.241374,0.005293,0.367974,1.492589,-2.643456,-4.241630,1.492589
member,14825,9,1,0,1.897453,0.149950,0.560043,1.514056,0.763951,-1.317710,1.514056
member,49827,8,0,0,2.138397,0.117844,0.502265,1.622001,0.127076,-1.449769,1.622001
member,15679,7,7,1,0.839725,0.431829,0.431829,1.760687,1.669256,0.806115,-1.760687
member,7932,3,2,0,1.490205,0.225326,0.385175,1.749259,1.232809,-0.536148,1.749259
member,38880,3,2,0,3.499241,0.030220,0.371847,1.807065,-1.437571,-2.509968,1.807065
member,3002,5,4,0,2.614646,0.073194,0.365978,1.868067,0.410893,-1.609463,1.868067
member,31443,8,0,0,2.422165,0.088729,0.379599,1.876902,0.063355,-1.453525,1.876902
member,6262,6,2,0,1.863059,0.155197,0.422779,1.704359,0.511496,-1.002152,1.704359
member,3953,7,1,0,3.159434,0.042450,0.282218,2.073444,-0.675626,-1.894358,2.073444
member,45134,5,3,0,1.346707,0.260095,0.291841,1.833921,1.961074,-0.115162,1.833921
member,33478,0,9,0,2.632637,0.071889,0.592795,1.538003,-0.350229,-2.109731,1.538003
member,18553,4,4,1,1.110929,0.329253,0.329253,1.783410,2.469180,0.459996,-1.783410
member,24223,2,4,0,1.925353,0.145824,0.334683,1.978560,1.062761,-0.830781,1.978560
member,32041,9,9,1,0.650178,0.521953,0.521953,1.228437,2.582474,0.529282,-1.228437
member,26218,9,9,1,0.677944,0.507660,0.507660,1.566275,2.404070,1.118032,-1.566275
member,14632,5,1,0,2.171215,0.114039,0.226052,2.099509,0.414141,-0.684226,2.099509
member,17090,9,5,0,1.828220,0.160699,0.235079,1.952630,1.068904,-0.380386,1.952630
member,34426,1,1,1,1.139667,0.319926,0.319926,1.903660,1.657333,0.499361,-1.903660
member,9376,9,0,0,1.249526,0.286641,0.370704,1.531399,1.791475,-0.257176,1.531399
member,17780,5,4,0,1.790164,0.166933,0.232998,1.887127,1.502022,-0.333440,1.887127
member,10436,2,0,0,4.024447,0.017873,0.470017,1.648798,-1.390320,-3.269461,1.648798
member,7568,7,4,0,1.736144,0.176198,0.427951,1.635316,1.950729,-0.887398,1.635316
member,23549,6,4,0,1.619943,0.197910,0.324944,1.856697,1.501640,-0.495842,1.856697
member,1458,2,5,0,1.624034,0.197102,0.238912,1.998015,0.529966,-0.192374,1.998015
member,42296,4,6,0,1.790001,0.166960,0.304328,1.919295,1.564981,-0.600352,1.919295
member,34365,4,6,0,1.326182,0.265489,0.414290,1.543249,2.615376,-0.444994,1.543249
member,29308,1,1,1,0.965629,0.380744,0.380744,1.701262,2.095517,0.424804,-1.701262
member,4845,9,9,1,1.136807,0.320842,0.320842,1.942168,0.711921,0.397420,-1.942168
member,41960,0,0,1,1.540696,0.214232,0.214232,2.047731,0.185774,0.215551,-2.047731
member,38152,1,0,0,2.477551,0.083949,0.302750,1.913341,-0.378515,-1.282704,1.913341
member,24380,5,2,0,3.174482,0.041816,0.419293,1.827402,-0.515988,-2.305297,1.827402
member,38921,0,5,0,1.615094,0.198872,0.219165,2.020269,0.967288,-0.097162,2.020269
member,26538,8,0,0,1.485944,0.226289,0.402961,1.596180,1.240366,-0.577029,1.596180
member,5936,7,7,1,1.281551,0.277607,0.277607,1.985446,1.680768,0.598421,-1.985446
member,7673,1,1,1,0.153424,0.857766,0.857766,0.666259,3.959876,2.730942,-0.666259
member,40436,6,9,0,3.550640,0.028706,0.204179,2.050477,-1.124100,-1.961883,2.050477
member,35494,4,6,0,1.390934,0.248843,0.418295,1.561970,2.625974,-0.519366,1.561970
member,39591,5,6,0,3.402866,0.033278,0.470504,1.507168,0.182465,-2.648914,1.507168
member,14174,2,6,0,2.226602,0.107894,0.523906,1.408811,2.369649,-1.580158,1.408811
member,40381,9,9,1,0.777359,0.459618,0.459618,1.299942,3.344630,0.539494,-1.299942
member,23137,9,9,1,1.199140,0.301453,0.301453,1.926506,1.091412,0.171769,-1.926506
member,29628,9,0,0,1.799986,0.165301,0.292535,2.006325,0.193378,-0.570814,2.006325
member,32308,2,0,0,2.586669,0.075270,0.447897,1.797247,-0.522064,-1.783476,1.797247
member,30871,5,7,0,3.070376,0.046404,0.247658,1.952220,-0.579186,-1.674670,1.952220
member,28092,0,5,0,2.990294,0.050273,0.243119,2.149284,-0.592717,-1.576092,2.149284
member,32484,0,9,0,2.873084,0.056524,0.614856,1.431060,0.037044,-2.386716,1.431060
member,32812,6,2,0,1.682447,0.185919,0.284300,1.941037,0.909876,-0.424722,1.941037
member,25154,7,2,0,2.150891,0.116380,0.240827,2.016727,0.783470,-0.727215,2.016727
member,10153,1,1,1,1.170781,0.310125,0.310125,1.911912,1.677336,0.501771,-1.911912
member,25866,6,1,0,4.926900,0.007249,0.682953,1.251372,-1.364861,-4.545571,1.251372
member,15443,2,4,0,1.711510,0.180593,0.264266,1.853002,1.989631,-0.380712,1.853002
member,14192,2,2,1,0.710102,0.491594,0.491594,1.613221,2.542128,1.335079,-1.613221
member,13717,9,3,0,3.204861,0.040565,0.352257,1.992519,-1.128786,-2.161467,1.992519
member,17348,8,1,0,1.495874,0.224053,0.329604,1.617120,1.304986,-0.386009,1.617120
member,6420,1,9,0,1.283245,0.277137,0.292969,1.565848,1.826792,-0.055555,1.565848
member,38690,6,6,1,0.598658,0.549548,0.549548,1.407642,3.116883,1.210590,-1.407642
member,47430,8,0,0,2.716698,0.066093,0.855314,0.600725,1.364968,-2.560412,0.600725
member,34114,4,7,0,1.508438,0.221255,0.226689,1.966902,1.409617,-0.024263,1.966902
member,816,4,0,0,6.232274,0.001965,0.592626,1.410244,-3.561011,-5.709083,1.410244
member,13863,4,5,0,2.734790,0.064908,0.190288,2.170951,-0.529804,-1.075574,2.170951
member,49436,1,1,1,1.082613,0.338709,0.338709,1.722316,1.680404,0.125791,-1.722316
member,10587,3,6,0,2.482608,0.083525,0.588398,1.322270,1.743375,-1.952257,1.322270
member,49497,0,8,0,1.931123,0.144985,0.480826,1.306667,2.526698,-1.198874,1.306667
member,26517,6,6,1,0.859993,0.423165,0.423165,1.615864,2.817356,0.714350,-1.615864
member,5245,8,9,0,1.178673,0.307687,0.465636,1.392908,1.884502,-0.414322,1.392908
member,38331,9,3,0,1.845941,0.157877,0.247721,1.978434,1.139022,-0.450491,1.978434
member,48332,9,9,1,1.121312,0.325852,0.325852,1.719482,1.847307,0.380607,-1.719482
member,14926,2,9,0,2.275451,0.102751,0.403830,1.695996,0.446182,-1.368691,1.695996
member,49065,9,9,1,0.772652,0.461787,0.461787,1.700965,1.860464,1.246841,-1.700965
member,37864,9,8,0,1.045726,0.351437,0.472291,1.287887,2.176095,-0.295565,1.287887
member,23346,2,2,1,1.244883,0.287975,0.287975,1.964810,1.960210,0.594929,-1.964810
member,27036,7,7,1,1.510033,0.220903,0.220903,1.993462,1.169731,0.064766,-1.993462
member,40418,0,0,1,1.601536,0.201587,0.201587,2.076759,0.253733,0.126558,-2.076759
member,28961,5,6,0,2.100547,0.122389,0.267941,1.939813,0.653659,-0.783560,1.939813
member,23034,7,7,1,0.828701,0.436616,0.436616,1.711913,2.392674,0.655729,-1.711913
member,17324,7,7,1,0.466848,0.626975,0.626975,1.247342,3.205452,1.320435,-1.247342
member,44927,8,1,0,1.680456,0.186289,0.362164,1.760642,1.279305,-0.664799,1.760642
member,18246,1,9,0,1.747067,0.174284,0.278152,1.900219,0.942439,-0.467478,1.900219
member,21403,2,7,0,1.583966,0.205160,0.255592,1.923445,1.181122,-0.219793,1.923445
member,47287,4,9,0,4.880007,0.007597,0.521314,1.316118,-1.709657,-4.228604,1.316118
member,14710,8,8,1,0.912298,0.401600,0.401600,1.392056,2.144403,0.094341,-1.392056
member,6367,6,3,0,2.610067,0.073530,0.245916,2.036464,0.198689,-1.207303,2.036464
member,48395,5,7,0,1.516470,0.219485,0.226118,1.965894,1.207061,-0.029770,1.965894
member,42363,5,5,1,0.931499,0.393963,0.393963,1.909149,1.231658,0.952636,-1.909149
member,40888,3,3,1,1.275708,0.279233,0.279233,1.925161,1.270857,0.382089,-1.925161
member,31706,6,6,1,0.471753,0.623908,0.623908,1.273846,3.866123,1.501635,-1.273846
member,3378,1,9,0,4.847486,0.007848,0.778289,0.925436,-1.413629,-4.596828,0.925436
member,39487,5,3,0,1.833330,0.159880,0.263902,2.052950,0.465382,-0.501152,2.052950
member,13702,8,9,0,2.111995,0.120996,0.562684,1.569139,0.486593,-1.536958,1.569139
member,16883,6,1,0,3.555069,0.028579,0.312025,1.911019,-0.793156,-2.390396,1.911019
member,9656,3,4,0,4.088754,0.016760,0.467565,1.306681,0.888403,-3.328538,1.306681
member,40354,3,6,0,1.561866,0.209744,0.317259,1.717315,2.133301,-0.413827,1.717315
member,31378,9,9,1,0.578941,0.560492,0.560492,1.512153,1.821673,1.570752,-1.512153
member,28458,2,0,0,1.590869,0.203749,0.268478,1.787888,1.262995,-0.275884,1.787888
member,28446,7,3,0,4.538400,0.010690,0.626528,1.233619,-1.633997,-4.070838,1.233619
member,26889,5,0,0,1.646266,0.192768,0.218153,2.076450,0.648895,-0.123708,2.076450
member,20715,5,7,0,2.757089,0.063476,0.310493,1.811945,0.401835,-1.587496,1.811945
member,40604,7,7,1,0.720406,0.486555,0.486555,1.604135,2.232363,1.074028,-1.604135
member,45281,7,7,1,1.161247,0.313096,0.313096,1.827220,1.474926,0.106700,-1.827220
member,32111,8,9,0,4.472131,0.011423,0.397698,1.870577,-1.797685,-3.550069,1.870577
member,34348,9,9,1,0.832961,0.434760,0.434760,1.404379,2.365397,0.386066,-1.404379
member,15204,9,9,1,0.382066,0.682450,0.682450,1.234479,2.783728,1.983437,-1.234479
member,6892,7,1,0,2.134516,0.118302,0.263349,1.986268,0.857134,-0.800239,1.986268
member,22134,9,9,1,1.164918,0.311948,0.311948,1.915185,1.023202,0.343298,-1.915185
member,44141,0,0,1,0.132412,0.875980,0.875980,0.554976,3.965951,2.745535,-0.554976
member,3028,5,7,0,3.129351,0.043746,0.362786,1.590462,-0.244726,-2.115408,1.590462
member,16297,0,9,0,3.497412,0.030276,0.467187,1.612497,-0.962679,-2.736387,1.612497
member,32721,0,9,0,1.389194,0.249276,0.548490,1.291579,1.819234,-0.788608,1.291579
member,25134,6,6,1,1.533072,0.215872,0.215872,2.059658,1.164594,0.122455,-2.059658
member,9055,8,8,1,0.676576,0.508355,0.508355,0.779669,4.786179,0.065246,-0.779669
member,34885,2,0,0,2.458168,0.085592,0.434497,1.802245,-0.515115,-1.624601,1.802245
member,16228,3,8,0,4.909754,0.007374,0.282507,1.687674,-2.184415,-3.645704,1.687674
member,11281,7,7,1,1.082208,0.338847,0.338847,1.884744,1.254065,0.649079,-1.884744
member,25573,8,9,0,1.327478,0.265145,0.481770,1.391678,1.423010,-0.597189,1.391678
member,36501,0,0,1,0.234945,0.790614,0.790614,0.842878,3.625157,2.282958,-0.842878
member,48210,9,9,1,0.662220,0.515705,0.515705,1.259584,2.695713,0.619148,-1.259584
member,43417,1,0,0,4.069838,0.017080,0.958869,0.233692,0.729251,-4.027838,0.233692
member,46464,8,0,0,1.501147,0.222874,0.353648,1.739680,1.088718,-0.461694,1.739680
member,16703,3,6,0,2.023561,0.132184,0.236178,1.954836,1.127380,-0.580392,1.954836
member,32458,1,6,0,3.689938,0.024974,0.600844,1.336506,0.945312,-3.180518,1.336506
member,6161,1,1,1,0.128748,0.879195,0.879195,0.619284,3.867565,3.281119,-0.619284
member,42991,1,6,0,6.298811,0.001838,0.502812,1.461763,-1.992278,-5.611272,1.461763
member,19306,7,9,0,2.804595,0.060531,0.319828,1.894956,0.089328,-1.664623,1.894956
member,48551,7,8,0,3.404051,0.033238,0.427684,1.505509,-0.517038,-2.554680,1.505509
member,40377,4,2,0,3.092682,0.045380,0.328923,1.746923,0.052368,-1.980752,1.746923
member,39953,1,9,0,3.014357,0.049077,0.426202,1.441243,-0.343167,-2.161515,1.441243
member,4988,8,8,1,0.518854,0.595202,0.595202,0.930217,4.359986,0.531816,-0.930217
member,19075,3,8,0,5.982146,0.002523,0.432242,1.345049,-2.323368,-5.143377,1.345049
member,20182,8,1,0,1.949617,0.142329,0.320576,1.737040,1.548092,-0.811980,1.737040
member,38819,5,5,1,1.387567,0.249682,0.249682,1.934845,1.133755,0.002823,-1.934845
member,19432,9,8,0,1.005790,0.365755,0.511518,1.022089,4.272140,-0.335417,1.022089
member,36918,9,9,1,0.835172,0.433800,0.433800,1.784477,1.602601,1.049004,-1.784477
member,19482,6,6,1,0.806312,0.446502,0.446502,1.571884,3.440229,0.867515,-1.571884
member,39058,1,1,1,1.309936,0.269837,0.269837,1.878365,1.224787,0.089307,-1.878365
member,39446,5,0,0,3.239742,0.039174,0.465633,1.699038,-0.706051,-2.475385,1.699038
member,22156,9,3,0,2.771866,0.062545,0.249949,2.007631,-0.112848,-1.385366,2.007631
member,37811,2,3,0,2.589753,0.075039,0.290642,1.853977,0.665603,-1.354089,1.853977
member,12290,5,2,0,1.721117,0.178866,0.233529,1.991097,0.521119,-0.266669,1.991097
member,36128,1,1,1,0.229652,0.794810,0.794810,0.938525,3.146350,2.933949,-0.938525
member,2296,6,1,0,3.655394,0.025851,0.240263,2.061173,-1.353639,-2.229373,2.061173
member,3831,0,0,1,0.526405,0.590725,0.590725,1.388542,2.376225,1.472983,-1.388542
member,33222,4,7,0,2.475682,0.084106,0.200569,2.148544,0.248715,-0.869086,2.148544
member,11494,5,2,0,1.576679,0.206660,0.214102,2.085660,0.838127,-0.035376,2.085660
member,20790,0,9,0,2.505957,0.081598,0.587386,1.495569,-0.314173,-1.973883,1.495569
member,44315,9,1,0,1.731121,0.177086,0.314472,1.575453,1.011279,-0.574259,1.575453
member,38884,7,1,0,3.254997,0.038581,0.330560,1.764771,-0.228860,-2.148029,1.764771
member,3434,7,6,0,1.347974,0.259766,0.343005,1.758571,1.468066,-0.277964,1.758571
member,38207,1,9,0,4.054976,0.017336,0.793630,0.708754,-0.155447,-3.823838,0.708754
member,3077,4,7,0,3.007975,0.049392,0.274265,2.099628,-0.365360,-1.714315,2.099628
member,1107,2,4,0,1.856199,0.156265,0.421517,1.483621,2.564407,-0.992304,1.483621
member,16655,9,0,0,1.133198,0.322002,0.491925,1.289948,1.789354,-0.423769,1.289948
member,45226,4,6,0,1.335811,0.262945,0.329658,1.804904,1.904597,-0.226112,1.804904
member,25830,2,4,0,1.775680,0.169368,0.322347,1.659513,2.209882,-0.643552,1.659513
member,21503,8,8,1,0.564967,0.568379,0.568379,1.252772,2.831843,0.926026,-1.252772
member,46860,7,7,1,1.037426,0.354366,0.354366,1.822388,1.590316,0.282052,-1.822388
member,2146,6,6,1,0.539088,0.583280,0.583280,1.442522,2.786416,1.585900,-1.442522
member,36814,5,3,0,2.400315,0.090689,0.344290,1.876772,0.479268,-1.334043,1.876772
member,25283,7,7,1,1.038218,0.354085,0.354085,1.969463,1.374049,0.850939,-1.969463
member,27040,9,9,1,0.829671,0.436193,0.436193,1.603433,2.025113,0.599538,-1.603433
member,46778,4,3,0,1.707471,0.181324,0.247884,1.785237,1.719145,-0.312677,1.785237
member,45189,4,2,0,1.769330,0.170447,0.286627,1.872880,0.970859,-0.519755,1.872880
member,18145,8,8,1,0.417080,0.658968,0.658968,0.968046,3.900573,1.077974,-0.968046
member,27707,9,9,1,0.740815,0.476725,0.476725,1.671512,1.882084,1.358070,-1.671512
member,46651,9,7,0,2.065600,0.126742,0.186639,2.048971,0.897394,-0.387019,2.048971
member,7762,6,9,0,4.746799,0.008679,0.422799,1.764094,-2.318617,-3.885940,1.764094
member,29632,4,8,0,5.363848,0.004683,0.478889,1.531172,-2.715647,-4.627561,1.531172
member,8145,9,9,1,0.800728,0.449002,0.449002,1.532089,1.738183,0.474657,-1.532089
member,40439,7,2,0,2.223399,0.108241,0.244869,1.907920,0.876731,-0.816366,1.907920
member,13039,7,7,1,0.992081,0.370804,0.370804,1.806083,2.108267,0.609403,-1.806083
member,34037,0,0,1,0.242606,0.784581,0.784581,0.604550,5.908081,1.388368,-0.604550
member,36290,6,9,0,2.728196,0.065337,0.291544,1.980130,-0.109161,-1.495633,1.980130
member,27907,9,1,0,1.263744,0.282594,0.404867,1.318155,2.191940,-0.359549,1.318155
member,24656,5,5,1,1.075382,0.341167,0.341167,1.789553,2.154999,0.391226,-1.789553
member,16993,9,8,0,2.113389,0.120828,0.770490,0.803062,2.078175,-1.852661,0.803062
member,5345,4,4,1,0.879112,0.415151,0.415151,1.740087,2.733871,1.121984,-1.740087
member,5165,2,6,0,2.243320,0.106106,0.740617,1.001953,2.258469,-1.943049,1.001953
member,34825,8,8,1,0.719054,0.487213,0.487213,1.598846,1.688543,0.844117,-1.598846
member,1675,2,9,0,2.188781,0.112053,0.392223,1.906388,-0.087629,-1.252856,1.906388
member,31689,4,6,0,2.075374,0.125509,0.301811,1.835870,1.336824,-0.877420,1.835870
member,4146,3,3,1,1.370323,0.254025,0.254025,2.049379,1.499997,0.568525,-2.049379
member,31935,1,1,1,1.108302,0.330119,0.330119,1.807659,2.042069,0.068478,-1.807659
member,18393,3,4,0,2.265272,0.103802,0.448505,1.457432,1.921499,-1.463435,1.457432
member,4707,4,0,0,6.541772,0.001442,0.899238,0.485921,-1.897707,-6.435565,0.485921
member,2585,9,8,0,1.789680,0.167014,0.384499,1.667016,1.184068,-0.833866,1.667016
member,28117,7,7,1,0.900220,0.406480,0.406480,1.902943,1.979765,0.994506,-1.902943
member,42179,0,0,1,0.831922,0.435212,0.435212,1.164632,2.681638,0.010622,-1.164632
member,31618,9,6,0,4.367301,0.012685,0.769560,0.942377,-0.419856,-4.105365,0.942377
member,35763,0,0,1,0.020842,0.979374,0.979374,0.124256,6.247994,4.476857,-0.124256
member,22581,8,8,1,0.789525,0.454061,0.454061,1.069054,3.119730,0.042645,-1.069054
member,13835,0,3,0,3.171083,0.041958,0.331262,1.844137,-0.658433,-2.066237,1.844137
member,12044,2,9,0,2.230118,0.107516,0.304162,2.042851,-0.386816,-1.039922,2.042851
member,30767,2,0,0,1.931684,0.144904,0.325306,1.964314,0.778681,-0.808696,1.964314
member,7128,3,3,1,1.648636,0.192312,0.192312,2.188088,0.438992,0.198296,-2.188088
member,22783,4,7,0,3.094895,0.045280,0.299759,1.730617,0.288405,-1.890120,1.730617
member,23250,3,3,1,0.965074,0.380955,0.380955,1.833933,2.544976,0.623674,-1.833933
member,23885,3,0,0,2.042758,0.129671,0.178778,2.166448,0.127475,-0.321150,2.166448
member,40093,8,8,1,0.585577,0.556785,0.556785,1.365570,1.991822,1.201230,-1.365570
member,31011,1,1,1,0.706805,0.493218,0.493218,1.422960,2.179443,1.051398,-1.422960
member,12082,5,5,1,0.940893,0.390279,0.390279,1.604697,2.402795,0.208865,-1.604697
member,7786,9,9,1,0.966962,0.380236,0.380236,1.930079,1.418881,1.139654,-1.930079
member,5729,5,6,0,3.903271,0.020176,0.543383,1.523308,-0.757326,-3.293330,1.523308
member,13963,9,8,0,1.080930,0.339280,0.529056,1.051291,3.920584,-0.444269,1.051291
member,49261,6,6,1,1.121432,0.325813,0.325813,1.653756,2.915930,0.219385,-1.653756
member,5121,7,2,0,4.642596,0.009633,0.563724,1.465386,-1.123978,-4.069405,1.465386
member,10339,7,6,0,1.568138,0.208433,0.331975,1.793111,1.890544,-0.465442,1.793111
member,2820,8,9,0,1.373094,0.253322,0.655494,0.978787,2.276634,-0.950727,0.978787
member,32607,3,6,0,1.488808,0.225641,0.419816,1.692886,1.706236,-0.620868,1.692886
member,1034,9,8,0,1.514130,0.220000,0.449902,1.474268,1.431041,-0.715404,1.474268
member,233,0,9,0,2.381772,0.092387,0.346552,1.868947,0.045897,-1.322050,1.868947
member,20696,2,6,0,1.519558,0.218809,0.343810,1.855974,1.195451,-0.451893,1.855974
member,45286,4,6,0,2.398964,0.090812,0.270589,2.009438,0.350356,-1.091809,2.009438
member,29064,7,4,0,1.463655,0.231389,0.386041,1.752437,1.442326,-0.511844,1.752437
member,16381,8,9,0,4.175189,0.015372,0.672101,1.089126,-1.204046,-3.777843,1.089126
member,36641,1,1,1,0.143204,0.866577,0.866577,0.614359,4.002982,3.005094,-0.614359
member,11933,5,1,0,1.404819,0.245412,0.322909,1.884036,1.190694,-0.274434,1.884036
member,49557,0,5,0,1.992232,0.136391,0.166392,2.160980,0.232741,-0.198823,2.160980
member,1319,0,0,1,0.666789,0.513354,0.513354,0.770956,5.561533,0.083273,-0.770956
member,19421,6,2,0,1.638105,0.194348,0.232865,1.879908,1.233557,-0.180808,1.879908
member,14194,0,9,0,2.973217,0.051139,0.486638,1.449683,0.024564,-2.252982,1.449683
member,27211,0,9,0,1.296551,0.273473,0.323288,1.674546,0.972369,-0.167340,1.674546
member,23943,4,6,0,1.440287,0.236860,0.415846,1.608021,2.054432,-0.562846,1.608021
member,30570,1,9,0,3.463413,0.031323,0.386999,1.415433,-0.320781,-2.514080,1.415433
member,24191,1,1,1,0.914946,0.400538,0.400538,1.777625,2.078167,0.769709,-1.777625
member,42795,4,4,1,1.378422,0.251976,0.251976,1.749319,2.225124,0.122420,-1.749319
member,23407,1,9,0,2.351453,0.095231,0.409571,1.749130,-0.094375,-1.458807,1.749130
member,756,9,9,1,0.437787,0.645463,0.645463,1.336013,2.672301,1.953356,-1.336013
member,27669,8,0,0,2.790712,0.061377,0.365330,1.804527,-0.413697,-1.783759,1.804527
member,5553,3,4,0,1.683345,0.185752,0.407285,1.582475,1.800381,-0.785104,1.582475
member,33456,8,9,0,4.124501,0.016172,0.225452,2.078388,-1.555657,-2.634853,2.078388
member,41063,1,8,0,1.859338,0.155776,0.446899,1.399604,1.313959,-1.053916,1.399604
member,18337,9,9,1,0.928608,0.395103,0.395103,1.753509,1.972576,0.590686,-1.753509
member,5042,4,4,1,1.503736,0.222298,0.222298,2.006706,1.563624,0.129770,-2.006706
member,20135,6,6,1,0.586114,0.556486,0.556486,1.337738,3.522022,0.969862,-1.337738
member,6491,3,0,0,1.760259,0.172000,0.283499,2.007362,0.337434,-0.499712,2.007362
member,18129,6,4,0,1.464434,0.231209,0.245447,1.855604,1.603840,-0.059762,1.855604
member,30128,6,4,0,1.069859,0.343057,0.381223,1.479391,3.131525,-0.105487,1.479391
member,38903,3,2,0,1.950811,0.142159,0.298452,2.051255,0.837545,-0.741664,2.051255
member,14129,1,8,0,4.124107,0.016178,0.477889,1.166710,0.347608,-3.385731,1.166710
member,28147,5,3,0,2.445392,0.086692,0.192452,2.031294,0.689157,-0.797484,2.031294
member,6689,5,2,0,2.369551,0.093523,0.307858,1.943752,-0.115470,-1.191433,1.943752
member,9693,8,9,0,2.691351,0.067789,0.617533,1.251511,0.241995,-2.209329,1.251511
member,39652,1,9,0,3.974955,0.018780,0.411981,1.444814,-0.540095,-3.088177,1.444814
member,811,8,8,1,1.204026,0.299984,0.299984,1.691481,1.319404,0.167081,-1.691481
member,28624,9,7,0,1.316448,0.268086,0.351118,1.575364,1.615937,-0.269815,1.575364
member,27745,1,9,0,1.625574,0.196799,0.270056,1.905818,1.231327,-0.316448,1.905818
member,23713,9,9,1,0.447090,0.639487,0.639487,1.064556,3.142293,0.977695,-1.064556
member,13504,8,9,0,2.389712,0.091656,0.409017,1.892653,-0.079900,-1.495714,1.892653
member,13797,6,2,0,3.443802,0.031943,0.289950,2.012071,-0.984840,-2.205754,2.012071
member,33256,6,6,1,1.428394,0.239694,0.239694,1.944210,1.608937,0.293684,-1.944210
member,9720,3,1,0,1.261140,0.283331,0.323348,1.813273,2.077252,-0.132114,1.813273
member,44136,0,0,1,0.645332,0.524488,0.524488,1.201238,2.348400,0.446297,-1.201238
member,8317,9,9,1,0.629056,0.533095,0.533095,1.283230,2.327965,0.586573,-1.283230
member,36325,0,1,0,2.043522,0.129571,0.368460,1.642052,0.815436,-1.045100,1.642052
member,48421,5,2,0,2.767087,0.062845,0.341326,1.830958,0.864681,-1.692170,1.830958
member,39927,0,0,1,0.069734,0.932641,0.932641,0.320311,5.490167,3.091879,-0.320311
member,2630,1,1,1,1.466485,0.230735,0.230735,2.011948,1.149935,0.142885,-2.011948
member,18014,4,4,1,1.340606,0.261687,0.261687,2.125349,1.449587,0.610969,-2.125349
member,24531,6,6,1,0.284088,0.752700,0.752700,0.890649,5.326394,1.702297,-0.890649
member,8677,4,1,0,2.816789,0.059798,0.306282,2.004308,-0.260181,-1.633538,2.004308
member,1618,5,3,0,1.862557,0.155275,0.174378,2.188637,-0.238674,-0.116027,2.188637
member,21723,0,0,1,1.059313,0.346694,0.346694,1.753931,1.778159,0.156586,-1.753931
member,20564,4,6,0,3.446932,0.031843,0.834692,0.693829,1.972556,-3.266240,0.693829
member,16171,7,0,0,1.906436,0.148609,0.232181,1.940659,0.422314,-0.446196,1.940659
member,8489,8,0,0,2.393843,0.091278,0.363905,1.843698,-0.100732,-1.382981,1.843698
member,16338,1,6,0,3.695178,0.024843,0.229966,2.056103,-1.286197,-2.225355,2.056103
member,5455,3,2,0,1.539402,0.214509,0.308402,1.899420,0.928498,-0.363052,1.899420
member,35813,9,9,1,0.477604,0.620268,0.620268,1.338525,2.237901,1.389333,-1.338525
member,48471,9,9,1,0.434474,0.647605,0.647605,1.111861,3.074589,1.398259,-1.111861
member,22750,4,5,0,3.822574,0.021871,0.273482,2.046046,-1.577418,-2.526056,2.046046
member,7831,7,9,0,2.433959,0.087689,0.803205,0.813218,1.155914,-2.214814,0.813218
member,16694,2,3,0,2.409245,0.089883,0.427312,1.651180,0.796984,-1.559005,1.651180
member,23467,9,9,1,1.096988,0.333875,0.333875,1.857804,1.570926,0.328460,-1.857804
member,5627,1,1,1,1.472176,0.229426,0.229426,2.115477,0.845238,0.421374,-2.115477
member,4222,8,8,1,0.912083,0.401687,0.401687,1.667825,1.898269,0.487286,-1.667825
member,35609,5,5,1,1.456478,0.233056,0.233056,2.012826,1.333118,0.211896,-2.012826
member,21130,5,4,0,2.893242,0.055396,0.418686,1.634963,0.873567,-2.022608,1.634963
member,18856,5,6,0,1.179580,0.307408,0.396374,1.572656,2.660702,-0.254183,1.572656
member,42678,0,9,0,2.286905,0.101580,0.637630,0.995138,1.676197,-1.836908,0.995138
member,10639,8,9,0,1.213128,0.297266,0.348169,1.451046,1.709340,-0.158060,1.451046
member,10613,8,8,1,0.864836,0.421121,0.421121,1.600621,1.261403,0.443272,-1.600621
member,45809,8,7,0,4.250045,0.014264,0.281447,1.875991,-1.230392,-2.982235,1.875991
member,18478,5,3,0,2.531671,0.079526,0.291390,1.885088,0.419387,-1.298579,1.885088
member,5762,2,0,0,3.270381,0.037992,0.761669,0.907671,0.248148,-2.998138,0.907671
member,26689,3,9,0,2.505244,0.081656,0.568516,1.501642,-0.281837,-1.940518,1.501642
member,44532,5,5,1,1.056667,0.347612,0.347612,1.764697,2.682430,0.467914,-1.764697
member,45317,1,7,0,2.085860,0.124200,0.271404,2.000804,0.845390,-0.781712,2.000804
member,44236,8,1,0,2.084852,0.124326,0.251852,1.998783,0.386897,-0.705939,1.998783
member,17596,6,3,0,1.936239,0.144245,0.341255,1.748123,1.760646,-0.861113,1.748123
member,45087,7,6,0,1.379345,0.251743,0.256716,1.910224,1.414959,-0.019559,1.910224
member,40910,0,0,1,0.722282,0.485643,0.485643,1.317919,2.221738,0.489491,-1.317919
member,22038,9,9,1,0.241123,0.785745,0.785745,0.822990,3.442132,2.321972,-0.822990
member,23254,0,8,0,1.771459,0.170085,0.292636,1.635240,1.193368,-0.542633,1.635240
member,45133,4,6,0,1.285833,0.276420,0.303437,1.805569,2.108912,-0.093252,1.805569
member,27771,5,5,1,1.019347,0.360831,0.360831,1.819850,1.960771,0.633736,-1.819850
member,10276,1,1,1,1.116115,0.327550,0.327550,1.738532,2.250844,0.304048,-1.738532
member,10241,2,6,0,2.242500,0.106193,0.428215,1.425103,1.879954,-1.394371,1.425103
member,210,6,6,1,1.373877,0.253124,0.253124,2.031462,0.767309,0.123476,-2.031462
member,28976,5,1,0,2.197009,0.111135,0.333635,1.909601,0.248572,-1.099300,1.909601
member,39435,0,9,0,1.653359,0.191406,0.329017,1.865346,0.696884,-0.541713,1.865346
member,43447,1,4,0,1.976201,0.138595,0.226453,1.973043,0.851521,-0.490983,1.973043
member,43061,1,9,0,2.115029,0.120630,0.516377,1.555945,0.343269,-1.454111,1.555945
member,36050,9,9,1,0.323930,0.723301,0.723301,1.151560,2.613170,2.442775,-1.151560
member,13687,6,6,1,0.688085,0.502537,0.502537,1.394888,3.656292,0.631973,-1.394888
member,26071,5,3,0,1.354060,0.258190,0.260843,1.752151,2.287023,-0.010224,1.752151
member,3022,5,5,1,0.800237,0.449222,0.449222,1.544778,3.668762,0.760619,-1.544778
member,4110,3,0,0,4.092208,0.016702,0.642669,1.297836,-1.395759,-3.650083,1.297836
member,19011,0,0,1,0.166215,0.846865,0.846865,0.606125,4.092802,2.154994,-0.606125
member,15838,9,1,0,2.461321,0.085322,0.187274,2.162905,-0.032927,-0.786139,2.162905
member,46039,9,4,0,3.773679,0.022967,0.454079,1.597679,0.425627,-2.984195,1.597679
member,6756,8,9,0,1.478439,0.227993,0.497119,1.563525,0.813470,-0.779514,1.563525
member,18806,8,8,1,0.565297,0.568191,0.568191,1.478138,2.055595,1.518999,-1.478138
member,32676,8,0,0,1.211276,0.297817,0.507606,1.170596,2.577137,-0.533226,1.170596
member,42726,1,9,0,1.959622,0.140912,0.407326,1.340935,1.621488,-1.061482,1.340935
member,11065,7,4,0,2.330091,0.097287,0.460510,1.549441,1.827826,-1.554671,1.549441
member,17179,4,0,0,4.530374,0.010777,0.308560,1.880309,-3.045236,-3.354535,1.880309
member,27737,2,4,0,1.820429,0.161956,0.341775,1.651132,1.895147,-0.746826,1.651132
member,24456,8,8,1,0.593136,0.552592,0.552592,1.129665,3.739985,0.799410,-1.129665
member,36004,0,0,1,0.496561,0.608620,0.608620,1.276885,2.481118,1.106188,-1.276885
member,36082,5,8,0,2.283151,0.101962,0.261159,2.115737,-0.306877,-0.940526,2.115737
member,41990,2,7,0,1.890359,0.151018,0.273790,1.895976,0.391299,-0.594965,1.895976
member,14411,6,6,1,0.713929,0.489717,0.489717,1.387044,3.914514,0.813860,-1.387044
member,8530,2,7,0,2.588109,0.075162,0.231658,2.005200,0.363958,-1.125615,2.005200
member,33306,5,4,0,1.425075,0.240490,0.412504,1.615180,2.260268,-0.539567,1.615180
member,23783,9,9,1,0.496002,0.608960,0.608960,1.368434,2.958856,1.620361,-1.368434
member,14337,5,6,0,3.666276,0.025572,0.374889,1.640400,0.138098,-2.685149,1.640400
member,22954,8,9,0,1.738301,0.175819,0.313329,1.589922,0.835189,-0.577801,1.589922
member,36823,6,3,0,1.817105,0.162496,0.303313,2.034357,1.206507,-0.624116,2.034357
member,11450,5,7,0,1.861458,0.155446,0.190766,2.055364,0.239750,-0.204748,2.055364
member,7258,2,9,0,7.419527,0.000599,0.707700,0.859566,-2.067138,-7.073792,0.859566
member,42764,9,9,1,0.433642,0.648144,0.648144,1.063092,3.397231,1.261061,-1.063092
member,49141,7,4,0,3.250188,0.038767,0.567829,1.253390,1.741063,-2.684254,1.253390
member,18603,0,0,1,0.015818,0.984307,0.984307,0.096079,7.423806,4.612570,-0.096079
member,3031,5,6,0,2.962260,0.051702,0.246032,2.077786,-0.364636,-1.559965,2.077786
member,46317,6,4,0,1.366341,0.255038,0.460758,1.510162,2.878136,-0.591459,1.510162
member,7229,5,7,0,1.031997,0.356295,0.392232,1.567671,1.198499,-0.096095,1.567671
member,116,0,9,0,1.811088,0.163476,0.418444,1.614471,0.614544,-0.939876,1.614471
member,9246,6,1,0,2.928969,0.053452,0.429367,1.779919,-0.641907,-2.083526,1.779919
member,19475,4,4,1,0.786257,0.455547,0.455547,1.281311,4.417869,0.454425,-1.281311
member,18809,6,6,1,0.663006,0.515300,0.515300,1.616206,2.120833,1.218423,-1.616206
member,24556,6,4,0,3.942995,0.019390,0.423064,1.770837,-1.098162,-3.082764,1.770837
member,3795,3,5,0,1.250536,0.286351,0.317030,1.717638,1.707308,-0.101777,1.717638
member,46265,3,5,0,2.183071,0.112695,0.299209,2.037559,0.232544,-0.976459,2.037559
member,47402,0,0,1,0.929448,0.394772,0.394772,1.828920,0.953102,0.945293,-1.828920
member,12414,0,6,0,5.874915,0.002809,0.246571,1.908472,-2.660658,-4.474808,1.908472
member,5879,6,2,0,1.886490,0.151603,0.274634,1.999830,0.850628,-0.594175,1.999830
member,13396,3,1,0,3.716068,0.024329,0.425987,1.819920,-0.982790,-2.862721,1.819920
member,30392,9,2,0,3.192914,0.041052,0.250472,1.947527,-0.296566,-1.808505,1.947527
member,38491,1,7,0,2.312768,0.098987,0.172195,2.114464,0.104207,-0.553641,2.114464
member,6802,2,7,0,4.148715,0.015785,0.556340,1.229235,-0.495219,-3.562340,1.229235
member,25304,7,1,0,2.571143,0.076448,0.487870,1.721370,0.214016,-1.853436,1.721370
member,34697,1,1,1,0.885470,0.412520,0.412520,1.802589,1.894715,0.788407,-1.802589
member,8586,5,2,0,3.148299,0.042925,0.278122,1.890043,-0.159965,-1.868605,1.890043
member,45078,6,4,0,1.256516,0.284644,0.370695,1.594314,2.925508,-0.264142,1.594314
member,48407,4,2,0,3.375479,0.034202,0.325421,1.873758,-1.168086,-2.252844,1.873758
member,5625,4,6,0,1.530881,0.216345,0.504824,1.399042,2.979175,-0.847336,1.399042
member,10342,9,9,1,0.624344,0.535612,0.535612,1.573776,1.855133,1.494614,-1.573776
member,15695,2,4,0,2.020452,0.132596,0.347114,1.837693,1.168901,-0.962351,1.837693
member,17258,9,9,1,0.689551,0.501802,0.501802,1.608238,2.371453,1.331585,-1.608238
member,34824,4,9,0,3.721473,0.024198,0.326843,1.786428,-1.043190,-2.603199,1.786428
member,39719,0,0,1,0.257050,0.773329,0.773329,0.922220,2.688992,2.451756,-0.922220
member,47284,3,4,0,1.372194,0.253550,0.255434,1.793053,2.422247,-0.007401,1.793053
member,35249,8,9,0,1.139823,0.319876,0.402899,1.476086,1.696942,-0.230755,1.476086
member,5920,5,9,0,3.105226,0.044814,0.418451,1.816272,-0.866876,-2.234031,1.816272
member,14625,6,6,1,0.982470,0.374385,0.374385,1.740225,2.265703,0.531371,-1.740225
member,16113,0,0,1,0.635067,0.529900,0.529900,0.701944,8.367299,0.122544,-0.701944
member,7266,5,4,0,3.950344,0.019248,0.354570,1.387288,0.792325,-2.913495,1.387288
member,36754,9,4,0,4.399910,0.012278,0.354316,1.700736,-0.712283,-3.362343,1.700736
member,14982,8,9,0,2.012776,0.133617,0.337204,1.682534,0.677651,-0.925709,1.682534
member,75,1,9,0,2.097338,0.122783,0.161219,2.156306,0.654899,-0.272349,2.156306
member,35250,4,6,0,2.315825,0.098685,0.770292,0.897213,2.527311,-2.054839,0.897213
member,26830,4,4,1,0.765380,0.465157,0.465157,1.578181,2.958765,0.648959,-1.578181
member,44839,7,2,0,2.411088,0.089718,0.300353,1.794793,0.854572,-1.208292,1.794793
member,1124,3,5,0,1.935963,0.144285,0.167088,2.184451,0.425229,-0.146726,2.184451
member,25981,5,6,0,2.588996,0.075095,0.396583,1.673979,0.931446,-1.664125,1.673979
member,42314,4,8,0,3.909438,0.020052,0.440290,1.762411,-1.535328,-3.089117,1.762411
member,16454,9,9,1,1.497933,0.223592,0.223592,2.136860,0.656035,0.346755,-2.136860
member,45755,9,9,1,0.388931,0.677781,0.677781,1.029478,3.072506,1.253778,-1.029478
member,6427,2,0,0,3.102911,0.044918,0.341538,1.796284,-0.294938,-2.028613,1.796284
member,27934,0,0,1,0.987739,0.372418,0.372418,1.889612,0.723942,0.788551,-1.889612
member,30843,9,3,0,2.349764,0.095392,0.228480,2.020424,0.445238,-0.873460,2.020424
member,30081,2,6,0,2.893067,0.055406,0.367126,1.787897,0.566924,-1.891017,1.787897
member,15006,5,1,0,1.925976,0.145733,0.228796,2.161979,0.356790,-0.451050,2.161979
member,34082,4,4,1,0.679391,0.506925,0.506925,1.409572,3.364260,0.931119,-1.409572
member,40402,8,0,0,1.557842,0.210590,0.656882,0.971549,2.414040,-1.137591,0.971549
member,47394,3,2,0,2.032822,0.130965,0.214895,2.096325,0.494235,-0.495217,2.096325
member,28703,0,0,1,0.557037,0.572904,0.572904,1.404066,1.545303,1.153164,-1.404066
member,35848,6,6,1,0.932327,0.393637,0.393637,1.695822,1.874241,0.363923,-1.695822
member,47720,5,6,0,2.333192,0.096986,0.363866,1.800698,0.669910,-1.322222,1.800698
member,29395,3,2,0,2.207595,0.109965,0.375594,1.790297,1.317821,-1.228349,1.790297
member,14579,5,0,0,1.880108,0.152574,0.219223,2.106151,0.047420,-0.362440,2.106151
member,17900,2,6,0,1.688182,0.184855,0.286902,1.861291,1.478996,-0.439565,1.861291
member,194,2,0,0,3.033697,0.048137,0.705344,1.116463,0.136835,-2.684628,1.116463
member,48182,1,9,0,2.545854,0.078406,0.590632,1.243260,0.658774,-2.019292,1.243260
member,30799,4,9,0,5.152573,0.005785,0.477314,1.611294,-3.143206,-4.412992,1.611294
member,19219,8,1,0,2.198570,0.110962,0.281329,2.102288,0.344867,-0.930340,2.102288
member,46098,7,4,0,1.738385,0.175804,0.284056,1.909145,1.328464,-0.479799,1.909145
member,2813,7,0,0,1.936088,0.144267,0.387832,1.884511,0.066739,-0.988905,1.884511
member,20370,8,9,0,2.095299,0.123034,0.420217,1.749165,0.015341,-1.228314,1.749165
member,6537,6,6,1,0.486806,0.614586,0.614586,1.299570,3.718697,1.575856,-1.299570
member,2664,9,9,1,0.831165,0.435542,0.435542,1.650158,2.311899,0.675486,-1.650158
member,22856,9,9,1,0.238340,0.787934,0.787934,0.768401,3.028411,1.688420,-0.768401
member,11617,3,0,0,1.638447,0.194282,0.367580,1.821020,0.938104,-0.637633,1.821020
member,2952,8,2,0,4.796259,0.008261,0.217889,1.981120,-1.970067,-3.272489,1.981120
member,45701,4,5,0,2.115452,0.120579,0.312625,1.933043,0.903352,-0.952700,1.933043
member,12058,2,5,0,1.957579,0.141200,0.433097,1.677779,1.138762,-1.120785,1.677779
member,29338,0,0,1,0.462790,0.629525,0.629525,1.367399,2.092706,1.906170,-1.367399
member,45490,7,1,0,2.777208,0.062212,0.298372,1.986314,-0.259368,-1.567795,1.986314
member,26378,4,7,0,3.017999,0.048899,0.268394,2.081092,-0.828295,-1.702700,2.081092
member,27861,8,0,0,1.056735,0.347589,0.375072,1.369149,2.562893,-0.076097,1.369149
member,10533,9,9,1,0.294921,0.744590,0.744590,0.875562,4.142192,1.879867,-0.875562
member,15458,6,6,1,0.884021,0.413118,0.413118,1.693985,2.835766,0.983060,-1.693985
member,49676,1,9,0,1.746567,0.174371,0.296749,1.714768,0.933329,-0.531698,1.714768
member,45504,5,4,0,2.921089,0.053875,0.401354,1.611100,0.919557,-2.008177,1.611100
member,43501,6,6,1,1.163446,0.312408,0.312408,1.754388,1.585181,0.001135,-1.754388
member,34623,3,7,0,1.739010,0.175694,0.230830,2.071770,0.522599,-0.272936,2.071770
member,5504,5,1,0,2.530123,0.079649,0.415987,1.797966,0.886344,-1.653021,1.797966
member,16256,1,5,0,2.254735,0.104901,0.350749,1.805503,0.681551,-1.207049,1.805503
member,9237,6,6,1,0.953083,0.385551,0.385551,1.755803,2.387436,0.525040,-1.755803
member,45502,3,1,0,2.857746,0.057398,0.339856,1.869735,-0.539844,-1.778512,1.869735
member,7950,6,4,0,1.901424,0.149356,0.293723,1.887776,1.459752,-0.676305,1.887776
member,13683,6,6,1,1.142464,0.319032,0.319032,1.670285,2.658725,0.031769,-1.670285
member,15632,1,1,1,1.455670,0.233244,0.233244,1.947674,1.572485,0.160813,-1.947674
member,26306,8,1,0,7.279996,0.000689,0.498347,1.637955,-4.353349,-6.583537,1.637955
member,22071,3,5,0,1.640518,0.193880,0.491537,1.462710,1.584976,-0.930301,1.462710
member,36752,2,4,0,2.126543,0.119249,0.545596,1.453082,1.533757,-1.520667,1.453082
member,48320,8,7,0,1.638745,0.194224,0.411675,1.707291,1.004140,-0.751223,1.707291
member,29278,4,4,1,0.354589,0.701462,0.701462,1.146524,4.012166,2.220208,-1.146524
member,1631,1,3,0,1.710899,0.180703,0.505996,1.534840,1.305967,-1.029672,1.534840
member,6108,3,7,0,2.776039,0.062285,0.197453,2.088284,-0.134145,-1.153785,2.088284
member,24339,5,8,0,1.660745,0.189997,0.316159,1.845172,0.740433,-0.509237,1.845172
member,15814,1,1,1,0.886525,0.412085,0.412085,1.547882,2.290133,0.598078,-1.547882
member,24383,0,4,0,3.315597,0.036312,0.254864,2.016860,-0.499811,-1.948570,2.016860
member,26607,0,9,0,2.067242,0.126534,0.593999,1.199298,1.573109,-1.546365,1.199298
member,839,5,5,1,0.776722,0.459911,0.459911,1.715573,1.925471,1.049571,-1.715573
member,11475,0,0,1,0.156453,0.855172,0.855172,0.640764,3.900996,2.926227,-0.640764
member,20626,3,1,0,1.785110,0.167779,0.214070,2.125084,1.042890,-0.243659,2.125084
member,8279,4,4,1,0.646978,0.523626,0.523626,1.479987,3.620078,1.399649,-1.479987
member,30633,8,0,0,0.871017,0.418526,0.487003,1.091195,2.255411,-0.151532,1.091195
member,49340,0,0,1,0.276135,0.758710,0.758710,0.722911,4.742434,1.360884,-0.722911
member,42844,0,1,0,1.648321,0.192373,0.203560,2.117042,0.316649,-0.056527,2.117042
member,31544,3,3,1,0.772459,0.461876,0.461876,1.732908,2.633512,1.327677,-1.732908
member,29500,8,8,1,0.553992,0.574651,0.574651,0.941114,3.697128,0.479177,-0.941114
member,47762,8,0,0,3.202313,0.040668,0.391024,1.769991,-0.608578,-2.263327,1.769991
member,8875,1,3,0,2.599706,0.074295,0.443366,1.810678,0.086531,-1.786347,1.810678
member,43097,4,4,1,1.133114,0.322029,0.322029,1.827028,2.328521,0.698954,-1.827028
member,30914,0,0,1,0.060936,0.940884,0.940884,0.276580,5.474319,3.091194,-0.276580
member,5685,1,0,0,3.447566,0.031823,0.617276,1.285602,-0.822147,-2.965126,1.285602
member,5733,3,9,0,1.775135,0.169461,0.249076,2.005651,0.377963,-0.385137,2.005651
member,30292,6,6,1,0.519927,0.594564,0.594564,1.317735,3.720189,1.345716,-1.317735
member,11300,7,9,0,2.721231,0.065794,0.515742,1.055551,1.678557,-2.059082,1.055551
member,5598,3,6,0,2.697097,0.067401,0.325442,1.932536,0.259428,-1.574526,1.932536
member,2517,6,6,1,0.898078,0.407352,0.407352,1.652875,2.849860,0.516480,-1.652875
member,25779,4,3,0,2.383829,0.092197,0.295684,1.711653,1.452292,-1.165365,1.711653
member,19825,5,3,0,2.584063,0.075467,0.303308,1.796694,0.615012,-1.391057,1.796694
member,35669,3,9,0,2.894959,0.055301,0.279063,1.946470,-0.427736,-1.618643,1.946470
member,47048,0,9,0,2.640520,0.071324,0.318998,1.682276,-0.227754,-1.497951,1.682276
member,18331,1,9,0,2.882298,0.056006,0.362951,1.581036,-0.153316,-1.868810,1.581036
member,1846,3,5,0,2.063155,0.127052,0.243007,2.072537,0.113174,-0.648492,2.072537
member,18502,4,6,0,2.035225,0.130651,0.254387,2.013926,0.809367,-0.666326,2.013926
member,20217,0,9,0,1.613064,0.199276,0.299011,1.774746,0.601020,-0.405788,1.774746
member,40292,8,8,1,0.189898,0.827043,0.827043,0.658652,4.679246,2.200750,-0.658652
member,34983,8,0,0,2.069135,0.126295,0.318779,1.914228,-0.015578,-0.925879,1.914228
member,27970,1,2,0,1.510182,0.220870,0.247769,2.039194,1.164239,-0.114922,2.039194
member,28359,9,8,0,2.374041,0.093104,0.652096,1.084066,2.402095,-1.946477,1.084066
member,17901,1,3,0,1.991463,0.136496,0.310749,2.015723,0.547450,-0.822692,2.015723
member,27087,6,6,1,1.041121,0.353059,0.353059,1.788784,1.852224,0.647911,-1.788784
member,12440,3,5,0,1.803792,0.164673,0.282134,1.752403,1.804226,-0.538420,1.752403
member,12594,1,0,0,4.689654,0.009190,0.941008,0.300545,0.810799,-4.628850,0.300545
member,3197,0,0,1,1.143602,0.318669,0.318669,1.786587,1.342862,0.040467,-1.786587
member,2865,3,3,1,1.206957,0.299106,0.299106,1.802391,1.802616,0.412311,-1.802391
member,23311,1,6,0,3.153420,0.042706,0.476636,1.667774,-0.223635,-2.412418,1.667774
member,19741,0,0,1,0.104100,0.901135,0.901135,0.468692,3.905589,2.764132,-0.468692
member,9452,4,8,0,6.082186,0.002283,0.585081,1.323096,-3.265195,-5.546181,1.323096
member,34236,3,5,0,1.645798,0.192859,0.226655,2.014381,0.798756,-0.161473,2.014381
member,1736,1,1,1,0.865259,0.420942,0.420942,1.486516,2.043369,0.230410,-1.486516
member,45115,8,0,0,1.645526,0.192911,0.632892,1.183964,1.566930,-1.188070,1.183964
member,28334,4,9,0,2.043081,0.129629,0.199295,2.180329,0.054104,-0.430114,2.180329
member,11757,4,4,1,1.105516,0.331040,0.331040,1.909489,2.163581,0.532093,-1.909489
member,34580,2,6,0,2.062003,0.127199,0.545400,1.317643,2.401035,-1.455767,1.317643
member,7029,8,8,1,1.329542,0.264599,0.264599,2.041593,0.820218,0.425891,-2.041593
member,23578,1,7,0,4.354980,0.012843,0.367549,1.616004,-0.036748,-3.354082,1.616004
member,10859,9,9,1,0.239284,0.787192,0.787192,0.810198,3.821818,2.170495,-0.810198
member,38468,7,2,0,2.400804,0.090645,0.448417,1.700633,0.772732,-1.598773,1.700633
member,16372,2,2,1,1.497710,0.223642,0.223642,2.157332,0.968454,0.336817,-2.157332
member,14054,8,0,0,2.068804,0.126337,0.276705,1.943469,0.125985,-0.784001,1.943469
member,38564,5,4,0,1.599064,0.202086,0.321764,1.837267,1.826038,-0.465127,1.837267
member,34913,1,1,1,0.580455,0.559644,0.559644,1.429519,2.758332,1.240384,-1.429519
member,49084,1,8,0,2.139116,0.117759,0.533269,1.420648,1.265367,-1.510387,1.420648
member,1930,7,7,1,0.465673,0.627712,0.627712,1.337787,2.681376,1.738326,-1.337787
member,46498,8,9,0,1.668670,0.188498,0.586391,1.353075,1.389799,-1.134902,1.353075
member,1126,6,6,1,0.905224,0.404451,0.404451,1.625191,2.642988,0.363628,-1.625191
member,14233,7,5,0,2.222389,0.108350,0.244136,1.944409,0.912403,-0.812359,1.944409
member,44700,5,7,0,1.679048,0.186551,0.203164,2.011700,0.971753,-0.085306,2.011700
member,30321,0,9,0,4.303169,0.013526,0.369287,1.674646,-1.223912,-3.306988,1.674646
member,42697,1,8,0,1.844968,0.158030,0.399242,1.368019,1.170231,-0.926780,1.368019
member,7479,9,9,1,0.329893,0.719001,0.719001,1.014866,3.162379,1.646936,-1.014866
member,29036,7,7,1,0.859751,0.423268,0.423268,1.631914,3.131545,0.791354,-1.631914
member,12589,2,0,0,2.935329,0.053113,0.418617,1.790764,-0.109051,-2.064532,1.790764
member,44510,2,3,0,2.839381,0.058462,0.300270,1.805092,0.190539,-1.636310,1.805092
member,13588,9,8,0,1.966338,0.139968,0.273123,1.809858,0.443434,-0.668504,1.809858
member,17306,5,7,0,2.945251,0.052589,0.382681,1.896771,-0.314854,-1.984699,1.896771
member,2888,6,9,0,1.867136,0.154566,0.318072,1.763274,1.520882,-0.721660,1.763274
member,46393,5,7,0,2.024831,0.132016,0.305802,1.845101,1.004589,-0.840012,1.845101
member,22034,0,9,0,1.479302,0.227797,0.319346,1.625939,1.317334,-0.337820,1.625939
member,20137,4,4,1,1.156626,0.314546,0.314546,1.878049,2.263446,0.507577,-1.878049
member,36454,5,4,0,2.778446,0.062135,0.395659,1.699245,1.011390,-1.851242,1.699245
member,8877,6,6,1,1.143521,0.318695,0.318695,1.830734,2.099324,0.663262,-1.830734
member,30442,4,8,0,3.489838,0.030506,0.170179,2.112951,-1.369875,-1.718933,2.112951
member,29915,8,0,0,1.046831,0.351048,0.391255,1.181759,3.848721,-0.108436,1.181759
member,48715,5,7,0,2.916385,0.054129,0.310595,1.828060,0.202595,-1.747118,1.828060
member,36947,6,6,1,1.063259,0.345329,0.345329,1.768727,2.160036,0.414690,-1.768727
member,8668,8,0,0,2.324415,0.097841,0.639328,1.341689,0.364950,-1.877077,1.341689
member,31394,2,9,0,2.362766,0.094159,0.484382,1.452208,0.749699,-1.637884,1.452208
member,41419,9,9,1,0.180828,0.834579,0.834579,0.754775,3.312161,2.827862,-0.754775
member,10240,2,7,0,2.035786,0.130578,0.318859,1.658598,1.811098,-0.892781,1.658598
member,7596,2,3,0,1.890920,0.150933,0.182323,2.112814,0.245084,-0.188944,2.112814
member,43330,5,6,0,2.143052,0.117296,0.279057,2.003299,0.688191,-0.866713,2.003299
member,8870,8,1,0,3.794065,0.022504,0.461484,1.578761,-0.376459,-3.020758,1.578761
member,7800,7,4,0,1.841884,0.158519,0.290572,1.834258,1.738482,-0.605979,1.834258
member,20999,8,7,0,4.235946,0.014466,0.493240,1.545783,-0.786801,-3.529187,1.545783
member,13035,2,0,0,4.157517,0.015646,0.613229,0.820489,1.217414,-3.668500,0.820489
member,19849,7,7,1,0.700932,0.496123,0.496123,1.585678,2.641322,0.949385,-1.585678
member,5200,7,9,0,2.616542,0.073055,0.310925,1.970029,0.097477,-1.448338,1.970029
member,38426,9,1,0,3.109080,0.044642,0.745138,1.072363,0.448704,-2.814895,1.072363
member,45463,9,3,0,3.194462,0.040989,0.656738,1.235741,0.258960,-2.773992,1.235741
member,33669,4,7,0,3.304870,0.036704,0.222841,2.003380,-0.865930,-1.803574,2.003380
member,40488,2,3,0,2.788939,0.061486,0.287362,1.946675,0.473486,-1.541926,1.946675
member,13160,9,7,0,2.070721,0.126095,0.245273,2.069733,0.698295,-0.665338,2.069733
member,5662,9,9,1,0.417810,0.658487,0.658487,1.217208,2.548451,1.745531,-1.217208
member,44310,8,0,0,1.531814,0.216143,0.772339,0.594464,4.711642,-1.273481,0.594464
member,34267,4,0,0,3.959354,0.019075,0.421921,1.821779,-1.460024,-3.096417,1.821779
member,7955,7,7,1,0.609458,0.543646,0.543646,1.537664,2.138608,1.494747,-1.537664
member,12968,4,7,0,3.288466,0.037311,0.477291,1.484432,-0.528208,-2.548838,1.484432
member,49696,8,8,1,0.636699,0.529036,0.529036,1.342027,2.338703,0.849423,-1.342027
member,42655,1,1,1,0.141964,0.867652,0.867652,0.655037,3.853384,3.264012,-0.655037
member,30691,8,8,1,0.355217,0.701021,0.701021,0.981386,3.767993,1.552434,-0.981386
member,61,1,8,0,2.687114,0.068077,0.398209,1.519484,-0.065092,-1.766336,1.519484
member,33594,6,4,0,3.029050,0.048362,0.292625,1.696914,0.638309,-1.800187,1.696914
member,12909,7,3,0,1.965689,0.140059,0.181867,2.162981,0.829310,-0.261207,2.162981
member,27717,9,9,1,0.655127,0.519376,0.519376,1.228173,2.660444,0.443313,-1.228173
member,10827,9,1,0,2.952589,0.052204,0.338665,1.904332,-0.553248,-1.869846,1.904332
member,26231,6,6,1,0.195205,0.822666,0.822666,0.754678,5.009145,2.650490,-0.754678
member,7779,5,2,0,1.912128,0.147766,0.460853,1.767213,0.541723,-1.137452,1.767213
member,40065,4,7,0,1.222097,0.294612,0.443259,1.482610,2.748125,-0.408496,1.482610
member,10202,0,7,0,3.734778,0.023878,0.264305,2.049121,-0.830589,-2.404125,2.049121
member,1808,7,9,0,1.555989,0.210981,0.334501,1.961380,0.769647,-0.460874,1.961380
member,37577,4,6,0,1.495348,0.224171,0.521369,1.410779,2.928283,-0.844051,1.410779
member,42763,8,9,0,2.113409,0.120825,0.412531,1.233508,1.420954,-1.227965,1.233508
member,22281,2,7,0,1.532181,0.216064,0.304446,1.782349,1.719827,-0.342921,1.782349
member,31942,6,0,0,3.473229,0.031017,0.287806,1.965974,-0.899389,-2.227762,1.965974
member,41614,9,0,0,1.970893,0.139332,0.552108,1.400641,1.242682,-1.376882,1.400641
member,10424,5,6,0,2.422640,0.088687,0.270994,2.030569,0.331437,-1.116981,2.030569
member,13614,8,9,0,1.278756,0.278384,0.434470,1.481048,1.237837,-0.445126,1.481048
member,27269,5,2,0,1.553256,0.211558,0.292740,1.907947,1.178560,-0.324786,1.907947
member,8420,3,3,1,1.215584,0.296537,0.296537,1.902482,1.383891,0.461549,-1.902482
member,33890,2,0,0,2.999752,0.049799,0.280297,1.989280,-1.015560,-1.727846,1.989280
member,32671,8,9,0,2.704727,0.066889,0.301502,2.084569,-0.510032,-1.505747,2.084569
member,10632,5,9,0,3.791326,0.022566,0.229993,1.938617,-0.966361,-2.321621,1.938617
member,30902,1,1,1,0.484201,0.616189,0.616189,1.264283,2.488472,1.483489,-1.264283
member,3489,9,9,1,1.351202,0.258929,0.258929,1.989656,1.511749,0.211416,-1.989656
member,45940,2,6,0,1.577541,0.206482,0.480851,1.507228,2.463753,-0.845342,1.507228
member,13958,8,0,0,2.375972,0.092924,0.324769,1.780658,0.027598,-1.251331,1.780658
member,12203,6,2,0,2.087686,0.123974,0.247661,1.981021,0.402652,-0.691993,1.981021
member,28964,3,3,1,1.508330,0.221279,0.221279,2.009080,1.088014,0.146351,-2.009080
member,25286,4,2,0,1.922215,0.146283,0.187538,2.122099,0.447028,-0.248443,2.122099
member,9186,7,0,0,2.999079,0.049833,0.256562,1.960747,-0.680413,-1.638695,1.960747
member,17150,4,9,0,2.027292,0.131692,0.410234,1.767925,0.585918,-1.136264,1.767925
member,43189,5,0,0,8.379000,0.000230,0.772583,0.667291,-1.825206,-8.120984,0.667291
member,15650,6,4,0,2.803918,0.060572,0.192535,2.064362,-0.479746,-1.156440,2.064362
member,6658,3,3,1,0.973198,0.377873,0.377873,1.835619,2.160521,0.845401,-1.835619
member,28374,6,6,1,0.656345,0.518744,0.518744,1.654284,2.346855,1.601005,-1.654284
member,23879,4,6,0,2.397177,0.090974,0.329260,1.732687,0.542229,-1.286269,1.732687
member,45458,3,3,1,0.982255,0.374466,0.374466,1.848732,1.720574,0.558417,-1.848732
member,35087,6,3,0,2.555118,0.077683,0.197770,2.150822,-0.247875,-0.934470,2.150822
member,41987,4,6,0,1.061259,0.346020,0.416584,1.443056,3.200431,-0.185591,1.443056
member,32266,9,8,0,0.853549,0.425901,0.481787,1.076789,2.748511,-0.123296,1.076789
member,42973,9,9,1,0.754777,0.470116,0.470116,1.353507,2.849252,0.638658,-1.353507
member,1572,9,1,0,1.953377,0.141794,0.475133,1.251261,1.404591,-1.209216,1.251261
member,32569,6,2,0,1.673519,0.187586,0.237577,2.021855,0.845110,-0.236255,2.021855
member,35279,0,0,1,0.718085,0.487685,0.487685,1.679388,1.318457,1.408530,-1.679388
member,46451,2,6,0,2.801558,0.060715,0.451528,1.367246,1.463429,-2.006439,1.367246
member,16124,6,6,1,0.675634,0.508834,0.508834,1.302488,4.033157,0.634388,-1.302488
member,13431,2,0,0,4.488196,0.011241,0.863852,0.550785,-0.033184,-4.341843,0.550785
member,6179,6,6,1,1.278764,0.278381,0.278381,2.013229,0.970429,0.478424,-2.013229
member,32679,1,1,1,0.489002,0.613238,0.613238,1.491268,2.546758,2.214839,-1.491268
member,939,4,6,0,1.839940,0.158827,0.402530,1.659225,1.707372,-0.929955,1.659225
member,29188,1,7,0,4.284107,0.013786,0.262406,1.910461,-1.227997,-2.946244,1.910461
member,34755,5,7,0,1.979388,0.138154,0.168792,2.239514,0.321513,-0.200298,2.239514
member,49311,6,4,0,1.574526,0.207106,0.347141,1.704794,1.522911,-0.516501,1.704794
member,8825,1,0,0,2.641971,0.071221,0.565939,1.388930,0.088881,-2.072702,1.388930
member,31072,1,1,1,0.703052,0.495072,0.495072,1.655521,2.299035,1.269191,-1.655521
member,35210,8,0,0,4.027213,0.017824,0.384563,1.861332,-2.025871,-3.071564,1.861332
member,15255,0,4,0,8.218844,0.000270,0.372415,1.601775,-4.418650,-7.231097,1.601775
member,42004,8,1,0,2.321447,0.098132,0.343197,2.002013,0.331224,-1.251997,2.002013
member,22853,5,5,1,1.220868,0.294974,0.294974,1.938069,0.796139,0.135327,-1.938069
member,46718,1,9,0,2.032293,0.131035,0.467541,1.796435,-0.105397,-1.272025,1.796435
member,3460,4,7,0,1.542985,0.213742,0.305322,1.952040,1.333105,-0.356597,1.952040
member,49939,7,7,1,0.874017,0.417272,0.417272,1.639529,2.012405,0.440461,-1.639529
member,6832,6,6,1,0.717546,0.487948,0.487948,1.374881,3.972497,0.495263,-1.374881
member,33010,9,8,0,1.981273,0.137894,0.826130,0.607055,2.582122,-1.790269,0.607055
member,11306,8,9,0,2.413507,0.089501,0.444109,1.751181,-0.205940,-1.601822,1.751181
member,48619,6,5,0,1.962273,0.140539,0.251265,2.015814,0.663022,-0.581028,2.015814
member,36073,5,6,0,1.940070,0.143694,0.236861,1.957767,1.231165,-0.499788,1.957767
member,28455,7,2,0,3.000869,0.049744,0.583286,1.404942,-0.035426,-2.461792,1.404942
member,27963,3,5,0,1.636633,0.194634,0.226119,2.104098,0.388900,-0.149941,2.104098
member,34854,5,2,0,3.863405,0.020996,0.268108,1.983937,-1.222050,-2.547038,1.983937
member,35412,6,6,1,1.273575,0.279829,0.279829,1.961981,1.383298,0.256115,-1.961981
member,27700,1,0,0,2.880229,0.056122,0.366015,1.737166,-0.509409,-1.875149,1.737166
member,38261,1,4,0,2.770324,0.062642,0.245959,1.932199,0.417181,-1.367735,1.932199
member,41279,1,1,1,0.301490,0.739715,0.739715,1.004867,3.775930,1.942723,-1.004867
member,49225,1,9,0,5.427279,0.004395,0.785826,0.730477,-0.355421,-5.186260,0.730477
member,3021,5,4,0,1.749062,0.173937,0.460123,1.630047,2.023633,-0.972800,1.630047
member,3220,3,2,0,2.262557,0.104084,0.229724,2.124425,0.069866,-0.791679,2.124425
member,17937,4,6,0,1.488628,0.225682,0.575620,1.267815,3.065059,-0.936321,1.267815
member,23712,5,2,0,3.113098,0.044463,0.317038,1.954968,-0.247502,-1.964365,1.954968
member,150,3,2,0,2.993738,0.050100,0.364500,1.866419,-0.398697,-1.984510,1.866419
member,12613,9,9,1,1.030435,0.356852,0.356852,1.646959,1.788741,0.024984,-1.646959
member,18554,6,7,0,1.886261,0.151638,0.152207,2.187580,0.205375,-0.003744,2.187580
member,35927,0,0,1,0.454538,0.634741,0.634741,1.349987,2.044695,2.070398,-1.349987
member,31350,7,0,0,1.785483,0.167716,0.185634,2.126808,0.527028,-0.101505,2.126808
member,46958,3,3,1,0.199306,0.819299,0.819299,0.796398,3.751873,2.782753,-0.796398
member,42916,1,1,1,0.640205,0.527184,0.527184,1.508438,2.774682,0.891599,-1.508438
member,4678,6,6,1,0.790406,0.453661,0.453661,1.556282,3.414200,0.809615,-1.556282
member,31150,3,1,0,2.501760,0.081941,0.197483,2.012657,0.580807,-0.879658,2.012657
member,48472,2,2,1,1.403242,0.245799,0.245799,1.939829,1.267770,0.002301,-1.939829
member,9731,4,7,0,3.094618,0.045292,0.394921,1.794569,-0.194116,-2.165548,1.794569
member,36352,7,0,0,2.583716,0.075493,0.305770,1.988335,-0.510882,-1.398796,1.988335
member,42834,1,1,1,1.414336,0.243087,0.243087,2.056990,0.708440,0.372648,-2.056990
member,26348,9,1,0,1.599450,0.202008,0.299275,1.985386,1.015999,-0.393056,1.985386
member,29573,6,2,0,1.531274,0.216260,0.282001,1.910895,1.242645,-0.265431,1.910895
member,45329,1,9,0,1.670467,0.188159,0.509105,1.547331,1.080088,-0.995366,1.547331
member,3929,9,9,1,0.399871,0.670407,0.670407,1.179446,2.752636,1.760271,-1.179446
member,18455,4,2,0,4.052779,0.017374,0.422433,1.781721,-1.810295,-3.191054,1.781721
member,19451,6,1,0,2.983856,0.050597,0.400506,1.787270,-0.054446,-2.068830,1.787270
member,3298,9,9,1,0.655048,0.519417,0.519417,1.578812,2.237311,1.562393,-1.578812
member,40426,7,2,0,3.522213,0.029534,0.342393,1.688823,-0.328899,-2.450418,1.688823
member,43438,3,6,0,1.837836,0.159161,0.250420,1.896823,0.966768,-0.453222,1.896823
member,1489,7,6,0,2.826037,0.059247,0.480469,1.601325,0.473181,-2.093045,1.601325
member,34590,3,9,0,4.523457,0.010851,0.472838,1.623440,-1.824262,-3.774454,1.623440
member,28459,9,9,1,0.643060,0.525681,0.525681,0.961016,3.724363,0.252887,-0.961016
member,31611,5,7,0,2.895276,0.055284,0.271819,1.986129,-0.312475,-1.592658,1.986129
member,46538,8,8,1,0.182914,0.832840,0.832840,0.653629,4.973693,2.346443,-0.653629
member,21750,2,3,0,1.766338,0.170958,0.349685,1.825788,1.025503,-0.715615,1.825788
member,10881,9,2,0,2.081617,0.124728,0.311958,1.802146,0.832856,-0.916729,1.802146
member,14673,5,7,0,2.493312,0.082636,0.241892,2.106894,0.269407,-1.074049,2.106894
member,8478,0,0,1,0.760547,0.467411,0.467411,1.689077,1.684374,1.001788,-1.689077
member,27545,1,9,0,3.700040,0.024723,0.467606,1.230669,0.090026,-2.939911,1.230669
member,33254,7,7,1,0.561730,0.570222,0.570222,1.472550,2.743562,1.423553,-1.472550
member,32423,3,2,0,1.715066,0.179952,0.216205,2.095947,0.822174,-0.183537,2.095947
member,36418,3,7,0,1.704874,0.181795,0.425516,1.420822,2.030710,-0.850421,1.420822
member,31165,0,0,1,0.059317,0.942408,0.942408,0.304685,4.691740,3.561547,-0.304685
member,37800,7,4,0,2.026413,0.131807,0.579256,1.370114,2.522269,-1.480403,1.370114
member,20532,0,1,0,2.041921,0.129779,0.301129,1.850299,0.617871,-0.841705,1.850299
member,33936,7,1,0,1.746079,0.174457,0.247639,2.012453,0.687497,-0.350296,2.012453
member,22468,4,2,0,1.709101,0.181028,0.387237,1.673781,1.936768,-0.760382,1.673781
member,20916,0,9,0,3.063759,0.046712,0.296569,1.871804,-0.726642,-1.848286,1.871804
member,46457,2,6,0,2.963747,0.051625,0.688277,1.092538,1.803379,-2.590182,1.092538
member,47693,0,9,0,3.152906,0.042728,0.339412,1.758073,0.060622,-2.072366,1.758073
member,283,2,9,0,1.447972,0.235047,0.244997,1.869493,1.164750,-0.041461,1.869493
member,9410,8,8,1,0.734405,0.479791,0.479791,1.217687,3.109992,0.508609,-1.217687
member,5070,1,9,0,2.224095,0.108165,0.375697,1.850576,-0.025942,-1.245123,1.850576
member,45662,2,0,0,2.606801,0.073770,0.237114,2.006453,0.100830,-1.167585,2.006453
member,40845,9,1,0,2.436886,0.087433,0.305138,1.955372,0.259951,-1.249896,1.955372
member,23542,6,4,0,1.354418,0.258097,0.294808,1.677700,3.200603,-0.132987,1.677700
member,3633,9,1,0,1.379656,0.251665,0.431182,1.455711,1.339478,-0.538432,1.455711
member,30494,6,6,1,0.425663,0.653336,0.653336,1.212800,4.093203,1.641136,-1.212800
member,35042,0,0,1,0.655049,0.519416,0.519416,1.592851,1.283111,1.631806,-1.592851
member,28958,1,5,0,3.552887,0.028642,0.332402,1.805490,-0.442868,-2.451477,1.805490
member,46491,2,2,1,1.114517,0.328074,0.328074,1.831651,2.375816,0.286751,-1.831651
member,9501,9,8,0,2.494076,0.082573,0.737189,0.795054,2.174659,-2.189165,0.795054
member,8642,7,0,0,5.575575,0.003789,0.418905,1.470948,-2.748806,-4.705464,1.470948
member,37786,8,0,0,1.595764,0.202754,0.654759,0.934289,2.774670,-1.172276,0.934289
member,34861,6,6,1,1.504727,0.222078,0.222078,2.023649,1.277274,0.246098,-2.023649
member,12088,5,7,0,2.157453,0.115619,0.450223,1.684162,0.808386,-1.359442,1.684162
member,33903,3,3,1,0.973072,0.377920,0.377920,1.872687,1.739621,0.963386,-1.872687
member,9011,2,8,0,2.259084,0.104446,0.294566,1.841146,0.786216,-1.036831,1.841146
member,16382,9,3,0,3.203607,0.040615,0.369983,1.889106,-0.211882,-2.209307,1.889106
member,4036,8,8,1,0.270211,0.763218,0.763218,0.688062,6.098966,1.424836,-0.688062
member,6804,6,6,1,0.272451,0.761510,0.761510,0.996661,3.313831,2.426811,-0.996661
member,46392,8,0,0,1.239013,0.289670,0.438577,1.383940,1.941478,-0.414793,1.383940
member,4609,1,0,0,2.444013,0.086812,0.242816,1.980422,0.195755,-1.028562,1.980422
member,48876,4,2,0,1.790877,0.166814,0.262478,1.833237,1.410962,-0.453290,1.833237
member,31257,6,6,1,1.253671,0.285455,0.285455,1.844424,2.349006,0.058006,-1.844424
member,586,2,1,0,2.118983,0.120154,0.248863,2.050177,0.865260,-0.728129,2.050177
member,34495,2,2,1,0.753019,0.470943,0.470943,1.681063,1.091626,0.949385,-1.681063
member,31732,8,1,0,3.177990,0.041669,0.670733,1.293413,-0.066530,-2.778607,1.293413
member,3789,0,8,0,1.728703,0.177515,0.810121,0.542437,5.704535,-1.518132,0.542437
member,47185,7,9,0,1.305612,0.271007,0.300650,1.936800,0.757992,-0.103805,1.936800
member,1697,9,9,1,0.650198,0.521942,0.521942,0.985829,3.733306,0.290258,-0.985829
member,42440,7,1,0,1.993790,0.136178,0.170664,2.165844,0.695045,-0.225731,2.165844
member,33728,0,8,0,1.075939,0.340977,0.570095,1.016646,2.899011,-0.513986,1.016646
member,48480,2,4,0,1.791802,0.166660,0.400659,1.421843,2.288554,-0.877158,1.421843
member,30689,5,8,0,2.511265,0.081166,0.239112,2.026978,0.175634,-1.080442,2.026978
member,36691,7,7,1,1.086059,0.337544,0.337544,1.881854,1.175997,0.697637,-1.881854
member,49990,4,0,0,5.278591,0.005100,0.402415,1.853901,-2.731677,-4.368319,1.853901
member,22132,8,0,0,1.186812,0.305193,0.458310,1.311209,2.137477,-0.406602,1.311209
member,7598,7,4,0,2.181287,0.112896,0.336668,1.724864,1.267107,-1.092628,1.724864
member,38399,2,0,0,2.384353,0.092149,0.220620,1.976135,-0.124144,-0.873041,1.976135
member,36521,9,0,0,1.596000,0.202706,0.287058,1.831946,1.157310,-0.347931,1.831946
member,45535,1,8,0,1.176463,0.308367,0.354172,1.736311,1.734967,-0.138490,1.736311
member,12010,0,9,0,2.731109,0.065147,0.437598,1.343193,0.456318,-1.904654,1.343193
member,11010,8,9,0,2.349349,0.095431,0.336893,1.899978,-0.243315,-1.261360,1.899978
member,27887,8,0,0,2.004815,0.134685,0.556413,1.466337,1.289455,-1.418571,1.466337
member,16164,3,3,1,1.112973,0.328580,0.328580,1.786138,2.162881,0.201745,-1.786138
member,17549,7,5,0,2.039926,0.130038,0.302539,2.013164,0.582893,-0.844380,2.013164
member,16409,6,6,1,1.578002,0.206387,0.206387,2.037652,1.175271,0.151782,-2.037652
member,15731,2,6,0,1.826369,0.160997,0.482209,1.614647,1.775830,-1.096991,1.614647
member,41673,3,2,0,2.401185,0.090610,0.363967,1.760922,0.636134,-1.390493,1.760922
member,5990,2,0,0,2.537867,0.079035,0.405502,1.762046,-0.237522,-1.635237,1.762046
member,43890,5,5,1,1.347893,0.259787,0.259787,1.822570,1.452561,0.062655,-1.822570
member,35691,1,6,0,2.247635,0.105649,0.211149,2.048741,0.753231,-0.692442,2.048741
member,25940,6,6,1,1.121342,0.325842,0.325842,1.614458,3.208164,0.030724,-1.614458
member,18849,0,9,0,2.357101,0.094694,0.474272,1.624525,0.179511,-1.611127,1.624525
member,6974,8,0,0,1.931400,0.144945,0.373594,1.817439,0.346020,-0.946815,1.817439
member,17319,1,9,0,2.018895,0.132802,0.626114,1.255923,1.415594,-1.550672,1.255923
member,10089,2,5,0,2.922498,0.053799,0.353215,1.911001,-0.008260,-1.881819,1.911001
member,43034,3,3,1,1.698196,0.183013,0.183013,2.169234,0.697134,0.094095,-2.169234
member,8238,7,9,0,1.190221,0.304154,0.413266,1.613650,1.859026,-0.306557,1.613650
member,36342,7,9,0,3.053150,0.047210,0.382454,1.885136,-0.490104,-2.092002,1.885136
member,3504,6,6,1,0.793289,0.452355,0.452355,1.532561,3.268478,0.759115,-1.532561
member,36285,6,6,1,1.003537,0.366580,0.366580,1.744660,2.166709,0.518939,-1.744660
member,44129,8,0,0,0.923142,0.397269,0.599811,0.693531,6.564991,-0.412002,0.693531
member,8961,8,5,0,2.689313,0.067928,0.256789,2.045868,-0.340315,-1.329813,2.045868
member,5329,3,3,1,1.339371,0.262010,0.262010,2.035423,0.772565,0.381455,-2.035423
member,43091,7,9,0,3.278473,0.037686,0.934579,0.333143,1.257290,-3.210814,0.333143
member,44454,0,9,0,2.037198,0.130394,0.385602,1.734447,0.394249,-1.084248,1.734447
member,27392,5,0,0,2.330861,0.097212,0.230003,2.045045,0.834042,-0.861199,2.045045
member,40295,7,7,1,1.291651,0.274817,0.274817,2.013857,1.606669,0.606964,-2.013857
member,6660,2,7,0,2.064177,0.126923,0.415075,1.643643,0.928432,-1.184880,1.643643
member,22761,3,0,0,2.434386,0.087652,0.185420,2.172369,-0.245496,-0.749253,2.172369
member,21430,7,7,1,0.532899,0.586901,0.586901,1.464030,2.567456,1.770149,-1.464030
member,9284,5,2,0,1.971516,0.139246,0.304021,1.854038,1.865258,-0.780857,1.854038
member,7289,1,9,0,2.295829,0.100678,0.747710,0.953765,1.161435,-2.005089,0.953765
member,45319,3,2,0,1.773132,0.169800,0.224899,2.029739,1.030470,-0.281029,2.029739
member,36250,9,9,1,0.854469,0.425509,0.425509,1.841105,1.156765,0.997888,-1.841105
member,3189,4,4,1,1.110850,0.329279,0.329279,1.675899,2.958191,0.204648,-1.675899
member,37042,8,9,0,1.411283,0.243830,0.560241,1.204376,2.080162,-0.831895,1.204376
member,46572,7,6,0,2.504227,0.081739,0.320978,1.795656,0.743626,-1.367844,1.795656
member,47823,3,6,0,1.807535,0.164058,0.246640,2.108020,1.217234,-0.407708,2.108020
member,29949,8,0,0,1.383192,0.250777,0.536648,1.231691,2.235306,-0.760779,1.231691
member,5260,3,1,0,2.303707,0.099888,0.229594,2.056288,0.061385,-0.832262,2.056288
member,16157,3,7,0,2.768737,0.062741,0.223585,2.068626,0.242644,-1.270774,2.068626
member,44711,8,8,1,1.304776,0.271233,0.271233,1.686709,1.323196,0.004365,-1.686709
member,16115,0,9,0,3.222344,0.039862,0.834059,0.720882,0.817259,-3.040893,0.720882
member,22022,8,8,1,0.529507,0.588895,0.588895,1.047765,3.871534,0.873250,-1.047765
member,2265,8,8,1,0.704246,0.494481,0.494481,1.394462,2.936455,0.837058,-1.394462
member,47343,9,9,1,0.754200,0.470387,0.470387,1.397406,2.443086,0.791110,-1.397406
member,35302,8,0,0,1.179992,0.307281,0.640130,0.881507,3.367765,-0.733908,0.881507
member,32434,6,7,0,1.320207,0.267080,0.385934,1.602287,2.815439,-0.368117,1.602287
member,6752,7,7,1,0.950908,0.386390,0.386390,1.757389,1.974675,0.447002,-1.757389
member,10801,2,2,1,0.904392,0.404788,0.404788,1.536899,2.967248,0.196434,-1.536899
member,31586,0,1,0,1.299633,0.272632,0.297156,1.576851,1.658856,-0.086136,1.576851
member,13933,4,9,0,8.748209,0.000159,0.518563,1.244064,-4.278407,-8.091516,1.244064
member,29141,6,9,0,1.704936,0.181784,0.261336,1.908975,1.139247,-0.362987,1.908975
member,8781,3,3,1,1.412060,0.243641,0.243641,2.031661,1.059609,0.355717,-2.031661
member,15211,6,6,1,0.669057,0.512191,0.512191,1.545925,2.636753,1.289426,-1.545925
member,25850,6,3,0,1.758421,0.172317,0.248580,2.043485,0.989012,-0.366429,2.043485
member,24835,2,6,0,1.638702,0.194232,0.287414,1.783880,1.723419,-0.391870,1.783880
member,38857,8,8,1,0.514764,0.597642,0.597642,0.893654,3.803995,0.535997,-0.893654
member,11265,8,9,0,1.929824,0.145174,0.363805,1.583150,0.808320,-0.918685,1.583150
member,29658,2,6,0,1.425942,0.240282,0.356461,1.814713,1.494492,-0.394411,1.814713
member,30481,6,6,1,0.564993,0.568364,0.568364,1.404875,3.591612,1.242356,-1.404875
member,34392,7,5,0,1.924297,0.145978,0.206522,2.117205,0.245314,-0.346950,2.117205
member,34176,1,0,0,2.799287,0.060853,0.301191,1.957968,-0.995987,-1.599275,1.957968
member,35244,8,0,0,2.949301,0.052376,0.318775,1.823051,-0.925321,-1.806031,1.823051
member,6199,3,3,1,0.992884,0.370506,0.370506,1.802212,2.322920,0.806752,-1.802212
member,18508,0,1,0,5.114622,0.006008,0.592692,1.436246,-1.504668,-4.591541,1.436246
member,6887,9,9,1,1.434586,0.238214,0.238214,1.971694,1.354762,0.113711,-1.971694
member,28985,8,0,0,1.476670,0.228397,0.707299,0.838480,3.063979,-1.130368,0.838480
member,19101,3,3,1,1.139939,0.319838,0.319838,1.886853,1.254854,0.430416,-1.886853
member,31456,8,0,0,2.722084,0.065738,0.926766,0.293320,3.571924,-2.646029,0.293320
member,15121,2,4,0,2.691329,0.067791,0.345995,1.885754,0.159343,-1.629998,1.885754
member,12141,2,1,0,3.456514,0.031540,0.321693,1.751884,0.285491,-2.322357,1.751884
member,21549,3,4,0,1.530663,0.216392,0.236042,1.999307,1.705740,-0.086918,1.999307
member,13069,0,9,0,1.178261,0.307813,0.361825,1.557178,1.422590,-0.161666,1.557178
member,24994,2,2,1,1.483259,0.226897,0.226897,2.099608,1.288368,0.140459,-2.099608
member,36638,6,6,1,0.273342,0.760832,0.760832,0.937477,4.665510,2.248410,-0.937477
member,42270,8,9,0,2.575879,0.076087,0.652907,1.074930,1.074794,-2.149558,1.074930
member,48931,3,7,0,1.780914,0.168484,0.191639,2.077723,0.592168,-0.128774,2.077723
member,45737,0,0,1,0.395475,0.673360,0.673360,1.052130,3.679268,1.571448,-1.052130
member,23141,9,9,1,1.092030,0.335535,0.335535,1.758305,1.159163,0.407350,-1.758305
member,9267,1,9,0,2.636716,0.071596,0.551540,1.405912,0.234043,-2.041675,1.405912
member,17299,4,7,0,2.099616,0.122503,0.318631,2.022323,0.448572,-0.955893,2.022323
member,42535,4,7,0,2.335595,0.096753,0.242692,1.914530,0.601965,-0.919633,1.914530
member,43655,1,0,0,5.107697,0.006050,0.678894,0.817643,1.077871,-4.720408,0.817643
member,19386,0,5,0,3.023952,0.048609,0.253402,2.057324,-0.755047,-1.651173,2.057324
member,24181,7,9,0,2.502962,0.081842,0.349657,1.904596,-0.374174,-1.452161,1.904596
member,21110,9,9,1,0.581374,0.559130,0.559130,1.562251,2.016330,1.441344,-1.562251
member,28191,4,6,0,1.906684,0.148572,0.237600,1.837494,1.460979,-0.469518,1.837494
member,42740,3,5,0,2.048024,0.128990,0.501639,1.532118,1.758956,-1.358149,1.532118
member,30224,2,2,1,0.987153,0.372636,0.372636,1.649965,2.042518,0.240394,-1.649965
member,23271,9,8,0,2.156274,0.115756,0.231481,2.061482,1.040240,-0.693018,2.061482
member,2582,1,9,0,1.670645,0.188126,0.343632,1.585149,1.290939,-0.602460,1.585149
member,12903,1,6,0,6.293627,0.001848,0.517711,1.253720,-0.874092,-5.635289,1.253720
member,23861,9,6,0,1.785733,0.167674,0.290688,1.941147,0.897318,-0.550228,1.941147
member,31943,6,1,0,2.267157,0.103606,0.301816,1.939839,0.218811,-1.069220,1.939839
member,48327,0,0,1,0.153383,0.857801,0.857801,0.578716,4.426816,2.600876,-0.578716
member,11863,8,7,0,1.586870,0.204565,0.241187,1.901581,1.099206,-0.164687,1.901581
member,35910,1,0,0,1.864605,0.154957,0.244152,1.982908,0.045887,-0.454643,1.982908
member,25264,1,2,0,1.613331,0.199223,0.373737,1.778881,1.157906,-0.629127,1.778881
member,41826,3,1,0,1.873406,0.153600,0.297810,1.917584,1.258273,-0.662105,1.917584
member,6921,2,6,0,2.392002,0.091446,0.666110,1.213765,1.617257,-1.985702,1.213765
member,42059,4,6,0,1.786329,0.167574,0.501951,1.527494,2.096524,-1.097077,1.527494
member,26545,5,6,0,3.258639,0.038441,0.487228,1.624820,-0.449252,-2.539616,1.624820
member,38594,2,6,0,1.605966,0.200696,0.279795,1.750088,1.677950,-0.332268,1.750088
member,25082,0,1,0,1.922683,0.146214,0.652947,1.242651,1.294950,-1.496423,1.242651
member,42710,1,9,0,1.174922,0.308843,0.313568,1.761497,1.795666,-0.015183,1.761497
member,30405,2,6,0,1.765860,0.171040,0.524345,1.554466,1.664750,-1.120254,1.554466
member,21095,0,8,0,1.960307,0.140815,0.376135,1.733876,1.127390,-0.982500,1.733876
member,39723,0,0,1,0.490787,0.612145,0.612145,1.310149,2.530754,1.366328,-1.310149
member,21640,3,5,0,1.992068,0.136413,0.173013,2.211315,0.396012,-0.237682,2.211315
member,7112,8,0,0,1.041910,0.352780,0.434807,1.251763,2.835848,-0.209057,1.251763
member,43711,1,3,0,2.665135,0.069590,0.428168,1.754052,0.852472,-1.816895,1.754052
member,36676,3,3,1,0.930022,0.394545,0.394545,1.482145,2.451877,0.092490,-1.482145
member,46805,3,3,1,1.087195,0.337161,0.337161,2.014469,1.597977,1.028402,-2.014469
member,37628,0,0,1,0.187980,0.828631,0.828631,0.641922,4.014488,1.940698,-0.641922
member,31994,5,7,0,1.911700,0.147829,0.228044,2.011235,0.776478,-0.433483,2.011235
member,35831,6,6,1,0.333329,0.716534,0.716534,1.090526,3.968833,2.243822,-1.090526
member,27983,9,8,0,1.986876,0.137123,0.546603,1.404598,0.767138,-1.382843,1.404598
member,27368,2,7,0,1.882793,0.152164,0.380611,1.786697,1.017697,-0.916815,1.786697
member,39706,5,1,0,3.834386,0.021615,0.506569,1.642318,-0.814258,-3.154291,1.642318
member,8971,0,0,1,1.190620,0.304033,0.304033,1.680754,1.697885,0.109276,-1.680754
member,48550,8,1,0,3.147992,0.042938,0.419408,1.571715,-0.303281,-2.279080,1.571715
member,30710,0,8,0,2.004136,0.134777,0.813055,0.635405,3.684742,-1.797179,0.635405
member,27310,8,8,1,0.283676,0.753010,0.753010,0.673883,5.178462,1.217866,-0.673883
member,36697,9,9,1,0.138124,0.870991,0.870991,0.641289,3.582556,3.492451,-0.641289
member,18736,6,5,0,1.287072,0.276078,0.291824,1.895175,1.052273,-0.055467,1.895175
member,1534,3,4,0,1.969399,0.139541,0.221603,2.084798,0.939963,-0.462530,2.084798
member,24296,9,9,1,0.751349,0.471730,0.471730,1.421241,2.139650,0.462243,-1.421241
member,14712,0,6,0,6.091067,0.002263,0.364892,1.681087,-2.957357,-5.082913,1.681087
member,35688,1,8,0,1.354125,0.258173,0.516397,1.242206,1.992252,-0.693245,1.242206
member,18769,3,2,0,2.896711,0.055205,0.220379,1.897380,0.189367,-1.384302,1.897380
member,29762,8,8,1,0.611141,0.542731,0.542731,0.887342,4.477370,0.281249,-0.887342
member,40160,3,0,0,1.653046,0.191466,0.270141,2.000882,0.771513,-0.344235,2.000882
member,33904,7,6,0,2.973745,0.051112,0.365409,1.566164,1.091239,-1.967008,1.566164
member,8546,7,4,0,1.451229,0.234282,0.268980,1.939634,1.743335,-0.138110,1.939634
member,43971,3,2,0,2.314837,0.098782,0.279575,2.033152,0.469932,-1.040350,2.033152
member,19326,7,4,0,2.383912,0.092189,0.482436,1.636005,0.998290,-1.655005,1.636005
member,32466,9,0,0,2.820971,0.059548,0.621085,1.303978,0.361204,-2.344683,1.303978
member,19495,6,6,1,1.147696,0.317367,0.317367,1.770764,2.524078,0.060897,-1.770764
member,37023,8,8,1,1.217119,0.296082,0.296082,1.990180,1.196728,0.193619,-1.990180
member,1139,2,7,0,2.807281,0.060369,0.274663,1.818878,-0.157458,-1.515070,1.818878
member,37414,3,1,0,3.662978,0.025656,0.311840,1.871562,-1.419012,-2.497712,1.871562
member,34473,8,8,1,0.146573,0.863663,0.863663,0.606401,4.023181,2.773016,-0.606401
member,22675,1,9,0,3.148279,0.042926,0.583997,1.309630,-0.233129,-2.610419,1.309630
member,12505,4,5,0,2.649739,0.070670,0.225071,2.057077,-0.526675,-1.158402,2.057077
member,45056,9,9,1,0.606285,0.545373,0.545373,1.492778,1.894611,1.096772,-1.492778
member,3618,0,1,0,2.947443,0.052474,0.358666,1.663588,-0.511131,-1.922081,1.663588
member,39606,0,0,1,1.218461,0.295685,0.295685,2.001061,0.493593,0.570382,-2.001061
member,34857,6,6,1,0.991343,0.371078,0.371078,1.759487,2.478868,0.503245,-1.759487
member,49110,6,6,1,0.403141,0.668218,0.668218,1.206794,3.879429,1.725833,-1.206794
member,7324,1,9,0,2.280275,0.102256,0.400304,1.583127,0.161554,-1.364743,1.583127
member,962,1,8,0,2.259740,0.104378,0.353318,1.486927,0.894897,-1.219353,1.486927
member,35313,3,9,0,3.823943,0.021842,0.378542,1.735580,-1.351011,-2.852514,1.735580
member,30515,8,8,1,0.589614,0.554541,0.554541,1.265270,2.551044,0.683770,-1.265270
member,25548,9,9,1,0.509102,0.601035,0.601035,1.394795,2.096390,1.650818,-1.394795
member,10835,5,5,1,0.782820,0.457115,0.457115,1.544930,3.343848,0.632589,-1.544930
member,1975,9,9,1,0.483108,0.616863,0.616863,1.274853,2.563350,1.383310,-1.274853
member,14765,9,1,0,1.526381,0.217321,0.453544,1.551322,1.912431,-0.735719,1.551322
member,48448,6,9,0,4.606257,0.009989,0.479850,1.686926,-1.663121,-3.871975,1.686926
member,37970,6,1,0,1.471181,0.229654,0.336775,1.766710,1.382455,-0.382841,1.766710
member,39241,0,0,1,0.248240,0.780173,0.780173,0.593078,6.172290,1.335867,-0.593078
member,40229,9,1,0,2.140033,0.117651,0.328789,1.902704,0.074779,-1.027694,1.902704
nonmember,3277,0,3,0,1.994415,0.136093,0.197616,2.126427,0.046693,-0.372987,2.126427
nonmember,31411,2,2,1,1.447458,0.235167,0.235167,2.059543,0.422432,0.014219,-2.059543
nonmember,29512,1,1,1,1.163258,0.312467,0.312467,1.736874,1.493935,0.200673,-1.736874
nonmember,14889,6,6,1,0.694496,0.499326,0.499326,1.595522,2.525057,1.277149,-1.595522
nonmember,31593,0,0,1,0.548831,0.577624,0.577624,1.305764,2.076938,0.949862,-1.305764
nonmember,10676,6,2,0,1.620010,0.197897,0.465864,1.635968,1.848526,-0.856147,1.635968
nonmember,12671,3,5,0,2.541926,0.078715,0.368576,1.974466,-0.731982,-1.543818,1.974466
nonmember,32138,8,8,1,0.694660,0.499244,0.499244,1.106961,3.999676,0.391679,-1.106961
nonmember,33655,8,6,0,7.516474,0.000544,0.320824,1.590610,-3.649390,-6.379610,1.590610
nonmember,31654,0,0,1,0.123400,0.883910,0.883910,0.451218,6.547011,2.569602,-0.451218
nonmember,19253,8,0,0,1.341013,0.261581,0.273848,1.813450,1.077858,-0.045830,1.813450
nonmember,14362,4,0,0,3.569046,0.028183,0.304773,1.841374,-1.027654,-2.380856,1.841374
nonmember,12184,5,5,1,1.169839,0.310417,0.310417,1.888415,1.628025,0.638098,-1.888415
nonmember,32091,0,0,1,0.139771,0.869557,0.869557,0.552981,4.585513,2.519700,-0.552981
nonmember,29406,7,4,0,3.297092,0.036991,0.478438,1.311157,1.960157,-2.559864,1.311157
nonmember,17012,8,0,0,1.211753,0.297675,0.563666,1.188428,2.299826,-0.638460,1.188428
nonmember,46050,6,6,1,0.509066,0.601057,0.601057,1.425638,2.937429,1.881554,-1.425638
nonmember,15394,1,3,0,2.075601,0.125481,0.425920,1.677996,0.587644,-1.222098,1.677996
nonmember,304,1,1,1,0.314929,0.729841,0.729841,1.084260,3.019864,2.162293,-1.084260
nonmember,10883,3,8,0,3.695847,0.024826,0.451661,1.611106,-1.103580,-2.901023,1.611106
nonmember,25250,4,4,1,1.411830,0.243697,0.243697,1.881409,2.026926,0.184074,-1.881409
nonmember,22756,9,9,1,0.790961,0.453409,0.453409,1.806565,1.684036,1.218711,-1.806565
nonmember,152,7,8,0,1.925942,0.145738,0.381108,1.595315,0.989717,-0.961270,1.595315
nonmember,5862,2,2,1,0.767124,0.464347,0.464347,1.665416,2.521327,1.106805,-1.665416
nonmember,32856,6,6,1,1.117867,0.326976,0.326976,1.891362,2.155339,0.459992,-1.891362
nonmember,3445,4,6,0,1.650414,0.191970,0.500642,1.493497,2.394553,-0.958550,1.493497
nonmember,18673,3,2,0,1.887826,0.151401,0.352267,1.753849,1.552580,-0.844461,1.753849
nonmember,16420,0,1,0,2.690689,0.067834,0.485997,1.693201,-0.047414,-1.969135,1.693201
nonmember,43749,3,2,0,1.869729,0.154165,0.169297,2.197026,0.338428,-0.093630,2.197026
nonmember,1418,9,9,1,1.173105,0.309405,0.309405,1.883475,1.272130,0.330376,-1.883475
nonmember,4702,5,0,0,1.617543,0.198386,0.257229,2.022045,0.478809,-0.259753,2.022045
nonmember,15483,0,0,1,0.054661,0.946806,0.946806,0.300902,4.944304,4.008764,-0.300902
nonmember,45564,0,0,1,0.188918,0.827854,0.827854,0.764289,3.051797,2.736333,-0.764289
nonmember,5561,5,2,0,1.949960,0.142280,0.341666,1.752167,1.166131,-0.876038,1.752167
nonmember,31564,6,6,1,0.686048,0.503562,0.503562,1.545055,2.634535,1.171408,-1.545055
nonmember,7374,1,8,0,1.246007,0.287651,0.366750,1.534894,1.683518,-0.242931,1.534894
nonmember,21023,0,9,0,3.742098,0.023704,0.238866,2.070920,-1.616880,-2.310246,2.070920
nonmember,22201,7,8,0,1.544483,0.213422,0.410327,1.563782,2.129449,-0.653682,1.563782
nonmember,30610,6,3,0,2.950878,0.052294,0.475142,1.482348,1.204633,-2.206737,1.482348
nonmember,27653,5,4,0,1.539921,0.214398,0.257745,1.909742,1.649290,-0.184136,1.909742
nonmember,22639,2,6,0,2.676523,0.068802,0.375608,1.767859,0.545031,-1.697314,1.767859
nonmember,17802,1,1,1,0.787760,0.454862,0.454862,1.613111,2.228770,0.537957,-1.613111
nonmember,13729,8,0,0,1.323846,0.266110,0.613761,1.103240,2.589242,-0.835696,1.103240
nonmember,39059,0,0,1,0.340484,0.711426,0.711426,0.633835,6.579132,0.920714,-0.633835
nonmember,40751,1,1,1,1.137823,0.320516,0.320516,1.858941,1.827347,0.445410,-1.858941
nonmember,20412,4,2,0,3.153029,0.042723,0.325250,1.904038,-0.540983,-2.029869,1.904038
nonmember,35197,9,9,1,1.139087,0.320111,0.320111,1.818122,1.509577,0.268416,-1.818122
nonmember,30272,0,0,1,0.232994,0.792158,0.792158,0.735254,3.802869,1.699012,-0.735254
nonmember,7815,5,7,0,3.345539,0.035241,0.617630,1.425505,0.050036,-2.863673,1.425505
nonmember,41110,1,0,0,2.823249,0.059413,0.415218,1.759708,-0.775894,-1.944298,1.759708
nonmember,28081,1,3,0,2.254835,0.104891,0.290926,2.004548,0.763156,-1.020150,2.004548
nonmember,10630,1,9,0,1.465303,0.231008,0.326912,1.705855,0.847051,-0.347237,1.705855
nonmember,27918,5,1,0,2.437435,0.087385,0.248389,2.021604,0.142200,-1.044678,2.021604
nonmember,10417,2,2,1,1.763629,0.171422,0.171422,2.146574,0.893821,0.054446,-2.146574
nonmember,42728,5,0,0,1.812271,0.163283,0.213397,2.063518,0.995908,-0.267672,2.063518
nonmember,8256,6,7,0,3.092507,0.045388,0.270155,1.935488,-0.526594,-1.783749,1.935488
nonmember,44677,3,5,0,1.248534,0.286925,0.324501,1.772447,1.892599,-0.123069,1.772447
nonmember,8694,7,3,0,3.661296,0.025699,0.443052,1.629360,0.021705,-2.847229,1.629360
nonmember,6851,1,2,0,2.273035,0.102999,0.277105,1.819308,0.536261,-0.989678,1.819308
nonmember,4726,0,8,0,1.449443,0.234701,0.427618,1.672610,1.008612,-0.599918,1.672610
nonmember,3257,1,1,1,1.349247,0.259436,0.259436,2.083614,0.932845,0.267792,-2.083614
nonmember,45476,7,5,0,1.359508,0.256787,0.256955,1.772059,2.150321,-0.000654,1.772059
nonmember,24985,9,8,0,1.177854,0.307939,0.632318,0.883506,3.031039,-0.719491,0.883506
nonmember,46198,3,8,0,3.392394,0.033628,0.550511,1.462762,-0.180648,-2.795485,1.462762
nonmember,14443,6,6,1,1.153476,0.315538,0.315538,1.841550,2.335415,0.569185,-1.841550
nonmember,46266,7,4,0,2.085143,0.124289,0.390502,1.707720,1.269070,-1.144821,1.707720
nonmember,37024,1,1,1,0.388105,0.678341,0.678341,1.183252,3.129729,1.466112,-1.183252
nonmember,31723,7,6,0,2.345809,0.095770,0.568819,1.297442,2.345187,-1.781617,1.297442
nonmember,4832,8,9,0,1.819701,0.162074,0.687437,0.951125,2.034830,-1.444915,0.951125
nonmember,9317,1,0,0,1.939780,0.143736,0.305949,1.754976,1.188215,-0.755444,1.754976
nonmember,6133,2,4,0,1.989341,0.136786,0.247390,1.814152,1.478900,-0.592551,1.814152
nonmember,28815,7,7,1,1.294498,0.274035,0.274035,2.020552,0.847858,0.478507,-2.020552
nonmember,4500,1,0,0,2.178911,0.113165,0.533700,1.494794,0.266688,-1.550989,1.494794
nonmember,11500,2,1,0,2.150419,0.116435,0.313481,2.044122,0.347775,-0.990403,2.044122
nonmember,2942,8,8,1,0.537308,0.584319,0.584319,1.408062,2.107083,1.300495,-1.408062
nonmember,12591,4,4,1,0.879036,0.415183,0.415183,1.373724,3.696743,0.107032,-1.373724
nonmember,29551,9,9,1,0.817413,0.441573,0.441573,1.498917,1.664120,0.517868,-1.498917
nonmember,6872,3,7,0,1.936478,0.144211,0.283356,1.929454,0.516187,-0.675425,1.929454
nonmember,7397,2,6,0,1.625183,0.196876,0.228986,1.871484,1.828613,-0.151089,1.871484
nonmember,26769,9,9,1,0.348446,0.705784,0.705784,1.167109,2.689340,1.958214,-1.167109
nonmember,44436,1,0,0,2.789795,0.061434,0.226918,1.980784,-0.979920,-1.306630,1.980784
nonmember,39101,3,7,0,2.211585,0.109527,0.295327,1.993563,0.112669,-0.991913,1.993563
nonmember,41671,6,9,0,4.498490,0.011126,0.452229,1.500917,-1.767121,-3.704923,1.500917
nonmember,23403,9,9,1,1.320021,0.267130,0.267130,1.786274,1.553694,0.006150,-1.786274
nonmember,37369,5,4,0,1.589354,0.204057,0.245676,1.912644,1.519458,-0.185611,1.912644
nonmember,42943,5,4,0,2.791011,0.061359,0.357217,1.611256,1.092942,-1.761598,1.611256
nonmember,10981,3,2,0,1.987980,0.136972,0.483666,1.647876,1.507666,-1.261620,1.647876
nonmember,5020,6,0,0,5.061938,0.006333,0.267095,2.013810,-2.918448,-3.741786,2.013810
nonmember,14828,6,6,1,0.688941,0.502108,0.502108,1.442426,4.615577,0.900853,-1.442426
nonmember,9826,8,0,0,2.622178,0.072644,0.731963,1.030890,0.580083,-2.310153,1.030890
nonmember,38296,4,5,0,2.133517,0.118420,0.251249,2.045571,0.542489,-0.752206,2.045571
nonmember,37918,6,4,0,2.734052,0.064956,0.646343,1.167538,1.652262,-2.297628,1.167538
nonmember,35350,2,1,0,2.871388,0.056620,0.273343,1.841067,0.487448,-1.574360,1.841067
nonmember,11107,0,0,1,1.063163,0.345362,0.345362,1.847896,1.380478,0.427450,-1.847896
nonmember,45131,2,2,1,1.366512,0.254995,0.254995,2.041693,0.930084,0.361165,-2.041693
nonmember,21421,5,2,0,1.668326,0.188562,0.272625,2.061987,0.368323,-0.368669,2.061987
nonmember,19353,9,9,1,1.199940,0.301212,0.301212,1.954878,1.385871,0.537418,-1.954878
nonmember,12936,0,8,0,1.744480,0.174736,0.808452,0.559209,5.311728,-1.531846,0.559209
nonmember,41333,2,5,0,1.440469,0.236817,0.259491,1.820580,1.771743,-0.091434,1.820580
nonmember,2901,5,4,0,2.762989,0.063103,0.262799,1.931841,0.945652,-1.426622,1.931841
nonmember,5352,9,9,1,0.499059,0.607102,0.607102,1.286534,2.437261,1.245835,-1.286534
nonmember,20582,6,6,1,0.726647,0.483528,0.483528,1.409323,3.546532,0.727700,-1.409323
nonmember,3628,9,8,0,3.342948,0.035333,0.474360,1.058043,2.504308,-2.597158,1.058043
nonmember,19433,3,7,0,3.690226,0.024966,0.363907,1.927636,-0.403981,-2.679370,1.927636
nonmember,25948,7,4,0,2.886741,0.055758,0.435822,1.481845,1.956959,-2.056220,1.481845
nonmember,43277,0,9,0,2.443091,0.086892,0.549703,1.534300,0.915610,-1.844714,1.534300
nonmember,25586,9,9,1,1.091576,0.335687,0.335687,1.655713,1.409003,0.093965,-1.655713
nonmember,41675,4,5,0,2.934161,0.053175,0.224800,2.153083,-0.841526,-1.441618,2.153083
nonmember,9861,8,9,0,2.774558,0.062377,0.309142,1.922943,-0.337133,-1.600604,1.922943
nonmember,4201,6,6,1,0.581877,0.558848,0.558848,1.433228,3.404481,1.324748,-1.433228
nonmember,11823,6,2,0,1.794982,0.166130,0.224799,2.033354,0.873171,-0.302433,2.033354
nonmember,15257,5,7,0,1.238989,0.289677,0.335613,1.644343,1.878504,-0.147194,1.644343
nonmember,24607,1,1,1,1.109675,0.329666,0.329666,1.537962,2.320363,0.022734,-1.537962
nonmember,35942,4,8,0,4.417669,0.012062,0.425488,1.705879,-1.988770,-3.563152,1.705879
nonmember,38874,5,5,1,0.888558,0.411248,0.411248,1.485331,2.656656,0.134479,-1.485331
nonmember,35678,8,0,0,2.333045,0.097000,0.480448,1.707520,0.112985,-1.600009,1.707520
nonmember,33749,4,6,0,1.675725,0.187172,0.596236,1.290359,2.620092,-1.158607,1.290359
nonmember,6535,4,7,0,1.232478,0.291569,0.333070,1.674126,2.404089,-0.133076,1.674126
nonmember,25900,6,6,1,1.122516,0.325460,0.325460,1.769751,2.421199,0.520018,-1.769751
nonmember,39108,3,2,0,2.271510,0.103156,0.389564,1.629764,1.254979,-1.328784,1.629764
nonmember,42867,0,0,1,0.043992,0.956961,0.956961,0.183333,8.382167,3.125988,-0.183333
nonmember,34789,2,4,0,1.925498,0.145803,0.231028,2.125342,0.777626,-0.460282,2.125342
nonmember,2240,5,8,0,3.758321,0.023323,0.689603,1.079760,-0.215281,-3.386681,1.079760
nonmember,30026,8,8,1,1.507880,0.221379,0.221379,1.829625,0.776539,0.050133,-1.829625
nonmember,16178,8,1,0,1.325724,0.265611,0.409510,1.591593,1.807218,-0.432929,1.591593
nonmember,32056,0,0,1,0.403652,0.667876,0.667876,1.219736,2.527451,1.620530,-1.219736
nonmember,40070,8,8,1,0.448736,0.638435,0.638435,1.017153,4.173063,1.256571,-1.017153
nonmember,23406,6,4,0,1.424431,0.240645,0.420232,1.641817,2.795662,-0.557482,1.641817
nonmember,34354,3,5,0,2.150962,0.116372,0.194890,2.173863,-0.316378,-0.515641,2.173863
nonmember,16470,5,6,0,2.674014,0.068975,0.486367,1.531218,0.857942,-1.953223,1.531218
nonmember,13623,8,0,0,1.643775,0.193249,0.417787,1.607675,0.987206,-0.770990,1.607675
nonmember,2237,2,7,0,1.693076,0.183953,0.236164,2.111477,0.781111,-0.249849,2.111477
nonmember,22279,2,2,1,1.136080,0.321075,0.321075,1.960627,1.234807,0.510879,-1.960627
nonmember,11444,1,9,0,2.481658,0.083604,0.591516,1.327349,0.663415,-1.956592,1.327349
nonmember,6902,3,2,0,2.418887,0.089021,0.189672,2.180326,-0.054951,-0.756431,2.180326
nonmember,45700,3,5,0,2.160622,0.115253,0.281408,2.033758,0.390414,-0.892673,2.033758
nonmember,33150,7,7,1,1.393555,0.248191,0.248191,2.102861,0.965999,0.498751,-2.102861
nonmember,22775,5,4,0,2.579761,0.075792,0.284704,1.767710,0.696498,-1.323454,1.767710
nonmember,25686,3,7,0,3.616915,0.026865,0.189374,2.084298,-1.027064,-1.952882,2.084298
nonmember,6274,4,6,0,2.124292,0.119518,0.349326,1.891130,0.574916,-1.072542,1.891130
nonmember,18461,8,8,1,0.371623,0.689614,0.689614,0.831704,4.052478,1.005520,-0.831704
nonmember,21339,8,9,0,1.872412,0.153752,0.714244,0.924045,1.917825,-1.535882,0.924045
nonmember,11562,4,4,1,1.371750,0.253663,0.253663,1.972830,1.771007,0.304412,-1.972830
nonmember,4203,5,3,0,1.677833,0.186778,0.208849,2.052971,1.220685,-0.111690,2.052971
nonmember,47782,8,0,0,1.822382,0.161640,0.438625,1.530006,1.849872,-0.998272,1.530006
nonmember,36879,1,9,0,1.186361,0.305330,0.323606,1.548816,1.603932,-0.058133,1.548816
nonmember,38916,9,1,0,3.032230,0.048208,0.292714,1.952648,-0.268194,-1.803671,1.952648
nonmember,18112,8,8,1,0.666266,0.513623,0.513623,1.316051,2.666193,0.931549,-1.316051
nonmember,46785,5,2,0,1.719663,0.179126,0.251971,1.984002,1.004095,-0.341223,1.984002
nonmember,17474,1,1,1,1.293901,0.274199,0.274199,1.684282,1.679600,0.052278,-1.684282
nonmember,12347,9,9,1,0.494098,0.610121,0.610121,1.277645,2.401151,1.374416,-1.277645
nonmember,45021,2,4,0,1.735054,0.176391,0.483888,1.448437,3.427921,-1.009152,1.448437
nonmember,41647,8,7,0,3.282509,0.037534,0.278592,2.055932,-0.528046,-2.004503,2.055932
nonmember,30882,8,8,1,1.331576,0.264061,0.264061,1.967803,1.261923,0.017156,-1.967803
nonmember,49485,7,1,0,3.099695,0.045063,0.198514,2.085530,-0.330445,-1.482797,2.085530
nonmember,28579,7,9,0,1.743837,0.174848,0.300743,1.989333,0.253212,-0.542337,1.989333
nonmember,45911,4,0,0,6.494550,0.001512,0.495161,1.586838,-3.318072,-5.791678,1.586838
nonmember,35002,7,9,0,3.236745,0.039292,0.626112,1.357689,-0.094408,-2.768519,1.357689
nonmember,13005,4,3,0,1.615173,0.198856,0.236041,1.994821,1.070555,-0.171423,1.994821
nonmember,14957,4,4,1,1.415864,0.242716,0.242716,1.911395,1.760197,0.011558,-1.911395
nonmember,47921,4,7,0,1.472505,0.229350,0.422091,1.676892,2.098356,-0.609972,1.676892
nonmember,491,5,3,0,2.246866,0.105730,0.314180,2.010533,0.600078,-1.089077,2.010533
nonmember,31120,5,1,0,4.878511,0.007608,0.654037,1.138771,-1.590053,-4.453920,1.138771
nonmember,20352,8,0,0,1.362853,0.255930,0.516428,1.318299,1.951435,-0.702034,1.318299
nonmember,16930,8,0,0,1.161441,0.313035,0.601638,0.919426,4.415266,-0.653342,0.919426
nonmember,28898,8,9,0,1.501191,0.222865,0.400060,1.588127,1.374811,-0.585050,1.588127
nonmember,40584,3,9,0,4.401585,0.012258,0.495898,1.693093,-2.036521,-3.700199,1.693093
nonmember,11024,5,7,0,2.116968,0.120396,0.548957,1.485809,1.315119,-1.517233,1.485809
nonmember,38289,0,0,1,0.056439,0.945124,0.945124,0.247308,5.871423,3.015510,-0.247308
nonmember,43659,0,0,1,0.023330,0.976941,0.976941,0.131903,7.158232,4.105676,-0.131903
nonmember,13126,7,2,0,2.031169,0.131182,0.362357,1.798203,1.426451,-1.016043,1.798203
nonmember,26263,2,7,0,1.960668,0.140764,0.407846,1.763358,1.425515,-1.063802,1.763358
nonmember,32666,9,9,1,0.423788,0.654563,0.654563,1.330910,2.222000,2.026452,-1.330910
nonmember,31832,8,8,1,0.535377,0.585448,0.585448,1.282490,3.167492,1.069218,-1.282490
nonmember,25660,8,3,0,5.386127,0.004580,0.320360,1.741894,-1.550000,-4.247818,1.741894
nonmember,35491,8,8,1,0.115400,0.891010,0.891010,0.448029,5.683813,2.750196,-0.448029
nonmember,31004,0,9,0,3.322733,0.036054,0.357672,2.001811,-1.134653,-2.294593,2.001811
nonmember,37091,3,1,0,1.474192,0.228964,0.263376,1.975393,0.756564,-0.140021,1.975393
nonmember,18117,1,8,0,1.050444,0.349782,0.382145,1.524709,2.321855,-0.088490,1.524709
nonmember,35352,8,0,0,2.045491,0.129317,0.861493,0.441474,5.168164,-1.896402,0.441474
nonmember,42153,3,6,0,2.515862,0.080793,0.382733,1.774271,0.762387,-1.555446,1.774271
nonmember,7718,1,0,0,4.832013,0.007970,0.898552,0.444132,0.536020,-4.725042,0.444132
nonmember,49030,4,4,1,0.941126,0.390188,0.390188,1.612803,3.037798,0.311878,-1.612803
nonmember,38700,8,9,0,1.291533,0.274849,0.572097,1.186478,1.859419,-0.733087,1.186478
nonmember,19052,2,9,0,4.533831,0.010739,0.646465,1.260134,-1.444939,-4.097595,1.260134
nonmember,2718,0,0,1,0.309672,0.733687,0.733687,1.044730,2.600608,1.935909,-1.044730
nonmember,42983,4,4,1,0.934100,0.392940,0.392940,1.584107,3.005562,0.477395,-1.584107
nonmember,7557,4,6,0,1.043711,0.352145,0.402190,1.407231,3.351038,-0.132880,1.407231
nonmember,5726,4,9,0,2.557446,0.077502,0.321225,1.986969,0.122752,-1.421833,1.986969
nonmember,22012,2,9,0,3.690621,0.024957,0.443446,1.604700,-1.371764,-2.877441,1.604700
nonmember,12157,7,5,0,2.979057,0.050841,0.372219,1.886738,-0.831031,-1.990785,1.886738
nonmember,29623,0,7,0,3.183004,0.041461,0.242751,2.046909,-0.223164,-1.767284,2.046909
nonmember,7870,5,5,1,1.338280,0.262296,0.262296,2.006626,1.441787,0.175748,-2.006626
nonmember,49192,6,7,0,1.832865,0.159955,0.203590,2.052249,0.853786,-0.241218,2.052249
nonmember,18739,4,2,0,4.164721,0.015534,0.269920,1.845494,-0.843865,-2.855093,1.845494
nonmember,4364,9,8,0,1.671299,0.188003,0.510060,1.311641,2.234126,-0.998072,1.311641
nonmember,47547,3,7,0,2.700982,0.067140,0.260770,2.035376,-0.013086,-1.356865,2.035376
nonmember,19713,8,0,0,1.365477,0.255259,0.263203,1.792878,0.937725,-0.030648,1.792878
nonmember,33035,5,2,0,3.208004,0.040437,0.316075,2.062871,-1.040747,-2.056227,2.062871
nonmember,42425,1,0,0,2.649195,0.070708,0.577883,1.501886,-0.398236,-2.100811,1.501886
nonmember,42098,2,6,0,1.418155,0.242160,0.275936,1.738785,2.038716,-0.130568,1.738785
nonmember,34719,7,0,0,4.809544,0.008152,0.455552,1.228198,-1.490152,-4.023297,1.228198
nonmember,35332,6,2,0,1.913251,0.147600,0.309150,1.887589,1.322608,-0.739322,1.887589
nonmember,5170,9,9,1,1.286641,0.276197,0.276197,1.677660,0.954472,0.031319,-1.677660
nonmember,13602,3,5,0,1.874704,0.153400,0.263143,2.073717,0.482426,-0.539645,2.073717
nonmember,791,9,9,1,1.088086,0.336861,0.336861,1.951530,0.535287,0.893523,-1.951530
nonmember,30994,5,6,0,2.237982,0.106674,0.632387,1.282424,1.765560,-1.779728,1.282424
nonmember,25758,8,8,1,0.252495,0.776860,0.776860,0.822330,3.348435,1.870018,-0.822330
nonmember,41294,4,6,0,1.987399,0.137051,0.632060,1.302003,1.813077,-1.528628,1.302003
nonmember,14858,4,4,1,1.200415,0.301069,0.301069,1.948895,2.013963,0.573702,-1.948895
nonmember,32061,7,7,1,1.355764,0.257750,0.257750,1.901034,1.870924,0.002640,-1.901034
nonmember,35056,7,3,0,3.326520,0.035918,0.348910,1.856255,-1.056834,-2.273580,1.856255
nonmember,12117,4,6,0,1.615458,0.198800,0.311373,1.891927,1.665530,-0.448694,1.891927
nonmember,47901,3,4,0,2.987087,0.050434,0.316439,1.854355,0.513823,-1.836463,1.854355
nonmember,1285,2,6,0,2.090304,0.123650,0.290720,1.865393,1.117297,-0.854909,1.865393
nonmember,16773,9,9,1,0.443879,0.641543,0.641543,1.187866,2.676503,1.689031,-1.187866
nonmember,16618,7,6,0,2.298886,0.100371,0.239203,1.853809,1.000026,-0.868444,1.853809
nonmember,13297,3,9,0,1.758232,0.172349,0.290538,2.019292,0.105977,-0.522213,2.019292
nonmember,27957,9,9,1,0.453777,0.635224,0.635224,1.104672,3.081158,1.155006,-1.104672
nonmember,39916,8,0,0,1.487731,0.225885,0.688908,0.923068,2.197306,-1.115082,0.923068
nonmember,1043,9,0,0,1.587067,0.204525,0.214452,2.041844,0.660000,-0.047396,2.041844
nonmember,27101,1,1,1,0.700901,0.496138,0.496138,1.620018,2.643369,1.091623,-1.620018
nonmember,39076,0,7,0,2.488054,0.083071,0.255714,2.117018,-0.111904,-1.124358,2.117018
nonmember,41677,0,6,0,10.205366,0.000037,0.656352,1.022177,-5.071107,-9.784307,1.022177
nonmember,29912,2,3,0,2.792278,0.061281,0.207744,1.982318,0.363680,-1.220831,1.982318
nonmember,17515,1,1,1,0.244803,0.782859,0.782859,0.930265,3.667511,2.267977,-0.930265
nonmember,41443,6,2,0,2.176543,0.113433,0.554686,1.541663,1.181697,-1.587190,1.541663
nonmember,15884,0,8,0,1.700825,0.182533,0.641898,1.062674,2.198169,-1.257499,1.062674
nonmember,3169,8,8,1,0.738061,0.478040,0.478040,1.204708,2.691469,0.261301,-1.204708
nonmember,28638,7,7,1,1.292976,0.274453,0.274453,2.076112,0.862170,0.629988,-2.076112
nonmember,36152,2,0,0,8.108686,0.000301,0.938977,0.243687,1.357888,-8.045722,0.243687
nonmember,426,5,5,1,1.468881,0.230183,0.230183,1.875751,1.657593,0.292551,-1.875751
nonmember,32715,3,3,1,1.293785,0.274231,0.274231,1.757037,1.432508,0.013725,-1.757037
nonmember,39430,4,1,0,2.138757,0.117801,0.431606,1.850986,0.600134,-1.298515,1.850986
nonmember,44334,2,7,0,1.730244,0.177241,0.294294,1.788092,1.180963,-0.507067,1.788092
nonmember,34402,9,9,1,0.990428,0.371418,0.371418,1.847730,1.698477,0.621670,-1.847730
nonmember,42188,1,1,1,0.419027,0.657686,0.657686,1.200198,2.436852,1.456991,-1.200198
nonmember,20436,7,6,0,2.207478,0.109978,0.298870,1.782660,1.063342,-0.999732,1.782660
nonmember,15188,9,9,1,0.462502,0.629706,0.629706,1.027246,4.455844,1.146030,-1.027246
nonmember,1190,9,8,0,0.925882,0.396182,0.465667,1.201792,2.408774,-0.161597,1.201792
nonmember,3229,5,6,0,1.794311,0.166242,0.221598,1.924851,1.486766,-0.287422,1.924851
nonmember,30790,4,4,1,0.952772,0.385671,0.385671,1.442461,3.461354,0.066895,-1.442461
nonmember,30248,5,2,0,2.087284,0.124024,0.343658,1.968862,0.619524,-1.019176,1.968862
nonmember,26268,6,6,1,1.408431,0.244527,0.244527,2.007124,1.366854,0.331968,-2.007124
nonmember,932,5,2,0,1.550682,0.212103,0.230427,2.056836,1.049415,-0.082862,2.056836
nonmember,40824,6,3,0,1.744040,0.174813,0.300442,1.853050,2.197928,-0.541540,1.853050
nonmember,5356,1,0,0,1.562069,0.209702,0.586255,1.183293,2.369421,-1.028068,1.183293
nonmember,33566,6,6,1,0.649312,0.522405,0.522405,1.456491,3.188380,1.107200,-1.456491
nonmember,35329,7,4,0,1.954619,0.141618,0.221124,1.924333,1.144151,-0.445589,1.924333
nonmember,41540,3,2,0,2.440678,0.087102,0.402782,1.919733,0.099786,-1.531319,1.919733
nonmember,30331,0,0,1,0.036615,0.964048,0.964048,0.197999,5.652877,3.812068,-0.197999
nonmember,41917,3,5,0,1.905345,0.148771,0.322239,1.999787,0.642682,-0.772883,1.999787
nonmember,14768,2,6,0,1.959369,0.140947,0.405929,1.674671,1.489744,-1.057793,1.674671
nonmember,4530,3,1,0,2.206728,0.110060,0.310345,1.853032,0.769711,-1.036656,1.853032
nonmember,2141,3,0,0,5.396086,0.004534,0.753467,0.902074,-1.843462,-5.113015,0.902074
nonmember,37331,5,5,1,0.793901,0.452078,0.452078,1.534295,1.923788,0.519475,-1.534295
nonmember,21221,9,9,1,0.391638,0.675949,0.675949,1.196428,2.925095,1.941386,-1.196428
nonmember,20207,5,7,0,2.776533,0.062254,0.259418,1.951346,-0.350730,-1.427217,1.951346
nonmember,46467,2,2,1,1.500124,0.223102,0.223102,2.032409,1.478197,0.197576,-2.032409
nonmember,45541,4,6,0,1.014691,0.362515,0.500933,1.169658,4.359147,-0.323407,1.169658
nonmember,9324,8,0,0,0.929152,0.394888,0.519858,1.053786,2.924098,-0.274953,1.053786
nonmember,32988,1,9,0,2.680687,0.068516,0.625319,1.187517,0.680411,-2.211194,1.187517
nonmember,41728,5,7,0,1.532062,0.216090,0.351805,1.919727,0.950225,-0.487385,1.919727
nonmember,37154,4,7,0,2.586360,0.075294,0.214672,2.026537,0.293744,-1.047716,2.026537
nonmember,25713,3,7,0,2.416110,0.089268,0.283019,1.953547,0.486866,-1.153867,1.953547
nonmember,20018,7,2,0,2.736494,0.064797,0.229144,2.143857,-0.278862,-1.263091,2.143857
nonmember,18924,6,3,0,3.586505,0.027695,0.353662,1.871136,-1.031844,-2.547091,1.871136
nonmember,2558,8,7,0,3.757870,0.023333,0.480400,1.704345,-1.034087,-3.024734,1.704345
nonmember,20091,3,3,1,1.256308,0.284703,0.284703,2.005594,1.471628,0.452574,-2.005594
nonmember,37105,3,7,0,2.228148,0.107728,0.329183,1.816066,1.078965,-1.117005,1.816066
nonmember,14168,1,0,0,2.483326,0.083465,0.456510,1.758628,-0.009486,-1.699182,1.758628
nonmember,11270,2,1,0,2.619742,0.072822,0.369951,1.902395,-0.152571,-1.625358,1.902395
nonmember,16570,2,0,0,9.056880,0.000117,0.370122,1.147998,-2.203110,-8.062958,1.147998
nonmember,48307,7,2,0,3.779980,0.022823,0.325346,1.734036,-0.562735,-2.657115,1.734036
nonmember,21399,2,7,0,1.804491,0.164558,0.528358,1.543256,0.879293,-1.166510,1.543256
nonmember,24742,2,8,0,4.041147,0.017577,0.687748,0.850760,1.069410,-3.666813,0.850760
nonmember,33636,7,1,0,2.220439,0.108561,0.270972,2.035594,0.820854,-0.914698,2.035594
nonmember,6885,1,4,0,4.328047,0.013193,0.316768,1.680176,-0.123211,-3.178462,1.680176
nonmember,35569,2,5,0,2.137505,0.117949,0.153229,2.219690,-0.067864,-0.261683,2.219690
nonmember,46904,1,9,0,0.997940,0.368638,0.369732,1.597135,1.570494,-0.002963,1.597135
nonmember,40450,9,9,1,1.546056,0.213087,0.213087,2.004379,0.586203,0.169469,-2.004379
nonmember,9002,2,3,0,1.856998,0.156141,0.205532,2.041758,1.147627,-0.274844,2.041758
nonmember,957,2,7,0,1.935881,0.144297,0.206065,2.045837,0.169163,-0.356316,2.045837
nonmember,27072,2,6,0,1.506345,0.221719,0.295644,1.709475,2.351657,-0.287745,1.709475
nonmember,2760,2,0,0,2.208855,0.109826,0.259279,2.089355,-0.159678,-0.859003,2.089355
nonmember,48918,7,7,1,1.188704,0.304616,0.304616,2.060514,1.219743,0.789641,-2.060514
nonmember,31009,9,8,0,0.880159,0.414717,0.536430,0.912139,3.636112,-0.257340,0.912139
nonmember,6314,4,2,0,4.519517,0.010894,0.336632,1.723575,-1.816853,-3.430752,1.723575
nonmember,10894,9,9,1,0.411518,0.662644,0.662644,1.302644,2.064322,1.831058,-1.302644
nonmember,42967,4,2,0,3.036024,0.048025,0.603828,1.474314,0.023611,-2.531558,1.474314
nonmember,369,9,1,0,1.574839,0.207041,0.395354,1.742007,0.876290,-0.646865,1.742007
nonmember,39397,0,5,0,3.668496,0.025515,0.170960,2.096915,-1.030843,-1.902169,2.096915
nonmember,12691,4,6,0,1.640843,0.193816,0.567780,1.350878,2.237471,-1.074822,1.350878
nonmember,18473,4,2,0,2.865193,0.056972,0.226149,2.169504,-0.133046,-1.378633,2.169504
nonmember,34931,5,3,0,2.114414,0.120704,0.206253,2.171438,-0.026473,-0.535762,2.171438
nonmember,34218,2,0,0,3.426038,0.032516,0.461799,1.742005,-1.133485,-2.653413,1.742005
nonmember,14532,4,4,1,0.483258,0.616771,0.616771,1.316136,3.678539,1.736215,-1.316136
nonmember,47601,2,2,1,1.295257,0.273828,0.273828,1.695032,2.317200,0.058179,-1.695032
nonmember,8871,2,6,0,2.157700,0.115591,0.326841,1.841573,1.421387,-1.039419,1.841573
nonmember,16941,7,7,1,0.215399,0.806220,0.806220,0.833423,3.737138,2.527281,-0.833423
nonmember,46435,8,0,0,1.549264,0.212404,0.398402,1.547511,1.115742,-0.628971,1.547511
nonmember,36524,2,6,0,1.301757,0.272053,0.418984,1.487927,2.536458,-0.431833,1.487927
nonmember,36206,5,5,1,1.292424,0.274604,0.274604,1.946765,2.325501,0.482068,-1.946765
nonmember,29249,2,4,0,1.745523,0.174554,0.317128,1.641758,2.032970,-0.597075,1.641758
nonmember,24096,0,1,0,2.759871,0.063300,0.378061,1.905643,0.077368,-1.787170,1.905643
nonmember,7886,8,1,0,2.346222,0.095730,0.494707,1.668383,0.372086,-1.642433,1.668383
nonmember,46149,3,2,0,2.098148,0.122683,0.347839,1.821326,1.117236,-1.042131,1.821326
nonmember,43622,8,9,0,1.129035,0.323345,0.394115,1.533325,1.857019,-0.197922,1.533325
nonmember,16425,8,0,0,1.665563,0.189084,0.240624,1.998906,0.550100,-0.241045,1.998906
nonmember,21092,0,2,0,6.324826,0.001791,0.436271,1.734289,-3.174017,-5.495334,1.734289
nonmember,22188,5,1,0,1.815200,0.162805,0.261037,2.017196,0.741866,-0.472107,2.017196
nonmember,45537,8,1,0,4.275287,0.013908,0.470935,1.707973,-1.771541,-3.522251,1.707973
nonmember,5661,6,4,0,2.123716,0.119586,0.266357,1.812873,1.001698,-0.800796,1.812873
nonmember,3309,2,9,0,3.248760,0.038822,0.446767,1.441411,-0.006065,-2.443041,1.441411
nonmember,19148,6,5,0,2.376701,0.092856,0.354908,1.864554,-0.174548,-1.340804,1.864554
nonmember,3056,8,1,0,3.570371,0.028145,0.663808,1.107645,-0.339893,-3.160609,1.107645
nonmember,1905,7,4,0,2.232817,0.107226,0.292113,1.814775,1.167369,-1.002203,1.814775
nonmember,36956,5,2,0,2.353665,0.095020,0.488692,1.744362,0.622584,-1.637643,1.744362
nonmember,4156,4,8,0,2.904000,0.054804,0.258345,2.124918,-0.790963,-1.550539,2.124918
nonmember,943,8,8,1,0.981527,0.374738,0.374738,1.431808,2.017045,0.410842,-1.431808
nonmember,27436,8,8,1,1.361494,0.256278,0.256278,1.993242,0.917066,0.190829,-1.993242
nonmember,46777,9,2,0,1.573963,0.207222,0.282989,1.953381,1.043149,-0.311615,1.953381
nonmember,38241,5,0,0,1.802457,0.164893,0.230270,2.119547,0.280584,-0.333952,2.119547
nonmember,12052,0,9,0,2.989461,0.050315,0.559380,1.347710,0.034410,-2.408535,1.347710
nonmember,2294,5,4,0,2.908723,0.054545,0.385872,1.452284,1.174654,-1.956473,1.452284
nonmember,6803,8,8,1,0.263576,0.768299,0.768299,0.791388,4.390377,1.610326,-0.791388
nonmember,13659,2,7,0,2.273768,0.102924,0.565482,1.320661,1.711612,-1.703692,1.320661
nonmember,25023,0,0,1,1.718159,0.179396,0.179396,2.209328,0.069442,0.036660,-2.209328
nonmember,45621,0,9,0,3.557073,0.028522,0.532723,1.211887,-0.583156,-2.927319,1.211887
nonmember,24891,1,1,1,0.945111,0.388636,0.388636,1.699860,1.367035,0.356407,-1.699860
nonmember,40376,8,8,1,0.701053,0.496063,0.496063,1.555686,1.522495,1.009244,-1.555686
nonmember,44401,9,9,1,0.869464,0.419176,0.419176,1.633653,2.055660,0.693726,-1.633653
nonmember,32279,8,8,1,1.282107,0.277452,0.277452,1.804566,1.192355,0.198169,-1.804566
nonmember,36411,5,1,0,4.551969,0.010546,0.368487,1.725419,-1.620348,-3.553619,1.725419
nonmember,44303,0,9,0,1.239804,0.289441,0.598362,1.099953,2.129190,-0.726245,1.099953
nonmember,289,7,7,1,0.726236,0.483726,0.483726,1.729051,1.792148,1.486640,-1.729051
nonmember,30829,0,9,0,2.825687,0.059268,0.653088,1.209320,0.549023,-2.399644,1.209320
nonmember,45551,8,8,1,0.740086,0.477073,0.477073,0.975171,4.065967,0.067113,-0.975171
nonmember,9571,7,5,0,1.913866,0.147509,0.223125,1.922297,0.947461,-0.413844,1.922297
nonmember,8822,3,7,0,2.058428,0.127654,0.339501,1.763045,1.324394,-0.978149,1.763045
nonmember,27477,2,2,1,1.403905,0.245636,0.245636,1.760941,2.105464,0.044695,-1.760941
nonmember,45185,8,0,0,1.229199,0.292527,0.316127,1.584727,2.098116,-0.077586,1.584727
nonmember,17707,4,8,0,8.030244,0.000325,0.549412,0.929420,-3.563731,-7.431338,0.929420
nonmember,5116,7,4,0,1.370235,0.254047,0.268705,1.844954,2.129308,-0.056093,1.844954
nonmember,29081,7,7,1,1.484937,0.226517,0.226517,1.994043,1.263880,0.125419,-1.994043
nonmember,37137,2,7,0,2.055313,0.128053,0.222551,2.120293,0.279073,-0.552713,2.120293
nonmember,22478,5,1,0,3.405720,0.033183,0.375561,1.689545,-0.795919,-2.426387,1.689545
nonmember,11636,5,9,0,4.266173,0.014035,0.399987,1.717528,-1.841685,-3.349851,1.717528
nonmember,36696,6,9,0,3.989334,0.018512,0.425850,1.696478,-1.650953,-3.135665,1.696478
nonmember,32687,2,0,0,2.531918,0.079506,0.300800,2.029719,0.071464,-1.330607,2.029719
nonmember,23573,8,1,0,3.234775,0.039369,0.612661,1.369531,-0.406917,-2.744832,1.369531
nonmember,38954,5,0,0,2.999972,0.049788,0.267655,2.079656,-0.289805,-1.681917,2.079656
nonmember,22968,6,6,1,0.633382,0.530794,0.530794,1.440371,3.250216,1.288368,-1.440371
nonmember,27142,3,6,0,2.529579,0.079693,0.670576,1.151975,2.299281,-2.129961,1.151975
nonmember,31877,5,5,1,0.760167,0.467588,0.467588,1.592027,2.511971,0.912334,-1.592027
nonmember,24551,3,6,0,2.058834,0.127603,0.403008,1.651408,1.798189,-1.150034,1.651408
nonmember,40283,1,7,0,1.337816,0.262418,0.272282,1.842193,1.479644,-0.036899,1.842193
nonmember,14922,8,8,1,0.445501,0.640504,0.640504,1.097277,3.545964,1.560143,-1.097277
nonmember,43230,7,8,0,2.392587,0.091393,0.762308,0.881414,2.061111,-2.121182,0.881414
nonmember,39694,5,6,0,2.141613,0.117465,0.168263,2.111701,0.800954,-0.359385,2.111701
nonmember,46747,7,7,1,1.040325,0.353340,0.353340,1.926956,2.061595,0.970924,-1.926956
nonmember,43767,3,5,0,1.972227,0.139147,0.342986,1.798086,0.819267,-0.902161,1.798086
nonmember,26842,0,0,1,0.163062,0.849538,0.849538,0.573455,5.108416,2.089135,-0.573455
nonmember,30178,9,3,0,2.375504,0.092968,0.290218,1.983242,-0.492592,-1.138382,1.983242
nonmember,9580,2,5,0,2.443091,0.086892,0.263669,2.036507,-0.611442,-1.110032,2.036507
nonmember,28679,5,2,0,1.723840,0.178380,0.206978,1.981133,1.045560,-0.148695,1.981133
nonmember,32823,8,0,0,3.090201,0.045493,0.786011,0.924667,0.084117,-2.849416,0.924667
nonmember,46875,7,7,1,1.136492,0.320943,0.320943,1.887854,2.218104,0.644332,-1.887854
nonmember,38983,4,6,0,1.445708,0.235579,0.325854,1.696245,2.411957,-0.324401,1.696245
nonmember,49187,4,4,1,0.885439,0.412533,0.412533,1.553116,3.442255,0.415983,-1.553116
nonmember,6081,2,6,0,1.755520,0.172817,0.296581,1.976837,0.898662,-0.540084,1.976837
nonmember,38419,0,0,1,0.488619,0.613473,0.613473,1.111626,3.360096,1.265754,-1.111626
nonmember,19492,0,0,1,0.825143,0.438173,0.438173,1.733976,1.184599,1.217434,-1.733976
nonmember,1127,3,2,0,1.538716,0.214657,0.240823,1.836845,1.797577,-0.115024,1.836845
nonmember,27133,9,6,0,3.523838,0.029486,0.451902,1.593234,0.135657,-2.729549,1.593234
nonmember,27720,5,2,0,1.958750,0.141035,0.386487,1.849749,0.997993,-1.008094,1.849749
nonmember,36052,0,0,1,1.121350,0.325839,0.325839,1.739366,1.460450,0.342525,-1.739366
nonmember,46372,4,2,0,3.648024,0.026043,0.368989,1.590642,-0.803282,-2.651036,1.590642
nonmember,16413,9,9,1,0.742725,0.475815,0.475815,1.701633,1.809465,1.120923,-1.701633
nonmember,39879,9,9,1,0.723909,0.484853,0.484853,1.550768,1.822586,0.937756,-1.550768
nonmember,30451,2,7,0,3.901636,0.020209,0.230903,1.899316,-0.186416,-2.435878,1.899316
nonmember,15022,8,8,1,0.435835,0.646725,0.646725,1.222453,2.602677,1.449093,-1.222453
nonmember,9235,5,7,0,2.890809,0.055531,0.437955,1.837469,-0.086610,-2.065170,1.837469
nonmember,9845,4,6,0,2.187650,0.112180,0.588620,1.409023,1.356598,-1.657676,1.409023
nonmember,10020,0,7,0,2.319451,0.098328,0.363359,1.939925,0.109073,-1.307086,1.939925
nonmember,47256,1,1,1,1.230329,0.292196,0.292196,1.851218,1.770520,0.489758,-1.851218
nonmember,4851,8,0,0,2.671687,0.069136,0.775494,0.758117,1.444855,-2.417431,0.758117
nonmember,20296,9,6,0,2.741710,0.064460,0.286122,1.942764,0.068413,-1.490374,1.942764
nonmember,4093,8,8,1,1.509797,0.220955,0.220955,2.084036,0.722805,0.131672,-2.084036
nonmember,38449,3,5,0,1.577775,0.206434,0.435661,1.732156,1.065928,-0.746885,1.732156
nonmember,26262,9,3,0,1.919629,0.146661,0.225000,2.075325,0.588847,-0.427973,2.075325
nonmember,48309,4,7,0,1.567749,0.208514,0.234256,2.084855,1.166462,-0.116410,2.084855
nonmember,6245,9,7,0,1.542474,0.213851,0.224849,2.002381,0.833158,-0.050148,2.002381
nonmember,43656,7,5,0,1.809848,0.163679,0.303942,2.007336,0.796551,-0.618931,2.007336
nonmember,42308,6,5,0,2.991574,0.050208,0.173349,2.155664,-0.561501,-1.239126,2.155664
nonmember,1464,1,8,0,4.900049,0.007446,0.590156,1.060269,-0.286786,-4.372681,1.060269
nonmember,45436,5,7,0,1.439068,0.237149,0.439828,1.677673,1.299581,-0.617695,1.677673
nonmember,40348,2,6,0,2.248072,0.105603,0.447908,1.575102,1.749708,-1.444905,1.575102
nonmember,24131,8,0,0,2.574683,0.076178,0.902139,0.401805,2.568679,-2.471697,0.401805
nonmember,33945,7,2,0,2.465637,0.084955,0.307119,1.898978,0.015976,-1.285117,1.898978
nonmember,23638,4,9,0,2.674977,0.068908,0.313756,2.058891,-0.387992,-1.515838,2.058891
nonmember,18389,3,6,0,2.935888,0.053084,0.460456,1.480582,1.035970,-2.160350,1.480582
nonmember,38292,3,7,0,2.545869,0.078405,0.240941,2.173654,-0.258712,-1.122664,2.173654
nonmember,5286,9,9,1,0.453034,0.635697,0.635697,1.392290,1.790329,1.990618,-1.392290
nonmember,10591,2,8,0,3.988766,0.018523,0.371037,1.453093,-0.574664,-2.997312,1.453093
nonmember,41190,5,6,0,2.215498,0.109099,0.426003,1.447046,2.333298,-1.362190,1.447046
nonmember,38837,7,7,1,0.840205,0.431622,0.431622,1.752010,1.701259,0.858750,-1.752010
nonmember,19080,3,3,1,1.459689,0.232309,0.232309,1.946150,1.198286,0.003595,-1.946150
nonmember,38550,7,3,0,2.219678,0.108644,0.456345,1.676787,1.275580,-1.435172,1.676787
nonmember,31540,9,8,0,2.589609,0.075049,0.519995,1.190698,0.838287,-1.935674,1.190698
nonmember,42498,1,9,0,1.913498,0.147563,0.450157,1.758109,0.184721,-1.115339,1.758109
nonmember,38976,3,5,0,1.232830,0.291467,0.340189,1.751171,2.356562,-0.154576,1.751171
nonmember,30671,7,6,0,1.808000,0.163982,0.261875,1.987257,1.289054,-0.468112,1.987257
nonmember,43518,1,7,0,2.686697,0.068106,0.318090,1.836230,0.117729,-1.541275,1.836230
nonmember,20385,9,9,1,0.360253,0.697500,0.697500,1.075810,3.007922,1.797147,-1.075810
nonmember,14865,7,2,0,2.099257,0.122547,0.298234,1.865995,0.863653,-0.889379,1.865995
nonmember,37974,6,6,1,0.267954,0.764943,0.764943,0.873682,5.059987,2.140750,-0.873682
nonmember,8879,8,9,0,1.179782,0.307346,0.567885,1.112218,2.828034,-0.613946,1.112218
nonmember,26744,0,0,1,0.409019,0.664302,0.664302,1.242047,1.997897,2.003371,-1.242047
nonmember,32880,6,5,0,1.535498,0.215348,0.281454,1.888446,1.500501,-0.267712,1.888446
nonmember,42082,7,3,0,2.448145,0.086454,0.383332,1.678541,-0.191318,-1.489292,1.678541
nonmember,38487,1,9,0,1.281556,0.277605,0.278857,1.873325,1.511418,-0.004501,1.873325
nonmember,46470,4,4,1,1.102413,0.332069,0.332069,1.859263,1.971904,0.551926,-1.859263
nonmember,22956,9,8,0,1.501190,0.222865,0.471475,1.453414,1.392513,-0.749301,1.453414
nonmember,10407,5,7,0,1.985388,0.137327,0.314503,2.048625,0.448016,-0.828626,2.048625
nonmember,38873,9,9,1,0.670016,0.511700,0.511700,1.428876,2.268814,1.009863,-1.428876
nonmember,40120,7,8,0,6.787638,0.001128,0.955780,0.205963,0.213997,-6.742410,0.205963
nonmember,32681,1,0,0,3.824428,0.021831,0.391247,1.272762,-0.169433,-2.886013,1.272762
nonmember,28534,9,9,1,0.429184,0.651040,0.651040,1.280195,2.140859,1.816367,-1.280195
nonmember,27562,0,8,0,0.871851,0.418177,0.577942,0.704963,7.728436,-0.323569,0.704963
nonmember,22265,1,1,1,0.264893,0.767288,0.767288,0.778593,4.860641,1.843865,-0.778593
nonmember,8326,5,7,0,3.045105,0.047591,0.299469,1.809429,0.191660,-1.839361,1.809429
nonmember,10263,2,2,1,1.048103,0.350602,0.350602,1.602668,2.151102,0.128458,-1.602668
nonmember,38998,9,1,0,3.847799,0.021327,0.439559,1.716359,-0.251061,-3.025817,1.716359
nonmember,14854,8,8,1,0.400567,0.669940,0.669940,0.880063,4.030409,0.912690,-0.880063
nonmember,31699,4,0,0,7.949354,0.000353,0.555948,1.055031,-3.299205,-7.362274,1.055031
nonmember,15486,1,7,0,1.535900,0.215262,0.274732,1.936823,1.098134,-0.243940,1.936823
nonmember,18188,3,4,0,2.021491,0.132458,0.216741,1.919184,1.628164,-0.492439,1.919184
nonmember,18685,5,0,0,1.876269,0.153160,0.169597,2.157355,0.010948,-0.101938,2.157355
nonmember,36874,8,1,0,1.507579,0.221445,0.235884,2.075296,0.891556,-0.063164,2.075296
nonmember,19231,2,2,1,0.942545,0.389635,0.389635,1.485032,3.535138,0.177182,-1.485032
nonmember,2299,6,2,0,1.635183,0.194917,0.351397,1.807798,1.400996,-0.589345,1.807798
nonmember,26383,6,6,1,1.146456,0.317761,0.317761,1.844602,1.608474,0.373798,-1.844602
nonmember,39380,0,9,0,1.509415,0.221039,0.475864,1.567895,1.009912,-0.766793,1.567895
nonmember,2186,1,3,0,2.364365,0.094009,0.321151,2.016663,-0.322619,-1.228520,2.016663
nonmember,46633,2,7,0,1.777184,0.169114,0.204999,2.055160,0.934876,-0.192435,2.055160
nonmember,13676,5,7,0,2.040543,0.129958,0.300005,1.759267,1.865049,-0.836586,1.759267
nonmember,14657,5,3,0,1.106739,0.330635,0.396869,1.589618,1.941606,-0.182589,1.589618
nonmember,26932,9,0,0,2.388100,0.091804,0.292121,1.887870,-0.066027,-1.157515,1.887870
nonmember,22808,2,6,0,2.250097,0.105389,0.355894,1.760097,1.056729,-1.216974,1.760097
nonmember,41468,9,9,1,0.862088,0.422279,0.422279,1.478506,2.703109,0.329677,-1.478506
nonmember,22747,1,1,1,0.671492,0.510946,0.510946,1.709604,2.353521,1.463772,-1.709604
nonmember,29253,6,3,0,2.400563,0.090667,0.401568,1.762825,0.625202,-1.488185,1.762825
nonmember,21799,9,8,0,1.230390,0.292179,0.500645,1.404115,1.633277,-0.538532,1.404115
nonmember,4660,4,6,0,1.477678,0.228167,0.250826,1.868767,2.040924,-0.094682,1.868767
nonmember,6394,3,4,0,1.994880,0.136030,0.291111,1.898678,1.191473,-0.760829,1.898678
nonmember,648,2,8,0,4.041761,0.017567,0.361925,1.480320,-0.681004,-3.025443,1.480320
nonmember,48364,2,2,1,1.189192,0.304467,0.304467,1.940995,1.582301,0.627635,-1.940995
nonmember,15311,3,2,0,2.693937,0.067614,0.509440,1.653592,0.435502,-2.019493,1.653592
nonmember,1392,8,0,0,2.720773,0.065824,0.527151,1.253327,0.170536,-2.080504,1.253327
nonmember,6014,3,2,0,2.445186,0.086710,0.275207,2.129738,0.234096,-1.154953,2.129738
nonmember,24636,2,7,0,2.606750,0.073774,0.330485,1.849506,0.772102,-1.499557,1.849506
nonmember,13118,1,9,0,3.083913,0.045780,0.323281,1.837919,-0.846223,-1.954681,1.837919
nonmember,4548,5,3,0,2.620314,0.072780,0.428516,1.662527,0.760316,-1.772887,1.662527
nonmember,44160,5,4,0,1.933399,0.144656,0.436323,1.597932,1.667164,-1.104026,1.597932
nonmember,13298,9,7,0,1.250927,0.286239,0.343860,1.813882,1.453429,-0.183406,1.813882
nonmember,6882,8,9,0,1.494365,0.224391,0.595337,1.266703,1.517956,-0.975737,1.266703
nonmember,38572,6,6,1,0.459749,0.631442,0.631442,1.382217,2.949243,2.064262,-1.382217
nonmember,13153,6,5,0,2.107560,0.121534,0.335245,1.814605,0.731482,-1.014665,1.814605
nonmember,44607,7,7,1,0.757441,0.468865,0.468865,1.624275,2.787331,0.904169,-1.624275
nonmember,28974,9,9,1,0.579947,0.559928,0.559928,1.150641,2.878563,0.737833,-1.150641
nonmember,42386,7,4,0,1.466639,0.230700,0.450188,1.494928,1.985829,-0.668549,1.494928
nonmember,6988,1,8,0,1.705578,0.181667,0.428916,1.664544,1.094539,-0.859085,1.664544
nonmember,9123,0,0,1,0.178708,0.836350,0.836350,0.580318,5.424982,2.006652,-0.580318
nonmember,6205,3,2,0,2.157996,0.115556,0.187869,2.132209,0.375837,-0.485988,2.132209
nonmember,4402,3,5,0,1.684344,0.185566,0.190399,2.153397,0.473847,-0.025709,2.153397
nonmember,16796,3,3,1,0.938561,0.391190,0.391190,1.854232,1.672413,1.021671,-1.854232
nonmember,6233,1,1,1,0.362256,0.696104,0.696104,0.991804,3.422199,1.514571,-0.991804
nonmember,6253,5,0,0,3.172792,0.041886,0.384424,1.589799,-0.795922,-2.216783,1.589799
nonmember,11912,0,4,0,9.060507,0.000116,0.400969,1.459148,-4.304028,-8.146635,1.459148
nonmember,2990,4,4,1,1.170568,0.310191,0.310191,1.684126,3.077756,0.086323,-1.684126
nonmember,25201,1,9,0,1.888731,0.151264,0.400774,1.810043,0.455030,-0.974374,1.810043
nonmember,20076,5,5,1,1.048824,0.350349,0.350349,1.825406,1.600959,0.535834,-1.825406
nonmember,6739,7,7,1,0.975291,0.377083,0.377083,1.596459,1.715932,0.071755,-1.596459
nonmember,34053,2,0,0,6.793911,0.001121,0.871516,0.402243,1.571209,-6.656390,0.402243
nonmember,46607,2,7,0,2.765242,0.062961,0.420118,1.695104,0.352658,-1.898024,1.695104
nonmember,49294,5,4,0,2.607510,0.073718,0.224207,1.930586,0.328243,-1.112326,1.930586
nonmember,5262,8,9,0,2.406947,0.090090,0.593112,1.472548,-0.285752,-1.884575,1.472548
nonmember,38018,9,1,0,1.113956,0.328258,0.414688,1.543122,1.675268,-0.233728,1.543122
nonmember,36690,4,6,0,1.461213,0.231955,0.402702,1.538568,2.799024,-0.551655,1.538568
nonmember,26471,1,8,0,2.324327,0.097849,0.522831,1.451273,0.479144,-1.675831,1.451273
nonmember,9264,5,0,0,3.859576,0.021077,0.507699,1.545433,-0.943372,-3.181710,1.545433
nonmember,17534,1,3,0,2.625261,0.072421,0.308904,1.920127,0.632981,-1.450536,1.920127
nonmember,29469,1,0,0,3.514492,0.029763,0.277516,1.924919,-0.753866,-2.232614,1.924919
nonmember,33516,0,7,0,2.411947,0.089641,0.499897,1.663331,0.558782,-1.718594,1.663331
nonmember,39997,6,6,1,0.879756,0.414884,0.414884,1.724629,2.539462,1.110440,-1.724629
nonmember,10565,3,4,0,2.273391,0.102962,0.316871,1.703659,1.588287,-1.124132,1.703659
nonmember,17815,1,1,1,0.496964,0.608375,0.608375,1.413331,2.397093,1.764630,-1.413331
nonmember,22824,1,9,0,1.862742,0.155246,0.251622,1.969282,0.458646,-0.482914,1.969282
nonmember,19869,1,9,0,4.097518,0.016614,0.552083,1.327965,-1.178900,-3.503462,1.327965
nonmember,26085,6,6,1,1.338493,0.262241,0.262241,1.900565,1.131149,0.281715,-1.900565
nonmember,25115,2,2,1,0.874538,0.417055,0.417055,1.781091,1.706982,0.955343,-1.781091
nonmember,33596,0,0,1,0.224705,0.798752,0.798752,0.527605,8.511757,1.403287,-0.527605
nonmember,24411,3,2,0,2.373026,0.093198,0.235568,1.900513,0.400625,-0.927270,1.900513
nonmember,25528,2,8,0,2.651231,0.070564,0.315785,1.793713,0.503483,-1.498538,1.793713
nonmember,10552,7,7,1,0.749402,0.472649,0.472649,1.672911,2.851168,1.330384,-1.672911
nonmember,1442,7,1,0,4.268378,0.014004,0.371744,1.702430,-1.947320,-3.278827,1.702430
nonmember,45177,9,9,1,0.154876,0.856521,0.856521,0.641235,3.577838,2.662374,-0.641235
nonmember,49014,5,5,1,1.082644,0.338699,0.338699,1.848996,1.516719,0.437587,-1.848996
nonmember,19658,8,0,0,2.433603,0.087720,0.702785,1.148509,0.460305,-2.080899,1.148509
nonmember,26003,0,9,0,1.302002,0.271987,0.531832,1.317652,1.678500,-0.670575,1.317652
nonmember,44576,3,7,0,3.993952,0.018427,0.224287,1.907271,-1.363683,-2.499123,1.907271
nonmember,37648,0,8,0,3.601445,0.027284,0.794068,0.662465,1.194013,-3.370859,0.662465
nonmember,47240,6,3,0,1.818205,0.162317,0.227410,1.956614,1.431937,-0.337205,1.956614
nonmember,11077,5,3,0,1.964338,0.140249,0.276964,2.085192,0.309683,-0.680471,2.085192
nonmember,9793,5,8,0,1.689224,0.184663,0.191547,2.044497,0.593539,-0.036604,2.044497
nonmember,21124,5,9,0,3.137123,0.043408,0.322652,1.793996,-0.609319,-2.005940,1.793996
nonmember,13585,2,0,0,3.220026,0.039954,0.403016,1.792862,-0.717332,-2.311247,1.792862
nonmember,30749,0,4,0,4.222521,0.014662,0.231108,1.889887,-1.519797,-2.757650,1.889887
nonmember,48932,6,9,0,2.632597,0.071892,0.289196,1.934937,-0.035472,-1.391945,1.934937
nonmember,36190,7,7,1,1.085588,0.337703,0.337703,1.985995,1.206844,0.913893,-1.985995
nonmember,25806,4,6,0,1.251366,0.286114,0.312604,1.701202,2.898004,-0.088547,1.701202
nonmember,8761,3,2,0,2.184666,0.112515,0.253247,2.127343,0.641472,-0.811276,2.127343
nonmember,41818,0,9,0,2.532789,0.079437,0.221505,2.083488,-0.337836,-1.025480,2.083488
nonmember,5438,1,8,0,3.433142,0.032285,0.584803,1.083647,1.313812,-2.896661,1.083647
nonmember,10229,1,9,0,1.648657,0.192308,0.296630,1.979370,0.016726,-0.433386,1.979370
nonmember,44192,3,8,0,2.893295,0.055393,0.302592,1.876071,-0.286808,-1.697924,1.876071
nonmember,7462,0,0,1,0.933228,0.393282,0.393282,1.811124,1.465184,0.870138,-1.811124
nonmember,23381,7,7,1,0.771952,0.462110,0.462110,1.361784,2.340863,0.243429,-1.361784
nonmember,42102,9,8,0,1.896588,0.150080,0.328968,1.709926,0.812877,-0.784792,1.709926
nonmember,32791,2,3,0,1.714240,0.180101,0.503774,1.556148,0.962960,-1.028612,1.556148
nonmember,911,0,0,1,0.430059,0.650470,0.650470,1.249146,2.658789,1.450242,-1.249146
nonmember,2772,2,2,1,1.238244,0.289893,0.289893,1.909367,1.803079,0.337791,-1.909367
nonmember,36532,5,2,0,2.690455,0.067850,0.437095,1.810999,0.155867,-1.862851,1.810999
nonmember,2351,9,9,1,0.933060,0.393348,0.393348,1.810295,1.362934,0.630729,-1.810295
nonmember,23048,3,5,0,1.455044,0.233390,0.248966,1.738273,2.099392,-0.064606,1.738273
nonmember,35578,8,9,0,1.217399,0.295999,0.412230,1.528399,1.437002,-0.331225,1.528399
nonmember,28299,5,7,0,2.693000,0.067678,0.379181,1.979662,-0.293913,-1.723259,1.979662
nonmember,49928,6,6,1,0.354969,0.701195,0.701195,1.146374,3.418284,2.125220,-1.146374
nonmember,27824,7,1,0,2.339170,0.096408,0.276468,2.003643,0.692505,-1.053510,2.003643
nonmember,3942,6,6,1,0.381469,0.682858,0.682858,1.173612,3.663056,1.884074,-1.173612
nonmember,10079,1,9,0,2.820062,0.059602,0.617739,1.449550,-0.306010,-2.338373,1.449550
nonmember,30166,1,8,0,1.945894,0.142859,0.445448,1.570941,0.981193,-1.137219,1.570941
nonmember,12038,1,2,0,2.440101,0.087152,0.397089,1.915290,0.485510,-1.516507,1.915290
nonmember,2595,2,9,0,2.690947,0.067817,0.192054,2.147273,-0.499825,-1.040968,2.147273
nonmember,17704,9,4,0,4.196373,0.015050,0.379933,1.711121,-0.309799,-3.228613,1.711121
nonmember,2442,4,9,0,6.010826,0.002452,0.567284,1.216053,-2.813950,-5.443931,1.216053
nonmember,1295,2,6,0,2.045981,0.129253,0.293244,1.959775,0.828922,-0.819231,1.959775
nonmember,34821,1,7,0,5.214918,0.005435,0.805338,0.685409,-0.674598,-4.998425,0.685409
nonmember,2649,3,6,0,2.986377,0.050470,0.606757,1.261604,1.496082,-2.486751,1.261604
nonmember,1807,6,6,1,1.044371,0.351913,0.351913,1.686626,3.101075,0.314268,-1.686626
nonmember,23935,3,4,0,3.131696,0.043644,0.440092,1.437433,0.660939,-2.310924,1.437433
nonmember,2861,0,9,0,1.704406,0.181880,0.188688,1.982261,0.425621,-0.036743,1.982261
nonmember,11168,2,9,0,1.364764,0.255441,0.477529,1.505396,1.648122,-0.625634,1.505396
nonmember,12993,0,8,0,1.150931,0.316342,0.476982,1.220935,2.968747,-0.410654,1.220935
nonmember,8897,7,7,1,1.451573,0.234202,0.234202,1.979225,1.229881,0.115246,-1.979225
nonmember,9311,3,3,1,1.352008,0.258720,0.258720,1.996745,0.451535,0.134484,-1.996745
nonmember,30398,8,0,0,2.298679,0.100391,0.781326,0.797328,1.651652,-2.051917,0.797328
nonmember,31022,3,6,0,1.834021,0.159770,0.322591,1.851590,1.399654,-0.702651,1.851590
nonmember,32132,8,0,0,2.330788,0.097219,0.653931,1.265041,0.382073,-1.906036,1.265041
nonmember,1748,9,1,0,2.480092,0.083736,0.618580,1.291987,0.618187,-1.999764,1.291987
nonmember,48915,1,0,0,2.672596,0.069073,0.512140,1.398928,1.576960,-2.003439,1.398928
nonmember,18980,8,9,0,1.876403,0.153140,0.423470,1.358568,1.350096,-1.017130,1.358568
nonmember,18937,9,4,0,2.658867,0.070028,0.221785,2.084791,-0.293055,-1.152820,2.084791
nonmember,9654,9,9,1,1.039584,0.353602,0.353602,1.533076,1.454821,0.200020,-1.533076
nonmember,28146,4,6,0,1.794091,0.166279,0.382913,1.729329,1.119467,-0.834144,1.729329
nonmember,20944,9,8,0,1.273604,0.279821,0.377732,1.505974,2.115774,-0.300035,1.505974
nonmember,4563,0,0,1,0.690405,0.501373,0.501373,1.608556,1.228328,1.042711,-1.608556
nonmember,15259,4,6,0,1.155030,0.315048,0.353626,1.553051,3.087006,-0.115513,1.553051
nonmember,4619,0,9,0,3.233023,0.039438,0.370392,1.485154,0.151606,-2.239829,1.485154
nonmember,8153,3,9,0,1.929033,0.145289,0.305710,1.803432,0.818024,-0.743915,1.803432
nonmember,7811,4,6,0,1.452257,0.234041,0.523474,1.356081,2.965553,-0.804989,1.356081
nonmember,9270,9,9,1,0.913434,0.401144,0.401144,1.672121,1.661153,0.349838,-1.672121
nonmember,12865,1,9,0,2.828062,0.059127,0.280351,1.843139,-0.046948,-1.556350,1.843139
nonmember,2158,9,9,1,0.699369,0.496899,0.496899,1.463612,1.960021,0.779689,-1.463612
nonmember,48336,8,3,0,3.246083,0.038926,0.429906,1.660008,-0.189908,-2.401893,1.660008
nonmember,19227,8,8,1,1.216214,0.296350,0.296350,1.719432,1.664696,0.215204,-1.719432
nonmember,49307,6,7,0,2.010895,0.133869,0.182907,2.190096,0.243138,-0.312117,2.190096
nonmember,32248,6,6,1,0.496675,0.608550,0.608550,1.399681,2.848718,1.576010,-1.399681
nonmember,14335,0,9,0,2.291094,0.101156,0.508681,1.543848,0.452021,-1.615159,1.543848
nonmember,47572,7,8,0,5.375389,0.004629,0.612044,0.912158,-0.828894,-4.884437,0.912158
nonmember,12750,3,5,0,2.222253,0.108365,0.237119,1.982237,0.267876,-0.783061,1.982237
nonmember,34667,9,8,0,0.930319,0.394428,0.471875,1.134354,3.086372,-0.179278,1.134354
nonmember,31439,5,4,0,3.414940,0.032878,0.278906,1.783016,-0.412738,-2.138061,1.783016
nonmember,16466,8,8,1,1.350614,0.259081,0.259081,1.790245,1.728416,0.026070,-1.790245
nonmember,12296,0,9,0,1.636552,0.194650,0.505358,1.578510,0.886151,-0.954064,1.578510
nonmember,7062,4,3,0,1.728328,0.177581,0.362118,1.792064,1.689888,-0.712543,1.792064
nonmember,28494,6,6,1,0.641965,0.526258,0.526258,1.582279,2.704086,1.579906,-1.582279
nonmember,11921,2,4,0,2.027036,0.131725,0.283533,1.791401,1.509021,-0.766609,1.791401
nonmember,8568,9,9,1,0.887707,0.411599,0.411599,1.600192,1.709414,0.349364,-1.600192
nonmember,3269,8,9,0,2.568295,0.076666,0.855255,0.600114,1.671193,-2.411939,0.600114
nonmember,22466,9,9,1,0.902203,0.405675,0.405675,1.761399,1.554868,0.704478,-1.761399
nonmember,49641,0,1,0,1.615967,0.198698,0.295391,1.705926,0.982967,-0.396512,1.705926
nonmember,8402,9,9,1,1.082374,0.338790,0.338790,2.002985,0.959216,0.876853,-2.002985
nonmember,12481,8,8,1,0.719284,0.487101,0.487101,0.986959,3.494573,0.122842,-0.986959
nonmember,10146,0,4,0,5.533682,0.003951,0.336261,1.759026,-2.736170,-4.443815,1.759026
nonmember,5861,9,2,0,2.532794,0.079437,0.471552,1.719545,0.177695,-1.781067,1.719545
nonmember,37202,7,6,0,2.428600,0.088160,0.356756,1.645595,1.220041,-1.397896,1.645595
nonmember,34798,6,6,1,1.493090,0.224677,0.224677,2.074597,1.426781,0.270066,-2.074597
nonmember,7936,1,1,1,0.401017,0.669639,0.669639,1.305467,2.577541,2.342211,-1.305467
nonmember,41966,1,9,0,3.248046,0.038850,0.536998,1.235017,-0.650383,-2.626286,1.235017
nonmember,10378,2,0,0,3.131540,0.043651,0.513977,1.584278,-0.669154,-2.465964,1.584278
nonmember,13177,2,6,0,1.586694,0.204601,0.535341,1.433197,1.853336,-0.961843,1.433197
nonmember,19364,2,6,0,2.161528,0.115149,0.335554,1.643904,2.272099,-1.069556,1.643904
nonmember,12732,1,1,1,0.725059,0.484296,0.484296,1.275065,2.780757,0.286611,-1.275065
nonmember,15217,3,3,1,1.160618,0.313293,0.313293,1.837451,2.050551,0.370188,-1.837451
nonmember,26982,2,0,0,1.774909,0.169499,0.225577,2.100890,0.360240,-0.285816,2.100890
nonmember,20450,4,6,0,1.095811,0.334268,0.529837,1.133756,4.055892,-0.460625,1.133756
nonmember,33352,4,2,0,2.837164,0.058592,0.299707,1.834917,0.260150,-1.632212,1.834917
nonmember,22878,6,1,0,2.958955,0.051873,0.239818,2.038283,-0.124426,-1.531078,2.038283
nonmember,21712,3,1,0,1.859246,0.155790,0.221941,1.991102,1.058718,-0.353902,1.991102
nonmember,32382,7,6,0,2.177827,0.113287,0.289281,2.008295,0.391289,-0.937472,2.008295
nonmember,32321,2,7,0,1.413096,0.243389,0.279716,1.874774,1.422906,-0.139114,1.874774
nonmember,35902,5,1,0,3.773785,0.022965,0.281847,1.768921,-0.928721,-2.507393,1.768921
nonmember,5904,8,0,0,3.697691,0.024781,0.912155,0.417237,0.927446,-3.605746,0.417237
nonmember,42164,4,6,0,2.183670,0.112627,0.232664,1.943520,0.788390,-0.725511,1.943520
nonmember,33201,6,6,1,1.530016,0.216532,0.216532,1.964248,1.378590,0.101318,-1.964248
nonmember,26452,1,2,0,1.960341,0.140810,0.258663,2.006832,0.665048,-0.608113,2.006832
nonmember,38924,5,4,0,1.969309,0.139553,0.230675,2.002910,0.382951,-0.502565,2.002910
nonmember,14321,3,2,0,3.397938,0.033442,0.421519,1.795272,-0.893656,-2.534047,1.795272
nonmember,48606,9,2,0,1.637090,0.194545,0.376306,1.733618,0.397458,-0.659738,1.733618
nonmember,39511,6,6,1,0.502330,0.605119,0.605119,1.412513,2.939342,1.813375,-1.412513
nonmember,8932,1,4,0,6.054523,0.002347,0.507279,1.357883,-0.972370,-5.375828,1.357883
nonmember,6463,6,6,1,1.170614,0.310176,0.310176,1.860607,1.805992,0.527596,-1.860607
nonmember,12372,8,9,0,3.068650,0.046484,0.859968,0.621968,1.011778,-2.917790,0.621968
nonmember,28113,0,8,0,2.902681,0.054876,0.423360,1.588376,-0.071512,-2.043149,1.588376
nonmember,31741,2,5,0,1.579626,0.206052,0.226106,1.912364,1.186236,-0.092875,1.912364
nonmember,16935,5,1,0,2.163011,0.114978,0.267282,1.990924,0.703259,-0.843559,1.990924
nonmember,24999,1,8,0,3.500900,0.030170,0.339897,1.846882,-1.153626,-2.421787,1.846882
nonmember,26529,5,9,0,2.679379,0.068606,0.192085,2.144729,-0.165887,-1.029562,2.144729
nonmember,41234,0,9,0,2.903241,0.054845,0.573301,1.325357,0.031087,-2.346897,1.325357
nonmember,16728,9,8,0,1.184170,0.306000,0.522207,1.267834,1.815297,-0.534479,1.267834
nonmember,20549,1,1,1,0.765791,0.464966,0.464966,1.421916,2.654330,0.418588,-1.421916
nonmember,34709,7,7,1,0.955706,0.384540,0.384540,1.874858,1.713334,0.866607,-1.874858
nonmember,18173,6,6,1,0.784032,0.456561,0.456561,1.477133,3.651344,0.702732,-1.477133
nonmember,11119,3,6,0,2.638356,0.071479,0.386370,1.766444,-0.043483,-1.687396,1.766444
nonmember,17644,3,2,0,2.001578,0.135122,0.248488,1.973843,0.008554,-0.609217,1.973843
nonmember,48333,8,0,0,1.364508,0.255506,0.610643,1.067711,2.742770,-0.871266,1.067711
nonmember,26939,3,7,0,3.363462,0.034615,0.255817,1.807688,-0.418806,-2.000170,1.807688
nonmember,15505,2,2,1,0.955027,0.384802,0.384802,1.871761,1.603468,0.890252,-1.871761
nonmember,12407,6,6,1,1.032729,0.356034,0.356034,1.715279,2.689392,0.363338,-1.715279
nonmember,15520,8,9,0,0.860513,0.422945,0.438534,1.174487,3.064196,-0.036196,1.174487
nonmember,25340,6,2,0,1.201298,0.300803,0.324189,1.761520,2.096633,-0.074870,1.761520
nonmember,3126,9,9,1,0.432135,0.649122,0.649122,1.242712,2.583703,1.550786,-1.242712
nonmember,19489,6,3,0,3.997303,0.018365,0.371781,1.753281,-1.664936,-3.007853,1.753281
nonmember,35567,1,1,1,1.102670,0.331984,0.331984,1.961426,1.619057,0.529559,-1.961426
nonmember,45031,7,7,1,0.893240,0.409327,0.409327,1.705244,1.981278,0.772144,-1.705244
nonmember,30387,5,3,0,1.928006,0.145438,0.271335,1.866815,1.161741,-0.623607,1.866815
nonmember,27865,2,6,0,2.638642,0.071458,0.269912,1.738704,0.863795,-1.328984,1.738704
nonmember,16100,0,8,0,1.833734,0.159816,0.432043,1.356376,1.991714,-0.994502,1.356376
nonmember,36781,3,6,0,1.933941,0.144577,0.164683,2.136888,0.682649,-0.130206,2.136888
nonmember,30512,6,6,1,0.942641,0.389598,0.389598,1.628570,2.897223,0.580029,-1.628570
nonmember,15572,0,0,1,0.086436,0.917194,0.917194,0.418169,5.078996,3.409702,-0.418169
nonmember,45356,9,9,1,0.237929,0.788259,0.788259,0.823910,3.313725,2.092327,-0.823910
nonmember,10583,7,1,0,4.453419,0.011639,0.397783,1.563577,-1.629059,-3.531571,1.563577
nonmember,8842,0,7,0,2.919205,0.053977,0.352110,1.826324,-0.587956,-1.875394,1.826324
nonmember,11380,2,2,1,1.480435,0.227539,0.227539,2.144725,1.287663,0.484712,-2.144725
nonmember,17880,5,6,0,1.671297,0.188003,0.340146,1.762168,1.610651,-0.592918,1.762168
nonmember,4520,9,0,0,2.675728,0.068857,0.369047,1.591494,-0.099630,-1.678897,1.591494
nonmember,35373,0,0,1,0.090455,0.913515,0.913515,0.407125,4.764930,3.170459,-0.407125
nonmember,16054,9,9,1,0.444215,0.641328,0.641328,1.307889,2.327338,1.660412,-1.307889
nonmember,35705,1,9,0,2.405077,0.090259,0.410966,1.861667,-0.299148,-1.515833,1.861667
nonmember,21402,3,3,1,1.151392,0.316196,0.316196,1.745650,2.062759,0.161039,-1.745650
nonmember,11335,2,4,0,1.336442,0.262779,0.340352,1.550041,2.660575,-0.258667,1.550041
nonmember,36197,2,5,0,2.250877,0.105307,0.197318,2.183838,-0.320744,-0.627941,2.183838
nonmember,1289,8,9,0,1.169340,0.310572,0.371700,1.492123,2.069305,-0.179670,1.492123
nonmember,11426,7,7,1,1.415305,0.242851,0.242851,1.994985,1.206089,0.060702,-1.994985
nonmember,39990,1,1,1,1.594027,0.203106,0.203106,2.149236,0.434146,0.256752,-2.149236
nonmember,3935,1,1,1,1.367153,0.254831,0.254831,2.081652,0.686940,0.404359,-2.081652
nonmember,45617,8,9,0,1.962415,0.140519,0.525744,1.516166,0.634658,-1.319474,1.516166
nonmember,42345,2,6,0,1.737214,0.176010,0.314744,1.912726,0.870298,-0.581218,1.912726
nonmember,37520,7,9,0,1.970490,0.139389,0.305635,2.026875,0.423560,-0.785128,2.026875
nonmember,21072,6,2,0,1.275736,0.279225,0.298851,1.834557,1.459844,-0.067927,1.834557
nonmember,48684,7,2,0,1.640243,0.193933,0.266247,1.888047,1.741624,-0.316912,1.888047
nonmember,1451,4,3,0,1.524565,0.217716,0.389555,1.659142,2.050546,-0.581814,1.659142
nonmember,1501,2,1,0,1.690614,0.184406,0.276237,1.817161,1.623164,-0.404118,1.817161
nonmember,42278,9,2,0,2.299775,0.100281,0.251435,1.970126,0.714503,-0.919204,1.970126
nonmember,35532,3,2,0,2.216092,0.109034,0.173574,2.174509,0.429270,-0.464941,2.174509
nonmember,42305,1,3,0,1.813706,0.163049,0.259520,2.061524,0.549932,-0.464786,2.061524
nonmember,2635,8,9,0,2.537095,0.079096,0.460161,1.439338,0.196805,-1.760916,1.439338
nonmember,31111,5,7,0,1.647598,0.192512,0.281817,1.842631,1.263447,-0.381099,1.842631
nonmember,37913,1,9,0,4.317516,0.013333,0.879471,0.543141,-0.017426,-4.189081,0.543141
nonmember,44287,9,0,0,2.946945,0.052500,0.528063,1.653580,-0.626656,-2.308406,1.653580
nonmember,43929,7,9,0,2.320729,0.098202,0.703826,1.158370,1.333735,-1.969505,1.158370
nonmember,47508,2,7,0,1.421123,0.241443,0.390335,1.707496,1.292127,-0.480373,1.707496
nonmember,45358,0,0,1,0.325498,0.722167,0.722167,1.093606,2.291710,1.944854,-1.093606
nonmember,45669,7,0,0,1.949285,0.142376,0.172441,2.091471,0.101725,-0.191583,2.091471
nonmember,13451,4,7,0,2.031440,0.131147,0.272092,2.006089,0.733376,-0.729826,2.006089
nonmember,25950,3,0,0,2.501518,0.081960,0.222445,2.057441,-0.115220,-0.998445,2.057441
nonmember,19577,3,9,0,3.312208,0.036436,0.212952,2.105170,-0.580492,-1.765517,2.105170
nonmember,48564,1,1,1,0.883957,0.413145,0.413145,1.791794,2.319676,1.239446,-1.791794
nonmember,31014,9,9,1,1.050061,0.349916,0.349916,1.666631,1.714001,0.120110,-1.666631
nonmember,40490,5,2,0,3.049672,0.047374,0.320329,1.978992,-0.700934,-1.911264,1.978992
nonmember,27754,4,4,1,1.167725,0.311074,0.311074,1.721466,2.748210,0.124494,-1.721466
nonmember,41666,1,9,0,3.212189,0.040268,0.848055,0.667225,0.617393,-3.047379,0.667225
nonmember,20685,3,5,0,1.487602,0.225914,0.326916,1.789249,1.186802,-0.369549,1.789249
nonmember,40507,9,9,1,1.048593,0.350430,0.350430,1.914800,0.911374,0.760341,-1.914800
nonmember,42384,5,7,0,2.599750,0.074292,0.418294,1.845274,0.408741,-1.728179,1.845274
nonmember,37754,2,2,1,0.947987,0.387520,0.387520,1.684056,2.445215,0.836100,-1.684056
nonmember,14293,6,6,1,0.688087,0.502537,0.502537,1.616378,2.294943,1.417268,-1.616378
nonmember,27402,1,1,1,0.791487,0.453170,0.453170,1.725590,2.177694,0.992478,-1.725590
nonmember,16875,2,7,0,3.407616,0.033120,0.435723,1.715158,-0.817856,-2.576867,1.715158
nonmember,48253,8,8,1,1.002628,0.366914,0.366914,1.425195,2.340729,0.048295,-1.425195
nonmember,5175,5,5,1,1.265534,0.282089,0.282089,1.933482,1.533006,0.271904,-1.933482
nonmember,3315,1,8,0,2.986576,0.050460,0.346403,1.638331,0.196705,-1.926424,1.638331
nonmember,46335,9,5,0,4.272548,0.013946,0.324441,1.784201,-1.394844,-3.146897,1.784201
nonmember,8413,9,9,1,0.749367,0.472666,0.472666,1.379547,2.540919,0.335286,-1.379547
nonmember,11196,1,8,0,2.562126,0.077141,0.393718,1.580509,0.156905,-1.630006,1.580509
nonmember,21412,2,1,0,1.764385,0.171292,0.308869,1.821064,1.588778,-0.589547,1.821064
nonmember,13657,9,9,1,0.856653,0.424581,0.424581,1.894873,1.265315,1.470486,-1.894873
nonmember,2231,5,7,0,3.333124,0.035681,0.229056,1.997935,-0.282228,-1.859333,1.997935
nonmember,4466,8,8,1,1.238098,0.289935,0.289935,1.751867,1.189831,0.225936,-1.751867
nonmember,49106,2,4,0,1.863640,0.155107,0.270312,1.792395,1.816898,-0.555462,1.792395
nonmember,18592,4,1,0,2.176075,0.113486,0.209766,2.165962,-0.204935,-0.614313,2.165962
nonmember,3703,3,3,1,1.565375,0.209010,0.209010,2.169749,0.841733,0.416647,-2.169749
nonmember,11100,0,0,1,0.513129,0.598620,0.598620,1.471878,1.789094,2.010689,-1.471878
nonmember,26594,8,9,0,3.688106,0.025019,0.281517,1.904882,-1.199837,-2.420545,1.904882
nonmember,30490,3,0,0,2.133353,0.118440,0.296873,1.919182,-0.354395,-0.918902,1.919182
nonmember,47846,2,6,0,1.795916,0.165975,0.479292,1.562909,1.954849,-1.060472,1.562909
nonmember,44174,2,7,0,2.414912,0.089375,0.306702,2.042765,0.544222,-1.233033,2.042765
nonmember,1884,2,2,1,1.454380,0.233545,0.233545,2.060625,0.632811,0.315554,-2.060625
nonmember,457,0,0,1,0.396552,0.672636,0.672636,1.047379,3.426971,1.207586,-1.047379
nonmember,32348,1,9,0,1.899396,0.149659,0.237256,2.025827,0.361207,-0.460780,2.025827
nonmember,20832,4,2,0,2.950826,0.052296,0.238124,1.992688,-0.283398,-1.515861,1.992688
nonmember,16620,8,8,1,1.283798,0.276983,0.276983,1.998396,0.750535,0.423092,-1.998396
nonmember,588,6,4,0,1.546465,0.213000,0.308724,1.587046,2.784161,-0.371157,1.587046
nonmember,42770,8,1,0,2.845058,0.058131,0.638690,1.362271,0.339501,-2.396722,1.362271
nonmember,16179,4,4,1,0.950147,0.386684,0.386684,1.597262,2.965293,0.458775,-1.597262
nonmember,22876,5,9,0,1.374141,0.253057,0.255773,1.970611,0.908701,-0.010677,1.970611
nonmember,30704,3,1,0,2.079481,0.124995,0.314654,1.933948,0.915170,-0.923199,1.933948
nonmember,6098,0,9,0,2.221241,0.108474,0.521118,1.625469,0.292254,-1.569461,1.625469
nonmember,45925,6,3,0,2.177405,0.113335,0.270556,1.825955,1.430409,-0.870127,1.825955
nonmember,1344,5,3,0,2.380310,0.092522,0.384071,1.873668,1.065290,-1.423383,1.873668
nonmember,468,0,0,1,0.143014,0.866742,0.866742,0.455261,5.937258,2.001557,-0.455261
nonmember,47123,2,4,0,3.474141,0.030988,0.492949,1.269020,1.167902,-2.766792,1.269020
nonmember,49007,8,0,0,1.178967,0.307596,0.561117,1.137306,2.556242,-0.601140,1.137306
nonmember,43701,3,6,0,2.837697,0.058560,0.288207,1.755157,0.472333,-1.593622,1.755157
nonmember,12353,8,7,0,3.666962,0.025554,0.430000,1.741684,-0.724575,-2.822992,1.741684
nonmember,6301,7,6,0,2.833663,0.058797,0.481440,1.581913,0.306942,-2.102688,1.581913
nonmember,44275,0,0,1,0.684441,0.504372,0.504372,1.635678,1.846188,1.421445,-1.635678
nonmember,15666,4,6,0,1.294603,0.274007,0.276594,1.781388,2.247388,-0.009399,1.781388
nonmember,16298,7,4,0,2.080063,0.124922,0.335978,1.830908,1.718340,-0.989353,1.830908
nonmember,20585,4,4,1,0.555766,0.573633,0.573633,1.259387,4.462470,0.992705,-1.259387
nonmember,3289,3,3,1,0.705068,0.494075,0.494075,1.653374,3.006110,1.420673,-1.653374
nonmember,42103,0,9,0,1.836241,0.159416,0.392373,1.739510,0.803587,-0.900698,1.739510
nonmember,4401,7,7,1,0.667176,0.513156,0.513156,1.630870,1.977484,1.338937,-1.630870
nonmember,10123,9,8,0,1.892009,0.150769,0.387802,1.520615,0.878334,-0.944748,1.520615
nonmember,27227,4,1,0,2.216109,0.109033,0.273995,2.086572,0.348325,-0.921463,2.086572
nonmember,13399,9,9,1,0.334398,0.715769,0.715769,0.884457,3.541599,1.253671,-0.884457
nonmember,15697,2,6,0,1.619710,0.197956,0.304524,1.905425,1.634859,-0.430704,1.905425
nonmember,19676,6,6,1,0.775404,0.460518,0.460518,1.694099,1.989499,1.158251,-1.694099
nonmember,10390,9,0,0,1.526638,0.217265,0.545321,1.208339,2.341247,-0.920257,1.208339
nonmember,16266,2,2,1,1.409894,0.244169,0.244169,2.024377,1.694028,0.389693,-2.024377
nonmember,2826,2,6,0,1.950932,0.142142,0.273892,1.950206,0.786767,-0.655911,1.950206
nonmember,20574,0,6,0,7.356443,0.000638,0.529237,1.446692,-3.728728,-6.720124,1.446692
nonmember,8374,1,1,1,0.919916,0.398553,0.398553,1.781527,1.468095,0.514432,-1.781527
nonmember,27512,1,1,1,0.839591,0.431887,0.431887,1.774366,1.776296,1.200206,-1.774366
nonmember,40580,4,6,0,1.749315,0.173893,0.298021,1.802067,1.739426,-0.538725,1.802067
nonmember,30658,9,9,1,0.628214,0.533544,0.533544,1.119774,2.751519,0.441029,-1.119774
nonmember,29871,3,6,0,2.117740,0.120303,0.432296,1.684383,1.095476,-1.279095,1.684383
nonmember,16323,4,0,0,4.014727,0.018048,0.279415,1.950791,-1.761466,-2.739669,1.950791
nonmember,35542,9,9,1,0.983054,0.374167,0.374167,1.731029,1.394528,0.580768,-1.731029
nonmember,24901,7,9,0,4.110484,0.016400,0.278459,1.943520,-2.041095,-2.831998,1.943520
nonmember,2993,2,7,0,1.922611,0.146225,0.180910,2.167810,0.332491,-0.212854,2.167810
nonmember,48980,5,5,1,1.425574,0.240370,0.240370,1.867823,1.734792,0.054705,-1.867823
nonmember,11574,1,9,0,3.727212,0.024060,0.560340,1.298082,-0.476011,-3.148001,1.298082
nonmember,2088,4,7,0,1.901942,0.149279,0.463621,1.730403,1.075950,-1.133254,1.730403
nonmember,26152,9,8,0,1.216384,0.296300,0.389615,1.421287,2.222070,-0.273787,1.421287
nonmember,27735,3,9,0,3.082821,0.045830,0.634628,1.377723,-0.721798,-2.628106,1.377723
nonmember,29094,9,0,0,1.721705,0.178761,0.241036,1.913168,0.731763,-0.298896,1.913168
nonmember,23837,1,9,0,2.255063,0.104867,0.449942,1.534810,-0.001313,-1.456426,1.534810
nonmember,35979,1,1,1,0.903563,0.405124,0.405124,1.494816,1.764141,0.530445,-1.494816
nonmember,22917,9,2,0,1.520939,0.218507,0.268523,1.976487,0.797046,-0.206121,1.976487
nonmember,26463,8,8,1,0.125566,0.881998,0.881998,0.376554,7.797363,2.030878,-0.376554
nonmember,29356,9,9,1,0.651441,0.521294,0.521294,1.559309,1.934691,1.222156,-1.559309
nonmember,12945,2,2,1,1.122034,0.325617,0.325617,1.755298,2.245329,0.382461,-1.755298
nonmember,9113,1,1,1,0.594084,0.552068,0.552068,1.356761,2.855480,0.833085,-1.356761
nonmember,23825,0,0,1,0.581763,0.558912,0.558912,1.225803,2.580273,0.900281,-1.225803
nonmember,20186,7,9,0,1.627998,0.196322,0.247510,1.984485,0.418374,-0.231696,1.984485
nonmember,36619,7,3,0,2.931677,0.053308,0.276507,2.087689,-0.453100,-1.646158,2.087689
nonmember,10761,0,6,0,4.761145,0.008556,0.223401,2.028062,-2.002358,-3.262360,2.028062
nonmember,12946,1,1,1,0.303568,0.738180,0.738180,1.103979,3.120291,2.556322,-1.103979
nonmember,49637,9,7,0,2.039315,0.130118,0.587231,1.403381,0.622369,-1.506978,1.403381
nonmember,29285,1,1,1,0.451953,0.636384,0.636384,1.277722,3.030099,1.372659,-1.277722
nonmember,25336,8,8,1,0.614817,0.540740,0.540740,1.124937,3.639122,0.529269,-1.124937
nonmember,3547,5,6,0,1.816457,0.162601,0.208157,1.974784,1.012252,-0.246993,1.974784
nonmember,10648,1,1,1,0.372172,0.689236,0.689236,1.154146,2.862278,1.939983,-1.154146
nonmember,27218,6,6,1,0.570493,0.565246,0.565246,1.410218,3.292192,1.280400,-1.410218
nonmember,20831,0,9,0,2.570713,0.076481,0.631707,1.340550,0.065511,-2.111382,1.340550
nonmember,29279,6,7,0,3.133765,0.043554,0.385663,1.488510,0.604599,-2.180973,1.488510
nonmember,21666,4,0,0,4.937208,0.007175,0.424668,1.694137,-2.881145,-4.080760,1.694137
nonmember,33797,0,9,0,2.428587,0.088161,0.336139,1.724423,0.416521,-1.338356,1.724423
nonmember,13539,7,6,0,1.640097,0.193961,0.286592,1.878499,1.437407,-0.390400,1.878499
nonmember,24196,5,7,0,1.710966,0.180691,0.240763,2.035002,1.080076,-0.287026,2.035002
nonmember,20755,6,3,0,2.219481,0.108665,0.263770,2.004438,0.925939,-0.886804,2.004438
nonmember,13315,8,1,0,4.480267,0.011330,0.730614,1.086956,-1.023229,-4.166397,1.086956
nonmember,11806,9,9,1,1.484042,0.226719,0.226719,2.086283,0.621228,0.025886,-2.086283
nonmember,21167,2,6,0,2.080994,0.124806,0.499926,1.498774,1.937458,-1.387699,1.498774
nonmember,32801,5,6,0,2.563017,0.077072,0.267587,1.872014,0.721780,-1.244707,1.872014
nonmember,20292,5,2,0,1.939929,0.143714,0.246426,2.070791,0.553705,-0.539235,2.070791
nonmember,36204,4,9,0,3.387683,0.033787,0.235929,2.085100,-1.365463,-1.943459,2.085100
nonmember,10609,4,6,0,1.306523,0.270760,0.570631,1.210500,3.439237,-0.745510,1.210500
nonmember,12783,3,6,0,2.314941,0.098772,0.455879,1.707742,1.194887,-1.529413,1.707742
nonmember,15566,9,8,0,1.182533,0.306501,0.613129,0.959108,3.351130,-0.693354,0.959108
nonmember,36995,6,6,1,0.710132,0.491579,0.491579,1.608100,2.417319,1.142614,-1.608100
nonmember,24501,8,0,0,1.389747,0.249138,0.516443,1.374407,1.805326,-0.728956,1.374407
nonmember,27951,7,2,0,2.368501,0.093621,0.469444,1.801869,0.069045,-1.612294,1.801869
nonmember,12124,4,6,0,2.197680,0.111060,0.502811,1.608444,1.326845,-1.510140,1.608444
nonmember,16886,5,3,0,2.233480,0.107155,0.391978,1.821365,0.686219,-1.296930,1.821365
nonmember,13497,0,9,0,1.795078,0.166115,0.532544,1.393512,0.850597,-1.164988,1.393512
nonmember,4010,3,2,0,3.534236,0.029181,0.758323,1.019676,-0.332853,-3.257590,1.019676
nonmember,15805,6,4,0,1.713255,0.180278,0.187010,2.066870,0.988811,-0.036660,2.066870
nonmember,7496,8,9,0,2.499054,0.082163,0.534728,1.485330,0.073836,-1.873058,1.485330
nonmember,41524,0,9,0,3.453794,0.031625,0.568986,1.590065,-1.060679,-2.889895,1.590065
nonmember,15480,9,7,0,1.409168,0.244346,0.291584,1.937898,1.098361,-0.176743,1.937898
nonmember,45668,4,6,0,1.819204,0.162155,0.598857,1.278214,2.353544,-1.306472,1.278214
nonmember,1992,4,4,1,0.456822,0.633293,0.633293,1.135151,4.825295,1.127048,-1.135151
nonmember,40968,2,7,0,4.079718,0.016912,0.437829,1.622707,-1.032321,-3.253791,1.622707
nonmember,9097,9,9,1,0.708533,0.492366,0.492366,1.704771,1.389123,1.514406,-1.704771
nonmember,27847,4,7,0,1.170128,0.310327,0.337939,1.675474,2.604494,-0.085239,1.675474
nonmember,21127,5,1,0,4.246658,0.014312,0.495336,1.479509,-1.657326,-3.544139,1.479509
nonmember,19682,0,4,0,4.511406,0.010983,0.326630,1.906272,-1.345959,-3.392478,1.906272
nonmember,26055,8,1,0,3.500369,0.030186,0.258923,2.011769,-1.539821,-2.149143,2.011769
nonmember,18521,5,5,1,1.564223,0.209250,0.209250,2.064194,1.094112,0.250214,-2.064194
nonmember,5579,7,6,0,2.107802,0.121505,0.321485,1.993602,1.061571,-0.972997,1.993602
nonmember,45818,2,2,1,1.121733,0.325715,0.325715,1.690739,1.665503,0.112645,-1.690739
nonmember,8891,6,6,1,0.436939,0.646011,0.646011,1.247194,3.725898,1.653872,-1.247194
nonmember,30235,5,8,0,1.905331,0.148773,0.178366,2.197148,0.076441,-0.181411,2.197148
nonmember,8249,0,1,0,4.866356,0.007701,0.647450,1.282669,-1.379641,-4.431643,1.282669
nonmember,21837,9,9,1,1.609017,0.200084,0.200084,2.151548,0.526004,0.151758,-2.151548
nonmember,34009,0,9,0,3.720763,0.024215,0.702222,1.003135,0.028973,-3.367257,1.003135
nonmember,28124,2,7,0,1.874500,0.153432,0.243948,2.104187,0.615207,-0.463698,2.104187
nonmember,1423,5,8,0,4.274441,0.013920,0.445498,1.432258,-0.919738,-3.465878,1.432258
nonmember,436,0,0,1,0.368193,0.691984,0.691984,1.209994,2.320196,2.147340,-1.209994
nonmember,13084,0,9,0,2.619520,0.072838,0.502414,1.365422,0.394122,-1.931190,1.365422
nonmember,45221,4,7,0,1.910797,0.147962,0.238766,2.009618,0.342382,-0.478526,2.009618
nonmember,33978,3,0,0,5.011426,0.006661,0.597213,1.261760,-1.545175,-4.495945,1.261760
nonmember,37188,6,6,1,0.862183,0.422240,0.422240,1.798514,2.770490,1.132477,-1.798514
nonmember,31524,9,9,1,1.579572,0.206063,0.206063,2.034698,1.459740,0.048480,-2.034698
nonmember,14339,1,0,0,3.533659,0.029198,0.318801,1.875583,-1.203160,-2.390472,1.875583
nonmember,41221,5,7,0,2.778357,0.062141,0.236656,2.033540,-0.241201,-1.337207,2.033540
nonmember,7238,1,1,1,0.975129,0.377144,0.377144,1.835786,1.863936,0.561798,-1.835786
nonmember,44196,5,2,0,2.417402,0.089153,0.284330,2.100979,-0.190463,-1.159783,2.100979
nonmember,20912,9,9,1,0.802970,0.447996,0.447996,1.636871,2.488750,0.927106,-1.636871
nonmember,23964,0,0,1,0.515030,0.597483,0.597483,0.726082,5.672043,0.416053,-0.726082
nonmember,34113,7,4,0,1.564456,0.209202,0.302648,1.894985,1.555631,-0.369271,1.894985
nonmember,43168,7,7,1,0.930243,0.394458,0.394458,1.561735,2.039131,0.247775,-1.561735
nonmember,43761,6,9,0,1.806423,0.164241,0.192757,1.966307,1.148763,-0.160097,1.966307
nonmember,43060,7,2,0,1.662939,0.189581,0.195391,1.990984,1.309252,-0.030185,1.990984
nonmember,5642,0,0,1,0.085846,0.917735,0.917735,0.409955,4.543871,3.346089,-0.409955
nonmember,2743,8,8,1,1.067274,0.343945,0.343945,1.575430,1.610984,0.045406,-1.575430
nonmember,7247,6,6,1,0.558176,0.572252,0.572252,1.289445,3.589796,0.952213,-1.289445
nonmember,26374,9,8,0,1.714207,0.180106,0.550141,1.317450,1.753938,-1.116627,1.317450
nonmember,26126,3,9,0,1.828093,0.160720,0.278446,1.871288,1.040397,-0.549561,1.871288
nonmember,24347,8,9,0,3.126664,0.043864,0.638731,1.365499,-0.705787,-2.678391,1.365499
nonmember,32555,3,1,0,3.492627,0.030421,0.523499,1.671144,-0.633822,-2.845406,1.671144
nonmember,30909,0,0,1,0.688572,0.502293,0.502293,1.186990,2.992253,0.352741,-1.186990
nonmember,31675,8,0,0,2.283391,0.101938,0.280131,1.999048,0.005103,-1.010894,1.999048
nonmember,22237,6,3,0,2.962749,0.051677,0.294053,1.945392,-0.234828,-1.738753,1.945392
nonmember,1565,1,1,1,1.176179,0.308455,0.308455,1.556798,1.739869,0.028242,-1.556798
nonmember,16181,4,4,1,0.834232,0.434208,0.434208,1.695732,2.558589,1.143930,-1.695732
nonmember,12229,7,7,1,1.346439,0.260165,0.260165,2.000897,1.096167,0.321942,-2.000897
nonmember,49329,2,1,0,1.999347,0.135424,0.329135,2.037133,0.706026,-0.888061,2.037133
nonmember,42007,1,8,0,1.802170,0.164941,0.365713,1.753825,0.515582,-0.796263,1.753825
nonmember,18848,8,8,1,0.682983,0.505108,0.505108,1.271080,3.008854,0.745745,-1.271080
nonmember,21194,4,4,1,1.028316,0.357609,0.357609,1.650534,2.958862,0.295962,-1.650534
nonmember,3772,3,3,1,0.302997,0.738601,0.738601,0.989918,3.103754,1.745319,-0.989918
nonmember,5853,5,3,0,3.735664,0.023857,0.273036,1.968480,-0.398874,-2.437513,1.968480
nonmember,11541,9,1,0,1.643131,0.193374,0.324772,1.927086,1.006442,-0.518499,1.927086
nonmember,35462,7,7,1,0.812600,0.443703,0.443703,1.645156,1.994400,0.666270,-1.645156
nonmember,26678,8,8,1,0.258369,0.772310,0.772310,0.855698,2.837884,1.912353,-0.855698
nonmember,33420,6,7,0,3.392567,0.033622,0.223296,2.134902,-1.594119,-1.893311,2.134902
nonmember,30409,7,6,0,2.781921,0.061919,0.502600,1.433456,0.713927,-2.093960,1.433456
nonmember,11812,0,8,0,2.350212,0.095349,0.346890,1.576497,0.663817,-1.291464,1.576497
nonmember,45919,0,0,1,0.436058,0.646580,0.646580,1.315773,2.214002,1.849888,-1.315773
nonmember,7725,7,7,1,0.822216,0.439457,0.439457,1.857651,1.482048,1.214308,-1.857651
nonmember,21333,1,9,0,2.119218,0.120126,0.671795,1.265097,0.478271,-1.721417,1.265097
nonmember,31591,0,0,1,0.031128,0.969352,0.969352,0.164138,6.702028,3.766434,-0.164138
nonmember,49064,9,1,0,1.424540,0.240619,0.331716,1.489141,1.478925,-0.321064,1.489141
nonmember,37565,8,9,0,2.673640,0.069001,0.527055,1.369135,0.319224,-2.033189,1.369135
nonmember,22902,4,8,0,6.416352,0.001635,0.367378,1.507458,-3.728042,-5.414989,1.507458
nonmember,48301,5,3,0,3.597041,0.027405,0.274610,1.722344,0.354950,-2.304638,1.722344
nonmember,15517,6,7,0,3.696715,0.024805,0.301174,1.914286,-1.321442,-2.496647,1.914286
nonmember,47999,8,0,0,1.857595,0.156047,0.298125,1.875340,0.815494,-0.647353,1.875340
nonmember,30606,3,6,0,2.070978,0.126062,0.419822,1.636717,1.599394,-1.203054,1.636717
nonmember,13976,3,8,0,1.859470,0.155755,0.262542,1.919862,0.663502,-0.522125,1.919862
nonmember,29923,3,5,0,1.627432,0.196433,0.395847,1.825458,0.748806,-0.700704,1.825458
nonmember,26787,1,1,1,1.034783,0.355304,0.355304,1.492161,2.246659,0.086691,-1.492161
nonmember,43809,5,9,0,2.170010,0.114176,0.250503,2.073829,0.042175,-0.785725,2.073829
nonmember,18192,0,0,1,0.295198,0.744384,0.744384,0.908972,3.601607,1.778030,-0.908972
nonmember,37484,5,8,0,3.822457,0.021874,0.452164,1.752056,-0.731624,-3.028747,1.752056
nonmember,5129,3,6,0,2.703968,0.066939,0.659770,1.172576,2.154123,-2.288105,1.172576
nonmember,47288,1,9,0,3.846260,0.021359,0.829372,0.719125,0.466073,-3.659173,0.719125
nonmember,32350,3,6,0,1.484289,0.226663,0.233005,1.965378,0.764994,-0.027594,1.965378
nonmember,38061,6,6,1,0.242591,0.784593,0.784593,0.865014,4.533081,2.445230,-0.865014
nonmember,18555,1,8,0,2.848084,0.057955,0.450329,1.209764,1.025276,-2.050308,1.209764
nonmember,3242,3,8,0,2.556599,0.077568,0.284290,2.056960,-0.527190,-1.298839,2.056960
nonmember,41267,9,9,1,1.030853,0.356702,0.356702,1.484305,1.870350,0.152081,-1.484305
nonmember,29681,2,1,0,2.734530,0.064925,0.465593,1.787504,-0.234320,-1.970086,1.787504
nonmember,49869,0,1,0,2.327847,0.097506,0.454311,1.778035,0.706570,-1.538874,1.778035
nonmember,45870,5,1,0,1.900605,0.149478,0.270298,2.033491,1.147605,-0.592374,2.033491
nonmember,5144,1,1,1,0.794380,0.451861,0.451861,1.640215,2.661072,1.065094,-1.640215
nonmember,31332,8,8,1,0.589740,0.554471,0.554471,1.029739,3.227370,0.422471,-1.029739
nonmember,23796,0,1,0,3.330203,0.035786,0.397288,1.878306,-0.581995,-2.407108,1.878306
nonmember,979,4,6,0,1.101136,0.332493,0.427069,1.414126,3.129967,-0.250326,1.414126
nonmember,28745,6,7,0,1.603098,0.201272,0.202816,1.886084,1.268117,-0.007641,1.886084
nonmember,37009,2,4,0,2.366937,0.093767,0.575998,1.263827,2.968076,-1.815286,1.263827
nonmember,11915,2,1,0,2.537113,0.079094,0.556772,1.622441,0.259941,-1.951514,1.622441
nonmember,46558,6,3,0,2.250595,0.105337,0.238877,1.958712,0.575688,-0.818787,1.958712
nonmember,43680,2,0,0,2.373745,0.093131,0.189901,2.076975,-0.179695,-0.712493,2.076975
nonmember,6282,9,9,1,0.657159,0.518322,0.518322,1.371674,2.636046,0.768299,-1.371674
nonmember,15971,6,6,1,1.561088,0.209908,0.209908,2.068457,0.884089,0.159704,-2.068457
nonmember,29449,3,2,0,1.917015,0.147045,0.235548,2.090686,0.643904,-0.471173,2.090686
nonmember,18453,9,9,1,0.379696,0.684070,0.684070,1.116486,2.884083,1.717781,-1.116486
nonmember,41299,2,6,0,2.792762,0.061252,0.413454,1.663508,0.771116,-1.909552,1.663508
nonmember,5672,8,9,0,1.528957,0.216762,0.621605,1.066329,2.096318,-1.053506,1.066329
nonmember,9976,3,5,0,1.796711,0.165843,0.174022,2.092741,0.921192,-0.048135,2.092741
nonmember,29214,6,9,0,2.118848,0.120170,0.219898,2.138453,0.297641,-0.604255,2.138453
nonmember,11619,1,8,0,2.768998,0.062725,0.360192,1.730503,0.017545,-1.747879,1.730503
nonmember,7586,2,6,0,2.141514,0.117477,0.341123,1.812674,0.918981,-1.066002,1.812674
nonmember,20345,3,1,0,2.164147,0.114848,0.245136,1.946013,0.593296,-0.758207,1.946013
nonmember,47400,8,0,0,1.818392,0.162287,0.399261,1.663548,0.590547,-0.900251,1.663548
nonmember,45691,3,1,0,1.665720,0.189054,0.290271,1.835356,1.324492,-0.428779,1.835356
nonmember,31057,2,8,0,3.551597,0.028679,0.413919,1.539546,-0.016931,-2.669512,1.539546
nonmember,45526,6,7,0,4.124475,0.016172,0.309495,1.902873,-2.061846,-2.951661,1.902873
nonmember,11262,5,1,0,2.130687,0.118756,0.299746,1.927825,0.591122,-0.925865,1.927825
nonmember,21489,9,9,1,1.474130,0.228978,0.228978,1.952740,0.774337,0.035688,-1.952740
nonmember,16079,5,2,0,2.280780,0.102204,0.273795,1.845456,0.804685,-0.985403,1.845456
nonmember,20986,6,2,0,2.461623,0.085296,0.346105,1.708948,0.311312,-1.400611,1.708948
nonmember,32108,3,7,0,1.575708,0.206861,0.375762,1.598474,2.912976,-0.596908,1.598474
nonmember,28189,9,9,1,1.442665,0.236297,0.236297,1.981601,0.916762,0.267689,-1.981601
nonmember,12000,6,1,0,2.476483,0.084038,0.235368,2.077585,0.171769,-1.029877,2.077585
nonmember,18285,2,9,0,4.806929,0.008173,0.448021,1.524085,-1.418739,-4.004014,1.524085
nonmember,3074,2,7,0,1.640512,0.193881,0.283891,1.881884,1.378064,-0.381348,1.881884
nonmember,1078,9,2,0,2.094254,0.123162,0.216561,2.040780,0.215281,-0.564371,2.040780
nonmember,10499,0,0,1,0.721371,0.486086,0.486086,1.670377,1.592286,0.999629,-1.670377
nonmember,17370,6,6,1,1.153309,0.315591,0.315591,1.905860,1.965868,0.492890,-1.905860
nonmember,48766,9,9,1,0.715300,0.489045,0.489045,1.619611,1.939726,0.920146,-1.619611
nonmember,5665,0,5,0,2.953053,0.052180,0.298280,2.086453,-1.127244,-1.743331,2.086453
nonmember,2989,6,9,0,2.468276,0.084731,0.280778,2.073741,-0.241428,-1.198084,2.073741
nonmember,28735,7,7,1,0.532928,0.586884,0.586884,1.344968,2.786027,1.026491,-1.344968
nonmember,45554,5,5,1,1.280105,0.278008,0.278008,1.791408,2.615977,0.189853,-1.791408
nonmember,12487,8,8,1,0.564627,0.568572,0.568572,1.125930,3.047740,0.601018,-1.125930
nonmember,2814,7,1,0,2.199609,0.110846,0.266371,1.966887,0.211414,-0.876745,1.966887
nonmember,7516,6,6,1,0.559157,0.571691,0.571691,1.486802,2.724365,1.682519,-1.486802
nonmember,18679,3,9,0,9.271018,0.000094,0.553285,0.895476,-4.278928,-8.679136,0.895476
nonmember,17954,2,2,1,1.367252,0.254806,0.254806,1.971138,1.576977,0.225007,-1.971138
nonmember,961,6,6,1,0.254796,0.775075,0.775075,0.858102,4.936461,1.951350,-0.858102
nonmember,30928,7,7,1,0.623598,0.536013,0.536013,1.589647,2.218513,1.464724,-1.589647
nonmember,1791,4,1,0,2.368049,0.093663,0.327398,2.051903,0.514212,-1.251470,2.051903
nonmember,48390,3,2,0,3.266046,0.038157,0.306868,1.982595,-0.923735,-2.084709,1.982595
nonmember,4393,7,7,1,0.711537,0.490889,0.490889,1.604649,2.709601,0.794335,-1.604649
nonmember,22823,4,0,0,3.970026,0.018873,0.237133,1.996062,-1.664564,-2.530890,1.996062
nonmember,40143,0,7,0,2.466496,0.084882,0.257789,1.951936,0.149044,-1.110883,1.951936
nonmember,24015,5,5,1,1.341062,0.261568,0.261568,1.898426,1.530578,0.119295,-1.898426
nonmember,25804,7,1,0,1.688484,0.184799,0.312965,1.978707,0.967552,-0.526820,1.978707
nonmember,5749,5,7,0,2.294672,0.100794,0.286201,2.085233,0.150279,-1.043612,2.085233
nonmember,35437,3,4,0,2.007412,0.134336,0.302286,1.805062,1.307408,-0.811030,1.805062
nonmember,25374,8,9,0,1.918443,0.146835,0.387669,1.862374,0.186779,-0.970840,1.862374
nonmember,11547,9,9,1,0.714038,0.489663,0.489663,1.565567,1.702473,0.805785,-1.565567
nonmember,32996,2,2,1,1.097993,0.333540,0.333540,1.959804,1.770986,0.776332,-1.959804
nonmember,39908,8,9,0,3.179004,0.041627,0.192835,2.134173,-1.345403,-1.533085,2.134173
nonmember,18314,4,3,0,2.827597,0.059155,0.419989,1.746182,-0.031572,-1.960071,1.746182
nonmember,49925,7,9,0,2.833729,0.058793,0.257686,1.921659,-0.180572,-1.477715,1.921659
nonmember,4262,4,4,1,1.024107,0.359117,0.359117,1.804342,2.157273,0.379276,-1.804342
nonmember,46756,0,8,0,1.097022,0.333864,0.497417,1.283597,2.074576,-0.398695,1.283597
nonmember,1800,2,0,0,2.876953,0.056306,0.642224,1.277286,0.063530,-2.434134,1.277286
nonmember,18519,7,6,0,2.303763,0.099882,0.408000,1.678874,1.614137,-1.407274,1.678874
nonmember,35824,2,0,0,2.267829,0.103537,0.370402,1.877034,-0.034569,-1.274664,1.877034
nonmember,40151,5,6,0,1.902674,0.149169,0.170158,2.143565,0.172268,-0.131644,2.143565
nonmember,22328,6,7,0,1.665427,0.189110,0.249260,2.062823,0.532094,-0.276170,2.062823
nonmember,49239,1,1,1,0.580923,0.559382,0.559382,1.076411,3.447283,0.588544,-1.076411
nonmember,33673,4,2,0,2.699450,0.067242,0.257487,1.979475,-0.358448,-1.342663,1.979475
nonmember,32273,9,9,1,0.984836,0.373501,0.373501,1.839024,1.932474,0.532539,-1.839024
nonmember,34145,1,5,0,2.363553,0.094085,0.223841,2.101763,0.242696,-0.866731,2.101763
nonmember,9233,6,2,0,1.765110,0.171168,0.494075,1.361686,3.008195,-1.060041,1.361686
nonmember,44244,6,1,0,2.923892,0.053724,0.475172,1.768551,0.161549,-2.179812,1.768551
nonmember,29239,8,0,0,3.331361,0.035744,0.517792,1.216061,-0.719587,-2.673180,1.216061
nonmember,17202,7,2,0,3.241354,0.039111,0.365086,1.589404,0.077054,-2.233733,1.589404
nonmember,42408,3,6,0,3.267690,0.038094,0.502060,1.364658,1.912409,-2.578655,1.364658
nonmember,46840,1,0,0,1.043781,0.352121,0.434659,1.378318,2.137908,-0.210587,1.378318
nonmember,40110,8,0,0,2.305957,0.099663,0.433241,1.645265,0.594308,-1.469495,1.645265
nonmember,48482,2,6,0,2.560667,0.077253,0.318620,1.822869,0.506004,-1.416911,1.822869
nonmember,38854,5,3,0,1.967559,0.139798,0.287908,1.971557,1.212943,-0.722444,1.971557
nonmember,6942,8,8,1,0.706808,0.493216,0.493216,1.388207,2.593824,0.844807,-1.388207
nonmember,35047,9,9,1,0.478385,0.619783,0.619783,1.398925,2.270640,1.850227,-1.398925
nonmember,29507,9,9,1,0.754129,0.470420,0.470420,1.428513,1.920924,0.527677,-1.428513
nonmember,33984,2,6,0,1.969237,0.139563,0.407592,1.695437,1.423731,-1.071748,1.695437
nonmember,47733,8,8,1,0.322149,0.724590,0.724590,1.069092,3.284009,2.044106,-1.069092
nonmember,5325,7,2,0,2.422038,0.088741,0.250441,1.837316,0.673601,-1.037505,1.837316
nonmember,29598,8,0,0,4.225687,0.014615,0.580288,1.226721,-0.856824,-3.681455,1.226721
nonmember,43515,7,6,0,2.409974,0.089818,0.368764,1.750101,0.924323,-1.412374,1.750101
nonmember,15832,1,1,1,0.930421,0.394388,0.394388,1.757972,1.980520,0.445269,-1.757972
nonmember,37692,8,9,0,1.721219,0.178848,0.458071,1.271627,1.740996,-0.940487,1.271627
nonmember,26859,3,1,0,1.702570,0.182215,0.269799,2.012336,1.303070,-0.392493,2.012336
nonmember,28567,9,9,1,0.618358,0.538828,0.538828,1.528537,1.914910,1.425714,-1.528537
nonmember,25079,7,4,0,3.361922,0.034669,0.354327,1.637291,0.187466,-2.324386,1.637291
nonmember,18707,8,9,0,3.225218,0.039747,0.539349,1.207495,-0.009963,-2.607825,1.207495
nonmember,15200,2,4,0,3.114106,0.044418,0.399973,1.579715,0.688183,-2.197748,1.579715
nonmember,5857,6,6,1,0.749058,0.472812,0.472812,1.520263,3.108380,0.738528,-1.520263
nonmember,39087,6,9,0,3.068773,0.046478,0.216653,2.080335,-0.746498,-1.539314,2.080335
nonmember,30893,2,2,1,1.231901,0.291737,0.291737,1.904892,1.518476,0.339100,-1.904892
nonmember,45278,5,0,0,2.038767,0.130189,0.311837,1.942424,0.250774,-0.873491,1.942424
nonmember,16398,6,6,1,1.260057,0.283638,0.283638,1.871840,1.727094,0.099725,-1.871840
nonmember,13653,3,2,0,3.111404,0.044538,0.519934,1.407461,0.549491,-2.457352,1.407461
nonmember,13748,3,1,0,2.409313,0.089877,0.172842,2.182126,-0.090498,-0.653934,2.182126
nonmember,23965,8,1,0,3.910710,0.020026,0.736691,1.053208,-0.301985,-3.605124,1.053208
nonmember,45552,3,9,0,3.291698,0.037191,0.282568,1.976709,-0.948350,-2.027863,1.976709
nonmember,30219,3,0,0,2.855268,0.057540,0.354284,1.761538,-0.395233,-1.817613,1.761538
nonmember,24079,0,9,0,1.807022,0.164142,0.443420,1.268754,2.215271,-0.993784,1.268754
nonmember,12181,0,0,1,0.223767,0.799501,0.799501,0.680743,4.500037,1.661325,-0.680743
nonmember,21848,1,9,0,3.119165,0.044194,0.516617,1.081091,0.054139,-2.458712,1.081091
nonmember,14290,7,7,1,0.860893,0.422784,0.422784,1.752454,1.611452,0.752023,-1.752454
nonmember,24755,0,8,0,1.962910,0.140449,0.361826,1.647093,0.742072,-0.946318,1.647093
nonmember,35013,8,8,1,0.678276,0.507491,0.507491,0.903539,3.902760,0.138442,-0.903539
nonmember,15361,3,7,0,2.319586,0.098314,0.223545,1.953864,0.432653,-0.821443,1.953864
nonmember,48038,4,6,0,1.029055,0.357345,0.449486,1.338331,3.511037,-0.229405,1.338331
nonmember,36311,0,8,0,1.245936,0.287672,0.490638,1.449703,1.502560,-0.533887,1.449703
nonmember,30239,2,9,0,2.367255,0.093738,0.266279,1.992080,0.350287,-1.044044,1.992080
nonmember,7195,5,5,1,1.360207,0.256608,0.256608,1.974452,1.000675,0.510180,-1.974452
nonmember,3579,8,0,0,1.656516,0.190803,0.302043,1.739648,1.005980,-0.459330,1.739648
nonmember,36147,6,5,0,1.381996,0.251077,0.264681,1.923848,1.712796,-0.052768,1.923848
nonmember,34095,5,9,0,3.646799,0.026074,0.298019,1.979157,-1.389100,-2.436202,1.979157
nonmember,10441,3,1,0,2.366274,0.093830,0.486143,1.593871,0.205979,-1.645021,1.593871
nonmember,16307,9,9,1,0.806388,0.446468,0.446468,1.433897,2.149398,0.683330,-1.433897
nonmember,4204,8,1,0,2.817360,0.059764,0.748243,1.040496,0.966004,-2.527332,1.040496
nonmember,6957,5,7,0,1.991702,0.136463,0.206286,2.109217,0.641086,-0.413213,2.109217
nonmember,9163,3,4,0,1.861185,0.155488,0.341312,1.658199,2.244712,-0.786228,1.658199
nonmember,20627,5,6,0,2.997042,0.049935,0.265803,1.844511,-0.010405,-1.672044,1.844511
nonmember,17567,3,8,0,3.486182,0.030618,0.607590,1.395124,-0.717461,-2.987927,1.395124
nonmember,14832,8,8,1,0.716042,0.488683,0.488683,1.441944,2.060711,0.685902,-1.441944
nonmember,27029,4,9,0,4.115633,0.016316,0.497656,1.695732,-1.865872,-3.417787,1.695732
nonmember,44197,3,2,0,1.949610,0.142330,0.212148,2.036271,0.614261,-0.399139,2.036271
nonmember,1,9,1,0,2.493111,0.082652,0.394469,1.419324,1.093618,-1.562897,1.419324
nonmember,35449,3,1,0,2.267032,0.103619,0.424539,1.837907,0.475139,-1.410280,1.837907
nonmember,30903,9,8,0,1.938048,0.143985,0.793248,0.694232,3.163848,-1.706429,0.694232
nonmember,7648,6,9,0,7.333218,0.000653,0.447466,1.415276,-4.071671,-6.529062,1.415276
nonmember,4217,6,6,1,1.348992,0.259502,0.259502,1.979325,1.780262,0.460924,-1.979325
nonmember,10474,2,0,0,4.948075,0.007097,0.911700,0.390578,0.392081,-4.855631,0.390578
nonmember,1185,0,9,0,3.287076,0.037363,0.405894,1.731282,-0.737347,-2.385412,1.731282
nonmember,46701,0,7,0,4.747571,0.008673,0.227728,1.936232,-1.734841,-3.267970,1.936232
nonmember,26826,7,4,0,3.306967,0.036627,0.386101,1.449483,1.245401,-2.355310,1.449483
nonmember,12090,8,0,0,3.651393,0.025955,0.554451,1.596412,-1.207405,-3.061616,1.596412
nonmember,5386,2,8,0,2.096846,0.122843,0.408577,1.754285,0.306604,-1.201770,1.754285
nonmember,17351,6,7,0,1.959241,0.140965,0.213915,2.140585,0.314154,-0.417063,2.140585
nonmember,18844,1,1,1,0.666216,0.513649,0.513649,1.665278,2.302229,1.628558,-1.665278
nonmember,28816,6,4,0,2.764185,0.063027,0.321308,1.830159,0.010273,-1.628829,1.830159
nonmember,43052,3,5,0,2.089566,0.123741,0.189412,2.099797,0.116515,-0.425737,2.099797
nonmember,11347,5,5,1,0.607805,0.544545,0.544545,1.253735,3.508059,0.579081,-1.253735
nonmember,42802,1,9,0,2.561795,0.077166,0.449228,1.316749,0.371864,-1.761570,1.316749
nonmember,3979,0,0,1,0.584314,0.557488,0.557488,1.544836,1.745979,1.647834,-1.544836
nonmember,7090,5,6,0,2.167252,0.114492,0.364322,1.758885,1.087517,-1.157536,1.758885
nonmember,21599,7,7,1,0.735583,0.479226,0.479226,1.670453,2.510219,1.125528,-1.670453
nonmember,34264,6,1,0,2.847512,0.057988,0.196020,2.171571,-0.703034,-1.217973,2.171571
nonmember,17930,3,6,0,2.735924,0.064834,0.379532,1.693719,0.924306,-1.767107,1.693719
nonmember,41958,4,9,0,3.795849,0.022464,0.335717,1.958204,-1.482288,-2.704362,1.958204
nonmember,25484,2,7,0,1.806399,0.164245,0.208345,2.196516,0.043716,-0.237839,2.196516
nonmember,21027,1,1,1,0.602591,0.547392,0.547392,1.645177,2.402466,1.942570,-1.645177
nonmember,29093,6,5,0,2.126709,0.119229,0.224957,2.022019,-0.060672,-0.634865,2.022019
nonmember,24608,8,8,1,0.035325,0.965292,0.965292,0.165192,8.716948,3.467260,-0.165192
nonmember,44987,3,5,0,2.801984,0.060690,0.327474,1.928737,-0.560194,-1.685639,1.928737
nonmember,24542,9,9,1,0.924871,0.396583,0.396583,1.729525,1.941643,0.478893,-1.729525
nonmember,24878,8,9,0,3.062078,0.046790,0.249751,2.030232,-1.032549,-1.674785,2.030232
nonmember,18528,7,4,0,2.799699,0.060828,0.319710,1.833672,0.474515,-1.659359,1.833672
nonmember,40247,5,5,1,0.800043,0.449310,0.449310,1.628336,3.100696,1.162195,-1.628336
nonmember,7104,8,9,0,2.155317,0.115866,0.242111,2.033284,-0.008807,-0.736958,2.033284
nonmember,11489,6,9,0,1.860024,0.155669,0.320638,1.952409,0.443879,-0.722581,1.952409
nonmember,16072,8,0,0,0.837909,0.432614,0.499162,0.989581,3.198316,-0.143084,0.989581
nonmember,4056,2,0,0,2.825702,0.059267,0.677477,1.167832,0.025478,-2.436322,1.167832
nonmember,42723,6,3,0,2.121216,0.119886,0.306237,1.941604,0.540427,-0.937822,1.941604
nonmember,24037,5,3,0,1.964777,0.140187,0.222826,2.134233,0.554724,-0.463414,2.134233
nonmember,7191,7,7,1,1.245994,0.287655,0.287655,1.972447,1.660628,0.408186,-1.972447
nonmember,35650,7,7,1,1.243515,0.288369,0.288369,2.023890,1.434025,0.455114,-2.023890
nonmember,938,0,0,1,0.124267,0.883144,0.883144,0.465174,5.021212,2.336520,-0.465174
nonmember,19424,9,7,0,2.848412,0.057936,0.352019,1.830686,0.154972,-1.804342,1.830686
nonmember,18115,4,0,0,4.286080,0.013759,0.299244,1.889024,-2.692003,-3.079583,1.889024
nonmember,31659,7,7,1,0.704839,0.494188,0.494188,1.403774,2.559729,0.535486,-1.403774
nonmember,1072,5,5,1,1.238369,0.289857,0.289857,2.037469,0.950983,0.517307,-2.037469
nonmember,43347,5,1,0,3.154646,0.042653,0.458872,1.763472,-0.430944,-2.375663,1.763472
nonmember,35156,4,2,0,2.534135,0.079330,0.580832,1.328080,1.251627,-1.990841,1.328080
nonmember,30665,2,9,0,4.338783,0.013052,0.444839,1.542425,-1.215898,-3.528740,1.542425
nonmember,44882,8,9,0,1.913058,0.147628,0.300353,1.826837,0.403927,-0.710262,1.826837
nonmember,40153,6,6,1,1.279184,0.278264,0.278264,1.758327,2.261600,0.056412,-1.758327
nonmember,42523,2,6,0,1.567496,0.208567,0.340011,1.831757,1.552439,-0.488717,1.831757
nonmember,16063,1,9,0,3.550250,0.028717,0.675054,1.248868,-1.131136,-3.157288,1.248868
nonmember,34408,2,5,0,2.784219,0.061777,0.332907,1.823116,0.325000,-1.684327,1.823116
nonmember,13655,2,3,0,2.097678,0.122741,0.230000,1.981867,0.826099,-0.628004,1.981867
nonmember,45250,3,2,0,2.912665,0.054331,0.182990,2.040506,-0.099898,-1.214340,2.040506
nonmember,28135,3,3,1,1.158806,0.313861,0.313861,1.776245,1.857990,0.358864,-1.776245
nonmember,17267,2,4,0,2.596583,0.074528,0.325858,1.823380,0.082592,-1.475290,1.823380
nonmember,29671,7,7,1,0.489441,0.612969,0.612969,1.371596,2.876794,1.474070,-1.371596
nonmember,28772,3,5,0,1.753237,0.173212,0.295238,1.952327,0.654927,-0.533262,1.952327
nonmember,90,2,1,0,2.157307,0.115636,0.473125,1.761890,1.011314,-1.408912,1.761890
nonmember,44127,3,4,0,2.851561,0.057754,0.208100,2.065989,-0.400712,-1.281824,2.065989
nonmember,26459,4,8,0,5.916731,0.002694,0.471713,1.351792,-2.132245,-5.165347,1.351792
nonmember,49622,4,2,0,3.116624,0.044306,0.357766,1.848187,-0.080305,-2.088748,1.848187
nonmember,41140,6,2,0,1.933209,0.144683,0.296000,1.980697,0.754941,-0.715814,1.980697
nonmember,11416,0,7,0,3.514518,0.029762,0.507523,1.603868,-0.362116,-2.836305,1.603868
nonmember,35988,7,0,0,3.543086,0.028924,0.397617,1.658746,-0.948184,-2.620821,1.658746
nonmember,498,1,5,0,3.135855,0.043463,0.206686,2.068818,-0.651370,-1.559300,2.068818
nonmember,22364,3,0,0,2.664649,0.069624,0.247422,2.106672,-0.556381,-1.267991,2.106672
nonmember,35936,2,0,0,1.979334,0.138161,0.168711,2.186588,0.207216,-0.199765,2.186588
nonmember,28243,7,5,0,2.033895,0.130825,0.235932,1.940984,0.900813,-0.589685,1.940984
nonmember,37229,5,6,0,3.244169,0.039001,0.343763,1.727865,0.181533,-2.176367,1.727865
nonmember,15910,2,6,0,1.578866,0.206209,0.314241,1.723523,1.853143,-0.421272,1.723523
nonmember,20850,2,9,0,3.506496,0.030002,0.542886,1.382154,-0.405131,-2.895640,1.382154
nonmember,46505,8,9,0,2.210640,0.109630,0.326512,1.932657,0.012556,-1.091350,1.932657
nonmember,29291,4,6,0,1.466718,0.230681,0.373773,1.699896,2.319211,-0.482613,1.699896
nonmember,30501,4,1,0,4.379525,0.012531,0.693771,1.122488,-0.867515,-4.013912,1.122488
nonmember,5145,9,9,1,0.550920,0.576420,0.576420,1.484902,2.053179,1.596863,-1.484902
nonmember,36137,2,0,0,6.086469,0.002273,0.933893,0.274559,0.477590,-6.018076,0.274559
nonmember,27390,4,6,0,1.413867,0.243201,0.349530,1.676075,2.469106,-0.362701,1.676075
nonmember,7487,3,9,0,1.463941,0.231323,0.255707,1.995680,0.593479,-0.100219,1.995680
nonmember,33923,0,9,0,2.308258,0.099434,0.173447,2.166223,-0.268323,-0.556373,2.166223
nonmember,24786,7,6,0,3.114173,0.044415,0.517247,1.477838,0.683846,-2.454939,1.477838
nonmember,12488,5,2,0,3.040905,0.047792,0.503366,1.716880,-0.219733,-2.354467,1.716880
nonmember,27743,2,6,0,1.720216,0.179027,0.283577,1.851517,1.728520,-0.459944,1.851517
nonmember,12956,3,5,0,3.006129,0.049483,0.375769,2.002106,-0.738115,-2.027348,2.002106
nonmember,21463,6,6,1,0.669042,0.512199,0.512199,1.596960,1.940046,1.336087,-1.596960
nonmember,6493,3,6,0,3.164293,0.042244,0.612598,1.392775,0.113374,-2.674247,1.392775
nonmember,29115,9,4,0,1.545926,0.213114,0.218611,1.964854,1.279468,-0.025464,1.964854
nonmember,47310,1,6,0,4.732238,0.008807,0.472821,1.570844,-0.971546,-3.983199,1.570844
nonmember,37858,8,0,0,1.842624,0.158401,0.484366,1.665247,0.573786,-1.117709,1.665247
nonmember,31565,8,8,1,0.610764,0.542936,0.542936,1.284861,2.974663,1.018633,-1.284861
nonmember,41201,8,8,1,1.025960,0.358452,0.358452,1.540804,1.717051,0.028938,-1.540804
nonmember,28826,0,0,1,0.311029,0.732693,0.732693,0.967066,3.099321,1.804336,-0.967066
nonmember,4645,0,0,1,0.713621,0.489867,0.489867,1.696288,1.508182,1.484778,-1.696288
nonmember,27091,2,4,0,2.501344,0.081975,0.328483,1.775581,0.943497,-1.388074,1.775581
nonmember,25639,3,8,0,3.551110,0.028693,0.618898,1.402536,-0.427618,-3.071295,1.402536
nonmember,31244,8,0,0,4.169340,0.015462,0.972648,0.157914,1.914662,-4.141607,0.157914
nonmember,48649,7,9,0,3.824855,0.021822,0.657509,1.292761,-0.960712,-3.405558,1.292761
nonmember,5757,0,9,0,1.725576,0.178071,0.424815,1.239690,2.340658,-0.869475,1.239690
nonmember,41435,0,0,1,0.547742,0.578254,0.578254,1.101554,2.921960,0.594789,-1.101554
nonmember,28800,8,9,0,3.753240,0.023442,0.429538,1.577802,-1.063541,-2.908194,1.577802
nonmember,19882,4,0,0,4.219368,0.014708,0.255935,1.872398,-1.654881,-2.856537,1.872398
nonmember,6140,5,5,1,1.052843,0.348944,0.348944,1.684903,1.583688,0.025814,-1.684903
nonmember,6912,8,9,0,4.586700,0.010186,0.380556,1.766860,-2.257261,-3.620579,1.766860
nonmember,10520,9,1,0,1.571870,0.207656,0.474574,1.663396,1.643948,-0.826532,1.663396
nonmember,11532,1,8,0,4.659819,0.009468,0.802790,0.646779,-0.374814,-4.440157,0.646779
nonmember,48956,6,6,1,1.119282,0.326514,0.326514,1.874290,2.219830,0.534702,-1.874290
nonmember,40406,7,9,0,3.214968,0.040157,0.307946,1.736475,-0.836384,-2.037137,1.736475
nonmember,20589,2,3,0,1.699074,0.182853,0.241222,2.067026,0.563263,-0.277034,2.067026
nonmember,46432,3,0,0,5.445156,0.004317,0.670139,0.970243,-0.273291,-5.044886,0.970243
nonmember,7361,8,8,1,0.733112,0.480412,0.480412,1.480405,1.989151,0.607660,-1.480405
nonmember,20072,7,1,0,1.857396,0.156079,0.479874,1.701202,1.192408,-1.123165,1.701202
nonmember,1457,4,7,0,4.072797,0.017030,0.491609,1.620719,-1.476272,-3.362726,1.620719
nonmember,5201,5,2,0,3.984947,0.018593,0.285176,1.753669,-1.209565,-2.730299,1.753669
nonmember,42216,4,7,0,1.361056,0.256390,0.378672,1.673700,1.952633,-0.389970,1.673700
nonmember,14511,3,3,1,1.163654,0.312343,0.312343,1.802785,2.316911,0.327418,-1.802785
nonmember,36415,0,1,0,4.187954,0.015177,0.595042,1.389559,-0.991812,-3.668832,1.389559
nonmember,45530,7,5,0,1.772032,0.169987,0.184833,2.136453,0.397465,-0.083732,2.136453
nonmember,32440,7,4,0,1.344251,0.260735,0.379525,1.731374,2.055782,-0.375417,1.731374
nonmember,29016,7,6,0,1.683518,0.185719,0.254435,1.947183,1.484467,-0.314808,1.947183
nonmember,1796,9,9,1,0.581245,0.559202,0.559202,1.349852,2.305099,1.104476,-1.349852
nonmember,21749,3,5,0,1.428051,0.239776,0.269975,1.898270,1.595227,-0.118625,1.898270
nonmember,46577,6,6,1,0.510591,0.600141,0.600141,1.350707,3.470501,1.764594,-1.350707
nonmember,3018,6,1,0,2.792063,0.061295,0.226571,2.158889,-0.763295,-1.307367,2.158889
nonmember,33436,6,3,0,1.573483,0.207322,0.214138,1.923208,1.925263,-0.032349,1.923208
nonmember,13371,3,3,1,0.687240,0.502962,0.502962,1.578455,2.564625,1.099325,-1.578455
nonmember,15647,7,9,0,1.625191,0.196874,0.425191,1.181345,3.554741,-0.769975,1.181345
nonmember,19258,2,2,1,0.959984,0.382899,0.382899,1.736035,2.469632,0.471898,-1.736035
nonmember,17432,0,9,0,3.401230,0.033332,0.583129,1.284880,-0.401861,-2.861883,1.284880
nonmember,21368,3,8,0,3.751004,0.023494,0.575569,1.358800,-0.851641,-3.198609,1.358800
nonmember,32827,1,3,0,1.260124,0.283619,0.346729,1.768436,1.799414,-0.200912,1.768436
nonmember,12212,2,6,0,1.227675,0.292973,0.379577,1.652633,2.290096,-0.258978,1.652633
nonmember,6703,1,9,0,2.459719,0.085459,0.330426,1.615433,0.430071,-1.352347,1.615433
nonmember,35536,8,8,1,0.344388,0.708654,0.708654,0.904564,4.454689,1.432431,-0.904564
nonmember,44950,3,6,0,1.822952,0.161548,0.269523,1.971347,1.276222,-0.511851,1.971347
nonmember,15030,0,0,1,0.139317,0.869952,0.869952,0.616281,3.361630,2.841037,-0.616281
nonmember,2645,9,9,1,0.765213,0.465235,0.465235,1.372110,1.871288,0.684699,-1.372110
nonmember,21794,4,6,0,1.684737,0.185493,0.276970,1.774185,1.622230,-0.400891,1.774185
nonmember,15780,8,1,0,2.243821,0.106053,0.540009,1.541473,0.462591,-1.627652,1.541473
nonmember,186,9,3,0,2.363334,0.094106,0.293345,2.030731,-0.209278,-1.136927,2.030731
nonmember,43430,3,4,0,2.186824,0.112273,0.329229,1.904237,0.925713,-1.075822,1.904237
nonmember,8106,7,1,0,3.618761,0.026816,0.613897,1.401762,-0.747753,-3.130833,1.401762
nonmember,2166,8,9,0,0.981578,0.374719,0.450383,1.279682,2.119099,-0.183922,1.279682
nonmember,6316,8,0,0,1.506111,0.221771,0.228693,1.962161,1.041338,-0.030738,1.962161
nonmember,32534,6,3,0,1.770078,0.170320,0.294688,1.913447,1.479119,-0.548239,1.913447
nonmember,11398,4,6,0,2.430363,0.088005,0.250337,2.005838,0.777092,-1.045416,2.005838
nonmember,13130,2,1,0,2.647792,0.070807,0.220541,2.187346,-0.086182,-1.136119,2.187346
nonmember,49384,3,6,0,2.732444,0.065060,0.328870,1.894874,0.124724,-1.620352,1.894874
nonmember,30282,4,2,0,1.749836,0.173802,0.192939,2.000304,1.203312,-0.104455,2.000304
nonmember,24128,5,5,1,1.274518,0.279566,0.279566,2.080871,0.529258,0.659081,-2.080871
nonmember,45628,1,4,0,2.693612,0.067636,0.284018,1.880874,0.344317,-1.434895,1.880874
nonmember,49152,8,9,0,1.837950,0.159143,0.284872,1.985130,0.018261,-0.582234,1.985130
nonmember,27557,2,2,1,0.947653,0.387650,0.387650,1.576454,3.064420,0.373173,-1.576454
nonmember,4932,1,1,1,0.582547,0.558474,0.558474,1.485125,2.792269,1.435194,-1.485125
nonmember,280,8,8,1,1.102593,0.332009,0.332009,1.639181,1.601828,0.281020,-1.639181
nonmember,20966,4,7,0,1.412294,0.243584,0.315289,1.852828,1.875659,-0.258030,1.852828
nonmember,20094,7,9,0,1.025333,0.358677,0.370385,1.626419,1.737682,-0.032121,1.626419
nonmember,28565,6,6,1,0.971000,0.378704,0.378704,1.710341,2.525210,0.555866,-1.710341
nonmember,39718,5,1,0,4.436837,0.011833,0.387553,1.745323,-1.675215,-3.488935,1.745323
nonmember,11097,5,2,0,3.264010,0.038235,0.486612,1.710947,-0.052559,-2.543723,1.710947
nonmember,29137,7,7,1,1.051373,0.349458,0.349458,1.892879,1.883291,1.012498,-1.892879
nonmember,39067,4,5,0,2.149112,0.116588,0.158326,2.201738,0.337716,-0.306013,2.201738
nonmember,28486,7,9,0,3.019273,0.048837,0.549054,1.466767,-0.295513,-2.419714,1.466767
nonmember,3723,4,1,0,3.461833,0.031372,0.494496,1.641783,-0.609680,-2.757616,1.641783
nonmember,24959,5,5,1,0.929423,0.394782,0.394782,1.659786,2.564039,0.472374,-1.659786
nonmember,33350,2,3,0,1.928762,0.145328,0.242760,2.008304,1.136328,-0.513080,2.008304
nonmember,30775,9,9,1,1.036226,0.354791,0.354791,1.878112,1.515869,0.550355,-1.878112
nonmember,3281,2,1,0,2.031994,0.131074,0.242150,2.016582,0.752909,-0.613796,2.016582
nonmember,44437,5,3,0,1.484751,0.226559,0.325050,1.874834,1.181111,-0.360976,1.874834
nonmember,10491,1,1,1,0.997529,0.368790,0.368790,1.786965,2.066358,0.576452,-1.786965
nonmember,12539,4,9,0,2.057907,0.127721,0.245340,2.020804,0.724392,-0.652796,2.020804
nonmember,7732,6,6,1,1.405790,0.245173,0.245173,1.935158,1.598799,0.315189,-1.935158
nonmember,43645,6,5,0,1.952023,0.141987,0.201301,2.103789,0.555979,-0.349071,2.103789
nonmember,31386,8,8,1,0.414133,0.660913,0.660913,0.966507,4.459307,1.158478,-0.966507
nonmember,9701,9,0,0,1.817011,0.162511,0.245170,1.890237,-0.098844,-0.411207,1.890237
nonmember,25421,9,2,0,1.888771,0.151258,0.343072,1.826737,1.177970,-0.818956,1.826737
nonmember,16948,4,9,0,2.830184,0.059002,0.324462,1.818166,0.061600,-1.704598,1.818166
nonmember,6319,3,4,0,3.548078,0.028780,0.324093,1.563822,0.527613,-2.421354,1.563822
nonmember,10118,9,9,1,0.746364,0.474087,0.474087,1.661035,1.449929,1.061853,-1.661035
nonmember,17816,9,9,1,0.861472,0.422540,0.422540,1.433888,2.359968,0.456291,-1.433888
nonmember,2845,9,0,0,2.526627,0.079928,0.340005,1.940470,0.478663,-1.447832,1.940470
nonmember,20870,4,6,0,1.702396,0.182246,0.368498,1.723781,1.860989,-0.704077,1.723781
nonmember,15541,0,0,1,0.356420,0.700178,0.700178,1.098744,2.454421,1.721800,-1.098744
nonmember,41229,3,0,0,1.627434,0.196433,0.498674,1.520562,1.052349,-0.931630,1.520562
nonmember,3578,7,2,0,1.612548,0.199379,0.274919,1.929507,1.162299,-0.321267,1.929507
nonmember,30923,1,1,1,0.293697,0.745502,0.745502,1.085585,3.232823,2.655655,-1.085585
nonmember,38040,3,4,0,2.467494,0.084797,0.323440,1.884580,0.551777,-1.338754,1.884580
nonmember,14023,0,0,1,0.130101,0.878007,0.878007,0.441132,5.499183,2.121665,-0.441132
nonmember,41880,0,0,1,0.104731,0.900567,0.900567,0.459729,4.964500,2.990701,-0.459729
nonmember,29880,0,9,0,2.560558,0.077262,0.363989,1.343112,1.070327,-1.549926,1.343112
nonmember,682,6,4,0,1.741864,0.175194,0.312529,1.840225,1.820431,-0.578806,1.840225
nonmember,25618,8,8,1,0.333007,0.716765,0.716765,0.911923,3.594650,1.661147,-0.911923
nonmember,4230,1,2,0,2.364926,0.093956,0.239162,2.153224,-0.022555,-0.934313,2.153224
nonmember,5935,7,9,0,2.792970,0.061239,0.352101,1.767615,-0.401068,-1.749132,1.767615
nonmember,30233,0,0,1,0.327397,0.720797,0.720797,1.082911,3.110727,1.937288,-1.082911
nonmember,12899,7,0,0,4.198692,0.015015,0.525727,1.569073,-1.973750,-3.555719,1.569073
nonmember,16284,3,4,0,1.962070,0.140567,0.260660,1.943198,1.291017,-0.617532,1.943198
nonmember,5001,7,0,0,2.208175,0.109901,0.480405,1.598630,0.612154,-1.475049,1.598630
nonmember,2923,8,8,1,0.704883,0.494166,0.494166,1.134395,3.207312,0.367005,-1.134395
nonmember,21240,2,4,0,2.867415,0.056846,0.554113,1.418456,1.479200,-2.277028,1.418456
nonmember,18094,9,9,1,0.705050,0.494084,0.494084,1.638813,1.762812,1.160542,-1.638813
nonmember,49718,4,1,0,2.804175,0.060557,0.278821,2.113451,-0.247048,-1.526990,2.113451
nonmember,2691,4,6,0,2.171830,0.113969,0.308337,1.776405,1.325289,-0.995268,1.776405
nonmember,7827,1,7,0,1.652983,0.191478,0.325768,1.914773,1.256772,-0.531414,1.914773
nonmember,4811,2,4,0,1.467067,0.230601,0.316603,1.624215,2.514600,-0.316958,1.624215
nonmember,36510,2,7,0,1.731071,0.177095,0.216873,2.112875,0.450159,-0.202630,2.112875
nonmember,3446,2,1,0,1.512590,0.220339,0.331432,1.801702,1.694742,-0.408257,1.801702
nonmember,28346,4,2,0,2.756348,0.063523,0.381737,1.691940,0.441539,-1.793326,1.691940
nonmember,41778,6,6,1,0.565647,0.567993,0.567993,1.230520,4.148432,0.777167,-1.230520
nonmember,8156,5,5,1,1.036785,0.354593,0.354593,1.819815,1.901154,0.686127,-1.819815
nonmember,18765,0,0,1,0.845008,0.429554,0.429554,1.688173,1.967208,0.700823,-1.688173
nonmember,17473,7,7,1,0.140863,0.868608,0.868608,0.654801,4.079813,3.351510,-0.654801
nonmember,27183,6,6,1,0.973190,0.377876,0.377876,1.633724,2.769104,0.277637,-1.633724
nonmember,39559,6,6,1,1.040333,0.353337,0.353337,1.649879,2.568914,0.227909,-1.649879
nonmember,44924,0,7,0,2.263113,0.104026,0.389763,1.885295,0.410266,-1.320898,1.885295
nonmember,44414,8,8,1,1.007668,0.365070,0.365070,1.603431,2.275631,0.120566,-1.603431
nonmember,48323,2,1,0,1.523193,0.218015,0.324907,1.714901,1.736215,-0.398978,1.714901
nonmember,28781,9,6,0,4.965450,0.006975,0.769582,0.939682,-1.005110,-4.703543,0.939682
nonmember,44439,5,4,0,1.476886,0.228348,0.279060,1.782622,1.992433,-0.200558,1.782622
nonmember,44113,2,2,1,1.359190,0.256869,0.256869,2.100935,0.707410,0.330636,-2.100935
nonmember,48929,6,6,1,0.703787,0.494709,0.494709,1.676405,2.791281,1.669362,-1.676405
nonmember,1231,9,9,1,0.437455,0.645678,0.645678,1.131967,2.158394,1.333633,-1.131967
nonmember,7751,4,4,1,0.737865,0.478134,0.478134,1.505279,3.394759,0.709677,-1.505279
nonmember,108,2,2,1,1.722035,0.178702,0.178702,2.119998,0.110343,0.044425,-2.119998
nonmember,40330,7,9,0,2.036544,0.130479,0.275866,2.034314,0.307954,-0.748705,2.034314
nonmember,22514,8,8,1,0.765884,0.464923,0.464923,1.408356,2.429508,0.697697,-1.408356
nonmember,14146,2,2,1,0.984036,0.373799,0.373799,1.703105,2.701058,0.485919,-1.703105
nonmember,16839,7,2,0,2.129624,0.118882,0.277473,1.810025,1.267568,-0.847592,1.810025
nonmember,48569,8,9,0,1.091122,0.335840,0.361214,1.518847,2.225973,-0.072838,1.518847
nonmember,3529,8,8,1,0.691971,0.500589,0.500589,1.413128,2.630440,0.766397,-1.413128
nonmember,3110,3,3,1,0.659284,0.517222,0.517222,1.554410,2.354753,1.156030,-1.554410
nonmember,23597,2,1,0,2.134444,0.118310,0.191425,2.173023,0.096328,-0.481185,2.173023
nonmember,19753,0,8,0,1.302344,0.271894,0.668821,0.872643,2.807320,-0.900105,0.872643
nonmember,23129,9,9,1,0.443966,0.641487,0.641487,1.297558,2.505621,1.679231,-1.297558
nonmember,45215,5,7,0,1.643774,0.193249,0.244105,1.858993,1.189020,-0.233620,1.858993
nonmember,24899,5,7,0,1.912061,0.147775,0.284728,1.928808,1.230166,-0.655839,1.928808
nonmember,38977,0,9,0,3.314967,0.036335,0.262771,1.965729,-1.116728,-1.978494,1.965729
nonmember,35827,1,0,0,2.341357,0.096197,0.398434,1.775344,-0.425700,-1.421144,1.775344
nonmember,48852,0,0,1,0.152586,0.858485,0.858485,0.659541,3.347541,3.000130,-0.659541
nonmember,33472,9,9,1,0.936212,0.392110,0.392110,1.625425,2.080656,0.253491,-1.625425
nonmember,37983,3,1,0,1.707862,0.181253,0.240804,1.919870,1.698272,-0.284090,1.919870
nonmember,12498,8,9,0,1.640376,0.193907,0.371623,1.501083,1.465929,-0.650502,1.501083
nonmember,37632,5,0,0,3.059179,0.046926,0.502172,1.534848,-0.190813,-2.370367,1.534848
nonmember,1396,4,6,0,2.133714,0.118397,0.422641,1.646762,1.429219,-1.272481,1.646762
nonmember,12358,9,9,1,1.084140,0.338192,0.338192,1.825137,1.394651,0.278428,-1.825137
nonmember,44374,7,7,1,0.876569,0.416208,0.416208,1.651147,1.861265,0.477551,-1.651147
nonmember,47996,7,7,1,0.624425,0.535569,0.535569,1.615808,2.434319,1.631728,-1.615808
nonmember,18421,8,9,0,3.797174,0.022434,0.690325,1.072018,-0.303062,-3.426582,1.072018
nonmember,15557,1,3,0,2.608014,0.073681,0.405617,1.866014,-0.144477,-1.705667,1.866014
nonmember,3141,4,6,0,2.396790,0.091010,0.498260,1.515387,1.539512,-1.700157,1.515387
nonmember,49218,3,7,0,2.400171,0.090702,0.275871,1.958537,-0.024672,-1.112350,1.958537
nonmember,49182,8,8,1,0.894891,0.408652,0.408652,1.525197,1.969469,0.524014,-1.525197
nonmember,46545,6,6,1,1.013599,0.362910,0.362910,1.580003,2.655024,0.374282,-1.580003
nonmember,16864,3,8,0,2.188355,0.112101,0.266869,1.983378,-0.364501,-0.867359,1.983378
nonmember,7336,2,5,0,3.457166,0.031519,0.266454,1.911029,-1.244984,-2.134613,1.911029
nonmember,25145,2,2,1,1.488190,0.225781,0.225781,1.948633,0.877669,0.030659,-1.948633
nonmember,34437,3,2,0,1.974269,0.138863,0.206885,2.111402,0.743096,-0.398677,2.111402
nonmember,4289,9,6,0,2.081619,0.124728,0.167548,2.122798,0.098115,-0.295133,2.122798
nonmember,38065,8,8,1,0.606213,0.545413,0.545413,0.930578,3.707017,0.314024,-0.930578
nonmember,6663,0,9,0,2.710064,0.066533,0.617960,1.297465,-0.156533,-2.228732,1.297465
nonmember,36962,5,5,1,1.544885,0.213336,0.213336,2.135405,1.061624,0.269014,-2.135405
nonmember,36710,2,1,0,2.612453,0.073354,0.379699,1.908091,-0.042135,-1.644076,1.908091
nonmember,17736,8,8,1,0.752788,0.471051,0.471051,1.151891,3.175885,0.216099,-1.151891
nonmember,3202,9,9,1,1.244609,0.288053,0.288053,1.931425,0.991343,0.277718,-1.931425
nonmember,45847,2,2,1,1.080417,0.339454,0.339454,1.825815,1.679120,0.531863,-1.825815
nonmember,46888,8,8,1,0.629791,0.532703,0.532703,1.156653,2.850976,0.484147,-1.156653
nonmember,41453,4,2,0,2.516819,0.080716,0.278302,1.917249,0.287367,-1.237771,1.917249
nonmember,28055,3,5,0,1.593557,0.203201,0.270540,2.012143,1.250357,-0.286223,2.012143
nonmember,36871,5,4,0,1.861192,0.155487,0.348455,1.663590,2.204875,-0.806945,1.663590
nonmember,30375,5,4,0,3.554263,0.028602,0.341927,1.559777,0.272764,-2.481105,1.559777
nonmember,8288,3,3,1,1.578402,0.206304,0.206304,1.986223,1.491485,0.106312,-1.986223
nonmember,33597,4,6,0,1.501698,0.222752,0.373556,1.708594,2.164278,-0.517010,1.708594
nonmember,17834,2,2,1,1.300896,0.272288,0.272288,1.971565,0.520932,0.130948,-1.971565
nonmember,35232,5,6,0,1.927350,0.145533,0.502566,1.556404,1.600374,-1.239320,1.556404
nonmember,2323,8,8,1,0.441730,0.642923,0.642923,1.011566,3.413504,1.007477,-1.011566
nonmember,34822,3,3,1,0.724536,0.484550,0.484550,1.499993,3.007784,0.917037,-1.499993
nonmember,31488,0,0,1,0.162813,0.849750,0.849750,0.715028,3.545796,3.243151,-0.715028
nonmember,38008,8,3,0,2.700096,0.067199,0.187577,2.163255,-0.307240,-1.026532,2.163255
nonmember,36663,1,9,0,1.745071,0.174633,0.185087,2.088811,0.760489,-0.058144,2.088811
nonmember,39035,8,8,1,0.209005,0.811391,0.811391,0.659436,5.504798,1.913065,-0.659436
nonmember,37972,2,2,1,1.216480,0.296271,0.296271,1.995572,1.386606,0.573213,-1.995572
nonmember,24735,0,0,1,0.621966,0.536888,0.536888,1.524263,1.608093,1.512018,-1.524263
nonmember,6753,3,3,1,1.761569,0.171775,0.171775,2.107037,1.161485,0.025640,-2.107037
nonmember,8480,1,8,0,2.685731,0.068171,0.554210,1.170694,1.729154,-2.095520,1.170694
nonmember,10421,9,1,0,1.697855,0.183076,0.322686,1.892141,0.928180,-0.566779,1.892141
nonmember,42517,0,8,0,2.864308,0.057023,0.484109,1.205241,0.764117,-2.138864,1.205241
nonmember,19908,5,6,0,1.106841,0.330602,0.406521,1.523747,2.209577,-0.206722,1.523747
nonmember,16170,9,8,0,1.602592,0.201374,0.757790,0.713346,3.489113,-1.325242,0.713346
nonmember,46873,0,0,1,0.959277,0.383170,0.383170,1.831611,1.434123,0.799578,-1.831611
nonmember,15381,1,9,0,4.064908,0.017165,0.333597,1.808596,-1.628771,-2.967087,1.808596
nonmember,42217,2,2,1,1.615408,0.198810,0.198810,2.101410,0.125806,0.116620,-2.101410
nonmember,42370,3,6,0,2.559883,0.077314,0.567042,1.459931,0.700488,-1.992562,1.459931
nonmember,24856,7,4,0,2.509560,0.081304,0.543736,1.349037,2.456943,-1.900270,1.349037
nonmember,26699,7,6,0,2.486356,0.083213,0.338416,1.716287,1.180061,-1.402876,1.716287
nonmember,35397,4,4,1,0.955482,0.384627,0.384627,1.424204,3.508942,0.047159,-1.424204
nonmember,34127,4,6,0,1.556490,0.210875,0.531718,1.352220,3.159861,-0.924847,1.352220
nonmember,4546,6,6,1,0.881389,0.414207,0.414207,1.770673,2.575128,1.083948,-1.770673
nonmember,43236,6,6,1,0.412600,0.661927,0.661927,1.212875,4.118727,1.674565,-1.212875
nonmember,33281,9,9,1,0.563926,0.568971,0.568971,1.392451,2.434122,1.051356,-1.392451
nonmember,43743,4,6,0,1.150061,0.316617,0.339430,1.554781,2.986870,-0.069573,1.554781
nonmember,6149,9,0,0,1.948405,0.142501,0.408806,1.402082,1.108541,-1.053890,1.402082
nonmember,10688,8,8,1,0.430733,0.650033,0.650033,1.137661,3.552583,1.313256,-1.137661
nonmember,42707,1,1,1,0.549030,0.577510,0.577510,1.464733,2.143258,1.738861,-1.464733
nonmember,44465,4,9,0,4.174103,0.015389,0.365460,1.835235,-1.670325,-3.167503,1.835235
nonmember,38932,3,6,0,2.595838,0.074583,0.515406,1.448322,1.272745,-1.933037,1.448322
nonmember,8632,9,7,0,2.162535,0.115033,0.324972,1.833453,0.495607,-1.038518,1.833453
nonmember,49279,6,9,0,5.208590,0.005469,0.329909,1.729606,-2.055414,-4.099650,1.729606
nonmember,19334,5,4,0,1.760449,0.171968,0.603004,1.310400,2.281038,-1.254618,1.310400
nonmember,34664,0,8,0,2.139478,0.117716,0.558960,1.286056,0.988960,-1.557801,1.286056
nonmember,13047,2,9,0,4.278414,0.013865,0.400394,1.613632,-1.374786,-3.363109,1.613632
nonmember,17595,5,6,0,1.563191,0.209467,0.251315,1.990076,1.377600,-0.182142,1.990076
nonmember,24013,7,8,0,2.501103,0.081995,0.306286,1.887462,0.422050,-1.317867,1.887462
nonmember,33192,6,2,0,1.521403,0.218405,0.228316,1.900779,1.574041,-0.044379,1.900779
nonmember,39495,4,2,0,2.131577,0.118650,0.270618,2.088968,0.380417,-0.824530,2.088968
nonmember,42392,1,1,1,0.826308,0.437662,0.437662,1.742097,1.619593,0.779179,-1.742097
nonmember,27205,4,6,0,1.952346,0.141941,0.413018,1.633934,1.554321,-1.068082,1.633934
nonmember,19327,3,6,0,1.940589,0.143619,0.274112,2.020227,0.880342,-0.646371,2.020227
nonmember,1323,8,0,0,1.022309,0.359763,0.413878,1.327404,2.455583,-0.140125,1.327404
nonmember,17082,0,0,1,0.075216,0.927543,0.927543,0.303190,6.432053,2.746123,-0.303190
nonmember,34621,6,6,1,0.779323,0.458716,0.458716,1.580574,3.100987,1.060510,-1.580574
nonmember,29780,3,9,0,2.964783,0.051572,0.178190,2.162971,-0.710189,-1.239878,2.162971
nonmember,41952,3,9,0,1.822995,0.161541,0.222136,2.073434,0.517778,-0.318528,2.073434
nonmember,24595,1,5,0,1.451799,0.234149,0.278499,1.794819,2.107980,-0.173458,1.794819
nonmember,10351,9,1,0,2.717147,0.066063,0.654733,1.350489,0.463553,-2.293620,1.350489
nonmember,14076,5,8,0,1.949290,0.142375,0.268976,2.014689,0.441396,-0.636158,2.014689
nonmember,608,0,8,0,1.323599,0.266176,0.331174,1.775688,1.857650,-0.218486,1.775688
nonmember,49583,9,9,1,0.528099,0.589725,0.589725,1.411921,1.791540,1.460520,-1.411921
nonmember,41118,0,7,0,2.395468,0.091130,0.320316,1.496729,1.169901,-1.257021,1.496729
nonmember,15258,0,9,0,1.273784,0.279771,0.327576,1.744454,1.260436,-0.157748,1.744454
nonmember,41762,0,8,0,1.844855,0.158048,0.631612,1.100952,2.219022,-1.385374,1.100952
nonmember,16790,2,0,0,3.935498,0.019536,0.594518,1.060245,0.208010,-3.415493,1.060245
nonmember,32310,2,3,0,1.946639,0.142753,0.324062,1.915105,0.776591,-0.819820,1.915105
nonmember,30070,2,2,1,0.902353,0.405614,0.405614,1.761701,1.531040,1.022097,-1.761701
nonmember,37429,3,0,0,4.803588,0.008200,0.553794,1.469373,-1.960716,-4.212625,1.469373
nonmember,17919,3,2,0,3.839340,0.021508,0.577840,1.432519,-0.651516,-3.290882,1.432519
nonmember,49005,5,3,0,2.631127,0.071997,0.282010,1.939305,0.359323,-1.365313,1.939305
nonmember,383,2,6,0,1.979890,0.138084,0.274595,1.997288,0.793448,-0.687434,1.997288
nonmember,15331,9,3,0,2.556046,0.077611,0.237547,2.027369,0.497170,-1.118659,2.027369
nonmember,39309,2,9,0,3.031018,0.048266,0.490324,1.566007,-0.187915,-2.318330,1.566007
nonmember,22848,5,4,0,2.660568,0.069909,0.252354,2.038169,0.300937,-1.283646,2.038169
nonmember,12781,6,6,1,1.055122,0.348150,0.348150,1.645589,2.757268,0.235715,-1.645589
nonmember,14524,1,0,0,2.743432,0.064349,0.470210,1.562862,-0.020868,-1.988857,1.562862
nonmember,29005,2,5,0,2.457148,0.085679,0.283462,1.864140,1.402165,-1.196470,1.864140
nonmember,24639,0,1,0,2.123456,0.119617,0.698832,0.956803,2.414380,-1.765112,0.956803
nonmember,13832,4,3,0,1.760456,0.171966,0.217083,1.815054,2.236738,-0.232979,1.815054
nonmember,42399,0,0,1,1.312833,0.269057,0.269057,1.695120,1.217683,0.070057,-1.695120
nonmember,475,8,9,0,1.689647,0.184585,0.309238,1.678278,1.166456,-0.516004,1.678278
nonmember,36800,3,8,0,3.198689,0.040816,0.351493,1.843631,-0.549601,-2.153123,1.843631
nonmember,18372,2,4,0,1.846061,0.157858,0.288950,1.839674,1.524522,-0.604560,1.839674
nonmember,24106,3,4,0,1.957805,0.141168,0.366152,1.511843,2.622533,-0.953097,1.511843
nonmember,26758,2,6,0,2.365699,0.093884,0.487438,1.344265,1.924047,-1.647105,1.344265
nonmember,1467,9,9,1,0.434810,0.647388,0.647388,1.200623,3.198680,1.642145,-1.200623
nonmember,46223,8,1,0,2.313498,0.098915,0.281383,1.999822,0.386023,-1.045458,1.999822
nonmember,6724,3,8,0,5.073026,0.006263,0.420889,1.510799,-2.028054,-4.207638,1.510799
nonmember,14018,3,3,1,1.267232,0.281610,0.281610,2.010031,1.374302,0.588378,-2.010031
nonmember,14019,4,4,1,1.211932,0.297622,0.297622,1.781351,2.276993,0.120420,-1.781351
nonmember,37664,0,8,0,1.406857,0.244912,0.425243,1.300600,2.823970,-0.551762,1.300600
nonmember,17462,7,8,0,2.496450,0.082377,0.261938,1.909930,0.658450,-1.156801,1.909930
nonmember,34018,0,0,1,0.486304,0.614895,0.614895,1.382576,2.448699,1.513639,-1.382576
nonmember,8122,3,3,1,1.030172,0.356946,0.356946,1.807219,2.306046,0.453262,-1.807219
nonmember,14400,7,7,1,0.711483,0.490916,0.490916,1.745173,2.083060,1.617963,-1.745173
nonmember,7600,1,9,0,3.088055,0.045591,0.555160,1.278304,-0.500071,-2.499556,1.278304
nonmember,36897,7,9,0,1.927706,0.145482,0.408004,1.850697,0.686721,-1.031229,1.850697
nonmember,44429,3,2,0,2.063520,0.127006,0.303105,1.869254,1.255037,-0.869843,1.869254
nonmember,47765,9,8,0,0.999861,0.367931,0.514319,1.063689,3.010228,-0.334949,1.063689
nonmember,3303,8,1,0,2.614580,0.073199,0.478482,1.619860,0.763731,-1.877444,1.619860
nonmember,6342,8,8,1,0.206517,0.813413,0.813413,0.595003,5.484282,1.664873,-0.595003
nonmember,23556,5,5,1,0.748972,0.472852,0.472852,1.617600,2.807176,0.707071,-1.617600
nonmember,15464,2,6,0,2.339702,0.096356,0.300893,1.887197,0.987195,-1.138701,1.887197
nonmember,923,6,2,0,2.681806,0.068439,0.612739,1.341179,1.500750,-2.191990,1.341179
nonmember,20458,0,1,0,2.925851,0.053619,0.335110,1.760281,0.330261,-1.832555,1.760281
nonmember,3601,1,9,0,3.738545,0.023789,0.714765,0.981523,-0.454388,-3.402744,0.981523
nonmember,39664,0,7,0,1.388781,0.249379,0.266428,1.972248,0.981055,-0.066128,1.972248
nonmember,3875,3,3,1,1.148592,0.317083,0.317083,1.937798,1.741899,0.533207,-1.937798
nonmember,6868,3,7,0,1.953038,0.141843,0.181132,2.081528,0.940266,-0.244510,2.081528
nonmember,7028,7,7,1,1.559554,0.210230,0.210230,2.193408,0.706845,0.402557,-2.193408
nonmember,34519,1,1,1,0.992337,0.370709,0.370709,1.733329,2.382108,0.500924,-1.733329
nonmember,4346,3,7,0,2.241060,0.106346,0.226728,2.147035,0.055253,-0.757056,2.147035
nonmember,42202,8,8,1,0.553198,0.575108,0.575108,1.281374,3.106613,0.948380,-1.281374
nonmember,20903,7,9,0,2.712534,0.066368,0.210441,2.142016,-0.771507,-1.153986,2.142016
nonmember,41872,3,2,0,2.122761,0.119701,0.332105,1.889443,0.957314,-1.020459,1.889443
nonmember,8541,4,0,0,4.764258,0.008529,0.486342,1.725263,-2.434567,-4.043416,1.725263
nonmember,6006,9,9,1,0.660255,0.516719,0.516719,1.601745,1.926011,1.225556,-1.601745
nonmember,15404,2,0,0,2.872297,0.056569,0.562958,1.353514,0.092447,-2.297747,1.353514
nonmember,23728,8,8,1,0.778405,0.459138,0.459138,1.071445,2.848552,0.010058,-1.071445
nonmember,39782,7,9,0,1.740536,0.175426,0.386329,1.931511,0.900854,-0.789472,1.931511
nonmember,11402,4,5,0,1.862141,0.155340,0.266003,1.884922,0.834335,-0.537894,1.884922
nonmember,40075,1,1,1,0.614330,0.541003,0.541003,1.631387,2.018979,1.731148,-1.631387
nonmember,30389,3,2,0,2.308190,0.099441,0.353907,1.791930,1.000670,-1.269469,1.791930
nonmember,2625,6,6,1,1.065565,0.344533,0.344533,1.714856,2.618276,0.331664,-1.714856
nonmember,40571,8,0,0,0.873209,0.417609,0.528984,0.940460,3.144247,-0.236412,0.940460
nonmember,16718,9,3,0,2.534493,0.079302,0.247801,1.973762,-0.211138,-1.139365,1.973762
nonmember,39070,5,3,0,1.357215,0.257377,0.284530,1.931912,1.387086,-0.100297,1.931912
nonmember,14881,5,7,0,1.570212,0.208001,0.237038,2.000607,0.829066,-0.130675,2.000607
nonmember,24626,6,6,1,0.458704,0.632102,0.632102,1.162350,4.143716,1.302886,-1.162350
nonmember,45886,0,5,0,2.643844,0.071088,0.294412,2.083828,-0.312238,-1.421067,2.083828
nonmember,39562,6,1,0,2.312803,0.098983,0.548151,1.584632,0.821412,-1.711599,1.584632
nonmember,39570,9,9,1,0.993295,0.370354,0.370354,1.393292,2.061202,0.022588,-1.393292
nonmember,22175,1,9,0,1.799878,0.165319,0.339593,1.397490,2.536117,-0.719870,1.397490
nonmember,14664,4,1,0,2.162491,0.115038,0.192711,2.117702,0.167010,-0.515926,2.117702
nonmember,20735,9,9,1,0.188587,0.828129,0.828129,0.698542,3.882634,2.186458,-0.698542
nonmember,18938,7,7,1,0.785966,0.455679,0.455679,1.661983,2.934760,0.918474,-1.661983
nonmember,33113,3,1,0,2.241976,0.106248,0.345784,2.015927,0.531591,-1.180037,2.015927
nonmember,41687,5,2,0,2.554418,0.077738,0.289344,1.885337,-0.476061,-1.314278,1.885337
nonmember,47224,2,6,0,2.007463,0.134329,0.384273,1.695004,1.785674,-1.051061,1.695004
nonmember,18349,8,2,0,2.901637,0.054933,0.145661,2.233695,-0.838831,-0.975163,2.233695
nonmember,32614,3,4,0,2.188884,0.112042,0.596036,1.244860,2.433449,-1.671430,1.244860
nonmember,41823,4,6,0,1.959913,0.140871,0.396541,1.728377,1.593094,-1.034937,1.728377
nonmember,5784,7,7,1,0.517305,0.596125,0.596125,1.311736,3.095451,1.193409,-1.311736
nonmember,47761,1,1,1,0.992075,0.370806,0.370806,1.942038,1.346263,1.083240,-1.942038
nonmember,43474,9,2,0,3.203440,0.040622,0.307268,1.797744,-0.295722,-2.023404,1.797744
nonmember,27996,6,6,1,1.093504,0.335040,0.335040,1.545589,3.227959,0.184058,-1.545589
nonmember,7989,7,9,0,3.070954,0.046377,0.616018,1.368033,-0.469467,-2.586475,1.368033
nonmember,24046,4,1,0,2.178548,0.113206,0.244043,2.103831,0.714005,-0.768136,2.103831
nonmember,37658,7,4,0,1.947735,0.142597,0.735587,0.975010,2.708918,-1.640649,0.975010
nonmember,2357,9,9,1,0.929905,0.394591,0.394591,1.822691,1.634258,0.713509,-1.822691
nonmember,48586,7,2,0,2.419641,0.088953,0.642093,1.287233,1.077543,-1.976619,1.287233
nonmember,49350,7,7,1,0.771916,0.462127,0.462127,1.691146,2.169456,0.766310,-1.691146
nonmember,1398,8,8,1,0.553959,0.574670,0.574670,1.098725,2.927327,0.632818,-1.098725
nonmember,30359,5,2,0,4.393197,0.012361,0.379950,1.717403,-1.353413,-3.425480,1.717403
nonmember,15274,9,7,0,1.124983,0.324658,0.489139,1.374856,1.840615,-0.409874,1.374856
nonmember,43313,3,6,0,1.857155,0.156116,0.496642,1.541548,1.810220,-1.157269,1.541548
nonmember,13501,8,1,0,4.686555,0.009218,0.894253,0.544471,-0.157996,-4.574788,0.544471
nonmember,9279,7,7,1,0.900475,0.406376,0.406376,1.874749,1.550521,1.227811,-1.874749
nonmember,38054,2,2,1,1.445564,0.235613,0.235613,2.093275,0.380328,0.143412,-2.093275
nonmember,35520,9,7,0,1.969922,0.139468,0.528829,1.605623,1.192605,-1.332832,1.605623
nonmember,41307,1,0,0,1.928274,0.145399,0.218373,2.060536,0.753335,-0.406723,2.060536
nonmember,48422,5,9,0,2.978920,0.050848,0.302484,1.998367,-0.742400,-1.783194,1.998367
nonmember,38628,0,6,0,8.283878,0.000253,0.488145,1.566987,-4.467708,-7.566734,1.566987
nonmember,37467,7,2,0,3.997179,0.018367,0.417382,1.519105,0.247788,-3.123424,1.519105
nonmember,16900,2,6,0,3.361852,0.034671,0.433632,1.633696,0.590019,-2.526294,1.633696
nonmember,18439,9,9,1,0.183381,0.832451,0.832451,0.623632,4.203564,2.032940,-0.623632
nonmember,40811,6,6,1,1.326621,0.265373,0.265373,2.020329,1.019579,0.507715,-2.020329
nonmember,470,7,6,0,2.413017,0.089545,0.426833,1.599805,1.116770,-1.561653,1.599805
nonmember,17018,3,5,0,1.817059,0.162503,0.197535,1.881127,1.097694,-0.195218,1.881127
nonmember,33441,8,9,0,1.767655,0.170733,0.424723,1.669763,0.804923,-0.911337,1.669763
nonmember,9038,2,6,0,1.788627,0.167190,0.425447,1.763631,0.907449,-0.934012,1.763631
nonmember,32850,2,5,0,2.414851,0.089381,0.405770,1.862882,0.503857,-1.512883,1.862882
nonmember,42367,8,0,0,1.636764,0.194609,0.410722,1.680058,0.921534,-0.746925,1.680058
nonmember,42219,4,6,0,1.764922,0.171200,0.624607,1.198630,2.819111,-1.294290,1.198630
nonmember,14971,8,9,0,1.989582,0.136753,0.523156,1.510368,0.290533,-1.341706,1.510368
nonmember,45349,0,0,1,0.196916,0.821260,0.821260,0.669941,3.633922,2.016482,-0.669941
nonmember,7969,7,0,0,2.623647,0.072538,0.339974,1.653358,0.431729,-1.544762,1.653358
nonmember,39257,7,4,0,2.503392,0.081807,0.353772,1.801013,0.498025,-1.464288,1.801013
nonmember,46278,9,9,1,0.700551,0.496312,0.496312,1.472527,2.717525,0.955116,-1.472527
nonmember,46592,1,0,0,2.507850,0.081443,0.612246,1.305456,0.289482,-2.017228,1.305456
nonmember,31454,2,1,0,2.225844,0.107976,0.274359,1.988637,-0.044672,-0.932527,1.988637
nonmember,22417,4,1,0,2.568300,0.076666,0.305177,1.951651,0.301979,-1.381437,1.951651
nonmember,13926,5,5,1,1.429233,0.239493,0.239493,2.099317,0.499492,0.250166,-2.099317
nonmember,37401,1,7,0,2.767342,0.062829,0.394533,1.876793,0.192107,-1.837290,1.876793
nonmember,43737,3,0,0,1.668573,0.188516,0.249685,1.931353,0.834671,-0.281016,1.931353
nonmember,30779,3,7,0,1.671757,0.187917,0.361085,1.863539,1.318635,-0.653115,1.863539
nonmember,3643,9,9,1,0.191752,0.825512,0.825512,0.820266,2.771741,3.111471,-0.820266
nonmember,9724,4,6,0,1.958087,0.141128,0.562560,1.369914,2.193370,-1.382830,1.369914
nonmember,33614,4,4,1,0.405860,0.666404,0.666404,1.162375,4.515421,1.867833,-1.162375
nonmember,27844,5,4,0,2.745014,0.064247,0.301226,1.903180,-0.104441,-1.545119,1.903180
nonmember,34914,3,8,0,4.210821,0.014834,0.469867,1.501786,-1.321153,-3.455516,1.501786
nonmember,8501,9,7,0,1.832409,0.160028,0.375404,1.869390,0.849003,-0.852655,1.869390
nonmember,9392,1,8,0,3.765715,0.023151,0.433884,1.071813,2.788737,-2.930738,1.071813
nonmember,3248,3,5,0,1.514522,0.219913,0.290955,1.858430,1.682995,-0.279937,1.858430
nonmember,8913,4,7,0,1.616256,0.198641,0.300107,1.821667,1.122736,-0.412641,1.821667
nonmember,10427,3,3,1,0.824175,0.438597,0.438597,1.508518,3.174621,0.518927,-1.508518
nonmember,27038,7,8,0,2.244356,0.105996,0.283521,1.909614,0.331868,-0.983888,1.909614
nonmember,25237,8,9,0,1.516626,0.219451,0.348260,1.602025,0.919803,-0.461820,1.602025
nonmember,25927,7,7,1,1.428140,0.239754,0.239754,2.036515,0.805537,0.079345,-2.036515
nonmember,38178,7,7,1,0.880590,0.414538,0.414538,1.691613,1.851062,0.694052,-1.691613
nonmember,17180,8,8,1,0.087712,0.916024,0.916024,0.346275,5.760338,2.646851,-0.346275
nonmember,10072,5,5,1,1.376421,0.252481,0.252481,2.046322,1.247799,0.380205,-2.046322
nonmember,32148,7,1,0,1.638927,0.194188,0.254659,1.875235,1.657924,-0.271096,1.875235
nonmember,33136,5,1,0,2.921303,0.053863,0.332217,1.791246,-0.403072,-1.819336,1.791246
nonmember,41096,5,2,0,1.968246,0.139702,0.246353,1.990040,0.542164,-0.567255,1.990040
nonmember,11632,3,2,0,1.637149,0.194534,0.208777,1.972970,1.778546,-0.070662,1.972970
nonmember,18044,4,6,0,1.223269,0.294267,0.335901,1.681657,2.044096,-0.132330,1.681657
nonmember,181,7,7,1,1.394025,0.248075,0.248075,2.079737,0.840957,0.460897,-2.079737
nonmember,9206,8,8,1,0.425876,0.653198,0.653198,0.895354,3.812436,0.836864,-0.895354
nonmember,13660,0,9,0,2.734411,0.064932,0.348806,1.837468,-0.389828,-1.681170,1.837468
nonmember,49198,7,6,0,2.758744,0.063371,0.317505,1.787900,0.945075,-1.611483,1.787900
nonmember,23923,1,8,0,1.390393,0.248977,0.256734,1.702407,1.209142,-0.030677,1.702407
nonmember,14766,8,9,0,2.746471,0.064154,0.541660,1.462161,-0.462241,-2.133354,1.462161
nonmember,1143,4,6,0,1.925919,0.145742,0.294632,1.959143,0.998931,-0.703891,1.959143
nonmember,29225,0,8,0,1.665465,0.189103,0.284171,1.678187,0.707298,-0.407287,1.678187
nonmember,19485,1,9,0,4.278280,0.013866,0.425045,1.570601,-1.265446,-3.422719,1.570601
nonmember,44866,0,0,1,0.591993,0.553224,0.553224,1.376161,2.051363,1.090271,-1.376161
nonmember,37958,5,2,0,2.544535,0.078510,0.290558,2.071442,-0.581685,-1.308584,2.071442
nonmember,20021,6,6,1,1.476810,0.228365,0.228365,1.887971,2.110642,0.052345,-1.887971
nonmember,38219,2,7,0,2.270453,0.103265,0.256616,2.155732,-0.360377,-0.910279,2.155732
nonmember,40063,9,9,1,0.308578,0.734491,0.734491,1.045135,2.962263,2.025899,-1.045135
nonmember,46917,8,2,0,2.715572,0.066167,0.271267,2.082567,-0.076847,-1.410921,2.082567
nonmember,24697,8,1,0,2.902684,0.054876,0.382495,1.782980,0.293724,-1.941645,1.782980
nonmember,13645,7,3,0,1.757889,0.172408,0.385177,1.766956,1.921297,-0.803835,1.766956
nonmember,37893,7,7,1,0.527121,0.590302,0.590302,1.455195,2.496056,1.681693,-1.455195
nonmember,30388,8,0,0,1.085126,0.337859,0.498109,1.066471,4.415655,-0.388190,1.066471
nonmember,1008,2,5,0,1.856929,0.156151,0.298365,1.779075,1.103607,-0.647491,1.779075
nonmember,33452,1,9,0,1.815536,0.162751,0.373702,1.554202,0.870149,-0.831238,1.554202
nonmember,37175,3,5,0,1.168597,0.310803,0.331483,1.618006,2.389938,-0.064418,1.618006
nonmember,24362,8,1,0,4.260748,0.014112,0.282395,1.787629,-1.458450,-2.996300,1.787629
nonmember,16064,6,3,0,1.568232,0.208413,0.234718,1.786288,2.631956,-0.118862,1.786288
nonmember,8147,0,7,0,3.578226,0.027925,0.330293,1.830767,-1.742512,-2.470452,1.830767
nonmember,48371,9,7,0,2.393920,0.091271,0.359218,1.927639,0.262252,-1.370093,1.927639
nonmember,18821,4,7,0,2.909788,0.054487,0.453193,1.563931,1.377797,-2.118350,1.563931
nonmember,40309,4,6,0,2.195291,0.111326,0.539864,1.461506,1.611397,-1.578853,1.461506
nonmember,25098,4,2,0,2.251965,0.105192,0.228608,2.050897,0.349455,-0.776219,2.050897
nonmember,10308,7,7,1,1.056993,0.347499,0.347499,1.883314,1.920026,0.810748,-1.883314
nonmember,41325,2,0,0,4.154715,0.015690,0.376312,1.530039,-0.873476,-3.177378,1.530039
nonmember,23587,5,5,1,1.563454,0.209412,0.209412,2.130331,0.545722,0.134991,-2.130331
nonmember,13443,3,5,0,2.095781,0.122974,0.263697,2.002097,0.281404,-0.762826,2.002097
nonmember,46795,2,6,0,2.655620,0.070255,0.531440,1.589420,0.767642,-2.023455,1.589420
nonmember,35823,2,1,0,2.930421,0.053375,0.571574,1.491000,0.035687,-2.371060,1.491000
nonmember,45302,9,3,0,3.183362,0.041446,0.311184,1.776853,0.108645,-2.015992,1.776853
nonmember,20667,1,9,0,2.280803,0.102202,0.638186,1.301899,0.644729,-1.831677,1.301899
nonmember,35110,7,7,1,0.467609,0.626499,0.626499,1.402826,2.333916,1.827640,-1.402826
nonmember,33504,5,6,0,2.763345,0.063080,0.407671,1.515612,0.874695,-1.866050,1.515612
nonmember,37964,3,8,0,3.817646,0.021979,0.375849,1.495041,-0.164048,-2.839079,1.495041
nonmember,12736,6,6,1,0.635953,0.529431,0.529431,1.537128,2.768185,1.267913,-1.537128
nonmember,10608,2,6,0,2.034139,0.130793,0.404704,1.712574,1.488535,-1.129540,1.712574
nonmember,21453,4,6,0,1.770453,0.170256,0.194463,2.063073,0.931712,-0.132938,2.063073
nonmember,4285,7,7,1,0.395663,0.673233,0.673233,1.286623,2.619107,2.383932,-1.286623
nonmember,37495,0,8,0,1.460992,0.232006,0.586842,1.254799,2.515964,-0.927993,1.254799
nonmember,41499,5,4,0,5.710628,0.003311,0.367551,1.340398,-1.266194,-4.709735,1.340398
nonmember,37440,1,0,0,1.810139,0.163631,0.432310,1.358630,0.976746,-0.971526,1.358630
nonmember,33207,1,8,0,1.818680,0.162240,0.701483,1.060679,2.363812,-1.464121,1.060679
nonmember,1623,4,2,0,2.041783,0.129797,0.365859,1.653955,2.043185,-1.036277,1.653955
nonmember,38430,9,4,0,3.285752,0.037412,0.434091,1.778513,0.066854,-2.451252,1.778513
nonmember,43778,4,1,0,2.232720,0.107236,0.236725,2.037338,0.427154,-0.791863,2.037338
nonmember,8134,5,1,0,1.813488,0.163084,0.404868,1.624567,1.245039,-0.909294,1.624567
nonmember,29537,8,3,0,2.381537,0.092408,0.198541,2.065062,0.303685,-0.764775,2.065062
nonmember,9737,3,6,0,2.215353,0.109115,0.319942,1.999882,0.577358,-1.075736,1.999882
nonmember,17210,8,9,0,2.418434,0.089061,0.541783,1.462102,0.082008,-1.805544,1.462102
nonmember,7609,7,6,0,1.638896,0.194194,0.288048,1.656836,2.053418,-0.394267,1.656836
nonmember,20623,6,5,0,2.112467,0.120939,0.292651,1.927163,1.198305,-0.883691,1.927163
nonmember,31347,5,5,1,1.310394,0.269714,0.269714,1.980830,1.743957,0.336229,-1.980830
nonmember,16467,7,7,1,0.619779,0.538063,0.538063,1.318499,3.516117,0.841201,-1.318499
nonmember,25417,6,6,1,0.603619,0.546829,0.546829,1.435723,3.127490,1.322844,-1.435723
nonmember,26559,3,6,0,1.855120,0.156434,0.301987,2.007627,1.280566,-0.657750,2.007627
nonmember,2877,5,3,0,1.685268,0.185395,0.402954,1.716174,1.204059,-0.776335,1.716174
nonmember,24433,5,1,0,1.908728,0.148269,0.240717,1.968749,1.321699,-0.484595,1.968749
nonmember,43714,4,4,1,0.698617,0.497273,0.497273,1.546191,3.288126,0.961481,-1.546191
nonmember,44228,7,5,0,1.593124,0.203290,0.264157,1.973112,0.793428,-0.261911,1.973112
nonmember,34575,4,5,0,1.825267,0.161175,0.195920,2.056637,1.030134,-0.195221,2.056637
nonmember,40894,6,4,0,1.745676,0.174527,0.416812,1.622362,1.979249,-0.870555,1.622362
nonmember,6110,4,6,0,2.076143,0.125413,0.345367,1.741755,1.406829,-1.012997,1.741755
nonmember,30071,8,0,0,1.457830,0.232741,0.471019,1.425360,1.510311,-0.704973,1.425360
nonmember,4919,0,0,1,0.230449,0.794177,0.794177,0.537815,6.774273,1.375252,-0.537815
nonmember,23602,0,0,1,0.152880,0.858233,0.858233,0.605079,3.588241,2.358821,-0.605079
nonmember,38566,0,8,0,1.127223,0.323931,0.413863,1.528764,1.767326,-0.245002,1.528764
nonmember,38519,0,1,0,1.859763,0.155710,0.203878,2.090026,0.074364,-0.269529,2.090026
nonmember,43735,3,9,0,3.200601,0.040738,0.253335,1.842840,-0.799956,-1.827558,1.842840
nonmember,41048,8,8,1,1.406837,0.244917,0.244917,1.897776,0.811127,0.065145,-1.897776
nonmember,10178,9,2,0,3.795121,0.022480,0.395527,1.858250,-0.963428,-2.867586,1.858250
nonmember,47491,2,0,0,2.272070,0.103099,0.523780,1.404200,0.549592,-1.625386,1.404200
nonmember,35019,9,8,0,2.476316,0.084052,0.354561,1.587076,0.405213,-1.439440,1.587076
nonmember,3704,9,9,1,0.879896,0.414826,0.414826,1.654399,1.556275,0.375580,-1.654399
nonmember,26848,9,9,1,0.678656,0.507298,0.507298,1.624504,2.051212,1.342551,-1.624504
nonmember,49626,3,1,0,2.750454,0.063899,0.353491,1.945736,0.062693,-1.710556,1.945736
nonmember,22254,0,9,0,2.204114,0.110348,0.221238,2.041797,-0.170735,-0.695599,2.041797
nonmember,12838,7,7,1,1.006133,0.365630,0.365630,1.792802,1.792951,0.470392,-1.792802
nonmember,39269,2,5,0,2.021381,0.132472,0.229931,2.084109,0.111910,-0.551405,2.084109
nonmember,31341,7,2,0,3.071411,0.046356,0.248393,1.836229,0.049460,-1.678667,1.836229
nonmember,33036,7,6,0,2.555071,0.077687,0.355285,1.791686,0.580842,-1.520236,1.791686
nonmember,31227,4,9,0,2.457675,0.085634,0.490134,1.646524,0.600245,-1.744600,1.646524
nonmember,2259,1,0,0,1.643038,0.193392,0.246249,1.970232,0.987604,-0.241628,1.970232
nonmember,1335,0,0,1,0.188075,0.828553,0.828553,0.539526,5.558397,1.700584,-0.539526
nonmember,44090,2,7,0,1.691682,0.184209,0.213069,2.139142,0.272596,-0.145544,2.139142
nonmember,12573,5,3,0,2.538749,0.078965,0.145955,2.236877,-0.647189,-0.614294,2.236877
nonmember,9232,1,9,0,1.147477,0.317436,0.506661,1.289673,2.022687,-0.467565,1.289673
nonmember,13420,0,8,0,1.009020,0.364576,0.579837,0.865673,5.566541,-0.464013,0.865673
nonmember,26637,1,9,0,1.737404,0.175977,0.209127,2.039397,0.479390,-0.172590,2.039397
nonmember,47827,8,0,0,3.801132,0.022345,0.929795,0.341548,1.700506,-3.728341,0.341548
nonmember,27522,0,9,0,1.396362,0.247496,0.289360,1.909410,1.120518,-0.156277,1.909410
nonmember,2453,0,1,0,1.238461,0.289830,0.320229,1.762674,0.845621,-0.099741,1.762674
nonmember,13999,1,1,1,0.919815,0.398593,0.398593,1.579402,2.557823,0.172451,-1.579402
nonmember,22598,9,6,0,1.593344,0.203245,0.285941,1.828416,1.046126,-0.341373,1.828416
nonmember,42516,4,6,0,1.584145,0.205123,0.387848,1.750457,1.691239,-0.637002,1.750457
nonmember,34071,2,9,0,2.016333,0.133143,0.232190,2.058870,0.183405,-0.556132,2.058870
nonmember,47039,7,7,1,0.565476,0.568089,0.568089,1.575499,2.032958,1.926028,-1.575499
nonmember,37894,5,2,0,2.882510,0.055994,0.297327,1.878140,0.002217,-1.669588,1.878140
nonmember,18326,7,7,1,0.855347,0.425136,0.425136,1.715392,2.220901,0.763221,-1.715392
nonmember,35565,6,6,1,0.608295,0.544278,0.544278,1.332793,3.644416,1.058803,-1.332793
nonmember,18596,6,6,1,0.996478,0.369177,0.369177,1.662058,2.926608,0.277369,-1.662058
nonmember,44018,6,1,0,2.289180,0.101350,0.197805,2.013867,0.480687,-0.668707,2.013867
nonmember,28852,5,7,0,1.843811,0.158213,0.229142,2.136067,0.564058,-0.370400,2.136067
nonmember,5038,4,4,1,0.985379,0.373298,0.373298,1.776624,1.983698,0.711970,-1.776624
nonmember,28822,1,8,0,2.059225,0.127553,0.517363,1.387175,0.915376,-1.400214,1.387175
nonmember,23787,6,7,0,2.369202,0.093555,0.329846,1.921257,0.336372,-1.260072,1.921257
nonmember,46905,6,3,0,2.583197,0.075532,0.351161,1.912531,-0.665656,-1.536687,1.912531
nonmember,29223,6,6,1,0.862644,0.422045,0.422045,1.728175,2.385695,0.866580,-1.728175
nonmember,33531,2,6,0,2.115585,0.120563,0.225959,2.061188,0.711949,-0.628182,2.061188
nonmember,19409,0,9,0,2.969102,0.051349,0.764161,0.926289,0.382372,-2.700125,0.926289
nonmember,36193,2,9,0,1.860848,0.155541,0.246329,1.943878,0.519083,-0.459761,1.943878
nonmember,44585,3,1,0,2.473038,0.084328,0.245423,2.062226,0.204464,-1.068265,2.062226
nonmember,29686,7,9,0,1.647361,0.192557,0.312105,1.905814,0.380345,-0.482944,1.905814
nonmember,4400,4,4,1,0.854373,0.425550,0.425550,1.667499,3.105062,0.656712,-1.667499
nonmember,29560,6,4,0,1.428968,0.239556,0.443401,1.620303,2.393345,-0.615688,1.620303
nonmember,42632,9,9,1,0.118607,0.888157,0.888157,0.525147,4.149088,2.934644,-0.525147
nonmember,15998,7,5,0,2.182867,0.112718,0.272857,1.945990,0.788553,-0.884059,1.945990
nonmember,25919,5,1,0,3.374565,0.034233,0.306952,2.012027,-0.770358,-2.193499,2.012027
nonmember,38096,2,1,0,4.153576,0.015708,0.571079,1.468926,-1.100181,-3.593349,1.468926
nonmember,8672,8,8,1,0.771838,0.462163,0.462163,1.339432,3.362884,0.558957,-1.339432
nonmember,36699,2,6,0,2.106379,0.121678,0.541477,1.246922,2.953996,-1.492925,1.246922
nonmember,46166,9,9,1,0.754553,0.470221,0.470221,1.493590,1.941109,0.959634,-1.493590
nonmember,40051,5,1,0,2.234602,0.107035,0.622964,1.394868,1.176517,-1.761335,1.394868
nonmember,28631,3,1,0,3.207755,0.040447,0.192443,2.164665,-0.523350,-1.559801,2.164665
nonmember,3833,6,6,1,0.346340,0.707272,0.707272,1.086856,2.854051,1.992078,-1.086856
nonmember,22019,7,6,0,2.180338,0.113003,0.415085,1.790955,0.793227,-1.301065,1.790955
nonmember,49427,9,8,0,1.515859,0.219620,0.646621,1.037731,2.039277,-1.079864,1.037731
nonmember,10059,4,6,0,1.224452,0.293919,0.346569,1.701803,2.583648,-0.164780,1.701803
nonmember,36529,9,9,1,1.354428,0.258095,0.258095,1.958703,1.010351,0.066734,-1.958703
nonmember,18832,1,6,0,2.132549,0.118535,0.313105,1.840883,0.872734,-0.971332,1.840883
nonmember,47779,1,1,1,0.885406,0.412546,0.412546,1.737277,2.432517,0.931942,-1.737277
nonmember,38746,2,6,0,2.274273,0.102872,0.205758,2.027054,1.084762,-0.693219,2.027054
nonmember,35243,2,0,0,1.876365,0.153146,0.422618,1.850826,0.541709,-1.015079,1.850826
nonmember,35417,0,9,0,2.997651,0.049904,0.525972,1.651160,-0.798934,-2.355145,1.651160
nonmember,27945,5,5,1,0.717469,0.487986,0.487986,1.570071,3.164441,1.229566,-1.570071
nonmember,30291,4,4,1,0.758426,0.468403,0.468403,1.615279,3.004257,1.189969,-1.615279
nonmember,1284,4,9,0,3.525210,0.029446,0.268770,2.092351,-1.415237,-2.211311,2.092351
nonmember,15532,4,0,0,5.730291,0.003246,0.352773,1.401295,-2.126792,-4.688360,1.401295
nonmember,46283,7,4,0,2.390051,0.091625,0.276261,1.800059,1.299555,-1.103640,1.800059
nonmember,26891,2,0,0,2.849156,0.057893,0.369496,1.834827,-0.534270,-1.853539,1.834827
nonmember,36066,3,5,0,1.341258,0.261517,0.265605,1.856845,1.073950,-0.015513,1.856845
nonmember,11947,5,2,0,2.747615,0.064081,0.399258,1.701309,0.454911,-1.829467,1.701309
nonmember,18650,2,4,0,1.646811,0.192663,0.334712,1.534471,2.527574,-0.552327,1.534471
nonmember,45147,7,7,1,0.940254,0.390529,0.390529,1.858928,2.046975,0.751235,-1.858928
nonmember,1023,6,2,0,1.569214,0.208209,0.348404,1.875170,1.084145,-0.514822,1.875170
nonmember,17541,3,2,0,2.556351,0.077587,0.170429,2.237169,-0.351351,-0.786914,2.237169
nonmember,34366,9,9,1,0.586278,0.556394,0.556394,1.387904,2.565927,1.073559,-1.387904
nonmember,32622,8,9,0,3.662608,0.025665,0.498700,1.391485,-0.872073,-2.966857,1.391485
nonmember,34336,1,1,1,0.366896,0.692882,0.692882,1.139985,3.405718,2.029562,-1.139985
nonmember,7275,2,4,0,2.029441,0.131409,0.364338,1.736837,1.372087,-1.019767,1.736837
nonmember,23982,1,9,0,2.461937,0.085270,0.664688,1.244404,0.601305,-2.053500,1.244404
nonmember,44485,5,0,0,3.658093,0.025782,0.476863,1.648667,-0.815456,-2.917567,1.648667
nonmember,20807,5,9,0,2.718383,0.065981,0.292161,1.862903,-0.379600,-1.487933,1.862903
nonmember,38767,7,5,0,3.875215,0.020750,0.263832,2.030004,-1.915390,-2.542771,2.030004
nonmember,46141,3,2,0,2.378140,0.092723,0.560904,1.534519,0.422108,-1.799935,1.534519
nonmember,26625,9,8,0,3.209172,0.040390,0.452366,1.535367,-0.159414,-2.415907,1.535367
nonmember,42067,6,6,1,0.931467,0.393976,0.393976,1.633157,2.905937,0.556846,-1.633157
nonmember,6197,7,5,0,2.090179,0.123665,0.238692,2.043478,0.132631,-0.657598,2.043478
nonmember,48227,8,0,0,1.442428,0.236353,0.350062,1.807074,1.083110,-0.392782,1.807074
nonmember,26507,0,9,0,3.380721,0.034023,0.621331,1.342939,-0.354135,-2.904830,1.342939
nonmember,15083,3,9,0,1.407319,0.244799,0.285480,1.857619,1.005295,-0.153736,1.857619
nonmember,10890,4,6,0,1.546669,0.212956,0.399151,1.669773,2.085907,-0.628255,1.669773
nonmember,43640,4,0,0,4.692577,0.009163,0.636460,1.332440,-1.791453,-4.240744,1.332440
nonmember,4160,5,2,0,1.682824,0.185848,0.360876,1.629931,2.005568,-0.663602,1.629931
nonmember,19469,9,1,0,1.441704,0.236524,0.431274,1.572441,1.543418,-0.600693,1.572441
nonmember,32270,4,6,0,1.315671,0.268294,0.509828,1.331508,3.188343,-0.641989,1.331508
nonmember,37558,0,0,1,0.912079,0.401688,0.401688,1.852313,1.681088,1.033206,-1.852313
nonmember,40988,8,8,1,0.161183,0.851136,0.851136,0.559419,5.266121,2.273631,-0.559419
nonmember,18142,4,4,1,0.949200,0.387050,0.387050,1.587874,3.060159,0.426100,-1.587874
nonmember,45202,1,9,0,3.322064,0.036078,0.452228,1.225794,0.898928,-2.528495,1.225794
nonmember,2633,0,2,0,1.647018,0.192623,0.219390,1.967464,0.407273,-0.130113,1.967464
nonmember,26124,0,9,0,3.342908,0.035334,0.542586,1.506990,-1.051630,-2.731500,1.506990
nonmember,32213,8,9,0,3.164053,0.042254,0.461505,1.567919,-0.509636,-2.390790,1.567919
nonmember,34405,8,8,1,0.769877,0.463070,0.463070,1.610479,2.002706,0.788419,-1.610479
nonmember,9137,2,2,1,0.517794,0.595833,0.595833,1.307872,2.829976,1.071679,-1.307872
nonmember,31372,8,8,1,0.736984,0.478555,0.478555,1.300140,3.277068,0.526757,-1.300140
nonmember,11900,8,9,0,1.292335,0.274629,0.405669,1.544074,1.096879,-0.390118,1.544074
nonmember,4178,7,4,0,1.846789,0.157743,0.368082,1.653071,2.154837,-0.847339,1.653071
nonmember,44058,9,0,0,2.606347,0.073804,0.777343,0.944499,0.504339,-2.354474,0.944499
nonmember,20924,0,0,1,0.929016,0.394942,0.394942,1.786812,1.707177,0.679593,-1.786812
nonmember,32986,3,4,0,2.476829,0.084009,0.410010,1.665131,1.133654,-1.585256,1.665131
nonmember,550,3,3,1,1.036390,0.354733,0.354733,1.706203,2.669677,0.520839,-1.706203
nonmember,42999,3,5,0,1.800594,0.165201,0.302752,2.049807,0.299899,-0.605752,2.049807
nonmember,41261,9,8,0,1.905169,0.148798,0.419507,1.339037,2.196436,-1.036493,1.339037
nonmember,45854,3,6,0,2.133796,0.118387,0.348232,1.640017,2.422626,-1.078908,1.640017
nonmember,39403,5,9,0,2.502718,0.081862,0.224474,2.131541,-0.033823,-1.008723,2.131541
nonmember,47793,8,1,0,4.773970,0.008447,0.716253,1.126421,-1.590510,-4.440248,1.126421
nonmember,11463,5,4,0,2.026338,0.131817,0.302918,1.791406,1.757929,-0.832043,1.791406
nonmember,37092,1,9,0,1.193611,0.303125,0.379448,1.674068,1.117010,-0.224574,1.674068
nonmember,20295,0,9,0,1.762003,0.171701,0.572927,1.425368,0.643051,-1.205006,1.425368
nonmember,34463,2,6,0,1.861434,0.155450,0.420177,1.658934,1.627315,-0.994355,1.658934
nonmember,28811,3,6,0,3.074361,0.046219,0.385362,1.698676,0.299700,-2.120789,1.698676
nonmember,29383,6,6,1,0.554634,0.574282,0.574282,1.394815,3.129142,1.515531,-1.394815
nonmember,13424,2,9,0,3.181176,0.041537,0.209791,2.188397,-0.945489,-1.619534,2.188397
nonmember,4949,1,9,0,1.530942,0.216332,0.278527,1.894675,0.698180,-0.252701,1.894675
nonmember,18730,4,7,0,2.471259,0.084478,0.294430,1.873004,0.332529,-1.248544,1.873004
nonmember,3316,9,9,1,0.707610,0.492821,0.492821,1.449804,2.412067,0.709055,-1.449804
nonmember,31664,9,3,0,2.515040,0.080860,0.236072,2.006990,0.125204,-1.071423,2.006990
nonmember,37317,5,4,0,1.782648,0.168192,0.277317,1.856557,1.593679,-0.500054,1.856557
nonmember,21579,8,0,0,1.484479,0.226620,0.283248,1.678737,1.128981,-0.223048,1.678737
nonmember,25922,3,6,0,2.014887,0.133335,0.349765,1.980046,0.628831,-0.964392,1.980046
nonmember,41241,1,0,0,1.624862,0.196939,0.258015,2.037392,1.178406,-0.270126,2.037392
nonmember,13462,1,0,0,1.546783,0.212932,0.346303,1.806843,0.508382,-0.486341,1.806843
nonmember,48501,2,2,1,0.898657,0.407116,0.407116,1.651275,2.344265,0.272500,-1.651275
nonmember,43223,7,2,0,3.230094,0.039554,0.290181,1.805977,0.272541,-1.992843,1.805977
nonmember,47155,4,6,0,1.757026,0.172557,0.447681,1.679595,1.632688,-0.953352,1.679595
nonmember,29352,9,1,0,2.747357,0.064097,0.481939,1.615618,0.494569,-2.017419,1.615618
nonmember,6237,9,1,0,1.199662,0.301296,0.404725,1.644458,1.703920,-0.295116,1.644458
nonmember,31908,3,0,0,5.138669,0.005865,0.444060,1.609518,-2.211204,-4.326872,1.609518
nonmember,13464,4,5,0,3.666266,0.025572,0.159627,2.171201,-1.812287,-1.831348,2.171201
nonmember,3524,3,6,0,2.064169,0.126924,0.319935,1.863865,1.002429,-0.924532,1.863865
nonmember,40671,8,0,0,1.501990,0.222687,0.691100,0.922885,2.388055,-1.132519,0.922885
nonmember,11153,5,0,0,3.343983,0.035296,0.412445,1.588760,-0.505625,-2.458332,1.588760
nonmember,48286,8,8,1,1.050752,0.349675,0.349675,1.717215,1.772191,0.450769,-1.717215
nonmember,44601,1,9,0,1.452548,0.233973,0.299619,1.635500,1.298249,-0.247302,1.635500
nonmember,24588,8,8,1,0.023104,0.977160,0.977160,0.131146,7.302487,4.429996,-0.131146
nonmember,42052,7,6,0,3.316401,0.036283,0.578613,1.429998,0.893489,-2.769279,1.429998
nonmember,30094,4,7,0,2.539683,0.078891,0.507779,1.699443,0.127500,-1.861973,1.699443
nonmember,29957,7,2,0,2.488697,0.083018,0.207798,2.081574,0.089458,-0.917509,2.081574
nonmember,41218,8,0,0,2.507772,0.081449,0.568095,1.544089,0.113732,-1.942305,1.544089
nonmember,10343,0,8,0,1.124586,0.324787,0.658902,0.716470,5.514964,-0.707406,0.716470
nonmember,41793,5,8,0,3.064324,0.046685,0.232603,2.057578,-0.377987,-1.605903,2.057578
nonmember,41582,4,2,0,2.325028,0.097781,0.502965,1.580868,0.774228,-1.637794,1.580868
nonmember,10842,2,0,0,2.974990,0.051048,0.494038,1.639270,-0.484692,-2.269846,1.639270
nonmember,43606,3,8,0,2.951277,0.052273,0.403490,1.769228,-0.575375,-2.043673,1.769228
nonmember,3719,9,9,1,0.659332,0.517197,0.517197,1.144415,3.523799,0.618989,-1.144415
nonmember,6355,5,5,1,1.357562,0.257287,0.257287,2.062929,0.833101,0.140040,-2.062929
nonmember,6521,6,1,0,2.581827,0.075636,0.612895,1.378152,1.075579,-2.092266,1.378152
nonmember,9288,5,9,0,1.802050,0.164960,0.208128,2.181156,0.177225,-0.232447,2.181156
nonmember,45561,7,4,0,1.670043,0.188239,0.414167,1.655786,1.960315,-0.788556,1.655786
nonmember,33315,0,6,0,7.923347,0.000362,0.513036,1.427838,-3.972154,-7.255937,1.427838
nonmember,18398,4,5,0,2.230964,0.107425,0.297428,2.037167,0.208762,-1.018382,2.037167
nonmember,2284,8,1,0,1.853021,0.156763,0.232892,2.005068,0.157340,-0.395841,2.005068
nonmember,49851,8,0,0,2.902881,0.054865,0.730206,1.010065,-0.032927,-2.588452,1.010065
nonmember,34996,2,5,0,2.289203,0.101347,0.336992,1.840702,-0.145543,-1.201506,1.840702
nonmember,40965,2,1,0,2.311362,0.099126,0.294236,1.984192,0.475374,-1.087988,1.984192
nonmember,3503,8,5,0,3.065200,0.046644,0.169602,2.217371,-1.278617,-1.290900,2.217371
nonmember,12712,9,2,0,3.812634,0.022090,0.335087,1.814856,-0.768858,-2.719269,1.814856
nonmember,49874,6,9,0,4.250779,0.014253,0.526348,1.606400,-1.302216,-3.608986,1.606400
nonmember,28796,4,6,0,1.991261,0.136523,0.292643,1.906854,1.282153,-0.762458,1.906854
nonmember,35541,3,9,0,2.052469,0.128417,0.214368,2.063920,-0.047507,-0.512406,2.063920
nonmember,31609,4,7,0,1.811314,0.163439,0.247100,1.893166,1.071762,-0.413350,1.893166
nonmember,24139,8,8,1,0.853727,0.425825,0.425825,1.253152,3.039120,0.175820,-1.253152
nonmember,41456,0,7,0,2.359483,0.094469,0.324348,1.918227,0.252237,-1.233545,1.918227
nonmember,27572,4,9,0,4.358397,0.012799,0.216071,1.998863,-2.068908,-2.826251,1.998863
nonmember,26180,1,0,0,1.692862,0.183992,0.291267,1.957460,0.437230,-0.459348,1.957460
nonmember,10252,9,1,0,2.555835,0.077627,0.531624,1.574379,0.144606,-1.924016,1.574379
nonmember,44408,3,3,1,1.264825,0.282289,0.282289,1.875176,1.589507,0.249651,-1.875176
nonmember,19886,1,7,0,1.897800,0.149898,0.244162,2.022708,1.389961,-0.487878,2.022708
nonmember,34705,0,1,0,4.584711,0.010207,0.493361,1.670373,-1.422930,-3.878196,1.670373
nonmember,32331,8,3,0,2.003444,0.134870,0.340761,1.877746,0.563713,-0.926871,1.877746
nonmember,3287,3,2,0,1.626281,0.196660,0.369841,1.912536,1.118921,-0.631598,1.912536
nonmember,8661,0,9,0,2.479175,0.083812,0.477078,1.698037,-0.223321,-1.739100,1.698037
nonmember,5394,9,9,1,1.094674,0.334649,0.334649,1.866208,1.698654,0.548322,-1.866208
nonmember,31013,3,4,0,1.805565,0.164382,0.320917,1.791758,1.693117,-0.668993,1.791758
nonmember,10829,9,0,0,1.380310,0.251501,0.542886,1.145219,3.576560,-0.769455,1.145219
nonmember,4159,8,9,0,2.504277,0.081735,0.242116,2.061057,-0.411261,-1.085938,2.061057
nonmember,1240,1,7,0,2.244093,0.106024,0.288373,1.709476,0.652543,-1.000593,1.709476
nonmember,38049,2,2,1,1.420265,0.241650,0.241650,1.862666,1.939493,0.124520,-1.862666
nonmember,267,7,9,0,3.236844,0.039288,0.324261,1.924933,-0.545196,-2.110637,1.924933
nonmember,46233,1,9,0,1.639444,0.194088,0.253060,1.867314,0.788918,-0.265314,1.867314
nonmember,23454,8,9,0,1.307533,0.270487,0.342878,1.558086,1.366943,-0.237152,1.558086
nonmember,30681,4,4,1,0.680549,0.506339,0.506339,1.383665,3.886589,0.882552,-1.383665
nonmember,48635,0,0,1,0.805178,0.447009,0.447009,1.806158,1.308564,1.370288,-1.806158
nonmember,8091,6,4,0,2.193640,0.111510,0.365213,1.731573,1.197975,-1.186365,1.731573
nonmember,36130,2,2,1,0.926648,0.395878,0.395878,1.800267,1.743800,0.849289,-1.800267
nonmember,12009,0,0,1,0.063104,0.938846,0.938846,0.328297,4.525753,3.503600,-0.328297
nonmember,39991,2,6,0,2.143912,0.117195,0.653695,1.219249,1.519296,-1.718798,1.219249
nonmember,36670,8,0,0,1.137239,0.320703,0.664029,0.723811,4.196387,-0.727810,0.723811
nonmember,7611,7,5,0,2.224561,0.108115,0.343440,1.890417,0.107225,-1.155819,1.890417
nonmember,15215,9,9,1,1.076320,0.340848,0.340848,1.527892,1.704151,0.198446,-1.527892
nonmember,19490,1,9,0,4.544669,0.010624,0.818051,0.771062,-0.984656,-4.343839,0.771062
nonmember,6543,0,8,0,2.612659,0.073339,0.892636,0.431723,3.852029,-2.499083,0.431723
nonmember,18397,8,8,1,0.791211,0.453295,0.453295,1.488859,1.931782,0.416052,-1.488859
nonmember,33259,5,0,0,1.883708,0.152025,0.250127,1.928499,0.805279,-0.497919,1.928499
nonmember,6860,0,0,1,0.918234,0.399223,0.399223,1.494393,1.928607,0.292612,-1.494393
nonmember,39945,4,4,1,1.203035,0.300281,0.300281,1.765078,2.377391,0.171717,-1.765078
nonmember,43870,4,1,0,3.275529,0.037797,0.417715,1.827901,-0.338872,-2.402574,1.827901
nonmember,21245,1,9,0,2.621357,0.072704,0.415257,1.739910,-0.539803,-1.742499,1.739910
nonmember,18911,7,9,0,1.508503,0.221241,0.251798,2.027622,0.962005,-0.129376,2.027622
nonmember,21480,4,2,0,3.208625,0.040412,0.277501,2.062608,-0.995620,-1.926693,2.062608
nonmember,27501,4,2,0,4.662668,0.009441,0.345069,1.740806,-2.090633,-3.598658,1.740806
nonmember,10250,4,6,0,1.730307,0.177230,0.277597,1.779722,1.716636,-0.448722,1.779722
nonmember,37318,8,8,1,1.382676,0.250906,0.250906,1.831755,1.492002,0.151280,-1.831755
nonmember,31294,2,2,1,1.415433,0.242820,0.242820,1.965741,1.266330,0.205584,-1.965741
nonmember,48037,3,3,1,1.360514,0.256529,0.256529,1.805000,1.419501,0.015395,-1.805000
nonmember,25273,3,5,0,1.678013,0.186745,0.232387,1.981948,0.815613,-0.218661,1.981948
nonmember,38943,0,0,1,0.258435,0.772259,0.772259,0.701329,4.652040,1.432696,-0.701329
nonmember,14065,6,7,0,2.433077,0.087766,0.205221,2.097578,0.492305,-0.849411,2.097578
nonmember,18551,1,6,0,2.635763,0.071664,0.353383,1.822014,1.214157,-1.595559,1.822014
nonmember,29205,1,3,0,2.843721,0.058209,0.341960,1.821294,0.023570,-1.770660,1.821294
nonmember,40793,4,9,0,5.890047,0.002767,0.620049,1.134776,-2.297937,-5.412090,1.134776
nonmember,24095,8,8,1,0.344798,0.708364,0.708364,0.829352,5.361501,1.193620,-0.829352
nonmember,9398,3,1,0,2.261727,0.104170,0.222493,2.051734,0.305200,-0.758865,2.051734
nonmember,45519,5,0,0,2.442784,0.086918,0.271337,2.105205,-0.337863,-1.138392,2.105205
nonmember,39783,5,4,0,1.598729,0.202153,0.265639,1.893792,1.475801,-0.273111,1.893792
nonmember,36306,7,4,0,1.358082,0.257153,0.277638,1.757377,1.751365,-0.076644,1.757377
nonmember,20248,9,9,1,1.018419,0.361166,0.361166,1.871042,1.812218,0.791617,-1.871042
nonmember,39966,0,0,1,0.258939,0.771870,0.771870,0.868818,3.733035,1.872468,-0.868818
nonmember,46349,3,5,0,2.544501,0.078512,0.240746,1.941677,-0.281512,-1.120490,1.941677
nonmember,42238,7,4,0,1.951631,0.142042,0.256356,1.858762,1.149419,-0.590442,1.858762
nonmember,20879,7,9,0,1.317835,0.267714,0.450664,1.519993,1.794917,-0.520801,1.519993
nonmember,9562,4,9,0,4.364415,0.012722,0.294428,1.723751,-2.130772,-3.141695,1.723751
nonmember,41720,5,5,1,1.297084,0.273328,0.273328,2.037979,1.483064,0.607546,-2.037979
nonmember,7080,9,0,0,1.518789,0.218977,0.423570,1.483858,0.940158,-0.659752,1.483858
nonmember,15871,0,0,1,1.235367,0.290728,0.290728,1.803259,1.961497,0.306741,-1.803259
nonmember,12335,1,8,0,2.862490,0.057126,0.550219,1.248697,0.550605,-2.265051,1.248697
nonmember,32616,6,1,0,1.458389,0.232611,0.243403,1.911611,1.702092,-0.045352,1.911611
nonmember,36109,9,9,1,1.408459,0.244520,0.244520,1.984750,0.485143,0.013584,-1.984750
nonmember,26610,9,1,0,1.047277,0.350892,0.379936,1.485690,1.736312,-0.079524,1.485690
nonmember,25044,1,6,0,2.708189,0.066657,0.379692,1.557159,0.918414,-1.739793,1.557159
nonmember,11667,8,9,0,0.922349,0.397584,0.427710,1.264799,2.240908,-0.073038,1.264799
nonmember,29518,0,2,0,7.082311,0.000840,0.452080,1.236630,-2.928716,-6.288414,1.236630
nonmember,4029,8,0,0,1.698519,0.182954,0.539682,1.324811,1.259010,-1.081744,1.324811
nonmember,16269,5,8,0,2.301857,0.100073,0.307983,1.792413,0.875641,-1.124147,1.792413
nonmember,26759,9,9,1,0.314479,0.730169,0.730169,1.079886,2.961432,2.038669,-1.079886
nonmember,17723,6,6,1,0.410407,0.663380,0.663380,1.184413,4.199874,1.735624,-1.184413
nonmember,48742,3,3,1,0.805924,0.446675,0.446675,1.680681,2.851918,1.154597,-1.680681
nonmember,10999,3,0,0,2.391183,0.091521,0.221488,1.975074,-0.328160,-0.883795,1.975074
nonmember,36774,1,6,0,1.103611,0.331671,0.399577,1.554132,2.579481,-0.186262,1.554132
nonmember,42055,9,8,0,1.416413,0.242583,0.400967,1.604502,1.510870,-0.502536,1.604502
nonmember,39221,4,4,1,1.518066,0.219135,0.219135,2.041553,1.601466,0.174315,-2.041553
nonmember,49413,7,4,0,1.828183,0.160705,0.271955,1.939715,1.294468,-0.526063,1.939715
nonmember,17295,6,3,0,2.835485,0.058690,0.233282,2.068630,-0.216530,-1.379978,2.068630
nonmember,33670,0,9,0,1.658790,0.190369,0.522699,1.306976,2.173851,-1.010041,1.306976
nonmember,31737,1,5,0,3.117998,0.044246,0.353814,1.839368,-0.076026,-2.079014,1.839368
nonmember,16424,6,6,1,0.636637,0.529069,0.529069,1.392774,3.652384,1.177001,-1.392774
nonmember,36726,2,6,0,1.755521,0.172817,0.194777,2.045470,0.809245,-0.119621,2.045470
nonmember,19460,4,0,0,4.867440,0.007693,0.394856,1.828577,-2.144069,-3.938205,1.828577
nonmember,49781,2,9,0,3.925832,0.019726,0.357871,1.497677,-0.686365,-2.898249,1.497677
nonmember,39931,2,7,0,2.094154,0.123174,0.388940,1.847131,0.466396,-1.149824,1.847131
nonmember,15363,1,2,0,1.629617,0.196005,0.229398,2.041857,-0.067883,-0.157321,2.041857
nonmember,10951,4,0,0,4.141861,0.015893,0.504945,1.525833,-1.643029,-3.458556,1.525833
nonmember,46802,0,9,0,1.457021,0.232929,0.371812,1.731416,1.078030,-0.467653,1.731416
nonmember,20604,8,0,0,1.178656,0.307692,0.399110,1.450694,2.038326,-0.260138,1.450694
nonmember,21104,1,9,0,1.671493,0.187966,0.390251,1.861156,0.705248,-0.730527,1.861156
nonmember,25013,8,9,0,2.283538,0.101923,0.577673,1.189018,1.323243,-1.734790,1.189018
nonmember,2149,1,8,0,1.685960,0.185266,0.273699,1.920485,0.576923,-0.390236,1.920485
nonmember,16666,7,4,0,2.458726,0.085544,0.589125,1.413834,1.826282,-1.929610,1.413834
nonmember,33565,6,9,0,3.662627,0.025665,0.358997,1.881467,-1.460138,-2.638185,1.881467
nonmember,35158,7,7,1,0.494853,0.609660,0.609660,1.389868,2.684435,1.380778,-1.389868
nonmember,17224,0,0,1,0.636581,0.529098,0.529098,1.534956,1.988465,1.166909,-1.534956
nonmember,34751,4,5,0,2.729935,0.065224,0.499530,1.611860,0.929826,-2.035848,1.611860
nonmember,2374,5,6,0,2.130904,0.118730,0.211446,2.092940,0.850687,-0.577117,2.092940
nonmember,29066,1,9,0,1.359241,0.256856,0.400689,1.612647,1.768872,-0.444670,1.612647
nonmember,43247,7,7,1,1.353657,0.258294,0.258294,1.965702,1.641956,0.289247,-1.965702
nonmember,17726,1,9,0,1.347976,0.259766,0.273695,1.712504,1.760839,-0.052237,1.712504
nonmember,2097,9,1,0,1.372136,0.253565,0.404109,1.767877,0.978316,-0.466065,1.767877
nonmember,34435,9,6,0,3.304015,0.036735,0.412060,1.670217,0.014469,-2.417429,1.670217
nonmember,24864,6,6,1,0.508895,0.601160,0.601160,1.371821,3.143693,1.344822,-1.371821
nonmember,45117,3,1,0,2.382140,0.092353,0.369617,1.850147,0.407919,-1.386853,1.850147
nonmember,15975,2,6,0,1.270907,0.280577,0.339717,1.635961,2.709240,-0.191264,1.635961
nonmember,10037,7,5,0,3.164421,0.042239,0.248379,1.972032,-0.915580,-1.771622,1.972032
nonmember,4764,1,0,0,1.824563,0.161288,0.395662,1.653968,0.454741,-0.897368,1.653968
nonmember,1410,1,1,1,0.506181,0.602793,0.602793,1.310302,2.389722,1.458905,-1.310302
nonmember,20177,6,3,0,1.811051,0.163482,0.214061,1.995921,1.173226,-0.269559,1.995921
nonmember,19058,7,8,0,5.133582,0.005895,0.641614,1.053623,-0.943054,-4.689813,1.053623
nonmember,34220,5,3,0,1.755356,0.172846,0.425606,1.716785,1.508051,-0.901114,1.716785
nonmember,10007,6,3,0,2.289324,0.101335,0.343911,1.959926,0.554606,-1.221951,1.959926
nonmember,16366,3,2,0,2.074673,0.125598,0.206178,2.191883,0.309608,-0.495656,2.191883
nonmember,13511,6,6,1,0.373987,0.687986,0.687986,1.143966,3.656400,1.906994,-1.143966
nonmember,10802,2,6,0,2.115336,0.120593,0.180894,2.069264,0.581125,-0.405491,2.069264
nonmember,45252,2,6,0,2.343308,0.096010,0.391214,1.765451,0.869315,-1.404807,1.765451
nonmember,226,1,8,0,1.834001,0.159773,0.515001,1.283410,1.738991,-1.170414,1.283410
nonmember,32660,7,4,0,1.693868,0.183807,0.396814,1.652030,1.713332,-0.769581,1.652030
nonmember,46343,0,8,0,2.200961,0.110697,0.532719,1.340421,0.873293,-1.571200,1.340421
nonmember,14036,4,7,0,2.745852,0.064194,0.522706,1.572073,0.233856,-2.097116,1.572073
nonmember,5128,3,7,0,2.293373,0.100925,0.311763,1.839878,0.550491,-1.127860,1.839878
nonmember,10337,8,8,1,0.275426,0.759248,0.759248,0.655103,5.302852,1.260521,-0.655103
nonmember,49909,6,6,1,0.510281,0.600327,0.600327,1.383436,3.320498,1.470465,-1.383436
nonmember,21882,3,1,0,2.224153,0.108159,0.303037,1.951692,0.492420,-1.030253,1.951692
nonmember,27163,2,6,0,1.839437,0.158907,0.337372,1.907205,1.084264,-0.752867,1.907205
nonmember,48436,7,7,1,0.797408,0.450495,0.450495,1.498272,2.307320,0.475471,-1.498272
nonmember,8628,1,1,1,0.428566,0.651443,0.651443,1.302834,3.046828,1.822584,-1.302834
nonmember,12896,4,5,0,2.836072,0.058656,0.277946,2.073129,-0.337009,-1.555745,2.073129
nonmember,2949,0,7,0,2.694331,0.067588,0.496552,1.727127,-0.183108,-1.994264,1.727127
nonmember,1174,8,7,0,6.392820,0.001674,0.507646,1.517801,-3.058353,-5.714850,1.517801
nonmember,7901,5,5,1,1.065107,0.344691,0.344691,1.617254,2.828644,0.399830,-1.617254
nonmember,23980,3,2,0,2.152573,0.116185,0.209660,2.073487,0.288332,-0.590305,2.073487
nonmember,44826,7,5,0,1.819385,0.162126,0.230248,2.037205,0.805975,-0.350784,2.037205
nonmember,44161,2,2,1,1.324641,0.265898,0.265898,1.788827,1.723846,0.053423,-1.788827
nonmember,20482,6,6,1,0.695218,0.498966,0.498966,1.662967,2.461199,1.350551,-1.662967
nonmember,2891,7,4,0,2.672163,0.069103,0.336023,1.769615,0.876580,-1.581588,1.769615
nonmember,37874,5,3,0,1.638186,0.194332,0.284236,1.921281,0.611295,-0.380234,1.921281
nonmember,12033,3,6,0,2.710288,0.066518,0.391349,1.675028,0.801512,-1.772132,1.675028
nonmember,47584,2,3,0,1.587192,0.204499,0.262542,1.938547,1.355593,-0.249848,1.938547
nonmember,29653,0,9,0,3.272418,0.037915,0.408684,1.807947,-0.602108,-2.377605,1.807947
nonmember,24621,7,7,1,0.740474,0.476888,0.476888,1.678606,1.731385,0.841792,-1.678606
nonmember,32010,6,4,0,2.928542,0.053475,0.571853,1.295548,1.858978,-2.369669,1.295548
nonmember,34472,5,4,0,2.137031,0.118005,0.380044,1.759388,1.162885,-1.169564,1.759388
nonmember,35164,7,7,1,1.526335,0.217331,0.217331,2.021674,0.978637,0.174034,-2.021674
nonmember,49630,7,3,0,3.732831,0.023925,0.453441,1.520861,-0.574634,-2.941940,1.520861
nonmember,32258,1,5,0,2.645849,0.070945,0.235868,2.077376,-0.284323,-1.201365,2.077376
nonmember,18896,3,3,1,0.778193,0.459235,0.459235,1.556552,1.982236,0.659510,-1.556552
nonmember,21539,0,0,1,1.109682,0.329664,0.329664,1.844214,1.236786,0.433276,-1.844214
nonmember,21441,7,6,0,3.175549,0.041771,0.295343,1.744151,0.201341,-1.955931,1.744151
nonmember,37709,9,8,0,1.756902,0.172579,0.478103,1.538195,1.561389,-1.018973,1.538195
nonmember,48761,3,3,1,1.165083,0.311897,0.311897,1.702948,2.339108,0.074286,-1.702948
nonmember,48209,0,9,0,3.178482,0.041649,0.483581,1.350122,0.289526,-2.451947,1.350122
nonmember,19045,4,1,0,2.608576,0.073639,0.379668,1.914765,-0.493631,-1.640116,1.914765
nonmember,43552,9,7,0,1.701151,0.182473,0.346376,1.995966,0.722578,-0.640921,1.995966
nonmember,42199,0,0,1,0.686734,0.503217,0.503217,1.069721,4.824879,0.470784,-1.069721
nonmember,17951,7,4,0,1.242553,0.288646,0.310221,1.822114,2.006979,-0.072081,1.822114
nonmember,6551,6,6,1,1.072661,0.342097,0.342097,1.544358,3.669902,0.238068,-1.544358
nonmember,35402,9,9,1,0.915315,0.400390,0.400390,1.656074,1.425127,0.446058,-1.656074
nonmember,47104,0,9,0,3.314670,0.036346,0.235310,2.056134,-1.131312,-1.867821,2.056134
nonmember,49362,1,1,1,1.010852,0.363909,0.363909,1.763700,1.625705,0.487366,-1.763700
nonmember,41731,0,0,1,0.582392,0.558561,0.558561,1.475621,1.917379,1.220580,-1.475621
nonmember,1698,7,1,0,2.999639,0.049805,0.332840,1.977410,-0.338819,-1.899545,1.977410
nonmember,19444,0,0,1,0.587745,0.555579,0.555579,1.541185,1.690667,1.342202,-1.541185
nonmember,27271,8,1,0,1.938412,0.143932,0.415865,1.847957,0.973955,-1.061019,1.847957
nonmember,5549,0,0,1,0.895594,0.408365,0.408365,1.703950,1.737895,0.551693,-1.703950
nonmember,26612,4,6,0,1.272937,0.280008,0.325263,1.678683,2.592824,-0.149816,1.678683
nonmember,7656,4,2,0,2.839778,0.058439,0.197686,2.136322,-0.143758,-1.218704,2.136322
nonmember,47784,8,8,1,0.304381,0.737580,0.737580,0.914639,4.017526,1.930672,-0.914639
nonmember,49328,2,9,0,2.221484,0.108448,0.248285,1.983016,0.892449,-0.828307,1.983016
nonmember,11487,0,8,0,0.851878,0.426613,0.523745,0.900000,5.104605,-0.205128,0.900000
nonmember,25588,5,7,0,1.756939,0.172572,0.223902,1.917099,1.808067,-0.260392,1.917099
nonmember,48718,9,2,0,2.905862,0.054702,0.244197,2.030081,0.177304,-1.496083,2.030081
nonmember,34150,0,0,1,0.260528,0.770644,0.770644,0.825101,4.194029,1.797688,-0.825101
nonmember,42155,2,8,0,2.517993,0.080621,0.311551,1.915180,0.818320,-1.351800,1.915180
nonmember,35162,0,1,0,3.494593,0.030361,0.317991,2.003407,-0.926533,-2.348861,2.003407
nonmember,47371,2,6,0,1.829930,0.160425,0.329190,1.905768,1.011090,-0.718809,1.905768
nonmember,20554,1,1,1,0.531805,0.587543,0.587543,1.418959,2.877125,1.495989,-1.418959
nonmember,12802,0,1,0,3.110827,0.044564,0.634668,1.187278,1.094533,-2.656174,1.187278
nonmember,34279,0,0,1,0.708564,0.492351,0.492351,1.499689,2.310319,0.768272,-1.499689
nonmember,44373,8,8,1,1.210946,0.297915,0.297915,1.662447,1.742516,0.178593,-1.662447
nonmember,25249,5,6,0,3.293051,0.037140,0.344473,1.718303,0.782875,-2.227311,1.718303
nonmember,31638,9,9,1,1.217993,0.295823,0.295823,1.549378,1.364033,0.038372,-1.549378
nonmember,32304,3,0,0,6.717398,0.001210,0.899921,0.386198,-0.327752,-6.611949,0.386198
nonmember,27308,2,4,0,2.212549,0.109421,0.376570,1.749665,1.352763,-1.235898,1.749665
nonmember,6036,9,1,0,2.433382,0.087740,0.617977,1.323671,0.796621,-1.952078,1.323671
nonmember,24441,1,1,1,0.459595,0.631540,0.631540,1.345725,3.152538,1.658040,-1.345725
nonmember,1497,2,4,0,2.048237,0.128962,0.356972,1.694529,1.697666,-1.018138,1.694529
nonmember,39193,8,7,0,3.835485,0.021591,0.510153,1.675690,-1.523508,-3.162440,1.675690
nonmember,11821,6,6,1,1.054294,0.348438,0.348438,1.588422,3.136712,0.210008,-1.588422
nonmember,27173,4,2,0,1.196326,0.302303,0.348636,1.676914,2.174959,-0.142598,1.676914
nonmember,16156,8,9,0,1.678441,0.186665,0.459125,1.730574,0.558669,-0.900008,1.730574
nonmember,18962,5,0,0,3.383491,0.033929,0.313929,2.014381,-1.214168,-2.224902,2.014381
nonmember,25569,6,6,1,0.836445,0.433248,0.433248,1.551201,3.513305,0.587328,-1.551201
nonmember,3282,5,1,0,3.471586,0.031068,0.391745,1.705946,-0.616352,-2.534442,1.705946
nonmember,31627,4,4,1,1.572903,0.207442,0.207442,2.070619,1.266353,0.145954,-2.070619
nonmember,39055,2,0,0,2.779520,0.062068,0.732729,1.044544,0.437467,-2.468540,1.044544
nonmember,30506,5,5,1,1.537728,0.214869,0.214869,2.037584,0.770032,0.042848,-2.037584
nonmember,32127,2,6,0,1.692600,0.184040,0.434144,1.365114,2.628085,-0.858221,1.365114
nonmember,19408,7,2,0,2.889685,0.055594,0.213175,2.062205,-0.314319,-1.344043,2.062205
nonmember,29185,7,7,1,0.416844,0.659123,0.659123,1.308726,2.629427,1.950136,-1.308726
nonmember,12370,3,2,0,1.894385,0.150411,0.343327,2.017320,0.409476,-0.825313,2.017320
nonmember,38770,0,0,1,0.574920,0.562750,0.562750,1.546071,1.449986,1.823289,-1.546071
nonmember,750,5,3,0,1.537697,0.214875,0.239512,1.933455,1.755864,-0.108545,1.933455
nonmember,41599,2,6,0,2.508587,0.081383,0.573567,1.440670,0.974060,-1.952707,1.440670
nonmember,20516,9,6,0,1.853115,0.156748,0.302316,1.885932,0.932630,-0.656833,1.885932
nonmember,28326,1,8,0,2.279628,0.102322,0.308352,1.449253,1.135540,-1.103116,1.449253
nonmember,19110,2,3,0,1.566514,0.208772,0.384124,1.791565,1.616327,-0.609725,1.791565
nonmember,11297,0,8,0,1.537046,0.215015,0.327339,1.630806,1.466390,-0.420288,1.630806
nonmember,39633,7,7,1,1.428369,0.239700,0.239700,2.016494,0.966320,0.268423,-2.016494
nonmember,24573,7,2,0,1.760708,0.171923,0.223172,2.064031,0.500271,-0.260894,2.064031
nonmember,311,1,9,0,2.035112,0.130666,0.479227,1.410327,1.311882,-1.299533,1.410327
nonmember,21908,6,4,0,1.446605,0.235368,0.366359,1.706166,2.005326,-0.442465,1.706166
nonmember,19587,8,0,0,0.898196,0.407304,0.500118,1.070542,2.738467,-0.205285,1.070542
nonmember,29744,1,9,0,2.385099,0.092080,0.672573,1.232872,0.601583,-1.988454,1.232872
nonmember,4665,9,9,1,0.320382,0.725871,0.725871,1.105720,2.847029,2.185942,-1.105720
nonmember,35750,0,0,1,0.371006,0.690040,0.690040,1.200254,2.188359,1.927619,-1.200254
nonmember,39147,5,1,0,2.628827,0.072163,0.374004,1.822150,0.347959,-1.645338,1.822150
nonmember,22128,7,7,1,0.769235,0.463368,0.463368,1.740431,1.784033,1.240439,-1.740431
nonmember,1696,3,7,0,3.849153,0.021298,0.391352,1.432309,-0.654509,-2.911006,1.432309
nonmember,7416,7,1,0,2.861667,0.057173,0.502657,1.725143,0.070508,-2.173820,1.725143
nonmember,12640,0,0,1,0.096710,0.907819,0.907819,0.416079,5.451570,3.031702,-0.416079
nonmember,6865,7,2,0,1.769113,0.170484,0.350145,1.913190,0.947983,-0.719706,1.913190
nonmember,28385,7,7,1,0.821858,0.439614,0.439614,1.599952,2.448697,0.867259,-1.599952
nonmember,19649,3,2,0,2.602290,0.074104,0.343246,1.903351,0.146186,-1.532981,1.903351
nonmember,5053,3,3,1,1.043828,0.352104,0.352104,1.748932,1.224204,0.187923,-1.748932
nonmember,49769,1,8,0,2.272515,0.103053,0.420745,1.696968,-0.019582,-1.406785,1.696968
nonmember,23635,1,1,1,0.238534,0.787782,0.787782,0.907101,3.083808,2.618350,-0.907101
nonmember,33249,0,1,0,1.665499,0.189096,0.220222,2.117159,0.601641,-0.152379,2.117159
nonmember,7599,0,5,0,2.196856,0.111152,0.188105,2.114845,-0.623529,-0.526099,2.114845
nonmember,43392,6,9,0,6.416671,0.001634,0.492429,1.560774,-3.467626,-5.708267,1.560774
nonmember,43456,3,3,1,0.832987,0.434749,0.434749,1.712620,1.877161,0.988012,-1.712620
nonmember,37407,9,9,1,0.458262,0.632382,0.632382,1.308286,2.276964,1.439972,-1.308286
nonmember,41024,2,2,1,0.510561,0.600159,0.600159,1.430204,2.708087,1.559251,-1.430204
nonmember,47278,9,9,1,1.365962,0.255135,0.255135,1.924108,1.099322,0.264434,-1.924108
nonmember,48263,1,3,0,3.648487,0.026030,0.334003,1.947541,-2.103528,-2.551882,1.947541
nonmember,11072,5,3,0,2.626981,0.072296,0.479849,1.631699,0.919033,-1.892697,1.631699
nonmember,12169,1,1,1,0.291209,0.747360,0.747360,1.033539,3.818038,2.341141,-1.033539
nonmember,39201,0,0,1,0.613388,0.541513,0.541513,1.534849,1.737886,1.291464,-1.534849
nonmember,8304,2,0,0,1.963796,0.140325,0.670649,1.170608,1.371101,-1.564286,1.170608
nonmember,48481,8,0,0,0.905406,0.404378,0.485306,1.139934,2.804510,-0.182430,1.139934
nonmember,47649,6,6,1,1.190590,0.304042,0.304042,1.854559,2.420357,0.473552,-1.854559
nonmember,2489,8,0,0,1.529760,0.216588,0.715232,0.849343,2.302745,-1.194612,0.849343
nonmember,22070,1,9,0,2.176073,0.113486,0.555723,1.287927,1.022457,-1.588588,1.287927
nonmember,45536,8,8,1,0.769073,0.463442,0.463442,1.459680,2.267964,0.568042,-1.459680
nonmember,15181,3,1,0,2.574471,0.076194,0.351508,1.944168,0.227099,-1.528949,1.944168
nonmember,4593,9,7,0,2.138677,0.117811,0.345001,1.923785,0.584423,-1.074468,1.923785
nonmember,47825,8,9,0,1.025782,0.358516,0.368592,1.472266,1.794836,-0.027716,1.472266
nonmember,14399,2,2,1,1.503127,0.222434,0.222434,2.024643,1.187456,0.187776,-2.024643
nonmember,31833,5,3,0,1.613630,0.199163,0.242942,1.975507,1.124473,-0.198699,1.975507
nonmember,1326,9,9,1,1.610667,0.199754,0.199754,2.089742,1.090363,0.073433,-2.089742
nonmember,28886,9,9,1,0.717564,0.487939,0.487939,1.450762,2.266927,0.616037,-1.450762
nonmember,5756,4,1,0,3.636348,0.026348,0.473050,1.707400,-0.575887,-2.887793,1.707400
nonmember,34205,9,9,1,0.678966,0.507141,0.507141,1.279160,2.720007,0.662422,-1.279160
nonmember,36153,1,1,1,0.910182,0.402451,0.402451,1.860782,1.973405,1.020089,-1.860782
nonmember,20723,0,6,0,5.525864,0.003982,0.296039,1.847342,-2.673175,-4.308601,1.847342
nonmember,36994,2,4,0,2.203350,0.110433,0.324535,1.905890,0.607934,-1.077989,1.905890
nonmember,3350,8,9,0,2.466856,0.084851,0.528749,1.507491,0.241316,-1.829614,1.507491
nonmember,25393,9,1,0,2.340038,0.096324,0.794004,0.843104,1.396292,-2.109371,0.843104
nonmember,49488,4,4,1,1.174207,0.309064,0.309064,1.878688,1.820547,0.548203,-1.878688
nonmember,20024,9,9,1,0.769113,0.463424,0.463424,1.539680,1.961615,0.476378,-1.539680
nonmember,49725,2,0,0,3.284792,0.037448,0.594081,1.014543,0.681347,-2.764053,1.014543
nonmember,438,9,2,0,1.883493,0.152058,0.207767,2.165673,0.346660,-0.312155,2.165673
nonmember,24876,8,1,0,2.649406,0.070693,0.350185,1.838632,-0.313227,-1.600113,1.838632
nonmember,6740,8,8,1,0.853770,0.425807,0.425807,1.549977,1.931261,0.405755,-1.549977
nonmember,15253,4,2,0,2.063673,0.126987,0.289388,1.897931,1.304772,-0.823685,1.897931
nonmember,29977,0,0,1,0.893418,0.409255,0.409255,1.791142,2.112680,0.648891,-1.791142
nonmember,5684,0,1,0,4.443262,0.011758,0.518570,1.351651,-0.996077,-3.786581,1.351651
nonmember,42438,1,5,0,2.435584,0.087547,0.183676,2.156450,-0.877307,-0.741001,2.156450
nonmember,46100,8,0,0,1.994453,0.136088,0.362099,1.859155,0.525580,-0.978615,1.859155
nonmember,1188,0,6,0,4.560306,0.010459,0.303056,1.987566,-2.069914,-3.366467,1.987566
nonmember,9994,6,6,1,0.934470,0.392794,0.392794,1.598241,2.746074,0.548753,-1.598241
nonmember,44370,4,2,0,2.798856,0.060880,0.372109,1.963971,-0.773855,-1.810288,1.963971
nonmember,31231,2,0,0,2.014094,0.133441,0.623388,1.291779,0.120642,-1.541507,1.291779
nonmember,41572,8,8,1,0.278262,0.757099,0.757099,0.724449,5.475875,1.524235,-0.724449
nonmember,41159,3,5,0,1.568566,0.208344,0.336523,1.910402,0.469156,-0.479479,1.910402
nonmember,33061,8,8,1,0.439441,0.644396,0.644396,1.241498,2.832901,1.535615,-1.241498
nonmember,43388,6,6,1,0.906176,0.404066,0.404066,1.372211,3.519625,0.201589,-1.372211
nonmember,33376,9,0,0,1.958857,0.141020,0.340278,1.735609,0.519388,-0.880866,1.735609
nonmember,6649,3,4,0,2.443503,0.086856,0.601018,1.303009,2.082896,-1.934373,1.303009
nonmember,46927,5,6,0,1.827631,0.160794,0.201508,2.029084,1.115362,-0.225705,2.029084
nonmember,25932,6,2,0,2.775576,0.062314,0.262505,1.966029,0.241794,-1.438090,1.966029
nonmember,47239,4,4,1,0.981939,0.374584,0.374584,1.593559,3.423425,0.594368,-1.593559
nonmember,21569,5,7,0,2.729424,0.065257,0.243917,1.982285,-0.296486,-1.318497,1.982285
nonmember,33865,9,8,0,2.368830,0.093590,0.531667,1.042611,3.617263,-1.737092,1.042611
nonmember,7981,5,6,0,2.414112,0.089447,0.304373,1.762104,1.423159,-1.224611,1.762104
nonmember,9595,1,8,0,1.991351,0.136511,0.235796,1.908812,0.177890,-0.546564,1.908812
nonmember,44735,6,6,1,1.365215,0.255326,0.255326,1.970146,1.520588,0.348345,-1.970146
nonmember,27132,1,3,0,2.139796,0.117679,0.391122,1.851719,0.868190,-1.201060,1.851719
nonmember,47507,5,1,0,2.586917,0.075252,0.326443,1.900103,0.264813,-1.467416,1.900103
nonmember,773,8,9,0,1.977251,0.138449,0.397154,1.755260,0.377001,-1.053820,1.755260
nonmember,46076,4,7,0,2.463922,0.085101,0.409433,1.838645,0.052718,-1.570940,1.838645
nonmember,3394,5,3,0,1.088536,0.336709,0.516580,1.215697,2.778216,-0.428010,1.215697
nonmember,25869,8,0,0,1.866052,0.154733,0.802634,0.675258,3.301199,-1.646195,0.675258
nonmember,45167,9,1,0,1.761860,0.171725,0.408163,1.730794,0.952042,-0.865772,1.730794
nonmember,21565,8,0,0,2.465340,0.084980,0.563428,1.447587,0.573701,-1.891624,1.447587
nonmember,32116,7,4,0,1.777042,0.169138,0.314893,1.872772,1.389825,-0.621518,1.872772
nonmember,38369,5,6,0,1.848560,0.157464,0.335727,1.960887,0.696721,-0.757103,1.960887
nonmember,21115,2,8,0,3.055763,0.047087,0.358790,1.790259,-0.602800,-2.030746,1.790259
nonmember,32564,1,1,1,1.629362,0.196055,0.196055,2.167843,0.895089,0.314951,-2.167843
nonmember,10709,5,7,0,2.030412,0.131281,0.348353,1.943468,0.712202,-0.975874,1.943468
nonmember,40748,6,9,0,2.359989,0.094421,0.274943,1.988425,-0.293759,-1.068797,1.988425
nonmember,25915,1,0,0,2.506253,0.081573,0.707305,1.132429,0.546606,-2.159959,1.132429
nonmember,11592,9,9,1,1.237925,0.289985,0.289985,1.714952,1.529614,0.304505,-1.714952
nonmember,23815,3,3,1,1.002090,0.367111,0.367111,1.867393,1.457447,0.885557,-1.867393
nonmember,28597,3,3,1,1.295400,0.273788,0.273788,1.929468,1.933325,0.232894,-1.929468
nonmember,15507,9,9,1,0.277167,0.757928,0.757928,0.955482,2.904597,2.188607,-0.955482
nonmember,28891,3,6,0,2.046429,0.129195,0.546007,1.461849,2.034398,-1.441305,1.461849
nonmember,11296,9,0,0,1.726840,0.177845,0.356815,1.585209,0.741615,-0.696304,1.585209
nonmember,5809,7,2,0,2.922578,0.053795,0.316587,1.625577,0.407186,-1.772421,1.625577
nonmember,22792,7,7,1,0.402520,0.668633,0.668633,1.221327,2.813158,1.631547,-1.221327
nonmember,47773,5,5,1,1.114090,0.328214,0.328214,1.883878,1.380900,0.459709,-1.883878
nonmember,31787,8,9,0,2.734945,0.064898,0.352826,1.806114,-0.601604,-1.693164,1.806114
nonmember,22014,2,2,1,1.005295,0.365937,0.365937,1.897384,0.908664,0.617824,-1.897384
nonmember,49483,1,1,1,0.761011,0.467194,0.467194,1.727622,2.153989,1.166058,-1.727622
nonmember,48674,5,7,0,1.939763,0.143738,0.197111,2.170020,0.016076,-0.315774,2.170020
nonmember,29707,2,0,0,2.367675,0.093698,0.211855,2.057826,-0.166674,-0.815821,2.057826
nonmember,6222,5,1,0,2.452184,0.086105,0.478868,1.738525,0.682881,-1.715854,1.738525
nonmember,43297,1,1,1,0.634345,0.530283,0.530283,1.432814,2.726669,0.782077,-1.432814
nonmember,43999,5,5,1,0.776020,0.460234,0.460234,1.696371,2.514542,1.117037,-1.696371
nonmember,18647,3,3,1,0.801972,0.448444,0.448444,1.663408,2.020525,0.805457,-1.663408
nonmember,1426,3,3,1,0.932116,0.393720,0.393720,1.874988,1.488750,0.806619,-1.874988
nonmember,8101,3,0,0,2.975591,0.051017,0.322723,1.853331,-0.364737,-1.844631,1.853331
nonmember,41476,6,6,1,0.914554,0.400695,0.400695,1.672034,2.763502,0.873094,-1.672034
nonmember,2754,8,1,0,2.332404,0.097062,0.332366,1.846976,0.113500,-1.230887,1.846976
nonmember,2617,0,0,1,1.300526,0.272388,0.272388,1.971686,0.709826,0.189646,-1.971686
nonmember,10880,5,9,0,4.257486,0.014158,0.243478,1.938557,-1.444190,-2.844759,1.938557
nonmember,12815,3,6,0,2.275578,0.102737,0.230960,1.974535,0.756736,-0.810066,1.974535
nonmember,32765,8,0,0,1.508788,0.221178,0.503469,1.422814,1.631765,-0.822554,1.422814
nonmember,17895,9,9,1,0.528775,0.589326,0.589326,1.298451,3.073681,1.114943,-1.298451
nonmember,36937,4,4,1,0.811825,0.444047,0.444047,1.614088,3.110382,1.026402,-1.614088
nonmember,47654,3,9,0,2.594307,0.074698,0.290975,1.970412,-0.623746,-1.359788,1.970412
nonmember,37619,0,0,1,1.115825,0.327645,0.327645,1.774385,1.308797,0.043161,-1.774385
nonmember,1763,8,8,1,0.393636,0.674599,0.674599,0.945670,4.780352,1.168885,-0.945670
nonmember,26653,4,4,1,1.169062,0.310658,0.310658,1.684668,2.978722,0.259451,-1.684668
nonmember,28644,6,9,0,3.798799,0.022398,0.407029,1.854394,-1.677387,-2.899929,1.854394
nonmember,1656,5,5,1,1.094271,0.334784,0.334784,1.924908,2.037902,0.743587,-1.924908
nonmember,8202,7,7,1,1.435901,0.237901,0.237901,1.958751,2.176685,0.164580,-1.958751
nonmember,2277,0,0,1,1.096954,0.333887,0.333887,1.453965,3.161599,0.131169,-1.453965
nonmember,49716,1,8,0,3.983012,0.018629,0.751990,0.831263,1.763887,-3.697979,0.831263
nonmember,11247,5,3,0,2.315969,0.098671,0.287702,1.804980,1.248954,-1.070139,1.804980
nonmember,43728,1,9,0,2.486408,0.083208,0.730824,1.028494,0.509417,-2.172825,1.028494
nonmember,23389,3,6,0,2.725096,0.065540,0.348442,1.608193,0.312191,-1.670812,1.608193
nonmember,37128,2,2,1,1.215249,0.296636,0.296636,1.834562,2.025405,0.289478,-1.834562
nonmember,7747,0,9,0,4.747124,0.008677,0.713028,1.065604,-1.278997,-4.408889,1.065604
nonmember,4559,0,0,1,1.232223,0.291643,0.291643,1.905298,0.506919,0.145325,-1.905298
nonmember,23643,7,4,0,1.767176,0.170815,0.462707,1.599979,2.311954,-0.996515,1.599979
nonmember,47263,7,7,1,1.393806,0.248129,0.248129,2.078943,0.757804,0.344380,-2.078943
nonmember,33218,2,4,0,2.563221,0.077056,0.585100,1.269324,1.718806,-2.027250,1.269324
nonmember,896,6,6,1,1.007061,0.365291,0.365291,1.631261,2.679884,0.273981,-1.631261
nonmember,37604,9,8,0,1.391589,0.248680,0.327477,1.808234,1.170352,-0.275250,1.808234
nonmember,16530,2,0,0,4.314289,0.013376,0.924836,0.368338,0.313747,-4.236149,0.368338
nonmember,2927,2,1,0,2.317314,0.098538,0.347798,1.906283,0.664030,-1.261179,1.906283
nonmember,47993,8,1,0,2.347696,0.095589,0.514930,1.499971,0.858901,-1.683971,1.499971
nonmember,16591,9,9,1,0.913943,0.400940,0.400940,1.665112,2.033023,0.784914,-1.665112
nonmember,43378,0,8,0,2.379905,0.092559,0.427961,1.804771,-0.224483,-1.531181,1.804771
nonmember,6561,5,2,0,2.090751,0.123594,0.367362,1.835857,1.399457,-1.089343,1.835857
nonmember,35922,7,5,0,2.218480,0.108774,0.279490,1.968187,0.992592,-0.943693,1.968187
nonmember,10243,0,2,0,5.166829,0.005703,0.236281,1.916792,-1.766289,-3.724096,1.916792
nonmember,42536,2,6,0,2.006687,0.134433,0.472619,1.629885,1.544494,-1.257221,1.629885
nonmember,39548,9,9,1,0.852494,0.426350,0.426350,1.433080,2.679054,0.387932,-1.433080
nonmember,15726,6,2,0,2.692671,0.067700,0.418397,1.827529,-0.098814,-1.821346,1.827529
nonmember,32176,9,9,1,1.099950,0.332888,0.332888,1.554685,1.784000,0.113272,-1.554685
nonmember,33310,2,8,0,2.144331,0.117146,0.295542,1.787908,0.373684,-0.925388,1.787908
nonmember,49117,3,2,0,2.301077,0.100151,0.419490,1.736067,0.582854,-1.432361,1.736067
nonmember,6401,7,9,0,0.973093,0.377912,0.498535,1.193523,2.426782,-0.277012,1.193523
nonmember,39704,8,8,1,1.369260,0.254295,0.254295,1.998289,1.179160,0.355964,-1.998289
nonmember,41027,3,0,0,3.258091,0.038462,0.488212,1.664768,-0.593569,-2.541086,1.664768
nonmember,33138,5,1,0,2.628180,0.072210,0.334778,1.966832,0.389380,-1.533891,1.966832
nonmember,44169,7,5,0,3.208371,0.040422,0.317372,1.826891,-0.342031,-2.060689,1.826891
nonmember,28219,4,9,0,2.805232,0.060493,0.443797,1.811508,-0.435540,-1.992844,1.811508
nonmember,37111,2,6,0,2.121006,0.119911,0.335441,1.608153,1.920812,-1.028697,1.608153
nonmember,21396,7,6,0,1.680604,0.186261,0.256191,1.902051,1.463264,-0.318773,1.902051
nonmember,40126,2,4,0,4.395841,0.012329,0.314778,1.627845,-0.246432,-3.239955,1.627845
nonmember,34453,1,9,0,1.851964,0.156929,0.657414,1.133913,0.895021,-1.432523,1.133913
nonmember,24056,5,5,1,1.422602,0.241086,0.241086,1.987681,1.791077,0.305836,-1.987681
nonmember,18778,9,4,0,2.718196,0.065994,0.218795,2.060064,0.421425,-1.198575,2.060064
nonmember,26005,3,0,0,1.871426,0.153904,0.214328,2.156114,0.174819,-0.331179,2.156114
nonmember,36028,1,0,0,3.437530,0.032144,0.634306,1.068076,0.013231,-2.982306,1.068076
nonmember,31123,7,6,0,2.783436,0.061826,0.236054,1.955931,-0.435864,-1.339740,1.955931
nonmember,4679,2,2,1,1.368433,0.254506,0.254506,1.923212,1.467693,0.017293,-1.923212
nonmember,5771,7,7,1,0.602470,0.547458,0.547458,1.380654,3.333076,0.944061,-1.380654
nonmember,22909,6,6,1,0.795567,0.451325,0.451325,1.699881,2.359528,1.320325,-1.699881
nonmember,38535,2,2,1,1.375173,0.252796,0.252796,2.042100,1.058567,0.523521,-2.042100
nonmember,42407,9,9,1,0.481452,0.617886,0.617886,1.368426,1.904028,1.733791,-1.368426
nonmember,32918,6,6,1,0.472395,0.623507,0.623507,1.304193,3.712461,1.648262,-1.304193
nonmember,180,4,6,0,1.290059,0.275254,0.524827,1.283088,3.634942,-0.645374,1.283088
nonmember,47905,5,1,0,3.932589,0.019593,0.423812,1.587178,-1.083787,-3.074124,1.587178
nonmember,21581,6,6,1,0.992587,0.370617,0.370617,1.762660,2.773044,0.496900,-1.762660
nonmember,15938,4,9,0,5.393495,0.004546,0.522529,1.297860,-2.452000,-4.744420,1.297860
nonmember,20679,9,9,1,0.737005,0.478545,0.478545,1.570435,1.659545,0.741369,-1.570435
nonmember,10035,1,3,0,4.072435,0.017036,0.394356,1.672014,-0.134453,-3.141933,1.672014
nonmember,10423,5,7,0,1.844704,0.158072,0.168832,2.201442,0.172302,-0.065855,2.201442
nonmember,46450,2,4,0,2.524293,0.080115,0.189290,2.100397,0.184754,-0.859819,2.100397
nonmember,8090,1,0,0,1.384302,0.250499,0.267807,1.508718,2.129292,-0.066813,1.508718
nonmember,11751,6,6,1,0.970887,0.378747,0.378747,1.758791,2.094789,0.820789,-1.758791
nonmember,35100,3,9,0,4.819942,0.008067,0.400950,1.573702,-1.540670,-3.906023,1.573702
nonmember,21667,8,0,0,1.562158,0.209683,0.315337,1.808037,0.563240,-0.408045,1.808037
nonmember,22095,9,9,1,1.218082,0.295797,0.295797,1.987437,1.089017,0.661665,-1.987437
nonmember,15612,6,0,0,12.634835,0.000003,0.604234,0.787921,-6.670070,-12.131041,0.787921
nonmember,13,2,1,0,3.142632,0.043169,0.639618,1.387637,0.112035,-2.695748,1.387637
nonmember,4251,7,9,0,2.088277,0.123900,0.414897,1.808649,0.315299,-1.208553,1.808649
nonmember,8494,5,7,0,2.401834,0.090552,0.160625,2.234384,-0.515136,-0.573151,2.234384
nonmember,3674,0,0,1,0.021122,0.979100,0.979100,0.120999,6.880849,4.280861,-0.120999
nonmember,8721,8,0,0,2.651665,0.070534,0.319384,1.802598,0.156854,-1.510303,1.802598
nonmember,13556,2,4,0,1.924461,0.145954,0.287738,1.769170,1.446810,-0.678757,1.769170
nonmember,37676,5,5,1,1.015179,0.362338,0.362338,1.743193,1.948155,0.521871,-1.743193
nonmember,7671,3,1,0,3.587923,0.027656,0.255363,1.984709,-1.277163,-2.222855,1.984709
nonmember,29353,4,6,0,1.534364,0.215593,0.503849,1.384781,3.041564,-0.848886,1.384781
nonmember,17080,0,0,1,0.311487,0.732357,0.732357,0.890198,4.166581,1.716342,-0.890198
nonmember,18741,8,8,1,0.706060,0.493585,0.493585,1.195716,3.651166,0.443072,-1.195716
nonmember,21121,9,1,0,2.880582,0.056102,0.519110,1.619895,0.060888,-2.224943,1.619895
nonmember,40855,9,2,0,4.609499,0.009957,0.552149,1.477062,-1.080494,-4.015561,1.477062
nonmember,40948,9,8,0,1.469490,0.230043,0.386995,1.400037,2.363917,-0.520148,1.400037
nonmember,47824,1,4,0,3.406822,0.033146,0.281103,1.913564,-0.283084,-2.137789,1.913564
nonmember,4496,1,0,0,1.514087,0.220009,0.358403,1.569342,1.894625,-0.487990,1.569342
nonmember,47470,1,9,0,1.179036,0.307575,0.380497,1.707043,1.835455,-0.212760,1.707043
nonmember,5460,1,9,0,1.528267,0.216911,0.605301,1.278677,1.164255,-1.026238,1.278677
nonmember,11789,2,6,0,2.539219,0.078928,0.250772,2.024994,0.264383,-1.156008,2.024994
nonmember,33240,8,3,0,5.687882,0.003387,0.287428,1.907516,-2.240271,-4.441100,1.907516
nonmember,11742,7,7,1,0.724282,0.484673,0.484673,1.593214,2.007860,0.749136,-1.593214
nonmember,13552,3,3,1,1.111559,0.329046,0.329046,1.990862,1.117520,0.756803,-1.990862
nonmember,23518,5,5,1,1.197409,0.301976,0.301976,1.770646,1.899462,0.037290,-1.770646
nonmember,13053,3,7,0,1.825375,0.161157,0.181823,1.986144,1.277991,-0.120652,1.986144
nonmember,13814,2,7,0,1.831862,0.160115,0.253426,1.946809,1.023649,-0.459179,1.946809
nonmember,30269,1,0,0,2.239880,0.106471,0.282219,1.891698,-0.528100,-0.974806,1.891698
nonmember,38469,8,9,0,3.224282,0.039784,0.367101,1.835420,-1.223138,-2.222164,1.835420
nonmember,10077,7,7,1,0.552222,0.575669,0.575669,1.440511,2.516521,1.193765,-1.440511
nonmember,23458,6,6,1,1.227137,0.293130,0.293130,2.030487,1.012545,0.675924,-2.030487
nonmember,23068,3,2,0,1.708291,0.181175,0.258820,1.852318,1.498593,-0.356667,1.852318
nonmember,30637,9,9,1,0.635616,0.529609,0.529609,1.515924,2.126470,1.374583,-1.515924
nonmember,24017,3,7,0,1.854054,0.156601,0.202588,2.034891,0.771252,-0.257474,2.034891
nonmember,38433,0,9,0,3.164432,0.042238,0.425802,1.535922,-0.231373,-2.310651,1.535922
nonmember,38820,9,2,0,2.378283,0.092710,0.230742,1.922528,0.465555,-0.911826,1.922528
nonmember,1213,9,8,0,2.021535,0.132452,0.282564,1.936717,0.530659,-0.757686,1.936717
nonmember,19211,5,7,0,2.243946,0.106039,0.237527,1.931599,1.038005,-0.806472,1.931599
nonmember,10329,3,9,0,5.761248,0.003147,0.642995,1.177681,-1.768667,-5.319631,1.177681
nonmember,12790,2,0,0,3.833946,0.021624,0.717785,0.850226,0.935040,-3.502360,0.850226
nonmember,29688,7,1,0,2.337385,0.096580,0.246775,2.042944,0.169158,-0.938108,2.042944
nonmember,33869,8,0,0,2.562606,0.077104,0.286236,2.101440,-0.332660,-1.311667,2.101440
nonmember,3683,6,4,0,1.451032,0.234328,0.346183,1.798504,1.501417,-0.390243,1.798504
nonmember,30901,9,9,1,0.403940,0.667684,0.667684,1.166377,2.311318,1.389090,-1.166377
nonmember,10237,4,6,0,1.627230,0.196473,0.363497,1.832597,1.103654,-0.615247,1.832597
nonmember,37470,5,6,0,3.149668,0.042866,0.477867,1.608276,-0.211396,-2.411245,1.608276
nonmember,15662,1,1,1,0.550933,0.576412,0.576412,1.565344,2.270923,1.655996,-1.565344
nonmember,19166,1,3,0,2.733736,0.064976,0.716646,1.141044,1.239821,-2.400563,1.141044
nonmember,11550,4,9,0,2.195288,0.111326,0.481274,1.718378,0.627197,-1.463969,1.718378
nonmember,10287,9,8,0,1.106294,0.330783,0.382594,1.526845,1.941377,-0.145512,1.526845
nonmember,36474,3,0,0,2.394091,0.091256,0.164282,2.203458,-0.774411,-0.587922,2.203458
nonmember,31200,5,5,1,1.446061,0.235496,0.235496,2.082013,1.126536,0.157545,-2.082013
nonmember,39959,0,6,0,5.710970,0.003309,0.627072,1.337867,-2.232534,-5.244277,1.337867
nonmember,3914,7,9,0,3.307491,0.036608,0.293900,1.874356,-1.267673,-2.082976,1.874356
nonmember,26611,6,6,1,0.120197,0.886745,0.886745,0.552784,5.329146,3.271257,-0.552784
nonmember,33231,8,0,0,3.198153,0.040838,0.876239,0.591167,0.484411,-3.066037,0.591167
nonmember,40141,7,7,1,1.462412,0.231677,0.231677,1.899678,1.799917,0.049915,-1.899678
nonmember,17003,3,4,0,2.073015,0.125806,0.309368,1.883147,1.044031,-0.899790,1.883147
nonmember,41831,3,3,1,0.815282,0.442515,0.442515,1.627409,2.623851,0.993406,-1.627409
nonmember,14045,8,9,0,1.421093,0.241450,0.257259,1.842378,0.811023,-0.063420,1.842378
nonmember,47192,5,1,0,3.538102,0.029068,0.331982,1.852082,-0.639986,-2.435426,1.852082
nonmember,23210,1,1,1,1.024405,0.359010,0.359010,1.989162,1.577561,1.169293,-1.989162
nonmember,41782,3,3,1,1.292571,0.274564,0.274564,1.948868,1.878977,0.346756,-1.948868
nonmember,48878,4,4,1,1.055464,0.348031,0.348031,1.609800,2.944905,0.134776,-1.609800
nonmember,39266,7,7,1,0.934418,0.392814,0.392814,1.713914,2.043451,0.366847,-1.713914
nonmember,32124,5,4,0,1.614729,0.198945,0.278354,1.756269,2.271429,-0.335867,1.756269
nonmember,44794,0,0,1,1.630929,0.195748,0.195748,2.080216,0.534726,0.033258,-2.080216
nonmember,44891,4,2,0,2.618384,0.072921,0.406530,1.709948,0.707817,-1.718286,1.709948
nonmember,44997,1,9,0,1.153584,0.315504,0.428314,1.506901,1.249050,-0.305686,1.506901
nonmember,45399,1,9,0,1.549909,0.212267,0.323406,1.587527,0.877894,-0.421061,1.587527
nonmember,45146,9,0,0,5.744898,0.003199,0.943231,0.304708,-1.019400,-5.686454,0.304708
nonmember,44336,4,6,0,1.730699,0.177161,0.623306,1.114774,3.605766,-1.257981,1.114774
nonmember,25549,0,9,0,2.524714,0.080081,0.441706,1.596007,-0.062889,-1.707604,1.596007
nonmember,22204,7,7,1,1.074392,0.341505,0.341505,1.842979,1.698875,0.630915,-1.842979
nonmember,24567,0,0,1,0.078867,0.924163,0.924163,0.321123,6.009616,2.696806,-0.321123
nonmember,39154,8,9,0,2.322374,0.098041,0.431864,1.710606,0.511793,-1.482729,1.710606
nonmember,48670,8,8,1,0.777401,0.459599,0.459599,1.458006,2.335913,0.706872,-1.458006
nonmember,18388,1,0,0,1.944642,0.143038,0.584376,1.359909,0.798412,-1.407432,1.359909
nonmember,32523,4,4,1,1.209349,0.298391,0.298391,1.727746,2.556048,0.315030,-1.727746
nonmember,11225,9,1,0,1.625619,0.196790,0.272128,1.992050,0.578182,-0.324136,1.992050
nonmember,7020,6,2,0,2.640126,0.071352,0.250045,1.954319,-0.272495,-1.254011,1.954319
nonmember,40071,4,6,0,1.357446,0.257317,0.276692,1.853664,2.098641,-0.072596,1.853664
nonmember,3442,4,4,1,0.929085,0.394915,0.394915,1.500291,3.573297,0.363725,-1.500291
nonmember,631,8,8,1,0.440822,0.643507,0.643507,1.074417,4.173896,1.403699,-1.074417
nonmember,26317,7,7,1,1.282515,0.277339,0.277339,2.010206,1.497313,0.544887,-2.010206
nonmember,49898,4,4,1,0.919333,0.398785,0.398785,1.545693,2.829094,0.377872,-1.545693
nonmember,37247,2,0,0,5.511180,0.004041,0.917926,0.383182,-0.515734,-5.425542,0.383182
nonmember,20194,3,3,1,1.290013,0.275267,0.275267,1.787750,1.975948,0.093492,-1.787750
nonmember,27568,7,2,0,2.075996,0.125431,0.271916,2.000902,0.458744,-0.773735,2.000902
nonmember,600,0,8,0,1.235776,0.290609,0.324506,1.622064,1.733480,-0.110326,1.622064
nonmember,38876,4,6,0,1.991049,0.136552,0.320326,1.748492,1.482169,-0.852634,1.748492
nonmember,47884,5,5,1,1.135299,0.321326,0.321326,2.062486,0.865924,0.929404,-2.062486
nonmember,9545,8,9,0,1.649264,0.192191,0.550238,1.420725,0.850276,-1.051858,1.420725
nonmember,26012,9,1,0,2.650260,0.070633,0.421839,1.711787,0.296735,-1.787128,1.711787
nonmember,17233,0,1,0,4.207216,0.014888,0.344653,1.780361,-1.301657,-3.141998,1.780361
nonmember,44511,9,9,1,0.735314,0.479355,0.479355,1.588921,2.326405,1.060038,-1.588921
nonmember,39581,9,9,1,1.003406,0.366629,0.366629,1.629022,1.699698,0.094433,-1.629022
nonmember,7945,7,4,0,1.313330,0.268923,0.286322,1.666837,2.610617,-0.062693,1.666837
nonmember,45503,5,4,0,2.354394,0.094951,0.441849,1.719069,0.828580,-1.537606,1.719069
nonmember,24352,5,5,1,1.584608,0.205028,0.205028,2.033419,1.238953,0.199618,-2.033419
nonmember,25893,4,2,0,3.231042,0.039516,0.209424,2.114194,-0.999796,-1.667650,2.114194
nonmember,20037,5,2,0,2.204474,0.110309,0.220954,2.004983,0.061332,-0.694672,2.004983
nonmember,17712,2,4,0,2.099432,0.122526,0.409588,1.702640,1.576508,-1.206828,1.702640
nonmember,18180,3,6,0,2.027914,0.131610,0.318287,1.932482,1.505811,-0.883112,1.932482
nonmember,31857,6,6,1,1.355062,0.257931,0.257931,2.093359,0.807889,0.374341,-2.093359
nonmember,4219,4,4,1,1.415187,0.242880,0.242880,2.034668,1.412541,0.216508,-2.034668
nonmember,33197,4,0,0,5.014818,0.006639,0.368749,1.498447,-2.029764,-4.017178,1.498447
nonmember,919,5,4,0,2.323549,0.097925,0.430640,1.777599,0.336896,-1.481066,1.777599
nonmember,15526,4,6,0,1.170520,0.310205,0.393618,1.537317,3.059402,-0.238145,1.537317
nonmember,12348,1,1,1,0.642500,0.525976,0.525976,1.569232,2.568887,1.104653,-1.569232
nonmember,8854,8,8,1,0.469073,0.625582,0.625582,1.092738,2.435009,0.894800,-1.092738
nonmember,18998,3,6,0,2.240315,0.106425,0.280856,1.944473,0.221687,-0.970401,1.944473
nonmember,9426,8,9,0,1.992937,0.136294,0.646641,1.260556,0.315225,-1.556974,1.260556
nonmember,8943,3,9,0,4.053067,0.017369,0.616037,1.307153,-1.508620,-3.568619,1.307153
nonmember,32235,1,1,1,0.204969,0.814672,0.814672,0.725738,4.338294,2.487200,-0.725738
nonmember,35581,3,0,0,2.233181,0.107187,0.290074,1.916922,-0.569668,-0.995561,1.916922
nonmember,39117,9,9,1,0.367932,0.692164,0.692164,1.169960,2.652358,1.757013,-1.169960
nonmember,27628,3,6,0,2.595699,0.074594,0.686053,1.154689,1.966126,-2.218899,1.154689
nonmember,39360,2,8,0,5.270996,0.005138,0.821951,0.668817,-1.278372,-5.074921,0.668817
nonmember,904,4,3,0,2.547394,0.078285,0.338492,1.795652,-0.077517,-1.464140,1.795652
nonmember,17411,7,7,1,1.130685,0.322812,0.322812,1.690499,1.806704,0.065576,-1.690499
nonmember,32071,2,9,0,2.468710,0.084694,0.260460,2.075624,-0.202405,-1.123404,2.075624
nonmember,26433,1,2,0,1.666732,0.188863,0.209994,2.048767,1.461141,-0.106057,2.048767
nonmember,42024,8,0,0,2.561042,0.077224,0.801961,0.851613,1.122507,-2.340347,0.851613
nonmember,8957,2,4,0,2.681219,0.068480,0.238071,2.024671,0.032075,-1.246031,2.024671
nonmember,29131,4,0,0,4.258698,0.014141,0.251324,2.063586,-2.600050,-2.877684,2.063586
nonmember,44496,5,0,0,5.904150,0.002728,0.609714,1.234403,-2.797328,-5.409385,1.234403
nonmember,10538,7,7,1,0.819360,0.440714,0.440714,1.835605,2.087027,1.261547,-1.835605
nonmember,31183,8,8,1,1.235589,0.290663,0.290663,2.039413,1.025083,0.325323,-2.039413
nonmember,3318,0,0,1,0.377597,0.685507,0.685507,1.053881,3.294013,1.587391,-1.053881
nonmember,34638,4,4,1,0.968873,0.379510,0.379510,1.727647,2.576977,0.508166,-1.727647
nonmember,157,5,6,0,2.125330,0.119393,0.356906,1.853980,1.366388,-1.095047,1.853980
nonmember,46258,2,4,0,1.747132,0.174273,0.401757,1.534192,2.572029,-0.835225,1.534192
nonmember,4325,7,4,0,1.911234,0.147898,0.329722,1.696388,1.845862,-0.801729,1.696388
nonmember,18623,8,0,0,1.808316,0.163930,0.499024,1.585648,0.559606,-1.113215,1.585648
nonmember,26951,8,1,0,1.766650,0.170905,0.312353,1.723987,0.971755,-0.603029,1.723987
nonmember,5073,8,0,0,3.068281,0.046501,0.879891,0.561594,0.954297,-2.940324,0.561594
nonmember,596,8,0,0,1.396743,0.247401,0.666886,0.920850,2.866342,-0.991607,0.920850
nonmember,33831,0,0,1,0.610478,0.543091,0.543091,1.403517,2.545069,0.898168,-1.403517
nonmember,8339,1,9,0,3.235337,0.039347,0.577251,1.471637,-0.586373,-2.685859,1.471637
nonmember,22081,6,6,1,0.847375,0.428538,0.428538,1.487653,3.397280,0.292758,-1.487653
nonmember,23883,8,8,1,0.924183,0.396855,0.396855,1.205238,2.763251,0.002702,-1.205238
nonmember,5434,4,1,0,3.140080,0.043279,0.381191,1.761267,-0.588574,-2.175624,1.761267
nonmember,27646,0,5,0,1.981905,0.137806,0.287773,2.045320,-0.152197,-0.736322,2.045320
nonmember,37436,5,5,1,0.958752,0.383371,0.383371,1.625937,2.202511,0.276431,-1.625937
nonmember,16468,7,4,0,1.650501,0.191954,0.302392,1.818040,1.530139,-0.454470,1.818040
nonmember,12923,1,8,0,2.803522,0.060596,0.451824,1.490279,-0.165055,-2.009060,1.490279
nonmember,48134,3,1,0,2.265587,0.103769,0.244539,2.107565,0.142674,-0.857205,2.107565
nonmember,10544,1,8,0,3.291235,0.037208,0.633272,1.060794,1.004154,-2.834380,1.060794
nonmember,1478,2,2,1,1.011775,0.363573,0.363573,1.715878,2.676054,0.440038,-1.715878
nonmember,47979,6,5,0,1.771142,0.170139,0.201994,2.147514,0.248154,-0.171626,2.147514
nonmember,22306,1,7,0,2.555127,0.077682,0.253944,1.980230,0.628882,-1.184487,1.980230
nonmember,32497,6,6,1,0.653072,0.520444,0.520444,1.538774,3.095752,1.172662,-1.538774
nonmember,10113,6,6,1,0.773993,0.461168,0.461168,1.474141,3.179494,0.490211,-1.474141
nonmember,12680,9,8,0,1.288132,0.275786,0.582091,1.164488,2.268481,-0.747004,1.164488
nonmember,7707,1,9,0,1.934894,0.144440,0.302929,1.470265,1.733551,-0.740637,1.470265
nonmember,33179,0,0,1,1.444173,0.235941,0.235941,2.006214,0.677191,0.129074,-2.006214
nonmember,22197,9,9,1,0.621352,0.537218,0.537218,1.435478,2.088929,1.267958,-1.435478
nonmember,308,0,0,1,0.550230,0.576817,0.576817,1.005899,3.935211,0.572868,-1.005899
nonmember,39878,4,6,0,1.487622,0.225909,0.238847,1.844423,2.082536,-0.055691,1.844423
nonmember,471,5,7,0,2.836285,0.058643,0.272526,2.048589,-0.344287,-1.536265,2.048589
nonmember,41682,0,0,1,0.500678,0.606120,0.606120,1.453259,1.839967,1.866551,-1.453259
nonmember,18335,3,6,0,2.110704,0.121153,0.575849,1.345273,1.895596,-1.558796,1.345273
nonmember,13360,5,4,0,1.325671,0.265625,0.279596,1.812971,2.312161,-0.051261,1.812971
nonmember,42883,0,8,0,2.138840,0.117791,0.485988,1.625751,0.288698,-1.417268,1.625751
nonmember,16614,9,7,0,1.351225,0.258923,0.369578,1.810663,1.265325,-0.355832,1.810663
nonmember,45198,9,8,0,0.974072,0.377543,0.524905,1.036146,3.167261,-0.329533,1.036146
nonmember,24478,6,6,1,1.532925,0.215903,0.215903,2.059995,1.103642,0.230099,-2.059995
nonmember,9240,2,3,0,2.903593,0.054826,0.389182,1.650195,0.740333,-1.959885,1.650195
nonmember,30459,3,3,1,0.642113,0.526179,0.526179,1.473924,3.179747,1.282537,-1.473924
nonmember,37830,1,1,1,0.743436,0.475477,0.475477,1.716915,2.196048,1.481900,-1.716915
nonmember,13480,0,5,0,4.240788,0.014396,0.187063,2.066621,-1.624066,-2.564479,2.066621
nonmember,41062,5,2,0,1.902898,0.149136,0.476380,1.660462,0.880962,-1.161357,1.660462
nonmember,15278,3,1,0,2.448357,0.086435,0.449774,1.803610,0.394214,-1.649348,1.803610
nonmember,5082,0,9,0,2.097331,0.122784,0.370371,1.634991,0.264946,-1.104081,1.634991
nonmember,17687,9,8,0,1.206818,0.299148,0.315629,1.620394,1.623292,-0.053629,1.620394
nonmember,36542,1,1,1,0.701816,0.495684,0.495684,1.604069,2.162478,0.926643,-1.604069
nonmember,38416,8,0,0,3.501061,0.030165,0.489330,1.400387,-0.277980,-2.786343,1.400387
nonmember,9565,1,7,0,2.706742,0.066754,0.238359,1.955232,0.687024,-1.272764,1.955232
nonmember,9687,0,1,0,1.413944,0.243182,0.267876,1.927551,1.283701,-0.096714,1.927551
nonmember,20258,6,6,1,1.024956,0.358812,0.358812,1.916995,1.726775,1.129144,-1.916995
nonmember,12233,8,9,0,1.816700,0.162561,0.584025,1.241621,1.361647,-1.278888,1.241621
nonmember,28536,5,5,1,1.137102,0.320747,0.320747,1.798942,1.942010,0.502660,-1.798942
nonmember,1270,0,0,1,0.074907,0.927830,0.927830,0.311442,5.424665,2.739710,-0.311442
nonmember,42365,3,2,0,2.011247,0.133822,0.500650,1.529093,1.531560,-1.319398,1.529093
nonmember,32418,1,9,0,1.228315,0.292785,0.337689,1.769777,1.103243,-0.142685,1.769777
nonmember,16224,7,6,0,1.363419,0.255785,0.273239,1.856092,1.668668,-0.066013,1.856092
nonmember,46619,0,7,0,2.454617,0.085896,0.433128,1.706502,0.296787,-1.617896,1.706502
nonmember,14198,9,1,0,1.680812,0.186223,0.524042,1.569060,1.249185,-1.034630,1.569060
nonmember,9806,1,2,0,1.983606,0.137572,0.434668,1.750574,0.680468,-1.150433,1.750574
nonmember,15742,1,2,0,1.549976,0.212253,0.229708,2.010120,1.290962,-0.079030,2.010120
nonmember,48598,2,6,0,1.388179,0.249529,0.345952,1.689287,1.882226,-0.326725,1.689287
nonmember,18056,4,6,0,3.459994,0.031430,0.347859,1.831379,-0.473440,-2.404034,1.831379
nonmember,1339,4,6,0,2.048698,0.128903,0.250051,2.025111,0.906436,-0.662606,2.025111
nonmember,48283,7,2,0,2.836626,0.058623,0.475383,1.756047,-0.180591,-2.092991,1.756047
nonmember,23931,9,6,0,3.469058,0.031146,0.315119,1.774814,0.167050,-2.314252,1.774814
nonmember,27138,3,4,0,2.174240,0.113694,0.197612,2.033225,0.408271,-0.552792,2.033225
nonmember,16419,5,5,1,0.218658,0.803596,0.803596,0.800443,3.793439,2.012966,-0.800443
nonmember,49257,8,8,1,1.048684,0.350399,0.350399,1.658641,1.614021,0.332189,-1.658641
nonmember,32896,8,0,0,0.961992,0.382131,0.540255,1.002536,2.977426,-0.346278,1.002536
nonmember,14788,7,4,0,1.613513,0.199187,0.267016,1.825016,1.821478,-0.293067,1.825016
nonmember,19260,9,1,0,2.007228,0.134361,0.358087,1.866516,0.295344,-0.980248,1.866516
nonmember,8620,7,7,1,0.496649,0.608566,0.608566,1.416416,2.836212,1.762573,-1.416416
nonmember,23540,8,9,0,0.845473,0.429354,0.505755,0.949909,3.908889,-0.163771,0.949909
nonmember,31886,3,7,0,2.214832,0.109172,0.254686,2.058869,0.052743,-0.847107,2.058869
nonmember,38390,3,3,1,0.838900,0.432186,0.432186,1.766776,2.438336,0.891159,-1.766776
nonmember,40081,1,9,0,3.206961,0.040479,0.720653,1.089441,-0.117774,-2.879364,1.089441
nonmember,37832,8,8,1,0.251286,0.777800,0.777800,0.570739,5.845213,1.284960,-0.570739
nonmember,5401,7,7,1,0.733330,0.480307,0.480307,1.585527,1.824749,0.675791,-1.585527
nonmember,47220,0,0,1,0.477931,0.620065,0.620065,1.362177,1.894137,1.896288,-1.362177
nonmember,96,1,9,0,1.450372,0.234483,0.393333,1.778344,1.076468,-0.517274,1.778344
nonmember,37192,4,7,0,1.832801,0.159965,0.252754,1.925552,1.512411,-0.457463,1.925552
nonmember,18004,5,4,0,2.015757,0.133220,0.229331,2.074661,0.490756,-0.543170,2.074661
nonmember,24628,5,1,0,2.289038,0.101364,0.210680,2.088577,-0.443566,-0.731623,2.088577
nonmember,4913,9,9,1,0.951303,0.386237,0.386237,1.401390,2.762182,0.198154,-1.401390
nonmember,5628,7,9,0,2.212359,0.109442,0.277342,2.056248,0.225193,-0.929854,2.056248
nonmember,49792,3,2,0,2.668365,0.069366,0.267813,2.027687,-0.033424,-1.350900,2.027687
nonmember,43119,8,9,0,1.384378,0.250480,0.400248,1.437515,1.483923,-0.468708,1.437515
nonmember,24055,9,1,0,1.187707,0.304920,0.345881,1.789894,0.990667,-0.126046,1.789894
nonmember,45533,2,6,0,1.613565,0.199176,0.305872,1.955892,0.905639,-0.428976,1.955892
nonmember,14522,5,6,0,1.980121,0.138053,0.177093,2.152035,0.185907,-0.249040,2.152035
nonmember,49288,5,5,1,1.049634,0.350066,0.350066,1.904842,1.252952,0.716399,-1.904842
nonmember,1771,8,9,0,2.905304,0.054732,0.224594,2.111508,-0.731673,-1.411842,2.111508
nonmember,34596,1,4,0,1.694463,0.183698,0.202252,2.026007,0.435580,-0.096224,2.026007
nonmember,42945,0,8,0,1.643466,0.193309,0.408191,1.681718,1.742425,-0.747446,1.681718
nonmember,47434,6,6,1,0.934245,0.392882,0.392882,1.605317,2.764707,0.405213,-1.605317
nonmember,34000,3,9,0,2.855813,0.057509,0.518076,1.705542,-0.295703,-2.198179,1.705542
nonmember,26656,0,0,1,0.331357,0.717949,0.717949,1.136855,2.591646,2.297846,-1.136855
nonmember,3349,2,6,0,3.282947,0.037518,0.440408,1.498721,0.643987,-2.462894,1.498721
nonmember,42085,1,1,1,0.666715,0.513393,0.513393,1.314660,2.427649,0.567506,-1.314660
nonmember,29088,1,1,1,1.053247,0.348803,0.348803,1.615587,1.755726,0.018246,-1.615587
nonmember,14050,7,9,0,2.934604,0.053152,0.296474,1.935567,-0.440474,-1.718807,1.935567
nonmember,37988,8,7,0,2.640828,0.071302,0.499419,1.673293,0.241347,-1.946517,1.673293
nonmember,21582,4,7,0,3.640147,0.026248,0.415606,1.738913,-1.080395,-2.762131,1.738913
nonmember,48646,9,8,0,1.942898,0.143288,0.474848,1.310531,1.769060,-1.198138,1.310531
nonmember,43244,2,1,0,2.012014,0.133719,0.184557,2.022464,1.231056,-0.322217,2.022464
nonmember,24482,5,4,0,2.488842,0.083006,0.424509,1.548297,2.537266,-1.632021,1.548297
nonmember,14009,6,6,1,1.606011,0.200686,0.200686,2.003485,1.037445,0.130470,-2.003485
nonmember,1491,4,7,0,1.928065,0.145429,0.357828,1.961715,0.778060,-0.900363,1.961715
nonmember,18805,9,9,1,0.645412,0.524446,0.524446,1.608964,2.111171,1.490203,-1.608964
nonmember,49504,4,7,0,2.432193,0.087844,0.273543,1.984599,0.535916,-1.135898,1.984599
nonmember,3113,0,8,0,1.269801,0.280887,0.563091,1.112316,3.780904,-0.695487,1.112316
nonmember,36708,8,9,0,2.337670,0.096552,0.265975,1.919165,0.207623,-1.013318,1.919165
nonmember,12179,4,6,0,1.284990,0.276653,0.453064,1.485132,2.702765,-0.493269,1.485132
nonmember,27166,4,2,0,1.712683,0.180381,0.269738,1.894101,1.353057,-0.402377,1.894101
nonmember,15232,6,3,0,1.527008,0.217184,0.286099,1.720336,2.368088,-0.275591,1.720336
nonmember,12103,4,6,0,1.819863,0.162048,0.193326,2.084154,0.918505,-0.176485,2.084154
nonmember,49418,6,6,1,1.255599,0.284905,0.284905,1.914174,1.606031,0.466686,-1.914174
nonmember,32468,5,6,0,2.158236,0.115529,0.462285,1.600442,1.559010,-1.386661,1.600442
nonmember,29913,6,1,0,1.927055,0.145576,0.214380,2.156768,0.379559,-0.387050,2.156768
nonmember,6666,9,7,0,2.675163,0.068896,0.388515,1.762726,0.510578,-1.729739,1.762726
nonmember,42851,9,0,0,3.312992,0.036407,0.519154,1.581611,-0.844898,-2.657438,1.581611
nonmember,15597,9,9,1,0.471921,0.623803,0.623803,1.080670,2.988002,0.933825,-1.080670
nonmember,44358,5,1,0,2.733846,0.064969,0.305612,1.988692,-0.215265,-1.548409,1.988692
nonmember,27595,6,6,1,0.380422,0.683573,0.683573,1.197633,3.712863,2.048291,-1.197633
nonmember,12223,5,6,0,1.902856,0.149142,0.346090,1.755834,1.526835,-0.841799,1.755834
nonmember,39735,1,0,0,1.792650,0.166518,0.594120,1.319299,1.066775,-1.271976,1.319299
nonmember,3835,7,2,0,2.236601,0.106821,0.276231,1.825091,1.147594,-0.950083,1.825091
nonmember,38240,5,3,0,2.134165,0.118343,0.186753,2.107649,0.965268,-0.456195,2.107649
nonmember,23846,9,0,0,5.572905,0.003799,0.740393,0.804615,0.142748,-5.272331,0.804615
nonmember,285,5,3,0,2.073263,0.125775,0.242924,2.130608,0.279586,-0.658257,2.130608
nonmember,17041,3,9,0,1.790920,0.166807,0.369346,1.925614,0.127147,-0.794900,1.925614
nonmember,18575,5,4,0,2.281404,0.102141,0.308664,1.812795,1.547641,-1.105902,1.812795
nonmember,25636,4,4,1,1.108373,0.330096,0.330096,1.704678,2.281557,0.226847,-1.704678
nonmember,33392,1,5,0,2.866498,0.056898,0.219035,2.058983,-0.280088,-1.347975,2.058983
nonmember,19660,9,9,1,0.212215,0.808791,0.808791,0.863072,3.134778,2.964516,-0.863072
nonmember,17005,7,7,1,0.788548,0.454504,0.454504,1.695143,1.845596,0.967437,-1.695143
nonmember,447,4,6,0,2.210060,0.109694,0.282468,1.985702,0.558605,-0.945870,1.985702
nonmember,4291,9,9,1,0.629940,0.532624,0.532624,1.469192,2.027949,1.074095,-1.469192
nonmember,17891,8,8,1,0.692518,0.500315,0.500315,1.377784,2.833844,0.910267,-1.377784
nonmember,34151,7,6,0,1.454198,0.233588,0.329428,1.614086,2.374207,-0.343801,1.614086
nonmember,20602,0,7,0,5.411123,0.004467,0.313028,1.758702,-1.912140,-4.249661,1.758702
nonmember,28165,4,6,0,1.403871,0.245644,0.258214,1.859037,1.750935,-0.049904,1.859037
nonmember,8246,3,4,0,1.898762,0.149754,0.159636,2.156129,0.771849,-0.063905,2.156129
nonmember,18248,2,4,0,3.976863,0.018744,0.480170,1.530668,-0.901855,-3.243249,1.530668
nonmember,15382,9,9,1,0.961537,0.382305,0.382305,1.531500,1.805705,0.146536,-1.531500
nonmember,45527,7,2,0,1.826874,0.160916,0.195632,2.078495,0.701715,-0.195357,2.078495
nonmember,27673,3,5,0,1.852138,0.156901,0.205835,2.124016,0.303596,-0.271458,2.124016
nonmember,10398,2,2,1,1.733503,0.176664,0.176664,2.181950,0.388823,0.142928,-2.181950
nonmember,44067,0,0,1,0.495903,0.609021,0.609021,1.241048,2.575474,1.221613,-1.241048
nonmember,44938,2,5,0,2.262520,0.104088,0.352493,1.972521,0.501637,-1.219795,1.972521
nonmember,21080,1,2,0,2.123825,0.119573,0.267549,1.978681,-0.164211,-0.805373,1.978681
nonmember,16707,9,9,1,1.287316,0.276011,0.276011,1.930066,0.924065,0.307935,-1.930066
nonmember,40188,4,9,0,2.851353,0.057766,0.307310,1.963377,-0.296900,-1.671456,1.963377
nonmember,34195,6,6,1,0.765190,0.465245,0.465245,1.415996,3.566059,0.364889,-1.415996
nonmember,36795,3,6,0,1.744946,0.174654,0.430550,1.528038,2.558867,-0.902255,1.528038
nonmember,39052,6,5,0,3.816378,0.022007,0.292024,1.860541,-1.228241,-2.585459,1.860541
nonmember,4737,3,8,0,3.180541,0.041563,0.562375,1.570307,-0.103887,-2.604954,1.570307
nonmember,39398,3,5,0,1.832496,0.160014,0.190430,2.023055,0.826422,-0.174027,2.023055
nonmember,30727,6,3,0,2.949325,0.052375,0.499802,1.644864,0.152278,-2.255781,1.644864
nonmember,7049,3,5,0,2.666652,0.069484,0.371059,1.652719,1.032517,-1.675257,1.652719
nonmember,27975,9,6,0,2.856453,0.057472,0.234442,1.979179,-0.220175,-1.405908,1.979179
nonmember,35943,9,9,1,0.740804,0.476730,0.476730,1.651907,1.755315,1.025375,-1.651907
nonmember,204,6,6,1,0.901435,0.405987,0.405987,1.806641,2.149655,0.917210,-1.806641
nonmember,30487,0,1,0,3.869100,0.020877,0.276142,1.910808,-1.271728,-2.582261,1.910808
nonmember,18451,0,0,1,0.320920,0.725481,0.725481,1.075769,3.055539,2.293879,-1.075769
nonmember,20731,1,9,0,2.917050,0.054093,0.478354,1.505014,-0.115837,-2.179646,1.505014
nonmember,31343,2,9,0,3.779292,0.022839,0.614648,1.262920,-0.442026,-3.292585,1.262920
nonmember,9981,7,3,0,3.035490,0.048051,0.232111,1.986483,-0.760950,-1.574953,1.986483
nonmember,10277,7,6,0,3.480604,0.030789,0.450628,1.577117,0.402615,-2.683491,1.577117
nonmember,1562,7,7,1,1.000904,0.367547,0.367547,1.931336,1.927822,1.116369,-1.931336
nonmember,41849,1,1,1,1.139762,0.319895,0.319895,1.883548,2.064884,0.307235,-1.883548
nonmember,33628,5,1,0,2.234617,0.107033,0.249387,1.942096,0.595088,-0.845867,1.942096
nonmember,25795,6,1,0,2.000777,0.135230,0.199929,2.142785,0.681406,-0.390984,2.142785
nonmember,20646,7,6,0,2.281775,0.102103,0.506572,1.601135,0.981445,-1.601686,1.601135
nonmember,21701,2,4,0,1.830256,0.160373,0.331433,1.712318,1.981182,-0.725925,1.712318
nonmember,38696,5,7,0,1.697208,0.183194,0.219157,1.942002,0.907517,-0.179241,1.942002
nonmember,1968,4,6,0,1.710903,0.180703,0.488852,1.486631,2.015214,-0.995208,1.486631
nonmember,35756,1,1,1,1.199507,0.301343,0.301343,1.911922,2.137515,0.364326,-1.911922
nonmember,7350,1,1,1,0.954393,0.385046,0.385046,1.581842,1.618072,0.418152,-1.581842
nonmember,34688,7,9,0,2.823243,0.059413,0.436845,1.585336,-0.638222,-1.995067,1.585336
nonmember,24768,7,4,0,2.671500,0.069148,0.321117,1.792012,0.934245,-1.535552,1.792012
nonmember,8410,0,3,0,5.992069,0.002498,0.323177,1.672524,-2.639406,-4.862513,1.672524
nonmember,30427,6,9,0,3.658784,0.025764,0.207673,2.102432,-1.570784,-2.086992,2.102432
nonmember,11187,2,0,0,3.161001,0.042383,0.723350,1.117680,-0.553944,-2.837139,1.117680
nonmember,38021,5,6,0,2.323742,0.097907,0.260393,1.964539,0.596130,-0.978178,1.964539
nonmember,14763,5,2,0,1.270697,0.280636,0.344396,1.780986,1.437394,-0.204734,1.780986
nonmember,38684,3,5,0,2.410058,0.089810,0.241814,1.873277,0.750139,-0.990471,1.873277
nonmember,21816,7,1,0,1.920201,0.146577,0.472812,1.734363,1.021724,-1.171144,1.734363
nonmember,47820,5,7,0,2.060513,0.127389,0.302584,2.048651,0.386974,-0.865116,2.048651
nonmember,14354,8,8,1,0.968926,0.379490,0.379490,1.450730,2.297202,0.107166,-1.450730
nonmember,14200,6,6,1,0.748447,0.473101,0.473101,1.536608,2.991412,0.883749,-1.536608
nonmember,6042,5,1,0,2.973377,0.051130,0.187999,2.061734,-0.430349,-1.302060,2.061734
nonmember,42323,5,5,1,1.329663,0.264567,0.264567,2.069746,0.717616,0.424983,-2.069746
nonmember,21974,0,0,1,0.780354,0.458244,0.458244,1.526897,2.187237,0.838512,-1.526897
nonmember,3922,1,0,0,3.664246,0.025623,0.569838,1.272456,-0.630117,-3.101843,1.272456
nonmember,44566,6,5,0,1.685524,0.185347,0.229391,2.112844,0.735424,-0.213197,2.112844
nonmember,25880,0,9,0,2.626976,0.072297,0.281149,2.058210,-0.629976,-1.358104,2.058210
nonmember,22336,5,4,0,3.150655,0.042824,0.375079,1.398549,1.835866,-2.170037,1.398549
nonmember,30357,8,8,1,0.438860,0.644771,0.644771,0.862368,4.083769,0.748173,-0.862368
nonmember,17185,2,9,0,3.595203,0.027455,0.577620,1.427290,-0.816443,-3.046365,1.427290
nonmember,33694,0,0,1,1.538400,0.214724,0.214724,2.020132,0.700675,0.062468,-2.020132
nonmember,4149,3,5,0,1.584607,0.205028,0.208588,1.979740,1.330722,-0.017211,1.979740
nonmember,32846,3,4,0,1.726479,0.177910,0.355338,1.698525,2.220284,-0.691794,1.698525
nonmember,21937,6,6,1,0.548409,0.577869,0.577869,1.497827,2.417071,1.818418,-1.497827
nonmember,86,4,4,1,1.070125,0.342966,0.342966,1.693893,2.821411,0.351329,-1.693893
nonmember,37413,9,9,1,0.489448,0.612965,0.612965,1.368496,2.359291,1.720432,-1.368496
nonmember,35887,2,6,0,2.408407,0.089959,0.361242,1.524090,1.830413,-1.390198,1.524090
nonmember,5273,8,1,0,1.407380,0.244784,0.329329,1.628659,1.569870,-0.296681,1.628659
nonmember,9633,4,6,0,1.650138,0.192023,0.295264,1.857154,1.608411,-0.430252,1.857154
nonmember,41868,0,1,0,2.516131,0.080772,0.278397,1.971425,-0.395109,-1.237422,1.971425
nonmember,23835,7,5,0,2.574004,0.076230,0.201186,2.168997,-0.053295,-0.970478,2.168997
nonmember,21707,5,2,0,2.108236,0.121452,0.342067,1.969376,0.590738,-1.035487,1.969376
nonmember,20356,7,4,0,2.685090,0.068215,0.329168,1.666105,1.166533,-1.573903,1.666105
nonmember,45040,1,1,1,1.126639,0.324121,0.324121,1.958448,1.432761,0.413290,-1.958448
nonmember,16657,8,0,0,1.449355,0.234722,0.429649,1.465673,1.624269,-0.604569,1.465673
nonmember,14608,6,6,1,0.791888,0.452989,0.452989,1.388911,3.811544,0.347564,-1.388911
nonmember,33080,4,6,0,1.357323,0.257349,0.286010,1.833538,1.931070,-0.105593,1.833538
nonmember,25263,2,8,0,3.485113,0.030650,0.438831,1.295170,0.065198,-2.661473,1.295170
nonmember,45466,1,8,0,2.882431,0.055998,0.333916,1.815035,-0.656577,-1.785564,1.815035
nonmember,34211,6,4,0,3.266134,0.038154,0.673041,1.231932,0.735542,-2.870186,1.231932
nonmember,32488,1,9,0,0.895236,0.408511,0.482565,1.139321,1.826806,-0.166596,1.139321
nonmember,6690,3,0,0,3.474515,0.030977,0.440508,1.705935,-1.318865,-2.654688,1.705935
nonmember,49132,7,5,0,2.987750,0.050401,0.367532,1.711664,0.286020,-1.986804,1.711664
nonmember,27800,2,6,0,2.835582,0.058684,0.628990,1.274132,1.182479,-2.371942,1.274132
nonmember,2715,7,7,1,1.143604,0.318668,0.318668,1.745658,1.709225,0.070432,-1.745658
nonmember,11309,8,9,0,2.590097,0.075013,0.608586,1.346837,0.221311,-2.093481,1.346837
nonmember,44044,4,2,0,2.868740,0.056770,0.307188,1.987886,-0.349901,-1.688446,1.987886
nonmember,42979,4,4,1,0.567360,0.567020,0.567020,1.521252,2.822783,1.730850,-1.521252
nonmember,32067,2,1,0,3.012100,0.049188,0.330481,1.933018,-0.212553,-1.904892,1.933018
nonmember,46812,3,5,0,2.004137,0.134777,0.210913,2.193377,0.149137,-0.447829,2.193377
nonmember,23933,1,0,0,3.080468,0.045938,0.862357,0.589636,1.066660,-2.932383,0.589636
nonmember,32740,7,9,0,4.187017,0.015192,0.543683,1.374241,-0.846420,-3.577627,1.374241
nonmember,26977,8,0,0,1.523505,0.217947,0.379111,1.469033,1.453457,-0.553578,1.469033
nonmember,37482,7,7,1,0.892579,0.409598,0.409598,1.858378,1.697530,1.004639,-1.858378
nonmember,39923,5,9,0,1.884691,0.151876,0.203602,2.078930,0.234595,-0.293101,2.078930
nonmember,15538,4,2,0,1.600678,0.201760,0.291230,1.720599,1.902233,-0.367038,1.720599
nonmember,41363,9,9,1,0.724372,0.484629,0.484629,1.376278,2.658882,0.850546,-1.376278
nonmember,11834,9,3,0,2.024110,0.132111,0.327783,1.938536,-0.031501,-0.908705,1.938536
nonmember,44916,4,9,0,2.132257,0.118569,0.239300,2.101169,0.453809,-0.702220,2.101169
nonmember,15484,6,6,1,0.607181,0.544885,0.544885,1.480283,2.680297,1.321941,-1.480283
nonmember,41469,2,4,0,2.034551,0.130739,0.394737,1.667738,1.857169,-1.105015,1.667738
nonmember,15760,4,0,0,4.083422,0.016850,0.400424,1.816208,-1.361349,-3.168190,1.816208
nonmember,15028,6,4,0,1.471912,0.229486,0.316870,1.697176,2.652034,-0.322649,1.697176
nonmember,464,6,6,1,0.698158,0.497501,0.497501,1.592075,2.536509,1.133018,-1.592075
nonmember,9087,6,6,1,0.765539,0.465083,0.465083,1.608294,2.974499,1.118249,-1.608294
nonmember,3622,7,6,0,3.176832,0.041718,0.484820,1.600969,0.077270,-2.452854,1.600969
nonmember,24488,0,7,0,2.190990,0.111806,0.291927,1.907912,0.233710,-0.959739,1.907912
nonmember,22136,7,5,0,1.861535,0.155434,0.211410,2.092653,0.877981,-0.307577,2.092653
nonmember,17933,8,8,1,0.247721,0.780578,0.780578,0.842372,3.465059,2.152746,-0.842372
nonmember,47568,1,8,0,4.993815,0.006780,0.572251,1.100610,-0.378729,-4.435638,1.100610
nonmember,41670,7,9,0,1.302040,0.271976,0.494241,1.515720,1.461664,-0.597309,1.515720
nonmember,20031,5,8,0,1.948583,0.142476,0.534229,1.594479,0.617262,-1.321652,1.594479
nonmember,25456,6,6,1,0.931307,0.394038,0.394038,1.628047,3.098093,0.515897,-1.628047
nonmember,9572,8,1,0,2.363890,0.094054,0.276486,2.097575,0.154540,-1.078295,2.097575
nonmember,24582,4,6,0,1.254411,0.285244,0.330990,1.677838,2.540999,-0.148742,1.677838
nonmember,23998,3,6,0,2.565279,0.076898,0.457925,1.508389,1.463995,-1.784228,1.508389
nonmember,8765,4,4,1,1.304144,0.271405,0.271405,1.974789,1.520903,0.301692,-1.974789
nonmember,44854,1,1,1,1.217925,0.295843,0.295843,1.774630,1.048695,0.094586,-1.774630
nonmember,3200,6,6,1,0.690842,0.501154,0.501154,1.566252,2.954940,1.339705,-1.566252
nonmember,37522,0,1,0,3.218235,0.040026,0.312594,1.804222,-0.205892,-2.055384,1.804222
nonmember,40914,3,2,0,2.640199,0.071347,0.280617,2.104182,-0.049628,-1.369435,2.104182
nonmember,5014,1,8,0,2.431605,0.087896,0.691428,0.975390,1.689656,-2.062609,0.975390
nonmember,21454,4,6,0,1.571399,0.207754,0.447788,1.617142,1.956120,-0.767964,1.617142
nonmember,30588,6,6,1,0.907257,0.403630,0.403630,1.576999,2.716360,0.307927,-1.576999
nonmember,39630,6,1,0,3.151414,0.042792,0.532640,1.612367,-0.191172,-2.521505,1.612367
nonmember,30167,7,4,0,1.517134,0.219340,0.253827,1.833919,2.181618,-0.146030,1.833919
nonmember,26522,0,0,1,0.573768,0.563399,0.563399,1.403598,2.544718,1.490535,-1.403598
nonmember,26647,9,9,1,0.935397,0.392430,0.392430,1.881051,1.728653,1.050395,-1.881051
nonmember,46515,3,1,0,2.262855,0.104053,0.410708,1.678457,0.512163,-1.372981,1.678457
nonmember,33580,2,6,0,1.910150,0.148058,0.285567,1.949997,1.176379,-0.656870,1.949997
nonmember,44084,3,2,0,2.145793,0.116975,0.308465,2.004670,0.557634,-0.969648,2.004670
nonmember,46841,3,1,0,3.017990,0.048899,0.231835,2.019608,-0.646749,-1.556263,2.019608
nonmember,39103,5,3,0,1.503059,0.222449,0.414917,1.630254,1.781177,-0.623381,1.630254
nonmember,37780,9,9,1,0.580653,0.559533,0.559533,1.467859,2.701550,1.099449,-1.467859
nonmember,9172,2,0,0,4.550215,0.010565,0.322292,1.858850,-1.948352,-3.417917,1.858850
nonmember,29773,8,2,0,4.314777,0.013370,0.313498,1.990741,-2.113441,-3.154815,1.990741
nonmember,28711,4,6,0,1.654844,0.191122,0.246646,1.824264,2.198548,-0.255044,1.824264
nonmember,47436,4,7,0,1.667575,0.188704,0.277704,1.864842,1.613333,-0.386375,1.864842
nonmember,28450,8,0,0,1.107663,0.330330,0.493385,1.215743,2.724592,-0.401197,1.215743
nonmember,32388,4,3,0,1.619734,0.197951,0.216317,1.843376,2.307942,-0.088723,1.843376
nonmember,31851,7,7,1,0.900441,0.406390,0.406390,1.517342,2.994079,0.374160,-1.517342
nonmember,26782,6,9,0,3.980712,0.018672,0.371383,1.838902,-1.564480,-2.990192,1.838902
nonmember,19828,0,8,0,0.759269,0.468008,0.473477,0.911375,4.587654,-0.011617,0.911375
nonmember,12248,9,9,1,0.453326,0.635511,0.635511,1.364338,2.078106,1.590775,-1.364338
nonmember,42347,1,9,0,2.631564,0.071966,0.721610,1.127196,0.270629,-2.305293,1.127196
nonmember,6118,6,6,1,0.807433,0.446002,0.446002,1.571537,2.765387,0.539441,-1.571537
nonmember,49746,8,8,1,1.050717,0.349687,0.349687,1.372329,2.026846,0.009074,-1.372329
nonmember,47953,6,6,1,1.208542,0.298632,0.298632,1.561886,3.304216,0.118264,-1.561886
nonmember,28387,4,7,0,2.275622,0.102733,0.262354,1.946719,0.226195,-0.937561,1.946719
nonmember,3876,9,2,0,3.217600,0.040051,0.300919,1.878241,-0.352251,-2.016687,1.878241
nonmember,48290,2,4,0,3.447362,0.031829,0.363499,1.609981,0.933972,-2.435383,1.609981
nonmember,24385,1,9,0,2.779186,0.062089,0.703490,1.210281,-0.214542,-2.427484,1.210281
nonmember,1303,4,2,0,3.405403,0.033193,0.355161,1.937229,-0.753345,-2.370219,1.937229
nonmember,46522,2,2,1,1.310205,0.269765,0.269765,2.037840,1.062155,0.480718,-2.037840
nonmember,40057,3,6,0,2.351489,0.095227,0.325233,1.835029,1.066473,-1.228275,1.835029
nonmember,46627,3,6,0,2.285135,0.101760,0.590381,1.433904,1.512090,-1.758147,1.433904
nonmember,2650,6,6,1,1.357679,0.257257,0.257257,1.910159,1.775162,0.253931,-1.910159
nonmember,47759,9,6,0,2.906219,0.054682,0.360910,1.795333,0.238210,-1.887091,1.795333
nonmember,25828,6,6,1,0.614176,0.541087,0.541087,1.434688,3.236447,1.339061,-1.434688
nonmember,6686,6,6,1,0.834657,0.434023,0.434023,1.725488,2.406119,1.020795,-1.725488
nonmember,40625,2,7,0,1.811341,0.163435,0.302273,1.983233,0.544194,-0.614916,1.983233
nonmember,6346,8,9,0,3.287713,0.037339,0.670783,1.259640,-0.762877,-2.888404,1.259640
nonmember,33023,2,6,0,1.878954,0.152750,0.389725,1.473671,1.790098,-0.936639,1.473671
nonmember,47139,4,1,0,2.068769,0.126341,0.229188,2.109437,0.262945,-0.595557,2.109437
nonmember,27639,0,7,0,3.215031,0.040154,0.213749,2.045329,-0.659433,-1.672077,2.045329
nonmember,3441,0,9,0,2.100565,0.122387,0.385955,1.892859,0.439728,-1.148529,1.892859
nonmember,40079,9,9,1,0.606107,0.545470,0.545470,1.573077,2.283898,1.662737,-1.573077
nonmember,33530,0,0,1,0.828247,0.436814,0.436814,1.382437,2.788551,0.531275,-1.382437
nonmember,27837,9,9,1,0.872154,0.418050,0.418050,1.345240,2.515785,0.205591,-1.345240
nonmember,14981,6,3,0,1.514208,0.219982,0.279092,1.837816,1.597870,-0.237993,1.837816
nonmember,35319,2,2,1,1.032739,0.356030,0.356030,1.957376,1.642734,0.913358,-1.957376
nonmember,45387,0,9,0,2.311818,0.099081,0.378093,1.797261,0.158593,-1.339204,1.797261
nonmember,24057,0,4,0,5.313895,0.004923,0.441044,1.739495,-1.599749,-4.495283,1.739495
nonmember,17904,3,3,1,1.341034,0.261575,0.261575,1.955157,1.213360,0.161392,-1.955157
nonmember,30407,1,0,0,5.402194,0.004507,0.907598,0.368878,0.041676,-5.305240,0.368878
nonmember,2133,2,6,0,2.403614,0.090391,0.330264,1.789161,0.630812,-1.295752,1.789161
nonmember,13758,5,3,0,4.094754,0.016660,0.315278,1.794530,-0.210290,-2.940453,1.794530
nonmember,10333,7,5,0,3.219426,0.039978,0.258810,2.043427,-0.603551,-1.867765,2.043427
nonmember,14857,4,6,0,1.719762,0.179109,0.427167,1.594918,2.568911,-0.869181,1.594918
nonmember,5117,7,1,0,5.505713,0.004063,0.358800,1.427101,-1.717344,-4.480723,1.427101
nonmember,41436,9,9,1,0.357145,0.699671,0.699671,1.113506,2.826886,1.732432,-1.113506
nonmember,41794,1,9,0,1.508308,0.221284,0.422876,1.332192,2.234619,-0.647631,1.332192
nonmember,18153,8,0,0,3.750625,0.023503,0.413646,1.653114,-1.271814,-2.867879,1.653114
nonmember,29421,8,0,0,1.473850,0.229042,0.527476,1.233230,1.796967,-0.834199,1.233230
nonmember,4990,5,9,0,2.956702,0.051990,0.273705,2.006377,-0.020467,-1.660997,2.006377
nonmember,6146,2,6,0,2.170830,0.114083,0.640334,1.069033,3.013182,-1.725065,1.069033
nonmember,18191,2,9,0,2.015692,0.133228,0.280866,1.877248,0.561039,-0.745813,1.877248
nonmember,15551,7,7,1,0.919964,0.398533,0.398533,1.844793,1.689352,1.006177,-1.844793
nonmember,28915,9,8,0,1.696963,0.183239,0.294681,1.815385,0.668294,-0.475100,1.815385
nonmember,31196,8,0,0,1.218808,0.295582,0.337721,1.755069,1.228569,-0.133274,1.755069
nonmember,32811,1,8,0,1.868043,0.154426,0.389656,1.644850,0.531015,-0.925552,1.644850
nonmember,39171,3,4,0,2.116468,0.120456,0.305294,1.747636,1.658159,-0.929987,1.747636
nonmember,42304,7,7,1,1.348541,0.259619,0.259619,1.828017,1.459631,0.046133,-1.828017
nonmember,20230,7,2,0,2.168842,0.114310,0.245213,1.905493,0.764144,-0.763213,1.905493
nonmember,29462,9,9,1,1.030934,0.356674,0.356674,1.850428,1.097555,0.461042,-1.850428
nonmember,2258,0,2,0,4.210538,0.014838,0.383423,1.860597,-1.696263,-3.251920,1.860597
nonmember,15125,2,6,0,2.066159,0.126671,0.458183,1.701208,1.371389,-1.285673,1.701208
nonmember,33360,0,8,0,1.403243,0.245798,0.453230,1.421908,1.735019,-0.611887,1.421908
nonmember,48554,0,9,0,2.553225,0.077830,0.437477,1.150322,0.929364,-1.726494,1.150322
nonmember,4420,0,0,1,0.178474,0.836545,0.836545,0.613320,4.313909,1.964947,-0.613320
nonmember,25769,3,5,0,2.075077,0.125547,0.354632,1.962895,0.144562,-1.038403,1.962895
nonmember,48049,6,9,0,2.425839,0.088404,0.199237,2.190725,-0.680307,-0.812579,2.190725
nonmember,28235,9,2,0,2.439651,0.087191,0.492024,1.574241,0.996683,-1.730423,1.574241
nonmember,31701,4,3,0,1.800308,0.165248,0.241590,1.933147,1.431577,-0.379796,1.933147
nonmember,20972,6,6,1,0.305362,0.736856,0.736856,0.825567,5.342896,1.351317,-0.825567
nonmember,48975,1,9,0,1.558010,0.210555,0.214766,2.019061,1.127311,-0.019806,2.019061
nonmember,18666,9,1,0,2.703251,0.066987,0.603000,1.398228,0.397934,-2.197412,1.398228
nonmember,2052,1,1,1,0.947622,0.387662,0.387662,1.873738,1.895376,0.908321,-1.873738
nonmember,45321,5,7,0,2.968390,0.051386,0.472873,1.582285,1.016382,-2.219461,1.582285
nonmember,15093,6,4,0,1.233835,0.291174,0.331652,1.705371,2.237668,-0.130168,1.705371
nonmember,263,4,4,1,0.725272,0.484193,0.484193,1.388448,3.165375,0.409735,-1.388448
nonmember,26927,8,2,0,3.708578,0.024512,0.407316,1.628921,-0.266796,-2.810413,1.628921
nonmember,45066,3,7,0,1.860910,0.155531,0.237163,2.088509,0.692755,-0.421902,2.088509
nonmember,46858,1,1,1,1.155175,0.315002,0.315002,1.728942,1.466482,0.088952,-1.728942
nonmember,28665,0,0,1,0.172804,0.841302,0.841302,0.529745,5.335121,1.828629,-0.529745
nonmember,12792,8,1,0,2.078207,0.125154,0.208306,2.080277,-0.266588,-0.509458,2.080277
nonmember,21289,9,9,1,0.530049,0.588576,0.588576,1.411318,2.055161,1.297848,-1.411318
nonmember,1194,6,6,1,0.755013,0.470005,0.470005,1.492901,3.484296,0.729050,-1.492901
nonmember,45404,2,2,1,1.230292,0.292207,0.292207,1.875420,1.864444,0.389015,-1.875420
nonmember,49643,1,9,0,1.815257,0.162796,0.534382,1.549456,0.655495,-1.188613,1.549456
nonmember,3177,3,3,1,0.908070,0.403302,0.403302,1.654658,1.806881,0.434316,-1.654658
nonmember,34278,1,1,1,1.053250,0.348802,0.348802,1.903068,1.741713,0.684048,-1.903068
nonmember,26100,4,1,0,2.561913,0.077157,0.283647,1.886080,0.031801,-1.301888,1.886080
nonmember,13004,8,8,1,1.161159,0.313123,0.313123,1.729670,1.916722,0.214632,-1.729670
nonmember,1817,4,4,1,1.232114,0.291675,0.291675,1.769856,1.903196,0.028632,-1.769856
nonmember,37113,6,2,0,1.918741,0.146792,0.297933,1.744364,1.265683,-0.707856,1.744364
nonmember,38942,3,6,0,1.877242,0.153012,0.348723,1.776464,1.747208,-0.823765,1.776464
nonmember,19316,5,9,0,2.713316,0.066317,0.273129,1.918967,-0.435566,-1.415505,1.918967
nonmember,24308,4,6,0,2.863604,0.057063,0.370837,1.652722,0.278017,-1.871611,1.652722
nonmember,8902,5,6,0,2.139511,0.117712,0.333113,1.849108,1.471896,-1.040238,1.849108
nonmember,33991,9,9,1,0.331460,0.717875,0.717875,1.042471,2.976368,1.891591,-1.042471
nonmember,40518,1,1,1,0.223464,0.799744,0.799744,0.738174,4.594982,1.894987,-0.738174
nonmember,38023,0,0,1,0.347291,0.706599,0.706599,1.174603,2.261115,2.363384,-1.174603
nonmember,15165,6,4,0,2.623105,0.072577,0.259546,1.991264,-0.143991,-1.274284,1.991264
nonmember,31550,2,6,0,1.461255,0.231945,0.365911,1.734841,1.917680,-0.455890,1.734841
nonmember,38949,8,8,1,0.424010,0.654417,0.654417,1.153468,2.893667,1.589505,-1.153468
nonmember,18367,8,8,1,0.894253,0.408913,0.408913,1.323727,3.395970,0.438342,-1.323727
nonmember,44513,3,5,0,1.994163,0.136128,0.266530,1.929129,0.909140,-0.671896,1.929129
nonmember,15845,5,5,1,1.200167,0.301144,0.301144,1.846318,1.680468,0.127397,-1.846318
nonmember,34204,3,7,0,3.738301,0.023794,0.449838,1.761463,-1.104985,-2.939433,1.761463
nonmember,38438,6,5,0,2.068895,0.126325,0.247817,1.958381,0.849757,-0.673830,1.958381
nonmember,18138,2,6,0,2.747967,0.064058,0.637462,1.228111,1.292916,-2.297707,1.228111
nonmember,3886,1,9,0,1.815105,0.162821,0.533002,1.553064,0.750970,-1.185874,1.553064
nonmember,25648,9,9,1,0.800765,0.448985,0.448985,1.574729,1.789339,0.564315,-1.574729
nonmember,494,3,5,0,1.581196,0.205729,0.283135,1.883537,0.891788,-0.319366,1.883537
nonmember,41255,2,3,0,3.242634,0.039061,0.353458,1.885564,-0.182012,-2.202643,1.885564
nonmember,44570,8,0,0,1.750595,0.173671,0.274971,1.938745,0.351165,-0.459506,1.938745
nonmember,44746,0,0,1,0.757549,0.468814,0.468814,1.490317,2.325750,0.528518,-1.490317
nonmember,44497,5,5,1,1.151410,0.316191,0.316191,2.048407,0.693343,0.819311,-2.048407
nonmember,46971,6,9,0,3.711658,0.024437,0.331859,1.935593,-1.294559,-2.608612,1.935593
nonmember,34538,9,4,0,3.727182,0.024061,0.255754,1.999721,-1.021682,-2.363641,1.999721
nonmember,36470,0,0,1,0.179188,0.835949,0.835949,0.688412,3.282938,2.203658,-0.688412
nonmember,1274,5,6,0,2.877324,0.056285,0.501666,1.419679,1.430028,-2.187503,1.419679
nonmember,20430,9,9,1,1.378165,0.252041,0.252041,1.937572,1.255718,0.006125,-1.937572
nonmember,46255,4,6,0,1.263803,0.282577,0.353045,1.575947,2.956536,-0.222642,1.575947
nonmember,11986,8,8,1,1.368698,0.254438,0.254438,1.761567,1.267385,0.090374,-1.761567
nonmember,38766,2,7,0,2.729202,0.065271,0.275472,1.999166,-0.551551,-1.439932,1.999166
nonmember,42236,8,8,1,1.464317,0.231236,0.231236,1.806206,1.002387,0.035096,-1.806206
nonmember,21273,9,2,0,2.146920,0.116843,0.234878,2.034182,0.196508,-0.698230,2.034182
nonmember,26103,6,6,1,0.856457,0.424664,0.424664,1.706761,2.383401,0.983305,-1.706761
nonmember,45569,1,1,1,0.956792,0.384123,0.384123,1.513341,2.310709,0.118868,-1.513341
nonmember,42099,6,6,1,0.378317,0.685013,0.685013,1.109324,4.206295,1.743281,-1.109324
nonmember,23974,3,4,0,1.526696,0.217252,0.252752,1.948982,1.439433,-0.151351,1.948982
nonmember,4439,3,3,1,0.701193,0.495993,0.495993,1.464106,3.267947,0.828150,-1.464106
nonmember,28111,7,2,0,2.519522,0.080498,0.296859,1.941539,0.221576,-1.305024,1.941539
nonmember,41761,8,9,0,2.580877,0.075708,0.390660,1.772250,-0.052105,-1.640959,1.772250
nonmember,7908,5,6,0,2.594860,0.074656,0.325231,2.022838,0.730622,-1.471642,2.022838
nonmember,25026,5,2,0,2.837294,0.058584,0.297519,1.901420,0.200819,-1.625017,1.901420
nonmember,8268,0,9,0,1.478213,0.228045,0.321639,1.639665,1.577217,-0.343887,1.639665
nonmember,810,2,7,0,1.917043,0.147041,0.333700,1.913731,0.747675,-0.819530,1.913731
nonmember,41543,8,8,1,0.826000,0.437797,0.437797,1.104813,2.886062,0.005654,-1.104813
nonmember,9294,7,0,0,2.909491,0.054503,0.403806,1.833991,-0.166050,-2.002670,1.833991
nonmember,2308,9,6,0,4.405235,0.012213,0.677194,1.122889,-0.019751,-4.015437,1.122889
nonmember,30993,7,2,0,2.736152,0.064819,0.504819,1.645575,-0.077508,-2.052597,1.645575
nonmember,10781,9,9,1,0.557898,0.572411,0.572411,1.440681,2.598942,1.614359,-1.440681
nonmember,26901,7,8,0,2.372992,0.093201,0.185494,2.140149,0.149603,-0.688259,2.140149
nonmember,19273,0,0,1,1.003745,0.366504,0.366504,1.643854,2.410872,0.369594,-1.643854
nonmember,5218,3,4,0,2.219024,0.108715,0.310978,1.693044,2.201925,-1.050991,1.693044
nonmember,10646,8,1,0,1.533008,0.215885,0.233156,1.800177,0.526788,-0.076958,1.800177
nonmember,517,3,1,0,2.855100,0.057550,0.293642,1.984000,0.441005,-1.629705,1.984000
nonmember,5795,8,0,0,2.777839,0.062173,0.608599,1.095612,1.184065,-2.281243,1.095612
nonmember,24720,0,0,1,0.975781,0.376898,0.376898,1.718284,1.358016,0.514691,-1.718284
nonmember,30853,9,1,0,2.233324,0.107172,0.268096,1.983778,0.170364,-0.916912,1.983778
nonmember,6482,3,6,0,2.230848,0.107437,0.389681,1.671850,1.259751,-1.288422,1.671850
nonmember,11118,4,5,0,1.802387,0.164905,0.258577,2.047982,0.604279,-0.449823,2.047982
nonmember,14095,7,3,0,1.636469,0.194666,0.289968,1.866750,1.706253,-0.398484,1.866750
nonmember,24870,6,3,0,2.227007,0.107851,0.264469,1.950601,-0.242166,-0.896974,1.950601
nonmember,24076,9,1,0,1.835028,0.159609,0.605124,1.393145,1.529748,-1.332706,1.393145
nonmember,14090,4,3,0,1.848699,0.157442,0.238434,1.960980,1.467127,-0.415036,1.960980
nonmember,14311,1,8,0,3.617446,0.026851,0.481709,1.164036,0.277464,-2.887031,1.164036
nonmember,34187,2,2,1,1.242998,0.288518,0.288518,1.694039,2.326932,0.100393,-1.694039
nonmember,5388,9,9,1,0.642655,0.525894,0.525894,1.468516,1.797651,1.123062,-1.468516
nonmember,48152,9,1,0,1.766670,0.170901,0.459454,1.651503,1.069698,-0.988954,1.651503
nonmember,48966,3,0,0,3.214831,0.040162,0.368842,1.690655,-0.759718,-2.217443,1.690655
nonmember,17496,3,5,0,1.872506,0.153738,0.376243,1.850404,0.944582,-0.894988,1.850404
nonmember,2898,6,6,1,1.086286,0.337467,0.337467,1.820895,1.759717,0.326669,-1.820895
nonmember,10610,8,9,0,2.192228,0.111668,0.593588,1.381665,0.510238,-1.670659,1.381665
nonmember,46773,4,2,0,1.913639,0.147542,0.366514,1.764922,1.136994,-0.909922,1.764922
nonmember,30937,8,1,0,1.544403,0.213439,0.449617,1.577076,0.730036,-0.745044,1.577076
nonmember,38030,2,6,0,2.739785,0.064584,0.633860,1.216956,1.174273,-2.283858,1.216956
nonmember,14872,8,9,0,1.057640,0.347274,0.460426,1.314792,2.244752,-0.282038,1.314792
nonmember,27346,6,6,1,0.906243,0.404039,0.404039,1.599649,3.145062,0.621517,-1.599649
nonmember,35749,9,1,0,1.258512,0.284076,0.297115,1.809252,1.532817,-0.044877,1.809252
nonmember,48744,8,8,1,0.246584,0.781466,0.781466,0.566111,6.710907,1.306519,-0.566111
nonmember,40659,7,9,0,3.426638,0.032496,0.316131,2.027404,-1.428764,-2.275038,2.027404
nonmember,3615,3,1,0,3.139340,0.043311,0.515994,1.444347,-0.088890,-2.477679,1.444347
nonmember,28819,3,6,0,2.556470,0.077578,0.527593,1.513381,0.817666,-1.917041,1.513381
nonmember,27372,4,4,1,0.563715,0.569091,0.569091,1.478913,3.385387,1.715409,-1.478913
nonmember,35671,8,0,0,3.224297,0.039784,0.644660,1.294768,-0.500926,-2.785265,1.294768
nonmember,42400,0,0,1,0.076826,0.926051,0.926051,0.296527,6.662946,2.634620,-0.296527
nonmember,44214,5,5,1,1.127184,0.323944,0.323944,1.815918,1.408070,0.461955,-1.815918
nonmember,4185,1,1,1,0.541189,0.582056,0.582056,1.386473,2.941767,1.434258,-1.386473
nonmember,9037,8,1,0,2.635234,0.071702,0.555343,1.503860,0.476623,-2.047065,1.503860
nonmember,34421,0,0,1,0.240741,0.786045,0.786045,0.814314,3.727476,2.139903,-0.814314
nonmember,5489,6,1,0,2.547898,0.078246,0.295599,1.883057,0.540789,-1.329147,1.883057
nonmember,12492,0,0,1,0.979912,0.375344,0.375344,1.913634,1.459439,0.983937,-1.913634
nonmember,8124,1,9,0,2.427814,0.088230,0.462908,1.691258,-0.487490,-1.657587,1.691258
nonmember,43228,4,7,0,2.667736,0.069409,0.575800,1.280652,0.835475,-2.115741,1.280652
nonmember,37155,9,9,1,0.555883,0.573566,0.573566,1.493552,1.857378,1.303205,-1.493552
nonmember,23109,8,0,0,1.740712,0.175395,0.446584,1.706841,0.653560,-0.934586,1.706841
nonmember,27118,3,6,0,1.542774,0.213787,0.219730,1.969178,1.458823,-0.027419,1.969178
nonmember,43508,0,8,0,1.183462,0.306217,0.621964,0.930452,3.202596,-0.708589,0.930452
nonmember,48196,9,9,1,0.654903,0.519493,0.519493,1.499010,1.759980,1.076510,-1.499010
nonmember,35086,1,8,0,1.600837,0.201728,0.317072,1.748169,0.949366,-0.452212,1.748169
nonmember,20218,7,7,1,1.069426,0.343205,0.343205,1.996426,0.744357,0.672706,-1.996426
nonmember,4540,0,0,1,0.510958,0.599921,0.599921,1.396075,2.164345,1.406593,-1.396075
nonmember,11583,0,2,0,5.982203,0.002523,0.360590,1.731228,-2.664433,-4.962188,1.731228
nonmember,17155,3,7,0,2.500738,0.082024,0.412060,1.829433,0.459013,-1.614152,1.829433
nonmember,30797,7,3,0,1.354089,0.258182,0.290292,1.747084,2.499864,-0.117221,1.747084
nonmember,45372,8,9,0,1.671576,0.187951,0.389378,1.795596,0.476143,-0.728371,1.795596
nonmember,44630,0,8,0,1.787081,0.167448,0.512031,1.554517,1.170681,-1.117711,1.554517
nonmember,48854,6,2,0,2.223047,0.108279,0.313339,1.954955,0.764513,-1.062579,1.954955
nonmember,18817,9,9,1,0.815929,0.442228,0.442228,1.866780,1.905058,1.475182,-1.866780
nonmember,35911,8,0,0,1.626143,0.196687,0.284234,1.822198,1.103053,-0.368186,1.822198
nonmember,20237,8,0,0,1.684411,0.185554,0.372405,1.848926,0.485764,-0.696637,1.848926
nonmember,42836,6,1,0,1.971321,0.139273,0.214912,2.161089,0.611294,-0.433795,2.161089
nonmember,4939,7,0,0,1.716228,0.179743,0.183778,2.140801,0.590793,-0.022202,2.140801
nonmember,5189,2,6,0,2.420773,0.088853,0.418115,1.579374,1.308432,-1.548773,1.579374
nonmember,35707,8,9,0,1.600443,0.201807,0.603998,1.178723,2.083349,-1.096259,1.178723
nonmember,16814,3,1,0,1.918392,0.146843,0.262514,1.943729,1.280383,-0.580939,1.943729
nonmember,5989,7,6,0,1.849486,0.157318,0.458532,1.593759,2.023170,-1.069761,1.593759
nonmember,38558,2,4,0,2.994462,0.050064,0.242512,2.050132,-0.467678,-1.577760,2.050132
nonmember,47042,0,0,1,0.033940,0.966629,0.966629,0.195242,5.229607,4.112230,-0.195242
nonmember,31327,8,1,0,4.234107,0.014493,0.548056,1.560547,-1.241155,-3.632730,1.560547
nonmember,45935,4,0,0,3.934153,0.019562,0.436762,1.793385,-1.984074,-3.105785,1.793385
nonmember,8341,2,1,0,2.547973,0.078240,0.297991,1.990610,0.541071,-1.337282,1.990610
nonmember,33833,3,4,0,2.385063,0.092083,0.536367,1.348199,2.135826,-1.762125,1.348199
nonmember,42083,0,8,0,1.326665,0.265361,0.650262,0.967043,2.700138,-0.896286,0.967043
nonmember,21963,7,0,0,2.178672,0.113192,0.496872,1.607200,0.119675,-1.479249,1.607200
nonmember,26640,5,7,0,2.863634,0.057061,0.259514,1.985697,0.427780,-1.514689,1.985697
nonmember,6070,3,5,0,1.368930,0.254379,0.581101,1.256974,2.668608,-0.826100,1.256974
nonmember,25584,7,2,0,1.959318,0.140955,0.211511,2.016844,0.356776,-0.405841,2.016844
nonmember,28348,2,2,1,1.631056,0.195723,0.195723,1.976543,0.662912,0.015793,-1.976543
nonmember,36138,2,6,0,2.325112,0.097772,0.326224,1.923575,0.633874,-1.204942,1.923575
nonmember,3500,6,6,1,0.870814,0.418610,0.418610,1.493983,3.364022,0.521599,-1.493983
nonmember,7164,5,5,1,1.226625,0.293281,0.293281,2.077841,1.357438,0.753929,-2.077841
nonmember,23200,4,1,0,3.106821,0.044743,0.258019,2.054275,-0.417682,-1.752098,2.054275
nonmember,17725,4,6,0,1.562214,0.209671,0.313028,1.887546,1.424604,-0.400752,1.887546
nonmember,35925,4,6,0,2.501129,0.081992,0.263811,1.994657,0.149516,-1.168606,1.994657
nonmember,11713,2,2,1,1.035506,0.355047,0.355047,1.623111,2.823354,0.316130,-1.623111
nonmember,27519,4,6,0,1.908347,0.148325,0.294656,1.845542,1.087122,-0.686399,1.845542
nonmember,47661,5,2,0,2.040222,0.130000,0.270280,2.046480,0.433318,-0.731927,2.046480
nonmember,30210,8,9,0,2.421264,0.088809,0.328809,1.457789,0.358794,-1.308987,1.457789
nonmember,23818,8,8,1,0.755381,0.469832,0.469832,1.071025,2.931700,0.068936,-1.071025
nonmember,45831,5,6,0,1.854186,0.156580,0.206677,1.897452,1.196337,-0.277588,1.897452
nonmember,23280,1,3,0,2.011600,0.133774,0.321425,1.885282,0.915776,-0.876608,1.885282
nonmember,509,8,9,0,2.143927,0.117194,0.596919,1.390824,1.745701,-1.627953,1.390824
nonmember,4416,9,9,1,1.055336,0.348076,0.348076,1.807930,1.220123,0.515692,-1.807930
nonmember,16270,5,3,0,2.123249,0.119642,0.218121,1.909449,1.290213,-0.600542,1.909449
nonmember,30410,7,4,0,1.738391,0.175803,0.293988,1.936610,0.969760,-0.514174,1.936610
nonmember,16290,2,6,0,2.255601,0.104811,0.213169,2.174370,0.043107,-0.709930,2.174370
nonmember,107,5,5,1,1.090426,0.336073,0.336073,1.651826,2.595932,0.151551,-1.651826
nonmember,28485,4,6,0,1.860388,0.155612,0.304571,1.919512,1.379655,-0.671538,1.919512
nonmember,13858,1,9,0,1.997651,0.135654,0.314170,1.896952,0.752090,-0.839830,1.896952
nonmember,34259,0,6,0,7.894704,0.000373,0.583131,1.383018,-3.983716,-7.355360,1.383018
nonmember,966,4,4,1,0.534611,0.585897,0.585897,1.257133,4.358801,1.023935,-1.257133
nonmember,16106,6,2,0,1.927611,0.145495,0.284905,2.064137,0.613905,-0.672012,2.064137
nonmember,31146,3,6,0,3.707329,0.024543,0.238179,1.847604,-0.931378,-2.272595,1.847604
nonmember,21417,4,7,0,2.300815,0.100177,0.185120,2.142232,-0.216922,-0.614064,2.142232
nonmember,17002,1,8,0,2.642555,0.071179,0.392303,1.431074,0.697923,-1.706834,1.431074
nonmember,44375,8,8,1,0.537841,0.584008,0.584008,1.050552,3.387492,0.639656,-1.050552
nonmember,46610,1,9,0,2.142149,0.117402,0.422578,1.487926,0.132507,-1.280768,1.487926
nonmember,38836,9,8,0,1.994013,0.136148,0.634816,1.050722,2.502264,-1.539592,1.050722
nonmember,30773,9,9,1,1.207540,0.298932,0.298932,1.968834,1.440217,0.364918,-1.968834
nonmember,4608,2,6,0,2.235034,0.106989,0.442801,1.521051,2.009916,-1.420399,1.521051
nonmember,44260,5,7,0,2.375434,0.092974,0.297250,1.929124,0.414280,-1.162252,1.929124
nonmember,2548,9,9,1,0.518103,0.595649,0.595649,1.441787,2.128356,1.639714,-1.441787
nonmember,17537,7,4,0,2.684841,0.068232,0.468945,1.588804,0.985244,-1.927571,1.588804
nonmember,39847,2,4,0,1.759781,0.172083,0.213207,1.908304,1.875054,-0.214291,1.908304
nonmember,30052,0,6,0,4.639389,0.009664,0.338930,1.897078,-1.537256,-3.557427,1.897078
nonmember,29193,9,9,1,0.942087,0.389813,0.389813,1.799884,1.730063,0.846794,-1.799884
nonmember,29073,9,3,0,3.738112,0.023799,0.529064,1.506140,-0.409694,-3.101466,1.506140
nonmember,18906,0,9,0,1.414664,0.243007,0.318651,1.609121,1.596917,-0.271006,1.609121
nonmember,25777,5,9,0,4.820903,0.008060,0.726531,1.059431,-2.033898,-4.501429,1.059431
nonmember,41741,0,0,1,1.171410,0.309930,0.309930,1.825300,1.077452,0.309789,-1.825300
nonmember,11242,1,1,1,0.764497,0.465568,0.465568,1.779881,2.031729,1.306369,-1.779881
nonmember,1516,4,9,0,5.361827,0.004692,0.549504,1.387986,-2.418248,-4.763088,1.387986
nonmember,47585,0,0,1,0.209149,0.811274,0.811274,0.492920,8.837341,1.465184,-0.492920
nonmember,1463,0,7,0,1.726094,0.177978,0.370247,1.713917,1.592703,-0.732509,1.713917
nonmember,33242,0,0,1,0.185233,0.830911,0.830911,0.774321,3.601585,3.013988,-0.774321
nonmember,11031,0,0,1,1.228309,0.292787,0.292787,1.774694,1.935477,0.207209,-1.774694
nonmember,29105,9,9,1,0.282561,0.753850,0.753850,0.871272,3.418983,1.640453,-0.871272
nonmember,39325,3,5,0,1.830408,0.160348,0.206251,2.092235,0.890274,-0.251745,2.092235
nonmember,18885,1,3,0,3.262821,0.038280,0.412089,1.757434,-0.420544,-2.376307,1.757434
nonmember,43788,9,1,0,1.487839,0.225860,0.289278,1.685022,1.087505,-0.247471,1.685022
nonmember,5941,8,9,0,1.403778,0.245667,0.597179,1.165475,2.108986,-0.888239,1.165475
nonmember,44749,0,0,1,0.451065,0.636949,0.636949,1.339224,2.200177,2.082952,-1.339224
nonmember,27776,5,7,0,2.041594,0.129822,0.366309,1.730694,1.040605,-1.037317,1.730694
nonmember,23568,8,9,0,1.594495,0.203011,0.392230,1.313454,2.658550,-0.658587,1.313454
nonmember,38453,8,9,0,2.496326,0.082387,0.294744,2.075768,-0.466691,-1.274679,2.075768
nonmember,377,3,5,0,2.331374,0.097162,0.592449,1.465180,0.681160,-1.807884,1.465180
nonmember,5652,7,1,0,3.692173,0.024918,0.450429,1.693058,-1.128485,-2.894619,1.693058
nonmember,23571,7,9,0,1.881929,0.152296,0.206697,2.117908,0.783456,-0.305429,2.117908
nonmember,5298,4,2,0,1.771183,0.170132,0.292698,1.935590,0.808685,-0.542570,1.935590
nonmember,35229,3,0,0,2.310280,0.099233,0.291378,2.039235,-0.012572,-1.077145,2.039235
nonmember,42486,4,6,0,2.400689,0.090655,0.425606,1.724954,0.779917,-1.546447,1.724954
nonmember,20433,7,7,1,1.599276,0.202043,0.202043,2.072945,0.747173,0.037749,-2.072945
nonmember,14143,7,7,1,0.677964,0.507650,0.507650,1.482422,2.082218,0.730988,-1.482422
nonmember,12004,6,3,0,1.836361,0.159396,0.261947,1.855906,0.909215,-0.496748,1.855906
nonmember,25803,4,7,0,2.124818,0.119455,0.537717,1.587648,1.019110,-1.504395,1.587648
nonmember,47300,4,7,0,2.071180,0.126037,0.279680,2.009302,0.887620,-0.797070,2.009302
nonmember,2867,2,7,0,1.779190,0.168775,0.193769,2.161472,0.240036,-0.138102,2.161472
nonmember,40004,5,6,0,1.675090,0.187291,0.235854,1.974657,1.549272,-0.230548,1.974657
nonmember,27804,5,7,0,3.198359,0.040829,0.275428,2.068411,-0.089175,-1.908931,2.068411
nonmember,31557,5,2,0,1.736270,0.176176,0.262438,2.000963,1.124577,-0.398530,2.000963
nonmember,32460,0,9,0,4.365391,0.012710,0.474293,1.585573,-1.792701,-3.619462,1.585573
nonmember,10385,4,2,0,2.175093,0.113598,0.297681,1.779992,1.428330,-0.963362,1.779992
nonmember,26961,2,4,0,3.024584,0.048578,0.324718,1.800661,0.536850,-1.899785,1.800661
nonmember,18352,7,2,0,1.966708,0.139917,0.387367,1.555519,1.680795,-1.018326,1.555519
nonmember,25478,2,6,0,1.803035,0.164798,0.557989,1.385513,3.102589,-1.219620,1.385513
nonmember,15081,7,1,0,2.440607,0.087108,0.422450,1.700968,1.034132,-1.578924,1.700968
nonmember,34895,4,7,0,1.644308,0.193146,0.239613,1.927429,1.234804,-0.215579,1.927429
nonmember,44731,0,0,1,1.092341,0.335430,0.335430,1.530318,1.556683,0.023457,-1.530318
nonmember,15771,6,6,1,1.245468,0.287806,0.287806,1.739524,2.340011,0.297456,-1.739524
nonmember,28443,2,4,0,2.602552,0.074084,0.382634,1.690677,0.910768,-1.641876,1.690677
nonmember,37100,7,3,0,2.102838,0.122109,0.236414,1.997571,1.083918,-0.660669,1.997571
nonmember,21450,5,4,0,2.150060,0.116477,0.348316,1.823802,1.296712,-1.095413,1.823802
nonmember,49134,8,0,0,1.058934,0.346825,0.579205,0.987430,3.010397,-0.512835,0.987430
nonmember,14576,4,4,1,0.931672,0.393894,0.393894,1.408805,4.080352,0.076734,-1.408805
nonmember,46216,2,6,0,1.564129,0.209270,0.266477,2.002590,0.941864,-0.241661,2.002590
nonmember,9298,3,6,0,1.983185,0.137630,0.281461,2.008371,0.807423,-0.715423,2.008371
nonmember,6112,0,0,1,0.006334,0.993686,0.993686,0.041986,9.036921,5.248208,-0.041986
nonmember,42446,0,8,0,1.146928,0.317611,0.592070,1.015745,3.245737,-0.622798,1.015745
nonmember,8372,7,0,0,3.367395,0.034479,0.260222,1.979761,-1.453304,-2.021176,1.979761
nonmember,47325,7,9,0,2.492766,0.082681,0.484641,1.348387,0.588864,-1.768419,1.348387
nonmember,46340,6,6,1,0.908945,0.402949,0.402949,1.435719,3.700729,0.168511,-1.435719
nonmember,30311,3,8,0,7.730340,0.000439,0.477457,1.037415,-2.824362,-6.991059,1.037415
nonmember,41414,0,8,0,1.319319,0.267317,0.721260,0.655010,4.835736,-0.992564,0.655010
nonmember,41531,5,3,0,2.499187,0.082152,0.333722,1.715662,1.170844,-1.401739,1.715662
nonmember,10930,9,8,0,1.727371,0.177751,0.329429,1.816435,1.299524,-0.616977,1.816435
nonmember,12472,2,6,0,1.722669,0.178589,0.346492,1.731232,1.797020,-0.662775,1.731232
nonmember,46842,5,5,1,0.902454,0.405573,0.405573,1.835415,1.286050,0.750327,-1.835415
nonmember,16541,0,8,0,2.489055,0.082988,0.818031,0.687458,2.392625,-2.288201,0.687458
nonmember,48305,4,4,1,1.570371,0.207968,0.207968,2.059000,1.426160,0.046961,-2.059000
nonmember,8357,7,4,0,2.995357,0.050019,0.345426,1.731000,0.524694,-1.932381,1.731000
nonmember,1179,7,6,0,2.105479,0.121787,0.232720,1.892836,1.194212,-0.647560,1.892836
nonmember,18948,2,6,0,2.363131,0.094125,0.342575,1.646887,1.435056,-1.291867,1.646887
nonmember,29360,6,9,0,3.541925,0.028958,0.834930,0.751463,0.306786,-3.361518,0.751463
nonmember,1801,5,1,0,2.856525,0.057468,0.391670,1.876137,-0.322505,-1.919190,1.876137
nonmember,20485,4,7,0,1.452359,0.234018,0.321278,1.701467,2.096133,-0.316912,1.701467
nonmember,42680,7,7,1,1.444510,0.235862,0.235862,1.995682,1.117498,0.316966,-1.995682
nonmember,37227,6,5,0,2.254153,0.104962,0.289872,1.830443,1.032991,-1.015839,1.830443
nonmember,31233,9,9,1,0.591968,0.553237,0.553237,1.486503,2.200196,1.399827,-1.486503
nonmember,19780,3,0,0,6.139175,0.002157,0.894187,0.494376,-1.907266,-6.027334,0.494376
nonmember,17354,5,9,0,2.701792,0.067085,0.418153,1.851492,-0.218235,-1.829885,1.851492
nonmember,46023,3,4,0,1.739673,0.175578,0.301129,1.788439,1.586628,-0.539456,1.788439
nonmember,16841,6,3,0,1.673717,0.187549,0.255581,1.838910,1.633640,-0.309501,1.838910
nonmember,42748,6,6,1,0.815502,0.442417,0.442417,1.540926,3.184674,0.890722,-1.540926
nonmember,22390,5,8,0,4.094047,0.016672,0.378655,1.640203,-1.311193,-3.122917,1.640203
nonmember,19813,4,9,0,5.206090,0.005483,0.380086,1.426744,-1.717907,-4.238734,1.426744
nonmember,14880,9,1,0,2.007123,0.134375,0.349269,1.880535,0.565493,-0.955211,1.880535
nonmember,33075,9,1,0,3.012573,0.049165,0.611286,1.444108,0.340895,-2.520383,1.444108
nonmember,2043,6,6,1,0.650727,0.521666,0.521666,1.540210,3.027456,1.452259,-1.540210
nonmember,42923,6,3,0,1.657087,0.190694,0.226313,1.977014,0.367424,-0.171250,1.977014
nonmember,49502,9,9,1,1.148561,0.317093,0.317093,1.965838,1.401730,0.589737,-1.965838
nonmember,39426,2,4,0,2.477107,0.083986,0.491193,1.441864,1.784320,-1.766188,1.441864
nonmember,12597,6,2,0,2.528043,0.079815,0.328772,1.767750,0.592482,-1.415651,1.767750
nonmember,42394,2,2,1,1.017050,0.361660,0.361660,1.489980,2.964342,0.066645,-1.489980
nonmember,26764,0,5,0,1.528489,0.216863,0.235969,1.872930,0.446684,-0.084434,1.872930
nonmember,40919,8,7,0,6.311591,0.001815,0.270106,1.798491,-2.694952,-5.002651,1.798491
nonmember,45953,2,1,0,3.863172,0.021001,0.474506,1.471530,-0.028487,-3.117691,1.471530
nonmember,30876,7,7,1,0.372218,0.689204,0.689204,1.141073,3.090956,1.929666,-1.141073
nonmember,47743,9,6,0,4.187233,0.015188,0.209500,1.909646,-1.030852,-2.624200,1.909646
nonmember,29274,0,0,1,0.080319,0.922822,0.922822,0.371830,4.998521,3.084127,-0.371830
nonmember,2858,4,0,0,4.866895,0.007697,0.398827,1.860916,-2.723969,-3.947668,1.860916
nonmember,40621,0,0,1,0.297476,0.742690,0.742690,1.029115,2.773059,2.194821,-1.029115
nonmember,9739,9,6,0,3.798506,0.022404,0.395153,1.750251,-0.869866,-2.870025,1.750251
nonmember,13755,1,9,0,2.892567,0.055434,0.449797,1.790416,-0.784028,-2.093607,1.790416
nonmember,12668,0,0,1,0.167134,0.846087,0.846087,0.446477,7.690706,1.722898,-0.446477
nonmember,28007,5,7,0,1.810708,0.163538,0.275249,2.052647,0.409887,-0.520630,2.052647
nonmember,18868,6,5,0,1.612745,0.199340,0.440485,1.536140,2.649287,-0.792867,1.536140
nonmember,16670,6,3,0,3.302038,0.036808,0.357199,1.787442,-0.193888,-2.272576,1.787442
nonmember,1346,5,1,0,1.745905,0.174487,0.254166,2.083518,0.581558,-0.376135,2.083518
nonmember,43232,1,9,0,2.301581,0.100100,0.661234,1.148661,1.651166,-1.887933,1.148661
nonmember,27023,4,0,0,4.773266,0.008453,0.483090,1.415228,-1.165399,-4.045714,1.415228
nonmember,9377,5,3,0,1.847647,0.157608,0.359641,1.929289,1.117887,-0.824999,1.929289
nonmember,3102,0,3,0,2.039851,0.130048,0.319302,1.894441,1.080870,-0.898234,1.894441
nonmember,5613,5,5,1,0.778290,0.459190,0.459190,1.606111,2.225754,1.120086,-1.606111
nonmember,1427,3,9,0,2.943154,0.052699,0.347974,1.843648,-0.034090,-1.887526,1.843648
nonmember,23037,7,6,0,2.397694,0.090927,0.227760,2.019414,0.637041,-0.918230,2.019414
nonmember,29159,3,6,0,3.175707,0.041765,0.485930,1.523147,0.723171,-2.454016,1.523147
nonmember,49552,5,6,0,1.877211,0.153016,0.294259,1.868736,1.256217,-0.653917,1.868736
nonmember,44069,6,9,0,2.351691,0.095208,0.329436,2.036998,0.503591,-1.241318,2.036998
nonmember,16742,2,6,0,2.265895,0.103737,0.178136,2.176656,0.316362,-0.540685,2.176656
nonmember,14558,3,2,0,3.394818,0.033547,0.281875,1.718894,0.029465,-2.128527,1.718894
nonmember,33889,5,6,0,1.563841,0.209330,0.257790,1.919671,1.688403,-0.208231,1.919671
nonmember,18273,0,0,1,0.255156,0.774796,0.774796,0.943596,2.735231,2.238633,-0.943596
nonmember,32025,0,1,0,2.223498,0.108230,0.268816,2.018161,0.285945,-0.909771,2.018161
nonmember,20318,2,2,1,0.810669,0.444561,0.444561,1.851728,1.989238,1.337024,-1.851728
nonmember,9842,3,3,1,1.598630,0.202173,0.202173,2.013487,0.562985,0.122609,-2.013487
nonmember,12151,6,6,1,1.228666,0.292683,0.292683,1.892990,1.629398,0.427630,-1.892990
nonmember,31993,4,4,1,0.985483,0.373259,0.373259,1.771034,2.575172,0.688874,-1.771034
nonmember,45180,6,4,0,2.049060,0.128856,0.196904,2.014901,0.404822,-0.424021,2.014901
nonmember,22719,9,1,0,4.779974,0.008396,0.213427,1.910039,-1.399899,-3.235513,1.910039
nonmember,13557,2,9,0,3.401741,0.033315,0.289455,1.775905,-0.666201,-2.161986,1.775905
nonmember,6136,1,8,0,1.726892,0.177836,0.435259,1.693376,0.807617,-0.895077,1.693376
nonmember,48215,1,6,0,4.028711,0.017797,0.483299,1.586518,-0.274345,-3.301590,1.586518
nonmember,5288,5,4,0,2.549860,0.078093,0.222496,1.903926,0.681841,-1.047015,1.903926
nonmember,46935,0,0,1,0.223782,0.799490,0.799490,0.853783,3.560007,2.462043,-0.853783
nonmember,27443,5,3,0,2.486976,0.083161,0.323194,1.886092,0.570166,-1.357473,1.886092
nonmember,21203,9,6,0,2.540814,0.078802,0.235254,2.130976,-0.642288,-1.093726,2.130976
nonmember,14014,3,1,0,1.979109,0.138192,0.230695,2.000551,0.743161,-0.512450,2.000551
nonmember,32342,5,6,0,3.124059,0.043978,0.436999,1.562433,0.386322,-2.296236,1.562433
nonmember,7653,2,9,0,1.976203,0.138594,0.384669,1.854418,0.974253,-1.020832,1.854418
nonmember,37575,9,9,1,1.020603,0.360378,0.360378,1.475217,2.340802,0.026946,-1.475217
nonmember,10772,7,9,0,2.665808,0.069543,0.400476,1.608274,-0.042243,-1.750706,1.608274
nonmember,23700,3,1,0,1.492056,0.224910,0.306858,1.932110,1.836409,-0.310688,1.932110
nonmember,23665,5,3,0,1.297747,0.273147,0.391142,1.642146,2.361591,-0.359063,1.642146
nonmember,7900,8,0,0,1.760940,0.171883,0.457267,1.496902,0.899599,-0.978453,1.496902
nonmember,17894,8,1,0,1.584380,0.205075,0.305226,1.862823,0.894495,-0.397677,1.862823
nonmember,43065,3,3,1,0.899750,0.406671,0.406671,1.645922,3.051345,0.411230,-1.645922
nonmember,22910,6,6,1,0.747981,0.473321,0.473321,1.547793,3.206550,0.834199,-1.547793
nonmember,49811,7,9,0,3.042149,0.047732,0.218163,2.122013,-0.756435,-1.519635,2.122013
nonmember,41998,3,0,0,4.671140,0.009362,0.363493,1.440531,-1.630376,-3.659146,1.440531
nonmember,25066,0,8,0,1.651911,0.191683,0.340887,1.608407,1.541391,-0.575706,1.608407
nonmember,31716,5,4,0,2.350694,0.095303,0.282160,1.878126,0.673530,-1.085414,1.878126
nonmember,45600,1,9,0,3.262437,0.038295,0.872624,0.599071,0.794480,-3.126187,0.599071
nonmember,2935,9,9,1,0.675883,0.508707,0.508707,1.675231,1.666430,1.564363,-1.675231
nonmember,16584,6,6,1,0.946488,0.388101,0.388101,1.528446,2.889746,0.334658,-1.528446
nonmember,2232,8,0,0,1.587521,0.204432,0.319802,1.616411,1.566158,-0.447467,1.616411
nonmember,3592,7,4,0,2.035985,0.130552,0.318088,1.927049,1.182398,-0.890558,1.927049
nonmember,42985,4,7,0,2.532311,0.079475,0.588300,1.368003,0.891864,-2.001793,1.368003
nonmember,36155,0,0,1,0.117351,0.889273,0.889273,0.538936,4.465405,3.398940,-0.538936
nonmember,47066,9,7,0,2.811270,0.060129,0.285365,2.014817,0.110333,-1.557283,2.014817
nonmember,38474,7,4,0,0.988932,0.371974,0.385265,1.425820,3.459096,-0.035108,1.425820
nonmember,46637,0,8,0,1.844016,0.158181,0.369869,1.593960,0.843982,-0.849411,1.593960
nonmember,35025,7,7,1,1.608636,0.200160,0.200160,2.106411,1.160114,0.160572,-2.106411
nonmember,4216,7,4,0,1.253238,0.285579,0.349765,1.779067,1.580412,-0.202744,1.779067
nonmember,20814,6,5,0,1.841261,0.158617,0.277201,1.766263,1.172417,-0.558247,1.766263
nonmember,8508,7,7,1,1.575330,0.206939,0.206939,1.978641,1.450064,0.030003,-1.978641
nonmember,30144,2,9,0,2.686517,0.068118,0.343819,1.973251,-0.168882,-1.618877,1.973251
nonmember,7279,2,2,1,1.128824,0.323413,0.323413,1.798150,1.812649,0.408947,-1.798150
nonmember,31211,4,4,1,1.416302,0.242610,0.242610,2.084830,1.390254,0.147764,-2.084830
nonmember,45193,2,7,0,3.903016,0.020181,0.279165,1.806524,-0.474408,-2.627064,1.806524
nonmember,43540,8,9,0,1.764886,0.171206,0.504521,1.472487,1.094390,-1.080741,1.472487
nonmember,34182,4,9,0,4.477539,0.011361,0.294054,1.861644,-2.610559,-3.253549,1.861644
nonmember,43808,4,4,1,0.968088,0.379809,0.379809,1.529237,2.799156,0.073819,-1.529237
nonmember,33601,3,3,1,1.218167,0.295772,0.295772,1.948404,1.141468,0.173919,-1.948404
nonmember,30265,7,3,0,2.822819,0.059438,0.533201,1.327259,1.680829,-2.193963,1.327259
nonmember,21327,4,4,1,1.346135,0.260244,0.260244,2.034228,1.491951,0.434501,-2.034228
nonmember,1332,9,9,1,0.568878,0.566161,0.566161,1.474542,1.868341,1.196987,-1.474542
nonmember,22872,6,2,0,1.825322,0.161166,0.350229,1.802584,1.500771,-0.776153,1.802584
nonmember,15159,9,6,0,2.879074,0.056187,0.361297,1.786983,0.150446,-1.861017,1.786983
nonmember,46012,8,0,0,1.264939,0.282256,0.531271,1.257929,2.085909,-0.632457,1.257929
nonmember,278,9,9,1,0.713621,0.489867,0.489867,1.421319,2.340157,0.468653,-1.421319
nonmember,6646,8,9,0,3.008982,0.049342,0.402898,1.803827,-0.732998,-2.099909,1.803827
nonmember,26413,6,3,0,1.672248,0.187824,0.200478,2.027965,1.114482,-0.065196,2.027965
nonmember,13902,0,0,1,1.400975,0.246357,0.246357,2.126409,0.911382,0.639696,-2.126409
nonmember,6352,5,5,1,0.452897,0.635784,0.635784,1.333873,2.693945,1.717074,-1.333873
nonmember,23335,5,4,0,2.012025,0.133718,0.516792,1.517380,1.433876,-1.351909,1.517380
nonmember,49537,6,6,1,0.588026,0.555422,0.555422,1.343122,4.022219,1.063570,-1.343122
nonmember,37824,9,9,1,0.815552,0.442395,0.442395,1.679685,1.520082,0.567740,-1.679685
nonmember,6275,9,3,0,2.387131,0.091893,0.437666,1.777290,0.001409,-1.560832,1.777290
nonmember,15599,7,0,0,3.907019,0.020100,0.461099,1.289883,0.174848,-3.132877,1.289883
