split_name,index,true_label,pred_label,correct,loss,conf_true,conf_max,entropy,logit_true,logit_gap,m_entropy
member,33553,7,7,1,0.010720,0.989337,0.989337,0.064466,10.764774,4.685413,-0.064466
member,9427,8,8,1,-0.000000,1.000000,1.000000,0.000000,49.543854,40.859886,-0.000000
member,199,0,0,1,0.015541,0.984579,0.984579,0.090120,13.729186,4.695626,-0.090120
member,12447,6,6,1,0.003001,0.997003,0.997003,0.023256,21.706167,6.321301,-0.023256
member,39489,1,1,1,0.000122,0.999878,0.999878,0.001240,19.854984,9.029746,-0.001240
member,42724,6,6,1,0.000328,0.999672,0.999672,0.003199,15.551491,8.383690,-0.003199
member,10822,8,8,1,0.000002,0.999998,0.999998,0.000026,17.924408,13.389734,-0.000026
member,49498,0,0,1,0.002082,0.997920,0.997920,0.016076,20.378897,6.436897,-0.016076
member,4144,6,6,1,0.000051,0.999949,0.999949,0.000590,21.560383,10.213767,-0.000590
member,36958,5,5,1,0.000038,0.999962,0.999962,0.000433,19.657206,10.240317,-0.000433
member,43106,2,2,1,0.000280,0.999720,0.999720,0.002578,15.955736,8.185525,-0.002578
member,38695,5,5,1,0.052604,0.948756,0.948756,0.205355,12.286613,2.928763,-0.205355
member,6188,0,0,1,0.003792,0.996215,0.996215,0.024892,20.163460,5.573099,-0.024892
member,1414,7,7,1,0.505825,0.603008,0.603008,0.671854,18.862686,0.418032,-0.671854
member,18471,1,1,1,0.003773,0.996235,0.996235,0.024777,20.351706,5.578116,-0.024777
member,29282,6,6,1,0.000423,0.999578,0.999578,0.003934,21.902182,7.984360,-0.003934
member,15177,5,5,1,0.001999,0.998003,0.998003,0.017190,12.667875,7.340695,-0.017190
member,34304,6,6,1,0.000000,1.000000,1.000000,0.000008,29.616392,14.573647,-0.000008
member,12609,6,6,1,0.000352,0.999648,0.999648,0.003362,15.637482,8.149382,-0.003362
member,12144,5,5,1,0.000065,0.999935,0.999935,0.000699,20.265644,9.651983,-0.000699
member,6113,0,0,1,0.008372,0.991663,0.991663,0.048216,31.477461,4.778637,-0.048216
member,15908,5,5,1,0.027114,0.973251,0.973251,0.133149,17.698412,3.698725,-0.133149
member,821,7,7,1,0.000097,0.999903,0.999903,0.001099,16.049217,9.793213,-0.001099
member,15118,2,2,1,0.000127,0.999873,0.999873,0.001349,16.435791,9.306552,-0.001349
member,13466,4,4,1,0.011656,0.988411,0.988411,0.063208,22.789131,4.446312,-0.063208
member,26497,4,4,1,-0.000000,1.000000,1.000000,0.000000,23.023252,18.276834,-0.000000
member,42111,5,5,1,0.008258,0.991776,0.991776,0.050771,13.728803,4.897156,-0.050771
member,30188,5,5,1,0.000385,0.999615,0.999615,0.003410,26.967760,7.862581,-0.003410
member,37237,4,4,1,-0.000000,1.000000,1.000000,0.000001,20.451015,17.105940,-0.000001
member,33109,8,8,1,-0.000000,1.000000,1.000000,0.000000,32.482861,22.389418,-0.000000
member,36480,4,4,1,0.006590,0.993432,0.993432,0.045668,12.534528,5.365036,-0.045668
member,24148,3,3,1,0.000785,0.999215,0.999215,0.006399,20.943771,7.150046,-0.006399
member,5503,5,5,1,0.000522,0.999478,0.999478,0.004805,16.690300,7.779516,-0.004805
member,3918,0,0,1,0.002471,0.997532,0.997532,0.018791,24.182741,6.359419,-0.018791
member,38478,0,0,1,0.000000,1.000000,1.000000,0.000003,24.382551,15.457699,-0.000003
member,21123,8,8,1,0.000000,1.000000,1.000000,0.000003,37.682495,15.581730,-0.000003
member,49717,0,0,1,0.011449,0.988616,0.988616,0.063381,14.695658,4.483466,-0.063381
member,42294,1,1,1,0.000000,1.000000,1.000000,0.000004,24.503265,15.736576,-0.000004
member,47609,8,8,1,-0.000000,1.000000,1.000000,0.000000,36.430920,22.136040,-0.000000
member,11076,0,0,1,0.008157,0.991876,0.991876,0.059990,6.969651,5.868314,-0.059990
member,41514,3,3,1,0.017537,0.982616,0.982616,0.087949,15.763490,4.036546,-0.087949
member,22062,0,0,1,0.011343,0.988721,0.988721,0.061831,16.391220,4.473732,-0.061831
member,9413,0,0,1,0.000734,0.999266,0.999266,0.006077,15.511668,7.226154,-0.006077
member,38340,0,0,1,0.000152,0.999848,0.999848,0.001488,20.941263,8.793680,-0.001488
member,30263,9,9,1,-0.000000,1.000000,1.000000,0.000000,24.382620,22.619085,-0.000000
member,41252,4,4,1,0.003320,0.996686,0.996686,0.025608,17.110826,6.434486,-0.025608
member,14644,4,4,1,0.018621,0.981551,0.981551,0.093527,13.883307,3.988976,-0.093527
member,26335,6,6,1,0.000133,0.999867,0.999867,0.001399,18.476360,9.218419,-0.001399
member,28102,7,7,1,-0.000000,1.000000,1.000000,0.000001,26.772617,17.818329,-0.000001
member,17523,6,6,1,-0.000000,1.000000,1.000000,0.000001,28.664314,17.309597,-0.000001
member,24712,9,9,1,-0.000000,1.000000,1.000000,0.000000,28.312883,27.275700,-0.000000
member,40485,0,0,1,0.277566,0.757625,0.757625,0.553855,24.797611,1.139723,-0.553855
member,3850,9,9,1,0.000001,0.999999,0.999999,0.000016,16.492754,14.816432,-0.000016
member,40040,9,9,1,-0.000000,1.000000,1.000000,0.000000,57.318974,37.857300,-0.000000
member,15267,4,4,1,0.013408,0.986681,0.986681,0.076379,13.971159,4.463978,-0.076379
member,49146,3,3,1,0.009250,0.990793,0.990793,0.052687,17.379934,4.684685,-0.052687
member,30001,6,6,1,0.001209,0.998792,0.998792,0.010598,11.974524,7.485036,-0.010598
member,45926,2,2,1,0.010051,0.989999,0.989999,0.056995,11.730266,4.612487,-0.056995
member,43824,9,9,1,0.000005,0.999995,0.999995,0.000065,39.051716,12.219015,-0.000065
member,17240,9,9,1,0.000004,0.999996,0.999996,0.000051,30.170607,12.489031,-0.000051
member,4892,8,8,1,-0.000000,1.000000,1.000000,0.000000,33.937817,23.319164,-0.000000
member,725,4,4,1,0.004391,0.995619,0.995619,0.031877,12.208335,5.702508,-0.031877
member,22949,4,4,1,0.008337,0.991697,0.991697,0.055668,11.164758,5.255728,-0.055668
member,34657,8,8,1,0.000001,0.999999,0.999999,0.000017,29.048063,13.679399,-0.000017
member,37213,1,1,1,0.000334,0.999666,0.999666,0.003005,35.615452,8.004965,-0.003005
member,20304,1,1,1,0.000003,0.999997,0.999997,0.000037,40.785835,12.830513,-0.000037
member,15269,3,3,1,0.002039,0.997963,0.997963,0.016432,14.433871,6.588338,-0.016432
member,22367,9,9,1,-0.000000,1.000000,1.000000,0.000001,37.623108,17.131372,-0.000001
member,42684,1,1,1,0.000001,0.999999,0.999999,0.000009,25.329586,14.369436,-0.000009
member,46734,5,5,1,0.000059,0.999941,0.999941,0.000637,29.597818,9.731140,-0.000637
member,11732,0,0,1,0.000004,0.999996,0.999996,0.000063,20.323751,12.834206,-0.000063
member,18619,3,3,1,0.012600,0.987479,0.987479,0.068178,13.638069,4.379424,-0.068178
member,48492,0,0,1,0.000428,0.999572,0.999572,0.004026,13.211684,7.934976,-0.004026
member,26803,2,2,1,0.000362,0.999638,0.999638,0.003348,17.888283,8.026894,-0.003348
member,44305,2,2,1,0.000124,0.999876,0.999876,0.001264,18.670494,9.042095,-0.001264
member,47522,7,7,1,0.000017,0.999983,0.999983,0.000200,21.968605,11.010784,-0.000200
member,32207,8,8,1,0.000057,0.999943,0.999943,0.000695,13.608783,10.912330,-0.000695
member,2530,3,3,1,0.005060,0.994953,0.994953,0.032454,16.348429,5.315282,-0.032454
member,17746,1,1,1,0.000988,0.999012,0.999012,0.007821,43.750374,6.919323,-0.007821
member,8270,8,8,1,0.000000,1.000000,1.000000,0.000002,20.699429,16.158768,-0.000002
member,15079,7,7,1,0.000514,0.999486,0.999486,0.004657,13.952534,7.709983,-0.004657
member,13624,5,5,1,0.023442,0.976831,0.976831,0.123150,15.362244,3.973706,-0.123150
member,30638,4,4,1,0.000619,0.999381,0.999381,0.006006,11.870397,8.300509,-0.006006
member,30440,0,0,1,0.000048,0.999952,0.999952,0.000559,17.950212,10.357210,-0.000559
member,36056,5,5,1,0.011995,0.988076,0.988076,0.072969,14.484577,5.057624,-0.072969
member,42651,7,7,1,0.000053,0.999947,0.999947,0.000575,29.287058,9.844172,-0.000575
member,36803,8,8,1,0.000001,0.999999,0.999999,0.000012,29.327934,14.287445,-0.000012
member,48224,1,1,1,0.000012,0.999988,0.999988,0.000150,17.204292,11.462128,-0.000150
member,29226,1,1,1,0.002256,0.997747,0.997747,0.018351,16.033537,6.775990,-0.018351
member,5633,4,4,1,0.004306,0.995703,0.995703,0.031376,9.245454,5.726509,-0.031376
member,5987,8,8,1,-0.000000,1.000000,1.000000,0.000000,30.626194,23.587078,-0.000000
member,48063,3,3,1,-0.000000,1.000000,1.000000,0.000000,32.208920,21.815758,-0.000000
member,1812,2,2,1,0.000001,0.999999,0.999999,0.000021,23.285826,13.448476,-0.000021
member,27578,2,2,1,0.003729,0.996278,0.996278,0.025944,12.915632,5.706071,-0.025944
member,16823,5,5,1,0.000158,0.999842,0.999842,0.001542,18.041742,8.759739,-0.001542
member,3928,9,9,1,0.000157,0.999843,0.999843,0.001530,28.986872,8.760868,-0.001530
member,37286,7,7,1,0.000002,0.999998,0.999998,0.000023,23.877029,13.374728,-0.000023
member,25045,7,7,1,0.000145,0.999855,0.999855,0.001496,24.297209,9.032321,-0.001496
member,15727,8,8,1,0.000589,0.999411,0.999411,0.005389,12.629173,7.684126,-0.005389
member,29600,8,8,1,0.095639,0.908792,0.908792,0.305460,20.744959,2.299120,-0.305460
member,10430,3,3,1,0.000747,0.999253,0.999253,0.006921,14.629163,7.760744,-0.006921
member,25768,4,4,1,0.000217,0.999783,0.999783,0.002047,21.512012,8.436759,-0.002047
member,29103,6,6,1,0.000003,0.999997,0.999997,0.000040,31.506332,12.762222,-0.000040
member,36537,1,1,1,0.000823,0.999177,0.999177,0.006667,22.875040,7.102158,-0.006667
member,39328,7,7,1,0.003617,0.996389,0.996389,0.023910,31.488409,5.620270,-0.023910
member,35539,8,8,1,0.024340,0.975954,0.975954,0.135150,10.654348,4.128773,-0.135150
member,28075,3,3,1,0.030791,0.969679,0.969679,0.163072,11.004046,3.903536,-0.163072
member,17840,7,7,1,0.188957,0.827822,0.827822,0.588080,9.647223,2.083753,-0.588080
member,27802,1,1,1,0.000296,0.999704,0.999704,0.002697,29.533239,8.126421,-0.002697
member,7682,7,7,1,0.000039,0.999961,0.999961,0.000470,16.526037,10.621693,-0.000470
member,24279,6,6,1,0.000015,0.999985,0.999985,0.000178,21.062929,11.157138,-0.000178
member,33070,4,4,1,0.000016,0.999984,0.999984,0.000201,24.605988,11.422464,-0.000201
member,35557,3,3,1,0.000224,0.999776,0.999776,0.002286,16.948681,8.656751,-0.002286
member,37189,0,0,1,0.000240,0.999760,0.999760,0.002240,34.403046,8.334558,-0.002240
member,47149,4,4,1,0.000003,0.999997,0.999997,0.000049,17.369860,12.870041,-0.000049
member,46915,6,6,1,-0.000000,1.000000,1.000000,0.000000,27.270088,18.225729,-0.000000
member,9801,0,0,1,0.000129,0.999871,0.999871,0.001289,18.104530,8.955585,-0.001289
member,38800,8,8,1,0.000000,1.000000,1.000000,0.000001,28.623322,16.688360,-0.000001
member,24669,3,3,1,0.377608,0.685499,0.685499,0.690130,14.182061,0.835855,-0.690130
member,44233,3,3,1,0.167097,0.846117,0.846117,0.444209,15.208829,1.723307,-0.444209
member,31919,8,8,1,0.000293,0.999707,0.999707,0.002887,18.439692,8.698959,-0.002887
member,7134,9,9,1,-0.000000,1.000000,1.000000,0.000000,45.308357,29.876549,-0.000000
member,33704,6,6,1,0.008343,0.991691,0.991691,0.053796,16.937319,5.348041,-0.053796
member,29660,5,5,1,0.000004,0.999996,0.999996,0.000058,19.764984,12.425417,-0.000058
member,17893,1,1,1,0.000000,1.000000,1.000000,0.000004,34.436222,15.256784,-0.000004
member,22018,4,4,1,0.010298,0.989754,0.989754,0.058743,13.525330,4.601544,-0.058743
member,13538,9,9,1,0.000002,0.999998,0.999998,0.000034,21.310129,13.258771,-0.000034
member,43118,2,2,1,0.002385,0.997618,0.997618,0.017964,12.709844,6.184798,-0.017964
member,36420,4,4,1,0.000517,0.999483,0.999483,0.004977,12.627399,8.244593,-0.004977
member,9405,3,3,1,0.042126,0.958749,0.958749,0.177733,11.205912,3.172731,-0.177733
member,13413,2,2,1,0.000757,0.999243,0.999243,0.006710,11.379122,7.412085,-0.006710
member,6720,4,4,1,0.469295,0.625443,0.625443,0.718182,12.837196,0.544270,-0.718182
member,15601,1,1,1,0.000124,0.999876,0.999876,0.001243,21.244486,8.998647,-0.001243
member,44743,0,0,1,0.004518,0.995492,0.995492,0.028849,28.004669,5.397429,-0.028849
member,31138,1,1,1,0.013878,0.986218,0.986218,0.082190,19.692190,4.851198,-0.082190
member,2729,6,6,1,0.000000,1.000000,1.000000,0.000002,34.096786,15.832718,-0.000002
member,38242,4,4,1,0.000223,0.999777,0.999777,0.002349,17.162800,9.097239,-0.002349
member,29625,2,2,1,0.000000,1.000000,1.000000,0.000008,18.118490,14.590261,-0.000008
member,47894,8,8,1,0.001478,0.998523,0.998523,0.012914,11.680614,7.188617,-0.012914
member,42090,2,2,1,0.377812,0.685359,0.685359,0.627870,14.257520,0.780623,-0.627870
member,36399,7,7,1,0.000003,0.999997,0.999997,0.000044,28.327847,12.829563,-0.000044
member,6244,1,1,1,0.000002,0.999998,0.999998,0.000029,31.637226,13.333260,-0.000029
member,5545,3,3,1,0.388018,0.678400,0.678400,0.632389,16.776958,0.748114,-0.632389
member,4064,6,6,1,0.004962,0.995050,0.995050,0.031647,15.919392,5.320490,-0.031647
member,12851,5,5,1,0.000159,0.999841,0.999841,0.001550,29.487755,8.746611,-0.001550
member,21802,8,8,1,0.000000,1.000000,1.000000,0.000002,28.822145,16.130459,-0.000002
member,41163,8,8,1,0.000032,0.999968,0.999968,0.000366,31.405632,10.340725,-0.000366
member,6232,5,5,1,0.000125,0.999875,0.999875,0.001302,13.665693,9.094191,-0.001302
member,3862,4,4,1,0.001502,0.998500,0.998500,0.011317,13.318654,6.506081,-0.011317
member,35094,6,6,1,0.009911,0.990138,0.990138,0.055994,12.092324,4.618043,-0.055994
member,40195,4,4,1,0.000008,0.999992,0.999992,0.000106,26.028086,11.691639,-0.000106
member,39250,1,1,1,0.000031,0.999969,0.999969,0.000356,17.392086,10.412481,-0.000356
member,6217,3,3,1,0.008165,0.991868,0.991868,0.047246,16.474838,4.804014,-0.047246
member,36775,7,7,1,0.000059,0.999941,0.999941,0.000649,19.890530,9.764579,-0.000649
member,42976,1,1,1,-0.000000,1.000000,1.000000,0.000001,24.906681,16.992374,-0.000001
member,48467,7,7,1,0.000000,1.000000,1.000000,0.000002,22.210535,16.631056,-0.000002
member,14831,8,8,1,0.000000,1.000000,1.000000,0.000002,26.769602,16.048546,-0.000002
member,30092,7,7,1,-0.000000,1.000000,1.000000,0.000000,42.817101,34.585430,-0.000000
member,8893,1,1,1,0.000208,0.999792,0.999792,0.001984,32.823715,8.485800,-0.001984
member,6020,1,1,1,0.000504,0.999496,0.999496,0.004579,18.776737,7.812768,-0.004579
member,46088,2,2,1,0.000934,0.999066,0.999066,0.008033,11.743356,7.256220,-0.008033
member,15242,5,5,1,0.004235,0.995774,0.995774,0.029782,13.998384,5.644995,-0.029782
member,45307,9,9,1,0.000014,0.999986,0.999986,0.000173,28.844437,11.229425,-0.000173
member,26550,1,1,1,0.000319,0.999681,0.999681,0.003001,17.444004,8.180831,-0.003001
member,6034,9,9,1,-0.000000,1.000000,1.000000,0.000000,44.050190,25.123808,-0.000000
member,7905,2,2,1,-0.000000,1.000000,1.000000,0.000001,21.517059,17.004696,-0.000001
member,32225,4,4,1,0.003088,0.996917,0.996917,0.022357,16.829983,5.965148,-0.022357
member,6017,5,5,1,0.001540,0.998462,0.998462,0.011505,20.688030,6.475673,-0.011505
member,21879,5,5,1,0.000118,0.999882,0.999882,0.001357,16.820126,10.088163,-0.001357
member,2791,2,2,1,0.000870,0.999131,0.999131,0.007100,15.041402,7.071005,-0.007100
member,42605,2,2,1,0.000005,0.999995,0.999995,0.000079,14.689458,13.329289,-0.000079
member,5823,3,3,1,0.018497,0.981673,0.981673,0.102439,11.032040,4.244650,-0.102439
member,15387,6,6,1,0.225409,0.798190,0.798190,0.538693,9.202915,1.415507,-0.538693
member,29561,3,3,1,0.000000,1.000000,1.000000,0.000005,27.046997,15.292887,-0.000005
member,39475,5,5,1,0.004502,0.995508,0.995508,0.032937,8.787105,5.783626,-0.032937
member,292,6,6,1,0.000472,0.999528,0.999528,0.004634,13.097996,8.238996,-0.004634
member,16957,5,5,1,0.000002,0.999998,0.999998,0.000027,26.841206,13.170266,-0.000027
member,30860,8,8,1,-0.000000,1.000000,1.000000,0.000001,29.698124,16.787735,-0.000001
member,14073,4,4,1,0.000593,0.999408,0.999408,0.005220,12.996325,7.529377,-0.005220
member,21856,8,8,1,0.000497,0.999503,0.999503,0.004585,18.655090,7.863754,-0.004585
member,22079,5,5,1,0.024814,0.975491,0.975491,0.132294,12.284830,3.953087,-0.132294
member,17023,7,7,1,0.000000,1.000000,1.000000,0.000002,24.775909,16.020821,-0.000002
member,8739,3,3,1,0.005756,0.994261,0.994261,0.038793,12.297789,5.463724,-0.038793
member,15825,9,9,1,0.000001,0.999999,0.999999,0.000022,18.687611,13.809557,-0.000022
member,2741,2,2,1,0.000168,0.999832,0.999832,0.001646,18.252516,8.707405,-0.001646
member,18048,1,1,1,0.000027,0.999973,0.999973,0.000308,33.910469,10.529465,-0.000308
member,49936,8,8,1,-0.000000,1.000000,1.000000,0.000000,46.937962,26.397001,-0.000000
member,17372,6,6,1,0.004794,0.995217,0.995217,0.032344,14.170072,5.464816,-0.032344
member,22021,5,5,1,0.003930,0.996078,0.996078,0.026110,20.265678,5.562726,-0.026110
member,46364,7,7,1,0.000078,0.999922,0.999922,0.000839,18.647200,9.533158,-0.000839
member,23537,2,2,1,0.000541,0.999459,0.999459,0.004669,19.235716,7.542889,-0.004669
member,45499,5,5,1,0.000000,1.000000,1.000000,0.000002,37.001225,16.140291,-0.000002
member,40185,1,1,1,0.000553,0.999447,0.999447,0.004697,32.659401,7.500423,-0.004697
member,9613,3,3,1,0.000367,0.999633,0.999633,0.003392,18.522589,8.018375,-0.003392
member,43281,9,9,1,0.005394,0.994621,0.994621,0.035930,11.618579,5.371503,-0.035930
member,37891,4,4,1,0.000021,0.999979,0.999979,0.000249,29.026781,10.830452,-0.000249
member,26178,0,0,1,0.000702,0.999299,0.999299,0.005795,33.144779,7.261667,-0.005795
member,45892,8,8,1,0.000160,0.999840,0.999840,0.001619,15.507241,8.845163,-0.001619
member,20933,1,1,1,0.002216,0.997786,0.997786,0.015743,44.261955,6.110931,-0.015743
member,40971,1,1,1,0.000290,0.999710,0.999710,0.002655,28.947882,8.144264,-0.002655
member,22224,5,5,1,0.004449,0.995561,0.995561,0.030736,14.472234,5.634205,-0.030736
member,24381,1,1,1,0.000010,0.999990,0.999990,0.000134,40.013828,12.033892,-0.000134
member,34855,0,0,1,0.000001,0.999999,0.999999,0.000015,25.176199,13.882820,-0.000015
member,48577,9,9,1,0.000010,0.999990,0.999990,0.000138,24.535049,11.855810,-0.000138
member,38536,0,0,1,0.000471,0.999529,0.999529,0.004522,16.384363,8.395170,-0.004522
member,31755,4,4,1,0.008027,0.992005,0.992005,0.053878,10.264095,5.478078,-0.053878
member,7753,3,3,1,0.001957,0.998045,0.998045,0.016060,14.771522,6.909900,-0.016060
member,46638,5,5,1,0.000197,0.999803,0.999803,0.002023,17.078232,8.815589,-0.002023
member,43834,4,4,1,0.000018,0.999982,0.999982,0.000236,20.369137,11.299799,-0.000236
member,26235,6,6,1,0.000383,0.999617,0.999617,0.003633,18.432796,8.081082,-0.003633
member,44229,5,5,1,0.000030,0.999970,0.999970,0.000343,32.425304,10.411076,-0.000343
member,49596,9,9,1,-0.000000,1.000000,1.000000,0.000000,30.768721,22.418453,-0.000000
member,18552,5,5,1,0.002015,0.997988,0.997988,0.014736,19.241497,6.227248,-0.014736
member,43136,8,8,1,0.000002,0.999998,0.999998,0.000024,18.945641,13.919251,-0.000024
member,36672,1,1,1,0.000004,0.999996,0.999996,0.000058,33.014912,12.415892,-0.000058
member,43649,0,0,1,0.000037,0.999963,0.999963,0.000415,21.005011,10.213387,-0.000415
member,3940,0,0,1,0.000172,0.999828,0.999828,0.001722,17.304022,8.769841,-0.001722
member,31496,2,2,1,0.002301,0.997702,0.997702,0.017339,12.003345,6.200043,-0.017339
member,26593,2,2,1,0.014718,0.985390,0.985390,0.079343,14.368544,4.263114,-0.079343
member,23921,1,1,1,0.000001,0.999999,0.999999,0.000009,21.870834,14.312494,-0.000009
member,26402,8,8,1,0.000337,0.999663,0.999663,0.003492,11.885326,8.979489,-0.003492
member,45942,5,5,1,0.000529,0.999471,0.999471,0.004529,22.309353,7.545465,-0.004529
member,48525,6,6,1,0.000000,1.000000,1.000000,0.000004,33.846050,15.121328,-0.000004
member,18315,0,0,1,0.018013,0.982149,0.982149,0.112356,7.318208,4.687429,-0.112356
member,36893,8,8,1,-0.000000,1.000000,1.000000,0.000000,34.371891,22.137768,-0.000000
member,26695,2,2,1,0.001405,0.998596,0.998596,0.011572,18.847752,7.048299,-0.011572
member,42127,9,9,1,0.000017,0.999983,0.999983,0.000212,24.815420,11.065683,-0.000212
member,14170,9,9,1,0.000526,0.999474,0.999474,0.004515,19.168245,7.557350,-0.004515
member,3732,4,4,1,0.000260,0.999740,0.999740,0.002543,14.400218,8.416921,-0.002543
member,7881,6,6,1,0.000489,0.999511,0.999511,0.004449,18.094177,7.762098,-0.004449
member,6016,9,9,1,0.000020,0.999980,0.999980,0.000261,12.726068,11.326216,-0.000261
member,23029,4,4,1,0.001342,0.998659,0.998659,0.011638,9.724985,7.098364,-0.011638
member,35473,7,7,1,0.000001,0.999999,0.999999,0.000010,29.386393,14.452422,-0.000010
member,49685,4,4,1,0.002032,0.997970,0.997970,0.015725,21.295744,6.465209,-0.015725
member,4817,5,5,1,0.000183,0.999817,0.999817,0.001758,20.211502,8.611446,-0.001758
member,41693,7,7,1,0.003160,0.996845,0.996845,0.021991,15.179792,5.806210,-0.021991
member,12007,3,3,1,0.008446,0.991590,0.991590,0.048596,23.768053,4.770329,-0.048596
member,41327,6,6,1,0.000077,0.999923,0.999923,0.000801,23.952765,9.480099,-0.000801
member,9506,4,4,1,0.000012,0.999988,0.999988,0.000156,16.919252,12.017349,-0.000156
member,44798,7,7,1,-0.000000,1.000000,1.000000,0.000000,34.966846,19.489656,-0.000000
member,34062,2,2,1,0.014907,0.985204,0.985204,0.077869,13.073855,4.206808,-0.077869
member,27474,6,6,1,0.031040,0.969437,0.969437,0.151511,10.538873,3.637693,-0.151511
member,31143,4,4,1,0.001519,0.998482,0.998482,0.012062,12.705194,6.629874,-0.012062
member,21235,5,5,1,0.000000,1.000000,1.000000,0.000007,20.647779,15.406599,-0.000007
member,1390,9,9,1,-0.000000,1.000000,1.000000,0.000000,42.519585,27.378929,-0.000000
member,38249,7,7,1,0.034636,0.965957,0.965957,0.173223,11.044254,3.709360,-0.173223
member,37624,7,7,1,0.000001,0.999999,0.999999,0.000018,18.587265,13.730947,-0.000018
member,42028,3,3,1,0.008632,0.991405,0.991405,0.054845,20.719845,5.136720,-0.054845
member,20834,0,0,1,0.022198,0.978046,0.978046,0.105567,18.038706,3.796703,-0.105567
member,14757,7,7,1,0.000020,0.999980,0.999980,0.000261,18.050213,11.607689,-0.000261
member,26396,2,2,1,0.001762,0.998240,0.998240,0.014913,10.717511,6.908684,-0.014913
member,6808,7,7,1,0.000007,0.999993,0.999993,0.000085,26.400419,11.933428,-0.000085
member,9225,7,7,1,0.026375,0.973970,0.973970,0.147288,10.289264,4.176213,-0.147288
member,48394,4,4,1,0.037967,0.962745,0.962745,0.159217,17.339336,3.252261,-0.159217
member,5395,9,9,1,0.000015,0.999985,0.999985,0.000177,20.718430,11.137197,-0.000177
member,6943,4,4,1,0.000049,0.999951,0.999951,0.000589,13.779389,10.346049,-0.000589
member,23870,8,8,1,0.000017,0.999983,0.999983,0.000206,31.031910,10.971344,-0.000206
member,32492,1,1,1,0.000028,0.999972,0.999972,0.000339,33.072109,10.940985,-0.000339
member,36345,4,4,1,0.024332,0.975961,0.975961,0.122526,13.399723,3.825952,-0.122526
member,10755,1,1,1,0.000266,0.999734,0.999734,0.002613,15.111041,8.450533,-0.002613
member,12301,4,4,1,0.000665,0.999335,0.999335,0.005878,15.078547,7.525626,-0.005878
member,48386,7,7,1,0.001913,0.998088,0.998088,0.014597,11.254850,6.346126,-0.014597
member,42745,5,5,1,0.020127,0.980074,0.980074,0.097774,20.206379,3.895706,-0.097774
member,29089,6,6,1,0.000108,0.999892,0.999892,0.001211,16.584791,9.961985,-0.001211
member,44712,6,6,1,0.000005,0.999995,0.999995,0.000064,24.459387,12.314392,-0.000064
member,14343,0,0,1,0.009100,0.990941,0.990941,0.059704,9.734016,5.087811,-0.059704
member,38172,5,5,1,0.000169,0.999831,0.999831,0.001787,14.357358,9.144957,-0.001787
member,5071,9,9,1,0.001073,0.998928,0.998928,0.009562,12.139722,7.531147,-0.009562
member,24121,1,1,1,0.000003,0.999997,0.999997,0.000047,24.681253,12.615426,-0.000047
member,48809,9,9,1,0.000006,0.999994,0.999994,0.000074,36.979465,12.086121,-0.000074
member,17820,8,8,1,0.000773,0.999227,0.999227,0.006542,18.379780,7.258080,-0.006542
member,1122,2,2,1,0.013970,0.986127,0.986127,0.073704,13.949927,4.269891,-0.073704
member,11264,1,1,1,0.000003,0.999997,0.999997,0.000037,27.891630,13.207424,-0.000037
member,30579,5,5,1,0.000020,0.999980,0.999980,0.000250,19.862221,11.003972,-0.000250
member,45464,9,9,1,0.000020,0.999980,0.999980,0.000241,26.978096,10.821898,-0.000241
member,48216,4,4,1,0.000009,0.999991,0.999991,0.000122,20.731300,12.065311,-0.000122
member,43044,4,4,1,0.000041,0.999959,0.999959,0.000490,27.605827,10.599487,-0.000490
member,15656,4,4,1,0.000223,0.999777,0.999777,0.002212,17.708433,8.557834,-0.002212
member,1900,7,7,1,-0.000000,1.000000,1.000000,0.000000,32.496899,19.312885,-0.000000
member,147,9,9,1,0.000009,0.999991,0.999991,0.000121,20.025484,12.135931,-0.000121
member,29642,9,9,1,-0.000000,1.000000,1.000000,0.000000,25.634609,23.444853,-0.000000
member,3211,0,0,1,0.000161,0.999839,0.999839,0.001570,28.574154,8.736128,-0.001570
member,43850,3,3,1,0.008147,0.991886,0.991886,0.047710,19.744999,4.818172,-0.047710
member,2354,2,2,1,-0.000000,1.000000,1.000000,0.000001,20.628860,17.512665,-0.000001
member,31520,7,7,1,-0.000000,1.000000,1.000000,0.000000,37.945625,28.114731,-0.000000
member,42583,8,8,1,0.000002,0.999998,0.999998,0.000032,26.835201,12.975995,-0.000032
member,43337,4,4,1,0.002916,0.997088,0.997088,0.023565,15.256562,6.856161,-0.023565
member,45284,9,9,1,0.000001,0.999999,0.999999,0.000014,21.610720,14.541333,-0.000014
member,46956,1,1,1,0.000303,0.999697,0.999697,0.002763,20.567814,8.100749,-0.002763
member,48790,2,2,1,0.000084,0.999916,0.999916,0.000921,19.271774,9.758944,-0.000921
member,36585,2,2,1,0.005296,0.994718,0.994718,0.037495,10.064308,5.882916,-0.037495
member,10465,7,7,1,0.000375,0.999625,0.999625,0.003457,15.298652,7.970906,-0.003457
member,7821,1,1,1,-0.000000,1.000000,1.000000,0.000001,44.464935,17.345167,-0.000001
member,7205,3,3,1,0.038555,0.962179,0.962179,0.174938,16.132135,3.353679,-0.174938
member,6413,9,9,1,0.000001,0.999999,0.999999,0.000014,24.128748,14.460114,-0.000014
member,34046,7,7,1,0.000003,0.999997,0.999997,0.000039,18.158550,13.120411,-0.000039
member,12728,5,5,1,0.000046,0.999954,0.999954,0.000504,23.727219,9.994573,-0.000504
member,6925,6,6,1,0.000000,1.000000,1.000000,0.000005,26.920824,15.071854,-0.000005
member,27995,9,9,1,0.000005,0.999995,0.999995,0.000067,29.957926,12.506853,-0.000067
member,37612,5,5,1,0.000036,0.999964,0.999964,0.000417,21.472319,10.296388,-0.000417
member,39483,6,6,1,0.000001,0.999999,0.999999,0.000018,22.322065,13.837943,-0.000018
member,3016,3,3,1,0.036269,0.964381,0.964381,0.153766,18.093576,3.298613,-0.153766
member,1640,4,4,1,0.000195,0.999805,0.999805,0.001914,18.235769,8.616201,-0.001914
member,8883,8,8,1,0.000002,0.999998,0.999998,0.000031,22.429266,13.031058,-0.000031
member,37601,7,7,1,0.000005,0.999995,0.999995,0.000068,20.996199,12.329108,-0.000068
member,12969,3,3,1,0.011623,0.988444,0.988444,0.067289,11.674519,4.541010,-0.067289
member,23463,1,1,1,0.000490,0.999510,0.999510,0.004225,19.115574,7.620437,-0.004225
member,15757,8,8,1,0.000216,0.999784,0.999784,0.002257,14.331461,9.120113,-0.002257
member,44076,7,7,1,0.000000,1.000000,1.000000,0.000004,26.129160,15.367520,-0.000004
member,4086,6,6,1,0.000988,0.999013,0.999013,0.007819,19.171846,6.919963,-0.007819
member,508,9,9,1,-0.000000,1.000000,1.000000,0.000000,35.606907,27.976803,-0.000000
member,6354,0,0,1,0.000750,0.999250,0.999250,0.006240,15.525226,7.219458,-0.006240
member,29644,7,7,1,-0.000000,1.000000,1.000000,0.000000,37.818386,18.308867,-0.000000
member,20815,4,4,1,0.007768,0.992262,0.992262,0.045325,27.104406,4.853916,-0.045325
member,6234,4,4,1,0.000108,0.999892,0.999892,0.001169,16.754282,9.324269,-0.001169
member,31989,9,9,1,0.000019,0.999981,0.999981,0.000223,21.360209,10.896766,-0.000223
member,12995,7,7,1,0.000019,0.999981,0.999981,0.000225,20.618034,10.941458,-0.000225
member,42501,3,3,1,0.000281,0.999719,0.999719,0.002617,16.333263,8.204025,-0.002617
member,38920,7,7,1,-0.000000,1.000000,1.000000,0.000000,24.236841,19.814039,-0.000000
member,262,1,1,1,0.000000,1.000000,1.000000,0.000008,28.038464,14.507177,-0.000008
member,7891,9,9,1,0.002491,0.997513,0.997513,0.019249,21.064487,6.674496,-0.019249
member,10527,3,3,1,0.035293,0.965323,0.965323,0.164717,11.485425,3.469549,-0.164717
member,18600,5,5,1,0.000014,0.999986,0.999986,0.000180,16.582699,11.233321,-0.000180
member,24114,9,9,1,-0.000000,1.000000,1.000000,0.000000,28.565626,22.369001,-0.000000
member,33498,2,2,1,0.013255,0.986833,0.986833,0.076780,10.320938,4.539886,-0.076780
member,13471,3,3,1,0.034114,0.966462,0.966462,0.146882,21.185246,3.361095,-0.146882
member,31725,8,8,1,0.000014,0.999986,0.999986,0.000179,16.255791,11.656617,-0.000179
member,23690,3,3,1,0.049750,0.951467,0.951467,0.249262,10.283021,3.585916,-0.249262
member,10557,3,3,1,0.000465,0.999535,0.999535,0.004033,25.963202,7.673405,-0.004033
member,6556,3,3,1,0.000008,0.999992,0.999992,0.000107,14.933294,12.716076,-0.000107
member,45577,9,9,1,0.001334,0.998667,0.998667,0.010155,31.305714,6.619175,-0.010155
member,41503,9,9,1,0.000000,1.000000,1.000000,0.000003,24.756367,15.589210,-0.000003
member,27872,6,6,1,0.000004,0.999996,0.999996,0.000060,28.261683,12.671894,-0.000060
member,10810,8,8,1,0.000037,0.999963,0.999963,0.000445,15.441311,10.423365,-0.000445
member,38214,8,8,1,0.003813,0.996194,0.996194,0.025014,19.778811,5.567839,-0.025014
member,11730,2,2,1,0.000020,0.999980,0.999980,0.000241,19.529350,10.853768,-0.000241
member,27438,0,0,1,0.000091,0.999909,0.999909,0.000944,27.636765,9.302507,-0.000944
member,21779,4,4,1,0.000232,0.999768,0.999768,0.002180,19.644569,8.375336,-0.002180
member,34079,2,2,1,0.002485,0.997518,0.997518,0.018759,14.033864,6.192665,-0.018759
member,22915,9,9,1,-0.000000,1.000000,1.000000,0.000000,24.189001,23.874186,-0.000000
member,8085,1,1,1,-0.000000,1.000000,1.000000,0.000000,51.265953,28.496281,-0.000000
member,43467,5,5,1,-0.000000,1.000000,1.000000,0.000000,36.985939,17.390278,-0.000000
member,14709,3,3,1,0.000235,0.999765,0.999765,0.002355,14.156965,8.587105,-0.002355
member,15466,0,0,1,0.005803,0.994214,0.994214,0.039614,22.480913,5.630125,-0.039614
member,37172,4,4,1,0.000013,0.999987,0.999987,0.000163,16.592573,11.390118,-0.000163
member,28748,2,2,1,0.000002,0.999998,0.999998,0.000022,30.308336,13.405270,-0.000022
member,3104,7,7,1,0.000013,0.999987,0.999987,0.000154,27.579599,11.284725,-0.000154
member,708,0,0,1,0.041206,0.959632,0.959632,0.190646,8.714231,3.316643,-0.190646
member,38385,5,5,1,0.027950,0.972437,0.972437,0.126395,13.589201,3.564260,-0.126395
member,23444,9,9,1,0.000032,0.999968,0.999968,0.000373,19.406860,10.422107,-0.000373
member,26510,8,8,1,0.000001,0.999999,0.999999,0.000014,20.517332,13.916449,-0.000014
member,8466,6,6,1,0.000022,0.999978,0.999978,0.000274,16.586773,11.363377,-0.000274
member,6230,2,2,1,0.000174,0.999826,0.999826,0.001840,15.010013,9.143932,-0.001840
member,46358,1,1,1,0.000002,0.999998,0.999998,0.000033,27.010523,13.375016,-0.000033
member,39357,6,6,1,0.002949,0.997055,0.997055,0.023369,15.485579,6.370352,-0.023369
member,16386,6,6,1,0.062221,0.939676,0.939676,0.234927,15.895519,2.769735,-0.234927
member,34165,7,7,1,0.000456,0.999544,0.999544,0.004132,15.086961,7.785980,-0.004132
member,4168,2,2,1,0.000007,0.999993,0.999993,0.000097,24.080568,12.419333,-0.000097
member,5803,0,0,1,0.005039,0.994974,0.994974,0.031625,20.161156,5.288292,-0.031625
member,12753,2,2,1,0.000007,0.999993,0.999993,0.000090,19.058119,12.076817,-0.000090
member,2189,0,0,1,0.002344,0.997659,0.997659,0.016519,23.040447,6.054804,-0.016519
member,12187,9,9,1,0.000000,1.000000,1.000000,0.000005,23.841663,15.023169,-0.000005
member,31727,6,6,1,0.001320,0.998680,0.998680,0.010069,17.307409,6.629180,-0.010069
member,19245,3,3,1,0.055075,0.946414,0.946414,0.210311,19.754147,2.875307,-0.210311
member,37866,1,1,1,0.001418,0.998583,0.998583,0.010815,23.362841,6.572096,-0.010815
member,43514,1,1,1,0.000001,0.999999,0.999999,0.000013,29.820967,14.632034,-0.000013
member,8718,7,7,1,-0.000000,1.000000,1.000000,0.000000,39.561737,19.763752,-0.000000
member,28824,3,3,1,0.231194,0.793586,0.793586,0.528682,12.350057,1.363816,-0.528682
member,24468,7,7,1,0.578056,0.560988,0.560988,1.023706,6.812223,0.533514,-1.023706
member,48252,0,0,1,0.000582,0.999419,0.999419,0.005540,14.850833,8.172194,-0.005540
member,7201,7,7,1,0.000001,0.999999,0.999999,0.000018,27.538073,13.642092,-0.000018
member,9282,8,8,1,-0.000000,1.000000,1.000000,0.000000,30.901512,22.703196,-0.000000
member,26820,7,7,1,0.007009,0.993016,0.993016,0.045881,15.876912,5.170036,-0.045881
member,27373,2,2,1,0.000119,0.999881,0.999881,0.001244,17.894148,9.211447,-0.001244
member,22492,8,8,1,0.000021,0.999979,0.999979,0.000251,23.892593,10.764929,-0.000251
member,45637,6,6,1,0.057626,0.944003,0.944003,0.225749,17.364717,2.866708,-0.225749
member,45879,8,8,1,0.000024,0.999976,0.999976,0.000279,26.523151,10.640560,-0.000279
member,29339,6,6,1,0.003182,0.996823,0.996823,0.021578,17.555599,5.755843,-0.021578
member,46547,1,1,1,0.001201,0.998800,0.998800,0.010064,11.616563,6.959249,-0.010064
member,10803,5,5,1,0.000003,0.999997,0.999997,0.000050,22.188551,13.107316,-0.000050
member,20964,4,4,1,0.000016,0.999984,0.999984,0.000211,16.902237,11.680128,-0.000211
member,30032,7,7,1,0.015914,0.984212,0.984212,0.091852,18.164635,4.462161,-0.091852
member,5222,8,8,1,0.000001,0.999999,0.999999,0.000014,33.858047,13.863533,-0.000014
member,659,9,9,1,0.000076,0.999924,0.999924,0.000845,16.686653,9.818716,-0.000845
member,33245,4,4,1,0.000659,0.999341,0.999341,0.005560,16.348595,7.342065,-0.005560
member,5865,9,9,1,-0.000000,1.000000,1.000000,0.000000,24.551790,18.745831,-0.000000
member,48871,8,8,1,0.000162,0.999838,0.999838,0.001576,18.224882,8.728713,-0.001576
member,22985,4,4,1,-0.000000,1.000000,1.000000,0.000001,26.850199,17.323938,-0.000001
member,28880,3,3,1,0.140114,0.869259,0.869259,0.395678,10.741710,1.903424,-0.395678
member,47087,7,7,1,0.000000,1.000000,1.000000,0.000001,23.266436,16.631325,-0.000001
member,26527,2,2,1,0.000037,0.999963,0.999963,0.000442,16.194284,10.400254,-0.000442
member,9647,3,3,1,0.004637,0.995374,0.995374,0.029566,17.246128,5.373436,-0.029566
member,49545,3,3,1,0.000020,0.999980,0.999980,0.000234,23.483568,10.831015,-0.000234
member,32374,7,7,1,0.002167,0.997835,0.997835,0.016362,15.725795,6.286499,-0.016362
member,26158,1,1,1,0.019598,0.980593,0.980593,0.118069,9.614871,4.494689,-0.118069
member,11711,6,6,1,0.000000,1.000000,1.000000,0.000004,27.246338,15.455535,-0.000004
member,27238,1,1,1,0.008762,0.991276,0.991276,0.055432,10.068005,4.961269,-0.055432
member,18353,6,6,1,0.000000,1.000000,1.000000,0.000005,23.792070,15.544888,-0.000005
member,49514,5,5,1,0.000138,0.999862,0.999862,0.001452,17.609274,9.298059,-0.001452
member,21724,3,3,1,0.002514,0.997489,0.997489,0.017896,16.361290,6.012172,-0.017896
member,25924,8,8,1,-0.000000,1.000000,1.000000,0.000000,32.064411,23.755650,-0.000000
member,41389,3,3,1,0.031232,0.969251,0.969251,0.139124,14.923971,3.460255,-0.139124
member,4772,3,3,1,0.000062,0.999938,0.999938,0.000708,17.715807,9.946638,-0.000708
member,35204,3,3,1,0.000033,0.999967,0.999967,0.000386,16.283558,10.391048,-0.000386
member,27878,2,2,1,0.053430,0.947972,0.947972,0.261811,8.082867,3.545070,-0.261811
member,5874,0,0,1,0.010361,0.989693,0.989693,0.063927,14.010791,4.950054,-0.063927
member,17804,7,7,1,-0.000000,1.000000,1.000000,0.000000,27.812548,18.283920,-0.000000
member,34223,9,9,1,0.052101,0.949233,0.949233,0.201257,17.496954,2.929611,-0.201257
member,7841,1,1,1,0.003378,0.996628,0.996628,0.024442,14.329583,5.957218,-0.024442
member,15922,2,2,1,0.000633,0.999367,0.999367,0.005724,15.306281,7.896319,-0.005724
member,28366,7,7,1,0.001318,0.998683,0.998683,0.011344,11.293494,7.051484,-0.011344
member,12083,0,0,1,0.000264,0.999736,0.999736,0.002656,15.688310,8.541050,-0.002656
member,20033,3,3,1,0.000749,0.999251,0.999251,0.006235,18.766462,7.225616,-0.006235
member,14487,0,0,1,0.022202,0.978042,0.978042,0.109694,12.642531,3.836171,-0.109694
member,20818,2,2,1,0.002452,0.997551,0.997551,0.018449,15.135514,6.180161,-0.018449
member,37517,0,0,1,0.000005,0.999995,0.999995,0.000076,19.656029,12.232552,-0.000076
member,44235,1,1,1,0.000121,0.999879,0.999879,0.001212,19.858730,9.022321,-0.001212
member,48650,6,6,1,0.003950,0.996058,0.996058,0.028638,12.242105,5.756647,-0.028638
member,36235,5,5,1,0.000004,0.999996,0.999996,0.000051,23.873814,12.568891,-0.000051
member,21069,7,7,1,0.000000,1.000000,1.000000,0.000001,28.567625,16.529881,-0.000001
member,9523,2,2,1,-0.000000,1.000000,1.000000,0.000001,35.877190,17.264442,-0.000001
member,32755,9,9,1,0.000002,0.999998,0.999998,0.000023,31.229927,13.354858,-0.000023
member,12053,5,5,1,0.340772,0.711221,0.711221,0.601055,24.972876,0.901321,-0.601055
member,23593,6,6,1,0.004634,0.995376,0.995376,0.030049,18.231743,5.396985,-0.030049
member,8037,2,2,1,0.027683,0.972696,0.972696,0.139125,10.861213,3.733079,-0.139125
member,46976,3,3,1,0.000295,0.999705,0.999705,0.002927,13.495666,8.392516,-0.002927
member,16399,7,7,1,-0.000000,1.000000,1.000000,0.000001,30.941977,17.127398,-0.000001
member,45785,2,2,1,0.055041,0.946446,0.946446,0.253370,8.345167,3.124249,-0.253370
member,34615,8,8,1,0.000145,0.999855,0.999855,0.001445,19.009045,8.855687,-0.001445
member,7624,7,7,1,0.000132,0.999868,0.999868,0.001313,27.348715,8.931555,-0.001313
member,13661,3,3,1,0.000956,0.999044,0.999044,0.008110,18.959532,7.191401,-0.008110
member,37736,5,5,1,0.002202,0.997800,0.997800,0.016678,12.747067,6.250266,-0.016678
member,26541,2,2,1,0.006528,0.993493,0.993493,0.041492,13.683750,5.129267,-0.041492
member,13267,7,7,1,0.000000,1.000000,1.000000,0.000003,32.754810,15.600533,-0.000003
member,18082,5,5,1,0.000519,0.999481,0.999481,0.004756,21.278444,7.836606,-0.004756
member,48085,3,3,1,0.003461,0.996545,0.996545,0.026051,11.906290,6.101114,-0.026051
member,42767,9,9,1,0.000096,0.999904,0.999904,0.001086,16.875101,9.994773,-0.001086
member,4070,2,2,1,0.008784,0.991255,0.991255,0.050175,17.947432,4.730721,-0.050175
member,16286,1,9,0,0.761355,0.467033,0.532967,0.690973,25.526705,-0.132059,0.690973
member,1118,7,7,1,0.005616,0.994399,0.994399,0.041188,9.115499,5.644778,-0.041188
member,10074,1,1,1,0.010921,0.989139,0.989139,0.066503,12.776426,4.816529,-0.066503
member,11373,9,9,1,-0.000000,1.000000,1.000000,0.000001,37.989311,17.010187,-0.000001
member,32684,1,1,1,0.000013,0.999987,0.999987,0.000165,20.887184,11.262160,-0.000165
member,46433,3,3,1,0.002141,0.997862,0.997862,0.015283,21.748962,6.145526,-0.015283
member,25349,7,7,1,-0.000000,1.000000,1.000000,0.000001,27.134756,17.076782,-0.000001
member,6715,7,7,1,0.000022,0.999978,0.999978,0.000283,14.162397,11.230865,-0.000283
member,34567,0,0,1,0.000093,0.999907,0.999907,0.001021,22.415005,9.741888,-0.001021
member,1030,3,3,1,0.015548,0.984572,0.984572,0.082781,11.123107,4.201784,-0.082781
member,22753,9,9,1,-0.000000,1.000000,1.000000,0.000000,21.444822,18.549023,-0.000000
member,11761,7,7,1,0.000000,1.000000,1.000000,0.000003,23.697041,15.820318,-0.000003
member,35896,8,8,1,0.000000,1.000000,1.000000,0.000005,20.927063,15.276396,-0.000005
member,14492,4,4,1,0.000477,0.999523,0.999523,0.004314,15.490710,7.779131,-0.004314
member,25085,6,6,1,0.005685,0.994331,0.994331,0.040055,12.486036,5.498954,-0.040055
member,20395,8,8,1,0.002301,0.997701,0.997701,0.018652,15.175020,6.774729,-0.018652
member,4813,6,6,1,0.212693,0.808404,0.808404,0.621330,9.290605,1.965194,-0.621330
member,8994,0,0,1,-0.000000,1.000000,1.000000,0.000000,38.810680,25.016312,-0.000000
member,49691,3,2,0,1.045253,0.351603,0.491795,1.112396,10.720778,-0.335559,1.112396
member,21374,8,8,1,-0.000000,1.000000,1.000000,0.000001,24.628508,17.328960,-0.000001
member,30242,4,4,1,0.000203,0.999797,0.999797,0.002124,13.665191,8.915231,-0.002124
member,47578,6,6,1,0.000000,1.000000,1.000000,0.000003,29.701151,15.561771,-0.000003
member,1164,3,3,1,0.032137,0.968374,0.968374,0.149439,14.995464,3.507483,-0.149439
member,24810,4,4,1,0.007793,0.992237,0.992237,0.052388,10.294861,5.307349,-0.052388
member,21109,7,7,1,0.003237,0.996768,0.996768,0.023397,24.626301,5.949591,-0.023397
member,3697,9,9,1,-0.000000,1.000000,1.000000,0.000001,23.462729,17.163322,-0.000001
member,11438,6,6,1,0.001216,0.998784,0.998784,0.010459,17.961445,7.437911,-0.010459
member,4469,8,8,1,0.000034,0.999966,0.999966,0.000400,20.036678,10.371408,-0.000400
member,9807,9,9,1,0.000020,0.999980,0.999980,0.000242,23.989964,10.847407,-0.000242
member,47767,9,9,1,0.000005,0.999995,0.999995,0.000069,26.399691,12.157838,-0.000069
member,6748,7,7,1,0.002256,0.997746,0.997746,0.015990,20.998314,6.092978,-0.015990
member,49184,8,8,1,-0.000000,1.000000,1.000000,0.000000,56.785324,37.712959,-0.000000
member,17378,7,7,1,0.000428,0.999572,0.999572,0.003835,16.968361,7.798858,-0.003835
member,36884,4,4,1,0.000001,0.999999,0.999999,0.000013,34.852573,13.949057,-0.000013
member,13356,5,5,1,0.000541,0.999459,0.999459,0.005247,16.554054,8.051307,-0.005247
member,32404,3,3,1,0.016664,0.983474,0.983474,0.084998,23.302813,4.094057,-0.084998
member,42454,9,9,1,0.000000,1.000000,1.000000,0.000002,20.952742,16.162853,-0.000002
member,46065,5,5,1,0.014903,0.985207,0.985207,0.077046,17.938894,4.198919,-0.077046
member,11538,2,2,1,0.003140,0.996865,0.996865,0.024963,9.325693,6.495755,-0.024963
member,2008,7,7,1,0.000001,0.999999,0.999999,0.000011,29.927570,14.156355,-0.000011
member,3221,5,5,1,0.000001,0.999999,0.999999,0.000010,40.654915,14.246159,-0.000010
member,44996,9,9,1,-0.000000,1.000000,1.000000,0.000000,34.240959,25.701572,-0.000000
member,18762,5,5,1,0.000884,0.999117,0.999117,0.007878,16.236073,7.379371,-0.007878
member,14165,1,1,1,0.000000,1.000000,1.000000,0.000001,33.580994,16.589207,-0.000001
member,40683,8,8,1,0.000017,0.999983,0.999983,0.000210,16.712761,11.205053,-0.000210
member,25080,7,7,1,0.000746,0.999254,0.999254,0.006129,21.353708,7.201783,-0.006129
member,1822,8,8,1,0.000000,1.000000,1.000000,0.000002,30.463472,15.784107,-0.000002
member,44661,7,7,1,0.062915,0.939023,0.939023,0.273073,14.151870,3.385368,-0.273073
member,6848,8,8,1,-0.000000,1.000000,1.000000,0.000000,34.819344,20.539799,-0.000000
member,12635,6,6,1,0.000056,0.999944,0.999944,0.000615,25.560066,9.867838,-0.000615
member,37668,3,3,1,0.007579,0.992450,0.992450,0.044622,11.196070,4.881944,-0.044622
member,6095,6,6,1,0.002557,0.997446,0.997446,0.018609,22.385151,6.063437,-0.018609
member,39248,2,2,1,0.000037,0.999963,0.999963,0.000435,17.424950,10.371922,-0.000435
member,10577,0,0,1,0.000126,0.999874,0.999874,0.001277,15.852323,9.004680,-0.001277
member,31074,2,2,1,0.001348,0.998653,0.998653,0.011749,9.982529,7.486141,-0.011749
member,29112,9,9,1,0.000006,0.999994,0.999994,0.000081,18.371046,12.367517,-0.000081
member,10192,3,3,1,0.167761,0.845556,0.845556,0.432022,13.416772,1.701560,-0.432022
member,314,3,3,1,0.056933,0.944658,0.944658,0.219885,14.545546,2.857671,-0.219885
member,11449,3,3,1,0.085018,0.918496,0.918496,0.282429,31.773605,2.422079,-0.282429
member,30745,8,8,1,-0.000000,1.000000,1.000000,0.000000,44.759174,22.093925,-0.000000
member,29702,7,7,1,0.006830,0.993194,0.993194,0.047028,11.562801,5.522276,-0.047028
member,27658,3,3,1,0.005366,0.994648,0.994648,0.036771,13.175223,5.483359,-0.036771
member,23685,1,1,1,0.000408,0.999592,0.999592,0.003589,30.956326,7.804739,-0.003589
member,28375,4,4,1,0.001359,0.998641,0.998641,0.010852,13.159615,6.729094,-0.010852
member,3085,1,1,1,0.000361,0.999639,0.999639,0.003259,23.318939,7.949559,-0.003259
member,49371,0,0,1,0.000179,0.999821,0.999821,0.001781,28.646193,8.739573,-0.001781
member,3751,5,5,1,0.004475,0.995535,0.995535,0.032968,10.414132,5.785430,-0.032968
member,5048,8,8,1,0.000043,0.999957,0.999957,0.000478,21.938816,10.051967,-0.000478
member,29186,9,9,1,0.000187,0.999813,0.999813,0.001851,13.099292,8.645333,-0.001851
member,30708,3,3,1,0.005759,0.994258,0.994258,0.035540,24.219288,5.159252,-0.035540
member,20146,6,6,1,-0.000000,1.000000,1.000000,0.000001,24.615711,17.367228,-0.000001
member,32249,9,9,1,0.000003,0.999997,0.999997,0.000042,21.796358,12.771356,-0.000042
member,4969,4,4,1,0.007128,0.992897,0.992897,0.048546,10.722534,5.480748,-0.048546
member,30525,9,9,1,0.000287,0.999713,0.999713,0.002646,24.720091,8.163433,-0.002646
member,18494,6,6,1,0.004776,0.995235,0.995235,0.030342,17.351809,5.344868,-0.030342
member,38064,1,1,1,-0.000000,1.000000,1.000000,0.000000,24.120331,18.471905,-0.000000
member,41836,4,4,1,0.008018,0.992014,0.992014,0.049298,19.017513,4.937778,-0.049298
member,32752,6,6,1,0.000534,0.999466,0.999466,0.005385,10.650188,8.426561,-0.005385
member,20073,2,2,1,0.000064,0.999936,0.999936,0.000752,16.365774,10.458688,-0.000752
member,26273,4,4,1,0.000088,0.999912,0.999912,0.000913,18.955841,9.346263,-0.000913
member,13649,0,0,1,0.000500,0.999500,0.999500,0.004738,14.580564,8.012516,-0.004738
member,25533,8,8,1,0.002940,0.997064,0.997064,0.020198,19.253902,5.836644,-0.020198
member,17521,7,7,1,-0.000000,1.000000,1.000000,0.000000,40.557152,20.258936,-0.000000
member,25480,4,4,1,0.000001,0.999999,0.999999,0.000009,25.937565,14.570762,-0.000009
member,48234,1,1,1,0.019585,0.980605,0.980605,0.102266,10.335059,4.007548,-0.102266
member,48787,4,4,1,0.000004,0.999996,0.999996,0.000051,26.246531,12.495444,-0.000051
member,32389,3,3,1,0.000003,0.999997,0.999997,0.000040,26.203672,13.209606,-0.000040
member,5086,3,3,1,0.003142,0.996863,0.996863,0.022770,12.381504,5.900534,-0.022770
member,17252,8,8,1,-0.000000,1.000000,1.000000,0.000000,42.312218,25.230249,-0.000000
member,4039,1,1,1,-0.000000,1.000000,1.000000,0.000001,29.683775,17.066658,-0.000001
member,18386,0,0,1,0.000009,0.999991,0.999991,0.000120,19.389961,11.848602,-0.000120
member,4246,9,9,1,0.000000,1.000000,1.000000,0.000002,24.793785,16.478817,-0.000002
member,18627,4,4,1,0.007202,0.992824,0.992824,0.044945,15.701811,5.008188,-0.044945
member,879,1,1,1,0.001066,0.998935,0.998935,0.008420,19.811642,6.854110,-0.008420
member,23298,7,7,1,-0.000000,1.000000,1.000000,0.000000,27.801008,18.666077,-0.000000
member,29752,6,6,1,-0.000000,1.000000,1.000000,0.000000,34.108162,23.703487,-0.000000
member,30172,0,0,1,0.006056,0.993962,0.993962,0.037289,16.474640,5.116565,-0.037289
member,28559,1,1,1,0.000005,0.999995,0.999995,0.000070,42.629463,12.139988,-0.000070
member,18863,2,2,1,0.009551,0.990495,0.990495,0.060208,16.902845,5.159138,-0.060208
member,43343,7,7,1,-0.000000,1.000000,1.000000,0.000000,25.763361,19.344667,-0.000000
member,34210,8,8,1,-0.000000,1.000000,1.000000,0.000000,38.361919,29.533794,-0.000000
member,26083,0,0,1,-0.000000,1.000000,1.000000,0.000000,30.296072,17.875132,-0.000000
member,1941,4,4,1,0.044473,0.956502,0.956502,0.196336,13.225345,3.194071,-0.196336
member,22225,5,5,1,0.310194,0.733305,0.733305,0.635565,12.580689,1.065797,-0.635565
member,44691,8,8,1,-0.000000,1.000000,1.000000,0.000000,43.930725,30.403200,-0.000000
member,43239,4,4,1,0.002356,0.997647,0.997647,0.017745,12.454438,6.193890,-0.017745
member,23859,3,3,1,0.095957,0.908503,0.908503,0.347296,12.817170,2.457096,-0.347296
member,14158,8,8,1,-0.000000,1.000000,1.000000,0.000000,38.185234,20.890469,-0.000000
member,33875,5,5,1,0.025663,0.974663,0.974663,0.118781,17.155121,3.653444,-0.118781
member,48104,7,7,1,0.000000,1.000000,1.000000,0.000004,24.155043,15.253121,-0.000004
member,23449,0,0,1,0.050612,0.950647,0.950647,0.196620,20.477648,2.958168,-0.196620
member,6623,1,1,1,0.000021,0.999979,0.999979,0.000252,26.293222,10.752153,-0.000252
member,38264,8,8,1,0.000000,1.000000,1.000000,0.000003,20.457563,16.158073,-0.000003
member,26241,1,1,1,0.000000,1.000000,1.000000,0.000002,32.436321,15.870403,-0.000002
member,47591,4,4,1,0.005673,0.994343,0.994343,0.036267,18.170673,5.235765,-0.036267
member,24155,6,6,1,0.000148,0.999852,0.999852,0.001535,14.288372,8.978246,-0.001535
member,32058,0,0,1,0.000000,1.000000,1.000000,0.000006,29.727901,14.825883,-0.000006
member,9331,7,7,1,0.119741,0.887150,0.887150,0.355004,10.494560,2.064861,-0.355004
member,43564,0,0,1,0.006118,0.993900,0.993900,0.039858,14.339999,5.256885,-0.039858
member,3493,8,8,1,0.001006,0.998994,0.998994,0.008367,15.065234,7.021748,-0.008367
member,4878,5,5,1,0.000040,0.999960,0.999960,0.000449,18.659479,10.125149,-0.000449
member,47062,3,3,1,0.001937,0.998065,0.998065,0.014111,15.694916,6.253164,-0.014111
member,998,3,3,1,0.005307,0.994707,0.994707,0.036301,15.611727,5.519341,-0.036301
member,37086,5,5,1,0.000002,0.999998,0.999998,0.000027,30.955673,13.171862,-0.000027
member,36437,4,4,1,0.007063,0.992962,0.992962,0.043624,18.729326,5.016954,-0.043624
member,34749,8,8,1,0.000000,1.000000,1.000000,0.000004,33.602974,15.294682,-0.000004
member,28616,5,5,1,0.003985,0.996022,0.996022,0.026008,18.108932,5.524829,-0.026008
member,37095,3,3,1,0.004694,0.995317,0.995317,0.032945,10.804039,5.655528,-0.032945
member,22810,2,2,1,0.000410,0.999590,0.999590,0.003612,19.810892,7.798446,-0.003612
member,7142,3,3,1,0.000535,0.999466,0.999466,0.004942,12.448567,7.809882,-0.004942
member,21558,1,1,1,-0.000000,1.000000,1.000000,0.000000,35.253658,17.396484,-0.000000
member,9935,8,8,1,0.000193,0.999807,0.999807,0.001913,15.278727,8.661734,-0.001913
member,4788,5,5,1,0.000166,0.999834,0.999834,0.001607,29.777519,8.706352,-0.001607
member,30510,8,8,1,-0.000000,1.000000,1.000000,0.000000,38.552658,25.468918,-0.000000
member,31189,8,8,1,-0.000000,1.000000,1.000000,0.000000,31.486301,27.055088,-0.000000
member,20083,5,5,1,0.000005,0.999995,0.999995,0.000070,25.814936,12.157895,-0.000070
member,10823,7,7,1,0.000005,0.999995,0.999995,0.000066,30.226072,12.201946,-0.000066
member,672,9,9,1,0.010989,0.989071,0.989071,0.060230,22.958025,4.505327,-0.060230
member,15594,0,0,1,0.004728,0.995283,0.995283,0.032473,12.870652,5.528527,-0.032473
member,43048,8,8,1,0.000000,1.000000,1.000000,0.000003,20.386635,16.163557,-0.000003
member,21911,5,5,1,0.000060,0.999940,0.999940,0.000689,16.081150,10.202492,-0.000689
member,11868,3,3,1,0.013330,0.986758,0.986758,0.073748,13.152666,4.365993,-0.073748
member,34690,1,1,1,0.000069,0.999931,0.999931,0.000730,26.096361,9.581455,-0.000730
member,11321,7,7,1,0.029535,0.970897,0.970897,0.160234,7.559722,3.924419,-0.160234
member,44211,5,5,1,0.019378,0.980808,0.980808,0.107979,15.431869,4.465405,-0.107979
member,24614,9,9,1,0.000363,0.999637,0.999637,0.003529,13.385552,8.197232,-0.003529
member,12005,5,5,1,0.001618,0.998384,0.998384,0.012714,13.485156,6.553256,-0.012714
member,3939,7,7,1,0.021737,0.978498,0.978498,0.115911,12.831689,4.031316,-0.115911
member,4613,7,7,1,-0.000000,1.000000,1.000000,0.000000,20.147951,18.903173,-0.000000
member,36759,2,2,1,0.000470,0.999530,0.999530,0.004120,16.856960,7.680777,-0.004120
member,31458,9,9,1,0.000001,0.999999,0.999999,0.000013,34.441566,13.951670,-0.000013
member,44952,9,9,1,0.054555,0.946906,0.946906,0.209146,14.413133,2.885306,-0.209146
member,4347,5,5,1,0.029542,0.970890,0.970890,0.146435,10.972983,3.728543,-0.146435
member,39327,9,9,1,0.000001,0.999999,0.999999,0.000012,18.559334,14.153395,-0.000012
member,49922,3,3,1,0.004392,0.995617,0.995617,0.032340,14.331048,6.194029,-0.032340
member,22393,6,6,1,0.056401,0.945160,0.945160,0.230633,10.711144,2.914299,-0.230633
member,3156,5,5,1,0.045291,0.955719,0.955719,0.185156,12.486938,3.088230,-0.185156
member,29917,0,0,1,0.037045,0.963633,0.963633,0.177479,13.823089,3.586765,-0.177479
member,37223,3,3,1,0.016811,0.983329,0.983329,0.086097,12.650987,4.089620,-0.086097
member,13478,2,2,1,0.007425,0.992602,0.992602,0.049343,10.929061,5.181449,-0.049343
member,13871,4,4,1,0.000077,0.999923,0.999923,0.000805,32.601879,9.472948,-0.000805
member,38555,5,5,1,0.000000,1.000000,1.000000,0.000006,27.912230,14.872496,-0.000006
member,25329,7,7,1,0.208634,0.811692,0.811692,0.525709,10.059278,1.513188,-0.525709
member,44684,6,6,1,0.000000,1.000000,1.000000,0.000006,31.430052,14.694460,-0.000006
member,985,6,6,1,0.015772,0.984352,0.984352,0.080617,19.892977,4.141865,-0.080617
member,37139,9,9,1,0.005287,0.994726,0.994726,0.035754,11.891808,5.389043,-0.035754
member,35033,1,1,1,0.000140,0.999860,0.999860,0.001410,23.922117,8.930765,-0.001410
member,23730,9,9,1,-0.000000,1.000000,1.000000,0.000000,39.016563,34.197262,-0.000000
member,7530,0,0,1,0.005193,0.994820,0.994820,0.037117,14.421531,5.872914,-0.037117
member,44394,9,9,1,0.000000,1.000000,1.000000,0.000003,23.518461,15.915031,-0.000003
member,32948,7,7,1,-0.000000,1.000000,1.000000,0.000000,34.807495,23.395174,-0.000000
member,30877,6,6,1,0.017069,0.983076,0.983076,0.089511,16.786716,4.114509,-0.089511
member,29930,8,8,1,0.000206,0.999794,0.999794,0.002104,16.246721,8.809879,-0.002104
member,23415,7,7,1,0.001427,0.998574,0.998574,0.010772,34.810787,6.551199,-0.010772
member,6059,7,7,1,0.000014,0.999986,0.999986,0.000174,24.884691,11.192281,-0.000174
member,23679,9,9,1,0.000000,1.000000,1.000000,0.000003,22.644291,15.746672,-0.000003
member,15940,2,2,1,0.000000,1.000000,1.000000,0.000004,18.806784,15.385359,-0.000004
member,6948,8,8,1,-0.000000,1.000000,1.000000,0.000000,40.055775,18.189260,-0.000000
member,30095,5,5,1,0.000095,0.999905,0.999905,0.001041,16.705484,9.481901,-0.001041
member,41339,5,5,1,0.109644,0.896153,0.896153,0.346558,10.991685,2.182303,-0.346558
member,49598,4,4,1,0.004502,0.995509,0.995509,0.032267,11.005573,5.913933,-0.032267
member,33183,2,2,1,0.005722,0.994294,0.994294,0.036291,15.333794,5.201701,-0.036291
member,16580,5,5,1,0.000063,0.999937,0.999937,0.000703,16.869799,9.904444,-0.000703
member,1388,4,4,1,0.006065,0.993953,0.993953,0.038986,14.038239,5.195314,-0.038986
member,21350,9,9,1,-0.000000,1.000000,1.000000,0.000000,26.521654,21.263069,-0.000000
member,49750,9,9,1,0.000068,0.999932,0.999932,0.000724,29.265642,9.590082,-0.000724
member,34431,4,4,1,0.000029,0.999971,0.999971,0.000332,18.249418,10.454224,-0.000332
member,24454,4,4,1,0.000539,0.999461,0.999461,0.004879,15.456791,7.716064,-0.004879
member,40359,0,0,1,0.000151,0.999849,0.999849,0.001551,15.392842,8.947718,-0.001551
member,18577,7,7,1,0.000000,1.000000,1.000000,0.000005,19.886698,15.054193,-0.000005
member,33451,0,0,1,0.002128,0.997874,0.997874,0.016643,12.941854,6.632468,-0.016643
member,47852,0,0,1,0.345667,0.707748,0.707748,0.721028,9.813847,1.025709,-0.721028
member,4,1,1,1,0.026702,0.973652,0.973652,0.121816,32.203129,3.609671,-0.121816
member,29182,9,9,1,0.000067,0.999933,0.999933,0.000720,23.149242,9.635893,-0.000720
member,8230,5,5,1,0.031539,0.968953,0.968953,0.150399,9.848287,3.542420,-0.150399
member,5946,4,4,1,0.001023,0.998977,0.998977,0.008783,11.949240,7.110816,-0.008783
member,7822,4,4,1,0.002253,0.997749,0.997749,0.017467,14.758873,6.511503,-0.017467
member,19486,9,9,1,-0.000000,1.000000,1.000000,0.000000,34.214092,19.050367,-0.000000
member,15384,9,9,1,-0.000000,1.000000,1.000000,0.000000,31.565245,26.554689,-0.000000
member,41099,5,5,1,-0.000000,1.000000,1.000000,0.000001,26.452316,16.761814,-0.000001
member,18183,9,9,1,0.000000,1.000000,1.000000,0.000006,22.551857,15.264921,-0.000006
member,27161,7,7,1,0.007804,0.992227,0.992227,0.045501,21.834888,4.849289,-0.045501
member,11645,1,1,1,0.000001,0.999999,0.999999,0.000012,32.337910,14.078794,-0.000012
member,24390,7,7,1,0.000480,0.999521,0.999521,0.004347,25.842752,7.795065,-0.004347
member,4850,5,5,1,0.000078,0.999922,0.999922,0.000819,20.791014,9.454805,-0.000819
member,47435,9,9,1,-0.000000,1.000000,1.000000,0.000000,24.538588,18.126083,-0.000000
member,42206,3,3,1,0.000001,0.999999,0.999999,0.000012,23.072895,14.254056,-0.000012
member,45340,4,4,1,0.000954,0.999047,0.999047,0.008539,20.383512,7.631270,-0.008539
member,28169,6,6,1,0.020065,0.980135,0.980135,0.097783,15.864991,3.900463,-0.097783
member,3419,8,8,1,0.000397,0.999603,0.999603,0.003505,30.828087,7.831476,-0.003505
member,42590,3,3,1,0.184356,0.831640,0.831640,0.553827,8.641261,1.924108,-0.553827
member,38734,8,8,1,0.000026,0.999974,0.999974,0.000299,19.891102,10.580501,-0.000299
member,36719,9,9,1,0.000000,1.000000,1.000000,0.000005,28.145576,15.112600,-0.000005
member,29497,0,0,1,0.000110,0.999890,0.999890,0.001114,17.106510,9.123075,-0.001114
member,4362,5,5,1,0.000122,0.999878,0.999878,0.001225,22.459980,9.008371,-0.001225
member,4028,9,9,1,-0.000000,1.000000,1.000000,0.000000,26.972382,24.417267,-0.000000
member,3426,5,5,1,0.000025,0.999975,0.999975,0.000298,24.244757,10.770495,-0.000298
member,20268,6,6,1,0.011662,0.988406,0.988406,0.066267,14.104915,4.502136,-0.066267
member,20057,1,1,1,0.000000,1.000000,1.000000,0.000003,37.295063,16.174410,-0.000003
member,11478,2,2,1,0.000580,0.999420,0.999420,0.005010,14.319801,7.495990,-0.005010
member,47944,9,9,1,0.000000,1.000000,1.000000,0.000002,21.978495,16.388493,-0.000002
member,29392,5,5,1,0.000010,0.999990,0.999990,0.000122,25.089874,11.592602,-0.000122
member,29046,4,4,1,0.027909,0.972477,0.972477,0.133064,13.158511,3.618239,-0.133064
member,8564,6,6,1,0.009934,0.990115,0.990115,0.059285,14.546807,4.720276,-0.059285
member,39506,3,3,1,0.000474,0.999526,0.999526,0.004382,18.581236,7.975892,-0.004382
member,49804,6,6,1,0.036339,0.964313,0.964313,0.157590,15.264759,3.317204,-0.157590
member,25449,2,2,1,0.000007,0.999993,0.999993,0.000089,19.362738,11.941282,-0.000089
member,34921,6,6,1,-0.000000,1.000000,1.000000,0.000000,26.947599,19.537012,-0.000000
member,30477,5,5,1,0.003912,0.996095,0.996095,0.028355,11.790685,5.905131,-0.028355
member,13519,8,8,1,-0.000000,1.000000,1.000000,0.000000,33.842293,27.617390,-0.000000
member,34007,5,5,1,0.000526,0.999474,0.999474,0.004495,22.947399,7.550676,-0.004495
member,21315,3,3,1,0.042226,0.958653,0.958653,0.212896,14.726997,3.885163,-0.212896
member,42424,1,1,1,0.000000,1.000000,1.000000,0.000006,33.167030,14.800915,-0.000006
member,48900,5,5,1,0.000985,0.999016,0.999016,0.008498,11.763383,7.269919,-0.008498
member,47632,2,2,1,-0.000000,1.000000,1.000000,0.000001,23.738770,18.198792,-0.000001
member,49788,8,8,1,-0.000000,1.000000,1.000000,0.000000,32.659706,18.597992,-0.000000
member,44231,1,1,1,0.000028,0.999972,0.999972,0.000322,45.306091,10.481300,-0.000322
member,10723,9,9,1,-0.000000,1.000000,1.000000,0.000000,28.978863,27.709343,-0.000000
member,13154,2,2,1,0.000477,0.999523,0.999523,0.004483,16.608303,8.321816,-0.004483
member,13762,4,4,1,0.000138,0.999862,0.999862,0.001457,13.284133,9.065578,-0.001457
member,42811,4,4,1,0.001005,0.998996,0.998996,0.008628,16.739975,7.094953,-0.008628
member,30803,7,7,1,0.002850,0.997154,0.997154,0.020898,12.304019,6.010935,-0.020898
member,36260,7,7,1,0.000519,0.999481,0.999481,0.004647,15.092734,7.687620,-0.004647
member,21436,5,5,1,0.003279,0.996726,0.996726,0.022280,16.930820,5.733182,-0.022280
member,25970,0,0,1,0.292340,0.746515,0.746515,0.566190,17.128412,1.080130,-0.566190
member,32203,8,8,1,0.002536,0.997467,0.997467,0.019333,13.600921,6.255071,-0.019333
member,7180,3,3,1,0.004597,0.995414,0.995414,0.032028,14.039931,5.707884,-0.032028
member,41280,9,9,1,0.000022,0.999978,0.999978,0.000259,21.546913,10.726276,-0.000259
member,28086,1,1,1,0.005660,0.994356,0.994356,0.034942,18.864750,5.173891,-0.034942
member,13701,1,1,1,-0.000000,1.000000,1.000000,0.000000,51.194851,30.329556,-0.000000
member,1003,2,2,1,0.005129,0.994884,0.994884,0.038320,10.672088,6.000388,-0.038320
member,9058,0,0,1,0.002455,0.997548,0.997548,0.018962,19.629744,6.289846,-0.018962
member,44234,3,3,1,0.001144,0.998857,0.998857,0.009675,19.206766,7.395519,-0.009675
member,25674,4,4,1,-0.000000,1.000000,1.000000,0.000000,28.188084,18.145571,-0.000000
member,45055,9,9,1,0.000078,0.999922,0.999922,0.000817,27.166342,9.459080,-0.000817
member,35143,4,4,1,0.002323,0.997679,0.997679,0.017612,19.200804,6.285358,-0.017612
member,38162,8,8,1,0.000030,0.999970,0.999970,0.000346,24.609758,10.406756,-0.000346
member,22476,6,6,1,0.000004,0.999996,0.999996,0.000053,25.199690,12.487443,-0.000053
member,23006,1,1,1,0.000360,0.999640,0.999640,0.003212,27.807505,7.929811,-0.003212
member,45343,7,7,1,0.000002,0.999998,0.999998,0.000025,23.712067,13.275792,-0.000025
member,36127,5,5,1,0.000264,0.999736,0.999736,0.002521,15.468266,8.325575,-0.002521
member,49709,5,5,1,0.000001,0.999999,0.999999,0.000014,16.802925,14.606394,-0.000014
member,13098,1,1,1,0.000282,0.999718,0.999718,0.002755,14.057932,8.425221,-0.002755
member,37195,9,9,1,0.000031,0.999969,0.999969,0.000355,21.873692,10.377797,-0.000355
member,4107,7,7,1,0.000050,0.999950,0.999950,0.000583,20.529694,10.486410,-0.000583
member,41335,8,8,1,-0.000000,1.000000,1.000000,0.000000,32.388660,21.626280,-0.000000
member,25222,2,2,1,0.015798,0.984326,0.984326,0.087704,12.146078,4.276420,-0.087704
member,35839,4,4,1,0.000520,0.999480,0.999480,0.005198,11.853081,8.421385,-0.005198
member,29718,7,7,1,0.000454,0.999546,0.999546,0.004476,12.996371,8.591167,-0.004476
member,46952,6,6,1,0.000013,0.999987,0.999987,0.000164,19.886715,11.584800,-0.000164
member,29827,4,4,1,0.000093,0.999907,0.999907,0.001021,18.979057,9.931410,-0.001021
member,17542,7,7,1,0.000007,0.999993,0.999993,0.000096,21.811495,11.810019,-0.000096
member,24915,7,7,1,-0.000000,1.000000,1.000000,0.000000,45.516270,25.834394,-0.000000
member,4513,7,7,1,-0.000000,1.000000,1.000000,0.000000,41.084881,21.267786,-0.000000
member,19936,4,4,1,0.000747,0.999253,0.999253,0.006174,15.767301,7.208976,-0.006174
member,46524,7,7,1,0.000282,0.999718,0.999718,0.002615,14.434591,8.191483,-0.002615
member,24510,6,2,0,0.931236,0.394066,0.597840,0.716644,8.005751,-0.416804,0.716644
member,27441,3,3,1,0.004895,0.995116,0.995116,0.031676,14.113235,5.355317,-0.031676
member,12001,9,9,1,0.000720,0.999281,0.999281,0.006591,11.791269,7.909989,-0.006591
member,23353,3,3,1,0.000036,0.999964,0.999964,0.000432,18.731203,10.567683,-0.000432
member,27292,5,5,1,0.002918,0.997086,0.997086,0.019920,23.087296,5.835453,-0.019920
member,34203,2,2,1,0.000003,0.999997,0.999997,0.000040,21.379915,13.189911,-0.000040
member,12147,3,3,1,0.000348,0.999652,0.999652,0.003156,17.259569,7.979543,-0.003156
member,15291,6,6,1,0.000011,0.999989,0.999989,0.000156,14.424321,12.126595,-0.000156
member,46879,2,2,1,0.000065,0.999935,0.999935,0.000725,17.143305,9.783850,-0.000725
member,8690,1,1,1,-0.000000,1.000000,1.000000,0.000000,65.615211,33.468456,-0.000000
member,12653,9,9,1,0.000001,0.999999,0.999999,0.000020,43.723778,13.495550,-0.000020
member,31469,2,2,1,0.002748,0.997256,0.997256,0.020989,11.569373,6.473537,-0.020989
member,2954,8,8,1,0.000001,0.999999,0.999999,0.000015,21.828621,14.050476,-0.000015
member,3003,3,3,1,0.000013,0.999987,0.999987,0.000161,22.005693,11.277869,-0.000161
member,15813,2,2,1,0.000304,0.999696,0.999696,0.002822,15.536070,8.142633,-0.002822
member,6656,1,1,1,0.000005,0.999995,0.999995,0.000062,34.562069,12.281841,-0.000062
member,12773,1,1,1,0.000447,0.999553,0.999553,0.003893,43.382195,7.712852,-0.003893
member,39530,0,0,1,0.000693,0.999308,0.999308,0.005747,22.896040,7.278453,-0.005747
member,34407,3,3,1,0.009002,0.991038,0.991038,0.051327,18.075142,4.708152,-0.051327
member,8836,5,5,1,0.000000,1.000000,1.000000,0.000005,27.654116,14.963668,-0.000005
member,14617,9,9,1,0.000001,0.999999,0.999999,0.000014,18.188984,14.628155,-0.000014
member,22835,2,2,1,0.000453,0.999547,0.999547,0.003963,16.999697,7.708980,-0.003963
member,15980,5,5,1,0.023143,0.977123,0.977123,0.115973,13.424235,3.840281,-0.115973
member,37915,5,5,1,0.004517,0.995493,0.995493,0.028974,15.009343,5.401379,-0.028974
member,1570,1,1,1,0.000001,0.999999,0.999999,0.000020,21.598330,13.746658,-0.000020
member,35907,4,4,1,0.259337,0.771563,0.771563,0.690289,8.136199,1.455316,-0.690289
member,26089,6,6,1,0.007622,0.992407,0.992407,0.045418,15.229577,4.893589,-0.045418
member,20913,8,8,1,0.000051,0.999949,0.999949,0.000587,18.056690,10.268528,-0.000587
member,9957,7,7,1,-0.000000,1.000000,1.000000,0.000000,23.396032,18.140203,-0.000000
member,18275,2,2,1,0.000035,0.999965,0.999965,0.000421,18.716429,10.610613,-0.000421
member,15431,5,5,1,0.026151,0.974188,0.974188,0.127226,12.411939,3.698420,-0.127226
member,23493,2,2,1,0.000013,0.999987,0.999987,0.000174,18.564270,11.963547,-0.000174
member,15789,2,2,1,0.000548,0.999452,0.999452,0.005129,17.284662,7.928343,-0.005129
member,35779,1,1,1,0.000154,0.999846,0.999846,0.001512,21.906015,8.780252,-0.001512
member,11980,5,5,1,0.003967,0.996041,0.996041,0.026011,15.306080,5.533693,-0.026011
member,44905,2,2,1,0.043495,0.957438,0.957438,0.185004,11.888345,3.161469,-0.185004
member,35762,5,5,1,0.007259,0.992767,0.992767,0.043845,16.860546,4.950092,-0.043845
member,27092,5,5,1,0.000044,0.999956,0.999956,0.000528,15.198010,10.364016,-0.000528
member,46834,7,7,1,0.095823,0.908625,0.908625,0.342222,10.545294,2.406910,-0.342222
member,33437,9,9,1,0.000004,0.999996,0.999996,0.000051,27.634687,12.636314,-0.000051
member,47380,8,8,1,0.000001,0.999999,0.999999,0.000020,18.363705,13.590742,-0.000020
member,1590,9,9,1,-0.000000,1.000000,1.000000,0.000000,33.128578,25.903061,-0.000000
member,26755,5,5,1,0.007442,0.992586,0.992586,0.043784,14.888743,4.897375,-0.043784
member,21758,0,0,1,0.000014,0.999986,0.999986,0.000175,19.673985,11.588902,-0.000175
member,3001,4,4,1,0.001101,0.998900,0.998900,0.009589,11.776951,7.165242,-0.009589
member,44111,7,7,1,-0.000000,1.000000,1.000000,0.000000,36.586086,18.808367,-0.000000
member,43519,1,1,1,0.000082,0.999918,0.999918,0.000911,26.434633,10.076220,-0.000911
member,628,0,0,1,0.000007,0.999993,0.999993,0.000098,16.845671,11.858900,-0.000098
member,20736,1,1,1,0.000000,1.000000,1.000000,0.000004,39.703655,15.102331,-0.000004
member,11902,3,3,1,0.006492,0.993529,0.993529,0.039160,15.712967,5.035767,-0.039160
member,6366,1,1,1,-0.000000,1.000000,1.000000,0.000001,44.217056,16.964035,-0.000001
member,17132,6,6,1,0.000001,0.999999,0.999999,0.000020,35.789272,13.501020,-0.000020
member,9478,1,0,0,1.855642,0.156353,0.690457,0.841029,8.881401,-1.485240,0.841029
member,41870,6,6,1,0.000612,0.999388,0.999388,0.005286,14.611580,7.453391,-0.005286
member,12932,8,8,1,-0.000000,1.000000,1.000000,0.000000,25.762257,17.751278,-0.000000
member,13641,8,8,1,0.059375,0.942354,0.942354,0.222819,12.017688,2.800468,-0.222819
member,19626,1,1,1,0.000001,0.999999,0.999999,0.000015,32.931187,13.817818,-0.000015
member,9951,8,8,1,0.003197,0.996808,0.996808,0.023238,13.405780,5.913386,-0.023238
member,28962,4,4,1,0.000006,0.999994,0.999994,0.000077,22.537970,12.040915,-0.000077
member,28445,6,6,1,0.000093,0.999907,0.999907,0.001056,17.436844,9.673452,-0.001056
member,19698,5,5,1,0.003837,0.996170,0.996170,0.025159,17.057552,5.561729,-0.025159
member,44223,5,5,1,0.000388,0.999612,0.999612,0.003432,23.059498,7.855186,-0.003432
member,2996,0,0,1,0.000348,0.999652,0.999652,0.003343,16.227335,8.378979,-0.003343
member,13637,2,2,1,0.000626,0.999374,0.999374,0.005917,11.006879,7.807266,-0.005917
member,22470,5,5,1,0.000000,1.000000,1.000000,0.000001,28.591976,16.750446,-0.000001
member,36086,1,1,1,0.001830,0.998171,0.998171,0.014255,15.272980,6.502568,-0.014255
member,28917,0,0,1,0.000092,0.999908,0.999908,0.001031,14.281657,9.716506,-0.001031
member,17649,7,7,1,0.000171,0.999829,0.999829,0.001652,22.727720,8.675737,-0.001652
member,27955,8,8,1,0.000071,0.999929,0.999929,0.000749,20.603926,9.567850,-0.000749
member,2854,2,2,1,0.010132,0.989919,0.989919,0.061364,17.795427,4.753759,-0.061364
member,13389,6,6,1,0.000191,0.999809,0.999809,0.001962,14.097888,9.049999,-0.001962
member,13048,5,5,1,0.003600,0.996406,0.996406,0.024153,20.059401,5.644219,-0.024153
member,22332,6,6,1,0.002129,0.997873,0.997873,0.015301,19.995405,6.157626,-0.015301
member,30577,8,8,1,0.000001,0.999999,0.999999,0.000021,23.990303,13.515344,-0.000021
member,34734,2,2,1,0.000413,0.999587,0.999587,0.003675,18.509750,7.811833,-0.003675
member,19538,9,9,1,0.002083,0.997919,0.997919,0.015988,14.571927,6.367025,-0.015988
member,39586,9,9,1,-0.000000,1.000000,1.000000,0.000000,30.187527,20.586414,-0.000000
member,5572,1,1,1,-0.000000,1.000000,1.000000,0.000000,22.160786,18.879910,-0.000000
member,47750,2,2,1,0.000019,0.999981,0.999981,0.000227,22.283587,10.866242,-0.000227
member,30963,0,0,1,0.000132,0.999868,0.999868,0.001310,23.480932,8.933937,-0.001310
member,35495,5,5,1,0.000328,0.999673,0.999673,0.002960,22.743620,8.025517,-0.002960
member,20262,0,0,1,0.000212,0.999788,0.999788,0.002044,17.166777,8.509815,-0.002044
member,44659,8,8,1,0.012293,0.987782,0.987782,0.080185,13.074847,5.332735,-0.080185
member,21745,9,9,1,0.004486,0.995524,0.995524,0.028924,23.588776,5.413654,-0.028924
member,47248,2,2,1,0.000357,0.999643,0.999643,0.003247,14.752616,7.964743,-0.003247
member,36227,5,5,1,0.000045,0.999955,0.999955,0.000498,21.289112,10.005682,-0.000498
member,28786,3,3,1,0.004686,0.995325,0.995325,0.032902,14.694674,5.832653,-0.032902
member,35619,8,8,1,-0.000000,1.000000,1.000000,0.000000,26.006113,18.990915,-0.000000
member,45999,7,7,1,0.000120,0.999880,0.999880,0.001307,19.183851,9.507097,-0.001307
member,49512,6,6,1,0.005111,0.994902,0.994902,0.032207,18.675556,5.280032,-0.032207
member,44514,7,7,1,0.003865,0.996142,0.996142,0.025399,15.786711,5.557781,-0.025399
member,28683,8,8,1,0.000369,0.999631,0.999631,0.003396,15.539642,7.967635,-0.003396
member,31548,5,5,1,0.000008,0.999992,0.999992,0.000096,26.505703,11.805509,-0.000096
member,31964,6,6,1,0.000004,0.999996,0.999996,0.000059,25.253189,12.403775,-0.000059
member,9433,5,5,1,0.000331,0.999669,0.999669,0.003081,20.402349,8.093229,-0.003081
member,22373,2,2,1,0.000003,0.999997,0.999997,0.000036,17.582005,13.397318,-0.000036
member,21622,7,7,1,0.000021,0.999979,0.999979,0.000241,32.661110,10.797089,-0.000241
member,12451,1,1,1,0.000000,1.000000,1.000000,0.000008,27.024620,14.471887,-0.000008
member,11799,1,1,1,0.114381,0.891918,0.891918,0.344572,14.180645,2.113073,-0.344572
member,31388,9,9,1,0.000000,1.000000,1.000000,0.000002,30.687794,15.954641,-0.000002
member,20768,5,5,1,0.000921,0.999079,0.999079,0.008186,12.240441,7.375557,-0.008186
member,4828,8,8,1,-0.000000,1.000000,1.000000,0.000000,34.794804,23.885937,-0.000000
member,14589,7,7,1,0.000592,0.999408,0.999408,0.004989,29.973307,7.431944,-0.004989
member,1507,0,0,1,0.002627,0.997376,0.997376,0.018389,24.481785,5.952820,-0.018389
member,18612,2,2,1,0.000014,0.999986,0.999986,0.000179,17.378183,11.340938,-0.000179
member,19302,9,9,1,0.000449,0.999551,0.999551,0.004290,11.320640,7.991640,-0.004290
member,38309,6,6,1,0.108492,0.897186,0.897186,0.394641,9.709745,2.407211,-0.394641
member,1738,7,7,1,0.000001,0.999999,0.999999,0.000011,32.246681,14.086004,-0.000011
member,35875,3,3,1,0.001462,0.998539,0.998539,0.011008,17.349600,6.528130,-0.011008
member,47067,3,3,1,0.029622,0.970813,0.970813,0.145614,10.035201,3.627193,-0.145614
member,5114,7,7,1,0.000005,0.999995,0.999995,0.000067,26.452154,12.190790,-0.000067
member,24906,3,3,1,0.025261,0.975056,0.975056,0.135290,12.286754,4.282409,-0.135290
member,7635,2,2,1,0.000046,0.999954,0.999954,0.000529,19.581470,10.298941,-0.000529
member,14398,7,7,1,0.000002,0.999998,0.999998,0.000024,24.748047,13.324280,-0.000024
member,36170,2,2,1,0.000385,0.999615,0.999615,0.003463,20.040173,7.890491,-0.003463
member,9183,3,3,1,0.003145,0.996860,0.996860,0.021266,15.815915,5.761741,-0.021266
member,36796,5,5,1,0.000407,0.999593,0.999593,0.003590,19.134104,7.810252,-0.003590
member,37622,5,5,1,0.042613,0.958283,0.958283,0.173367,23.844353,3.134228,-0.173367
member,1655,3,3,1,0.000033,0.999967,0.999967,0.000370,24.495295,10.329856,-0.000370
member,4326,1,1,1,0.000113,0.999887,0.999887,0.001291,12.277063,9.698902,-0.001291
member,27377,5,5,1,0.009106,0.990935,0.990935,0.054811,19.089499,4.811091,-0.054811
member,19044,2,2,1,0.000001,0.999999,0.999999,0.000019,23.680944,14.294731,-0.000019
member,44328,2,2,1,0.051467,0.949835,0.949835,0.258658,8.282205,3.527267,-0.258658
member,9661,4,4,1,0.004244,0.995765,0.995765,0.028708,17.743412,5.531342,-0.028708
member,15914,8,8,1,-0.000000,1.000000,1.000000,0.000000,34.924908,27.519121,-0.000000
member,25466,7,7,1,0.000041,0.999959,0.999959,0.000502,13.656169,11.080583,-0.000502
member,13610,5,5,1,0.000339,0.999661,0.999661,0.003351,17.805595,8.349436,-0.003351
member,11670,4,4,1,0.000008,0.999992,0.999992,0.000097,20.719040,11.799090,-0.000097
member,1219,2,2,1,-0.000000,1.000000,1.000000,0.000000,38.294373,22.101831,-0.000000
member,38863,9,9,1,0.000001,0.999999,0.999999,0.000021,17.969910,13.579287,-0.000021
member,12557,8,8,1,-0.000000,1.000000,1.000000,0.000000,29.197618,20.413427,-0.000000
member,39143,4,4,1,0.001218,0.998782,0.998782,0.009595,16.972328,6.743575,-0.009595
member,35508,1,1,1,-0.000000,1.000000,1.000000,0.000000,44.929779,29.130291,-0.000000
member,11852,5,5,1,0.001679,0.998322,0.998322,0.013849,13.381746,6.777329,-0.013849
member,13238,0,0,1,0.000191,0.999809,0.999809,0.001849,19.008131,8.582707,-0.001849
member,29950,3,3,1,0.001540,0.998461,0.998461,0.012670,12.124289,6.934507,-0.012670
member,27984,2,2,1,0.000478,0.999522,0.999522,0.004205,14.208139,7.674296,-0.004205
member,22090,1,1,1,0.000105,0.999894,0.999894,0.001072,30.804693,9.156544,-0.001072
member,48989,2,2,1,0.000104,0.999896,0.999896,0.001173,14.546767,9.916361,-0.001173
member,40639,0,0,1,0.005449,0.994566,0.994566,0.033821,16.423073,5.211156,-0.033821
member,28911,7,7,1,0.010950,0.989110,0.989110,0.068287,10.594376,4.882438,-0.068287
member,8570,1,1,1,0.000056,0.999944,0.999944,0.000606,32.556213,9.786467,-0.000606
member,38431,0,0,1,0.011478,0.988588,0.988588,0.067391,10.856259,4.576252,-0.067391
member,40525,0,0,1,0.000010,0.999990,0.999990,0.000131,24.724058,11.477013,-0.000131
member,35549,3,3,1,0.092717,0.911451,0.911451,0.343836,13.019351,2.555918,-0.343836
member,29487,0,0,1,0.000001,0.999999,0.999999,0.000012,41.236595,14.535557,-0.000012
member,26037,7,7,1,0.000010,0.999990,0.999990,0.000130,20.269413,11.500607,-0.000130
member,19370,0,0,1,0.008844,0.991195,0.991195,0.052575,9.461753,4.774714,-0.052575
member,44734,5,5,1,0.000317,0.999683,0.999683,0.002992,17.284225,8.190471,-0.002992
member,6915,1,1,1,0.000813,0.999188,0.999188,0.006593,21.833233,7.115269,-0.006593
member,14998,9,9,1,0.000666,0.999335,0.999335,0.006027,13.068430,7.583323,-0.006027
member,16750,7,7,1,0.000101,0.999899,0.999899,0.001034,30.714140,9.195902,-0.001034
member,29959,1,1,1,0.000018,0.999982,0.999982,0.000213,35.346245,10.934927,-0.000213
member,28856,2,2,1,0.000001,0.999999,0.999999,0.000010,18.160845,14.812654,-0.000010
member,38911,1,1,1,0.000804,0.999196,0.999196,0.006531,23.841650,7.125568,-0.006531
member,5843,0,0,1,0.623038,0.536313,0.536313,0.690545,22.046925,0.145514,-0.690545
member,15769,7,7,1,0.071989,0.930541,0.930541,0.269975,10.764729,2.653970,-0.269975
member,27098,7,7,1,0.003105,0.996900,0.996900,0.022380,18.193287,5.903742,-0.022380
member,34726,9,9,1,0.186467,0.829886,0.829886,0.461107,14.306650,1.589276,-0.461107
member,20930,6,6,1,0.001218,0.998783,0.998783,0.010551,17.650091,7.316669,-0.010551
member,12313,4,4,1,0.000003,0.999997,0.999997,0.000037,25.295820,13.050713,-0.000037
member,8293,6,6,1,0.000004,0.999996,0.999996,0.000053,18.219461,12.597740,-0.000053
member,49408,3,3,1,0.029120,0.971300,0.971300,0.176524,6.035071,4.444512,-0.176524
member,22319,7,7,1,0.051618,0.949691,0.949691,0.202318,12.223003,2.946524,-0.202318
member,20486,1,1,1,0.000000,1.000000,1.000000,0.000004,38.362202,15.237246,-0.000004
member,22610,6,6,1,0.000582,0.999418,0.999418,0.005155,21.550032,7.598391,-0.005155
member,12465,2,2,1,0.000776,0.999224,0.999224,0.006842,19.237989,7.588126,-0.006842
member,41512,2,2,1,0.000008,0.999992,0.999992,0.000113,21.924440,12.081901,-0.000113
member,48609,3,3,1,0.001036,0.998965,0.998965,0.008154,21.393581,6.872849,-0.008154
member,17672,3,3,1,0.007204,0.992822,0.992822,0.042626,18.108309,4.930028,-0.042626
member,8565,9,9,1,0.000018,0.999982,0.999982,0.000220,31.351652,10.977823,-0.000220
member,42905,9,9,1,0.000580,0.999420,0.999420,0.005490,11.531406,7.836090,-0.005490
member,33294,5,5,1,0.000041,0.999959,0.999959,0.000457,21.201498,10.098999,-0.000457
member,12928,6,6,1,0.000709,0.999291,0.999291,0.005878,15.012593,7.256365,-0.005878
member,8383,0,0,1,0.000004,0.999996,0.999996,0.000059,17.334946,12.401917,-0.000059
member,26546,0,0,1,0.000006,0.999994,0.999994,0.000080,19.585567,12.047654,-0.000080
member,21160,8,8,1,0.000001,0.999999,0.999999,0.000016,26.705963,13.697471,-0.000016
member,25331,1,1,1,0.000024,0.999976,0.999976,0.000278,30.436415,10.641870,-0.000278
member,416,3,3,1,0.003413,0.996592,0.996592,0.022836,14.655197,5.681310,-0.022836
member,38313,5,5,1,0.000008,0.999992,0.999992,0.000108,22.816256,11.674634,-0.000108
member,40758,1,1,1,0.000120,0.999880,0.999880,0.001204,39.128746,9.027000,-0.001204
member,1406,4,4,1,0.000013,0.999987,0.999987,0.000170,20.360043,12.037352,-0.000170
member,27988,8,8,1,0.000007,0.999993,0.999993,0.000085,32.297863,11.926413,-0.000085
member,20657,9,9,1,0.000001,0.999999,0.999999,0.000020,23.848289,13.479636,-0.000020
member,46981,0,0,1,0.000009,0.999991,0.999991,0.000110,24.130539,11.706609,-0.000110
member,29901,1,1,1,0.000001,0.999999,0.999999,0.000008,32.579876,15.020000,-0.000008
member,32869,6,6,1,0.000005,0.999995,0.999995,0.000070,15.014714,13.290432,-0.000070
member,21613,7,7,1,0.000470,0.999531,0.999531,0.004432,12.549769,7.919965,-0.004432
member,18692,9,9,1,0.000004,0.999996,0.999996,0.000053,20.949121,12.452657,-0.000053
member,14462,9,9,1,0.000009,0.999991,0.999991,0.000118,26.735304,11.910356,-0.000118
member,13529,9,9,1,-0.000000,1.000000,1.000000,0.000000,31.992273,27.147680,-0.000000
member,29804,5,5,1,0.001834,0.998168,0.998168,0.013377,21.471962,6.300679,-0.013377
member,1444,2,2,1,0.000003,0.999997,0.999997,0.000038,20.535866,12.804757,-0.000038
member,18218,0,0,1,0.000207,0.999793,0.999793,0.002069,12.706740,8.645399,-0.002069
member,45063,9,9,1,0.000035,0.999965,0.999965,0.000397,27.526669,10.251751,-0.000397
member,30646,1,1,1,0.000373,0.999627,0.999627,0.003319,28.698513,7.893068,-0.003319
member,49167,9,9,1,0.000005,0.999995,0.999995,0.000065,23.570496,12.950880,-0.000065
member,39989,3,3,1,0.000248,0.999752,0.999752,0.002465,12.525402,8.516500,-0.002465
member,44755,9,9,1,-0.000000,1.000000,1.000000,0.000000,33.615677,17.895161,-0.000000
member,48345,9,9,1,0.000002,0.999998,0.999998,0.000035,26.581209,13.460286,-0.000035
member,42969,4,4,1,0.000263,0.999737,0.999737,0.002574,22.032526,8.430306,-0.002574
member,20419,8,8,1,0.000040,0.999960,0.999960,0.000442,20.280878,10.136602,-0.000442
member,10896,0,0,1,0.000002,0.999998,0.999998,0.000025,18.165703,13.999931,-0.000025
member,45620,8,8,1,-0.000000,1.000000,1.000000,0.000000,32.881390,18.663078,-0.000000
member,36349,2,2,1,0.004208,0.995801,0.995801,0.027174,17.481527,5.468612,-0.027174
member,19312,3,3,1,0.039470,0.961299,0.961299,0.187119,12.394350,3.426187,-0.187119
member,5582,6,6,1,-0.000000,1.000000,1.000000,0.000000,39.549957,21.449385,-0.000000
member,6682,0,0,1,0.000945,0.999056,0.999056,0.008642,12.188064,7.774963,-0.008642
member,30679,7,7,1,0.000132,0.999868,0.999868,0.001314,18.523249,8.932901,-0.001314
member,28388,4,4,1,0.000001,0.999999,0.999999,0.000014,29.378092,14.210041,-0.000014
member,6847,3,3,1,0.000557,0.999443,0.999443,0.005602,10.280486,8.384635,-0.005602
member,15981,2,2,1,0.001419,0.998582,0.998582,0.012285,15.818770,7.447856,-0.012285
member,33675,4,4,1,0.083812,0.919604,0.919604,0.374598,6.537995,3.183537,-0.374598
member,47503,4,4,1,0.000436,0.999564,0.999564,0.003858,19.288870,7.757144,-0.003858
member,7565,7,7,1,-0.000000,1.000000,1.000000,0.000000,38.472691,20.631216,-0.000000
member,20728,8,8,1,0.000007,0.999993,0.999993,0.000092,22.498562,11.975141,-0.000092
member,7411,3,3,1,0.000175,0.999825,0.999825,0.001757,14.844467,8.742918,-0.001757
member,25354,2,2,1,0.000020,0.999980,0.999980,0.000261,16.819462,11.392315,-0.000261
member,47738,4,4,1,0.000611,0.999389,0.999389,0.005891,12.005222,8.193958,-0.005891
member,9758,6,6,1,-0.000000,1.000000,1.000000,0.000000,28.498274,18.494205,-0.000000
member,9767,0,0,1,0.000160,0.999840,0.999840,0.001800,13.010929,9.735624,-0.001800
member,7133,6,6,1,0.000760,0.999240,0.999240,0.006511,15.727101,7.303501,-0.006511
member,28593,2,2,1,0.001757,0.998245,0.998245,0.014154,16.053783,6.600402,-0.014154
member,41209,1,1,1,-0.000000,1.000000,1.000000,0.000000,38.849777,22.471506,-0.000000
member,23111,9,9,1,0.000000,1.000000,1.000000,0.000002,35.977463,15.947695,-0.000002
member,44346,6,6,1,0.002801,0.997203,0.997203,0.019320,18.893044,5.881049,-0.019320
member,22809,3,3,1,0.002355,0.997647,0.997647,0.016706,20.144073,6.058084,-0.016706
member,20507,3,3,1,0.000406,0.999594,0.999594,0.003582,25.208273,7.809881,-0.003582
member,45705,5,5,1,0.000019,0.999981,0.999981,0.000224,25.869352,10.880776,-0.000224
member,21761,0,0,1,0.206889,0.813110,0.813110,0.482405,10.493401,1.470726,-0.482405
member,21495,4,4,1,0.000001,0.999999,0.999999,0.000016,30.985563,13.780420,-0.000016
member,11504,9,9,1,-0.000000,1.000000,1.000000,0.000000,35.494766,20.005428,-0.000000
member,32456,2,2,1,0.013357,0.986732,0.986732,0.078894,10.485236,4.519155,-0.078894
member,44209,6,6,1,0.002291,0.997712,0.997712,0.016209,22.824560,6.078417,-0.016209
member,43812,3,6,0,1.366803,0.254921,0.588482,0.967566,12.809513,-0.836595,0.967566
member,18264,4,4,1,-0.000000,1.000000,1.000000,0.000000,27.755005,18.144045,-0.000000
member,41114,1,1,1,-0.000000,1.000000,1.000000,0.000000,47.049339,30.422544,-0.000000
member,20034,3,3,1,0.008756,0.991282,0.991282,0.052781,13.668296,4.822749,-0.052781
member,10075,9,9,1,0.002818,0.997186,0.997186,0.019342,28.704252,5.870256,-0.019342
member,37296,1,1,1,0.000020,0.999980,0.999980,0.000234,23.007446,10.863184,-0.000234
member,14276,5,5,1,0.000230,0.999770,0.999770,0.002406,12.253125,8.984051,-0.002406
member,35780,6,6,1,0.003362,0.996644,0.996644,0.022525,18.470970,5.695546,-0.022525
member,16870,7,7,1,0.000895,0.999106,0.999106,0.007177,26.709274,7.019583,-0.007177
member,4229,0,0,1,0.000002,0.999998,0.999998,0.000023,36.550156,13.348347,-0.000023
member,49029,9,9,1,-0.000000,1.000000,1.000000,0.000000,26.525801,18.082752,-0.000000
member,167,5,5,1,0.000005,0.999995,0.999995,0.000068,26.265684,12.668394,-0.000068
member,14446,7,7,1,0.000005,0.999995,0.999995,0.000067,17.244671,12.979195,-0.000067
member,36716,6,6,1,-0.000000,1.000000,1.000000,0.000001,25.296667,17.594549,-0.000001
member,36164,6,6,1,0.000112,0.999888,0.999888,0.001130,23.444445,9.098092,-0.001130
member,14473,2,2,1,0.000066,0.999934,0.999934,0.000731,17.818554,9.764250,-0.000731
member,44426,0,0,1,-0.000000,1.000000,1.000000,0.000000,31.541698,19.011505,-0.000000
member,46116,0,0,1,0.322443,0.724377,0.724377,0.591384,16.724161,0.967501,-0.591384
member,30625,6,6,1,0.002255,0.997747,0.997747,0.016326,16.862059,6.128892,-0.016326
member,9960,8,8,1,-0.000000,1.000000,1.000000,0.000000,31.179930,18.721558,-0.000000
member,38722,2,2,1,0.002513,0.997490,0.997490,0.019894,11.358035,6.530798,-0.019894
member,28344,1,1,1,0.004361,0.995649,0.995649,0.028716,16.122179,5.472579,-0.028716
member,16437,1,1,1,0.000001,0.999999,0.999999,0.000021,27.526783,13.431539,-0.000021
member,8853,0,0,1,0.002791,0.997212,0.997212,0.020651,12.456149,6.020504,-0.020651
member,17363,2,2,1,0.051301,0.949993,0.949993,0.222312,13.020921,3.076828,-0.222312
member,4580,8,8,1,0.000003,0.999997,0.999997,0.000044,18.550245,13.457317,-0.000044
member,47303,9,9,1,0.000265,0.999735,0.999735,0.002641,17.052444,8.562654,-0.002641
member,44679,1,1,1,0.000374,0.999626,0.999626,0.003322,24.736589,7.892008,-0.003322
member,15192,6,6,1,0.000000,1.000000,1.000000,0.000005,24.186953,15.188722,-0.000005
member,31447,6,6,1,0.000000,1.000000,1.000000,0.000005,26.853880,15.241388,-0.000005
member,5525,7,7,1,0.164661,0.848181,0.848181,0.548024,10.024302,2.044016,-0.548024
member,39227,6,6,1,0.000349,0.999651,0.999651,0.003480,14.110267,8.581402,-0.003480
member,3467,1,1,1,0.000001,0.999999,0.999999,0.000010,30.283268,14.212265,-0.000010
member,15073,7,7,1,0.000000,1.000000,1.000000,0.000003,22.688684,16.472944,-0.000003
member,48705,9,9,1,0.000002,0.999998,0.999998,0.000026,21.184719,13.260268,-0.000026
member,13609,9,9,1,0.000170,0.999830,0.999830,0.001767,16.838314,9.320728,-0.001767
member,18785,9,9,1,0.000008,0.999992,0.999992,0.000098,19.991585,11.775924,-0.000098
member,39757,5,5,1,0.000153,0.999847,0.999847,0.001675,13.553934,9.590671,-0.001675
member,24216,8,8,1,-0.000000,1.000000,1.000000,0.000000,21.945610,18.878468,-0.000000
member,33985,1,1,1,-0.000000,1.000000,1.000000,0.000001,29.943535,17.341549,-0.000001
member,11625,3,3,1,0.021060,0.979160,0.979160,0.116283,11.011271,4.134750,-0.116283
member,12136,4,4,1,0.000643,0.999357,0.999357,0.005855,18.546041,7.949998,-0.005855
member,12628,1,1,1,0.000287,0.999713,0.999713,0.002629,26.995457,8.155731,-0.002629
member,28347,1,1,1,0.000619,0.999381,0.999381,0.005264,33.191151,7.412815,-0.005264
member,43511,9,9,1,0.000016,0.999984,0.999984,0.000193,24.509670,11.049816,-0.000193
member,5872,5,5,1,0.000412,0.999588,0.999588,0.003890,14.325421,8.007562,-0.003890
member,48243,3,3,1,0.001306,0.998695,0.998695,0.011612,16.088057,7.506541,-0.011612
member,33981,7,7,1,-0.000000,1.000000,1.000000,0.000000,33.663895,22.450087,-0.000000
member,31260,3,3,1,0.000036,0.999964,0.999964,0.000407,27.896978,10.224899,-0.000407
member,12292,1,1,1,0.000008,0.999992,0.999992,0.000107,33.204926,11.684883,-0.000107
member,42286,5,5,1,0.021869,0.978368,0.978368,0.112142,14.253467,3.926674,-0.112142
member,13664,4,4,1,0.016600,0.983537,0.983537,0.092813,14.728785,4.267362,-0.092813
member,12950,9,9,1,0.000105,0.999895,0.999895,0.001070,19.113539,9.160939,-0.001070
member,31756,0,0,1,-0.000000,1.000000,1.000000,0.000000,27.625061,20.422880,-0.000000
member,14513,6,6,1,0.040217,0.960581,0.960581,0.192564,14.242025,3.436443,-0.192564
member,20457,2,2,1,0.000233,0.999767,0.999767,0.002361,14.177487,8.694519,-0.002361
member,41546,0,0,1,0.012665,0.987415,0.987415,0.076517,14.885576,4.736595,-0.076517
member,850,3,3,1,0.021421,0.978807,0.978807,0.104910,17.049425,3.854843,-0.104910
member,34767,9,9,1,0.000090,0.999910,0.999910,0.000930,25.395714,9.316284,-0.000930
member,24912,6,6,1,0.000136,0.999864,0.999864,0.001381,18.882963,8.972484,-0.001381
member,17969,0,0,1,0.000527,0.999473,0.999473,0.004534,14.003734,7.555373,-0.004534
member,28376,9,9,1,0.000016,0.999984,0.999984,0.000191,20.187737,11.080717,-0.000191
member,9889,1,1,1,0.001974,0.998028,0.998028,0.014851,15.526379,6.302926,-0.014851
member,46455,7,7,1,0.000003,0.999997,0.999997,0.000045,38.220592,12.617138,-0.000045
member,38499,0,0,1,0.000000,1.000000,1.000000,0.000004,27.347172,15.841646,-0.000004
member,16247,5,5,1,0.000054,0.999946,0.999946,0.000601,17.266645,9.959705,-0.000601
member,8786,3,3,1,0.000845,0.999156,0.999156,0.006942,14.011517,7.102183,-0.006942
member,35429,4,4,1,0.000919,0.999082,0.999082,0.007853,24.758789,7.276318,-0.007853
member,19103,0,0,1,0.002985,0.997020,0.997020,0.020311,27.111589,5.812801,-0.020311
member,44142,3,3,1,0.000031,0.999969,0.999969,0.000362,16.090532,10.459660,-0.000362
member,14786,4,4,1,0.031003,0.969473,0.969473,0.148960,11.145000,3.599419,-0.148960
member,18216,3,3,1,0.009533,0.990512,0.990512,0.060922,14.156196,5.161529,-0.060922
member,29736,6,6,1,0.000027,0.999973,0.999973,0.000312,22.581322,10.553349,-0.000312
member,18194,5,5,1,0.000069,0.999931,0.999931,0.000733,19.440022,9.582156,-0.000733
member,42355,7,7,1,0.004024,0.995984,0.995984,0.029162,14.939141,6.103138,-0.029162
member,20185,5,5,1,0.000013,0.999987,0.999987,0.000159,17.039595,11.291794,-0.000159
member,38610,1,1,1,0.000008,0.999992,0.999992,0.000107,32.114017,11.682880,-0.000107
member,22655,7,7,1,-0.000000,1.000000,1.000000,0.000000,37.575459,18.302467,-0.000000
member,31785,2,2,1,0.000001,0.999999,0.999999,0.000011,23.981516,14.171669,-0.000011
member,36666,6,6,1,-0.000000,1.000000,1.000000,0.000000,29.078663,18.953411,-0.000000
member,44904,5,5,1,0.001524,0.998477,0.998477,0.012356,12.935222,6.691804,-0.012356
member,6079,3,3,1,0.013796,0.986299,0.986299,0.082351,12.026491,4.510258,-0.082351
member,15555,3,3,1,0.001213,0.998788,0.998788,0.009924,15.977567,6.890247,-0.009924
member,48061,9,9,1,-0.000000,1.000000,1.000000,0.000000,40.374996,24.585873,-0.000000
member,24407,9,9,1,-0.000000,1.000000,1.000000,0.000000,35.267841,25.260666,-0.000000
member,44888,8,8,1,-0.000000,1.000000,1.000000,0.000000,43.349957,22.329174,-0.000000
member,6424,5,5,1,0.000003,0.999997,0.999997,0.000042,22.712082,12.710638,-0.000042
member,46202,2,2,1,0.006865,0.993158,0.993158,0.044920,11.157632,5.161057,-0.044920
member,42284,7,7,1,0.000033,0.999967,0.999967,0.000380,18.192225,10.367352,-0.000380
member,45698,5,5,1,0.002861,0.997143,0.997143,0.019594,21.147701,5.855397,-0.019594
member,41460,0,0,1,0.160062,0.852091,0.852091,0.419690,18.835770,1.751583,-0.419690
member,28417,1,1,1,0.001980,0.998022,0.998022,0.014320,19.188231,6.225636,-0.014320
member,18150,5,5,1,0.030827,0.969643,0.969643,0.136065,22.952524,3.464182,-0.136065
member,30623,9,9,1,0.000055,0.999945,0.999945,0.000610,14.924260,9.855003,-0.000610
member,3150,7,7,1,0.000374,0.999627,0.999627,0.003394,16.170761,7.938011,-0.003394
member,18184,2,2,1,0.000002,0.999998,0.999998,0.000022,18.522776,13.404110,-0.000022
member,26730,2,2,1,0.006128,0.993891,0.993891,0.038753,12.997843,5.151895,-0.038753
member,12514,5,5,1,0.000043,0.999957,0.999957,0.000472,18.991552,10.061743,-0.000472
member,36055,0,0,1,0.037076,0.963603,0.963603,0.164826,10.571457,3.327814,-0.164826
member,40832,2,2,1,0.000000,1.000000,1.000000,0.000003,17.870447,16.519377,-0.000003
member,34373,2,2,1,0.336295,0.714412,0.714412,0.648187,8.573360,0.955813,-0.648187
member,45452,6,6,1,-0.000000,1.000000,1.000000,0.000000,35.255409,22.291550,-0.000000
member,34307,2,2,1,0.000722,0.999279,0.999279,0.006866,11.403632,7.844057,-0.006866
member,46161,7,7,1,0.000000,1.000000,1.000000,0.000007,27.060034,14.630335,-0.000007
member,37975,9,9,1,0.000259,0.999741,0.999741,0.002398,22.661804,8.258970,-0.002398
member,21232,0,0,1,0.763737,0.465922,0.465922,1.072407,6.447027,0.108411,-1.072407
member,20326,3,3,1,0.004414,0.995596,0.995596,0.030776,14.221622,5.620658,-0.030776
member,27004,0,0,1,0.000454,0.999546,0.999546,0.004199,14.234900,7.875022,-0.004199
member,45593,9,9,1,-0.000000,1.000000,1.000000,0.000000,30.761906,22.056812,-0.000000
member,25847,2,2,1,0.000250,0.999750,0.999750,0.002449,18.808640,8.514070,-0.002449
member,7439,3,3,1,0.002609,0.997395,0.997395,0.018311,21.207657,5.963011,-0.018311
member,37340,4,4,1,0.001918,0.998084,0.998084,0.013996,21.834480,6.262318,-0.013996
member,10026,6,6,1,0.001798,0.998203,0.998203,0.015516,9.514393,7.076530,-0.015516
member,20965,3,3,1,0.000014,0.999986,0.999986,0.000177,16.919094,11.450983,-0.000177
member,7284,1,1,1,0.016300,0.983833,0.983833,0.082723,25.246496,4.108454,-0.082723
member,30274,7,7,1,0.000000,1.000000,1.000000,0.000002,28.240332,16.092165,-0.000002
member,49967,8,8,1,0.000071,0.999929,0.999929,0.000763,15.447153,9.579714,-0.000763
member,31158,1,1,1,0.116129,0.890361,0.890361,0.345762,18.776964,2.094433,-0.345762
member,15617,8,8,1,-0.000000,1.000000,1.000000,0.000000,37.460808,20.183607,-0.000000
member,9618,4,4,1,0.000002,0.999998,0.999998,0.000031,24.749952,13.070699,-0.000031
member,28872,2,2,1,0.000456,0.999544,0.999544,0.004156,15.741993,7.824729,-0.004156
member,37267,7,7,1,0.000000,1.000000,1.000000,0.000004,36.524536,15.129726,-0.000004
member,18810,1,1,1,0.000005,0.999995,0.999995,0.000067,23.979332,12.194942,-0.000067
member,32953,6,6,1,0.002457,0.997546,0.997546,0.019781,10.247189,6.808356,-0.019781
member,29893,0,0,1,0.000103,0.999897,0.999897,0.001048,25.534920,9.181705,-0.001048
member,32504,3,3,1,0.235014,0.790560,0.790560,0.513230,20.588028,1.328308,-0.513230
member,27731,1,1,1,0.000138,0.999862,0.999862,0.001363,29.712965,8.889250,-0.001363
member,31313,8,8,1,0.000056,0.999944,0.999944,0.000610,16.423552,9.836355,-0.000610
member,31844,3,3,1,0.000549,0.999451,0.999451,0.004761,17.935280,7.536966,-0.004761
member,4273,0,0,1,-0.000000,1.000000,1.000000,0.000001,25.490078,16.988958,-0.000001
member,47403,4,4,1,0.000122,0.999878,0.999878,0.001322,22.225183,9.671961,-0.001322
member,23361,1,1,1,0.000025,0.999975,0.999975,0.000303,32.816807,11.292873,-0.000303
member,2322,0,0,1,0.000095,0.999905,0.999905,0.000990,20.711281,9.280384,-0.000990
member,14972,3,3,1,0.002821,0.997183,0.997183,0.021883,10.858947,6.236606,-0.021883
member,16451,6,6,1,0.026587,0.973763,0.973763,0.127685,17.065741,3.669475,-0.127685
member,14545,9,9,1,0.000011,0.999989,0.999989,0.000137,22.761780,11.540788,-0.000137
member,19313,1,1,1,0.000290,0.999710,0.999710,0.002681,23.023943,8.160434,-0.002681
member,23670,2,2,1,0.000018,0.999982,0.999982,0.000212,23.151747,10.941030,-0.000212
member,37049,0,0,1,0.000165,0.999835,0.999835,0.001610,20.442112,8.711588,-0.001610
member,45912,8,8,1,0.000008,0.999992,0.999992,0.000107,18.118479,11.816475,-0.000107
member,26319,6,6,1,0.000000,1.000000,1.000000,0.000002,31.767612,15.942367,-0.000002
member,33921,7,7,1,0.000646,0.999355,0.999355,0.006008,16.278084,7.959711,-0.006008
member,6322,8,8,1,0.000140,0.999860,0.999860,0.001402,18.005085,8.910378,-0.001402
member,465,8,8,1,-0.000000,1.000000,1.000000,0.000000,28.698250,23.424946,-0.000000
member,3253,2,2,1,0.001101,0.998899,0.998899,0.008832,18.925571,6.855030,-0.008832
member,10986,8,8,1,0.000005,0.999995,0.999995,0.000067,23.751789,12.204943,-0.000067
member,14750,5,5,1,0.000000,1.000000,1.000000,0.000004,28.906025,15.341853,-0.000004
member,14784,9,9,1,0.000009,0.999991,0.999991,0.000125,15.119545,12.005991,-0.000125
member,564,0,0,1,0.000557,0.999443,0.999443,0.004734,20.038929,7.492163,-0.004734
member,43126,3,3,1,0.000477,0.999523,0.999523,0.004151,20.704199,7.657734,-0.004151
member,12724,2,2,1,0.001020,0.998980,0.998980,0.008049,24.612135,6.887886,-0.008049
member,33807,4,4,1,0.000001,0.999999,0.999999,0.000011,23.433784,14.395015,-0.000011
member,7298,2,2,1,0.103498,0.901677,0.901677,0.373926,12.551818,2.389001,-0.373926
member,25388,1,1,1,0.153457,0.857737,0.857737,0.409299,19.370106,1.796804,-0.409299
member,19685,6,6,1,0.018811,0.981365,0.981365,0.094845,14.364187,3.986198,-0.094845
member,34488,2,2,1,0.000408,0.999592,0.999592,0.003692,16.631145,7.862349,-0.003692
member,37827,4,4,1,0.000020,0.999980,0.999980,0.000261,17.118799,11.275578,-0.000261
member,3593,6,6,1,0.000532,0.999468,0.999468,0.004710,17.000349,7.612965,-0.004710
member,12400,8,8,1,-0.000000,1.000000,1.000000,0.000000,27.132851,20.123619,-0.000000
member,29939,4,4,1,0.000014,0.999986,0.999986,0.000187,20.957525,11.427435,-0.000187
member,24854,6,6,1,0.016847,0.983295,0.983295,0.085045,15.960621,4.075955,-0.085045
member,21775,9,9,1,0.000007,0.999993,0.999993,0.000088,17.571995,12.143976,-0.000088
member,38918,7,7,1,0.000398,0.999602,0.999602,0.003612,13.335732,7.877814,-0.003612
member,7525,2,2,1,0.000059,0.999941,0.999941,0.000662,19.293983,9.845510,-0.000662
member,8901,7,7,1,-0.000000,1.000000,1.000000,0.000000,30.287352,18.381840,-0.000000
member,24778,4,4,1,0.000000,1.000000,1.000000,0.000002,21.788599,16.549519,-0.000002
member,40303,9,9,1,-0.000000,1.000000,1.000000,0.000000,29.990168,20.328180,-0.000000
member,39665,3,3,1,0.081276,0.921939,0.921939,0.279284,13.291465,2.481217,-0.279284
member,31512,1,1,1,-0.000000,1.000000,1.000000,0.000000,40.434246,21.748049,-0.000000
member,26722,0,0,1,0.000087,0.999913,0.999913,0.000904,27.746485,9.345446,-0.000904
member,11904,6,6,1,0.000000,1.000000,1.000000,0.000005,34.349247,14.935650,-0.000005
member,32149,0,0,1,0.000040,0.999960,0.999960,0.000495,15.134398,10.739016,-0.000495
member,48831,2,2,1,0.003974,0.996034,0.996034,0.027125,17.135723,5.622822,-0.027125
member,21257,8,8,1,-0.000000,1.000000,1.000000,0.000000,39.247578,21.632046,-0.000000
member,43772,8,8,1,0.000305,0.999695,0.999695,0.002812,16.218643,8.124394,-0.002812
member,42846,5,5,1,0.000033,0.999967,0.999967,0.000388,21.765757,10.471155,-0.000388
member,32748,8,8,1,0.000001,0.999999,0.999999,0.000008,25.579678,14.428332,-0.000008
member,34535,9,9,1,0.000504,0.999496,0.999496,0.004729,12.411976,7.966712,-0.004729
member,31920,9,9,1,0.017083,0.983062,0.983062,0.085894,18.474529,4.061226,-0.085894
member,34536,3,3,1,0.001860,0.998141,0.998141,0.013546,24.515469,6.286299,-0.013546
member,9073,3,3,1,0.023945,0.976340,0.976340,0.135028,15.832605,4.288092,-0.135028
member,2338,9,9,1,-0.000000,1.000000,1.000000,0.000000,25.096687,18.501862,-0.000000
member,17026,0,0,1,0.006628,0.993394,0.993394,0.046872,11.006001,5.557908,-0.046872
member,20214,1,1,1,-0.000000,1.000000,1.000000,0.000000,37.965694,19.139984,-0.000000
member,10992,1,1,1,-0.000000,1.000000,1.000000,0.000000,35.364582,17.602177,-0.000000
member,16339,3,3,1,0.000093,0.999907,0.999907,0.000965,16.572607,9.310482,-0.000965
member,49126,7,7,1,0.001191,0.998809,0.998809,0.009341,24.943357,6.756119,-0.009341
member,42627,9,9,1,0.000009,0.999991,0.999991,0.000113,16.355907,11.666046,-0.000113
member,43376,9,9,1,0.000005,0.999995,0.999995,0.000080,15.431513,13.213961,-0.000080
member,7270,5,5,1,0.000002,0.999998,0.999998,0.000035,22.586853,13.452099,-0.000035
member,26457,8,8,1,0.000089,0.999911,0.999911,0.000930,16.282278,9.368824,-0.000930
member,16281,8,8,1,0.000001,0.999999,0.999999,0.000019,22.652735,13.552073,-0.000019
member,8726,2,2,1,0.000003,0.999997,0.999997,0.000044,22.368988,12.656020,-0.000044
member,24192,3,3,1,0.001767,0.998234,0.998234,0.012959,27.108816,6.337383,-0.012959
member,29727,7,7,1,0.001297,0.998703,0.998703,0.009915,31.508814,6.646730,-0.009915
member,1566,2,2,1,0.000143,0.999857,0.999857,0.001431,17.009090,8.882632,-0.001431
member,43976,1,1,1,0.000199,0.999801,0.999801,0.001894,29.475836,8.522507,-0.001894
member,11753,5,5,1,0.015290,0.984827,0.984827,0.082358,14.680396,4.240672,-0.082358
member,37022,0,0,1,0.001081,0.998919,0.998919,0.009015,20.253738,6.998380,-0.009015
member,34920,6,6,1,0.000060,0.999940,0.999940,0.000646,22.244572,9.717057,-0.000646
member,13365,6,6,1,-0.000000,1.000000,1.000000,0.000001,32.438404,17.718334,-0.000001
member,37398,8,8,1,0.000005,0.999995,0.999995,0.000065,21.017923,12.338241,-0.000065
member,36168,4,4,1,0.000102,0.999898,0.999898,0.001053,16.289095,9.226387,-0.001053
member,12425,3,3,1,0.000253,0.999747,0.999747,0.002603,14.417591,8.762476,-0.002603
member,644,1,1,1,0.000033,0.999967,0.999967,0.000370,34.558323,10.328007,-0.000370
member,1039,0,0,1,0.002729,0.997275,0.997275,0.019080,17.533808,5.919585,-0.019080
member,28076,4,4,1,0.000039,0.999961,0.999961,0.000465,15.535751,10.514425,-0.000465
member,11214,7,7,1,0.000000,1.000000,1.000000,0.000003,29.356176,15.690131,-0.000003
member,332,0,0,1,0.003243,0.996762,0.996762,0.023801,23.274752,6.102776,-0.023801
member,6483,5,5,1,0.000174,0.999826,0.999826,0.001684,21.192617,8.655516,-0.001684
member,45638,6,6,1,0.000004,0.999996,0.999996,0.000055,26.119488,12.399055,-0.000055
member,32732,3,3,1,0.004378,0.995631,0.995631,0.028330,15.716012,5.438261,-0.028330
member,8178,2,2,1,0.000000,1.000000,1.000000,0.000005,22.196640,15.176490,-0.000005
member,16758,3,3,1,0.000000,1.000000,1.000000,0.000003,27.021650,16.031979,-0.000003
member,47721,3,3,1,0.006048,0.993970,0.993970,0.036836,15.223967,5.104973,-0.036836
member,33287,8,8,1,0.000000,1.000000,1.000000,0.000006,20.994144,15.177685,-0.000006
member,45682,7,7,1,0.000392,0.999608,0.999608,0.003850,15.452534,8.562563,-0.003850
member,47933,3,3,1,0.021513,0.978717,0.978717,0.120471,9.382463,4.510274,-0.120471
member,35572,8,8,1,-0.000000,1.000000,1.000000,0.000000,41.527390,33.405472,-0.000000
member,28809,4,4,1,0.000007,0.999993,0.999993,0.000092,27.982765,11.846785,-0.000092
member,20361,5,5,1,0.000087,0.999913,0.999913,0.000943,17.011770,9.558578,-0.000943
member,4449,3,3,1,0.002257,0.997745,0.997745,0.017057,15.588429,6.284179,-0.017057
member,47534,4,4,1,0.006108,0.993910,0.993910,0.038311,15.448075,5.134447,-0.038311
member,18203,0,0,1,0.000099,0.999901,0.999901,0.001017,21.664112,9.220586,-0.001017
member,18726,8,8,1,0.030246,0.970207,0.970207,0.134022,27.039219,3.483234,-0.134022
member,28131,3,3,1,0.018591,0.981581,0.981581,0.091830,18.613705,3.975792,-0.091830
member,12915,0,0,1,0.000005,0.999995,0.999995,0.000073,18.151232,12.507296,-0.000073
member,46303,0,0,1,0.502920,0.604762,0.604762,0.671033,26.841585,0.425348,-0.671033
member,39061,4,4,1,0.001081,0.998920,0.998920,0.009369,11.025639,7.192582,-0.009369
member,15509,0,0,1,0.005789,0.994228,0.994228,0.040461,8.937450,5.605861,-0.040461
member,16421,3,3,1,0.000182,0.999818,0.999818,0.001985,13.883562,9.579594,-0.001985
member,2574,0,0,1,-0.000000,1.000000,1.000000,0.000000,30.444410,19.579254,-0.000000
member,38350,4,4,1,0.000001,0.999999,0.999999,0.000020,27.049995,13.530435,-0.000020
member,34002,0,0,1,0.000001,0.999999,0.999999,0.000016,29.881407,14.098763,-0.000016
member,10600,6,6,1,-0.000000,1.000000,1.000000,0.000000,29.355223,18.225281,-0.000000
member,6936,3,3,1,0.040820,0.960002,0.960002,0.168585,13.782166,3.180136,-0.168585
member,34096,8,8,1,-0.000000,1.000000,1.000000,0.000000,53.610710,35.141296,-0.000000
member,38822,1,1,1,0.000154,0.999846,0.999846,0.001516,24.236124,8.791642,-0.001516
member,30888,0,0,1,0.006638,0.993384,0.993384,0.043270,10.972405,5.186083,-0.043270
member,1498,7,7,1,-0.000000,1.000000,1.000000,0.000000,40.634464,26.754057,-0.000000
member,29445,4,4,1,0.017463,0.982689,0.982689,0.097851,8.441774,4.257795,-0.097851
member,29517,2,2,1,0.000014,0.999986,0.999986,0.000180,18.803465,11.789343,-0.000180
member,32131,0,0,1,0.000000,1.000000,1.000000,0.000004,30.946140,15.149788,-0.000004
member,31914,7,7,1,0.000159,0.999841,0.999841,0.001591,16.493061,8.803884,-0.001591
member,20537,0,0,1,-0.000000,1.000000,1.000000,0.000000,33.438465,18.871639,-0.000000
member,31679,4,4,1,0.002160,0.997843,0.997843,0.015398,23.033529,6.136864,-0.015398
member,28406,9,9,1,0.000015,0.999985,0.999985,0.000176,26.866703,11.141020,-0.000176
member,49270,7,7,1,0.000760,0.999241,0.999241,0.006570,18.184597,7.377699,-0.006570
member,47068,0,0,1,0.003441,0.996565,0.996565,0.025021,14.867585,6.014954,-0.025021
member,28691,5,5,1,0.000239,0.999761,0.999761,0.002267,22.523403,8.372849,-0.002267
member,48329,9,9,1,-0.000000,1.000000,1.000000,0.000002,19.313763,16.640242,-0.000002
member,41820,4,4,1,0.042035,0.958836,0.958836,0.217699,11.606008,4.114401,-0.217699
member,13534,1,1,1,-0.000000,1.000000,1.000000,0.000000,36.690556,19.767799,-0.000000
member,35458,6,6,1,0.000003,0.999997,0.999997,0.000041,25.854828,12.739810,-0.000041
member,4859,0,0,1,0.000138,0.999862,0.999862,0.001433,13.979905,8.997343,-0.001433
member,30931,5,5,1,0.001209,0.998792,0.998792,0.009877,19.023272,6.898675,-0.009877
member,14074,1,1,1,0.000175,0.999825,0.999825,0.001834,13.446249,9.091339,-0.001834
member,39011,8,8,1,0.000001,0.999999,0.999999,0.000013,23.644369,13.961931,-0.000013
member,15444,3,3,1,0.006923,0.993101,0.993101,0.041210,25.279186,4.969543,-0.041210
member,42644,0,0,1,0.000029,0.999971,0.999971,0.000335,19.010258,10.447631,-0.000335
member,42824,9,9,1,0.001307,0.998694,0.998694,0.010044,22.403294,6.648630,-0.010044
member,484,4,4,1,0.001411,0.998590,0.998590,0.011940,15.225637,7.202019,-0.011940
member,40139,8,8,1,0.000002,0.999998,0.999998,0.000028,21.518972,13.640465,-0.000028
member,35248,0,0,1,0.005316,0.994698,0.994698,0.033092,18.687952,5.234883,-0.033092
member,47552,6,6,1,0.032411,0.968109,0.968109,0.141769,18.469086,3.415244,-0.141769
member,35751,5,5,1,0.000626,0.999374,0.999374,0.005247,23.728682,7.376326,-0.005247
member,31134,3,3,1,0.000006,0.999994,0.999994,0.000076,20.810633,12.056934,-0.000076
member,19232,0,0,1,0.000003,0.999997,0.999997,0.000046,21.387224,12.690600,-0.000046
member,14475,9,9,1,0.000506,0.999494,0.999494,0.004343,26.162109,7.589359,-0.004343
member,29800,7,7,1,0.009156,0.990885,0.990885,0.053517,22.608837,4.731291,-0.053517
member,31801,5,5,1,0.000008,0.999992,0.999992,0.000110,19.952869,12.413141,-0.000110
member,24675,7,7,1,0.000000,1.000000,1.000000,0.000002,22.286255,16.388428,-0.000002
member,5236,1,1,1,0.000021,0.999979,0.999979,0.000257,30.075024,10.871170,-0.000257
member,28201,7,7,1,0.000029,0.999971,0.999971,0.000331,24.382845,10.460307,-0.000331
member,8042,8,8,1,-0.000000,1.000000,1.000000,0.000000,32.316719,19.401484,-0.000000
member,3767,5,5,1,0.000432,0.999569,0.999569,0.003862,18.744532,7.800578,-0.003862
member,31209,1,1,1,0.005052,0.994961,0.994961,0.032079,25.156219,5.300636,-0.032079
member,22329,0,0,1,0.000174,0.999826,0.999826,0.001869,14.326373,9.074266,-0.001869
member,37277,2,2,1,0.000349,0.999651,0.999651,0.003350,14.186272,8.359161,-0.003350
member,29832,5,5,1,0.059302,0.942422,0.942422,0.234195,10.089803,2.852376,-0.234195
member,7524,6,6,1,0.000005,0.999995,0.999995,0.000061,18.213993,12.342409,-0.000061
member,6807,5,5,1,0.040211,0.960587,0.960587,0.166076,24.853943,3.193439,-0.166076
member,11098,6,6,1,0.000201,0.999799,0.999799,0.002072,17.989725,8.864752,-0.002072
member,4729,7,7,1,0.000000,1.000000,1.000000,0.000002,19.869976,15.973095,-0.000002
member,6769,1,1,1,0.000004,0.999996,0.999996,0.000054,33.405910,12.423311,-0.000054
member,23257,6,6,1,0.000026,0.999974,0.999974,0.000296,25.916346,10.581925,-0.000296
member,9553,2,2,1,0.017198,0.982949,0.982949,0.097697,10.303705,4.285130,-0.097697
member,11910,1,1,1,0.000014,0.999986,0.999986,0.000173,18.794220,11.207060,-0.000173
member,25133,8,8,1,-0.000000,1.000000,1.000000,0.000000,40.418095,31.862978,-0.000000
member,19366,6,6,1,-0.000000,1.000000,1.000000,0.000001,27.320580,17.210093,-0.000001
member,16002,0,0,1,0.000029,0.999971,0.999971,0.000355,18.256212,10.668793,-0.000355
member,1644,4,4,1,0.000065,0.999935,0.999935,0.000701,20.510740,9.680619,-0.000701
member,45780,1,1,1,0.000048,0.999952,0.999952,0.000523,29.399183,9.948374,-0.000523
member,20134,9,9,1,0.000002,0.999998,0.999998,0.000033,19.799299,12.978470,-0.000033
member,28821,1,1,1,-0.000000,1.000000,1.000000,0.000000,64.250526,22.641808,-0.000000
member,27636,1,1,1,0.007707,0.992323,0.992323,0.045103,18.403486,4.862986,-0.045103
member,40657,5,5,1,0.000001,0.999999,0.999999,0.000010,37.531097,14.264723,-0.000010
member,3279,7,7,1,0.000000,1.000000,1.000000,0.000003,24.926247,15.527393,-0.000003
member,43953,3,3,1,0.000252,0.999748,0.999748,0.002481,14.652054,8.537050,-0.002481
member,39537,6,6,1,0.072677,0.929901,0.929901,0.259232,17.458509,2.597198,-0.259232
member,44980,3,3,1,0.006516,0.993505,0.993505,0.041910,27.191839,5.190540,-0.041910
member,22665,0,0,1,0.003770,0.996237,0.996237,0.027070,10.720753,5.743886,-0.027070
member,8248,8,8,1,-0.000000,1.000000,1.000000,0.000000,34.498180,22.685326,-0.000000
member,16166,5,5,1,0.086516,0.917121,0.917121,0.319814,9.690663,2.510273,-0.319814
member,31708,5,5,1,0.000047,0.999953,0.999953,0.000518,23.585085,9.960815,-0.000518
member,37417,3,3,1,0.002529,0.997474,0.997474,0.018268,14.901521,6.037837,-0.018268
member,38542,1,1,1,-0.000000,1.000000,1.000000,0.000000,31.809406,21.922108,-0.000000
member,38705,2,2,1,0.000477,0.999523,0.999523,0.004172,17.331356,7.665182,-0.004172
member,40564,9,9,1,-0.000000,1.000000,1.000000,0.000000,32.582375,23.510891,-0.000000
member,26084,6,6,1,0.000002,0.999998,0.999998,0.000023,22.190405,13.354656,-0.000023
member,17004,8,8,1,0.000439,0.999561,0.999561,0.004102,19.796097,8.096568,-0.004102
member,42436,6,6,1,0.000102,0.999898,0.999898,0.001037,24.557602,9.193828,-0.001037
member,6705,9,9,1,-0.000000,1.000000,1.000000,0.000001,26.682716,17.360115,-0.000001
member,10172,8,8,1,0.016596,0.983541,0.983541,0.092188,11.714034,4.271727,-0.092188
member,22085,6,6,1,0.007998,0.992034,0.992034,0.046456,18.016224,4.824828,-0.046456
member,48743,9,9,1,0.001377,0.998624,0.998624,0.011189,13.972508,6.756721,-0.011189
member,5152,5,5,1,0.000013,0.999987,0.999987,0.000176,16.301315,11.793272,-0.000176
member,13059,2,2,1,0.000893,0.999108,0.999108,0.007342,12.697072,7.060471,-0.007342
member,17721,5,5,1,0.002670,0.997333,0.997333,0.020303,17.606073,6.508030,-0.020303
member,42213,9,9,1,-0.000000,1.000000,1.000000,0.000000,25.095360,19.533134,-0.000000
member,24801,3,3,1,0.005111,0.994902,0.994902,0.036294,11.501933,5.824978,-0.036294
member,20155,1,1,1,-0.000000,1.000000,1.000000,0.000000,30.798521,24.023567,-0.000000
member,5146,1,1,1,0.000332,0.999668,0.999668,0.003207,23.939098,8.447278,-0.003207
member,32729,9,9,1,0.000003,0.999997,0.999997,0.000042,25.536987,13.033254,-0.000042
member,49252,4,4,1,0.618901,0.538536,0.538536,0.930858,10.808071,0.327774,-0.930858
member,49476,7,7,1,0.000379,0.999621,0.999621,0.003537,15.293420,8.016680,-0.003537
member,39442,8,8,1,0.000033,0.999967,0.999967,0.000416,17.631714,11.235887,-0.000416
member,43120,5,5,1,0.000476,0.999524,0.999524,0.004138,19.759192,7.657445,-0.004138
member,18576,5,5,1,0.000125,0.999875,0.999875,0.001304,20.179827,9.146516,-0.001304
member,41584,7,7,1,0.028522,0.971881,0.971881,0.128142,30.437246,3.542788,-0.128142
member,35108,7,7,1,0.000001,0.999999,0.999999,0.000019,25.140301,13.537281,-0.000019
member,36717,9,9,1,0.000002,0.999998,0.999998,0.000025,29.752514,13.437883,-0.000025
member,20616,1,1,1,0.000002,0.999998,0.999998,0.000028,19.967005,13.403416,-0.000028
member,17768,3,3,1,0.000005,0.999995,0.999995,0.000069,18.726763,12.576486,-0.000069
member,16397,0,0,1,-0.000000,1.000000,1.000000,0.000000,32.369247,18.541464,-0.000000
member,1232,9,9,1,-0.000000,1.000000,1.000000,0.000000,32.270008,19.792301,-0.000000
member,40279,1,1,1,-0.000000,1.000000,1.000000,0.000000,40.532928,20.830986,-0.000000
member,11069,8,8,1,0.000001,0.999999,0.999999,0.000011,40.067413,14.131121,-0.000011
member,32393,5,5,1,0.000503,0.999497,0.999497,0.004393,24.364277,7.626797,-0.004393
member,9430,0,0,1,-0.000000,1.000000,1.000000,0.000001,21.821558,17.198000,-0.000001
member,17863,3,3,1,-0.000000,1.000000,1.000000,0.000000,23.693645,18.246559,-0.000000
member,34417,0,0,1,0.051900,0.949423,0.949423,0.200209,30.299110,2.932367,-0.200209
member,44844,4,4,1,0.001922,0.998080,0.998080,0.015193,17.394140,6.472759,-0.015193
member,27616,9,9,1,-0.000000,1.000000,1.000000,0.000000,26.768936,20.168610,-0.000000
member,13034,9,9,1,0.009486,0.990559,0.990559,0.055010,11.845247,4.683411,-0.055010
member,1603,3,3,1,0.001997,0.998005,0.998005,0.017018,10.543952,6.973491,-0.017018
member,25036,9,9,1,0.000054,0.999946,0.999946,0.000587,24.958275,9.822073,-0.000587
member,43368,0,0,1,0.000403,0.999597,0.999597,0.003555,29.622066,7.815397,-0.003555
member,8537,7,7,1,0.010433,0.989621,0.989621,0.061590,11.406302,4.648225,-0.061590
member,28601,9,9,1,0.000015,0.999985,0.999985,0.000178,29.252047,11.131639,-0.000178
member,30644,6,6,1,0.000000,1.000000,1.000000,0.000006,25.615292,14.755363,-0.000006
member,37321,2,2,1,0.000378,0.999622,0.999622,0.003709,13.677752,8.531124,-0.003709
member,17284,1,1,1,0.053990,0.947441,0.947441,0.223443,12.075742,2.974715,-0.223443
member,8375,4,4,1,0.017828,0.982330,0.982330,0.097731,17.573656,4.170173,-0.097731
member,32582,2,2,1,0.000196,0.999804,0.999804,0.001976,17.332706,8.688523,-0.001976
member,49232,1,1,1,0.000007,0.999993,0.999993,0.000088,20.677507,11.944304,-0.000088
member,15350,9,9,1,0.000001,0.999999,0.999999,0.000012,32.520035,14.079576,-0.000012
member,42885,9,9,1,-0.000000,1.000000,1.000000,0.000000,26.319138,21.346197,-0.000000
member,33626,8,8,1,0.000292,0.999708,0.999708,0.002673,17.226740,8.139501,-0.002673
member,1536,6,6,1,0.005902,0.994116,0.994116,0.038574,16.076096,5.262710,-0.038574
member,42911,9,9,1,0.004247,0.995762,0.995762,0.027472,15.300900,5.462108,-0.027472
member,21190,5,5,1,0.047038,0.954051,0.954051,0.236017,12.480331,3.884047,-0.236017
member,1181,8,8,1,-0.000000,1.000000,1.000000,0.000000,58.811966,26.345844,-0.000000
member,6583,2,2,1,0.356575,0.700070,0.700070,0.677716,11.790707,0.895731,-0.677716
member,11499,4,4,1,0.005894,0.994123,0.994123,0.041692,10.562639,5.532090,-0.041692
member,30780,9,9,1,0.000230,0.999770,0.999770,0.002294,16.998775,8.647552,-0.002294
member,10126,3,3,1,0.006065,0.993953,0.993953,0.037264,14.175077,5.111525,-0.037264
member,13022,7,7,1,0.560898,0.570696,0.570696,1.022351,5.656556,0.604894,-1.022351
member,34212,8,8,1,0.001751,0.998250,0.998250,0.013301,19.296434,6.416925,-0.013301
member,48907,3,3,1,0.000923,0.999078,0.999078,0.007640,23.404125,7.078522,-0.007640
member,21228,6,6,1,-0.000000,1.000000,1.000000,0.000000,32.589100,24.891146,-0.000000
member,4455,2,2,1,0.001426,0.998575,0.998575,0.010832,15.890236,6.560089,-0.010832
member,8440,2,2,1,0.000017,0.999983,0.999983,0.000209,18.604958,10.969458,-0.000209
member,5712,2,2,1,0.012782,0.987300,0.987300,0.085021,8.395762,5.245009,-0.085021
member,27662,3,3,1,0.021322,0.978904,0.978904,0.126049,12.099010,4.544348,-0.126049
member,19824,9,9,1,0.000036,0.999964,0.999964,0.000435,20.367733,10.935122,-0.000435
member,31175,6,6,1,0.000013,0.999987,0.999987,0.000157,29.249035,11.264223,-0.000157
member,11709,0,0,1,0.003609,0.996397,0.996397,0.026350,13.795547,6.216596,-0.026350
member,15719,6,6,1,0.000059,0.999941,0.999941,0.000630,24.267498,9.743810,-0.000630
member,20475,1,1,1,0.000000,1.000000,1.000000,0.000004,20.706730,15.376375,-0.000004
member,18424,0,0,1,0.000001,0.999999,0.999999,0.000021,23.983227,13.472538,-0.000021
member,9549,1,3,0,0.769024,0.463465,0.518938,0.774402,7.410728,-0.113053,0.774402
member,43965,0,0,1,-0.000000,1.000000,1.000000,0.000000,45.103355,36.369678,-0.000000
member,31206,7,7,1,0.002922,0.997082,0.997082,0.020351,23.771109,5.864586,-0.020351
member,12967,0,0,1,-0.000000,1.000000,1.000000,0.000000,37.202271,20.179340,-0.000000
member,41470,2,2,1,0.000049,0.999951,0.999951,0.000579,15.095551,10.471921,-0.000579
member,46710,8,8,1,0.000003,0.999997,0.999997,0.000046,33.627125,12.600662,-0.000046
member,9293,3,3,1,0.019664,0.980528,0.980528,0.096055,16.260838,3.919559,-0.096055
member,38335,0,0,1,0.000008,0.999992,0.999992,0.000105,36.104202,11.698709,-0.000105
member,18614,0,0,1,-0.000000,1.000000,1.000000,0.000000,32.370800,21.077454,-0.000000
member,38274,8,8,1,0.000278,0.999722,0.999722,0.002604,18.390020,8.227956,-0.002604
member,4519,3,3,1,0.000403,0.999597,0.999597,0.003718,17.326689,7.947091,-0.003718
member,22109,0,0,1,0.001297,0.998704,0.998704,0.010836,17.272596,6.929955,-0.010836
member,42242,5,5,1,0.007893,0.992138,0.992138,0.045949,20.187479,4.838192,-0.045949
member,18222,3,3,1,0.000429,0.999571,0.999571,0.003896,15.244613,7.855264,-0.003896
member,45395,3,3,1,0.039496,0.961274,0.961274,0.171325,10.856201,3.246325,-0.171325
member,4884,5,5,1,0.001689,0.998312,0.998312,0.012694,16.512432,6.412180,-0.012694
member,4506,7,7,1,0.000000,1.000000,1.000000,0.000005,25.218143,14.908069,-0.000005
member,42663,1,1,1,0.000000,1.000000,1.000000,0.000002,44.170074,16.129200,-0.000002
member,25811,7,7,1,0.000000,1.000000,1.000000,0.000006,28.817041,14.702517,-0.000006
member,11124,6,6,1,0.156424,0.855197,0.855197,0.467433,16.595705,1.873087,-0.467433
member,664,9,9,1,0.000635,0.999365,0.999365,0.005314,17.118805,7.361759,-0.005314
member,19130,2,2,1,0.005147,0.994867,0.994867,0.032196,19.157785,5.267120,-0.032196
member,40410,1,1,1,0.000357,0.999643,0.999643,0.003469,21.207270,8.535413,-0.003469
member,18299,0,0,1,0.000002,0.999998,0.999998,0.000026,27.843025,13.391528,-0.000026
member,6684,3,3,1,0.021545,0.978685,0.978685,0.127109,10.694713,4.463380,-0.127109
member,501,8,8,1,0.000013,0.999987,0.999987,0.000158,24.791475,11.258974,-0.000158
member,28098,1,1,1,0.007047,0.992978,0.992978,0.044693,13.317273,5.080462,-0.044693
member,44871,9,9,1,0.000004,0.999996,0.999996,0.000052,17.084864,13.022371,-0.000052
member,32650,4,4,1,0.014184,0.985917,0.985917,0.081169,16.630772,4.432557,-0.081169
member,41288,8,8,1,0.000000,1.000000,1.000000,0.000002,32.270977,15.885609,-0.000002
member,33570,8,8,1,-0.000000,1.000000,1.000000,0.000000,29.022856,19.637215,-0.000000
member,31892,5,5,1,0.003914,0.996094,0.996094,0.026130,16.656031,5.573551,-0.026130
member,49650,7,7,1,0.000025,0.999975,0.999975,0.000299,23.095383,10.729664,-0.000299
member,48951,2,2,1,0.000111,0.999889,0.999889,0.001210,18.513262,9.731550,-0.001210
member,18087,5,5,1,0.000546,0.999454,0.999454,0.005062,20.175098,7.850614,-0.005062
member,11178,0,0,1,0.000097,0.999903,0.999903,0.001000,14.827229,9.259477,-0.001000
member,19602,5,5,1,0.032705,0.967824,0.967824,0.143622,11.006602,3.409630,-0.143622
member,13251,5,5,1,0.000051,0.999949,0.999949,0.000610,14.320626,10.952631,-0.000610
member,16416,2,2,1,0.000582,0.999418,0.999418,0.005024,16.882044,7.487900,-0.005024
member,23206,5,5,1,0.001215,0.998785,0.998785,0.011175,9.602199,7.701118,-0.011175
member,39880,5,5,1,0.000009,0.999991,0.999991,0.000113,27.447905,11.622564,-0.000113
member,39375,3,3,1,0.032275,0.968240,0.968240,0.161287,8.760941,3.617045,-0.161287
member,11436,2,2,1,0.000058,0.999942,0.999942,0.000666,17.068369,10.271948,-0.000666
member,45269,5,5,1,0.003429,0.996576,0.996576,0.023143,17.991467,5.688467,-0.023143
member,29463,5,5,1,0.014669,0.985438,0.985438,0.080992,13.165424,4.301170,-0.080992
member,6736,1,1,1,0.000049,0.999951,0.999951,0.000567,18.863075,10.324305,-0.000567
member,20686,0,0,1,0.000000,1.000000,1.000000,0.000006,28.097637,14.732951,-0.000006
member,17049,4,4,1,0.001802,0.998199,0.998199,0.015264,15.737303,7.210478,-0.015264
member,45511,5,5,1,0.000029,0.999971,0.999971,0.000338,22.945660,10.463478,-0.000338
member,4844,5,5,1,0.001503,0.998498,0.998498,0.011265,23.874451,6.499552,-0.011265
member,3272,7,7,1,-0.000000,1.000000,1.000000,0.000000,43.322994,19.423073,-0.000000
member,32713,0,0,1,0.002873,0.997132,0.997132,0.019662,20.884079,5.851334,-0.019662
member,33177,3,3,1,0.001245,0.998755,0.998755,0.009599,15.999107,6.691218,-0.009599
member,49770,3,3,1,0.020082,0.980118,0.980118,0.103807,12.154459,3.984272,-0.103807
member,31807,7,7,1,0.000747,0.999253,0.999253,0.006128,20.725784,7.198841,-0.006128
member,33269,5,5,1,0.003362,0.996644,0.996644,0.022751,21.633444,5.708126,-0.022751
member,16095,7,7,1,0.000039,0.999961,0.999961,0.000433,25.227678,10.156364,-0.000433
member,8904,7,7,1,0.000003,0.999997,0.999997,0.000045,22.350977,13.310699,-0.000045
member,8406,8,8,1,0.000000,1.000000,1.000000,0.000002,21.603338,16.189138,-0.000002
member,5012,2,2,1,0.027259,0.973109,0.973109,0.144286,7.229128,3.818475,-0.144286
member,4243,3,3,1,0.334221,0.715896,0.715896,0.596904,25.381721,0.924229,-0.596904
member,15418,8,8,1,0.000673,0.999327,0.999327,0.005643,24.304464,7.317289,-0.005643
member,41123,7,7,1,0.000849,0.999152,0.999152,0.006961,18.558149,7.099751,-0.006961
member,29755,5,5,1,0.110252,0.895608,0.895608,0.342441,12.803655,2.162925,-0.342441
member,32163,9,9,1,0.000035,0.999965,0.999965,0.000431,14.441853,10.811678,-0.000431
member,31979,2,2,1,0.000545,0.999455,0.999455,0.004819,11.986102,7.580488,-0.004819
member,36443,8,8,1,0.000129,0.999871,0.999871,0.001371,15.159712,9.291203,-0.001371
member,16481,4,4,1,0.039218,0.961541,0.961541,0.180411,9.778352,3.377107,-0.180411
member,1114,9,9,1,-0.000000,1.000000,1.000000,0.000000,23.627298,18.027309,-0.000000
member,14875,5,5,1,0.000000,1.000000,1.000000,0.000002,29.477871,16.058735,-0.000002
member,6266,4,4,1,0.000002,0.999998,0.999998,0.000034,19.628948,13.065252,-0.000034
member,39208,1,1,1,0.000054,0.999946,0.999946,0.000588,24.365782,9.834104,-0.000588
member,32426,8,8,1,0.024715,0.975588,0.975588,0.116777,20.946020,3.704365,-0.116777
member,11917,6,6,1,-0.000000,1.000000,1.000000,0.000000,37.358997,17.711454,-0.000000
member,23180,6,6,1,0.007601,0.992428,0.992428,0.044881,16.114937,4.883253,-0.044881
member,41353,3,3,1,0.000433,0.999567,0.999567,0.003783,23.573317,7.745773,-0.003783
member,35148,2,2,1,0.000040,0.999960,0.999960,0.000469,20.830164,10.489436,-0.000469
member,30572,2,2,1,-0.000000,1.000000,1.000000,0.000000,31.352179,17.659588,-0.000000
member,47806,8,8,1,0.000001,0.999999,0.999999,0.000019,22.346334,13.575546,-0.000019
member,45285,7,7,1,0.003829,0.996179,0.996179,0.025117,17.591051,5.564204,-0.025117
member,42790,6,6,1,0.000313,0.999687,0.999687,0.002878,19.752012,8.088927,-0.002878
member,20996,2,2,1,0.003403,0.996603,0.996603,0.022702,24.684202,5.681501,-0.022702
member,34298,4,4,1,0.006406,0.993615,0.993615,0.046122,11.468672,5.841120,-0.046122
member,22048,1,1,1,0.000003,0.999997,0.999997,0.000035,31.425474,12.883816,-0.000035
member,2528,4,4,1,0.000000,1.000000,1.000000,0.000003,22.368307,16.272825,-0.000003
member,30518,4,4,1,0.042996,0.957915,0.957915,0.174612,14.559177,3.125283,-0.174612
member,29540,0,0,1,-0.000000,1.000000,1.000000,0.000000,37.827332,27.588869,-0.000000
member,27440,0,0,1,0.000001,0.999999,0.999999,0.000010,21.608578,14.532629,-0.000010
member,43854,1,1,1,0.002800,0.997204,0.997204,0.021591,20.025206,6.388266,-0.021591
member,26938,8,8,1,-0.000000,1.000000,1.000000,0.000000,32.765434,24.265633,-0.000000
member,2984,5,5,1,0.000125,0.999875,0.999875,0.001248,24.795416,8.987774,-0.001248
member,14773,4,4,1,0.000011,0.999989,0.999989,0.000144,16.024008,11.547319,-0.000144
member,27927,6,6,1,0.196090,0.821938,0.821938,0.543329,7.816830,1.658951,-0.543329
member,22425,3,3,1,0.022172,0.978072,0.978072,0.111139,12.378524,3.864445,-0.111139
member,26389,7,7,1,0.001571,0.998430,0.998430,0.011959,13.476846,6.485282,-0.011959
member,42168,2,2,1,0.000000,1.000000,1.000000,0.000005,21.160627,15.781521,-0.000005
member,45902,4,4,1,0.000333,0.999668,0.999668,0.003262,14.336893,8.331513,-0.003262
member,19185,1,1,1,0.000048,0.999952,0.999952,0.000530,26.958250,9.935419,-0.000530
member,18986,5,5,1,0.088285,0.915500,0.915500,0.293193,17.582754,2.389290,-0.293193
member,29620,0,0,1,0.080975,0.922217,0.922217,0.286369,10.789673,2.511693,-0.286369
member,20560,2,2,1,0.000010,0.999990,0.999990,0.000136,15.163119,12.147408,-0.000136
member,35149,0,0,1,0.000020,0.999980,0.999980,0.000238,32.237732,10.820925,-0.000238
member,24234,9,9,1,-0.000000,1.000000,1.000000,0.000000,36.923634,28.120609,-0.000000
member,15433,7,7,1,-0.000000,1.000000,1.000000,0.000000,30.826708,18.014748,-0.000000
member,2863,0,0,1,0.000006,0.999994,0.999994,0.000083,16.621471,12.639941,-0.000083
member,23219,8,8,1,-0.000000,1.000000,1.000000,0.000000,34.242584,28.997646,-0.000000
member,16662,2,2,1,0.028372,0.972027,0.972027,0.163785,6.571870,4.204092,-0.163785
member,15767,0,0,1,0.002011,0.997991,0.997991,0.014530,14.710487,6.211423,-0.014530
member,14478,2,2,1,0.001695,0.998306,0.998306,0.012822,17.616236,6.425345,-0.012822
member,9955,9,9,1,0.000094,0.999906,0.999906,0.000964,37.676899,9.274139,-0.000964
member,31402,3,3,1,0.000316,0.999684,0.999684,0.002874,18.980856,8.065455,-0.002874
member,21049,3,3,1,0.000361,0.999639,0.999639,0.003219,27.717085,7.927298,-0.003219
member,34969,4,4,1,0.006964,0.993060,0.993060,0.043612,13.431783,5.044960,-0.043612
member,24268,1,1,1,0.000001,0.999999,0.999999,0.000013,21.967148,14.088840,-0.000013
member,23204,7,7,1,-0.000000,1.000000,1.000000,0.000000,43.612789,24.184410,-0.000000
member,3377,4,4,1,0.048468,0.952688,0.952688,0.192837,10.648799,3.009521,-0.192837
member,1599,1,1,1,0.000026,0.999974,0.999974,0.000300,26.332539,10.562014,-0.000300
member,476,3,3,1,0.000222,0.999778,0.999778,0.002092,19.634317,8.412834,-0.002092
member,10798,0,0,1,0.000372,0.999628,0.999628,0.003330,17.860828,7.904422,-0.003330
member,8639,4,4,1,0.002423,0.997580,0.997580,0.017256,16.578543,6.042643,-0.017256
member,22142,0,0,1,0.012665,0.987415,0.987415,0.073053,8.342186,4.461898,-0.073053
member,22182,9,9,1,-0.000000,1.000000,1.000000,0.000000,30.723629,22.016403,-0.000000
member,9932,1,1,1,0.000008,0.999992,0.999992,0.000099,37.553574,11.763874,-0.000099
member,21046,5,5,1,0.004036,0.995973,0.995973,0.029525,15.801287,6.115585,-0.029525
member,45442,8,8,1,0.000010,0.999990,0.999990,0.000128,20.045652,11.684885,-0.000128
member,36231,0,0,1,0.273547,0.760676,0.760676,0.550650,14.601485,1.156530,-0.550650
member,43952,7,7,1,0.000105,0.999895,0.999895,0.001070,18.058807,9.171371,-0.001070
member,38326,0,0,1,0.001829,0.998172,0.998172,0.013348,29.252426,6.302944,-0.013348
member,38592,2,2,1,0.002609,0.997395,0.997395,0.019907,14.213714,6.209222,-0.019907
member,17781,1,1,1,0.000002,0.999998,0.999998,0.000026,35.974529,13.198093,-0.000026
member,29875,1,1,1,0.006623,0.993399,0.993399,0.039718,21.639706,5.013968,-0.039718
member,31070,8,8,1,0.000816,0.999184,0.999184,0.007377,13.279003,7.527377,-0.007377
member,22256,6,6,1,0.000058,0.999942,0.999942,0.000663,15.686252,10.002719,-0.000663
member,9459,1,1,1,-0.000000,1.000000,1.000000,0.000000,45.391876,19.606989,-0.000000
member,10665,6,6,1,0.003359,0.996647,0.996647,0.024321,16.356426,5.865677,-0.024321
member,8331,4,4,1,0.000108,0.999892,0.999892,0.001104,19.913164,9.148053,-0.001104
member,25865,7,7,1,0.000387,0.999614,0.999614,0.003930,12.299110,8.606395,-0.003930
member,48001,0,0,1,0.000651,0.999350,0.999350,0.005758,16.694399,7.551309,-0.005758
member,17554,6,6,1,0.000646,0.999355,0.999355,0.005393,24.452339,7.346395,-0.005393
member,38886,5,5,1,0.009778,0.990269,0.990269,0.054777,16.275570,4.622847,-0.054777
member,28590,4,4,1,0.000000,1.000000,1.000000,0.000007,23.390158,14.809997,-0.000007
member,15302,9,9,1,-0.000000,1.000000,1.000000,0.000001,32.478043,16.902922,-0.000001
member,27980,2,2,1,0.000476,0.999525,0.999525,0.004446,15.994612,8.296047,-0.004446
member,19593,9,9,1,-0.000000,1.000000,1.000000,0.000000,30.743717,19.070103,-0.000000
member,11839,4,4,1,0.000629,0.999372,0.999372,0.005343,18.316217,7.398479,-0.005343
member,19062,7,7,1,-0.000000,1.000000,1.000000,0.000001,27.274395,17.087170,-0.000001
member,26700,5,5,1,0.005042,0.994970,0.994970,0.033706,19.700846,5.429436,-0.033706
member,39868,3,3,1,0.018976,0.981203,0.981203,0.095220,15.036563,3.975315,-0.095220
member,18826,6,6,1,0.000000,1.000000,1.000000,0.000007,24.728506,14.724836,-0.000007
member,44782,8,8,1,-0.000000,1.000000,1.000000,0.000000,32.032784,18.124754,-0.000000
member,13473,0,0,1,0.003134,0.996870,0.996870,0.023192,14.499259,6.182952,-0.023192
member,1811,0,0,1,0.021440,0.978788,0.978788,0.102785,17.597313,3.832080,-0.102785
member,5576,2,2,1,0.000006,0.999994,0.999994,0.000083,14.574506,12.215458,-0.000083
member,13604,5,5,1,0.000053,0.999947,0.999947,0.000577,18.013973,9.857780,-0.000577
member,45814,5,5,1,0.000049,0.999951,0.999951,0.000536,19.922649,9.925811,-0.000536
member,19287,2,2,1,0.002067,0.997936,0.997936,0.015912,10.079123,6.315694,-0.015912
member,45444,1,1,1,0.129238,0.878765,0.878765,0.440249,19.493410,2.296358,-0.440249
member,2213,4,4,1,0.000001,0.999999,0.999999,0.000009,19.931410,15.140443,-0.000009
member,27630,4,4,1,0.000063,0.999937,0.999937,0.000718,14.790289,10.168062,-0.000718
member,43904,2,2,1,0.000172,0.999828,0.999828,0.001848,17.426521,9.476656,-0.001848
member,30731,2,2,1,0.001041,0.998960,0.998960,0.008184,22.696774,6.867402,-0.008184
member,21255,7,7,1,0.011802,0.988267,0.988267,0.073545,10.212710,5.004111,-0.073545
member,22982,1,1,1,0.000097,0.999903,0.999903,0.000997,37.164642,9.236483,-0.000997
member,16039,7,7,1,0.006334,0.993686,0.993686,0.042092,10.954870,5.289738,-0.042092
member,2672,4,4,1,0.000621,0.999379,0.999379,0.005222,19.675558,7.386377,-0.005222
member,29363,2,2,1,0.000857,0.999143,0.999143,0.007773,15.425570,7.670444,-0.007773
member,2608,7,7,1,0.005135,0.994878,0.994878,0.034514,16.061733,5.425532,-0.034514
member,20496,3,3,1,0.001383,0.998618,0.998618,0.011773,12.001375,7.077153,-0.011773
member,47608,8,8,1,-0.000000,1.000000,1.000000,0.000000,46.099125,34.758762,-0.000000
member,5159,6,6,1,0.000018,0.999982,0.999982,0.000218,23.030424,10.925165,-0.000218
member,39381,5,5,1,0.002962,0.997042,0.997042,0.020177,21.091124,5.820395,-0.020177
member,35576,1,1,1,0.000162,0.999838,0.999838,0.001578,30.111876,8.726173,-0.001578
member,34234,0,0,1,0.002050,0.997952,0.997952,0.014727,24.147051,6.188654,-0.014727
member,32777,8,8,1,-0.000000,1.000000,1.000000,0.000000,29.103622,27.998095,-0.000000
member,11401,4,4,1,0.000083,0.999917,0.999917,0.000862,25.267567,9.397857,-0.000862
member,10504,9,9,1,0.000010,0.999990,0.999990,0.000133,28.101469,11.908936,-0.000133
member,33526,3,3,1,0.000001,0.999999,0.999999,0.000013,22.700119,14.161404,-0.000013
member,41589,3,3,1,0.003221,0.996784,0.996784,0.024749,9.911431,6.191468,-0.024749
member,5754,4,4,1,0.523749,0.592296,0.592296,0.728728,11.338984,0.399908,-0.728728
member,44770,0,0,1,0.018724,0.981450,0.981450,0.101206,8.387620,4.098399,-0.101206
member,22011,3,3,1,0.000067,0.999933,0.999933,0.000761,17.383743,9.846588,-0.000761
member,45388,9,9,1,0.000005,0.999995,0.999995,0.000073,21.954105,12.198483,-0.000073
member,20937,1,1,1,0.008935,0.991104,0.991104,0.050863,20.745697,4.713253,-0.050863
member,21934,6,6,1,0.085918,0.917670,0.917670,0.294061,9.925755,2.431602,-0.294061
member,8034,6,6,1,0.000727,0.999273,0.999273,0.006195,15.818999,7.298063,-0.006195
member,7126,8,8,1,-0.000000,1.000000,1.000000,0.000000,32.223431,21.698381,-0.000000
member,47615,8,8,1,-0.000000,1.000000,1.000000,0.000001,37.801029,17.010185,-0.000001
member,47790,6,6,1,-0.000000,1.000000,1.000000,0.000001,26.356377,17.275246,-0.000001
member,46122,6,6,1,0.000001,0.999999,0.999999,0.000017,21.292896,14.417618,-0.000017
member,35846,0,0,1,0.000006,0.999994,0.999994,0.000083,25.755457,11.966405,-0.000083
member,34582,8,8,1,-0.000000,1.000000,1.000000,0.000000,38.206676,26.129120,-0.000000
member,13082,3,3,1,0.017586,0.982567,0.982567,0.115903,7.001132,5.210292,-0.115903
member,40646,7,7,1,0.202164,0.816961,0.816961,0.522322,10.490253,1.552827,-0.522322
member,21905,8,8,1,-0.000000,1.000000,1.000000,0.000000,42.733742,25.646763,-0.000000
member,25238,8,8,1,0.000044,0.999956,0.999956,0.000490,21.452108,10.021396,-0.000490
member,35975,7,7,1,0.000001,0.999999,0.999999,0.000011,28.932913,14.521202,-0.000011
member,6496,3,3,1,0.004555,0.995455,0.995455,0.029297,23.003384,5.398907,-0.029297
member,43693,5,5,1,0.000635,0.999365,0.999365,0.005333,14.314843,7.365420,-0.005333
member,33524,7,7,1,0.135578,0.873211,0.873211,0.382487,12.371395,1.932158,-0.382487
member,20701,7,7,1,0.000115,0.999885,0.999885,0.001170,17.754292,9.080791,-0.001170
member,13312,0,0,1,0.000006,0.999994,0.999994,0.000087,19.688801,12.074916,-0.000087
member,10036,6,6,1,0.116110,0.890377,0.890377,0.433278,6.276835,2.308646,-0.433278
member,14164,4,4,1,0.000000,1.000000,1.000000,0.000007,30.031948,15.195622,-0.000007
member,31154,7,7,1,0.000021,0.999979,0.999979,0.000242,21.574137,10.798200,-0.000242
member,24948,7,7,1,0.000546,0.999454,0.999454,0.005133,10.990948,7.867647,-0.005133
member,35308,4,4,1,0.003510,0.996497,0.996497,0.023500,17.016270,5.658865,-0.023500
member,47763,0,0,1,0.216732,0.805146,0.805146,0.496908,11.846066,1.421213,-0.496908
member,32907,6,6,1,0.131377,0.876888,0.876888,0.385225,14.462475,1.981435,-0.385225
member,45609,4,4,1,0.000012,0.999988,0.999988,0.000151,15.964157,11.423846,-0.000151
member,5253,8,8,1,0.000041,0.999959,0.999959,0.000483,21.348019,10.405677,-0.000483
member,19104,0,0,1,0.149064,0.861514,0.861514,0.416134,8.696288,1.843756,-0.416134
member,32805,5,5,1,0.001965,0.998037,0.998037,0.014592,20.824186,6.282874,-0.014592
member,40516,0,0,1,0.000008,0.999992,0.999992,0.000101,21.036840,11.769279,-0.000101
member,3882,9,9,1,0.000004,0.999996,0.999996,0.000059,32.957352,12.326433,-0.000059
member,22988,2,2,1,0.004166,0.995842,0.995842,0.029517,12.472659,5.677272,-0.029517
member,31224,7,7,1,0.000001,0.999999,0.999999,0.000018,21.291222,13.668343,-0.000018
member,3418,4,4,1,0.000907,0.999094,0.999094,0.007267,17.902468,7.007165,-0.007267
member,38929,1,1,1,0.000000,1.000000,1.000000,0.000007,24.677925,15.625729,-0.000007
member,23541,3,3,1,0.009787,0.990261,0.990261,0.061249,16.346842,4.821414,-0.061249
member,26354,5,5,1,0.002958,0.997046,0.997046,0.020948,15.098951,5.883224,-0.020948
member,19771,3,3,1,0.000001,0.999999,0.999999,0.000014,19.284206,14.121387,-0.000014
member,10189,3,3,1,0.062867,0.939068,0.939068,0.272727,13.629263,3.279900,-0.272727
member,44562,3,3,1,0.006243,0.993776,0.993776,0.040106,14.588741,5.170291,-0.040106
member,44560,7,7,1,-0.000000,1.000000,1.000000,0.000000,22.103954,17.478115,-0.000000
member,44944,3,3,1,0.000721,0.999279,0.999279,0.006054,16.836332,7.274063,-0.006054
member,5195,1,1,1,0.001470,0.998531,0.998531,0.011193,21.549892,6.539631,-0.011193
member,37255,2,2,1,0.006603,0.993419,0.993419,0.041490,10.572870,5.074438,-0.041490
member,31610,3,3,1,0.024507,0.975791,0.975791,0.124416,19.380150,3.831352,-0.124416
member,2191,2,2,1,0.001234,0.998767,0.998767,0.010531,10.679276,7.010566,-0.010531
member,31039,9,9,1,0.000034,0.999966,0.999966,0.000384,23.198727,10.288211,-0.000384
member,46776,4,4,1,0.023655,0.976623,0.976623,0.125470,14.042298,4.058700,-0.125470
member,7785,5,5,1,0.002383,0.997620,0.997620,0.016859,19.706121,6.044551,-0.016859
member,46172,7,7,1,0.000004,0.999996,0.999996,0.000057,45.060760,12.369183,-0.000057
member,42978,1,1,1,-0.000000,1.000000,1.000000,0.000000,37.755440,21.029226,-0.000000
member,48126,9,9,1,0.000018,0.999982,0.999982,0.000217,26.012964,10.925494,-0.000217
member,3154,6,6,1,-0.000000,1.000000,1.000000,0.000000,32.887333,21.532825,-0.000000
member,22795,6,6,1,0.001546,0.998455,0.998455,0.012997,13.166574,6.942761,-0.012997
member,29895,8,8,1,-0.000000,1.000000,1.000000,0.000000,42.832767,28.012535,-0.000000
member,16912,0,0,1,0.000028,0.999972,0.999972,0.000322,34.708351,10.480211,-0.000322
member,41042,8,8,1,0.000000,1.000000,1.000000,0.000002,21.124372,15.957890,-0.000002
member,42715,1,1,1,-0.000000,1.000000,1.000000,0.000000,31.942425,20.054905,-0.000000
member,7441,9,9,1,-0.000000,1.000000,1.000000,0.000000,38.206760,27.806358,-0.000000
member,12848,7,7,1,0.000847,0.999154,0.999154,0.006833,20.384964,7.073853,-0.006833
member,12619,6,6,1,0.004764,0.995247,0.995247,0.035517,14.042089,6.116537,-0.035517
member,19746,4,4,1,0.000218,0.999782,0.999782,0.002060,17.160410,8.434833,-0.002060
member,1422,9,9,1,0.000006,0.999994,0.999994,0.000081,35.635475,11.983126,-0.000081
member,26894,4,4,1,0.000006,0.999994,0.999994,0.000084,22.110458,12.019674,-0.000084
member,6065,5,5,1,0.002264,0.997738,0.997738,0.017627,15.636468,6.737642,-0.017627
member,37616,1,1,1,0.000003,0.999997,0.999997,0.000036,35.672405,12.871351,-0.000036
member,37028,4,4,1,0.000033,0.999967,0.999967,0.000394,14.902781,10.436859,-0.000394
member,43197,9,9,1,0.000637,0.999363,0.999363,0.005338,14.092397,7.360528,-0.005338
member,29228,9,9,1,-0.000000,1.000000,1.000000,0.000000,38.460674,26.555569,-0.000000
member,29835,4,4,1,0.000000,1.000000,1.000000,0.000001,27.011536,17.102819,-0.000001
member,22685,9,9,1,-0.000000,1.000000,1.000000,0.000000,32.246311,21.431854,-0.000000
member,22341,7,7,1,-0.000000,1.000000,1.000000,0.000000,50.594494,31.844572,-0.000000
member,45713,2,2,1,0.094441,0.909881,0.909881,0.339282,10.845826,2.453174,-0.339282
member,34759,8,8,1,0.003737,0.996270,0.996270,0.026189,10.282569,5.706888,-0.026189
member,5215,2,2,1,0.000030,0.999970,0.999970,0.000339,25.517235,10.427127,-0.000339
member,48812,4,4,1,0.000423,0.999577,0.999577,0.003710,18.359079,7.767622,-0.003710
member,44917,6,6,1,-0.000000,1.000000,1.000000,0.000000,34.753887,19.173206,-0.000000
member,39364,8,8,1,0.000000,1.000000,1.000000,0.000007,24.091862,14.664001,-0.000007
member,47378,8,8,1,0.000852,0.999149,0.999149,0.007748,10.137766,7.444878,-0.007748
member,2899,4,4,1,0.000005,0.999995,0.999995,0.000070,24.578058,12.157265,-0.000070
member,13307,4,4,1,0.003044,0.996960,0.996960,0.024079,13.289996,6.421048,-0.024079
member,18861,0,0,1,0.116445,0.890079,0.890079,0.413466,13.193093,2.408170,-0.413466
member,14160,5,5,1,0.004527,0.995483,0.995483,0.032140,19.747757,5.777124,-0.032140
member,15153,0,0,1,0.000002,0.999998,0.999998,0.000027,26.358774,13.591535,-0.000027
member,2561,2,2,1,0.000000,1.000000,1.000000,0.000006,19.900593,15.180412,-0.000006
member,7308,2,2,1,0.000004,0.999996,0.999996,0.000049,22.064938,12.650445,-0.000049
member,19223,2,2,1,0.003325,0.996680,0.996680,0.022264,20.825310,5.704559,-0.022264
member,39543,3,3,1,0.009875,0.990174,0.990174,0.062006,17.148050,5.260628,-0.062006
member,33680,2,2,1,0.161169,0.851148,0.851148,0.446328,7.699180,1.773169,-0.446328
member,39097,1,1,1,0.018285,0.981881,0.981881,0.090637,15.244805,3.992592,-0.090637
member,44840,4,4,1,0.004811,0.995200,0.995200,0.034022,13.314904,5.622071,-0.034022
member,44614,4,4,1,0.000011,0.999989,0.999989,0.000149,18.400791,11.632648,-0.000149
member,27191,2,2,1,0.037219,0.963465,0.963465,0.157030,16.989643,3.273058,-0.157030
member,17476,6,6,1,0.000004,0.999996,0.999996,0.000054,20.594965,12.907467,-0.000054
member,14803,9,9,1,-0.000000,1.000000,1.000000,0.000000,53.416763,20.921349,-0.000000
member,26837,2,2,1,0.033018,0.967521,0.967521,0.195744,6.537596,4.467855,-0.195744
member,10262,4,4,1,0.000006,0.999994,0.999994,0.000085,18.267677,12.783432,-0.000085
member,44190,9,9,1,0.008026,0.992006,0.992006,0.046711,14.109706,4.823228,-0.046711
member,43278,8,8,1,0.000004,0.999996,0.999996,0.000059,31.290903,12.335491,-0.000059
member,30948,8,8,1,0.000497,0.999503,0.999503,0.004648,12.248074,8.032492,-0.004648
member,42989,5,5,1,0.000001,0.999999,0.999999,0.000013,24.657766,13.950392,-0.000013
member,19709,9,9,1,0.004778,0.995234,0.995234,0.030265,19.558445,5.342106,-0.030265
member,28468,7,7,1,0.000147,0.999853,0.999853,0.001620,13.129956,9.497592,-0.001620
member,543,4,4,1,0.000201,0.999799,0.999799,0.001988,19.063084,8.648176,-0.001988
member,23822,0,0,1,0.000007,0.999993,0.999993,0.000097,20.500664,12.019522,-0.000097
member,28066,8,8,1,-0.000000,1.000000,1.000000,0.000000,38.365299,17.713531,-0.000000
member,34415,6,6,1,0.000074,0.999926,0.999926,0.000839,21.253550,9.954162,-0.000839
member,39627,8,8,1,0.000285,0.999715,0.999715,0.002616,22.599665,8.163078,-0.002616
member,1163,2,2,1,0.000011,0.999989,0.999989,0.000153,16.847057,11.937128,-0.000153
member,29746,8,8,1,-0.000000,1.000000,1.000000,0.000000,36.430843,17.780552,-0.000000
member,2210,4,4,1,0.000003,0.999997,0.999997,0.000038,20.528158,13.308098,-0.000038
member,23001,9,9,1,0.000036,0.999964,0.999964,0.000410,30.728945,10.217831,-0.000410
member,32300,4,4,1,0.000033,0.999967,0.999967,0.000394,19.505646,10.810821,-0.000394
member,46320,6,6,1,0.011237,0.988826,0.988826,0.061336,19.221519,4.482917,-0.061336
member,28827,2,2,1,0.000643,0.999357,0.999357,0.005847,14.712959,7.692733,-0.005847
member,44404,9,9,1,-0.000000,1.000000,1.000000,0.000000,24.532860,17.689297,-0.000000
member,18198,2,2,1,0.000000,1.000000,1.000000,0.000004,25.592014,15.658723,-0.000004
member,1901,1,1,1,-0.000000,1.000000,1.000000,0.000000,41.856400,18.182402,-0.000000
member,37460,1,1,1,0.000068,0.999932,0.999932,0.000722,31.317177,9.595184,-0.000722
member,17692,0,0,1,0.000048,0.999952,0.999952,0.000546,23.948084,10.056849,-0.000546
member,28200,4,4,1,0.000767,0.999233,0.999233,0.006627,16.561916,7.355162,-0.006627
member,24782,7,7,1,0.000001,0.999999,0.999999,0.000010,21.031040,14.278961,-0.000010
member,28968,9,9,1,-0.000000,1.000000,1.000000,0.000001,18.816814,17.371765,-0.000001
member,38888,5,5,1,0.000145,0.999855,0.999855,0.001425,24.832018,8.839747,-0.001425
member,35968,4,4,1,0.000041,0.999959,0.999959,0.000483,17.719761,10.640666,-0.000483
member,30875,4,4,1,0.003172,0.996833,0.996833,0.023933,17.820642,6.436022,-0.023933
member,38948,0,0,1,0.016521,0.983614,0.983614,0.084448,22.631298,4.103718,-0.084448
member,15359,7,7,1,0.000583,0.999417,0.999417,0.004957,13.915347,7.455757,-0.004957
member,42751,7,7,1,0.000000,1.000000,1.000000,0.000007,26.330355,14.615532,-0.000007
member,44469,9,9,1,0.000039,0.999961,0.999961,0.000470,14.506401,10.532381,-0.000470
member,19714,2,2,1,0.001612,0.998390,0.998390,0.012448,13.480832,6.500046,-0.012448
member,11607,9,9,1,0.000504,0.999496,0.999496,0.004334,21.672787,7.591681,-0.004334
member,36167,4,4,1,0.000083,0.999917,0.999917,0.000926,18.710993,9.686809,-0.000926
member,35571,6,6,1,0.000000,1.000000,1.000000,0.000004,21.542418,15.875349,-0.000004
member,30441,5,5,1,0.006533,0.993488,0.993488,0.046044,9.809080,5.701758,-0.046044
member,39646,2,2,1,0.000008,0.999992,0.999992,0.000108,15.627704,12.217140,-0.000108
member,45246,1,1,1,0.000190,0.999810,0.999810,0.001815,26.088440,8.570095,-0.001815
member,10434,8,8,1,0.000005,0.999995,0.999995,0.000064,24.616337,12.244067,-0.000064
member,45591,4,4,1,0.028578,0.971826,0.971826,0.152494,11.516123,3.815353,-0.152494
member,33540,1,1,1,0.000000,1.000000,1.000000,0.000006,30.269634,14.779862,-0.000006
member,4162,0,0,1,0.000010,0.999990,0.999990,0.000121,18.951998,11.595726,-0.000121
member,24261,6,6,1,0.000040,0.999960,0.999960,0.000461,24.823145,10.286162,-0.000461
member,27618,8,8,1,-0.000000,1.000000,1.000000,0.000001,34.498707,16.760307,-0.000001
member,17466,9,9,1,0.000005,0.999995,0.999995,0.000068,24.044676,12.183615,-0.000068
member,2441,8,8,1,0.000324,0.999676,0.999676,0.003099,13.953838,8.185280,-0.003099
member,6211,4,4,1,0.000562,0.999438,0.999438,0.004893,12.127087,7.527090,-0.004893
member,16368,1,1,1,0.023168,0.977098,0.977098,0.111256,22.771990,3.772228,-0.111256
member,6896,1,1,1,-0.000000,1.000000,1.000000,0.000000,31.458599,17.588554,-0.000000
member,27590,5,5,1,0.021160,0.979062,0.979062,0.101704,20.161137,3.845240,-0.101704
member,27721,2,2,1,0.000312,0.999688,0.999688,0.003023,15.717755,8.342171,-0.003023
member,6400,0,0,1,0.000709,0.999292,0.999292,0.006192,13.538357,7.398045,-0.006192
member,46282,7,7,1,0.000270,0.999730,0.999730,0.002687,16.836401,8.757658,-0.002687
member,30127,9,9,1,0.000798,0.999202,0.999202,0.006698,22.016239,7.209554,-0.006698
member,19027,0,0,1,0.002496,0.997507,0.997507,0.017436,25.609518,5.991636,-0.017436
member,33821,7,7,1,0.000008,0.999992,0.999992,0.000114,17.247377,12.424922,-0.000114
member,32756,4,4,1,0.025415,0.974906,0.974906,0.132504,14.116030,3.863615,-0.132504
member,47477,5,5,1,0.071425,0.931066,0.931066,0.271809,10.228073,2.691827,-0.271809
member,31632,3,3,1,0.001891,0.998111,0.998111,0.014611,13.098461,6.424233,-0.014611
member,18558,8,8,1,0.000005,0.999995,0.999995,0.000069,23.222267,12.163552,-0.000069
member,16625,0,0,1,0.000214,0.999786,0.999786,0.002117,13.194077,8.552084,-0.002117
member,17531,8,8,1,0.000125,0.999875,0.999875,0.001249,27.551636,8.986408,-0.001249
member,37647,2,2,1,0.000660,0.999340,0.999340,0.005895,16.207439,7.639853,-0.005895
member,33395,2,2,1,0.006953,0.993071,0.993071,0.041357,20.864243,4.965125,-0.041357
member,17827,9,9,1,-0.000000,1.000000,1.000000,0.000000,48.713264,32.014587,-0.000000
member,14427,8,8,1,-0.000000,1.000000,1.000000,0.000001,30.805431,17.285385,-0.000001
member,1005,4,4,1,0.000281,0.999719,0.999719,0.002635,20.141356,8.224288,-0.002635
member,5488,4,4,1,0.013529,0.986562,0.986562,0.080901,12.397385,4.549670,-0.080901
member,45615,0,0,1,0.002372,0.997631,0.997631,0.016789,16.236944,6.049594,-0.016789
member,17406,9,9,1,-0.000000,1.000000,1.000000,0.000000,35.261902,24.154903,-0.000000
member,454,1,1,1,0.000004,0.999996,0.999996,0.000055,35.467136,12.406225,-0.000055
member,4244,1,1,1,0.000028,0.999972,0.999972,0.000333,24.693220,10.729463,-0.000333
member,39505,4,4,1,-0.000000,1.000000,1.000000,0.000000,30.730375,21.187105,-0.000000
member,43383,8,8,1,-0.000000,1.000000,1.000000,0.000000,37.877316,29.823738,-0.000000
member,34292,8,8,1,-0.000000,1.000000,1.000000,0.000000,26.924952,21.045155,-0.000000
member,41413,8,8,1,-0.000000,1.000000,1.000000,0.000000,41.284695,28.635036,-0.000000
member,44591,1,1,1,0.004617,0.995394,0.995394,0.029378,24.415632,5.375750,-0.029378
member,31953,4,4,1,0.000030,0.999970,0.999970,0.000357,22.798115,10.524651,-0.000357
member,29980,0,0,1,0.001850,0.998152,0.998152,0.013788,14.292924,6.322030,-0.013788
member,9391,5,5,1,0.009098,0.990943,0.990943,0.055693,16.316879,4.840414,-0.055693
member,22338,5,5,1,0.000014,0.999986,0.999986,0.000174,22.924351,11.220639,-0.000174
member,11708,1,1,1,0.000378,0.999622,0.999622,0.003358,26.490551,7.879969,-0.003358
member,12966,3,3,1,0.004071,0.995937,0.995937,0.031079,9.996267,6.055919,-0.031079
member,45664,5,5,1,0.008459,0.991576,0.991576,0.048715,14.551826,4.769555,-0.048715
member,12824,6,6,1,0.000339,0.999661,0.999661,0.003282,24.566036,8.568203,-0.003282
member,29861,3,3,1,0.000639,0.999361,0.999361,0.005520,17.177097,7.434591,-0.005520
member,36407,7,7,1,-0.000000,1.000000,1.000000,0.000000,49.652279,34.443756,-0.000000
member,19204,2,2,1,0.012645,0.987434,0.987434,0.076066,9.224897,4.583220,-0.076066
member,7776,5,5,1,0.001855,0.998147,0.998147,0.013615,16.476679,6.299316,-0.013615
member,35972,7,7,1,0.031217,0.969265,0.969265,0.173470,9.789926,4.155242,-0.173470
member,46215,3,3,1,0.036634,0.964029,0.964029,0.160870,11.252543,3.320677,-0.160870
member,26542,6,6,1,0.039987,0.960802,0.960802,0.165935,14.260063,3.200846,-0.165935
member,26716,3,3,1,0.000569,0.999431,0.999431,0.004828,21.775158,7.472254,-0.004828
member,41853,3,3,1,0.007962,0.992069,0.992069,0.046417,16.505619,4.831584,-0.046417
member,15469,1,1,1,0.000043,0.999957,0.999957,0.000492,19.982119,10.226978,-0.000492
member,27055,7,7,1,-0.000000,1.000000,1.000000,0.000000,30.070276,21.516361,-0.000000
member,11062,5,5,1,0.000056,0.999944,0.999944,0.000610,24.232746,9.831388,-0.000610
member,12110,4,4,1,0.000197,0.999803,0.999803,0.002045,16.148396,8.916969,-0.002045
member,14518,1,1,1,0.000040,0.999960,0.999960,0.000454,23.624628,10.223304,-0.000454
member,37532,0,0,1,0.000086,0.999914,0.999914,0.000893,31.555107,9.359135,-0.000893
member,33612,3,3,1,0.000309,0.999691,0.999691,0.003024,13.703245,8.364796,-0.003024
member,13433,2,2,1,0.001373,0.998628,0.998628,0.011054,11.229162,6.720519,-0.011054
member,3053,0,0,1,0.000023,0.999977,0.999977,0.000278,19.287182,11.057408,-0.000278
member,17452,9,9,1,0.000029,0.999971,0.999971,0.000336,25.740364,10.435148,-0.000336
member,27505,7,7,1,0.000105,0.999895,0.999895,0.001064,30.995558,9.166758,-0.001064
member,48930,0,0,1,0.000001,0.999999,0.999999,0.000015,24.384663,13.967464,-0.000015
member,20000,8,8,1,0.000003,0.999997,0.999997,0.000035,21.879162,13.010245,-0.000035
member,39079,8,8,1,0.000002,0.999998,0.999998,0.000033,17.105293,13.594796,-0.000033
member,9273,4,4,1,0.006786,0.993237,0.993237,0.044786,12.946903,5.301773,-0.044786
member,10134,4,4,1,0.001355,0.998646,0.998646,0.010897,15.947723,6.766511,-0.010897
member,2982,3,3,1,0.018423,0.981746,0.981746,0.109729,9.470972,4.569593,-0.109729
member,31599,1,1,1,0.000000,1.000000,1.000000,0.000004,38.514381,15.220913,-0.000004
member,47437,9,9,1,0.000004,0.999996,0.999996,0.000057,17.006453,12.598890,-0.000057
member,40223,8,8,1,0.000462,0.999538,0.999538,0.004013,19.879866,7.678991,-0.004013
member,5770,0,0,1,0.000001,0.999999,0.999999,0.000009,26.588051,14.393627,-0.000009
member,34870,8,8,1,0.033837,0.966730,0.966730,0.146677,21.215805,3.372591,-0.146677
member,28999,5,5,1,0.001518,0.998483,0.998483,0.011451,21.677387,6.500132,-0.011451
member,16320,1,1,1,0.022458,0.977792,0.977792,0.106511,22.246538,3.784863,-0.106511
member,38544,8,8,1,0.000044,0.999956,0.999956,0.000517,18.496668,10.644456,-0.000517
member,14815,4,4,1,0.006534,0.993488,0.993488,0.041392,9.555812,5.097881,-0.041392
member,17962,8,8,1,0.000001,0.999999,0.999999,0.000017,22.931112,14.462217,-0.000017
member,23647,9,9,1,0.000003,0.999997,0.999997,0.000036,31.962751,12.895819,-0.000036
member,8479,9,9,1,0.000001,0.999999,0.999999,0.000023,20.608179,13.769375,-0.000023
member,22895,5,5,1,0.000002,0.999998,0.999998,0.000026,17.280413,13.220245,-0.000026
member,18853,8,8,1,0.000007,0.999993,0.999993,0.000091,22.491798,11.857435,-0.000091
member,39474,1,1,1,0.000920,0.999081,0.999081,0.007750,16.250397,7.157034,-0.007750
member,9353,4,4,1,0.006523,0.993499,0.993499,0.041547,15.230416,5.143337,-0.041547
member,25042,8,8,1,0.000001,0.999999,0.999999,0.000011,25.997339,14.152558,-0.000011
member,46015,8,8,1,0.000025,0.999975,0.999975,0.000293,22.503036,10.592400,-0.000293
member,2757,9,9,1,0.000066,0.999934,0.999934,0.000755,16.024303,10.143053,-0.000755
member,12214,6,6,1,-0.000000,1.000000,1.000000,0.000000,29.836069,18.606167,-0.000000
member,23491,0,0,1,0.000149,0.999851,0.999851,0.001568,15.954582,9.292182,-0.001568
member,28027,1,1,1,0.000017,0.999983,0.999983,0.000205,20.923758,10.981607,-0.000205
member,4128,3,3,1,0.011283,0.988781,0.988781,0.067949,11.205412,4.635253,-0.067949
member,30611,3,3,1,0.002172,0.997830,0.997830,0.015491,18.257582,6.131627,-0.015491
member,7915,1,1,1,0.000531,0.999469,0.999469,0.004531,23.494041,7.541156,-0.004531
member,27687,6,6,1,-0.000000,1.000000,1.000000,0.000001,22.707615,17.043011,-0.000001
member,25572,7,7,1,0.000002,0.999998,0.999998,0.000025,23.523504,13.808830,-0.000025
member,2182,5,5,1,0.000002,0.999998,0.999998,0.000035,17.628096,13.016436,-0.000035
member,29965,6,6,1,0.000035,0.999965,0.999965,0.000417,18.411608,10.727666,-0.000417
member,26216,8,8,1,-0.000000,1.000000,1.000000,0.000000,48.200829,37.835400,-0.000000
member,4822,5,5,1,0.000020,0.999980,0.999980,0.000235,36.918087,10.827196,-0.000235
member,2110,8,8,1,-0.000000,1.000000,1.000000,0.000000,33.348331,21.842033,-0.000000
member,20931,1,1,1,0.000040,0.999960,0.999960,0.000448,41.244907,10.120647,-0.000448
member,25270,0,0,1,0.000003,0.999997,0.999997,0.000045,36.351234,12.615391,-0.000045
member,176,1,1,1,-0.000000,1.000000,1.000000,0.000000,28.757729,21.282681,-0.000000
member,5683,1,1,1,0.000002,0.999998,0.999998,0.000027,28.008961,13.157566,-0.000027
member,47937,6,6,1,0.025068,0.975243,0.975243,0.133579,14.214863,4.152561,-0.133579
member,32858,2,9,0,1.534908,0.215476,0.771626,0.588628,10.726068,-1.275653,0.588628
member,28221,5,5,1,0.032686,0.967842,0.967842,0.156199,9.136535,3.541504,-0.156199
member,28530,1,1,1,-0.000000,1.000000,1.000000,0.000000,58.223499,19.574944,-0.000000
member,15849,5,5,1,0.000515,0.999485,0.999485,0.004440,21.272261,7.581190,-0.004440
member,23744,7,7,1,0.000979,0.999022,0.999022,0.007759,24.264786,6.928663,-0.007759
member,43283,3,3,1,0.074721,0.928002,0.928002,0.259957,17.170137,2.558552,-0.259957
member,20613,9,9,1,-0.000000,1.000000,1.000000,0.000000,27.086351,20.098244,-0.000000
member,27819,5,5,1,0.247283,0.780920,0.780920,0.557871,13.702075,1.303789,-0.557871
member,38872,1,1,1,0.000066,0.999934,0.999934,0.000724,20.377916,9.747756,-0.000724
member,27587,2,2,1,0.000063,0.999937,0.999937,0.000691,16.110796,9.731119,-0.000691
member,41889,8,8,1,-0.000000,1.000000,1.000000,0.000000,33.586052,26.245985,-0.000000
member,23872,8,8,1,0.000033,0.999967,0.999967,0.000371,22.144648,10.331595,-0.000371
member,10915,9,9,1,0.000004,0.999996,0.999996,0.000057,29.560566,12.449425,-0.000057
member,22989,9,9,1,0.003872,0.996136,0.996136,0.026608,15.029216,5.658836,-0.026608
member,47401,0,0,1,0.000074,0.999926,0.999926,0.000810,15.373810,9.668150,-0.000810
member,20374,4,4,1,0.000457,0.999543,0.999543,0.004360,12.304633,8.068882,-0.004360
member,24683,9,9,1,0.000000,1.000000,1.000000,0.000002,28.931355,16.454573,-0.000002
member,8053,6,6,1,0.000000,1.000000,1.000000,0.000004,27.456440,15.113396,-0.000004
member,1741,6,6,1,0.000302,0.999698,0.999698,0.002763,23.051716,8.112069,-0.002763
member,25116,7,7,1,0.000021,0.999979,0.999979,0.000248,22.475224,10.822042,-0.000248
member,24184,6,6,1,0.000002,0.999998,0.999998,0.000023,28.943653,13.354541,-0.000023
member,13631,7,7,1,0.005449,0.994566,0.994566,0.033757,22.619598,5.209665,-0.033757
member,4303,8,8,1,0.000150,0.999850,0.999850,0.001496,17.883446,8.839974,-0.001496
member,21987,2,2,1,0.000003,0.999997,0.999997,0.000045,17.707098,12.935543,-0.000045
member,35719,8,8,1,0.000011,0.999989,0.999989,0.000141,23.446333,11.410563,-0.000141
member,23460,4,4,1,0.003428,0.996578,0.996578,0.024750,17.225922,5.881037,-0.024750
member,10444,6,6,1,0.292675,0.746264,0.746264,0.725403,14.423567,1.330791,-0.725403
member,42406,9,9,1,0.000000,1.000000,1.000000,0.000003,27.171545,15.481238,-0.000003
member,15709,5,5,1,0.000379,0.999621,0.999621,0.003511,20.425564,7.997859,-0.003511
member,33009,7,7,1,0.000001,0.999999,0.999999,0.000014,31.735434,13.848835,-0.000014
member,10279,8,8,1,0.000000,1.000000,1.000000,0.000001,31.446384,16.355446,-0.000001
member,20945,6,6,1,0.004456,0.995554,0.995554,0.029619,16.700445,5.474258,-0.029619
member,5653,4,4,1,0.033038,0.967502,0.967502,0.158656,10.870746,3.571344,-0.158656
member,4816,0,0,1,0.008825,0.991214,0.991214,0.058185,12.361775,5.282845,-0.058185
member,36890,3,3,1,0.053178,0.948211,0.948211,0.231130,9.872656,3.106332,-0.231130
member,39173,4,4,1,-0.000000,1.000000,1.000000,0.000000,24.700218,17.884661,-0.000000
member,15056,9,9,1,0.000206,0.999794,0.999794,0.002156,14.313438,9.208822,-0.002156
member,13943,4,4,1,0.000004,0.999996,0.999996,0.000057,21.435179,12.619240,-0.000057
member,21681,8,8,1,-0.000000,1.000000,1.000000,0.000000,30.489164,27.851036,-0.000000
member,35499,6,6,1,0.002595,0.997408,0.997408,0.018211,13.236611,5.963239,-0.018211
member,11028,3,3,1,0.011385,0.988680,0.988680,0.078701,9.686295,5.623010,-0.078701
member,4448,5,5,1,0.000850,0.999151,0.999151,0.006882,23.164062,7.074898,-0.006882
member,39838,8,8,1,0.000237,0.999763,0.999763,0.002278,18.047163,8.424150,-0.002278
member,42196,6,6,1,0.009036,0.991004,0.991004,0.051741,16.083069,4.708419,-0.051741
member,32525,4,4,1,0.000004,0.999996,0.999996,0.000054,23.512585,12.423020,-0.000054
member,30352,2,2,1,0.111016,0.894925,0.894925,0.341257,13.743331,2.150577,-0.341257
member,27614,4,4,1,0.092328,0.911806,0.911806,0.369754,17.981733,2.961293,-0.369754
member,20949,8,8,1,0.000053,0.999947,0.999947,0.000575,26.485250,9.845474,-0.000575
member,45484,0,0,1,0.000962,0.999038,0.999038,0.008118,14.070194,7.112021,-0.008118
member,38587,8,8,1,-0.000000,1.000000,1.000000,0.000000,38.477764,31.749142,-0.000000
member,17249,2,2,1,0.000061,0.999939,0.999939,0.000722,13.017688,10.585564,-0.000722
member,3431,5,5,1,0.002224,0.997778,0.997778,0.015797,19.368933,6.107593,-0.015797
member,46130,5,5,1,0.007984,0.992048,0.992048,0.049820,18.000132,4.996224,-0.049820
member,1792,2,2,1,0.000229,0.999771,0.999771,0.002315,13.012526,8.618284,-0.002315
member,4865,9,9,1,0.000219,0.999781,0.999781,0.002218,16.891035,8.929458,-0.002218
member,27415,0,0,1,0.004607,0.995404,0.995404,0.034442,12.181485,5.991803,-0.034442
member,17914,4,4,1,0.017084,0.983061,0.983061,0.087638,16.769636,4.080343,-0.087638
member,37332,6,6,1,0.000001,0.999999,0.999999,0.000015,34.187672,13.769127,-0.000015
member,7592,0,0,1,0.003167,0.996838,0.996838,0.022478,14.037250,5.859139,-0.022478
member,47134,5,5,1,0.000023,0.999977,0.999977,0.000285,21.495283,11.018758,-0.000285
member,44990,5,5,1,0.001711,0.998290,0.998290,0.013783,18.998585,6.985257,-0.013783
member,40268,4,4,1,0.000010,0.999990,0.999990,0.000130,16.680983,11.871634,-0.000130
member,5169,6,6,1,0.010749,0.989308,0.989308,0.062558,15.799865,4.603745,-0.062558
member,35151,4,4,1,0.015794,0.984330,0.984330,0.082520,12.351213,4.160702,-0.082520
member,46635,5,5,1,0.069587,0.932779,0.932779,0.246518,21.366560,2.630381,-0.246518
member,32957,5,5,1,0.000037,0.999963,0.999963,0.000422,22.602793,10.302086,-0.000422
member,40261,6,6,1,0.000024,0.999976,0.999976,0.000278,20.715977,10.674984,-0.000278
member,11807,4,4,1,0.005987,0.994031,0.994031,0.038802,13.089170,5.230206,-0.038802
member,42048,8,8,1,0.000036,0.999964,0.999964,0.000410,22.901474,10.253407,-0.000410
member,2710,4,4,1,0.001683,0.998319,0.998319,0.013054,15.121610,6.510914,-0.013054
member,12883,0,0,1,0.000001,0.999999,0.999999,0.000018,31.140177,13.683832,-0.000018
member,46275,5,5,1,-0.000000,1.000000,1.000000,0.000000,31.184134,19.645569,-0.000000
member,44108,3,3,1,0.021048,0.979172,0.979172,0.101297,16.338432,3.850688,-0.101297
member,5227,4,4,1,0.006248,0.993771,0.993771,0.041730,17.538488,5.337118,-0.041730
member,34401,7,7,1,-0.000000,1.000000,1.000000,0.000000,44.528992,22.515303,-0.000000
member,46086,0,0,1,0.000010,0.999990,0.999990,0.000130,36.355293,11.472370,-0.000130
member,5186,9,9,1,-0.000000,1.000000,1.000000,0.000000,43.400528,21.803186,-0.000000
member,13709,7,7,1,0.000047,0.999953,0.999953,0.000537,19.790266,10.133461,-0.000537
member,18172,6,6,1,0.001587,0.998415,0.998415,0.012258,15.887010,6.530032,-0.012258
member,39229,5,5,1,0.000008,0.999992,0.999992,0.000108,22.434265,11.991966,-0.000108
member,2579,5,5,1,0.001533,0.998468,0.998468,0.011607,15.587309,6.495040,-0.011607
member,35600,6,6,1,0.000016,0.999984,0.999984,0.000194,17.239664,11.099997,-0.000194
member,38532,9,9,1,-0.000000,1.000000,1.000000,0.000000,37.671215,30.037222,-0.000000
member,29484,3,3,1,-0.000000,1.000000,1.000000,0.000000,31.026054,22.731972,-0.000000
member,25442,6,6,1,0.000000,1.000000,1.000000,0.000005,20.245020,15.709702,-0.000005
member,46697,3,3,1,0.095175,0.909214,0.909214,0.329880,9.586886,2.369318,-0.329880
member,1584,6,6,1,0.000000,1.000000,1.000000,0.000007,28.225672,14.565886,-0.000007
member,47459,7,7,1,0.012199,0.987875,0.987875,0.068219,15.492564,4.456146,-0.068219
member,18329,3,3,1,0.000002,0.999998,0.999998,0.000025,22.228880,13.329227,-0.000025
member,8188,5,5,1,0.003572,0.996435,0.996435,0.026089,18.005421,6.169133,-0.026089
member,8931,7,7,1,-0.000000,1.000000,1.000000,0.000000,25.013304,20.223526,-0.000000
member,33140,4,4,1,-0.000000,1.000000,1.000000,0.000000,30.063688,18.422791,-0.000000
member,21588,6,6,1,-0.000000,1.000000,1.000000,0.000000,41.828876,27.635225,-0.000000
member,30813,6,6,1,0.000442,0.999558,0.999558,0.004081,17.850481,7.938946,-0.004081
member,45260,5,5,1,0.076259,0.926576,0.926576,0.301549,18.357822,2.781042,-0.301549
member,4867,8,8,1,0.004058,0.995950,0.995950,0.028241,11.450963,5.621768,-0.028241
member,9100,3,3,1,0.365347,0.693956,0.693956,0.616262,18.305372,0.818796,-0.616262
member,21006,5,5,1,0.000001,0.999999,0.999999,0.000017,21.255135,14.271996,-0.000017
member,42995,2,2,1,0.000926,0.999075,0.999075,0.007504,15.882126,7.010491,-0.007504
member,28563,3,3,1,0.002154,0.997849,0.997849,0.017496,10.352048,6.568454,-0.017496
member,41965,6,6,1,0.042468,0.958421,0.958421,0.182214,12.762623,3.192936,-0.182214
member,21028,8,8,1,-0.000000,1.000000,1.000000,0.000000,40.560562,33.912594,-0.000000
member,21397,1,1,1,0.000447,0.999553,0.999553,0.003976,24.413809,7.757607,-0.003976
member,30758,9,9,1,0.000004,0.999996,0.999996,0.000052,21.721533,12.474517,-0.000052
member,26869,9,9,1,0.000001,0.999999,0.999999,0.000018,48.634506,13.611179,-0.000018
member,1704,4,4,1,0.024058,0.976229,0.976229,0.127399,11.795280,3.941466,-0.127399
member,41473,7,7,1,0.000019,0.999981,0.999981,0.000244,19.816418,11.293909,-0.000244
member,49578,7,7,1,-0.000000,1.000000,1.000000,0.000000,28.254757,22.389750,-0.000000
member,47742,2,2,1,0.002006,0.997996,0.997996,0.016741,11.426958,6.805962,-0.016741
member,11568,3,3,1,0.018386,0.981782,0.981782,0.093962,12.853970,4.023540,-0.093962
member,31448,6,6,1,0.025149,0.975165,0.975165,0.134915,11.167989,4.121422,-0.134915
member,30878,2,2,1,0.431491,0.649540,0.649540,0.764565,7.930784,0.692974,-0.764565
member,34154,9,9,1,0.000161,0.999839,0.999839,0.001686,20.501013,9.298193,-0.001686
member,8407,5,5,1,0.000186,0.999814,0.999814,0.001879,16.201670,8.792053,-0.001879
member,45876,9,9,1,0.000026,0.999974,0.999974,0.000303,33.976715,10.546762,-0.000303
member,10016,8,8,1,-0.000000,1.000000,1.000000,0.000000,38.039951,31.497215,-0.000000
member,11044,6,6,1,-0.000000,1.000000,1.000000,0.000001,29.826777,16.841169,-0.000001
member,28437,3,3,1,0.000043,0.999957,0.999957,0.000478,22.159962,10.084656,-0.000478
member,27224,5,5,1,0.000008,0.999992,0.999992,0.000107,19.937109,11.823306,-0.000107
member,25453,7,7,1,0.000409,0.999591,0.999591,0.003792,13.552996,7.926590,-0.003792
member,4421,6,6,1,0.000001,0.999999,0.999999,0.000017,19.221712,14.446339,-0.000017
member,1276,7,7,1,0.030924,0.969549,0.969549,0.138155,14.215127,3.471814,-0.138155
member,27243,8,8,1,0.000074,0.999926,0.999926,0.000852,14.169154,9.949986,-0.000852
member,330,1,1,1,0.012208,0.987866,0.987866,0.065590,31.226917,4.399572,-0.065590
member,20294,4,4,1,-0.000000,1.000000,1.000000,0.000000,33.631886,24.468628,-0.000000
member,2432,3,3,1,0.000470,0.999531,0.999531,0.004091,17.423414,7.670838,-0.004091
member,6347,1,1,1,0.000000,1.000000,1.000000,0.000003,48.178455,15.392433,-0.000003
member,31809,2,2,1,0.022287,0.977959,0.977959,0.105953,12.932344,3.792927,-0.105953
member,23468,4,4,1,0.178810,0.836265,0.836265,0.513032,12.525064,1.748689,-0.513032
member,17391,3,3,1,0.058099,0.943557,0.943557,0.217388,18.399412,2.817078,-0.217388
member,36044,6,6,1,-0.000000,1.000000,1.000000,0.000000,32.844162,26.542431,-0.000000
member,39580,2,2,1,0.000004,0.999996,0.999996,0.000050,18.497967,12.633660,-0.000050
member,20255,3,3,1,0.020921,0.979296,0.979296,0.126281,12.703245,4.725574,-0.126281
member,26719,6,6,1,0.000430,0.999570,0.999570,0.003775,18.234529,7.753203,-0.003775
member,9725,7,7,1,0.000000,1.000000,1.000000,0.000002,28.887659,15.735286,-0.000002
member,42725,4,4,1,0.696166,0.498493,0.498493,0.851477,7.118515,0.068500,-0.851477
member,14845,6,6,1,0.001347,0.998654,0.998654,0.010359,15.462405,6.625331,-0.010359
member,4883,7,7,1,-0.000000,1.000000,1.000000,0.000000,42.222717,30.666512,-0.000000
member,40465,7,7,1,0.016975,0.983168,0.983168,0.090841,9.538711,4.136350,-0.090841
member,41336,1,1,1,0.000917,0.999084,0.999084,0.007625,12.544869,7.068370,-0.007625
member,9798,2,2,1,0.000474,0.999526,0.999526,0.004272,18.530691,7.762623,-0.004272
member,16429,6,6,1,0.000004,0.999996,0.999996,0.000053,24.769653,12.861893,-0.000053
member,4264,7,7,1,0.000122,0.999878,0.999878,0.001223,20.523630,9.011259,-0.001223
member,28501,6,6,1,-0.000000,1.000000,1.000000,0.000001,28.708361,17.280006,-0.000001
member,48836,8,8,1,-0.000000,1.000000,1.000000,0.000000,35.311947,19.095312,-0.000000
member,19785,2,2,1,0.010132,0.989919,0.989919,0.057466,14.168939,4.605654,-0.057466
member,15631,6,6,1,0.003547,0.996460,0.996460,0.024763,12.516139,5.729719,-0.024763
member,11901,9,9,1,0.000006,0.999994,0.999994,0.000079,34.496109,12.344679,-0.000079
member,16112,4,4,1,0.000931,0.999069,0.999069,0.007794,16.844191,7.084850,-0.007794
member,3715,7,7,1,0.001046,0.998954,0.998954,0.008256,14.849457,6.866302,-0.008256
member,43725,8,8,1,0.000002,0.999998,0.999998,0.000027,26.820490,13.573707,-0.000027
member,1180,2,2,1,0.000069,0.999931,0.999931,0.000817,13.609085,10.122529,-0.000817
member,6067,0,0,1,0.040987,0.959842,0.959842,0.171736,12.836487,3.189211,-0.171736
member,36253,8,8,1,0.000038,0.999962,0.999962,0.000437,15.727096,10.218105,-0.000437
member,41883,7,7,1,0.000192,0.999808,0.999808,0.001882,21.245623,8.628611,-0.001882
member,949,3,3,1,0.002752,0.997252,0.997252,0.020977,15.079583,6.392572,-0.020977
member,36502,2,2,1,0.000482,0.999518,0.999518,0.004385,12.666039,7.764399,-0.004385
member,8200,0,0,1,0.012063,0.988010,0.988010,0.065510,12.831124,4.418979,-0.065510
member,49180,8,8,1,0.000397,0.999603,0.999603,0.003598,19.099001,7.885184,-0.003598
member,48904,6,6,1,0.000000,1.000000,1.000000,0.000005,22.795084,15.724068,-0.000005
member,48861,0,0,1,0.000010,0.999990,0.999990,0.000138,21.095345,12.137922,-0.000138
member,42699,8,8,1,0.000026,0.999974,0.999974,0.000300,21.794760,10.613021,-0.000300
member,44390,3,3,1,0.015797,0.984327,0.984327,0.080918,12.942328,4.141878,-0.080918
member,12146,6,6,1,-0.000000,1.000000,1.000000,0.000000,25.356983,20.590561,-0.000000
member,29208,7,7,1,-0.000000,1.000000,1.000000,0.000001,23.890388,18.074486,-0.000001
member,37981,1,1,1,0.000002,0.999998,0.999998,0.000024,26.066587,13.307302,-0.000024
member,20969,0,0,1,0.000591,0.999409,0.999409,0.004998,21.590357,7.436878,-0.004998
member,7990,9,9,1,0.000000,1.000000,1.000000,0.000003,23.269463,15.774513,-0.000003
member,4672,3,3,1,0.000364,0.999637,0.999637,0.003246,18.324694,7.921108,-0.003246
member,4459,1,1,1,-0.000000,1.000000,1.000000,0.000000,43.405174,18.636744,-0.000000
member,25593,2,2,1,0.000011,0.999989,0.999989,0.000146,26.381613,11.790232,-0.000146
member,11113,6,6,1,0.003552,0.996455,0.996455,0.023550,19.846325,5.638730,-0.023550
member,34680,4,4,1,0.000031,0.999969,0.999969,0.000366,24.847446,10.598765,-0.000366
member,15868,1,1,1,0.000264,0.999736,0.999736,0.002635,15.578018,8.839402,-0.002635
member,31413,6,6,1,0.000001,0.999999,0.999999,0.000019,24.812006,13.591686,-0.000019
member,13620,8,8,1,-0.000000,1.000000,1.000000,0.000000,33.814434,24.517147,-0.000000
member,4155,0,0,1,0.000001,0.999999,0.999999,0.000021,54.367508,13.423851,-0.000021
member,27884,2,2,1,0.015090,0.985023,0.985023,0.089483,10.736079,4.762145,-0.089483
member,16929,1,1,1,0.000015,0.999985,0.999985,0.000197,23.697664,11.822279,-0.000197
member,26669,7,7,1,0.000012,0.999988,0.999988,0.000145,33.472065,11.350714,-0.000145
member,46226,3,3,1,0.009512,0.990533,0.990533,0.062201,10.530150,5.075956,-0.062201
member,29242,5,5,1,0.049248,0.951945,0.951945,0.247872,11.678409,3.541435,-0.247872
member,27539,7,7,1,0.013348,0.986740,0.986740,0.075195,10.916051,4.411980,-0.075195
member,25149,2,2,1,0.000001,0.999999,0.999999,0.000023,19.710596,14.176108,-0.000023
member,20794,5,5,1,0.000061,0.999939,0.999939,0.000667,16.123598,9.799538,-0.000667
member,18684,3,3,1,0.002861,0.997143,0.997143,0.021700,16.612654,6.404078,-0.021700
member,44361,5,5,1,0.013726,0.986367,0.986367,0.072184,21.095793,4.282354,-0.072184
member,13326,0,0,1,0.000222,0.999778,0.999778,0.002248,13.049603,8.678805,-0.002248
member,34829,6,6,1,0.000001,0.999999,0.999999,0.000010,28.937984,14.230150,-0.000010
member,29952,1,1,1,0.015938,0.984188,0.984188,0.091661,14.610869,4.589020,-0.091661
member,22771,5,5,1,0.061199,0.940636,0.940636,0.225327,17.984146,2.763072,-0.225327
member,16947,1,1,1,0.000026,0.999974,0.999974,0.000305,40.859203,10.540514,-0.000305
member,7708,9,9,1,-0.000000,1.000000,1.000000,0.000000,21.510735,18.308043,-0.000000
member,21155,6,6,1,-0.000000,1.000000,1.000000,0.000000,27.653767,18.962688,-0.000000
member,2360,7,7,1,0.000001,0.999999,0.999999,0.000012,23.539480,14.427976,-0.000012
member,49375,0,0,1,0.010706,0.989351,0.989351,0.060907,11.337895,4.564204,-0.060907
member,33641,8,8,1,0.000007,0.999993,0.999993,0.000092,31.139574,11.850653,-0.000092
member,34694,6,6,1,-0.000000,1.000000,1.000000,0.000000,37.286701,20.522196,-0.000000
member,49723,0,0,1,0.003019,0.996985,0.996985,0.020994,14.599873,5.837891,-0.020994
member,36525,6,6,1,0.000104,0.999896,0.999896,0.001101,15.055408,9.300885,-0.001101
member,12006,4,4,1,0.000480,0.999520,0.999520,0.004462,19.010063,7.839873,-0.004462
member,31489,8,8,1,0.000017,0.999983,0.999983,0.000205,26.306192,10.976489,-0.000205
member,39707,8,8,1,-0.000000,1.000000,1.000000,0.000000,43.394360,22.550880,-0.000000
member,17008,1,1,1,0.000001,0.999999,0.999999,0.000009,33.544971,14.375292,-0.000009
member,26175,2,2,1,0.000002,0.999998,0.999998,0.000033,18.217173,13.121084,-0.000033
member,30833,6,6,1,0.013229,0.986858,0.986858,0.077478,10.036769,4.487332,-0.077478
member,21444,8,8,1,0.000001,0.999999,0.999999,0.000011,19.418861,14.142467,-0.000011
member,43179,2,2,1,0.001116,0.998884,0.998884,0.009775,11.756830,7.437989,-0.009775
member,29987,9,9,1,0.000494,0.999506,0.999506,0.004666,13.362139,8.183264,-0.004666
member,30721,3,3,1,0.000556,0.999444,0.999444,0.004722,25.174553,7.494539,-0.004722
member,24787,8,8,1,0.000005,0.999995,0.999995,0.000060,23.864166,12.309148,-0.000060
member,44491,2,2,1,0.005135,0.994878,0.994878,0.036612,13.807106,5.633282,-0.036612
member,44778,0,0,1,0.460645,0.630877,0.630877,0.658615,25.569654,0.536011,-0.658615
member,32429,8,8,1,0.000003,0.999997,0.999997,0.000045,21.299244,12.617452,-0.000045
member,10989,0,0,1,0.014562,0.985544,0.985544,0.084951,13.215511,4.571849,-0.084951
member,22847,0,0,1,0.000000,1.000000,1.000000,0.000002,36.383091,15.751778,-0.000002
member,6676,7,7,1,0.000000,1.000000,1.000000,0.000005,29.892815,15.054628,-0.000005
member,14528,0,0,1,0.000789,0.999211,0.999211,0.006706,13.852590,7.231014,-0.006706
member,15809,1,1,1,0.000000,1.000000,1.000000,0.000002,38.155949,15.774443,-0.000002
member,3502,5,5,1,0.000010,0.999990,0.999990,0.000131,22.996040,11.459413,-0.000131
member,11948,8,8,1,-0.000000,1.000000,1.000000,0.000000,54.565132,42.147655,-0.000000
member,11209,4,4,1,0.000105,0.999895,0.999895,0.001072,18.880686,9.170549,-0.001072
member,4108,3,3,1,0.117285,0.889331,0.889331,0.399071,18.554495,2.274658,-0.399071
member,5035,7,7,1,0.000348,0.999652,0.999652,0.003330,18.233665,8.181768,-0.003330
member,43562,3,3,1,0.000519,0.999481,0.999481,0.004841,19.743458,8.266099,-0.004841
member,18272,4,4,1,0.000012,0.999988,0.999988,0.000151,22.453588,11.313243,-0.000151
member,47262,9,9,1,-0.000000,1.000000,1.000000,0.000000,32.045544,22.942776,-0.000000
member,2522,5,2,0,0.935790,0.392276,0.596399,0.726195,12.859717,-0.418944,0.726195
member,23166,9,9,1,0.000016,0.999984,0.999984,0.000207,13.600407,11.173517,-0.000207
member,24676,0,0,1,0.000011,0.999989,0.999989,0.000147,19.136917,12.077421,-0.000147
member,38153,9,9,1,0.000003,0.999997,0.999997,0.000041,21.641582,12.720527,-0.000041
member,7168,0,0,1,0.000014,0.999986,0.999986,0.000188,15.956815,11.481141,-0.000188
member,12365,7,7,1,0.000001,0.999999,0.999999,0.000018,22.308924,13.656871,-0.000018
member,21082,7,7,1,0.000074,0.999926,0.999926,0.000850,15.826510,10.094690,-0.000850
member,43741,4,4,1,0.000062,0.999938,0.999938,0.000728,17.856123,10.203368,-0.000728
member,39135,3,3,1,0.265318,0.766962,0.766962,0.698629,11.723082,1.484664,-0.698629
member,33582,3,3,1,0.000124,0.999876,0.999876,0.001293,15.671794,9.078756,-0.001293
member,31702,4,4,1,0.005849,0.994168,0.994168,0.037136,16.221998,5.191000,-0.037136
member,38237,8,8,1,-0.000000,1.000000,1.000000,0.000000,48.760048,32.676819,-0.000000
member,22358,1,1,1,0.000269,0.999731,0.999731,0.002592,15.858633,8.339652,-0.002592
member,48246,0,0,1,0.000076,0.999924,0.999924,0.000794,27.803404,9.488224,-0.000794
member,5929,8,8,1,-0.000000,1.000000,1.000000,0.000000,25.993036,20.298038,-0.000000
member,38282,1,1,1,0.000001,0.999999,0.999999,0.000017,44.458435,13.689898,-0.000017
member,40523,4,4,1,0.000020,0.999980,0.999980,0.000248,17.867247,11.176916,-0.000248
member,14749,6,6,1,0.000015,0.999985,0.999985,0.000186,20.458513,11.088559,-0.000186
member,11034,5,5,1,0.000381,0.999619,0.999619,0.003565,13.869070,8.017860,-0.003565
member,25200,2,2,1,0.000944,0.999056,0.999056,0.008534,13.770282,7.476480,-0.008534
member,29458,9,9,1,0.000002,0.999998,0.999998,0.000030,30.409857,13.074291,-0.000030
member,1175,6,6,1,-0.000000,1.000000,1.000000,0.000000,35.689331,23.446377,-0.000000
member,38937,0,0,1,0.000006,0.999994,0.999994,0.000080,18.846525,12.014674,-0.000080
member,48125,8,8,1,-0.000000,1.000000,1.000000,0.000000,36.980358,28.000164,-0.000000
member,47642,1,1,1,0.000048,0.999952,0.999952,0.000566,17.333454,10.464965,-0.000566
member,6049,4,4,1,0.001595,0.998407,0.998407,0.012930,18.485380,6.935329,-0.012930
member,35664,6,6,1,0.000149,0.999851,0.999851,0.001502,21.282654,8.865376,-0.001502
member,38144,5,5,1,0.011275,0.988788,0.988788,0.069975,14.175694,4.930480,-0.069975
member,33825,7,7,1,0.013549,0.986543,0.986543,0.082440,12.027898,4.683791,-0.082440
member,25386,8,8,1,-0.000000,1.000000,1.000000,0.000000,32.811520,24.919224,-0.000000
member,41041,8,8,1,0.000046,0.999954,0.999954,0.000542,16.563728,10.325872,-0.000542
member,24932,1,1,1,0.000890,0.999111,0.999111,0.007138,33.455109,7.023954,-0.007138
member,9763,2,2,1,0.081716,0.921534,0.921534,0.312702,13.081021,2.599533,-0.312702
member,36881,6,6,1,0.017586,0.982567,0.982567,0.088132,16.787842,4.033899,-0.088132
member,3776,4,4,1,0.558602,0.572008,0.572008,1.121313,9.040850,0.822678,-1.121313
member,10003,8,8,1,-0.000000,1.000000,1.000000,0.000000,24.606508,19.487839,-0.000000
member,13033,2,2,1,0.003116,0.996889,0.996889,0.021952,12.623355,5.830558,-0.021952
member,19663,5,5,1,0.025514,0.974809,0.974809,0.132158,14.003280,3.819921,-0.132158
member,3037,2,2,1,0.215154,0.806417,0.806417,0.537948,7.842404,1.480930,-0.537948
member,46901,5,5,1,0.005819,0.994198,0.994198,0.039186,18.497255,5.402429,-0.039186
member,7063,3,3,1,0.000908,0.999092,0.999092,0.008613,9.305029,7.908533,-0.008613
member,4233,8,8,1,-0.000000,1.000000,1.000000,0.000000,37.158161,24.053261,-0.000000
member,27604,4,4,1,0.000009,0.999991,0.999991,0.000110,23.012230,11.661095,-0.000110
member,19646,6,6,1,0.004385,0.995625,0.995625,0.028716,16.454716,5.452826,-0.028716
member,4982,3,3,1,0.012541,0.987537,0.987537,0.076519,12.919087,4.732714,-0.076519
member,21176,4,4,1,0.040793,0.960028,0.960028,0.173910,11.334369,3.213652,-0.173910
member,48271,8,8,1,-0.000000,1.000000,1.000000,0.000001,29.122208,17.164688,-0.000001
member,469,7,7,1,0.000105,0.999895,0.999895,0.001130,22.295406,9.551603,-0.001130
member,12859,4,4,1,0.000001,0.999999,0.999999,0.000012,30.087217,14.356369,-0.000012
member,33449,2,2,1,0.001893,0.998109,0.998109,0.014985,16.582794,6.504329,-0.014985
member,18378,8,8,1,0.000000,1.000000,1.000000,0.000001,28.208925,16.487835,-0.000001
member,25309,3,3,1,0.055261,0.946239,0.946239,0.209570,13.354697,2.868156,-0.209570
member,24708,7,7,1,0.000226,0.999774,0.999774,0.002168,15.436910,8.434398,-0.002168
member,29070,4,4,1,0.000001,0.999999,0.999999,0.000017,22.047682,14.225521,-0.000017
member,4775,1,1,1,0.020898,0.979318,0.979318,0.109583,15.621286,4.021905,-0.109583
member,25024,4,4,1,0.000280,0.999720,0.999720,0.002707,16.974312,8.376397,-0.002707
member,33432,9,9,1,0.000003,0.999997,0.999997,0.000038,28.700975,12.802592,-0.000038
member,17075,6,6,1,0.000402,0.999598,0.999598,0.003605,16.182705,7.848074,-0.003605
member,18054,4,4,1,0.123662,0.883679,0.883679,0.368168,12.571089,2.041167,-0.368168
member,11668,3,3,1,0.023725,0.976555,0.976555,0.129920,13.113494,4.346996,-0.129920
member,1097,0,0,1,0.002433,0.997570,0.997570,0.018725,13.500243,6.222939,-0.018725
member,5370,2,2,1,-0.000000,1.000000,1.000000,0.000000,36.861076,21.361565,-0.000000
member,39072,8,8,1,0.000023,0.999977,0.999977,0.000286,18.757534,11.366655,-0.000286
member,30513,2,2,1,0.000142,0.999858,0.999858,0.001463,13.894171,9.011535,-0.001463
member,1282,8,8,1,0.009749,0.990299,0.990299,0.059271,13.193105,4.790760,-0.059271
member,37580,9,9,1,-0.000000,1.000000,1.000000,0.000000,31.353437,25.516518,-0.000000
member,41091,1,1,1,-0.000000,1.000000,1.000000,0.000000,37.523373,22.102394,-0.000000
member,12581,5,5,1,0.000003,0.999997,0.999997,0.000048,24.197285,12.775774,-0.000048
member,39515,2,2,1,0.014049,0.986049,0.986049,0.082287,13.564165,4.480296,-0.082287
member,48074,2,2,1,0.000050,0.999950,0.999950,0.000545,30.708612,9.903576,-0.000545
member,15477,2,2,1,0.000013,0.999987,0.999987,0.000169,25.268150,11.375208,-0.000169
member,5522,6,6,1,0.000000,1.000000,1.000000,0.000002,31.111420,15.870953,-0.000002
member,23811,7,7,1,0.000038,0.999962,0.999962,0.000423,22.907764,10.182922,-0.000423
member,48466,7,7,1,0.000349,0.999651,0.999651,0.003128,25.977510,7.959690,-0.003128
member,33046,7,7,1,0.035594,0.965032,0.965032,0.152002,12.525258,3.319040,-0.152002
member,38195,7,7,1,0.002205,0.997797,0.997797,0.017405,13.767136,6.573933,-0.017405
member,21193,3,3,1,0.201447,0.817547,0.817547,0.475093,18.749195,1.499817,-0.475093
member,45271,5,5,1,0.000002,0.999998,0.999998,0.000023,25.061205,13.491349,-0.000023
member,10741,0,0,1,0.000000,1.000000,1.000000,0.000002,47.149807,15.935289,-0.000002
member,48559,9,9,1,0.000002,0.999998,0.999998,0.000027,28.336582,13.198342,-0.000027
member,25841,6,6,1,0.000039,0.999961,0.999961,0.000453,23.217186,10.301410,-0.000453
member,43816,5,5,1,0.000209,0.999791,0.999791,0.002159,16.186140,8.959686,-0.002159
member,842,7,7,1,0.000000,1.000000,1.000000,0.000006,28.271873,15.403886,-0.000006
member,10054,1,1,1,0.002887,0.997117,0.997117,0.019874,13.973734,5.852909,-0.019874
member,2059,5,5,1,0.175667,0.838898,0.838898,0.441632,19.908598,1.650126,-0.441632
member,6204,4,4,1,0.011169,0.988893,0.988893,0.061123,12.409745,4.489892,-0.061123
member,6175,4,4,1,0.000000,1.000000,1.000000,0.000001,25.977180,16.567225,-0.000001
member,7365,4,4,1,0.000843,0.999158,0.999158,0.007088,18.579559,7.180721,-0.007088
member,38301,8,8,1,-0.000000,1.000000,1.000000,0.000000,43.877232,35.976841,-0.000000
member,3919,4,4,1,0.001012,0.998989,0.998989,0.008108,13.343463,6.918634,-0.008108
member,32633,7,7,1,-0.000000,1.000000,1.000000,0.000000,39.417187,19.912525,-0.000000
member,12551,1,1,1,0.000000,1.000000,1.000000,0.000006,19.338537,15.013821,-0.000006
member,40576,1,1,1,-0.000000,1.000000,1.000000,0.000000,40.493248,22.130886,-0.000000
member,33748,1,1,1,0.000196,0.999804,0.999804,0.001922,16.246271,8.603907,-0.001922
member,9531,5,5,1,0.000852,0.999149,0.999149,0.006868,25.838310,7.067928,-0.006868
member,7220,3,3,1,0.000504,0.999496,0.999496,0.004929,15.034574,8.461241,-0.004929
member,21671,8,8,1,-0.000000,1.000000,1.000000,0.000000,31.266756,26.652960,-0.000000
member,16781,5,5,1,0.000000,1.000000,1.000000,0.000002,31.035690,16.249043,-0.000002
member,41581,3,3,1,0.007442,0.992586,0.992586,0.048501,10.146757,5.062360,-0.048501
member,49612,5,5,1,0.000834,0.999167,0.999167,0.007508,11.818733,7.517420,-0.007508
member,10389,2,2,1,0.013443,0.986647,0.986647,0.071557,13.768520,4.310689,-0.071557
member,29212,1,1,1,0.001065,0.998935,0.998935,0.009225,17.769882,7.203911,-0.009225
member,17176,9,9,1,-0.000000,1.000000,1.000000,0.000000,25.544815,19.767403,-0.000000
member,46988,7,7,1,-0.000000,1.000000,1.000000,0.000000,26.587627,18.457394,-0.000000
member,47498,2,2,1,0.000007,0.999993,0.999993,0.000095,22.328476,11.820884,-0.000095
member,1710,3,3,1,0.000099,0.999901,0.999901,0.001095,14.106949,9.534955,-0.001095
member,47541,3,3,1,0.033107,0.967435,0.967435,0.143979,14.933593,3.393105,-0.143979
member,46407,6,6,1,0.033007,0.967532,0.967532,0.152629,23.444807,3.482861,-0.152629
member,26941,9,9,1,0.000001,0.999999,0.999999,0.000020,31.272243,13.547119,-0.000020
member,33611,1,1,1,0.000071,0.999929,0.999929,0.000766,21.615969,9.609962,-0.000766
member,28107,2,2,1,0.000243,0.999757,0.999757,0.002339,15.558791,8.401224,-0.002339
member,31398,6,6,1,-0.000000,1.000000,1.000000,0.000000,26.162830,19.598551,-0.000000
member,46192,0,0,1,-0.000000,1.000000,1.000000,0.000000,27.086504,18.417213,-0.000000
member,3168,6,6,1,0.000002,0.999998,0.999998,0.000023,30.260405,13.330181,-0.000023
member,48315,3,3,1,0.003176,0.996829,0.996829,0.022670,13.264521,5.863474,-0.022670
member,25984,2,2,1,0.000211,0.999789,0.999789,0.002046,17.865158,8.515713,-0.002046
member,5046,3,3,1,0.002574,0.997429,0.997429,0.017910,20.891754,5.961399,-0.017910
member,15712,7,7,1,0.000001,0.999999,0.999999,0.000018,24.519506,13.637029,-0.000018
member,3210,2,2,1,0.096243,0.908244,0.908244,0.358851,11.668839,2.527313,-0.358851
member,45042,2,2,1,0.000010,0.999990,0.999990,0.000129,17.739149,11.691982,-0.000129
member,14085,2,2,1,0.000198,0.999802,0.999802,0.002056,13.919678,8.900507,-0.002056
member,14764,1,1,1,0.000003,0.999997,0.999997,0.000047,26.966171,12.610311,-0.000047
member,44102,1,1,1,-0.000000,1.000000,1.000000,0.000001,32.480858,17.000620,-0.000001
member,19413,8,8,1,-0.000000,1.000000,1.000000,0.000000,47.499943,34.494781,-0.000000
member,4348,0,0,1,0.011969,0.988102,0.988102,0.065111,17.386818,4.427541,-0.065111
member,12725,8,8,1,-0.000000,1.000000,1.000000,0.000000,25.162815,19.290548,-0.000000
member,34024,9,9,1,0.000026,0.999974,0.999974,0.000326,18.396763,11.042515,-0.000326
member,41113,5,5,1,0.000045,0.999955,0.999955,0.000528,20.967134,10.696920,-0.000528
member,37931,0,0,1,0.003242,0.996764,0.996764,0.022141,19.642813,5.753327,-0.022141
member,16253,0,0,1,0.000031,0.999969,0.999969,0.000356,16.611063,10.411701,-0.000356
member,42984,0,0,1,0.000307,0.999693,0.999693,0.002787,29.064943,8.089418,-0.002787
member,27291,9,9,1,0.000002,0.999998,0.999998,0.000024,28.443235,13.308269,-0.000024
member,13912,8,8,1,0.000001,0.999999,0.999999,0.000011,19.983971,14.649317,-0.000011
member,26574,9,9,1,0.000036,0.999964,0.999964,0.000426,17.571236,10.608843,-0.000426
member,43740,0,0,1,0.000000,1.000000,1.000000,0.000002,23.865194,16.340500,-0.000002
member,15673,2,2,1,0.000030,0.999970,0.999970,0.000354,22.767885,10.543917,-0.000354
member,3396,5,5,1,0.000001,0.999999,0.999999,0.000008,20.606970,14.443037,-0.000008
member,11070,6,6,1,0.027557,0.972820,0.972820,0.141116,13.280613,3.903955,-0.141116
member,45455,1,1,1,0.004644,0.995367,0.995367,0.029532,19.792799,5.369987,-0.029532
member,9887,4,4,1,0.014539,0.985566,0.985566,0.075588,19.870117,4.224301,-0.075588
member,22903,2,2,1,0.000123,0.999876,0.999876,0.001412,12.869371,9.943218,-0.001412
member,16828,7,7,1,0.003928,0.996080,0.996080,0.025900,13.016558,5.547613,-0.025900
member,20251,7,7,1,0.306897,0.735726,0.735726,0.730250,10.570169,1.291664,-0.730250
member,43249,5,5,1,0.040386,0.960419,0.960419,0.218416,8.431127,3.988174,-0.218416
member,33083,2,2,1,0.000000,1.000000,1.000000,0.000006,25.206387,14.886867,-0.000006
member,48498,2,2,1,0.074975,0.927767,0.927767,0.343213,6.634367,3.247797,-0.343213
member,13247,3,3,1,0.005388,0.994626,0.994626,0.033467,19.054365,5.221402,-0.033467
member,18097,1,1,1,0.000026,0.999974,0.999974,0.000304,34.219044,10.545124,-0.000304
member,20565,7,7,1,0.000000,1.000000,1.000000,0.000002,26.015938,16.310648,-0.000002
member,35974,9,9,1,-0.000000,1.000000,1.000000,0.000000,52.019604,18.039471,-0.000000
member,32459,4,4,1,0.000697,0.999303,0.999303,0.006487,13.101787,8.010622,-0.006487
member,7272,6,6,1,0.000415,0.999585,0.999585,0.003647,19.169464,7.787411,-0.003647
member,18874,7,7,1,0.009128,0.990914,0.990914,0.052226,15.850211,4.700175,-0.052226
member,17624,8,8,1,0.000000,1.000000,1.000000,0.000002,30.716194,16.268843,-0.000002
member,37773,3,3,1,0.021997,0.978243,0.978243,0.106498,14.194576,3.819235,-0.106498
member,4829,3,3,1,0.030867,0.969605,0.969605,0.153227,8.239129,3.600920,-0.153227
member,4855,3,3,1,0.000326,0.999674,0.999674,0.003245,15.629074,8.467218,-0.003245
member,33173,6,6,1,0.000797,0.999203,0.999203,0.006568,22.092838,7.155250,-0.006568
member,21212,9,9,1,-0.000000,1.000000,1.000000,0.000000,45.267662,27.783901,-0.000000
member,16754,3,3,1,0.000248,0.999752,0.999752,0.002491,14.448570,8.947256,-0.002491
member,32891,5,5,1,0.000006,0.999994,0.999994,0.000073,22.789186,12.099603,-0.000073
member,27947,5,5,1,0.000006,0.999994,0.999994,0.000083,27.267796,11.954306,-0.000083
member,15335,3,3,1,0.000235,0.999765,0.999765,0.002476,12.627586,9.129307,-0.002476
member,46683,2,2,1,0.000368,0.999632,0.999632,0.003509,14.692979,8.117510,-0.003509
member,16162,7,7,1,0.000000,1.000000,1.000000,0.000003,26.117662,15.589496,-0.000003
member,24449,7,7,1,-0.000000,1.000000,1.000000,0.000000,41.116920,17.454531,-0.000000
member,3570,0,0,1,0.000001,0.999999,0.999999,0.000012,25.659433,14.068696,-0.000012
member,29637,2,2,1,0.000221,0.999779,0.999779,0.002231,16.829130,8.633475,-0.002231
member,42039,0,0,1,0.000023,0.999977,0.999977,0.000270,24.424618,10.741208,-0.000270
member,16125,8,8,1,0.000002,0.999998,0.999998,0.000029,25.821905,13.258875,-0.000029
member,7949,8,8,1,-0.000000,1.000000,1.000000,0.000000,26.497208,19.690720,-0.000000
member,44804,4,4,1,0.028657,0.971750,0.971750,0.135948,12.078489,3.611817,-0.135948
member,34330,3,3,1,0.000372,0.999628,0.999628,0.003518,19.579197,8.133301,-0.003518
member,2493,7,7,1,0.000002,0.999998,0.999998,0.000033,25.552864,13.071930,-0.000033
member,47486,0,0,1,0.000002,0.999998,0.999998,0.000029,20.402828,13.168576,-0.000029
member,13150,5,5,1,0.001560,0.998441,0.998441,0.011790,17.346451,6.482200,-0.011790
member,33198,1,1,1,-0.000000,1.000000,1.000000,0.000000,47.833351,25.293024,-0.000000
member,17031,1,1,1,0.447506,0.639221,0.639221,0.654023,14.388930,0.572021,-0.654023
member,39393,8,8,1,0.001279,0.998722,0.998722,0.010081,15.008125,6.711001,-0.010081
member,47114,8,8,1,0.000000,1.000000,1.000000,0.000002,28.960289,16.155878,-0.000002
member,14595,2,2,1,0.000576,0.999424,0.999424,0.004985,18.935112,7.498550,-0.004985
member,33942,8,8,1,-0.000000,1.000000,1.000000,0.000000,50.622849,35.301517,-0.000000
member,15500,0,0,1,0.001171,0.998830,0.998830,0.009656,14.971705,6.897592,-0.009656
member,11165,5,5,1,0.000101,0.999899,0.999899,0.001031,32.764431,9.199774,-0.001031
member,48146,2,2,1,0.015061,0.985052,0.985052,0.081888,11.177801,4.263780,-0.081888
member,29645,2,2,1,0.000537,0.999463,0.999463,0.004884,16.913958,7.685098,-0.004884
member,36288,9,9,1,0.002319,0.997683,0.997683,0.018303,13.896293,6.572577,-0.018303
member,33599,1,1,1,0.000018,0.999982,0.999982,0.000223,17.170181,11.066279,-0.000223
member,18442,3,3,1,0.002667,0.997336,0.997336,0.020623,10.476227,6.209207,-0.020623
member,6923,0,0,1,0.000020,0.999980,0.999980,0.000241,25.502131,10.967249,-0.000241
member,36511,3,3,1,0.006019,0.993999,0.993999,0.042408,12.852540,5.818199,-0.042408
member,46481,2,2,1,0.000005,0.999995,0.999995,0.000064,28.834305,12.232815,-0.000064
member,8492,6,6,1,0.000036,0.999964,0.999964,0.000418,19.098022,10.321109,-0.000418
member,29050,3,3,1,0.000869,0.999132,0.999132,0.007187,19.728262,7.108564,-0.007187
member,19647,3,3,1,0.000612,0.999389,0.999389,0.005422,14.010666,7.525122,-0.005422
member,11474,0,0,1,0.001475,0.998526,0.998526,0.012290,11.470680,6.961939,-0.012290
member,25787,0,0,1,0.001324,0.998677,0.998677,0.011815,10.687714,7.487608,-0.011815
member,10271,1,1,1,-0.000000,1.000000,1.000000,0.000001,32.189663,17.036535,-0.000001
member,19304,7,7,1,-0.000000,1.000000,1.000000,0.000001,25.252863,17.290550,-0.000001
member,28153,8,8,1,-0.000000,1.000000,1.000000,0.000000,35.101322,29.242893,-0.000000
member,27705,2,2,1,0.067166,0.935040,0.935040,0.242947,15.017513,2.672337,-0.242947
member,47008,3,3,1,0.001117,0.998884,0.998884,0.008705,19.644615,6.796745,-0.008705
member,37284,6,6,1,-0.000000,1.000000,1.000000,0.000000,27.968479,18.726521,-0.000000
member,40351,5,5,1,0.003989,0.996019,0.996019,0.026910,18.643671,5.584234,-0.026910
member,23678,6,6,1,0.000000,1.000000,1.000000,0.000002,32.489376,16.279083,-0.000002
member,1863,4,4,1,0.000001,0.999999,0.999999,0.000014,30.603670,14.077858,-0.000014
member,39934,9,9,1,0.000014,0.999986,0.999986,0.000170,32.476772,11.179522,-0.000170
member,2593,8,8,1,-0.000000,1.000000,1.000000,0.000000,38.401287,19.514359,-0.000000
member,11037,1,1,1,-0.000000,1.000000,1.000000,0.000000,40.642841,18.803532,-0.000000
member,33899,2,2,1,0.000351,0.999649,0.999649,0.003276,14.168277,8.040913,-0.003276
member,4976,2,2,1,0.000163,0.999837,0.999837,0.001610,13.535665,8.746717,-0.001610
member,13632,7,7,1,0.000000,1.000000,1.000000,0.000008,27.919464,14.517672,-0.000008
member,20638,3,3,1,0.035700,0.964930,0.964930,0.164934,12.633409,3.400645,-0.164934
member,33647,0,0,1,0.000003,0.999997,0.999997,0.000045,22.670948,12.619421,-0.000045
member,36557,9,9,1,0.000008,0.999992,0.999992,0.000107,15.942235,12.081573,-0.000107
member,22309,7,7,1,0.000002,0.999998,0.999998,0.000034,25.442476,13.003126,-0.000034
member,26376,0,0,1,0.000027,0.999973,0.999973,0.000315,36.195206,10.505733,-0.000315
member,41376,5,5,1,0.000104,0.999896,0.999896,0.001134,16.874308,9.456476,-0.001134
member,28503,6,6,1,0.000698,0.999303,0.999303,0.005955,20.232954,7.345950,-0.005955
member,34232,9,9,1,0.000005,0.999995,0.999995,0.000070,26.250198,12.155650,-0.000070
member,3698,6,6,1,0.000686,0.999314,0.999314,0.005902,18.131323,7.365698,-0.005902
member,26139,6,6,1,0.000000,1.000000,1.000000,0.000004,25.569481,15.648172,-0.000004
member,42602,2,2,1,0.000011,0.999989,0.999989,0.000134,22.346714,11.436931,-0.000134
member,29490,8,8,1,0.000056,0.999944,0.999944,0.000632,16.338572,9.932325,-0.000632
member,45839,8,8,1,0.000435,0.999565,0.999565,0.004070,14.549643,8.051367,-0.004070
member,14736,8,8,1,0.000425,0.999575,0.999575,0.003723,22.175280,7.763639,-0.003723
member,35955,2,2,1,0.014425,0.985679,0.985679,0.085141,14.935954,4.490777,-0.085141
member,3519,4,4,1,0.000018,0.999982,0.999982,0.000216,30.502563,10.916737,-0.000216
member,29413,0,0,1,0.000466,0.999535,0.999535,0.004512,14.085686,8.271656,-0.004512
member,43374,4,4,1,0.000720,0.999280,0.999280,0.006208,17.932333,7.357295,-0.006208
member,4962,4,4,1,0.018521,0.981649,0.981649,0.091841,21.174891,3.981707,-0.091841
member,47215,0,0,1,0.000705,0.999295,0.999295,0.006591,13.992554,8.121965,-0.006591
member,17770,4,4,1,0.000230,0.999770,0.999770,0.002155,29.020136,8.378134,-0.002155
member,16071,8,8,1,-0.000000,1.000000,1.000000,0.000000,35.697395,18.877066,-0.000000
member,45842,9,9,1,-0.000000,1.000000,1.000000,0.000000,27.446159,19.417736,-0.000000
member,3885,8,8,1,0.010753,0.989305,0.989305,0.060634,12.737518,4.557281,-0.060634
member,21824,2,2,1,0.000782,0.999219,0.999219,0.007017,15.122761,7.451623,-0.007017
member,15724,5,5,1,0.001916,0.998086,0.998086,0.013933,15.806026,6.259918,-0.013933
member,2004,2,2,1,0.018174,0.981990,0.981990,0.099813,13.578730,4.220558,-0.099813
member,6056,4,4,1,0.000013,0.999987,0.999987,0.000173,18.142685,11.820477,-0.000173
member,22292,1,8,0,1.298763,0.272869,0.727098,0.586460,20.276804,-0.980068,0.586460
member,3136,0,0,1,0.001196,0.998805,0.998805,0.009695,10.705938,6.804427,-0.009695
member,21728,3,3,1,0.004073,0.995936,0.995936,0.026571,17.963928,5.506895,-0.026571
member,13097,5,5,1,0.004166,0.995843,0.995843,0.027006,18.311029,5.480689,-0.027006
member,34427,9,9,1,0.000041,0.999959,0.999959,0.000460,27.895782,10.090389,-0.000460
member,44343,5,5,1,0.000133,0.999867,0.999867,0.001428,13.018980,9.242441,-0.001428
member,49721,2,2,1,0.000213,0.999787,0.999787,0.002268,14.572288,9.048624,-0.002268
member,44726,1,1,1,0.086620,0.917026,0.917026,0.285974,26.281479,2.402605,-0.285974
member,4315,7,7,1,0.003720,0.996287,0.996287,0.028234,13.907471,5.998715,-0.028234
member,11433,2,2,1,0.001429,0.998572,0.998572,0.010804,17.184765,6.551882,-0.010804
member,33238,3,3,1,0.057842,0.943799,0.943799,0.258328,9.027724,3.138552,-0.258328
member,47412,9,9,1,0.000007,0.999993,0.999993,0.000094,33.641315,11.963366,-0.000094
member,29366,4,4,1,0.117103,0.889494,0.889494,0.402217,11.568499,2.267767,-0.402217
member,31023,0,0,1,0.000006,0.999994,0.999994,0.000079,18.565376,12.132492,-0.000079
member,17621,1,1,1,0.000045,0.999955,0.999955,0.000537,14.662138,10.569589,-0.000537
member,13352,5,5,1,0.000239,0.999761,0.999761,0.002236,31.849443,8.337038,-0.002236
member,25260,5,5,1,0.018756,0.981419,0.981419,0.093768,19.169468,3.979058,-0.093768
member,4805,6,6,1,-0.000000,1.000000,1.000000,0.000000,39.570450,22.225597,-0.000000
member,45636,5,5,1,0.000613,0.999387,0.999387,0.005219,19.415874,7.422682,-0.005219
member,29468,0,0,1,0.000000,1.000000,1.000000,0.000003,29.769270,16.146551,-0.000003
member,30896,3,3,1,0.000082,0.999918,0.999918,0.000858,17.840780,9.427818,-0.000858
member,22883,7,7,1,0.000294,0.999706,0.999706,0.002784,18.275801,8.227952,-0.002784
member,42328,2,2,1,0.006142,0.993877,0.993877,0.044331,10.501819,5.924443,-0.044331
member,28814,2,2,1,0.001876,0.998126,0.998126,0.013739,14.574120,6.286210,-0.013739
member,34796,9,9,1,0.000000,1.000000,1.000000,0.000001,22.881573,16.456997,-0.000001
member,48680,9,9,1,-0.000000,1.000000,1.000000,0.000000,46.347099,30.526165,-0.000000
member,16522,3,3,1,0.015529,0.984591,0.984591,0.090609,14.053753,4.527517,-0.090609
member,34410,4,4,1,0.000005,0.999995,0.999995,0.000066,24.943911,12.209991,-0.000066
member,30293,1,1,1,0.000189,0.999811,0.999811,0.001805,26.631126,8.576231,-0.001805
member,16861,8,8,1,-0.000000,1.000000,1.000000,0.000000,33.972801,20.528770,-0.000000
member,37199,0,0,1,0.000002,0.999998,0.999998,0.000022,29.621298,13.407135,-0.000022
member,37714,6,6,1,0.004601,0.995410,0.995410,0.035206,9.592753,6.182174,-0.035206
member,26361,0,0,1,0.002368,0.997635,0.997635,0.017370,13.086251,6.110616,-0.017370
member,23392,5,5,1,0.008433,0.991603,0.991603,0.048556,20.264267,4.772222,-0.048556
member,40906,0,0,1,0.019360,0.980826,0.980826,0.103041,11.435377,4.073678,-0.103041
member,36273,3,3,1,0.000051,0.999949,0.999949,0.000567,17.856245,9.913307,-0.000567
member,34975,9,9,1,-0.000000,1.000000,1.000000,0.000000,39.706326,18.127613,-0.000000
member,48571,5,5,1,0.000055,0.999945,0.999945,0.000605,18.212721,9.864625,-0.000605
member,22636,1,1,1,0.000014,0.999986,0.999986,0.000174,20.378935,11.360785,-0.000174
member,38160,5,5,1,0.000721,0.999279,0.999279,0.005950,17.808760,7.237671,-0.005950
member,32790,0,0,1,0.003891,0.996116,0.996116,0.026764,11.919856,5.627952,-0.026764
member,34515,9,9,1,0.001497,0.998504,0.998504,0.011900,12.646568,6.607307,-0.011900
member,341,0,0,1,0.000001,0.999999,0.999999,0.000015,24.718578,13.812035,-0.000015
member,28851,5,5,1,0.000055,0.999945,0.999945,0.000610,19.922693,9.889800,-0.000610
member,15639,2,2,1,0.005443,0.994572,0.994572,0.036106,12.125203,5.341892,-0.036106
member,7481,6,6,1,0.000068,0.999932,0.999932,0.000758,19.902666,9.761224,-0.000758
member,22172,8,8,1,0.000039,0.999961,0.999961,0.000481,16.857370,10.884626,-0.000481
member,16235,0,0,1,0.000046,0.999954,0.999954,0.000507,24.583693,9.994645,-0.000507
member,34439,3,3,1,0.195289,0.822597,0.822597,0.530154,12.290319,1.636565,-0.530154
member,9303,6,6,1,0.000004,0.999996,0.999996,0.000058,24.298990,12.446606,-0.000058
member,31763,8,8,1,0.000028,0.999972,0.999972,0.000331,18.725628,10.591158,-0.000331
member,4408,8,8,1,-0.000000,1.000000,1.000000,0.000000,29.472672,22.188110,-0.000000
member,15127,3,3,1,0.228241,0.795932,0.795932,0.506767,17.516785,1.361473,-0.506767
member,20465,3,3,1,0.027505,0.972870,0.972870,0.139534,9.101192,3.721220,-0.139534
member,15178,4,4,1,0.000000,1.000000,1.000000,0.000003,22.301699,15.927012,-0.000003
member,16048,0,0,1,0.000128,0.999872,0.999872,0.001274,22.339388,8.970033,-0.001274
member,22269,1,1,1,0.000000,1.000000,1.000000,0.000007,27.625610,14.993786,-0.000007
member,48938,7,7,1,0.000800,0.999200,0.999200,0.006708,11.740588,7.181249,-0.006708
member,19681,3,3,1,0.005076,0.994937,0.994937,0.035274,9.483739,5.489923,-0.035274
member,18683,1,1,1,-0.000000,1.000000,1.000000,0.000000,43.192219,17.634262,-0.000000
member,35535,6,6,1,0.000231,0.999769,0.999769,0.002169,21.475790,8.371932,-0.002169
member,16107,9,9,1,0.000000,1.000000,1.000000,0.000007,28.249825,14.633259,-0.000007
member,13759,2,2,1,0.000000,1.000000,1.000000,0.000002,28.181360,16.223156,-0.000002
member,24493,9,9,1,0.000001,0.999999,0.999999,0.000013,21.164043,14.259811,-0.000013
member,33814,3,3,1,0.016769,0.983371,0.983371,0.085946,13.500765,4.093849,-0.085946
member,38796,0,0,1,0.001744,0.998258,0.998258,0.012807,27.831085,6.350929,-0.012807
member,9828,6,6,1,0.000671,0.999329,0.999329,0.005572,23.132732,7.306364,-0.005572
member,37810,7,7,1,0.000744,0.999256,0.999256,0.006591,18.552361,7.549989,-0.006591
member,45297,0,0,1,0.000001,0.999999,0.999999,0.000017,18.632610,13.771235,-0.000017
member,36296,6,6,1,-0.000000,1.000000,1.000000,0.000000,30.860401,19.116520,-0.000000
member,19138,6,6,1,0.000184,0.999816,0.999816,0.001778,18.943764,8.616963,-0.001778
member,28889,5,5,1,0.002273,0.997729,0.997729,0.016570,13.354550,6.138821,-0.016570
member,11429,6,6,1,0.000016,0.999984,0.999984,0.000198,27.552511,11.039665,-0.000198
member,8473,4,4,1,0.002333,0.997670,0.997670,0.018396,17.028410,6.434509,-0.018396
member,31428,2,2,1,0.000063,0.999937,0.999937,0.000669,25.282484,9.678217,-0.000669
member,25229,6,6,1,0.000244,0.999756,0.999756,0.002542,15.803102,9.052460,-0.002542
member,48133,8,8,1,0.000035,0.999965,0.999965,0.000416,17.210747,10.574121,-0.000416
member,5343,2,2,1,0.067252,0.934959,0.934959,0.280672,7.031302,2.835138,-0.280672
member,6429,1,1,1,0.000016,0.999984,0.999984,0.000211,20.613968,11.620547,-0.000211
member,10098,8,8,1,0.000124,0.999876,0.999876,0.001241,20.735832,8.994131,-0.001241
member,32319,1,1,1,-0.000000,1.000000,1.000000,0.000000,34.587090,19.862545,-0.000000
member,19891,9,9,1,-0.000000,1.000000,1.000000,0.000000,48.357319,34.674446,-0.000000
member,7468,8,8,1,0.000000,1.000000,1.000000,0.000007,24.893959,14.880627,-0.000007
member,34029,3,3,1,0.002285,0.997718,0.997718,0.017102,19.393951,6.235228,-0.017102
member,38247,4,4,1,0.000323,0.999677,0.999677,0.003138,15.314143,8.307957,-0.003138
member,9620,1,1,1,-0.000000,1.000000,1.000000,0.000000,23.004818,17.648418,-0.000000
member,24560,3,3,1,0.013946,0.986151,0.986151,0.082988,15.929214,4.648596,-0.082988
member,5297,8,8,1,0.000987,0.999014,0.999014,0.008239,13.115518,7.048638,-0.008239
member,10439,3,3,1,0.004777,0.995234,0.995234,0.035124,14.153736,5.997384,-0.035124
member,18110,4,4,1,0.000401,0.999600,0.999600,0.003922,12.832414,8.181195,-0.003922
member,9561,1,1,1,0.000029,0.999971,0.999971,0.000339,18.814133,10.540705,-0.000339
member,48360,4,4,1,0.000083,0.999917,0.999917,0.000956,13.740549,9.936007,-0.000956
member,7456,9,9,1,0.002391,0.997612,0.997612,0.016977,24.155874,6.047386,-0.016977
member,8663,0,0,1,0.000001,0.999999,0.999999,0.000012,18.180088,14.854448,-0.000012
member,43405,9,9,1,0.001534,0.998467,0.998467,0.013053,12.336330,6.986086,-0.013053
member,13506,2,2,1,0.000037,0.999963,0.999963,0.000433,18.963343,10.412444,-0.000433
member,6890,9,9,1,0.097007,0.907550,0.907550,0.308181,17.154522,2.284084,-0.308181
member,46830,9,9,1,0.000890,0.999111,0.999111,0.007140,35.081528,7.024113,-0.007140
member,46703,4,4,1,0.000682,0.999318,0.999318,0.006314,18.285526,7.723125,-0.006314
member,39126,4,4,1,0.000006,0.999994,0.999994,0.000082,30.123848,12.072500,-0.000082
member,38472,3,3,1,0.012551,0.987528,0.987528,0.072923,11.851850,4.518736,-0.072923
member,6193,6,6,1,0.000001,0.999999,0.999999,0.000016,26.072968,13.775997,-0.000016
member,33180,4,4,1,0.000004,0.999996,0.999996,0.000057,26.029055,12.361026,-0.000057
member,4252,9,9,1,0.000062,0.999938,0.999938,0.000666,18.729742,9.690941,-0.000666
member,15953,3,3,1,0.000000,1.000000,1.000000,0.000007,32.701355,14.669085,-0.000007
member,30520,0,0,1,0.000715,0.999285,0.999285,0.006650,13.491021,7.746058,-0.006650
member,22807,9,9,1,0.017286,0.982863,0.982863,0.086731,15.101050,4.049558,-0.086731
member,21583,9,9,1,0.000000,1.000000,1.000000,0.000002,22.508764,16.222139,-0.000002
member,2418,4,4,1,0.000001,0.999999,0.999999,0.000020,20.551083,13.587142,-0.000020
member,43473,4,4,1,-0.000000,1.000000,1.000000,0.000001,26.750700,17.094734,-0.000001
member,24109,1,1,1,-0.000000,1.000000,1.000000,0.000000,58.437035,25.140644,-0.000000
member,36560,8,8,1,-0.000000,1.000000,1.000000,0.000000,33.450417,23.644833,-0.000000
member,31405,6,6,1,0.002486,0.997517,0.997517,0.017848,10.911453,6.031654,-0.017848
member,29905,1,1,1,0.000773,0.999227,0.999227,0.006312,37.211296,7.164278,-0.006312
member,1954,0,0,1,0.002548,0.997455,0.997455,0.018902,14.281940,6.153521,-0.018902
member,35071,3,3,1,0.012607,0.987472,0.987472,0.075784,12.702935,4.740993,-0.075784
member,45790,7,7,1,0.030231,0.970222,0.970222,0.155999,17.222361,4.173265,-0.155999
member,10657,5,5,1,0.050639,0.950622,0.950622,0.234164,9.751401,3.503472,-0.234164
member,3025,1,1,1,0.000000,1.000000,1.000000,0.000004,32.631580,15.098938,-0.000004
member,27391,4,4,1,0.000062,0.999938,0.999938,0.000665,21.926699,9.691124,-0.000665
member,13970,2,2,1,0.000222,0.999778,0.999778,0.002107,17.798124,8.427104,-0.002107
member,2116,4,4,1,0.004111,0.995897,0.995897,0.027003,16.136395,5.505678,-0.027003
member,44218,2,2,1,0.000000,1.000000,1.000000,0.000008,28.219683,14.470621,-0.000008
member,18633,4,4,1,0.001161,0.998840,0.998840,0.009189,17.779684,6.796341,-0.009189
member,7920,9,9,1,0.000488,0.999512,0.999512,0.004208,32.931530,7.624861,-0.004208
member,31122,1,1,1,0.000001,0.999999,0.999999,0.000014,50.087982,13.911751,-0.000014
member,7342,1,1,1,0.000000,1.000000,1.000000,0.000003,31.270742,15.602284,-0.000003
member,22167,0,0,1,0.000561,0.999439,0.999439,0.005261,12.452684,7.827748,-0.005261
member,14131,6,6,1,0.290125,0.748170,0.748170,0.565469,16.332916,1.089395,-0.565469
member,2868,2,2,1,0.003201,0.996804,0.996804,0.021587,16.787277,5.744008,-0.021587
member,3653,5,5,1,0.049312,0.951884,0.951884,0.193318,14.622437,2.985787,-0.193318
member,21994,7,7,1,0.000003,0.999997,0.999997,0.000039,19.268387,12.901064,-0.000039
member,22371,4,4,1,0.103737,0.901463,0.901463,0.345913,9.716183,2.270694,-0.345913
member,26473,5,5,1,0.036085,0.964558,0.964558,0.169087,16.027290,3.482319,-0.169087
member,9736,6,6,1,0.003342,0.996664,0.996664,0.024574,16.981249,6.020828,-0.024574
member,49793,9,9,1,-0.000000,1.000000,1.000000,0.000000,33.275894,26.091743,-0.000000
member,26600,9,9,1,0.000000,1.000000,1.000000,0.000001,22.389778,16.375813,-0.000001
member,25541,3,3,1,0.018836,0.981340,0.981340,0.093275,15.754387,3.966258,-0.093275
member,38905,2,2,1,0.000001,0.999999,0.999999,0.000011,22.101255,14.264626,-0.000011
member,15085,9,9,1,0.000012,0.999988,0.999988,0.000164,16.964512,11.849712,-0.000164
member,40412,9,9,1,0.000000,1.000000,1.000000,0.000002,25.043354,16.415489,-0.000002
member,18278,5,5,1,0.095434,0.908978,0.908978,0.363813,5.918639,2.479283,-0.363813
member,18289,4,4,1,0.002834,0.997170,0.997170,0.022281,18.124580,6.687747,-0.022281
member,2969,7,7,1,-0.000000,1.000000,1.000000,0.000000,23.647478,18.516304,-0.000000
member,28556,3,3,1,0.002907,0.997097,0.997097,0.022351,10.841624,6.102065,-0.022351
member,6835,9,9,1,0.006076,0.993942,0.993942,0.039805,12.895308,5.259207,-0.039805
member,45467,3,3,1,0.000758,0.999242,0.999242,0.006294,17.617062,7.205110,-0.006294
member,13579,5,5,1,0.000013,0.999987,0.999987,0.000170,17.204258,11.288472,-0.000170
member,32128,3,3,1,0.011685,0.988383,0.988383,0.074027,13.851449,4.870522,-0.074027
member,23443,3,3,1,0.005695,0.994321,0.994321,0.035050,16.704309,5.165628,-0.035050
member,144,2,2,1,0.000000,1.000000,1.000000,0.000008,20.716610,15.109974,-0.000008
member,29706,2,2,1,0.000086,0.999914,0.999914,0.000939,15.915591,9.530190,-0.000939
member,9877,6,6,1,0.007510,0.992518,0.992518,0.049825,15.347487,5.344983,-0.049825
member,17581,7,7,1,0.000004,0.999996,0.999996,0.000053,26.501305,12.444446,-0.000053
member,33251,6,6,1,0.012998,0.987086,0.987086,0.081708,9.129862,4.803497,-0.081708
member,16344,7,7,1,0.003462,0.996544,0.996544,0.025431,14.195683,6.120335,-0.025431
member,24103,6,6,1,0.042411,0.958476,0.958476,0.202866,13.861840,3.540997,-0.202866
member,47234,3,3,1,0.000073,0.999927,0.999927,0.000790,16.266884,9.570181,-0.000790
member,4622,9,9,1,-0.000000,1.000000,1.000000,0.000001,30.336000,17.361322,-0.000001
member,40552,8,8,1,-0.000000,1.000000,1.000000,0.000000,25.649742,20.956987,-0.000000
member,1253,9,9,1,0.000000,1.000000,1.000000,0.000006,24.131149,15.487043,-0.000006
member,13075,2,2,1,0.000105,0.999895,0.999895,0.001064,20.028418,9.165792,-0.001064
member,28364,7,7,1,-0.000000,1.000000,1.000000,0.000000,34.818974,23.529085,-0.000000
member,7143,6,6,1,0.000022,0.999978,0.999978,0.000258,20.641150,10.731889,-0.000258
member,17838,0,0,1,0.000312,0.999689,0.999689,0.002827,29.003914,8.074051,-0.002827
member,31492,2,2,1,0.001050,0.998950,0.998950,0.008317,20.731421,6.870221,-0.008317
member,30168,8,8,1,0.000000,1.000000,1.000000,0.000004,28.361986,15.158751,-0.000004
member,41840,9,9,1,0.000660,0.999341,0.999341,0.005517,17.713650,7.330566,-0.005517
member,40084,2,2,1,0.000386,0.999614,0.999614,0.003582,12.987991,7.975748,-0.003582
member,12800,1,1,1,0.000018,0.999982,0.999982,0.000210,24.052475,10.957514,-0.000210
member,6194,7,7,1,0.006243,0.993776,0.993776,0.037817,22.724213,5.073162,-0.037817
member,13685,5,5,1,0.000001,0.999999,0.999999,0.000013,23.308256,14.021102,-0.000013
member,23379,1,1,1,0.000032,0.999968,0.999968,0.000395,15.967422,11.042974,-0.000395
member,27063,4,4,1,0.004827,0.995185,0.995185,0.032017,12.480186,5.401071,-0.032017
member,34162,1,1,1,0.000159,0.999841,0.999841,0.001548,25.148632,8.747747,-0.001548
member,45520,9,9,1,0.000785,0.999216,0.999216,0.007174,12.873568,7.690484,-0.007174
member,16542,4,4,1,0.010168,0.989884,0.989884,0.056605,13.816506,4.584203,-0.056605
member,14563,9,9,1,-0.000000,1.000000,1.000000,0.000000,31.360058,18.890709,-0.000000
member,26765,2,2,1,0.000849,0.999152,0.999152,0.007335,14.896480,7.273197,-0.007335
member,49615,0,0,1,0.000001,0.999999,0.999999,0.000010,21.275160,14.376472,-0.000010
member,10853,9,9,1,0.000005,0.999995,0.999995,0.000063,25.693262,12.285240,-0.000063
member,29180,2,2,1,0.009133,0.990908,0.990908,0.056317,13.991667,4.876056,-0.056317
member,39362,8,8,1,0.000022,0.999978,0.999978,0.000256,22.844709,10.754016,-0.000256
member,38959,6,6,1,0.000016,0.999984,0.999984,0.000216,19.037079,11.547400,-0.000216
member,12371,5,5,1,0.000286,0.999714,0.999714,0.002623,26.448679,8.158789,-0.002623
member,44509,7,7,1,0.003998,0.996010,0.996010,0.031354,10.523322,6.203088,-0.031354
member,28232,4,4,1,0.071391,0.931098,0.931098,0.285430,7.981547,2.750348,-0.285430
member,12123,1,1,1,-0.000000,1.000000,1.000000,0.000000,35.239857,18.626703,-0.000000
member,17311,0,0,1,0.000025,0.999975,0.999975,0.000305,22.440397,10.758184,-0.000305
member,33817,8,8,1,0.000001,0.999999,0.999999,0.000019,22.230417,13.544745,-0.000019
member,3617,3,3,1,0.296722,0.743250,0.743250,0.643278,8.265133,1.142422,-0.643278
member,1121,3,3,1,0.024435,0.975861,0.975861,0.116080,12.808786,3.715221,-0.116080
member,48745,2,2,1,0.000044,0.999956,0.999956,0.000511,14.217960,10.353189,-0.000511
member,26185,5,5,1,0.000639,0.999361,0.999361,0.005454,15.861203,7.391300,-0.005454
member,31588,4,4,1,0.000040,0.999960,0.999960,0.000478,16.765409,10.823068,-0.000478
member,43813,3,3,1,0.000871,0.999129,0.999129,0.007206,14.678528,7.091061,-0.007206
member,24803,3,3,1,0.031521,0.968971,0.968971,0.171594,11.639409,4.197274,-0.171594
member,28452,2,2,1,0.000000,1.000000,1.000000,0.000004,26.401611,15.729115,-0.000004
member,35351,6,6,1,0.000001,0.999999,0.999999,0.000009,25.724167,14.354608,-0.000009
member,32605,9,9,1,-0.000000,1.000000,1.000000,0.000000,44.884556,19.756132,-0.000000
member,31577,6,6,1,0.000768,0.999232,0.999232,0.006288,19.335884,7.173491,-0.006288
member,32897,8,8,1,0.001213,0.998788,0.998788,0.009432,27.547516,6.726425,-0.009432
member,21748,2,2,1,0.000003,0.999997,0.999997,0.000037,32.567085,12.823940,-0.000037
member,10210,4,4,1,0.018541,0.981630,0.981630,0.099732,13.329524,4.138329,-0.099732
member,30478,2,2,1,0.005749,0.994267,0.994267,0.039744,16.450270,5.595030,-0.039744
member,24526,8,8,1,0.000189,0.999811,0.999811,0.001989,15.684682,8.952036,-0.001989
member,39453,9,9,1,-0.000000,1.000000,1.000000,0.000000,24.614496,18.282850,-0.000000
member,48002,2,2,1,0.000047,0.999953,0.999953,0.000570,20.276056,10.774381,-0.000570
member,21365,2,2,1,0.000270,0.999730,0.999730,0.002697,14.282945,8.874958,-0.002697
member,22815,9,9,1,0.000005,0.999995,0.999995,0.000066,24.907110,12.208413,-0.000066
member,33753,4,4,1,0.037481,0.963213,0.963213,0.158209,13.264828,3.267292,-0.158209
member,41619,2,2,1,-0.000000,1.000000,1.000000,0.000000,31.066599,20.049971,-0.000000
member,20330,3,3,1,0.111504,0.894488,0.894488,0.413751,19.190424,2.735643,-0.413751
member,27651,6,6,1,-0.000000,1.000000,1.000000,0.000001,27.572416,16.984615,-0.000001
member,16033,4,4,1,0.038361,0.962366,0.962366,0.164360,14.146283,3.259769,-0.164360
member,45693,6,6,1,0.000083,0.999917,0.999917,0.000936,15.722354,10.027079,-0.000936
member,43867,0,0,1,0.000143,0.999857,0.999857,0.001529,11.772024,9.099113,-0.001529
member,7879,1,1,1,0.000129,0.999871,0.999871,0.001404,12.032685,9.328081,-0.001404
member,2084,1,1,1,0.000192,0.999808,0.999808,0.001836,31.647598,8.557573,-0.001836
member,36920,2,2,1,0.000267,0.999733,0.999733,0.002710,15.533183,8.709748,-0.002710
member,12687,5,5,1,0.001377,0.998624,0.998624,0.011342,17.562954,6.961275,-0.011342
member,13321,2,2,1,0.000100,0.999900,0.999900,0.001044,18.343254,9.273289,-0.001044
member,17832,2,2,1,0.001682,0.998320,0.998320,0.012415,27.677122,6.387022,-0.012415
member,32610,7,7,1,0.000002,0.999998,0.999998,0.000022,28.451214,13.369868,-0.000022
member,46168,7,7,1,0.000000,1.000000,1.000000,0.000001,27.423445,16.847002,-0.000001
member,45417,5,5,1,0.000021,0.999979,0.999979,0.000251,23.226494,10.890181,-0.000251
member,4035,6,6,1,0.005191,0.994822,0.994822,0.032803,14.905202,5.270972,-0.032803
member,23656,2,2,1,-0.000000,1.000000,1.000000,0.000000,24.537058,17.548870,-0.000000
member,19012,5,5,1,0.000051,0.999949,0.999949,0.000556,30.283552,9.882290,-0.000556
member,44033,5,5,1,0.000060,0.999940,0.999940,0.000709,16.287489,10.109309,-0.000709
member,399,4,4,1,0.000009,0.999991,0.999991,0.000125,17.925262,12.340957,-0.000125
member,28160,4,4,1,0.000114,0.999886,0.999886,0.001149,19.844572,9.079504,-0.001149
member,17436,7,7,1,0.010430,0.989625,0.989625,0.062971,16.020660,4.728393,-0.062971
member,41095,7,7,1,0.015978,0.984149,0.984149,0.089274,15.494187,4.276564,-0.089274
member,22494,9,9,1,0.003841,0.996167,0.996167,0.026675,10.259037,5.649766,-0.026675
member,30822,4,4,1,0.000278,0.999722,0.999722,0.002808,13.673120,8.618074,-0.002808
member,20050,3,3,1,0.000150,0.999850,0.999850,0.001557,18.330444,9.129257,-0.001557
member,40022,0,0,1,0.003935,0.996073,0.996073,0.028774,13.327147,5.950417,-0.028774
member,12759,7,7,1,0.001469,0.998532,0.998532,0.012240,14.055742,6.813334,-0.012240
member,31166,1,1,1,0.000000,1.000000,1.000000,0.000001,35.280888,16.592842,-0.000001
member,6467,2,2,1,0.016688,0.983451,0.983451,0.103689,9.389113,4.776231,-0.103689
member,32237,6,6,1,0.000017,0.999983,0.999983,0.000216,17.289423,11.119146,-0.000216
member,1372,2,2,1,0.000013,0.999987,0.999987,0.000160,19.446161,11.327366,-0.000160
member,38358,7,7,1,0.000003,0.999997,0.999997,0.000043,23.681725,12.678821,-0.000043
member,926,7,7,1,0.000008,0.999992,0.999992,0.000099,22.063461,11.775739,-0.000099
member,35817,6,6,1,0.016863,0.983279,0.983279,0.085384,12.323599,4.077225,-0.085384
member,10115,0,0,1,0.000388,0.999612,0.999612,0.003696,16.565399,8.332246,-0.003696
member,8318,9,9,1,-0.000000,1.000000,1.000000,0.000001,23.605427,17.640419,-0.000001
member,26072,5,5,1,0.004638,0.995372,0.995372,0.032136,17.944794,5.669008,-0.032136
member,29729,0,0,1,0.000002,0.999998,0.999998,0.000030,18.875565,13.218125,-0.000030
member,9625,6,6,1,0.000019,0.999981,0.999981,0.000223,20.273184,10.896380,-0.000223
member,3785,3,3,1,0.003798,0.996209,0.996209,0.027826,10.617035,5.833357,-0.027826
member,20885,6,6,1,0.000042,0.999958,0.999958,0.000475,18.870947,10.153237,-0.000475
member,6904,0,0,1,0.000002,0.999998,0.999998,0.000028,30.503618,13.698055,-0.000028
member,6478,8,8,1,0.000001,0.999999,0.999999,0.000017,22.154060,13.713132,-0.000017
member,27148,9,9,1,0.000000,1.000000,1.000000,0.000003,23.236198,15.628164,-0.000003
member,33657,4,4,1,0.001069,0.998932,0.998932,0.009249,12.251093,7.219841,-0.009249
member,38899,8,8,1,0.003801,0.996206,0.996206,0.026224,16.263088,5.663970,-0.026224
member,26816,7,7,1,0.000000,1.000000,1.000000,0.000003,32.314819,15.565580,-0.000003
member,35546,0,0,1,0.000055,0.999945,0.999945,0.000647,14.817580,10.176720,-0.000647
member,41571,9,9,1,-0.000000,1.000000,1.000000,0.000001,31.322491,16.827692,-0.000001
member,24447,0,0,1,0.000573,0.999427,0.999427,0.005239,18.949749,8.025645,-0.005239
member,30245,1,1,1,0.000000,1.000000,1.000000,0.000004,29.649025,15.330828,-0.000004
member,22557,0,0,1,0.000471,0.999529,0.999529,0.004082,34.254284,7.659452,-0.004082
member,45578,8,8,1,-0.000000,1.000000,1.000000,0.000000,27.857460,22.232010,-0.000000
member,17735,2,2,1,0.000003,0.999997,0.999997,0.000049,20.404865,13.108286,-0.000049
member,25980,5,5,1,0.039190,0.961568,0.961568,0.187262,14.639523,3.614261,-0.187262
member,5864,0,0,1,0.000099,0.999901,0.999901,0.001022,18.388714,9.239845,-0.001022
member,6529,8,8,1,0.000000,1.000000,1.000000,0.000005,22.964573,15.621027,-0.000005
member,10536,4,4,1,0.000407,0.999593,0.999593,0.003713,18.398979,7.880161,-0.003713
member,28212,0,0,1,-0.000000,1.000000,1.000000,0.000000,25.555912,18.835073,-0.000000
member,7360,0,0,1,0.000021,0.999979,0.999979,0.000251,21.118740,10.820257,-0.000251
member,38902,1,1,1,-0.000000,1.000000,1.000000,0.000001,41.595634,16.666756,-0.000001
member,12510,4,4,1,0.036796,0.963872,0.963872,0.191227,7.835756,3.953839,-0.191227
member,10453,1,1,1,0.000093,0.999907,0.999907,0.000952,34.742397,9.287920,-0.000952
member,18377,1,1,1,0.000002,0.999998,0.999998,0.000026,33.403217,13.202547,-0.000026
member,20737,2,2,1,0.000232,0.999768,0.999768,0.002195,18.721079,8.383132,-0.002195
member,43335,4,4,1,0.000464,0.999536,0.999536,0.004032,16.209332,7.677585,-0.004032
member,8393,6,6,1,0.000002,0.999998,0.999998,0.000026,24.512098,13.329500,-0.000026
member,21102,2,2,1,0.000014,0.999986,0.999986,0.000183,17.448633,11.881197,-0.000183
member,1162,8,8,1,0.000426,0.999574,0.999574,0.003735,28.470097,7.759790,-0.003735
member,2531,9,9,1,-0.000000,1.000000,1.000000,0.000001,41.824413,17.230049,-0.000001
member,7844,2,2,1,0.000010,0.999990,0.999990,0.000127,20.776615,11.540297,-0.000127
member,26047,4,4,1,0.000001,0.999999,0.999999,0.000019,22.451830,13.622758,-0.000019
member,39016,9,9,1,0.000001,0.999999,0.999999,0.000021,25.038897,13.454957,-0.000021
member,41842,0,0,1,0.005194,0.994820,0.994820,0.033125,18.053520,5.284470,-0.033125
member,12702,1,1,1,0.308683,0.734414,0.734414,0.578819,30.241615,1.017132,-0.578819
member,33512,4,4,1,0.027138,0.973227,0.973227,0.147667,11.081910,4.005743,-0.147667
member,19802,7,7,1,-0.000000,1.000000,1.000000,0.000000,32.052967,21.224529,-0.000000
member,5751,5,5,1,0.007544,0.992485,0.992485,0.044251,20.660725,4.883321,-0.044251
member,34355,9,9,1,-0.000000,1.000000,1.000000,0.000001,37.479000,16.857214,-0.000001
member,30769,0,0,1,0.000212,0.999788,0.999788,0.002007,19.598347,8.458620,-0.002007
member,36492,2,2,1,0.000270,0.999730,0.999730,0.002770,13.268660,8.894721,-0.002770
member,25057,5,5,1,0.003267,0.996738,0.996738,0.024395,18.454679,6.317513,-0.024395
member,15821,9,9,1,-0.000000,1.000000,1.000000,0.000000,30.875080,26.384926,-0.000000
member,28283,5,5,1,0.000067,0.999933,0.999933,0.000771,18.718227,10.227530,-0.000771
member,13650,0,0,1,0.000314,0.999686,0.999686,0.003155,12.643193,8.733074,-0.003155
member,40570,7,7,1,0.000003,0.999997,0.999997,0.000036,19.971434,12.900246,-0.000036
member,17172,6,6,1,0.001520,0.998481,0.998481,0.012004,20.026028,6.644259,-0.012004
member,12283,1,1,1,0.000002,0.999998,0.999998,0.000030,30.079145,13.039078,-0.000030
member,35460,2,2,1,0.000584,0.999416,0.999416,0.005301,14.449272,7.767907,-0.005301
member,34059,5,5,1,0.002920,0.997084,0.997084,0.021139,9.373785,5.921636,-0.021139
member,35235,1,1,1,0.000016,0.999984,0.999984,0.000190,35.157970,11.061083,-0.000190
member,26633,7,7,1,0.020740,0.979473,0.979473,0.120110,15.296279,4.450318,-0.120110
member,24470,1,1,1,0.000000,1.000000,1.000000,0.000002,32.257195,15.960857,-0.000002
member,18415,1,1,1,0.001383,0.998618,0.998618,0.010483,16.467466,6.583077,-0.010483
member,18954,3,3,1,0.004217,0.995792,0.995792,0.027222,23.956976,5.466648,-0.027222
member,37193,4,4,1,0.001296,0.998705,0.998705,0.010894,13.726331,7.034297,-0.010894
member,20718,9,9,1,-0.000000,1.000000,1.000000,0.000000,37.386658,19.811144,-0.000000
member,37400,9,9,1,-0.000000,1.000000,1.000000,0.000000,35.611332,18.293665,-0.000000
member,3263,0,0,1,0.001409,0.998592,0.998592,0.010728,15.085966,6.571963,-0.010728
member,46179,2,2,1,0.001660,0.998342,0.998342,0.012275,18.811005,6.400467,-0.012275
member,31125,8,8,1,0.000013,0.999987,0.999987,0.000164,26.020887,11.218874,-0.000164
member,42232,6,6,1,0.000009,0.999991,0.999991,0.000119,17.384293,12.262951,-0.000119
member,43713,8,8,1,0.035668,0.964960,0.964960,0.173615,8.233872,3.509195,-0.173615
member,7024,4,4,1,0.003626,0.996381,0.996381,0.024307,20.437750,5.637628,-0.024307
member,17498,4,4,1,0.016935,0.983207,0.983207,0.090530,11.604404,4.148280,-0.090530
member,29712,5,5,1,0.001309,0.998692,0.998692,0.010147,24.492706,6.660751,-0.010147
member,32787,1,1,1,0.000369,0.999632,0.999632,0.003555,15.188628,8.210446,-0.003555
member,15107,6,6,1,0.004112,0.995897,0.995897,0.027274,14.248671,5.520167,-0.027274
member,2476,2,2,1,0.001078,0.998923,0.998923,0.008639,18.141897,6.873391,-0.008639
member,48077,5,5,1,0.000118,0.999882,0.999882,0.001220,15.663206,9.104906,-0.001220
member,11348,2,2,1,0.000012,0.999988,0.999988,0.000148,21.814899,11.336561,-0.000148
member,29034,4,4,1,0.000001,0.999999,0.999999,0.000021,17.935993,13.743906,-0.000021
member,1911,5,5,1,0.001439,0.998562,0.998562,0.010849,20.980980,6.542920,-0.010849
member,27727,8,8,1,0.000987,0.999014,0.999014,0.007828,22.483160,6.922488,-0.007828
member,36499,7,7,1,0.057914,0.943731,0.943731,0.248552,19.309082,2.998224,-0.248552
member,42093,6,6,1,0.000007,0.999993,0.999993,0.000097,15.622149,12.878273,-0.000097
member,49530,0,0,1,0.123646,0.883692,0.883692,0.359551,29.463966,2.027905,-0.359551
member,27311,9,9,1,0.001050,0.998950,0.998950,0.008248,33.421764,6.858381,-0.008248
member,14598,1,1,1,0.000579,0.999421,0.999421,0.004895,29.771441,7.455111,-0.004895
member,12074,2,2,1,0.000001,0.999999,0.999999,0.000021,19.266434,13.473700,-0.000021
member,41320,6,6,1,0.000002,0.999998,0.999998,0.000032,27.401577,13.254647,-0.000032
member,28987,7,7,1,0.000001,0.999999,0.999999,0.000011,25.777119,14.179048,-0.000011
member,2098,2,2,1,0.000123,0.999877,0.999877,0.001239,19.347729,9.026237,-0.001239
member,19533,1,1,1,-0.000000,1.000000,1.000000,0.000000,43.142616,19.119644,-0.000000
member,34939,4,4,1,0.000928,0.999072,0.999072,0.008451,14.040663,7.828578,-0.008451
member,8023,0,0,1,0.000021,0.999979,0.999979,0.000250,20.709766,10.792706,-0.000250
member,13253,3,3,1,0.064225,0.937794,0.937794,0.243278,8.569389,2.744708,-0.243278
member,1985,1,1,1,-0.000000,1.000000,1.000000,0.000000,41.064991,23.490698,-0.000000
member,26011,9,9,1,0.000000,1.000000,1.000000,0.000004,21.484552,15.250660,-0.000004
member,3335,0,0,1,0.006215,0.993804,0.993804,0.037679,28.290615,5.077690,-0.037679
member,26620,9,9,1,0.000889,0.999112,0.999112,0.007129,22.381475,7.025335,-0.007129
member,11744,1,1,1,-0.000000,1.000000,1.000000,0.000000,37.138958,17.407612,-0.000000
member,18476,4,4,1,0.000269,0.999731,0.999731,0.002588,21.331099,8.367375,-0.002588
member,47611,4,4,1,0.000000,1.000000,1.000000,0.000001,29.597286,16.581076,-0.000001
member,25536,2,2,1,0.002021,0.997981,0.997981,0.015130,13.244769,6.269776,-0.015130
member,20864,2,2,1,0.003011,0.996993,0.996993,0.022510,12.487161,6.271616,-0.022510
member,43446,5,5,1,0.000062,0.999938,0.999938,0.000714,22.621094,10.191205,-0.000714
member,8006,8,8,1,0.000223,0.999777,0.999777,0.002104,21.309608,8.406541,-0.002104
member,29076,2,2,1,0.002062,0.997940,0.997940,0.015879,16.354374,6.415744,-0.015879
member,43720,3,3,1,0.007580,0.992448,0.992448,0.048792,13.024771,5.044842,-0.048792
member,23000,7,7,1,-0.000000,1.000000,1.000000,0.000000,29.141024,19.956673,-0.000000
member,28193,1,1,1,0.000000,1.000000,1.000000,0.000006,32.570091,15.105370,-0.000006
member,21512,7,7,1,0.030504,0.969956,0.969956,0.138672,11.492561,3.497953,-0.138672
member,21024,6,6,1,0.000076,0.999924,0.999924,0.000799,30.777018,9.481874,-0.000799
member,15294,6,6,1,-0.000000,1.000000,1.000000,0.000001,30.979824,17.471085,-0.000001
member,11661,0,0,1,-0.000000,1.000000,1.000000,0.000000,36.709057,24.591846,-0.000000
member,31718,7,7,1,-0.000000,1.000000,1.000000,0.000001,38.189190,16.912336,-0.000001
member,42115,5,5,1,0.000002,0.999998,0.999998,0.000026,30.031183,13.202053,-0.000026
member,28241,5,5,1,0.000014,0.999986,0.999986,0.000169,29.346657,11.189140,-0.000169
member,43151,4,4,1,0.000001,0.999999,0.999999,0.000017,25.142637,14.029008,-0.000017
member,9694,3,3,1,0.255238,0.774732,0.774732,0.681214,5.888941,1.412848,-0.681214
member,25565,6,6,1,0.000001,0.999999,0.999999,0.000012,25.684982,14.034552,-0.000012
member,34444,5,5,1,0.000001,0.999999,0.999999,0.000011,23.144175,14.179023,-0.000011
member,14109,7,7,1,0.000606,0.999394,0.999394,0.005096,20.123331,7.408266,-0.005096
member,12958,2,2,1,0.000131,0.999869,0.999869,0.001339,18.778463,8.994009,-0.001339
member,23314,3,3,1,0.003473,0.996533,0.996533,0.023099,25.146278,5.661053,-0.023099
member,17926,3,3,1,0.000060,0.999940,0.999940,0.000653,20.462917,9.767955,-0.000653
member,20413,3,3,1,0.000960,0.999040,0.999040,0.007630,22.077282,6.948042,-0.007630
member,22458,0,0,1,-0.000000,1.000000,1.000000,0.000000,43.686012,18.462854,-0.000000
member,44362,8,8,1,-0.000000,1.000000,1.000000,0.000000,38.216633,28.944168,-0.000000
member,5676,4,4,1,0.021954,0.978285,0.978285,0.116428,14.631561,3.983756,-0.116428
member,43366,5,5,1,0.000037,0.999963,0.999963,0.000413,32.137161,10.230698,-0.000413
member,33871,2,2,1,0.000044,0.999956,0.999956,0.000538,17.145029,10.729926,-0.000538
member,609,8,8,1,0.000024,0.999976,0.999976,0.000280,21.368954,10.670136,-0.000280
member,30920,6,6,1,0.000000,1.000000,1.000000,0.000002,30.283772,16.318302,-0.000002
member,25259,3,3,1,0.221220,0.801540,0.801540,0.512930,10.310706,1.407544,-0.512930
member,30393,5,5,1,0.000022,0.999978,0.999978,0.000265,19.877893,10.789606,-0.000265
member,38325,7,7,1,-0.000000,1.000000,1.000000,0.000000,34.285450,18.195427,-0.000000
member,44288,2,2,1,0.000418,0.999582,0.999582,0.003881,13.481176,7.935920,-0.003881
member,48464,7,7,1,0.000000,1.000000,1.000000,0.000006,22.345200,15.048097,-0.000006
member,9289,0,0,1,0.002979,0.997025,0.997025,0.020277,24.668652,5.814560,-0.020277
member,26406,7,7,1,0.000495,0.999505,0.999505,0.004542,13.032729,7.779334,-0.004542
member,28058,3,3,1,0.000927,0.999074,0.999074,0.007405,16.565372,6.984366,-0.007405
member,22295,6,6,1,-0.000000,1.000000,1.000000,0.000000,32.534286,20.617188,-0.000000
member,22051,9,9,1,-0.000000,1.000000,1.000000,0.000000,42.489746,18.723898,-0.000000
member,44451,3,3,1,0.000024,0.999976,0.999976,0.000289,14.053778,10.740791,-0.000289
member,12512,6,6,1,0.046692,0.954382,0.954382,0.199306,9.729112,3.115352,-0.199306
member,48575,6,6,1,0.000265,0.999735,0.999735,0.002450,28.251926,8.234192,-0.002450
member,18775,7,7,1,0.000471,0.999529,0.999529,0.004311,18.462084,7.873877,-0.004311
member,15714,3,3,1,0.003022,0.996983,0.996983,0.022888,15.478635,6.362521,-0.022888
member,7976,6,6,1,0.001573,0.998428,0.998428,0.013280,18.457531,7.053284,-0.013280
member,33175,2,2,1,-0.000000,1.000000,1.000000,0.000000,21.938194,18.805269,-0.000000
member,47634,6,6,1,0.000000,1.000000,1.000000,0.000006,23.043509,14.853951,-0.000006
member,8344,6,6,1,0.019282,0.980902,0.980902,0.094983,17.573681,3.942212,-0.094983
member,30589,4,4,1,0.000003,0.999997,0.999997,0.000041,24.604351,13.371270,-0.000041
member,11897,0,0,1,0.000039,0.999961,0.999961,0.000435,27.452005,10.150709,-0.000435
member,25495,2,2,1,0.000005,0.999995,0.999995,0.000067,15.369697,12.350938,-0.000067
member,22321,5,5,1,0.079605,0.923481,0.923481,0.292356,18.270487,2.573245,-0.292356
member,17679,9,9,1,-0.000000,1.000000,1.000000,0.000000,32.160717,25.218948,-0.000000
member,12469,0,0,1,0.002087,0.997915,0.997915,0.014954,22.203527,6.171108,-0.014954
member,4657,3,3,1,0.007497,0.992531,0.992531,0.052024,15.583993,5.782397,-0.052024
member,48393,8,8,1,0.000001,0.999999,0.999999,0.000012,22.825733,14.075957,-0.000012
member,1687,6,6,1,0.000011,0.999989,0.999989,0.000142,24.596046,11.710600,-0.000142
member,22181,9,9,1,0.000000,1.000000,1.000000,0.000005,27.466410,15.040751,-0.000005
member,12791,5,5,1,0.005631,0.994385,0.994385,0.035724,13.288448,5.213758,-0.035724
member,8040,5,5,1,0.000003,0.999997,0.999997,0.000039,27.048973,12.783832,-0.000039
member,31061,4,4,1,0.060817,0.940996,0.940996,0.248796,12.771437,2.926948,-0.248796
member,35026,3,3,1,0.000600,0.999400,0.999400,0.005392,14.578566,7.678267,-0.005392
member,14829,2,2,1,0.003671,0.996335,0.996335,0.028242,11.088947,6.313674,-0.028242
member,38848,9,9,1,0.002389,0.997614,0.997614,0.017221,16.014053,6.079057,-0.017221
member,20062,7,7,1,0.000001,0.999999,0.999999,0.000012,28.445738,14.024738,-0.000012
member,28277,6,6,1,0.021379,0.978848,0.978848,0.110000,11.932014,3.928622,-0.110000
member,34547,0,0,1,0.000783,0.999218,0.999218,0.007170,12.990779,7.575320,-0.007170
member,10904,4,4,1,0.036366,0.964288,0.964288,0.183036,14.148685,3.696969,-0.183036
member,19220,2,2,1,0.001209,0.998792,0.998792,0.009785,15.596101,6.818395,-0.009785
member,24429,2,2,1,0.001011,0.998990,0.998990,0.008290,14.625832,6.967245,-0.008290
member,47349,1,1,1,0.000000,1.000000,1.000000,0.000004,23.461035,15.464176,-0.000004
member,18111,3,3,1,0.072777,0.929808,0.929808,0.259044,15.168134,2.596842,-0.259044
member,3541,8,8,1,0.004674,0.995337,0.995337,0.031489,12.431284,5.497349,-0.031489
member,25562,7,7,1,0.004919,0.995093,0.995093,0.030992,25.229708,5.312334,-0.030992
member,6759,7,7,1,0.000002,0.999998,0.999998,0.000031,27.080528,13.237303,-0.000031
member,33829,2,2,1,0.000016,0.999984,0.999984,0.000215,15.850331,11.528725,-0.000215
member,21275,0,0,1,0.100167,0.904686,0.904686,0.338501,7.857512,2.304753,-0.338501
member,38232,7,7,1,-0.000000,1.000000,1.000000,0.000000,38.324303,17.961395,-0.000000
member,14350,0,0,1,0.001052,0.998949,0.998949,0.008264,25.955845,6.856688,-0.008264
member,1226,7,7,1,-0.000000,1.000000,1.000000,0.000000,36.950878,25.775043,-0.000000
member,9159,8,8,1,0.000026,0.999974,0.999974,0.000312,17.177664,10.951916,-0.000312
member,25665,2,2,1,0.002696,0.997308,0.997308,0.018625,18.845903,5.915025,-0.018625
member,20544,7,7,1,-0.000000,1.000000,1.000000,0.000000,32.986256,18.356739,-0.000000
member,4119,7,7,1,0.000054,0.999946,0.999946,0.000662,12.037523,10.619548,-0.000662
member,277,5,5,1,0.000585,0.999416,0.999416,0.005316,20.050808,7.883522,-0.005316
member,19036,8,8,1,0.000667,0.999333,0.999333,0.005999,14.370909,7.582443,-0.005999
member,20046,4,4,1,0.369755,0.690903,0.690903,0.646411,13.211832,0.822355,-0.646411
member,38648,3,3,1,0.007054,0.992971,0.992971,0.048777,13.061704,5.482128,-0.048777
member,37312,5,5,1,0.000279,0.999721,0.999721,0.002590,20.183615,8.199271,-0.002590
member,853,5,5,1,0.051658,0.949654,0.949654,0.199916,12.410034,2.937992,-0.199916
member,43086,8,8,1,-0.000000,1.000000,1.000000,0.000000,27.019722,19.088684,-0.000000
member,46493,3,3,1,0.013887,0.986209,0.986209,0.072776,21.367582,4.269894,-0.072776
member,19535,7,7,1,0.065663,0.936446,0.936446,0.249096,11.311021,2.739512,-0.249096
member,16463,4,4,1,0.001286,0.998715,0.998715,0.010802,13.877378,7.080704,-0.010802
member,36746,8,8,1,0.000001,0.999999,0.999999,0.000009,44.917305,14.389870,-0.000009
member,29860,0,0,1,0.004643,0.995368,0.995368,0.030186,12.792315,5.396728,-0.030186
member,884,9,9,1,0.000060,0.999940,0.999940,0.000704,13.650367,10.118425,-0.000704
member,47842,8,8,1,-0.000000,1.000000,1.000000,0.000001,34.433434,16.964273,-0.000001
member,21461,9,9,1,-0.000000,1.000000,1.000000,0.000000,35.307796,18.068048,-0.000000
member,9403,2,2,1,0.000165,0.999835,0.999835,0.001700,15.733587,8.919931,-0.001700
member,33415,1,1,1,0.001048,0.998952,0.998952,0.009104,12.070122,7.344379,-0.009104
member,40743,7,7,1,0.009420,0.990624,0.990624,0.053979,11.329433,4.673858,-0.053979
member,23976,5,5,1,0.001304,0.998697,0.998697,0.010275,12.595423,6.694206,-0.010275
member,28139,6,6,1,0.224803,0.798673,0.798673,0.584262,8.781798,1.526140,-0.584262
member,46078,1,1,1,0.005378,0.994636,0.994636,0.036681,13.630371,5.430050,-0.036681
member,20717,6,6,1,0.000010,0.999990,0.999990,0.000130,18.610880,11.517218,-0.000130
member,27647,4,4,1,0.000070,0.999930,0.999930,0.000815,15.920619,10.255223,-0.000815
member,29970,5,5,1,0.000191,0.999809,0.999809,0.001835,22.669657,8.569407,-0.001835
member,24242,6,6,1,-0.000000,1.000000,1.000000,0.000000,25.527817,18.961594,-0.000000
member,3035,7,7,1,-0.000000,1.000000,1.000000,0.000001,21.270315,18.047131,-0.000001
member,6976,2,2,1,0.000005,0.999995,0.999995,0.000072,19.580236,12.479584,-0.000072
member,31765,1,1,1,0.000001,0.999999,0.999999,0.000013,27.898272,13.919927,-0.000013
member,23701,9,9,1,-0.000000,1.000000,1.000000,0.000000,43.235561,21.308920,-0.000000
member,22077,9,9,1,-0.000000,1.000000,1.000000,0.000000,32.317665,24.310553,-0.000000
member,19235,7,7,1,0.000083,0.999917,0.999917,0.000862,28.102043,9.398542,-0.000862
member,19892,5,5,1,0.000126,0.999874,0.999874,0.001370,15.782574,9.579615,-0.001370
member,36414,3,3,1,0.000005,0.999995,0.999995,0.000069,23.055223,12.272679,-0.000069
member,43915,7,7,1,0.000093,0.999907,0.999907,0.000955,23.766575,9.284719,-0.000955
member,14697,2,2,1,0.046535,0.954531,0.954531,0.232591,11.179786,3.735632,-0.232591
member,28275,6,6,1,0.000002,0.999998,0.999998,0.000028,27.400333,13.125093,-0.000028
member,49861,8,8,1,0.000027,0.999973,0.999973,0.000316,25.401989,10.503235,-0.000316
member,49924,8,8,1,-0.000000,1.000000,1.000000,0.000001,27.642782,17.212551,-0.000001
member,49959,1,1,1,0.000433,0.999567,0.999567,0.004235,11.750761,8.268150,-0.004235
member,10092,9,9,1,-0.000000,1.000000,1.000000,0.000000,25.595795,17.842739,-0.000000
member,47576,4,4,1,0.000018,0.999982,0.999982,0.000235,21.052935,11.261401,-0.000235
member,34858,3,3,1,0.022721,0.977535,0.977535,0.109759,13.599005,3.790869,-0.109759
member,12805,4,4,1,0.000008,0.999992,0.999992,0.000113,17.607208,12.347729,-0.000113
member,12422,8,8,1,-0.000000,1.000000,1.000000,0.000000,31.822807,22.338100,-0.000000
member,28728,8,8,1,0.000014,0.999986,0.999986,0.000184,17.659981,11.533467,-0.000184
member,41923,6,6,1,0.000001,0.999999,0.999999,0.000023,25.876747,13.869314,-0.000023
member,28236,6,6,1,-0.000000,1.000000,1.000000,0.000000,30.026239,20.946045,-0.000000
member,23310,7,7,1,0.755629,0.469715,0.469715,0.932895,13.253201,0.062021,-0.932895
member,27811,9,9,1,0.000449,0.999551,0.999551,0.003946,16.630367,7.723207,-0.003946
member,14711,8,8,1,0.000005,0.999995,0.999995,0.000072,20.484243,12.109459,-0.000072
member,18794,6,6,1,0.000720,0.999281,0.999281,0.006104,18.169270,7.306176,-0.006104
member,6888,6,6,1,0.002243,0.997760,0.997760,0.016211,15.092310,6.124864,-0.016211
member,771,7,7,1,-0.000000,1.000000,1.000000,0.000000,33.398201,25.081310,-0.000000
member,2767,9,9,1,0.000000,1.000000,1.000000,0.000003,25.795324,15.547747,-0.000003
member,33762,1,1,1,0.001084,0.998917,0.998917,0.008496,22.649693,6.828074,-0.008496
member,43246,7,7,1,-0.000000,1.000000,1.000000,0.000000,29.619780,19.770290,-0.000000
member,32832,8,8,1,0.000019,0.999981,0.999981,0.000226,27.076412,10.873249,-0.000226
member,13062,3,3,1,0.000340,0.999660,0.999660,0.003067,25.328598,7.993200,-0.003067
member,44156,8,8,1,0.000000,1.000000,1.000000,0.000005,24.817429,15.725739,-0.000005
member,34736,5,5,1,0.010032,0.990018,0.990018,0.056539,12.411884,4.605969,-0.056539
member,24513,4,4,1,0.000185,0.999815,0.999815,0.001777,19.969810,8.594092,-0.001777
member,46125,2,2,1,0.000000,1.000000,1.000000,0.000005,27.867584,14.931313,-0.000005
member,38234,2,2,1,0.035027,0.965579,0.965579,0.156335,11.524479,3.373351,-0.156335
member,25209,1,1,1,-0.000000,1.000000,1.000000,0.000000,39.291336,24.085068,-0.000000
member,26934,3,3,1,0.000784,0.999216,0.999216,0.007028,15.146405,7.710308,-0.007028
member,21362,6,6,1,-0.000000,1.000000,1.000000,0.000000,32.647156,18.569374,-0.000000
member,32640,7,7,1,0.000153,0.999847,0.999847,0.001499,24.239679,8.784593,-0.001499
member,46345,9,9,1,0.000004,0.999996,0.999996,0.000051,23.504276,12.474957,-0.000051
member,22572,6,6,1,0.000001,0.999999,0.999999,0.000014,28.994093,13.841857,-0.000014
member,31854,1,1,1,0.000006,0.999994,0.999994,0.000086,18.522060,12.665873,-0.000086
member,5223,6,6,1,0.002195,0.997808,0.997808,0.017246,16.550743,6.478054,-0.017246
member,13179,2,2,1,0.009161,0.990881,0.990881,0.055487,9.954197,4.797443,-0.055487
member,17123,4,4,1,0.002781,0.997222,0.997222,0.019334,16.631273,5.895118,-0.019334
member,20089,8,8,1,0.000000,1.000000,1.000000,0.000002,27.229816,16.171999,-0.000002
member,5966,3,3,1,0.000231,0.999769,0.999769,0.002188,18.818123,8.397149,-0.002188
member,36447,2,2,1,0.000101,0.999899,0.999899,0.001132,17.065664,9.763659,-0.001132
member,646,2,2,1,0.005465,0.994550,0.994550,0.038293,11.494001,5.900302,-0.038293
member,3780,6,6,1,0.000002,0.999998,0.999998,0.000029,18.413551,13.854853,-0.000029
member,20231,9,9,1,0.000008,0.999992,0.999992,0.000103,22.971251,12.114244,-0.000103
member,19263,7,7,1,0.007783,0.992248,0.992248,0.045403,26.642155,4.852024,-0.045403
member,24761,8,8,1,0.000000,1.000000,1.000000,0.000003,25.860138,15.616491,-0.000003
member,17160,7,7,1,0.000003,0.999997,0.999997,0.000040,22.481533,12.743176,-0.000040
member,30809,3,3,1,0.005578,0.994437,0.994437,0.034632,15.269041,5.191125,-0.034632
member,19735,5,5,1,0.015238,0.984877,0.984877,0.094680,14.328991,4.999973,-0.094680
member,47428,0,0,1,0.000002,0.999998,0.999998,0.000027,24.124752,13.179628,-0.000027
member,38059,5,5,1,0.037884,0.962825,0.962825,0.160623,11.538218,3.260788,-0.160623
member,429,4,4,1,0.000637,0.999363,0.999363,0.005491,18.755913,7.419112,-0.005491
member,9911,9,9,1,0.000009,0.999991,0.999991,0.000110,18.412859,11.669122,-0.000110
member,4016,7,7,1,0.001091,0.998910,0.998910,0.008525,21.077793,6.820443,-0.008525
member,2975,2,2,1,0.000860,0.999140,0.999140,0.006935,17.276424,7.058701,-0.006935
member,22227,1,1,1,0.000007,0.999993,0.999993,0.000097,16.973665,12.332758,-0.000097
member,46022,5,5,1,0.005522,0.994494,0.994494,0.035629,19.550117,5.275843,-0.035629
member,31427,6,6,1,-0.000000,1.000000,1.000000,0.000000,44.927948,30.054371,-0.000000
member,38533,0,0,1,0.000156,0.999844,0.999844,0.001561,20.305294,8.843109,-0.001561
member,32233,0,0,1,0.000369,0.999631,0.999631,0.003559,14.812620,8.521622,-0.003559
member,37010,7,7,1,0.000001,0.999999,0.999999,0.000020,30.784460,13.500490,-0.000020
member,18750,9,9,1,0.005335,0.994680,0.994680,0.033165,28.429594,5.230875,-0.033165
member,46248,8,8,1,0.000001,0.999999,0.999999,0.000012,29.457619,14.122615,-0.000012
member,8409,7,7,1,0.000109,0.999891,0.999891,0.001106,25.938988,9.121605,-0.001106
member,10406,2,2,1,0.120453,0.886519,0.886519,0.396457,11.954938,2.155604,-0.396457
member,23955,6,6,1,0.003525,0.996482,0.996482,0.023391,24.026218,5.646200,-0.023391
member,23041,2,2,1,0.000046,0.999954,0.999954,0.000509,18.899532,9.987623,-0.000509
member,19833,4,4,1,0.007300,0.992726,0.992726,0.045797,12.403193,5.032481,-0.045797
member,48427,2,2,1,0.002409,0.997594,0.997594,0.017379,14.868528,6.074097,-0.017379
member,7268,3,5,0,0.734457,0.479766,0.519936,0.694880,15.693996,-0.080408,0.694880
member,44593,5,5,1,0.000071,0.999929,0.999929,0.000788,18.878071,9.806011,-0.000788
member,1138,8,8,1,0.000017,0.999983,0.999983,0.000215,19.072361,11.479172,-0.000215
member,4985,4,4,1,0.000057,0.999943,0.999943,0.000621,18.044714,9.777988,-0.000621
member,2885,0,0,1,0.000491,0.999509,0.999509,0.004515,14.600655,7.805434,-0.004515
member,48413,4,4,1,0.003040,0.996964,0.996964,0.020659,20.607832,5.795579,-0.020659
member,14977,7,7,1,0.004820,0.995192,0.995192,0.030954,14.425576,5.351252,-0.030954
member,38403,5,5,1,0.002157,0.997845,0.997845,0.016701,12.968647,6.363348,-0.016701
member,23791,0,0,1,0.000630,0.999370,0.999370,0.005695,14.284670,7.618167,-0.005695
member,10993,3,3,1,0.003994,0.996014,0.996014,0.028926,17.827444,6.098112,-0.028926
member,44421,5,5,1,0.000058,0.999942,0.999942,0.000688,15.590642,10.249175,-0.000688
member,26581,5,5,1,0.000316,0.999684,0.999684,0.003057,21.394091,8.403607,-0.003057
member,3120,1,1,1,0.005695,0.994321,0.994321,0.036649,11.480932,5.228005,-0.036649
member,39202,4,4,1,0.000006,0.999994,0.999994,0.000087,16.870653,12.484150,-0.000087
member,37447,9,9,1,0.008309,0.991726,0.991726,0.047912,20.062809,4.786283,-0.047912
member,4057,4,4,1,0.002404,0.997599,0.997599,0.019570,12.962989,6.503796,-0.019570
member,31985,1,1,1,-0.000000,1.000000,1.000000,0.000000,48.211979,32.133186,-0.000000
member,49291,8,8,1,0.000000,1.000000,1.000000,0.000003,26.764746,15.812286,-0.000003
member,18869,7,7,1,0.004703,0.995308,0.995308,0.030347,16.034611,5.375797,-0.030347
member,27739,6,6,1,0.001991,0.998011,0.998011,0.015513,15.301125,6.429549,-0.015513
member,7070,6,6,1,0.006449,0.993572,0.993572,0.039216,18.399027,5.050803,-0.039216
member,33874,3,3,1,0.149115,0.861470,0.861470,0.425069,11.646643,1.862328,-0.425069
member,29558,5,5,1,0.008117,0.991916,0.991916,0.047109,22.019173,4.811539,-0.047109
member,17583,6,6,1,0.007000,0.993025,0.993025,0.047285,12.896673,5.501873,-0.047285
member,43156,5,5,1,0.000239,0.999761,0.999761,0.002266,20.871798,8.363561,-0.002266
member,18583,1,1,1,0.005961,0.994056,0.994056,0.040296,21.851309,5.576391,-0.040296
member,13458,3,3,1,0.011961,0.988110,0.988110,0.078480,9.210271,5.092980,-0.078480
member,17724,6,6,1,-0.000000,1.000000,1.000000,0.000000,30.709929,19.851694,-0.000000
member,4569,3,3,1,0.000172,0.999828,0.999828,0.001665,19.048559,8.668040,-0.001665
member,31513,7,7,1,0.000440,0.999560,0.999560,0.003903,16.490648,7.756008,-0.003903
member,21496,9,9,1,0.000001,0.999999,0.999999,0.000010,27.074921,14.266809,-0.000010
member,18175,9,9,1,0.001335,0.998666,0.998666,0.011693,9.970060,7.474047,-0.011693
member,6329,7,7,1,-0.000000,1.000000,1.000000,0.000000,45.976013,27.344193,-0.000000
member,14874,1,1,1,-0.000000,1.000000,1.000000,0.000000,27.933790,17.808155,-0.000000
member,40462,6,6,1,0.013561,0.986531,0.986531,0.073819,18.159842,4.333611,-0.073819
member,47441,4,4,1,0.000784,0.999216,0.999216,0.007403,11.635808,7.925476,-0.007403
member,39230,0,0,1,0.000001,0.999999,0.999999,0.000013,21.495890,14.008108,-0.000013
member,30146,6,6,1,0.002926,0.997079,0.997079,0.021260,12.223390,5.940899,-0.021260
member,49346,0,0,1,0.000329,0.999671,0.999671,0.003316,14.333714,8.815927,-0.003316
member,198,5,5,1,0.002979,0.997026,0.997026,0.020781,14.262417,5.854954,-0.020781
member,1448,1,1,1,0.000093,0.999907,0.999907,0.000975,28.947309,9.340992,-0.000975
member,17757,2,2,1,0.000001,0.999999,0.999999,0.000010,37.493530,14.212564,-0.000010
member,44011,6,6,1,0.000013,0.999987,0.999987,0.000165,22.930279,11.766948,-0.000165
member,10268,8,8,1,0.000001,0.999999,0.999999,0.000016,28.309443,13.763304,-0.000016
member,32008,9,9,1,0.000016,0.999984,0.999984,0.000195,27.526924,11.027985,-0.000195
member,20833,4,4,1,-0.000000,1.000000,1.000000,0.000001,32.778973,16.766699,-0.000001
member,34626,5,5,1,0.012549,0.987529,0.987529,0.077067,13.396768,4.720096,-0.077067
member,8659,7,7,1,0.000000,1.000000,1.000000,0.000003,37.051437,15.607988,-0.000003
member,10045,7,7,1,0.000030,0.999970,0.999970,0.000348,24.304239,10.437507,-0.000348
member,16379,2,2,1,0.000005,0.999995,0.999995,0.000071,23.816637,12.680967,-0.000071
member,17244,1,1,1,0.000415,0.999585,0.999585,0.004010,17.250910,8.280475,-0.004010
member,31570,6,6,1,0.000374,0.999626,0.999626,0.003464,21.257067,8.002918,-0.003464
member,19723,5,5,1,0.000024,0.999976,0.999976,0.000285,23.090046,10.618515,-0.000285
member,40336,8,8,1,0.004844,0.995168,0.995168,0.030769,18.117290,5.333742,-0.030769
member,12618,3,3,1,0.072619,0.929955,0.929955,0.253970,20.717754,2.586330,-0.253970
member,5746,2,2,1,0.004605,0.995405,0.995405,0.031235,11.136594,5.515895,-0.031235
member,44070,2,2,1,0.000035,0.999965,0.999965,0.000392,20.925480,10.276302,-0.000392
member,43134,2,2,1,0.003884,0.996123,0.996123,0.028461,9.960611,5.857372,-0.028461
member,23575,9,9,1,0.002972,0.997032,0.997032,0.020237,23.206875,5.816889,-0.020237
member,47223,5,5,1,0.000297,0.999703,0.999703,0.002793,18.756102,8.204831,-0.002793
member,25326,2,2,1,0.000119,0.999881,0.999881,0.001290,13.714125,9.353178,-0.001290
member,44216,2,2,1,0.000713,0.999287,0.999287,0.006961,12.053441,8.179490,-0.006961
member,19819,5,5,1,0.074637,0.928080,0.928080,0.259854,11.896051,2.559840,-0.259854
member,47713,8,8,1,0.042257,0.958624,0.958624,0.194714,8.268155,3.296932,-0.194714
member,45673,9,9,1,0.000000,1.000000,1.000000,0.000003,24.885872,15.620894,-0.000003
member,41827,3,3,1,0.003548,0.996458,0.996458,0.025471,13.104896,5.852809,-0.025471
member,3840,1,1,1,-0.000000,1.000000,1.000000,0.000000,40.963970,21.450771,-0.000000
member,34965,6,6,1,0.003672,0.996334,0.996334,0.024223,21.461311,5.605210,-0.024223
member,5645,5,5,1,0.004119,0.995890,0.995890,0.027378,12.119648,5.520272,-0.027378
member,33931,5,5,1,0.000507,0.999493,0.999493,0.004817,11.457711,7.899957,-0.004817
member,25315,3,3,1,0.000310,0.999690,0.999690,0.002844,21.740021,8.102186,-0.002844
member,23046,5,5,1,0.024394,0.975901,0.975901,0.129236,10.938501,3.904290,-0.129236
member,9672,7,7,1,-0.000000,1.000000,1.000000,0.000000,38.386372,20.018196,-0.000000
member,45833,7,7,1,-0.000000,1.000000,1.000000,0.000000,30.716928,21.036484,-0.000000
member,9242,9,9,1,0.000008,0.999992,0.999992,0.000112,24.760319,11.860062,-0.000112
member,35274,8,8,1,0.049532,0.951675,0.951675,0.244455,8.357168,3.590777,-0.244455
member,32446,4,4,1,0.014282,0.985820,0.985820,0.083458,10.151801,4.443140,-0.083458
member,681,5,5,1,0.000519,0.999481,0.999481,0.004452,18.258364,7.563294,-0.004452
member,45179,5,5,1,0.002837,0.997167,0.997167,0.020889,15.104779,6.088946,-0.020889
member,46939,3,3,1,0.061035,0.940791,0.940791,0.269015,10.990089,3.391767,-0.269015
member,41768,1,1,1,-0.000000,1.000000,1.000000,0.000000,49.655319,25.092710,-0.000000
member,8812,1,1,1,0.000006,0.999994,0.999994,0.000075,38.729736,12.073299,-0.000075
member,40264,6,6,1,0.093973,0.910307,0.910307,0.333062,10.859497,2.406052,-0.333062
member,25266,7,7,1,0.000010,0.999990,0.999990,0.000123,18.016150,11.572655,-0.000123
member,49379,8,8,1,-0.000000,1.000000,1.000000,0.000000,41.328823,29.354826,-0.000000
member,28591,9,9,1,0.019134,0.981048,0.981048,0.100263,11.433374,4.028466,-0.100263
member,12758,3,3,1,0.476313,0.621069,0.621069,0.717109,9.696081,0.518862,-0.717109
member,8474,6,6,1,0.077087,0.925809,0.925809,0.319813,7.613069,2.835980,-0.319813
member,24802,0,0,1,0.000526,0.999474,0.999474,0.004495,22.653782,7.550665,-0.004495
member,13505,1,1,1,0.001903,0.998099,0.998099,0.014719,19.027092,6.451035,-0.014719
member,18215,0,0,1,0.000000,1.000000,1.000000,0.000002,28.470556,16.629078,-0.000002
member,44984,8,8,1,0.000108,0.999892,0.999892,0.001164,17.223343,9.438784,-0.001164
member,6224,6,6,1,0.002173,0.997830,0.997830,0.016709,17.641481,6.417502,-0.016709
member,33322,8,8,1,0.002503,0.997500,0.997500,0.017770,12.958557,6.012889,-0.017770
member,32156,9,9,1,0.000000,1.000000,1.000000,0.000002,33.538475,15.904884,-0.000002
member,45143,0,0,1,0.000184,0.999816,0.999816,0.001855,18.146986,8.795313,-0.001855
member,10460,6,6,1,0.000029,0.999971,0.999971,0.000336,22.107525,10.518240,-0.000336
member,34110,9,9,1,0.000000,1.000000,1.000000,0.000001,23.629128,16.321495,-0.000001
member,36900,3,3,1,0.016277,0.983855,0.983855,0.082654,18.956194,4.109981,-0.082654
member,36462,6,6,1,0.000403,0.999597,0.999597,0.003610,18.223463,7.846141,-0.003610
member,585,8,8,1,0.000657,0.999343,0.999343,0.005603,26.197645,7.380417,-0.005603
member,26501,5,5,1,0.025928,0.974405,0.974405,0.124094,15.299196,3.683016,-0.124094
member,39109,1,1,1,0.092873,0.911309,0.911309,0.299588,28.975706,2.329821,-0.299588
member,29316,8,8,1,0.000001,0.999999,0.999999,0.000009,28.456797,14.364910,-0.000009
member,23208,6,6,1,0.002380,0.997623,0.997623,0.016857,15.231092,6.047911,-0.016857
member,43785,9,9,1,0.000064,0.999936,0.999936,0.000723,13.451307,9.869768,-0.000723
member,23584,3,3,1,0.048259,0.952887,0.952887,0.223117,11.907135,3.670815,-0.223117
member,47910,2,2,1,0.005907,0.994111,0.994111,0.039617,13.428009,5.448441,-0.039617
member,40064,7,7,1,0.002879,0.997125,0.997125,0.021562,10.358077,6.016134,-0.021562
member,7650,6,6,1,0.000411,0.999589,0.999589,0.003883,20.432693,8.013439,-0.003883
member,7584,3,3,1,0.026101,0.974237,0.974237,0.146452,9.990596,4.251218,-0.146452
member,40551,6,6,1,0.003459,0.996547,0.996547,0.023164,15.876057,5.671898,-0.023164
member,36927,0,0,1,0.000040,0.999960,0.999960,0.000468,17.967882,10.579463,-0.000468
member,13373,7,7,1,-0.000000,1.000000,1.000000,0.000000,35.204399,25.076832,-0.000000
member,13484,6,6,1,-0.000000,1.000000,1.000000,0.000000,41.671185,22.611017,-0.000000
member,24492,0,0,1,0.002559,0.997444,0.997444,0.017811,19.055561,5.966859,-0.017811
member,2463,8,8,1,-0.000000,1.000000,1.000000,0.000000,29.939129,19.885696,-0.000000
member,9829,7,7,1,0.000024,0.999976,0.999976,0.000288,17.276770,10.751369,-0.000288
member,31684,2,2,1,0.000600,0.999400,0.999400,0.005096,17.237097,7.430971,-0.005096
member,37428,1,1,1,0.000006,0.999994,0.999994,0.000081,28.302174,11.995455,-0.000081
member,20339,3,3,1,0.000012,0.999988,0.999988,0.000159,25.131430,12.218479,-0.000159
member,48859,0,0,1,0.000073,0.999927,0.999927,0.000812,22.819878,9.950287,-0.000812
member,44240,9,9,1,-0.000000,1.000000,1.000000,0.000000,37.007202,24.074699,-0.000000
member,47407,6,6,1,0.301547,0.739673,0.739673,0.587171,16.525803,1.052629,-0.587171
member,27506,1,1,1,0.013888,0.986208,0.986208,0.072779,25.709284,4.269756,-0.072779
member,17552,4,4,1,0.001446,0.998555,0.998555,0.010934,21.390324,6.542493,-0.010934
member,23514,1,1,1,0.000003,0.999997,0.999997,0.000038,37.245522,12.793449,-0.000038
member,26006,7,7,1,0.000002,0.999998,0.999998,0.000026,22.076096,13.342790,-0.000026
member,46859,1,1,1,0.000117,0.999883,0.999883,0.001180,22.980009,9.050089,-0.001180
member,29596,0,0,1,0.005004,0.995008,0.995008,0.031627,19.459545,5.301307,-0.031627
member,18046,6,6,1,0.003412,0.996594,0.996594,0.027371,8.885020,6.288928,-0.027371
member,44418,1,1,1,0.000723,0.999278,0.999278,0.005952,31.395763,7.233112,-0.005952
member,31562,2,2,1,0.041226,0.959612,0.959612,0.198793,13.281990,3.512836,-0.198793
member,34962,1,1,1,0.016901,0.983241,0.983241,0.085321,15.581945,4.073183,-0.085321
member,7055,7,5,0,1.264832,0.282287,0.630932,0.879196,8.672070,-0.804275,0.879196
member,7646,8,8,1,-0.000000,1.000000,1.000000,0.000000,36.906525,21.010994,-0.000000
member,25770,7,7,1,0.000683,0.999317,0.999317,0.005663,17.504011,7.288321,-0.005663
member,43935,1,1,1,0.000017,0.999983,0.999983,0.000204,34.591232,10.980360,-0.000204
member,27719,9,9,1,-0.000000,1.000000,1.000000,0.000000,30.006157,19.108395,-0.000000
member,28448,9,9,1,0.000003,0.999997,0.999997,0.000042,20.271709,12.735619,-0.000042
member,48430,0,0,1,0.000151,0.999849,0.999849,0.001477,22.246685,8.800883,-0.001477
member,24384,3,3,1,0.004124,0.995885,0.995885,0.026825,16.552809,5.493060,-0.026825
member,38939,2,2,1,0.000137,0.999863,0.999863,0.001433,17.359947,9.184794,-0.001433
member,36465,2,2,1,0.000003,0.999997,0.999997,0.000041,20.643152,13.046740,-0.000041
member,10927,7,7,1,0.000368,0.999632,0.999632,0.003744,11.703788,8.854633,-0.003744
member,42423,7,7,1,0.000155,0.999845,0.999845,0.001551,21.672083,8.841752,-0.001551
member,12894,1,1,1,0.000012,0.999988,0.999988,0.000153,18.876974,11.438181,-0.000153
member,41067,1,1,1,0.005487,0.994528,0.994528,0.033959,26.489874,5.202599,-0.033959
member,26106,3,3,1,0.000189,0.999811,0.999811,0.001814,18.803810,8.580651,-0.001814
member,45574,1,1,1,0.000001,0.999999,0.999999,0.000009,47.568596,14.410610,-0.000009
member,3290,6,6,1,0.000473,0.999527,0.999527,0.004098,20.808376,7.655537,-0.004098
member,34117,5,5,1,0.000981,0.999019,0.999019,0.008513,17.420189,7.596441,-0.008513
member,11427,1,1,1,0.001315,0.998686,0.998686,0.010031,22.942234,6.633383,-0.010031
member,15054,2,2,1,-0.000000,1.000000,1.000000,0.000000,32.902218,19.437153,-0.000000
member,19474,9,9,1,0.000063,0.999937,0.999937,0.000674,19.062954,9.675858,-0.000674
member,3494,4,4,1,0.000046,0.999954,0.999954,0.000541,15.703567,10.348980,-0.000541
member,5264,4,4,1,0.000006,0.999994,0.999994,0.000074,20.524134,12.091827,-0.000074
member,12377,3,3,1,0.067554,0.934677,0.934677,0.279774,11.035575,2.976933,-0.279774
member,20366,1,1,1,0.000181,0.999819,0.999819,0.001748,20.853373,8.617943,-0.001748
member,45677,1,1,1,0.000002,0.999998,0.999998,0.000025,31.966705,13.264194,-0.000025
member,40829,7,7,1,0.000211,0.999789,0.999789,0.002079,20.962313,8.592216,-0.002079
member,6916,8,8,1,0.000025,0.999975,0.999975,0.000290,15.640918,10.629942,-0.000290
member,18027,2,2,1,0.034133,0.966443,0.966443,0.147008,13.147148,3.360688,-0.147008
member,37745,2,2,1,0.000286,0.999714,0.999714,0.002623,21.200460,8.158357,-0.002623
member,21328,1,1,1,0.000001,0.999999,0.999999,0.000010,21.046467,14.329054,-0.000010
member,20279,5,5,1,0.019464,0.980724,0.980724,0.104878,12.227628,4.083484,-0.104878
member,41885,9,9,1,0.000383,0.999617,0.999617,0.003396,19.323448,7.869226,-0.003396
member,16545,6,6,1,0.000002,0.999998,0.999998,0.000027,22.148375,13.380273,-0.000027
member,14067,1,1,1,0.000002,0.999998,0.999998,0.000026,18.866619,14.021175,-0.000026
member,20630,3,3,1,0.002812,0.997192,0.997192,0.019576,12.928856,5.887713,-0.019576
member,21239,3,3,1,0.000698,0.999303,0.999303,0.005828,16.395311,7.282390,-0.005828
member,27152,3,3,1,0.001510,0.998491,0.998491,0.011372,20.917061,6.501394,-0.011372
member,26634,6,6,1,0.000002,0.999998,0.999998,0.000033,22.098364,13.035196,-0.000033
member,10821,6,6,1,-0.000000,1.000000,1.000000,0.000000,32.605923,18.154745,-0.000000
member,19015,0,0,1,0.000439,0.999561,0.999561,0.004010,24.959881,7.887215,-0.004010
member,14759,5,5,1,0.000064,0.999936,0.999936,0.000780,13.871840,10.656069,-0.000780
member,18119,3,3,1,0.000317,0.999683,0.999683,0.003176,14.287310,8.383556,-0.003176
member,42881,6,6,1,0.001761,0.998241,0.998241,0.013912,13.395402,6.520903,-0.013912
member,36207,5,5,1,0.000002,0.999998,0.999998,0.000023,23.490017,13.415288,-0.000023
member,49474,5,5,1,0.153817,0.857429,0.857429,0.455530,14.559053,1.877417,-0.455530
member,1824,0,0,1,-0.000000,1.000000,1.000000,0.000001,29.125687,16.852959,-0.000001
member,46194,1,1,1,0.000028,0.999972,0.999972,0.000319,27.734673,10.504570,-0.000319
member,25434,4,4,1,0.001299,0.998701,0.998701,0.010887,20.079073,7.054034,-0.010887
member,40078,3,3,1,0.002422,0.997581,0.997581,0.016990,26.855347,6.021963,-0.016990
member,8909,7,7,1,0.000001,0.999999,0.999999,0.000012,27.467541,14.150836,-0.000012
member,20853,6,6,1,0.001346,0.998655,0.998655,0.010610,29.740477,6.691772,-0.010610
member,27450,6,6,1,0.002015,0.997987,0.997987,0.015598,11.852683,6.434937,-0.015598
member,31937,9,9,1,0.001775,0.998226,0.998226,0.014385,12.030234,6.799664,-0.014385
member,6946,2,2,1,0.000118,0.999882,0.999882,0.001325,12.952147,9.742818,-0.001325
member,9685,4,4,1,0.000065,0.999935,0.999935,0.000696,21.414503,9.636077,-0.000696
member,34334,3,3,1,0.000149,0.999851,0.999851,0.001579,17.738417,9.511738,-0.001579
member,46758,8,8,1,-0.000000,1.000000,1.000000,0.000000,33.107960,24.097889,-0.000000
member,28474,1,1,1,0.000208,0.999792,0.999792,0.001974,31.709141,8.476357,-0.001974
member,18668,9,9,1,-0.000000,1.000000,1.000000,0.000000,45.715569,22.945524,-0.000000
member,37156,3,3,1,0.001344,0.998657,0.998657,0.010226,18.100903,6.611576,-0.010226
member,3564,0,0,1,0.008889,0.991151,0.991151,0.054126,18.458441,4.861888,-0.054126
member,28540,6,6,1,-0.000000,1.000000,1.000000,0.000000,31.773081,18.170343,-0.000000
member,18049,2,2,1,0.003370,0.996635,0.996635,0.024460,11.179325,5.859287,-0.024460
member,28079,5,5,1,0.000000,1.000000,1.000000,0.000001,27.178772,16.603745,-0.000001
member,28532,1,1,1,0.000009,0.999991,0.999991,0.000120,24.222000,11.711016,-0.000120
member,21420,3,3,1,0.023851,0.976431,0.976431,0.129754,11.749937,4.047530,-0.129754
member,322,9,9,1,0.000085,0.999915,0.999915,0.000952,13.346286,9.621488,-0.000952
member,47970,3,3,1,0.010643,0.989413,0.989413,0.065322,11.274817,4.721883,-0.065322
member,19345,4,4,1,0.014912,0.985199,0.985199,0.077052,24.178230,4.198145,-0.077052
member,14804,8,8,1,0.000042,0.999958,0.999958,0.000472,19.134026,10.093440,-0.000472
member,45991,5,5,1,0.000046,0.999954,0.999954,0.000523,20.342449,10.124921,-0.000523
member,45619,8,8,1,0.000000,1.000000,1.000000,0.000008,27.936207,14.529251,-0.000008
member,49165,8,8,1,-0.000000,1.000000,1.000000,0.000001,37.436596,16.732199,-0.000001
member,28279,8,8,1,0.000007,0.999993,0.999993,0.000089,31.537502,11.879629,-0.000089
member,38831,6,6,1,0.002525,0.997478,0.997478,0.019868,10.857593,6.590101,-0.019868
member,29276,5,5,1,0.000063,0.999937,0.999937,0.000681,20.091875,9.699873,-0.000681
member,27488,1,1,1,0.029496,0.970935,0.970935,0.140717,20.832331,3.610481,-0.140717
member,43005,5,5,1,0.000464,0.999537,0.999537,0.004023,21.786266,7.676799,-0.004023
member,10496,7,7,1,0.002074,0.997928,0.997928,0.015024,12.459645,6.189856,-0.015024
member,42662,4,4,1,0.000016,0.999984,0.999984,0.000201,25.084282,11.250970,-0.000201
member,5528,8,8,1,0.015111,0.985002,0.985002,0.084651,15.117840,4.347424,-0.084651
member,35387,2,2,1,0.111379,0.894599,0.894599,0.337016,18.373070,2.138826,-0.337016
member,31208,1,1,1,0.487920,0.613902,0.613902,0.677463,20.985592,0.467936,-0.677463
member,40987,1,1,1,0.000073,0.999927,0.999927,0.000785,16.859312,9.558725,-0.000785
member,21332,2,2,1,-0.000000,1.000000,1.000000,0.000001,28.209810,16.652170,-0.000001
member,3402,2,2,1,0.000057,0.999943,0.999943,0.000658,17.947773,10.322589,-0.000658
member,7780,5,5,1,0.000920,0.999080,0.999080,0.007710,15.428262,7.094527,-0.007710
member,27135,4,4,1,0.000387,0.999613,0.999613,0.003692,19.958759,8.398832,-0.003692
member,45929,7,7,1,0.000030,0.999970,0.999970,0.000345,27.308693,10.406687,-0.000345
member,25715,4,6,0,1.186035,0.305430,0.654162,0.769736,9.182467,-0.761635,0.769736
member,22229,5,5,1,0.001733,0.998268,0.998268,0.013914,10.163972,6.589939,-0.013914
member,482,1,1,1,0.000676,0.999324,0.999324,0.005630,28.461926,7.303576,-0.005630
member,28661,5,5,1,0.000318,0.999682,0.999682,0.002883,25.103292,8.052462,-0.002883
member,14181,4,4,1,0.123488,0.883832,0.883832,0.484286,12.793335,2.617961,-0.484286
member,39684,8,8,1,0.000028,0.999972,0.999972,0.000342,17.829304,11.147037,-0.000342
member,8790,3,3,1,0.000001,0.999999,0.999999,0.000013,26.943501,13.939812,-0.000013
member,38978,8,8,1,-0.000000,1.000000,1.000000,0.000000,28.434326,22.223686,-0.000000
member,40401,0,0,1,0.000477,0.999523,0.999523,0.004127,18.637081,7.647298,-0.004127
member,2874,6,6,1,0.000000,1.000000,1.000000,0.000001,24.519798,16.504417,-0.000001
member,45435,9,9,1,0.000010,0.999990,0.999990,0.000126,19.991137,11.782809,-0.000126
member,22603,2,2,1,0.002380,0.997623,0.997623,0.020151,11.052439,6.910024,-0.020151
member,37027,1,1,1,0.000062,0.999938,0.999938,0.000719,13.872651,10.203160,-0.000719
member,44393,6,6,1,0.002527,0.997476,0.997476,0.019254,16.987644,6.298186,-0.019254
member,4215,9,9,1,-0.000000,1.000000,1.000000,0.000000,39.815472,22.421852,-0.000000
member,33067,5,5,1,0.000733,0.999268,0.999268,0.006426,17.922302,7.494045,-0.006426
member,13591,8,8,1,0.000112,0.999888,0.999888,0.001202,16.818710,9.479379,-0.001202
member,44340,2,2,1,0.000315,0.999685,0.999685,0.003046,12.399841,8.241297,-0.003046
member,38869,4,4,1,0.000007,0.999993,0.999993,0.000089,16.095881,12.241667,-0.000089
member,46868,6,6,1,0.000000,1.000000,1.000000,0.000002,23.180788,16.268082,-0.000002
member,373,0,0,1,0.000000,1.000000,1.000000,0.000008,26.657763,14.538873,-0.000008
member,48581,7,7,1,0.000260,0.999740,0.999740,0.002408,19.643339,8.255737,-0.002408
member,39616,3,3,1,0.005427,0.994587,0.994587,0.033661,17.498789,5.213852,-0.033661
member,27088,6,6,1,0.000407,0.999593,0.999593,0.003782,16.894716,7.983617,-0.003782
member,32024,4,4,1,0.001155,0.998846,0.998846,0.010370,14.372458,7.776628,-0.010370
member,21634,0,0,1,0.000061,0.999939,0.999939,0.000650,22.351538,9.709973,-0.000650
member,4579,5,5,1,0.000037,0.999963,0.999963,0.000433,18.575031,10.408453,-0.000433
member,39392,0,0,1,0.000006,0.999994,0.999994,0.000087,18.108919,12.314880,-0.000087
member,17782,7,7,1,0.002234,0.997769,0.997769,0.016428,16.331402,6.176365,-0.016428
member,40302,6,6,1,0.000040,0.999960,0.999960,0.000477,24.318224,10.378967,-0.000477
member,19516,4,4,1,-0.000000,1.000000,1.000000,0.000000,41.166466,23.899586,-0.000000
member,28309,9,9,1,0.000377,0.999624,0.999624,0.003344,27.578159,7.884436,-0.003344
member,12617,7,7,1,0.022015,0.978226,0.978226,0.104865,30.260714,3.805021,-0.104865
member,35498,9,9,1,0.511249,0.599746,0.599746,0.694716,23.601748,0.413776,-0.694716
member,35884,1,1,1,-0.000000,1.000000,1.000000,0.000000,23.651068,17.659895,-0.000000
member,31744,9,9,1,0.002957,0.997047,0.997047,0.022085,17.716423,6.272724,-0.022085
member,48720,7,7,1,0.032571,0.967954,0.967954,0.143188,15.779690,3.414776,-0.143188
member,13911,5,5,1,0.000041,0.999959,0.999959,0.000488,18.606131,10.781155,-0.000488
member,7094,5,5,1,0.123471,0.883848,0.883848,0.389708,17.698608,2.104972,-0.389708
member,15400,7,7,1,0.000035,0.999965,0.999965,0.000444,17.410923,11.227961,-0.000444
member,42129,3,3,1,0.000008,0.999992,0.999992,0.000111,14.751497,12.080175,-0.000111
member,29297,2,2,1,0.000307,0.999693,0.999693,0.003006,15.461533,8.762459,-0.003006
member,33129,4,4,1,0.000098,0.999902,0.999902,0.001015,16.525715,9.246151,-0.001015
member,29116,9,9,1,0.004249,0.995761,0.995761,0.027756,20.386328,5.476037,-0.027756
member,7687,9,9,1,-0.000000,1.000000,1.000000,0.000000,41.176785,24.339413,-0.000000
member,45114,4,4,1,-0.000000,1.000000,1.000000,0.000000,30.506876,18.119083,-0.000000
member,62,8,8,1,-0.000000,1.000000,1.000000,0.000001,35.480640,16.893541,-0.000001
member,25109,7,7,1,0.000005,0.999995,0.999995,0.000064,22.384602,12.240427,-0.000064
member,12024,8,8,1,-0.000000,1.000000,1.000000,0.000000,28.526524,21.291710,-0.000000
member,37595,7,7,1,0.000005,0.999995,0.999995,0.000068,20.627544,12.807266,-0.000068
member,7892,9,9,1,0.000000,1.000000,1.000000,0.000008,26.683846,14.499874,-0.000008
member,20265,0,0,1,0.000521,0.999479,0.999479,0.004675,17.383638,7.711687,-0.004675
member,49706,7,7,1,0.000001,0.999999,0.999999,0.000010,31.926456,14.255566,-0.000010
member,47292,3,3,1,0.074212,0.928475,0.928475,0.272319,12.764756,2.611189,-0.272319
member,22681,5,5,1,0.006323,0.993697,0.993697,0.042825,13.552236,5.584661,-0.042825
member,29909,9,9,1,0.000000,1.000000,1.000000,0.000004,24.886967,15.905934,-0.000004
member,2385,4,4,1,0.000116,0.999884,0.999884,0.001229,16.541500,9.253031,-0.001229
member,25884,2,2,1,0.001288,0.998713,0.998713,0.010345,15.078691,6.767550,-0.010345
member,3184,0,0,1,0.000000,1.000000,1.000000,0.000001,30.915995,16.611242,-0.000001
member,21752,1,1,1,0.020990,0.979228,0.979228,0.113545,8.767369,4.005119,-0.113545
member,8358,8,8,1,-0.000000,1.000000,1.000000,0.000000,27.592878,17.687527,-0.000000
member,4995,8,8,1,0.005400,0.994615,0.994615,0.033516,23.418066,5.218969,-0.033516
member,19990,4,4,1,0.024566,0.975734,0.975734,0.114435,17.226536,3.695198,-0.114435
member,37218,5,5,1,0.025831,0.974499,0.974499,0.138401,11.712854,4.203032,-0.138401
member,45047,8,8,1,-0.000000,1.000000,1.000000,0.000000,40.463379,24.693356,-0.000000
member,13734,6,6,1,-0.000000,1.000000,1.000000,0.000000,33.180191,18.114115,-0.000000
member,6111,9,9,1,0.000000,1.000000,1.000000,0.000004,23.523540,15.323039,-0.000004
member,5373,8,8,1,-0.000000,1.000000,1.000000,0.000000,33.059265,26.944624,-0.000000
member,42274,5,5,1,0.005427,0.994588,0.994588,0.036037,11.818958,5.340103,-0.036037
member,12431,5,5,1,-0.000000,1.000000,1.000000,0.000001,23.439419,18.021954,-0.000001
member,7918,6,6,1,0.002790,0.997214,0.997214,0.023151,10.897350,7.050263,-0.023151
member,35811,4,4,1,0.000009,0.999991,0.999991,0.000112,19.329548,11.792110,-0.000112
member,37630,1,1,1,0.000030,0.999970,0.999970,0.000344,30.348915,10.412241,-0.000344
member,12140,2,2,1,0.000085,0.999915,0.999915,0.000917,16.478485,9.452155,-0.000917
member,39634,3,3,1,0.006365,0.993656,0.993656,0.040908,10.998334,5.153842,-0.040908
member,9645,8,8,1,0.001212,0.998789,0.998789,0.009344,26.633032,6.715019,-0.009344
member,43841,3,3,1,0.134339,0.874294,0.874294,0.378640,22.567568,1.939892,-0.378640
member,36448,3,3,1,0.014178,0.985922,0.985922,0.078496,17.092146,4.351377,-0.078496
member,25313,4,4,1,0.054083,0.947353,0.947353,0.218497,11.952141,2.941866,-0.218497
member,46535,6,6,1,0.000018,0.999982,0.999982,0.000212,18.893742,10.971067,-0.000212
member,5304,8,8,1,-0.000000,1.000000,1.000000,0.000000,35.203861,17.559830,-0.000000
member,38769,6,6,1,0.021722,0.978512,0.978512,0.109492,12.215062,3.894232,-0.109492
member,22445,5,5,1,0.000279,0.999721,0.999721,0.002640,17.809963,8.260632,-0.002640
member,10324,5,5,1,0.001959,0.998043,0.998043,0.014186,16.521811,6.235859,-0.014186
member,37746,5,5,1,0.000345,0.999655,0.999655,0.003341,16.812967,8.216858,-0.003341
member,41364,3,3,1,0.058852,0.942846,0.942846,0.252741,9.001847,2.997151,-0.252741
member,3180,0,0,1,0.000001,0.999999,0.999999,0.000014,19.801620,14.944219,-0.000014
member,29109,3,3,1,0.032578,0.967947,0.967947,0.141820,20.301752,3.407801,-0.141820
member,26629,2,2,1,0.000811,0.999190,0.999190,0.006580,20.913759,7.117137,-0.006580
member,17020,8,8,1,-0.000000,1.000000,1.000000,0.000000,28.522593,17.939032,-0.000000
member,4614,4,4,1,0.013677,0.986416,0.986416,0.075074,14.784468,4.346535,-0.075074
member,30558,9,9,1,0.000003,0.999997,0.999997,0.000037,17.418184,12.961702,-0.000037
member,428,9,9,1,0.000001,0.999999,0.999999,0.000015,25.801815,13.919460,-0.000015
member,45144,4,4,1,0.124604,0.882846,0.882846,0.421208,9.255752,2.193744,-0.421208
member,36165,9,9,1,0.000001,0.999999,0.999999,0.000013,30.622984,14.392908,-0.000013
member,46191,6,6,1,0.000000,1.000000,1.000000,0.000006,27.722109,14.759296,-0.000006
member,43338,5,5,1,0.000033,0.999967,0.999967,0.000384,18.144575,10.427513,-0.000384
member,21861,1,1,1,0.000212,0.999788,0.999788,0.002008,32.623478,8.457306,-0.002008
member,24211,9,9,1,0.000372,0.999628,0.999628,0.003308,27.553043,7.896944,-0.003308
member,10365,0,0,1,0.000171,0.999829,0.999829,0.001769,17.027800,9.031719,-0.001769
member,39272,3,3,1,0.000392,0.999608,0.999608,0.003902,12.039194,8.468466,-0.003902
member,33412,2,2,1,0.000000,1.000000,1.000000,0.000003,25.678665,15.807879,-0.000003
member,20849,3,3,1,0.001023,0.998978,0.998978,0.008067,22.682720,6.884914,-0.008067
member,16842,4,4,1,0.000000,1.000000,1.000000,0.000008,27.822802,14.616950,-0.000008
member,9998,1,1,1,0.004588,0.995422,0.995422,0.029226,25.219709,5.382027,-0.029226
member,23186,7,7,1,-0.000000,1.000000,1.000000,0.000000,36.776230,18.138983,-0.000000
member,7497,8,8,1,-0.000000,1.000000,1.000000,0.000000,45.964989,31.775356,-0.000000
member,5459,1,1,1,0.000558,0.999442,0.999442,0.004758,20.718447,7.497432,-0.004758
member,4573,4,4,1,0.007530,0.992499,0.992499,0.050470,14.081690,5.332541,-0.050470
member,8171,6,6,1,-0.000000,1.000000,1.000000,0.000000,38.152042,20.597504,-0.000000
member,33839,9,9,1,0.000009,0.999991,0.999991,0.000125,19.047319,12.562807,-0.000125
member,23588,2,2,1,0.003589,0.996417,0.996417,0.026156,13.174708,6.054152,-0.026156
member,41912,2,2,1,0.000000,1.000000,1.000000,0.000002,22.846130,16.015556,-0.000002
member,7294,8,8,1,-0.000000,1.000000,1.000000,0.000000,43.333244,25.477873,-0.000000
member,25913,6,6,1,0.000699,0.999302,0.999302,0.005773,20.053570,7.266263,-0.005773
member,16357,2,2,1,0.071693,0.930817,0.930817,0.266568,13.051119,2.649657,-0.266568
member,36329,9,9,1,-0.000000,1.000000,1.000000,0.000000,33.718555,30.186600,-0.000000
member,46762,5,5,1,0.002476,0.997527,0.997527,0.017976,14.392666,6.071951,-0.017976
member,13263,9,9,1,0.000000,1.000000,1.000000,0.000003,35.351170,15.519024,-0.000003
member,33510,0,0,1,0.000000,1.000000,1.000000,0.000004,20.265995,16.040167,-0.000004
member,44105,7,7,1,0.000000,1.000000,1.000000,0.000002,45.948940,16.218952,-0.000002
member,11192,3,3,1,0.000777,0.999224,0.999224,0.006544,21.676630,7.227879,-0.006544
member,27638,0,0,1,0.000026,0.999974,0.999974,0.000303,42.384468,10.548096,-0.000303
member,35305,9,9,1,0.000033,0.999967,0.999967,0.000377,23.838881,10.309999,-0.000377
member,17714,7,7,1,0.005664,0.994352,0.994352,0.037047,13.951488,5.306116,-0.037047
member,32663,8,8,1,0.009905,0.990144,0.990144,0.062729,10.025540,5.169418,-0.062729
member,13167,3,3,1,0.000516,0.999484,0.999484,0.004420,22.349159,7.569286,-0.004420
member,25290,0,0,1,0.001630,0.998371,0.998371,0.012821,11.753386,6.538315,-0.012821
member,27401,5,5,1,0.000830,0.999171,0.999171,0.007311,14.728134,7.423715,-0.007311
member,12457,8,8,1,0.000006,0.999994,0.999994,0.000086,21.419497,12.496198,-0.000086
member,2185,1,1,1,0.000001,0.999999,0.999999,0.000013,39.061768,13.965733,-0.000013
member,37087,0,0,1,0.070253,0.932158,0.932158,0.256718,17.857059,2.647571,-0.256718
member,21358,6,6,1,0.000017,0.999983,0.999983,0.000212,26.522987,11.046998,-0.000212
member,40553,4,4,1,0.000005,0.999995,0.999995,0.000062,20.380903,12.356196,-0.000062
member,25253,3,3,1,0.029641,0.970794,0.970794,0.149345,15.016308,3.771016,-0.149345
member,2494,6,6,1,-0.000000,1.000000,1.000000,0.000000,37.510822,21.998009,-0.000000
member,11032,5,5,1,0.034128,0.966447,0.966447,0.147027,18.715866,3.360972,-0.147027
member,13611,6,6,1,0.000011,0.999989,0.999989,0.000139,21.250135,11.681248,-0.000139
member,26444,7,7,1,0.000002,0.999998,0.999998,0.000024,28.241379,13.313398,-0.000024
member,41257,1,1,1,0.000077,0.999923,0.999923,0.000879,17.005434,10.065684,-0.000879
member,11762,0,0,1,0.000003,0.999997,0.999997,0.000042,16.777590,13.004042,-0.000042
member,5235,9,9,1,0.000170,0.999830,0.999830,0.001642,19.925325,8.682165,-0.001642
member,5763,6,6,1,0.001215,0.998786,0.998786,0.009597,20.987652,6.755269,-0.009597
member,19732,6,6,1,0.000097,0.999903,0.999903,0.001014,20.409668,9.299100,-0.001014
member,39017,7,7,1,0.000128,0.999872,0.999872,0.001375,16.043709,9.324657,-0.001375
member,36078,7,7,1,0.004336,0.995673,0.995673,0.029184,15.432637,5.526331,-0.029184
member,44767,1,1,1,0.000113,0.999887,0.999887,0.001219,20.609514,9.536550,-0.001219
member,28280,1,1,1,0.000776,0.999224,0.999224,0.006330,53.709949,7.161041,-0.006330
member,46354,3,3,1,0.000526,0.999474,0.999474,0.004528,14.443516,7.557222,-0.004528
member,42758,1,1,1,0.004536,0.995475,0.995475,0.029592,25.657141,5.426601,-0.029592
member,48920,8,8,1,0.005664,0.994352,0.994352,0.038533,9.016593,5.360239,-0.038533
member,47078,9,9,1,0.000450,0.999550,0.999550,0.003916,27.689713,7.706434,-0.003916
member,18151,5,5,1,0.000935,0.999066,0.999066,0.008345,16.600452,7.520824,-0.008345
member,41440,8,8,1,0.001034,0.998966,0.998966,0.009114,14.921248,7.358047,-0.009114
member,18346,5,5,1,0.012882,0.987201,0.987201,0.072029,10.821269,4.400274,-0.072029
member,21522,0,0,1,0.000800,0.999200,0.999200,0.006510,15.341953,7.130633,-0.006510
member,39092,5,5,1,0.000028,0.999972,0.999972,0.000321,23.047077,10.501153,-0.000321
member,29608,5,5,1,0.004881,0.995130,0.995130,0.030930,17.529408,5.323743,-0.030930
member,19136,4,4,1,0.000006,0.999994,0.999994,0.000084,23.281027,12.292702,-0.000084
member,9384,0,0,1,0.003100,0.996905,0.996905,0.021109,21.435902,5.782519,-0.021109
member,21112,1,1,1,0.007925,0.992106,0.992106,0.046117,15.494451,4.834199,-0.046117
member,43030,4,4,1,0.000092,0.999908,0.999908,0.001008,23.932405,9.877150,-0.001008
member,16158,1,1,1,0.000002,0.999998,0.999998,0.000029,22.024567,13.162231,-0.000029
member,24592,0,0,1,0.000001,0.999999,0.999999,0.000012,22.851845,14.432696,-0.000012
member,27461,4,4,1,0.000411,0.999589,0.999589,0.003738,16.437256,7.865341,-0.003738
member,10166,4,4,1,0.000021,0.999979,0.999979,0.000268,13.436923,11.387192,-0.000268
member,34915,7,7,1,-0.000000,1.000000,1.000000,0.000000,38.342579,33.415268,-0.000000
member,34137,8,8,1,-0.000000,1.000000,1.000000,0.000000,48.489594,38.832542,-0.000000
member,31230,2,2,1,0.000003,0.999997,0.999997,0.000040,25.473467,12.754969,-0.000040
member,44957,3,3,1,0.000562,0.999438,0.999438,0.004774,21.137064,7.485387,-0.004774
member,3030,4,4,1,0.315676,0.729296,0.729296,0.645731,12.280399,1.046390,-0.645731
member,29206,7,7,1,0.000131,0.999869,0.999869,0.001373,19.296772,9.128345,-0.001373
member,31460,3,3,1,0.000171,0.999829,0.999829,0.001742,20.046703,8.896189,-0.001742
member,40776,5,5,1,0.001507,0.998494,0.998494,0.011309,18.267736,6.498312,-0.011309
member,43705,8,8,1,0.000007,0.999993,0.999993,0.000094,31.851488,11.827076,-0.000094
member,28614,4,4,1,0.000172,0.999828,0.999828,0.001663,20.398598,8.669822,-0.001663
member,30870,4,2,0,1.595457,0.202816,0.796235,0.512022,10.796362,-1.367596,0.512022
member,9068,8,8,1,0.000166,0.999834,0.999834,0.001615,17.969906,8.713529,-0.001615
member,22921,9,9,1,0.002719,0.997285,0.997285,0.018773,15.408607,5.906715,-0.018773
member,36211,3,3,1,0.000083,0.999917,0.999917,0.000868,25.769196,9.400959,-0.000868
member,30420,9,9,1,0.000001,0.999999,0.999999,0.000017,31.317638,14.140823,-0.000017
member,3227,6,6,1,0.000000,1.000000,1.000000,0.000002,34.348194,16.164175,-0.000002
member,44489,6,6,1,0.003917,0.996090,0.996090,0.025584,19.899498,5.540491,-0.025584
member,25419,0,0,1,0.071685,0.930825,0.930825,0.269215,9.016935,2.659224,-0.269215
member,32343,7,7,1,0.000001,0.999999,0.999999,0.000021,19.750044,13.976827,-0.000021
member,30372,5,5,1,0.000000,1.000000,1.000000,0.000003,23.726686,15.550956,-0.000003
member,18379,8,8,1,-0.000000,1.000000,1.000000,0.000001,21.992205,17.000601,-0.000001
member,35715,3,3,1,0.002577,0.997427,0.997427,0.019833,10.361745,6.271189,-0.019833
member,43931,7,7,1,0.000002,0.999998,0.999998,0.000024,28.951399,13.331361,-0.000024
member,5707,2,2,1,0.002779,0.997225,0.997225,0.019118,23.358564,5.884665,-0.019118
member,49577,5,5,1,0.002164,0.997839,0.997839,0.016085,24.475985,6.229307,-0.016085
member,26772,4,4,1,0.000021,0.999979,0.999979,0.000248,20.563339,10.809725,-0.000248
member,37654,6,6,1,0.000460,0.999540,0.999540,0.004041,20.744766,7.698864,-0.004041
member,385,9,9,1,0.000001,0.999999,0.999999,0.000013,18.506201,14.464117,-0.000013
member,39190,6,6,1,-0.000000,1.000000,1.000000,0.000001,30.460283,17.445604,-0.000001
member,3375,0,0,1,0.014291,0.985811,0.985811,0.076503,14.826796,4.273297,-0.076503
member,29724,0,0,1,0.000014,0.999986,0.999986,0.000186,19.551783,11.554310,-0.000186
member,18892,8,8,1,0.000001,0.999999,0.999999,0.000012,23.158373,14.043983,-0.000012
member,30061,4,4,1,0.000010,0.999990,0.999990,0.000131,27.517960,11.463699,-0.000131
member,3863,3,3,1,0.000445,0.999555,0.999555,0.004159,17.538179,8.115392,-0.004159
member,43115,5,5,1,0.003483,0.996523,0.996523,0.023158,22.515265,5.657997,-0.023158
member,7209,2,2,1,0.009740,0.990307,0.990307,0.056871,10.233652,4.675765,-0.056871
member,3366,1,1,1,0.000000,1.000000,1.000000,0.000002,26.620527,15.724792,-0.000002
member,14441,0,0,1,0.000003,0.999997,0.999997,0.000044,22.874197,13.336666,-0.000044
member,15970,7,7,1,0.001925,0.998077,0.998077,0.015278,15.986354,6.763111,-0.015278
member,45342,2,2,1,0.000080,0.999920,0.999920,0.000885,17.316767,9.835445,-0.000885
member,6075,0,0,1,0.000014,0.999986,0.999986,0.000177,24.898203,11.160412,-0.000177
member,32810,9,9,1,-0.000000,1.000000,1.000000,0.000000,22.224503,19.411322,-0.000000
member,47848,3,3,1,0.000110,0.999890,0.999890,0.001109,28.413425,9.118801,-0.001109
member,38201,7,7,1,-0.000000,1.000000,1.000000,0.000000,44.946457,25.073370,-0.000000
member,32661,0,0,1,0.000000,1.000000,1.000000,0.000006,27.276999,14.913650,-0.000006
member,2095,5,5,1,-0.000000,1.000000,1.000000,0.000000,38.625675,32.058540,-0.000000
member,28780,1,1,1,0.000002,0.999998,0.999998,0.000025,27.873911,13.461347,-0.000025
member,42962,7,7,1,-0.000000,1.000000,1.000000,0.000000,37.280453,29.824383,-0.000000
member,31465,6,6,1,0.026850,0.973507,0.973507,0.145387,14.274679,4.246179,-0.145387
member,3758,3,3,1,0.014772,0.985337,0.985337,0.076470,26.335878,4.207626,-0.076470
member,30136,1,1,1,0.000051,0.999949,0.999949,0.000582,21.799446,10.008357,-0.000582
member,13342,9,9,1,0.000005,0.999995,0.999995,0.000079,15.835795,12.776450,-0.000079
member,37833,9,9,1,0.010001,0.990049,0.990049,0.055776,22.279049,4.600082,-0.055776
member,16918,0,0,1,0.000113,0.999887,0.999887,0.001221,17.246750,9.358329,-0.001221
member,26792,2,2,1,0.001642,0.998359,0.998359,0.012429,13.830997,6.443202,-0.012429
member,28791,0,0,1,0.001202,0.998799,0.998799,0.009291,22.999540,6.724291,-0.009291
member,46385,6,6,1,0.000107,0.999893,0.999893,0.001110,16.856064,9.177363,-0.001110
member,47794,7,7,1,0.000015,0.999985,0.999985,0.000187,15.459561,11.317549,-0.000187
member,13674,8,8,1,-0.000000,1.000000,1.000000,0.000000,58.116455,34.795700,-0.000000
member,19393,7,7,1,0.000028,0.999972,0.999972,0.000321,20.905828,10.486780,-0.000321
member,16765,1,1,1,0.000000,1.000000,1.000000,0.000004,24.874380,15.538812,-0.000004
member,11313,2,2,1,0.000048,0.999952,0.999952,0.000536,17.952023,9.963667,-0.000536
member,46456,7,7,1,0.001964,0.998038,0.998038,0.015436,17.078251,6.548597,-0.015436
member,22608,0,0,1,0.000156,0.999844,0.999844,0.001584,17.725510,8.895775,-0.001584
member,8920,1,1,1,0.000987,0.999013,0.999013,0.008401,13.552547,7.203757,-0.008401
member,1281,3,3,1,0.001565,0.998437,0.998437,0.012706,17.702429,6.860700,-0.012706
member,46449,8,8,1,0.013011,0.987073,0.987073,0.069647,18.600908,4.343246,-0.069647
member,33863,4,4,1,0.008269,0.991765,0.991765,0.051360,14.278169,4.965679,-0.051360
member,9064,0,0,1,0.000016,0.999984,0.999984,0.000212,16.883989,11.576567,-0.000212
member,39821,2,2,1,0.000143,0.999857,0.999857,0.001560,15.683304,9.397411,-0.001560
member,23077,0,0,1,0.000595,0.999405,0.999405,0.005013,21.787657,7.426847,-0.005013
member,24065,3,3,1,-0.000000,1.000000,1.000000,0.000000,27.652082,18.883099,-0.000000
member,914,6,6,1,0.000001,0.999999,0.999999,0.000015,27.495310,14.103589,-0.000015
member,22125,3,3,1,0.000523,0.999477,0.999477,0.004871,12.796397,7.848660,-0.004871
member,23364,7,7,1,0.009778,0.990270,0.990270,0.055106,12.976243,4.627835,-0.055106
member,31431,4,4,1,0.001559,0.998442,0.998442,0.012825,12.478480,6.753860,-0.012825
member,26749,7,7,1,0.000261,0.999739,0.999739,0.002412,23.359806,8.252057,-0.002412
member,33779,3,3,1,0.017053,0.983092,0.983092,0.085772,21.485231,4.063030,-0.085772
member,41927,4,4,1,0.019512,0.980677,0.980677,0.096629,17.169140,3.938493,-0.096629
member,17471,1,1,1,0.005497,0.994518,0.994518,0.034027,18.765749,5.201134,-0.034027
member,19315,4,4,1,0.000026,0.999974,0.999974,0.000308,17.421881,10.704418,-0.000308
member,44428,6,6,1,-0.000000,1.000000,1.000000,0.000000,27.840265,19.005634,-0.000000
member,32656,5,5,1,0.003992,0.996016,0.996016,0.026156,14.904025,5.527307,-0.026156
member,36917,3,3,1,0.000000,1.000000,1.000000,0.000004,28.874189,15.348903,-0.000004
member,898,7,7,1,0.000002,0.999998,0.999998,0.000029,23.631102,13.107412,-0.000029
member,23558,2,2,1,0.015376,0.984742,0.984742,0.081257,11.695891,4.198131,-0.081257
member,46237,1,1,1,-0.000000,1.000000,1.000000,0.000000,33.350826,18.695702,-0.000000
member,40170,6,6,1,0.003244,0.996761,0.996761,0.021870,18.628830,5.731945,-0.021870
member,23307,8,8,1,-0.000000,1.000000,1.000000,0.000000,29.792374,25.788052,-0.000000
member,17628,8,8,1,0.000002,0.999998,0.999998,0.000027,34.065815,13.178072,-0.000027
member,17518,5,5,1,0.000219,0.999781,0.999781,0.002128,17.884790,8.507814,-0.002128
member,971,8,8,1,0.000000,1.000000,1.000000,0.000003,28.273996,15.573537,-0.000003
member,35852,9,9,1,0.000002,0.999998,0.999998,0.000029,38.195972,13.099573,-0.000029
member,12130,0,0,1,-0.000000,1.000000,1.000000,0.000001,20.451155,16.945156,-0.000001
member,11461,8,8,1,-0.000000,1.000000,1.000000,0.000000,29.179049,19.535730,-0.000000
member,18694,0,0,1,0.001855,0.998147,0.998147,0.014687,17.662750,6.679114,-0.014687
member,44135,7,7,1,0.003428,0.996578,0.996578,0.023534,19.972265,5.725027,-0.023534
member,11048,6,6,1,0.592842,0.552754,0.552754,0.688273,19.686947,0.211954,-0.688273
member,18126,6,6,1,0.000032,0.999968,0.999968,0.000380,22.599440,10.811153,-0.000380
member,6526,6,6,1,0.000075,0.999925,0.999925,0.000810,17.624250,9.542248,-0.000810
member,35962,7,7,1,0.001654,0.998347,0.998347,0.013311,12.691429,6.660290,-0.013311
member,2132,3,3,1,0.002199,0.997804,0.997804,0.017282,11.338233,6.624503,-0.017282
member,32290,0,0,1,0.000008,0.999992,0.999992,0.000105,22.671154,11.794096,-0.000105
member,11224,0,0,1,0.002134,0.997869,0.997869,0.017488,11.386438,6.491589,-0.017488
member,49690,4,4,1,0.000050,0.999950,0.999950,0.000566,26.102781,10.094198,-0.000566
member,2372,2,2,1,0.018592,0.981580,0.981580,0.104742,8.513627,4.173428,-0.104742
member,18999,0,0,1,0.060089,0.941681,0.941681,0.222989,15.634441,2.783231,-0.222989
member,6484,2,2,1,0.000001,0.999999,0.999999,0.000011,20.203600,14.621332,-0.000011
member,18253,8,8,1,0.000005,0.999995,0.999995,0.000067,28.583504,12.235397,-0.000067
member,38923,4,4,1,0.021078,0.979143,0.979143,0.101601,17.429703,3.850477,-0.101601
member,8615,7,7,1,0.006159,0.993860,0.993860,0.044041,13.377806,5.850906,-0.044041
member,28322,6,6,1,0.006449,0.993572,0.993572,0.042098,17.949266,5.259038,-0.042098
member,36523,4,4,1,0.000397,0.999603,0.999603,0.003966,15.398328,8.794649,-0.003966
member,8578,0,0,1,-0.000000,1.000000,1.000000,0.000001,28.834694,17.277023,-0.000001
member,42513,5,5,1,0.001516,0.998485,0.998485,0.012412,15.255136,7.070323,-0.012412
member,8020,5,5,1,0.000013,0.999987,0.999987,0.000158,29.044228,11.263422,-0.000158
member,47344,4,4,1,0.000848,0.999152,0.999152,0.006848,20.907389,7.072409,-0.006848
member,39100,3,3,1,0.001750,0.998251,0.998251,0.015085,10.165150,7.148713,-0.015085
member,38366,5,5,1,0.000491,0.999509,0.999509,0.004583,13.297547,7.848220,-0.004583
member,1012,0,0,1,0.021447,0.978781,0.978781,0.110537,12.671960,3.930900,-0.110537
member,2247,2,2,1,0.006670,0.993352,0.993352,0.039953,25.563599,5.006832,-0.039953
member,21317,7,7,1,0.000017,0.999983,0.999983,0.000216,18.844954,11.596231,-0.000216
member,44842,2,2,1,0.000011,0.999989,0.999989,0.000142,24.941107,11.403051,-0.000142
member,33283,5,5,1,0.014537,0.985568,0.985568,0.078065,15.274672,4.259114,-0.078065
member,37638,6,6,1,-0.000000,1.000000,1.000000,0.000000,45.993641,30.543861,-0.000000
member,41586,1,1,1,0.000000,1.000000,1.000000,0.000002,35.656631,15.817957,-0.000002
member,49128,0,0,1,0.000115,0.999885,0.999885,0.001189,29.341593,9.138962,-0.001189
member,48362,5,5,1,0.000006,0.999994,0.999994,0.000081,20.240171,12.202266,-0.000081
member,44019,1,1,1,0.000209,0.999791,0.999791,0.001981,23.713638,8.474656,-0.001981
member,20495,5,5,1,0.004165,0.995844,0.995844,0.027841,14.783791,5.536663,-0.027841
member,5567,1,1,1,0.000670,0.999331,0.999331,0.005562,28.792145,7.308344,-0.005562
member,11832,8,8,1,0.000000,1.000000,1.000000,0.000001,24.383863,16.519892,-0.000001
member,38330,1,1,1,0.000709,0.999291,0.999291,0.005848,17.368607,7.251705,-0.005848
member,32211,7,7,1,0.008356,0.991679,0.991679,0.049029,16.777546,4.802703,-0.049029
member,25615,0,0,1,0.000036,0.999964,0.999964,0.000400,34.368599,10.243828,-0.000400
member,44931,5,5,1,0.000030,0.999970,0.999970,0.000363,16.414957,10.596420,-0.000363
member,231,6,6,1,0.000047,0.999953,0.999953,0.000514,21.896917,9.981210,-0.000514
member,38514,1,1,1,-0.000000,1.000000,1.000000,0.000000,38.459206,18.750082,-0.000000
member,41663,1,1,1,0.000000,1.000000,1.000000,0.000003,31.019985,15.494355,-0.000003
member,5977,8,8,1,0.000003,0.999997,0.999997,0.000037,17.506104,13.167705,-0.000037
member,6648,2,2,1,0.000087,0.999913,0.999913,0.000974,15.207813,9.736956,-0.000974
member,40879,6,6,1,0.000469,0.999531,0.999531,0.004390,21.432524,8.251142,-0.004390
member,37518,6,6,1,0.000827,0.999174,0.999174,0.006693,22.286707,7.097938,-0.006693
member,17609,1,1,1,-0.000000,1.000000,1.000000,0.000000,50.117455,22.739784,-0.000000
member,28059,1,1,1,0.000001,0.999999,0.999999,0.000015,27.961626,13.925005,-0.000015
member,12257,0,0,1,0.001089,0.998912,0.998912,0.008522,20.821348,6.823764,-0.008522
member,23745,6,6,1,0.000152,0.999848,0.999848,0.001490,26.822638,8.795137,-0.001490
member,21356,5,5,1,0.187150,0.829319,0.829319,0.492167,13.214581,1.634467,-0.492167
member,2893,6,6,1,0.000001,0.999999,0.999999,0.000014,22.665648,13.864920,-0.000014
member,24414,8,8,1,-0.000000,1.000000,1.000000,0.000000,38.640926,24.901207,-0.000000
member,14229,2,2,1,0.000006,0.999994,0.999994,0.000073,26.614586,12.117715,-0.000073
member,23399,8,8,1,0.000010,0.999990,0.999990,0.000123,20.087505,11.544249,-0.000123
member,2638,6,6,1,0.000005,0.999995,0.999995,0.000067,22.889652,12.189800,-0.000067
member,47261,5,5,1,0.000063,0.999937,0.999937,0.000678,19.244623,9.705204,-0.000678
member,10151,0,0,1,0.000001,0.999999,0.999999,0.000016,22.467028,13.748840,-0.000016
member,45310,3,3,1,0.001262,0.998739,0.998739,0.010416,16.207909,6.952538,-0.010416
member,14417,1,1,1,0.000085,0.999915,0.999915,0.000886,33.670418,9.367907,-0.000886
member,39356,4,4,1,0.000180,0.999820,0.999820,0.001829,19.745087,8.806468,-0.001829
member,30250,4,4,1,0.000768,0.999233,0.999233,0.006875,15.247733,7.579883,-0.006875
member,28592,3,3,1,0.012156,0.987918,0.987918,0.077451,10.164749,4.867280,-0.077451
member,48388,2,2,1,0.003487,0.996519,0.996519,0.025142,15.188357,5.930253,-0.025142
member,21210,2,2,1,0.001616,0.998385,0.998385,0.013379,11.864885,6.771947,-0.013379
member,42732,6,6,1,0.000065,0.999935,0.999935,0.000694,27.754148,9.637856,-0.000694
member,10970,4,4,1,0.000011,0.999989,0.999989,0.000143,23.757162,11.385535,-0.000143
member,31537,8,8,1,0.000098,0.999902,0.999902,0.001001,25.647331,9.232244,-0.001001
member,26533,7,7,1,0.000022,0.999978,0.999978,0.000259,27.852175,10.719660,-0.000259
member,29311,1,1,1,0.000046,0.999954,0.999954,0.000514,18.855309,10.003231,-0.000514
member,36835,2,2,1,0.000001,0.999999,0.999999,0.000018,17.465115,14.479761,-0.000018
member,5931,4,4,1,0.002461,0.997542,0.997542,0.019058,11.307185,6.297295,-0.019058
member,3804,6,6,1,0.000001,0.999999,0.999999,0.000016,22.009212,14.498791,-0.000016
member,30202,6,6,1,0.010749,0.989308,0.989308,0.060233,15.296124,4.548375,-0.060233
member,33211,3,3,1,0.000521,0.999479,0.999479,0.004783,14.936221,7.803477,-0.004783
member,48169,2,2,1,0.000004,0.999996,0.999996,0.000054,18.988121,12.805731,-0.000054
member,2980,7,7,1,0.000120,0.999880,0.999880,0.001242,20.199270,9.132323,-0.001242
member,16785,0,0,1,0.000017,0.999983,0.999983,0.000202,33.532345,10.989407,-0.000202
member,25497,7,7,1,0.000131,0.999869,0.999869,0.001318,20.984894,8.962565,-0.001318
member,3737,9,9,1,-0.000000,1.000000,1.000000,0.000000,36.827271,22.433096,-0.000000
member,31466,6,6,1,0.021139,0.979083,0.979083,0.102621,15.210705,3.853623,-0.102621
member,21680,9,9,1,-0.000000,1.000000,1.000000,0.000000,20.337393,18.755140,-0.000000
member,47029,5,5,1,0.006975,0.993050,0.993050,0.041469,18.665606,4.962034,-0.041469
member,20992,7,7,1,0.000028,0.999972,0.999972,0.000334,18.139765,10.514385,-0.000334
member,23409,3,3,1,0.000001,0.999999,0.999999,0.000012,26.448755,14.076142,-0.000012
member,4377,6,6,1,0.000000,1.000000,1.000000,0.000001,32.234131,16.612270,-0.000001
member,24847,3,3,1,0.000268,0.999732,0.999732,0.002697,14.438413,8.912167,-0.002697
member,45655,1,1,1,0.000015,0.999985,0.999985,0.000186,30.997194,11.438339,-0.000186
member,42860,1,1,1,-0.000000,1.000000,1.000000,0.000000,26.210661,17.947166,-0.000000
member,43941,7,7,1,0.001314,0.998687,0.998687,0.010742,16.124357,6.814516,-0.010742
member,3095,6,6,1,0.000031,0.999969,0.999969,0.000352,20.388269,10.406361,-0.000352
member,36267,8,8,1,-0.000000,1.000000,1.000000,0.000000,29.342377,21.985123,-0.000000
member,14277,8,8,1,0.000239,0.999761,0.999761,0.002231,28.769733,8.339483,-0.002231
member,11591,8,8,1,0.000144,0.999856,0.999856,0.001416,22.882212,8.847226,-0.001416
member,44475,1,1,1,0.000000,1.000000,1.000000,0.000004,28.174496,15.302341,-0.000004
member,46565,5,5,1,0.000029,0.999971,0.999971,0.000355,17.410364,11.035516,-0.000355
member,43710,1,1,1,0.002158,0.997845,0.997845,0.015467,20.791233,6.143991,-0.015467
member,38691,1,1,1,-0.000000,1.000000,1.000000,0.000001,36.138691,17.143370,-0.000001
member,27024,1,1,1,0.000002,0.999998,0.999998,0.000035,22.702593,13.432528,-0.000035
member,38844,6,6,1,0.000000,1.000000,1.000000,0.000003,31.748119,15.547262,-0.000003
member,30141,0,0,1,0.000070,0.999930,0.999930,0.000766,26.090620,9.662828,-0.000766
member,8394,9,9,1,-0.000000,1.000000,1.000000,0.000000,36.318802,27.210991,-0.000000
member,4605,6,6,1,0.000313,0.999687,0.999687,0.002861,18.026907,8.084092,-0.002861
member,33051,2,2,1,0.000022,0.999978,0.999978,0.000267,19.889465,10.977448,-0.000267
member,35009,3,3,1,0.022520,0.977731,0.977731,0.107167,16.720444,3.784652,-0.107167
member,16695,2,2,1,0.000483,0.999517,0.999517,0.004230,17.459164,7.661801,-0.004230
member,24587,0,0,1,-0.000000,1.000000,1.000000,0.000001,26.111780,16.675058,-0.000001
member,18983,5,5,1,0.168905,0.844589,0.844589,0.432518,14.866580,1.693167,-0.432518
member,5715,2,2,1,0.000688,0.999312,0.999312,0.005853,19.018326,7.341480,-0.005853
member,34075,6,6,1,0.000510,0.999490,0.999490,0.004797,13.875921,8.279446,-0.004797
member,41051,1,1,1,0.000073,0.999927,0.999927,0.000768,29.210434,9.526165,-0.000768
member,22739,7,7,1,0.000003,0.999997,0.999997,0.000045,31.361301,12.615713,-0.000045
member,32476,9,9,1,0.002756,0.997248,0.997248,0.020660,13.007413,6.095685,-0.020660
member,42198,3,3,1,0.116053,0.890428,0.890428,0.346422,14.601865,2.095885,-0.346422
member,23865,8,8,1,0.076025,0.926793,0.926793,0.262841,11.822042,2.540081,-0.262841
member,48815,7,7,1,0.000186,0.999814,0.999814,0.001787,25.020386,8.587934,-0.001787
member,42084,3,3,1,0.234929,0.790627,0.790627,0.515867,14.184693,1.330436,-0.515867
member,1876,6,6,1,0.000017,0.999983,0.999983,0.000204,31.856712,10.987570,-0.000204
member,7789,3,3,1,-0.000000,1.000000,1.000000,0.000001,30.860163,17.247549,-0.000001
member,4305,4,4,1,0.000043,0.999957,0.999957,0.000485,16.907724,10.120888,-0.000485
member,625,6,6,1,0.000013,0.999987,0.999987,0.000157,29.778599,11.265921,-0.000157
member,39755,7,7,1,0.000097,0.999903,0.999903,0.001054,13.851617,9.432087,-0.001054
member,15000,0,0,1,0.006063,0.993955,0.993955,0.037862,14.116559,5.137105,-0.037862
member,15644,7,7,1,0.018419,0.981750,0.981750,0.098837,13.904947,4.099640,-0.098837
member,30602,2,2,1,0.000051,0.999949,0.999949,0.000569,17.712872,9.954708,-0.000569
member,29897,2,2,1,0.062418,0.939490,0.939490,0.283311,8.765664,3.241379,-0.283311
member,34419,8,8,1,0.000071,0.999929,0.999929,0.000789,18.817070,9.753231,-0.000789
member,41100,4,4,1,0.236918,0.789056,0.789056,0.516771,19.822685,1.320120,-0.516771
member,14032,3,3,1,0.003312,0.996693,0.996693,0.025822,14.997786,6.514176,-0.025822
member,19140,3,3,1,0.000276,0.999724,0.999724,0.002550,18.275085,8.206455,-0.002550
member,35630,4,4,1,0.022750,0.977507,0.977507,0.130210,13.563015,4.316933,-0.130210
member,48654,9,9,1,-0.000000,1.000000,1.000000,0.000000,23.832436,18.308132,-0.000000
member,35022,2,2,1,0.071489,0.931006,0.931006,0.307281,11.141099,3.243043,-0.307281
member,46126,6,6,1,0.004720,0.995291,0.995291,0.032293,13.268497,5.503994,-0.032293
member,5610,3,3,1,-0.000000,1.000000,1.000000,0.000001,26.424685,17.219387,-0.000001
member,39231,7,7,1,0.003816,0.996191,0.996191,0.026495,13.431303,5.653290,-0.026495
member,10644,1,1,1,0.000598,0.999402,0.999402,0.005036,28.581951,7.421770,-0.005036
member,49988,5,5,1,0.011603,0.988464,0.988464,0.076578,8.172241,5.154531,-0.076578
member,19371,0,0,1,0.000013,0.999987,0.999987,0.000159,25.312071,11.273798,-0.000159
member,35075,2,2,1,0.003765,0.996242,0.996242,0.025172,17.728357,5.604640,-0.025172
member,45171,7,7,1,-0.000000,1.000000,1.000000,0.000000,30.907413,19.601191,-0.000000
member,4384,4,4,1,0.000013,0.999987,0.999987,0.000173,18.004066,11.844416,-0.000173
member,14458,9,9,1,-0.000000,1.000000,1.000000,0.000000,28.326529,20.656624,-0.000000
member,16476,8,8,1,-0.000000,1.000000,1.000000,0.000000,29.225658,23.624613,-0.000000
member,12761,0,0,1,0.002077,0.997925,0.997925,0.014989,24.170483,6.182457,-0.014989
member,24554,8,8,1,0.000000,1.000000,1.000000,0.000002,26.282658,16.232067,-0.000002
member,20453,1,1,1,0.000744,0.999257,0.999257,0.006156,18.510025,7.216728,-0.006156
member,480,9,9,1,-0.000000,1.000000,1.000000,0.000000,24.962152,20.292143,-0.000000
member,37868,5,5,1,-0.000000,1.000000,1.000000,0.000000,31.727261,22.107830,-0.000000
member,42001,5,5,1,0.003759,0.996249,0.996249,0.025651,12.607570,5.638700,-0.025651
member,42703,9,9,1,0.000003,0.999997,0.999997,0.000048,18.333277,13.276657,-0.000048
member,38465,4,4,1,0.000360,0.999640,0.999640,0.003548,14.992242,8.583694,-0.003548
member,12980,7,7,1,0.000076,0.999924,0.999924,0.000802,21.214508,9.480562,-0.000802
member,9733,2,2,1,0.000000,1.000000,1.000000,0.000004,25.040617,15.519075,-0.000004
member,26182,8,8,1,-0.000000,1.000000,1.000000,0.000000,35.573349,20.493919,-0.000000
member,28680,2,2,1,0.000098,0.999902,0.999902,0.001064,17.035849,9.406666,-0.001064
member,15189,2,2,1,0.000001,0.999999,0.999999,0.000011,26.233906,14.157090,-0.000011
member,45946,1,1,1,0.000098,0.999902,0.999902,0.001039,17.177324,9.317733,-0.001039
member,36079,6,6,1,0.000102,0.999898,0.999898,0.001049,19.055422,9.199813,-0.001049
member,31255,5,5,1,0.000031,0.999969,0.999969,0.000384,19.130774,10.887035,-0.000384
member,47126,4,4,1,0.000004,0.999996,0.999996,0.000055,26.294096,12.567606,-0.000055
member,26492,6,6,1,-0.000000,1.000000,1.000000,0.000001,20.076616,17.404228,-0.000001
member,47922,4,4,1,0.000291,0.999709,0.999709,0.002808,19.962053,8.300976,-0.002808
member,7327,0,0,1,0.001537,0.998464,0.998464,0.011487,31.736513,6.476931,-0.011487
member,273,9,9,1,0.000022,0.999978,0.999978,0.000255,25.097767,10.754987,-0.000255
member,29650,2,2,1,-0.000000,1.000000,1.000000,0.000001,27.370806,16.974670,-0.000001
member,32906,5,5,1,0.000025,0.999975,0.999975,0.000290,30.155399,10.595013,-0.000290
member,15039,6,6,1,0.039737,0.961042,0.961042,0.174976,11.407133,3.269561,-0.174976
member,23848,0,0,1,0.267886,0.764995,0.764995,0.546286,16.157871,1.180740,-0.546286
member,32853,6,6,1,0.022585,0.977668,0.977668,0.128181,18.727915,4.327111,-0.128181
member,15108,3,3,1,0.000974,0.999026,0.999026,0.007958,19.750204,6.986176,-0.007958
member,16159,8,8,1,-0.000000,1.000000,1.000000,0.000000,34.426022,25.893494,-0.000000
member,42474,3,3,1,0.002848,0.997156,0.997156,0.021875,11.493981,6.241912,-0.021875
member,2174,3,3,1,0.000141,0.999859,0.999859,0.001414,25.568497,8.910807,-0.001414
member,43098,1,1,1,0.000007,0.999993,0.999993,0.000095,17.084419,12.080742,-0.000095
member,26677,9,9,1,-0.000000,1.000000,1.000000,0.000000,32.387474,24.337650,-0.000000
member,20124,0,0,1,0.001450,0.998551,0.998551,0.011953,17.372408,7.068959,-0.011953
member,46574,9,9,1,0.001791,0.998210,0.998210,0.013954,13.375344,6.432804,-0.013954
member,38341,0,0,1,0.000000,1.000000,1.000000,0.000007,24.430351,14.589823,-0.000007
member,31063,2,2,1,0.000390,0.999610,0.999610,0.003836,13.761407,8.464836,-0.003836
member,4351,2,2,1,0.000420,0.999580,0.999580,0.003845,14.735659,7.895942,-0.003845
member,15298,3,3,1,0.021467,0.978762,0.978762,0.104279,15.337942,3.843074,-0.104279
member,758,4,4,1,0.033399,0.967152,0.967152,0.177296,13.608645,4.026196,-0.177296
member,25812,3,3,1,0.004409,0.995600,0.995600,0.031582,14.086062,6.052608,-0.031582
member,23972,0,0,1,-0.000000,1.000000,1.000000,0.000000,38.710117,21.967899,-0.000000
member,22140,9,9,1,0.000000,1.000000,1.000000,0.000003,22.523718,15.592670,-0.000003
member,7514,8,8,1,-0.000000,1.000000,1.000000,0.000000,33.207367,19.668755,-0.000000
member,1818,2,2,1,-0.000000,1.000000,1.000000,0.000001,30.444660,17.207148,-0.000001
member,13819,2,2,1,0.025367,0.974952,0.974952,0.120507,11.607625,3.689484,-0.120507
member,46525,5,5,1,0.000008,0.999992,0.999992,0.000099,22.683474,11.784128,-0.000099
member,42047,9,9,1,0.000260,0.999740,0.999740,0.002418,14.958533,8.261724,-0.002418
member,27011,9,9,1,0.000005,0.999995,0.999995,0.000062,29.691984,12.273771,-0.000062
member,47047,6,6,1,0.000000,1.000000,1.000000,0.000007,24.832184,15.015764,-0.000007
member,14363,7,7,1,0.000377,0.999623,0.999623,0.003348,26.222830,7.883257,-0.003348
member,13904,9,9,1,0.000025,0.999975,0.999975,0.000310,17.133545,10.961151,-0.000310
member,36895,7,7,1,0.000699,0.999301,0.999301,0.006386,17.595165,7.744487,-0.006386
member,38797,8,8,1,0.000017,0.999983,0.999983,0.000213,18.645498,11.029914,-0.000213
member,44981,8,8,1,-0.000000,1.000000,1.000000,0.000000,37.512592,23.066889,-0.000000
member,32836,8,8,1,0.001398,0.998603,0.998603,0.010589,23.771408,6.573210,-0.010589
member,44958,7,7,1,0.024024,0.976262,0.976262,0.112372,15.251873,3.717216,-0.112372
member,29502,3,3,1,0.000096,0.999904,0.999904,0.001091,13.388222,9.761932,-0.001091
member,34118,1,1,1,-0.000000,1.000000,1.000000,0.000000,49.918915,17.639385,-0.000000
member,25430,6,6,1,0.000079,0.999921,0.999921,0.000821,34.188328,9.452255,-0.000821
member,25376,3,3,1,0.006284,0.993735,0.993735,0.038218,18.949909,5.070891,-0.038218
member,48786,5,5,1,0.000023,0.999977,0.999977,0.000288,16.944355,11.114274,-0.000288
member,40184,1,1,1,0.000069,0.999931,0.999931,0.000733,47.411591,9.576672,-0.000733
member,17593,1,1,1,-0.000000,1.000000,1.000000,0.000000,45.077839,27.755749,-0.000000
member,22678,7,7,1,0.000000,1.000000,1.000000,0.000003,28.630434,15.992743,-0.000003
member,15239,8,8,1,0.000069,0.999931,0.999931,0.000752,19.694750,9.643886,-0.000752
member,8404,4,4,1,0.010317,0.989736,0.989736,0.060087,15.137511,4.652101,-0.060087
member,11396,5,5,1,0.000410,0.999590,0.999590,0.003664,20.175179,7.820093,-0.003664
member,38654,3,3,1,0.009576,0.990470,0.990470,0.059047,11.949240,4.860145,-0.059047
member,20500,8,8,1,0.000000,1.000000,1.000000,0.000002,22.721745,16.452309,-0.000002
member,17066,8,8,1,0.000000,1.000000,1.000000,0.000004,22.184450,15.911859,-0.000004
member,48545,2,2,1,0.000069,0.999931,0.999931,0.000755,17.221508,9.648060,-0.000755
member,7801,0,0,1,0.000002,0.999998,0.999998,0.000027,27.106602,13.162184,-0.000027
member,44527,8,8,1,0.000034,0.999966,0.999966,0.000380,29.185860,10.298801,-0.000380
member,46621,5,5,1,0.000783,0.999218,0.999218,0.006378,23.838116,7.152693,-0.006378
member,12230,0,0,1,0.000316,0.999684,0.999684,0.003097,16.352299,8.360998,-0.003097
member,26506,9,9,1,0.000036,0.999964,0.999964,0.000431,19.037310,10.521590,-0.000431
member,40432,0,0,1,0.000296,0.999704,0.999704,0.002790,13.510999,8.199469,-0.002790
member,41026,1,1,1,0.001684,0.998318,0.998318,0.013536,15.608438,6.626427,-0.013536
member,5266,0,0,1,0.004756,0.995256,0.995256,0.030362,19.550863,5.355070,-0.030362
member,35759,3,3,1,0.000077,0.999923,0.999923,0.000852,14.354706,9.663971,-0.000852
member,43567,4,4,1,0.012107,0.987966,0.987966,0.065158,21.277447,4.408005,-0.065158
member,351,6,6,1,-0.000000,1.000000,1.000000,0.000000,29.179083,18.633904,-0.000000
member,5011,9,9,1,0.000000,1.000000,1.000000,0.000005,26.559523,15.027446,-0.000005
member,6576,8,8,1,0.000000,1.000000,1.000000,0.000003,25.343557,15.716657,-0.000003
member,3222,3,3,1,0.000001,0.999999,0.999999,0.000021,21.392267,14.001966,-0.000021
member,1576,2,2,1,0.000067,0.999933,0.999933,0.000729,16.891897,9.694374,-0.000729
member,3661,1,1,1,-0.000000,1.000000,1.000000,0.000000,44.657814,24.460249,-0.000000
member,15044,0,0,1,-0.000000,1.000000,1.000000,0.000000,24.418016,18.945261,-0.000000
member,16234,9,9,1,-0.000000,1.000000,1.000000,0.000000,35.545464,26.045977,-0.000000
member,40296,1,1,1,0.000236,0.999764,0.999764,0.002209,18.413929,8.353184,-0.002209
member,17546,4,6,0,2.481255,0.083638,0.781474,0.670525,11.682313,-2.234682,0.670525
member,22882,1,1,1,0.000000,1.000000,1.000000,0.000005,20.263945,15.697931,-0.000005
member,3539,4,4,1,0.000002,0.999998,0.999998,0.000029,17.826996,13.141369,-0.000029
member,11042,8,8,1,-0.000000,1.000000,1.000000,0.000000,38.976330,29.403530,-0.000000
member,21163,2,2,1,0.000005,0.999995,0.999995,0.000066,16.910877,12.323933,-0.000066
member,10824,1,1,1,0.000271,0.999729,0.999729,0.002515,15.275282,8.225630,-0.002515
member,26491,1,1,1,-0.000000,1.000000,1.000000,0.000001,22.849247,17.070930,-0.000001
member,13586,9,9,1,-0.000000,1.000000,1.000000,0.000000,54.610001,24.992708,-0.000000
member,31849,4,4,1,0.000154,0.999846,0.999846,0.001509,25.776566,8.777857,-0.001509
member,18124,7,7,1,0.000000,1.000000,1.000000,0.000003,20.292601,16.200285,-0.000003
member,3604,5,5,1,0.002580,0.997423,0.997423,0.018040,14.355453,5.964520,-0.018040
member,44359,1,1,1,0.000558,0.999442,0.999442,0.004881,26.887070,7.565954,-0.004881
member,25608,1,1,1,0.000002,0.999998,0.999998,0.000026,35.108597,13.198156,-0.000026
member,35065,2,2,1,0.004977,0.995036,0.995036,0.032766,15.445383,5.390614,-0.032766
member,38938,7,7,1,0.253565,0.776029,0.776029,0.717197,8.791382,1.940804,-0.717197
member,13486,2,2,1,0.007988,0.992044,0.992044,0.051860,11.594678,5.368105,-0.051860
member,49620,7,7,1,0.000001,0.999999,0.999999,0.000016,32.817600,13.767761,-0.000016
member,14748,5,5,1,0.000520,0.999480,0.999480,0.004533,21.978300,7.590960,-0.004533
member,41951,3,3,1,0.033878,0.966689,0.966689,0.146263,17.411940,3.368657,-0.146263
member,37350,3,3,1,0.017762,0.982395,0.982395,0.104684,8.670289,4.471179,-0.104684
member,39608,3,3,1,0.053059,0.948324,0.948324,0.215484,10.370096,2.958501,-0.215484
member,35202,0,0,1,0.000339,0.999661,0.999661,0.003139,27.945702,8.062149,-0.003139
member,40378,3,3,1,0.002031,0.997971,0.997971,0.014611,23.364882,6.198763,-0.014611
member,46314,8,8,1,-0.000000,1.000000,1.000000,0.000001,20.587452,17.959435,-0.000001
member,38373,5,5,1,0.000497,0.999503,0.999503,0.004356,19.191313,7.639210,-0.004356
member,26978,4,4,1,0.012893,0.987189,0.987189,0.075851,10.381242,4.610916,-0.075851
member,33252,1,1,1,0.005221,0.994793,0.994793,0.035177,15.426392,5.465717,-0.035177
member,41289,1,1,1,0.007143,0.992882,0.992882,0.042291,17.095957,4.938053,-0.042291
member,44003,4,4,1,0.083117,0.920243,0.920243,0.348565,10.019729,2.875815,-0.348565
member,35415,4,4,1,0.008162,0.991871,0.991871,0.047390,22.122892,4.806990,-0.047390
member,32840,8,8,1,0.004661,0.995350,0.995350,0.031357,25.801588,5.498472,-0.031357
member,6965,5,5,1,0.001026,0.998974,0.998974,0.008957,13.246785,7.428318,-0.008957
member,39300,3,3,1,0.013690,0.986403,0.986403,0.073620,13.143140,4.308743,-0.073620
member,30103,1,1,1,0.000053,0.999947,0.999947,0.000580,24.413162,9.845013,-0.000580
member,6788,8,8,1,0.000005,0.999995,0.999995,0.000070,20.810244,12.221544,-0.000070
member,29666,0,0,1,0.007832,0.992199,0.992199,0.047876,17.666712,4.932409,-0.047876
member,35220,7,7,1,-0.000000,1.000000,1.000000,0.000000,23.664000,18.182383,-0.000000
member,18593,8,8,1,0.000000,1.000000,1.000000,0.000002,31.588240,15.820732,-0.000002
member,35448,2,2,1,0.000738,0.999263,0.999263,0.006997,11.895170,7.934474,-0.006997
member,6995,8,8,1,-0.000000,1.000000,1.000000,0.000000,31.563456,24.711256,-0.000000
member,9165,7,7,1,0.005582,0.994433,0.994433,0.035801,21.137617,5.248188,-0.035801
member,9189,1,1,1,0.222131,0.800810,0.800810,0.499288,29.803795,1.391369,-0.499288
member,36615,0,0,1,0.000288,0.999712,0.999712,0.002635,22.506910,8.152869,-0.002635
member,43158,7,7,1,0.002097,0.997905,0.997905,0.016808,11.450191,6.580431,-0.016808
member,16780,3,3,1,0.003400,0.996606,0.996606,0.022757,24.774271,5.685423,-0.022757
member,13671,2,2,1,0.000010,0.999990,0.999990,0.000126,18.910776,11.527470,-0.000126
member,49473,8,8,1,0.000005,0.999995,0.999995,0.000070,16.186773,12.656311,-0.000070
member,17419,2,2,1,0.000012,0.999988,0.999988,0.000152,22.096134,11.306491,-0.000152
member,5034,7,7,1,0.000003,0.999997,0.999997,0.000040,19.126917,12.924500,-0.000040
member,2902,2,2,1,0.000338,0.999662,0.999662,0.003037,39.979107,7.992846,-0.003037
member,11476,3,3,1,0.097314,0.907271,0.907271,0.339270,15.050046,2.386975,-0.339270
member,2434,8,8,1,0.000009,0.999991,0.999991,0.000110,24.201155,11.651604,-0.000110
member,36500,1,1,1,0.000057,0.999943,0.999943,0.000644,23.517298,10.049838,-0.000644
member,1853,8,8,1,-0.000000,1.000000,1.000000,0.000000,32.527851,24.810946,-0.000000
member,19473,2,2,1,0.030683,0.969783,0.969783,0.147474,13.844710,3.610656,-0.147474
member,30045,2,2,1,0.000008,0.999992,0.999992,0.000111,21.134611,12.063938,-0.000111
member,37817,3,3,1,0.022552,0.977701,0.977701,0.106857,25.082302,3.780655,-0.106857
member,3829,8,8,1,0.000045,0.999955,0.999955,0.000500,26.023815,10.001547,-0.000500
member,27074,4,4,1,0.000789,0.999211,0.999211,0.006427,17.511820,7.145288,-0.006427
member,21051,7,7,1,0.000945,0.999055,0.999055,0.008481,14.087001,7.514604,-0.008481
member,34499,2,2,1,0.000000,1.000000,1.000000,0.000002,26.133619,16.199581,-0.000002
member,558,2,2,1,0.000005,0.999995,0.999995,0.000070,15.844007,12.241209,-0.000070
member,26895,7,7,1,0.000045,0.999955,0.999955,0.000498,22.631145,10.002854,-0.000498
member,39389,2,2,1,0.000002,0.999998,0.999998,0.000026,24.459818,13.200541,-0.000026
member,11838,0,0,1,-0.000000,1.000000,1.000000,0.000000,35.228149,24.786438,-0.000000
member,46259,1,1,1,0.000425,0.999575,0.999575,0.003729,26.202288,7.765310,-0.003729
member,23812,1,1,1,0.006435,0.993585,0.993585,0.041525,12.667173,5.195312,-0.041525
member,29539,4,4,1,0.001031,0.998969,0.998969,0.008290,16.147627,6.914126,-0.008290
member,9666,0,0,1,0.001471,0.998531,0.998531,0.012418,17.123571,7.131574,-0.012418
member,21111,8,8,1,-0.000000,1.000000,1.000000,0.000000,36.034542,22.402821,-0.000000
member,12814,1,1,1,0.000883,0.999117,0.999117,0.007709,17.279438,7.640699,-0.007709
member,40445,8,8,1,-0.000000,1.000000,1.000000,0.000000,46.728569,34.058773,-0.000000
member,8435,9,9,1,0.000004,0.999996,0.999996,0.000051,21.307501,13.179442,-0.000051
member,9985,0,0,1,0.331917,0.717547,0.717547,0.597346,13.280326,0.933146,-0.597346
member,12486,9,9,1,0.028465,0.971936,0.971936,0.128134,13.098403,3.545554,-0.128134
member,43561,6,6,1,-0.000000,1.000000,1.000000,0.000000,40.832458,29.326298,-0.000000
member,103,6,6,1,0.000001,0.999999,0.999999,0.000018,24.020733,13.686183,-0.000018
member,48961,4,4,1,0.025079,0.975233,0.975233,0.136347,8.096090,3.918710,-0.136347
member,36813,1,1,1,0.000177,0.999823,0.999823,0.001778,18.216568,8.748212,-0.001778
member,26137,0,0,1,0.014946,0.985165,0.985165,0.083183,17.288822,4.318214,-0.083183
member,33088,9,9,1,-0.000000,1.000000,1.000000,0.000000,30.075214,21.295780,-0.000000
member,16341,3,3,1,0.011527,0.988539,0.988539,0.062839,19.132984,4.460109,-0.062839
member,40020,2,2,1,0.001815,0.998187,0.998187,0.013635,22.165726,6.360677,-0.013635
member,39721,9,9,1,-0.000000,1.000000,1.000000,0.000000,28.795687,23.704037,-0.000000
member,14597,0,0,1,0.000004,0.999996,0.999996,0.000060,18.350737,12.486246,-0.000060
member,1480,8,8,1,0.000009,0.999991,0.999991,0.000117,17.669245,11.935791,-0.000117
member,16690,2,2,1,0.000802,0.999198,0.999198,0.006622,19.418900,7.153058,-0.006622
member,19635,5,5,1,0.000103,0.999897,0.999897,0.001055,23.250589,9.182891,-0.001055
member,3792,3,3,1,0.034306,0.966275,0.966275,0.147958,16.211658,3.357203,-0.147958
member,4980,6,6,1,0.000503,0.999497,0.999497,0.004490,18.244974,7.703018,-0.004490
member,19666,8,8,1,0.000436,0.999564,0.999564,0.003868,18.510111,7.764470,-0.003868
member,24640,9,9,1,0.000003,0.999997,0.999997,0.000041,17.561705,13.242296,-0.000041
member,7503,1,1,1,-0.000000,1.000000,1.000000,0.000000,43.314949,18.681282,-0.000000
member,12575,1,1,1,0.005121,0.994892,0.994892,0.032104,21.441175,5.273289,-0.032104
member,7122,3,3,1,0.000020,0.999980,0.999980,0.000246,29.551937,10.995291,-0.000246
member,38789,9,9,1,-0.000000,1.000000,1.000000,0.000000,40.255356,21.604660,-0.000000
member,1866,4,4,1,0.000559,0.999441,0.999441,0.005183,20.365887,8.048411,-0.005183
member,13203,5,5,1,0.001432,0.998569,0.998569,0.010806,25.242971,6.547657,-0.010806
member,24081,3,3,1,0.001119,0.998882,0.998882,0.008910,13.350904,6.828218,-0.008910
member,33384,8,8,1,-0.000000,1.000000,1.000000,0.000001,30.939375,17.215778,-0.000001
member,848,1,1,1,0.000000,1.000000,1.000000,0.000001,33.274162,16.522249,-0.000001
member,14049,8,8,1,0.000056,0.999944,0.999944,0.000608,18.954058,9.836848,-0.000608
member,47307,9,9,1,-0.000000,1.000000,1.000000,0.000000,50.731480,31.293718,-0.000000
member,45633,5,5,1,0.001411,0.998590,0.998590,0.010834,17.921101,6.587753,-0.010834
member,8658,9,9,1,0.156377,0.855237,0.855237,0.479316,9.579366,1.911817,-0.479316
member,7515,5,5,1,0.000383,0.999617,0.999617,0.003430,18.052427,7.884461,-0.003430
member,702,3,3,1,0.002507,0.997496,0.997496,0.018569,20.059692,6.124677,-0.018569
member,31986,9,9,1,0.000000,1.000000,1.000000,0.000003,25.426041,15.485076,-0.000003
member,28487,0,0,1,-0.000000,1.000000,1.000000,0.000001,26.261507,17.536453,-0.000001
member,47471,6,6,1,0.000012,0.999988,0.999988,0.000148,20.176275,11.368773,-0.000148
member,42184,7,7,1,0.000005,0.999995,0.999995,0.000069,22.128384,12.606175,-0.000069
member,25604,9,9,1,0.010911,0.989149,0.989149,0.060121,15.509261,4.515869,-0.060121
member,35674,1,1,1,0.092347,0.911788,0.911788,0.329605,16.399401,2.456203,-0.329605
member,4669,3,3,1,0.004168,0.995841,0.995841,0.027962,12.031916,5.529154,-0.027962
member,28048,7,7,1,-0.000000,1.000000,1.000000,0.000000,37.325966,23.756020,-0.000000
member,35032,3,3,1,0.000729,0.999272,0.999272,0.006008,19.815376,7.227365,-0.006008
member,18239,2,2,1,0.000303,0.999697,0.999697,0.002773,23.240648,8.111137,-0.002773
member,26403,6,6,1,0.000128,0.999872,0.999872,0.001279,30.233583,8.960077,-0.001279
member,11208,0,0,1,0.000002,0.999998,0.999998,0.000028,22.254492,13.677145,-0.000028
member,31333,2,2,1,0.000533,0.999467,0.999467,0.004550,24.313328,7.536858,-0.004550
member,43185,7,7,1,0.008782,0.991256,0.991256,0.050148,20.085463,4.730669,-0.050148
member,48346,3,3,1,0.006476,0.993545,0.993545,0.039121,14.616928,5.039143,-0.039121
member,776,3,3,1,0.081545,0.921691,0.921691,0.275743,13.894006,2.467226,-0.275743
member,20771,6,6,1,0.000295,0.999705,0.999705,0.002710,29.373148,8.136309,-0.002710
member,33264,8,8,1,-0.000000,1.000000,1.000000,0.000000,23.656794,18.525732,-0.000000
member,19214,8,8,1,0.000073,0.999927,0.999927,0.000782,15.609220,9.586695,-0.000782
member,11797,9,9,1,0.004768,0.995243,0.995243,0.030281,19.237566,5.346152,-0.030281
member,8665,8,8,1,-0.000000,1.000000,1.000000,0.000000,40.305225,32.211067,-0.000000
member,15013,7,7,1,-0.000000,1.000000,1.000000,0.000000,29.736437,18.195232,-0.000000
member,14224,9,9,1,0.000093,0.999907,0.999907,0.001008,21.794527,9.519472,-0.001008
member,12868,8,8,1,-0.000000,1.000000,1.000000,0.000000,28.677816,19.208307,-0.000000
member,15045,7,7,1,-0.000000,1.000000,1.000000,0.000000,28.176048,17.447256,-0.000000
member,7836,7,7,1,0.007590,0.992439,0.992439,0.053180,10.241151,5.470301,-0.053180
member,16089,1,1,1,0.000003,0.999997,0.999997,0.000039,38.693748,12.785568,-0.000039
member,48552,8,8,1,0.000203,0.999797,0.999797,0.002063,23.504269,8.977589,-0.002063
member,6100,5,5,1,0.000353,0.999647,0.999647,0.003236,24.465023,8.001724,-0.003236
member,2055,9,9,1,0.000035,0.999965,0.999965,0.000439,13.417770,10.684966,-0.000439
member,745,6,6,1,0.008712,0.991326,0.991326,0.059752,10.640839,5.216129,-0.059752
member,13236,5,5,1,0.000032,0.999968,0.999968,0.000381,25.074078,10.934356,-0.000381
member,13197,8,8,1,-0.000000,1.000000,1.000000,0.000000,41.886078,33.544300,-0.000000
member,49957,5,5,1,0.011179,0.988883,0.988883,0.074546,9.803305,5.237933,-0.074546
member,20628,6,6,1,0.000000,1.000000,1.000000,0.000002,27.707285,16.047779,-0.000002
member,2851,1,1,1,0.000010,0.999990,0.999990,0.000135,27.664490,11.751779,-0.000135
member,39857,2,2,1,0.071426,0.931065,0.931065,0.250906,14.145253,2.603206,-0.250906
member,20164,5,5,1,0.030197,0.970254,0.970254,0.134103,16.280174,3.485837,-0.134103
member,19150,5,5,1,0.000510,0.999490,0.999490,0.004615,20.252150,7.784248,-0.004615
member,46519,1,1,1,-0.000000,1.000000,1.000000,0.000000,38.644634,20.755354,-0.000000
member,10746,3,5,0,0.805054,0.447064,0.481597,0.940233,12.048016,-0.074407,0.940233
member,28150,7,7,1,-0.000000,1.000000,1.000000,0.000000,27.369215,18.125116,-0.000000
member,3036,4,4,1,0.000862,0.999138,0.999138,0.007476,20.350021,7.397575,-0.007476
member,7460,3,3,1,0.010864,0.989195,0.989195,0.060361,12.931170,4.526514,-0.060361
member,24113,0,0,1,0.002272,0.997731,0.997731,0.016733,13.070951,6.167213,-0.016733
member,22642,4,4,1,0.001346,0.998655,0.998655,0.011630,12.769093,7.139161,-0.011630
member,1682,9,9,1,0.000005,0.999995,0.999995,0.000063,31.008148,12.259031,-0.000063
member,4877,6,6,1,0.000346,0.999654,0.999654,0.003235,16.342283,8.097958,-0.003235
member,13723,6,6,1,0.000150,0.999850,0.999850,0.001494,22.393244,8.839979,-0.001494
member,10901,2,2,1,0.000196,0.999804,0.999804,0.001971,14.465023,8.698845,-0.001971
member,49635,0,0,1,0.015467,0.984652,0.984652,0.088255,14.053198,4.467943,-0.088255
member,21739,3,3,1,-0.000000,1.000000,1.000000,0.000000,28.114920,18.292324,-0.000000
member,5428,0,0,1,0.000228,0.999772,0.999772,0.002145,18.602476,8.384915,-0.002145
member,15888,2,2,1,0.000009,0.999991,0.999991,0.000118,17.182697,11.954147,-0.000118
member,29364,0,0,1,0.000304,0.999696,0.999696,0.002805,15.843998,8.117707,-0.002805
member,36449,2,2,1,0.000285,0.999715,0.999715,0.002612,20.823196,8.165244,-0.002612
member,41757,8,8,1,-0.000000,1.000000,1.000000,0.000000,39.780476,28.528784,-0.000000
member,7982,6,6,1,0.026372,0.973973,0.973973,0.141450,12.303769,3.916196,-0.141450
member,8180,8,8,1,-0.000000,1.000000,1.000000,0.000000,28.327471,23.108879,-0.000000
member,23316,5,5,1,0.000188,0.999812,0.999812,0.002003,16.855183,9.539490,-0.002003
member,25891,0,0,1,0.000832,0.999168,0.999168,0.006732,19.234770,7.090835,-0.006732
member,20489,7,7,1,0.000011,0.999989,0.999989,0.000135,22.467413,11.592487,-0.000135
member,9606,9,9,1,0.000031,0.999969,0.999969,0.000353,38.554951,10.380302,-0.000353
member,31687,2,2,1,0.000036,0.999964,0.999964,0.000407,21.099243,10.231653,-0.000407
member,20973,0,0,1,0.000622,0.999378,0.999378,0.005276,19.091217,7.402333,-0.005276
member,14960,5,5,1,0.001122,0.998879,0.998879,0.008987,18.023352,6.849466,-0.008987
member,4831,6,6,1,0.000161,0.999839,0.999839,0.001624,25.630135,8.852217,-0.001624
member,15880,8,8,1,0.000068,0.999932,0.999932,0.000746,19.923107,9.693867,-0.000746
member,14261,7,7,1,0.000160,0.999840,0.999840,0.001646,17.770304,8.988020,-0.001646
member,34197,3,3,1,0.004737,0.995274,0.995274,0.031173,11.731247,5.397452,-0.031173
member,1000,9,9,1,0.000245,0.999755,0.999755,0.002285,24.709146,8.313046,-0.002285
member,13114,2,2,1,0.018493,0.981677,0.981677,0.098292,14.088821,4.067774,-0.098292
member,18872,2,2,1,0.000030,0.999970,0.999970,0.000349,25.677513,10.413431,-0.000349
member,30970,4,4,1,0.010161,0.989890,0.989890,0.061244,16.990829,4.773229,-0.061244
member,3986,6,6,1,0.000053,0.999947,0.999947,0.000593,25.474491,9.906948,-0.000593
member,12789,9,9,1,0.004860,0.995152,0.995152,0.030676,24.767794,5.324385,-0.030676
member,35642,9,9,1,0.001556,0.998445,0.998445,0.011614,18.678247,6.465140,-0.011614
member,13695,8,8,1,-0.000000,1.000000,1.000000,0.000000,35.368832,20.583565,-0.000000
member,13475,9,9,1,0.000003,0.999997,0.999997,0.000038,25.236376,12.796155,-0.000038
member,11749,7,7,1,-0.000000,1.000000,1.000000,0.000000,30.826771,20.762123,-0.000000
member,10592,4,4,1,0.080131,0.922996,0.922996,0.320759,8.296315,2.769740,-0.320759
member,36535,7,7,1,-0.000000,1.000000,1.000000,0.000000,31.197128,18.408955,-0.000000
member,19271,5,5,1,0.002144,0.997858,0.997858,0.016910,14.104870,6.526791,-0.016910
member,40739,4,4,1,0.002677,0.997326,0.997326,0.020423,10.650802,6.139257,-0.020423
member,45396,4,4,1,0.018584,0.981588,0.981588,0.116325,9.609706,4.957644,-0.116325
member,11872,4,4,1,0.000001,0.999999,0.999999,0.000010,19.860832,14.319355,-0.000010
member,7478,3,3,1,0.066540,0.935625,0.935625,0.269905,11.791119,2.838254,-0.269905
member,21081,4,4,1,0.007212,0.992814,0.992814,0.042728,14.882718,4.930118,-0.042728
member,13293,8,8,1,0.000000,1.000000,1.000000,0.000003,18.272947,15.929666,-0.000003
member,24023,5,5,1,0.000078,0.999922,0.999922,0.000831,18.397787,9.521351,-0.000831
member,23125,8,8,1,0.000000,1.000000,1.000000,0.000001,34.746967,16.351620,-0.000001
member,11660,9,9,1,-0.000000,1.000000,1.000000,0.000001,25.881950,17.141068,-0.000001
member,38198,0,0,1,0.000000,1.000000,1.000000,0.000008,31.195110,14.440691,-0.000008
member,6750,6,6,1,0.005170,0.994844,0.994844,0.032588,17.502182,5.272141,-0.032588
member,48818,1,1,1,0.016625,0.983513,0.983513,0.084034,28.389406,4.088535,-0.084034
member,7916,6,6,1,0.011766,0.988303,0.988303,0.063749,21.584198,4.437548,-0.063749
member,16604,3,3,1,0.525968,0.590983,0.590983,0.820457,11.202994,0.485165,-0.820457
member,5367,5,5,1,0.001902,0.998100,0.998100,0.015830,16.519712,6.813565,-0.015830
member,3444,1,1,1,0.000055,0.999945,0.999945,0.000600,18.255854,9.823071,-0.000600
member,8569,0,0,1,0.000000,1.000000,1.000000,0.000006,33.295021,14.924139,-0.000006
member,8929,5,5,1,0.039325,0.961438,0.961438,0.176743,12.963970,3.308108,-0.176743
member,21907,9,9,1,-0.000000,1.000000,1.000000,0.000000,21.713421,19.640646,-0.000000
member,3931,8,8,1,0.000019,0.999981,0.999981,0.000224,17.674070,10.894062,-0.000224
member,5348,8,8,1,0.000001,0.999999,0.999999,0.000009,31.899197,14.364843,-0.000009
member,28244,1,1,1,-0.000000,1.000000,1.000000,0.000000,44.996960,17.717857,-0.000000
member,32604,2,2,1,0.002528,0.997475,0.997475,0.020829,8.728470,6.457332,-0.020829
member,11535,0,0,1,-0.000000,1.000000,1.000000,0.000001,25.116907,16.725012,-0.000001
member,17121,5,5,1,0.000012,0.999988,0.999988,0.000152,22.138771,11.453907,-0.000152
member,46473,6,6,1,0.000007,0.999993,0.999993,0.000094,21.126169,12.184657,-0.000094
member,22348,9,9,1,0.000010,0.999990,0.999990,0.000132,20.591520,11.674069,-0.000132
member,26260,3,3,1,0.002246,0.997757,0.997757,0.016153,15.338578,6.118339,-0.016153
member,16135,4,4,1,0.001411,0.998590,0.998590,0.011706,13.392196,7.027402,-0.011706
member,10500,4,4,1,0.000072,0.999928,0.999928,0.000813,14.735659,9.863148,-0.000813
member,18233,3,3,1,0.074977,0.927765,0.927765,0.295716,11.880783,2.763931,-0.295716
member,13295,7,7,1,0.023006,0.977256,0.977256,0.124496,16.692249,4.346188,-0.124496
member,28714,9,9,1,0.000004,0.999996,0.999996,0.000055,23.165014,12.640069,-0.000055
member,27660,6,6,1,0.000011,0.999989,0.999989,0.000150,17.491777,11.733289,-0.000150
member,13268,7,7,1,0.000009,0.999991,0.999991,0.000112,19.585157,11.667306,-0.000112
member,47919,5,5,1,0.000995,0.999006,0.999006,0.007869,26.442705,6.912338,-0.007869
member,34428,7,7,1,0.046758,0.954318,0.954318,0.233211,13.584949,3.470731,-0.233211
member,3265,5,5,1,0.000154,0.999846,0.999846,0.001635,13.328585,9.061617,-0.001635
member,45850,3,3,1,0.000116,0.999884,0.999884,0.001228,20.341511,9.185684,-0.001228
member,15004,4,4,1,0.047931,0.953200,0.953200,0.215547,17.597298,3.271092,-0.215547
member,22396,1,1,1,0.000332,0.999668,0.999668,0.002989,19.895309,8.011323,-0.002989
member,34429,1,1,1,0.000000,1.000000,1.000000,0.000009,24.170994,14.647449,-0.000009
member,24212,0,0,1,0.001365,0.998636,0.998636,0.010362,19.486197,6.596212,-0.010362
member,44042,7,7,1,0.002277,0.997726,0.997726,0.017053,13.593152,6.232083,-0.017053
member,6522,7,7,1,0.001410,0.998591,0.998591,0.011486,10.564379,6.724405,-0.011486
member,28632,5,5,1,0.000085,0.999915,0.999915,0.000878,21.642551,9.378568,-0.000878
member,47703,1,1,1,0.000092,0.999908,0.999908,0.000946,33.563820,9.294607,-0.000946
member,20211,9,9,1,0.000086,0.999914,0.999914,0.000915,25.925787,9.459549,-0.000915
member,31722,9,9,1,0.000008,0.999992,0.999992,0.000103,29.849911,11.729931,-0.000103
member,4894,7,7,1,0.000000,1.000000,1.000000,0.000006,26.819227,14.938956,-0.000006
member,15191,0,0,1,0.000023,0.999977,0.999977,0.000264,23.311758,10.700895,-0.000264
member,18209,9,9,1,-0.000000,1.000000,1.000000,0.000000,23.336422,20.072582,-0.000000
member,39808,6,6,1,0.005118,0.994895,0.994895,0.035989,15.190983,5.962393,-0.035989
member,30545,1,1,1,0.000003,0.999997,0.999997,0.000042,34.326180,12.684736,-0.000042
member,7667,3,3,1,0.056241,0.945311,0.945311,0.212151,18.633739,2.849950,-0.212151
member,28073,7,7,1,0.000000,1.000000,1.000000,0.000003,21.506567,15.611814,-0.000003
member,34014,3,3,1,0.001209,0.998791,0.998791,0.009339,16.900627,6.717840,-0.009339
member,31118,6,6,1,0.000022,0.999978,0.999978,0.000259,22.783545,10.779432,-0.000259
member,460,8,8,1,0.000001,0.999999,0.999999,0.000016,33.940399,13.727375,-0.000016
member,28186,4,4,1,0.012832,0.987250,0.987250,0.068443,20.070286,4.350942,-0.068443
member,25680,6,6,1,0.000013,0.999987,0.999987,0.000174,15.327800,11.734911,-0.000174
member,11680,3,3,1,0.000001,0.999999,0.999999,0.000015,27.868338,13.878214,-0.000015
member,12947,5,5,1,0.000011,0.999989,0.999989,0.000152,20.754114,12.033745,-0.000152
member,14237,3,3,1,0.041955,0.958913,0.958913,0.171386,18.940514,3.150107,-0.171386
member,7686,7,7,1,0.000546,0.999455,0.999455,0.004673,15.748473,7.522258,-0.004673
member,46604,3,3,1,0.001023,0.998977,0.998977,0.008323,13.760928,6.944350,-0.008323
member,23442,2,2,1,0.000026,0.999974,0.999974,0.000300,19.853903,10.559658,-0.000300
member,9931,4,4,1,0.000489,0.999511,0.999511,0.004469,15.720757,7.819220,-0.004469
member,32938,3,3,1,0.079879,0.923228,0.923228,0.271786,18.508911,2.488747,-0.271786
member,28216,0,0,1,0.008122,0.991911,0.991911,0.047085,15.446463,4.810005,-0.047085
member,8454,2,2,1,0.001136,0.998864,0.998864,0.008850,23.482733,6.781322,-0.008850
member,5841,1,1,1,0.000036,0.999964,0.999964,0.000406,22.422016,10.281259,-0.000406
member,13375,5,5,1,0.014970,0.985142,0.985142,0.078328,14.225462,4.205306,-0.078328
member,37379,7,7,1,0.017567,0.982586,0.982586,0.088424,14.376643,4.038167,-0.088424
member,2135,7,7,1,0.002301,0.997702,0.997702,0.016258,28.795488,6.073402,-0.016258
member,7817,7,7,1,0.000001,0.999999,0.999999,0.000011,18.469036,15.452794,-0.000011
member,1377,1,1,1,0.000326,0.999674,0.999674,0.002960,16.775993,8.037471,-0.002960
member,10175,5,5,1,0.004836,0.995176,0.995176,0.030593,20.259161,5.330525,-0.030593
member,4689,0,0,1,0.000023,0.999977,0.999977,0.000288,22.097902,11.011632,-0.000288
member,28426,2,2,1,0.018466,0.981704,0.981704,0.097044,19.473167,4.081491,-0.097044
member,46127,1,1,1,-0.000000,1.000000,1.000000,0.000001,22.765553,17.830719,-0.000001
member,20184,3,3,1,0.000176,0.999824,0.999824,0.001827,18.783957,9.289305,-0.001827
member,49385,9,9,1,0.000001,0.999999,0.999999,0.000015,20.960588,14.049728,-0.000015
member,40577,3,3,1,0.000984,0.999017,0.999017,0.007791,23.362976,6.923834,-0.007791
member,11813,2,2,1,0.001366,0.998635,0.998635,0.010401,17.163666,6.598082,-0.010401
member,27520,5,5,1,0.000274,0.999726,0.999726,0.002521,23.881123,8.205991,-0.002521
member,42504,3,3,1,0.002758,0.997246,0.997246,0.020491,14.885045,6.069576,-0.020491
member,24353,5,5,1,0.001712,0.998289,0.998289,0.013486,14.973020,6.598901,-0.013486
member,22294,3,3,1,0.000135,0.999865,0.999865,0.001365,20.880852,8.950686,-0.001365
member,47724,7,7,1,0.007800,0.992231,0.992231,0.053442,9.536381,5.220112,-0.053442
member,31461,7,7,1,0.003097,0.996908,0.996908,0.022730,17.389675,5.986181,-0.022730
member,31869,9,9,1,0.000017,0.999983,0.999983,0.000218,23.829433,11.412278,-0.000218
member,39163,3,3,1,0.038869,0.961877,0.961877,0.162918,15.148036,3.231680,-0.162918
member,47876,9,9,1,0.194337,0.823381,0.823381,0.466533,17.168806,1.539600,-0.466533
member,4256,9,9,1,0.000005,0.999995,0.999995,0.000069,23.005451,12.190565,-0.000069
member,5187,4,4,1,0.000001,0.999999,0.999999,0.000011,23.139782,14.142182,-0.000011
member,29760,5,5,1,0.002361,0.997642,0.997642,0.018052,13.713357,6.320098,-0.018052
member,4740,5,5,1,0.000111,0.999889,0.999889,0.001120,20.815884,9.110126,-0.001120
member,47835,7,7,1,0.001380,0.998621,0.998621,0.010463,19.817236,6.585120,-0.010463
member,6013,0,0,1,-0.000000,1.000000,1.000000,0.000000,33.984589,23.278547,-0.000000
member,16055,9,9,1,0.000105,0.999895,0.999895,0.001066,20.045679,9.165254,-0.001066
member,3700,9,9,1,-0.000000,1.000000,1.000000,0.000000,33.072277,17.957191,-0.000000
member,216,8,8,1,-0.000000,1.000000,1.000000,0.000000,26.704445,17.859697,-0.000000
member,40468,6,6,1,0.001649,0.998352,0.998352,0.013206,19.716820,6.708000,-0.013206
member,23894,9,9,1,0.000000,1.000000,1.000000,0.000006,23.252516,14.736636,-0.000006
member,30500,5,5,1,0.000037,0.999963,0.999963,0.000438,19.876678,10.367494,-0.000438
member,27237,9,9,1,0.000045,0.999955,0.999955,0.000495,17.769798,10.026918,-0.000495
member,13883,8,8,1,0.002149,0.997853,0.997853,0.015336,20.697519,6.141585,-0.015336
member,21547,1,1,1,0.001218,0.998783,0.998783,0.009405,18.640099,6.712343,-0.009405
member,22510,2,2,1,0.045357,0.955656,0.955656,0.181988,16.712416,3.071785,-0.181988
member,11035,2,2,1,0.000270,0.999730,0.999730,0.002787,12.475248,8.934731,-0.002787
member,20691,3,3,1,0.022351,0.977897,0.977897,0.106725,11.448390,3.793209,-0.106725
member,35720,9,9,1,0.000053,0.999947,0.999947,0.000579,33.022858,9.837141,-0.000579
member,14504,5,5,1,0.173907,0.840375,0.840375,0.505158,11.632304,1.779082,-0.505158
member,7893,3,3,1,0.011200,0.988863,0.988863,0.065294,15.330641,4.602654,-0.065294
member,27679,5,5,1,0.007569,0.992460,0.992460,0.044379,23.524103,4.880150,-0.044379
member,5908,4,4,1,0.000096,0.999904,0.999904,0.001045,19.985643,9.655699,-0.001045
member,4504,0,0,1,0.000023,0.999977,0.999977,0.000284,19.625074,10.884973,-0.000284
member,9086,7,7,1,0.000001,0.999999,0.999999,0.000018,38.457779,13.634502,-0.000018
member,2328,1,1,1,0.119590,0.887284,0.887284,0.352156,51.488564,2.063293,-0.352156
member,44441,5,5,1,0.000868,0.999132,0.999132,0.007146,16.748390,7.092091,-0.007146
member,32783,8,8,1,0.001259,0.998741,0.998741,0.010647,13.747044,7.002628,-0.010647
member,47359,5,5,1,0.000000,1.000000,1.000000,0.000007,26.178217,15.037310,-0.000007
member,46674,1,1,1,0.040556,0.960256,0.960256,0.167131,21.891563,3.184729,-0.167131
member,15854,3,3,1,0.002093,0.997909,0.997909,0.015007,19.967087,6.169225,-0.015007
member,49479,8,8,1,-0.000000,1.000000,1.000000,0.000000,26.466257,23.593836,-0.000000
member,42204,0,0,1,0.000000,1.000000,1.000000,0.000004,25.164589,15.206707,-0.000004
member,12957,9,9,1,0.003640,0.996366,0.996366,0.025602,12.667259,5.743727,-0.025602
member,35129,1,1,1,0.000925,0.999075,0.999075,0.007405,18.463671,6.988104,-0.007405
member,15146,2,2,1,0.000119,0.999881,0.999881,0.001199,16.811325,9.036539,-0.001199
member,31307,2,2,1,-0.000000,1.000000,1.000000,0.000000,26.162052,20.669621,-0.000000
member,7414,9,9,1,0.000030,0.999970,0.999970,0.000343,28.427919,10.413063,-0.000343
member,6308,0,0,1,0.000022,0.999978,0.999978,0.000274,17.771276,10.877762,-0.000274
member,27367,6,6,1,-0.000000,1.000000,1.000000,0.000001,25.986355,16.830809,-0.000001
member,9846,3,3,1,0.000199,0.999801,0.999801,0.001897,27.270000,8.520601,-0.001897
member,13370,9,9,1,0.000000,1.000000,1.000000,0.000001,30.727045,16.486618,-0.000001
member,45333,4,4,1,0.000186,0.999814,0.999814,0.001921,13.441829,8.916279,-0.001921
member,33176,7,7,1,0.006724,0.993298,0.993298,0.040501,22.790735,5.004765,-0.040501
member,32129,9,9,1,0.000284,0.999716,0.999716,0.002600,27.702166,8.167782,-0.002600
member,17212,2,2,1,0.020437,0.979770,0.979770,0.104494,9.360785,3.934370,-0.104494
member,24294,1,1,1,0.001267,0.998733,0.998733,0.010158,26.985266,6.788441,-0.010158
member,13744,8,8,1,0.000001,0.999999,0.999999,0.000021,35.252857,13.437948,-0.000021
member,2436,2,2,1,0.000550,0.999450,0.999450,0.004819,21.760956,7.568528,-0.004819
member,22105,3,3,1,0.008297,0.991738,0.991738,0.053088,18.050482,5.165582,-0.053088
member,47785,9,9,1,-0.000000,1.000000,1.000000,0.000000,30.873791,18.639109,-0.000000
member,34894,8,8,1,-0.000000,1.000000,1.000000,0.000001,21.770842,16.843815,-0.000001
member,20410,3,3,1,0.000035,0.999965,0.999965,0.000395,19.914448,10.263794,-0.000395
member,32236,7,7,1,0.014093,0.986006,0.986006,0.073846,17.236708,4.256927,-0.073846
member,30912,1,1,1,-0.000000,1.000000,1.000000,0.000000,49.428871,25.086792,-0.000000
member,48463,6,6,1,0.000014,0.999986,0.999986,0.000183,21.612270,11.467535,-0.000183
member,32884,0,0,1,0.003173,0.996832,0.996832,0.021880,21.939367,5.787725,-0.021880
member,42109,4,4,1,0.064592,0.937450,0.937450,0.253655,15.288513,2.807673,-0.253655
member,39509,4,4,1,0.025781,0.974549,0.974549,0.119315,12.823435,3.649837,-0.119315
member,41121,0,0,1,0.000064,0.999936,0.999936,0.000705,16.338011,9.750575,-0.000705
member,29710,1,1,1,-0.000000,1.000000,1.000000,0.000000,34.308426,19.450031,-0.000000
member,33116,5,5,1,0.000512,0.999488,0.999488,0.004749,21.209221,8.156118,-0.004749
member,9349,4,4,1,0.008200,0.991833,0.991833,0.056569,13.833114,5.431756,-0.056569
member,20840,1,1,1,0.000835,0.999165,0.999165,0.006754,29.522425,7.087111,-0.006754
member,40353,3,3,1,0.005429,0.994585,0.994585,0.033772,21.153805,5.215989,-0.033772
member,17239,2,2,1,0.000007,0.999993,0.999993,0.000093,22.252861,12.036921,-0.000093
member,48605,4,4,1,0.001291,0.998709,0.998709,0.010708,13.866721,7.020203,-0.010708
member,16176,2,2,1,0.000198,0.999802,0.999802,0.002060,18.969185,9.136310,-0.002060
member,12831,6,6,1,0.000167,0.999833,0.999833,0.001742,14.549926,9.121258,-0.001742
member,38588,6,6,1,0.000245,0.999755,0.999755,0.002328,19.904781,8.348708,-0.002328
member,48800,2,2,1,0.000874,0.999127,0.999127,0.007618,18.781769,7.587125,-0.007618
member,45871,9,9,1,0.000485,0.999515,0.999515,0.004441,19.098410,7.843828,-0.004441
member,48921,9,9,1,-0.000000,1.000000,1.000000,0.000000,29.056839,19.301483,-0.000000
member,7200,3,3,1,0.012400,0.987676,0.987676,0.067999,13.960433,4.406908,-0.067999
member,36989,4,4,1,0.004799,0.995213,0.995213,0.030778,16.623095,5.351089,-0.030778
member,45962,4,4,1,0.000020,0.999980,0.999980,0.000233,21.801104,10.836375,-0.000233
member,890,9,9,1,-0.000000,1.000000,1.000000,0.000001,47.015621,17.029011,-0.000001
member,48014,2,2,1,0.000002,0.999998,0.999998,0.000024,28.449902,13.289734,-0.000024
member,7890,2,2,1,0.000019,0.999981,0.999981,0.000222,27.516420,10.893084,-0.000222
member,20399,7,7,1,0.002503,0.997500,0.997500,0.019714,13.500867,6.445045,-0.019714
member,16227,7,7,1,0.001444,0.998557,0.998557,0.011756,18.014763,6.710257,-0.011756
member,5687,8,8,1,0.000000,1.000000,1.000000,0.000003,26.171970,15.522602,-0.000003
member,31162,9,9,1,0.000001,0.999999,0.999999,0.000011,24.729673,14.184979,-0.000011
member,43028,6,6,1,0.003983,0.996025,0.996025,0.025943,20.483797,5.523950,-0.025943
member,48148,0,0,1,-0.000000,1.000000,1.000000,0.000000,35.220848,21.484856,-0.000000
member,45401,9,9,1,-0.000000,1.000000,1.000000,0.000000,31.760813,20.545326,-0.000000
member,41756,0,0,1,0.000000,1.000000,1.000000,0.000002,24.105797,16.575775,-0.000002
member,8528,2,2,1,0.000505,0.999495,0.999495,0.004693,13.098483,7.989279,-0.004693
member,40908,2,2,1,0.003779,0.996228,0.996228,0.026003,13.986680,5.651185,-0.026003
member,651,6,6,1,0.000044,0.999956,0.999956,0.000489,31.796755,10.022198,-0.000489
member,13906,9,9,1,0.000000,1.000000,1.000000,0.000005,20.578163,14.974636,-0.000005
member,23231,4,4,1,0.000072,0.999928,0.999928,0.000768,19.262882,9.553485,-0.000768
member,23343,2,2,1,0.000193,0.999807,0.999807,0.001932,17.308340,8.747066,-0.001932
member,27497,0,0,1,0.000002,0.999998,0.999998,0.000024,33.344238,13.283512,-0.000024
member,5010,0,0,1,0.000077,0.999923,0.999923,0.000844,32.720985,9.675709,-0.000844
member,18148,3,3,1,0.071695,0.930815,0.930815,0.283795,9.523856,2.718400,-0.283795
member,36687,6,6,1,0.000095,0.999905,0.999905,0.000973,23.496489,9.269107,-0.000973
member,28576,4,4,1,0.000372,0.999628,0.999628,0.003562,16.343874,8.276475,-0.003562
member,34713,9,9,1,0.025142,0.975172,0.975172,0.118075,9.865673,3.681185,-0.118075
member,33391,9,9,1,0.000063,0.999937,0.999937,0.000676,18.527355,9.680182,-0.000676
member,49767,8,8,1,-0.000000,1.000000,1.000000,0.000000,27.395796,20.242636,-0.000000
member,46159,0,0,1,0.001200,0.998800,0.998800,0.009789,18.758928,6.863817,-0.009789
member,35267,2,2,1,0.017598,0.982556,0.982556,0.095698,13.972235,4.199769,-0.095698
member,2554,7,7,1,0.000026,0.999974,0.999974,0.000318,24.078344,10.902292,-0.000318
member,3714,5,5,1,0.000500,0.999500,0.999500,0.004798,16.923615,8.177885,-0.004798
member,16563,1,1,1,0.005595,0.994420,0.994420,0.035112,12.109491,5.201140,-0.035112
member,24880,9,9,1,0.000014,0.999986,0.999986,0.000176,22.027626,11.358210,-0.000176
member,21279,5,5,1,0.001809,0.998193,0.998193,0.014485,9.884559,6.537949,-0.014485
member,38941,4,4,1,0.006916,0.993108,0.993108,0.041723,12.148970,4.983531,-0.041723
member,12387,2,2,1,0.005852,0.994165,0.994165,0.039044,14.816929,5.405221,-0.039044
member,33416,0,0,1,0.000010,0.999990,0.999990,0.000133,17.861605,11.619529,-0.000133
member,11808,8,8,1,0.001586,0.998415,0.998415,0.011846,17.428991,6.450166,-0.011846
member,25953,3,3,1,0.000157,0.999843,0.999843,0.001535,23.770639,8.757020,-0.001535
member,19321,7,7,1,0.000000,1.000000,1.000000,0.000003,21.068880,16.002342,-0.000003
member,43436,7,7,1,0.000000,1.000000,1.000000,0.000002,30.740408,15.992102,-0.000002
member,26428,6,6,1,0.000001,0.999999,0.999999,0.000019,21.737720,13.552508,-0.000019
member,34882,4,4,1,0.002082,0.997920,0.997920,0.016356,18.623856,6.539527,-0.016356
member,10009,6,6,1,0.000003,0.999997,0.999997,0.000037,18.039162,13.068733,-0.000037
member,27090,3,3,1,0.003317,0.996688,0.996688,0.022217,25.407227,5.706987,-0.022217
member,9125,6,6,1,0.046555,0.954512,0.954512,0.218739,13.937801,3.320281,-0.218739
member,37455,1,1,1,0.002989,0.997015,0.997015,0.020335,26.213348,5.811226,-0.020335
member,48232,2,2,1,0.001052,0.998948,0.998948,0.008448,18.009663,6.896279,-0.008448
member,29213,3,3,1,0.059654,0.942090,0.942090,0.221178,22.379431,2.789211,-0.221178
member,8517,9,9,1,-0.000000,1.000000,1.000000,0.000000,43.349331,29.847303,-0.000000
member,17713,4,4,1,0.042877,0.958029,0.958029,0.205074,18.166166,3.532111,-0.205074
member,22946,4,4,1,0.000032,0.999968,0.999968,0.000393,14.845767,10.670357,-0.000393
member,37538,9,9,1,0.000008,0.999992,0.999992,0.000106,24.028467,12.338523,-0.000106
member,8274,5,5,1,0.011052,0.989008,0.989008,0.065081,9.825850,4.597528,-0.065081
member,34448,0,0,1,0.000000,1.000000,1.000000,0.000002,32.263454,15.711597,-0.000002
member,48376,3,3,1,0.000750,0.999250,0.999250,0.006542,18.430038,7.442721,-0.006542
member,49913,1,1,1,0.000007,0.999993,0.999993,0.000097,23.962450,11.951594,-0.000097
member,30338,3,3,1,0.000192,0.999808,0.999808,0.001845,19.003536,8.565729,-0.001845
member,29618,7,7,1,0.000832,0.999169,0.999169,0.007438,12.403203,7.479804,-0.007438
member,4826,9,9,1,0.000093,0.999907,0.999907,0.000999,16.845448,9.426803,-0.000999
member,32085,3,3,1,0.029752,0.970686,0.970686,0.141430,12.157546,3.571344,-0.141430
member,10171,8,8,1,0.000759,0.999241,0.999241,0.006243,14.695001,7.188976,-0.006243
member,10783,6,6,1,0.000048,0.999952,0.999952,0.000522,26.883472,9.954744,-0.000522
member,17690,2,2,1,0.006931,0.993093,0.993093,0.049291,8.770240,5.837065,-0.049291
member,45904,0,0,1,-0.000000,1.000000,1.000000,0.000000,24.742441,19.410664,-0.000000
member,39303,7,7,1,0.000213,0.999788,0.999788,0.002041,29.331066,8.491583,-0.002041
member,33543,6,6,1,0.000038,0.999962,0.999962,0.000449,18.871729,10.542201,-0.000449
member,21674,0,0,1,0.000649,0.999352,0.999352,0.005407,27.566488,7.340509,-0.005407
member,15219,5,5,1,0.002701,0.997303,0.997303,0.018745,15.842123,5.918642,-0.018745
member,7511,0,0,1,0.000819,0.999182,0.999182,0.006638,19.878679,7.107577,-0.006638
member,19434,5,5,1,0.003148,0.996857,0.996857,0.024235,18.564903,6.359893,-0.024235
member,22922,3,3,1,0.004042,0.995966,0.995966,0.026265,21.942106,5.509043,-0.026265
member,38109,7,7,1,0.003368,0.996637,0.996637,0.022509,18.641056,5.691654,-0.022509
member,46998,4,4,1,0.000729,0.999271,0.999271,0.005992,28.460558,7.223728,-0.005992
member,40520,1,1,1,0.000113,0.999887,0.999887,0.001139,36.431221,9.088543,-0.001139
member,36346,7,7,1,0.039588,0.961186,0.961186,0.164158,22.527840,3.209379,-0.164158
member,2514,2,2,1,0.000176,0.999824,0.999824,0.001697,36.275448,8.644941,-0.001697
member,19718,8,8,1,0.000021,0.999979,0.999979,0.000267,20.068144,11.580860,-0.000267
member,42953,3,3,1,0.032143,0.968368,0.968368,0.142014,16.337759,3.430579,-0.142014
member,17141,5,5,1,0.131260,0.876989,0.876989,0.388061,11.052279,1.989081,-0.388061
member,35991,0,0,1,0.001651,0.998351,0.998351,0.013667,11.055785,6.834053,-0.013667
member,7677,5,5,1,0.021260,0.978965,0.978965,0.104388,16.584694,3.860402,-0.104388
member,8442,6,6,1,-0.000000,1.000000,1.000000,0.000000,31.107767,20.469734,-0.000000
member,48273,8,8,1,0.000265,0.999735,0.999735,0.002526,13.493701,8.303911,-0.002526
member,43493,3,3,1,0.000298,0.999702,0.999702,0.002917,18.714899,8.358437,-0.002917
member,48639,1,1,1,0.005035,0.994978,0.994978,0.032378,15.275025,5.323873,-0.032378
member,43502,4,4,1,0.000158,0.999842,0.999842,0.001651,19.810440,9.003689,-0.001651
member,13791,9,9,1,0.001427,0.998574,0.998574,0.011483,21.683643,6.753895,-0.011483
member,8617,6,6,1,0.116269,0.890235,0.890235,0.421972,15.816841,2.549083,-0.421972
member,4248,7,7,1,-0.000000,1.000000,1.000000,0.000001,34.584141,16.684467,-0.000001
member,21720,1,1,1,0.000002,0.999998,0.999998,0.000033,30.870008,12.952126,-0.000033
member,26308,2,2,1,0.000746,0.999254,0.999254,0.006118,25.740364,7.200167,-0.006118
member,2515,4,4,1,-0.000000,1.000000,1.000000,0.000000,32.058834,22.615284,-0.000000
member,2726,5,5,1,0.000022,0.999978,0.999978,0.000267,26.925278,10.754509,-0.000267
member,49876,8,8,1,-0.000000,1.000000,1.000000,0.000000,39.214062,31.947384,-0.000000
member,22550,6,6,1,0.000383,0.999617,0.999617,0.003710,20.574593,8.487413,-0.003710
member,25561,3,3,1,0.003910,0.996097,0.996097,0.025600,21.876793,5.544426,-0.025600
member,46563,2,2,1,0.000240,0.999760,0.999760,0.002352,15.941375,8.451101,-0.002352
member,6585,3,3,1,0.001132,0.998869,0.998869,0.008827,20.796761,6.786471,-0.008827
member,40732,3,3,1,0.008397,0.991638,0.991638,0.050453,18.719753,4.848315,-0.050453
member,24851,0,0,1,0.000092,0.999908,0.999908,0.001044,16.226337,10.154566,-0.001044
member,29428,8,8,1,-0.000000,1.000000,1.000000,0.000000,36.783241,23.337563,-0.000000
member,31803,2,2,1,0.000144,0.999856,0.999856,0.001524,20.746267,9.122910,-0.001524
member,43730,3,3,1,0.004580,0.995431,0.995431,0.033711,11.288812,5.920219,-0.033711
member,25704,6,6,1,0.000239,0.999761,0.999761,0.002236,23.009697,8.337089,-0.002236
member,30342,5,5,1,0.000545,0.999455,0.999455,0.005017,19.002052,7.978577,-0.005017
member,21073,1,1,1,-0.000000,1.000000,1.000000,0.000000,36.784725,21.275543,-0.000000
member,16812,5,5,1,0.002832,0.997172,0.997172,0.019476,16.431581,5.867688,-0.019476
member,46204,3,3,1,0.002560,0.997443,0.997443,0.021261,13.978269,6.978712,-0.021261
member,32291,2,2,1,0.065920,0.936205,0.936205,0.237404,19.767557,2.686365,-0.237404
member,35505,8,8,1,0.000005,0.999995,0.999995,0.000075,19.045319,12.439447,-0.000075
member,29983,4,4,1,0.000763,0.999237,0.999237,0.006402,21.717871,7.227888,-0.006402
member,35083,3,3,1,0.015678,0.984444,0.984444,0.080235,22.598082,4.147871,-0.080235
member,14285,2,2,1,0.045214,0.955793,0.955793,0.195735,12.181474,3.174481,-0.195735
member,31623,2,2,1,0.013929,0.986167,0.986167,0.077886,11.799318,4.360443,-0.077886
member,37326,9,9,1,0.001868,0.998133,0.998133,0.014845,23.453291,6.781616,-0.014845
member,6793,7,7,1,-0.000000,1.000000,1.000000,0.000000,36.674236,21.572159,-0.000000
member,2900,4,4,1,0.010993,0.989067,0.989067,0.060595,21.423471,4.510099,-0.060595
member,9743,8,8,1,0.000732,0.999268,0.999268,0.006137,25.996027,7.261280,-0.006137
member,15837,2,2,1,0.000001,0.999999,0.999999,0.000010,23.878153,14.881158,-0.000010
member,42211,1,1,1,0.000000,1.000000,1.000000,0.000004,25.550457,15.227720,-0.000004
member,4704,9,9,1,0.001572,0.998429,0.998429,0.012034,22.399033,6.508251,-0.012034
member,27325,2,2,1,0.003029,0.996976,0.996976,0.021631,15.238715,5.895113,-0.021631
member,29519,9,9,1,-0.000000,1.000000,1.000000,0.000001,28.333483,16.731583,-0.000001
member,12524,6,6,1,0.001846,0.998156,0.998156,0.013458,20.070225,6.293995,-0.013458
member,936,1,1,1,0.000185,0.999815,0.999815,0.001772,25.488008,8.596933,-0.001772
member,38817,8,8,1,0.000004,0.999996,0.999996,0.000057,24.795958,12.369163,-0.000057
member,40298,6,6,1,0.001454,0.998547,0.998547,0.010947,23.434446,6.533091,-0.010947
member,30142,8,8,1,0.000001,0.999999,0.999999,0.000014,38.878265,13.906296,-0.000014
member,32193,6,6,1,0.000001,0.999999,0.999999,0.000010,35.222500,14.194372,-0.000010
member,40974,4,4,1,0.000481,0.999519,0.999519,0.004258,15.805482,7.689268,-0.004258
member,5748,7,7,1,0.000008,0.999992,0.999992,0.000097,30.102018,11.794344,-0.000097
member,21048,4,4,1,0.162474,0.850038,0.850038,0.571310,8.059902,2.325859,-0.571310
member,21973,2,2,1,0.089770,0.914141,0.914141,0.302616,9.249333,2.386586,-0.302616
member,14554,3,3,1,0.003631,0.996376,0.996376,0.026174,12.154773,5.788575,-0.026174
member,20562,5,5,1,0.023842,0.976440,0.976440,0.112248,19.332783,3.728737,-0.112248
member,48808,3,3,1,0.034037,0.966536,0.966536,0.147153,13.138830,3.365288,-0.147153
member,27159,5,5,1,0.028022,0.972367,0.972367,0.131055,11.920709,3.594715,-0.131055
member,31827,9,9,1,0.000005,0.999995,0.999995,0.000062,27.601904,12.312222,-0.000062
member,12622,1,1,1,-0.000000,1.000000,1.000000,0.000000,27.275970,19.338385,-0.000000
member,5921,6,6,1,0.006812,0.993211,0.993211,0.045774,13.671198,5.580297,-0.045774
member,1720,8,8,1,0.000080,0.999920,0.999920,0.000837,20.581093,9.431306,-0.000837
member,581,4,4,1,0.000130,0.999870,0.999870,0.001293,21.972263,8.950550,-0.001293
member,24465,2,2,1,0.000097,0.999903,0.999903,0.001019,14.113354,9.316401,-0.001019
member,6143,8,8,1,0.000023,0.999977,0.999977,0.000285,17.751944,10.860703,-0.000285
member,47120,4,4,1,0.013166,0.986921,0.986921,0.072089,12.787945,4.358223,-0.072089
member,12662,9,9,1,-0.000000,1.000000,1.000000,0.000000,33.254684,28.500479,-0.000000
member,6361,4,4,1,0.000219,0.999781,0.999781,0.002360,13.573896,9.506103,-0.002360
member,42201,0,0,1,0.000052,0.999948,0.999948,0.000608,15.622494,10.291236,-0.000608
member,34561,4,4,1,0.000011,0.999989,0.999989,0.000133,18.134277,11.481756,-0.000133
member,29123,6,6,1,0.002849,0.997155,0.997155,0.022162,12.727505,6.258033,-0.022162
member,20305,9,9,1,0.000307,0.999693,0.999693,0.002787,33.896511,8.089499,-0.002787
member,34088,2,2,1,0.000154,0.999846,0.999846,0.001707,12.264365,9.578245,-0.001707
member,10254,3,3,1,0.132378,0.876010,0.876010,0.394346,10.407778,1.984179,-0.394346
member,46735,8,8,1,0.000021,0.999979,0.999979,0.000267,21.367243,11.023915,-0.000267
member,28681,0,0,1,0.000169,0.999831,0.999831,0.001720,21.380201,8.866748,-0.001720
member,46606,5,5,1,0.000394,0.999606,0.999606,0.003611,19.844662,7.947243,-0.003611
member,7499,8,8,1,0.000239,0.999761,0.999761,0.002285,15.292330,8.391392,-0.002285
member,24975,1,1,1,0.000043,0.999957,0.999957,0.000495,27.832115,10.265285,-0.000495
member,16000,7,7,1,0.004805,0.995206,0.995206,0.030383,20.850042,5.335702,-0.030383
member,40862,4,4,1,0.000599,0.999401,0.999401,0.005131,14.130077,7.444220,-0.005131
member,23013,4,4,1,0.000015,0.999985,0.999985,0.000189,17.929781,11.254279,-0.000189
member,770,6,6,1,0.023494,0.976780,0.976780,0.127499,9.266031,3.982373,-0.127499
member,4091,2,2,1,0.000334,0.999666,0.999666,0.003271,18.141390,8.695392,-0.003271
member,47648,9,9,1,-0.000000,1.000000,1.000000,0.000000,31.594688,23.669720,-0.000000
member,30053,7,7,1,0.000120,0.999880,0.999880,0.001295,15.562223,9.385572,-0.001295
member,48858,7,7,1,0.000001,0.999999,0.999999,0.000009,33.041950,14.351124,-0.000009
member,19580,3,3,1,0.000011,0.999989,0.999989,0.000141,23.772871,11.804925,-0.000141
member,30107,5,5,1,0.000001,0.999999,0.999999,0.000019,27.917734,13.805110,-0.000019
member,42970,3,3,1,0.000450,0.999550,0.999550,0.004033,15.547211,7.761099,-0.004033
member,43109,8,8,1,-0.000000,1.000000,1.000000,0.000000,39.216564,27.863647,-0.000000
member,35980,7,7,1,-0.000000,1.000000,1.000000,0.000000,40.933403,21.939875,-0.000000
member,16313,0,0,1,-0.000000,1.000000,1.000000,0.000001,22.825859,17.685863,-0.000001
member,38042,7,7,1,0.000002,0.999998,0.999998,0.000034,19.329973,13.320809,-0.000034
member,45022,4,4,1,0.000167,0.999833,0.999833,0.001630,21.889153,8.704765,-0.001630
member,14356,7,7,1,-0.000000,1.000000,1.000000,0.000000,43.734333,28.093578,-0.000000
member,297,5,5,1,0.000234,0.999766,0.999766,0.002222,19.173101,8.393494,-0.002222
member,33784,9,9,1,0.000026,0.999974,0.999974,0.000296,42.058300,10.574743,-0.000296
member,34173,0,0,1,0.000012,0.999988,0.999988,0.000142,32.684658,11.372637,-0.000142
member,23494,5,5,1,0.000127,0.999873,0.999873,0.001374,20.419233,9.543338,-0.001374
member,43719,9,9,1,-0.000000,1.000000,1.000000,0.000001,29.213879,16.661339,-0.000001
member,40396,6,6,1,0.000001,0.999999,0.999999,0.000019,22.401608,14.194724,-0.000019
member,21600,9,9,1,0.000015,0.999985,0.999985,0.000179,17.747065,11.125862,-0.000179
member,12395,8,8,1,0.000060,0.999940,0.999940,0.000687,13.698513,9.979620,-0.000687
member,34845,1,1,1,0.059442,0.942290,0.942290,0.249787,11.901864,3.014436,-0.249787
member,13995,4,4,1,0.045053,0.955946,0.955946,0.180676,19.906048,3.077417,-0.180676
member,45699,7,7,1,0.000007,0.999993,0.999993,0.000089,23.924623,11.887856,-0.000089
member,1278,0,0,1,0.000001,0.999999,0.999999,0.000014,22.626118,13.869374,-0.000014
member,42635,5,5,1,0.001765,0.998237,0.998237,0.012988,15.448591,6.342791,-0.012988
member,4724,8,8,1,0.000320,0.999681,0.999681,0.002905,19.626610,8.054855,-0.002905
member,32825,3,3,1,0.000218,0.999782,0.999782,0.002161,24.731167,8.634182,-0.002161
member,26812,4,4,1,-0.000000,1.000000,1.000000,0.000001,23.393951,17.130621,-0.000001
member,20222,1,1,1,0.000098,0.999902,0.999902,0.001000,37.066612,9.233820,-0.001000
member,42964,7,7,1,0.001916,0.998086,0.998086,0.014877,10.830173,6.396581,-0.014877
member,27613,4,4,1,0.000186,0.999814,0.999814,0.001965,17.925951,9.118322,-0.001965
member,19361,7,7,1,0.002016,0.997986,0.997986,0.014514,18.294157,6.205808,-0.014514
member,18370,6,6,1,-0.000000,1.000000,1.000000,0.000000,41.642918,22.917845,-0.000000
member,46231,3,5,0,1.639445,0.194088,0.798868,0.533047,10.633639,-1.414886,0.533047
member,45629,5,5,1,0.011492,0.988574,0.988574,0.072213,13.675880,4.884603,-0.072213
member,37760,7,7,1,0.009191,0.990851,0.990851,0.057669,14.741575,4.909566,-0.057669
member,43166,6,6,1,-0.000000,1.000000,1.000000,0.000000,26.739656,19.241207,-0.000000
member,28121,3,3,1,0.045866,0.955170,0.955170,0.191869,17.135809,3.107862,-0.191869
member,3308,4,4,1,0.000731,0.999269,0.999269,0.006067,16.958040,7.233150,-0.006067
member,17681,4,4,1,0.000431,0.999569,0.999569,0.004065,20.818033,7.989420,-0.004065
member,29102,4,4,1,0.004190,0.995819,0.995819,0.028585,12.994719,5.576399,-0.028585
member,12104,9,9,1,0.000018,0.999982,0.999982,0.000216,17.969395,10.925787,-0.000216
member,17486,0,0,1,0.000010,0.999990,0.999990,0.000126,24.546328,11.551427,-0.000126
member,38603,4,4,1,0.001777,0.998225,0.998225,0.013138,18.438824,6.343430,-0.013138
member,38485,3,3,1,0.129138,0.878852,0.878852,0.407971,9.223007,2.066215,-0.407971
member,34691,8,8,1,-0.000000,1.000000,1.000000,0.000000,34.065453,18.306332,-0.000000
member,14061,1,1,1,0.000007,0.999993,0.999993,0.000091,25.635355,11.854572,-0.000091
member,31026,2,2,1,0.000005,0.999995,0.999995,0.000072,17.037649,12.996931,-0.000072
member,9925,0,0,1,0.000000,1.000000,1.000000,0.000007,24.503559,14.896443,-0.000007
member,3401,6,6,1,0.000001,0.999999,0.999999,0.000015,23.093534,14.045033,-0.000015
member,43023,6,6,1,0.000232,0.999768,0.999768,0.002206,16.290039,8.396505,-0.002206
member,15296,7,7,1,-0.000000,1.000000,1.000000,0.000000,28.648024,19.746727,-0.000000
member,18674,2,2,1,0.000000,1.000000,1.000000,0.000003,22.781256,16.029192,-0.000003
member,47623,4,4,1,0.000095,0.999905,0.999905,0.001005,18.082350,9.358954,-0.001005
member,23614,5,5,1,-0.000000,1.000000,1.000000,0.000000,25.895041,18.532610,-0.000000
member,26362,1,1,1,-0.000000,1.000000,1.000000,0.000000,56.482460,21.140583,-0.000000
member,37636,7,7,1,0.212943,0.808202,0.808202,0.496317,11.747687,1.444672,-0.496317
member,30887,2,2,1,0.000656,0.999344,0.999344,0.005532,16.034956,7.347830,-0.005532
member,46315,2,2,1,0.009258,0.990785,0.990785,0.053585,11.825266,4.703572,-0.053585
member,9381,6,6,1,0.008455,0.991581,0.991581,0.053380,11.291478,5.030848,-0.053380
member,22702,2,2,1,0.007907,0.992124,0.992124,0.046005,17.428507,4.836152,-0.046005
member,43632,4,4,1,0.018996,0.981184,0.981184,0.099182,14.181294,4.033792,-0.099182
member,27561,8,8,1,0.000001,0.999999,0.999999,0.000019,19.233620,14.016363,-0.000019
member,33624,1,1,1,0.006521,0.993500,0.993500,0.039213,43.645035,5.029423,-0.039213
member,47596,8,8,1,-0.000000,1.000000,1.000000,0.000000,38.592335,27.900890,-0.000000
member,21935,6,6,1,0.033043,0.967497,0.967497,0.143351,22.536964,3.393406,-0.143351
member,18169,3,3,1,0.006725,0.993297,0.993297,0.044843,16.567877,5.412045,-0.044843
member,29419,4,4,1,0.000157,0.999843,0.999843,0.001556,22.797949,8.790155,-0.001556
member,36616,2,2,1,0.000625,0.999376,0.999376,0.005236,21.165442,7.379231,-0.005236
member,10593,4,4,1,0.000751,0.999250,0.999250,0.006696,18.175083,7.683290,-0.006696
member,37423,7,7,1,-0.000000,1.000000,1.000000,0.000000,24.728809,19.088673,-0.000000
member,16674,4,4,1,0.001249,0.998751,0.998751,0.009852,20.694931,6.730076,-0.009852
member,21393,0,0,1,0.024661,0.975641,0.975641,0.114552,18.810892,3.690189,-0.114552
member,44422,6,6,1,0.000033,0.999967,0.999967,0.000420,14.606028,11.191839,-0.000420
member,6293,9,9,1,-0.000000,1.000000,1.000000,0.000000,27.742491,18.760883,-0.000000
member,37181,0,0,1,0.001600,0.998401,0.998401,0.011925,15.663795,6.439574,-0.011925
member,18587,5,5,1,0.000267,0.999733,0.999733,0.002649,20.624565,8.753448,-0.002649
member,3425,8,8,1,0.000014,0.999986,0.999986,0.000175,20.884361,11.383436,-0.000175
member,3230,1,1,1,0.000057,0.999943,0.999943,0.000611,35.175789,9.777184,-0.000611
member,41878,4,4,1,0.000034,0.999966,0.999966,0.000383,17.613325,10.293626,-0.000383
member,14463,2,2,1,0.000019,0.999981,0.999981,0.000237,24.188271,11.478990,-0.000237
member,15353,0,0,1,0.000010,0.999990,0.999990,0.000125,25.372311,11.537192,-0.000125
member,42730,8,8,1,0.000665,0.999336,0.999336,0.005545,15.770208,7.320247,-0.005545
member,17786,2,2,1,0.000019,0.999981,0.999981,0.000233,19.675920,10.906488,-0.000233
member,46330,1,1,1,0.000000,1.000000,1.000000,0.000002,40.335178,16.271053,-0.000002
member,16392,0,0,1,0.001954,0.998048,0.998048,0.014137,19.147081,6.237114,-0.014137
member,16852,5,5,1,0.005257,0.994757,0.994757,0.038047,9.665412,5.834911,-0.038047
member,34834,8,8,1,0.000092,0.999908,0.999908,0.000950,34.331142,9.290714,-0.000950
member,32529,5,5,1,-0.000000,1.000000,1.000000,0.000000,33.019363,23.810745,-0.000000
member,43523,2,2,1,0.101357,0.903610,0.903610,0.331112,10.981389,2.269382,-0.331112
member,41557,0,0,1,0.016782,0.983358,0.983358,0.096091,8.508506,4.250077,-0.096091
member,16581,2,2,1,0.000045,0.999955,0.999955,0.000522,16.207989,10.147617,-0.000522
member,17555,6,6,1,0.003762,0.996245,0.996245,0.029399,17.795443,6.325303,-0.029399
member,30229,2,2,1,0.063834,0.938161,0.938161,0.273010,11.021728,3.099393,-0.273010
member,4130,6,6,1,0.000000,1.000000,1.000000,0.000004,30.279821,15.243499,-0.000004
member,38306,5,5,1,-0.000000,1.000000,1.000000,0.000000,37.346615,26.847576,-0.000000
member,26808,5,5,1,0.007218,0.992808,0.992808,0.042851,16.124891,4.931404,-0.042851
member,37061,0,0,1,0.004509,0.995501,0.995501,0.029040,14.477752,5.407216,-0.029040
member,17362,2,2,1,0.000162,0.999838,0.999838,0.001741,11.408424,9.214195,-0.001741
member,48397,5,5,1,0.007853,0.992178,0.992178,0.048749,15.727885,4.943830,-0.048749
member,1077,2,2,1,0.000000,1.000000,1.000000,0.000008,18.481176,15.020372,-0.000008
member,47206,8,8,1,-0.000000,1.000000,1.000000,0.000000,23.608473,18.752987,-0.000000
member,41033,4,4,1,0.271763,0.762035,0.762035,0.642256,7.585270,1.247180,-0.642256
member,5501,4,4,1,0.014216,0.985885,0.985885,0.074858,14.220705,4.253794,-0.074858
member,4413,4,4,1,0.005561,0.994455,0.994455,0.039344,15.460443,5.834450,-0.039344
member,23802,5,5,1,0.000107,0.999893,0.999893,0.001194,15.482705,9.823985,-0.001194
member,34528,7,7,1,0.000016,0.999984,0.999984,0.000204,17.386583,11.592067,-0.000204
member,21244,7,7,1,0.000000,1.000000,1.000000,0.000003,34.018589,15.669155,-0.000003
member,3000,3,3,1,0.092328,0.911806,0.911806,0.353128,7.572669,2.560737,-0.353128
member,39703,4,4,1,0.085582,0.917978,0.917978,0.342626,9.202501,3.062567,-0.342626
member,47444,0,0,1,0.010355,0.989699,0.989699,0.064082,20.407877,5.003556,-0.064082
member,4759,0,0,1,0.000062,0.999938,0.999938,0.000711,18.966166,10.137336,-0.000711
member,49276,0,0,1,0.000158,0.999842,0.999842,0.001723,12.810717,9.288186,-0.001723
member,44282,1,1,1,0.000015,0.999985,0.999985,0.000185,24.026581,11.088661,-0.000185
member,16539,6,6,1,-0.000000,1.000000,1.000000,0.000001,23.795904,17.619404,-0.000001
member,43800,3,3,1,0.051587,0.949721,0.949721,0.212741,16.344713,3.016119,-0.212741
member,25151,1,1,1,0.001482,0.998519,0.998519,0.011520,15.762337,6.590946,-0.011520
member,8322,2,2,1,0.000138,0.999862,0.999862,0.001504,17.918299,9.651547,-0.001504
member,38150,2,2,1,0.026773,0.973583,0.973583,0.129904,9.827412,3.686770,-0.129904
member,47904,2,2,1,0.000540,0.999460,0.999460,0.004771,15.616077,7.604835,-0.004771
member,14946,2,2,1,0.003540,0.996467,0.996467,0.024241,11.924113,5.692272,-0.024241
member,48620,7,7,1,0.000705,0.999295,0.999295,0.006338,11.470911,7.567542,-0.006338
member,43422,2,2,1,-0.000000,1.000000,1.000000,0.000000,31.963900,23.028736,-0.000000
member,9468,6,6,1,0.000003,0.999997,0.999997,0.000045,22.352978,12.658183,-0.000045
member,5308,6,6,1,0.004862,0.995149,0.995149,0.031157,15.153820,5.342975,-0.031157
member,24988,7,7,1,0.000010,0.999990,0.999990,0.000141,16.556065,12.066245,-0.000141
member,34482,2,2,1,0.000031,0.999969,0.999969,0.000383,17.050694,11.306416,-0.000383
member,31680,8,8,1,0.000000,1.000000,1.000000,0.000007,29.652472,14.569625,-0.000007
member,4475,3,3,1,0.006313,0.993707,0.993707,0.041260,18.289272,5.276151,-0.041260
member,23090,5,5,1,0.002800,0.997204,0.997204,0.019268,18.900583,5.878606,-0.019268
member,12261,4,4,1,0.002725,0.997279,0.997279,0.018792,26.640383,5.904062,-0.018792
member,2417,8,8,1,-0.000000,1.000000,1.000000,0.000001,25.106876,17.958090,-0.000001
member,10214,7,7,1,0.000271,0.999729,0.999729,0.002681,17.162663,8.733852,-0.002681
member,42119,1,1,1,0.000009,0.999991,0.999991,0.000116,30.674786,11.596777,-0.000116
member,6985,4,4,1,0.012887,0.987195,0.987195,0.076028,11.339488,4.524715,-0.076028
member,4120,5,5,1,0.000014,0.999986,0.999986,0.000179,21.337358,11.540559,-0.000179
member,34896,2,2,1,0.007858,0.992173,0.992173,0.051770,13.371449,5.418183,-0.051770
member,26495,0,0,1,0.000036,0.999964,0.999964,0.000417,24.629074,10.333605,-0.000417
member,49744,8,8,1,0.000000,1.000000,1.000000,0.000002,24.960234,15.767681,-0.000002
member,5794,8,8,1,-0.000000,1.000000,1.000000,0.000000,39.973267,22.849808,-0.000000
member,32817,5,5,1,0.001700,0.998301,0.998301,0.012556,24.943056,6.378294,-0.012556
member,38894,3,3,1,0.000004,0.999996,0.999996,0.000051,23.808661,12.514259,-0.000051
member,24905,8,8,1,-0.000000,1.000000,1.000000,0.000000,35.222225,20.706684,-0.000000
member,10163,9,9,1,0.003714,0.996293,0.996293,0.027733,11.742618,6.203543,-0.027733
member,2829,9,9,1,0.000046,0.999954,0.999954,0.000509,28.485229,9.978336,-0.000509
member,46556,7,7,1,-0.000000,1.000000,1.000000,0.000000,34.418449,19.921772,-0.000000
member,37519,0,0,1,0.001244,0.998757,0.998757,0.010071,16.985088,6.838283,-0.010071
member,13826,3,3,1,0.000092,0.999908,0.999908,0.001017,14.300927,9.550306,-0.001017
member,30760,7,7,1,0.000000,1.000000,1.000000,0.000004,33.347523,15.157057,-0.000004
member,32271,8,8,1,-0.000000,1.000000,1.000000,0.000000,36.236435,30.773466,-0.000000
member,23115,9,9,1,0.000110,0.999890,0.999890,0.001155,14.600066,9.200452,-0.001155
member,22683,4,4,1,0.042088,0.958785,0.958785,0.177576,12.631415,3.174069,-0.177576
member,28907,9,9,1,0.000002,0.999998,0.999998,0.000034,17.668903,14.037717,-0.000034
member,441,8,8,1,0.000016,0.999984,0.999984,0.000197,21.455097,11.025030,-0.000197
member,35276,4,4,1,0.001798,0.998203,0.998203,0.013968,18.638186,6.448426,-0.013968
member,38708,4,4,1,0.010536,0.989520,0.989520,0.069773,10.860003,5.527713,-0.069773
member,34543,6,6,1,0.000430,0.999570,0.999570,0.004185,16.101185,8.396704,-0.004185
member,15364,7,7,1,0.000612,0.999388,0.999388,0.005219,20.215830,7.425294,-0.005219
member,33648,7,7,1,0.002369,0.997633,0.997633,0.016682,25.780205,6.044411,-0.016682
member,195,5,5,1,0.001038,0.998962,0.998962,0.008222,13.271494,6.877105,-0.008222
member,2705,4,4,1,0.001076,0.998925,0.998925,0.008956,13.998015,6.995497,-0.008956
member,16460,0,0,1,-0.000000,1.000000,1.000000,0.000000,32.785053,21.550350,-0.000000
member,42389,8,8,1,0.000004,0.999996,0.999996,0.000054,24.469946,12.426577,-0.000054
member,32667,5,5,1,0.000349,0.999651,0.999651,0.003355,15.580314,8.187044,-0.003355
member,31902,4,4,1,0.001460,0.998541,0.998541,0.011042,18.631638,6.533946,-0.011042
member,24319,0,0,1,0.022850,0.977409,0.977409,0.120421,10.320938,3.935106,-0.120421
member,27515,8,8,1,0.001276,0.998725,0.998725,0.009841,15.213604,6.671453,-0.009841
member,39162,4,4,1,0.001512,0.998489,0.998489,0.011476,16.553503,6.511468,-0.011476
member,16914,7,7,1,0.111968,0.894072,0.894072,0.363505,8.172000,2.192061,-0.363505
member,40617,6,6,1,0.001801,0.998200,0.998200,0.014497,22.444614,6.567091,-0.014497
member,44155,9,9,1,-0.000000,1.000000,1.000000,0.000000,26.268171,18.290409,-0.000000
member,32384,4,4,1,0.000603,0.999397,0.999397,0.005434,16.283707,7.595877,-0.005434
member,29601,8,8,1,-0.000000,1.000000,1.000000,0.000000,36.339199,18.990301,-0.000000
member,34541,5,5,1,0.001318,0.998683,0.998683,0.010900,15.296949,6.890554,-0.010900
member,6653,7,7,1,0.000030,0.999970,0.999970,0.000353,19.142548,10.602709,-0.000353
member,46468,3,3,1,0.000096,0.999904,0.999904,0.001059,18.932703,9.800699,-0.001059
member,1470,0,0,1,0.000361,0.999639,0.999639,0.003315,16.339457,7.982740,-0.003315
member,10907,5,5,1,0.000005,0.999995,0.999995,0.000065,20.203691,12.279342,-0.000065
member,41441,4,4,1,0.001626,0.998375,0.998375,0.013782,10.365191,7.059578,-0.013782
member,43321,5,5,1,0.000001,0.999999,0.999999,0.000019,19.269989,14.332012,-0.000019
member,6392,2,2,1,0.000016,0.999984,0.999984,0.000196,28.893017,11.022648,-0.000196
member,28953,3,3,1,0.022057,0.978185,0.978185,0.107687,12.159104,3.828076,-0.107687
member,16656,3,3,1,0.017174,0.982972,0.982972,0.087035,16.245049,4.063695,-0.087035
member,17922,8,8,1,0.003324,0.996682,0.996682,0.022785,17.806017,5.743080,-0.022785
member,19588,6,6,1,0.000013,0.999987,0.999987,0.000162,22.146095,11.948318,-0.000162
member,32631,0,0,1,0.060900,0.940917,0.940917,0.228343,16.397408,2.780249,-0.228343
member,22897,2,2,1,0.000132,0.999868,0.999868,0.001318,16.649748,8.936277,-0.001318
member,6340,5,5,1,0.000065,0.999935,0.999935,0.000704,16.351398,9.672536,-0.000704
member,23905,2,2,1,0.000002,0.999998,0.999998,0.000029,18.211311,13.595264,-0.000029
member,38422,7,7,1,0.003781,0.996226,0.996226,0.025437,13.908943,5.610172,-0.025437
member,18916,7,7,1,0.001120,0.998880,0.998880,0.008745,15.439857,6.795775,-0.008745
member,25895,7,7,1,0.002443,0.997560,0.997560,0.019650,11.297879,6.561112,-0.019650
member,12955,9,9,1,0.000340,0.999660,0.999660,0.003052,35.320107,7.987532,-0.003052
member,29065,4,4,1,0.001715,0.998286,0.998286,0.013586,11.636306,6.539468,-0.013586
member,45251,3,3,1,0.001218,0.998782,0.998782,0.010562,14.080621,7.177722,-0.010562
member,35182,0,0,1,0.000021,0.999979,0.999979,0.000259,17.139212,11.412340,-0.000259
member,31470,4,7,0,1.071099,0.342632,0.654079,0.667040,7.793262,-0.646573,0.667040
member,1157,5,5,1,0.000100,0.999900,0.999900,0.001078,17.581902,9.438473,-0.001078
member,18107,8,8,1,-0.000000,1.000000,1.000000,0.000000,49.659046,39.488495,-0.000000
member,28858,1,1,1,-0.000000,1.000000,1.000000,0.000000,46.468082,21.868702,-0.000000
member,16051,9,9,1,0.000032,0.999968,0.999968,0.000366,24.947254,10.342049,-0.000366
member,17287,6,6,1,0.000001,0.999999,0.999999,0.000012,23.181717,14.195951,-0.000012
member,29982,3,3,1,0.003045,0.996960,0.996960,0.020663,21.507721,5.793045,-0.020663
member,578,1,1,1,0.001112,0.998889,0.998889,0.008695,18.963047,6.803776,-0.008695
member,5692,9,9,1,0.000001,0.999999,0.999999,0.000021,23.816074,13.423191,-0.000021
member,25472,8,8,1,0.000000,1.000000,1.000000,0.000002,19.487803,16.464413,-0.000002
member,40199,7,7,1,0.000052,0.999948,0.999948,0.000570,32.001175,9.855097,-0.000570
member,8960,5,5,1,0.328468,0.720026,0.720026,0.600955,11.838218,0.948822,-0.600955
member,3858,9,9,1,-0.000000,1.000000,1.000000,0.000000,44.598450,23.806187,-0.000000
member,32561,7,7,1,0.009354,0.990690,0.990690,0.056608,11.987006,4.786912,-0.056608
member,38792,5,5,1,0.033750,0.966814,0.966814,0.156566,11.200472,3.445591,-0.156566
member,8445,8,8,1,-0.000000,1.000000,1.000000,0.000001,27.841208,16.848267,-0.000001
member,7772,0,0,1,0.000016,0.999984,0.999984,0.000206,16.898218,11.690666,-0.000206
member,10869,3,3,1,0.000264,0.999736,0.999736,0.002747,18.099178,9.121919,-0.002747
member,46360,5,5,1,0.000393,0.999607,0.999607,0.003635,18.779541,7.978119,-0.003635
member,48806,1,1,1,0.000113,0.999887,0.999887,0.001144,22.758476,9.085215,-0.001144
member,29174,0,0,1,0.000727,0.999274,0.999274,0.005977,25.541254,7.226839,-0.005977
member,41828,5,5,1,0.000231,0.999769,0.999769,0.002236,22.887482,8.460283,-0.002236
member,29273,3,3,1,0.000936,0.999064,0.999064,0.008244,14.017771,7.406076,-0.008244
member,16739,2,2,1,0.000001,0.999999,0.999999,0.000022,19.298361,13.899948,-0.000022
member,43132,1,1,1,-0.000000,1.000000,1.000000,0.000000,36.777416,20.546610,-0.000000
member,26968,2,2,1,0.002042,0.997960,0.997960,0.016258,16.343666,6.677625,-0.016258
member,21535,7,7,1,0.000421,0.999579,0.999579,0.003693,28.141687,7.772495,-0.003693
member,30281,1,1,1,0.000002,0.999998,0.999998,0.000031,27.219967,13.047872,-0.000031
member,29013,9,9,1,-0.000000,1.000000,1.000000,0.000000,37.220715,23.447453,-0.000000
member,43840,5,5,1,0.000005,0.999995,0.999995,0.000071,22.270622,12.858319,-0.000071
member,48722,3,3,1,0.003054,0.996951,0.996951,0.022096,17.397175,5.975796,-0.022096
member,32477,2,2,1,0.000026,0.999974,0.999974,0.000320,14.075068,10.757427,-0.000320
member,15041,6,6,1,-0.000000,1.000000,1.000000,0.000000,33.438313,20.571814,-0.000000
member,2740,8,8,1,-0.000000,1.000000,1.000000,0.000000,45.226688,28.172234,-0.000000
member,48417,2,2,1,0.000054,0.999946,0.999946,0.000620,21.145348,10.122231,-0.000620
member,6128,4,4,1,0.000016,0.999984,0.999984,0.000200,26.896940,11.093089,-0.000200
member,11575,5,5,1,0.033625,0.966934,0.966934,0.155388,17.634007,3.471817,-0.155388
member,26970,9,9,1,0.000001,0.999999,0.999999,0.000017,34.804871,13.658714,-0.000017
member,48528,1,1,1,0.000002,0.999998,0.999998,0.000033,14.814661,13.683374,-0.000033
member,25631,9,9,1,0.000105,0.999895,0.999895,0.001142,18.994053,9.449383,-0.001142
member,4034,2,2,1,-0.000000,1.000000,1.000000,0.000000,25.339979,19.825537,-0.000000
member,16729,8,8,1,0.000190,0.999810,0.999810,0.001818,35.399109,8.568214,-0.001818
member,26041,9,9,1,0.000005,0.999995,0.999995,0.000071,20.444603,12.293310,-0.000071
member,42858,6,6,1,0.040799,0.960022,0.960022,0.208331,6.918766,3.581754,-0.208331
member,41754,7,7,1,0.000417,0.999583,0.999583,0.003773,20.173590,7.842249,-0.003773
member,29995,2,2,1,0.000000,1.000000,1.000000,0.000005,30.895615,15.039069,-0.000005
member,19792,1,1,1,0.000000,1.000000,1.000000,0.000003,37.406475,15.530975,-0.000003
member,40178,1,1,1,0.000099,0.999901,0.999901,0.001111,16.620182,10.003471,-0.001111
member,20210,3,3,1,0.100662,0.904238,0.904238,0.315678,18.121155,2.245236,-0.315678
member,13964,0,0,1,0.000002,0.999998,0.999998,0.000023,25.990755,13.708381,-0.000023
member,27919,8,8,1,-0.000000,1.000000,1.000000,0.000001,22.236584,16.946289,-0.000001
member,18137,5,5,1,0.000640,0.999360,0.999360,0.005467,14.865926,7.393362,-0.005467
member,30113,3,3,1,0.001533,0.998468,0.998468,0.012605,13.052829,6.784746,-0.012605
member,37767,7,7,1,0.000801,0.999199,0.999199,0.006549,16.634527,7.135365,-0.006549
member,49316,5,5,1,0.272701,0.761321,0.761321,0.702848,12.344835,1.516902,-0.702848
member,24249,6,6,1,0.000539,0.999461,0.999461,0.004665,16.067516,7.549897,-0.004665
member,17353,0,0,1,0.000587,0.999413,0.999413,0.004956,20.457754,7.441152,-0.004956
member,2081,5,5,1,0.000210,0.999790,0.999790,0.002107,16.892324,8.707282,-0.002107
member,41681,2,2,1,0.012572,0.987507,0.987507,0.075431,10.053418,4.681573,-0.075431
member,43416,1,1,1,0.000001,0.999999,0.999999,0.000013,25.058279,14.004799,-0.000013
member,30365,2,2,1,0.000001,0.999999,0.999999,0.000009,17.366709,15.017108,-0.000009
member,41711,4,4,1,0.021092,0.979129,0.979129,0.110899,10.905890,3.973320,-0.110899
member,40155,3,3,1,0.003851,0.996157,0.996157,0.026158,11.265401,5.609211,-0.026158
member,42810,8,8,1,0.002621,0.997382,0.997382,0.018469,12.225053,5.961439,-0.018469
member,30364,9,9,1,-0.000000,1.000000,1.000000,0.000001,35.877300,16.879889,-0.000001
member,42192,3,3,1,0.017494,0.982659,0.982659,0.091631,14.901465,4.093711,-0.091631
member,6850,7,7,1,0.016223,0.983908,0.983908,0.090646,13.135887,4.293755,-0.090646
member,12065,8,8,1,-0.000000,1.000000,1.000000,0.000000,30.828794,19.177971,-0.000000
member,11220,2,2,1,0.261993,0.769517,0.769517,0.592397,9.543139,1.250134,-0.592397
member,15944,2,2,1,0.000243,0.999757,0.999757,0.002289,18.044886,8.337245,-0.002289
member,523,7,7,1,-0.000000,1.000000,1.000000,0.000001,24.687927,17.287733,-0.000001
member,38823,0,0,1,0.000033,0.999967,0.999967,0.000400,17.882750,10.744993,-0.000400
member,40945,0,0,1,0.008269,0.991765,0.991765,0.048112,16.916492,4.798188,-0.048112
member,35689,7,7,1,0.000002,0.999998,0.999998,0.000035,18.018707,13.130184,-0.000035
member,30837,0,0,1,0.000420,0.999580,0.999580,0.004276,11.528511,8.361122,-0.004276
member,11987,6,6,1,0.000001,0.999999,0.999999,0.000020,25.246702,13.598445,-0.000020
member,38202,5,5,1,0.000008,0.999992,0.999992,0.000100,17.725891,12.025814,-0.000100
member,38003,0,0,1,-0.000000,1.000000,1.000000,0.000000,30.213213,21.163891,-0.000000
member,18480,1,1,1,0.041408,0.959438,0.959438,0.170119,17.381210,3.164726,-0.170119
member,44013,9,9,1,-0.000000,1.000000,1.000000,0.000000,27.168161,22.212933,-0.000000
member,30036,7,7,1,0.004414,0.995595,0.995595,0.033027,12.706864,6.289966,-0.033027
member,46035,5,5,1,0.004167,0.995842,0.995842,0.027372,12.629951,5.495746,-0.027372
member,36924,0,0,1,0.000450,0.999551,0.999551,0.004330,13.056265,8.083344,-0.004330
member,29624,5,5,1,0.277017,0.758042,0.758042,0.705117,11.151727,1.364699,-0.705117
member,30693,1,1,1,0.000887,0.999113,0.999113,0.007551,16.928589,7.237438,-0.007551
member,36550,1,1,1,0.000960,0.999041,0.999041,0.007625,26.491995,6.948473,-0.007625
member,24993,2,2,1,0.000030,0.999970,0.999970,0.000386,17.370146,11.457094,-0.000386
member,47109,1,1,1,0.000001,0.999999,0.999999,0.000017,32.233532,13.967621,-0.000017
member,23986,3,3,1,0.005943,0.994075,0.994075,0.039570,18.495420,5.362678,-0.039570
member,3068,2,2,1,0.000555,0.999445,0.999445,0.005565,9.546724,8.559399,-0.005565
member,40642,4,4,1,0.000714,0.999287,0.999287,0.006294,15.845338,7.430436,-0.006294
member,40698,9,9,1,0.000002,0.999998,0.999998,0.000026,23.911861,13.226376,-0.000026
member,23263,1,1,1,0.000003,0.999997,0.999997,0.000047,23.767366,12.687428,-0.000047
member,44116,0,0,1,-0.000000,1.000000,1.000000,0.000000,26.338326,19.483898,-0.000000
member,33421,0,0,1,0.000595,0.999405,0.999405,0.005122,14.654937,7.469806,-0.005122
member,38747,6,6,1,0.000152,0.999848,0.999848,0.001577,18.268442,9.030349,-0.001577
member,27449,8,8,1,0.000105,0.999894,0.999894,0.001072,20.245266,9.157672,-0.001072
member,5396,7,7,1,-0.000000,1.000000,1.000000,0.000000,36.395340,17.680340,-0.000000
member,19168,4,4,1,0.019749,0.980444,0.980444,0.098646,10.783669,3.935646,-0.098646
member,3759,4,4,1,0.000509,0.999491,0.999491,0.004632,13.345199,7.719516,-0.004632
member,15703,4,4,1,0.000061,0.999939,0.999939,0.000650,23.481749,9.713226,-0.000650
member,18829,4,4,1,0.000423,0.999578,0.999578,0.003921,18.254639,7.928662,-0.003921
member,43811,0,0,1,-0.000000,1.000000,1.000000,0.000000,24.988495,20.161816,-0.000000
member,19224,2,2,1,0.074117,0.928563,0.928563,0.276294,11.833776,2.625983,-0.276294
member,25162,1,1,1,0.000002,0.999998,0.999998,0.000024,30.872892,13.314608,-0.000024
member,29247,3,3,1,0.001540,0.998461,0.998461,0.013061,10.551698,7.073943,-0.013061
member,5491,4,4,1,0.000088,0.999912,0.999912,0.000968,22.314877,9.643596,-0.000968
member,49787,1,1,1,0.001111,0.998890,0.998890,0.008661,28.110683,6.802290,-0.008661
member,30973,9,9,1,0.000073,0.999927,0.999927,0.000765,25.244413,9.530708,-0.000765
member,48781,4,4,1,0.000011,0.999989,0.999989,0.000137,23.891712,11.436003,-0.000137
member,17196,0,0,1,0.000001,0.999999,0.999999,0.000011,21.436399,14.777452,-0.000011
member,36608,7,7,1,0.039053,0.961700,0.961700,0.166751,10.800067,3.243672,-0.166751
member,47878,6,6,1,0.000000,1.000000,1.000000,0.000003,28.422775,15.451629,-0.000003
member,25284,5,5,1,-0.000000,1.000000,1.000000,0.000001,28.441170,16.871170,-0.000001
member,23074,2,2,1,-0.000000,1.000000,1.000000,0.000000,31.298397,20.637724,-0.000000
member,42737,3,3,1,0.000191,0.999809,0.999809,0.001830,23.729099,8.561208,-0.001830
member,10742,2,2,1,0.026549,0.973800,0.973800,0.135849,15.256927,3.826052,-0.135849
member,30601,8,8,1,-0.000000,1.000000,1.000000,0.000000,37.801346,23.126587,-0.000000
member,38275,3,3,1,0.000309,0.999691,0.999691,0.002889,19.512806,8.145210,-0.002889
member,32738,8,8,1,-0.000000,1.000000,1.000000,0.000000,26.678158,19.289797,-0.000000
member,44093,3,3,1,0.011671,0.988396,0.988396,0.064244,14.776253,4.460670,-0.064244
member,41104,2,2,1,0.000498,0.999502,0.999502,0.004309,19.143497,7.610882,-0.004309
member,1182,4,4,1,0.000468,0.999532,0.999532,0.004133,19.012648,7.706024,-0.004133
member,34647,3,3,1,0.000049,0.999951,0.999951,0.000583,14.787809,10.256813,-0.000583
member,12240,6,6,1,0.000560,0.999441,0.999441,0.005340,14.723560,8.210377,-0.005340
member,21564,0,0,1,0.003290,0.996715,0.996715,0.022979,11.847332,5.780082,-0.022979
member,48811,7,7,1,0.000023,0.999977,0.999977,0.000266,21.826881,10.734913,-0.000266
member,38782,0,0,1,0.053479,0.947925,0.947925,0.212297,12.059836,2.932895,-0.212297
member,41808,8,8,1,0.000025,0.999975,0.999975,0.000294,26.999718,10.581459,-0.000294
member,17095,7,7,1,0.000140,0.999860,0.999860,0.001387,24.009214,8.883300,-0.001387
member,30582,1,1,1,0.000000,1.000000,1.000000,0.000003,32.248844,15.597147,-0.000003
member,16749,4,4,1,0.000925,0.999075,0.999075,0.007400,23.185234,6.987333,-0.007400
member,27752,9,9,1,0.000213,0.999787,0.999787,0.002013,26.199171,8.454491,-0.002013
member,16776,0,0,1,0.024564,0.975735,0.975735,0.114224,18.540594,3.694257,-0.114224
member,5711,6,6,1,0.006573,0.993448,0.993448,0.044185,13.942784,5.530930,-0.044185
member,36440,3,3,1,0.013203,0.986884,0.986884,0.071019,18.502676,4.336855,-0.071019
member,48137,2,2,1,0.000202,0.999798,0.999798,0.002022,16.063644,8.677811,-0.002022
member,6201,9,9,1,0.000000,1.000000,1.000000,0.000003,22.646206,15.540442,-0.000003
member,31965,7,7,1,0.002124,0.997878,0.997878,0.015182,27.266603,6.153238,-0.015182
member,42772,5,5,1,0.020293,0.979911,0.979911,0.101635,12.051426,3.917562,-0.101635
member,3461,3,3,1,0.000165,0.999835,0.999835,0.001636,16.844007,8.748148,-0.001636
member,22960,2,2,1,0.000144,0.999856,0.999856,0.001523,18.481926,9.514284,-0.001523
member,33520,9,9,1,0.005261,0.994753,0.994753,0.038094,8.452044,5.587133,-0.038094
member,32338,6,6,1,0.000015,0.999985,0.999985,0.000179,21.690823,11.135028,-0.000179
member,41590,4,4,1,0.000203,0.999797,0.999797,0.002092,15.865425,9.188365,-0.002092
member,35238,7,7,1,0.000000,1.000000,1.000000,0.000005,27.151054,14.951642,-0.000005
member,2527,3,3,1,0.004594,0.995417,0.995417,0.029259,17.990498,5.380889,-0.029259
member,18881,7,7,1,0.005939,0.994079,0.994079,0.040667,10.243854,5.383726,-0.040667
member,1484,6,6,1,0.000001,0.999999,0.999999,0.000012,21.659340,14.107304,-0.000012
member,29708,8,8,1,-0.000000,1.000000,1.000000,0.000000,36.141712,27.946291,-0.000000
member,3270,5,5,1,0.028684,0.971723,0.971723,0.128703,15.059164,3.537040,-0.128703
member,3610,2,2,1,0.000205,0.999795,0.999795,0.002039,20.117147,8.670386,-0.002039
member,11846,7,7,1,-0.000000,1.000000,1.000000,0.000000,27.929377,21.366867,-0.000000
member,24066,9,9,1,0.000000,1.000000,1.000000,0.000001,32.255383,16.609156,-0.000001
member,8760,3,3,1,0.000073,0.999927,0.999927,0.000796,19.323601,9.626951,-0.000796
member,35552,5,5,1,0.000012,0.999988,0.999988,0.000152,19.843084,11.398949,-0.000152
member,10369,8,8,1,-0.000000,1.000000,1.000000,0.000000,28.261856,20.877605,-0.000000
member,2464,8,8,1,0.000050,0.999950,0.999950,0.000548,25.720974,9.911462,-0.000548
member,48582,6,6,1,-0.000000,1.000000,1.000000,0.000000,30.967012,20.313223,-0.000000
member,28499,8,8,1,0.000121,0.999879,0.999879,0.001216,29.059916,9.016838,-0.001216
member,22039,6,6,1,0.000466,0.999534,0.999534,0.004301,17.657227,7.831646,-0.004301
member,42171,1,1,1,0.000212,0.999788,0.999788,0.002150,21.423136,8.992409,-0.002150
member,35906,5,5,1,0.004015,0.995993,0.995993,0.027031,14.355272,5.577463,-0.027031
member,9389,4,4,1,0.457111,0.633110,0.633110,0.758213,11.030073,0.608938,-0.758213
member,28175,1,1,1,0.000466,0.999534,0.999534,0.004069,18.635149,7.679440,-0.004069
member,46339,4,4,1,0.000079,0.999921,0.999921,0.000828,17.726612,9.467156,-0.000828
member,11163,1,1,1,0.009032,0.991008,0.991008,0.051315,41.585655,4.702415,-0.051315
member,48266,0,0,1,0.000027,0.999973,0.999973,0.000314,22.865984,10.509284,-0.000314
member,46900,1,1,1,0.089623,0.914276,0.914276,0.292531,26.113409,2.367002,-0.292531
member,10758,5,5,1,0.002321,0.997682,0.997682,0.018567,11.103188,6.806102,-0.018567
member,45754,3,3,1,0.137776,0.871294,0.871294,0.469945,9.654452,2.131148,-0.469945
member,37078,0,0,1,-0.000000,1.000000,1.000000,0.000000,37.106438,26.716270,-0.000000
member,23502,6,6,1,0.000001,0.999999,0.999999,0.000021,29.047089,13.437858,-0.000021
member,38332,8,8,1,0.000023,0.999977,0.999977,0.000282,17.347429,10.821653,-0.000282
member,38057,7,7,1,0.000001,0.999999,0.999999,0.000018,29.420275,13.787371,-0.000018
member,42243,5,5,1,0.001063,0.998938,0.998938,0.008638,18.827791,6.932272,-0.008638
member,28617,1,1,1,-0.000000,1.000000,1.000000,0.000000,41.677132,23.821352,-0.000000
member,37794,8,8,1,0.000003,0.999997,0.999997,0.000040,17.875156,12.861456,-0.000040
member,5564,7,7,1,-0.000000,1.000000,1.000000,0.000000,32.173405,25.994076,-0.000000
member,5907,6,6,1,0.000082,0.999918,0.999918,0.000854,21.703098,9.409318,-0.000854
member,31304,7,7,1,-0.000000,1.000000,1.000000,0.000000,39.179523,19.256044,-0.000000
member,23181,2,2,1,0.000147,0.999853,0.999853,0.001547,14.331532,9.036764,-0.001547
member,37739,9,9,1,0.023637,0.976640,0.976640,0.111562,16.625683,3.737421,-0.111562
member,41690,1,1,1,0.003125,0.996880,0.996880,0.021119,24.167835,5.766689,-0.021119
member,23372,3,3,1,0.012669,0.987411,0.987411,0.077823,9.705467,4.846505,-0.077823
member,33789,3,3,1,0.311670,0.732223,0.732223,0.663647,12.262869,1.099700,-0.663647
member,7442,1,1,1,0.007221,0.992805,0.992805,0.042674,27.176191,4.927095,-0.042674
member,7474,3,3,1,0.010794,0.989264,0.989264,0.060078,14.349733,4.533266,-0.060078
member,24963,1,1,1,0.000411,0.999589,0.999589,0.003875,16.600277,7.983912,-0.003875
member,41065,7,7,1,0.018231,0.981934,0.981934,0.101625,19.733953,4.368632,-0.101625
member,49171,6,6,1,0.000389,0.999612,0.999612,0.003628,14.168088,7.999067,-0.003628
member,35527,7,7,1,0.000004,0.999996,0.999996,0.000055,19.732401,12.951362,-0.000055
member,20376,1,1,1,0.000934,0.999066,0.999066,0.007449,28.226818,6.975199,-0.007449
member,46010,5,5,1,0.000030,0.999970,0.999970,0.000338,28.775570,10.429306,-0.000338
member,41547,4,4,1,0.020071,0.980129,0.980129,0.112523,14.120139,4.142570,-0.112523
member,26458,9,9,1,0.000018,0.999982,0.999982,0.000214,42.759304,10.926067,-0.000214
member,20873,8,8,1,0.000000,1.000000,1.000000,0.000008,21.156395,14.821325,-0.000008
member,20483,5,5,1,0.085272,0.918263,0.918263,0.322724,12.976370,2.551512,-0.322724
member,23498,3,3,1,0.016941,0.983201,0.983201,0.085329,14.292621,4.069655,-0.085329
member,640,6,6,1,0.057005,0.944590,0.944590,0.258137,7.535299,3.085759,-0.258137
member,44855,3,3,1,0.000002,0.999998,0.999998,0.000022,33.228504,13.389622,-0.000022
member,14761,2,2,1,0.000003,0.999997,0.999997,0.000039,19.257980,13.334107,-0.000039
member,10445,8,8,1,0.004534,0.995477,0.995477,0.029720,15.112917,5.434813,-0.029720
member,44157,9,9,1,0.000003,0.999997,0.999997,0.000044,23.154692,13.434074,-0.000044
member,2875,2,2,1,0.201158,0.817783,0.817783,0.479718,13.474398,1.504995,-0.479718
member,47177,9,9,1,0.000000,1.000000,1.000000,0.000003,25.396177,15.724835,-0.000003
member,31531,2,2,1,0.001305,0.998696,0.998696,0.011363,12.398519,7.346469,-0.011363
member,25678,6,6,1,0.000174,0.999826,0.999826,0.001689,28.544643,8.661884,-0.001689
member,9848,4,4,1,0.000535,0.999465,0.999465,0.005045,15.847253,8.095821,-0.005045
member,10598,7,7,1,-0.000000,1.000000,1.000000,0.000000,35.757717,17.726463,-0.000000
member,4524,0,0,1,0.000763,0.999238,0.999238,0.006605,10.433305,7.308821,-0.006605
member,46200,0,0,1,0.019952,0.980246,0.980246,0.127426,7.871532,5.088718,-0.127426
member,48139,5,5,1,0.000192,0.999808,0.999808,0.001981,15.067136,8.847834,-0.001981
member,6515,1,1,1,-0.000000,1.000000,1.000000,0.000000,40.251617,18.881258,-0.000000
member,25694,8,8,1,-0.000000,1.000000,1.000000,0.000000,37.067368,30.707787,-0.000000
member,1508,8,8,1,-0.000000,1.000000,1.000000,0.000000,36.515312,22.463726,-0.000000
member,42357,3,3,1,0.012083,0.987990,0.987990,0.065049,21.036980,4.409958,-0.065049
member,12285,4,4,1,0.000311,0.999689,0.999689,0.002825,20.802269,8.074757,-0.002825
member,11015,2,2,1,0.000000,1.000000,1.000000,0.000002,23.188856,16.311333,-0.000002
member,46615,8,8,1,0.000002,0.999998,0.999998,0.000022,25.692846,13.379784,-0.000022
member,27600,7,7,1,0.004565,0.995446,0.995446,0.029657,12.764719,5.410393,-0.029657
member,40771,5,5,1,0.001221,0.998780,0.998780,0.010224,13.940181,7.033570,-0.010224
member,46864,0,0,1,0.001553,0.998448,0.998448,0.012049,13.261572,6.535532,-0.012049
member,29801,1,1,1,0.000001,0.999999,0.999999,0.000014,38.145264,13.859476,-0.000014
member,18875,4,4,1,0.000146,0.999854,0.999854,0.001586,14.258108,9.622446,-0.001586
member,12793,9,9,1,0.000031,0.999969,0.999969,0.000355,22.059645,10.444978,-0.000355
member,5739,4,4,1,0.006881,0.993143,0.993143,0.044293,15.284902,5.167093,-0.044293
member,736,8,8,1,0.000008,0.999992,0.999992,0.000113,14.475103,11.763872,-0.000113
member,3607,0,0,1,0.000384,0.999616,0.999616,0.003472,16.907923,7.908892,-0.003472
member,25429,4,4,1,0.003460,0.996546,0.996546,0.026038,13.549483,6.341640,-0.026038
member,30965,5,5,1,0.000153,0.999847,0.999847,0.001604,22.610939,9.184499,-0.001604
member,19706,8,8,1,0.000002,0.999998,0.999998,0.000023,21.189970,13.374115,-0.000023
member,19970,6,6,1,0.000001,0.999999,0.999999,0.000018,28.887196,13.606262,-0.000018
member,17457,1,1,1,-0.000000,1.000000,1.000000,0.000000,43.678848,25.497820,-0.000000
member,24792,0,0,1,0.001335,0.998666,0.998666,0.011236,12.893498,6.915114,-0.011236
member,46483,5,5,1,0.001504,0.998497,0.998497,0.011774,21.592566,6.607938,-0.011774
member,49631,8,8,1,-0.000000,1.000000,1.000000,0.000000,29.589460,26.299192,-0.000000
member,25083,0,0,1,0.001175,0.998825,0.998825,0.009103,22.645906,6.745982,-0.009103
member,2624,9,9,1,0.000004,0.999996,0.999996,0.000056,17.587063,13.113178,-0.000056
member,6954,0,0,1,0.028609,0.971797,0.971797,0.141314,13.923080,3.676331,-0.141314
member,28739,4,4,1,0.000036,0.999964,0.999964,0.000432,25.258799,10.765021,-0.000432
member,27656,1,1,1,0.000137,0.999863,0.999863,0.001387,20.848480,8.955273,-0.001387
member,20367,3,3,1,0.001058,0.998942,0.998942,0.008359,22.481230,6.858782,-0.008359
member,23477,1,1,1,0.000004,0.999996,0.999996,0.000057,17.196491,13.008143,-0.000057
member,27623,0,0,1,0.002239,0.997763,0.997763,0.015943,19.262085,6.104402,-0.015943
member,19339,0,0,1,0.005563,0.994453,0.994453,0.034346,31.484665,5.188904,-0.034346
member,21492,4,4,1,0.023887,0.976396,0.976396,0.115570,13.010564,3.754166,-0.115570
member,37082,7,7,1,0.003001,0.997003,0.997003,0.022249,15.621279,6.166652,-0.022249
member,37057,3,3,1,0.000064,0.999936,0.999936,0.000728,19.921186,10.182196,-0.000728
member,11546,1,1,1,0.000471,0.999529,0.999529,0.004183,27.065287,7.722752,-0.004183
member,13095,8,8,1,-0.000000,1.000000,1.000000,0.000000,39.871075,33.302559,-0.000000
member,42857,9,9,1,0.000432,0.999568,0.999568,0.003776,31.301472,7.747484,-0.003776
member,29728,2,2,1,0.000095,0.999905,0.999905,0.001035,17.966383,9.653877,-0.001035
member,9987,5,5,1,0.000013,0.999987,0.999987,0.000163,21.430861,11.234187,-0.000163
member,8477,2,2,1,0.000000,1.000000,1.000000,0.000006,29.698271,14.874111,-0.000006
member,30169,8,8,1,0.000003,0.999997,0.999997,0.000042,19.583782,12.791998,-0.000042
member,18972,7,7,1,0.000047,0.999953,0.999953,0.000569,15.638948,10.540501,-0.000569
member,39470,4,4,1,0.089153,0.914706,0.914706,0.380036,12.806575,2.862790,-0.380036
member,10734,7,7,1,0.063089,0.938860,0.938860,0.280746,13.797420,3.394304,-0.280746
member,2211,7,7,1,0.004304,0.995706,0.995706,0.032628,10.644548,6.285109,-0.032628
member,38741,2,2,1,0.000433,0.999567,0.999567,0.004118,13.570230,8.005070,-0.004118
member,25387,9,9,1,-0.000000,1.000000,1.000000,0.000000,31.168215,19.654837,-0.000000
member,27451,7,7,1,0.000369,0.999632,0.999632,0.003287,16.692564,7.906940,-0.003287
member,31210,9,9,1,-0.000000,1.000000,1.000000,0.000000,28.535011,23.076788,-0.000000
member,32077,8,8,1,-0.000000,1.000000,1.000000,0.000000,27.796881,18.882198,-0.000000
member,18304,4,4,1,0.000026,0.999974,0.999974,0.000311,17.463823,10.624025,-0.000311
member,36450,2,2,1,0.000142,0.999858,0.999858,0.001463,16.688963,8.999527,-0.001463
member,13670,9,9,1,-0.000000,1.000000,1.000000,0.000000,52.122574,20.535404,-0.000000
member,8193,3,3,1,0.002127,0.997876,0.997876,0.017998,12.634916,7.181607,-0.017998
member,3288,4,4,1,0.000268,0.999732,0.999732,0.002743,14.131501,8.776897,-0.002743
member,47082,7,7,1,-0.000000,1.000000,1.000000,0.000000,22.928167,17.895409,-0.000000
member,31429,4,4,1,0.000002,0.999998,0.999998,0.000023,27.936008,13.348959,-0.000023
member,48363,0,0,1,0.000030,0.999970,0.999970,0.000340,22.915443,10.421325,-0.000340
member,31992,7,7,1,0.000015,0.999985,0.999985,0.000182,31.395979,11.107605,-0.000182
member,36436,2,2,1,0.041943,0.958925,0.958925,0.201126,8.484280,3.457255,-0.201126
member,21628,9,9,1,-0.000000,1.000000,1.000000,0.000000,41.169941,21.615227,-0.000000
member,38020,6,6,1,0.000125,0.999875,0.999875,0.001344,24.807585,9.545156,-0.001344
member,26164,0,0,1,0.000198,0.999802,0.999802,0.002043,15.458533,8.907752,-0.002043
member,12532,5,5,1,0.030708,0.969759,0.969759,0.135597,17.137703,3.467898,-0.135597
member,407,0,0,1,0.002384,0.997618,0.997618,0.017617,20.288816,6.160608,-0.017617
member,48607,6,6,1,0.000000,1.000000,1.000000,0.000004,26.876471,15.267141,-0.000004
member,26366,6,6,1,0.305279,0.736918,0.736918,0.596457,13.291529,1.044778,-0.596457
member,10743,9,9,1,-0.000000,1.000000,1.000000,0.000000,42.886349,17.919600,-0.000000
member,33089,9,9,1,0.000008,0.999992,0.999992,0.000098,21.558554,11.778739,-0.000098
member,10157,1,1,1,0.000040,0.999960,0.999960,0.000451,21.398415,10.142962,-0.000451
member,17164,3,3,1,0.003345,0.996661,0.996661,0.022512,17.388437,5.705230,-0.022512
member,43183,8,8,1,-0.000000,1.000000,1.000000,0.000000,32.401142,19.958687,-0.000000
member,2915,6,6,1,0.000336,0.999664,0.999664,0.003307,14.800946,8.305143,-0.003307
member,27175,0,0,1,0.252072,0.777189,0.777189,0.531148,13.523021,1.249677,-0.531148
member,17897,3,3,1,0.032720,0.967809,0.967809,0.147914,12.593720,3.438847,-0.147914
member,22472,1,1,1,0.000014,0.999986,0.999986,0.000175,19.957657,11.576331,-0.000175
member,5228,9,9,1,-0.000000,1.000000,1.000000,0.000000,38.939846,30.261049,-0.000000
member,44790,4,4,1,0.000965,0.999036,0.999036,0.007711,15.405709,6.951429,-0.007711
member,343,4,4,1,0.000038,0.999962,0.999962,0.000422,28.873802,10.183945,-0.000422
member,49310,7,7,1,0.000005,0.999995,0.999995,0.000063,16.444372,12.537983,-0.000063
member,48979,0,0,1,0.020638,0.979574,0.979574,0.104381,16.781878,3.932802,-0.104381
member,14584,4,4,1,0.000035,0.999965,0.999965,0.000398,19.661060,10.265065,-0.000398
member,20216,2,2,1,0.002810,0.997194,0.997194,0.021941,10.110291,6.194492,-0.021941
member,23413,6,6,1,0.000976,0.999025,0.999025,0.008196,14.785946,7.055753,-0.008196
member,37273,7,7,1,0.004155,0.995854,0.995854,0.026931,23.483641,5.482845,-0.026931
member,47946,0,0,1,-0.000000,1.000000,1.000000,0.000001,32.200554,16.799030,-0.000001
member,42105,0,0,1,0.000166,0.999834,0.999834,0.001830,14.243479,9.684422,-0.001830
member,7237,8,8,1,0.000867,0.999133,0.999133,0.006978,25.358282,7.049761,-0.006978
member,31866,4,4,1,0.000002,0.999998,0.999998,0.000030,28.298239,13.665186,-0.000030
member,39265,4,4,1,0.019445,0.980743,0.980743,0.100436,12.527456,4.008142,-0.100436
member,45051,5,5,1,0.076440,0.926408,0.926408,0.332278,15.645620,2.990771,-0.332278
member,47974,8,8,1,0.000014,0.999986,0.999986,0.000167,17.505259,11.210963,-0.000167
member,27393,2,2,1,0.004526,0.995484,0.995484,0.032918,10.229490,5.719117,-0.032918
member,22776,8,8,1,-0.000000,1.000000,1.000000,0.000000,30.565384,21.008480,-0.000000
member,17377,7,7,1,-0.000000,1.000000,1.000000,0.000001,22.970476,17.539627,-0.000001
member,26294,1,1,1,0.000004,0.999996,0.999996,0.000053,25.147310,12.457439,-0.000053
member,7251,0,0,1,0.000001,0.999999,0.999999,0.000011,26.979742,14.176922,-0.000011
member,25224,1,1,1,0.000387,0.999613,0.999613,0.003446,16.286444,7.866348,-0.003446
member,26540,4,4,1,0.080537,0.922620,0.922620,0.285911,9.258951,2.512456,-0.285911
member,7431,8,8,1,-0.000000,1.000000,1.000000,0.000000,34.841259,25.852291,-0.000000
member,1048,3,3,1,0.000194,0.999806,0.999806,0.001866,18.061871,8.558448,-0.001866
member,44159,2,2,1,0.000000,1.000000,1.000000,0.000005,35.998631,14.935839,-0.000005
member,9118,1,1,1,0.000004,0.999996,0.999996,0.000050,28.627050,12.495432,-0.000050
member,32804,5,5,1,0.435523,0.646926,0.646926,1.097282,4.349683,1.293093,-1.097282
member,45949,3,3,1,0.000145,0.999855,0.999855,0.001594,16.501616,9.735806,-0.001594
member,34107,7,7,1,0.000007,0.999993,0.999993,0.000087,18.714302,11.999681,-0.000087
member,19721,4,4,1,0.001565,0.998436,0.998436,0.012721,16.503109,6.872136,-0.012721
member,38370,9,9,1,0.000005,0.999995,0.999995,0.000064,23.365198,12.243167,-0.000064
member,42959,7,7,1,0.000234,0.999766,0.999766,0.002331,12.294047,8.509280,-0.002331
member,12556,5,5,1,-0.000000,1.000000,1.000000,0.000000,30.369362,23.821491,-0.000000
member,36316,2,2,1,0.000001,0.999999,0.999999,0.000010,20.682934,14.396098,-0.000010
member,27204,2,2,1,0.034077,0.966497,0.966497,0.167626,7.639462,3.537410,-0.167626
member,39089,8,8,1,0.000457,0.999543,0.999543,0.003971,24.715284,7.690979,-0.003971
member,8191,1,1,1,0.000265,0.999735,0.999735,0.002444,37.667000,8.237215,-0.002444
member,14279,9,9,1,0.000069,0.999931,0.999931,0.000735,17.774145,9.585058,-0.000735
member,38463,1,1,1,0.000001,0.999999,0.999999,0.000010,29.311928,14.190324,-0.000010
member,7672,7,7,1,0.000002,0.999998,0.999998,0.000032,22.513081,13.678270,-0.000032
member,26391,0,0,1,0.000001,0.999999,0.999999,0.000022,23.289724,14.109661,-0.000022
member,39900,6,6,1,0.452459,0.636062,0.636062,0.889004,7.793182,0.812260,-0.889004
member,36778,2,2,1,0.005491,0.994524,0.994524,0.034125,19.729979,5.206141,-0.034125
member,43652,9,9,1,0.000015,0.999985,0.999985,0.000187,25.610928,11.075624,-0.000187
member,17759,6,6,1,0.000003,0.999997,0.999997,0.000038,32.717125,12.797300,-0.000038
member,48383,5,5,1,0.026891,0.973468,0.973468,0.140872,14.533099,4.220307,-0.140872
member,862,6,6,1,0.015169,0.984945,0.984945,0.080374,12.920782,4.214209,-0.080374
member,19261,4,4,1,0.403112,0.668237,0.668237,0.635424,17.724058,0.700224,-0.635424
member,45075,3,3,1,0.024157,0.976132,0.976132,0.113213,13.957827,3.713604,-0.113213
member,19557,8,8,1,0.000001,0.999999,0.999999,0.000008,22.932949,14.431252,-0.000008
member,23428,1,1,1,0.000007,0.999993,0.999993,0.000088,26.602613,12.006880,-0.000088
member,19272,6,6,1,0.001673,0.998329,0.998329,0.012909,17.329296,6.471025,-0.012909
member,40676,9,9,1,0.000006,0.999994,0.999994,0.000082,19.457193,11.999249,-0.000082
member,5568,1,1,1,0.000002,0.999998,0.999998,0.000022,26.091501,13.411295,-0.000022
member,19284,4,4,1,0.010935,0.989125,0.989125,0.063809,10.746587,4.592961,-0.063809
member,17874,8,8,1,0.004175,0.995834,0.995834,0.029216,12.175670,5.688751,-0.029216
member,3161,2,2,1,0.002045,0.997957,0.997957,0.015428,15.251611,6.290586,-0.015428
member,24545,7,7,1,0.000005,0.999995,0.999995,0.000071,22.225416,12.255753,-0.000071
member,49217,9,9,1,0.000070,0.999930,0.999930,0.000740,26.660294,9.575413,-0.000740
member,31791,5,5,1,0.000155,0.999845,0.999845,0.001515,28.162266,8.771816,-0.001515
member,1131,6,6,1,0.000334,0.999666,0.999666,0.003027,17.838194,8.014318,-0.003027
member,24564,8,8,1,-0.000000,1.000000,1.000000,0.000000,42.615826,27.218697,-0.000000
member,31148,3,3,1,0.000003,0.999997,0.999997,0.000044,22.003220,12.676521,-0.000044
member,31491,7,7,1,-0.000000,1.000000,1.000000,0.000000,41.270222,26.386616,-0.000000
member,37516,8,8,1,0.000000,1.000000,1.000000,0.000003,33.084049,15.611942,-0.000003
member,43063,5,5,1,0.000043,0.999957,0.999957,0.000472,22.532072,10.066001,-0.000472
member,9401,0,0,1,0.000098,0.999902,0.999902,0.001027,17.516665,9.317065,-0.001027
member,35419,8,8,1,0.033499,0.967056,0.967056,0.147725,16.303394,3.396977,-0.147725
member,7340,2,2,1,0.000681,0.999319,0.999319,0.006339,15.352960,7.916043,-0.006339
member,24869,3,3,1,0.000159,0.999841,0.999841,0.001656,18.635073,9.184995,-0.001656
member,48943,8,8,1,0.000001,0.999999,0.999999,0.000017,27.543024,13.997111,-0.000017
member,27524,9,9,1,0.000241,0.999759,0.999759,0.002252,25.695953,8.328835,-0.002252
member,28195,7,7,1,0.000331,0.999669,0.999669,0.003229,12.721313,8.234139,-0.003229
member,15951,8,8,1,0.000132,0.999868,0.999868,0.001320,20.240906,8.938888,-0.001320
member,25030,2,2,1,0.000915,0.999086,0.999086,0.007425,14.101906,7.020025,-0.007425
member,23400,9,9,1,0.000110,0.999890,0.999890,0.001117,17.135319,9.120081,-0.001117
member,22730,7,7,1,0.000021,0.999979,0.999979,0.000251,22.880037,10.838748,-0.000251
member,29415,2,2,1,0.006744,0.993279,0.993279,0.042977,13.321192,5.102228,-0.042977
member,39273,2,2,1,0.028931,0.971484,0.971484,0.130205,17.571898,3.531740,-0.130205
member,49188,5,5,1,0.000077,0.999923,0.999923,0.000805,21.144613,9.483726,-0.000805
member,34883,9,9,1,0.000000,1.000000,1.000000,0.000004,32.192249,15.251226,-0.000004
member,18967,9,9,1,0.000010,0.999990,0.999990,0.000130,38.390491,11.534475,-0.000130
member,47710,2,2,1,0.005849,0.994168,0.994168,0.036274,15.458047,5.150860,-0.036274
member,31660,6,6,1,0.000245,0.999755,0.999755,0.002295,23.205219,8.325877,-0.002295
member,26753,5,5,1,0.000049,0.999951,0.999951,0.000536,21.631859,9.927575,-0.000536
member,36417,7,7,1,-0.000000,1.000000,1.000000,0.000000,30.527676,23.149460,-0.000000
member,40652,0,0,1,0.000133,0.999867,0.999867,0.001412,16.922621,9.577732,-0.001412
member,2742,2,2,1,0.000012,0.999988,0.999988,0.000156,15.160521,11.654058,-0.000156
member,3049,0,0,1,0.032602,0.967924,0.967924,0.141974,21.075012,3.407354,-0.141974
member,49,0,0,1,0.000000,1.000000,1.000000,0.000004,20.185749,15.918621,-0.000004
member,39859,9,9,1,0.071443,0.931050,0.931050,0.251174,15.347239,2.603350,-0.251174
member,8745,7,7,1,0.007610,0.992419,0.992419,0.046183,10.944182,4.917059,-0.046183
member,4745,3,3,1,0.001777,0.998225,0.998225,0.013189,19.353743,6.351691,-0.013189
member,9194,2,2,1,0.000004,0.999996,0.999996,0.000062,15.757473,12.594714,-0.000062
member,7613,7,7,1,-0.000000,1.000000,1.000000,0.000000,42.632221,23.784975,-0.000000
member,46147,1,1,1,0.000002,0.999998,0.999998,0.000029,27.926479,13.349286,-0.000029
member,20015,0,0,1,0.251332,0.777764,0.777764,0.685049,11.409459,1.941546,-0.685049
member,44978,4,4,1,0.011791,0.988278,0.988278,0.072080,14.269538,4.968880,-0.072080
member,15170,4,4,1,0.000110,0.999890,0.999890,0.001177,15.613711,9.351590,-0.001177
member,17972,2,2,1,0.047262,0.953837,0.953837,0.226581,8.104396,3.382148,-0.226581
member,22512,3,3,1,0.000413,0.999587,0.999587,0.003886,18.035374,8.059762,-0.003886
member,24393,4,4,1,0.000153,0.999847,0.999847,0.001703,11.667991,9.517833,-0.001703
member,28354,0,0,1,0.000262,0.999738,0.999738,0.002430,18.831156,8.249783,-0.002430
member,7003,6,6,1,0.000348,0.999652,0.999652,0.003387,15.299383,8.298397,-0.003387
member,35263,0,0,1,0.009595,0.990450,0.990450,0.054074,17.226542,4.643871,-0.054074
member,39995,0,0,1,0.001559,0.998442,0.998442,0.011959,12.969417,6.512282,-0.011959
member,173,5,5,1,0.004496,0.995514,0.995514,0.033794,15.380846,6.336704,-0.033794
member,19901,2,2,1,0.000001,0.999999,0.999999,0.000013,17.408941,15.379362,-0.000013
member,46793,5,5,1,0.009265,0.990778,0.990778,0.052398,17.386726,4.676920,-0.052398
member,13013,3,3,1,0.027967,0.972420,0.972420,0.130126,10.175831,3.586496,-0.130126
member,34513,2,2,1,0.000299,0.999701,0.999701,0.003022,12.287530,8.459832,-0.003022
member,15800,6,6,1,0.000093,0.999907,0.999907,0.000960,18.328775,9.291397,-0.000960
member,45750,6,6,1,0.000091,0.999909,0.999909,0.000942,23.573660,9.310767,-0.000942
member,419,9,9,1,0.001100,0.998900,0.998900,0.008594,17.374958,6.812199,-0.008594
member,16295,3,3,1,0.000124,0.999876,0.999876,0.001239,26.014660,8.999197,-0.001239
member,29307,0,0,1,0.002319,0.997684,0.997684,0.016832,16.569777,6.105248,-0.016832
member,22177,8,8,1,0.001484,0.998517,0.998517,0.011898,15.451344,6.738604,-0.011898
member,16751,3,3,1,0.043929,0.957022,0.957022,0.230625,10.131415,3.871365,-0.230625
member,18698,1,1,1,0.000000,1.000000,1.000000,0.000004,31.212790,15.242250,-0.000004
member,39387,1,1,1,-0.000000,1.000000,1.000000,0.000000,39.930779,24.537230,-0.000000
member,32976,5,5,1,0.028343,0.972055,0.972055,0.147689,10.867761,3.964338,-0.147689
member,5836,2,2,1,0.000016,0.999984,0.999984,0.000194,21.921587,11.036840,-0.000194
member,39624,5,5,1,0.000766,0.999234,0.999234,0.006426,23.870047,7.224363,-0.006426
member,30504,8,8,1,0.000000,1.000000,1.000000,0.000003,22.845860,15.593096,-0.000003
member,40915,9,9,1,0.000000,1.000000,1.000000,0.000009,18.618164,15.260445,-0.000009
member,40653,6,6,1,-0.000000,1.000000,1.000000,0.000000,53.836403,37.666794,-0.000000
member,24105,5,5,1,0.005333,0.994681,0.994681,0.035615,21.262804,5.422352,-0.035615
member,30534,1,1,1,0.045780,0.955252,0.955252,0.182751,20.895794,3.060938,-0.182751
member,28396,8,8,1,-0.000000,1.000000,1.000000,0.000000,33.114281,23.493496,-0.000000
member,3243,6,6,1,0.000122,0.999878,0.999878,0.001225,26.720915,9.009745,-0.001225
member,800,2,2,1,0.000002,0.999998,0.999998,0.000028,22.892782,13.520419,-0.000028
member,34940,1,1,1,0.000001,0.999999,0.999999,0.000021,27.556042,13.457560,-0.000021
member,40231,2,2,1,0.043255,0.957667,0.957667,0.177225,11.926712,3.126338,-0.177225
member,10413,5,5,1,0.000043,0.999957,0.999957,0.000477,23.212021,10.050159,-0.000477
member,17971,5,5,1,0.000856,0.999144,0.999144,0.007195,17.414831,7.175297,-0.007195
member,44276,3,3,1,0.000068,0.999932,0.999932,0.000753,25.145741,9.741230,-0.000753
member,42493,0,0,1,0.000233,0.999767,0.999767,0.002190,17.089848,8.371447,-0.002190
member,23553,3,3,1,0.001260,0.998741,0.998741,0.009670,23.793858,6.676468,-0.009670
member,32691,8,8,1,0.000000,1.000000,1.000000,0.000002,32.468464,16.502522,-0.000002
member,43113,8,8,1,-0.000000,1.000000,1.000000,0.000000,32.862431,27.679222,-0.000000
member,10945,5,5,1,0.002019,0.997983,0.997983,0.015520,17.261740,6.416271,-0.015520
member,19822,4,4,1,0.000016,0.999984,0.999984,0.000198,20.360313,11.094481,-0.000198
member,44729,4,4,1,-0.000000,1.000000,1.000000,0.000000,32.238552,20.369297,-0.000000
member,38933,9,9,1,0.000001,0.999999,0.999999,0.000014,33.069958,13.943842,-0.000014
member,17227,2,2,1,0.000014,0.999986,0.999986,0.000182,21.956093,11.584802,-0.000182
member,26565,0,0,1,0.081683,0.921564,0.921564,0.292282,16.655663,2.523294,-0.292282
member,7560,5,5,1,0.001421,0.998580,0.998580,0.010878,14.742246,6.571788,-0.010878
member,41019,0,0,1,0.159085,0.852924,0.852924,0.426140,12.245905,1.766644,-0.426140
member,3663,2,2,1,0.003945,0.996063,0.996063,0.025763,19.106188,5.534280,-0.025763
member,28956,6,6,1,0.006888,0.993135,0.993135,0.042588,13.679502,5.021410,-0.042588
member,40154,5,5,1,0.000107,0.999893,0.999893,0.001115,21.886196,9.221193,-0.001115
member,41552,6,6,1,0.005348,0.994666,0.994666,0.038342,13.398455,5.595282,-0.038342
member,6365,9,9,1,-0.000000,1.000000,1.000000,0.000001,27.369596,16.666149,-0.000001
member,3707,6,6,1,0.000000,1.000000,1.000000,0.000003,31.934792,15.417231,-0.000003
member,35385,7,7,1,-0.000000,1.000000,1.000000,0.000000,52.737137,31.665249,-0.000000
member,27612,8,8,1,0.000118,0.999882,0.999882,0.001231,20.906902,9.185439,-0.001231
member,14217,9,9,1,-0.000000,1.000000,1.000000,0.000000,43.966934,24.448591,-0.000000
member,71,9,9,1,0.000901,0.999099,0.999099,0.007868,13.738356,7.455397,-0.007868
member,4280,4,4,1,0.455788,0.633948,0.633948,0.808297,8.108283,0.666453,-0.808297
member,3555,1,1,1,0.000001,0.999999,0.999999,0.000020,39.479851,13.518599,-0.000020
member,8468,8,8,1,0.000000,1.000000,1.000000,0.000004,25.937481,15.169703,-0.000004
member,44320,0,0,1,0.000283,0.999717,0.999717,0.002794,18.363008,8.814194,-0.002794
member,21920,5,5,1,0.000372,0.999628,0.999628,0.003359,15.260540,7.923923,-0.003359
member,9598,9,9,1,0.000084,0.999916,0.999916,0.000869,21.689558,9.390252,-0.000869
member,33698,7,7,1,0.000001,0.999999,0.999999,0.000021,23.795443,13.803769,-0.000021
member,11014,0,0,1,0.424637,0.654007,0.654007,0.705687,11.078979,0.676037,-0.705687
member,28713,9,9,1,-0.000000,1.000000,1.000000,0.000001,24.297005,16.853048,-0.000001
member,46973,5,5,1,0.039299,0.961464,0.961464,0.163334,14.546648,3.217022,-0.163334
member,29678,2,2,1,0.000001,0.999999,0.999999,0.000020,28.263382,13.483171,-0.000020
member,45563,7,7,1,-0.000000,1.000000,1.000000,0.000000,58.220184,26.005295,-0.000000
member,31178,3,3,1,0.002805,0.997199,0.997199,0.022441,11.387666,6.636097,-0.022441
member,21609,9,9,1,0.000083,0.999917,0.999917,0.000859,33.455715,9.401474,-0.000859
member,25408,5,5,1,0.000180,0.999821,0.999821,0.001867,18.196898,8.907561,-0.001867
member,43344,8,8,1,-0.000000,1.000000,1.000000,0.000000,26.505920,17.649391,-0.000000
member,49196,1,1,1,0.000000,1.000000,1.000000,0.000004,33.190392,15.822372,-0.000004
member,26733,7,7,1,0.000123,0.999876,0.999876,0.001236,20.066412,9.000801,-0.001236
member,48428,0,0,1,-0.000000,1.000000,1.000000,0.000001,32.932636,17.402668,-0.000001
member,18686,7,7,1,0.000758,0.999242,0.999242,0.006496,16.311756,7.269413,-0.006496
member,16649,8,8,1,0.063515,0.938460,0.938460,0.240201,19.524332,2.757097,-0.240201
member,24775,3,3,1,0.000004,0.999996,0.999996,0.000051,19.610247,12.485812,-0.000051
member,24569,2,2,1,0.000042,0.999958,0.999958,0.000513,16.065619,10.796785,-0.000513
member,42825,3,3,1,0.129660,0.878394,0.878394,0.370113,34.550571,1.977306,-0.370113
member,25403,4,4,1,0.000001,0.999999,0.999999,0.000009,25.072865,14.401780,-0.000009
member,24602,1,1,1,0.000002,0.999998,0.999998,0.000027,24.707762,13.186186,-0.000027
member,49697,8,8,1,-0.000000,1.000000,1.000000,0.000001,29.606554,17.300993,-0.000001
member,13847,6,4,0,0.767606,0.464123,0.535860,0.690781,15.182326,-0.143724,0.690781
member,49246,7,7,1,-0.000000,1.000000,1.000000,0.000001,29.204565,16.830217,-0.000001
member,42942,2,2,1,0.001299,0.998701,0.998701,0.011246,10.675671,7.438794,-0.011246
member,39967,5,5,1,0.000308,0.999693,0.999693,0.002794,32.788544,8.087029,-0.002794
member,28980,6,6,1,0.000710,0.999290,0.999290,0.006348,20.956068,7.906165,-0.006348
member,2799,2,2,1,0.000014,0.999986,0.999986,0.000192,18.563921,12.167362,-0.000192
member,30334,6,6,1,0.028226,0.972169,0.972169,0.156353,10.787923,4.198535,-0.156353
member,5275,9,9,1,-0.000000,1.000000,1.000000,0.000000,52.821510,20.221302,-0.000000
member,10820,5,5,1,0.000001,0.999999,0.999999,0.000009,20.570248,14.976351,-0.000009
member,31365,4,4,1,0.036037,0.964604,0.964604,0.186962,9.803211,3.802092,-0.186962
member,24808,6,6,1,0.000160,0.999840,0.999840,0.001714,16.571203,9.373590,-0.001714
member,44596,5,5,1,0.000461,0.999540,0.999540,0.004000,22.754961,7.683563,-0.004000
member,21154,1,1,1,0.000059,0.999941,0.999941,0.000670,26.925489,10.124144,-0.000670
member,45054,7,7,1,-0.000000,1.000000,1.000000,0.000000,34.722439,19.190632,-0.000000
member,21131,2,2,1,0.000257,0.999743,0.999743,0.002759,15.300060,9.227932,-0.002759
member,11601,9,9,1,0.000006,0.999994,0.999994,0.000079,19.093592,12.056581,-0.000079
member,3788,9,9,1,0.000001,0.999999,0.999999,0.000019,28.570435,13.529927,-0.000019
member,22892,7,7,1,-0.000000,1.000000,1.000000,0.000000,36.223835,19.999098,-0.000000
member,33901,2,2,1,0.001097,0.998904,0.998904,0.009446,15.893947,7.255540,-0.009446
member,13618,5,5,1,0.046433,0.954629,0.954629,0.214875,10.004405,3.347161,-0.214875
member,26683,7,7,1,0.000294,0.999706,0.999706,0.002685,25.013134,8.131889,-0.002685
member,46296,9,9,1,0.003462,0.996544,0.996544,0.023079,18.024927,5.665777,-0.023079
member,18496,2,2,1,-0.000000,1.000000,1.000000,0.000000,32.037308,21.329376,-0.000000
member,48625,5,5,1,0.000187,0.999813,0.999813,0.001812,19.569801,8.613659,-0.001812
member,36287,0,0,1,0.000006,0.999994,0.999994,0.000081,16.989853,12.951083,-0.000081
member,45451,2,2,1,0.000088,0.999912,0.999912,0.000947,14.233151,9.465328,-0.000947
member,29833,6,6,1,0.000442,0.999558,0.999558,0.003855,17.958418,7.724721,-0.003855
member,1668,0,0,1,-0.000000,1.000000,1.000000,0.000000,35.798885,26.483032,-0.000000
member,8247,4,4,1,0.004430,0.995580,0.995580,0.031560,16.072025,6.103196,-0.031560
member,23292,7,7,1,-0.000000,1.000000,1.000000,0.000001,25.467316,16.999531,-0.000001
member,15798,5,5,1,0.000342,0.999658,0.999658,0.003152,16.801418,8.045228,-0.003152
member,31328,8,8,1,0.000034,0.999966,0.999966,0.000412,15.862399,10.855930,-0.000412
member,21043,0,0,1,0.003053,0.996952,0.996952,0.022396,16.552471,6.035612,-0.022396
member,29167,9,9,1,0.000000,1.000000,1.000000,0.000001,31.107292,16.547733,-0.000001
member,48245,5,5,1,0.000006,0.999994,0.999994,0.000082,27.344233,12.643161,-0.000082
member,34522,8,8,1,-0.000000,1.000000,1.000000,0.000000,35.140610,27.976049,-0.000000
member,32503,7,7,1,0.000561,0.999439,0.999439,0.004806,17.375105,7.500025,-0.004806
member,32999,5,5,1,0.000075,0.999925,0.999925,0.000792,22.516201,9.527102,-0.000792
member,49895,4,4,1,0.000051,0.999949,0.999949,0.000593,18.416763,10.376088,-0.000593
member,26876,3,3,1,0.187958,0.828650,0.828650,0.458030,21.217371,1.576090,-0.458030
member,14499,0,0,1,0.026523,0.973826,0.973826,0.121188,22.707712,3.616470,-0.121188
member,36251,1,1,1,0.091472,0.912587,0.912587,0.296711,16.486050,2.345880,-0.296711
member,29574,9,9,1,0.000076,0.999924,0.999924,0.000798,20.631723,9.483285,-0.000798
member,39973,5,5,1,0.013488,0.986603,0.986603,0.071874,16.077780,4.309715,-0.071874
member,22952,1,1,1,0.000003,0.999997,0.999997,0.000035,27.919012,12.878756,-0.000035
member,44578,7,7,1,0.000598,0.999402,0.999402,0.005042,20.949713,7.421995,-0.005042
member,3486,3,3,1,0.000177,0.999823,0.999823,0.001854,16.415932,9.310612,-0.001854
member,48172,4,4,1,0.002251,0.997752,0.997752,0.017820,12.583995,6.458652,-0.017820
member,48696,9,9,1,0.000160,0.999840,0.999840,0.001655,12.768634,8.902445,-0.001655
member,20705,8,8,1,0.000002,0.999998,0.999998,0.000024,19.603039,13.523779,-0.000024
member,354,1,1,1,0.000003,0.999997,0.999997,0.000037,32.530708,12.845743,-0.000037
member,7852,3,3,1,0.084606,0.918874,0.918874,0.303697,10.639329,2.494969,-0.303697
member,40565,6,6,1,-0.000000,1.000000,1.000000,0.000000,38.638168,26.585785,-0.000000
member,10064,0,0,1,0.000005,0.999995,0.999995,0.000062,22.611898,12.283274,-0.000062
member,30768,1,1,1,0.029207,0.971216,0.971216,0.135737,20.557428,3.564329,-0.135737
member,46182,3,3,1,0.001322,0.998679,0.998679,0.010915,20.774151,7.023618,-0.010915
member,30621,6,6,1,0.008674,0.991363,0.991363,0.053937,9.627742,4.870331,-0.053937
member,25406,6,6,1,0.136395,0.872498,0.872498,0.486420,16.341618,2.567295,-0.486420
member,17104,3,3,1,0.000121,0.999879,0.999879,0.001370,12.094742,9.621470,-0.001370
member,10476,1,1,1,0.000010,0.999990,0.999990,0.000130,29.326168,11.469223,-0.000130
member,38294,4,4,1,0.010356,0.989697,0.989697,0.058306,17.110806,4.582424,-0.058306
member,40254,9,9,1,-0.000000,1.000000,1.000000,0.000000,21.480780,18.826090,-0.000000
member,7379,1,1,1,0.000943,0.999058,0.999058,0.007513,20.301306,6.967119,-0.007513
member,19496,3,3,1,0.000044,0.999956,0.999956,0.000498,19.622667,10.130735,-0.000498
member,39588,4,4,1,0.000001,0.999999,0.999999,0.000017,18.803566,13.716324,-0.000017
member,48062,3,3,1,0.000003,0.999997,0.999997,0.000039,28.068514,12.765981,-0.000039
member,48295,0,0,1,0.000002,0.999998,0.999998,0.000026,38.197350,13.218170,-0.000026
member,22264,0,0,1,-0.000000,1.000000,1.000000,0.000000,19.934481,18.475363,-0.000000
member,37821,2,2,1,0.000001,0.999999,0.999999,0.000018,25.493002,13.617199,-0.000018
member,44338,7,7,1,0.000209,0.999791,0.999791,0.002144,13.614219,8.713316,-0.002144
member,2652,0,0,1,0.000053,0.999947,0.999947,0.000606,19.533398,10.131391,-0.000606
member,36786,0,0,1,0.001437,0.998564,0.998564,0.012189,9.911018,7.052239,-0.012189
member,32690,6,6,1,0.000957,0.999043,0.999043,0.007612,24.301931,6.951090,-0.007612
member,39699,9,9,1,0.000996,0.999004,0.999004,0.007877,25.814791,6.911207,-0.007877
member,49031,9,9,1,0.000079,0.999921,0.999921,0.000830,26.979925,9.466724,-0.000830
member,14169,0,0,1,0.000002,0.999998,0.999998,0.000035,21.278971,13.240764,-0.000035
member,9400,1,1,1,0.001891,0.998111,0.998111,0.013746,34.119717,6.270718,-0.013746
member,38877,4,4,1,0.000889,0.999111,0.999111,0.007650,16.143433,7.223781,-0.007650
member,22779,5,5,1,0.036079,0.964564,0.964564,0.153319,19.777355,3.304466,-0.153319
member,29903,8,8,1,0.000002,0.999998,0.999998,0.000027,22.337862,13.196698,-0.000027
member,21296,8,8,1,-0.000000,1.000000,1.000000,0.000000,48.070751,28.847271,-0.000000
member,28773,3,3,1,0.041933,0.958934,0.958934,0.207892,9.947105,3.604465,-0.207892
member,5045,9,9,1,0.001351,0.998650,0.998650,0.010279,18.247564,6.606471,-0.010279
member,25598,7,7,1,0.000001,0.999999,0.999999,0.000011,23.598875,14.451049,-0.000011
member,15158,4,4,1,0.003046,0.996958,0.996958,0.022260,16.712688,6.000067,-0.022260
member,42212,5,5,1,0.067794,0.934452,0.934452,0.272737,15.654092,2.850708,-0.272737
member,27619,3,3,1,0.065157,0.936920,0.936920,0.238291,9.634645,2.704435,-0.238291
member,38002,8,8,1,0.006732,0.993291,0.993291,0.045818,10.914101,5.360778,-0.045818
member,22654,6,6,1,0.006193,0.993826,0.993826,0.037571,23.209202,5.081295,-0.037571
member,24317,3,3,1,0.000006,0.999994,0.999994,0.000080,17.308777,12.265081,-0.000080
member,38925,8,8,1,-0.000000,1.000000,1.000000,0.000000,26.957230,18.246634,-0.000000
member,11729,6,6,1,0.002405,0.997598,0.997598,0.019219,14.396698,6.593600,-0.019219
member,36599,3,3,1,0.108076,0.897560,0.897560,0.392452,9.030200,2.427145,-0.392452
member,37315,2,2,1,0.002794,0.997210,0.997210,0.020774,10.029430,6.010506,-0.020774
member,40983,8,8,1,-0.000000,1.000000,1.000000,0.000000,31.441074,22.091181,-0.000000
member,26822,9,9,1,0.000010,0.999990,0.999990,0.000122,19.786886,11.550279,-0.000122
member,44654,6,6,1,0.005366,0.994648,0.994648,0.034433,11.762277,5.269658,-0.034433
member,28580,1,1,1,0.000022,0.999978,0.999978,0.000259,34.118114,10.720322,-0.000259
member,34976,6,6,1,0.000000,1.000000,1.000000,0.000006,25.312979,15.131268,-0.000006
member,22651,9,9,1,0.000005,0.999995,0.999995,0.000069,21.943867,12.921128,-0.000069
member,41112,8,8,1,0.000010,0.999990,0.999990,0.000123,21.321701,11.534556,-0.000123
member,19151,3,3,1,0.001159,0.998842,0.998842,0.009106,17.409863,6.779061,-0.009106
member,41977,9,9,1,0.000000,1.000000,1.000000,0.000004,21.705347,15.600042,-0.000004
member,2000,7,7,1,0.002665,0.997338,0.997338,0.018487,20.101748,5.928665,-0.018487
member,18219,7,7,1,0.000000,1.000000,1.000000,0.000006,26.487614,14.816928,-0.000006
member,36112,2,2,1,0.013440,0.986650,0.986650,0.077712,17.615784,4.513556,-0.077712
member,46234,4,4,1,0.000025,0.999975,0.999975,0.000316,17.624626,11.257874,-0.000316
member,29244,0,0,1,0.000000,1.000000,1.000000,0.000003,35.390297,15.547112,-0.000003
member,25673,3,3,1,0.000095,0.999905,0.999905,0.001044,17.759413,9.963057,-0.001044
member,41396,9,9,1,-0.000000,1.000000,1.000000,0.000000,44.143082,22.958479,-0.000000
member,14402,8,8,1,0.000104,0.999896,0.999896,0.001150,14.183103,9.829321,-0.001150
member,45849,2,2,1,0.000725,0.999275,0.999275,0.006660,13.232615,7.618547,-0.006660
member,21377,8,8,1,-0.000000,1.000000,1.000000,0.000000,32.736206,27.239756,-0.000000
member,21538,1,1,1,0.000317,0.999683,0.999683,0.003137,12.766298,8.639643,-0.003137
member,9036,9,9,1,0.000049,0.999951,0.999951,0.000572,23.876141,10.461225,-0.000572
member,44531,7,7,1,0.002539,0.997464,0.997464,0.019230,14.950522,6.216550,-0.019230
member,15075,6,6,1,0.000004,0.999996,0.999996,0.000055,24.055731,13.148895,-0.000055
member,26330,5,5,1,0.000763,0.999238,0.999238,0.006234,32.384216,7.178432,-0.006234
member,9986,2,2,1,-0.000000,1.000000,1.000000,0.000001,22.716431,17.329065,-0.000001
member,49731,7,7,1,0.256363,0.773861,0.773861,0.564311,12.920444,1.255657,-0.564311
member,19499,1,1,1,0.000005,0.999995,0.999995,0.000072,20.462509,12.117858,-0.000072
member,41632,6,6,1,0.000001,0.999999,0.999999,0.000013,29.362354,13.932497,-0.000013
member,38805,4,4,1,0.000111,0.999889,0.999889,0.001206,19.445417,9.804733,-0.001206
member,34613,7,7,1,0.000265,0.999735,0.999735,0.002458,18.154270,8.238586,-0.002458
member,42775,2,2,1,0.112762,0.893364,0.893364,0.377717,10.072857,2.219269,-0.377717
member,6268,9,9,1,-0.000000,1.000000,1.000000,0.000000,33.515541,26.970795,-0.000000
member,34191,7,7,1,0.000000,1.000000,1.000000,0.000004,26.492191,15.312755,-0.000004
member,15207,5,5,1,0.001200,0.998801,0.998801,0.010551,14.052895,7.510017,-0.010551
member,46263,6,6,1,0.015240,0.984875,0.984875,0.078891,19.162565,4.181129,-0.078891
member,38381,8,8,1,0.000021,0.999979,0.999979,0.000251,19.076927,10.879375,-0.000251
member,6567,3,3,1,0.000030,0.999970,0.999970,0.000341,23.855217,10.428336,-0.000341
member,12994,7,7,1,0.000003,0.999997,0.999997,0.000044,30.807289,12.656624,-0.000044
member,35406,1,1,1,0.000003,0.999997,0.999997,0.000041,28.771418,12.930975,-0.000041
member,45301,0,0,1,0.001049,0.998952,0.998952,0.008711,11.214371,6.966426,-0.008711
member,27249,9,9,1,-0.000000,1.000000,1.000000,0.000000,40.491695,32.375549,-0.000000
member,49644,5,5,1,0.000542,0.999459,0.999459,0.004854,20.675343,7.698677,-0.004854
member,37083,0,0,1,0.032115,0.968395,0.968395,0.145838,13.906297,3.458953,-0.145838
member,14128,0,0,1,-0.000000,1.000000,1.000000,0.000000,25.877481,18.804808,-0.000000
member,22016,9,9,1,-0.000000,1.000000,1.000000,0.000000,23.468563,19.282217,-0.000000
member,5089,0,0,1,0.001168,0.998833,0.998833,0.009051,21.795597,6.752413,-0.009051
member,26768,2,2,1,0.001154,0.998847,0.998847,0.008971,19.153803,6.765471,-0.008971
member,7615,3,3,1,0.008912,0.991128,0.991128,0.051047,13.024184,4.720536,-0.051047
member,32447,8,8,1,0.000000,1.000000,1.000000,0.000007,23.411314,14.687772,-0.000007
member,43832,3,3,1,0.126647,0.881045,0.881045,0.422434,13.919947,2.199655,-0.422434
member,15286,1,1,1,0.000583,0.999417,0.999417,0.004935,21.018997,7.450300,-0.004935
member,40804,6,6,1,0.003925,0.996083,0.996083,0.025770,18.184290,5.543891,-0.025770
member,24784,7,7,1,-0.000000,1.000000,1.000000,0.000000,41.056160,19.790892,-0.000000
member,26357,3,3,1,0.167789,0.845532,0.845532,0.480730,9.054645,1.798547,-0.480730
member,13290,2,2,1,0.000003,0.999997,0.999997,0.000040,19.443169,12.859663,-0.000040
member,15134,2,2,1,0.000000,1.000000,1.000000,0.000002,23.601599,15.739084,-0.000002
member,11827,6,6,1,0.000274,0.999726,0.999726,0.002524,23.143066,8.202051,-0.002524
member,14403,7,7,1,-0.000000,1.000000,1.000000,0.000000,25.364483,18.690571,-0.000000
member,33492,6,6,1,0.007063,0.992962,0.992962,0.041918,21.689405,4.949615,-0.041918
member,9254,4,4,1,0.011509,0.988557,0.988557,0.064446,11.304928,4.489587,-0.064446
member,37765,3,3,1,0.039597,0.961177,0.961177,0.195193,12.794902,3.593410,-0.195193
member,1487,3,3,1,0.069249,0.933095,0.933095,0.245560,28.448023,2.635225,-0.245560
member,22898,9,9,1,0.000006,0.999994,0.999994,0.000083,20.589993,12.100612,-0.000083
member,23327,4,4,1,0.000025,0.999975,0.999975,0.000313,19.143089,10.940185,-0.000313
member,21419,4,4,1,0.005038,0.994974,0.994974,0.036825,14.240664,5.792378,-0.036825
member,29045,9,9,1,-0.000000,1.000000,1.000000,0.000000,26.306416,20.843733,-0.000000
member,4336,3,3,1,0.014280,0.985821,0.985821,0.075463,20.406799,4.255375,-0.075463
member,26314,7,7,1,0.001655,0.998347,0.998347,0.012247,16.748861,6.403695,-0.012247
member,15452,0,0,1,0.000026,0.999974,0.999974,0.000310,18.822460,10.712594,-0.000310
member,22532,1,1,1,0.000003,0.999997,0.999997,0.000042,29.277939,12.687597,-0.000042
member,15157,7,7,1,0.005533,0.994483,0.994483,0.034223,19.352787,5.194905,-0.034223
member,17990,9,9,1,0.000709,0.999291,0.999291,0.006464,10.918757,7.511262,-0.006464
member,48344,2,2,1,0.019950,0.980248,0.980248,0.109371,8.596766,4.131021,-0.109371
member,35316,7,7,1,-0.000000,1.000000,1.000000,0.000000,44.583237,25.437271,-0.000000
member,29156,2,2,1,0.001888,0.998114,0.998114,0.015376,13.008979,6.964118,-0.015376
member,12362,2,2,1,0.000057,0.999943,0.999943,0.000621,21.062117,9.770559,-0.000621
member,10259,7,7,1,0.000075,0.999925,0.999925,0.000796,15.203097,9.535734,-0.000796
member,33011,0,0,1,0.000005,0.999995,0.999995,0.000068,30.126602,12.181637,-0.000068
member,13700,3,3,1,0.064613,0.937430,0.937430,0.233997,18.828440,2.706875,-0.233997
member,45947,3,3,1,0.000038,0.999962,0.999962,0.000423,23.129101,10.184169,-0.000423
member,37452,9,9,1,0.000009,0.999991,0.999991,0.000115,27.225039,11.972931,-0.000115
member,1703,3,3,1,0.000662,0.999339,0.999339,0.005964,20.561342,7.836793,-0.005964
member,11327,8,8,1,-0.000000,1.000000,1.000000,0.000000,47.747765,29.642061,-0.000000
member,16731,3,3,1,0.000042,0.999958,0.999958,0.000476,15.933036,10.168098,-0.000476
member,3994,6,6,1,0.000002,0.999998,0.999998,0.000028,25.250559,13.184347,-0.000028
member,25485,7,7,1,-0.000000,1.000000,1.000000,0.000000,25.499765,19.001434,-0.000000
member,5265,5,5,1,0.001591,0.998410,0.998410,0.011839,19.058699,6.442590,-0.011839
member,7743,4,4,1,0.014485,0.985620,0.985620,0.077951,13.772604,4.266786,-0.077951
member,3912,6,6,1,-0.000000,1.000000,1.000000,0.000000,45.993404,25.200069,-0.000000
member,38490,6,6,1,0.008457,0.991579,0.991579,0.050897,14.996136,4.833812,-0.050897
member,7984,4,4,1,0.016632,0.983505,0.983505,0.088610,12.341011,4.148089,-0.088610
member,15529,2,2,1,0.000043,0.999957,0.999957,0.000496,15.575958,10.187606,-0.000496
member,930,4,4,1,0.006068,0.993950,0.993950,0.038409,14.853411,5.168388,-0.038409
member,39238,9,9,1,0.004812,0.995200,0.995200,0.033439,13.870256,5.692163,-0.033439
member,13889,9,9,1,0.000007,0.999993,0.999993,0.000086,24.720404,11.924286,-0.000086
member,37007,1,1,1,0.004026,0.995982,0.995982,0.026175,40.753387,5.513027,-0.026175
member,30385,7,7,1,0.000030,0.999970,0.999970,0.000350,16.418024,10.443754,-0.000350
member,45237,5,5,1,0.001198,0.998803,0.998803,0.009255,22.065742,6.727194,-0.009255
member,861,3,3,1,0.000428,0.999572,0.999572,0.003759,21.956806,7.761742,-0.003759
member,40815,1,1,1,0.000110,0.999890,0.999890,0.001109,36.894714,9.118399,-0.001109
member,13000,9,9,1,0.000009,0.999991,0.999991,0.000110,30.709265,11.656700,-0.000110
member,32420,2,2,1,0.020383,0.979824,0.979824,0.109845,10.905866,4.045842,-0.109845
member,1594,0,0,1,0.000008,0.999992,0.999992,0.000111,18.120882,11.896714,-0.000111
member,10239,4,4,1,0.000004,0.999996,0.999996,0.000057,18.160870,12.996996,-0.000057
member,32878,9,9,1,0.000207,0.999793,0.999793,0.001995,14.702416,8.511209,-0.001995
member,19487,5,5,1,0.001427,0.998574,0.998574,0.010834,17.401598,6.558189,-0.010834
member,21842,8,8,1,-0.000000,1.000000,1.000000,0.000000,36.564125,22.713001,-0.000000
member,41171,4,4,1,0.004289,0.995720,0.995720,0.030818,13.772797,5.683067,-0.030818
member,5975,1,1,1,0.000003,0.999997,0.999997,0.000046,37.149715,12.591743,-0.000046
member,29288,1,1,1,0.000005,0.999995,0.999995,0.000061,24.388327,12.379920,-0.000061
member,46380,0,0,1,0.001249,0.998751,0.998751,0.010837,14.771278,7.295459,-0.010837
member,24461,2,2,1,0.000019,0.999981,0.999981,0.000233,22.310095,10.949400,-0.000233
member,36301,5,5,1,0.000010,0.999990,0.999990,0.000123,19.522627,11.538363,-0.000123
member,11275,9,9,1,0.008460,0.991576,0.991576,0.052098,17.885450,4.880697,-0.052098
member,44648,2,2,1,0.000267,0.999734,0.999734,0.002653,18.518084,8.675470,-0.002653
member,25642,3,3,1,0.000060,0.999940,0.999940,0.000680,13.926485,9.914679,-0.000680
member,26323,3,3,1,0.000145,0.999855,0.999855,0.001537,13.381055,9.039897,-0.001537
member,42086,3,3,1,0.001302,0.998698,0.998698,0.010396,14.737258,6.745432,-0.010396
member,25882,3,3,1,0.001055,0.998945,0.998945,0.008550,12.643221,6.914097,-0.008550
member,11597,9,9,1,0.001860,0.998141,0.998141,0.013559,16.519901,6.286980,-0.013559
member,14577,7,7,1,0.000027,0.999973,0.999973,0.000332,18.865341,11.052231,-0.000332
member,49204,4,4,1,0.054768,0.946704,0.946704,0.246332,11.001726,3.143427,-0.246332
member,26364,6,6,1,0.000814,0.999187,0.999187,0.006606,23.478876,7.114729,-0.006606
member,18501,8,8,1,0.000010,0.999990,0.999990,0.000130,14.909771,11.955281,-0.000130
member,45267,6,6,1,0.084154,0.919290,0.919290,0.302606,11.730884,2.501826,-0.302606
member,14495,5,5,1,0.138556,0.870614,0.870614,0.433828,10.801017,2.039011,-0.433828
member,29568,6,6,1,0.000823,0.999177,0.999177,0.007072,19.238855,7.311339,-0.007072
member,43607,2,2,1,0.013228,0.986859,0.986859,0.070092,15.600587,4.319811,-0.070092
member,23702,3,3,1,0.341615,0.710622,0.710622,0.663447,6.682548,0.940580,-0.663447
member,19392,2,2,1,0.000040,0.999960,0.999960,0.000495,14.776336,10.849636,-0.000495
member,38551,0,0,1,-0.000000,1.000000,1.000000,0.000001,19.458986,17.247742,-0.000001
member,10814,3,3,1,-0.000000,1.000000,1.000000,0.000000,33.442783,17.948093,-0.000000
member,32141,2,2,1,0.000254,0.999747,0.999747,0.002550,14.385712,8.875698,-0.002550
member,8869,1,1,1,-0.000000,1.000000,1.000000,0.000000,32.681839,25.040850,-0.000000
member,225,9,9,1,0.000000,1.000000,1.000000,0.000002,25.276291,16.293139,-0.000002
member,17395,0,0,1,0.000718,0.999282,0.999282,0.005918,20.703724,7.238667,-0.005918
member,34081,1,1,1,0.000002,0.999998,0.999998,0.000027,34.380768,13.349808,-0.000027
member,42030,4,4,1,0.000696,0.999304,0.999304,0.006236,14.577034,7.484076,-0.006236
member,19888,2,2,1,0.000970,0.999031,0.999031,0.008618,12.092989,7.438380,-0.008618
member,19395,0,0,1,0.000003,0.999997,0.999997,0.000046,26.819506,12.587540,-0.000046
member,20634,9,9,1,0.002139,0.997864,0.997864,0.015271,19.486906,6.146611,-0.015271
member,37421,3,3,1,0.000392,0.999608,0.999608,0.003632,17.575378,7.992252,-0.003632
member,2761,9,9,1,0.000014,0.999986,0.999986,0.000173,25.577065,11.166006,-0.000173
member,33479,4,4,1,0.157677,0.854126,0.854126,0.439654,8.878225,1.803362,-0.439654
member,10926,2,2,1,0.034573,0.966018,0.966018,0.152817,12.346340,3.373144,-0.152817
member,46030,5,5,1,0.010597,0.989459,0.989459,0.058729,18.290112,4.545319,-0.058729
member,4538,9,9,1,0.014064,0.986035,0.986035,0.080794,8.227226,4.406388,-0.080794
member,41714,8,8,1,-0.000000,1.000000,1.000000,0.000000,34.034103,22.231579,-0.000000
member,19512,4,4,1,0.001125,0.998875,0.998875,0.008803,24.149389,6.795177,-0.008803
member,39211,3,3,1,0.000379,0.999621,0.999621,0.003801,11.431890,8.459833,-0.003801
member,29266,5,5,1,-0.000000,1.000000,1.000000,0.000001,22.156780,17.706606,-0.000001
member,45845,0,0,1,0.000001,0.999999,0.999999,0.000009,26.597754,14.991914,-0.000009
member,39438,3,3,1,0.004011,0.995997,0.995997,0.030349,10.017941,6.340819,-0.030349
member,44431,6,6,1,0.026330,0.974014,0.974014,0.121208,12.555196,3.627618,-0.121208
member,22522,1,1,1,0.000003,0.999997,0.999997,0.000044,19.662079,12.909824,-0.000044
member,21656,2,2,1,0.000221,0.999779,0.999779,0.002099,16.651020,8.429909,-0.002099
member,49584,6,6,1,0.009577,0.990469,0.990469,0.055364,13.593998,4.674131,-0.055364
member,14459,2,2,1,0.002958,0.997046,0.997046,0.020167,16.779156,5.822386,-0.020167
member,14409,1,1,1,0.001068,0.998933,0.998933,0.008368,28.693649,6.841839,-0.008368
member,33227,8,8,1,-0.000000,1.000000,1.000000,0.000000,27.153702,23.092461,-0.000000
member,7212,0,0,1,0.000156,0.999844,0.999844,0.001553,16.569138,8.803398,-0.001553
member,14580,3,3,1,0.067842,0.934408,0.934408,0.242169,15.893974,2.656590,-0.242169
member,14836,1,1,1,-0.000000,1.000000,1.000000,0.000000,48.736031,31.668863,-0.000000
member,40778,8,8,1,0.000866,0.999134,0.999134,0.006983,22.088469,7.052526,-0.006983
member,23969,1,1,1,0.007039,0.992986,0.992986,0.041779,31.229527,4.952785,-0.041779
member,16274,2,2,1,0.003524,0.996482,0.996482,0.023411,17.933849,5.647289,-0.023411
member,37445,3,3,1,0.000201,0.999799,0.999799,0.002008,21.165257,8.649248,-0.002008
member,29638,3,3,1,0.000796,0.999205,0.999205,0.007308,12.463723,7.634433,-0.007308
member,1397,8,8,1,-0.000000,1.000000,1.000000,0.000000,31.196325,25.251364,-0.000000
member,46410,2,2,1,0.000009,0.999991,0.999991,0.000118,21.533730,11.849082,-0.000118
member,45749,4,4,1,0.002388,0.997615,0.997615,0.018427,15.921679,6.293270,-0.018427
member,15952,5,5,1,0.008746,0.991292,0.991292,0.050296,19.668484,4.740187,-0.050296
member,19820,3,3,1,0.009625,0.990421,0.990421,0.060647,11.774309,4.906096,-0.060647
member,38359,5,5,1,0.005424,0.994591,0.994591,0.034661,12.492518,5.248515,-0.034661
member,17309,1,1,1,0.000341,0.999659,0.999659,0.003063,43.846329,7.983566,-0.003063
member,16599,9,9,1,-0.000000,1.000000,1.000000,0.000000,53.885807,31.493979,-0.000000
member,46341,3,3,1,0.001949,0.998053,0.998053,0.014359,17.966742,6.265847,-0.014359
member,1246,6,6,1,0.000001,0.999999,0.999999,0.000016,27.708782,14.066362,-0.000016
member,16030,2,2,1,0.002642,0.997362,0.997362,0.020153,12.806166,6.311599,-0.020153
member,26644,0,0,1,0.000796,0.999204,0.999204,0.006487,22.049080,7.138283,-0.006487
member,45566,4,4,1,0.000157,0.999843,0.999843,0.001537,24.526875,8.763446,-0.001537
member,27674,8,8,1,0.000006,0.999994,0.999994,0.000083,27.662022,11.956536,-0.000083
member,20958,8,8,1,-0.000000,1.000000,1.000000,0.000000,27.232189,24.160019,-0.000000
member,43024,4,4,1,0.000010,0.999990,0.999990,0.000131,29.230595,11.468332,-0.000131
member,33713,8,8,1,0.000248,0.999752,0.999752,0.002477,16.432178,8.761084,-0.002477
member,6939,7,7,1,0.037536,0.963160,0.963160,0.198116,9.606632,3.734368,-0.198116
member,45126,1,1,1,0.139033,0.870199,0.870199,0.386008,19.551323,1.902723,-0.386008
member,13924,1,1,1,0.073707,0.928943,0.928943,0.257196,21.145741,2.572111,-0.257196
member,3241,6,6,1,0.000000,1.000000,1.000000,0.000007,31.432652,14.644323,-0.000007
member,11150,6,6,1,-0.000000,1.000000,1.000000,0.000000,34.984104,22.002962,-0.000000
member,48319,5,5,1,0.059161,0.942555,0.942555,0.265483,15.168320,3.288091,-0.265483
member,19671,9,9,1,0.000065,0.999935,0.999935,0.000775,13.531856,10.689522,-0.000775
member,1413,1,1,1,0.008280,0.991754,0.991754,0.048866,28.453985,4.819374,-0.048866
member,28282,5,5,1,0.023106,0.977159,0.977159,0.118767,14.401272,3.870417,-0.118767
member,41012,3,3,1,0.000298,0.999702,0.999702,0.002930,22.021801,8.716601,-0.002930
member,34240,7,7,1,0.000006,0.999994,0.999994,0.000081,20.693506,12.518388,-0.000081
member,29575,5,5,1,0.000001,0.999999,0.999999,0.000019,17.810524,14.170044,-0.000019
member,41270,4,4,1,0.000001,0.999999,0.999999,0.000018,22.461716,14.413985,-0.000018
member,8257,4,4,1,0.000661,0.999339,0.999339,0.005635,18.374615,7.371808,-0.005635
member,26852,9,9,1,0.005054,0.994958,0.994958,0.031858,16.346207,5.289851,-0.031858
member,8880,3,3,1,0.000102,0.999898,0.999898,0.001073,14.493071,9.253145,-0.001073
member,22078,7,7,1,0.000884,0.999116,0.999116,0.007920,12.606843,7.390139,-0.007920
member,47730,2,2,1,0.000000,1.000000,1.000000,0.000004,20.453766,15.410208,-0.000004
member,19349,7,7,1,0.002779,0.997225,0.997225,0.019122,14.284352,5.884531,-0.019122
member,32181,2,2,1,0.000135,0.999865,0.999865,0.001462,13.679534,9.343749,-0.001462
member,16954,0,0,1,0.035383,0.965235,0.965235,0.152312,21.049623,3.330250,-0.152312
member,39246,7,7,1,0.001122,0.998879,0.998879,0.008736,20.791672,6.792409,-0.008736
member,1621,1,1,1,0.000011,0.999989,0.999989,0.000132,56.402649,11.457520,-0.000132
member,47756,6,6,1,0.000497,0.999503,0.999503,0.004409,18.820841,7.666862,-0.004409
member,45675,1,1,1,0.107379,0.898185,0.898185,0.332158,15.570370,2.182038,-0.332158
member,2404,3,3,1,0.000183,0.999817,0.999817,0.001830,18.521936,8.704499,-0.001830
member,30796,9,9,1,0.000006,0.999994,0.999994,0.000073,22.259527,12.095212,-0.000073
member,37586,2,2,1,0.000142,0.999858,0.999858,0.001468,20.714642,9.079298,-0.001468
member,23317,1,1,1,0.000000,1.000000,1.000000,0.000005,34.446438,14.909185,-0.000005
member,12830,8,8,1,-0.000000,1.000000,1.000000,0.000000,26.612556,18.337639,-0.000000
member,33557,6,6,1,0.000094,0.999906,0.999906,0.001025,27.618240,9.789095,-0.001025
member,29557,7,7,1,0.000000,1.000000,1.000000,0.000006,50.518051,14.736359,-0.000006
member,43986,6,6,1,0.000009,0.999991,0.999991,0.000118,20.637678,12.150218,-0.000118
member,27893,5,5,1,0.005891,0.994126,0.994126,0.036032,20.498449,5.131354,-0.036032
member,5294,2,2,1,0.001335,0.998666,0.998666,0.011628,19.260305,7.144990,-0.011628
member,24913,7,7,1,0.000001,0.999999,0.999999,0.000016,30.584984,13.762337,-0.000016
member,34659,5,5,1,0.098127,0.906534,0.906534,0.327993,17.288195,2.317503,-0.327993
member,1784,4,4,1,0.008219,0.991814,0.991814,0.048193,13.922596,4.810892,-0.048193
member,39885,3,3,1,0.008365,0.991670,0.991670,0.048534,12.932588,4.785251,-0.048534
member,17566,6,6,1,0.000200,0.999800,0.999800,0.002038,19.645462,8.839910,-0.002038
member,16062,6,6,1,0.000000,1.000000,1.000000,0.000008,19.841261,14.728627,-0.000008
member,48445,8,8,1,0.000826,0.999174,0.999174,0.006690,21.276840,7.098198,-0.006690
member,20382,5,5,1,0.000878,0.999122,0.999122,0.007078,22.255732,7.041226,-0.007078
member,40877,3,3,1,0.001519,0.998482,0.998482,0.011514,15.472156,6.506886,-0.011514
member,18057,1,1,1,-0.000000,1.000000,1.000000,0.000000,28.479713,17.908276,-0.000000
member,19066,0,0,1,-0.000000,1.000000,1.000000,0.000000,34.743710,24.353668,-0.000000
member,20525,3,3,1,0.004580,0.995430,0.995430,0.033722,9.666693,5.797226,-0.033722
member,5847,2,2,1,0.001795,0.998207,0.998207,0.014420,12.810863,6.911172,-0.014420
member,18622,4,4,1,0.000729,0.999271,0.999271,0.006292,15.318193,7.333891,-0.006292
member,45473,5,5,1,0.004366,0.995644,0.995644,0.028927,18.212040,5.478534,-0.028927
member,31760,9,9,1,0.000008,0.999992,0.999992,0.000106,23.985605,11.746462,-0.000106
member,5211,1,1,1,0.000052,0.999948,0.999948,0.000601,21.005148,10.409554,-0.000601
member,25730,5,5,1,0.083381,0.920001,0.920001,0.283757,16.231833,2.453241,-0.283757
member,6373,0,0,1,0.000382,0.999618,0.999618,0.003662,17.823620,8.553237,-0.003662
member,30197,7,7,1,0.002386,0.997617,0.997617,0.017214,13.825340,6.081583,-0.017214
member,23945,6,6,1,0.000031,0.999969,0.999969,0.000373,17.791998,10.581493,-0.000373
member,36934,4,4,1,0.000004,0.999996,0.999996,0.000050,17.883638,12.875860,-0.000050
member,34847,7,7,1,0.000010,0.999990,0.999990,0.000122,30.746471,11.539881,-0.000122
member,15292,7,7,1,0.000975,0.999026,0.999026,0.008286,15.279352,7.120569,-0.008286
member,1851,4,4,1,0.004265,0.995744,0.995744,0.030232,15.479944,5.762187,-0.030232
member,18432,8,8,1,0.007903,0.992128,0.992128,0.048588,16.054337,4.936604,-0.048588
member,28970,2,2,1,0.000001,0.999999,0.999999,0.000012,26.498489,14.008273,-0.000012
member,17039,4,4,1,0.346378,0.707245,0.707245,0.620729,14.602086,0.891347,-0.620729
member,6687,0,0,1,0.002788,0.997216,0.997216,0.019163,20.482929,5.880957,-0.019163
member,40938,5,5,1,0.000487,0.999513,0.999513,0.004445,15.980489,7.854173,-0.004445
member,42181,2,2,1,0.000756,0.999244,0.999244,0.006653,15.100677,7.406556,-0.006653
member,25252,5,5,1,0.000088,0.999912,0.999912,0.000927,19.196257,9.376411,-0.000927
member,18841,4,4,1,0.001650,0.998351,0.998351,0.012986,18.642447,6.599658,-0.012986
member,15806,7,7,1,-0.000000,1.000000,1.000000,0.000000,32.720909,23.133907,-0.000000
member,4181,6,6,1,0.000285,0.999715,0.999715,0.002692,19.267347,8.238535,-0.002692
member,13862,3,3,1,0.007664,0.992365,0.992365,0.048026,13.616062,5.025390,-0.048026
member,20189,2,2,1,0.000839,0.999162,0.999162,0.007804,11.427496,7.771012,-0.007804
member,8784,4,4,1,0.000066,0.999934,0.999934,0.000721,18.515078,9.701471,-0.000721
member,3705,9,9,1,-0.000000,1.000000,1.000000,0.000000,28.225668,19.546993,-0.000000
member,24445,0,0,1,-0.000000,1.000000,1.000000,0.000000,47.312462,29.430038,-0.000000
member,37771,8,8,1,0.001485,0.998516,0.998516,0.011154,25.742920,6.512236,-0.011154
member,5158,7,7,1,-0.000000,1.000000,1.000000,0.000000,40.075550,22.036476,-0.000000
member,29836,5,5,1,0.001557,0.998444,0.998444,0.011802,15.825803,6.485279,-0.011802
member,6129,9,9,1,0.000000,1.000000,1.000000,0.000002,21.638508,16.438501,-0.000002
member,11029,0,0,1,0.000000,1.000000,1.000000,0.000003,31.978222,15.780499,-0.000003
member,47338,9,9,1,-0.000000,1.000000,1.000000,0.000000,21.704521,17.825825,-0.000000
member,36029,9,9,1,0.000868,0.999132,0.999132,0.006983,29.709755,7.048981,-0.006983
member,33446,8,8,1,-0.000000,1.000000,1.000000,0.000000,34.347919,28.020809,-0.000000
member,4116,2,2,1,0.001806,0.998196,0.998196,0.013217,16.952967,6.316931,-0.013217
member,11756,6,6,1,0.000386,0.999614,0.999614,0.003423,25.682680,7.859959,-0.003423
member,27123,7,7,1,0.009110,0.990931,0.990931,0.055864,20.611143,4.884399,-0.055864
member,5369,5,5,1,0.000317,0.999683,0.999683,0.003290,13.532114,8.873653,-0.003290
member,15978,9,9,1,0.000001,0.999999,0.999999,0.000017,18.621498,14.166356,-0.000017
member,9134,5,5,1,0.001640,0.998362,0.998362,0.013637,13.182590,6.869980,-0.013637
member,11061,5,5,1,0.128971,0.879000,0.879000,0.430829,9.949110,2.204228,-0.430829
member,4550,6,6,1,0.006157,0.993862,0.993862,0.038539,10.814566,5.122141,-0.038539
member,35858,0,0,1,0.000175,0.999825,0.999825,0.001808,24.523825,9.192357,-0.001808
member,46856,6,6,1,0.020809,0.979406,0.979406,0.109897,14.778534,4.002729,-0.109897
member,43900,9,9,1,0.000116,0.999884,0.999884,0.001162,29.945391,9.066561,-0.001162
member,17577,6,6,1,-0.000000,1.000000,1.000000,0.000000,37.215069,21.845776,-0.000000
member,2746,7,7,1,0.006682,0.993340,0.993340,0.045030,10.794187,5.694654,-0.045030
member,21850,1,1,1,0.000081,0.999919,0.999919,0.000848,21.953484,9.442636,-0.000848
member,25747,6,6,1,0.000093,0.999907,0.999907,0.000955,24.421021,9.285285,-0.000955
member,6072,7,7,1,0.000010,0.999990,0.999990,0.000125,24.802153,11.567672,-0.000125
member,23920,4,4,1,0.000001,0.999999,0.999999,0.000010,27.910627,14.553728,-0.000010
member,12933,6,6,1,0.019453,0.980735,0.980735,0.095261,18.996283,3.930511,-0.095261
member,36180,0,0,1,0.000658,0.999342,0.999342,0.006116,13.587893,7.798083,-0.006116
member,34380,7,7,1,-0.000000,1.000000,1.000000,0.000000,26.642202,22.772114,-0.000000
member,28996,3,3,1,0.022856,0.977404,0.977404,0.108161,13.307334,3.768033,-0.108161
member,38260,1,1,1,0.000834,0.999166,0.999166,0.006819,29.483824,7.106300,-0.006819
member,512,9,9,1,0.000000,1.000000,1.000000,0.000003,28.106171,15.643415,-0.000003
member,16134,5,5,1,0.000026,0.999974,0.999974,0.000315,23.028641,10.946428,-0.000315
member,35633,0,0,1,0.001170,0.998831,0.998831,0.010069,15.238103,7.428617,-0.010069
member,8088,3,3,1,0.003014,0.996991,0.996991,0.020518,22.377798,5.804884,-0.020518
member,36092,2,2,1,0.187631,0.828921,0.828921,0.476151,9.827610,1.599935,-0.476151
member,31391,0,0,1,0.000338,0.999662,0.999662,0.003374,13.332448,8.369368,-0.003374
member,33042,2,2,1,0.000424,0.999576,0.999576,0.003788,14.332648,7.800133,-0.003788
member,34308,7,7,1,0.045206,0.955800,0.955800,0.181468,13.941865,3.074864,-0.181468
member,12627,7,7,1,0.002220,0.997782,0.997782,0.017315,17.123363,6.422403,-0.017315
member,1976,5,5,1,0.000000,1.000000,1.000000,0.000004,19.628693,15.926782,-0.000004
member,7337,9,9,1,-0.000000,1.000000,1.000000,0.000000,33.946495,20.487881,-0.000000
member,42452,9,9,1,0.000001,0.999999,0.999999,0.000010,24.208735,14.524771,-0.000010
member,22971,4,4,1,0.019680,0.980512,0.980512,0.109591,15.644870,4.316664,-0.109591
member,37307,8,8,1,0.000001,0.999999,0.999999,0.000010,29.907080,14.966587,-0.000010
member,44971,1,1,1,0.140820,0.868645,0.868645,0.389085,21.938200,1.889132,-0.389085
member,5216,0,0,1,0.005879,0.994138,0.994138,0.035988,17.461647,5.133674,-0.035988
member,23622,3,3,1,0.020440,0.979768,0.979768,0.113536,11.900661,4.124060,-0.113536
member,41399,6,6,1,0.001293,0.998708,0.998708,0.009934,16.121038,6.655511,-0.009934
member,20310,6,6,1,-0.000000,1.000000,1.000000,0.000000,45.498058,29.249901,-0.000000
member,657,9,9,1,0.000003,0.999997,0.999997,0.000036,16.656273,13.188213,-0.000036
member,35037,1,1,1,0.001533,0.998468,0.998468,0.011457,20.702902,6.479968,-0.011457
member,44827,1,1,1,0.000004,0.999996,0.999996,0.000058,24.391964,12.484905,-0.000058
member,15943,5,5,1,0.006201,0.993818,0.993818,0.044529,10.678763,5.680301,-0.044529
member,42013,6,6,1,0.000001,0.999999,0.999999,0.000021,27.052542,13.549425,-0.000021
member,28057,2,2,1,0.007022,0.993002,0.993002,0.042991,14.356525,4.998441,-0.042991
member,21871,1,1,1,0.000001,0.999999,0.999999,0.000013,46.740433,13.920647,-0.000013
member,7027,7,7,1,0.000172,0.999828,0.999828,0.001663,22.641958,8.668060,-0.001663
member,49785,9,9,1,0.000131,0.999869,0.999869,0.001321,21.923414,8.958619,-0.001321
member,30812,6,6,1,0.006744,0.993279,0.993279,0.046204,12.222800,5.540778,-0.046204
member,35601,4,4,1,0.008158,0.991875,0.991875,0.054812,10.566059,5.480013,-0.054812
member,21546,8,8,1,0.023715,0.976564,0.976564,0.119847,9.013211,3.817325,-0.119847
member,14794,3,3,1,0.002170,0.997832,0.997832,0.015589,19.185720,6.141010,-0.015589
member,45053,3,3,1,0.000087,0.999913,0.999913,0.000912,18.573168,9.395660,-0.000912
member,3899,1,1,1,0.000001,0.999999,0.999999,0.000008,23.455067,15.094586,-0.000008
member,29368,4,4,1,0.000280,0.999720,0.999720,0.002590,16.432301,8.193724,-0.002590
member,15625,4,4,1,0.000390,0.999610,0.999610,0.003821,18.601854,8.355049,-0.003821
member,46648,4,4,1,0.000503,0.999497,0.999497,0.004571,20.791103,7.783600,-0.004571
member,10284,8,8,1,0.000236,0.999764,0.999764,0.002385,16.657972,8.881948,-0.002385
member,25873,7,7,1,0.000661,0.999339,0.999339,0.005742,23.999523,7.440996,-0.005742
member,18719,1,1,1,0.029271,0.971153,0.971153,0.140357,10.147896,3.596490,-0.140357
member,14948,0,0,1,0.001349,0.998651,0.998651,0.010389,19.887360,6.624396,-0.010389
member,38343,5,5,1,0.000000,1.000000,1.000000,0.000006,25.491920,15.258592,-0.000006
member,31303,5,5,1,0.005081,0.994932,0.994932,0.036985,11.481031,5.715104,-0.036985
member,6542,2,2,1,0.000046,0.999954,0.999954,0.000518,17.551126,10.067671,-0.000518
member,42690,6,6,1,-0.000000,1.000000,1.000000,0.000000,29.501850,25.487249,-0.000000
member,5876,3,3,1,0.002588,0.997415,0.997415,0.020904,9.877311,6.480772,-0.020904
member,49324,5,5,1,0.000848,0.999152,0.999152,0.006849,20.200285,7.072837,-0.006849
member,15602,5,5,1,0.220261,0.802310,0.802310,0.736277,5.331936,1.902597,-0.736277
member,23357,1,1,1,0.002161,0.997841,0.997841,0.015407,22.363424,6.136114,-0.015407
member,46342,6,6,1,0.000019,0.999981,0.999981,0.000239,18.643751,11.220728,-0.000239
member,19127,0,0,1,-0.000000,1.000000,1.000000,0.000000,23.996403,18.631752,-0.000000
member,34791,1,1,1,0.000019,0.999981,0.999981,0.000229,18.336262,11.051171,-0.000229
member,36359,1,1,1,0.000191,0.999809,0.999809,0.001954,15.966265,9.005490,-0.001954
member,18143,2,2,1,0.000023,0.999977,0.999977,0.000280,17.876143,10.742609,-0.000280
member,316,9,9,1,-0.000000,1.000000,1.000000,0.000000,44.429668,33.047813,-0.000000
member,729,5,5,1,0.000102,0.999898,0.999898,0.001046,30.927605,9.190062,-0.001046
member,45882,5,5,1,0.286770,0.750684,0.750684,0.890640,5.780539,1.766374,-0.890640
member,6215,5,5,1,0.009417,0.990627,0.990627,0.053437,20.542400,4.665847,-0.053437
member,17298,7,7,1,0.000000,1.000000,1.000000,0.000009,23.069750,14.768871,-0.000009
member,1841,3,3,1,0.000002,0.999998,0.999998,0.000025,21.453850,13.276019,-0.000025
member,2386,3,3,1,0.000061,0.999939,0.999939,0.000709,15.352347,10.433454,-0.000709
member,21345,0,0,1,0.069331,0.933017,0.933017,0.246452,19.232248,2.635267,-0.246452
member,22114,2,2,1,0.033564,0.966993,0.966993,0.169742,8.859595,3.737060,-0.169742
member,43745,2,2,1,0.001477,0.998524,0.998524,0.011898,14.066380,6.718999,-0.011898
member,5466,9,9,1,0.000001,0.999999,0.999999,0.000011,22.922251,14.391360,-0.000011
member,38365,2,2,1,0.002287,0.997715,0.997715,0.016188,20.288773,6.079953,-0.016188
member,46719,7,7,1,-0.000000,1.000000,1.000000,0.000000,25.576376,18.194784,-0.000000
member,5540,2,2,1,0.000000,1.000000,1.000000,0.000001,36.700146,16.513180,-0.000001
member,23562,9,9,1,-0.000000,1.000000,1.000000,0.000000,39.764637,27.896893,-0.000000
member,23012,1,1,1,0.000157,0.999843,0.999843,0.001611,20.778910,8.969588,-0.001611
member,32741,2,2,1,0.000003,0.999997,0.999997,0.000042,20.819464,13.034180,-0.000042
member,14163,6,6,1,0.000446,0.999554,0.999554,0.003888,19.936958,7.717253,-0.003888
member,9062,0,0,1,0.000003,0.999997,0.999997,0.000041,27.202730,12.727872,-0.000041
member,28697,3,3,1,0.000572,0.999429,0.999429,0.005444,15.379504,8.060872,-0.005444
member,18490,4,4,1,0.007010,0.993015,0.993015,0.045853,10.872785,5.204936,-0.045853
member,14825,9,9,1,0.000000,1.000000,1.000000,0.000004,23.592648,15.108059,-0.000004
member,49827,8,8,1,0.000075,0.999925,0.999925,0.000793,16.920019,9.498362,-0.000793
member,15679,7,7,1,0.010691,0.989366,0.989366,0.063371,15.383644,4.663004,-0.063371
member,7932,3,3,1,0.000874,0.999127,0.999127,0.007126,15.647913,7.062077,-0.007126
member,38880,3,3,1,0.000084,0.999916,0.999916,0.000869,23.743082,9.388371,-0.000869
member,3002,5,5,1,0.027495,0.972880,0.972880,0.144475,8.868671,3.812503,-0.144475
member,31443,8,8,1,-0.000000,1.000000,1.000000,0.000000,32.718708,26.959482,-0.000000
member,6262,6,6,1,0.000328,0.999672,0.999672,0.002957,26.878563,8.022980,-0.002957
member,3953,7,7,1,0.000896,0.999105,0.999105,0.007198,21.095860,7.020104,-0.007198
member,45134,5,5,1,0.000050,0.999950,0.999950,0.000546,26.321556,9.900980,-0.000546
member,33478,0,0,1,-0.000000,1.000000,1.000000,0.000000,28.317972,17.562418,-0.000000
member,18553,4,4,1,0.000013,0.999987,0.999987,0.000180,15.004951,11.807315,-0.000180
member,24223,2,2,1,0.000345,0.999655,0.999655,0.003445,12.656631,8.472404,-0.003445
member,32041,9,9,1,-0.000000,1.000000,1.000000,0.000000,34.914280,28.007687,-0.000000
member,26218,9,9,1,0.000000,1.000000,1.000000,0.000002,39.942654,15.885162,-0.000002
member,14632,5,5,1,0.002576,0.997427,0.997427,0.021132,9.440274,6.703843,-0.021132
member,17090,9,9,1,0.000810,0.999191,0.999191,0.006573,19.550648,7.118313,-0.006573
member,34426,1,1,1,0.010395,0.989659,0.989659,0.057563,27.800964,4.561239,-0.057563
member,9376,9,9,1,0.124887,0.882596,0.882596,0.370503,8.802331,2.028010,-0.370503
member,17780,5,5,1,0.042311,0.958572,0.958572,0.193833,15.895091,3.379139,-0.193833
member,10436,2,2,1,0.000261,0.999739,0.999739,0.002417,17.971151,8.255145,-0.002417
member,7568,7,7,1,-0.000000,1.000000,1.000000,0.000000,48.373020,25.406277,-0.000000
member,23549,6,6,1,0.000062,0.999938,0.999938,0.000709,19.610332,10.068018,-0.000709
member,1458,2,2,1,0.003433,0.996573,0.996573,0.025060,9.626678,5.849104,-0.025060
member,42296,4,4,1,0.000000,1.000000,1.000000,0.000002,25.062788,15.865996,-0.000002
member,34365,4,4,1,0.000000,1.000000,1.000000,0.000002,25.023840,15.752733,-0.000002
member,29308,1,1,1,-0.000000,1.000000,1.000000,0.000000,37.700146,22.611248,-0.000000
member,4845,9,9,1,0.000020,0.999980,0.999980,0.000247,15.843484,11.066683,-0.000247
member,41960,0,0,1,0.005395,0.994619,0.994619,0.036116,17.450462,5.430906,-0.036116
member,38152,1,1,1,0.000351,0.999649,0.999649,0.003145,43.439121,7.953556,-0.003145
member,24380,5,5,1,0.003925,0.996083,0.996083,0.029262,13.317523,6.037377,-0.029262
member,38921,0,0,1,0.050958,0.950318,0.950318,0.203806,11.431278,2.973232,-0.203806
member,26538,8,8,1,0.000000,1.000000,1.000000,0.000006,28.912100,14.864024,-0.000006
member,5936,7,7,1,-0.000000,1.000000,1.000000,0.000000,36.220982,27.662403,-0.000000
member,7673,1,1,1,-0.000000,1.000000,1.000000,0.000001,23.280834,16.951715,-0.000001
member,40436,6,6,1,0.000021,0.999979,0.999979,0.000262,16.080610,11.109616,-0.000262
member,35494,4,4,1,0.002087,0.997915,0.997915,0.014961,20.147854,6.171605,-0.014961
member,39591,5,5,1,0.000633,0.999367,0.999367,0.005807,14.300854,7.718772,-0.005807
member,14174,2,2,1,0.000827,0.999173,0.999173,0.007400,16.205469,7.571295,-0.007400
member,40381,9,9,1,0.000004,0.999996,0.999996,0.000054,31.168819,12.743931,-0.000054
member,23137,9,9,1,0.000007,0.999993,0.999993,0.000092,31.680044,11.849951,-0.000092
member,29628,9,9,1,0.007800,0.992231,0.992231,0.047654,15.559195,4.923118,-0.047654
member,32308,2,2,1,0.008559,0.991478,0.991478,0.049477,16.848434,4.764077,-0.049477
member,30871,5,5,1,0.000031,0.999969,0.999969,0.000366,22.835161,10.448545,-0.000366
member,28092,0,0,1,0.000104,0.999896,0.999896,0.001176,14.425904,9.812377,-0.001176
member,32484,0,0,1,0.000728,0.999273,0.999273,0.006501,15.313869,7.543701,-0.006501
member,32812,6,6,1,0.000000,1.000000,1.000000,0.000005,21.432922,15.412488,-0.000005
member,25154,7,7,1,0.000629,0.999371,0.999371,0.005747,16.231018,7.824920,-0.005747
member,10153,1,1,1,0.000001,0.999999,0.999999,0.000017,27.375149,13.849614,-0.000017
member,25866,6,6,1,0.000284,0.999716,0.999716,0.002682,16.272434,8.240566,-0.002682
member,15443,2,2,1,0.000799,0.999201,0.999201,0.007514,10.562863,7.787357,-0.007514
member,14192,2,2,1,0.000019,0.999981,0.999981,0.000252,12.907774,11.343606,-0.000252
member,13717,9,9,1,0.000432,0.999568,0.999568,0.003799,19.253719,7.753426,-0.003799
member,17348,8,8,1,0.013153,0.986933,0.986933,0.069673,18.019606,4.324603,-0.069673
member,6420,1,1,1,-0.000000,1.000000,1.000000,0.000000,40.309238,19.666239,-0.000000
member,38690,6,6,1,0.000057,0.999943,0.999943,0.000658,23.163330,10.455434,-0.000658
member,47430,8,8,1,0.000000,1.000000,1.000000,0.000002,27.536200,16.233061,-0.000002
member,34114,4,4,1,0.000031,0.999969,0.999969,0.000393,17.280052,11.521428,-0.000393
member,816,4,4,1,0.000006,0.999994,0.999994,0.000080,22.735762,12.882795,-0.000080
member,13863,4,4,1,0.009145,0.990897,0.990897,0.055410,12.928168,4.788732,-0.055410
member,49436,1,1,1,-0.000000,1.000000,1.000000,0.000001,27.032335,17.482445,-0.000001
member,10587,3,3,1,0.144336,0.865597,0.865597,0.465467,17.704374,2.006717,-0.465467
member,49497,0,0,1,0.000029,0.999971,0.999971,0.000335,30.273977,10.439320,-0.000335
member,26517,6,6,1,0.000007,0.999993,0.999993,0.000090,25.034113,11.875487,-0.000090
member,5245,8,8,1,0.000000,1.000000,1.000000,0.000004,20.209518,15.517437,-0.000004
member,38331,9,9,1,0.000908,0.999092,0.999092,0.007333,15.777669,7.016149,-0.007333
member,48332,9,9,1,-0.000000,1.000000,1.000000,0.000000,34.519905,25.935249,-0.000000
member,14926,2,2,1,0.000053,0.999947,0.999947,0.000618,14.314487,10.247816,-0.000618
member,49065,9,9,1,-0.000000,1.000000,1.000000,0.000000,28.194181,19.112961,-0.000000
member,37864,9,9,1,0.000081,0.999919,0.999919,0.000850,26.101513,9.449179,-0.000850
member,23346,2,2,1,0.070125,0.932278,0.932278,0.266504,13.931677,2.687331,-0.266504
member,27036,7,7,1,0.067822,0.934427,0.934427,0.242049,22.658226,2.656780,-0.242049
member,40418,0,0,1,0.038200,0.962521,0.962521,0.189226,9.850081,3.570094,-0.189226
member,28961,5,5,1,0.114920,0.891438,0.891438,0.354897,12.466682,2.124418,-0.354897
member,23034,7,7,1,0.001512,0.998489,0.998489,0.012838,12.047374,7.013653,-0.012838
member,17324,7,7,1,0.028139,0.972253,0.972253,0.130236,14.089937,3.580702,-0.130236
member,44927,8,8,1,-0.000000,1.000000,1.000000,0.000000,44.230595,18.380672,-0.000000
member,18246,1,1,1,-0.000000,1.000000,1.000000,0.000000,59.197575,20.257317,-0.000000
member,21403,2,2,1,0.022699,0.977557,0.977557,0.118940,13.307275,3.975217,-0.118940
member,47287,4,4,1,0.000128,0.999872,0.999872,0.001280,18.654440,8.961867,-0.001280
member,14710,8,8,1,0.000009,0.999991,0.999991,0.000123,24.565327,11.783862,-0.000123
member,6367,6,6,1,-0.000000,1.000000,1.000000,0.000000,26.168503,19.823124,-0.000000
member,48395,5,5,1,0.000000,1.000000,1.000000,0.000003,28.629938,15.468068,-0.000003
member,42363,5,5,1,0.000744,0.999256,0.999256,0.006104,23.397110,7.202639,-0.006104
member,40888,3,3,1,0.003050,0.996955,0.996955,0.021382,13.768186,5.852019,-0.021382
member,31706,6,6,1,-0.000000,1.000000,1.000000,0.000000,34.839016,20.364048,-0.000000
member,3378,1,1,1,0.001602,0.998399,0.998399,0.012107,22.232504,6.461903,-0.012107
member,39487,5,5,1,0.004944,0.995068,0.995068,0.031192,16.595201,5.308935,-0.031192
member,13702,8,8,1,0.000033,0.999967,0.999967,0.000405,22.747219,10.908948,-0.000405
member,16883,6,6,1,0.000125,0.999875,0.999875,0.001387,12.860542,9.434198,-0.001387
member,9656,3,3,1,0.000775,0.999225,0.999225,0.006361,20.458828,7.170259,-0.006361
member,40354,3,3,1,0.000025,0.999975,0.999975,0.000308,20.294847,10.842122,-0.000308
member,31378,9,9,1,-0.000000,1.000000,1.000000,0.000000,28.594322,21.038729,-0.000000
member,28458,2,2,1,0.000268,0.999732,0.999732,0.002708,11.093503,8.488989,-0.002708
member,28446,7,7,1,0.008850,0.991189,0.991189,0.055049,16.215635,4.922985,-0.055049
member,26889,5,5,1,0.012283,0.987792,0.987792,0.065918,22.529604,4.393368,-0.065918
member,20715,5,5,1,0.000091,0.999909,0.999909,0.001058,15.595959,10.279415,-0.001058
member,40604,7,7,1,-0.000000,1.000000,1.000000,0.000000,30.870974,21.525200,-0.000000
member,45281,7,7,1,0.000202,0.999798,0.999798,0.002036,17.248930,8.720222,-0.002036
member,32111,8,8,1,-0.000000,1.000000,1.000000,0.000000,46.794418,38.256462,-0.000000
member,34348,9,9,1,0.019570,0.980621,0.980621,0.095669,19.874380,3.924291,-0.095669
member,15204,9,9,1,-0.000000,1.000000,1.000000,0.000000,22.579662,19.924335,-0.000000
member,6892,7,7,1,0.002216,0.997786,0.997786,0.016002,13.816997,6.133652,-0.016002
member,22134,9,9,1,0.080797,0.922381,0.922381,0.291750,12.459561,2.538603,-0.291750
member,44141,0,0,1,0.294666,0.744780,0.744780,0.567998,22.672022,1.070963,-0.567998
member,3028,5,5,1,0.000002,0.999998,0.999998,0.000024,18.574274,13.757588,-0.000024
member,16297,0,0,1,0.000005,0.999995,0.999995,0.000064,24.868542,12.240038,-0.000064
member,32721,0,0,1,0.000022,0.999978,0.999978,0.000264,20.218607,10.739725,-0.000264
member,25134,6,6,1,0.000001,0.999999,0.999999,0.000009,19.955439,15.161642,-0.000009
member,9055,8,8,1,-0.000000,1.000000,1.000000,0.000000,33.356419,17.687775,-0.000000
member,34885,2,2,1,0.000390,0.999610,0.999610,0.003844,16.446547,8.360265,-0.003844
member,16228,3,3,1,0.110049,0.895790,0.895790,0.464196,5.835711,2.705315,-0.464196
member,11281,7,7,1,0.000000,1.000000,1.000000,0.000002,35.822987,16.014526,-0.000002
member,25573,8,8,1,0.004260,0.995749,0.995749,0.027569,19.768953,5.460309,-0.027569
member,36501,0,0,1,-0.000000,1.000000,1.000000,0.000001,21.974298,16.941784,-0.000001
member,48210,9,9,1,0.000001,0.999999,0.999999,0.000014,23.482216,13.879037,-0.000014
member,43417,1,1,1,0.000347,0.999653,0.999653,0.003348,23.209810,8.472206,-0.003348
member,46464,8,8,1,0.000000,1.000000,1.000000,0.000005,31.028816,15.093272,-0.000005
member,16703,3,3,1,0.002131,0.997872,0.997872,0.015344,16.712238,6.159774,-0.015344
member,32458,1,1,1,0.002401,0.997602,0.997602,0.017430,13.059509,6.083634,-0.017430
member,6161,1,1,1,0.000103,0.999897,0.999897,0.001053,32.325768,9.175959,-0.001053
member,42991,1,1,1,0.000000,1.000000,1.000000,0.000001,23.470385,16.583021,-0.000001
member,19306,7,7,1,0.000008,0.999992,0.999992,0.000105,23.818428,11.702873,-0.000105
member,48551,7,7,1,0.005893,0.994125,0.994125,0.036156,12.969125,5.133888,-0.036156
member,40377,4,4,1,0.001802,0.998199,0.998199,0.014108,19.491663,6.554458,-0.014108
member,39953,1,1,1,0.002216,0.997787,0.997787,0.017196,12.313368,6.377060,-0.017196
member,4988,8,8,1,-0.000000,1.000000,1.000000,0.000000,42.076218,33.853367,-0.000000
member,19075,3,3,1,0.019789,0.980406,0.980406,0.114866,12.051514,4.481594,-0.114866
member,20182,8,8,1,-0.000000,1.000000,1.000000,0.000000,36.377422,25.515743,-0.000000
member,38819,5,5,1,0.000189,0.999811,0.999811,0.001812,17.810083,8.576954,-0.001812
member,19432,9,9,1,-0.000000,1.000000,1.000000,0.000000,51.695412,23.636623,-0.000000
member,36918,9,9,1,0.001507,0.998494,0.998494,0.011304,29.389822,6.497528,-0.011304
member,19482,6,6,1,0.001528,0.998473,0.998473,0.012438,15.367200,6.732065,-0.012438
member,39058,1,1,1,-0.000000,1.000000,1.000000,0.000000,37.061249,18.198727,-0.000000
member,39446,5,5,1,0.012090,0.987983,0.987983,0.067482,13.941604,4.456619,-0.067482
member,22156,9,9,1,-0.000000,1.000000,1.000000,0.000000,20.929977,18.129805,-0.000000
member,37811,2,2,1,0.015548,0.984572,0.984572,0.088969,12.911629,4.355683,-0.088969
member,12290,5,5,1,0.000220,0.999780,0.999780,0.002074,29.124832,8.421047,-0.002074
member,36128,1,1,1,0.000009,0.999991,0.999991,0.000116,25.664139,11.610761,-0.000116
member,2296,6,6,1,0.000000,1.000000,1.000000,0.000003,21.031216,15.643476,-0.000003
member,3831,0,0,1,0.000001,0.999999,0.999999,0.000011,21.290663,14.453300,-0.000011
member,33222,4,4,1,0.000232,0.999768,0.999768,0.002353,14.269728,8.736298,-0.002353
member,11494,5,5,1,0.001121,0.998879,0.998879,0.008833,16.176432,6.808496,-0.008833
member,20790,0,0,1,0.000346,0.999655,0.999655,0.003341,17.353914,8.274839,-0.003341
member,44315,9,9,1,0.000001,0.999999,0.999999,0.000009,30.387623,14.886174,-0.000009
member,38884,7,7,1,0.000013,0.999987,0.999987,0.000187,15.106531,12.403042,-0.000187
member,3434,7,7,1,0.000003,0.999997,0.999997,0.000046,28.325657,12.599747,-0.000046
member,38207,1,1,1,0.006149,0.993869,0.993869,0.039048,25.921375,5.168753,-0.039048
member,3077,4,4,1,0.000674,0.999326,0.999326,0.006368,14.274563,8.180262,-0.006368
member,1107,2,2,1,0.002517,0.997486,0.997486,0.018322,14.900073,6.073334,-0.018322
member,16655,9,9,1,0.000001,0.999999,0.999999,0.000017,28.159452,14.199667,-0.000017
member,45226,4,4,1,0.048969,0.952210,0.952210,0.198035,13.128605,3.016903,-0.198035
member,25830,2,2,1,0.004673,0.995338,0.995338,0.030992,10.663622,5.430085,-0.030992
member,21503,8,8,1,-0.000000,1.000000,1.000000,0.000000,28.244322,21.463537,-0.000000
member,46860,7,7,1,-0.000000,1.000000,1.000000,0.000000,52.839996,32.329525,-0.000000
member,2146,6,6,1,0.017567,0.982587,0.982587,0.094259,11.193557,4.123028,-0.094259
member,36814,5,5,1,0.001118,0.998882,0.998882,0.008734,23.286091,6.798307,-0.008734
member,25283,7,7,1,0.101450,0.903527,0.903527,0.404157,14.061114,2.884317,-0.404157
member,27040,9,9,1,0.000054,0.999946,0.999946,0.000595,20.604898,9.878949,-0.000595
member,46778,4,4,1,0.012212,0.987863,0.987863,0.065761,18.809166,4.400791,-0.065761
member,45189,4,4,1,0.072617,0.929957,0.929957,0.327542,9.009395,3.228181,-0.327542
member,18145,8,8,1,0.000003,0.999997,0.999997,0.000048,24.598848,12.573146,-0.000048
member,27707,9,9,1,0.000034,0.999966,0.999966,0.000388,21.665977,10.278046,-0.000388
member,46651,9,9,1,-0.000000,1.000000,1.000000,0.000000,39.997684,24.351912,-0.000000
member,7762,6,6,1,0.026565,0.973785,0.973785,0.123784,10.834377,3.630264,-0.123784
member,29632,4,4,1,0.108750,0.896955,0.896955,0.355359,10.045499,2.214816,-0.355359
member,8145,9,9,1,-0.000000,1.000000,1.000000,0.000000,35.273930,23.228275,-0.000000
member,40439,7,7,1,0.000016,0.999984,0.999984,0.000192,33.303452,11.044682,-0.000192
member,13039,7,7,1,0.000001,0.999999,0.999999,0.000018,22.239922,13.627826,-0.000018
member,34037,0,0,1,0.000000,1.000000,1.000000,0.000003,24.809175,15.717787,-0.000003
member,36290,6,6,1,0.000010,0.999990,0.999990,0.000128,20.423296,12.044793,-0.000128
member,27907,9,9,1,0.000008,0.999992,0.999992,0.000098,21.593691,11.781030,-0.000098
member,24656,5,5,1,0.000133,0.999867,0.999867,0.001440,24.621895,9.393847,-0.001440
member,16993,9,9,1,0.000040,0.999960,0.999960,0.000463,32.039986,10.259514,-0.000463
member,5345,4,4,1,0.006766,0.993257,0.993257,0.040637,18.428930,4.996772,-0.040637
member,5165,2,2,1,0.001173,0.998827,0.998827,0.009569,12.441994,6.864675,-0.009569
member,34825,8,8,1,0.000105,0.999895,0.999895,0.001139,14.814863,9.412184,-0.001139
member,1675,2,2,1,0.000151,0.999849,0.999849,0.001584,16.709944,9.055403,-0.001584
member,31689,4,4,1,0.004342,0.995668,0.995668,0.028712,19.128241,5.482461,-0.028712
member,4146,3,3,1,0.004113,0.995896,0.995896,0.029952,11.330326,5.815073,-0.029952
member,31935,1,1,1,-0.000000,1.000000,1.000000,0.000000,36.881077,21.023666,-0.000000
member,18393,3,3,1,0.001634,0.998367,0.998367,0.012143,17.588976,6.418998,-0.012143
member,4707,4,4,1,0.000023,0.999977,0.999977,0.000282,23.446074,10.756486,-0.000282
member,2585,9,9,1,0.000010,0.999990,0.999990,0.000125,18.313955,11.707845,-0.000125
member,28117,7,7,1,-0.000000,1.000000,1.000000,0.000000,29.569153,23.430798,-0.000000
member,42179,0,0,1,0.337240,0.713738,0.713738,0.598771,31.661798,0.913607,-0.598771
member,31618,9,9,1,0.000180,0.999820,0.999820,0.001751,18.223965,8.642951,-0.001751
member,35763,0,2,0,1.372072,0.253581,0.746418,0.566244,23.666048,-1.079603,0.566244
member,22581,8,8,1,-0.000000,1.000000,1.000000,0.000001,22.427067,17.284935,-0.000001
member,13835,0,0,1,0.000033,0.999967,0.999967,0.000383,18.389624,10.365737,-0.000383
member,12044,2,2,1,0.000005,0.999995,0.999995,0.000067,21.003164,12.627810,-0.000067
member,30767,2,2,1,0.000108,0.999892,0.999892,0.001111,17.890930,9.166704,-0.001111
member,7128,3,3,1,0.054839,0.946638,0.946638,0.212083,13.995378,2.888693,-0.212083
member,22783,4,4,1,0.000000,1.000000,1.000000,0.000004,21.287277,15.249439,-0.000004
member,23250,3,3,1,0.000079,0.999921,0.999921,0.000913,13.821835,10.064032,-0.000913
member,23885,3,3,1,0.000491,0.999509,0.999509,0.004378,18.417570,7.713260,-0.004378
member,40093,8,8,1,-0.000000,1.000000,1.000000,0.000000,43.957081,35.126259,-0.000000
member,31011,1,1,1,0.000105,0.999895,0.999895,0.001075,24.083590,9.184772,-0.001075
member,12082,5,5,1,0.000346,0.999654,0.999654,0.003322,15.587419,8.242739,-0.003322
member,7786,9,9,1,-0.000000,1.000000,1.000000,0.000000,27.321674,17.503674,-0.000000
member,5729,5,5,1,0.000312,0.999688,0.999688,0.003020,15.516377,8.394628,-0.003020
member,13963,9,9,1,0.000003,0.999997,0.999997,0.000036,30.350283,12.880960,-0.000036
member,49261,6,6,1,0.000135,0.999865,0.999865,0.001405,17.145241,9.146584,-0.001405
member,5121,7,7,1,0.418629,0.657948,0.657948,0.789729,11.950313,0.807014,-0.789729
member,10339,7,7,1,0.000004,0.999996,0.999996,0.000059,24.842484,12.346928,-0.000059
member,2820,8,8,1,-0.000000,1.000000,1.000000,0.000000,41.310123,36.466026,-0.000000
member,32607,3,3,1,0.009948,0.990101,0.990101,0.063565,15.219044,5.263515,-0.063565
member,1034,9,9,1,0.000767,0.999234,0.999234,0.006556,17.672434,7.299472,-0.006556
member,233,0,0,1,0.000230,0.999770,0.999770,0.002159,22.200075,8.377453,-0.002159
member,20696,2,2,1,0.000349,0.999651,0.999651,0.003193,12.733988,7.992088,-0.003193
member,45286,4,4,1,0.120279,0.886673,0.886673,0.412638,12.045085,2.209108,-0.412638
member,29064,7,7,1,0.003683,0.996323,0.996323,0.025157,16.931509,5.651308,-0.025157
member,16381,8,8,1,-0.000000,1.000000,1.000000,0.000000,49.135227,38.106972,-0.000000
member,36641,1,1,1,0.000115,0.999885,0.999885,0.001159,30.002996,9.069422,-0.001159
member,11933,5,5,1,0.000000,1.000000,1.000000,0.000004,29.417910,15.195360,-0.000004
member,49557,0,0,1,0.000047,0.999953,0.999953,0.000580,12.947135,11.037849,-0.000580
member,1319,0,0,1,0.000016,0.999984,0.999984,0.000193,30.108421,11.043451,-0.000193
member,19421,6,6,1,0.046578,0.954491,0.954491,0.230829,12.377934,3.652437,-0.230829
member,14194,0,0,1,0.006920,0.993104,0.993104,0.041194,20.767860,4.969894,-0.041194
member,27211,0,0,1,0.002312,0.997690,0.997690,0.018515,11.861612,6.629387,-0.018515
member,23943,4,4,1,0.000170,0.999830,0.999830,0.001783,18.583916,9.035632,-0.001783
member,30570,1,1,1,-0.000000,1.000000,1.000000,0.000000,40.419334,18.512495,-0.000000
member,24191,1,1,1,0.004189,0.995819,0.995819,0.027112,18.226173,5.474339,-0.027112
member,42795,4,4,1,0.125965,0.881646,0.881646,0.366517,15.561395,2.011779,-0.366517
member,23407,1,1,1,0.006390,0.993630,0.993630,0.042200,16.951725,5.269423,-0.042200
member,756,9,9,1,0.000078,0.999922,0.999922,0.000881,17.578522,10.031428,-0.000881
member,27669,8,8,1,-0.000000,1.000000,1.000000,0.000000,28.586767,19.525578,-0.000000
member,5553,3,3,1,0.000023,0.999977,0.999977,0.000268,19.873072,10.756350,-0.000268
member,33456,8,8,1,0.001910,0.998092,0.998092,0.015088,14.713217,6.682786,-0.015088
member,41063,1,1,1,0.000236,0.999764,0.999764,0.002222,27.504816,8.364885,-0.002222
member,18337,9,9,1,0.000009,0.999991,0.999991,0.000118,15.620242,12.031458,-0.000118
member,5042,4,4,1,0.328797,0.719789,0.719789,0.683268,7.695684,1.025312,-0.683268
member,20135,6,6,1,0.000071,0.999929,0.999929,0.000772,27.260689,9.638638,-0.000772
member,6491,3,3,1,0.006344,0.993676,0.993676,0.042754,12.090074,5.312803,-0.042754
member,18129,6,6,1,-0.000000,1.000000,1.000000,0.000000,31.972256,19.301889,-0.000000
member,30128,6,6,1,0.022330,0.977917,0.977917,0.131426,12.865568,4.624405,-0.131426
member,38903,3,3,1,0.015205,0.984910,0.984910,0.079735,12.656317,4.197854,-0.079735
member,14129,1,1,1,-0.000000,1.000000,1.000000,0.000000,41.855091,22.413157,-0.000000
member,28147,5,5,1,0.003359,0.996647,0.996647,0.024556,19.065090,5.955645,-0.024556
member,6689,5,5,1,0.006266,0.993754,0.993754,0.038209,13.993215,5.076406,-0.038209
member,9693,8,8,1,0.000003,0.999997,0.999997,0.000035,18.103458,12.967084,-0.000035
member,39652,1,1,1,-0.000000,1.000000,1.000000,0.000000,38.415855,19.434092,-0.000000
member,811,8,8,1,-0.000000,1.000000,1.000000,0.000000,31.911928,22.290071,-0.000000
member,28624,9,9,1,0.000056,0.999944,0.999944,0.000600,34.716015,9.798668,-0.000600
member,27745,1,1,1,0.002363,0.997640,0.997640,0.016633,19.089035,6.046778,-0.016633
member,23713,9,9,1,0.000006,0.999994,0.999994,0.000085,23.318981,12.309602,-0.000085
member,13504,8,8,1,0.000000,1.000000,1.000000,0.000002,29.423195,15.932965,-0.000002
member,13797,6,6,1,0.006094,0.993925,0.993925,0.039080,13.539519,5.204031,-0.039080
member,33256,6,6,1,0.003283,0.996722,0.996722,0.023504,15.106811,5.846496,-0.023504
member,9720,3,3,1,0.000097,0.999903,0.999903,0.001045,14.065711,9.429578,-0.001045
member,44136,0,0,1,0.077586,0.925347,0.925347,0.265511,26.145658,2.517323,-0.265511
member,8317,9,9,1,-0.000000,1.000000,1.000000,0.000000,28.122807,20.694138,-0.000000
member,36325,0,0,1,0.000016,0.999984,0.999984,0.000199,23.781919,11.050501,-0.000199
member,48421,5,5,1,0.000283,0.999717,0.999717,0.002602,24.512342,8.172909,-0.002602
member,39927,0,0,1,0.000003,0.999997,0.999997,0.000044,28.663816,12.723821,-0.000044
member,2630,1,1,1,0.021234,0.978990,0.978990,0.103619,10.509726,3.854280,-0.103619
member,18014,4,4,1,0.001149,0.998851,0.998851,0.008925,25.859755,6.767855,-0.008925
member,24531,6,6,1,0.000002,0.999998,0.999998,0.000031,34.693275,13.013214,-0.000031
member,8677,4,4,1,0.009782,0.990265,0.990265,0.066184,10.182761,5.507049,-0.066184
member,1618,5,5,1,0.100749,0.904160,0.904160,0.321203,14.796450,2.254302,-0.321203
member,21723,0,0,1,0.027425,0.972948,0.972948,0.141442,9.974012,3.910875,-0.141442
member,20564,4,4,1,0.032195,0.968317,0.968317,0.152557,16.569635,3.522796,-0.152557
member,16171,7,7,1,-0.000000,1.000000,1.000000,0.000000,32.869106,25.994625,-0.000000
member,8489,8,8,1,-0.000000,1.000000,1.000000,0.000000,33.712490,22.563042,-0.000000
member,16338,1,1,1,0.430476,0.650200,0.650200,0.647916,20.900522,0.620092,-0.647916
member,5455,3,3,1,0.012735,0.987346,0.987346,0.070151,20.535011,4.393770,-0.070151
member,35813,9,9,1,0.000010,0.999990,0.999990,0.000123,25.117182,11.552794,-0.000123
member,48471,9,9,1,0.003108,0.996897,0.996897,0.021267,15.088530,5.787189,-0.021267
member,22750,4,4,1,0.000259,0.999741,0.999741,0.002746,11.739696,9.099065,-0.002746
member,7831,7,7,1,0.000000,1.000000,1.000000,0.000008,20.645683,14.905436,-0.000008
member,16694,2,2,1,0.000912,0.999088,0.999088,0.008051,11.196496,7.228616,-0.008051
member,23467,9,9,1,-0.000000,1.000000,1.000000,0.000000,30.622993,26.871763,-0.000000
member,5627,1,1,1,0.000045,0.999955,0.999955,0.000547,15.626892,10.534788,-0.000547
member,4222,8,8,1,-0.000000,1.000000,1.000000,0.000000,26.579212,19.783052,-0.000000
member,35609,5,5,1,0.011927,0.988144,0.988144,0.064498,17.528124,4.424361,-0.064498
member,21130,5,5,1,0.028321,0.972077,0.972077,0.142437,13.156061,3.747185,-0.142437
member,18856,5,5,1,0.034418,0.966168,0.966168,0.171324,12.716032,3.911347,-0.171324
member,42678,0,0,1,0.145114,0.864924,0.864924,0.396242,25.598694,1.857054,-0.396242
member,10639,8,8,1,0.000574,0.999426,0.999426,0.004948,18.242880,7.497890,-0.004948
member,10613,8,8,1,0.000006,0.999994,0.999994,0.000079,15.929922,12.480886,-0.000079
member,45809,8,8,1,-0.000000,1.000000,1.000000,0.000001,24.000870,16.748159,-0.000001
member,18478,5,5,1,0.042896,0.958011,0.958011,0.207680,13.091750,3.834020,-0.207680
member,5762,2,2,1,0.000082,0.999918,0.999918,0.000902,16.787537,9.723532,-0.000902
member,26689,3,3,1,0.091809,0.912279,0.912279,0.357977,7.267610,2.526426,-0.357977
member,44532,5,5,1,0.008349,0.991686,0.991686,0.048649,20.156769,4.793722,-0.048649
member,45317,1,1,1,-0.000000,1.000000,1.000000,0.000000,27.079149,18.470474,-0.000000
member,44236,8,8,1,0.000399,0.999601,0.999601,0.003694,16.209347,7.991850,-0.003694
member,17596,6,6,1,0.000061,0.999939,0.999939,0.000656,28.809925,9.704567,-0.000656
member,45087,7,7,1,0.000003,0.999997,0.999997,0.000043,20.839317,13.715452,-0.000043
member,40910,0,0,1,0.000020,0.999980,0.999980,0.000236,23.987740,10.824410,-0.000236
member,22038,9,9,1,0.000270,0.999730,0.999730,0.002581,15.615054,8.305225,-0.002581
member,23254,0,0,1,0.000066,0.999934,0.999934,0.000697,28.606131,9.633007,-0.000697
member,45133,4,4,1,0.000109,0.999891,0.999891,0.001140,19.830250,9.223431,-0.001140
member,27771,5,5,1,0.000001,0.999999,0.999999,0.000015,35.016968,13.786802,-0.000015
member,10276,1,1,1,0.000076,0.999924,0.999924,0.000797,23.361641,9.484516,-0.000797
member,10241,2,2,1,0.000000,1.000000,1.000000,0.000005,24.983658,15.380087,-0.000005
member,210,6,6,1,0.000000,1.000000,1.000000,0.000005,24.317928,15.061686,-0.000005
member,28976,5,5,1,0.000444,0.999556,0.999556,0.003930,21.703077,7.745871,-0.003930
member,39435,0,0,1,0.119944,0.886970,0.886970,0.447615,7.576445,2.500682,-0.447615
member,43447,1,1,1,0.000222,0.999778,0.999778,0.002206,25.001886,8.682508,-0.002206
member,43061,1,1,1,0.745004,0.474732,0.474732,0.949399,7.541983,0.043701,-0.949399
member,36050,9,9,1,0.000005,0.999995,0.999995,0.000060,20.766281,12.317455,-0.000060
member,13687,6,6,1,0.000390,0.999610,0.999610,0.003800,14.962702,8.373419,-0.003800
member,26071,5,5,1,0.000798,0.999202,0.999202,0.006490,23.043995,7.132640,-0.006490
member,3022,5,5,1,0.002538,0.997465,0.997465,0.019434,14.318187,6.535362,-0.019434
member,4110,3,3,1,0.015573,0.984547,0.984547,0.093196,13.280578,4.809765,-0.093196
member,19011,0,0,1,0.000123,0.999877,0.999877,0.001267,15.869159,9.068415,-0.001267
member,15838,9,9,1,0.037625,0.963074,0.963074,0.199986,8.788795,3.912572,-0.199986
member,46039,9,9,1,0.000025,0.999975,0.999975,0.000289,25.519526,10.598150,-0.000289
member,6756,8,8,1,0.000064,0.999936,0.999936,0.000740,16.726166,10.378034,-0.000740
member,18806,8,8,1,0.000099,0.999901,0.999901,0.001056,19.126987,9.363371,-0.001056
member,32676,8,8,1,0.000025,0.999975,0.999975,0.000305,22.704435,10.917692,-0.000305
member,42726,1,1,1,-0.000000,1.000000,1.000000,0.000000,51.691616,23.366409,-0.000000
member,11065,7,7,1,0.005629,0.994387,0.994387,0.034690,24.127846,5.176960,-0.034690
member,17179,4,4,1,0.004393,0.995617,0.995617,0.028602,13.899618,5.441721,-0.028602
member,27737,2,2,1,0.000001,0.999999,0.999999,0.000009,21.209591,14.503025,-0.000009
member,24456,8,8,1,-0.000000,1.000000,1.000000,0.000000,38.980038,28.959400,-0.000000
member,36004,0,0,1,0.000013,0.999987,0.999987,0.000167,16.627344,11.506098,-0.000167
member,36082,5,5,1,0.000429,0.999571,0.999571,0.004056,15.941710,8.348903,-0.004056
member,41990,2,2,1,0.000115,0.999885,0.999885,0.001175,14.457529,9.094822,-0.001175
member,14411,6,6,1,0.029017,0.971400,0.971400,0.140249,16.762621,3.651409,-0.140249
member,8530,2,2,1,0.000209,0.999791,0.999791,0.002018,16.650097,8.523334,-0.002018
member,33306,5,5,1,0.000023,0.999977,0.999977,0.000269,21.322395,10.679313,-0.000269
member,23783,9,9,1,-0.000000,1.000000,1.000000,0.000000,24.702072,21.597744,-0.000000
member,14337,5,5,1,0.003352,0.996654,0.996654,0.022439,21.689724,5.697456,-0.022439
member,22954,8,8,1,-0.000000,1.000000,1.000000,0.000000,29.249083,18.177456,-0.000000
member,36823,6,6,1,-0.000000,1.000000,1.000000,0.000000,28.165003,18.602314,-0.000000
member,11450,5,5,1,0.000047,0.999953,0.999953,0.000575,15.589292,10.550428,-0.000575
member,7258,2,2,1,-0.000000,1.000000,1.000000,0.000000,27.877434,19.110010,-0.000000
member,42764,9,9,1,0.000012,0.999988,0.999988,0.000147,20.892759,11.539774,-0.000147
member,49141,7,7,1,0.015421,0.984697,0.984697,0.084333,16.726410,4.263525,-0.084333
member,18603,0,0,1,0.000000,1.000000,1.000000,0.000008,29.680668,14.515544,-0.000008
member,3031,5,5,1,0.005001,0.995012,0.995012,0.031422,16.201000,5.295671,-0.031422
member,46317,6,6,1,0.000004,0.999996,0.999996,0.000059,22.359934,12.340361,-0.000059
member,7229,5,5,1,0.000001,0.999999,0.999999,0.000020,23.122036,13.908524,-0.000020
member,116,0,0,1,0.000031,0.999969,0.999969,0.000386,15.501612,11.067577,-0.000386
member,9246,6,6,1,0.000003,0.999997,0.999997,0.000036,23.775221,13.077509,-0.000036
member,19475,4,4,1,0.006861,0.993162,0.993162,0.040955,20.547953,4.979324,-0.040955
member,18809,6,6,1,-0.000000,1.000000,1.000000,0.000001,24.459967,17.154747,-0.000001
member,24556,6,6,1,0.000151,0.999849,0.999849,0.001568,18.951288,8.996596,-0.001568
member,3795,3,3,1,0.000002,0.999998,0.999998,0.000029,16.810471,13.885996,-0.000029
member,46265,3,3,1,0.504388,0.603875,0.603875,0.671411,19.975906,0.421638,-0.671411
member,47402,0,0,1,0.000000,1.000000,1.000000,0.000002,22.230522,16.120356,-0.000002
member,12414,0,0,1,0.025756,0.974573,0.974573,0.118559,19.474400,3.646606,-0.118559
member,5879,6,6,1,0.001472,0.998529,0.998529,0.011440,12.172019,6.579407,-0.011440
member,13396,3,3,1,0.008070,0.991963,0.991963,0.046905,14.313973,4.817600,-0.046905
member,30392,9,9,1,0.000001,0.999999,0.999999,0.000012,20.628675,14.138704,-0.000012
member,38491,1,1,1,-0.000000,1.000000,1.000000,0.000000,35.894768,21.282408,-0.000000
member,6802,2,2,1,0.001351,0.998650,0.998650,0.010287,17.749352,6.607164,-0.010287
member,25304,7,7,1,0.001564,0.998438,0.998438,0.012825,12.556113,6.951138,-0.012825
member,34697,1,1,1,-0.000000,1.000000,1.000000,0.000000,42.672951,21.555532,-0.000000
member,8586,5,5,1,0.021486,0.978743,0.978743,0.106932,17.122900,3.877739,-0.106932
member,45078,6,6,1,0.000083,0.999917,0.999917,0.000867,22.632143,9.409457,-0.000867
member,48407,4,4,1,0.007347,0.992680,0.992680,0.043878,25.594130,4.923283,-0.043878
member,5625,4,4,1,0.000084,0.999916,0.999916,0.000873,20.980728,9.396404,-0.000873
member,10342,9,9,1,0.000008,0.999992,0.999992,0.000104,19.078074,12.426123,-0.000104
member,15695,2,2,1,0.143360,0.866442,0.866442,0.395662,21.006687,1.872650,-0.395662
member,17258,9,9,1,-0.000000,1.000000,1.000000,0.000000,29.893944,21.096046,-0.000000
member,34824,4,4,1,0.001407,0.998594,0.998594,0.010656,16.292004,6.567157,-0.010656
member,39719,0,0,1,0.001190,0.998811,0.998811,0.009198,23.838560,6.733202,-0.009198
member,47284,3,3,1,0.061719,0.940147,0.940147,0.250774,9.937572,2.848445,-0.250774
member,35249,8,8,1,0.000029,0.999971,0.999971,0.000333,21.680288,10.469498,-0.000333
member,5920,5,5,1,0.050074,0.951159,0.951159,0.212781,20.370529,3.092999,-0.212781
member,14625,6,6,1,0.000020,0.999980,0.999980,0.000236,24.236431,10.872540,-0.000236
member,16113,0,0,1,0.000748,0.999252,0.999252,0.006133,38.346012,7.197077,-0.006133
member,7266,5,5,1,0.000982,0.999018,0.999018,0.008475,16.536417,7.195258,-0.008475
member,36754,9,9,1,0.007535,0.992493,0.992493,0.051408,9.162277,5.252105,-0.051408
member,14982,8,8,1,0.000000,1.000000,1.000000,0.000006,23.858585,14.801245,-0.000006
member,75,1,1,1,0.005004,0.995008,0.995008,0.031446,22.564072,5.295137,-0.031446
member,35250,4,4,1,0.000392,0.999608,0.999608,0.003537,15.505004,7.885198,-0.003537
member,26830,4,4,1,0.000001,0.999999,0.999999,0.000009,26.663422,14.623157,-0.000009
member,44839,7,7,1,0.000072,0.999928,0.999928,0.000764,21.357559,9.533131,-0.000764
member,1124,3,3,1,0.000468,0.999532,0.999532,0.004097,15.371055,7.683829,-0.004097
member,25981,5,5,1,0.013813,0.986282,0.986282,0.073299,17.250795,4.284470,-0.073299
member,42314,4,4,1,0.000295,0.999705,0.999705,0.002954,16.566742,8.545623,-0.002954
member,16454,9,9,1,0.000005,0.999995,0.999995,0.000061,23.845276,12.341142,-0.000061
member,45755,9,9,1,-0.000000,1.000000,1.000000,0.000000,25.936449,17.974173,-0.000000
member,6427,2,2,1,0.000022,0.999978,0.999978,0.000257,20.553667,10.743192,-0.000257
member,27934,0,0,1,0.003006,0.996999,0.996999,0.020754,15.159790,5.827242,-0.020754
member,30843,9,9,1,0.000000,1.000000,1.000000,0.000001,32.167732,16.374338,-0.000001
member,30081,2,2,1,0.000103,0.999897,0.999897,0.001052,19.407084,9.178901,-0.001052
member,15006,5,5,1,0.047784,0.953340,0.953340,0.193610,11.309698,3.039611,-0.193610
member,34082,4,4,1,0.000009,0.999991,0.999991,0.000116,26.371294,11.596015,-0.000116
member,40402,8,8,1,-0.000000,1.000000,1.000000,0.000000,38.577011,25.201576,-0.000000
member,47394,3,3,1,0.110553,0.895339,0.895339,0.392070,11.239092,2.386313,-0.392070
member,28703,0,0,1,0.000010,0.999990,0.999990,0.000127,22.521696,11.512042,-0.000127
member,35848,6,6,1,0.001321,0.998680,0.998680,0.011108,17.385355,6.977949,-0.011108
member,47720,5,5,1,0.001040,0.998960,0.998960,0.008193,20.684689,6.869336,-0.008193
member,29395,3,3,1,0.001133,0.998868,0.998868,0.009521,17.323399,7.126186,-0.009521
member,14579,5,5,1,0.000063,0.999937,0.999937,0.000673,18.552080,9.689642,-0.000673
member,17900,2,2,1,0.611036,0.542788,0.542788,0.749516,13.635561,0.201012,-0.749516
member,194,2,2,1,-0.000000,1.000000,1.000000,0.000001,25.949015,17.255718,-0.000001
member,48182,1,1,1,0.000051,0.999949,0.999949,0.000551,26.549644,9.891872,-0.000551
member,30799,4,4,1,0.000009,0.999991,0.999991,0.000114,19.609074,11.715442,-0.000114
member,19219,8,8,1,0.000003,0.999997,0.999997,0.000045,17.188713,12.751497,-0.000045
member,46098,7,7,1,-0.000000,1.000000,1.000000,0.000000,43.485588,20.706993,-0.000000
member,2813,7,7,1,0.000005,0.999995,0.999995,0.000063,21.241093,12.384128,-0.000063
member,20370,8,8,1,0.008049,0.991984,0.991984,0.047024,16.302958,4.825627,-0.047024
member,6537,6,6,1,-0.000000,1.000000,1.000000,0.000000,39.887165,23.656647,-0.000000
member,2664,9,9,1,-0.000000,1.000000,1.000000,0.000000,37.851234,30.977161,-0.000000
member,22856,9,9,1,-0.000000,1.000000,1.000000,0.000000,47.558975,29.993250,-0.000000
member,11617,3,3,1,0.000190,0.999810,0.999810,0.001828,16.850685,8.568798,-0.001828
member,2952,8,8,1,-0.000000,1.000000,1.000000,0.000000,28.558781,21.312710,-0.000000
member,45701,4,4,1,0.029856,0.970585,0.970585,0.132708,20.180460,3.496410,-0.132708
member,12058,2,2,1,0.000004,0.999996,0.999996,0.000061,20.780912,12.859142,-0.000061
member,29338,0,0,1,0.139019,0.870212,0.870212,0.386246,16.277227,1.903038,-0.386246
member,45490,7,7,1,0.000003,0.999997,0.999997,0.000040,18.496447,13.737988,-0.000040
member,26378,4,4,1,0.128010,0.879844,0.879844,0.367328,17.184282,1.991024,-0.367328
member,27861,8,8,1,0.000044,0.999956,0.999956,0.000488,20.850904,10.026940,-0.000488
member,10533,9,9,1,-0.000000,1.000000,1.000000,0.000000,45.486073,31.277096,-0.000000
member,15458,6,6,1,0.002304,0.997699,0.997699,0.016391,20.854172,6.080559,-0.016391
member,49676,1,1,1,0.000404,0.999596,0.999596,0.003565,26.773424,7.813356,-0.003565
member,45504,5,5,1,0.006014,0.994004,0.994004,0.039387,15.270047,5.287700,-0.039387
member,43501,6,6,1,0.001246,0.998755,0.998755,0.009594,17.646381,6.690056,-0.009594
member,34623,3,3,1,0.032101,0.968409,0.968409,0.163806,12.281111,3.711080,-0.163806
member,5504,5,5,1,0.000443,0.999557,0.999557,0.003884,17.327202,7.726737,-0.003884
member,16256,1,1,1,0.000474,0.999526,0.999526,0.004343,13.875861,7.797129,-0.004343
member,9237,6,6,1,0.044258,0.956707,0.956707,0.188772,13.743292,3.162244,-0.188772
member,45502,3,3,1,0.000877,0.999124,0.999124,0.007048,21.930479,7.039383,-0.007048
member,7950,6,6,1,0.015538,0.984582,0.984582,0.085627,15.913654,4.296902,-0.085627
member,13683,6,6,1,-0.000000,1.000000,1.000000,0.000001,22.895576,16.917305,-0.000001
member,15632,1,1,1,0.000849,0.999152,0.999152,0.006948,19.913982,7.095403,-0.006948
member,26306,8,8,1,0.082489,0.920822,0.920822,0.277024,18.940859,2.453943,-0.277024
member,22071,3,3,1,0.004997,0.995015,0.995015,0.031702,22.916279,5.307526,-0.031702
member,36752,2,2,1,0.000074,0.999926,0.999926,0.000778,26.916536,9.510962,-0.000778
member,48320,8,8,1,0.000076,0.999924,0.999924,0.000808,23.032698,9.545883,-0.000808
member,29278,4,4,1,0.000000,1.000000,1.000000,0.000006,25.366982,15.075700,-0.000006
member,1631,1,1,1,0.000001,0.999999,0.999999,0.000021,40.219261,13.430128,-0.000021
member,6108,3,3,1,0.037916,0.962794,0.962794,0.163454,13.327255,3.276533,-0.163454
member,24339,5,5,1,0.000084,0.999916,0.999916,0.000898,18.576015,9.454410,-0.000898
member,15814,1,1,1,0.000004,0.999996,0.999996,0.000057,33.075214,12.379789,-0.000057
member,24383,0,0,1,0.000313,0.999687,0.999687,0.002883,15.712493,8.094154,-0.002883
member,26607,0,0,1,0.000003,0.999997,0.999997,0.000044,33.631504,12.643063,-0.000044
member,839,5,5,1,0.000005,0.999995,0.999995,0.000066,22.802832,12.207245,-0.000066
member,11475,0,0,1,0.000001,0.999999,0.999999,0.000018,29.063286,13.586851,-0.000018
member,20626,3,3,1,0.002659,0.997345,0.997345,0.018716,17.730438,5.948603,-0.018716
member,8279,4,4,1,0.000256,0.999744,0.999744,0.002625,15.630240,8.757223,-0.002625
member,30633,8,8,1,0.000306,0.999694,0.999694,0.003113,13.622432,9.034102,-0.003113
member,49340,0,0,1,0.000009,0.999991,0.999991,0.000123,20.823719,11.691722,-0.000123
member,42844,0,0,1,0.001266,0.998735,0.998735,0.011349,11.711939,7.501606,-0.011349
member,31544,3,3,1,0.000165,0.999835,0.999835,0.001702,16.810165,8.989241,-0.001702
member,29500,8,8,1,0.000002,0.999998,0.999998,0.000023,25.051348,13.916736,-0.000023
member,47762,8,8,1,0.009663,0.990384,0.990384,0.062453,11.381470,5.006899,-0.062453
member,8875,1,1,1,0.001987,0.998015,0.998015,0.014402,14.310857,6.225374,-0.014402
member,43097,4,4,1,0.000023,0.999977,0.999977,0.000289,16.470373,11.426580,-0.000289
member,30914,0,0,1,0.000049,0.999951,0.999951,0.000540,36.966503,9.913845,-0.000540
member,5685,1,1,1,0.001142,0.998858,0.998858,0.008876,42.362499,6.774174,-0.008876
member,5733,3,3,1,0.000003,0.999997,0.999997,0.000037,17.959558,13.052906,-0.000037
member,30292,6,6,1,0.038886,0.961860,0.961860,0.167375,15.760469,3.255647,-0.167375
member,11300,7,7,1,0.000502,0.999498,0.999498,0.004391,23.879787,7.627195,-0.004391
member,5598,3,3,1,0.000175,0.999825,0.999825,0.001692,24.100010,8.648252,-0.001692
member,2517,6,6,1,0.000349,0.999651,0.999651,0.003139,19.621555,7.967878,-0.003139
member,25779,4,4,1,0.020207,0.979996,0.979996,0.101862,11.406336,3.928382,-0.101862
member,19825,5,5,1,0.005661,0.994355,0.994355,0.035321,17.289360,5.185565,-0.035321
member,35669,3,3,1,0.000973,0.999027,0.999027,0.008526,15.169458,7.312536,-0.008526
member,47048,0,0,1,0.000451,0.999549,0.999549,0.004013,15.807920,7.748136,-0.004013
member,18331,1,1,1,0.000015,0.999985,0.999985,0.000184,24.565334,11.223933,-0.000184
member,1846,3,3,1,0.001233,0.998767,0.998767,0.010105,15.212108,6.907901,-0.010105
member,18502,4,4,1,0.001836,0.998166,0.998166,0.015325,16.663710,7.176937,-0.015325
member,20217,0,0,1,0.000018,0.999982,0.999982,0.000234,15.674773,11.647529,-0.000234
member,40292,8,8,1,-0.000000,1.000000,1.000000,0.000001,36.924343,16.745045,-0.000001
member,34983,8,8,1,0.000100,0.999900,0.999900,0.001025,15.134886,9.222597,-0.001025
member,27970,1,1,1,0.000301,0.999699,0.999699,0.002849,17.613214,8.218314,-0.002849
member,28359,9,9,1,0.000000,1.000000,1.000000,0.000008,26.622080,14.509254,-0.000008
member,17901,1,9,0,1.273469,0.279859,0.720104,0.593226,15.143925,-0.945108,0.593226
member,27087,6,6,1,0.000348,0.999652,0.999652,0.003119,22.001871,7.963515,-0.003119
member,12440,3,3,1,0.000044,0.999956,0.999956,0.000494,25.939722,10.070708,-0.000494
member,12594,1,1,1,0.000034,0.999966,0.999966,0.000415,17.101196,10.844121,-0.000415
member,3197,0,0,1,0.000021,0.999979,0.999979,0.000274,15.613045,11.161835,-0.000274
member,2865,3,3,1,0.003181,0.996824,0.996824,0.022386,12.005519,5.809840,-0.022386
member,23311,1,1,1,0.001690,0.998312,0.998312,0.012465,30.237913,6.382366,-0.012465
member,19741,0,0,1,0.000027,0.999973,0.999973,0.000340,16.409807,11.038582,-0.000340
member,9452,4,4,1,0.017349,0.982800,0.982800,0.092390,11.793353,4.136915,-0.092390
member,34236,3,3,1,0.001064,0.998936,0.998936,0.008356,16.761147,6.845808,-0.008356
member,1736,1,1,1,0.000001,0.999999,0.999999,0.000010,24.270292,14.205779,-0.000010
member,45115,8,8,1,0.108391,0.897277,0.897277,0.331290,14.813033,2.167584,-0.331290
member,28334,4,4,1,0.007361,0.992666,0.992666,0.047646,13.303131,5.172858,-0.047646
member,11757,4,4,1,0.000008,0.999992,0.999992,0.000105,21.137814,11.747106,-0.000105
member,34580,2,2,1,0.000000,1.000000,1.000000,0.000004,21.606791,15.527158,-0.000004
member,7029,8,8,1,0.000800,0.999200,0.999200,0.006711,16.555117,7.204225,-0.006711
member,23578,1,1,1,0.000039,0.999961,0.999961,0.000492,16.295750,11.242181,-0.000492
member,10859,9,9,1,0.000000,1.000000,1.000000,0.000007,29.070692,14.688015,-0.000007
member,38468,7,7,1,0.000034,0.999966,0.999966,0.000395,19.046974,10.470268,-0.000395
member,16372,2,2,1,0.004767,0.995244,0.995244,0.031611,14.979839,5.432689,-0.031611
member,14054,8,8,1,-0.000000,1.000000,1.000000,0.000001,26.065027,17.097267,-0.000001
member,38564,5,5,1,0.000113,0.999887,0.999887,0.001137,23.021313,9.090945,-0.001137
member,34913,1,1,1,0.005469,0.994546,0.994546,0.033871,22.887835,5.206165,-0.033871
member,49084,1,1,1,0.000018,0.999982,0.999982,0.000222,22.391390,11.038556,-0.000222
member,1930,7,7,1,-0.000000,1.000000,1.000000,0.000000,51.372356,23.476007,-0.000000
member,46498,8,8,1,0.005016,0.994996,0.994996,0.034329,12.383301,5.472918,-0.034329
member,1126,6,6,1,0.000026,0.999974,0.999974,0.000307,24.391708,10.542311,-0.000307
member,14233,7,7,1,0.000633,0.999367,0.999367,0.005529,17.024881,7.480082,-0.005529
member,44700,5,5,1,0.000078,0.999922,0.999922,0.000876,15.489676,10.031857,-0.000876
member,30321,0,0,1,0.009568,0.990478,0.990478,0.053927,16.276499,4.646409,-0.053927
member,42697,1,1,1,0.000013,0.999987,0.999987,0.000160,31.151316,11.292456,-0.000160
member,7479,9,9,1,-0.000000,1.000000,1.000000,0.000000,47.443356,31.415651,-0.000000
member,29036,7,7,1,0.000878,0.999122,0.999122,0.007525,13.142964,7.187250,-0.007525
member,12589,2,2,1,0.009545,0.990501,0.990501,0.067985,8.216866,5.623062,-0.067985
member,44510,2,2,1,0.000010,0.999990,0.999990,0.000132,17.059544,11.669355,-0.000132
member,13588,9,9,1,0.002265,0.997738,0.997738,0.016926,18.080135,6.231845,-0.016926
member,17306,5,5,1,0.000444,0.999556,0.999556,0.004084,19.845654,7.874228,-0.004084
member,2888,6,6,1,0.000012,0.999988,0.999988,0.000155,21.464056,11.994513,-0.000155
member,46393,5,5,1,-0.000000,1.000000,1.000000,0.000000,27.453712,18.115841,-0.000000
member,22034,0,0,1,0.000004,0.999996,0.999996,0.000055,24.003233,12.495607,-0.000055
member,20137,4,4,1,0.000025,0.999975,0.999975,0.000316,15.587393,11.465853,-0.000316
member,36454,5,5,1,0.125440,0.882109,0.882109,0.397813,17.512829,2.104050,-0.397813
member,8877,6,6,1,0.000025,0.999975,0.999975,0.000294,24.032915,10.644468,-0.000294
member,30442,4,4,1,0.000054,0.999946,0.999946,0.000603,16.055470,9.882292,-0.000603
member,29915,8,8,1,-0.000000,1.000000,1.000000,0.000000,45.443916,28.468355,-0.000000
member,48715,5,5,1,0.000374,0.999626,0.999626,0.003324,27.681288,7.891327,-0.003324
member,36947,6,6,1,-0.000000,1.000000,1.000000,0.000000,38.033405,28.805359,-0.000000
member,8668,8,8,1,0.000001,0.999999,0.999999,0.000009,21.145269,14.471930,-0.000009
member,31394,2,2,1,0.000596,0.999405,0.999405,0.005214,15.872536,7.513326,-0.005214
member,41419,9,9,1,0.020111,0.980090,0.980090,0.097927,21.981268,3.898020,-0.097927
member,10240,2,2,1,0.019480,0.980709,0.980709,0.109774,8.866116,4.428353,-0.109774
member,7596,2,2,1,0.000052,0.999948,0.999948,0.000574,23.010614,9.878901,-0.000574
member,43330,5,5,1,0.004944,0.995068,0.995068,0.031213,17.125534,5.309720,-0.031213
member,8870,8,8,1,-0.000000,1.000000,1.000000,0.000000,38.392635,29.191072,-0.000000
member,7800,7,7,1,-0.000000,1.000000,1.000000,0.000000,42.832905,22.187698,-0.000000
member,20999,8,8,1,0.000981,0.999020,0.999020,0.008192,14.134380,7.090132,-0.008192
member,13035,2,2,1,0.000026,0.999974,0.999974,0.000298,23.170090,10.567803,-0.000298
member,19849,7,7,1,0.000020,0.999980,0.999980,0.000241,23.929665,10.800233,-0.000241
member,5200,7,7,1,0.002471,0.997532,0.997532,0.017375,20.139959,6.007958,-0.017375
member,38426,9,9,1,0.000001,0.999999,0.999999,0.000017,21.630262,14.050154,-0.000017
member,45463,9,9,1,0.000008,0.999992,0.999992,0.000105,27.481730,11.707995,-0.000105
member,33669,4,4,1,0.000002,0.999998,0.999998,0.000026,22.559896,13.261367,-0.000026
member,40488,2,2,1,0.004625,0.995386,0.995386,0.031162,10.974110,5.485898,-0.031162
member,13160,9,9,1,0.004652,0.995359,0.995359,0.029601,16.522667,5.368882,-0.029601
member,5662,9,9,1,0.000063,0.999937,0.999937,0.000703,14.884396,9.786490,-0.000703
member,44310,8,8,1,0.000303,0.999697,0.999697,0.002780,24.738716,8.114017,-0.002780
member,34267,4,4,1,0.000321,0.999679,0.999679,0.003198,15.383804,8.691061,-0.003198
member,7955,7,7,1,0.006267,0.993753,0.993753,0.038275,19.216143,5.078927,-0.038275
member,12968,4,4,1,0.000186,0.999814,0.999814,0.001796,16.948935,8.595786,-0.001796
member,49696,8,8,1,0.000052,0.999948,0.999948,0.000609,16.317995,10.429746,-0.000609
member,42655,1,1,1,0.000007,0.999993,0.999993,0.000094,27.405949,11.821159,-0.000094
member,30691,8,8,1,0.000000,1.000000,1.000000,0.000004,32.705151,15.264620,-0.000004
member,61,1,1,1,0.000000,1.000000,1.000000,0.000001,30.813433,16.375929,-0.000001
member,33594,6,6,1,0.000057,0.999943,0.999943,0.000678,17.839516,10.654175,-0.000678
member,12909,7,7,1,0.007936,0.992095,0.992095,0.046999,11.818001,4.852296,-0.046999
member,27717,9,9,1,0.000000,1.000000,1.000000,0.000001,20.316162,16.467573,-0.000001
member,10827,9,9,1,0.000000,1.000000,1.000000,0.000004,37.506390,15.329166,-0.000004
member,26231,6,6,1,0.000000,1.000000,1.000000,0.000001,29.664907,16.412704,-0.000001
member,7779,5,5,1,0.000055,0.999945,0.999945,0.000604,19.030626,9.831700,-0.000604
member,40065,4,4,1,0.010566,0.989489,0.989489,0.062802,9.995845,4.665658,-0.062802
member,10202,0,0,1,0.010869,0.989190,0.989190,0.060700,15.686238,4.534743,-0.060700
member,1808,7,7,1,0.000000,1.000000,1.000000,0.000001,36.849396,16.430786,-0.000001
member,37577,4,4,1,0.000122,0.999878,0.999878,0.001331,20.278801,9.489038,-0.001331
member,42763,8,8,1,-0.000000,1.000000,1.000000,0.000000,46.533833,42.803429,-0.000000
member,22281,2,2,1,0.000006,0.999994,0.999994,0.000087,17.247896,12.151923,-0.000087
member,31942,6,6,1,0.001834,0.998168,0.998168,0.016566,8.563055,7.370032,-0.016566
member,41614,9,9,1,-0.000000,1.000000,1.000000,0.000000,26.776136,18.327820,-0.000000
member,10424,5,5,1,-0.000000,1.000000,1.000000,0.000000,29.741322,21.122585,-0.000000
member,13614,8,8,1,0.000013,0.999987,0.999987,0.000174,20.584736,11.813592,-0.000174
member,27269,5,5,1,0.000178,0.999822,0.999822,0.001717,27.769178,8.631962,-0.001717
member,8420,3,3,1,0.039933,0.960853,0.960853,0.194903,11.554870,3.498996,-0.194903
member,33890,2,2,1,0.001080,0.998920,0.998920,0.009444,10.556049,7.260987,-0.009444
member,32671,8,8,1,0.000010,0.999990,0.999990,0.000142,20.234316,12.338368,-0.000142
member,10632,5,5,1,0.001621,0.998380,0.998380,0.013731,13.008851,6.987000,-0.013731
member,30902,1,1,1,0.000001,0.999999,0.999999,0.000016,50.207386,13.741119,-0.000016
member,3489,9,9,1,0.000002,0.999998,0.999998,0.000035,19.509848,13.339874,-0.000035
member,45940,2,2,1,0.000007,0.999993,0.999993,0.000094,18.920059,12.065985,-0.000094
member,13958,8,8,1,0.000343,0.999657,0.999657,0.003148,15.194247,8.020803,-0.003148
member,12203,6,6,1,0.000239,0.999761,0.999761,0.002372,15.081710,8.566519,-0.002372
member,28964,3,3,1,0.007501,0.992527,0.992527,0.045925,18.282707,4.947131,-0.045925
member,25286,4,4,1,0.000224,0.999776,0.999776,0.002148,16.372313,8.439240,-0.002148
member,9186,7,7,1,0.000862,0.999138,0.999138,0.007551,19.684557,7.429198,-0.007551
member,17150,4,4,1,0.000095,0.999905,0.999905,0.000996,16.272194,9.332975,-0.000996
member,43189,5,5,1,0.002613,0.997390,0.997390,0.018995,22.739489,6.053026,-0.018995
member,15650,6,6,1,0.005852,0.994165,0.994165,0.039926,9.659827,5.396377,-0.039926
member,6658,3,3,1,0.015429,0.984689,0.984689,0.086517,12.606707,4.305234,-0.086517
member,28374,6,6,1,-0.000000,1.000000,1.000000,0.000000,42.950504,20.553825,-0.000000
member,23879,4,4,1,0.000014,0.999986,0.999986,0.000169,16.893269,11.226016,-0.000169
member,45458,3,3,1,0.005104,0.994909,0.994909,0.035212,13.549481,5.652882,-0.035212
member,35087,6,6,1,0.017049,0.983095,0.983095,0.096003,12.146236,4.313256,-0.096003
member,41987,4,4,1,0.000006,0.999994,0.999994,0.000075,24.751707,12.112761,-0.000075
member,32266,9,9,1,0.000008,0.999992,0.999992,0.000106,19.282059,12.042362,-0.000106
member,42973,9,9,1,0.000006,0.999994,0.999994,0.000083,18.616318,11.965785,-0.000083
member,1572,9,9,1,0.000002,0.999998,0.999998,0.000025,24.336161,13.272269,-0.000025
member,32569,6,6,1,0.121030,0.886007,0.886007,0.359820,13.334583,2.057935,-0.359820
member,35279,0,0,1,0.011872,0.988198,0.988198,0.069217,11.297895,4.539944,-0.069217
member,46451,2,2,1,0.000010,0.999990,0.999990,0.000123,17.311176,11.670442,-0.000123
member,16124,6,6,1,0.000246,0.999754,0.999754,0.002289,28.950914,8.310358,-0.002289
member,13431,2,2,1,0.003697,0.996310,0.996310,0.026910,19.452990,6.254123,-0.026910
member,6179,6,6,1,0.000039,0.999961,0.999961,0.000440,25.142534,10.224321,-0.000440
member,32679,1,1,1,0.000336,0.999664,0.999664,0.003023,28.362976,7.998371,-0.003023
member,939,4,4,1,0.000116,0.999884,0.999884,0.001163,19.422749,9.067199,-0.001163
member,29188,1,1,1,0.000001,0.999999,0.999999,0.000017,18.516369,13.932941,-0.000017
member,34755,5,5,1,0.000051,0.999949,0.999949,0.000568,14.863919,9.912245,-0.000568
member,49311,6,6,1,0.007247,0.992780,0.992780,0.046751,13.036574,5.096619,-0.046751
member,8825,1,1,1,0.000001,0.999999,0.999999,0.000014,27.760324,14.529035,-0.000014
member,31072,1,1,1,-0.000000,1.000000,1.000000,0.000000,57.818722,23.293118,-0.000000
member,35210,8,8,1,-0.000000,1.000000,1.000000,0.000001,26.829000,17.257059,-0.000001
member,15255,0,0,1,0.000006,0.999994,0.999994,0.000086,20.159575,12.703400,-0.000086
member,42004,8,8,1,0.000000,1.000000,1.000000,0.000001,27.945768,16.708611,-0.000001
member,22853,5,5,1,0.215210,0.806372,0.806372,0.620983,12.896685,1.883880,-0.620983
member,46718,1,1,1,0.001946,0.998056,0.998056,0.014081,39.215839,6.240841,-0.014081
member,3460,4,4,1,0.000831,0.999169,0.999169,0.007266,20.201239,7.502339,-0.007266
member,49939,7,7,1,0.000038,0.999962,0.999962,0.000458,15.562739,10.476540,-0.000458
member,6832,6,6,1,0.000005,0.999995,0.999995,0.000066,21.138453,12.251795,-0.000066
member,33010,9,9,1,0.000000,1.000000,1.000000,0.000004,36.517189,15.539007,-0.000004
member,11306,8,8,1,0.000000,1.000000,1.000000,0.000004,18.116919,16.185802,-0.000004
member,48619,6,6,1,0.007049,0.992976,0.992976,0.042151,15.532313,4.958061,-0.042151
member,36073,5,5,1,0.003639,0.996368,0.996368,0.025198,16.867727,5.714645,-0.025198
member,28455,7,7,1,0.000073,0.999927,0.999927,0.000804,14.243059,9.647032,-0.000804
member,27963,3,3,1,0.000027,0.999973,0.999973,0.000311,22.672375,10.520321,-0.000311
member,34854,5,5,1,0.043275,0.957648,0.957648,0.182816,11.502705,3.151285,-0.182816
member,35412,6,6,1,0.002190,0.997813,0.997813,0.016459,13.135577,6.230424,-0.016459
member,27700,1,1,1,0.000050,0.999950,0.999950,0.000547,28.350971,9.904099,-0.000547
member,38261,1,1,1,0.000005,0.999995,0.999995,0.000070,17.973185,12.872296,-0.000070
member,41279,1,1,1,0.000045,0.999955,0.999955,0.000494,25.075642,10.011770,-0.000494
member,49225,1,1,1,0.000001,0.999999,0.999999,0.000013,39.114944,14.515221,-0.000013
member,3021,5,5,1,0.139100,0.870141,0.870141,0.422870,19.167351,1.987444,-0.422870
member,3220,3,3,1,0.118098,0.888609,0.888609,0.356248,15.815305,2.087764,-0.356248
member,17937,4,4,1,0.000001,0.999999,0.999999,0.000011,26.005383,14.465552,-0.000011
member,23712,5,5,1,0.002372,0.997631,0.997631,0.017614,18.808443,6.172467,-0.017614
member,150,3,3,1,0.000187,0.999813,0.999813,0.001816,17.625645,8.609633,-0.001816
member,12613,9,9,1,0.000000,1.000000,1.000000,0.000003,38.254749,15.405720,-0.000003
member,18554,6,6,1,0.002022,0.997980,0.997980,0.015796,15.842626,6.560617,-0.015796
member,35927,0,0,1,0.000013,0.999987,0.999987,0.000163,25.214081,11.225420,-0.000163
member,31350,7,7,1,0.000012,0.999988,0.999988,0.000154,26.289955,11.375061,-0.000154
member,46958,3,3,1,0.000411,0.999589,0.999589,0.003636,24.019043,7.802834,-0.003636
member,42916,1,1,1,0.000141,0.999859,0.999859,0.001392,31.100681,8.869320,-0.001392
member,4678,6,6,1,-0.000000,1.000000,1.000000,0.000000,39.022526,24.970352,-0.000000
member,31150,3,3,1,0.000000,1.000000,1.000000,0.000002,22.189035,16.543541,-0.000002
member,48472,2,2,1,0.000057,0.999943,0.999943,0.000626,22.431625,9.803570,-0.000626
member,9731,4,4,1,-0.000000,1.000000,1.000000,0.000000,29.526279,23.567083,-0.000000
member,36352,7,7,1,-0.000000,1.000000,1.000000,0.000000,40.088413,30.168217,-0.000000
member,42834,1,1,1,0.000977,0.999023,0.999023,0.008371,12.230129,7.174440,-0.008371
member,26348,9,9,1,-0.000000,1.000000,1.000000,0.000000,44.478718,33.489155,-0.000000
member,29573,6,6,1,0.013738,0.986356,0.986356,0.079986,11.860709,4.455769,-0.079986
member,45329,1,1,1,0.000002,0.999998,0.999998,0.000027,38.134369,13.163605,-0.000027
member,3929,9,9,1,0.003048,0.996957,0.996957,0.022843,14.029437,6.471047,-0.022843
member,18455,4,4,1,0.000754,0.999246,0.999246,0.007116,17.772116,8.238538,-0.007116
member,19451,6,6,1,0.001082,0.998919,0.998919,0.008896,12.180190,6.922785,-0.008896
member,3298,9,9,1,0.000004,0.999996,0.999996,0.000053,18.678810,12.437527,-0.000053
member,40426,7,7,1,0.000140,0.999860,0.999860,0.001453,15.249183,9.037115,-0.001453
member,43438,3,3,1,0.006809,0.993214,0.993214,0.045153,10.963369,5.208103,-0.045153
member,1489,7,7,1,0.032506,0.968017,0.968017,0.155215,12.996289,3.552691,-0.155215
member,34590,3,3,1,0.096968,0.907585,0.907585,0.372441,6.221343,2.483248,-0.372441
member,28459,9,9,1,-0.000000,1.000000,1.000000,0.000000,28.205393,20.228420,-0.000000
member,31611,5,5,1,0.000684,0.999317,0.999317,0.006025,15.075396,7.488494,-0.006025
member,46538,8,8,1,0.000692,0.999308,0.999308,0.005733,30.034468,7.275558,-0.005733
member,21750,2,2,1,0.000982,0.999018,0.999018,0.009325,9.797409,7.934678,-0.009325
member,10881,9,9,1,0.000784,0.999216,0.999216,0.006650,15.790526,7.237404,-0.006650
member,14673,5,5,1,0.006913,0.993111,0.993111,0.043079,12.661621,5.040195,-0.043079
member,8478,0,0,1,0.000002,0.999998,0.999998,0.000024,16.886532,13.510372,-0.000024
member,27545,1,1,1,0.014189,0.985911,0.985911,0.083804,28.541983,4.905348,-0.083804
member,33254,7,7,1,0.000009,0.999991,0.999991,0.000113,23.424206,11.652664,-0.000113
member,32423,3,3,1,0.000468,0.999532,0.999532,0.004118,21.264175,7.696793,-0.004118
member,36418,3,3,1,0.000842,0.999159,0.999159,0.006915,16.565207,7.109782,-0.006915
member,31165,0,0,1,0.496013,0.608954,0.608954,0.669214,30.090313,0.442917,-0.669214
member,37800,7,7,1,0.000016,0.999984,0.999984,0.000198,30.773298,11.014462,-0.000198
member,20532,0,0,1,0.000004,0.999996,0.999996,0.000050,23.334732,12.508309,-0.000050
member,33936,7,7,1,0.000032,0.999968,0.999968,0.000403,16.417013,11.359283,-0.000403
member,22468,4,4,1,0.000296,0.999704,0.999704,0.002910,21.387276,8.629789,-0.002910
member,20916,0,0,1,0.000787,0.999213,0.999213,0.006857,20.420099,7.354791,-0.006857
member,46457,2,2,1,0.004892,0.995120,0.995120,0.030843,26.638241,5.317709,-0.030843
member,47693,0,0,1,0.000277,0.999723,0.999723,0.002567,17.710072,8.209014,-0.002567
member,283,2,2,1,0.008801,0.991238,0.991238,0.051763,10.732675,4.757534,-0.051763
member,9410,8,8,1,0.000099,0.999901,0.999901,0.001040,14.061471,9.271093,-0.001040
member,5070,1,1,1,0.000197,0.999803,0.999803,0.001973,17.948179,8.721325,-0.001973
member,45662,2,2,1,0.050208,0.951031,0.951031,0.246201,10.334587,3.480884,-0.246201
member,40845,9,9,1,0.002540,0.997463,0.997463,0.019641,10.680086,6.317319,-0.019641
member,23542,6,6,1,0.000001,0.999999,0.999999,0.000014,28.057081,14.575486,-0.000014
member,3633,9,9,1,0.000239,0.999761,0.999761,0.002339,20.615002,8.519465,-0.002339
member,30494,6,6,1,-0.000000,1.000000,1.000000,0.000000,32.286713,17.506853,-0.000000
member,35042,0,0,1,-0.000000,1.000000,1.000000,0.000000,36.738068,23.267338,-0.000000
member,28958,1,1,1,0.000000,1.000000,1.000000,0.000007,31.818787,14.553318,-0.000007
member,46491,2,2,1,0.000005,0.999995,0.999995,0.000063,18.685070,12.463881,-0.000063
member,9501,9,9,1,0.000143,0.999857,0.999857,0.001519,19.339319,9.505423,-0.001519
member,8642,7,7,1,0.001081,0.998919,0.998919,0.008759,13.903017,6.907650,-0.008759
member,37786,8,8,1,-0.000000,1.000000,1.000000,0.000000,59.860207,36.984070,-0.000000
member,34861,6,6,1,0.000091,0.999909,0.999909,0.000938,24.314409,9.304355,-0.000938
member,12088,5,5,1,0.173879,0.840399,0.840399,0.522392,11.833854,1.900124,-0.522392
member,33903,3,3,1,0.028131,0.972261,0.972261,0.146686,15.526673,3.831283,-0.146686
member,9011,2,2,1,0.005626,0.994389,0.994389,0.037978,9.137063,5.354719,-0.037978
member,16382,9,9,1,0.000035,0.999965,0.999965,0.000391,19.395214,10.274733,-0.000391
member,4036,8,8,1,-0.000000,1.000000,1.000000,0.000000,46.319996,21.360563,-0.000000
member,6804,6,6,1,-0.000000,1.000000,1.000000,0.000000,45.726620,35.142555,-0.000000
member,46392,8,8,1,-0.000000,1.000000,1.000000,0.000000,43.934177,35.748383,-0.000000
member,4609,1,1,1,0.000547,0.999453,0.999453,0.004734,22.032038,7.538605,-0.004734
member,48876,4,4,1,0.000082,0.999918,0.999918,0.000875,18.786436,9.485476,-0.000875
member,31257,6,6,1,0.000027,0.999973,0.999973,0.000328,18.996061,10.820529,-0.000328
member,586,2,2,1,0.000661,0.999339,0.999339,0.005508,17.550161,7.322661,-0.005508
member,34495,2,2,1,0.001713,0.998288,0.998288,0.012643,22.255825,6.370874,-0.012643
member,31732,8,8,1,0.005727,0.994290,0.994290,0.035276,24.589392,5.161875,-0.035276
member,3789,0,0,1,0.000219,0.999781,0.999781,0.002063,28.018164,8.427677,-0.002063
member,47185,7,7,1,0.017420,0.982731,0.982731,0.094606,11.679757,4.169703,-0.094606
member,1697,9,9,1,-0.000000,1.000000,1.000000,0.000000,34.922512,21.042885,-0.000000
member,42440,7,7,1,0.116420,0.890101,0.890101,0.347561,13.132811,2.093268,-0.347561
member,33728,0,0,1,0.046538,0.954528,0.954528,0.186851,16.496204,3.051114,-0.186851
member,48480,2,2,1,0.000004,0.999996,0.999996,0.000052,19.581190,13.075065,-0.000052
member,30689,5,5,1,0.129754,0.878311,0.878311,0.373103,13.017615,1.979660,-0.373103
member,36691,7,7,1,0.004717,0.995294,0.995294,0.030567,16.984303,5.381411,-0.030567
member,49990,4,4,1,0.000131,0.999869,0.999869,0.001397,17.986429,9.217381,-0.001397
member,22132,8,8,1,-0.000000,1.000000,1.000000,0.000000,51.287281,42.162148,-0.000000
member,7598,7,7,1,0.000148,0.999852,0.999852,0.001683,12.966243,10.051584,-0.001683
member,38399,2,2,1,0.000009,0.999991,0.999991,0.000110,26.220858,11.659716,-0.000110
member,36521,9,9,1,0.000045,0.999955,0.999955,0.000518,17.529604,10.177530,-0.000518
member,45535,1,1,1,0.000000,1.000000,1.000000,0.000004,23.135918,15.424360,-0.000004
member,12010,0,0,1,0.000008,0.999992,0.999992,0.000107,27.319695,12.152875,-0.000107
member,11010,8,8,1,0.000003,0.999997,0.999997,0.000043,20.863779,13.065878,-0.000043
member,27887,8,8,1,0.068939,0.933384,0.933384,0.245634,12.744269,2.641288,-0.245634
member,16164,3,3,1,0.077762,0.925184,0.925184,0.266157,20.614630,2.515320,-0.266157
member,17549,7,7,1,0.000809,0.999192,0.999192,0.007209,13.706391,7.442303,-0.007209
member,16409,6,6,1,-0.000000,1.000000,1.000000,0.000000,35.426430,22.592033,-0.000000
member,15731,2,2,1,0.000510,0.999490,0.999490,0.004648,13.382699,7.751347,-0.004648
member,41673,3,3,1,0.001709,0.998292,0.998292,0.013865,10.806368,6.594834,-0.013865
member,5990,2,2,1,0.000042,0.999958,0.999958,0.000461,29.222265,10.088655,-0.000461
member,43890,5,5,1,0.000000,1.000000,1.000000,0.000002,23.630812,16.385563,-0.000002
member,35691,1,1,1,0.000010,0.999990,0.999990,0.000138,19.481394,12.156148,-0.000138
member,25940,6,6,1,0.002284,0.997719,0.997719,0.016736,15.241528,6.136143,-0.016736
member,18849,0,0,1,-0.000000,1.000000,1.000000,0.000000,30.936098,18.646723,-0.000000
member,6974,8,8,1,-0.000000,1.000000,1.000000,0.000000,32.632366,19.433910,-0.000000
member,17319,1,1,1,-0.000000,1.000000,1.000000,0.000001,35.479275,17.245909,-0.000001
member,10089,2,2,1,0.012068,0.988005,0.988005,0.077436,8.161131,4.861791,-0.077436
member,43034,3,3,1,0.069700,0.932673,0.932673,0.267024,11.415641,2.721746,-0.267024
member,8238,7,7,1,-0.000000,1.000000,1.000000,0.000000,51.078140,30.879013,-0.000000
member,36342,7,7,1,0.000085,0.999915,0.999915,0.000942,18.333946,10.046795,-0.000942
member,3504,6,6,1,0.000258,0.999742,0.999742,0.002424,25.222139,8.296242,-0.002424
member,36285,6,6,1,0.098262,0.906411,0.906411,0.335965,13.980979,2.331667,-0.335965
member,44129,8,8,1,-0.000000,1.000000,1.000000,0.000000,31.484545,22.811646,-0.000000
member,8961,8,8,1,-0.000000,1.000000,1.000000,0.000000,34.250927,19.876293,-0.000000
member,5329,3,3,1,0.000390,0.999610,0.999610,0.003851,16.847281,8.550414,-0.003851
member,43091,7,7,1,0.000020,0.999980,0.999980,0.000247,17.457199,10.959677,-0.000247
member,44454,0,0,1,0.000210,0.999790,0.999790,0.002065,16.511532,8.553701,-0.002065
member,27392,5,5,1,0.000002,0.999998,0.999998,0.000033,23.458876,12.959483,-0.000033
member,40295,7,7,1,0.005159,0.994854,0.994854,0.035362,14.330780,5.563148,-0.035362
member,6660,2,2,1,0.000453,0.999547,0.999547,0.004087,12.745451,7.763560,-0.004087
member,22761,3,3,1,0.000188,0.999812,0.999812,0.002032,15.201977,9.331100,-0.002032
member,21430,7,7,1,-0.000000,1.000000,1.000000,0.000000,39.602116,25.043312,-0.000000
member,9284,5,5,1,0.000053,0.999947,0.999947,0.000578,23.997654,9.859244,-0.000578
member,7289,1,1,1,0.000038,0.999962,0.999962,0.000420,29.909386,10.189634,-0.000420
member,45319,3,3,1,0.001665,0.998336,0.998336,0.014284,13.234098,7.100785,-0.014284
member,36250,9,9,1,-0.000000,1.000000,1.000000,0.000000,24.980705,19.700682,-0.000000
member,3189,4,4,1,0.098792,0.905931,0.905931,0.339426,14.227349,2.351490,-0.339426
member,37042,8,8,1,-0.000000,1.000000,1.000000,0.000001,32.203438,16.873972,-0.000001
member,46572,7,7,1,0.000793,0.999208,0.999208,0.007353,11.603420,7.727113,-0.007353
member,47823,3,3,1,0.000409,0.999591,0.999591,0.003845,16.116425,7.985807,-0.003845
member,29949,8,8,1,0.000001,0.999999,0.999999,0.000019,25.797476,13.572402,-0.000019
member,5260,3,3,1,0.107369,0.898194,0.898194,0.373119,9.095196,2.322940,-0.373119
member,16157,3,3,1,0.115464,0.890952,0.890952,0.361128,13.738648,2.135275,-0.361128
member,44711,8,8,1,0.000001,0.999999,0.999999,0.000009,33.385685,14.307117,-0.000009
member,16115,0,0,1,0.000010,0.999990,0.999990,0.000127,24.017416,11.504823,-0.000127
member,22022,8,8,1,-0.000000,1.000000,1.000000,0.000000,46.794769,34.997208,-0.000000
member,2265,8,8,1,0.000007,0.999993,0.999993,0.000089,26.842693,11.880357,-0.000089
member,47343,9,9,1,0.000201,0.999799,0.999799,0.001950,24.722082,8.548925,-0.001950
member,35302,8,8,1,-0.000000,1.000000,1.000000,0.000000,45.088997,33.489647,-0.000000
member,32434,6,6,1,0.035317,0.965299,0.965299,0.165864,9.407279,3.490057,-0.165864
member,6752,7,7,1,0.000204,0.999796,0.999796,0.001940,19.859535,8.496243,-0.001940
member,10801,2,2,1,0.000372,0.999628,0.999628,0.003741,17.340456,8.695654,-0.003741
member,31586,0,0,1,0.027762,0.972620,0.972620,0.125666,18.015741,3.570836,-0.125666
member,13933,4,4,1,0.000097,0.999903,0.999903,0.001003,31.644770,9.249323,-0.001003
member,29141,6,6,1,-0.000000,1.000000,1.000000,0.000000,40.878738,26.717588,-0.000000
member,8781,3,3,1,0.000702,0.999299,0.999299,0.006107,15.750676,7.373043,-0.006107
member,15211,6,6,1,0.000002,0.999998,0.999998,0.000032,31.932917,12.991697,-0.000032
member,25850,6,6,1,-0.000000,1.000000,1.000000,0.000001,26.489159,16.649311,-0.000001
member,24835,2,2,1,0.003475,0.996531,0.996531,0.025276,18.971107,5.934064,-0.025276
member,38857,8,8,1,0.014508,0.985596,0.985596,0.075462,16.592813,4.226476,-0.075462
member,11265,8,8,1,-0.000000,1.000000,1.000000,0.000000,26.365873,19.203838,-0.000000
member,29658,2,2,1,0.066453,0.935707,0.935707,0.274359,8.062990,2.815460,-0.274359
member,30481,6,6,1,0.000198,0.999803,0.999803,0.002014,16.585054,8.806998,-0.002014
member,34392,7,7,1,0.001462,0.998539,0.998539,0.011245,16.658396,6.562943,-0.011245
member,34176,1,1,1,0.002652,0.997351,0.997351,0.018363,21.139055,5.931132,-0.018363
member,35244,8,8,1,0.000006,0.999994,0.999994,0.000081,18.911945,12.417128,-0.000081
member,6199,3,3,1,0.000184,0.999816,0.999816,0.001832,19.794348,8.728534,-0.001832
member,18508,0,0,1,0.000047,0.999953,0.999953,0.000545,15.432803,10.120261,-0.000545
member,6887,9,9,1,0.013841,0.986254,0.986254,0.080220,9.218494,4.426898,-0.080220
member,28985,8,8,1,0.000013,0.999987,0.999987,0.000175,15.713250,12.314614,-0.000175
member,19101,3,3,1,0.001335,0.998666,0.998666,0.010182,21.570868,6.620285,-0.010182
member,31456,8,8,1,-0.000000,1.000000,1.000000,0.000000,41.864983,31.340755,-0.000000
member,15121,2,2,1,0.005977,0.994041,0.994041,0.046839,7.419664,6.293303,-0.046839
member,12141,2,2,1,0.004877,0.995135,0.995135,0.035873,9.826925,5.847654,-0.035873
member,21549,3,3,1,0.014935,0.985176,0.985176,0.088597,11.872145,4.532424,-0.088597
member,13069,0,0,1,0.004774,0.995237,0.995237,0.032609,11.865594,5.543677,-0.032609
member,24994,2,2,1,0.013302,0.986786,0.986786,0.071815,13.765949,4.334435,-0.071815
member,36638,6,6,1,-0.000000,1.000000,1.000000,0.000000,26.746328,18.636147,-0.000000
member,42270,8,8,1,0.000002,0.999998,0.999998,0.000031,25.157576,13.023871,-0.000031
member,48931,3,3,1,0.057041,0.944555,0.944555,0.258828,9.760218,3.503793,-0.258828
member,45737,0,0,1,0.000048,0.999952,0.999952,0.000529,22.754507,9.938517,-0.000529
member,23141,9,9,1,0.000004,0.999996,0.999996,0.000050,18.707909,12.503521,-0.000050
member,9267,1,1,1,0.000363,0.999637,0.999637,0.003237,32.811111,7.921244,-0.003237
member,17299,4,4,1,0.106661,0.898830,0.898830,0.412630,11.321204,2.830351,-0.412630
member,42535,4,4,1,0.013168,0.986918,0.986918,0.076645,11.149714,4.535418,-0.076645
member,43655,1,1,1,0.007021,0.993003,0.993003,0.047661,13.004412,5.345905,-0.047661
member,19386,0,0,1,0.006334,0.993686,0.993686,0.040975,12.111853,5.174466,-0.040975
member,24181,7,7,1,0.000270,0.999730,0.999730,0.002516,16.987915,8.237145,-0.002516
member,21110,9,9,1,-0.000000,1.000000,1.000000,0.000000,29.738777,21.569160,-0.000000
member,28191,4,4,1,0.000264,0.999736,0.999736,0.002573,20.431658,8.391480,-0.002573
member,42740,3,3,1,0.000158,0.999842,0.999842,0.001546,16.130699,8.754963,-0.001546
member,30224,2,2,1,0.000000,1.000000,1.000000,0.000008,21.676764,14.555989,-0.000008
member,23271,9,9,1,0.000000,1.000000,1.000000,0.000003,22.567541,15.481329,-0.000003
member,2582,1,1,1,0.000005,0.999995,0.999995,0.000063,39.977825,12.258223,-0.000063
member,12903,1,1,1,-0.000000,1.000000,1.000000,0.000000,36.050900,20.010191,-0.000000
member,23861,9,9,1,0.000011,0.999989,0.999989,0.000137,24.241274,11.413109,-0.000137
member,31943,6,6,1,0.000263,0.999737,0.999737,0.002529,18.106064,8.358632,-0.002529
member,48327,0,0,1,0.000338,0.999663,0.999663,0.003302,15.363941,8.247791,-0.003302
member,11863,8,8,1,0.000633,0.999367,0.999367,0.005305,18.624645,7.367503,-0.005305
member,35910,1,1,1,0.000000,1.000000,1.000000,0.000005,33.203964,15.259064,-0.000005
member,25264,1,1,1,0.003231,0.996774,0.996774,0.021729,24.128220,5.733448,-0.021729
member,41826,3,3,1,0.003561,0.996445,0.996445,0.025014,12.724016,5.767972,-0.025014
member,6921,2,2,1,0.000278,0.999722,0.999722,0.002632,16.463821,8.247868,-0.002632
member,42059,4,4,1,0.000044,0.999956,0.999956,0.000512,19.221224,10.312831,-0.000512
member,26545,5,5,1,0.040393,0.960412,0.960412,0.168350,16.144066,3.195566,-0.168350
member,38594,2,2,1,0.000000,1.000000,1.000000,0.000002,21.861876,16.256474,-0.000002
member,25082,0,0,1,-0.000000,1.000000,1.000000,0.000000,35.961880,28.440317,-0.000000
member,42710,1,1,1,0.000005,0.999995,0.999995,0.000069,40.110516,12.158220,-0.000069
member,30405,2,2,1,0.005465,0.994550,0.994550,0.035900,12.465472,5.296147,-0.035900
member,21095,0,0,1,0.005551,0.994464,0.994464,0.034291,17.569637,5.191056,-0.034291
member,39723,0,0,1,0.403690,0.667851,0.667851,0.635692,21.707041,0.698481,-0.635692
member,21640,3,3,1,0.000083,0.999917,0.999917,0.000878,19.872503,9.441875,-0.000878
member,7112,8,8,1,0.000001,0.999999,0.999999,0.000013,33.519646,13.972563,-0.000013
member,43711,1,1,1,0.000457,0.999543,0.999543,0.003980,15.507899,7.693553,-0.003980
member,36676,3,3,1,0.001614,0.998387,0.998387,0.011984,22.842974,6.428055,-0.011984
member,46805,3,3,1,0.006930,0.993094,0.993094,0.046016,20.733175,5.598022,-0.046016
member,37628,0,0,1,0.000546,0.999454,0.999454,0.004779,19.590822,7.566337,-0.004779
member,31994,5,5,1,0.000417,0.999583,0.999583,0.003666,20.291977,7.785313,-0.003666
member,35831,6,6,1,0.000001,0.999999,0.999999,0.000014,29.354259,13.956809,-0.000014
member,27983,9,9,1,0.000003,0.999997,0.999997,0.000040,25.052889,12.745769,-0.000040
member,27368,2,2,1,0.000002,0.999998,0.999998,0.000028,19.673092,13.837128,-0.000028
member,39706,5,5,1,0.336703,0.714121,0.714121,0.716239,13.799575,1.070791,-0.716239
member,8971,0,0,1,0.000001,0.999999,0.999999,0.000017,20.311819,14.799422,-0.000017
member,48550,8,8,1,0.000001,0.999999,0.999999,0.000015,22.501404,14.520323,-0.000015
member,30710,0,0,1,0.004974,0.995038,0.995038,0.031423,19.083138,5.305290,-0.031423
member,27310,8,8,1,0.000007,0.999993,0.999993,0.000088,24.391018,11.899128,-0.000088
member,36697,9,9,1,-0.000000,1.000000,1.000000,0.000000,23.951166,18.098700,-0.000000
member,18736,6,6,1,0.000240,0.999760,0.999760,0.002240,23.093422,8.334788,-0.002240
member,1534,3,3,1,0.005891,0.994127,0.994127,0.039278,13.107161,5.304321,-0.039278
member,24296,9,9,1,0.000000,1.000000,1.000000,0.000002,23.208847,16.117275,-0.000002
member,14712,0,0,1,0.000796,0.999205,0.999205,0.007395,10.513691,7.673817,-0.007395
member,35688,1,1,1,0.000000,1.000000,1.000000,0.000003,29.266079,16.193203,-0.000003
member,18769,3,3,1,0.000054,0.999946,0.999946,0.000588,17.376369,9.839600,-0.000588
member,29762,8,8,1,-0.000000,1.000000,1.000000,0.000000,47.223766,21.181822,-0.000000
member,40160,3,3,1,0.008441,0.991594,0.991594,0.049063,15.993413,4.781629,-0.049063
member,33904,7,7,1,0.000024,0.999976,0.999976,0.000284,18.569822,10.748920,-0.000284
member,8546,7,7,1,0.586123,0.556480,0.556480,0.816919,8.505880,0.296536,-0.816919
member,43971,3,3,1,0.092627,0.911533,0.911533,0.367605,9.463674,2.663743,-0.367605
member,19326,7,7,1,0.000147,0.999853,0.999853,0.001560,15.461856,9.303209,-0.001560
member,32466,9,9,1,0.000307,0.999693,0.999693,0.003159,13.484056,8.763823,-0.003159
member,19495,6,6,1,-0.000000,1.000000,1.000000,0.000000,34.796967,19.394623,-0.000000
member,37023,8,8,1,0.000774,0.999226,0.999226,0.006324,16.019079,7.163865,-0.006324
member,1139,2,2,1,0.000000,1.000000,1.000000,0.000004,21.131878,16.072754,-0.000004
member,37414,3,3,1,0.000064,0.999936,0.999936,0.000682,27.664135,9.657469,-0.000682
member,34473,8,8,1,-0.000000,1.000000,1.000000,0.000000,38.263893,29.616127,-0.000000
member,22675,1,1,1,0.378284,0.685036,0.685036,0.762355,8.523613,0.918255,-0.762355
member,12505,4,4,1,0.000111,0.999889,0.999889,0.001143,19.220957,9.146404,-0.001143
member,45056,9,9,1,-0.000000,1.000000,1.000000,0.000000,31.921591,21.635643,-0.000000
member,3618,0,0,1,0.000111,0.999889,0.999889,0.001129,17.998106,9.106720,-0.001129
member,39606,0,0,1,0.002658,0.997345,0.997345,0.018419,17.291958,5.929777,-0.018419
member,34857,6,6,1,0.000004,0.999996,0.999996,0.000051,28.211130,12.494081,-0.000051
member,49110,6,6,1,0.000014,0.999986,0.999986,0.000175,25.374382,11.201970,-0.000175
member,7324,1,1,1,0.000002,0.999998,0.999998,0.000029,37.084900,13.107307,-0.000029
member,962,1,1,1,0.000000,1.000000,1.000000,0.000004,42.673187,15.242918,-0.000004
member,35313,3,3,1,0.027635,0.972744,0.972744,0.166327,7.338485,4.572243,-0.166327
member,30515,8,8,1,0.000000,1.000000,1.000000,0.000005,22.546280,15.352401,-0.000005
member,25548,9,9,1,0.000003,0.999997,0.999997,0.000038,22.410410,12.908503,-0.000038
member,10835,5,5,1,0.001344,0.998657,0.998657,0.010235,22.094351,6.612119,-0.010235
member,1975,9,9,1,0.000000,1.000000,1.000000,0.000002,22.895205,15.803399,-0.000002
member,14765,9,9,1,0.000001,0.999999,0.999999,0.000013,22.288416,14.099277,-0.000013
member,48448,6,6,1,0.065406,0.936687,0.936687,0.284089,12.770478,2.962895,-0.284089
member,37970,6,6,1,0.000004,0.999996,0.999996,0.000052,24.907804,12.782156,-0.000052
member,39241,0,0,1,0.013250,0.986838,0.986838,0.070086,23.795523,4.317226,-0.070086
member,40229,9,9,1,0.000006,0.999994,0.999994,0.000078,27.607914,12.032843,-0.000078
nonmember,3277,0,2,0,6.226326,0.001977,0.975481,0.131613,7.052257,-6.201500,0.131613
nonmember,31411,2,2,1,0.000004,0.999996,0.999996,0.000063,19.299715,13.019146,-0.000063
nonmember,29512,1,1,1,0.000022,0.999978,0.999978,0.000254,22.441528,10.744957,-0.000254
nonmember,14889,6,6,1,0.028938,0.971477,0.971477,0.129610,14.388875,3.528218,-0.129610
nonmember,31593,0,0,1,0.000707,0.999293,0.999293,0.005835,22.077188,7.254166,-0.005835
nonmember,10676,6,6,1,0.007361,0.992666,0.992666,0.048353,17.528936,5.304772,-0.048353
nonmember,12671,3,3,1,0.065085,0.936988,0.936988,0.247636,15.638471,2.741322,-0.247636
nonmember,32138,8,8,1,-0.000000,1.000000,1.000000,0.000000,29.010822,19.125816,-0.000000
nonmember,33655,8,8,1,0.006006,0.994012,0.994012,0.040045,11.373452,5.316964,-0.040045
nonmember,31654,0,0,1,-0.000000,1.000000,1.000000,0.000000,33.388645,21.652843,-0.000000
nonmember,19253,8,8,1,0.000012,0.999988,0.999988,0.000156,19.018553,12.012204,-0.000156
nonmember,14362,4,4,1,0.012886,0.987196,0.987196,0.069864,16.436653,4.366994,-0.069864
nonmember,12184,5,2,0,2.778305,0.062144,0.937842,0.233019,12.745441,-2.714130,0.233019
nonmember,32091,0,2,0,1.040487,0.353283,0.646516,0.651332,14.386185,-0.604329,0.651332
nonmember,29406,7,4,0,1.417809,0.242244,0.757756,0.553653,30.795031,-1.140415,0.553653
nonmember,17012,8,8,1,0.000177,0.999823,0.999823,0.001708,19.668118,8.639697,-0.001708
nonmember,46050,6,6,1,0.000684,0.999316,0.999316,0.005847,14.827330,7.353828,-0.005847
nonmember,15394,1,1,1,0.000167,0.999833,0.999833,0.001617,42.743168,8.698746,-0.001617
nonmember,304,1,1,1,0.098802,0.905922,0.905922,0.311874,32.465939,2.264833,-0.311874
nonmember,10883,3,4,0,8.291635,0.000251,0.794370,0.676662,-2.213491,-8.061428,0.676662
nonmember,25250,4,4,1,0.003553,0.996453,0.996453,0.025905,11.565935,5.830782,-0.025905
nonmember,22756,9,9,1,0.000163,0.999837,0.999837,0.001587,21.084557,8.720432,-0.001587
nonmember,152,7,7,1,0.000251,0.999749,0.999749,0.002420,23.728249,8.400270,-0.002420
nonmember,5862,2,2,1,0.063514,0.938461,0.938461,0.271066,12.613420,2.963736,-0.271066
nonmember,32856,6,6,1,0.020225,0.979978,0.979978,0.098148,18.080090,3.890796,-0.098148
nonmember,3445,4,4,1,0.338038,0.713168,0.713168,0.796467,12.261778,1.493414,-0.796467
nonmember,18673,3,3,1,0.004974,0.995038,0.995038,0.031317,18.702057,5.301970,-0.031317
nonmember,16420,0,0,1,0.000913,0.999087,0.999087,0.007856,16.267597,7.247153,-0.007856
nonmember,43749,3,8,0,1.958382,0.141087,0.221187,1.973159,1.167505,-0.449633,1.973159
nonmember,1418,9,9,1,0.000000,1.000000,1.000000,0.000003,25.641918,15.732946,-0.000003
nonmember,4702,5,5,1,0.156738,0.854928,0.854928,0.534763,8.440409,2.135959,-0.534763
nonmember,15483,0,0,1,0.000026,0.999974,0.999974,0.000301,20.647449,10.557765,-0.000301
nonmember,45564,0,0,1,0.000001,0.999999,0.999999,0.000014,26.373777,13.931394,-0.000014
nonmember,5561,5,5,1,0.000046,0.999954,0.999954,0.000508,22.712093,9.987170,-0.000508
nonmember,31564,6,6,1,-0.000000,1.000000,1.000000,0.000000,33.103058,18.566624,-0.000000
nonmember,7374,1,1,1,0.485028,0.615680,0.615680,0.989497,22.594450,1.072844,-0.989497
nonmember,21023,0,0,1,0.603666,0.546803,0.546803,0.689355,13.642672,0.187893,-0.689355
nonmember,22201,7,7,1,0.000000,1.000000,1.000000,0.000003,23.497234,15.487863,-0.000003
nonmember,30610,6,3,0,6.086099,0.002274,0.565945,0.704709,10.476671,-5.516841,0.704709
nonmember,27653,5,5,1,0.063565,0.938413,0.938413,0.250829,14.867549,2.822427,-0.250829
nonmember,22639,2,5,0,8.601796,0.000184,0.894482,0.346839,8.851427,-8.490286,0.346839
nonmember,17802,1,1,1,0.450594,0.637250,0.637250,0.654984,29.675055,0.563446,-0.654984
nonmember,13729,8,8,1,0.000133,0.999867,0.999867,0.001322,29.572117,8.923134,-0.001322
nonmember,39059,0,0,1,0.000049,0.999951,0.999951,0.000539,30.526722,9.918352,-0.000539
nonmember,40751,1,1,1,0.038896,0.961851,0.961851,0.162016,30.945671,3.227362,-0.162016
nonmember,20412,4,5,0,1.938041,0.143986,0.612429,0.926678,9.527033,-1.447720,0.926678
nonmember,35197,9,9,1,0.000009,0.999991,0.999991,0.000116,17.884346,11.888016,-0.000116
nonmember,30272,0,3,0,1.182489,0.306515,0.422008,1.191774,4.921186,-0.319758,1.191774
nonmember,7815,5,5,1,0.000004,0.999996,0.999996,0.000055,26.144794,12.396339,-0.000055
nonmember,41110,1,1,1,0.011817,0.988253,0.988253,0.063899,31.747616,4.432457,-0.063899
nonmember,28081,1,1,1,-0.000000,1.000000,1.000000,0.000000,37.234085,18.145807,-0.000000
nonmember,10630,1,1,1,0.000591,0.999409,0.999409,0.005130,27.408609,7.498915,-0.005130
nonmember,27918,5,5,1,0.000303,0.999697,0.999697,0.002764,24.134308,8.102482,-0.002764
nonmember,10417,2,5,0,3.474224,0.030986,0.596947,0.785674,13.958814,-2.958297,0.785674
nonmember,42728,5,3,0,12.495319,0.000004,0.999994,0.000084,5.049894,-12.495314,0.000084
nonmember,8256,6,3,0,5.410895,0.004468,0.945974,0.239795,5.723664,-5.355355,0.239795
nonmember,44677,3,6,0,6.503927,0.001498,0.995110,0.034013,10.068185,-6.499024,0.034013
nonmember,8694,7,3,0,4.290196,0.013702,0.571914,0.998506,3.554469,-3.731431,0.998506
nonmember,6851,1,1,1,-0.000000,1.000000,1.000000,0.000001,24.194618,16.798222,-0.000001
nonmember,4726,0,8,0,16.263329,0.000000,1.000000,0.000006,12.088533,-16.263329,0.000006
nonmember,3257,1,1,1,0.000566,0.999434,0.999434,0.004832,16.313303,7.487843,-0.004832
nonmember,45476,7,7,1,0.000000,1.000000,1.000000,0.000002,35.563316,15.895470,-0.000002
nonmember,24985,9,1,0,12.453070,0.000004,0.998921,0.009301,4.317007,-12.451990,0.009301
nonmember,46198,3,3,1,0.020086,0.980115,0.980115,0.099074,18.133453,3.911902,-0.099074
nonmember,14443,6,6,1,0.000333,0.999667,0.999667,0.003022,18.971281,8.015301,-0.003022
nonmember,46266,7,7,1,-0.000000,1.000000,1.000000,0.000001,29.790419,17.203316,-0.000001
nonmember,37024,1,1,1,0.000001,0.999999,0.999999,0.000013,34.516285,13.928043,-0.000013
nonmember,31723,7,7,1,0.000702,0.999299,0.999299,0.005843,20.074902,7.274610,-0.005843
nonmember,4832,8,8,1,0.004929,0.995083,0.995083,0.031040,32.087032,5.310184,-0.031040
nonmember,9317,1,1,1,0.000005,0.999995,0.999995,0.000071,21.249512,12.453119,-0.000071
nonmember,6133,2,2,1,-0.000000,1.000000,1.000000,0.000000,30.074354,23.532751,-0.000000
nonmember,28815,7,7,1,0.000632,0.999368,0.999368,0.005288,22.613220,7.365886,-0.005288
nonmember,4500,1,1,1,0.000006,0.999994,0.999994,0.000084,32.662590,12.422712,-0.000084
nonmember,11500,2,2,1,0.097402,0.907191,0.907191,0.332285,10.538169,2.337680,-0.332285
nonmember,2942,8,8,1,0.000002,0.999998,0.999998,0.000032,17.470049,13.069282,-0.000032
nonmember,12591,4,6,0,13.246595,0.000002,0.999945,0.000602,9.722994,-13.246540,0.000602
nonmember,29551,9,9,1,0.000000,1.000000,1.000000,0.000001,25.988665,16.516314,-0.000001
nonmember,6872,3,6,0,2.360893,0.094336,0.623184,1.074916,4.762573,-1.887979,1.074916
nonmember,7397,2,2,1,0.034218,0.966361,0.966361,0.155885,13.033052,3.418522,-0.155885
nonmember,26769,9,9,1,0.309983,0.733460,0.733460,0.598943,10.924686,1.025768,-0.598943
nonmember,44436,1,1,1,0.000324,0.999676,0.999676,0.002928,34.738861,8.034313,-0.002928
nonmember,39101,3,5,0,1.520674,0.218565,0.779965,0.536887,9.036043,-1.272167,0.536887
nonmember,41671,6,6,1,0.000073,0.999927,0.999927,0.000818,22.532864,9.723426,-0.000818
nonmember,23403,9,9,1,0.000015,0.999985,0.999985,0.000182,28.641514,11.102242,-0.000182
nonmember,37369,5,5,1,0.034466,0.966121,0.966121,0.181107,10.720399,4.018174,-0.181107
nonmember,42943,5,5,1,0.001974,0.998028,0.998028,0.014269,18.965769,6.227808,-0.014269
nonmember,10981,3,2,0,1.196981,0.302105,0.684113,0.682607,9.913542,-0.817348,0.682607
nonmember,5020,6,8,0,12.921924,0.000002,0.436472,1.329695,-5.029546,-12.092894,1.329695
nonmember,14828,6,6,1,0.000267,0.999733,0.999733,0.002502,18.803345,8.250575,-0.002502
nonmember,9826,8,0,0,2.855277,0.057540,0.939663,0.239227,13.241877,-2.793043,0.239227
nonmember,38296,4,3,0,8.403905,0.000224,0.994570,0.038382,4.675063,-8.398460,0.038382
nonmember,37918,6,6,1,0.000012,0.999988,0.999988,0.000146,27.061573,11.391964,-0.000146
nonmember,35350,2,2,1,0.874163,0.417211,0.417211,1.217517,4.488842,0.065175,-1.217517
nonmember,11107,0,8,0,1.410819,0.243943,0.739944,0.644341,10.013066,-1.109638,0.644341
nonmember,45131,2,2,1,0.028717,0.971692,0.971692,0.165601,7.843981,4.233291,-0.165601
nonmember,21421,5,5,1,0.137632,0.871419,0.871419,0.383733,18.786772,1.913603,-0.383733
nonmember,19353,9,9,1,0.000415,0.999585,0.999585,0.003663,17.874931,7.790653,-0.003663
nonmember,12936,0,8,0,7.641127,0.000480,0.999519,0.004156,24.288963,-7.640646,0.004156
nonmember,41333,2,3,0,5.165635,0.005709,0.839681,0.520475,8.510850,-4.990901,0.520475
nonmember,2901,5,3,0,3.675551,0.025335,0.974515,0.119788,6.602609,-3.649736,0.119788
nonmember,5352,9,9,1,0.006469,0.993551,0.993551,0.039301,21.377609,5.046991,-0.039301
nonmember,20582,6,6,1,0.014055,0.986043,0.986043,0.074024,27.940809,4.264244,-0.074024
nonmember,3628,9,0,0,9.520649,0.000073,0.997546,0.017820,3.005606,-9.518191,0.017820
nonmember,19433,3,5,0,3.053945,0.047172,0.952809,0.190346,14.595089,-3.005604,0.190346
nonmember,25948,7,7,1,0.000070,0.999930,0.999930,0.000739,31.465662,9.568939,-0.000739
nonmember,43277,0,0,1,0.641571,0.526464,0.526464,0.691759,20.618965,0.105959,-0.691759
nonmember,25586,9,9,1,0.000002,0.999998,0.999998,0.000026,23.708986,13.359240,-0.000026
nonmember,41675,4,3,0,1.527248,0.217132,0.554559,1.133982,6.615272,-0.937666,1.133982
nonmember,9861,8,1,0,4.728395,0.008841,0.991159,0.050604,25.667721,-4.719515,0.050604
nonmember,4201,6,6,1,0.053807,0.947615,0.947615,0.243490,18.107788,3.211762,-0.243490
nonmember,11823,6,6,1,0.000299,0.999701,0.999701,0.002735,22.112301,8.123473,-0.002735
nonmember,15257,5,3,0,4.522243,0.010865,0.896073,0.400105,5.063021,-4.412509,0.400105
nonmember,24607,1,1,1,-0.000000,1.000000,1.000000,0.000000,44.491444,21.732603,-0.000000
nonmember,35942,4,0,0,6.349871,0.001747,0.993393,0.044303,4.622696,-6.343243,0.044303
nonmember,38874,5,5,1,0.002751,0.997253,0.997253,0.018942,24.439041,5.894659,-0.018942
nonmember,35678,8,8,1,0.011560,0.988507,0.988507,0.071283,15.707101,4.854337,-0.071283
nonmember,33749,4,2,0,3.174508,0.041815,0.587767,0.956142,9.134747,-2.643084,0.956142
nonmember,6535,4,7,0,6.054391,0.002348,0.997542,0.017734,11.383874,-6.051930,0.017734
nonmember,25900,6,6,1,0.000009,0.999991,0.999991,0.000117,23.823393,11.755114,-0.000117
nonmember,39108,3,3,1,0.000015,0.999985,0.999985,0.000184,20.879856,11.104562,-0.000184
nonmember,42867,0,0,1,0.007978,0.992054,0.992054,0.046553,24.028105,4.831280,-0.046553
nonmember,34789,2,2,1,0.000269,0.999731,0.999731,0.002495,16.259317,8.232761,-0.002495
nonmember,2240,5,5,1,0.000548,0.999452,0.999452,0.004670,22.970098,7.510394,-0.004670
nonmember,30026,8,8,1,-0.000000,1.000000,1.000000,0.000000,28.422468,19.454144,-0.000000
nonmember,16178,8,0,0,3.401594,0.033320,0.966680,0.146104,17.103439,-3.367706,0.146104
nonmember,32056,0,0,1,0.004634,0.995376,0.995376,0.032860,12.967628,5.893421,-0.032860
nonmember,40070,8,8,1,0.000102,0.999898,0.999898,0.001085,18.609217,9.366322,-0.001085
nonmember,23406,6,6,1,0.000580,0.999420,0.999420,0.004938,16.606934,7.461219,-0.004938
nonmember,34354,3,3,1,0.024589,0.975711,0.975711,0.137839,8.332919,4.053144,-0.137839
nonmember,16470,5,5,1,0.005102,0.994911,0.994911,0.034495,13.864730,5.421732,-0.034495
nonmember,13623,8,8,1,-0.000000,1.000000,1.000000,0.000000,35.501797,20.235760,-0.000000
nonmember,2237,2,1,0,7.700966,0.000452,0.816930,0.622992,0.080015,-7.498765,0.622992
nonmember,22279,2,2,1,0.000268,0.999732,0.999732,0.002701,14.288621,8.714218,-0.002701
nonmember,11444,1,9,0,2.322067,0.098071,0.901914,0.321007,15.277509,-2.218831,0.321007
nonmember,6902,3,3,1,0.097269,0.907312,0.907312,0.362107,12.767058,2.477158,-0.362107
nonmember,45700,3,5,0,1.905330,0.148773,0.851226,0.420579,15.129042,-1.744253,0.420579
nonmember,33150,7,4,0,1.267901,0.281422,0.703416,0.670233,8.692693,-0.916094,0.670233
nonmember,22775,5,5,1,0.002414,0.997589,0.997589,0.016947,15.320748,6.025232,-0.016947
nonmember,25686,3,4,0,9.235321,0.000098,0.912443,0.300294,2.532546,-9.143692,0.300294
nonmember,6274,4,4,1,0.000137,0.999863,0.999863,0.001540,13.339459,9.795038,-0.001540
nonmember,18461,8,8,1,-0.000000,1.000000,1.000000,0.000000,32.315125,19.358408,-0.000000
nonmember,21339,8,8,1,-0.000000,1.000000,1.000000,0.000000,40.304314,24.236269,-0.000000
nonmember,11562,4,3,0,3.896031,0.020322,0.604946,0.850453,12.521628,-3.393414,0.850453
nonmember,4203,5,5,1,0.140946,0.868537,0.868537,0.389318,22.143604,1.888193,-0.389318
nonmember,47782,8,0,0,11.470559,0.000010,0.995315,0.030748,5.060077,-11.465863,0.030748
nonmember,36879,1,1,1,-0.000000,1.000000,1.000000,0.000001,47.736595,16.772335,-0.000001
nonmember,38916,9,9,1,0.099358,0.905419,0.905419,0.313011,22.261051,2.258940,-0.313011
nonmember,18112,8,8,1,0.000046,0.999954,0.999954,0.000507,34.186611,9.983400,-0.000507
nonmember,46785,5,5,1,0.000001,0.999999,0.999999,0.000018,25.231958,13.732210,-0.000018
nonmember,17474,1,1,1,0.000001,0.999999,0.999999,0.000009,43.123272,14.291126,-0.000009
nonmember,12347,9,9,1,-0.000000,1.000000,1.000000,0.000000,30.479990,20.677406,-0.000000
nonmember,45021,2,2,1,0.035177,0.965434,0.965434,0.179821,14.388854,3.946457,-0.179821
nonmember,41647,8,9,0,19.142815,0.000000,1.000000,0.000005,8.981747,-19.142815,0.000005
nonmember,30882,8,8,1,-0.000000,1.000000,1.000000,0.000000,39.282887,27.924232,-0.000000
nonmember,49485,7,3,0,7.030006,0.000885,0.995846,0.030723,4.872929,-7.025844,0.030723
nonmember,28579,7,2,0,8.761687,0.000157,0.999463,0.004941,8.625714,-8.761149,0.004941
nonmember,45911,4,4,1,0.008876,0.991163,0.991163,0.056562,13.348703,5.145917,-0.056562
nonmember,35002,7,7,1,-0.000000,1.000000,1.000000,0.000000,37.783146,20.703106,-0.000000
nonmember,13005,4,3,0,6.576850,0.001392,0.981187,0.111293,5.666007,-6.557858,0.111293
nonmember,14957,4,4,1,0.005359,0.994656,0.994656,0.035454,15.335165,5.334789,-0.035454
nonmember,47921,4,4,1,0.000029,0.999971,0.999971,0.000331,18.645096,10.461733,-0.000331
nonmember,491,5,3,0,1.223644,0.294156,0.705842,0.605854,16.473259,-0.875280,0.605854
nonmember,31120,5,5,1,0.000000,1.000000,1.000000,0.000003,20.165779,15.680034,-0.000003
nonmember,20352,8,8,1,-0.000000,1.000000,1.000000,0.000000,31.508110,20.391937,-0.000000
nonmember,16930,8,8,1,-0.000000,1.000000,1.000000,0.000000,34.611824,20.301832,-0.000000
nonmember,28898,8,8,1,0.000801,0.999199,0.999199,0.006619,14.809005,7.152392,-0.006619
nonmember,40584,3,9,0,10.628772,0.000024,0.995288,0.030289,1.741400,-10.624048,0.030289
nonmember,11024,5,3,0,3.342261,0.035357,0.964641,0.152928,12.601664,-3.306261,0.152928
nonmember,38289,0,0,1,0.001729,0.998273,0.998273,0.012713,23.328568,6.359529,-0.012713
nonmember,43659,0,0,1,0.000256,0.999744,0.999744,0.002375,26.157492,8.269327,-0.002375
nonmember,13126,7,7,1,0.110067,0.895774,0.895774,0.348545,13.313917,2.181395,-0.348545
nonmember,26263,2,5,0,10.741754,0.000022,0.999670,0.003056,8.169625,-10.741424,0.003056
nonmember,32666,9,8,0,11.205737,0.000014,0.999908,0.001002,4.796487,-11.205645,0.001002
nonmember,31832,8,8,1,0.000033,0.999967,0.999967,0.000371,24.470318,10.326965,-0.000371
nonmember,25660,8,8,1,0.000005,0.999995,0.999995,0.000067,20.188993,12.376659,-0.000067
nonmember,35491,8,8,1,-0.000000,1.000000,1.000000,0.000000,54.763199,31.655346,-0.000000
nonmember,31004,0,0,1,0.062455,0.939456,0.939456,0.270078,12.818047,3.298958,-0.270078
nonmember,37091,3,3,1,0.295180,0.744398,0.744398,0.747908,7.072451,1.266671,-0.747908
nonmember,18117,1,0,0,6.794554,0.001120,0.647455,0.666911,3.390257,-6.359848,0.666911
nonmember,35352,8,2,0,25.701170,0.000000,0.999989,0.000135,16.243322,-25.701159,0.000135
nonmember,42153,3,3,1,0.036642,0.964021,0.964021,0.186784,12.079453,3.608616,-0.186784
nonmember,7718,1,0,0,1.932724,0.144753,0.797133,0.626639,10.913312,-1.705990,0.626639
nonmember,49030,4,4,1,0.000064,0.999936,0.999936,0.000734,12.561101,9.951512,-0.000734
nonmember,38700,8,8,1,-0.000000,1.000000,1.000000,0.000000,36.860279,26.436646,-0.000000
nonmember,19052,2,5,0,5.102944,0.006079,0.981906,0.105853,6.939904,-5.084684,0.105853
nonmember,2718,0,9,0,10.453973,0.000029,0.999929,0.000809,12.321468,-10.453901,0.000809
nonmember,42983,4,4,1,0.000001,0.999999,0.999999,0.000013,23.492924,13.970077,-0.000013
nonmember,7557,4,7,0,4.212032,0.014816,0.984716,0.081577,11.559895,-4.196630,0.081577
nonmember,5726,4,4,1,0.000005,0.999995,0.999995,0.000070,22.877832,12.255445,-0.000070
nonmember,22012,2,0,0,11.899138,0.000007,0.992608,0.045019,0.396033,-11.891719,0.045019
nonmember,12157,7,2,0,4.316132,0.013351,0.931966,0.301988,10.966562,-4.245672,0.301988
nonmember,29623,0,1,0,8.848642,0.000144,0.997406,0.018674,7.188329,-8.846045,0.018674
nonmember,7870,5,5,1,0.000000,1.000000,1.000000,0.000003,24.453402,15.587956,-0.000003
nonmember,49192,6,6,1,0.000408,0.999592,0.999592,0.003592,21.272123,7.805643,-0.003592
nonmember,18739,4,4,1,0.560946,0.570669,0.570669,0.820335,14.073223,0.387173,-0.820335
nonmember,4364,9,9,1,-0.000000,1.000000,1.000000,0.000000,29.435268,19.345465,-0.000000
nonmember,47547,3,2,0,6.982160,0.000928,0.823333,0.567804,0.381954,-6.787765,0.567804
nonmember,19713,8,8,1,-0.000000,1.000000,1.000000,0.000000,31.182013,21.355301,-0.000000
nonmember,33035,5,3,0,1.373797,0.253144,0.694896,0.816215,9.158165,-1.009804,0.816215
nonmember,42425,1,1,1,0.000172,0.999828,0.999828,0.001666,28.045677,8.665659,-0.001666
nonmember,42098,2,2,1,-0.000000,1.000000,1.000000,0.000000,21.363369,17.883926,-0.000000
nonmember,34719,7,7,1,0.276781,0.758220,0.758220,0.568252,13.343451,1.153872,-0.568252
nonmember,35332,6,6,1,0.125647,0.881926,0.881926,0.370228,18.333925,2.021748,-0.370228
nonmember,5170,9,9,1,0.007438,0.992590,0.992590,0.043767,25.649664,4.898129,-0.043767
nonmember,13602,3,5,0,1.100152,0.332820,0.662228,0.669055,8.203798,-0.688007,0.669055
nonmember,791,9,9,1,-0.000000,1.000000,1.000000,0.000000,25.432695,21.020149,-0.000000
nonmember,30994,5,2,0,3.756969,0.023354,0.962652,0.193508,13.381261,-3.718905,0.193508
nonmember,25758,8,8,1,0.000391,0.999609,0.999609,0.003456,22.923796,7.847298,-0.003456
nonmember,41294,4,4,1,0.443784,0.641604,0.641604,0.812366,12.292184,0.753175,-0.812366
nonmember,14858,4,4,1,0.010164,0.989888,0.989888,0.059628,16.177074,4.668219,-0.059628
nonmember,32061,7,7,1,0.000000,1.000000,1.000000,0.000005,21.822071,14.937340,-0.000005
nonmember,35056,7,7,1,0.001374,0.998627,0.998627,0.010620,19.541224,6.615034,-0.010620
nonmember,12117,4,4,1,0.000058,0.999942,0.999942,0.000653,17.644131,9.917866,-0.000653
nonmember,47901,3,5,0,6.084960,0.002277,0.849979,0.434547,17.398912,-5.922417,0.434547
nonmember,1285,2,2,1,0.000130,0.999870,0.999870,0.001293,24.052132,8.948503,-0.001293
nonmember,16773,9,9,1,0.000001,0.999999,0.999999,0.000017,26.130630,13.728767,-0.000017
nonmember,16618,7,7,1,0.009420,0.990624,0.990624,0.055193,12.160804,4.716340,-0.055193
nonmember,13297,3,3,1,0.622687,0.536501,0.536501,0.993535,14.335573,0.593656,-0.993535
nonmember,27957,9,9,1,-0.000000,1.000000,1.000000,0.000000,26.129976,19.564123,-0.000000
nonmember,39916,8,8,1,0.000000,1.000000,1.000000,0.000004,24.913651,15.355995,-0.000004
nonmember,1043,9,9,1,0.000000,1.000000,1.000000,0.000002,23.295780,16.621090,-0.000002
nonmember,27101,1,1,1,-0.000000,1.000000,1.000000,0.000000,47.320362,22.341461,-0.000000
nonmember,39076,0,2,0,1.236840,0.290300,0.683417,0.732608,7.885676,-0.856191,0.732608
nonmember,41677,0,2,0,5.426395,0.004399,0.995587,0.028437,7.970304,-5.421973,0.028437
nonmember,29912,2,0,0,1.709248,0.181002,0.818997,0.472923,14.710552,-1.509573,0.472923
nonmember,17515,1,1,1,0.000000,1.000000,1.000000,0.000006,22.657274,15.187454,-0.000006
nonmember,41443,6,5,0,13.594148,0.000001,0.928887,0.257324,0.784173,-13.520380,0.257324
nonmember,15884,0,8,0,0.750884,0.471949,0.526692,0.701531,10.804664,-0.109744,0.701531
nonmember,3169,8,8,1,0.000000,1.000000,1.000000,0.000002,30.146643,15.819487,-0.000002
nonmember,28638,7,7,1,0.909894,0.402567,0.402567,1.170141,8.117932,0.316209,-1.170141
nonmember,36152,2,2,1,0.000001,0.999999,0.999999,0.000019,46.806015,13.540310,-0.000019
nonmember,426,5,5,1,0.000014,0.999986,0.999986,0.000169,35.567242,11.186834,-0.000169
nonmember,32715,3,5,0,7.844169,0.000392,0.999592,0.003679,7.851856,-7.843760,0.003679
nonmember,39430,4,4,1,0.000119,0.999881,0.999881,0.001229,18.151371,9.115613,-0.001229
nonmember,44334,2,6,0,1.151077,0.316296,0.675255,0.671338,9.761871,-0.758412,0.671338
nonmember,34402,9,9,1,0.000005,0.999995,0.999995,0.000076,16.092318,13.249421,-0.000076
nonmember,42188,1,1,1,0.000086,0.999914,0.999914,0.000888,27.147751,9.364664,-0.000888
nonmember,20436,7,7,1,0.157826,0.853998,0.853998,0.513154,16.490057,2.239446,-0.513154
nonmember,15188,9,1,0,2.596190,0.074557,0.924685,0.271767,9.923595,-2.517887,0.271767
nonmember,1190,9,9,1,-0.000000,1.000000,1.000000,0.000000,35.185287,22.447636,-0.000000
nonmember,3229,5,5,1,0.362299,0.696074,0.696074,0.745750,17.598993,0.957457,-0.745750
nonmember,30790,4,4,1,0.074549,0.928162,0.928162,0.258391,25.102457,2.558826,-0.258391
nonmember,30248,5,5,1,0.000000,1.000000,1.000000,0.000003,26.114500,15.947857,-0.000003
nonmember,26268,6,6,1,0.709052,0.492110,0.492110,0.883929,9.445299,0.080747,-0.883929
nonmember,932,5,5,1,0.507031,0.602281,0.602281,0.672268,15.231295,0.415022,-0.672268
nonmember,40824,6,6,1,0.000004,0.999996,0.999996,0.000052,25.219395,12.470043,-0.000052
nonmember,5356,1,1,1,0.000077,0.999923,0.999923,0.000807,26.564610,9.470203,-0.000807
nonmember,33566,6,6,1,0.000110,0.999890,0.999890,0.001114,27.654848,9.113865,-0.001114
nonmember,35329,7,7,1,0.003978,0.996030,0.996030,0.026240,16.025028,5.540803,-0.026240
nonmember,41540,3,3,1,0.007001,0.993023,0.993023,0.043371,18.695295,5.025208,-0.043371
nonmember,30331,0,8,0,2.986996,0.050439,0.949544,0.200011,19.597868,-2.935223,0.200011
nonmember,41917,3,5,0,2.127795,0.119100,0.878732,0.380320,14.459728,-1.998520,0.380320
nonmember,14768,2,4,0,1.044096,0.352010,0.556085,0.950282,6.851090,-0.457262,0.950282
nonmember,4530,3,3,1,0.491580,0.611659,0.611659,0.877747,7.222026,0.679057,-0.877747
nonmember,2141,3,0,0,4.186611,0.015198,0.907884,0.378325,2.534747,-4.089972,0.378325
nonmember,37331,5,5,1,0.018423,0.981746,0.981746,0.102531,11.463621,4.163376,-0.102531
nonmember,21221,9,9,1,-0.000000,1.000000,1.000000,0.000000,32.983311,17.690039,-0.000000
nonmember,20207,5,3,0,12.459512,0.000004,0.999996,0.000052,12.008542,-12.459508,0.000052
nonmember,46467,2,2,1,0.236061,0.789732,0.789732,0.521009,12.072865,1.327722,-0.521009
nonmember,45541,4,6,0,1.153153,0.315640,0.375452,1.096451,12.737994,-0.173529,1.096451
nonmember,9324,8,8,1,0.000000,1.000000,1.000000,0.000009,23.033590,15.073685,-0.000009
nonmember,32988,1,9,0,1.018562,0.361114,0.629757,0.703277,12.529204,-0.556140,0.703277
nonmember,41728,5,5,1,0.023148,0.977118,0.977118,0.124806,16.386879,4.351655,-0.124806
nonmember,37154,4,5,0,4.640624,0.009652,0.971071,0.155362,7.197324,-4.611268,0.155362
nonmember,25713,3,3,1,0.000587,0.999413,0.999413,0.005221,12.935072,7.602556,-0.005221
nonmember,20018,7,7,1,0.154337,0.856983,0.856983,0.514992,11.666242,2.183396,-0.514992
nonmember,18924,6,3,0,6.005776,0.002464,0.993724,0.044341,4.300388,-5.999480,0.044341
nonmember,2558,8,8,1,0.000002,0.999998,0.999998,0.000031,21.613180,13.596383,-0.000031
nonmember,20091,3,3,1,0.000051,0.999949,0.999949,0.000555,21.788103,9.883573,-0.000555
nonmember,37105,3,5,0,1.153340,0.315581,0.680574,0.648677,17.366457,-0.768520,0.648677
nonmember,14168,1,8,0,1.646061,0.192808,0.453972,1.044947,9.590859,-0.856342,1.044947
nonmember,11270,2,2,1,0.237880,0.788297,0.788297,0.753368,7.299139,2.157815,-0.753368
nonmember,16570,2,2,1,0.214224,0.807167,0.807167,0.502057,17.645653,1.442841,-0.502057
nonmember,48307,7,7,1,0.012397,0.987679,0.987679,0.068568,9.584660,4.415078,-0.068568
nonmember,21399,2,0,0,1.245577,0.287775,0.712225,0.600147,28.989466,-0.906216,0.600147
nonmember,24742,2,2,1,0.294138,0.745174,0.745174,0.569672,10.971965,1.074029,-0.569672
nonmember,33636,7,7,1,0.006512,0.993509,0.993509,0.042802,10.819983,5.183675,-0.042802
nonmember,6885,1,1,1,0.000409,0.999591,0.999591,0.003881,16.117130,8.041007,-0.003881
nonmember,35569,2,2,1,0.000895,0.999106,0.999106,0.007758,15.532854,7.196800,-0.007758
nonmember,46904,1,1,1,0.113390,0.892802,0.892802,0.340616,33.220730,2.119690,-0.340616
nonmember,40450,9,9,1,0.000000,1.000000,1.000000,0.000005,26.344414,15.070190,-0.000005
nonmember,9002,2,2,1,0.109748,0.896060,0.896060,0.333663,19.484320,2.154194,-0.333663
nonmember,957,2,2,1,0.243929,0.783543,0.783543,0.525167,11.384014,1.288028,-0.525167
nonmember,27072,2,2,1,0.006494,0.993527,0.993527,0.045366,11.892577,5.695127,-0.045366
nonmember,2760,2,2,1,0.072151,0.930391,0.930391,0.277328,8.670560,2.677008,-0.277328
nonmember,48918,7,9,0,2.098775,0.122607,0.877372,0.372350,10.747124,-1.967951,0.372350
nonmember,31009,9,9,1,-0.000000,1.000000,1.000000,0.000001,23.342630,17.082371,-0.000001
nonmember,6314,4,6,0,11.700889,0.000008,0.791408,0.532951,-2.709863,-11.466948,0.532951
nonmember,10894,9,6,0,0.927778,0.395432,0.604565,0.671158,19.975430,-0.424532,0.671158
nonmember,42967,4,6,0,2.381532,0.092409,0.786384,0.744083,7.115168,-2.141222,0.744083
nonmember,369,9,9,1,0.002239,0.997764,0.997764,0.015894,22.331667,6.101507,-0.015894
nonmember,39397,0,0,1,0.001387,0.998614,0.998614,0.010962,18.291525,6.666012,-0.010962
nonmember,12691,4,4,1,0.044865,0.956126,0.956126,0.207992,19.789066,3.424503,-0.207992
nonmember,18473,4,7,0,8.097962,0.000304,0.992425,0.046877,0.740512,-8.090359,0.046877
nonmember,34931,5,3,0,1.573287,0.207363,0.563166,1.009040,7.581346,-0.999106,1.009040
nonmember,34218,2,5,0,0.851348,0.426839,0.568970,0.708385,11.306936,-0.287421,0.708385
nonmember,14532,4,4,1,0.000001,0.999999,0.999999,0.000015,27.174469,13.782029,-0.000015
nonmember,47601,2,2,1,0.000077,0.999923,0.999923,0.000813,16.554493,9.473115,-0.000813
nonmember,8871,2,0,0,8.328447,0.000242,0.999234,0.007046,5.700269,-8.327681,0.007046
nonmember,16941,7,7,1,0.000007,0.999993,0.999993,0.000087,25.042007,11.929288,-0.000087
nonmember,46435,8,8,1,-0.000000,1.000000,1.000000,0.000000,46.636555,36.335670,-0.000000
nonmember,36524,2,2,1,0.000614,0.999386,0.999386,0.005176,17.972683,7.400585,-0.005176
nonmember,36206,5,5,1,0.030540,0.969922,0.969922,0.157228,15.122200,4.141410,-0.157228
nonmember,29249,2,2,1,0.000028,0.999972,0.999972,0.000331,18.402412,10.619179,-0.000331
nonmember,24096,0,0,1,0.000004,0.999996,0.999996,0.000049,21.264509,12.578317,-0.000049
nonmember,7886,8,8,1,0.000319,0.999681,0.999681,0.002888,17.498856,8.052718,-0.002888
nonmember,46149,3,5,0,1.624365,0.197037,0.609410,0.958219,13.135525,-1.129101,0.958219
nonmember,43622,8,8,1,0.000019,0.999981,0.999981,0.000232,25.147642,10.880327,-0.000232
nonmember,16425,8,8,1,-0.000000,1.000000,1.000000,0.000000,26.996826,23.764555,-0.000000
nonmember,21092,0,0,1,0.000181,0.999819,0.999819,0.001746,22.798204,8.619308,-0.001746
nonmember,22188,5,5,1,0.000326,0.999674,0.999674,0.003125,21.576511,8.297174,-0.003125
nonmember,45537,8,8,1,-0.000000,1.000000,1.000000,0.000000,37.761131,24.739319,-0.000000
nonmember,5661,6,6,1,0.000346,0.999654,0.999654,0.003113,23.020269,7.970286,-0.003113
nonmember,3309,2,2,1,0.014971,0.985141,0.985141,0.085918,11.602969,4.351167,-0.085918
nonmember,19148,6,6,1,0.000008,0.999992,0.999992,0.000104,29.650284,11.716753,-0.000104
nonmember,3056,8,1,0,13.379303,0.000002,0.999998,0.000024,8.242931,-13.379301,0.000024
nonmember,1905,7,7,1,0.003821,0.996186,0.996186,0.025047,31.457670,5.565264,-0.025047
nonmember,36956,5,5,1,0.075845,0.926960,0.926960,0.274080,9.679468,2.580004,-0.274080
nonmember,4156,4,4,1,0.083633,0.919769,0.919769,0.301600,12.215551,2.502803,-0.301600
nonmember,943,8,8,1,0.000004,0.999996,0.999996,0.000058,23.431334,12.522153,-0.000058
nonmember,27436,8,8,1,0.014693,0.985414,0.985414,0.089996,8.824571,4.662637,-0.089996
nonmember,46777,9,9,1,-0.000000,1.000000,1.000000,0.000000,25.864342,19.254717,-0.000000
nonmember,38241,5,5,1,0.000094,0.999906,0.999906,0.000986,18.511112,9.328748,-0.000986
nonmember,12052,0,0,1,-0.000000,1.000000,1.000000,0.000000,34.902187,24.846664,-0.000000
nonmember,2294,5,5,1,0.000003,0.999997,0.999997,0.000047,25.922009,13.132288,-0.000047
nonmember,6803,8,8,1,0.000354,0.999646,0.999646,0.003175,20.960419,7.949594,-0.003175
nonmember,13659,2,2,1,0.006380,0.993640,0.993640,0.043710,12.809449,5.607017,-0.043710
nonmember,25023,0,2,0,3.164318,0.042243,0.957323,0.179219,9.209635,-3.120704,0.179219
nonmember,45621,0,0,1,0.083677,0.919728,0.919728,0.343559,7.896514,3.055266,-0.343559
nonmember,24891,1,1,1,0.000075,0.999925,0.999925,0.000785,30.728062,9.501787,-0.000785
nonmember,40376,8,8,1,0.000010,0.999990,0.999990,0.000122,18.001322,11.567183,-0.000122
nonmember,44401,9,9,1,0.000340,0.999660,0.999660,0.003053,22.145189,7.987203,-0.003053
nonmember,32279,8,8,1,0.000127,0.999873,0.999873,0.001285,25.218258,9.019112,-0.001285
nonmember,36411,5,3,0,6.127162,0.002183,0.994299,0.042231,2.869209,-6.121445,0.042231
nonmember,44303,0,0,1,0.425569,0.653398,0.653398,0.705646,16.473410,0.675771,-0.705646
nonmember,289,7,7,1,0.004466,0.995544,0.995544,0.028569,22.954412,5.409046,-0.028569
nonmember,30829,0,0,1,0.000770,0.999230,0.999230,0.006414,18.704895,7.207978,-0.006414
nonmember,45551,8,8,1,-0.000000,1.000000,1.000000,0.000000,49.054016,30.801403,-0.000000
nonmember,9571,7,2,0,1.695213,0.183560,0.769935,0.669245,6.978115,-1.433764,0.669245
nonmember,8822,3,3,1,0.368949,0.691461,0.691461,0.618480,17.925058,0.807131,-0.618480
nonmember,27477,2,2,1,0.468826,0.625737,0.625737,0.703296,9.937568,0.533846,-0.703296
nonmember,45185,8,8,1,0.000002,0.999998,0.999998,0.000031,26.961699,13.028237,-0.000031
nonmember,17707,4,0,0,2.835495,0.058689,0.800636,0.629766,7.552050,-2.613147,0.629766
nonmember,5116,7,7,1,0.000017,0.999983,0.999983,0.000208,26.289038,10.957229,-0.000208
nonmember,29081,7,7,1,0.016717,0.983422,0.983422,0.094919,15.503246,4.353490,-0.094919
nonmember,37137,2,2,1,0.007730,0.992300,0.992300,0.046497,12.436171,4.891799,-0.046497
nonmember,22478,5,5,1,0.040739,0.960080,0.960080,0.176789,17.069729,3.242278,-0.176789
nonmember,11636,5,5,1,0.162481,0.850032,0.850032,0.423024,16.065617,1.735091,-0.423024
nonmember,36696,6,6,1,0.254699,0.775150,0.775150,0.723110,7.983748,1.546192,-0.723110
nonmember,32687,2,2,1,0.002338,0.997665,0.997665,0.018113,13.168757,6.491972,-0.018113
nonmember,23573,8,6,0,1.930122,0.145130,0.832937,0.525334,6.648067,-1.747325,0.525334
nonmember,38954,5,9,0,6.665336,0.001274,0.981441,0.104394,1.733616,-6.646603,0.104394
nonmember,22968,6,6,1,0.000000,1.000000,1.000000,0.000003,28.355501,15.521238,-0.000003
nonmember,27142,3,3,1,0.978354,0.375930,0.375930,1.286958,14.761428,0.177136,-1.286958
nonmember,31877,5,5,1,0.023318,0.976952,0.976952,0.127761,13.553239,4.103416,-0.127761
nonmember,24551,3,6,0,4.079144,0.016922,0.901987,0.437905,4.791502,-3.975990,0.437905
nonmember,40283,1,1,1,-0.000000,1.000000,1.000000,0.000000,49.345150,22.941429,-0.000000
nonmember,14922,8,0,0,13.311470,0.000002,0.984735,0.079031,2.328949,-13.296088,0.079031
nonmember,43230,7,7,1,0.000000,1.000000,1.000000,0.000004,22.312662,15.880433,-0.000004
nonmember,39694,5,6,0,7.252042,0.000709,0.998499,0.012857,3.987667,-7.250539,0.012857
nonmember,46747,7,7,1,0.000000,1.000000,1.000000,0.000003,22.998909,15.647096,-0.000003
nonmember,43767,3,3,1,0.076669,0.926196,0.926196,0.263394,22.394482,2.529707,-0.263394
nonmember,26842,0,0,1,0.366614,0.693077,0.693077,0.622667,9.698249,0.816963,-0.622667
nonmember,30178,9,9,1,0.000013,0.999987,0.999987,0.000157,32.510181,11.268772,-0.000157
nonmember,9580,2,2,1,0.018157,0.982007,0.982007,0.100235,12.129278,4.189496,-0.100235
nonmember,28679,5,5,1,0.491718,0.611575,0.611575,0.964703,4.974177,0.698198,-0.964703
nonmember,32823,8,8,1,0.000797,0.999204,0.999204,0.006481,21.843962,7.134398,-0.006481
nonmember,46875,7,7,1,0.000002,0.999998,0.999998,0.000031,30.379145,13.014688,-0.000031
nonmember,38983,4,4,1,0.079386,0.923683,0.923683,0.311950,7.772191,2.738268,-0.311950
nonmember,49187,4,4,1,0.000001,0.999999,0.999999,0.000010,27.829086,14.289394,-0.000010
nonmember,6081,2,3,0,5.251226,0.005241,0.553916,1.056091,6.609202,-4.660484,1.056091
nonmember,38419,0,2,0,5.852565,0.002873,0.997089,0.020127,12.194457,-5.849650,0.020127
nonmember,19492,0,0,1,0.086265,0.917351,0.917351,0.375405,8.879239,3.238868,-0.375405
nonmember,1127,3,3,1,0.382242,0.682330,0.682330,0.687160,9.728749,0.810134,-0.687160
nonmember,27133,9,9,1,-0.000000,1.000000,1.000000,0.000001,33.096153,17.067284,-0.000001
nonmember,27720,5,3,0,14.684036,0.000000,0.999993,0.000104,1.503303,-14.684029,0.000104
nonmember,36052,0,1,0,3.517433,0.029676,0.968023,0.151181,6.706292,-3.484933,0.151181
nonmember,46372,4,9,0,10.657522,0.000024,0.933880,0.251924,0.289476,-10.589115,0.251924
nonmember,16413,9,9,1,0.020840,0.979376,0.979376,0.100464,17.076488,3.860486,-0.100464
nonmember,39879,9,9,1,-0.000000,1.000000,1.000000,0.000001,23.385723,17.238838,-0.000001
nonmember,30451,2,5,0,11.036639,0.000016,0.993018,0.041735,5.323292,-11.029633,0.041735
nonmember,15022,8,9,0,8.118343,0.000298,0.923569,0.271916,12.335705,-8.038834,0.271916
nonmember,9235,5,7,0,42.903286,0.000000,1.000000,0.000000,1.719273,-42.903286,0.000000
nonmember,9845,4,4,1,0.001099,0.998901,0.998901,0.009230,13.606469,6.967504,-0.009230
nonmember,10020,0,0,1,0.027468,0.972906,0.972906,0.139878,12.920842,3.871972,-0.139878
nonmember,47256,1,1,1,0.000010,0.999990,0.999990,0.000122,29.941240,11.541590,-0.000122
nonmember,4851,8,8,1,-0.000000,1.000000,1.000000,0.000000,32.795574,20.258533,-0.000000
nonmember,20296,9,9,1,0.000135,0.999865,0.999865,0.001410,14.764173,9.077537,-0.001410
nonmember,4093,8,8,1,-0.000000,1.000000,1.000000,0.000001,18.260841,17.992611,-0.000001
nonmember,38449,3,5,0,5.056148,0.006370,0.989635,0.065863,10.402531,-5.045729,0.065863
nonmember,26262,9,7,0,1.800744,0.165176,0.628905,0.931580,5.516714,-1.336969,0.931580
nonmember,48309,4,4,1,0.000024,0.999976,0.999976,0.000283,20.983763,10.626941,-0.000283
nonmember,6245,9,9,1,-0.000000,1.000000,1.000000,0.000000,25.074835,20.178015,-0.000000
nonmember,43656,7,7,1,0.002896,0.997108,0.997108,0.019922,21.489723,5.849943,-0.019922
nonmember,42308,6,3,0,7.371665,0.000629,0.998644,0.011250,10.803148,-7.370308,0.011250
nonmember,1464,1,1,1,-0.000000,1.000000,1.000000,0.000000,58.077003,23.077507,-0.000000
nonmember,45436,5,5,1,0.023502,0.976772,0.976772,0.121741,15.957339,3.925994,-0.121741
nonmember,40348,2,2,1,0.623405,0.536116,0.536116,0.794359,11.115266,0.192676,-0.794359
nonmember,24131,8,0,0,10.233577,0.000036,0.992908,0.046913,-1.297664,-10.226460,0.046913
nonmember,33945,7,3,0,3.173628,0.041852,0.624816,1.013781,4.602470,-2.703330,1.013781
nonmember,23638,4,4,1,0.000149,0.999851,0.999851,0.001572,15.843460,9.181663,-0.001572
nonmember,18389,3,6,0,4.925880,0.007256,0.992631,0.044125,16.110441,-4.918484,0.044125
nonmember,38292,3,3,1,0.001936,0.998066,0.998066,0.014948,14.579498,6.435013,-0.014948
nonmember,5286,9,9,1,0.000001,0.999999,0.999999,0.000010,17.369738,14.723722,-0.000010
nonmember,10591,2,2,1,0.078847,0.924181,0.924181,0.268505,17.590691,2.500647,-0.268505
nonmember,41190,5,5,1,0.879226,0.415104,0.415104,1.204890,11.956478,0.144195,-1.204890
nonmember,38837,7,7,1,-0.000000,1.000000,1.000000,0.000000,54.080894,37.169922,-0.000000
nonmember,19080,3,5,0,2.927057,0.053554,0.946443,0.208885,14.454045,-2.872012,0.208885
nonmember,38550,7,7,1,0.007050,0.992975,0.992975,0.046634,15.915790,5.219932,-0.046634
nonmember,31540,9,9,1,0.003673,0.996333,0.996333,0.024996,27.360083,5.660297,-0.024996
nonmember,42498,1,9,0,4.429847,0.011916,0.911363,0.349906,15.268449,-4.337033,0.349906
nonmember,38976,3,3,1,0.016420,0.983714,0.983714,0.103010,11.617763,4.902933,-0.103010
nonmember,30671,7,7,1,0.045632,0.955394,0.955394,0.182316,25.097677,3.064249,-0.182316
nonmember,43518,1,1,1,0.000420,0.999580,0.999580,0.003696,25.871756,7.780890,-0.003696
nonmember,20385,9,0,0,3.032465,0.048197,0.951803,0.193171,27.414656,-2.983068,0.193171
nonmember,14865,7,7,1,0.000002,0.999998,0.999998,0.000036,20.367273,13.379114,-0.000036
nonmember,37974,6,6,1,0.002705,0.997299,0.997299,0.020685,13.301897,6.311150,-0.020685
nonmember,8879,8,8,1,0.005026,0.994986,0.994986,0.031554,29.071966,5.290617,-0.031554
nonmember,26744,0,0,1,0.000000,1.000000,1.000000,0.000005,25.958471,14.947248,-0.000005
nonmember,32880,6,6,1,0.001926,0.998076,0.998076,0.015521,15.169572,6.946709,-0.015521
nonmember,42082,7,7,1,-0.000000,1.000000,1.000000,0.000000,30.398287,18.312332,-0.000000
nonmember,38487,1,9,0,22.724785,0.000000,0.997838,0.015485,-6.828358,-22.722620,0.015485
nonmember,46470,4,4,1,0.066973,0.935220,0.935220,0.276877,13.063360,2.818366,-0.276877
nonmember,22956,9,9,1,0.000001,0.999999,0.999999,0.000008,31.286541,14.422007,-0.000008
nonmember,10407,5,3,0,2.991118,0.050231,0.948849,0.207153,9.352431,-2.938612,0.207153
nonmember,38873,9,9,1,0.000032,0.999968,0.999968,0.000362,29.572622,10.354063,-0.000362
nonmember,40120,7,7,1,0.000446,0.999554,0.999554,0.003982,25.473940,7.772545,-0.003982
nonmember,32681,1,1,1,-0.000000,1.000000,1.000000,0.000001,49.840813,16.906284,-0.000001
nonmember,28534,9,9,1,0.166891,0.846292,0.846292,0.434116,15.359166,1.711038,-0.434116
nonmember,27562,0,0,1,0.004903,0.995109,0.995109,0.030901,38.930752,5.315464,-0.030901
nonmember,22265,1,9,0,2.144966,0.117072,0.882440,0.365201,15.019956,-2.019902,0.365201
nonmember,8326,5,5,1,0.005066,0.994947,0.994947,0.034650,17.213881,5.551378,-0.034650
nonmember,10263,2,5,0,5.153274,0.005780,0.993934,0.038350,7.579461,-5.147189,0.038350
nonmember,38998,9,9,1,0.078420,0.924576,0.924576,0.267448,33.699127,2.506210,-0.267448
nonmember,14854,8,8,1,0.000027,0.999973,0.999973,0.000314,27.272808,10.509520,-0.000314
nonmember,31699,4,2,0,3.180088,0.041582,0.954497,0.199204,12.186322,-3.133517,0.199204
nonmember,15486,1,1,1,0.000718,0.999282,0.999282,0.005917,33.496853,7.238058,-0.005917
nonmember,18188,3,3,1,0.000615,0.999386,0.999386,0.005160,21.673672,7.394697,-0.005160
nonmember,18685,5,5,1,0.000223,0.999777,0.999777,0.002211,18.257631,8.554070,-0.002211
nonmember,36874,8,8,1,0.008505,0.991531,0.991531,0.048849,23.366125,4.762953,-0.048849
nonmember,19231,2,2,1,0.001458,0.998543,0.998543,0.011984,14.228753,6.935220,-0.011984
nonmember,2299,6,6,1,-0.000000,1.000000,1.000000,0.000000,25.401707,18.725948,-0.000000
nonmember,26383,6,6,1,0.000001,0.999999,0.999999,0.000015,21.021889,14.541189,-0.000015
nonmember,39380,0,0,1,0.000210,0.999790,0.999790,0.002218,16.449106,9.176668,-0.002218
nonmember,2186,1,4,0,5.367851,0.004664,0.992741,0.050437,3.995957,-5.360566,0.050437
nonmember,46633,2,2,1,0.004292,0.995717,0.995717,0.028367,19.576006,5.488310,-0.028367
nonmember,13676,5,5,1,0.064461,0.937572,0.937572,0.233596,26.294724,2.709286,-0.233596
nonmember,14657,5,5,1,0.024382,0.975913,0.975913,0.113594,16.130331,3.701872,-0.113594
nonmember,26932,9,9,1,0.000000,1.000000,1.000000,0.000003,47.923264,15.415619,-0.000003
nonmember,22808,2,2,1,0.000362,0.999638,0.999638,0.003388,16.131968,8.031285,-0.003388
nonmember,41468,9,9,1,0.000262,0.999738,0.999738,0.002423,20.632658,8.246726,-0.002423
nonmember,22747,1,1,1,0.000105,0.999894,0.999894,0.001158,22.189674,9.663193,-0.001158
nonmember,29253,6,6,1,-0.000000,1.000000,1.000000,0.000000,29.660801,18.127262,-0.000000
nonmember,21799,9,0,0,4.809186,0.008154,0.814273,0.514735,7.106668,-4.603725,0.514735
nonmember,4660,4,4,1,0.087909,0.915845,0.915845,0.322432,8.528198,2.506403,-0.322432
nonmember,6394,3,3,1,0.000679,0.999322,0.999322,0.006056,13.683436,7.649954,-0.006056
nonmember,648,2,5,0,2.234324,0.107064,0.656030,0.939379,6.639602,-1.812775,0.939379
nonmember,48364,2,2,1,0.000000,1.000000,1.000000,0.000004,20.179005,15.354912,-0.000004
nonmember,15311,3,3,1,0.005144,0.994870,0.994870,0.032334,21.928257,5.272444,-0.032334
nonmember,1392,8,8,1,-0.000000,1.000000,1.000000,0.000000,37.391289,29.224274,-0.000000
nonmember,6014,3,3,1,0.140943,0.868539,0.868539,0.392697,13.418587,1.891856,-0.392697
nonmember,24636,2,5,0,7.420432,0.000599,0.997978,0.016069,9.160778,-7.418407,0.016069
nonmember,13118,1,0,0,9.155802,0.000106,0.999485,0.004704,3.518146,-9.155287,0.004704
nonmember,4548,5,3,0,0.827372,0.437197,0.556576,0.720654,12.092235,-0.241421,0.720654
nonmember,44160,5,5,1,-0.000000,1.000000,1.000000,0.000000,26.684624,20.517010,-0.000000
nonmember,13298,9,9,1,0.000369,0.999632,0.999632,0.003366,17.678574,7.960448,-0.003366
nonmember,6882,8,8,1,0.424828,0.653882,0.653882,0.682355,9.136712,0.657102,-0.682355
nonmember,38572,6,6,1,-0.000000,1.000000,1.000000,0.000000,37.916943,21.224230,-0.000000
nonmember,13153,6,6,1,0.047229,0.953869,0.953869,0.212172,8.966295,3.192802,-0.212172
nonmember,44607,7,7,1,0.000007,0.999993,0.999993,0.000091,23.699633,12.232816,-0.000091
nonmember,28974,9,9,1,0.000001,0.999999,0.999999,0.000011,21.681971,14.593361,-0.000011
nonmember,42386,7,7,1,0.000002,0.999998,0.999998,0.000025,19.293589,13.327116,-0.000025
nonmember,6988,1,1,1,0.000948,0.999053,0.999053,0.008055,31.425627,7.221546,-0.008055
nonmember,9123,0,0,1,0.002746,0.997258,0.997258,0.019031,22.983442,5.903168,-0.019031
nonmember,6205,3,3,1,0.748001,0.473312,0.473312,0.989408,7.030666,0.139277,-0.989408
nonmember,4402,3,5,0,2.470386,0.084552,0.893181,0.410030,7.516959,-2.357420,0.410030
nonmember,16796,3,3,1,0.062696,0.939229,0.939229,0.266188,13.721562,2.975871,-0.266188
nonmember,6233,1,1,1,0.000001,0.999999,0.999999,0.000021,38.295784,13.427952,-0.000021
nonmember,6253,5,8,0,1.290885,0.275027,0.602588,1.001076,5.374108,-0.784364,1.001076
nonmember,11912,0,1,0,6.317005,0.001805,0.987567,0.079778,2.904071,-6.304494,0.079778
nonmember,2990,4,4,1,0.000046,0.999954,0.999954,0.000512,21.171461,10.027769,-0.000512
nonmember,25201,1,1,1,0.000022,0.999978,0.999978,0.000275,23.985174,11.397749,-0.000275
nonmember,20076,5,5,1,0.153601,0.857614,0.857614,0.409271,23.722031,1.795616,-0.409271
nonmember,6739,7,7,1,0.000000,1.000000,1.000000,0.000001,38.596493,16.618841,-0.000001
nonmember,34053,2,2,1,0.112903,0.893237,0.893237,0.339694,33.435871,2.124239,-0.339694
nonmember,46607,2,2,1,0.000001,0.999999,0.999999,0.000011,20.968132,14.142949,-0.000011
nonmember,49294,5,3,0,0.923619,0.397079,0.530845,0.937572,11.941855,-0.290335,0.937572
nonmember,5262,8,8,1,0.003461,0.996545,0.996545,0.023695,12.517356,5.709759,-0.023695
nonmember,38018,9,2,0,10.454168,0.000029,0.791186,0.632566,-3.048381,-10.219946,0.632566
nonmember,36690,4,4,1,0.000236,0.999764,0.999764,0.002429,16.149824,8.921724,-0.002429
nonmember,26471,1,1,1,0.111677,0.894333,0.894333,0.346184,19.243473,2.152157,-0.346184
nonmember,9264,5,5,1,0.310096,0.733377,0.733377,0.602790,15.618461,1.028899,-0.602790
nonmember,17534,1,1,1,-0.000000,1.000000,1.000000,0.000000,29.161469,22.035545,-0.000000
nonmember,29469,1,1,1,0.007322,0.992705,0.992705,0.043297,21.080154,4.915880,-0.043297
nonmember,33516,0,3,0,9.268606,0.000094,0.995459,0.029507,7.543757,-9.264055,0.029507
nonmember,39997,6,6,1,0.003141,0.996864,0.996864,0.021207,28.579414,5.761789,-0.021207
nonmember,10565,3,5,0,0.880706,0.414490,0.585508,0.678478,16.971193,-0.345430,0.678478
nonmember,17815,1,1,1,0.000007,0.999993,0.999993,0.000098,21.332054,11.966353,-0.000098
nonmember,22824,1,1,1,0.000001,0.999999,0.999999,0.000012,37.558819,14.016376,-0.000012
nonmember,19869,1,1,1,0.009329,0.990714,0.990714,0.052707,21.199465,4.670103,-0.052707
nonmember,26085,6,6,1,0.000002,0.999998,0.999998,0.000024,30.666338,13.783674,-0.000024
nonmember,25115,2,2,1,0.000018,0.999982,0.999982,0.000233,14.120585,11.167929,-0.000233
nonmember,33596,0,0,1,-0.000000,1.000000,1.000000,0.000000,46.756329,18.234327,-0.000000
nonmember,24411,3,5,0,4.961877,0.007000,0.984516,0.090612,11.329313,-4.946272,0.090612
nonmember,25528,2,3,0,6.014124,0.002444,0.985974,0.089299,3.946236,-5.999998,0.089299
nonmember,10552,7,7,1,0.079799,0.923302,0.923302,0.271078,16.233324,2.488771,-0.271078
nonmember,1442,7,7,1,0.287042,0.750480,0.750480,0.798246,7.644801,1.612641,-0.798246
nonmember,45177,9,9,1,0.000000,1.000000,1.000000,0.000001,20.434196,16.641838,-0.000001
nonmember,49014,5,7,0,15.678169,0.000000,0.999980,0.000240,4.198335,-15.678149,0.000240
nonmember,19658,8,8,1,-0.000000,1.000000,1.000000,0.000001,30.167522,16.687485,-0.000001
nonmember,26003,0,0,1,0.011160,0.988902,0.988902,0.060997,15.731704,4.489889,-0.060997
nonmember,44576,3,7,0,0.976098,0.376778,0.473410,1.105395,8.945077,-0.228305,1.105395
nonmember,37648,0,8,0,13.784235,0.000001,0.999999,0.000015,14.503489,-13.784234,0.000015
nonmember,47240,6,3,0,2.628119,0.072214,0.919390,0.307914,13.077687,-2.544075,0.307914
nonmember,11077,5,3,0,4.560224,0.010460,0.799041,0.547057,10.585128,-4.335881,0.547057
nonmember,9793,5,5,1,0.000057,0.999943,0.999943,0.000616,24.793566,9.769629,-0.000616
nonmember,21124,5,3,0,7.390776,0.000617,0.820736,0.494391,5.257207,-7.193222,0.494391
nonmember,13585,2,2,1,0.001015,0.998985,0.998985,0.008013,17.334572,6.892730,-0.008013
nonmember,30749,0,0,1,0.167577,0.845711,0.845711,0.490203,8.466486,1.824507,-0.490203
nonmember,48932,6,6,1,0.010375,0.989679,0.989679,0.058677,16.549110,4.588305,-0.058677
nonmember,36190,7,7,1,0.000002,0.999998,0.999998,0.000027,26.425768,13.183621,-0.000027
nonmember,25806,4,4,1,0.000002,0.999998,0.999998,0.000028,25.134977,13.297696,-0.000028
nonmember,8761,3,3,1,0.136139,0.872721,0.872721,0.539601,7.740331,2.711296,-0.539601
nonmember,41818,0,8,0,13.158463,0.000002,0.999998,0.000027,12.473490,-13.158461,0.000027
nonmember,5438,1,1,1,0.021047,0.979173,0.979173,0.115070,17.300915,4.327926,-0.115070
nonmember,10229,1,1,1,0.000001,0.999999,0.999999,0.000017,51.664017,13.656822,-0.000017
nonmember,44192,3,8,0,1.935136,0.144405,0.855564,0.413272,10.013239,-1.779141,0.413272
nonmember,7462,0,2,0,7.146473,0.000788,0.999212,0.006418,16.269526,-7.145685,0.006418
nonmember,23381,7,7,1,0.000000,1.000000,1.000000,0.000001,30.857965,17.113838,-0.000001
nonmember,42102,9,9,1,0.000040,0.999960,0.999960,0.000460,17.828194,10.258618,-0.000460
nonmember,32791,2,3,0,4.828442,0.007999,0.989507,0.064737,6.806854,-4.817894,0.064737
nonmember,911,0,2,0,3.011804,0.049203,0.950413,0.199639,10.573245,-2.960946,0.199639
nonmember,2772,2,2,1,0.001062,0.998939,0.998939,0.008747,12.917873,6.947701,-0.008747
nonmember,36532,5,5,1,0.013032,0.987052,0.987052,0.069192,18.971443,4.334145,-0.069192
nonmember,2351,9,9,1,0.000002,0.999998,0.999998,0.000028,29.368799,13.151922,-0.000028
nonmember,23048,3,5,0,14.296128,0.000001,0.999943,0.000620,13.869071,-14.296071,0.000620
nonmember,35578,8,8,1,0.000782,0.999219,0.999219,0.006396,15.024016,7.158823,-0.006396
nonmember,28299,5,5,1,0.040900,0.959925,0.959925,0.180503,14.938729,3.247558,-0.180503
nonmember,49928,6,6,1,0.000000,1.000000,1.000000,0.000007,26.574957,14.602442,-0.000007
nonmember,27824,7,4,0,2.344839,0.095863,0.865761,0.515708,6.293622,-2.200693,0.515708
nonmember,3942,6,6,1,-0.000000,1.000000,1.000000,0.000000,43.664219,29.713966,-0.000000
nonmember,10079,1,1,1,-0.000000,1.000000,1.000000,0.000001,37.954914,16.691406,-0.000001
nonmember,30166,1,1,1,0.001540,0.998461,0.998461,0.012569,16.903137,7.108973,-0.012569
nonmember,12038,1,1,1,0.000000,1.000000,1.000000,0.000004,21.968868,15.693033,-0.000004
nonmember,2595,2,4,0,4.384717,0.012466,0.941390,0.263006,6.320883,-4.324319,0.263006
nonmember,17704,9,1,0,3.566451,0.028256,0.971744,0.128634,15.208581,-3.537787,0.128634
nonmember,2442,4,4,1,0.004993,0.995019,0.995019,0.037818,11.498653,6.250556,-0.037818
nonmember,1295,2,2,1,0.000219,0.999781,0.999781,0.002266,12.280443,8.919518,-0.002266
nonmember,34821,1,1,1,0.000000,1.000000,1.000000,0.000002,29.432484,15.742591,-0.000002
nonmember,2649,3,2,0,5.788886,0.003061,0.995322,0.033192,8.082909,-5.784197,0.033192
nonmember,1807,6,6,1,0.046483,0.954581,0.954581,0.231580,12.348801,3.866323,-0.231580
nonmember,23935,3,4,0,3.041211,0.047777,0.895914,0.407660,11.852387,-2.931300,0.407660
nonmember,2861,0,0,1,0.005402,0.994612,0.994612,0.036087,15.153334,5.419250,-0.036087
nonmember,11168,2,2,1,0.000607,0.999393,0.999393,0.005104,22.734442,7.406176,-0.005104
nonmember,12993,0,8,0,3.717803,0.024287,0.975713,0.114286,20.156563,-3.693216,0.114286
nonmember,8897,7,7,1,0.001321,0.998680,0.998680,0.010305,14.097340,6.663451,-0.010305
nonmember,9311,3,3,1,0.001466,0.998535,0.998535,0.011352,16.270657,6.578283,-0.011352
nonmember,30398,8,8,1,-0.000000,1.000000,1.000000,0.000000,25.449942,20.287996,-0.000000
nonmember,31022,3,3,1,0.517279,0.596140,0.596140,0.922820,10.539448,0.750090,-0.922820
nonmember,32132,8,8,1,-0.000000,1.000000,1.000000,0.000000,29.581520,19.065210,-0.000000
nonmember,1748,9,9,1,0.000001,0.999999,0.999999,0.000010,30.516764,14.243393,-0.000010
nonmember,48915,1,1,1,0.004524,0.995486,0.995486,0.028882,25.464851,5.396070,-0.028882
nonmember,18980,8,8,1,0.324349,0.722998,0.722998,0.787589,19.145292,1.513067,-0.787589
nonmember,18937,9,9,1,0.000009,0.999991,0.999991,0.000123,20.926981,12.327408,-0.000123
nonmember,9654,9,9,1,0.001197,0.998803,0.998803,0.010083,15.454902,7.406835,-0.010083
nonmember,28146,4,4,1,0.214249,0.807147,0.807147,0.514784,13.271301,1.456733,-0.514784
nonmember,20944,9,9,1,0.000001,0.999999,0.999999,0.000019,35.468941,13.543333,-0.000019
nonmember,4563,0,4,0,0.846210,0.429038,0.566341,0.710967,12.469829,-0.277652,0.710967
nonmember,15259,4,4,1,0.003172,0.996833,0.996833,0.024719,15.645041,6.334337,-0.024719
nonmember,4619,0,0,1,0.693156,0.499996,0.499996,0.693261,14.239147,0.000000,-0.693261
nonmember,8153,3,5,0,3.273223,0.037884,0.951102,0.230018,8.444714,-3.223088,0.230018
nonmember,7811,4,4,1,0.002154,0.997849,0.997849,0.016025,13.787408,6.219887,-0.016025
nonmember,9270,9,9,1,-0.000000,1.000000,1.000000,0.000000,37.594944,19.048779,-0.000000
nonmember,12865,1,5,0,11.511002,0.000010,0.997697,0.017472,3.447497,-11.508696,0.017472
nonmember,2158,9,9,1,0.015968,0.984159,0.984159,0.082975,13.130594,4.146732,-0.082975
nonmember,48336,8,8,1,0.000129,0.999871,0.999871,0.001419,17.516907,9.682948,-0.001419
nonmember,19227,8,8,1,0.000027,0.999973,0.999973,0.000332,18.151907,10.864536,-0.000332
nonmember,49307,6,2,0,6.387058,0.001683,0.996936,0.024013,6.728799,-6.383989,0.024013
nonmember,32248,6,6,1,0.000414,0.999586,0.999586,0.003639,22.134771,7.789475,-0.003639
nonmember,14335,0,8,0,2.279327,0.102353,0.626532,0.892533,7.163032,-1.811771,0.892533
nonmember,47572,7,9,0,8.712244,0.000165,0.998691,0.010497,8.281530,-8.710934,0.010497
nonmember,12750,3,5,0,8.062447,0.000315,0.999653,0.003231,11.708210,-8.062099,0.003231
nonmember,34667,9,9,1,0.317730,0.727799,0.727799,0.773110,22.087719,1.593714,-0.773110
nonmember,31439,5,5,1,0.029921,0.970522,0.970522,0.149940,12.385470,3.701097,-0.149940
nonmember,16466,8,8,1,0.000086,0.999914,0.999914,0.000912,14.566714,9.429828,-0.000912
nonmember,12296,0,0,1,0.000148,0.999852,0.999852,0.001553,14.557118,9.065900,-0.001553
nonmember,7062,4,6,0,6.268283,0.001895,0.852771,0.436928,10.457052,-6.109018,0.436928
nonmember,28494,6,6,1,0.001102,0.998899,0.998899,0.008656,14.380280,6.817625,-0.008656
nonmember,11921,2,2,1,0.237626,0.788497,0.788497,0.589132,7.170712,1.412675,-0.589132
nonmember,8568,9,9,1,-0.000000,1.000000,1.000000,0.000000,26.292154,19.102346,-0.000000
nonmember,3269,8,8,1,0.000652,0.999349,0.999349,0.005924,18.359755,7.918025,-0.005924
nonmember,22466,9,9,1,0.000005,0.999995,0.999995,0.000068,29.183592,12.170334,-0.000068
nonmember,49641,0,0,1,0.001391,0.998610,0.998610,0.010911,14.518455,6.637930,-0.010911
nonmember,8402,9,9,1,0.000135,0.999865,0.999865,0.001334,26.896984,8.913166,-0.001334
nonmember,12481,8,8,1,0.058002,0.943648,0.943648,0.217168,18.022902,2.818915,-0.217168
nonmember,10146,0,0,1,0.001527,0.998475,0.998475,0.012658,12.176489,7.198267,-0.012658
nonmember,5861,9,9,1,0.000000,1.000000,1.000000,0.000004,21.301870,15.283920,-0.000004
nonmember,37202,7,7,1,0.000068,0.999932,0.999932,0.000720,18.624834,9.598547,-0.000720
nonmember,34798,6,6,1,0.000292,0.999708,0.999708,0.002857,16.176044,8.454057,-0.002857
nonmember,7936,1,1,1,-0.000000,1.000000,1.000000,0.000000,28.488565,22.083038,-0.000000
nonmember,41966,1,1,1,0.000000,1.000000,1.000000,0.000006,54.912750,14.819408,-0.000006
nonmember,10378,2,9,0,10.684916,0.000023,0.999128,0.007143,3.632555,-10.684044,0.007143
nonmember,13177,2,6,0,1.793417,0.166391,0.639189,1.024474,4.047778,-1.345861,1.024474
nonmember,19364,2,2,1,0.157347,0.854407,0.854407,0.452313,12.811425,1.837549,-0.452313
nonmember,12732,1,1,1,0.000432,0.999569,0.999569,0.003775,36.164665,7.747757,-0.003775
nonmember,15217,3,3,1,0.000030,0.999970,0.999970,0.000372,21.831011,11.177205,-0.000372
nonmember,26982,2,2,1,0.005068,0.994945,0.994945,0.033022,11.539472,5.330848,-0.033022
nonmember,20450,4,4,1,0.001389,0.998612,0.998612,0.010944,18.023750,6.665787,-0.010944
nonmember,33352,4,4,1,0.026653,0.973699,0.973699,0.125290,16.874388,3.637914,-0.125290
nonmember,22878,6,6,1,0.000001,0.999999,0.999999,0.000021,22.010117,13.897503,-0.000021
nonmember,21712,3,3,1,0.109917,0.895908,0.895908,0.352086,15.597241,2.194963,-0.352086
nonmember,32382,7,4,0,1.931338,0.144954,0.792425,0.647503,8.932569,-1.698681,0.647503
nonmember,32321,2,3,0,3.958589,0.019090,0.889363,0.444715,7.730910,-3.841339,0.444715
nonmember,35902,5,3,0,3.706271,0.024569,0.704798,1.064278,0.475984,-3.356427,1.064278
nonmember,5904,8,8,1,0.605346,0.545886,0.545886,0.689006,21.622553,0.184074,-0.689006
nonmember,42164,4,7,0,10.898070,0.000018,0.980934,0.114671,1.003413,-10.878820,0.114671
nonmember,33201,6,6,1,0.000395,0.999606,0.999606,0.003673,18.632463,8.033084,-0.003673
nonmember,26452,1,1,1,0.000490,0.999510,0.999510,0.004497,22.043907,7.908083,-0.004497
nonmember,38924,5,2,0,0.831641,0.435335,0.564537,0.686027,15.579467,-0.259891,0.686027
nonmember,14321,3,5,0,4.756492,0.008596,0.595300,0.760531,2.742105,-4.237803,0.760531
nonmember,48606,9,9,1,0.683587,0.504803,0.504803,0.835019,9.578233,0.095058,-0.835019
nonmember,39511,6,6,1,0.000193,0.999807,0.999807,0.001953,21.240189,8.839797,-0.001953
nonmember,8932,1,1,1,0.000001,0.999999,0.999999,0.000021,23.620907,13.614861,-0.000021
nonmember,6463,6,6,1,0.000001,0.999999,0.999999,0.000010,25.397785,14.251169,-0.000010
nonmember,12372,8,8,1,0.000849,0.999151,0.999151,0.006851,17.829844,7.070862,-0.006851
nonmember,28113,0,0,1,0.000748,0.999252,0.999252,0.006210,18.808594,7.215052,-0.006210
nonmember,31741,2,5,0,2.203609,0.110404,0.889572,0.347653,18.339869,-2.086594,0.347653
nonmember,16935,5,5,1,0.000542,0.999458,0.999458,0.004620,20.594494,7.519753,-0.004620
nonmember,24999,1,1,1,0.000005,0.999995,0.999995,0.000067,36.991005,12.227993,-0.000067
nonmember,26529,5,5,1,0.147324,0.863015,0.863015,0.560765,10.096488,2.475041,-0.560765
nonmember,41234,0,0,1,0.008652,0.991385,0.991385,0.050244,19.074057,4.761074,-0.050244
nonmember,16728,9,8,0,3.882295,0.020603,0.501689,0.783662,10.623974,-3.192519,0.783662
nonmember,20549,1,1,1,0.000002,0.999998,0.999998,0.000034,25.262888,13.522193,-0.000034
nonmember,34709,7,7,1,-0.000000,1.000000,1.000000,0.000001,28.211304,17.297390,-0.000001
nonmember,18173,6,6,1,0.274252,0.760140,0.760140,0.581546,25.218563,1.181816,-0.581546
nonmember,11119,3,6,0,4.425993,0.011962,0.953798,0.241876,7.795856,-4.378690,0.241876
nonmember,17644,3,3,1,0.255597,0.774454,0.774454,0.601171,14.078671,1.318954,-0.601171
nonmember,48333,8,8,1,-0.000000,1.000000,1.000000,0.000000,29.309137,18.467735,-0.000000
nonmember,26939,3,3,1,0.153711,0.857520,0.857520,0.522457,8.961777,2.033130,-0.522457
nonmember,15505,2,6,0,0.832304,0.435046,0.518116,0.877394,5.723331,-0.174747,0.877394
nonmember,12407,6,6,1,0.000025,0.999975,0.999975,0.000293,22.722334,10.690123,-0.000293
nonmember,15520,8,8,1,0.063526,0.938450,0.938450,0.233417,12.184568,2.729578,-0.233417
nonmember,25340,6,6,1,0.000561,0.999439,0.999439,0.005053,16.516975,7.649101,-0.005053
nonmember,3126,9,9,1,0.000335,0.999665,0.999665,0.003167,20.591810,8.182138,-0.003167
nonmember,19489,6,3,0,11.815019,0.000007,0.999992,0.000105,9.241351,-11.815011,0.000105
nonmember,35567,1,8,0,5.119766,0.005977,0.991639,0.053323,17.917801,-5.111370,0.053323
nonmember,45031,7,2,0,1.603541,0.201183,0.798216,0.507297,11.856765,-1.378164,0.507297
nonmember,30387,5,2,0,0.784947,0.456144,0.530881,0.763070,12.917908,-0.151730,0.763070
nonmember,27865,2,2,1,0.001439,0.998562,0.998562,0.010955,12.955491,6.554170,-0.010955
nonmember,16100,0,0,1,0.002589,0.997415,0.997415,0.018020,17.285549,5.957099,-0.018020
nonmember,36781,3,3,1,0.188088,0.828542,0.828542,0.458196,21.558083,1.575333,-0.458196
nonmember,30512,6,6,1,0.000000,1.000000,1.000000,0.000003,26.275934,15.558463,-0.000003
nonmember,15572,0,0,1,0.027000,0.973361,0.973361,0.123491,16.414600,3.601965,-0.123491
nonmember,45356,9,9,1,0.000000,1.000000,1.000000,0.000002,35.578365,15.911972,-0.000002
nonmember,10583,7,7,1,0.144154,0.865755,0.865755,0.455737,8.816924,2.002544,-0.455737
nonmember,8842,0,0,1,0.000001,0.999999,0.999999,0.000018,31.458879,13.723646,-0.000018
nonmember,11380,2,2,1,0.000084,0.999916,0.999916,0.000911,15.964136,9.543770,-0.000911
nonmember,17880,5,5,1,0.000014,0.999986,0.999986,0.000172,28.201324,11.169502,-0.000172
nonmember,4520,9,9,1,-0.000000,1.000000,1.000000,0.000000,28.607803,18.254807,-0.000000
nonmember,35373,0,0,1,0.003630,0.996377,0.996377,0.024404,19.275379,5.642278,-0.024404
nonmember,16054,9,9,1,0.000000,1.000000,1.000000,0.000002,21.472414,16.321186,-0.000002
nonmember,35705,1,1,1,0.583718,0.557820,0.557820,0.949195,10.380974,0.473311,-0.949195
nonmember,21402,3,5,0,1.335397,0.263054,0.722213,0.648670,10.986278,-1.009961,0.648670
nonmember,11335,2,2,1,0.000120,0.999880,0.999880,0.001216,23.641153,9.042700,-0.001216
nonmember,36197,2,5,0,1.950438,0.142212,0.582986,1.094261,6.033282,-1.410845,1.094261
nonmember,1289,8,9,0,9.011700,0.000122,0.997623,0.017534,4.728223,-9.009319,0.017534
nonmember,11426,7,7,1,0.278416,0.756982,0.756982,0.836680,8.486612,2.116181,-0.836680
nonmember,39990,1,1,1,0.003247,0.996758,0.996758,0.023660,12.043299,5.902746,-0.023660
nonmember,3935,1,1,1,0.069705,0.932669,0.932669,0.250792,14.072580,2.639162,-0.250792
nonmember,45617,8,9,0,13.386946,0.000002,0.999785,0.002202,-0.481794,-13.386730,0.002202
nonmember,42345,2,2,1,0.794622,0.451752,0.451752,1.271353,5.370172,0.409031,-1.271353
nonmember,37520,7,7,1,0.000002,0.999998,0.999998,0.000034,18.611807,13.031269,-0.000034
nonmember,21072,6,5,0,9.115433,0.000110,0.509957,0.708158,2.226172,-8.442004,0.708158
nonmember,48684,7,7,1,0.058739,0.942952,0.942952,0.264179,13.020700,3.151602,-0.264179
nonmember,1451,4,3,0,16.040394,0.000000,0.999939,0.000656,8.403460,-16.040333,0.000656
nonmember,1501,2,2,1,0.015086,0.985028,0.985028,0.088659,14.866385,4.665487,-0.088659
nonmember,42278,9,9,1,0.167393,0.845867,0.845867,0.434924,14.472221,1.707644,-0.434924
nonmember,35532,3,8,0,8.044652,0.000321,0.950990,0.229890,3.034578,-7.994401,0.229890
nonmember,42305,1,1,1,0.000001,0.999999,0.999999,0.000021,20.885874,13.513687,-0.000021
nonmember,2635,8,8,1,0.004472,0.995538,0.995538,0.032815,15.901875,5.916472,-0.032815
nonmember,31111,5,5,1,0.014214,0.985887,0.985887,0.074145,27.037165,4.246431,-0.074145
nonmember,37913,1,1,1,0.025011,0.975299,0.975299,0.115814,33.896454,3.675913,-0.115814
nonmember,44287,9,9,1,0.000022,0.999978,0.999978,0.000266,18.639587,10.772358,-0.000266
nonmember,43929,7,7,1,0.000028,0.999972,0.999972,0.000339,19.994394,10.679896,-0.000339
nonmember,47508,2,2,1,0.013280,0.986807,0.986807,0.074293,11.115030,4.389661,-0.074293
nonmember,45358,0,0,1,-0.000000,1.000000,1.000000,0.000001,22.464043,17.134314,-0.000001
nonmember,45669,7,7,1,0.003568,0.996438,0.996438,0.023635,29.186068,5.633905,-0.023635
nonmember,13451,4,4,1,0.001545,0.998456,0.998456,0.012183,12.393494,6.585767,-0.012183
nonmember,25950,3,3,1,0.032150,0.968361,0.968361,0.140701,20.806822,3.422497,-0.140701
nonmember,19577,3,3,1,0.627439,0.533957,0.533957,0.913612,13.985758,0.338406,-0.913612
nonmember,48564,1,1,1,0.024680,0.975622,0.975622,0.114618,31.045811,3.689415,-0.114618
nonmember,31014,9,7,0,3.480986,0.030777,0.958658,0.196122,6.842140,-3.438765,0.196122
nonmember,40490,5,2,0,13.999372,0.000001,0.857306,0.490316,-3.129465,-13.845412,0.490316
nonmember,27754,4,4,1,0.000001,0.999999,0.999999,0.000010,24.749123,14.423106,-0.000010
nonmember,41666,1,1,1,-0.000000,1.000000,1.000000,0.000000,40.081821,18.889145,-0.000000
nonmember,20685,3,3,1,0.030674,0.969791,0.969791,0.135469,22.687273,3.468952,-0.135469
nonmember,40507,9,9,1,0.000012,0.999988,0.999988,0.000151,28.677166,11.308296,-0.000151
nonmember,42384,5,7,0,10.127286,0.000040,0.682930,0.625323,7.161099,-9.745923,0.625323
nonmember,37754,2,2,1,0.001041,0.998960,0.998960,0.009121,12.468331,7.333877,-0.009121
nonmember,14293,6,6,1,-0.000000,1.000000,1.000000,0.000000,43.752628,31.752850,-0.000000
nonmember,27402,1,9,0,12.795644,0.000003,0.999907,0.000969,5.831569,-12.795551,0.000969
nonmember,16875,2,7,0,11.967313,0.000006,0.999292,0.006619,0.242585,-11.966605,0.006619
nonmember,48253,8,8,1,0.000003,0.999997,0.999997,0.000034,33.896049,12.910591,-0.000034
nonmember,5175,5,2,0,1.495334,0.224174,0.516061,1.083451,10.719403,-0.833804,1.083451
nonmember,3315,1,1,1,0.003715,0.996292,0.996292,0.024972,22.706461,5.625521,-0.024972
nonmember,46335,9,7,0,30.078178,0.000000,0.999797,0.001927,-5.852994,-30.077976,0.001927
nonmember,8413,9,9,1,-0.000000,1.000000,1.000000,0.000000,30.414276,24.897991,-0.000000
nonmember,11196,1,1,1,0.000000,1.000000,1.000000,0.000001,36.993160,16.544689,-0.000001
nonmember,21412,2,2,1,0.000002,0.999998,0.999998,0.000022,28.086113,13.379436,-0.000022
nonmember,13657,9,9,1,-0.000000,1.000000,1.000000,0.000000,33.659477,21.625870,-0.000000
nonmember,2231,5,5,1,0.258550,0.772170,0.772170,0.741037,7.794500,1.637247,-0.741037
nonmember,4466,8,8,1,0.002242,0.997760,0.997760,0.016058,12.729873,6.110444,-0.016058
nonmember,49106,2,2,1,-0.000000,1.000000,1.000000,0.000001,22.971762,17.388716,-0.000001
nonmember,18592,4,4,1,0.021415,0.978813,0.978813,0.107098,10.967117,3.882531,-0.107098
nonmember,3703,3,2,0,1.122459,0.325478,0.578328,0.909611,13.872652,-0.574845,0.909611
nonmember,11100,0,0,1,0.000125,0.999875,0.999875,0.001319,14.869132,9.155496,-0.001319
nonmember,26594,8,8,1,0.480840,0.618264,0.618264,0.665090,20.981308,0.482227,-0.665090
nonmember,30490,3,6,0,11.241540,0.000013,0.883064,0.390285,-1.192210,-11.117182,0.390285
nonmember,47846,2,2,1,0.125321,0.882214,0.882214,0.385865,12.146844,2.055485,-0.385865
nonmember,44174,2,7,0,0.910082,0.402491,0.595716,0.687505,11.144570,-0.392091,0.687505
nonmember,1884,2,7,0,11.230501,0.000013,0.998407,0.011955,8.670919,-11.228907,0.011955
nonmember,457,0,0,1,0.000276,0.999724,0.999724,0.002551,25.383705,8.201942,-0.002551
nonmember,32348,1,9,0,4.243511,0.014357,0.985643,0.075178,27.468567,-4.229050,0.075178
nonmember,20832,4,2,0,4.666326,0.009407,0.990125,0.057677,7.164457,-4.656402,0.057677
nonmember,16620,8,8,1,-0.000000,1.000000,1.000000,0.000000,35.983570,25.361216,-0.000000
nonmember,588,6,6,1,-0.000000,1.000000,1.000000,0.000001,30.116076,16.841755,-0.000001
nonmember,42770,8,3,0,0.763345,0.466105,0.531769,0.705622,12.929480,-0.131800,0.705622
nonmember,16179,4,4,1,0.239019,0.787400,0.787400,0.647057,10.234571,1.552558,-0.647057
nonmember,22876,5,7,0,10.209270,0.000037,0.907051,0.309681,7.516585,-10.111713,0.309681
nonmember,30704,3,3,1,0.340196,0.711631,0.711631,0.724719,13.085927,1.028659,-0.724719
nonmember,6098,0,0,1,0.046083,0.954963,0.954963,0.202428,15.176909,3.212494,-0.202428
nonmember,45925,6,6,1,0.003094,0.996911,0.996911,0.020951,24.653805,5.777035,-0.020951
nonmember,1344,5,5,1,0.001286,0.998715,0.998715,0.010528,20.718439,6.912788,-0.010528
nonmember,468,0,0,1,-0.000000,1.000000,1.000000,0.000000,49.143478,35.035507,-0.000000
nonmember,47123,2,4,0,3.837615,0.021545,0.637238,0.737407,8.043982,-3.387003,0.737407
nonmember,49007,8,8,1,0.003952,0.996056,0.996056,0.025769,20.320957,5.531604,-0.025769
nonmember,43701,3,1,0,12.167127,0.000005,0.644289,0.671673,0.439829,-11.727518,0.671673
nonmember,12353,8,8,1,0.000001,0.999999,0.999999,0.000010,30.615536,14.188066,-0.000010
nonmember,6301,7,4,0,9.460873,0.000078,0.999905,0.001035,10.716750,-9.460778,0.001035
nonmember,44275,0,8,0,1.038270,0.354067,0.523548,1.097741,5.676213,-0.391143,1.097741
nonmember,15666,4,4,1,0.000003,0.999997,0.999997,0.000037,24.933144,12.852589,-0.000037
nonmember,16298,7,7,1,-0.000000,1.000000,1.000000,0.000000,31.835247,20.260021,-0.000000
nonmember,20585,4,4,1,0.000013,0.999987,0.999987,0.000171,20.786827,12.131610,-0.000171
nonmember,3289,3,3,1,0.465297,0.627948,0.627948,1.117508,4.626247,0.987226,-1.117508
nonmember,42103,0,0,1,-0.000000,1.000000,1.000000,0.000000,31.121387,23.965397,-0.000000
nonmember,4401,7,7,1,0.147941,0.862482,0.862482,0.472547,14.205140,2.037549,-0.472547
nonmember,10123,9,9,1,0.000000,1.000000,1.000000,0.000006,21.426273,14.869476,-0.000006
nonmember,27227,4,5,0,5.768157,0.003126,0.838211,0.459842,4.610965,-5.591671,0.459842
nonmember,13399,9,9,1,-0.000000,1.000000,1.000000,0.000001,25.088243,17.724188,-0.000001
nonmember,15697,2,9,0,11.699614,0.000008,0.606376,0.788794,1.799013,-11.199359,0.788794
nonmember,19676,6,6,1,0.000001,0.999999,0.999999,0.000021,21.550373,13.529031,-0.000021
nonmember,10390,9,9,1,0.058917,0.942785,0.942785,0.233216,15.242509,2.856582,-0.233216
nonmember,16266,2,2,1,0.027129,0.973236,0.973236,0.143833,11.608808,4.272364,-0.143833
nonmember,2826,2,2,1,0.079995,0.923121,0.923121,0.340468,10.914442,3.180575,-0.340468
nonmember,20574,0,0,1,0.012136,0.987937,0.987937,0.065281,17.800861,4.405493,-0.065281
nonmember,8374,1,1,1,0.050565,0.950692,0.950692,0.197249,14.108471,2.961119,-0.197249
nonmember,27512,1,1,1,0.046955,0.954131,0.954131,0.186168,36.450245,3.035004,-0.186168
nonmember,40580,4,6,0,3.346780,0.035198,0.897690,0.408599,11.152126,-3.238850,0.408599
nonmember,30658,9,9,1,0.053047,0.948335,0.948335,0.203697,16.929016,2.910636,-0.203697
nonmember,29871,3,5,0,1.417872,0.242229,0.738910,0.659828,10.296439,-1.115294,0.659828
nonmember,16323,4,4,1,0.022773,0.977485,0.977485,0.131411,8.191887,4.229815,-0.131411
nonmember,35542,9,9,1,0.000242,0.999758,0.999758,0.002299,20.865253,8.368731,-0.002299
nonmember,24901,7,6,0,7.970934,0.000345,0.575438,0.792508,0.714804,-7.418311,0.792508
nonmember,2993,2,2,1,0.000358,0.999642,0.999642,0.003236,13.440480,7.953482,-0.003236
nonmember,48980,5,5,1,0.000029,0.999971,0.999971,0.000335,20.794064,10.456542,-0.000335
nonmember,11574,1,9,0,9.185740,0.000102,0.999897,0.001044,42.731083,-9.185638,0.001044
nonmember,2088,4,7,0,2.067105,0.126552,0.873448,0.379779,18.508965,-1.931799,0.379779
nonmember,26152,9,9,1,0.000011,0.999989,0.999989,0.000135,33.262234,11.450850,-0.000135
nonmember,27735,3,3,1,0.004770,0.995242,0.995242,0.034642,11.274220,5.796533,-0.034642
nonmember,29094,9,9,1,0.015861,0.984264,0.984264,0.080945,30.485876,4.135929,-0.080945
nonmember,23837,1,1,1,-0.000000,1.000000,1.000000,0.000000,45.553970,20.175406,-0.000000
nonmember,35979,1,1,1,0.015016,0.985096,0.985096,0.077486,23.130411,4.191133,-0.077486
nonmember,22917,9,9,1,0.000859,0.999142,0.999142,0.006921,19.291496,7.060347,-0.006921
nonmember,26463,8,8,1,0.000000,1.000000,1.000000,0.000002,41.247238,15.994137,-0.000002
nonmember,29356,9,9,1,0.000007,0.999993,0.999993,0.000087,24.432959,12.089562,-0.000087
nonmember,12945,2,2,1,0.000243,0.999757,0.999757,0.002499,15.091763,8.734662,-0.002499
nonmember,9113,1,1,1,0.000007,0.999993,0.999993,0.000090,26.053526,11.865675,-0.000090
nonmember,23825,0,0,1,0.000198,0.999802,0.999802,0.001891,21.243979,8.528393,-0.001891
nonmember,20186,7,9,0,2.696315,0.067454,0.931192,0.258690,8.202797,-2.625025,0.258690
nonmember,36619,7,7,1,0.000040,0.999960,0.999960,0.000449,35.224518,10.116123,-0.000449
nonmember,10761,0,0,1,0.013095,0.986991,0.986991,0.070010,20.867796,4.336882,-0.070010
nonmember,12946,1,1,1,0.000000,1.000000,1.000000,0.000003,30.932774,15.449410,-0.000003
nonmember,49637,9,9,1,0.000003,0.999997,0.999997,0.000040,23.003082,13.403591,-0.000040
nonmember,29285,1,1,1,0.001010,0.998991,0.998991,0.007973,18.381062,6.897480,-0.007973
nonmember,25336,8,1,0,5.726903,0.003257,0.996568,0.023604,19.981688,-5.723465,0.023604
nonmember,3547,5,5,1,0.000297,0.999703,0.999703,0.002799,18.506618,8.210176,-0.002799
nonmember,10648,1,9,0,0.767163,0.464328,0.535672,0.690600,30.433067,-0.142929,0.690600
nonmember,27218,6,6,1,0.000000,1.000000,1.000000,0.000004,30.669090,15.304831,-0.000004
nonmember,20831,0,0,1,0.000106,0.999894,0.999894,0.001077,22.542433,9.160670,-0.001077
nonmember,29279,6,4,0,6.897274,0.001011,0.977683,0.111215,7.002949,-6.874705,0.111215
nonmember,21666,4,4,1,0.003143,0.996861,0.996861,0.022023,16.343382,5.814471,-0.022023
nonmember,33797,0,0,1,0.000001,0.999999,0.999999,0.000009,21.620232,15.291044,-0.000009
nonmember,13539,7,7,1,0.000013,0.999987,0.999987,0.000156,23.316187,11.285803,-0.000156
nonmember,24196,5,5,1,0.369515,0.691070,0.691070,0.618262,17.200893,0.805130,-0.618262
nonmember,20755,6,6,1,0.000339,0.999661,0.999661,0.003384,16.840340,8.578875,-0.003384
nonmember,13315,8,2,0,2.800047,0.060807,0.929652,0.292069,8.107191,-2.727101,0.292069
nonmember,11806,9,9,1,0.000049,0.999951,0.999951,0.000539,18.712288,9.922460,-0.000539
nonmember,21167,2,6,0,3.777842,0.022872,0.432712,1.319919,10.336164,-2.940159,1.319919
nonmember,32801,5,5,1,0.002672,0.997332,0.997332,0.019770,15.990043,6.059849,-0.019770
nonmember,20292,5,5,1,0.004478,0.995532,0.995532,0.032054,17.007589,5.802408,-0.032054
nonmember,36204,4,5,0,2.128334,0.119035,0.460057,1.038387,9.790029,-1.351929,1.038387
nonmember,10609,4,4,1,0.014230,0.985870,0.985870,0.079684,13.914576,4.383537,-0.079684
nonmember,12783,3,6,0,4.983327,0.006851,0.873622,0.419591,7.372926,-4.848219,0.419591
nonmember,15566,9,9,1,0.000223,0.999777,0.999777,0.002218,24.271339,8.676813,-0.002218
nonmember,36995,6,6,1,0.000078,0.999922,0.999922,0.000832,18.181974,9.506494,-0.000832
nonmember,24501,8,8,1,-0.000000,1.000000,1.000000,0.000000,33.271793,20.078917,-0.000000
nonmember,27951,7,5,0,8.164102,0.000285,0.627458,0.754328,-0.338799,-7.698024,0.754328
nonmember,12124,4,2,0,17.150429,0.000000,0.538065,0.690249,5.237772,-16.530653,0.690249
nonmember,16886,5,5,1,0.000056,0.999944,0.999944,0.000600,30.099651,9.798222,-0.000600
nonmember,13497,0,7,0,19.386347,0.000000,0.999999,0.000018,10.227141,-19.386345,0.000018
nonmember,4010,3,5,0,9.721876,0.000060,0.999936,0.000697,11.106153,-9.721812,0.000697
nonmember,15805,6,6,1,0.023376,0.976895,0.976895,0.125496,10.871872,4.005927,-0.125496
nonmember,7496,8,8,1,0.000000,1.000000,1.000000,0.000005,32.557320,14.954826,-0.000005
nonmember,41524,0,0,1,0.534008,0.586250,0.586250,0.679426,13.367146,0.348789,-0.679426
nonmember,15480,9,9,1,0.000001,0.999999,0.999999,0.000015,26.019417,13.953012,-0.000015
nonmember,45668,4,4,1,0.049213,0.951978,0.951978,0.193211,15.567679,2.988430,-0.193211
nonmember,1992,4,4,1,0.132928,0.875528,0.875528,0.451814,11.818630,2.107690,-0.451814
nonmember,40968,2,2,1,0.015010,0.985102,0.985102,0.084186,18.120260,4.374722,-0.084186
nonmember,9097,9,3,0,1.034143,0.355531,0.642145,0.666444,12.557182,-0.591202,0.666444
nonmember,27847,4,4,1,0.061907,0.939971,0.939971,0.280555,11.408627,3.135273,-0.280555
nonmember,21127,5,1,0,22.035002,0.000000,0.585951,0.813839,-0.957425,-21.500483,0.813839
nonmember,19682,0,6,0,14.381811,0.000001,0.991688,0.054607,1.099367,-14.373465,0.054607
nonmember,26055,8,8,1,0.000093,0.999907,0.999907,0.000996,19.473221,9.412099,-0.000996
nonmember,18521,5,5,1,0.008162,0.991871,0.991871,0.047216,19.854673,4.804227,-0.047216
nonmember,5579,7,7,1,0.001991,0.998011,0.998011,0.015523,12.212863,6.389105,-0.015523
nonmember,45818,2,0,0,3.338346,0.035496,0.953668,0.215266,9.794360,-3.290907,0.215266
nonmember,8891,6,6,1,0.000136,0.999864,0.999864,0.001500,24.176254,9.742934,-0.001500
nonmember,30235,5,5,1,0.078632,0.924380,0.924380,0.269660,10.759287,2.506206,-0.269660
nonmember,8249,0,0,1,0.405475,0.666660,0.666660,0.998647,7.976714,1.340945,-0.998647
nonmember,21837,9,9,1,0.042653,0.958244,0.958244,0.173486,27.901785,3.133257,-0.173486
nonmember,34009,0,0,1,0.001397,0.998604,0.998604,0.010593,16.769754,6.574952,-0.010593
nonmember,28124,2,2,1,0.063397,0.938571,0.938571,0.279449,12.964067,3.223630,-0.279449
nonmember,1423,5,5,1,0.023759,0.976521,0.976521,0.114135,11.519355,3.750497,-0.114135
nonmember,436,0,0,1,0.000116,0.999884,0.999884,0.001170,20.250093,9.069114,-0.001170
nonmember,13084,0,0,1,0.000098,0.999902,0.999902,0.001086,15.925291,9.568267,-0.001086
nonmember,45221,4,4,1,0.000029,0.999971,0.999971,0.000352,18.189295,10.689018,-0.000352
nonmember,33978,3,3,1,0.024677,0.975625,0.975625,0.130466,9.795344,4.041563,-0.130466
nonmember,37188,6,6,1,0.036756,0.963911,0.963911,0.171269,13.059602,3.436099,-0.171269
nonmember,31524,9,9,1,0.000021,0.999979,0.999979,0.000262,14.975120,11.124978,-0.000262
nonmember,14339,1,1,1,0.000003,0.999997,0.999997,0.000041,27.802387,12.737529,-0.000041
nonmember,41221,5,3,0,6.622149,0.001331,0.837873,0.477408,1.703586,-6.445260,0.477408
nonmember,7238,1,1,1,0.001749,0.998253,0.998253,0.013180,19.040981,6.390199,-0.013180
nonmember,44196,5,5,1,0.000167,0.999833,0.999833,0.001646,19.472582,8.725637,-0.001646
nonmember,20912,9,9,1,-0.000000,1.000000,1.000000,0.000000,24.470831,18.612606,-0.000000
nonmember,23964,0,0,1,0.000001,0.999999,0.999999,0.000011,26.258080,14.148989,-0.000011
nonmember,34113,7,7,1,0.000052,0.999948,0.999948,0.000587,23.707071,10.091383,-0.000587
nonmember,43168,7,7,1,0.000718,0.999282,0.999282,0.005988,16.699072,7.256462,-0.005988
nonmember,43761,6,5,0,5.993267,0.002495,0.905732,0.335585,4.613527,-5.894256,0.335585
nonmember,43060,7,4,0,1.146651,0.317699,0.633017,0.821567,5.917439,-0.689393,0.821567
nonmember,5642,0,0,1,0.000283,0.999717,0.999717,0.002592,26.147633,8.171293,-0.002592
nonmember,2743,8,0,0,7.812496,0.000405,0.814787,0.494300,2.503761,-7.607667,0.494300
nonmember,7247,6,6,1,-0.000000,1.000000,1.000000,0.000000,25.829817,19.311989,-0.000000
nonmember,26374,9,7,0,1.848222,0.157517,0.823130,0.530048,6.711878,-1.653580,0.530048
nonmember,26126,3,5,0,2.393292,0.091329,0.898816,0.364174,8.473739,-2.286615,0.364174
nonmember,24347,8,8,1,0.000040,0.999960,0.999960,0.000447,22.531736,10.123960,-0.000447
nonmember,32555,3,0,0,9.083161,0.000114,0.993433,0.041857,2.655911,-9.076573,0.041857
nonmember,30909,0,0,1,-0.000000,1.000000,1.000000,0.000000,25.452408,17.773117,-0.000000
nonmember,31675,8,8,1,0.350298,0.704478,0.704478,0.608957,12.197213,0.869446,-0.608957
nonmember,22237,6,6,1,0.053290,0.948105,0.948105,0.210399,16.888521,2.931362,-0.210399
nonmember,1565,1,1,1,0.000010,0.999990,0.999990,0.000119,39.317596,11.566120,-0.000119
nonmember,16181,4,4,1,-0.000000,1.000000,1.000000,0.000000,27.263010,20.296925,-0.000000
nonmember,12229,7,7,1,0.292662,0.746275,0.746275,0.594967,11.316112,1.099223,-0.594967
nonmember,49329,2,3,0,10.188176,0.000038,0.999912,0.001044,3.034141,-10.188087,0.001044
nonmember,42007,1,1,1,0.009462,0.990583,0.990583,0.057833,21.134487,4.861618,-0.057833
nonmember,18848,8,8,1,0.001559,0.998442,0.998442,0.011652,18.645306,6.464708,-0.011652
nonmember,21194,4,4,1,-0.000000,1.000000,1.000000,0.000000,28.812035,20.593380,-0.000000
nonmember,3772,3,3,1,0.010371,0.989683,0.989683,0.059633,15.288564,4.617144,-0.059633
nonmember,5853,5,1,0,12.035520,0.000006,0.978905,0.123861,-2.933577,-12.014199,0.123861
nonmember,11541,9,9,1,0.000073,0.999927,0.999927,0.000765,26.806326,9.530334,-0.000765
nonmember,35462,7,7,1,-0.000000,1.000000,1.000000,0.000001,35.612690,16.897894,-0.000001
nonmember,26678,8,8,1,0.000000,1.000000,1.000000,0.000003,34.332287,15.565817,-0.000003
nonmember,33420,6,6,1,0.060567,0.941230,0.941230,0.230766,10.079266,2.793939,-0.230766
nonmember,30409,7,7,1,0.037983,0.962729,0.962729,0.169195,14.084468,3.325067,-0.169195
nonmember,11812,0,0,1,-0.000000,1.000000,1.000000,0.000000,30.268814,22.432657,-0.000000
nonmember,45919,0,0,1,0.003206,0.996799,0.996799,0.021594,17.650644,5.741286,-0.021594
nonmember,7725,7,7,1,0.000001,0.999999,0.999999,0.000011,23.633720,14.703096,-0.000011
nonmember,21333,1,1,1,0.022858,0.977401,0.977401,0.119991,12.975456,4.007913,-0.119991
nonmember,31591,0,0,1,0.001211,0.998790,0.998790,0.009339,31.419529,6.715649,-0.009339
nonmember,49064,9,9,1,-0.000000,1.000000,1.000000,0.000001,30.946482,16.848614,-0.000001
nonmember,37565,8,8,1,-0.000000,1.000000,1.000000,0.000000,24.591665,19.842426,-0.000000
nonmember,22902,4,8,0,3.030165,0.048308,0.620441,0.832695,6.216040,-2.552840,0.832695
nonmember,48301,5,5,1,0.000138,0.999862,0.999862,0.001399,20.167400,8.948522,-0.001399
nonmember,15517,6,4,0,2.950443,0.052317,0.947596,0.206212,9.602115,-2.896616,0.206212
nonmember,47999,8,8,1,-0.000000,1.000000,1.000000,0.000000,28.914120,20.193882,-0.000000
nonmember,30606,3,5,0,2.907882,0.054591,0.943919,0.223738,10.930989,-2.850167,0.223738
nonmember,13976,3,3,1,0.191126,0.826028,0.826028,0.480790,8.888546,1.577507,-0.480790
nonmember,29923,3,5,0,1.407936,0.244648,0.601256,0.946745,9.082358,-0.899202,0.946745
nonmember,26787,1,1,1,0.000000,1.000000,1.000000,0.000007,50.866039,14.599216,-0.000007
nonmember,43809,5,7,0,2.833403,0.058812,0.822161,0.664133,5.550028,-2.637584,0.664133
nonmember,18192,0,8,0,9.857136,0.000052,0.999947,0.000572,13.454848,-9.857083,0.000572
nonmember,37484,5,7,0,7.811939,0.000405,0.872643,0.384068,8.812243,-7.675711,0.384068
nonmember,5129,3,3,1,0.101915,0.903106,0.903106,0.393977,17.914551,2.809955,-0.393977
nonmember,47288,1,1,1,0.000013,0.999987,0.999987,0.000157,24.993238,11.267342,-0.000157
nonmember,32350,3,3,1,0.000343,0.999658,0.999658,0.003221,18.151152,8.103819,-0.003221
nonmember,38061,6,6,1,0.000379,0.999622,0.999622,0.003371,24.992290,7.883566,-0.003371
nonmember,18555,1,9,0,6.602262,0.001357,0.998643,0.010318,19.114574,-6.600904,0.010318
nonmember,3242,3,3,1,0.196861,0.821305,0.821305,0.527357,13.204841,1.629663,-0.527357
nonmember,41267,9,9,1,0.000000,1.000000,1.000000,0.000005,36.108326,14.917130,-0.000005
nonmember,29681,2,0,0,1.358377,0.257078,0.508192,1.225115,5.823211,-0.681481,1.225115
nonmember,49869,0,9,0,4.981663,0.006863,0.984821,0.095059,5.399175,-4.966368,0.095059
nonmember,45870,5,5,1,0.000262,0.999738,0.999738,0.002426,19.529217,8.248673,-0.002426
nonmember,5144,1,1,1,0.000001,0.999999,0.999999,0.000015,44.430004,13.836445,-0.000015
nonmember,31332,8,8,1,-0.000000,1.000000,1.000000,0.000000,33.739414,23.414610,-0.000000
nonmember,23796,0,8,0,2.283020,0.101976,0.898022,0.329429,14.635528,-2.175460,0.329429
nonmember,979,4,4,1,0.012145,0.987928,0.987928,0.068778,13.960588,4.483995,-0.068778
nonmember,28745,6,4,0,4.237369,0.014446,0.984597,0.083691,8.378585,-4.221846,0.083691
nonmember,37009,2,5,0,13.219927,0.000002,0.998919,0.009048,8.753544,-13.218845,0.009048
nonmember,11915,2,2,1,0.039637,0.961138,0.961138,0.191155,9.231731,3.575430,-0.191155
nonmember,46558,6,3,0,11.981792,0.000006,0.937795,0.255265,1.406994,-11.917568,0.255265
nonmember,43680,2,3,0,5.509050,0.004050,0.777311,0.678409,0.481165,-5.257135,0.678409
nonmember,6282,9,9,1,0.004468,0.995542,0.995542,0.031781,17.194109,5.755238,-0.031781
nonmember,15971,6,6,1,0.202533,0.816660,0.816660,0.566484,11.753483,1.636980,-0.566484
nonmember,29449,3,3,1,0.063255,0.938704,0.938704,0.243799,13.064953,2.786498,-0.243799
nonmember,18453,9,9,1,-0.000000,1.000000,1.000000,0.000000,37.934471,19.110149,-0.000000
nonmember,41299,2,6,0,1.420493,0.241595,0.448157,1.254763,10.049088,-0.617881,1.254763
nonmember,5672,8,9,0,4.635508,0.009701,0.989911,0.058068,20.610748,-4.625368,0.058068
nonmember,9976,3,3,1,0.080545,0.922614,0.922614,0.344587,9.126962,2.949749,-0.344587
nonmember,29214,6,6,1,0.053586,0.947824,0.947824,0.207130,15.764221,2.906787,-0.207130
nonmember,11619,1,1,1,0.031508,0.968983,0.968983,0.138264,23.272985,3.441727,-0.138264
nonmember,7586,2,0,0,1.179307,0.307492,0.414705,1.157433,7.987329,-0.299120,1.157433
nonmember,20345,3,3,1,0.061401,0.940446,0.940446,0.227655,11.702059,2.763934,-0.227655
nonmember,47400,8,8,1,-0.000000,1.000000,1.000000,0.000001,24.843201,17.747103,-0.000001
nonmember,45691,3,3,1,0.003165,0.996840,0.996840,0.021497,18.669357,5.761756,-0.021497
nonmember,31057,2,2,1,0.652054,0.520975,0.520975,0.702157,12.770926,0.086744,-0.702157
nonmember,45526,6,6,1,0.031233,0.969249,0.969249,0.162271,11.676541,4.030109,-0.162271
nonmember,11262,5,5,1,0.000001,0.999999,0.999999,0.000009,22.799921,14.805872,-0.000009
nonmember,21489,9,9,1,0.043551,0.957384,0.957384,0.182429,11.190656,3.144138,-0.182429
nonmember,16079,5,5,1,0.003692,0.996315,0.996315,0.024786,19.000874,5.621072,-0.024786
nonmember,20986,6,6,1,0.003015,0.996989,0.996989,0.020862,17.476122,5.825095,-0.020862
nonmember,32108,3,4,0,3.008995,0.049341,0.875971,0.463659,7.239420,-2.876573,0.463659
nonmember,28189,9,9,1,0.346356,0.707260,0.707260,0.739225,11.348170,1.071300,-0.739225
nonmember,12000,6,6,1,0.161108,0.851200,0.851200,0.529021,10.884428,2.231747,-0.529021
nonmember,18285,2,2,1,0.445651,0.640408,0.640408,0.718146,8.159724,0.614801,-0.718146
nonmember,3074,2,2,1,0.008941,0.991099,0.991099,0.052078,13.051508,4.737451,-0.052078
nonmember,1078,9,6,0,3.277310,0.037730,0.868246,0.502893,4.589095,-3.136030,0.502893
nonmember,10499,0,0,1,0.003543,0.996463,0.996463,0.023568,17.455959,5.643521,-0.023568
nonmember,17370,6,6,1,0.000004,0.999996,0.999996,0.000057,23.347946,12.386147,-0.000057
nonmember,48766,9,9,1,-0.000000,1.000000,1.000000,0.000001,31.246582,16.880238,-0.000001
nonmember,5665,0,4,0,3.269881,0.038011,0.835542,0.541237,7.997527,-3.090206,0.541237
nonmember,2989,6,6,1,0.000001,0.999999,0.999999,0.000013,25.881800,13.997119,-0.000013
nonmember,28735,7,7,1,0.001046,0.998955,0.998955,0.009058,19.046883,7.508210,-0.009058
nonmember,45554,5,3,0,2.269349,0.103379,0.896466,0.334079,13.617282,-2.160054,0.334079
nonmember,12487,8,9,0,0.912426,0.401549,0.598385,0.674315,15.161636,-0.398906,0.674315
nonmember,2814,7,7,1,0.000000,1.000000,1.000000,0.000004,19.787872,15.785110,-0.000004
nonmember,7516,6,6,1,0.021469,0.978760,0.978760,0.117719,18.577806,4.499879,-0.117719
nonmember,18679,3,9,0,10.592216,0.000025,0.555961,1.001273,-1.634393,-10.005159,1.001273
nonmember,17954,2,2,1,0.000272,0.999729,0.999729,0.002690,17.719044,8.465034,-0.002690
nonmember,961,6,2,0,3.521569,0.029553,0.970409,0.133638,15.398867,-3.491531,0.133638
nonmember,30928,7,7,1,0.000000,1.000000,1.000000,0.000004,30.169060,15.246909,-0.000004
nonmember,1791,4,4,1,0.217817,0.804272,0.804272,0.521283,8.614170,1.437481,-0.521283
nonmember,48390,3,3,1,0.000039,0.999961,0.999961,0.000491,14.293030,11.084490,-0.000491
nonmember,4393,7,7,1,0.000757,0.999244,0.999244,0.006401,22.049170,7.268831,-0.006401
nonmember,22823,4,9,0,7.349738,0.000643,0.978326,0.129346,0.163335,-7.327826,0.129346
nonmember,40143,0,9,0,19.130650,0.000000,0.843803,0.434438,-6.597436,-18.960814,0.434438
nonmember,24015,5,5,1,0.000840,0.999161,0.999161,0.006789,19.579359,7.083037,-0.006789
nonmember,25804,7,7,1,0.000037,0.999963,0.999963,0.000414,25.045008,10.205262,-0.000414
nonmember,5749,5,7,0,2.525308,0.080034,0.415720,1.175843,6.292430,-1.647564,1.175843
nonmember,35437,3,3,1,0.053719,0.947698,0.947698,0.228247,13.730783,3.046347,-0.228247
nonmember,25374,8,8,1,0.000005,0.999995,0.999995,0.000071,16.428934,12.770041,-0.000071
nonmember,11547,9,9,1,0.000238,0.999762,0.999762,0.002246,21.875887,8.358180,-0.002246
nonmember,32996,2,2,1,0.002399,0.997604,0.997604,0.016986,15.345683,6.040891,-0.016986
nonmember,39908,8,8,1,-0.000000,1.000000,1.000000,0.000000,35.875439,23.050533,-0.000000
nonmember,18314,4,4,1,0.565639,0.567997,0.567997,0.908813,14.708277,0.496167,-0.908813
nonmember,49925,7,2,0,11.634371,0.000009,0.999951,0.000602,3.482548,-11.634321,0.000602
nonmember,4262,4,4,1,0.209817,0.810732,0.810732,0.532856,12.316941,1.520122,-0.532856
nonmember,46756,0,0,1,0.036580,0.964081,0.964081,0.155010,15.347157,3.290761,-0.155010
nonmember,1800,2,2,1,-0.000000,1.000000,1.000000,0.000000,32.743210,19.514727,-0.000000
nonmember,18519,7,7,1,-0.000000,1.000000,1.000000,0.000000,30.426046,17.624269,-0.000000
nonmember,35824,2,2,1,-0.000000,1.000000,1.000000,0.000001,27.183275,16.993282,-0.000001
nonmember,40151,5,5,1,0.001835,0.998167,0.998167,0.014182,10.529553,6.405175,-0.014182
nonmember,22328,6,6,1,-0.000000,1.000000,1.000000,0.000001,28.513010,16.899658,-0.000001
nonmember,49239,1,1,1,0.035203,0.965409,0.965409,0.152881,19.170887,3.342880,-0.152881
nonmember,33673,4,4,1,0.002027,0.997976,0.997976,0.014609,15.636461,6.202332,-0.014609
nonmember,32273,9,9,1,-0.000000,1.000000,1.000000,0.000000,35.458630,32.753796,-0.000000
nonmember,34145,1,1,1,0.065033,0.937037,0.937037,0.269027,12.686397,2.945586,-0.269027
nonmember,9233,6,6,1,0.000003,0.999997,0.999997,0.000042,24.389278,12.707299,-0.000042
nonmember,44244,6,5,0,4.191069,0.015130,0.668729,0.754339,8.930636,-3.788692,0.754339
nonmember,29239,8,8,1,0.000333,0.999668,0.999668,0.003010,25.707615,8.015419,-0.003010
nonmember,17202,7,2,0,13.928903,0.000001,0.999953,0.000558,-0.869479,-13.928855,0.000558
nonmember,42408,3,4,0,2.485671,0.083270,0.913503,0.311490,12.584688,-2.395203,0.311490
nonmember,46840,1,1,1,0.021149,0.979073,0.979073,0.101625,22.234392,3.845579,-0.101625
nonmember,40110,8,8,1,0.000564,0.999436,0.999436,0.005311,14.678982,8.028316,-0.005311
nonmember,48482,2,4,0,4.878664,0.007607,0.813742,0.675236,4.664052,-4.672553,0.675236
nonmember,38854,5,5,1,0.000441,0.999559,0.999559,0.003860,19.630413,7.732560,-0.003860
nonmember,6942,8,8,1,0.000257,0.999743,0.999743,0.002399,22.946877,8.278852,-0.002399
nonmember,35047,9,9,1,-0.000000,1.000000,1.000000,0.000000,35.842518,21.806446,-0.000000
nonmember,29507,9,9,1,-0.000000,1.000000,1.000000,0.000000,47.808651,28.560633,-0.000000
nonmember,33984,2,3,0,2.636602,0.071604,0.920543,0.303110,10.911148,-2.553810,0.303110
nonmember,47733,8,0,0,1.489479,0.225490,0.774203,0.536539,13.933641,-1.233558,0.536539
nonmember,5325,7,4,0,2.588943,0.075099,0.901568,0.377471,6.397450,-2.485323,0.377471
nonmember,29598,8,8,1,0.000001,0.999999,0.999999,0.000015,28.172688,13.776520,-0.000015
nonmember,43515,7,7,1,0.038362,0.962364,0.962364,0.160371,18.907244,3.241470,-0.160371
nonmember,15832,1,1,1,0.000091,0.999909,0.999909,0.000999,20.742092,9.741862,-0.000999
nonmember,37692,8,1,0,6.403506,0.001656,0.998343,0.012272,14.117018,-6.401848,0.012272
nonmember,26859,3,5,0,4.321468,0.013280,0.532721,1.048499,5.041543,-3.691710,1.048499
nonmember,28567,9,9,1,-0.000000,1.000000,1.000000,0.000000,37.055912,21.209061,-0.000000
nonmember,25079,7,2,0,11.007176,0.000017,0.997075,0.021445,1.785657,-11.004247,0.021445
nonmember,18707,8,8,1,0.000004,0.999996,0.999996,0.000061,25.866545,12.726457,-0.000061
nonmember,15200,2,4,0,11.361819,0.000012,0.998931,0.008747,5.306916,-11.360750,0.008747
nonmember,5857,6,6,1,0.000049,0.999951,0.999951,0.000567,18.605042,10.296677,-0.000567
nonmember,39087,6,6,1,0.182692,0.833025,0.833025,0.494458,8.853850,1.657058,-0.494458
nonmember,30893,2,2,1,0.000254,0.999746,0.999746,0.002593,15.435877,9.033808,-0.002593
nonmember,45278,5,5,1,0.253019,0.776453,0.776453,0.629242,6.892767,1.356206,-0.629242
nonmember,16398,6,6,1,0.532632,0.587058,0.587058,0.677969,18.032114,0.351826,-0.677969
nonmember,13653,3,3,1,0.000002,0.999998,0.999998,0.000027,27.917231,13.373799,-0.000027
nonmember,13748,3,3,1,0.009512,0.990534,0.990534,0.058489,9.453683,4.794271,-0.058489
nonmember,23965,8,8,1,0.120099,0.886832,0.886832,0.355860,14.010309,2.062428,-0.355860
nonmember,45552,3,6,0,7.539618,0.000532,0.811497,0.523318,-0.144455,-7.330742,0.523318
nonmember,30219,3,3,1,0.720940,0.486295,0.486295,1.113419,8.067193,0.384047,-1.113419
nonmember,24079,0,0,1,0.001800,0.998201,0.998201,0.013505,26.516617,6.360025,-0.013505
nonmember,12181,0,0,1,-0.000000,1.000000,1.000000,0.000000,38.499069,26.771517,-0.000000
nonmember,21848,1,9,0,0.936660,0.391935,0.453416,1.050882,9.416119,-0.145716,1.050882
nonmember,14290,7,7,1,-0.000000,1.000000,1.000000,0.000000,31.598425,26.757248,-0.000000
nonmember,24755,0,0,1,0.008068,0.991964,0.991964,0.050722,13.372645,5.026130,-0.050722
nonmember,35013,8,8,1,-0.000000,1.000000,1.000000,0.000000,39.904819,21.534325,-0.000000
nonmember,15361,3,3,1,0.002144,0.997859,0.997859,0.015311,22.330793,6.144825,-0.015311
nonmember,48038,4,4,1,0.000819,0.999181,0.999181,0.007081,15.171114,7.279215,-0.007081
nonmember,36311,0,8,0,0.893536,0.409206,0.590775,0.676792,14.791290,-0.367216,0.676792
nonmember,30239,2,2,1,0.000002,0.999998,0.999998,0.000032,22.628702,13.004667,-0.000032
nonmember,7195,5,5,1,0.525140,0.591473,0.591473,0.838670,8.220303,0.479144,-0.838670
nonmember,3579,8,8,1,0.006428,0.993592,0.993592,0.039349,15.835829,5.061945,-0.039349
nonmember,36147,6,6,1,-0.000000,1.000000,1.000000,0.000000,36.159111,21.082890,-0.000000
nonmember,34095,5,5,1,0.000014,0.999986,0.999986,0.000182,19.344913,11.357450,-0.000182
nonmember,10441,3,2,0,3.260876,0.038355,0.957892,0.191888,9.433578,-3.217856,0.191888
nonmember,16307,9,9,1,0.000563,0.999438,0.999438,0.004955,18.866302,7.586832,-0.004955
nonmember,4204,8,8,1,0.744735,0.474860,0.474860,1.079021,6.165613,0.189543,-1.079021
nonmember,6957,5,3,0,0.959743,0.382991,0.616992,0.665706,20.421825,-0.476843,0.665706
nonmember,9163,3,3,1,0.000042,0.999958,0.999958,0.000470,22.713169,10.069736,-0.000470
nonmember,20627,5,7,0,5.848365,0.002885,0.756920,0.590130,7.448177,-5.569868,0.590130
nonmember,17567,3,4,0,4.021238,0.017931,0.831761,0.591027,2.643711,-3.837028,0.591027
nonmember,14832,8,8,1,-0.000000,1.000000,1.000000,0.000000,28.818468,24.866968,-0.000000
nonmember,27029,4,7,0,1.155881,0.314780,0.685146,0.623646,13.560512,-0.777759,0.623646
nonmember,44197,3,3,1,0.028996,0.971421,0.971421,0.136399,11.740996,3.581977,-0.136399
nonmember,1,9,9,1,-0.000000,1.000000,1.000000,0.000000,32.816307,18.439896,-0.000000
nonmember,35449,3,5,0,10.078615,0.000042,0.999957,0.000485,8.511628,-10.078572,0.000485
nonmember,30903,9,9,1,0.000000,1.000000,1.000000,0.000008,17.964668,15.174117,-0.000008
nonmember,7648,6,2,0,15.701249,0.000000,0.777582,0.569323,-2.244425,-15.449683,0.569323
nonmember,4217,6,6,1,0.061351,0.940493,0.940493,0.228898,14.666492,2.769410,-0.228898
nonmember,10474,2,2,1,-0.000000,1.000000,1.000000,0.000000,32.890610,17.674252,-0.000000
nonmember,1185,0,0,1,0.000211,0.999789,0.999789,0.002186,16.272432,9.016136,-0.002186
nonmember,46701,0,0,1,0.690426,0.501362,0.501362,0.982312,13.839147,0.314569,-0.982312
nonmember,26826,7,3,0,1.372569,0.253455,0.550213,1.203570,5.044423,-0.775120,1.203570
nonmember,12090,8,8,1,-0.000000,1.000000,1.000000,0.000000,30.560282,19.735111,-0.000000
nonmember,5386,2,9,0,20.490641,0.000000,0.999998,0.000024,-2.026193,-20.490639,0.000024
nonmember,17351,6,3,0,2.454700,0.085889,0.911742,0.312284,7.802014,-2.362303,0.312284
nonmember,18844,1,1,1,0.000059,0.999941,0.999941,0.000637,28.344147,9.731850,-0.000637
nonmember,28816,6,6,1,0.004044,0.995964,0.995964,0.026385,16.149088,5.512362,-0.026385
nonmember,43052,3,5,0,3.355127,0.034905,0.965086,0.151508,18.216570,-3.319590,0.151508
nonmember,11347,5,3,0,7.206196,0.000742,0.999258,0.006089,15.821274,-7.205454,0.006089
nonmember,42802,1,1,1,0.000115,0.999885,0.999885,0.001174,22.618902,9.097184,-0.001174
nonmember,3979,0,0,1,0.002476,0.997527,0.997527,0.017984,16.650143,6.079477,-0.017984
nonmember,7090,5,5,1,0.384415,0.680849,0.680849,0.660554,14.865546,0.780176,-0.660554
nonmember,21599,7,7,1,-0.000000,1.000000,1.000000,0.000001,26.768433,17.383881,-0.000001
nonmember,34264,6,6,1,-0.000000,1.000000,1.000000,0.000001,25.458891,17.323303,-0.000001
nonmember,17930,3,3,1,0.285096,0.751942,0.751942,0.603555,12.171841,1.147272,-0.603555
nonmember,41958,4,4,1,0.038834,0.961911,0.961911,0.162265,13.978704,3.230323,-0.162265
nonmember,25484,2,2,1,0.005096,0.994917,0.994917,0.031933,21.215282,5.276952,-0.031933
nonmember,21027,1,1,1,-0.000000,1.000000,1.000000,0.000000,22.928352,18.455845,-0.000000
nonmember,29093,6,6,1,0.000447,0.999553,0.999553,0.003898,24.335625,7.711813,-0.003898
nonmember,24608,8,8,1,0.000379,0.999622,0.999622,0.003360,30.852074,7.879042,-0.003360
nonmember,44987,3,0,0,8.447817,0.000214,0.592347,0.682324,2.616385,-7.924154,0.682324
nonmember,24542,9,0,0,3.003296,0.049623,0.949506,0.204788,12.395935,-2.951483,0.204788
nonmember,24878,8,8,1,0.000000,1.000000,1.000000,0.000008,27.258688,14.517484,-0.000008
nonmember,18528,7,7,1,0.817557,0.441509,0.441509,1.179733,7.313253,0.302080,-1.179733
nonmember,40247,5,2,0,5.610659,0.003659,0.991809,0.053201,7.664080,-5.602434,0.053201
nonmember,7104,8,8,1,0.000005,0.999995,0.999995,0.000068,16.699091,12.338168,-0.000068
nonmember,11489,6,8,0,5.150649,0.005796,0.796547,0.591245,2.950482,-4.923180,0.591245
nonmember,16072,8,8,1,-0.000000,1.000000,1.000000,0.000000,39.326340,26.735121,-0.000000
nonmember,4056,2,2,1,0.000162,0.999838,0.999838,0.001577,20.078547,8.728769,-0.001577
nonmember,42723,6,3,0,1.538120,0.214785,0.622008,0.993136,11.093772,-1.063317,0.993136
nonmember,24037,5,5,1,0.004042,0.995966,0.995966,0.027770,15.263892,5.638899,-0.027770
nonmember,7191,7,7,1,0.000040,0.999960,0.999960,0.000461,15.205420,10.179020,-0.000461
nonmember,35650,7,7,1,0.000013,0.999987,0.999987,0.000169,23.891476,11.554188,-0.000169
nonmember,938,0,8,0,14.000588,0.000001,0.999999,0.000012,24.644154,-14.000587,0.000012
nonmember,19424,9,3,0,1.484026,0.226723,0.701298,0.802213,9.441559,-1.129203,0.802213
nonmember,18115,4,1,0,12.374311,0.000004,0.701251,0.713880,-0.858391,-12.019422,0.713880
nonmember,31659,7,7,1,-0.000000,1.000000,1.000000,0.000000,34.515625,21.046465,-0.000000
nonmember,1072,5,5,1,0.109053,0.896683,0.896683,0.430943,9.120704,2.705016,-0.430943
nonmember,43347,5,3,0,2.518382,0.080590,0.865175,0.496706,6.766284,-2.373559,0.496706
nonmember,35156,4,4,1,0.000003,0.999997,0.999997,0.000036,21.242605,12.897219,-0.000036
nonmember,30665,2,4,0,2.896862,0.055196,0.944427,0.216975,11.913830,-2.839685,0.216975
nonmember,44882,8,0,0,2.203650,0.110399,0.889387,0.349491,10.252477,-2.086428,0.349491
nonmember,40153,6,6,1,0.000000,1.000000,1.000000,0.000003,24.484201,15.928429,-0.000003
nonmember,42523,2,2,1,0.275358,0.759300,0.759300,0.561838,13.862810,1.155765,-0.561838
nonmember,16063,1,8,0,2.893457,0.055384,0.928911,0.300176,17.946068,-2.819715,0.300176
nonmember,34408,2,2,1,0.169154,0.844379,0.844379,0.479252,9.634219,1.751222,-0.479252
nonmember,13655,2,3,0,1.565977,0.208884,0.789998,0.522131,11.306203,-1.330253,0.522131
nonmember,45250,3,5,0,9.501777,0.000075,0.999883,0.001279,9.060583,-9.501659,0.001279
nonmember,28135,3,3,1,0.002209,0.997793,0.997793,0.016619,12.017632,6.238682,-0.016619
nonmember,17267,2,2,1,0.000280,0.999720,0.999720,0.002661,13.811753,8.251068,-0.002661
nonmember,29671,7,7,1,-0.000000,1.000000,1.000000,0.000000,46.953358,28.746607,-0.000000
nonmember,28772,3,5,0,11.773241,0.000008,0.999992,0.000099,19.577042,-11.773233,0.000099
nonmember,90,2,2,1,0.047140,0.953954,0.953954,0.221458,10.379318,3.611785,-0.221458
nonmember,44127,3,2,0,8.231481,0.000266,0.994301,0.037031,4.824730,-8.225765,0.037031
nonmember,26459,4,4,1,0.000583,0.999417,0.999417,0.004962,22.049995,7.457782,-0.004962
nonmember,49622,4,4,1,0.114275,0.892013,0.892013,0.472378,15.256547,3.116788,-0.472378
nonmember,41140,6,6,1,0.466221,0.627369,0.627369,0.793269,11.633082,0.620169,-0.793269
nonmember,11416,0,8,0,20.543169,0.000000,0.999981,0.000230,-0.353514,-20.543150,0.000230
nonmember,35988,7,7,1,0.004372,0.995638,0.995638,0.031373,11.218967,5.719909,-0.031373
nonmember,498,1,9,0,0.890735,0.410354,0.589529,0.678185,12.508756,-0.362304,0.678185
nonmember,22364,3,5,0,0.938169,0.391344,0.600482,0.716896,8.390561,-0.428145,0.716896
nonmember,35936,2,2,1,0.016144,0.983985,0.983985,0.087284,14.584122,4.204972,-0.087284
nonmember,28243,7,2,0,10.230077,0.000036,0.999871,0.001453,1.187078,-10.229948,0.001453
nonmember,37229,5,5,1,0.119210,0.887621,0.887621,0.352236,13.950250,2.067496,-0.352236
nonmember,15910,2,3,0,4.331765,0.013144,0.980840,0.110784,8.435578,-4.312419,0.110784
nonmember,20850,2,4,0,1.331395,0.264108,0.731149,0.606418,11.333831,-1.018257,0.606418
nonmember,46505,8,8,1,0.000028,0.999972,0.999972,0.000329,20.579882,10.492162,-0.000329
nonmember,29291,4,4,1,0.000007,0.999993,0.999993,0.000089,23.085611,12.026817,-0.000089
nonmember,30501,4,3,0,9.671172,0.000063,0.719646,0.977267,-4.687385,-9.342177,0.977267
nonmember,5145,9,9,1,-0.000000,1.000000,1.000000,0.000000,34.681507,25.486202,-0.000000
nonmember,36137,2,2,1,-0.000000,1.000000,1.000000,0.000000,30.717690,19.174343,-0.000000
nonmember,27390,4,7,0,1.158568,0.313935,0.511492,1.156207,6.332991,-0.488145,1.156207
nonmember,7487,3,3,1,0.067566,0.934666,0.934666,0.287768,9.985785,3.095535,-0.287768
nonmember,33923,0,8,0,6.801888,0.001112,0.967295,0.191556,1.181983,-6.768635,0.191556
nonmember,24786,7,3,0,9.472046,0.000077,0.952247,0.202507,4.091629,-9.423115,0.202507
nonmember,12488,5,5,1,0.008350,0.991685,0.991685,0.055278,13.805827,5.292341,-0.055278
nonmember,27743,2,2,1,0.023767,0.976513,0.976513,0.111388,17.701155,3.727887,-0.111388
nonmember,12956,3,5,0,5.308679,0.004948,0.995048,0.031259,10.216764,-5.303715,0.031259
nonmember,21463,6,6,1,0.007160,0.992866,0.992866,0.046116,11.809315,5.090238,-0.046116
nonmember,6493,3,6,0,23.654211,0.000000,0.999989,0.000136,-1.408396,-23.654200,0.000136
nonmember,29115,9,5,0,9.344855,0.000087,0.994264,0.035822,3.985002,-9.339103,0.035822
nonmember,47310,1,9,0,1.286802,0.276153,0.723847,0.589283,20.100782,-0.963627,0.589283
nonmember,37858,8,8,1,-0.000000,1.000000,1.000000,0.000000,29.463610,17.719410,-0.000000
nonmember,31565,8,8,1,0.000005,0.999995,0.999995,0.000074,24.874601,12.175472,-0.000074
nonmember,41201,8,8,1,0.000012,0.999988,0.999988,0.000148,28.673021,11.339207,-0.000148
nonmember,28826,0,0,1,0.000063,0.999937,0.999937,0.000668,28.034513,9.679470,-0.000668
nonmember,4645,0,0,1,0.002643,0.997360,0.997360,0.020291,13.609199,6.422768,-0.020291
nonmember,27091,2,2,1,0.045673,0.955355,0.955355,0.182683,13.029893,3.063932,-0.182683
nonmember,25639,3,3,1,0.138212,0.870914,0.870914,0.468527,9.935518,2.263630,-0.468527
nonmember,31244,8,0,0,0.910603,0.402282,0.597718,0.673936,24.128460,-0.395966,0.673936
nonmember,48649,7,7,1,0.027152,0.973213,0.973213,0.139865,11.056878,3.910850,-0.139865
nonmember,5757,0,0,1,0.055874,0.945659,0.945659,0.211304,16.373932,2.856981,-0.211304
nonmember,41435,0,8,0,1.758582,0.172289,0.823920,0.483705,16.744354,-1.564899,0.483705
nonmember,28800,8,8,1,0.000112,0.999888,0.999888,0.001137,18.145901,9.112256,-0.001137
nonmember,19882,4,3,0,4.874344,0.007640,0.873405,0.440855,4.505890,-4.738987,0.440855
nonmember,6140,5,5,1,0.000003,0.999997,0.999997,0.000037,23.890787,12.821754,-0.000037
nonmember,6912,8,8,1,0.006841,0.993183,0.993183,0.043881,20.329615,5.164483,-0.043881
nonmember,10520,9,9,1,0.000000,1.000000,1.000000,0.000002,27.193443,16.254784,-0.000002
nonmember,11532,1,1,1,0.261678,0.769759,0.769759,0.704347,13.303088,1.828185,-0.704347
nonmember,48956,6,6,1,-0.000000,1.000000,1.000000,0.000000,36.697182,19.208191,-0.000000
nonmember,40406,7,7,1,0.002492,0.997511,0.997511,0.019315,13.381617,6.434855,-0.019315
nonmember,20589,2,2,1,0.140792,0.868670,0.868670,0.465593,11.334039,2.078815,-0.465593
nonmember,46432,3,3,1,0.001456,0.998546,0.998546,0.011380,17.625910,6.614547,-0.011380
nonmember,7361,8,7,0,1.480518,0.227520,0.659141,1.006215,3.593066,-1.063699,1.006215
nonmember,20072,7,7,1,0.000005,0.999995,0.999995,0.000062,19.652950,12.311359,-0.000062
nonmember,1457,4,0,0,8.489974,0.000206,0.996267,0.025593,12.306529,-8.486234,0.025593
nonmember,5201,5,5,1,0.006238,0.993782,0.993782,0.042747,13.793536,5.395986,-0.042747
nonmember,42216,4,4,1,0.015768,0.984356,0.984356,0.091198,16.103603,4.663965,-0.091198
nonmember,14511,3,3,1,0.009844,0.990204,0.990204,0.055233,18.254852,4.618440,-0.055233
nonmember,36415,0,3,0,2.068130,0.126422,0.570848,1.062419,4.710166,-1.507497,1.062419
nonmember,45530,7,7,1,0.000012,0.999988,0.999988,0.000160,18.629303,11.564402,-0.000160
nonmember,32440,7,7,1,0.016322,0.983811,0.983811,0.082813,22.085785,4.107075,-0.082813
nonmember,29016,7,7,1,0.000049,0.999951,0.999951,0.000536,22.746592,9.928448,-0.000536
nonmember,1796,9,9,1,0.000115,0.999885,0.999885,0.001162,22.076553,9.068503,-0.001162
nonmember,21749,3,3,1,0.018219,0.981946,0.981946,0.112915,10.649921,4.892080,-0.112915
nonmember,46577,6,6,1,0.462367,0.629791,0.629791,0.663614,18.205772,0.532864,-0.663614
nonmember,3018,6,3,0,9.730573,0.000059,0.830344,0.580582,0.925953,-9.544658,0.580582
nonmember,33436,6,6,1,0.000002,0.999998,0.999998,0.000034,22.782063,13.262240,-0.000034
nonmember,13371,3,5,0,0.910772,0.402213,0.560086,0.819432,12.834826,-0.331107,0.819432
nonmember,15647,7,7,1,0.364995,0.694200,0.694200,0.615700,28.178740,0.819830,-0.615700
nonmember,19258,2,2,1,0.006290,0.993730,0.993730,0.038177,16.401762,5.068513,-0.038177
nonmember,17432,0,0,1,0.000023,0.999977,0.999977,0.000272,19.807121,10.721424,-0.000272
nonmember,21368,3,8,0,1.850373,0.157179,0.830195,0.503251,9.084984,-1.664278,0.503251
nonmember,32827,1,1,1,0.237006,0.788987,0.788987,0.515320,15.414351,1.318836,-0.515320
nonmember,12212,2,2,1,0.012737,0.987344,0.987344,0.070242,9.527750,4.389330,-0.070242
nonmember,6703,1,1,1,0.028741,0.971668,0.971668,0.136465,19.952717,3.613329,-0.136465
nonmember,35536,8,8,1,0.000001,0.999999,0.999999,0.000020,21.805502,14.232973,-0.000020
nonmember,44950,3,3,1,0.341348,0.710812,0.710812,0.757087,12.732453,1.081574,-0.757087
nonmember,15030,0,0,1,0.000387,0.999613,0.999613,0.003425,24.826473,7.857407,-0.003425
nonmember,2645,9,9,1,0.012277,0.987798,0.987798,0.076071,9.761826,4.720997,-0.076071
nonmember,21794,4,5,0,2.083100,0.124544,0.714445,0.849739,9.068104,-1.746851,0.849739
nonmember,15780,8,8,1,0.000002,0.999998,0.999998,0.000024,17.424072,13.438427,-0.000024
nonmember,186,9,9,1,0.022617,0.977637,0.977637,0.107142,16.169853,3.777926,-0.107142
nonmember,43430,3,3,1,0.468487,0.625949,0.625949,0.682233,11.592316,0.524239,-0.682233
nonmember,8106,7,5,0,22.770702,0.000000,0.999790,0.001993,7.448474,-22.770493,0.001993
nonmember,2166,8,8,1,-0.000000,1.000000,1.000000,0.000000,31.295631,19.112368,-0.000000
nonmember,6316,8,8,1,0.000002,0.999998,0.999998,0.000033,18.142035,13.019329,-0.000033
nonmember,32534,6,6,1,0.011682,0.988386,0.988386,0.064441,18.067585,4.462465,-0.064441
nonmember,11398,4,4,1,0.023809,0.976472,0.976472,0.133820,18.113880,4.207889,-0.133820
nonmember,13130,2,2,1,0.153485,0.857713,0.857713,0.486178,14.175449,2.011535,-0.486178
nonmember,49384,3,6,0,8.818313,0.000148,0.996123,0.026408,5.713088,-8.814428,0.026408
nonmember,30282,4,2,0,5.560645,0.003846,0.914743,0.324306,2.429111,-5.471533,0.324306
nonmember,24128,5,5,1,-0.000000,1.000000,1.000000,0.000000,45.076294,18.876837,-0.000000
nonmember,45628,1,1,1,0.002051,0.997951,0.997951,0.015845,14.239230,6.401789,-0.015845
nonmember,49152,8,8,1,0.001537,0.998464,0.998464,0.011740,17.876574,6.516232,-0.011740
nonmember,27557,2,2,1,0.199869,0.818838,0.818838,0.522081,11.864176,1.585499,-0.522081
nonmember,4932,1,1,1,0.000218,0.999782,0.999782,0.002065,18.936756,8.434965,-0.002065
nonmember,280,8,8,1,-0.000000,1.000000,1.000000,0.000000,31.670448,19.747242,-0.000000
nonmember,20966,4,4,1,0.013745,0.986349,0.986349,0.072173,20.349731,4.280228,-0.072173
nonmember,20094,7,7,1,-0.000000,1.000000,1.000000,0.000000,37.336731,25.425446,-0.000000
nonmember,28565,6,6,1,0.001642,0.998360,0.998360,0.012618,17.535263,6.477556,-0.012618
nonmember,39718,5,3,0,5.209145,0.005466,0.444033,1.274907,1.360540,-4.397288,1.274907
nonmember,11097,5,5,1,0.031206,0.969276,0.969276,0.137299,15.306224,3.451667,-0.137299
nonmember,29137,7,7,1,0.000058,0.999942,0.999942,0.000627,17.681242,9.769061,-0.000627
nonmember,39067,4,3,0,1.252462,0.285800,0.409673,1.280549,6.804561,-0.360066,1.280549
nonmember,28486,7,2,0,5.726339,0.003259,0.991380,0.055552,5.976196,-5.717681,0.055552
nonmember,3723,4,0,0,3.094914,0.045279,0.777833,0.642908,8.254628,-2.843671,0.642908
nonmember,24959,5,5,1,0.000713,0.999288,0.999288,0.005874,27.760098,7.246260,-0.005874
nonmember,33350,2,2,1,0.034064,0.966510,0.966510,0.164638,14.332524,3.610729,-0.164638
nonmember,30775,9,9,1,0.005300,0.994714,0.994714,0.033059,15.346234,5.239231,-0.033059
nonmember,3281,2,2,1,0.000152,0.999848,0.999848,0.001585,15.050187,9.018250,-0.001585
nonmember,44437,5,3,0,3.572415,0.028088,0.971875,0.128467,13.038276,-3.543887,0.128467
nonmember,10491,1,1,1,0.000161,0.999839,0.999839,0.001565,23.779161,8.735492,-0.001565
nonmember,12539,4,4,1,0.349333,0.705158,0.705158,0.809492,10.437191,1.434739,-0.809492
nonmember,7732,6,6,1,0.221326,0.801455,0.801455,0.676173,14.543222,2.108685,-0.676173
nonmember,43645,6,6,1,0.000000,1.000000,1.000000,0.000003,32.296886,15.446024,-0.000003
nonmember,31386,8,8,1,-0.000000,1.000000,1.000000,0.000001,25.104420,16.751017,-0.000001
nonmember,9701,9,6,0,13.185633,0.000002,0.999499,0.004342,3.681842,-13.185131,0.004342
nonmember,25421,9,9,1,-0.000000,1.000000,1.000000,0.000000,34.305035,25.136873,-0.000000
nonmember,16948,4,0,0,2.762846,0.063112,0.790983,0.651701,4.826019,-2.528368,0.651701
nonmember,6319,3,4,0,7.920324,0.000363,0.882175,0.365493,14.484729,-7.794959,0.365493
nonmember,10118,9,8,0,1.233462,0.291282,0.708715,0.603332,16.011065,-0.889160,0.603332
nonmember,17816,9,0,0,3.880398,0.020643,0.955528,0.213105,10.244769,-3.834908,0.213105
nonmember,2845,9,1,0,4.388551,0.012419,0.974819,0.135503,6.705884,-4.363047,0.135503
nonmember,20870,4,6,0,1.978812,0.138233,0.828286,0.575757,9.562675,-1.790415,0.575757
nonmember,15541,0,1,0,8.002479,0.000335,0.999376,0.005845,9.262634,-8.001854,0.005845
nonmember,41229,3,7,0,3.488648,0.030542,0.583386,0.904054,6.904276,-2.949742,0.904054
nonmember,3578,7,3,0,7.135810,0.000796,0.793559,0.517552,8.867475,-6.904583,0.517552
nonmember,30923,1,1,1,0.032953,0.967584,0.967584,0.143042,29.328724,3.396152,-0.143042
nonmember,38040,3,8,0,8.498106,0.000204,0.986218,0.078868,3.386883,-8.484228,0.078868
nonmember,14023,0,0,1,0.492451,0.611126,0.611126,0.668260,16.465929,0.452053,-0.668260
nonmember,41880,0,0,1,0.000359,0.999641,0.999641,0.003209,22.980566,7.931105,-0.003209
nonmember,29880,0,0,1,0.022780,0.977477,0.977477,0.108950,16.086882,3.779819,-0.108950
nonmember,682,6,2,0,1.742816,0.175027,0.693295,0.857640,8.281013,-1.376517,0.857640
nonmember,25618,8,8,1,-0.000000,1.000000,1.000000,0.000000,45.042183,32.937393,-0.000000
nonmember,4230,1,6,0,4.620453,0.009848,0.719420,0.771532,2.012550,-4.291143,0.771532
nonmember,5935,7,7,1,0.267022,0.765656,0.765656,0.570549,8.266765,1.200969,-0.570549
nonmember,30233,0,0,1,-0.000000,1.000000,1.000000,0.000000,36.141872,19.487743,-0.000000
nonmember,12899,7,5,0,9.081866,0.000114,0.997932,0.015648,6.182627,-9.079797,0.015648
nonmember,16284,3,3,1,0.603398,0.546950,0.546950,0.980907,17.967394,0.612572,-0.980907
nonmember,5001,7,7,1,0.241473,0.785470,0.785470,0.554777,7.977846,1.324257,-0.554777
nonmember,2923,8,8,1,0.000002,0.999998,0.999998,0.000035,24.502901,13.048979,-0.000035
nonmember,21240,2,4,0,16.798616,0.000000,0.999999,0.000018,4.104293,-16.798615,0.000018
nonmember,18094,9,9,1,-0.000000,1.000000,1.000000,0.000000,47.280190,37.051746,-0.000000
nonmember,49718,4,8,0,11.953683,0.000006,0.963436,0.171025,-2.385177,-11.916433,0.171025
nonmember,2691,4,4,1,0.022087,0.978155,0.978155,0.105415,20.096222,3.803410,-0.105415
nonmember,7827,1,1,1,0.000661,0.999339,0.999339,0.005538,17.237125,7.330430,-0.005538
nonmember,4811,2,3,0,11.222923,0.000013,0.940135,0.264581,3.014714,-11.161191,0.264581
nonmember,36510,2,2,1,-0.000000,1.000000,1.000000,0.000002,23.921902,17.060265,-0.000002
nonmember,3446,2,2,1,0.842905,0.430458,0.430458,1.241584,7.345510,0.225059,-1.241584
nonmember,28346,4,4,1,0.014906,0.985204,0.985204,0.079531,15.927370,4.235907,-0.079531
nonmember,41778,6,6,1,-0.000000,1.000000,1.000000,0.000000,34.213207,20.859425,-0.000000
nonmember,8156,5,5,1,0.507244,0.602153,0.602153,0.672129,17.320374,0.414444,-0.672129
nonmember,18765,0,0,1,0.093214,0.910999,0.910999,0.300224,18.003765,2.325891,-0.300224
nonmember,17473,7,7,1,-0.000000,1.000000,1.000000,0.000000,28.706800,24.104128,-0.000000
nonmember,27183,6,6,1,-0.000000,1.000000,1.000000,0.000000,27.711308,18.916332,-0.000000
nonmember,39559,6,6,1,0.022809,0.977449,0.977449,0.127572,13.797069,4.274525,-0.127572
nonmember,44924,0,0,1,0.175766,0.838814,0.838814,0.446409,12.656118,1.653588,-0.446409
nonmember,44414,8,8,1,0.000001,0.999999,0.999999,0.000020,17.590431,13.729484,-0.000020
nonmember,48323,2,2,1,0.000058,0.999942,0.999942,0.000661,16.217436,9.903181,-0.000661
nonmember,28781,9,9,1,0.000050,0.999950,0.999950,0.000550,22.738714,9.895606,-0.000550
nonmember,44439,5,5,1,0.034238,0.966341,0.966341,0.170149,14.565031,3.901114,-0.170149
nonmember,44113,2,3,0,6.771312,0.001146,0.971436,0.149885,4.676534,-6.742332,0.149885
nonmember,48929,6,6,1,0.000039,0.999961,0.999961,0.000444,18.714735,10.174959,-0.000444
nonmember,1231,9,9,1,0.000001,0.999999,0.999999,0.000011,32.717041,14.177868,-0.000011
nonmember,7751,4,4,1,0.060872,0.940943,0.940943,0.249671,13.109430,2.929182,-0.249671
nonmember,108,2,2,1,0.000289,0.999711,0.999711,0.002985,15.595585,8.959910,-0.002985
nonmember,40330,7,7,1,0.202302,0.816848,0.816848,0.476778,11.080384,1.495475,-0.476778
nonmember,22514,8,8,1,0.000183,0.999817,0.999817,0.001754,27.826544,8.607975,-0.001754
nonmember,14146,2,2,1,0.006270,0.993750,0.993750,0.037961,21.385771,5.069025,-0.037961
nonmember,16839,7,5,0,2.274764,0.102821,0.891446,0.368813,6.997357,-2.159853,0.368813
nonmember,48569,8,8,1,0.006323,0.993697,0.993697,0.038233,15.132068,5.060495,-0.038233
nonmember,3529,8,8,1,-0.000000,1.000000,1.000000,0.000000,43.616520,26.293779,-0.000000
nonmember,3110,3,3,1,0.087139,0.916550,0.916550,0.334749,14.861754,2.668495,-0.334749
nonmember,23597,2,5,0,6.859119,0.001050,0.974363,0.131305,1.384769,-6.833148,0.131305
nonmember,19753,0,2,0,0.810586,0.444597,0.524065,0.807551,12.933284,-0.164447,0.807551
nonmember,23129,9,9,1,-0.000000,1.000000,1.000000,0.000000,27.207767,20.728306,-0.000000
nonmember,45215,5,5,1,0.001430,0.998571,0.998571,0.010797,18.538044,6.549459,-0.010797
nonmember,24899,5,5,1,0.830077,0.436016,0.436016,1.105574,8.271061,0.362585,-1.105574
nonmember,38977,0,0,1,0.000001,0.999999,0.999999,0.000019,22.581066,13.556676,-0.000019
nonmember,35827,1,1,1,0.000000,1.000000,1.000000,0.000005,34.420620,15.027937,-0.000005
nonmember,48852,0,0,1,0.000625,0.999375,0.999375,0.005276,17.064537,7.387684,-0.005276
nonmember,33472,9,9,1,0.000009,0.999991,0.999991,0.000130,15.392341,12.297383,-0.000130
nonmember,37983,3,4,0,2.707962,0.066673,0.671057,0.807256,10.547257,-2.309060,0.807256
nonmember,12498,8,8,1,0.319134,0.726778,0.726778,0.586778,17.642626,0.978460,-0.586778
nonmember,37632,5,5,1,0.000000,1.000000,1.000000,0.000002,29.769278,15.890446,-0.000002
nonmember,1396,4,4,1,0.025492,0.974830,0.974830,0.118795,16.248344,3.665167,-0.118795
nonmember,12358,9,9,1,0.000755,0.999246,0.999246,0.006304,24.349569,7.229816,-0.006304
nonmember,44374,7,7,1,0.054807,0.946668,0.946668,0.255299,13.496113,3.334138,-0.255299
nonmember,47996,7,7,1,0.000003,0.999997,0.999997,0.000036,30.295952,12.853569,-0.000036
nonmember,18421,8,8,1,0.000000,1.000000,1.000000,0.000003,21.671453,15.591254,-0.000003
nonmember,15557,1,1,1,0.125076,0.882430,0.882430,0.362055,30.439421,2.015646,-0.362055
nonmember,3141,4,6,0,9.871359,0.000052,0.633484,0.670653,5.973249,-9.414838,0.670653
nonmember,49218,3,6,0,7.974753,0.000344,0.777831,0.532284,5.689142,-7.723507,0.532284
nonmember,49182,8,8,1,-0.000000,1.000000,1.000000,0.000000,26.628567,19.075680,-0.000000
nonmember,46545,6,6,1,0.020211,0.979992,0.979992,0.101070,16.274008,3.926305,-0.101070
nonmember,16864,3,0,0,1.898155,0.149845,0.380698,1.434634,2.449789,-0.932406,1.434634
nonmember,7336,2,1,0,7.444792,0.000584,0.752612,0.703402,-0.223588,-7.160586,0.703402
nonmember,25145,2,7,0,5.990279,0.002503,0.992559,0.049269,6.616203,-5.982811,0.049269
nonmember,34437,3,3,1,0.001866,0.998136,0.998136,0.013588,21.306070,6.283828,-0.013588
nonmember,4289,9,9,1,-0.000000,1.000000,1.000000,0.000000,59.427059,33.855595,-0.000000
nonmember,38065,8,0,0,8.004905,0.000334,0.986353,0.085531,6.981281,-7.991163,0.085531
nonmember,6663,0,0,1,0.000006,0.999994,0.999994,0.000080,16.064802,12.113966,-0.000080
nonmember,36962,5,5,1,0.000050,0.999950,0.999950,0.000553,19.530396,9.957595,-0.000553
nonmember,36710,2,0,0,6.271017,0.001890,0.818912,0.707699,-1.185032,-6.071238,0.707699
nonmember,17736,8,8,1,0.004701,0.995310,0.995310,0.029916,15.654635,5.360130,-0.029916
nonmember,3202,9,7,0,15.962910,0.000000,0.965025,0.156154,-2.687433,-15.927308,0.156154
nonmember,45847,2,2,1,0.099422,0.905361,0.905361,0.321385,9.804981,2.272946,-0.321385
nonmember,46888,8,8,1,-0.000000,1.000000,1.000000,0.000000,44.524418,31.769526,-0.000000
nonmember,41453,4,4,1,0.788048,0.454732,0.454732,1.104252,10.789734,0.132226,-1.104252
nonmember,28055,3,0,0,4.719441,0.008920,0.672349,0.796394,5.638894,-4.322464,0.796394
nonmember,36871,5,4,0,1.506596,0.221663,0.748578,0.675503,12.018701,-1.217017,0.675503
nonmember,30375,5,3,0,4.178413,0.015323,0.984428,0.081670,12.479981,-4.162719,0.081670
nonmember,8288,3,5,0,4.065536,0.017154,0.982789,0.087379,9.366237,-4.048176,0.087379
nonmember,33597,4,4,1,0.001518,0.998483,0.998483,0.011609,13.596813,6.520456,-0.011609
nonmember,17834,2,2,1,-0.000000,1.000000,1.000000,0.000000,30.202097,18.228447,-0.000000
nonmember,35232,5,3,0,1.306559,0.270750,0.613751,0.903403,15.594710,-0.818393,0.903403
nonmember,2323,8,8,1,0.000352,0.999648,0.999648,0.003573,11.976793,8.756650,-0.003573
nonmember,34822,3,2,0,2.102220,0.122185,0.860353,0.480135,8.108828,-1.951807,0.480135
nonmember,31488,0,0,1,0.000004,0.999996,0.999996,0.000051,34.102184,12.483452,-0.000051
nonmember,38008,8,8,1,0.000965,0.999036,0.999036,0.008278,17.683849,7.186729,-0.008278
nonmember,36663,1,1,1,0.005572,0.994443,0.994443,0.034994,14.404814,5.209051,-0.034994
nonmember,39035,8,8,1,0.043293,0.957630,0.957630,0.204100,18.519192,3.394808,-0.204100
nonmember,37972,2,3,0,7.777928,0.000419,0.997661,0.019203,4.966227,-7.775586,0.019203
nonmember,24735,0,0,1,0.001349,0.998652,0.998652,0.011165,20.118330,6.858635,-0.011165
nonmember,6753,3,3,1,0.061022,0.940803,0.940803,0.226039,14.352746,2.768827,-0.226039
nonmember,8480,1,1,1,0.138917,0.870300,0.870300,0.393033,18.571253,1.913582,-0.393033
nonmember,10421,9,9,1,0.000001,0.999999,0.999999,0.000010,24.102976,14.592396,-0.000010
nonmember,42517,0,0,1,0.195563,0.822372,0.822372,0.469471,14.255694,1.533725,-0.469471
nonmember,19908,5,4,0,2.137019,0.118006,0.420450,1.270177,8.899779,-1.270589,1.270177
nonmember,16170,9,0,0,2.585914,0.075327,0.924120,0.272220,10.366196,-2.507001,0.272220
nonmember,46873,0,3,0,3.336869,0.035548,0.964167,0.156329,12.315278,-3.300378,0.156329
nonmember,15381,1,1,1,0.467677,0.626456,0.626456,0.682314,10.479297,0.526148,-0.682314
nonmember,42217,2,2,1,0.300990,0.740085,0.740085,0.659902,17.204809,1.155512,-0.659902
nonmember,42370,3,5,0,2.071343,0.126016,0.737417,0.850874,7.437272,-1.766740,0.850874
nonmember,24856,7,4,0,7.155393,0.000781,0.999219,0.006374,13.561867,-7.154612,0.006374
nonmember,26699,7,7,1,0.009364,0.990680,0.990680,0.052854,26.068680,4.666212,-0.052854
nonmember,35397,4,4,1,0.002414,0.997589,0.997589,0.019693,15.056568,6.865912,-0.019693
nonmember,34127,4,6,0,1.823548,0.161452,0.835919,0.459852,19.887520,-1.644325,0.459852
nonmember,4546,6,6,1,-0.000000,1.000000,1.000000,0.000001,32.281654,16.925659,-0.000001
nonmember,43236,6,6,1,0.000000,1.000000,1.000000,0.000001,26.621012,16.529621,-0.000001
nonmember,33281,9,9,1,-0.000000,1.000000,1.000000,0.000000,33.423012,28.337521,-0.000000
nonmember,43743,4,4,1,0.007956,0.992076,0.992076,0.047504,17.785816,4.865208,-0.047504
nonmember,6149,9,9,1,0.073103,0.929506,0.929506,0.257535,13.573135,2.584939,-0.257535
nonmember,10688,8,8,1,-0.000000,1.000000,1.000000,0.000000,42.625408,26.099127,-0.000000
nonmember,42707,1,1,1,-0.000000,1.000000,1.000000,0.000000,36.460220,21.230255,-0.000000
nonmember,44465,4,7,0,11.835660,0.000007,0.999805,0.002017,2.012902,-11.835464,0.002017
nonmember,38932,3,3,1,0.000062,0.999938,0.999938,0.000721,21.481253,10.406091,-0.000721
nonmember,8632,9,9,1,-0.000000,1.000000,1.000000,0.000000,32.287334,23.145878,-0.000000
nonmember,49279,6,2,0,1.807034,0.164140,0.820980,0.537288,7.360393,-1.609777,0.537288
nonmember,19334,5,5,1,0.000045,0.999955,0.999955,0.000512,21.338970,10.111762,-0.000512
nonmember,34664,0,0,1,0.051187,0.950101,0.950101,0.198220,26.675011,2.946560,-0.198220
nonmember,13047,2,7,0,18.859442,0.000000,1.000000,0.000000,12.108511,-18.859442,0.000000
nonmember,17595,5,5,1,0.000000,1.000000,1.000000,0.000002,30.483057,15.758703,-0.000002
nonmember,24013,7,5,0,1.770204,0.170298,0.525675,1.230680,7.248010,-1.127132,1.230680
nonmember,33192,6,3,0,1.459480,0.232357,0.767640,0.542151,19.298462,-1.195045,0.542151
nonmember,39495,4,4,1,0.009356,0.990687,0.990687,0.060365,16.774767,5.042480,-0.060365
nonmember,42392,1,1,1,0.000012,0.999988,0.999988,0.000149,24.381514,11.445096,-0.000149
nonmember,27205,4,6,0,1.753536,0.173161,0.824467,0.477615,10.175198,-1.560517,0.477615
nonmember,19327,3,3,1,0.001597,0.998404,0.998404,0.013131,13.858853,6.998558,-0.013131
nonmember,1323,8,8,1,-0.000000,1.000000,1.000000,0.000000,36.675777,26.170008,-0.000000
nonmember,17082,0,0,1,-0.000000,1.000000,1.000000,0.000001,30.044714,17.420902,-0.000001
nonmember,34621,6,6,1,0.306681,0.735885,0.735885,0.587474,14.572469,1.031046,-0.587474
nonmember,29780,3,3,1,0.223435,0.799767,0.799767,0.621577,8.324767,1.625969,-0.621577
nonmember,41952,3,3,1,0.186628,0.829753,0.829753,0.618777,10.709970,2.110001,-0.618777
nonmember,24595,1,1,1,0.000011,0.999989,0.999989,0.000134,66.323982,11.437225,-0.000134
nonmember,10351,9,9,1,0.000000,1.000000,1.000000,0.000006,26.637957,14.862880,-0.000006
nonmember,14076,5,5,1,-0.000000,1.000000,1.000000,0.000000,28.908470,18.538673,-0.000000
nonmember,608,0,2,0,3.120162,0.044150,0.952945,0.202963,5.270579,-3.071963,0.202963
nonmember,49583,9,9,1,0.011708,0.988361,0.988361,0.063423,24.042265,4.441797,-0.063423
nonmember,41118,0,0,1,0.000759,0.999241,0.999241,0.006756,24.937508,7.467119,-0.006756
nonmember,15258,0,0,1,0.160518,0.851702,0.851702,0.489031,16.130320,1.942070,-0.489031
nonmember,41762,0,9,0,7.220614,0.000731,0.999268,0.006026,8.741859,-7.219882,0.006026
nonmember,16790,2,2,1,0.000000,1.000000,1.000000,0.000006,17.560263,15.025459,-0.000006
nonmember,32310,2,2,1,0.454213,0.634947,0.634947,0.674867,12.473468,0.562374,-0.674867
nonmember,30070,2,1,0,5.297451,0.005004,0.794321,0.542101,5.393272,-5.067184,0.542101
nonmember,37429,3,3,1,0.080721,0.922451,0.922451,0.286428,10.343224,2.512040,-0.286428
nonmember,17919,3,3,1,0.076973,0.925915,0.925915,0.265518,18.592722,2.528082,-0.265518
nonmember,49005,5,3,0,0.979726,0.375414,0.560986,0.912554,9.307774,-0.401668,0.912554
nonmember,383,2,2,1,0.000000,1.000000,1.000000,0.000009,21.831139,14.476185,-0.000009
nonmember,15331,9,9,1,0.000056,0.999944,0.999944,0.000665,13.143571,10.273419,-0.000665
nonmember,39309,2,2,1,0.138734,0.870459,0.870459,0.464222,9.222661,2.093665,-0.464222
nonmember,22848,5,2,0,6.300924,0.001835,0.962082,0.185626,2.208390,-6.262269,0.185626
nonmember,12781,6,6,1,0.000021,0.999979,0.999979,0.000253,22.328049,10.885240,-0.000253
nonmember,14524,1,1,1,0.000000,1.000000,1.000000,0.000008,35.571903,14.495958,-0.000008
nonmember,29005,2,2,1,0.000751,0.999249,0.999249,0.006693,14.135909,7.597751,-0.006693
nonmember,24639,0,0,1,0.000003,0.999997,0.999997,0.000040,37.137966,12.736158,-0.000040
nonmember,13832,4,4,1,0.020110,0.980091,0.980091,0.115976,11.250093,4.386602,-0.115976
nonmember,42399,0,0,1,-0.000000,1.000000,1.000000,0.000000,32.280525,22.125904,-0.000000
nonmember,475,8,8,1,0.000132,0.999868,0.999868,0.001343,17.616661,8.985372,-0.001343
nonmember,36800,3,2,0,5.255314,0.005220,0.992381,0.050172,7.413043,-5.247666,0.050172
nonmember,18372,2,5,0,4.209734,0.014850,0.916912,0.393602,8.896680,-4.122991,0.393602
nonmember,24106,3,3,1,0.259055,0.771780,0.771780,0.674631,10.318244,1.475583,-0.674631
nonmember,26758,2,2,1,0.002417,0.997586,0.997586,0.017015,16.583157,6.027634,-0.017015
nonmember,1467,9,9,1,0.000000,1.000000,1.000000,0.000005,27.390852,14.965119,-0.000005
nonmember,46223,8,8,1,-0.000000,1.000000,1.000000,0.000000,22.048689,18.093792,-0.000000
nonmember,6724,3,8,0,1.352703,0.258540,0.698663,0.774336,6.947420,-0.994116,0.774336
nonmember,14018,3,3,1,0.022820,0.977438,0.977438,0.107869,18.380424,3.768750,-0.107869
nonmember,14019,4,4,1,0.000060,0.999940,0.999940,0.000682,18.937319,10.024880,-0.000682
nonmember,37664,0,0,1,-0.000000,1.000000,1.000000,0.000000,31.328764,19.136913,-0.000000
nonmember,17462,7,7,1,0.059460,0.942273,0.942273,0.312062,7.095892,3.991140,-0.312062
nonmember,34018,0,0,1,0.000010,0.999990,0.999990,0.000129,35.582325,11.481421,-0.000129
nonmember,8122,3,2,0,6.538695,0.001446,0.894502,0.392599,4.958449,-6.427207,0.392599
nonmember,14400,7,7,1,0.000000,1.000000,1.000000,0.000004,30.058779,15.278144,-0.000004
nonmember,7600,1,9,0,0.854203,0.425622,0.574377,0.682047,26.167227,-0.299734,0.682047
nonmember,36897,7,7,1,0.102322,0.902739,0.902739,0.351829,11.135910,2.309215,-0.351829
nonmember,44429,3,3,1,0.027381,0.972991,0.972991,0.127722,13.408569,3.608397,-0.127722
nonmember,47765,9,9,1,0.002282,0.997720,0.997720,0.016147,31.006996,6.081430,-0.016147
nonmember,3303,8,8,1,-0.000000,1.000000,1.000000,0.000000,36.730911,32.464451,-0.000000
nonmember,6342,8,8,1,-0.000000,1.000000,1.000000,0.000000,36.473648,24.846394,-0.000000
nonmember,23556,5,3,0,2.173916,0.113731,0.886227,0.354706,17.062794,-2.053133,0.354706
nonmember,15464,2,2,1,0.028934,0.971481,0.971481,0.138974,10.239939,3.629679,-0.138974
nonmember,923,6,2,0,1.006517,0.365490,0.455444,1.250050,5.329111,-0.220034,1.250050
nonmember,20458,0,0,1,0.201945,0.817140,0.817140,0.475703,44.838299,1.497089,-0.475703
nonmember,3601,1,1,1,0.000582,0.999418,0.999418,0.005012,26.926445,7.486462,-0.005012
nonmember,39664,0,0,1,0.000001,0.999999,0.999999,0.000017,18.995991,14.430782,-0.000017
nonmember,3875,3,3,1,0.000001,0.999999,0.999999,0.000013,24.414949,14.010858,-0.000013
nonmember,6868,3,5,0,4.611297,0.009939,0.989830,0.057912,11.850564,-4.601075,0.057912
nonmember,7028,7,7,1,0.001380,0.998621,0.998621,0.010525,17.315115,6.592025,-0.010525
nonmember,34519,1,1,1,-0.000000,1.000000,1.000000,0.000000,40.588547,22.909634,-0.000000
nonmember,4346,3,3,1,0.383822,0.681252,0.681252,0.630443,12.724516,0.761328,-0.630443
nonmember,42202,8,8,1,-0.000000,1.000000,1.000000,0.000000,35.528992,18.813328,-0.000000
nonmember,20903,7,7,1,0.006017,0.994001,0.994001,0.036674,20.435419,5.110166,-0.036674
nonmember,41872,3,3,1,0.000091,0.999909,0.999909,0.000995,21.783625,9.691765,-0.000995
nonmember,8541,4,3,0,4.735645,0.008777,0.926031,0.322684,2.840845,-4.658797,0.322684
nonmember,6006,9,9,1,0.000001,0.999999,0.999999,0.000011,27.621159,14.547343,-0.000011
nonmember,15404,2,2,1,0.000071,0.999929,0.999929,0.000746,18.573635,9.557704,-0.000746
nonmember,23728,8,8,1,-0.000000,1.000000,1.000000,0.000000,31.148989,21.123192,-0.000000
nonmember,39782,7,7,1,0.003347,0.996658,0.996658,0.022424,19.632286,5.699389,-0.022424
nonmember,11402,4,4,1,0.000319,0.999681,0.999681,0.003177,16.916401,8.399495,-0.003177
nonmember,40075,1,1,1,0.000000,1.000000,1.000000,0.000004,27.081644,15.318192,-0.000004
nonmember,30389,3,5,0,9.431892,0.000080,0.999920,0.000836,19.717876,-9.431812,0.000836
nonmember,2625,6,6,1,0.504603,0.603745,0.603745,0.691404,16.662357,0.428932,-0.691404
nonmember,40571,8,8,1,-0.000000,1.000000,1.000000,0.000000,30.364084,20.083977,-0.000000
nonmember,16718,9,9,1,0.000000,1.000000,1.000000,0.000006,28.878683,14.830009,-0.000006
nonmember,39070,5,5,1,0.000001,0.999999,0.999999,0.000010,34.006973,14.278667,-0.000010
nonmember,14881,5,7,0,3.064100,0.046696,0.946698,0.228697,12.748329,-3.009325,0.228697
nonmember,24626,6,6,1,0.030422,0.970037,0.970037,0.156435,14.365509,4.153013,-0.156435
nonmember,45886,0,2,0,3.321475,0.036100,0.941300,0.276263,7.601776,-3.260982,0.276263
nonmember,39562,6,5,0,21.126663,0.000000,0.818643,0.474378,2.443352,-20.926556,0.474378
nonmember,39570,9,9,1,0.000004,0.999996,0.999996,0.000053,33.462879,12.440807,-0.000053
nonmember,22175,1,1,1,0.000263,0.999737,0.999737,0.002552,20.155800,8.445293,-0.002552
nonmember,14664,4,7,0,6.834030,0.001077,0.998737,0.010226,11.157656,-6.832766,0.010226
nonmember,20735,9,9,1,-0.000000,1.000000,1.000000,0.000001,20.389025,17.756886,-0.000001
nonmember,18938,7,7,1,-0.000000,1.000000,1.000000,0.000000,27.826912,19.290293,-0.000000
nonmember,33113,3,5,0,7.517421,0.000544,0.999440,0.004836,8.005665,-7.516861,0.004836
nonmember,41687,5,7,0,7.511097,0.000547,0.993673,0.042327,6.122120,-7.504750,0.042327
nonmember,47224,2,2,1,0.124342,0.883078,0.883078,0.361625,13.826330,2.022844,-0.361625
nonmember,18349,8,8,1,0.000000,1.000000,1.000000,0.000003,23.398458,15.976933,-0.000003
nonmember,32614,3,4,0,3.178181,0.041661,0.656055,0.773324,10.755320,-2.756670,0.773324
nonmember,41823,4,6,0,9.303284,0.000091,0.943435,0.246759,0.269608,-9.245056,0.246759
nonmember,5784,7,7,1,-0.000000,1.000000,1.000000,0.000000,41.031269,21.860273,-0.000000
nonmember,47761,1,1,1,-0.000000,1.000000,1.000000,0.000000,47.884811,19.188480,-0.000000
nonmember,43474,9,9,1,0.000080,0.999920,0.999920,0.000909,13.855251,9.830408,-0.000909
nonmember,27996,6,6,1,0.000000,1.000000,1.000000,0.000003,35.879517,15.526419,-0.000003
nonmember,7989,7,8,0,15.634047,0.000000,0.830754,0.487616,-3.441330,-15.448625,0.487616
nonmember,24046,4,4,1,0.000971,0.999030,0.999030,0.008644,13.334956,7.579521,-0.008644
nonmember,37658,7,7,1,0.031111,0.969368,0.969368,0.158589,10.963037,4.113339,-0.158589
nonmember,2357,9,9,1,0.000055,0.999945,0.999945,0.000594,31.371464,9.808334,-0.000594
nonmember,48586,7,5,0,2.329470,0.097347,0.779552,0.678772,16.158754,-2.080435,0.678772
nonmember,49350,7,9,0,1.124313,0.324876,0.670582,0.661803,8.461305,-0.724703,0.661803
nonmember,1398,8,8,1,0.000990,0.999011,0.999011,0.008127,17.706263,7.000141,-0.008127
nonmember,30359,5,7,0,0.782657,0.457190,0.531982,0.743027,14.021541,-0.151512,0.743027
nonmember,15274,9,9,1,0.000494,0.999506,0.999506,0.005028,11.252215,8.523783,-0.005028
nonmember,43313,3,3,1,0.000004,0.999996,0.999996,0.000056,33.246449,12.408350,-0.000056
nonmember,13501,8,8,1,-0.000000,1.000000,1.000000,0.000000,28.867331,22.585772,-0.000000
nonmember,9279,7,7,1,-0.000000,1.000000,1.000000,0.000000,53.573792,36.842674,-0.000000
nonmember,38054,2,2,1,0.017618,0.982536,0.982536,0.095485,9.848467,4.137658,-0.095485
nonmember,35520,9,9,1,0.000012,0.999988,0.999988,0.000145,25.128834,11.351044,-0.000145
nonmember,41307,1,1,1,0.000003,0.999997,0.999997,0.000040,20.364264,12.757030,-0.000040
nonmember,48422,5,4,0,2.465671,0.084952,0.903853,0.351857,14.321724,-2.364582,0.351857
nonmember,38628,0,6,0,19.922310,0.000000,0.669505,0.765917,-3.299131,-19.521093,0.765917
nonmember,37467,7,5,0,5.051953,0.006397,0.992350,0.049114,17.981791,-5.044273,0.049114
nonmember,16900,2,2,1,0.007822,0.992208,0.992208,0.054058,12.741836,5.746613,-0.054058
nonmember,18439,9,9,1,-0.000000,1.000000,1.000000,0.000000,39.089382,24.077480,-0.000000
nonmember,40811,6,6,1,0.000160,0.999840,0.999840,0.001557,24.881542,8.741110,-0.001557
nonmember,470,7,7,1,0.548991,0.577532,0.577532,0.685322,11.699454,0.313872,-0.685322
nonmember,17018,3,3,1,0.011494,0.988572,0.988572,0.062465,26.111156,4.460186,-0.062465
nonmember,33441,8,8,1,0.023612,0.976664,0.976664,0.110873,15.487355,3.734691,-0.110873
nonmember,9038,2,2,1,0.000001,0.999999,0.999999,0.000011,23.406647,14.157355,-0.000011
nonmember,32850,2,1,0,0.807784,0.445845,0.544332,0.748935,5.739521,-0.199587,0.748935
nonmember,42367,8,8,1,-0.000000,1.000000,1.000000,0.000000,31.940928,20.867035,-0.000000
nonmember,42219,4,4,1,0.014086,0.986012,0.986012,0.075017,14.978528,4.273406,-0.075017
nonmember,14971,8,0,0,5.169254,0.005689,0.993980,0.038253,9.179937,-5.163217,0.038253
nonmember,45349,0,0,1,0.000002,0.999998,0.999998,0.000031,31.122000,13.020926,-0.000031
nonmember,7969,7,7,1,0.000001,0.999999,0.999999,0.000011,22.878399,14.367040,-0.000011
nonmember,39257,7,7,1,0.000289,0.999711,0.999711,0.002643,25.111921,8.149309,-0.002643
nonmember,46278,9,9,1,-0.000000,1.000000,1.000000,0.000000,26.462315,18.674889,-0.000000
nonmember,46592,1,1,1,0.050255,0.950987,0.950987,0.197019,21.316113,2.969891,-0.197019
nonmember,31454,2,2,1,0.005040,0.994973,0.994973,0.031765,17.223705,5.292181,-0.031765
nonmember,22417,4,4,1,0.076927,0.925957,0.925957,0.343825,11.522563,3.164774,-0.343825
nonmember,13926,5,3,0,1.308641,0.270187,0.729782,0.583791,15.871210,-0.993631,0.583791
nonmember,37401,1,1,1,0.496987,0.608361,0.608361,0.774880,13.493122,0.519563,-0.774880
nonmember,43737,3,3,1,0.024823,0.975483,0.975483,0.117021,10.884454,3.695868,-0.117021
nonmember,30779,3,5,0,4.770061,0.008480,0.991520,0.048893,19.397305,-4.761545,0.048893
nonmember,3643,9,9,1,-0.000000,1.000000,1.000000,0.000000,43.045563,20.454443,-0.000000
nonmember,9724,4,4,1,0.000177,0.999823,0.999823,0.001849,16.232187,8.895180,-0.001849
nonmember,33614,4,6,0,0.708542,0.492362,0.507382,0.695246,19.183212,-0.030050,0.695246
nonmember,27844,5,2,0,3.356372,0.034862,0.923478,0.330656,4.609324,-3.276764,0.330656
nonmember,34914,3,2,0,5.197700,0.005529,0.983151,0.110655,2.543189,-5.180708,0.110655
nonmember,8501,9,9,1,0.144512,0.865445,0.865445,0.425621,13.395254,1.922655,-0.425621
nonmember,9392,1,8,0,14.429399,0.000001,0.997793,0.015717,6.355936,-14.427189,0.015717
nonmember,3248,3,3,1,0.000341,0.999659,0.999659,0.003464,12.760435,8.648296,-0.003464
nonmember,8913,4,4,1,0.005685,0.994331,0.994331,0.034984,20.022837,5.167315,-0.034984
nonmember,10427,3,3,1,0.000039,0.999961,0.999961,0.000445,17.456957,10.166751,-0.000445
nonmember,27038,7,7,1,0.000001,0.999999,0.999999,0.000018,22.216864,13.663848,-0.000018
nonmember,25237,8,8,1,-0.000000,1.000000,1.000000,0.000000,33.901192,18.687897,-0.000000
nonmember,25927,7,7,1,0.000359,0.999641,0.999641,0.003217,17.147291,7.935678,-0.003217
nonmember,38178,7,7,1,0.000331,0.999669,0.999669,0.002984,26.611076,8.013788,-0.002984
nonmember,17180,8,8,1,0.000000,1.000000,1.000000,0.000002,30.707067,16.493382,-0.000002
nonmember,10072,5,2,0,1.285086,0.276627,0.368377,1.206767,7.220716,-0.286438,1.206767
nonmember,32148,7,7,1,0.114835,0.891513,0.891513,0.348848,16.526083,2.115056,-0.348848
nonmember,33136,5,3,0,5.105384,0.006064,0.987123,0.083035,5.929825,-5.092423,0.083035
nonmember,41096,5,5,1,0.000015,0.999985,0.999985,0.000190,21.527254,11.094637,-0.000190
nonmember,11632,3,5,0,1.422077,0.241213,0.758570,0.554553,12.067005,-1.145757,0.554553
nonmember,18044,4,3,0,10.066926,0.000042,0.999862,0.001514,5.549687,-10.066789,0.001514
nonmember,181,7,3,0,9.089885,0.000113,0.751534,0.561626,10.429148,-8.804247,0.561626
nonmember,9206,8,8,1,0.000000,1.000000,1.000000,0.000004,25.561203,15.410316,-0.000004
nonmember,13660,0,0,1,-0.000000,1.000000,1.000000,0.000000,29.891687,22.693508,-0.000000
nonmember,49198,7,7,1,0.000007,0.999993,0.999993,0.000092,24.314173,11.908821,-0.000092
nonmember,23923,1,1,1,0.000002,0.999998,0.999998,0.000025,31.953896,13.671671,-0.000025
nonmember,14766,8,8,1,0.004273,0.995736,0.995736,0.030704,12.782690,5.722168,-0.030704
nonmember,1143,4,2,0,3.406394,0.033161,0.655061,0.760950,5.244909,-2.983367,0.760950
nonmember,29225,0,0,1,0.004084,0.995924,0.995924,0.029762,12.879786,5.978387,-0.029762
nonmember,19485,1,0,0,6.401654,0.001659,0.513946,0.775089,3.399031,-5.736016,0.775089
nonmember,44866,0,0,1,0.000146,0.999854,0.999854,0.001487,27.282528,8.943319,-0.001487
nonmember,37958,5,5,1,0.395512,0.673335,0.673335,0.631796,20.479052,0.723310,-0.631796
nonmember,20021,6,4,0,1.970187,0.139431,0.858051,0.422782,16.757729,-1.817095,0.422782
nonmember,38219,2,4,0,6.392341,0.001674,0.998312,0.012552,12.462780,-6.390652,0.012552
nonmember,40063,9,9,1,0.000004,0.999996,0.999996,0.000051,16.483858,12.748287,-0.000051
nonmember,46917,8,8,1,0.000043,0.999957,0.999957,0.000499,17.119642,10.272738,-0.000499
nonmember,24697,8,8,1,0.000504,0.999496,0.999496,0.004331,23.914907,7.592655,-0.004331
nonmember,13645,7,7,1,0.000132,0.999868,0.999868,0.001321,22.526648,8.935434,-0.001321
nonmember,37893,7,7,1,-0.000000,1.000000,1.000000,0.000000,42.536518,26.908142,-0.000000
nonmember,30388,8,8,1,-0.000000,1.000000,1.000000,0.000000,29.101421,22.564075,-0.000000
nonmember,1008,2,5,0,12.364870,0.000004,0.920724,0.277045,8.341289,-12.282275,0.277045
nonmember,33452,1,1,1,0.059399,0.942330,0.942330,0.234218,23.952553,2.859726,-0.234218
nonmember,37175,3,3,1,0.000001,0.999999,0.999999,0.000012,24.728697,14.054067,-0.000012
nonmember,24362,8,8,1,0.030451,0.970008,0.970008,0.135187,15.179557,3.478271,-0.135187
nonmember,16064,6,6,1,0.001032,0.998969,0.998969,0.008174,17.218491,6.884163,-0.008174
nonmember,8147,0,0,1,0.000443,0.999557,0.999557,0.003870,19.026760,7.723174,-0.003870
nonmember,48371,9,9,1,0.033666,0.966895,0.966895,0.146956,18.530880,3.381694,-0.146956
nonmember,18821,4,4,1,0.000058,0.999942,0.999942,0.000664,17.027964,10.377502,-0.000664
nonmember,40309,4,4,1,0.002239,0.997763,0.997763,0.016209,18.815948,6.128707,-0.016209
nonmember,25098,4,4,1,0.628417,0.533435,0.533435,0.775336,13.267475,0.171675,-0.775336
nonmember,10308,7,2,0,1.178838,0.307636,0.531561,1.090634,9.116928,-0.546901,1.090634
nonmember,41325,2,4,0,5.826561,0.002948,0.957407,0.223328,1.354654,-5.783035,0.223328
nonmember,23587,5,5,1,0.345676,0.707742,0.707742,0.626011,11.376679,0.897731,-0.626011
nonmember,13443,3,5,0,2.372019,0.093292,0.820375,0.595302,14.543900,-2.174026,0.595302
nonmember,46795,2,2,1,0.021212,0.979012,0.979012,0.117620,11.345766,4.163486,-0.117620
nonmember,35823,2,3,0,2.432629,0.087806,0.374322,1.443619,5.433252,-1.449989,1.443619
nonmember,45302,9,9,1,0.000036,0.999964,0.999964,0.000425,15.477552,10.427618,-0.000425
nonmember,20667,1,1,1,-0.000000,1.000000,1.000000,0.000000,41.123695,17.670086,-0.000000
nonmember,35110,7,7,1,-0.000000,1.000000,1.000000,0.000000,35.007046,25.519310,-0.000000
nonmember,33504,5,6,0,11.494833,0.000010,0.984482,0.080141,7.796072,-11.479193,0.080141
nonmember,37964,3,3,1,0.332215,0.717333,0.717333,0.595746,15.595422,0.931363,-0.595746
nonmember,12736,6,6,1,0.034918,0.965685,0.965685,0.171783,13.400317,3.654601,-0.171783
nonmember,10608,2,2,1,0.000017,0.999983,0.999983,0.000210,20.490982,11.451639,-0.000210
nonmember,21453,4,4,1,0.439303,0.644486,0.644486,0.682911,7.776524,0.610091,-0.682911
nonmember,4285,7,7,1,0.000587,0.999413,0.999413,0.005179,17.559561,7.555177,-0.005179
nonmember,37495,0,0,1,0.000233,0.999767,0.999767,0.002182,24.028240,8.364412,-0.002182
nonmember,41499,5,7,0,6.759088,0.001160,0.991310,0.060196,2.429696,-6.750359,0.060196
nonmember,37440,1,9,0,7.657390,0.000473,0.999527,0.004091,17.992762,-7.656918,0.004091
nonmember,33207,1,1,1,0.000025,0.999975,0.999975,0.000308,20.172642,10.900417,-0.000308
nonmember,1623,4,6,0,4.610189,0.009950,0.930893,0.282602,8.308939,-4.538579,0.282602
nonmember,38430,9,9,1,0.000001,0.999999,0.999999,0.000013,26.054173,13.980384,-0.000013
nonmember,43778,4,4,1,0.000473,0.999527,0.999527,0.004096,17.504124,7.656902,-0.004096
nonmember,8134,5,5,1,0.012934,0.987150,0.987150,0.068722,31.369669,4.341459,-0.068722
nonmember,29537,8,8,1,0.621166,0.537318,0.537318,1.129653,5.438674,0.488895,-1.129653
nonmember,9737,3,5,0,2.946599,0.052518,0.868481,0.477764,11.036623,-2.805590,0.477764
nonmember,17210,8,8,1,0.000077,0.999923,0.999923,0.000826,18.600180,9.543500,-0.000826
nonmember,7609,7,7,1,0.000009,0.999991,0.999991,0.000116,21.592079,11.601966,-0.000116
nonmember,20623,6,6,1,0.000537,0.999463,0.999463,0.004581,24.902506,7.529757,-0.004581
nonmember,31347,5,3,0,1.167053,0.311283,0.688634,0.620960,16.229650,-0.794008,0.620960
nonmember,16467,7,7,1,0.169579,0.844020,0.844020,0.458768,16.250916,1.721815,-0.458768
nonmember,25417,6,6,1,0.000000,1.000000,1.000000,0.000002,22.913263,16.562489,-0.000002
nonmember,26559,3,3,1,0.151836,0.859130,0.859130,0.410760,11.721351,1.812469,-0.410760
nonmember,2877,5,5,1,0.398403,0.671391,0.671391,0.634190,21.354389,0.714823,-0.634190
nonmember,24433,5,7,0,1.324991,0.265805,0.723398,0.635318,14.510264,-1.001195,0.635318
nonmember,43714,4,4,1,0.000000,1.000000,1.000000,0.000002,32.506855,15.810934,-0.000002
nonmember,44228,7,7,1,0.000001,0.999999,0.999999,0.000014,29.849472,13.891410,-0.000014
nonmember,34575,4,2,0,11.499125,0.000010,0.999954,0.000575,2.187070,-11.499079,0.000575
nonmember,40894,6,6,1,0.000154,0.999846,0.999846,0.001668,18.522804,9.457879,-0.001668
nonmember,6110,4,4,1,0.052220,0.949120,0.949120,0.241232,17.041822,3.483768,-0.241232
nonmember,30071,8,8,1,-0.000000,1.000000,1.000000,0.000000,45.037472,39.442989,-0.000000
nonmember,4919,0,8,0,5.443827,0.004323,0.995300,0.031365,8.952238,-5.439116,0.031365
nonmember,23602,0,0,1,0.000007,0.999993,0.999993,0.000085,25.236486,11.936690,-0.000085
nonmember,38566,0,0,1,0.000000,1.000000,1.000000,0.000002,30.869919,16.151937,-0.000002
nonmember,38519,0,0,1,0.000008,0.999992,0.999992,0.000106,19.433975,11.923009,-0.000106
nonmember,43735,3,3,1,0.046845,0.954235,0.954235,0.188721,10.319971,3.046928,-0.188721
nonmember,41048,8,8,1,0.000033,0.999967,0.999967,0.000377,21.023418,10.311226,-0.000377
nonmember,10178,9,5,0,10.673554,0.000023,0.797757,0.615477,-1.306039,-10.447603,0.615477
nonmember,47491,2,2,1,0.032169,0.968343,0.968343,0.158616,11.551717,3.715767,-0.158616
nonmember,35019,9,9,1,0.021804,0.978432,0.978432,0.109204,23.004717,3.880730,-0.109204
nonmember,3704,9,9,1,-0.000000,1.000000,1.000000,0.000000,42.861164,23.464930,-0.000000
nonmember,26848,9,9,1,0.000043,0.999957,0.999957,0.000483,20.080097,10.075745,-0.000483
nonmember,49626,3,6,0,0.969094,0.379427,0.454175,1.051421,5.403354,-0.179820,1.051421
nonmember,22254,0,2,0,13.723678,0.000001,0.944172,0.215345,5.245214,-13.666230,0.215345
nonmember,12838,7,7,1,0.000000,1.000000,1.000000,0.000008,31.821514,14.818357,-0.000008
nonmember,39269,2,2,1,0.009084,0.990957,0.990957,0.051666,18.625799,4.698177,-0.051666
nonmember,31341,7,3,0,2.371288,0.093360,0.876879,0.459549,8.609688,-2.239902,0.459549
nonmember,33036,7,4,0,4.652996,0.009533,0.989811,0.060002,7.295059,-4.642755,0.060002
nonmember,31227,4,4,1,0.000007,0.999993,0.999993,0.000100,16.786388,12.373528,-0.000100
nonmember,2259,1,1,1,0.000248,0.999752,0.999752,0.002306,22.466957,8.302201,-0.002306
nonmember,1335,0,0,1,0.035710,0.964920,0.964920,0.166238,16.404499,3.466161,-0.166238
nonmember,44090,2,2,1,0.000002,0.999998,0.999998,0.000027,20.014482,14.100025,-0.000027
nonmember,12573,5,3,0,5.510114,0.004046,0.995026,0.033879,9.664061,-5.505128,0.033879
nonmember,9232,1,9,0,8.301077,0.000248,0.999167,0.007249,21.460880,-8.300243,0.007249
nonmember,13420,0,0,1,0.000000,1.000000,1.000000,0.000002,36.618813,15.840075,-0.000002
nonmember,26637,1,1,1,0.310966,0.732739,0.732739,0.584352,12.654395,1.010443,-0.584352
nonmember,47827,8,8,1,0.000011,0.999989,0.999989,0.000138,25.047432,11.409444,-0.000138
nonmember,27522,0,0,1,0.000510,0.999490,0.999490,0.004386,16.228020,7.583232,-0.004386
nonmember,2453,0,0,1,0.000041,0.999959,0.999959,0.000465,24.993187,10.160214,-0.000465
nonmember,13999,1,1,1,-0.000000,1.000000,1.000000,0.000001,27.974854,16.900372,-0.000001
nonmember,22598,9,9,1,0.000003,0.999997,0.999997,0.000045,19.632948,12.867426,-0.000045
nonmember,42516,4,4,1,0.067512,0.934716,0.934716,0.276408,15.261515,2.920983,-0.276408
nonmember,34071,2,2,1,0.001000,0.999001,0.999001,0.007925,24.052345,6.910439,-0.007925
nonmember,47039,7,2,0,2.130841,0.118737,0.700609,0.820075,9.065195,-1.775036,0.820075
nonmember,37894,5,5,1,0.000071,0.999929,0.999929,0.000761,17.175402,9.584549,-0.000761
nonmember,18326,7,7,1,0.026851,0.973506,0.973506,0.142754,11.079955,3.968117,-0.142754
nonmember,35565,6,6,1,0.004302,0.995708,0.995708,0.027685,24.653002,5.446663,-0.027685
nonmember,18596,6,6,1,0.000062,0.999938,0.999938,0.000712,20.560284,10.184467,-0.000712
nonmember,44018,6,6,1,0.001275,0.998726,0.998726,0.010622,14.419528,7.066999,-0.010622
nonmember,28852,5,5,1,0.000000,1.000000,1.000000,0.000007,18.426956,14.742537,-0.000007
nonmember,5038,4,4,1,0.000007,0.999993,0.999993,0.000085,23.597839,11.947394,-0.000085
nonmember,28822,1,1,1,0.000774,0.999227,0.999227,0.006314,22.026014,7.164046,-0.006314
nonmember,23787,6,6,1,0.413695,0.661202,0.661202,0.642743,14.650661,0.669500,-0.642743
nonmember,46905,6,6,1,0.000848,0.999152,0.999152,0.006947,18.170025,7.094325,-0.006947
nonmember,29223,6,6,1,-0.000000,1.000000,1.000000,0.000000,28.234043,17.951096,-0.000000
nonmember,33531,2,3,0,2.242141,0.106231,0.670251,1.070917,3.552770,-1.842038,1.070917
nonmember,19409,0,0,1,0.000055,0.999945,0.999945,0.000606,18.754604,9.853037,-0.000606
nonmember,36193,2,2,1,0.000071,0.999929,0.999929,0.000796,16.831165,9.994552,-0.000796
nonmember,44585,3,3,1,0.108709,0.896991,0.896991,0.360353,12.354487,2.236501,-0.360353
nonmember,29686,7,7,1,0.000028,0.999972,0.999972,0.000320,26.814587,10.488213,-0.000320
nonmember,4400,4,4,1,0.000001,0.999999,0.999999,0.000015,19.782394,14.416048,-0.000015
nonmember,29560,6,6,1,0.000262,0.999738,0.999738,0.002423,23.609587,8.246962,-0.002423
nonmember,42632,9,9,1,-0.000000,1.000000,1.000000,0.000000,32.674698,18.537024,-0.000000
nonmember,15998,7,5,0,5.343767,0.004778,0.935379,0.294635,4.579185,-5.276963,0.294635
nonmember,25919,5,5,1,0.016494,0.983642,0.983642,0.083524,19.153393,4.096614,-0.083524
nonmember,38096,2,0,0,2.367287,0.093735,0.498036,1.307560,4.105043,-1.670204,1.307560
nonmember,8672,8,8,1,-0.000000,1.000000,1.000000,0.000000,29.605564,19.245224,-0.000000
nonmember,36699,2,4,0,12.986856,0.000002,0.986886,0.076937,2.487280,-12.973656,0.076937
nonmember,46166,9,9,1,-0.000000,1.000000,1.000000,0.000000,34.299522,22.257524,-0.000000
nonmember,40051,5,8,0,14.002341,0.000001,0.997406,0.018621,-0.215719,-13.999743,0.018621
nonmember,28631,3,3,1,0.018957,0.981222,0.981222,0.094945,14.639561,3.972015,-0.094945
nonmember,3833,6,6,1,0.000002,0.999998,0.999998,0.000029,17.166466,13.523359,-0.000029
nonmember,22019,7,3,0,4.346119,0.012957,0.605073,0.795162,3.255430,-3.843713,0.795162
nonmember,49427,9,2,0,19.215153,0.000000,0.428003,1.068846,-8.681954,-18.366528,1.068846
nonmember,10059,4,4,1,0.000025,0.999975,0.999975,0.000307,21.121233,10.827227,-0.000307
nonmember,36529,9,9,1,0.000299,0.999701,0.999701,0.002841,18.391996,8.262188,-0.002841
nonmember,18832,1,1,1,0.012356,0.987720,0.987720,0.066238,16.702066,4.387466,-0.066238
nonmember,47779,1,1,1,-0.000000,1.000000,1.000000,0.000000,34.813602,17.740004,-0.000000
nonmember,38746,2,2,1,0.002227,0.997776,0.997776,0.016134,20.787001,6.140025,-0.016134
nonmember,35243,2,2,1,0.429091,0.651101,0.651101,0.871036,7.023446,0.937038,-0.871036
nonmember,35417,0,0,1,0.476879,0.620718,0.620718,0.682182,8.841672,0.500149,-0.682182
nonmember,27945,5,5,1,0.000204,0.999796,0.999796,0.001939,27.994579,8.496077,-0.001939
nonmember,30291,4,4,1,0.006607,0.993415,0.993415,0.043334,15.316566,5.195267,-0.043334
nonmember,1284,4,2,0,5.245684,0.005270,0.551912,0.821596,0.196926,-4.651318,0.821596
nonmember,15532,4,4,1,0.000357,0.999643,0.999643,0.003505,15.495883,8.359461,-0.003505
nonmember,46283,7,7,1,0.002865,0.997139,0.997139,0.019613,26.366352,5.853722,-0.019613
nonmember,26891,2,2,1,0.004719,0.995292,0.995292,0.029948,15.428855,5.354403,-0.029948
nonmember,36066,3,3,1,0.207950,0.812248,0.812248,0.482953,17.572283,1.464685,-0.482953
nonmember,11947,5,5,1,0.112782,0.893346,0.893346,0.417110,16.114445,2.689913,-0.417110
nonmember,18650,2,2,1,0.068618,0.933683,0.933683,0.309921,15.603139,3.201695,-0.309921
nonmember,45147,7,7,1,0.000003,0.999997,0.999997,0.000045,27.060036,12.617789,-0.000045
nonmember,1023,6,6,1,-0.000000,1.000000,1.000000,0.000000,29.961432,17.996403,-0.000000
nonmember,17541,3,3,1,0.432603,0.648818,0.648818,0.657441,10.796371,0.617222,-0.657441
nonmember,34366,9,9,1,0.000000,1.000000,1.000000,0.000001,22.912804,16.407682,-0.000001
nonmember,32622,8,0,0,4.335264,0.013098,0.986833,0.070519,13.459259,-4.322010,0.070519
nonmember,34336,1,9,0,3.516408,0.029706,0.969732,0.138494,14.220032,-3.485672,0.138494
nonmember,7275,2,2,1,0.000313,0.999687,0.999687,0.002946,14.196773,8.149794,-0.002946
nonmember,23982,1,1,1,0.007187,0.992839,0.992839,0.042517,19.591467,4.932128,-0.042517
nonmember,44485,5,5,1,0.011951,0.988120,0.988120,0.066223,12.652966,4.447850,-0.066223
nonmember,20807,5,5,1,0.806828,0.446271,0.446271,1.071835,7.649520,0.127021,-1.071835
nonmember,38767,7,4,0,4.295434,0.013631,0.985577,0.079340,10.848531,-4.280906,0.079340
nonmember,46141,3,3,1,0.742462,0.475941,0.475941,1.155574,6.207565,0.530501,-1.155574
nonmember,26625,9,5,0,16.569843,0.000000,0.518903,1.055012,-5.235403,-15.913805,1.055012
nonmember,42067,6,6,1,0.000249,0.999751,0.999751,0.002314,23.219860,8.300159,-0.002314
nonmember,6197,7,5,0,4.280605,0.013834,0.523389,1.129742,6.501976,-3.633176,1.129742
nonmember,48227,8,8,1,-0.000000,1.000000,1.000000,0.000000,38.379211,29.566629,-0.000000
nonmember,26507,0,0,1,-0.000000,1.000000,1.000000,0.000000,27.945370,22.731237,-0.000000
nonmember,15083,3,3,1,0.000809,0.999191,0.999191,0.007305,12.623710,7.608206,-0.007305
nonmember,10890,4,4,1,0.019056,0.981124,0.981124,0.121949,13.363184,5.006297,-0.121949
nonmember,43640,4,4,1,0.000040,0.999960,0.999960,0.000450,17.140989,10.177898,-0.000450
nonmember,4160,5,1,0,5.787066,0.003067,0.985129,0.089220,7.482387,-5.772084,0.089220
nonmember,19469,9,9,1,0.081512,0.921722,0.921722,0.274556,18.370163,2.465982,-0.274556
nonmember,32270,4,2,0,4.154420,0.015695,0.981467,0.100423,8.985892,-4.135714,0.100423
nonmember,37558,0,8,0,5.274655,0.005120,0.994880,0.032112,15.190537,-5.269523,0.032112
nonmember,40988,8,8,1,0.002294,0.997708,0.997708,0.016223,27.537012,6.076473,-0.016223
nonmember,18142,4,4,1,0.008510,0.991526,0.991526,0.048903,17.595993,4.762708,-0.048903
nonmember,45202,1,1,1,0.184726,0.831332,0.831332,0.453810,20.672668,1.595118,-0.453810
nonmember,2633,0,0,1,0.000002,0.999998,0.999998,0.000028,19.247808,13.182057,-0.000028
nonmember,26124,0,0,1,0.141378,0.868161,0.868161,0.416237,8.033918,1.922316,-0.416237
nonmember,32213,8,8,1,0.000000,1.000000,1.000000,0.000002,24.426498,16.288244,-0.000002
nonmember,34405,8,8,1,-0.000000,1.000000,1.000000,0.000000,44.705559,19.203440,-0.000000
nonmember,9137,2,2,1,0.150942,0.859897,0.859897,0.406353,17.753183,1.815508,-0.406353
nonmember,31372,8,8,1,0.000221,0.999779,0.999779,0.002144,15.829249,8.500425,-0.002144
nonmember,11900,8,8,1,0.000000,1.000000,1.000000,0.000007,22.088381,15.050574,-0.000007
nonmember,4178,7,7,1,0.000121,0.999879,0.999879,0.001227,27.474836,9.044563,-0.001227
nonmember,44058,9,9,1,0.000016,0.999984,0.999984,0.000194,21.710600,11.033851,-0.000194
nonmember,20924,0,8,0,5.503440,0.004073,0.995919,0.026580,12.479492,-5.499352,0.026580
nonmember,32986,3,4,0,6.777364,0.001139,0.998475,0.012544,6.167294,-6.775837,0.012544
nonmember,550,3,3,1,0.000409,0.999591,0.999591,0.003600,27.302238,7.801441,-0.003600
nonmember,42999,3,3,1,0.036402,0.964253,0.964253,0.156547,10.692065,3.305798,-0.156547
nonmember,41261,9,9,1,0.264127,0.767876,0.767876,0.541830,18.790752,1.196356,-0.541830
nonmember,45854,3,4,0,7.229927,0.000725,0.909500,0.383977,-0.969925,-7.135066,0.383977
nonmember,39403,5,6,0,2.568923,0.076618,0.769017,0.862477,1.545082,-2.306281,0.862477
nonmember,47793,8,8,1,0.035045,0.965562,0.965562,0.149854,21.572586,3.333569,-0.149854
nonmember,11463,5,5,1,0.000423,0.999577,0.999577,0.003706,23.719517,7.768572,-0.003706
nonmember,37092,1,9,0,2.402922,0.090453,0.909528,0.303807,18.039278,-2.308092,0.303807
nonmember,20295,0,0,1,0.003110,0.996894,0.996894,0.023437,13.682608,6.043566,-0.023437
nonmember,34463,2,2,1,0.348759,0.705563,0.705563,0.606470,13.250681,0.874049,-0.606470
nonmember,28811,3,6,0,5.017258,0.006623,0.880006,0.394436,10.623060,-4.889432,0.394436
nonmember,29383,6,6,1,0.000147,0.999853,0.999853,0.001635,15.424049,9.827620,-0.001635
nonmember,13424,2,0,0,2.271503,0.103157,0.886552,0.392943,7.986374,-2.151087,0.392943
nonmember,4949,1,1,1,-0.000000,1.000000,1.000000,0.000000,41.625786,22.745337,-0.000000
nonmember,18730,4,4,1,0.000106,0.999894,0.999894,0.001087,16.950184,9.173807,-0.001087
nonmember,3316,9,9,1,0.000003,0.999997,0.999997,0.000049,17.093826,13.063475,-0.000049
nonmember,31664,9,9,1,-0.000000,1.000000,1.000000,0.000000,22.934881,20.927990,-0.000000
nonmember,37317,5,5,1,0.000019,0.999981,0.999981,0.000224,26.423237,10.881028,-0.000224
nonmember,21579,8,8,1,0.000129,0.999871,0.999871,0.001286,19.161959,8.963868,-0.001286
nonmember,25922,3,0,0,5.459218,0.004257,0.738395,0.603409,7.323249,-5.155942,0.603409
nonmember,41241,1,1,1,0.000001,0.999999,0.999999,0.000010,30.941050,14.210226,-0.000010
nonmember,13462,1,1,1,-0.000000,1.000000,1.000000,0.000000,55.762646,23.246258,-0.000000
nonmember,48501,2,0,0,14.113719,0.000001,0.999999,0.000021,4.913502,-14.113718,0.000021
nonmember,43223,7,2,0,16.484447,0.000000,0.999817,0.001934,-3.629029,-16.484264,0.001934
nonmember,47155,4,4,1,0.000617,0.999383,0.999383,0.005304,15.448917,7.435808,-0.005304
nonmember,29352,9,9,1,-0.000000,1.000000,1.000000,0.000000,28.038425,21.037695,-0.000000
nonmember,6237,9,9,1,0.000002,0.999998,0.999998,0.000028,28.178667,13.130213,-0.000028
nonmember,31908,3,5,0,2.316922,0.098577,0.832830,0.655940,3.997240,-2.133996,0.655940
nonmember,13464,4,4,1,0.465128,0.628055,0.628055,0.878105,7.553628,0.708182,-0.878105
nonmember,3524,3,3,1,0.643095,0.525663,0.525663,0.713633,12.750097,0.109780,-0.713633
nonmember,40671,8,8,1,-0.000000,1.000000,1.000000,0.000000,34.176792,24.093060,-0.000000
nonmember,11153,5,3,0,1.242024,0.288799,0.655214,0.807474,5.891663,-0.819231,0.807474
nonmember,48286,8,8,1,0.000001,0.999999,0.999999,0.000013,21.710636,14.179654,-0.000013
nonmember,44601,1,1,1,-0.000000,1.000000,1.000000,0.000000,38.852654,17.574196,-0.000000
nonmember,24588,8,8,1,-0.000000,1.000000,1.000000,0.000000,37.786552,22.808056,-0.000000
nonmember,42052,7,7,1,0.446297,0.639994,0.639994,0.696623,11.956040,0.599339,-0.696623
nonmember,30094,4,4,1,0.000064,0.999936,0.999936,0.000773,13.891059,10.503718,-0.000773
nonmember,29957,7,7,1,0.000023,0.999977,0.999977,0.000268,19.287418,10.702095,-0.000268
nonmember,41218,8,8,1,0.000001,0.999999,0.999999,0.000010,20.650463,14.323177,-0.000010
nonmember,10343,0,0,1,0.000002,0.999998,0.999998,0.000023,25.809340,13.517286,-0.000023
nonmember,41793,5,3,0,1.319077,0.267382,0.729769,0.603250,6.116590,-1.004050,0.603250
nonmember,41582,4,2,0,3.741789,0.023712,0.598533,0.813372,4.170583,-3.228516,0.813372
nonmember,10842,2,3,0,3.528126,0.029360,0.666546,0.884592,4.774267,-3.122479,0.884592
nonmember,43606,3,3,1,0.081959,0.921310,0.921310,0.315304,8.896315,2.609421,-0.315304
nonmember,3719,9,9,1,-0.000000,1.000000,1.000000,0.000000,40.018829,26.590433,-0.000000
nonmember,6355,5,5,1,0.002847,0.997157,0.997157,0.019564,16.364107,5.862782,-0.019564
nonmember,6521,6,6,1,0.000001,0.999999,0.999999,0.000014,26.830313,13.886515,-0.000014
nonmember,9288,5,5,1,0.067822,0.934427,0.934427,0.317569,11.140269,3.305897,-0.317569
nonmember,45561,7,7,1,0.000001,0.999999,0.999999,0.000009,45.065254,14.310688,-0.000009
nonmember,33315,0,6,0,8.757196,0.000157,0.981766,0.107239,0.485593,-8.738793,0.107239
nonmember,18398,4,4,1,0.002880,0.997124,0.997124,0.019809,13.786945,5.853576,-0.019809
nonmember,2284,8,3,0,1.814911,0.162852,0.435439,1.410436,5.090510,-0.983511,1.410436
nonmember,49851,8,8,1,0.000005,0.999995,0.999995,0.000060,28.489767,12.317432,-0.000060
nonmember,34996,2,2,1,0.000694,0.999306,0.999306,0.006047,11.645437,7.383197,-0.006047
nonmember,40965,2,2,1,0.001317,0.998684,0.998684,0.011146,12.442380,6.996808,-0.011146
nonmember,3503,8,8,1,0.000015,0.999985,0.999985,0.000182,26.477573,11.104333,-0.000182
nonmember,12712,9,9,1,0.001988,0.998014,0.998014,0.014392,16.064159,6.223700,-0.014392
nonmember,49874,6,4,0,5.720168,0.003279,0.958560,0.245360,0.295606,-5.677845,0.245360
nonmember,28796,4,3,0,8.027248,0.000326,0.576640,0.910080,3.714043,-7.476710,0.910080
nonmember,35541,3,6,0,10.266699,0.000035,0.984845,0.078880,2.761868,-10.251428,0.078880
nonmember,31609,4,5,0,1.838225,0.159100,0.681368,0.932395,10.582961,-1.454572,0.932395
nonmember,24139,8,8,1,-0.000000,1.000000,1.000000,0.000000,50.817295,32.863987,-0.000000
nonmember,41456,0,0,1,0.023621,0.976655,0.976655,0.124363,20.465237,4.046194,-0.124363
nonmember,27572,4,5,0,2.435755,0.087532,0.801447,0.640459,10.831358,-2.214419,0.640459
nonmember,26180,1,1,1,0.000001,0.999999,0.999999,0.000016,27.066303,13.709156,-0.000016
nonmember,10252,9,1,0,1.836228,0.159418,0.840582,0.438703,26.310770,-1.662567,0.438703
nonmember,44408,3,6,0,12.755831,0.000003,0.999988,0.000161,3.706588,-12.755818,0.000161
nonmember,19886,1,0,0,8.062090,0.000315,0.813283,0.505282,5.074297,-7.855414,0.505282
nonmember,34705,0,6,0,5.401567,0.004510,0.947988,0.250970,7.470186,-5.348154,0.250970
nonmember,32331,8,8,1,0.000946,0.999054,0.999054,0.007532,22.509190,6.962495,-0.007532
nonmember,3287,3,5,0,4.795853,0.008264,0.653251,0.709656,7.778395,-4.370059,0.709656
nonmember,8661,0,8,0,1.035877,0.354915,0.644555,0.654783,16.654047,-0.596682,0.654783
nonmember,5394,9,1,0,9.109022,0.000111,0.999889,0.001121,24.745718,-9.108912,0.001121
nonmember,31013,3,3,1,0.510043,0.600470,0.600470,0.775829,10.038142,0.461685,-0.775829
nonmember,10829,9,9,1,-0.000000,1.000000,1.000000,0.000000,42.639263,24.596210,-0.000000
nonmember,4159,8,8,1,0.000000,1.000000,1.000000,0.000007,18.134064,15.251720,-0.000007
nonmember,1240,1,1,1,0.000199,0.999801,0.999801,0.001893,37.720207,8.522942,-0.001893
nonmember,38049,2,2,1,-0.000000,1.000000,1.000000,0.000000,29.920290,20.092712,-0.000000
nonmember,267,7,7,1,0.777253,0.459667,0.459667,1.018596,11.657011,0.089219,-1.018596
nonmember,46233,1,9,0,10.894925,0.000019,0.999980,0.000240,16.973589,-10.894905,0.000240
nonmember,23454,8,8,1,-0.000000,1.000000,1.000000,0.000000,35.878880,22.009647,-0.000000
nonmember,30681,4,4,1,0.012665,0.987415,0.987415,0.067578,19.216108,4.362597,-0.067578
nonmember,48635,0,0,1,0.004833,0.995178,0.995178,0.032391,12.065084,5.412440,-0.032391
nonmember,8091,6,6,1,0.002352,0.997651,0.997651,0.017729,18.600378,6.259094,-0.017729
nonmember,36130,2,2,1,0.000003,0.999997,0.999997,0.000042,24.860783,12.708754,-0.000042
nonmember,12009,0,0,1,0.041522,0.959328,0.959328,0.176843,13.573973,3.197389,-0.176843
nonmember,39991,2,6,0,2.598628,0.074376,0.921317,0.293020,12.503642,-2.516677,0.293020
nonmember,36670,8,8,1,0.000013,0.999987,0.999987,0.000157,28.574310,11.279221,-0.000157
nonmember,7611,7,7,1,0.439089,0.644624,0.644624,0.709906,13.509452,0.635402,-0.709906
nonmember,15215,9,9,1,0.126379,0.881281,0.881281,0.394740,14.654025,2.074656,-0.394740
nonmember,19490,1,1,1,0.000000,1.000000,1.000000,0.000004,27.170027,15.312317,-0.000004
nonmember,6543,0,0,1,0.003304,0.996701,0.996701,0.022144,33.294857,5.710871,-0.022144
nonmember,18397,8,8,1,0.006615,0.993407,0.993407,0.039701,18.827644,5.015528,-0.039701
nonmember,33259,5,5,1,0.071550,0.930950,0.930950,0.281716,15.635312,2.738343,-0.281716
nonmember,6860,0,0,1,0.113749,0.892482,0.892482,0.365831,10.733184,2.171412,-0.365831
nonmember,39945,4,4,1,0.000046,0.999954,0.999954,0.000545,15.036297,10.362552,-0.000545
nonmember,43870,4,4,1,0.000087,0.999913,0.999913,0.000911,17.223368,9.392664,-0.000911
nonmember,21245,1,1,1,0.037511,0.963184,0.963184,0.157689,34.215046,3.264318,-0.157689
nonmember,18911,7,7,1,0.020218,0.979985,0.979985,0.098101,22.954824,3.891071,-0.098101
nonmember,21480,4,4,1,0.042438,0.958450,0.958450,0.186788,14.794863,3.246429,-0.186788
nonmember,27501,4,4,1,0.016125,0.984004,0.984004,0.088828,8.955710,4.222000,-0.088828
nonmember,10250,4,4,1,0.030720,0.969747,0.969747,0.137648,18.571121,3.479857,-0.137648
nonmember,37318,8,8,1,-0.000000,1.000000,1.000000,0.000000,32.203880,17.875975,-0.000000
nonmember,31294,2,2,1,0.000023,0.999977,0.999977,0.000273,18.256866,10.681382,-0.000273
nonmember,48037,3,3,1,0.659108,0.517313,0.517313,0.873933,11.541871,0.173894,-0.873933
nonmember,25273,3,5,0,0.930296,0.394437,0.605529,0.671072,13.519100,-0.428644,0.671072
nonmember,38943,0,0,1,0.000217,0.999783,0.999783,0.002047,24.798536,8.435783,-0.002047
nonmember,14065,6,5,0,8.845822,0.000144,0.881296,0.444448,2.703428,-8.719461,0.444448
nonmember,18551,1,6,0,20.963928,0.000000,0.896791,0.337571,-5.289854,-20.854996,0.337571
nonmember,29205,1,1,1,0.000000,1.000000,1.000000,0.000002,34.813778,16.448435,-0.000002
nonmember,40793,4,7,0,7.715771,0.000446,0.999553,0.003902,15.550689,-7.715323,0.003902
nonmember,24095,8,8,1,0.003760,0.996247,0.996247,0.024722,22.790554,5.581858,-0.024722
nonmember,9398,3,3,1,0.679407,0.506918,0.506918,0.694147,12.284526,0.027896,-0.694147
nonmember,45519,5,3,0,4.560098,0.010461,0.985300,0.085527,10.245152,-4.545289,0.085527
nonmember,39783,5,5,1,0.001047,0.998954,0.998954,0.009106,13.872041,7.164417,-0.009106
nonmember,36306,7,7,1,0.000000,1.000000,1.000000,0.000006,34.256573,14.751562,-0.000006
nonmember,20248,9,9,1,0.001221,0.998780,0.998780,0.009570,18.270582,6.737082,-0.009570
nonmember,39966,0,0,1,0.000000,1.000000,1.000000,0.000001,24.364733,16.598740,-0.000001
nonmember,46349,3,3,1,0.004455,0.995555,0.995555,0.032851,12.102974,5.953933,-0.032851
nonmember,42238,7,4,0,5.598382,0.003704,0.996221,0.025230,10.010728,-5.594596,0.025230
nonmember,20879,7,7,1,0.027822,0.972561,0.972561,0.125791,16.678225,3.568228,-0.125791
nonmember,9562,4,3,0,5.911355,0.002709,0.754799,0.791132,-0.569145,-5.630052,0.791132
nonmember,41720,5,5,1,0.000010,0.999990,0.999990,0.000120,23.950979,11.561417,-0.000120
nonmember,7080,9,9,1,0.000002,0.999998,0.999998,0.000030,28.670679,13.055040,-0.000030
nonmember,15871,0,0,1,-0.000000,1.000000,1.000000,0.000000,40.492989,20.451853,-0.000000
nonmember,12335,1,1,1,-0.000000,1.000000,1.000000,0.000000,52.100849,20.778673,-0.000000
nonmember,32616,6,6,1,0.185412,0.830762,0.830762,0.454681,18.202284,1.591042,-0.454681
nonmember,36109,9,9,1,-0.000000,1.000000,1.000000,0.000001,37.390442,16.741291,-0.000001
nonmember,26610,9,9,1,0.000001,0.999999,0.999999,0.000011,21.152376,14.835366,-0.000011
nonmember,25044,1,1,1,0.218804,0.803480,0.803480,0.495548,14.482827,1.408188,-0.495548
nonmember,11667,8,8,1,0.000080,0.999920,0.999920,0.000879,21.196823,9.701598,-0.000879
nonmember,29518,0,0,1,0.213003,0.808154,0.808154,0.500195,13.049319,1.447819,-0.500195
nonmember,4029,8,8,1,0.000416,0.999584,0.999584,0.003709,16.767012,7.811308,-0.003709
nonmember,16269,5,3,0,1.073180,0.341919,0.657350,0.648010,12.327795,-0.653642,0.648010
nonmember,26759,9,9,1,0.000004,0.999996,0.999996,0.000054,19.453257,12.490158,-0.000054
nonmember,17723,6,6,1,0.001724,0.998277,0.998277,0.012873,22.377485,6.385011,-0.012873
nonmember,48742,3,3,1,0.038471,0.962259,0.962259,0.174336,10.963897,3.318685,-0.174336
nonmember,10999,3,7,0,3.836467,0.021570,0.527248,0.938710,5.974394,-3.196383,0.938710
nonmember,36774,1,1,1,0.000042,0.999958,0.999958,0.000471,17.936455,10.079153,-0.000471
nonmember,42055,9,9,1,-0.000000,1.000000,1.000000,0.000000,38.001286,33.852425,-0.000000
nonmember,39221,4,4,1,0.001871,0.998131,0.998131,0.014274,12.818729,6.360465,-0.014274
nonmember,49413,7,7,1,0.007625,0.992404,0.992404,0.044728,18.322964,4.874022,-0.044728
nonmember,17295,6,5,0,1.149503,0.316794,0.456071,1.289019,7.173076,-0.364397,1.289019
nonmember,33670,0,8,0,2.354112,0.094978,0.890642,0.401118,6.463958,-2.238299,0.401118
nonmember,31737,1,1,1,0.000006,0.999994,0.999994,0.000079,21.898684,12.028003,-0.000079
nonmember,16424,6,2,0,8.854767,0.000143,0.997878,0.017463,1.982716,-8.852643,0.017463
nonmember,36726,2,2,1,0.232743,0.792357,0.792357,0.510853,17.385521,1.339205,-0.510853
nonmember,19460,4,2,0,3.245829,0.038936,0.783566,0.634030,8.182561,-3.001929,0.634030
nonmember,49781,2,2,1,0.000001,0.999999,0.999999,0.000010,22.225290,14.248852,-0.000010
nonmember,39931,2,2,1,0.001376,0.998625,0.998625,0.012038,11.012466,7.675176,-0.012038
nonmember,15363,1,9,0,2.375857,0.092935,0.765194,0.846729,2.675774,-2.108232,0.846729
nonmember,10951,4,4,1,0.000613,0.999387,0.999387,0.005924,12.962232,8.019489,-0.005924
nonmember,46802,0,0,1,0.000112,0.999888,0.999888,0.001134,21.505753,9.097057,-0.001134
nonmember,20604,8,8,1,-0.000000,1.000000,1.000000,0.000000,30.124784,21.497271,-0.000000
nonmember,21104,1,1,1,0.000017,0.999983,0.999983,0.000205,24.079731,10.973176,-0.000205
nonmember,25013,8,8,1,0.000005,0.999995,0.999995,0.000069,24.815714,12.305387,-0.000069
nonmember,2149,1,1,1,-0.000000,1.000000,1.000000,0.000000,39.942398,23.200100,-0.000000
nonmember,16666,7,7,1,0.000039,0.999961,0.999961,0.000437,21.245876,10.161091,-0.000437
nonmember,33565,6,0,0,8.319639,0.000244,0.521364,0.888966,0.803020,-7.668332,0.888966
nonmember,35158,7,7,1,-0.000000,1.000000,1.000000,0.000000,29.873949,21.267818,-0.000000
nonmember,17224,0,0,1,0.000698,0.999303,0.999303,0.005811,15.065531,7.277926,-0.005811
nonmember,34751,4,4,1,0.575408,0.562476,0.562476,0.747577,10.680661,0.276087,-0.747577
nonmember,2374,5,3,0,2.541258,0.078767,0.868515,0.479567,9.715881,-2.400288,0.479567
nonmember,29066,1,1,1,0.207845,0.812333,0.812333,0.651384,7.529078,2.205308,-0.651384
nonmember,43247,7,7,1,0.016671,0.983467,0.983467,0.084789,13.656150,4.090716,-0.084789
nonmember,17726,1,1,1,0.000621,0.999379,0.999379,0.005207,20.959887,7.383530,-0.005207
nonmember,2097,9,9,1,0.000107,0.999893,0.999893,0.001198,15.007562,9.605403,-0.001198
nonmember,34435,9,9,1,0.004508,0.995502,0.995502,0.028818,18.038668,5.400055,-0.028818
nonmember,24864,6,6,1,0.000012,0.999988,0.999988,0.000154,28.666397,11.852123,-0.000154
nonmember,45117,3,3,1,0.002363,0.997640,0.997640,0.017321,14.484084,6.114451,-0.017321
nonmember,15975,2,5,0,8.623782,0.000180,0.928791,0.310042,3.176354,-8.549911,0.310042
nonmember,10037,7,5,0,6.687955,0.001246,0.975111,0.123252,6.142006,-6.662751,0.123252
nonmember,4764,1,9,0,3.357228,0.034832,0.960661,0.181195,11.001427,-3.317094,0.181195
nonmember,1410,1,1,1,-0.000000,1.000000,1.000000,0.000000,41.192963,18.667757,-0.000000
nonmember,20177,6,6,1,0.000728,0.999272,0.999272,0.006025,22.794746,7.234644,-0.006025
nonmember,19058,7,4,0,6.041977,0.002377,0.972394,0.135077,5.917662,-6.013983,0.135077
nonmember,34220,5,5,1,0.161646,0.850743,0.850743,0.421429,17.685858,1.740441,-0.421429
nonmember,10007,6,6,1,0.000173,0.999827,0.999827,0.001719,18.981844,8.738207,-0.001719
nonmember,16366,3,3,1,0.868252,0.419684,0.419684,1.309332,3.858575,0.130263,-1.309332
nonmember,13511,6,6,1,-0.000000,1.000000,1.000000,0.000000,35.509869,30.586008,-0.000000
nonmember,10802,2,2,1,0.008292,0.991743,0.991743,0.050599,15.323755,4.875286,-0.050599
nonmember,45252,2,2,1,0.479231,0.619259,0.619259,0.672967,10.916594,0.489202,-0.672967
nonmember,226,1,1,1,-0.000000,1.000000,1.000000,0.000000,53.409157,22.793053,-0.000000
nonmember,32660,7,7,1,-0.000000,1.000000,1.000000,0.000000,35.823696,18.038034,-0.000000
nonmember,46343,0,8,0,0.909801,0.402604,0.578016,0.763137,12.264995,-0.361647,0.763137
nonmember,14036,4,7,0,9.980888,0.000046,0.999953,0.000516,13.127904,-9.980842,0.000516
nonmember,5128,3,4,0,9.937153,0.000048,0.961632,0.171209,1.288623,-9.898029,0.171209
nonmember,10337,8,8,1,-0.000000,1.000000,1.000000,0.000000,57.282055,34.271248,-0.000000
nonmember,49909,6,6,1,-0.000000,1.000000,1.000000,0.000000,28.470882,17.883595,-0.000000
nonmember,21882,3,9,0,18.233370,0.000000,0.987135,0.069342,0.277519,-18.220421,0.069342
nonmember,27163,2,4,0,8.295786,0.000250,0.931358,0.263638,3.174735,-8.224674,0.263638
nonmember,48436,7,7,1,-0.000000,1.000000,1.000000,0.000000,41.344692,25.381287,-0.000000
nonmember,8628,1,1,1,-0.000000,1.000000,1.000000,0.000000,31.853546,18.629574,-0.000000
nonmember,12896,4,4,1,0.000601,0.999399,0.999399,0.005170,15.698545,7.455602,-0.005170
nonmember,2949,0,9,0,4.191404,0.015125,0.984424,0.082366,10.966997,-4.175705,0.082366
nonmember,1174,8,4,0,26.017086,0.000000,0.276444,1.394035,-15.207090,-24.731340,1.394035
nonmember,7901,5,3,0,6.837185,0.001073,0.932133,0.254491,11.376230,-6.766905,0.254491
nonmember,23980,3,3,1,0.844546,0.429753,0.429753,1.188145,7.747187,0.065510,-1.188145
nonmember,44826,7,7,1,0.000001,0.999999,0.999999,0.000020,26.984663,13.500445,-0.000020
nonmember,44161,2,5,0,7.145194,0.000789,0.644333,0.980886,1.855599,-6.705655,0.980886
nonmember,20482,6,6,1,0.009630,0.990416,0.990416,0.055053,13.443566,4.656107,-0.055053
nonmember,2891,7,7,1,0.248037,0.780331,0.780331,0.542555,10.146201,1.281018,-0.542555
nonmember,37874,5,3,0,4.155205,0.015683,0.972669,0.156109,4.416365,-4.127493,0.156109
nonmember,12033,3,6,0,20.160904,0.000000,0.833792,0.449840,-2.820600,-19.979134,0.449840
nonmember,47584,2,0,0,3.431783,0.032329,0.577271,0.823344,3.615327,-2.882340,0.823344
nonmember,29653,0,3,0,6.949038,0.000960,0.739560,0.657947,2.912332,-6.647338,0.657947
nonmember,24621,7,7,1,-0.000000,1.000000,1.000000,0.000000,49.792454,30.470833,-0.000000
nonmember,32010,6,3,0,6.502063,0.001500,0.998491,0.011366,14.434587,-6.500553,0.011366
nonmember,34472,5,4,0,2.108944,0.121366,0.551607,1.311072,7.932291,-1.514024,1.311072
nonmember,35164,7,7,1,0.000000,1.000000,1.000000,0.000002,25.488153,15.965414,-0.000002
nonmember,49630,7,7,1,0.076825,0.926052,0.926052,0.273013,10.565933,2.553892,-0.273013
nonmember,32258,1,1,1,0.047457,0.953651,0.953651,0.187797,15.806252,3.024518,-0.187797
nonmember,18896,3,3,1,0.599839,0.548900,0.548900,0.700517,7.844156,0.199533,-0.700517
nonmember,21539,0,0,1,-0.000000,1.000000,1.000000,0.000001,27.970184,17.311537,-0.000001
nonmember,21441,7,4,0,6.542152,0.001441,0.998262,0.013617,11.101872,-6.540412,0.013617
nonmember,37709,9,9,1,0.000027,0.999973,0.999973,0.000323,23.163311,10.871861,-0.000323
nonmember,48761,3,2,0,2.538783,0.078962,0.912620,0.329891,10.710144,-2.447348,0.329891
nonmember,48209,0,0,1,-0.000000,1.000000,1.000000,0.000000,26.589542,18.966782,-0.000000
nonmember,19045,4,4,1,0.000599,0.999401,0.999401,0.005047,19.641685,7.420011,-0.005047
nonmember,43552,9,9,1,-0.000000,1.000000,1.000000,0.000000,36.926838,22.996395,-0.000000
nonmember,42199,0,8,0,1.879280,0.152700,0.847300,0.427365,22.230612,-1.713579,0.427365
nonmember,17951,7,7,1,0.000003,0.999997,0.999997,0.000047,29.465971,12.569424,-0.000047
nonmember,6551,6,4,0,6.751698,0.001169,0.573780,1.058931,1.493216,-6.196189,1.058931
nonmember,35402,9,9,1,0.000000,1.000000,1.000000,0.000003,30.526686,15.562495,-0.000003
nonmember,47104,0,2,0,1.410321,0.244065,0.754397,0.568678,9.116539,-1.128484,0.568678
nonmember,49362,1,1,1,0.047586,0.953528,0.953528,0.188005,18.874437,3.021348,-0.188005
nonmember,41731,0,0,1,0.000000,1.000000,1.000000,0.000004,19.709829,15.550468,-0.000004
nonmember,1698,7,3,0,11.345711,0.000012,0.833546,0.547008,-3.634250,-11.163645,0.547008
nonmember,19444,0,0,1,0.567172,0.567127,0.567127,0.728768,8.821456,0.287172,-0.728768
nonmember,27271,8,8,1,0.094036,0.910250,0.910250,0.315188,10.022249,2.346149,-0.315188
nonmember,5549,0,0,1,0.112804,0.893326,0.893326,0.340282,18.950533,2.126080,-0.340282
nonmember,26612,4,4,1,0.038864,0.961882,0.961882,0.180953,14.836488,3.421612,-0.180953
nonmember,7656,4,4,1,0.156139,0.855440,0.855440,0.516228,8.102300,1.999096,-0.516228
nonmember,47784,8,8,1,-0.000000,1.000000,1.000000,0.000000,34.374172,20.360073,-0.000000
nonmember,49328,2,7,0,18.845505,0.000000,0.944879,0.236531,-7.649482,-18.788807,0.236531
nonmember,11487,0,2,0,8.150344,0.000289,0.999711,0.002641,18.474890,-8.150055,0.002641
nonmember,25588,5,5,1,0.000035,0.999965,0.999965,0.000417,15.706992,10.465135,-0.000417
nonmember,48718,9,9,1,0.080222,0.922912,0.922912,0.272590,14.162158,2.484158,-0.272590
nonmember,34150,0,0,1,-0.000000,1.000000,1.000000,0.000000,43.496319,19.747993,-0.000000
nonmember,42155,2,3,0,8.745339,0.000159,0.863090,0.403900,2.320527,-8.598103,0.403900
nonmember,35162,0,0,1,0.046065,0.954980,0.954980,0.184677,14.651402,3.057778,-0.184677
nonmember,47371,2,2,1,-0.000000,1.000000,1.000000,0.000000,29.431700,20.491850,-0.000000
nonmember,20554,1,8,0,8.672379,0.000171,0.999747,0.002541,8.140007,-8.672125,0.002541
nonmember,12802,0,0,1,0.000080,0.999920,0.999920,0.000835,25.942440,9.433262,-0.000835
nonmember,34279,0,0,1,0.000259,0.999741,0.999741,0.002644,20.333698,9.026938,-0.002644
nonmember,44373,8,8,1,0.123418,0.883895,0.883895,0.359111,25.399229,2.029852,-0.359111
nonmember,25249,5,5,1,0.119852,0.887051,0.887051,0.430933,15.554821,2.749683,-0.430933
nonmember,31638,9,9,1,0.002543,0.997460,0.997460,0.017720,18.319866,5.973435,-0.017720
nonmember,32304,3,0,0,9.451737,0.000079,0.909149,0.308884,8.015541,-9.356491,0.308884
nonmember,27308,2,2,1,0.001978,0.998024,0.998024,0.016227,12.414000,6.838122,-0.016227
nonmember,6036,9,9,1,0.000012,0.999988,0.999988,0.000144,23.972916,11.360512,-0.000144
nonmember,24441,1,1,1,-0.000000,1.000000,1.000000,0.000000,34.634098,17.743023,-0.000000
nonmember,1497,2,2,1,0.004945,0.995067,0.995067,0.034526,17.437025,5.853101,-0.034526
nonmember,39193,8,9,0,0.864435,0.421290,0.478038,1.030279,7.404138,-0.126369,1.030279
nonmember,11821,6,6,1,0.273239,0.760911,0.760911,0.643485,7.520391,1.247346,-0.643485
nonmember,27173,4,2,0,4.189958,0.015147,0.976615,0.128470,4.635166,-4.166296,0.128470
nonmember,16156,8,8,1,0.000356,0.999644,0.999644,0.003364,14.743927,8.087452,-0.003364
nonmember,18962,5,2,0,17.138571,0.000000,0.999998,0.000034,7.812202,-17.138569,0.000034
nonmember,25569,6,6,1,0.005395,0.994620,0.994620,0.036004,17.656115,5.409440,-0.036004
nonmember,3282,5,2,0,2.593084,0.074789,0.833518,0.622297,8.073084,-2.410984,0.622297
nonmember,31627,4,4,1,0.000010,0.999990,0.999990,0.000122,34.854343,11.538090,-0.000122
nonmember,39055,2,2,1,-0.000000,1.000000,1.000000,0.000000,29.068819,24.234579,-0.000000
nonmember,30506,5,4,0,8.448992,0.000214,0.788319,0.616240,0.333601,-8.211140,0.616240
nonmember,32127,2,6,0,1.978354,0.138297,0.860597,0.411563,10.180501,-1.828225,0.411563
nonmember,19408,7,3,0,8.512259,0.000201,0.499585,1.152341,-1.432227,-7.818281,1.152341
nonmember,29185,7,7,1,0.000118,0.999882,0.999882,0.001188,23.683224,9.043071,-0.001188
nonmember,12370,3,3,1,0.008982,0.991058,0.991058,0.051090,18.778519,4.708060,-0.051090
nonmember,38770,0,1,0,4.446733,0.011717,0.725747,0.736649,5.672989,-4.126180,0.736649
nonmember,750,5,5,1,0.620569,0.537638,0.537638,0.914050,11.892634,0.333591,-0.914050
nonmember,41599,2,2,1,0.224199,0.799156,0.799156,0.508557,17.665230,1.385744,-0.508557
nonmember,20516,9,0,0,1.764010,0.171356,0.825818,0.478258,8.732877,-1.572629,0.478258
nonmember,28326,1,1,1,-0.000000,1.000000,1.000000,0.000000,47.139725,20.057682,-0.000000
nonmember,19110,2,3,0,20.940926,0.000000,0.993357,0.039935,0.996639,-20.934261,0.039935
nonmember,11297,0,0,1,0.002927,0.997077,0.997077,0.021740,12.166611,6.007518,-0.021740
nonmember,39633,7,7,1,0.008179,0.991855,0.991855,0.055301,10.430747,5.264221,-0.055301
nonmember,24573,7,7,1,0.000001,0.999999,0.999999,0.000018,43.822208,13.628437,-0.000018
nonmember,311,1,1,1,0.000035,0.999965,0.999965,0.000395,25.952150,10.264783,-0.000395
nonmember,21908,6,4,0,1.331688,0.264031,0.735043,0.584520,14.175141,-1.023862,0.584520
nonmember,19587,8,8,1,-0.000000,1.000000,1.000000,0.000000,39.936703,25.935514,-0.000000
nonmember,29744,1,1,1,0.017135,0.983011,0.983011,0.094498,12.466455,4.210347,-0.094498
nonmember,4665,9,3,0,6.930926,0.000977,0.722690,0.869317,0.127371,-6.606151,0.869317
nonmember,35750,0,7,0,1.550101,0.212226,0.756874,0.677228,8.267974,-1.271544,0.677228
nonmember,39147,5,5,1,0.000028,0.999972,0.999972,0.000336,17.301601,10.677007,-0.000336
nonmember,22128,7,7,1,0.000074,0.999926,0.999926,0.000789,24.568623,9.523520,-0.000789
nonmember,1696,3,5,0,6.442943,0.001592,0.998378,0.012205,10.024204,-6.441320,0.012205
nonmember,7416,7,2,0,4.776535,0.008425,0.827953,0.592707,3.294322,-4.587736,0.592707
nonmember,12640,0,0,1,-0.000000,1.000000,1.000000,0.000000,43.374161,19.209070,-0.000000
nonmember,6865,7,7,1,0.104952,0.900367,0.900367,0.326928,23.327658,2.205420,-0.326928
nonmember,28385,7,7,1,-0.000000,1.000000,1.000000,0.000000,40.104221,18.244490,-0.000000
nonmember,19649,3,3,1,0.027622,0.972756,0.972756,0.127677,14.238486,3.594413,-0.127677
nonmember,5053,3,5,0,0.860987,0.422745,0.577235,0.681389,19.753273,-0.311481,0.681389
nonmember,49769,1,1,1,0.000021,0.999979,0.999979,0.000262,17.414082,11.080524,-0.000262
nonmember,23635,1,1,1,0.000075,0.999925,0.999925,0.000783,32.669010,9.503525,-0.000783
nonmember,33249,0,0,1,0.000005,0.999995,0.999995,0.000067,20.374252,12.236803,-0.000067
nonmember,7599,0,0,1,0.084411,0.919053,0.919053,0.321726,11.147800,2.601394,-0.321726
nonmember,43392,6,8,0,7.770432,0.000422,0.998387,0.012950,6.012327,-7.768818,0.012950
nonmember,43456,3,3,1,0.710607,0.491346,0.491346,0.928713,12.843608,0.105184,-0.928713
nonmember,37407,9,9,1,0.000000,1.000000,1.000000,0.000003,25.537083,15.696806,-0.000003
nonmember,41024,2,2,1,0.009669,0.990377,0.990377,0.059792,16.401548,4.902353,-0.059792
nonmember,47278,9,5,0,3.936691,0.019513,0.777858,0.631618,3.292770,-3.685480,0.631618
nonmember,48263,1,1,1,0.494330,0.609979,0.609979,0.668757,26.413803,0.447226,-0.668757
nonmember,11072,5,4,0,2.026696,0.131770,0.498344,1.144945,5.426950,-1.330231,1.144945
nonmember,12169,1,1,1,0.000000,1.000000,1.000000,0.000001,27.320124,16.436264,-0.000001
nonmember,39201,0,0,1,0.009361,0.990683,0.990683,0.059675,9.749927,4.897566,-0.059675
nonmember,8304,2,2,1,0.000000,1.000000,1.000000,0.000002,25.407207,15.791679,-0.000002
nonmember,48481,8,8,1,0.128610,0.879317,0.879317,0.408854,14.804606,2.094401,-0.408854
nonmember,47649,6,6,1,0.000429,0.999571,0.999571,0.003795,19.510662,7.768946,-0.003795
nonmember,2489,8,8,1,0.006606,0.993416,0.993416,0.041337,17.250816,5.089118,-0.041337
nonmember,22070,1,1,1,0.164659,0.848183,0.848183,0.509050,15.213349,1.898563,-0.509050
nonmember,45536,8,8,1,-0.000000,1.000000,1.000000,0.000000,22.442181,19.394508,-0.000000
nonmember,15181,3,3,1,0.003525,0.996481,0.996481,0.025408,20.070475,5.946095,-0.025408
nonmember,4593,9,9,1,0.000004,0.999996,0.999996,0.000051,22.828186,12.479007,-0.000051
nonmember,47825,8,8,1,-0.000000,1.000000,1.000000,0.000000,30.743759,18.284969,-0.000000
nonmember,14399,2,2,1,0.525940,0.590999,0.590999,0.682914,9.732082,0.370049,-0.682914
nonmember,31833,5,5,1,0.000001,0.999999,0.999999,0.000013,25.035498,13.931331,-0.000013
nonmember,1326,9,9,1,0.001264,0.998737,0.998737,0.011075,12.688266,7.200785,-0.011075
nonmember,28886,9,9,1,0.000002,0.999998,0.999998,0.000033,22.492868,12.941546,-0.000033
nonmember,5756,4,7,0,10.393418,0.000031,0.970045,0.136551,1.684193,-10.363006,0.136551
nonmember,34205,9,9,1,-0.000000,1.000000,1.000000,0.000000,27.638918,19.026470,-0.000000
nonmember,36153,1,1,1,0.000002,0.999998,0.999998,0.000031,29.705130,13.023741,-0.000031
nonmember,20723,0,0,1,0.014146,0.985954,0.985954,0.082313,12.721993,4.579630,-0.082313
nonmember,36994,2,5,0,7.443447,0.000585,0.997522,0.019268,6.537508,-7.440965,0.019268
nonmember,3350,8,8,1,0.000897,0.999103,0.999103,0.007270,13.035729,7.030481,-0.007270
nonmember,25393,9,9,1,0.519753,0.594668,0.594668,0.675115,28.159353,0.383295,-0.675115
nonmember,49488,4,4,1,0.052835,0.948536,0.948536,0.222497,9.433419,3.015992,-0.222497
nonmember,20024,9,9,1,0.045025,0.955974,0.955974,0.192295,11.451288,3.133951,-0.192295
nonmember,49725,2,2,1,0.000058,0.999942,0.999942,0.000643,16.330929,9.838928,-0.000643
nonmember,438,9,9,1,-0.000000,1.000000,1.000000,0.000000,29.008467,20.545197,-0.000000
nonmember,24876,8,8,1,0.311046,0.732680,0.732680,0.764799,11.597818,1.438946,-0.764799
nonmember,6740,8,8,1,0.024558,0.975741,0.975741,0.114407,17.276442,3.695542,-0.114407
nonmember,15253,4,2,0,7.926711,0.000361,0.946086,0.231057,0.271150,-7.871289,0.231057
nonmember,29977,0,0,1,0.000061,0.999939,0.999939,0.000656,25.049341,9.708844,-0.000656
nonmember,5684,0,0,1,0.050904,0.950370,0.950370,0.217903,12.026922,3.091685,-0.217903
nonmember,42438,1,1,1,0.000017,0.999983,0.999983,0.000205,47.968285,10.974281,-0.000205
nonmember,46100,8,8,1,0.001039,0.998961,0.998961,0.009036,11.721462,7.284371,-0.009036
nonmember,1188,0,4,0,3.896359,0.020316,0.670605,0.855423,2.052192,-3.496784,0.855423
nonmember,9994,6,6,1,0.007104,0.992921,0.992921,0.043593,21.450413,4.998322,-0.043593
nonmember,44370,4,4,1,0.486007,0.615077,0.615077,0.939176,7.786168,0.731463,-0.939176
nonmember,31231,2,2,1,0.000042,0.999958,0.999958,0.000471,26.861452,10.070498,-0.000471
nonmember,41572,8,8,1,-0.000000,1.000000,1.000000,0.000000,32.566143,18.046986,-0.000000
nonmember,41159,3,1,0,4.952887,0.007063,0.707443,0.852883,1.347356,-4.606789,0.852883
nonmember,33061,8,0,0,2.753098,0.063730,0.933877,0.253852,12.154955,-2.684688,0.253852
nonmember,43388,6,6,1,0.026615,0.973736,0.973736,0.123648,15.385319,3.628084,-0.123648
nonmember,33376,9,8,0,1.856356,0.156241,0.823491,0.542360,8.714747,-1.662152,0.542360
nonmember,6649,3,3,1,0.001101,0.998899,0.998899,0.008613,17.882219,6.812558,-0.008613
nonmember,46927,5,5,1,0.002333,0.997670,0.997670,0.016544,23.616056,6.065281,-0.016544
nonmember,25932,6,2,0,14.880639,0.000000,0.995430,0.030913,-4.263931,-14.876059,0.030913
nonmember,47239,4,4,1,0.000003,0.999997,0.999997,0.000047,30.218136,12.762890,-0.000047
nonmember,21569,5,5,1,0.000004,0.999996,0.999996,0.000050,19.782511,13.135647,-0.000050
nonmember,33865,9,9,1,-0.000000,1.000000,1.000000,0.000000,43.074066,32.515198,-0.000000
nonmember,7981,5,5,1,0.029096,0.971323,0.971323,0.143811,16.456411,3.722142,-0.143811
nonmember,9595,1,1,1,0.031903,0.968600,0.968600,0.139733,23.217007,3.429638,-0.139733
nonmember,44735,6,2,0,7.234401,0.000721,0.990126,0.059641,5.076848,-7.224477,0.059641
nonmember,27132,1,8,0,9.768789,0.000057,0.999943,0.000617,11.609007,-9.768732,0.000617
nonmember,47507,5,0,0,2.427086,0.088294,0.817974,0.743848,3.265706,-2.226161,0.743848
nonmember,773,8,8,1,0.000001,0.999999,0.999999,0.000010,17.362190,15.212317,-0.000010
nonmember,46076,4,7,0,0.937940,0.391433,0.599617,0.716051,15.024135,-0.426476,0.716051
nonmember,3394,5,5,1,0.139215,0.870041,0.870041,0.387690,23.561056,1.902725,-0.387690
nonmember,25869,8,8,1,0.001147,0.998854,0.998854,0.009582,22.987795,7.092798,-0.009582
nonmember,45167,9,9,1,-0.000000,1.000000,1.000000,0.000000,52.222904,40.763706,-0.000000
nonmember,21565,8,8,1,0.000585,0.999415,0.999415,0.005331,16.312496,7.926632,-0.005331
nonmember,32116,7,7,1,0.000000,1.000000,1.000000,0.000002,39.273838,15.746126,-0.000002
nonmember,38369,5,5,1,0.017193,0.982954,0.982954,0.088010,14.700276,4.074896,-0.088010
nonmember,21115,2,2,1,0.003668,0.996338,0.996338,0.028548,10.955171,6.458943,-0.028548
nonmember,32564,1,1,1,0.059329,0.942396,0.942396,0.235017,7.306947,2.843797,-0.235017
nonmember,10709,5,5,1,0.196653,0.821475,0.821475,0.469172,17.876097,1.526386,-0.469172
nonmember,40748,6,6,1,0.011335,0.988729,0.988729,0.063452,14.471426,4.507755,-0.063452
nonmember,25915,1,1,1,0.371103,0.689973,0.689973,0.621939,19.419559,0.801149,-0.621939
nonmember,11592,9,9,1,0.183029,0.832744,0.832744,0.451622,15.642200,1.605257,-0.451622
nonmember,23815,3,3,1,0.032676,0.967852,0.967852,0.142530,14.164435,3.406252,-0.142530
nonmember,28597,3,6,0,7.856848,0.000387,0.999613,0.003431,14.333097,-7.856461,0.003431
nonmember,15507,9,9,1,0.000000,1.000000,1.000000,0.000004,25.413086,15.759141,-0.000004
nonmember,28891,3,3,1,0.881613,0.414114,0.414114,1.256480,10.116191,0.221968,-1.256480
nonmember,11296,9,9,1,-0.000000,1.000000,1.000000,0.000000,37.676357,21.376141,-0.000000
nonmember,5809,7,4,0,3.581086,0.027845,0.628276,0.760508,13.253944,-3.116310,0.760508
nonmember,22792,7,7,1,-0.000000,1.000000,1.000000,0.000000,47.297478,26.284246,-0.000000
nonmember,47773,5,5,1,0.135492,0.873286,0.873286,0.430527,12.395235,2.037977,-0.430527
nonmember,31787,8,8,1,0.142503,0.867185,0.867185,0.461473,19.826731,2.115198,-0.461473
nonmember,22014,2,2,1,0.088828,0.915003,0.915003,0.293437,16.872929,2.381227,-0.293437
nonmember,49483,1,1,1,0.001125,0.998876,0.998876,0.008759,30.512056,6.789425,-0.008759
nonmember,48674,5,0,0,2.227749,0.107771,0.590578,1.031998,5.800578,-1.701096,1.031998
nonmember,29707,2,2,1,0.037603,0.963095,0.963095,0.191318,11.636060,3.857582,-0.191318
nonmember,6222,5,5,1,0.246309,0.781681,0.781681,0.659346,11.975091,1.563266,-0.659346
nonmember,43297,1,1,1,-0.000000,1.000000,1.000000,0.000000,29.833170,18.581669,-0.000000
nonmember,43999,5,5,1,0.309759,0.733624,0.733624,0.579626,19.920090,1.013088,-0.579626
nonmember,18647,3,3,1,0.066590,0.935579,0.935579,0.304607,16.464752,3.314260,-0.304607
nonmember,1426,3,3,1,0.001326,0.998675,0.998675,0.010449,15.174751,6.697423,-0.010449
nonmember,8101,3,4,0,6.050473,0.002357,0.969869,0.175770,0.429886,-6.019878,0.175770
nonmember,41476,6,6,1,-0.000000,1.000000,1.000000,0.000000,35.632996,18.874086,-0.000000
nonmember,2754,8,1,0,1.087181,0.337166,0.649132,0.713682,7.536132,-0.655062,0.713682
nonmember,2617,0,5,0,1.310769,0.269613,0.648476,0.861816,8.152032,-0.877638,0.861816
nonmember,10880,5,5,1,0.691173,0.500988,0.500988,1.322403,8.694571,0.943532,-1.322403
nonmember,12815,3,1,0,2.626866,0.072305,0.622602,1.226579,2.804288,-2.153019,1.226579
nonmember,32765,8,4,0,4.140886,0.015909,0.978151,0.123860,3.470579,-4.118795,0.123860
nonmember,17895,9,9,1,0.000048,0.999952,0.999952,0.000538,19.089153,10.038629,-0.000538
nonmember,36937,4,4,1,0.248382,0.780062,0.780062,0.676814,14.318369,1.625961,-0.676814
nonmember,47654,3,3,1,0.471446,0.624099,0.624099,1.080819,6.654391,1.265419,-1.080819
nonmember,37619,0,0,1,0.058798,0.942897,0.942897,0.220330,13.424841,2.807837,-0.220330
nonmember,1763,8,8,1,0.000000,1.000000,1.000000,0.000002,35.508839,16.142429,-0.000002
nonmember,26653,4,4,1,0.000000,1.000000,1.000000,0.000006,23.357496,15.377485,-0.000006
nonmember,28644,6,6,1,0.455058,0.634411,0.634411,0.981671,5.323656,0.958542,-0.981671
nonmember,1656,5,5,1,0.006419,0.993602,0.993602,0.040275,12.024729,5.097486,-0.040275
nonmember,8202,7,7,1,0.008938,0.991102,0.991102,0.059057,14.152789,5.154877,-0.059057
nonmember,2277,0,0,1,0.001159,0.998842,0.998842,0.009662,28.026205,7.073023,-0.009662
nonmember,49716,1,0,0,12.704945,0.000003,0.999828,0.001685,12.625497,-12.704772,0.001685
nonmember,11247,5,6,0,13.914438,0.000001,0.967031,0.144934,7.856000,-13.880914,0.144934
nonmember,43728,1,1,1,0.003544,0.996462,0.996462,0.023555,20.612331,5.642902,-0.023555
nonmember,23389,3,3,1,0.553110,0.575158,0.575158,0.898458,8.469971,0.442854,-0.898458
nonmember,37128,2,2,1,0.222591,0.800442,0.800442,0.580556,7.868175,1.519879,-0.580556
nonmember,7747,0,0,1,0.003734,0.996273,0.996273,0.029531,11.278334,6.673296,-0.029531
nonmember,4559,0,0,1,0.035945,0.964693,0.964693,0.153208,15.320014,3.309301,-0.153208
nonmember,23643,7,3,0,11.449204,0.000011,0.894480,0.409683,-0.772733,-11.337692,0.409683
nonmember,47263,7,7,1,-0.000000,1.000000,1.000000,0.000000,40.280247,18.950098,-0.000000
nonmember,33218,2,2,1,0.328038,0.720336,0.720336,0.748779,8.853082,1.218950,-0.748779
nonmember,896,6,2,0,6.636554,0.001312,0.884570,0.386099,7.038683,-6.513900,0.386099
nonmember,37604,9,9,1,0.000003,0.999997,0.999997,0.000042,21.297319,12.702693,-0.000042
nonmember,16530,2,2,1,0.001703,0.998298,0.998298,0.012572,20.483486,6.376235,-0.012572
nonmember,2927,2,2,1,0.068046,0.934218,0.934218,0.251050,13.680231,2.681634,-0.251050
nonmember,47993,8,8,1,-0.000000,1.000000,1.000000,0.000000,63.064739,44.470764,-0.000000
nonmember,16591,9,9,1,0.000001,0.999999,0.999999,0.000017,19.576143,13.702722,-0.000017
nonmember,43378,0,0,1,0.007190,0.992835,0.992835,0.043570,17.984556,4.965292,-0.043570
nonmember,6561,5,5,1,0.003790,0.996217,0.996217,0.025861,17.249395,5.647239,-0.025861
nonmember,35922,7,7,1,0.992838,0.370523,0.370523,1.161470,9.968494,0.136534,-1.161470
nonmember,10243,0,0,1,0.000020,0.999980,0.999980,0.000236,24.163088,10.821946,-0.000236
nonmember,42536,2,2,1,0.044206,0.956757,0.956757,0.185989,17.987343,3.139817,-0.185989
nonmember,39548,9,9,1,0.000000,1.000000,1.000000,0.000005,22.439947,15.449650,-0.000005
nonmember,15726,6,9,0,3.995151,0.018405,0.611823,0.785141,11.122628,-3.503839,0.785141
nonmember,32176,9,9,1,-0.000000,1.000000,1.000000,0.000000,42.430775,27.241308,-0.000000
nonmember,33310,2,2,1,-0.000000,1.000000,1.000000,0.000000,28.011223,18.069344,-0.000000
nonmember,49117,3,2,0,6.674482,0.001263,0.723108,0.613251,4.499343,-6.350286,0.613251
nonmember,6401,7,7,1,-0.000000,1.000000,1.000000,0.000000,27.519543,18.749138,-0.000000
nonmember,39704,8,8,1,0.001250,0.998751,0.998751,0.009600,21.945826,6.683924,-0.009600
nonmember,41027,3,0,0,1.157282,0.314339,0.555390,1.147679,2.911435,-0.569197,1.147679
nonmember,33138,5,5,1,0.000081,0.999919,0.999919,0.000881,19.170197,9.559878,-0.000881
nonmember,44169,7,7,1,0.000073,0.999927,0.999927,0.000802,30.503260,9.656061,-0.000802
nonmember,28219,4,4,1,0.001118,0.998883,0.998883,0.008900,24.812111,6.837763,-0.008900
nonmember,37111,2,2,1,0.000016,0.999984,0.999984,0.000206,16.820162,11.313773,-0.000206
nonmember,21396,7,4,0,9.700256,0.000061,0.758107,0.573226,8.264298,-9.423326,0.573226
nonmember,40126,2,2,1,0.001277,0.998724,0.998724,0.010618,11.414777,6.939063,-0.010618
nonmember,34453,1,1,1,0.000001,0.999999,0.999999,0.000013,32.245476,13.963791,-0.000013
nonmember,24056,5,5,1,0.000038,0.999962,0.999962,0.000422,30.503361,10.186232,-0.000422
nonmember,18778,9,9,1,0.000045,0.999955,0.999955,0.000499,18.858774,10.000873,-0.000499
nonmember,26005,3,3,1,0.204984,0.814660,0.814660,0.551579,12.337627,1.608025,-0.551579
nonmember,36028,1,1,1,-0.000000,1.000000,1.000000,0.000000,54.986740,34.007675,-0.000000
nonmember,31123,7,7,1,0.878400,0.415447,0.415447,1.066966,10.978260,0.075411,-1.066966
nonmember,4679,2,2,1,0.359522,0.698010,0.698010,0.698710,7.324733,0.893736,-0.698710
nonmember,5771,7,7,1,-0.000000,1.000000,1.000000,0.000000,35.008053,23.785019,-0.000000
nonmember,22909,6,6,1,0.519207,0.594992,0.594992,0.847696,12.679095,0.502543,-0.847696
nonmember,38535,2,2,1,0.093928,0.910348,0.910348,0.366849,6.612453,2.543798,-0.366849
nonmember,42407,9,9,1,0.000012,0.999988,0.999988,0.000166,13.351864,12.614218,-0.000166
nonmember,32918,6,6,1,0.000141,0.999859,0.999859,0.001399,27.543179,8.871529,-0.001399
nonmember,180,4,2,0,1.141708,0.319273,0.679717,0.634607,10.776861,-0.755630,0.634607
nonmember,47905,5,2,0,5.313695,0.004924,0.398288,1.406467,1.627779,-4.393115,1.406467
nonmember,21581,6,6,1,-0.000000,1.000000,1.000000,0.000001,30.556402,17.175495,-0.000001
nonmember,15938,4,7,0,1.166081,0.311586,0.352068,1.206025,8.982755,-0.122149,1.206025
nonmember,20679,9,9,1,-0.000000,1.000000,1.000000,0.000000,28.438951,21.453514,-0.000000
nonmember,10035,1,1,1,0.001271,0.998730,0.998730,0.009739,26.108526,6.667496,-0.009739
nonmember,10423,5,2,0,2.149293,0.116567,0.436870,1.085179,9.619356,-1.321173,1.085179
nonmember,46450,2,2,1,0.003639,0.996368,0.996368,0.025361,12.514724,5.702903,-0.025361
nonmember,8090,1,8,0,19.072565,0.000000,0.998575,0.010767,0.590196,-19.071138,0.010767
nonmember,11751,6,6,1,0.000002,0.999998,0.999998,0.000027,23.828373,13.413527,-0.000027
nonmember,35100,3,9,0,17.951183,0.000000,0.647605,0.653867,-2.390620,-17.516710,0.653867
nonmember,21667,8,9,0,3.158614,0.042485,0.952404,0.208516,7.843740,-3.109848,0.208516
nonmember,22095,9,1,0,3.255168,0.038574,0.880331,0.446028,9.107699,-3.127711,0.446028
nonmember,15612,6,0,0,31.689054,0.000000,0.538033,0.690252,-12.760630,-31.069220,0.690252
nonmember,13,2,8,0,2.778963,0.062103,0.875626,0.519491,3.672900,-2.646147,0.519491
nonmember,4251,7,7,1,0.000087,0.999913,0.999913,0.000963,16.630537,9.739035,-0.000963
nonmember,8494,5,3,0,8.009771,0.000332,0.976932,0.113915,7.497508,-7.986434,0.113915
nonmember,3674,0,2,0,5.694084,0.003366,0.996634,0.022525,30.888149,-5.690712,0.022525
nonmember,8721,8,8,1,0.001058,0.998943,0.998943,0.008991,18.089392,7.292149,-0.008991
nonmember,13556,2,2,1,0.007804,0.992226,0.992226,0.046051,16.427620,4.861285,-0.046051
nonmember,37676,5,2,0,5.742050,0.003208,0.783674,0.540557,6.297772,-5.498289,0.540557
nonmember,7671,3,5,0,4.964668,0.006980,0.993008,0.041752,11.679360,-4.957652,0.041752
nonmember,29353,4,4,1,0.004777,0.995234,0.995234,0.034003,12.540158,5.869669,-0.034003
nonmember,17080,0,9,0,1.279233,0.278251,0.721670,0.592098,24.702665,-0.953045,0.592098
nonmember,18741,8,8,1,0.017094,0.983052,0.983052,0.085912,22.040155,4.060495,-0.085912
nonmember,21121,9,1,0,2.013518,0.133518,0.866481,0.393033,14.933802,-1.870203,0.393033
nonmember,40855,9,9,1,0.032038,0.968470,0.968470,0.140592,13.507630,3.427252,-0.140592
nonmember,40948,9,9,1,-0.000000,1.000000,1.000000,0.000000,36.025875,21.098450,-0.000000
nonmember,47824,1,1,1,0.000101,0.999899,0.999899,0.001030,29.879059,9.200453,-0.001030
nonmember,4496,1,1,1,0.000004,0.999996,0.999996,0.000059,23.871908,12.326798,-0.000059
nonmember,47470,1,1,1,-0.000000,1.000000,1.000000,0.000000,26.733490,19.518925,-0.000000
nonmember,5460,1,1,1,0.002938,0.997066,0.997066,0.023650,8.912448,6.379779,-0.023650
nonmember,11789,2,6,0,0.814213,0.442988,0.553725,0.709072,11.718808,-0.223126,0.709072
nonmember,33240,8,0,0,3.571569,0.028112,0.803603,0.695567,6.424773,-3.352919,0.695567
nonmember,11742,7,7,1,-0.000000,1.000000,1.000000,0.000000,33.608944,23.224281,-0.000000
nonmember,13552,3,5,0,1.681443,0.186105,0.813833,0.481185,18.278460,-1.475443,0.481185
nonmember,23518,5,5,1,0.004463,0.995547,0.995547,0.030246,15.763847,5.544829,-0.030246
nonmember,13053,3,3,1,0.000034,0.999966,0.999966,0.000403,22.722815,10.834816,-0.000403
nonmember,13814,2,2,1,0.000002,0.999998,0.999998,0.000023,19.992464,13.518261,-0.000023
nonmember,30269,1,9,0,2.916479,0.054124,0.803040,0.618199,7.552597,-2.697128,0.618199
nonmember,38469,8,8,1,0.007900,0.992132,0.992132,0.045984,14.301934,4.837282,-0.045984
nonmember,10077,7,7,1,0.000264,0.999736,0.999736,0.002582,16.756325,8.450401,-0.002582
nonmember,23458,6,5,0,12.253055,0.000005,0.946544,0.240472,3.319773,-12.198116,0.240472
nonmember,23068,3,3,1,0.001074,0.998926,0.998926,0.008423,20.957527,6.836793,-0.008423
nonmember,30637,9,9,1,-0.000000,1.000000,1.000000,0.000000,24.606045,23.255220,-0.000000
nonmember,24017,3,6,0,2.154957,0.115908,0.799673,0.692994,8.926111,-1.931405,0.692994
nonmember,38433,0,8,0,3.264057,0.038233,0.960684,0.171778,8.410838,-3.223947,0.171778
nonmember,38820,9,9,1,-0.000000,1.000000,1.000000,0.000000,29.324226,21.607824,-0.000000
nonmember,1213,9,9,1,0.000267,0.999733,0.999733,0.002671,15.422985,8.888645,-0.002671
nonmember,19211,5,2,0,3.032956,0.048173,0.797791,0.732031,4.150994,-2.807048,0.732031
nonmember,10329,3,8,0,9.868892,0.000052,0.974301,0.121044,0.967556,-9.842856,0.121044
nonmember,12790,2,2,1,0.000002,0.999998,0.999998,0.000029,20.303471,13.124294,-0.000029
nonmember,29688,7,5,0,1.230844,0.292046,0.604098,0.914453,6.425023,-0.726826,0.914453
nonmember,33869,8,8,1,0.001740,0.998261,0.998261,0.012788,17.548624,6.353021,-0.012788
nonmember,3683,6,6,1,0.000073,0.999927,0.999927,0.000822,26.027916,9.965063,-0.000822
nonmember,30901,9,9,1,0.026306,0.974037,0.974037,0.121001,18.040617,3.628136,-0.121001
nonmember,10237,4,4,1,0.000044,0.999956,0.999956,0.000503,15.207376,10.141357,-0.000503
nonmember,37470,5,6,0,6.532430,0.001455,0.532178,1.178495,1.114605,-5.901652,1.178495
nonmember,15662,1,9,0,5.191892,0.005561,0.994430,0.034529,13.097928,-5.186307,0.034529
nonmember,19166,1,1,1,0.001499,0.998502,0.998502,0.011242,24.177675,6.501848,-0.011242
nonmember,11550,4,4,1,0.011806,0.988264,0.988264,0.063903,16.558287,4.433941,-0.063903
nonmember,10287,9,9,1,0.305914,0.736450,0.736450,0.756836,12.196683,1.586900,-0.756836
nonmember,36474,3,6,0,2.310979,0.099164,0.585692,0.924013,8.053984,-1.776018,0.924013
nonmember,31200,5,3,0,3.934755,0.019550,0.978863,0.108724,10.459634,-3.913391,0.108724
nonmember,39959,0,9,0,2.924149,0.053710,0.943123,0.231119,10.751537,-2.865590,0.231119
nonmember,3914,7,8,0,5.484849,0.004149,0.523710,1.372638,-0.618743,-4.838033,1.372638
nonmember,26611,6,6,1,0.000561,0.999439,0.999439,0.004764,20.878561,7.486426,-0.004764
nonmember,33231,8,8,1,0.000058,0.999942,0.999942,0.000627,23.935995,9.750030,-0.000627
nonmember,40141,7,7,1,0.000011,0.999989,0.999989,0.000142,20.293804,11.383051,-0.000142
nonmember,17003,3,6,0,2.946852,0.052505,0.944389,0.228682,11.540532,-2.889635,0.228682
nonmember,41831,3,3,1,0.004652,0.995359,0.995359,0.029570,27.372343,5.368101,-0.029570
nonmember,14045,8,8,1,0.000281,0.999719,0.999719,0.002586,20.241844,8.177994,-0.002586
nonmember,47192,5,5,1,0.142850,0.866884,0.866884,0.402929,12.597210,1.888901,-0.402929
nonmember,23210,1,1,1,0.000086,0.999914,0.999914,0.000933,26.582970,9.535204,-0.000933
nonmember,41782,3,9,0,15.708011,0.000000,0.566394,0.951064,-5.039807,-15.139545,0.951064
nonmember,48878,4,6,0,3.575354,0.028006,0.970952,0.135931,14.539637,-3.545876,0.135931
nonmember,39266,7,7,1,-0.000000,1.000000,1.000000,0.000000,39.608593,22.910860,-0.000000
nonmember,32124,5,3,0,6.259876,0.001911,0.998076,0.014034,10.610622,-6.257950,0.014034
nonmember,44794,0,9,0,1.091586,0.335684,0.612282,0.887827,5.278673,-0.601024,0.887827
nonmember,44891,4,5,0,2.381669,0.092396,0.770727,0.759417,6.126277,-2.121247,0.759417
nonmember,44997,1,1,1,0.000009,0.999991,0.999991,0.000116,16.028997,11.700619,-0.000116
nonmember,45399,1,1,1,0.000000,1.000000,1.000000,0.000005,21.605873,15.571228,-0.000005
nonmember,45146,9,0,0,16.396257,0.000000,0.930636,0.288828,-2.791279,-16.324369,0.288828
nonmember,44336,4,4,1,0.000011,0.999989,0.999989,0.000147,23.861351,11.769852,-0.000147
nonmember,25549,0,9,0,15.684306,0.000000,0.996284,0.027431,-3.637917,-15.680583,0.027431
nonmember,22204,7,7,1,-0.000000,1.000000,1.000000,0.000000,28.915768,18.220860,-0.000000
nonmember,24567,0,0,1,-0.000000,1.000000,1.000000,0.000000,43.619118,25.154949,-0.000000
nonmember,39154,8,8,1,0.000147,0.999853,0.999853,0.001484,18.428020,8.879533,-0.001484
nonmember,48670,8,0,0,5.606838,0.003673,0.814210,0.500464,7.068786,-5.401300,0.500464
nonmember,18388,1,1,1,0.003967,0.996041,0.996041,0.025853,23.389652,5.527813,-0.025853
nonmember,32523,4,4,1,0.337377,0.713639,0.713639,0.603152,12.598669,0.915020,-0.603152
nonmember,11225,9,8,0,1.522046,0.218265,0.429083,1.137393,5.266725,-0.675940,1.137393
nonmember,7020,6,6,1,0.000438,0.999562,0.999562,0.003827,19.944452,7.734478,-0.003827
nonmember,40071,4,4,1,0.461448,0.630370,0.630370,0.940897,12.116831,0.895457,-0.940897
nonmember,3442,4,4,1,0.439298,0.644489,0.644489,0.652680,18.700449,0.595505,-0.652680
nonmember,631,8,8,1,-0.000000,1.000000,1.000000,0.000000,52.538849,36.985977,-0.000000
nonmember,26317,7,7,1,-0.000000,1.000000,1.000000,0.000000,39.808964,21.167295,-0.000000
nonmember,49898,4,4,1,0.000187,0.999813,0.999813,0.001989,12.113133,9.214293,-0.001989
nonmember,37247,2,2,1,0.406890,0.665717,0.665717,0.735052,12.958611,0.774623,-0.735052
nonmember,20194,3,3,1,0.025893,0.974439,0.974439,0.138833,10.930095,3.918272,-0.138833
nonmember,27568,7,2,0,13.934444,0.000001,0.974624,0.135839,-4.785066,-13.908741,0.135839
nonmember,600,0,0,1,0.000091,0.999909,0.999909,0.000940,22.511116,9.306383,-0.000940
nonmember,38876,4,4,1,0.000024,0.999976,0.999976,0.000305,20.347452,11.197366,-0.000305
nonmember,47884,5,5,1,0.000366,0.999634,0.999634,0.003260,26.746304,7.913294,-0.003260
nonmember,9545,8,8,1,0.003767,0.996240,0.996240,0.027150,17.277822,5.976624,-0.027150
nonmember,26012,9,9,1,0.000038,0.999962,0.999962,0.000430,19.007500,10.209727,-0.000430
nonmember,17233,0,0,1,0.515985,0.596912,0.596912,0.683134,12.594355,0.395416,-0.683134
nonmember,44511,9,9,1,0.000005,0.999995,0.999995,0.000073,19.653469,12.136269,-0.000073
nonmember,39581,9,9,1,0.000022,0.999978,0.999978,0.000253,32.705040,10.745079,-0.000253
nonmember,7945,7,7,1,0.000000,1.000000,1.000000,0.000002,32.655914,15.846739,-0.000002
nonmember,45503,5,3,0,8.878325,0.000139,0.999859,0.001397,10.745459,-8.878183,0.001397
nonmember,24352,5,3,0,1.642354,0.193524,0.806465,0.491439,17.574062,-1.427259,0.491439
nonmember,25893,4,4,1,0.003890,0.996118,0.996118,0.029163,8.882384,5.911064,-0.029163
nonmember,20037,5,3,0,2.343056,0.096034,0.892366,0.386822,5.759974,-2.229177,0.386822
nonmember,17712,2,2,1,0.200524,0.818302,0.818302,0.632384,5.403941,1.819419,-0.632384
nonmember,18180,3,3,1,0.095203,0.909188,0.909188,0.308326,15.223437,2.310108,-0.308326
nonmember,31857,6,6,1,0.000000,1.000000,1.000000,0.000003,23.378492,16.013268,-0.000003
nonmember,4219,4,4,1,0.001908,0.998094,0.998094,0.013844,26.222759,6.260693,-0.013844
nonmember,33197,4,4,1,0.001791,0.998211,0.998211,0.013498,15.891998,6.373676,-0.013498
nonmember,919,5,5,1,0.003151,0.996854,0.996854,0.023898,15.080767,6.338593,-0.023898
nonmember,15526,4,4,1,0.000192,0.999808,0.999808,0.001991,20.230185,8.920091,-0.001991
nonmember,12348,1,1,1,0.000002,0.999998,0.999998,0.000023,33.943081,13.335485,-0.000023
nonmember,8854,8,8,1,-0.000000,1.000000,1.000000,0.000000,47.646065,32.703243,-0.000000
nonmember,18998,3,5,0,4.444033,0.011748,0.986693,0.075529,12.758111,-4.430636,0.075529
nonmember,9426,8,8,1,0.000000,1.000000,1.000000,0.000001,35.584930,16.616392,-0.000001
nonmember,8943,3,4,0,11.103280,0.000015,0.892703,0.415202,2.249385,-10.989779,0.415202
nonmember,32235,1,1,1,-0.000000,1.000000,1.000000,0.000000,37.478279,18.756886,-0.000000
nonmember,35581,3,3,1,0.065744,0.936371,0.936371,0.237627,13.714994,2.690372,-0.237627
nonmember,39117,9,9,1,0.000051,0.999949,0.999949,0.000590,22.706921,10.244720,-0.000590
nonmember,27628,3,5,0,2.300454,0.100213,0.881757,0.421635,13.244700,-2.174615,0.421635
nonmember,39360,2,9,0,9.229723,0.000098,0.845877,0.594512,-2.711480,-9.062342,0.594512
nonmember,904,4,4,1,0.771048,0.462528,0.462528,1.217358,8.232148,0.397698,-1.217358
nonmember,17411,7,7,1,0.000010,0.999990,0.999990,0.000126,25.778269,11.511854,-0.000126
nonmember,32071,2,7,0,7.168818,0.000770,0.939266,0.262097,1.947733,-7.106161,0.262097
nonmember,26433,1,1,1,0.031764,0.968736,0.968736,0.139110,24.167595,3.433512,-0.139110
nonmember,42024,8,8,1,0.000000,1.000000,1.000000,0.000005,31.436117,14.963209,-0.000005
nonmember,8957,2,6,0,2.031506,0.131138,0.854030,0.479192,8.974288,-1.873717,0.479192
nonmember,29131,4,5,0,1.433985,0.238357,0.586113,0.960925,17.321266,-0.899742,0.960925
nonmember,44496,5,2,0,17.343649,0.000000,0.999399,0.005167,0.211746,-17.343048,0.005167
nonmember,10538,7,7,1,0.000000,1.000000,1.000000,0.000002,27.830229,16.017048,-0.000002
nonmember,31183,8,8,1,0.499894,0.606595,0.606595,0.701293,10.203049,0.446066,-0.701293
nonmember,3318,0,0,1,0.002512,0.997491,0.997491,0.017573,14.026352,5.987410,-0.017573
nonmember,34638,4,4,1,0.004035,0.995973,0.995973,0.028695,15.440147,5.792986,-0.028695
nonmember,157,5,3,0,3.558899,0.028470,0.652089,0.746676,10.203044,-3.131325,0.746676
nonmember,46258,2,4,0,1.266006,0.281956,0.369828,1.145164,10.841687,-0.271290,1.145164
nonmember,4325,7,7,1,0.048576,0.952585,0.952585,0.194035,12.001145,3.011377,-0.194035
nonmember,18623,8,8,1,0.002610,0.997393,0.997393,0.019850,15.516371,6.305327,-0.019850
nonmember,26951,8,8,1,-0.000000,1.000000,1.000000,0.000000,37.522079,22.377277,-0.000000
nonmember,5073,8,8,1,0.000000,1.000000,1.000000,0.000007,22.684958,14.883149,-0.000007
nonmember,596,8,8,1,0.000001,0.999999,0.999999,0.000013,32.858036,13.934675,-0.000013
nonmember,33831,0,0,1,0.468310,0.626060,0.626060,0.906527,9.373814,0.774675,-0.906527
nonmember,8339,1,1,1,0.000843,0.999157,0.999157,0.006832,20.387089,7.081940,-0.006832
nonmember,22081,6,6,1,0.038987,0.961764,0.961764,0.169884,15.256888,3.271248,-0.169884
nonmember,23883,8,8,1,-0.000000,1.000000,1.000000,0.000000,44.125240,28.130726,-0.000000
nonmember,5434,4,3,0,27.052114,0.000000,0.996163,0.025911,-11.104053,-27.048271,0.025911
nonmember,27646,0,0,1,0.000485,0.999515,0.999515,0.004184,20.482904,7.631902,-0.004184
nonmember,37436,5,3,0,5.869740,0.002824,0.997176,0.019393,21.077820,-5.866913,0.019393
nonmember,16468,7,7,1,-0.000000,1.000000,1.000000,0.000000,40.362461,25.869678,-0.000000
nonmember,12923,1,1,1,0.011147,0.988915,0.988915,0.060947,25.585939,4.491228,-0.060947
nonmember,48134,3,3,1,0.276749,0.758245,0.758245,0.795903,5.673536,1.655250,-0.795903
nonmember,10544,1,1,1,0.000113,0.999887,0.999887,0.001137,25.691307,9.092073,-0.001137
nonmember,1478,2,4,0,4.838191,0.007921,0.963330,0.194576,8.190602,-4.800832,0.194576
nonmember,47979,6,6,1,0.000053,0.999947,0.999947,0.000587,22.380636,9.928069,-0.000587
nonmember,22306,1,1,1,-0.000000,1.000000,1.000000,0.000000,54.589912,21.632206,-0.000000
nonmember,32497,6,6,1,-0.000000,1.000000,1.000000,0.000000,40.999241,25.826935,-0.000000
nonmember,10113,6,6,1,0.000008,0.999992,0.999992,0.000102,27.488306,12.057891,-0.000102
nonmember,12680,9,9,1,-0.000000,1.000000,1.000000,0.000000,35.291351,20.870842,-0.000000
nonmember,7707,1,9,0,4.129483,0.016091,0.983909,0.082414,17.628504,-4.113260,0.082414
nonmember,33179,0,0,1,0.001227,0.998774,0.998774,0.009446,26.472160,6.702621,-0.009446
nonmember,22197,9,9,1,0.000384,0.999616,0.999616,0.003415,32.738483,7.867151,-0.003415
nonmember,308,0,0,1,0.000364,0.999637,0.999637,0.003460,19.920187,8.251800,-0.003460
nonmember,39878,4,5,0,1.137888,0.320495,0.679494,0.627376,16.498960,-0.751480,0.627376
nonmember,471,5,7,0,2.544580,0.078506,0.915343,0.315205,9.503877,-2.456124,0.315205
nonmember,41682,0,0,1,0.000039,0.999961,0.999961,0.000471,14.760365,10.837629,-0.000471
nonmember,18335,3,6,0,2.044616,0.129430,0.841945,0.520959,12.315004,-1.872576,0.520959
nonmember,13360,5,5,1,0.000066,0.999934,0.999934,0.000700,28.746201,9.627506,-0.000700
nonmember,42883,0,0,1,0.162378,0.850120,0.850120,0.443415,9.577497,1.763227,-0.443415
nonmember,16614,9,9,1,0.017117,0.983029,0.983029,0.096070,14.781166,4.387312,-0.096070
nonmember,45198,9,9,1,0.000000,1.000000,1.000000,0.000007,30.221870,15.375350,-0.000007
nonmember,24478,6,6,1,0.000211,0.999789,0.999789,0.002082,17.968582,8.614779,-0.002082
nonmember,9240,2,2,1,0.001398,0.998603,0.998603,0.011337,12.787153,6.707556,-0.011337
nonmember,30459,3,3,1,0.000014,0.999986,0.999986,0.000182,22.984713,11.274601,-0.000182
nonmember,37830,1,1,1,0.024870,0.975436,0.975436,0.115305,23.620968,3.681620,-0.115305
nonmember,13480,0,4,0,10.252202,0.000035,0.509405,1.173193,-2.550880,-9.577689,1.173193
nonmember,41062,5,5,1,0.000028,0.999972,0.999972,0.000321,26.420345,10.497764,-0.000321
nonmember,15278,3,3,1,0.003759,0.996248,0.996248,0.028190,10.753746,6.259893,-0.028190
nonmember,5082,0,0,1,0.000012,0.999988,0.999988,0.000155,17.261265,11.335834,-0.000155
nonmember,17687,9,9,1,0.010384,0.989670,0.989670,0.057515,24.225348,4.562304,-0.057515
nonmember,36542,1,1,1,0.097675,0.906943,0.906943,0.309681,12.853317,2.277000,-0.309681
nonmember,38416,8,8,1,-0.000000,1.000000,1.000000,0.000001,26.921995,16.892078,-0.000001
nonmember,9565,1,1,1,-0.000000,1.000000,1.000000,0.000001,50.948277,16.936516,-0.000001
nonmember,9687,0,7,0,2.414701,0.089394,0.551589,0.955008,6.603500,-1.819748,0.955008
nonmember,20258,6,6,1,0.000065,0.999935,0.999935,0.000744,16.498516,10.006983,-0.000744
nonmember,12233,8,8,1,-0.000000,1.000000,1.000000,0.000000,40.086819,37.257977,-0.000000
nonmember,28536,5,3,0,1.902283,0.149228,0.833991,0.504344,10.799385,-1.720750,0.504344
nonmember,1270,0,8,0,6.509415,0.001489,0.998509,0.011203,11.307446,-6.507923,0.011203
nonmember,42365,3,2,0,10.066730,0.000042,0.492742,0.916510,-1.653329,-9.358960,0.916510
nonmember,32418,1,1,1,0.000126,0.999874,0.999874,0.001255,24.566927,8.981059,-0.001255
nonmember,16224,7,7,1,0.000013,0.999987,0.999987,0.000162,19.472672,11.394762,-0.000162
nonmember,46619,0,0,1,0.001301,0.998700,0.998700,0.009940,20.043375,6.643878,-0.009940
nonmember,14198,9,9,1,-0.000000,1.000000,1.000000,0.000000,34.169827,24.310631,-0.000000
nonmember,9806,1,5,0,2.437664,0.087365,0.900678,0.369435,6.669392,-2.333056,0.369435
nonmember,15742,1,1,1,0.000006,0.999994,0.999994,0.000077,33.106586,12.033094,-0.000077
nonmember,48598,2,4,0,5.143580,0.005837,0.992572,0.048777,7.121789,-5.136124,0.048777
nonmember,18056,4,4,1,0.000933,0.999068,0.999068,0.007621,16.722790,7.021101,-0.007621
nonmember,1339,4,7,0,1.859029,0.155824,0.835054,0.484828,11.268703,-1.678770,0.484828
nonmember,48283,7,7,1,0.619608,0.538155,0.538155,0.691198,15.333593,0.153137,-0.691198
nonmember,23931,9,1,0,3.044830,0.047604,0.881384,0.469753,5.910212,-2.918569,0.469753
nonmember,27138,3,6,0,3.753494,0.023436,0.694450,0.712925,8.915845,-3.388859,0.712925
nonmember,16419,5,5,1,0.219073,0.803263,0.803263,0.495848,19.913031,1.406818,-0.495848
nonmember,49257,8,8,1,-0.000000,1.000000,1.000000,0.000000,29.467785,22.836969,-0.000000
nonmember,32896,8,8,1,0.000020,0.999980,0.999980,0.000243,19.236927,10.898652,-0.000243
nonmember,14788,7,7,1,0.000006,0.999994,0.999994,0.000084,23.566759,11.953293,-0.000084
nonmember,19260,9,9,1,0.000035,0.999965,0.999965,0.000408,15.825442,10.439753,-0.000408
nonmember,8620,7,7,1,0.000000,1.000000,1.000000,0.000003,28.440817,15.675790,-0.000003
nonmember,23540,8,8,1,0.000006,0.999994,0.999994,0.000077,27.679234,12.046554,-0.000077
nonmember,31886,3,3,1,0.839256,0.432032,0.432032,1.044470,10.113406,0.097473,-1.044470
nonmember,38390,3,3,1,0.000796,0.999205,0.999205,0.007093,14.934849,7.427099,-0.007093
nonmember,40081,1,9,0,2.255732,0.104797,0.895191,0.335640,19.379190,-2.145014,0.335640
nonmember,37832,8,8,1,0.003203,0.996802,0.996802,0.021576,28.331444,5.742500,-0.021576
nonmember,5401,7,7,1,0.000003,0.999997,0.999997,0.000035,22.524599,12.970623,-0.000035
nonmember,47220,0,2,0,0.897167,0.407723,0.417459,1.038623,12.122669,-0.023598,1.038623
nonmember,96,1,1,1,-0.000000,1.000000,1.000000,0.000000,38.678116,18.668835,-0.000000
nonmember,37192,4,7,0,1.527493,0.217079,0.782814,0.524259,15.574458,-1.282634,0.524259
nonmember,18004,5,5,1,0.075594,0.927193,0.927193,0.277829,11.617381,2.602199,-0.277829
nonmember,24628,5,5,1,0.180473,0.834875,0.834875,0.459398,15.278300,1.633426,-0.459398
nonmember,4913,9,9,1,-0.000000,1.000000,1.000000,0.000000,52.710094,28.049875,-0.000000
nonmember,5628,7,7,1,0.026705,0.973649,0.973649,0.138885,8.850233,3.850451,-0.138885
nonmember,49792,3,5,0,2.767571,0.062814,0.901781,0.387072,12.753142,-2.664187,0.387072
nonmember,43119,8,8,1,0.000001,0.999999,0.999999,0.000017,30.800524,13.944607,-0.000017
nonmember,24055,9,9,1,0.000698,0.999302,0.999302,0.005892,19.774220,7.311565,-0.005892
nonmember,45533,2,6,0,15.125522,0.000000,1.000000,0.000006,12.822598,-15.125522,0.000006
nonmember,14522,5,5,1,0.041191,0.959646,0.959646,0.178325,10.978439,3.216679,-0.178325
nonmember,49288,5,5,1,0.000052,0.999948,0.999948,0.000568,32.889576,9.858353,-0.000568
nonmember,1771,8,8,1,0.000014,0.999986,0.999986,0.000173,20.036425,11.272867,-0.000173
nonmember,34596,1,9,0,1.448709,0.234873,0.746145,0.642559,7.701377,-1.155874,0.642559
nonmember,42945,0,8,0,9.512130,0.000074,0.999926,0.000777,13.953962,-9.512056,0.000777
nonmember,47434,6,4,0,3.040163,0.047827,0.944302,0.245549,12.112296,-2.982853,0.245549
nonmember,34000,3,5,0,1.601696,0.201554,0.772819,0.619902,7.768584,-1.343985,0.619902
nonmember,26656,0,2,0,4.154462,0.015694,0.984305,0.080778,17.850052,-4.138643,0.080778
nonmember,3349,2,2,1,0.001043,0.998958,0.998958,0.008384,17.244278,6.903848,-0.008384
nonmember,42085,1,1,1,0.000003,0.999997,0.999997,0.000036,49.093433,12.864536,-0.000036
nonmember,29088,1,1,1,0.012398,0.987678,0.987678,0.066920,11.833257,4.389487,-0.066920
nonmember,14050,7,7,1,0.000014,0.999986,0.999986,0.000181,20.256771,11.725371,-0.000181
nonmember,37988,8,8,1,-0.000000,1.000000,1.000000,0.000000,35.313438,26.472372,-0.000000
nonmember,21582,4,7,0,6.314188,0.001810,0.998188,0.013269,11.601723,-6.312374,0.013269
nonmember,48646,9,9,1,-0.000000,1.000000,1.000000,0.000001,39.833534,17.232531,-0.000001
nonmember,43244,2,1,0,0.765568,0.465070,0.531644,0.713783,7.845856,-0.133787,0.713783
nonmember,24482,5,3,0,2.992466,0.050164,0.550009,1.104911,12.536539,-2.394646,1.104911
nonmember,14009,6,6,1,-0.000000,1.000000,1.000000,0.000001,28.096144,17.489649,-0.000001
nonmember,1491,4,4,1,0.002148,0.997854,0.997854,0.015713,14.420403,6.178345,-0.015713
nonmember,18805,9,9,1,0.000783,0.999217,0.999217,0.006977,14.959407,7.566477,-0.006977
nonmember,49504,4,7,0,5.796608,0.003038,0.996683,0.023212,8.229718,-5.793285,0.023212
nonmember,3113,0,0,1,-0.000000,1.000000,1.000000,0.000000,50.856079,24.300156,-0.000000
nonmember,36708,8,8,1,0.008848,0.991191,0.991191,0.055731,13.175090,4.988729,-0.055731
nonmember,12179,4,4,1,0.012487,0.987591,0.987591,0.077786,11.132996,4.796908,-0.077786
nonmember,27166,4,6,0,8.205730,0.000273,0.632215,0.660013,6.549972,-7.747206,0.660013
nonmember,15232,6,6,1,0.000888,0.999112,0.999112,0.007668,20.327736,7.234230,-0.007668
nonmember,12103,4,6,0,4.045238,0.017506,0.925813,0.305359,15.044298,-3.968155,0.305359
nonmember,49418,6,6,1,0.209358,0.811105,0.811105,0.497899,13.089480,1.468909,-0.497899
nonmember,32468,5,5,1,0.000178,0.999822,0.999822,0.001717,25.245010,8.632120,-0.001717
nonmember,29913,6,6,1,0.352435,0.702974,0.702974,0.769996,7.032672,1.026746,-0.769996
nonmember,6666,9,9,1,-0.000000,1.000000,1.000000,0.000000,32.338280,18.728020,-0.000000
nonmember,42851,9,9,1,0.019932,0.980266,0.980266,0.097077,25.402037,3.905897,-0.097077
nonmember,15597,9,9,1,0.017000,0.983144,0.983144,0.085593,25.764322,4.066418,-0.085593
nonmember,44358,5,5,1,0.538170,0.583815,0.583815,1.175386,4.245591,0.860328,-1.175386
nonmember,27595,6,6,1,-0.000000,1.000000,1.000000,0.000000,32.720509,17.411005,-0.000000
nonmember,12223,5,5,1,0.006554,0.993468,0.993468,0.042410,18.987881,5.156343,-0.042410
nonmember,39735,1,1,1,0.000010,0.999990,0.999990,0.000124,39.728653,11.521923,-0.000124
nonmember,3835,7,7,1,0.265071,0.767152,0.767152,0.561481,12.465399,1.208015,-0.561481
nonmember,38240,5,5,1,0.281072,0.754974,0.754974,0.568693,10.794495,1.131802,-0.568693
nonmember,23846,9,9,1,0.162813,0.849750,0.849750,0.423180,14.999875,1.732663,-0.423180
nonmember,285,5,5,1,0.000172,0.999828,0.999828,0.001705,19.652590,8.741559,-0.001705
nonmember,17041,3,1,0,14.190364,0.000001,0.999066,0.007644,1.925490,-14.189429,0.007644
nonmember,18575,5,2,0,12.304808,0.000005,0.999981,0.000244,5.484945,-12.304789,0.000244
nonmember,25636,4,4,1,0.140762,0.868696,0.868696,0.428750,19.482193,1.973288,-0.428750
nonmember,33392,1,1,1,0.009972,0.990078,0.990078,0.058180,11.928206,4.669643,-0.058180
nonmember,19660,9,9,1,-0.000000,1.000000,1.000000,0.000000,22.892864,17.741161,-0.000000
nonmember,17005,7,7,1,-0.000000,1.000000,1.000000,0.000000,36.389381,20.264004,-0.000000
nonmember,447,4,2,0,5.218630,0.005415,0.751996,0.699708,2.248420,-4.933606,0.699708
nonmember,4291,9,9,1,0.000004,0.999996,0.999996,0.000049,23.829245,12.535355,-0.000049
nonmember,17891,8,8,1,-0.000000,1.000000,1.000000,0.000001,26.365175,17.134405,-0.000001
nonmember,34151,7,7,1,-0.000000,1.000000,1.000000,0.000000,48.639786,30.076641,-0.000000
nonmember,20602,0,7,0,8.010576,0.000332,0.998709,0.011281,5.849575,-8.009284,0.011281
nonmember,28165,4,4,1,0.674225,0.509551,0.509551,0.693308,12.630896,0.038269,-0.693308
nonmember,8246,3,2,0,2.043336,0.129596,0.667822,0.975693,3.911332,-1.639602,0.975693
nonmember,18248,2,2,1,0.253848,0.775810,0.775810,0.539099,9.678591,1.245667,-0.539099
nonmember,15382,9,9,1,0.000000,1.000000,1.000000,0.000008,24.250378,14.461213,-0.000008
nonmember,45527,7,7,1,0.000000,1.000000,1.000000,0.000001,21.361834,16.853558,-0.000001
nonmember,27673,3,9,0,1.725572,0.178071,0.483365,1.214403,6.317636,-0.998588,1.214403
nonmember,10398,2,2,1,0.008633,0.991404,0.991404,0.056558,8.813324,5.028021,-0.056558
nonmember,44067,0,0,1,0.170337,0.843380,0.843380,0.496013,10.193738,1.821732,-0.496013
nonmember,44938,2,5,0,10.999469,0.000017,0.999983,0.000203,9.084872,-10.999452,0.000203
nonmember,21080,1,1,1,0.000115,0.999885,0.999885,0.001159,23.588665,9.069779,-0.001159
nonmember,16707,9,9,1,0.000004,0.999996,0.999996,0.000060,20.632774,12.613171,-0.000060
nonmember,40188,4,4,1,0.000003,0.999997,0.999997,0.000039,17.170275,13.509867,-0.000039
nonmember,34195,6,6,1,0.099123,0.905632,0.905632,0.312533,21.903625,2.261431,-0.312533
nonmember,36795,3,4,0,7.631873,0.000485,0.996998,0.021801,8.055413,-7.628866,0.021801
nonmember,39052,6,3,0,1.520619,0.218576,0.780792,0.530236,19.093739,-1.273172,0.530236
nonmember,4737,3,3,1,0.505744,0.603057,0.603057,0.854093,10.957078,0.606790,-0.854093
nonmember,39398,3,3,1,0.090589,0.913393,0.913393,0.312166,8.451639,2.396188,-0.312166
nonmember,30727,6,6,1,0.000086,0.999914,0.999914,0.000943,19.744362,9.678248,-0.000943
nonmember,7049,3,3,1,0.002408,0.997595,0.997595,0.017243,24.606007,6.054852,-0.017243
nonmember,27975,9,9,1,0.888150,0.411416,0.411416,1.149637,6.333081,0.166480,-1.149637
nonmember,35943,9,9,1,0.002931,0.997073,0.997073,0.021539,19.255089,6.067754,-0.021539
nonmember,204,6,6,1,0.000016,0.999984,0.999984,0.000200,19.777794,11.230513,-0.000200
nonmember,30487,0,1,0,5.114957,0.006006,0.963711,0.175888,7.133084,-5.077994,0.175888
nonmember,18451,0,0,1,0.003274,0.996731,0.996731,0.022647,14.996851,5.765100,-0.022647
nonmember,20731,1,8,0,11.905747,0.000007,0.999656,0.003134,4.915405,-11.905403,0.003134
nonmember,31343,2,2,1,0.321340,0.725176,0.725176,0.887381,7.251521,1.776662,-0.887381
nonmember,9981,7,7,1,0.000001,0.999999,0.999999,0.000015,30.889181,13.832588,-0.000015
nonmember,10277,7,7,1,0.000001,0.999999,0.999999,0.000009,44.034237,14.311787,-0.000009
nonmember,1562,7,7,1,0.000001,0.999999,0.999999,0.000011,20.300312,14.930273,-0.000011
nonmember,41849,1,1,1,0.000001,0.999999,0.999999,0.000013,27.214563,14.034714,-0.000013
nonmember,33628,5,5,1,0.000000,1.000000,1.000000,0.000004,18.666080,16.068058,-0.000004
nonmember,25795,6,6,1,0.000206,0.999794,0.999794,0.001959,28.947847,8.486450,-0.001959
nonmember,20646,7,7,1,0.004802,0.995210,0.995210,0.033769,13.832740,6.019292,-0.033769
nonmember,21701,2,2,1,0.000491,0.999509,0.999509,0.004231,21.047703,7.619138,-0.004231
nonmember,38696,5,5,1,0.175955,0.838656,0.838656,0.453594,14.813470,1.659924,-0.453594
nonmember,1968,4,6,0,8.902253,0.000136,0.987607,0.080621,3.964736,-8.889783,0.080621
nonmember,35756,1,1,1,0.000023,0.999977,0.999977,0.000270,26.388849,10.674848,-0.000270
nonmember,7350,1,1,1,0.000595,0.999405,0.999405,0.005047,21.099340,7.438107,-0.005047
nonmember,34688,7,6,0,6.280193,0.001873,0.594299,0.687903,4.860948,-5.759820,0.687903
nonmember,24768,7,7,1,0.018318,0.981848,0.981848,0.093476,11.011160,4.017238,-0.093476
nonmember,8410,0,0,1,0.001695,0.998307,0.998307,0.012868,18.334976,6.432602,-0.012868
nonmember,30427,6,6,1,0.004569,0.995441,0.995441,0.032121,15.671959,5.773797,-0.032121
nonmember,11187,2,2,1,0.674967,0.509173,0.509173,0.693027,18.511814,0.036705,-0.693027
nonmember,38021,5,3,0,2.842201,0.058297,0.613295,0.831458,9.172000,-2.353291,0.831458
nonmember,14763,5,3,0,2.351893,0.095189,0.904593,0.316538,14.387627,-2.251623,0.316538
nonmember,38684,3,5,0,4.772873,0.008456,0.991167,0.052155,9.683422,-4.764001,0.052155
nonmember,21816,7,7,1,0.001795,0.998207,0.998207,0.013332,12.798641,6.341824,-0.013332
nonmember,47820,5,5,1,0.000671,0.999329,0.999329,0.005743,13.698590,7.370215,-0.005743
nonmember,14354,8,8,1,0.000002,0.999998,0.999998,0.000023,27.608541,13.362852,-0.000023
nonmember,14200,6,6,1,0.000008,0.999992,0.999992,0.000104,26.844957,11.855236,-0.000104
nonmember,6042,5,7,0,2.507754,0.081451,0.739419,0.875171,6.502175,-2.205863,0.875171
nonmember,42323,5,5,1,0.145511,0.864581,0.864581,0.399857,13.013419,1.857288,-0.399857
nonmember,21974,0,0,1,0.256990,0.773376,0.773376,0.762837,5.857497,1.765105,-0.762837
nonmember,3922,1,1,1,-0.000000,1.000000,1.000000,0.000001,38.139069,16.885996,-0.000001
nonmember,44566,6,6,1,0.472149,0.623661,0.623661,0.991221,6.919581,0.867200,-0.991221
nonmember,25880,0,0,1,0.029232,0.971191,0.971191,0.139993,10.011976,3.610035,-0.139993
nonmember,22336,5,4,0,1.715365,0.179898,0.475750,1.079723,8.532538,-0.972502,1.079723
nonmember,30357,8,8,1,0.000304,0.999696,0.999696,0.002931,21.564457,8.365244,-0.002931
nonmember,17185,2,2,1,0.006389,0.993632,0.993632,0.040353,16.069111,5.134048,-0.040353
nonmember,33694,0,1,0,1.287873,0.275857,0.581707,1.046446,9.798852,-0.746084,1.046446
nonmember,4149,3,3,1,0.408836,0.664423,0.664423,1.009771,7.934057,1.516738,-1.009771
nonmember,32846,3,6,0,8.414150,0.000222,0.999777,0.002110,21.807194,-8.413927,0.002110
nonmember,21937,6,6,1,0.015435,0.984683,0.984683,0.086627,13.166799,4.359653,-0.086627
nonmember,86,4,4,1,0.004179,0.995830,0.995830,0.029443,21.063774,5.788744,-0.029443
nonmember,37413,9,9,1,0.000003,0.999997,0.999997,0.000037,29.561546,12.840807,-0.000037
nonmember,35887,2,2,1,0.003398,0.996608,0.996608,0.024823,13.991405,5.919797,-0.024823
nonmember,5273,8,0,0,2.012024,0.133718,0.866278,0.393453,16.998495,-1.868475,0.393453
nonmember,9633,4,4,1,0.000535,0.999465,0.999465,0.004974,20.393070,8.022983,-0.004974
nonmember,41868,0,0,1,0.608387,0.544228,0.544228,0.916124,9.904266,0.344435,-0.916124
nonmember,23835,7,7,1,0.000741,0.999259,0.999259,0.006108,17.912189,7.213249,-0.006108
nonmember,21707,5,5,1,0.379710,0.684060,0.684060,0.628165,17.258915,0.774353,-0.628165
nonmember,20356,7,7,1,-0.000000,1.000000,1.000000,0.000000,32.353168,25.460342,-0.000000
nonmember,45040,1,1,1,0.000004,0.999996,0.999996,0.000056,17.015480,13.257228,-0.000056
nonmember,16657,8,8,1,0.000267,0.999733,0.999733,0.002666,15.809793,8.581800,-0.002666
nonmember,14608,6,6,1,0.002674,0.997330,0.997330,0.018764,16.392900,5.941289,-0.018764
nonmember,33080,4,4,1,0.016268,0.983863,0.983863,0.082818,19.776991,4.112212,-0.082818
nonmember,25263,2,2,1,0.000074,0.999926,0.999926,0.000825,14.262861,9.697408,-0.000825
nonmember,45466,1,9,0,3.064541,0.046675,0.951575,0.203747,7.382980,-3.014904,0.203747
nonmember,34211,6,6,1,0.000056,0.999944,0.999944,0.000643,21.295073,10.356310,-0.000643
nonmember,32488,1,1,1,0.000004,0.999996,0.999996,0.000056,31.916801,12.442472,-0.000056
nonmember,6690,3,7,0,7.828280,0.000398,0.989705,0.059056,9.060601,-7.817931,0.059056
nonmember,49132,7,2,0,4.076939,0.016959,0.937773,0.273635,3.958559,-4.012691,0.273635
nonmember,27800,2,6,0,1.426540,0.240138,0.728224,0.696938,7.299387,-1.109393,0.696938
nonmember,2715,7,7,1,0.000743,0.999258,0.999258,0.006120,19.056637,7.210482,-0.006120
nonmember,11309,8,8,1,-0.000000,1.000000,1.000000,0.000000,33.008305,21.362295,-0.000000
nonmember,44044,4,4,1,0.079441,0.923633,0.923633,0.273256,19.240747,2.500383,-0.273256
nonmember,42979,4,4,1,0.000009,0.999991,0.999991,0.000121,21.125233,11.693431,-0.000121
nonmember,32067,2,0,0,0.851642,0.426714,0.504247,0.971618,6.173619,-0.166953,0.971618
nonmember,46812,3,3,1,0.141494,0.868060,0.868060,0.460347,10.501324,2.048222,-0.460347
nonmember,23933,1,1,1,-0.000000,1.000000,1.000000,0.000000,35.205589,17.554962,-0.000000
nonmember,32740,7,7,1,0.019402,0.980785,0.980785,0.094974,16.165722,3.932688,-0.094974
nonmember,26977,8,8,1,0.000000,1.000000,1.000000,0.000003,23.513390,15.665974,-0.000003
nonmember,37482,7,7,1,0.000059,0.999941,0.999941,0.000661,17.378408,9.942460,-0.000661
nonmember,39923,5,6,0,1.213941,0.297024,0.545843,1.056191,8.967768,-0.608517,1.056191
nonmember,15538,4,4,1,0.071471,0.931023,0.931023,0.269475,10.745100,2.663343,-0.269475
nonmember,41363,9,9,1,0.000781,0.999219,0.999219,0.006370,28.547470,7.154310,-0.006370
nonmember,11834,9,1,0,4.030583,0.017764,0.982225,0.089345,15.344722,-4.012649,0.089345
nonmember,44916,4,3,0,2.095748,0.122978,0.401792,1.355426,7.890769,-1.183926,1.355426
nonmember,15484,6,6,1,0.006576,0.993446,0.993446,0.040035,21.812082,5.037668,-0.040035
nonmember,41469,2,6,0,2.387191,0.091887,0.905724,0.324410,12.384818,-2.288170,0.324410
nonmember,15760,4,3,0,8.100621,0.000303,0.896684,0.363512,-0.344329,-7.991570,0.363512
nonmember,15028,6,6,1,0.000001,0.999999,0.999999,0.000018,25.403965,13.606026,-0.000018
nonmember,464,6,6,1,-0.000000,1.000000,1.000000,0.000000,38.007774,18.551422,-0.000000
nonmember,9087,6,6,1,0.000000,1.000000,1.000000,0.000004,30.897549,15.149937,-0.000004
nonmember,3622,7,7,1,0.086204,0.917407,0.917407,0.308315,20.174931,2.476688,-0.308315
nonmember,24488,0,8,0,8.650446,0.000175,0.726099,0.594007,0.718309,-8.330377,0.594007
nonmember,22136,7,7,1,0.023112,0.977153,0.977153,0.109393,12.931824,3.758506,-0.109393
nonmember,17933,8,8,1,0.000066,0.999934,0.999934,0.000737,19.554289,9.899031,-0.000737
nonmember,47568,1,0,0,1.055221,0.348116,0.651823,0.646899,19.906242,-0.627239,0.646899
nonmember,41670,7,7,1,-0.000000,1.000000,1.000000,0.000000,34.022625,26.541899,-0.000000
nonmember,20031,5,5,1,-0.000000,1.000000,1.000000,0.000000,34.079937,21.480320,-0.000000
nonmember,25456,6,4,0,9.005037,0.000123,0.916728,0.344576,4.290961,-8.918093,0.344576
nonmember,9572,8,8,1,0.000000,1.000000,1.000000,0.000007,20.859480,14.831034,-0.000007
nonmember,24582,4,4,1,0.044064,0.956893,0.956893,0.189905,11.529568,3.166511,-0.189905
nonmember,23998,3,3,1,0.439365,0.644445,0.644445,0.757066,9.762480,0.676753,-0.757066
nonmember,8765,4,4,1,0.001550,0.998451,0.998451,0.012094,14.868996,6.562293,-0.012094
nonmember,44854,1,1,1,0.000702,0.999298,0.999298,0.006210,23.147583,7.579103,-0.006210
nonmember,3200,6,2,0,1.127402,0.323874,0.676126,0.629755,24.747713,-0.736027,0.629755
nonmember,37522,0,0,1,0.006965,0.993059,0.993059,0.047519,13.203704,5.623505,-0.047519
nonmember,40914,3,3,1,0.610396,0.543136,0.543136,0.689425,18.462822,0.172974,-0.689425
nonmember,5014,1,1,1,-0.000000,1.000000,1.000000,0.000000,52.831123,20.723179,-0.000000
nonmember,21454,4,4,1,0.000042,0.999958,0.999958,0.000465,18.009220,10.081820,-0.000465
nonmember,30588,6,6,1,0.001902,0.998100,0.998100,0.014843,19.525986,6.533295,-0.014843
nonmember,39630,6,7,0,5.654968,0.003500,0.718759,0.646818,4.627531,-5.324739,0.646818
nonmember,30167,7,7,1,0.006274,0.993746,0.993746,0.043705,12.352567,5.477191,-0.043705
nonmember,26522,0,0,1,0.000004,0.999996,0.999996,0.000050,20.627264,12.691513,-0.000050
nonmember,26647,9,1,0,5.936576,0.002641,0.997359,0.018316,23.381741,-5.933931,0.018316
nonmember,46515,3,3,1,0.072531,0.930036,0.930036,0.255612,17.627029,2.591897,-0.255612
nonmember,33580,2,2,1,0.000612,0.999388,0.999388,0.005463,11.767673,7.541859,-0.005463
nonmember,44084,3,5,0,3.191313,0.041118,0.915460,0.366622,6.942813,-3.102983,0.366622
nonmember,46841,3,3,1,0.502812,0.604827,0.604827,1.216118,7.014719,1.665113,-1.216118
nonmember,39103,5,5,1,0.000009,0.999991,0.999991,0.000123,23.615549,12.249011,-0.000123
nonmember,37780,9,9,1,0.002468,0.997535,0.997535,0.017373,22.005089,6.009979,-0.017373
nonmember,9172,2,2,1,0.000002,0.999998,0.999998,0.000030,27.713736,13.073425,-0.000030
nonmember,29773,8,9,0,4.416480,0.012077,0.875190,0.454398,3.863594,-4.283166,0.454398
nonmember,28711,4,6,0,1.293308,0.274362,0.430938,1.088929,12.186129,-0.451517,1.088929
nonmember,47436,4,4,1,0.000104,0.999896,0.999896,0.001068,22.159140,9.185806,-0.001068
nonmember,28450,8,8,1,-0.000000,1.000000,1.000000,0.000000,37.535461,20.689844,-0.000000
nonmember,32388,4,4,1,0.001410,0.998591,0.998591,0.010662,24.474712,6.563324,-0.010662
nonmember,31851,7,7,1,0.000153,0.999847,0.999847,0.001500,23.307487,8.783317,-0.001500
nonmember,26782,6,2,0,0.979418,0.375530,0.623619,0.669103,9.897370,-0.507203,0.669103
nonmember,19828,0,0,1,0.000054,0.999946,0.999946,0.000587,19.237057,9.862849,-0.000587
nonmember,12248,9,9,1,-0.000000,1.000000,1.000000,0.000001,32.979160,17.140572,-0.000001
nonmember,42347,1,0,0,5.676463,0.003426,0.977876,0.115732,12.144722,-5.654091,0.115732
nonmember,6118,6,6,1,0.000003,0.999997,0.999997,0.000037,24.783939,13.250669,-0.000037
nonmember,49746,8,8,1,-0.000000,1.000000,1.000000,0.000000,41.046825,24.237959,-0.000000
nonmember,47953,6,6,1,0.014572,0.985534,0.985534,0.085440,11.768343,4.644420,-0.085440
nonmember,28387,4,4,1,0.000811,0.999190,0.999190,0.007465,10.733266,7.689109,-0.007465
nonmember,3876,9,9,1,0.000011,0.999989,0.999989,0.000132,23.326069,11.459003,-0.000132
nonmember,48290,2,5,0,8.481921,0.000207,0.985456,0.080667,8.060838,-8.467271,0.080667
nonmember,24385,1,9,0,2.600464,0.074239,0.925754,0.264556,14.775465,-2.523317,0.264556
nonmember,1303,4,4,1,0.000003,0.999997,0.999997,0.000042,21.954824,12.936511,-0.000042
nonmember,46522,2,2,1,0.000029,0.999971,0.999971,0.000345,16.845572,10.546926,-0.000345
nonmember,40057,3,3,1,0.004046,0.995962,0.995962,0.027247,14.826682,5.566939,-0.027247
nonmember,46627,3,6,0,18.193129,0.000000,1.000000,0.000008,8.047701,-18.193129,0.000008
nonmember,2650,6,6,1,0.000153,0.999847,0.999847,0.001496,25.605877,8.788883,-0.001496
nonmember,47759,9,3,0,7.464222,0.000573,0.516307,0.734605,2.558553,-6.803167,0.734605
nonmember,25828,6,6,1,0.274879,0.759664,0.759664,0.551521,21.720490,1.150860,-0.551521
nonmember,6686,6,6,1,0.000002,0.999998,0.999998,0.000028,29.967806,13.133301,-0.000028
nonmember,40625,2,2,1,0.000001,0.999999,0.999999,0.000020,19.238220,13.520189,-0.000020
nonmember,6346,8,8,1,-0.000000,1.000000,1.000000,0.000001,25.638691,17.178930,-0.000001
nonmember,33023,2,2,1,0.018135,0.982029,0.982029,0.092022,13.348372,4.021162,-0.092022
nonmember,47139,4,5,0,10.518817,0.000027,0.997114,0.021510,2.740430,-10.515927,0.021510
nonmember,27639,0,0,1,0.009506,0.990539,0.990539,0.061873,9.833488,4.951202,-0.061873
nonmember,3441,0,0,1,0.966517,0.380406,0.380406,1.316982,7.365023,0.278780,-1.316982
nonmember,40079,9,9,1,0.000004,0.999996,0.999996,0.000061,21.278723,12.785546,-0.000061
nonmember,33530,0,0,1,0.000536,0.999464,0.999464,0.004849,29.726522,7.763172,-0.004849
nonmember,27837,9,9,1,-0.000000,1.000000,1.000000,0.000000,36.201523,29.445324,-0.000000
nonmember,14981,6,6,1,0.000551,0.999449,0.999449,0.004837,16.901606,7.581831,-0.004837
nonmember,35319,2,2,1,0.362141,0.696184,0.696184,0.851878,9.666767,1.205656,-0.851878
nonmember,45387,0,0,1,0.000045,0.999955,0.999955,0.000522,17.532635,10.309527,-0.000522
nonmember,24057,0,0,1,0.294017,0.745264,0.745264,0.761859,5.732749,1.326512,-0.761859
nonmember,17904,3,3,1,0.968851,0.379519,0.379519,1.489715,10.338664,0.317680,-1.489715
nonmember,30407,1,1,1,0.000378,0.999622,0.999622,0.003399,18.803413,7.902771,-0.003399
nonmember,2133,2,2,1,0.002329,0.997674,0.997674,0.017968,9.747663,6.266839,-0.017968
nonmember,13758,5,5,1,0.136100,0.872756,0.872756,0.381177,17.090540,1.925588,-0.381177
nonmember,10333,7,5,0,1.741582,0.175243,0.705177,0.840892,6.730608,-1.392275,0.840892
nonmember,14857,4,4,1,0.160782,0.851478,0.851478,0.522388,15.426937,2.213749,-0.522388
nonmember,5117,7,0,0,4.372666,0.012618,0.966364,0.192948,3.479361,-4.338451,0.192948
nonmember,41436,9,9,1,0.000044,0.999956,0.999956,0.000514,15.916709,10.402731,-0.000514
nonmember,41794,1,1,1,0.000005,0.999995,0.999995,0.000071,30.998562,12.162310,-0.000071
nonmember,18153,8,8,1,0.441404,0.643133,0.643133,0.937117,6.947602,0.934329,-0.937117
nonmember,29421,8,8,1,-0.000000,1.000000,1.000000,0.000000,53.055786,38.054253,-0.000000
nonmember,4990,5,3,0,4.509216,0.011007,0.976802,0.129354,10.401407,-4.485745,0.129354
nonmember,6146,2,2,1,0.037806,0.962899,0.962899,0.191562,13.823059,3.656013,-0.191562
nonmember,18191,2,2,1,0.003148,0.996857,0.996857,0.021520,15.450840,5.773769,-0.021520
nonmember,15551,7,7,1,0.000006,0.999994,0.999994,0.000075,20.999437,12.079373,-0.000075
nonmember,28915,9,9,1,0.000107,0.999893,0.999893,0.001160,23.103922,9.716949,-0.001160
nonmember,31196,8,8,1,0.202249,0.816891,0.816891,0.595920,10.011819,1.786934,-0.595920
nonmember,32811,1,1,1,0.000002,0.999998,0.999998,0.000023,45.281414,13.355436,-0.000023
nonmember,39171,3,3,1,0.235380,0.790271,0.790271,0.679389,18.274782,2.009302,-0.679389
nonmember,42304,7,7,1,0.000003,0.999997,0.999997,0.000045,25.104527,12.617003,-0.000045
nonmember,20230,7,7,1,0.209268,0.811178,0.811178,0.721079,9.273566,2.160779,-0.721079
nonmember,29462,9,9,1,0.000003,0.999997,0.999997,0.000039,32.820530,12.884684,-0.000039
nonmember,2258,0,0,1,0.000011,0.999989,0.999989,0.000134,22.997116,11.497155,-0.000134
nonmember,15125,2,6,0,7.822919,0.000400,0.708004,0.742136,0.441830,-7.477614,0.742136
nonmember,33360,0,0,1,0.000024,0.999976,0.999976,0.000275,26.712036,10.654636,-0.000275
nonmember,48554,0,9,0,3.731340,0.023961,0.976021,0.113291,21.037291,-3.707069,0.113291
nonmember,4420,0,0,1,-0.000000,1.000000,1.000000,0.000001,34.843098,17.160297,-0.000001
nonmember,25769,3,3,1,0.176242,0.838415,0.838415,0.641173,5.630718,2.175550,-0.641173
nonmember,48049,6,6,1,0.043072,0.957842,0.957842,0.174948,14.800160,3.123815,-0.174948
nonmember,28235,9,9,1,0.003776,0.996231,0.996231,0.025276,12.603035,5.598568,-0.025276
nonmember,31701,4,3,0,4.826702,0.008013,0.760339,0.664992,11.914989,-4.552711,0.664992
nonmember,20972,6,6,1,-0.000000,1.000000,1.000000,0.000000,39.295689,25.058094,-0.000000
nonmember,48975,1,0,0,0.907141,0.403677,0.596084,0.676727,12.231846,-0.389768,0.676727
nonmember,18666,9,9,1,0.000005,0.999995,0.999995,0.000068,22.921619,12.211790,-0.000068
nonmember,2052,1,8,0,1.115385,0.327789,0.555331,0.944396,16.496477,-0.527193,0.944396
nonmember,45321,5,3,0,1.600769,0.201741,0.795494,0.521277,12.292583,-1.371977,0.521277
nonmember,15093,6,6,1,-0.000000,1.000000,1.000000,0.000000,30.091118,17.566811,-0.000000
nonmember,263,4,4,1,0.000019,0.999981,0.999981,0.000230,21.101557,10.858520,-0.000230
nonmember,26927,8,2,0,13.321041,0.000002,0.773753,0.731296,-1.498040,-13.064539,0.731296
nonmember,45066,3,3,1,0.020489,0.979719,0.979719,0.105076,11.514417,3.962912,-0.105076
nonmember,46858,1,1,1,-0.000000,1.000000,1.000000,0.000000,24.837797,17.919359,-0.000000
nonmember,28665,0,0,1,0.000179,0.999821,0.999821,0.001722,25.674047,8.629047,-0.001722
nonmember,12792,8,5,0,3.353182,0.034973,0.821986,0.560706,6.478336,-3.157150,0.560706
nonmember,21289,9,9,1,-0.000000,1.000000,1.000000,0.000000,34.894337,22.401340,-0.000000
nonmember,1194,6,6,1,0.000012,0.999988,0.999988,0.000144,28.945789,11.357765,-0.000144
nonmember,45404,2,2,1,0.004213,0.995796,0.995796,0.030115,24.460621,6.116367,-0.030115
nonmember,49643,1,1,1,0.000600,0.999400,0.999400,0.005051,31.107285,7.418106,-0.005051
nonmember,3177,3,3,1,0.069333,0.933016,0.933016,0.250125,16.557526,2.644443,-0.250125
nonmember,34278,1,1,1,-0.000000,1.000000,1.000000,0.000000,43.124104,17.648478,-0.000000
nonmember,26100,4,4,1,0.000626,0.999374,0.999374,0.005824,18.292557,8.119837,-0.005824
nonmember,13004,8,8,1,0.053854,0.947570,0.947570,0.242517,14.324465,3.454932,-0.242517
nonmember,1817,4,0,0,3.851449,0.021249,0.740421,0.693318,3.339960,-3.550913,0.693318
nonmember,37113,6,5,0,12.954697,0.000002,0.598753,0.685581,-2.185383,-12.441791,0.685581
nonmember,38942,3,3,1,0.220950,0.801756,0.801756,0.498379,17.664112,1.397522,-0.498379
nonmember,19316,5,3,0,5.639455,0.003555,0.996440,0.023659,17.105040,-5.635889,0.023659
nonmember,24308,4,4,1,0.002602,0.997401,0.997401,0.018625,18.782162,6.002873,-0.018625
nonmember,8902,5,7,0,4.840319,0.007905,0.968217,0.176248,11.508970,-4.808020,0.176248
nonmember,33991,9,9,1,0.000005,0.999995,0.999995,0.000070,19.574339,12.348375,-0.000070
nonmember,40518,1,9,0,3.793369,0.022520,0.977480,0.107694,19.735956,-3.770592,0.107694
nonmember,38023,0,0,1,0.057583,0.944044,0.944044,0.219515,11.785811,2.836884,-0.219515
nonmember,15165,6,6,1,0.381830,0.682611,0.682611,0.999737,5.399440,1.366356,-0.999737
nonmember,31550,2,2,1,0.000243,0.999757,0.999757,0.002400,15.455273,8.502481,-0.002400
nonmember,38949,8,8,1,-0.000000,1.000000,1.000000,0.000000,34.485157,20.009338,-0.000000
nonmember,18367,8,0,0,1.525805,0.217446,0.782554,0.523656,29.218937,-1.280613,0.523656
nonmember,44513,3,3,1,0.056448,0.945116,0.945116,0.258029,9.477789,3.328557,-0.258029
nonmember,15845,5,5,1,0.097004,0.907552,0.907552,0.372057,9.927735,2.626861,-0.372057
nonmember,34204,3,3,1,0.021209,0.979014,0.979014,0.111033,10.817567,3.968044,-0.111033
nonmember,38438,6,3,0,6.709784,0.001219,0.977867,0.111586,11.430776,-6.687402,0.111586
nonmember,18138,2,2,1,0.000004,0.999996,0.999996,0.000052,20.570482,13.206654,-0.000052
nonmember,3886,1,1,1,0.678097,0.507582,0.507582,0.796000,17.361444,0.081951,-0.796000
nonmember,25648,9,9,1,0.000005,0.999995,0.999995,0.000066,28.527872,12.210464,-0.000066
nonmember,494,3,3,1,0.106057,0.899373,0.899373,0.326558,19.739294,2.190378,-0.326558
nonmember,41255,2,2,1,0.000029,0.999971,0.999971,0.000357,18.469614,10.763294,-0.000357
nonmember,44570,8,8,1,0.010441,0.989613,0.989613,0.063355,12.235303,4.798658,-0.063355
nonmember,44746,0,0,1,0.000041,0.999959,0.999959,0.000456,28.813835,10.098932,-0.000456
nonmember,44497,5,7,0,5.014977,0.006638,0.988741,0.072551,6.495378,-5.003654,0.072551
nonmember,46971,6,6,1,0.162745,0.849808,0.849808,0.607561,7.801152,2.576302,-0.607561
nonmember,34538,9,5,0,12.204980,0.000005,0.529379,0.997024,-4.481552,-11.568930,0.997024
nonmember,36470,0,0,1,0.000214,0.999786,0.999786,0.002161,26.164137,8.864668,-0.002161
nonmember,1274,5,3,0,4.853432,0.007802,0.981341,0.105464,18.720196,-4.834597,0.105464
nonmember,20430,9,9,1,-0.000000,1.000000,1.000000,0.000000,33.720150,22.807024,-0.000000
nonmember,46255,4,4,1,0.296873,0.743138,0.743138,0.612724,11.512941,1.097549,-0.612724
nonmember,11986,8,8,1,-0.000000,1.000000,1.000000,0.000001,27.282553,17.143076,-0.000001
nonmember,38766,2,2,1,0.040784,0.960036,0.960036,0.182490,12.000744,3.279971,-0.182490
nonmember,42236,8,8,1,-0.000000,1.000000,1.000000,0.000000,33.456459,21.581646,-0.000000
nonmember,21273,9,5,0,10.973221,0.000017,0.698895,0.675111,-1.267937,-10.614966,0.675111
nonmember,26103,6,6,1,0.000839,0.999162,0.999162,0.007380,16.683361,7.492036,-0.007380
nonmember,45569,1,1,1,-0.000000,1.000000,1.000000,0.000001,43.167671,16.831322,-0.000001
nonmember,42099,6,6,1,0.000045,0.999955,0.999955,0.000495,21.126997,10.016610,-0.000495
nonmember,23974,3,3,1,0.020608,0.979603,0.979603,0.106490,15.257895,3.957701,-0.106490
nonmember,4439,3,5,0,0.829519,0.436259,0.563350,0.688334,17.553677,-0.255665,0.688334
nonmember,28111,7,7,1,0.004778,0.995233,0.995233,0.030242,17.200058,5.341336,-0.030242
nonmember,41761,8,8,1,0.000000,1.000000,1.000000,0.000005,25.515862,15.142764,-0.000005
nonmember,7908,5,4,0,5.778956,0.003092,0.973482,0.135728,4.631318,-5.752080,0.135728
nonmember,25026,5,5,1,0.000032,0.999968,0.999968,0.000379,18.383850,10.478229,-0.000379
nonmember,8268,0,0,1,0.105367,0.899994,0.899994,0.325145,18.458353,2.197206,-0.325145
nonmember,810,2,4,0,10.394678,0.000031,0.920348,0.285463,-0.212823,-10.311675,0.285463
nonmember,41543,8,0,0,1.387332,0.249741,0.337669,1.303629,7.637871,-0.301642,1.303629
nonmember,9294,7,7,1,0.041850,0.959014,0.959014,0.172944,13.753881,3.159733,-0.172944
nonmember,2308,9,9,1,0.058801,0.942894,0.942894,0.218931,18.313190,2.804046,-0.218931
nonmember,30993,7,3,0,12.765214,0.000003,0.482903,1.021139,-2.586203,-12.037275,1.021139
nonmember,10781,9,9,1,0.000001,0.999999,0.999999,0.000016,19.800343,13.821123,-0.000016
nonmember,26901,7,4,0,2.132620,0.118526,0.881474,0.363978,23.166534,-2.006460,0.363978
nonmember,19273,0,0,1,0.018998,0.981181,0.981181,0.103740,20.612726,4.226194,-0.103740
nonmember,5218,3,7,0,26.948259,0.000000,0.758799,0.553069,-9.283268,-26.672241,0.553069
nonmember,10646,8,8,1,-0.000000,1.000000,1.000000,0.000000,28.761887,24.807487,-0.000000
nonmember,517,3,3,1,0.693540,0.499803,0.499803,0.827003,7.127981,0.053326,-0.827003
nonmember,5795,8,1,0,2.065350,0.126774,0.863293,0.438014,10.917259,-1.918349,0.438014
nonmember,24720,0,2,0,9.020082,0.000121,0.999458,0.004915,11.880215,-9.019541,0.004915
nonmember,30853,9,9,1,0.000001,0.999999,0.999999,0.000012,29.989912,14.016829,-0.000012
nonmember,6482,3,3,1,0.241942,0.785101,0.785101,0.764127,12.323023,2.076364,-0.764127
nonmember,11118,4,4,1,0.237959,0.788235,0.788235,0.614962,8.660937,1.447627,-0.614962
nonmember,14095,7,7,1,0.000010,0.999990,0.999990,0.000126,23.568468,12.118170,-0.000126
nonmember,24870,6,6,1,0.000000,1.000000,1.000000,0.000001,25.478083,16.547516,-0.000001
nonmember,24076,9,9,1,0.000001,0.999999,0.999999,0.000019,20.347416,13.894873,-0.000019
nonmember,14090,4,4,1,0.753942,0.470508,0.470508,1.148878,6.735789,0.597010,-1.148878
nonmember,14311,1,9,0,1.866874,0.154606,0.714745,0.794625,16.052351,-1.531044,0.794625
nonmember,34187,2,2,1,0.219990,0.802526,0.802526,0.530901,16.120819,1.444271,-0.530901
nonmember,5388,9,9,1,-0.000000,1.000000,1.000000,0.000000,39.135593,23.101072,-0.000000
nonmember,48152,9,9,1,0.000002,0.999998,0.999998,0.000024,31.797010,13.278305,-0.000024
nonmember,48966,3,3,1,0.118737,0.888041,0.888041,0.353705,10.596242,2.074553,-0.353705
nonmember,17496,3,3,1,0.002894,0.997110,0.997110,0.022140,11.174752,6.152382,-0.022140
nonmember,2898,6,8,0,0.913392,0.401161,0.533731,0.890682,10.000942,-0.285528,0.890682
nonmember,10610,8,8,1,0.000036,0.999964,0.999964,0.000405,29.925528,10.245216,-0.000405
nonmember,46773,4,4,1,0.003394,0.996612,0.996612,0.022666,25.810633,5.684378,-0.022666
nonmember,30937,8,0,0,1.441821,0.236497,0.763455,0.547542,12.591024,-1.171920,0.547542
nonmember,38030,2,2,1,0.001181,0.998819,0.998819,0.010053,13.536431,7.015072,-0.010053
nonmember,14872,8,8,1,-0.000000,1.000000,1.000000,0.000000,45.938824,32.767597,-0.000000
nonmember,27346,6,3,0,1.150645,0.316433,0.639135,0.812537,11.478558,-0.703005,0.812537
nonmember,35749,9,9,1,0.000005,0.999995,0.999995,0.000064,25.304998,12.244440,-0.000064
nonmember,48744,8,8,1,0.000061,0.999939,0.999939,0.000648,28.983112,9.712471,-0.000648
nonmember,40659,7,8,0,10.707427,0.000022,0.359945,1.317409,-5.217058,-9.685623,1.317409
nonmember,3615,3,4,0,7.354075,0.000640,0.990037,0.069229,0.318858,-7.344062,0.069229
nonmember,28819,3,3,1,0.449606,0.637879,0.637879,0.916909,12.988004,1.130909,-0.916909
nonmember,27372,4,4,1,0.000339,0.999661,0.999661,0.003284,15.668744,8.298948,-0.003284
nonmember,35671,8,8,1,0.001391,0.998610,0.998610,0.010532,22.443996,6.577232,-0.010532
nonmember,42400,0,0,1,0.001065,0.998935,0.998935,0.008747,21.809973,6.973342,-0.008747
nonmember,44214,5,5,1,0.000070,0.999930,0.999930,0.000739,21.325886,9.573318,-0.000739
nonmember,4185,1,1,1,0.000000,1.000000,1.000000,0.000004,25.423878,15.288337,-0.000004
nonmember,9037,8,8,1,0.000000,1.000000,1.000000,0.000005,22.569752,15.174092,-0.000005
nonmember,34421,0,0,1,0.000128,0.999872,0.999872,0.001276,28.391954,8.963112,-0.001276
nonmember,5489,6,3,0,4.118371,0.016271,0.982753,0.091561,8.810901,-4.100974,0.091561
nonmember,12492,0,0,1,0.611764,0.542393,0.542393,0.689661,14.449283,0.170000,-0.689661
nonmember,8124,1,9,0,1.467146,0.230583,0.769417,0.539979,24.979534,-1.205025,0.539979
nonmember,43228,4,4,1,0.002645,0.997358,0.997358,0.018321,24.380833,5.933662,-0.018321
nonmember,37155,9,9,1,0.247645,0.780637,0.780637,0.773141,6.148958,1.986174,-0.773141
nonmember,23109,8,8,1,0.000003,0.999997,0.999997,0.000041,25.836994,12.721837,-0.000041
nonmember,27118,3,3,1,0.174034,0.840268,0.840268,0.513684,17.067806,1.853086,-0.513684
nonmember,43508,0,0,1,0.044668,0.956315,0.956315,0.179500,26.881659,3.086123,-0.179500
nonmember,48196,9,9,1,-0.000000,1.000000,1.000000,0.000000,39.622761,31.114813,-0.000000
nonmember,35086,1,1,1,0.000030,0.999970,0.999970,0.000342,22.265453,10.416397,-0.000342
nonmember,20218,7,7,1,0.267842,0.765029,0.765029,0.706968,10.283126,1.439176,-0.706968
nonmember,4540,0,8,0,7.001100,0.000911,0.998213,0.014333,11.266463,-6.999310,0.014333
nonmember,11583,0,0,1,-0.000000,1.000000,1.000000,0.000000,27.851723,17.728207,-0.000000
nonmember,17155,3,3,1,0.007785,0.992245,0.992245,0.045409,25.952650,4.851662,-0.045409
nonmember,30797,7,7,1,0.001270,0.998730,0.998730,0.009790,18.834002,6.674807,-0.009790
nonmember,45372,8,8,1,-0.000000,1.000000,1.000000,0.000000,41.196430,31.558788,-0.000000
nonmember,44630,0,4,0,8.270415,0.000256,0.985658,0.078259,3.764458,-8.255969,0.078259
nonmember,48854,6,6,1,-0.000000,1.000000,1.000000,0.000000,34.781292,20.474812,-0.000000
nonmember,18817,9,9,1,-0.000000,1.000000,1.000000,0.000000,31.388226,17.854355,-0.000000
nonmember,35911,8,8,1,0.000003,0.999997,0.999997,0.000043,19.155983,12.712608,-0.000043
nonmember,20237,8,2,0,2.762969,0.063104,0.928124,0.291456,8.681740,-2.688378,0.291456
nonmember,42836,6,6,1,0.000746,0.999255,0.999255,0.006486,16.420778,7.332004,-0.006486
nonmember,4939,7,7,1,0.000014,0.999986,0.999986,0.000184,16.221094,11.388443,-0.000184
nonmember,5189,2,4,0,2.106300,0.121687,0.872225,0.410457,9.102764,-1.969592,0.410457
nonmember,35707,8,0,0,4.675735,0.009319,0.989952,0.059219,10.594262,-4.665636,0.059219
nonmember,16814,3,4,0,1.990590,0.136615,0.676891,0.902841,9.773369,-1.600345,0.902841
nonmember,5989,7,7,1,0.001282,0.998719,0.998719,0.009815,23.426451,6.658432,-0.009815
nonmember,38558,2,2,1,0.000273,0.999727,0.999727,0.002689,12.364405,8.381521,-0.002689
nonmember,47042,0,0,1,0.000151,0.999849,0.999849,0.001482,25.714550,8.796041,-0.001482
nonmember,31327,8,8,1,0.000001,0.999999,0.999999,0.000014,22.498114,14.083612,-0.000014
nonmember,45935,4,6,0,4.560695,0.010455,0.690414,0.969412,0.393544,-4.190231,0.969412
nonmember,8341,2,2,1,0.542421,0.581339,0.581339,1.058023,7.074186,0.818138,-1.058023
nonmember,33833,3,3,1,0.006472,0.993548,0.993548,0.044695,14.717205,5.475575,-0.044695
nonmember,42083,0,0,1,-0.000000,1.000000,1.000000,0.000000,32.968849,20.562092,-0.000000
nonmember,21963,7,7,1,-0.000000,1.000000,1.000000,0.000000,29.566059,22.170584,-0.000000
nonmember,26640,5,5,1,0.286189,0.751121,0.751121,0.607660,8.336181,1.147416,-0.607660
nonmember,6070,3,5,0,5.380881,0.004604,0.995396,0.029368,18.421133,-5.376266,0.029368
nonmember,25584,7,3,0,16.516973,0.000000,0.999868,0.001445,-4.775307,-16.516842,0.001445
nonmember,28348,2,3,0,2.966291,0.051494,0.944637,0.229632,9.209079,-2.909337,0.229632
nonmember,36138,2,3,0,1.846062,0.157858,0.695637,0.949030,5.773712,-1.483134,0.949030
nonmember,3500,6,4,0,2.422822,0.088671,0.893878,0.393454,12.262319,-2.310637,0.393454
nonmember,7164,5,5,1,0.123149,0.884132,0.884132,0.377619,16.211239,2.067311,-0.377619
nonmember,23200,4,5,0,16.346491,0.000000,0.998725,0.009795,0.209869,-16.345215,0.009795
nonmember,17725,4,4,1,0.005144,0.994869,0.994869,0.033311,14.686780,5.319419,-0.033311
nonmember,35925,4,4,1,0.000986,0.999014,0.999014,0.008183,15.647626,7.019249,-0.008183
nonmember,11713,2,5,0,3.532830,0.029222,0.970624,0.133562,10.511938,-3.503014,0.133562
nonmember,27519,4,4,1,0.000798,0.999202,0.999202,0.007195,17.705372,7.761106,-0.007195
nonmember,47661,5,5,1,0.002813,0.997191,0.997191,0.020857,16.013042,6.059920,-0.020857
nonmember,30210,8,8,1,-0.000000,1.000000,1.000000,0.000000,40.838638,29.450087,-0.000000
nonmember,23818,8,8,1,-0.000000,1.000000,1.000000,0.000000,35.470219,21.575607,-0.000000
nonmember,45831,5,5,1,0.002182,0.997820,0.997820,0.015535,27.074108,6.126446,-0.015535
nonmember,23280,1,1,1,0.328421,0.720060,0.720060,0.833953,7.837617,1.261824,-0.833953
nonmember,509,8,8,1,-0.000000,1.000000,1.000000,0.000000,36.428749,20.563663,-0.000000
nonmember,4416,9,9,1,0.000000,1.000000,1.000000,0.000002,23.321817,15.930482,-0.000002
nonmember,16270,5,6,0,8.845134,0.000144,0.999104,0.007713,6.100222,-8.844237,0.007713
nonmember,30410,7,7,1,0.000025,0.999975,0.999975,0.000288,28.446724,10.605469,-0.000288
nonmember,16290,2,2,1,0.198856,0.819668,0.819668,0.633832,7.635827,1.925586,-0.633832
nonmember,107,5,5,1,0.012589,0.987490,0.987490,0.068527,21.798635,4.389862,-0.068527
nonmember,28485,4,4,1,0.000250,0.999750,0.999750,0.002399,20.157869,8.363195,-0.002399
nonmember,13858,1,9,0,10.552426,0.000026,0.999974,0.000307,9.246154,-10.552400,0.000307
nonmember,34259,0,3,0,7.346770,0.000645,0.862494,0.506130,4.675333,-7.198843,0.506130
nonmember,966,4,4,1,0.159915,0.852216,0.852216,0.476513,15.369860,1.885555,-0.476513
nonmember,16106,6,6,1,0.000053,0.999947,0.999947,0.000588,23.036200,9.867873,-0.000588
nonmember,31146,3,5,0,3.048070,0.047450,0.952504,0.191463,17.494556,-2.999409,0.191463
nonmember,21417,4,3,0,2.474856,0.084175,0.911821,0.314768,11.375055,-2.382545,0.314768
nonmember,17002,1,1,1,0.000001,0.999999,0.999999,0.000012,37.341930,14.564993,-0.000012
nonmember,44375,8,8,1,-0.000000,1.000000,1.000000,0.000000,36.110424,20.897453,-0.000000
nonmember,46610,1,1,1,-0.000000,1.000000,1.000000,0.000000,39.213848,19.813129,-0.000000
nonmember,38836,9,9,1,0.071260,0.931220,0.931220,0.302109,11.386084,3.194384,-0.302109
nonmember,30773,9,9,1,0.056848,0.944738,0.944738,0.223190,8.781018,2.870428,-0.223190
nonmember,4608,2,2,1,0.000080,0.999920,0.999920,0.000850,16.889221,9.467934,-0.000850
nonmember,44260,5,4,0,0.740897,0.476686,0.522238,0.700415,10.071492,-0.091265,0.700415
nonmember,2548,9,9,1,0.000004,0.999996,0.999996,0.000058,18.478233,12.351271,-0.000058
nonmember,17537,7,7,1,0.029201,0.971221,0.971221,0.130605,16.229919,3.519407,-0.130605
nonmember,39847,2,6,0,1.232719,0.291499,0.693184,0.693876,6.735650,-0.866260,0.693876
nonmember,30052,0,9,0,10.981902,0.000017,0.980614,0.110247,-2.819538,-10.962326,0.110247
nonmember,29193,9,9,1,-0.000000,1.000000,1.000000,0.000000,31.379383,17.793308,-0.000000
nonmember,29073,9,9,1,-0.000000,1.000000,1.000000,0.000000,43.888847,40.601925,-0.000000
nonmember,18906,0,0,1,0.014029,0.986069,0.986069,0.080506,17.506182,4.480266,-0.080506
nonmember,25777,5,9,0,10.293339,0.000034,0.987187,0.079033,-1.278964,-10.280442,0.079033
nonmember,41741,0,0,1,0.000024,0.999976,0.999976,0.000279,19.037910,10.647357,-0.000279
nonmember,11242,1,1,1,0.000000,1.000000,1.000000,0.000002,36.984612,16.234879,-0.000002
nonmember,1516,4,4,1,0.862493,0.422108,0.422108,1.293717,4.414002,0.453573,-1.293717
nonmember,47585,0,0,1,0.004629,0.995381,0.995381,0.029879,15.999232,5.389795,-0.029879
nonmember,1463,0,0,1,0.002280,0.997723,0.997723,0.017479,23.239820,6.407131,-0.017479
nonmember,33242,0,0,1,0.004218,0.995791,0.995791,0.030535,10.751665,5.704533,-0.030535
nonmember,11031,0,0,1,0.563092,0.569446,0.569446,0.686553,14.208372,0.280413,-0.686553
nonmember,29105,9,9,1,0.002223,0.997780,0.997780,0.015784,19.269474,6.108039,-0.015784
nonmember,39325,3,3,1,0.081458,0.921771,0.921771,0.323228,11.390414,2.774198,-0.323228
nonmember,18885,1,3,0,15.140569,0.000000,0.995715,0.027655,3.508829,-15.136274,0.027655
nonmember,43788,9,9,1,-0.000000,1.000000,1.000000,0.000000,28.656212,24.548645,-0.000000
nonmember,5941,8,8,1,0.000001,0.999999,0.999999,0.000010,26.127071,14.205383,-0.000010
nonmember,44749,0,8,0,3.526589,0.029405,0.970268,0.136035,6.840492,-3.496406,0.136035
nonmember,27776,5,5,1,0.000159,0.999841,0.999841,0.001548,25.288054,8.747736,-0.001548
nonmember,23568,8,8,1,-0.000000,1.000000,1.000000,0.000000,38.250244,19.613850,-0.000000
nonmember,38453,8,8,1,0.000030,0.999970,0.999970,0.000344,26.883060,10.410606,-0.000344
nonmember,377,3,3,1,0.001294,0.998707,0.998707,0.011513,10.039520,7.136393,-0.011513
nonmember,5652,7,1,0,2.592568,0.074828,0.924198,0.274151,10.603568,-2.513739,0.274151
nonmember,23571,7,7,1,0.000043,0.999957,0.999957,0.000486,18.090908,10.135621,-0.000486
nonmember,5298,4,4,1,0.000966,0.999034,0.999034,0.008512,16.505415,7.481710,-0.008512
nonmember,35229,3,8,0,0.917063,0.399691,0.598966,0.682598,10.258193,-0.404512,0.682598
nonmember,42486,4,5,0,11.812451,0.000007,0.991926,0.048100,4.883953,-11.804344,0.048100
nonmember,20433,7,7,1,0.000210,0.999790,0.999790,0.001986,30.982063,8.469284,-0.001986
nonmember,14143,7,7,1,0.000015,0.999985,0.999985,0.000181,27.142155,11.161377,-0.000181
nonmember,12004,6,2,0,12.691778,0.000003,0.766511,0.719076,0.242532,-12.425872,0.719076
nonmember,25803,4,4,1,0.014348,0.985754,0.985754,0.074849,22.635777,4.238222,-0.074849
nonmember,47300,4,4,1,0.059362,0.942366,0.942366,0.244487,10.415962,2.939887,-0.244487
nonmember,2867,2,0,0,1.744904,0.174662,0.489794,1.045583,9.851457,-1.031133,1.045583
nonmember,40004,5,7,0,7.292342,0.000681,0.945133,0.260708,3.963787,-7.235912,0.260708
nonmember,27804,5,5,1,0.154131,0.857160,0.857160,0.429802,9.464252,1.816751,-0.429802
nonmember,31557,5,3,0,1.867035,0.154581,0.845401,0.430794,14.417831,-1.699091,0.430794
nonmember,32460,0,9,0,5.814205,0.002985,0.501719,1.014012,3.940346,-5.124491,1.014012
nonmember,10385,4,4,1,0.002541,0.997462,0.997462,0.019552,15.164288,6.275505,-0.019552
nonmember,26961,2,6,0,8.389658,0.000227,0.999766,0.002222,8.401540,-8.389424,0.002222
nonmember,18352,7,7,1,0.000000,1.000000,1.000000,0.000003,20.498732,15.714878,-0.000003
nonmember,25478,2,4,0,3.140832,0.043247,0.547663,1.178341,6.691853,-2.538737,1.178341
nonmember,15081,7,7,1,0.223713,0.799545,0.799545,0.504160,12.122508,1.385484,-0.504160
nonmember,34895,4,4,1,0.006295,0.993725,0.993725,0.042871,11.328879,5.376481,-0.042871
nonmember,44731,0,0,1,0.000004,0.999996,0.999996,0.000051,18.086960,12.564235,-0.000051
nonmember,15771,6,6,1,0.066742,0.935436,0.935436,0.314373,17.263226,3.555114,-0.314373
nonmember,28443,2,2,1,0.173417,0.840787,0.840787,0.533800,12.127974,1.996625,-0.533800
nonmember,37100,7,7,1,0.004781,0.995230,0.995230,0.035166,11.122941,6.057302,-0.035166
nonmember,21450,5,5,1,0.003735,0.996272,0.996272,0.027384,14.013826,6.285144,-0.027384
nonmember,49134,8,8,1,-0.000000,1.000000,1.000000,0.000000,31.710415,21.132126,-0.000000
nonmember,14576,4,4,1,0.011416,0.988649,0.988649,0.067856,17.303583,4.649551,-0.067856
nonmember,46216,2,2,1,0.007550,0.992478,0.992478,0.049165,13.378159,5.108315,-0.049165
nonmember,9298,3,5,0,11.686513,0.000008,0.999990,0.000136,9.641941,-11.686502,0.000136
nonmember,6112,0,0,1,0.000037,0.999963,0.999963,0.000413,43.280155,10.207680,-0.000413
nonmember,42446,0,8,0,2.244145,0.106018,0.626811,0.883365,14.227737,-1.777035,0.883365
nonmember,8372,7,7,1,0.002253,0.997750,0.997750,0.016794,27.556864,6.203966,-0.016794
nonmember,47325,7,7,1,0.000015,0.999985,0.999985,0.000180,31.949951,11.119020,-0.000180
nonmember,46340,6,6,1,0.000000,1.000000,1.000000,0.000005,26.023237,14.883408,-0.000005
nonmember,30311,3,3,1,0.001353,0.998648,0.998648,0.010282,30.330900,6.604925,-0.010282
nonmember,41414,0,0,1,0.000004,0.999996,0.999996,0.000049,24.459843,12.550391,-0.000049
nonmember,41531,5,5,1,0.561893,0.570129,0.570129,0.688645,12.510330,0.283898,-0.688645
nonmember,10930,9,9,1,-0.000000,1.000000,1.000000,0.000001,22.141853,17.313402,-0.000001
nonmember,12472,2,2,1,0.014279,0.985823,0.985823,0.082146,12.414233,4.393648,-0.082146
nonmember,46842,5,5,1,0.008031,0.992001,0.992001,0.046794,17.542252,4.824290,-0.046794
nonmember,16541,0,0,1,0.190914,0.826204,0.826204,0.462646,19.021599,1.559486,-0.462646
nonmember,48305,4,4,1,0.001234,0.998767,0.998767,0.010605,15.957789,7.346899,-0.010605
nonmember,8357,7,1,0,14.137477,0.000001,0.999960,0.000491,0.168302,-14.137437,0.000491
nonmember,1179,7,7,1,0.388247,0.678245,0.678245,0.628191,20.587023,0.745718,-0.628191
nonmember,18948,2,2,1,0.011379,0.988685,0.988685,0.065940,10.858364,4.559248,-0.065940
nonmember,29360,6,0,0,3.704707,0.024607,0.833913,0.607176,7.467561,-3.523080,0.607176
nonmember,1801,5,3,0,8.578577,0.000188,0.999696,0.003078,3.757727,-8.578273,0.003078
nonmember,20485,4,4,1,0.001133,0.998868,0.998868,0.008816,18.127811,6.783062,-0.008816
nonmember,42680,7,7,1,0.000000,1.000000,1.000000,0.000001,25.727251,16.532940,-0.000001
nonmember,37227,6,6,1,0.842118,0.430797,0.430797,1.231418,5.867035,0.121029,-1.231418
nonmember,31233,9,9,1,0.000020,0.999980,0.999980,0.000233,20.360334,10.847749,-0.000233
nonmember,19780,3,2,0,6.756597,0.001163,0.998825,0.009178,9.073259,-6.755422,0.009178
nonmember,17354,5,3,0,6.660885,0.001280,0.985315,0.087326,2.466422,-6.646092,0.087326
nonmember,46023,3,3,1,0.003937,0.996071,0.996071,0.028711,12.894465,6.242368,-0.028711
nonmember,16841,6,2,0,0.832245,0.435072,0.550995,0.754813,7.658567,-0.236215,0.754813
nonmember,42748,6,6,1,0.188963,0.827817,0.827817,0.459447,18.560207,1.570293,-0.459447
nonmember,22390,5,5,1,0.000978,0.999023,0.999023,0.008217,16.961031,7.110590,-0.008217
nonmember,19813,4,4,1,0.000351,0.999649,0.999649,0.003148,24.882261,7.954611,-0.003148
nonmember,14880,9,1,0,1.086907,0.337258,0.659333,0.661025,8.781826,-0.670380,0.661025
nonmember,33075,9,9,1,0.000000,1.000000,1.000000,0.000003,22.035410,15.824217,-0.000003
nonmember,2043,6,6,1,0.000207,0.999793,0.999793,0.001964,26.415861,8.482199,-0.001964
nonmember,42923,6,6,1,0.261242,0.770095,0.770095,0.539162,23.326143,1.208847,-0.539162
nonmember,49502,9,9,1,0.000004,0.999996,0.999996,0.000062,30.684607,13.280378,-0.000062
nonmember,39426,2,2,1,0.017986,0.982175,0.982175,0.090034,12.577684,4.014074,-0.090034
nonmember,12597,6,6,1,0.000976,0.999024,0.999024,0.007752,17.563515,6.932614,-0.007752
nonmember,42394,2,2,1,0.000292,0.999708,0.999708,0.002745,16.596794,8.198693,-0.002745
nonmember,26764,0,0,1,0.409097,0.664250,0.664250,0.953571,11.760718,1.064065,-0.953571
nonmember,40919,8,1,0,6.479897,0.001534,0.934051,0.256139,3.430622,-6.411674,0.256139
nonmember,45953,2,7,0,7.802803,0.000409,0.998849,0.009706,5.397843,-7.801651,0.009706
nonmember,30876,7,7,1,-0.000000,1.000000,1.000000,0.000000,39.766949,20.248194,-0.000000
nonmember,47743,9,9,1,0.000000,1.000000,1.000000,0.000003,22.222090,15.921299,-0.000003
nonmember,29274,0,0,1,0.000007,0.999993,0.999993,0.000088,35.206429,11.893311,-0.000088
nonmember,2858,4,4,1,0.034748,0.965849,0.965849,0.159867,9.628066,3.413189,-0.159867
nonmember,40621,0,0,1,0.003019,0.996986,0.996986,0.020509,17.665272,5.801607,-0.020509
nonmember,9739,9,0,0,9.320016,0.000090,0.940352,0.250489,1.524835,-9.258514,0.250489
nonmember,13755,1,1,1,0.000002,0.999998,0.999998,0.000032,38.372620,12.990408,-0.000032
nonmember,12668,0,0,1,0.000007,0.999993,0.999993,0.000094,27.966682,11.828888,-0.000094
nonmember,28007,5,4,0,3.537562,0.029084,0.942849,0.274740,4.518887,-3.478713,0.274740
nonmember,18868,6,6,1,0.002027,0.997975,0.997975,0.016779,14.177143,6.972101,-0.016779
nonmember,16670,6,5,0,6.345209,0.001755,0.947307,0.259795,0.743763,-6.291077,0.259795
nonmember,1346,5,5,1,0.036327,0.964325,0.964325,0.154411,20.332758,3.298725,-0.154411
nonmember,43232,1,9,0,6.043054,0.002374,0.997625,0.016726,21.822573,-6.040676,0.016726
nonmember,27023,4,0,0,17.361479,0.000000,0.998551,0.011486,-1.062435,-17.360029,0.011486
nonmember,9377,5,4,0,10.085676,0.000042,0.654627,0.651121,0.979225,-9.661987,0.651121
nonmember,3102,0,6,0,2.500586,0.082037,0.908597,0.336812,8.283420,-2.404732,0.336812
nonmember,5613,5,5,1,0.000086,0.999914,0.999914,0.000893,25.857243,9.360775,-0.000893
nonmember,1427,3,5,0,7.273615,0.000694,0.696929,0.620317,4.449446,-6.912544,0.620317
nonmember,23037,7,5,0,5.325581,0.004866,0.870460,0.435282,6.436560,-5.186848,0.435282
nonmember,29159,3,4,0,10.212667,0.000037,0.720686,0.700835,1.361920,-9.885115,0.700835
nonmember,49552,5,5,1,0.015834,0.984290,0.984290,0.089648,12.198668,4.357325,-0.089648
nonmember,44069,6,6,1,0.003343,0.996663,0.996663,0.024382,14.688311,5.925185,-0.024382
nonmember,16742,2,2,1,0.094903,0.909461,0.909461,0.314709,10.338401,2.328041,-0.314709
nonmember,14558,3,3,1,0.597933,0.549947,0.549947,0.980836,7.120454,0.495275,-0.980836
nonmember,33889,5,6,0,2.995599,0.050007,0.949231,0.205051,12.215341,-2.943496,0.205051
nonmember,18273,0,0,1,0.001099,0.998902,0.998902,0.008596,20.756355,6.815002,-0.008596
nonmember,32025,0,5,0,1.127705,0.323775,0.547131,0.991146,7.759603,-0.524639,0.991146
nonmember,20318,2,2,1,0.120320,0.886637,0.886637,0.402669,14.341556,2.211250,-0.402669
nonmember,9842,3,3,1,0.221087,0.801647,0.801647,0.498667,15.072511,1.396896,-0.498667
nonmember,12151,6,6,1,0.000001,0.999999,0.999999,0.000016,23.597790,14.071437,-0.000016
nonmember,31993,4,4,1,0.000025,0.999975,0.999975,0.000297,19.410666,10.600273,-0.000297
nonmember,45180,6,6,1,0.580280,0.559741,0.559741,0.718361,16.734594,0.252592,-0.718361
nonmember,22719,9,9,1,0.005372,0.994642,0.994642,0.033459,18.622957,5.226539,-0.033459
nonmember,13557,2,2,1,0.058503,0.943175,0.943175,0.219401,14.798564,2.812562,-0.219401
nonmember,6136,1,1,1,0.000002,0.999998,0.999998,0.000023,23.123894,13.365355,-0.000023
nonmember,48215,1,1,1,0.000004,0.999996,0.999996,0.000051,36.158386,12.575006,-0.000051
nonmember,5288,5,5,1,0.000021,0.999979,0.999979,0.000264,19.246294,11.223703,-0.000264
nonmember,46935,0,2,0,1.505626,0.221878,0.777948,0.530997,17.622046,-1.254530,0.530997
nonmember,27443,5,5,1,0.304052,0.737822,0.737822,0.583110,11.929613,1.039165,-0.583110
nonmember,21203,9,6,0,4.734608,0.008786,0.932907,0.272547,8.991937,-4.665158,0.272547
nonmember,14014,3,2,0,1.819095,0.162173,0.836994,0.450774,10.272184,-1.641156,0.450774
nonmember,32342,5,2,0,1.978834,0.138230,0.800370,0.643569,9.065738,-1.756153,0.643569
nonmember,7653,2,3,0,1.510331,0.220837,0.764978,0.599295,9.966698,-1.242423,0.599295
nonmember,37575,9,9,1,0.000229,0.999771,0.999771,0.002301,14.679297,8.662722,-0.002301
nonmember,10772,7,7,1,0.000662,0.999339,0.999339,0.005505,20.999170,7.320858,-0.005505
nonmember,23700,3,6,0,2.192571,0.111629,0.731226,0.917841,4.387221,-1.879539,0.917841
nonmember,23665,5,5,1,0.064040,0.937967,0.937967,0.232656,18.945969,2.716274,-0.232656
nonmember,7900,8,8,1,0.000004,0.999996,0.999996,0.000059,27.435072,12.334003,-0.000059
nonmember,17894,8,8,1,0.000000,1.000000,1.000000,0.000005,20.203478,15.169355,-0.000005
nonmember,43065,3,3,1,0.035249,0.965365,0.965365,0.166056,13.139159,3.488559,-0.166056
nonmember,22910,6,6,1,-0.000000,1.000000,1.000000,0.000000,32.210979,18.037563,-0.000000
nonmember,49811,7,4,0,9.483826,0.000076,0.930905,0.276849,-0.524837,-9.412228,0.276849
nonmember,41998,3,8,0,10.691502,0.000023,0.999977,0.000266,11.945517,-10.691479,0.000266
nonmember,25066,0,8,0,1.117857,0.326980,0.672982,0.632433,16.664274,-0.721821,0.632433
nonmember,31716,5,5,1,0.121235,0.885826,0.885826,0.399737,9.795805,2.140796,-0.399737
nonmember,45600,1,1,1,0.140784,0.868677,0.868677,0.479177,17.276474,2.481061,-0.479177
nonmember,2935,9,9,1,0.185727,0.830500,0.830500,0.520110,7.061495,1.685763,-0.520110
nonmember,16584,6,6,1,0.000664,0.999336,0.999336,0.005758,20.086361,7.429049,-0.005758
nonmember,2232,8,7,0,13.777568,0.000001,0.869533,0.387390,5.652762,-13.637769,0.387390
nonmember,3592,7,7,1,0.035953,0.964686,0.964686,0.156150,13.093152,3.326879,-0.156150
nonmember,42985,4,3,0,13.405763,0.000002,0.989354,0.066602,-1.435097,-13.395060,0.066602
nonmember,36155,0,0,1,0.031236,0.969247,0.969247,0.152624,14.388928,3.667558,-0.152624
nonmember,47066,9,9,1,0.487436,0.614199,0.614199,0.668863,20.116152,0.465618,-0.668863
nonmember,38474,7,7,1,0.000000,1.000000,1.000000,0.000007,33.838249,14.574167,-0.000007
nonmember,46637,0,0,1,-0.000000,1.000000,1.000000,0.000000,30.733738,22.025124,-0.000000
nonmember,35025,7,7,1,0.120057,0.886870,0.886870,0.461877,9.892032,2.812258,-0.461877
nonmember,4216,7,7,1,0.000000,1.000000,1.000000,0.000001,28.969927,16.495672,-0.000001
nonmember,20814,6,6,1,0.000001,0.999999,0.999999,0.000009,28.521814,14.294854,-0.000009
nonmember,8508,7,7,1,0.130973,0.877242,0.877242,0.452693,13.189792,2.401539,-0.452693
nonmember,30144,2,2,1,0.045966,0.955074,0.955074,0.221652,8.431917,3.335093,-0.221652
nonmember,7279,2,2,1,0.000012,0.999988,0.999988,0.000162,13.347631,11.560687,-0.000162
nonmember,31211,4,4,1,0.000032,0.999968,0.999968,0.000401,17.485392,11.118167,-0.000401
nonmember,45193,2,4,0,6.321743,0.001797,0.998183,0.013407,7.440659,-6.319924,0.013407
nonmember,43540,8,8,1,0.255904,0.774216,0.774216,0.687496,10.809889,1.757338,-0.687496
nonmember,34182,4,4,1,0.119078,0.887738,0.887738,0.374594,10.599526,2.111225,-0.374594
nonmember,43808,4,4,1,0.000228,0.999772,0.999772,0.002248,19.297575,8.577615,-0.002248
nonmember,33601,3,3,1,0.496416,0.608708,0.608708,0.873593,12.427114,0.645946,-0.873593
nonmember,30265,7,7,1,0.012833,0.987249,0.987249,0.077722,11.814938,4.585973,-0.077722
nonmember,21327,4,4,1,-0.000000,1.000000,1.000000,0.000000,40.094429,23.200500,-0.000000
nonmember,1332,9,9,1,0.002267,0.997736,0.997736,0.017209,12.249601,6.259134,-0.017209
nonmember,22872,6,3,0,11.821514,0.000007,0.985791,0.075622,3.660703,-11.807203,0.075622
nonmember,15159,9,9,1,0.000083,0.999917,0.999917,0.000861,20.468626,9.402723,-0.000861
nonmember,46012,8,8,1,0.000001,0.999999,0.999999,0.000012,24.235147,14.043524,-0.000012
nonmember,278,9,9,1,-0.000000,1.000000,1.000000,0.000000,34.944233,28.825699,-0.000000
nonmember,6646,8,8,1,0.000001,0.999999,0.999999,0.000010,21.326416,14.508796,-0.000010
nonmember,26413,6,6,1,0.000456,0.999544,0.999544,0.004120,16.718348,7.797194,-0.004120
nonmember,13902,0,0,1,0.001375,0.998626,0.998626,0.010795,14.311750,6.658684,-0.010795
nonmember,6352,5,5,1,0.450609,0.637240,0.637240,0.654992,23.975016,0.563404,-0.654992
nonmember,23335,5,5,1,0.000317,0.999683,0.999683,0.003038,23.911509,8.317214,-0.003038
nonmember,49537,6,6,1,0.009256,0.990787,0.990787,0.054736,22.043106,4.751436,-0.054736
nonmember,37824,9,9,1,-0.000000,1.000000,1.000000,0.000000,37.431278,21.180454,-0.000000
nonmember,6275,9,9,1,-0.000000,1.000000,1.000000,0.000000,40.679771,26.384109,-0.000000
nonmember,15599,7,7,1,0.000001,0.999999,0.999999,0.000016,29.486549,14.310871,-0.000016
