split_name,index,true_label,pred_label,correct,loss,conf_true,conf_max,entropy,logit_true,logit_gap,m_entropy
member,33553,7,1,0,2.986849,0.050446,0.205011,2.133555,-0.339292,-1.402157,2.133555
member,9427,8,8,1,0.391293,0.676182,0.676182,1.006368,4.145581,1.467925,-1.006368
member,199,0,8,0,1.076641,0.340738,0.391072,1.498637,2.369472,-0.137778,1.498637
member,12447,6,3,0,1.665455,0.189105,0.265283,1.787692,2.601504,-0.338495,1.787692
member,39489,1,3,0,1.785938,0.167640,0.332463,1.707357,1.910395,-0.684713,1.707357
member,42724,6,6,1,1.254450,0.285233,0.285233,1.998985,2.183461,0.829623,-1.998985
member,10822,8,8,1,0.779696,0.458546,0.458546,1.448510,3.148973,0.961731,-1.448510
member,49498,0,8,0,3.175342,0.041780,0.628769,1.028061,1.448023,-2.711351,1.028061
member,4144,6,6,1,0.529221,0.589064,0.589064,1.427541,3.596569,1.703245,-1.427541
member,36958,5,6,0,1.786913,0.167476,0.267780,1.994400,1.328849,-0.469324,1.994400
member,43106,2,9,0,3.347736,0.035164,0.250675,1.904898,-0.506612,-1.964139,1.904898
member,38695,5,6,0,2.764612,0.063001,0.290754,1.951851,0.268457,-1.529335,1.951851
member,6188,0,8,0,1.343090,0.261038,0.534480,1.245137,2.889586,-0.716629,1.245137
member,1414,7,6,0,1.711588,0.180579,0.265684,1.898567,1.755741,-0.386142,1.898567
member,18471,1,1,1,0.891347,0.410103,0.410103,1.268805,3.308316,0.040317,-1.268805
member,29282,6,7,0,3.690335,0.024964,0.388985,1.744775,-0.551890,-2.746120,1.744775
member,15177,5,6,0,2.519900,0.080468,0.330544,1.908970,0.522715,-1.412884,1.908970
member,34304,6,6,1,0.346920,0.706862,0.706862,1.150137,4.436514,2.328909,-1.150137
member,12609,6,6,1,1.154765,0.315132,0.315132,1.653306,3.795986,0.146740,-1.653306
member,12144,5,7,0,1.736253,0.176179,0.393458,1.807143,1.262198,-0.803472,1.807143
member,6113,0,8,0,1.283107,0.277175,0.413142,1.509983,2.252429,-0.399144,1.509983
member,15908,5,6,0,3.219387,0.039980,0.214736,1.958619,0.120162,-1.681040,1.958619
member,821,7,3,0,1.815905,0.162691,0.304073,1.771878,2.275412,-0.625417,1.771878
member,15118,2,7,0,1.617844,0.198326,0.233966,1.875417,1.672003,-0.165265,1.875417
member,13466,4,4,1,1.289541,0.275397,0.275397,1.772117,2.916491,0.365450,-1.772117
member,26497,4,6,0,1.741150,0.175319,0.252689,2.012928,1.174979,-0.365552,2.012928
member,42111,5,6,0,1.967569,0.139796,0.249940,1.877243,1.410892,-0.581034,1.877243
member,30188,5,7,0,2.088707,0.123847,0.244897,2.051594,0.667904,-0.681789,2.051594
member,37237,4,4,1,1.271388,0.280442,0.280442,1.732362,2.927794,0.286990,-1.732362
member,33109,8,8,1,0.629917,0.532636,0.532636,1.281416,3.750352,1.007672,-1.281416
member,36480,4,6,0,1.538463,0.214711,0.407757,1.663110,2.412165,-0.641380,1.663110
member,24148,3,9,0,2.666243,0.069513,0.390180,1.685721,0.592073,-1.725096,1.685721
member,5503,5,6,0,1.890325,0.151023,0.208883,2.046742,1.509393,-0.324342,2.046742
member,3918,0,0,1,0.146882,0.863396,0.863396,0.520603,5.114832,2.098375,-0.520603
member,38478,0,9,0,2.695682,0.067496,0.494270,1.664685,0.407195,-1.991009,1.664685
member,21123,8,8,1,0.507339,0.602095,0.602095,0.996873,5.010575,0.746376,-0.996873
member,49717,0,7,0,2.094963,0.123075,0.254003,2.159904,0.382286,-0.724554,2.159904
member,42294,1,1,1,0.876934,0.416057,0.416057,1.447796,2.715040,0.202567,-1.447796
member,47609,8,9,0,2.001108,0.135185,0.486044,1.468806,1.612077,-1.279652,1.468806
member,11076,0,1,0,3.587839,0.027658,0.159073,2.203678,-0.931850,-1.749443,2.203678
member,41514,3,9,0,2.787584,0.061570,0.279287,1.915857,0.103517,-1.512070,1.915857
member,22062,0,9,0,3.455579,0.031569,0.484834,1.186617,0.717451,-2.731630,1.186617
member,9413,0,7,0,3.070793,0.046384,0.160176,2.222765,-0.557443,-1.239312,2.222765
member,38340,0,1,0,6.855762,0.001053,0.732334,1.083692,-2.609023,-6.544243,1.083692
member,30263,9,6,0,1.471455,0.229591,0.274899,1.906412,1.687800,-0.180104,1.906412
member,41252,4,3,0,2.353956,0.094993,0.173359,2.149115,0.333994,-0.601563,2.149115
member,14644,4,9,0,3.637681,0.026313,0.307859,1.874410,-0.749768,-2.459567,1.874410
member,26335,6,6,1,1.216222,0.296348,0.296348,1.935087,2.525848,0.497097,-1.935087
member,28102,7,7,1,1.055751,0.347931,0.347931,1.730941,2.821580,0.731334,-1.730941
member,17523,6,6,1,1.077542,0.340431,0.340431,1.626383,3.438794,0.292522,-1.626383
member,24712,9,9,1,0.318622,0.727150,0.727150,0.994628,3.474953,1.628754,-0.994628
member,40485,0,0,1,0.143482,0.866337,0.866337,0.581604,4.490994,2.406974,-0.581604
member,3850,9,9,1,0.576091,0.562091,0.562091,1.040456,3.537006,0.443428,-1.040456
member,40040,9,9,1,0.915257,0.400414,0.400414,1.896551,1.958477,1.108401,-1.896551
member,15267,4,6,0,1.676602,0.187008,0.279325,1.753473,2.774449,-0.401223,1.753473
member,49146,3,7,0,2.426807,0.088318,0.334284,1.935439,0.444245,-1.331043,1.935439
member,30001,6,6,1,1.129756,0.323112,0.323112,1.912915,2.366560,0.724492,-1.912915
member,45926,2,7,0,1.684801,0.185481,0.234705,2.054046,1.159633,-0.235375,2.054046
member,43824,9,1,0,2.682777,0.068373,0.555430,1.576547,0.557045,-2.094765,1.576547
member,17240,9,1,0,1.506808,0.221616,0.341443,1.809509,2.131086,-0.432233,1.809509
member,4892,8,0,0,1.395406,0.247732,0.579736,1.177210,2.821808,-0.850224,1.177210
member,725,4,3,0,2.851236,0.057773,0.184641,2.220819,-0.346091,-1.161896,2.220819
member,22949,4,7,0,1.915775,0.147228,0.201513,2.132858,0.824626,-0.313874,2.132858
member,34657,8,8,1,0.278976,0.756558,0.756558,0.835732,4.482184,1.617925,-0.835732
member,37213,1,1,1,1.307234,0.270567,0.270567,1.919937,1.638749,0.221877,-1.919937
member,20304,1,1,1,0.421936,0.655776,0.655776,1.241032,3.191550,1.418390,-1.241032
member,15269,3,3,1,1.066172,0.344324,0.344324,1.681287,3.066204,0.098547,-1.681287
member,22367,9,9,1,0.650176,0.521954,0.521954,1.253472,3.805781,0.715751,-1.253472
member,42684,1,1,1,1.145130,0.318183,0.318183,1.732512,1.900903,0.275788,-1.732512
member,46734,5,7,0,1.767193,0.170812,0.299643,1.894179,1.101943,-0.562031,1.894179
member,11732,0,0,1,0.370174,0.690614,0.690614,0.921581,4.297235,1.133405,-0.921581
member,18619,3,5,0,2.299322,0.100327,0.403659,1.875478,1.006876,-1.392136,1.875478
member,48492,0,9,0,1.823302,0.161492,0.281433,2.039076,0.796795,-0.555441,2.039076
member,26803,2,6,0,2.331462,0.097154,0.304630,1.840435,1.531455,-1.142805,1.840435
member,44305,2,7,0,2.213874,0.109277,0.268641,2.124991,0.422094,-0.899493,2.124991
member,47522,7,3,0,1.831669,0.160146,0.256552,1.848767,2.024905,-0.471245,1.848767
member,32207,8,5,0,6.669159,0.001269,0.287014,1.760499,-2.904078,-5.420933,1.760499
member,2530,3,6,0,1.529758,0.216588,0.255896,1.794206,2.414183,-0.166775,1.794206
member,17746,1,9,0,1.265998,0.281958,0.412517,1.368404,3.107218,-0.380520,1.368404
member,8270,8,0,0,1.450161,0.234532,0.279761,1.771769,1.666698,-0.176343,1.771769
member,15079,7,6,0,2.141282,0.117504,0.149148,2.225306,0.402783,-0.238466,2.225306
member,13624,5,5,1,1.609467,0.199994,0.199994,2.135278,1.017642,0.137916,-2.135278
member,30638,4,6,0,1.579962,0.205983,0.243202,1.978275,1.354776,-0.166100,1.978275
member,30440,0,0,1,0.871521,0.418315,0.418315,1.866806,1.911685,1.170175,-1.866806
member,36056,5,6,0,1.760193,0.172012,0.360904,1.806125,1.724107,-0.741050,1.806125
member,42651,7,6,0,2.239143,0.106550,0.381632,1.703896,1.682440,-1.275845,1.703896
member,36803,8,8,1,0.148874,0.861677,0.861677,0.536788,6.235079,2.377865,-0.536788
member,48224,1,1,1,0.611930,0.542303,0.542303,1.250841,3.585451,0.748527,-1.250841
member,29226,1,1,1,1.126303,0.324230,0.324230,1.776591,2.924036,0.101950,-1.776591
member,5633,4,9,0,2.966493,0.051484,0.238236,2.133821,-0.470403,-1.532000,2.133821
member,5987,8,0,0,1.480258,0.227579,0.538834,1.346211,2.175450,-0.861909,1.346211
member,48063,3,3,1,1.081756,0.339000,0.339000,1.544823,3.234522,0.008332,-1.544823
member,1812,2,1,0,2.503573,0.081792,0.428385,1.771276,0.611218,-1.655840,1.771276
member,27578,2,7,0,2.463753,0.085115,0.151627,2.207901,-0.067533,-0.577424,2.207901
member,16823,5,3,0,1.664367,0.189310,0.282871,1.926098,1.686205,-0.401602,1.926098
member,3928,9,9,1,0.688459,0.502350,0.502350,1.494233,2.932796,1.120067,-1.494233
member,37286,7,9,0,2.708263,0.066652,0.391866,1.831325,0.191245,-1.771429,1.831325
member,25045,7,0,0,2.300494,0.100209,0.515670,1.673782,0.677345,-1.638205,1.673782
member,15727,8,0,0,1.564096,0.209277,0.489087,1.546959,1.727236,-0.848882,1.546959
member,29600,8,1,0,5.435367,0.004360,0.219892,2.040688,-1.990493,-3.920747,2.040688
member,10430,3,0,0,4.515776,0.010935,0.712500,1.029707,-0.700408,-4.176801,1.029707
member,25768,4,0,0,2.972041,0.051199,0.290896,1.957145,-0.222326,-1.737253,1.957145
member,29103,6,6,1,0.355085,0.701114,0.701114,1.123967,4.612649,2.013965,-1.123967
member,36537,1,1,1,0.766320,0.464720,0.464720,1.606173,2.957119,0.874528,-1.606173
member,39328,7,7,1,0.876768,0.416125,0.416125,1.604452,3.242265,0.968999,-1.604452
member,35539,8,8,1,1.277610,0.278703,0.278703,2.044443,1.553489,0.340329,-2.044443
member,28075,3,7,0,1.759097,0.172200,0.193750,2.131482,0.945325,-0.117911,2.131482
member,17840,7,1,0,2.421943,0.088749,0.318337,1.918855,1.443951,-1.277299,1.918855
member,27802,1,1,1,0.860223,0.423068,0.423068,1.799054,2.340423,1.086874,-1.799054
member,7682,7,3,0,2.264954,0.103835,0.243520,1.976659,1.164998,-0.852396,1.976659
member,24279,6,3,0,1.655006,0.191091,0.299887,1.839500,2.111896,-0.450656,1.839500
member,33070,4,6,0,1.851096,0.157065,0.262609,1.909004,1.672099,-0.514007,1.909004
member,35557,3,6,0,2.066184,0.126668,0.319452,1.786866,1.654656,-0.925036,1.786866
member,37189,0,0,1,0.057829,0.943811,0.943811,0.245832,6.919171,2.946189,-0.245832
member,47149,4,7,0,1.573845,0.207247,0.295647,1.853392,2.195121,-0.355257,1.853392
member,46915,6,6,1,1.044233,0.351962,0.351962,1.781540,2.740544,0.584614,-1.781540
member,9801,0,0,1,0.297551,0.742634,0.742634,1.014749,3.462813,1.910026,-1.014749
member,38800,8,8,1,0.860146,0.423100,0.423100,1.546828,2.621338,0.653554,-1.546828
member,24669,3,3,1,1.448268,0.234977,0.234977,1.975794,2.120506,0.208697,-1.975794
member,44233,3,6,0,2.379010,0.092642,0.198264,2.125089,0.220597,-0.760852,2.125089
member,31919,8,8,1,0.389439,0.677437,0.677437,1.038473,4.252616,1.633337,-1.038473
member,7134,9,8,0,1.592159,0.203486,0.613684,1.167426,2.543352,-1.103884,1.167426
member,33704,6,6,1,1.494233,0.224421,0.224421,2.087014,1.317196,0.339427,-2.087014
member,29660,5,6,0,2.668676,0.069344,0.593533,1.444750,1.244994,-2.147013,1.444750
member,17893,1,1,1,0.571445,0.564709,0.564709,1.536357,2.532097,1.282270,-1.536357
member,22018,4,6,0,2.755526,0.063576,0.286361,1.983752,0.636978,-1.505024,1.983752
member,13538,9,9,1,0.889685,0.410785,0.410785,1.250601,4.547691,0.198977,-1.250601
member,43118,2,6,0,2.269781,0.103335,0.415014,1.711453,1.371539,-1.390339,1.711453
member,36420,4,0,0,2.386379,0.091962,0.178763,2.245695,-0.015575,-0.664684,2.245695
member,9405,3,7,0,1.796473,0.165883,0.262456,2.044660,0.992541,-0.458802,2.044660
member,13413,2,1,0,2.488515,0.083033,0.239610,2.051490,0.231024,-1.059771,2.051490
member,6720,4,6,0,2.212837,0.109390,0.249481,2.063011,0.679279,-0.824463,2.063011
member,15601,1,0,0,3.318715,0.036199,0.636094,1.391305,-0.155048,-2.866306,1.391305
member,44743,0,0,1,0.214262,0.807137,0.807137,0.628183,5.252522,1.631082,-0.628183
member,31138,1,1,1,0.506740,0.602456,0.602456,1.072740,4.186130,0.844709,-1.072740
member,2729,6,6,1,0.421348,0.656162,0.656162,1.311288,3.575115,2.368312,-1.311288
member,38242,4,1,0,4.044063,0.017526,0.406465,1.620266,-0.691068,-3.143806,1.620266
member,29625,2,7,0,2.280630,0.102220,0.247135,1.957812,0.993483,-0.882809,1.957812
member,47894,8,0,0,0.801947,0.448455,0.459241,1.080814,3.533105,-0.023766,1.080814
member,42090,2,6,0,2.367038,0.093758,0.358795,1.809681,1.094083,-1.342033,1.809681
member,36399,7,0,0,1.907324,0.148477,0.159620,2.236175,0.505756,-0.072367,2.236175
member,6244,1,6,0,2.196520,0.111189,0.483193,1.684434,1.512552,-1.469181,1.684434
member,5545,3,4,0,2.069445,0.126256,0.196901,1.945183,1.463901,-0.444391,1.945183
member,4064,6,5,0,1.899686,0.149616,0.416296,1.567058,2.376353,-1.023326,1.567058
member,12851,5,1,0,2.478771,0.083846,0.212791,2.133668,0.407079,-0.931325,2.133668
member,21802,8,0,0,1.537465,0.214925,0.577586,1.274927,2.234521,-0.988568,1.274927
member,41163,8,3,0,4.241325,0.014389,0.226284,1.957019,-1.157087,-2.755361,1.957019
member,6232,5,2,0,1.969843,0.139479,0.163161,2.111234,1.066769,-0.156828,2.111234
member,3862,4,6,0,2.238636,0.106604,0.480721,1.711927,1.027491,-1.506168,1.711927
member,35094,6,6,1,0.347602,0.706380,0.706380,1.101847,4.608422,2.268631,-1.101847
member,40195,4,7,0,2.905061,0.054745,0.241610,1.968982,0.442325,-1.484631,1.968982
member,39250,1,9,0,1.759601,0.172114,0.654253,1.048109,2.684326,-1.335339,1.048109
member,6217,3,3,1,1.335166,0.263114,0.263114,1.948414,2.130537,0.363348,-1.948414
member,36775,7,7,1,0.773612,0.461344,0.461344,1.797326,2.258842,1.539833,-1.797326
member,42976,1,9,0,1.034388,0.355444,0.507375,1.129184,3.605883,-0.355883,1.129184
member,48467,7,7,1,0.885082,0.412680,0.412680,1.688296,2.481497,0.825553,-1.688296
member,14831,8,9,0,1.160065,0.313466,0.454309,1.305053,2.971073,-0.371088,1.305053
member,30092,7,7,1,0.626417,0.534503,0.534503,1.518727,3.113610,1.538360,-1.518727
member,8893,1,0,0,2.009107,0.134108,0.288384,1.723531,1.125390,-0.765643,1.723531
member,6020,1,9,0,1.534855,0.215487,0.403383,1.344241,2.682361,-0.626986,1.344241
member,46088,2,2,1,1.373490,0.253222,0.253222,1.883149,1.640318,0.170892,-1.883149
member,15242,5,6,0,2.758862,0.063364,0.228766,2.000724,0.586075,-1.283804,2.000724
member,45307,9,9,1,0.614245,0.541049,0.541049,1.563996,2.593596,1.203732,-1.563996
member,26550,1,6,0,2.613628,0.073268,0.375321,1.878313,0.902947,-1.633655,1.878313
member,6034,9,7,0,1.810824,0.163519,0.289460,1.941551,0.998352,-0.571085,1.941551
member,7905,2,7,0,1.939886,0.143720,0.203814,2.127661,0.645452,-0.349338,2.127661
member,32225,4,3,0,2.658556,0.070049,0.349078,1.787525,1.459175,-1.606096,1.787525
member,6017,5,3,0,1.704830,0.181803,0.240300,2.046871,1.229617,-0.278963,2.046871
member,21879,5,5,1,1.087356,0.337107,0.337107,1.656567,3.479717,0.394444,-1.656567
member,2791,2,6,0,3.326451,0.035920,0.458033,1.591293,0.773741,-2.545636,1.591293
member,42605,2,7,0,1.835540,0.159527,0.191233,2.122525,0.753778,-0.181276,2.122525
member,5823,3,7,0,2.659234,0.070002,0.186983,2.129496,-0.061238,-0.982495,2.129496
member,15387,6,6,1,1.418783,0.242008,0.242008,1.983491,1.467577,0.217417,-1.983491
member,29561,3,6,0,2.099575,0.122508,0.365634,1.598173,2.262229,-1.093453,1.598173
member,39475,5,9,0,2.896130,0.055237,0.185616,2.213309,-0.438205,-1.212054,2.213309
member,292,6,6,1,1.200021,0.301188,0.301188,1.742620,3.411015,0.520637,-1.742620
member,16957,5,5,1,1.434177,0.238311,0.238311,1.903928,1.911213,0.114542,-1.903928
member,30860,8,0,0,1.594517,0.203007,0.590363,1.335085,1.813540,-1.067498,1.335085
member,14073,4,6,0,1.833349,0.159877,0.201214,2.122829,0.774492,-0.229963,2.122829
member,21856,8,0,0,1.862774,0.155241,0.504808,1.649126,1.126894,-1.179198,1.649126
member,22079,5,6,0,1.617068,0.198480,0.309212,1.760405,2.409794,-0.443341,1.760405
member,17023,7,1,0,1.880105,0.152574,0.276434,2.071801,0.997929,-0.594323,2.071801
member,8739,3,1,0,2.477917,0.083918,0.220685,2.040641,0.572442,-0.966898,2.040641
member,15825,9,7,0,2.424992,0.088479,0.454896,1.759296,0.863265,-1.637306,1.759296
member,2741,2,1,0,3.162072,0.042338,0.471538,1.475782,0.223427,-2.410316,1.475782
member,18048,1,9,0,1.185775,0.305509,0.422854,1.536975,2.165137,-0.325047,1.536975
member,49936,8,8,1,0.419196,0.657575,0.657575,1.038169,3.948473,1.151730,-1.038169
member,17372,6,4,0,1.711585,0.180579,0.231379,2.054147,1.120234,-0.247888,2.054147
member,22021,5,6,0,1.859163,0.155803,0.265265,1.965421,1.202327,-0.532136,1.965421
member,46364,7,7,1,0.735776,0.479133,0.479133,1.615053,2.530918,0.992197,-1.615053
member,23537,2,7,0,1.870189,0.154095,0.281582,1.947018,1.153749,-0.602857,1.947018
member,45499,5,2,0,2.788300,0.061526,0.303172,1.547908,1.320930,-1.594846,1.547908
member,40185,1,8,0,1.622479,0.197409,0.322160,1.553951,1.956284,-0.489773,1.553951
member,9613,3,5,0,1.570478,0.207946,0.304083,1.844739,2.483661,-0.380025,1.844739
member,43281,9,9,1,0.957806,0.383734,0.383734,1.585812,2.438640,0.496791,-1.585812
member,37891,4,9,0,4.859010,0.007758,0.276784,1.697200,-0.966747,-3.574492,1.697200
member,26178,0,0,1,0.100051,0.904791,0.904791,0.351275,6.854073,2.337901,-0.351275
member,45892,8,7,0,4.764768,0.008525,0.222169,1.995513,-1.692973,-3.260451,1.995513
member,20933,1,9,0,1.720335,0.179006,0.434674,1.645348,1.604245,-0.887177,1.645348
member,40971,1,6,0,1.281181,0.277709,0.436922,1.559691,2.983595,-0.453182,1.559691
member,22224,5,4,0,2.094411,0.123143,0.257651,1.968690,0.928507,-0.738263,1.968690
member,24381,1,1,1,0.595692,0.551181,0.551181,1.437447,2.889815,0.880675,-1.437447
member,34855,0,1,0,1.917665,0.146950,0.322987,1.754148,1.382703,-0.787523,1.754148
member,48577,9,8,0,1.417917,0.242218,0.506342,1.415835,2.135488,-0.737375,1.415835
member,38536,0,0,1,0.435472,0.646959,0.646959,1.270746,3.036433,1.474773,-1.270746
member,31755,4,0,0,3.051388,0.047293,0.219490,2.082294,-0.442804,-1.534941,2.082294
member,7753,3,7,0,1.799437,0.165392,0.168728,2.082271,1.370992,-0.019970,2.082271
member,46638,5,3,0,2.041378,0.129850,0.448812,1.774051,1.297668,-1.240227,1.774051
member,43834,4,7,0,1.614869,0.198917,0.240926,1.832392,2.314624,-0.191604,1.832392
member,26235,6,2,0,2.202032,0.110578,0.143394,2.260510,0.251340,-0.259874,2.260510
member,44229,5,6,0,1.822552,0.161613,0.397593,1.662515,2.207320,-0.900225,1.662515
member,49596,9,9,1,0.808928,0.445335,0.445335,1.702327,2.518769,1.087443,-1.702327
member,18552,5,0,0,2.746077,0.064179,0.253333,2.153897,-0.242885,-1.373026,2.153897
member,43136,8,1,0,3.954024,0.019177,0.262524,2.010621,-0.903023,-2.616613,2.010621
member,36672,1,1,1,0.487292,0.614287,0.614287,1.392133,3.056732,1.789160,-1.392133
member,43649,0,0,1,0.226833,0.797054,0.797054,0.699094,4.554194,1.650203,-0.699094
member,3940,0,8,0,1.445763,0.235566,0.393460,1.427120,2.499641,-0.512987,1.427120
member,31496,2,1,0,4.540145,0.010672,0.342090,1.353768,-0.430037,-3.467464,1.353768
member,26593,2,6,0,1.892874,0.150638,0.184929,2.128932,0.906833,-0.205091,2.128932
member,23921,1,8,0,1.440891,0.236717,0.362188,1.767176,1.640627,-0.425298,1.767176
member,26402,8,5,0,6.550299,0.001430,0.278233,1.792173,-2.847627,-5.271001,1.792173
member,45942,5,6,0,2.095315,0.123032,0.249006,1.922823,1.085632,-0.705038,1.922823
member,48525,6,6,1,0.742929,0.475718,0.475718,1.680378,2.908962,1.337967,-1.680378
member,18315,0,1,0,2.600086,0.074267,0.269639,1.954204,0.099699,-1.289415,1.954204
member,36893,8,8,1,0.569910,0.565577,0.565577,1.239858,3.820456,1.130344,-1.239858
member,26695,2,6,0,2.422565,0.088694,0.374145,1.707882,1.528150,-1.439454,1.707882
member,42127,9,9,1,0.895359,0.408461,0.408461,1.572297,2.560435,0.213046,-1.572297
member,14170,9,1,0,1.139765,0.319894,0.533365,1.264475,2.696237,-0.511216,1.264475
member,3732,4,6,0,2.083944,0.124438,0.237456,2.059561,1.117092,-0.646173,2.059561
member,7881,6,7,0,1.904594,0.148883,0.183659,2.076672,0.841134,-0.209919,2.076672
member,6016,9,8,0,2.497629,0.082280,0.396358,1.371100,1.478925,-1.572191,1.371100
member,23029,4,9,0,2.518325,0.080595,0.207555,2.177848,0.148075,-0.945964,2.177848
member,35473,7,7,1,1.216622,0.296229,0.296229,1.853242,1.967668,0.432878,-1.853242
member,49685,4,7,0,2.244633,0.105966,0.330466,1.757838,1.261571,-1.137382,1.757838
member,4817,5,7,0,2.176341,0.113456,0.207574,2.055689,0.821197,-0.604072,2.055689
member,41693,7,6,0,2.063522,0.127006,0.202696,2.119659,0.734833,-0.467476,2.119659
member,12007,3,5,0,1.559749,0.210189,0.377463,1.635337,2.738937,-0.585467,1.635337
member,41327,6,6,1,0.923240,0.397230,0.397230,1.599403,4.053697,0.585184,-1.599403
member,9506,4,4,1,1.592622,0.203392,0.203392,1.995514,1.402759,0.052772,-1.995514
member,44798,7,7,1,0.974036,0.377556,0.377556,1.869629,2.252173,1.090747,-1.869629
member,34062,2,3,0,2.902435,0.054889,0.239726,1.928762,0.594199,-1.474176,1.928762
member,27474,6,6,1,2.028292,0.131560,0.131560,2.265186,0.413787,0.039339,-2.265186
member,31143,4,7,0,2.334871,0.096823,0.548826,1.550675,1.122954,-1.734897,1.550675
member,21235,5,6,0,2.124901,0.119445,0.160951,2.199262,0.396203,-0.298245,2.199262
member,1390,9,9,1,0.736948,0.478572,0.478572,1.313268,3.628704,0.687310,-1.313268
member,38249,7,7,1,1.385348,0.250237,0.250237,2.062568,1.303802,0.355823,-2.062568
member,37624,7,7,1,1.080296,0.339495,0.339495,1.957067,1.890840,0.768832,-1.957067
member,42028,3,3,1,1.337970,0.262378,0.262378,2.020065,1.824373,0.431423,-2.020065
member,20834,0,0,1,0.241064,0.785792,0.785792,0.927277,3.468171,2.472961,-0.927277
member,14757,7,7,1,0.720959,0.486286,0.486286,1.600110,3.242147,1.452645,-1.600110
member,26396,2,6,0,2.203505,0.110415,0.247175,2.053053,0.574646,-0.805845,2.053053
member,6808,7,7,1,0.556273,0.573342,0.573342,1.402398,3.351595,1.570986,-1.402398
member,9225,7,6,0,2.970087,0.051299,0.308667,1.920580,0.415671,-1.794595,1.920580
member,48394,4,6,0,1.856311,0.156248,0.374547,1.822968,1.377285,-0.874273,1.822968
member,5395,9,8,0,1.527116,0.217161,0.476222,1.433411,2.120299,-0.785244,1.433411
member,6943,4,6,0,1.920322,0.146560,0.547280,1.481836,2.100237,-1.317527,1.481836
member,23870,8,8,1,1.228467,0.292741,0.292741,1.720479,1.933651,0.102393,-1.720479
member,32492,1,9,0,2.027146,0.131711,0.459414,1.749803,1.090414,-1.249342,1.749803
member,36345,4,6,0,1.665777,0.189044,0.215179,1.849074,1.855234,-0.129492,1.849074
member,10755,1,0,0,2.992886,0.050143,0.434643,1.159283,1.487080,-2.159656,1.159283
member,12301,4,3,0,2.265429,0.103785,0.220981,1.983713,1.140210,-0.755749,1.983713
member,48386,7,9,0,5.214241,0.005439,0.430597,1.275450,-1.027406,-4.371659,1.275450
member,42745,5,9,0,2.894463,0.055329,0.286077,1.897418,0.270869,-1.642969,1.897418
member,29089,6,6,1,1.450315,0.234497,0.234497,1.944943,2.453881,0.013983,-1.944943
member,44712,6,6,1,1.184315,0.305956,0.305956,1.901436,2.357511,0.293328,-1.901436
member,14343,0,6,0,7.036638,0.000879,0.283525,1.770572,-3.308514,-5.776184,1.770572
member,38172,5,6,0,2.051716,0.128514,0.208359,2.032240,1.009589,-0.483221,2.032240
member,5071,9,6,0,2.600154,0.074262,0.216258,2.106930,0.119538,-1.068873,2.106930
member,24121,1,1,1,0.931638,0.393908,0.393908,1.586494,2.541843,0.421113,-1.586494
member,48809,9,7,0,2.520474,0.080421,0.195586,2.093530,0.523367,-0.888720,2.093530
member,17820,8,0,0,1.194768,0.302774,0.333864,1.748861,1.774717,-0.097746,1.748861
member,1122,2,7,0,2.436925,0.087429,0.315564,1.786837,1.849295,-1.283530,1.786837
member,11264,1,9,0,1.418545,0.242066,0.382276,1.598849,1.964087,-0.456932,1.598849
member,30579,5,5,1,1.708141,0.181202,0.181202,2.177907,0.825475,0.217624,-2.177907
member,45464,9,9,1,1.288445,0.275699,0.275699,1.931973,1.698676,0.018452,-1.931973
member,48216,4,6,0,1.853890,0.156627,0.383113,1.754537,1.769247,-0.894465,1.754537
member,43044,4,0,0,3.184556,0.041397,0.390451,1.841807,-0.366346,-2.244104,1.841807
member,15656,4,4,1,1.562247,0.209664,0.209664,1.947583,1.411859,0.015339,-1.947583
member,1900,7,7,1,1.275445,0.279307,0.279307,1.935257,2.022600,0.423971,-1.935257
member,147,9,1,0,1.629871,0.195955,0.328744,1.941535,1.303010,-0.517394,1.941535
member,29642,9,9,1,0.713866,0.489747,0.489747,1.095629,4.050847,0.238526,-1.095629
member,3211,0,9,0,3.222719,0.039847,0.628014,1.085582,1.470812,-2.757526,1.085582
member,43850,3,3,1,1.095025,0.334531,0.334531,1.890964,1.956058,0.681018,-1.890964
member,2354,2,8,0,4.377453,0.012557,0.391224,1.349177,-0.473451,-3.438977,1.349177
member,31520,7,6,0,1.912260,0.147746,0.244300,1.955533,1.785602,-0.502902,1.955533
member,42583,8,8,1,0.598780,0.549482,0.549482,1.171911,4.159875,0.735457,-1.171911
member,43337,4,6,0,1.663269,0.189518,0.273975,1.932784,1.399956,-0.368549,1.932784
member,45284,9,9,1,0.811083,0.444376,0.444376,1.737739,2.157806,0.754579,-1.737739
member,46956,1,1,1,1.212982,0.297309,0.297309,1.991828,1.951638,0.520169,-1.991828
member,48790,2,6,0,2.547661,0.078265,0.473583,1.663962,1.342548,-1.800233,1.663962
member,36585,2,6,0,2.553632,0.077799,0.277888,1.783311,1.560333,-1.273095,1.783311
member,10465,7,4,0,1.676835,0.186965,0.243882,1.967341,1.295435,-0.265764,1.967341
member,7821,1,1,1,0.284354,0.752500,0.752500,1.050544,3.518549,2.418037,-1.050544
member,7205,3,7,0,1.968966,0.139601,0.197711,2.020078,1.051559,-0.348016,2.020078
member,6413,9,8,0,1.501898,0.222707,0.515829,1.314741,2.336239,-0.839917,1.314741
member,34046,7,7,1,1.017386,0.361539,0.361539,1.785905,2.704138,0.811950,-1.785905
member,12728,5,5,1,1.140926,0.319523,0.319523,1.703366,3.150468,0.493395,-1.703366
member,6925,6,6,1,0.661264,0.516198,0.516198,1.585310,3.480577,1.319077,-1.585310
member,27995,9,8,0,1.322483,0.266473,0.500900,1.254356,3.259616,-0.631134,1.254356
member,37612,5,5,1,0.896521,0.407986,0.407986,1.404491,3.880326,0.406299,-1.404491
member,39483,6,5,0,1.655580,0.190981,0.253499,1.876920,1.765443,-0.283183,1.876920
member,3016,3,7,0,2.066266,0.126658,0.294803,1.997674,1.159780,-0.844817,1.997674
member,1640,4,0,0,4.393428,0.012358,0.400703,1.707476,-1.291812,-3.478893,1.707476
member,8883,8,9,0,2.726547,0.065445,0.429240,1.846914,0.113719,-1.880808,1.846914
member,37601,7,6,0,1.642259,0.193542,0.262706,1.997616,1.453310,-0.305539,1.997616
member,12969,3,1,0,2.623968,0.072515,0.322399,1.900652,0.387824,-1.492002,1.900652
member,23463,1,0,0,1.796103,0.165944,0.398073,1.201976,3.907285,-0.874984,1.201976
member,15757,8,9,0,1.134233,0.321669,0.330522,1.750701,1.785279,-0.027150,1.750701
member,44076,7,7,1,1.385131,0.250291,0.250291,2.066879,1.459437,0.442871,-2.066879
member,4086,6,6,1,0.764583,0.465528,0.465528,1.694751,3.065326,1.344757,-1.694751
member,508,9,9,1,1.042137,0.352700,0.352700,1.945904,1.745212,0.749479,-1.945904
member,6354,0,0,1,0.133426,0.875092,0.875092,0.535642,4.945656,2.495687,-0.535642
member,29644,7,7,1,1.161973,0.312868,0.312868,2.065929,1.428916,0.910151,-2.065929
member,20815,4,4,1,1.576646,0.206667,0.206667,2.129230,1.105233,0.161907,-2.129230
member,6234,4,6,0,1.507288,0.221510,0.273243,1.895436,1.635471,-0.209895,1.895436
member,31989,9,7,0,3.864712,0.020969,0.409645,1.737618,-0.213804,-2.972247,1.737618
member,12995,7,7,1,1.640987,0.193789,0.193789,2.233224,0.862666,0.408529,-2.233224
member,42501,3,6,0,2.147810,0.116740,0.270098,2.073116,0.604402,-0.838840,2.073116
member,38920,7,7,1,1.358272,0.257105,0.257105,1.791335,2.839974,0.124043,-1.791335
member,262,1,8,0,2.781636,0.061937,0.737711,0.854572,3.034539,-2.477432,0.854572
member,7891,9,9,1,0.717997,0.487728,0.487728,1.376151,3.018691,0.540556,-1.376151
member,10527,3,7,0,2.555577,0.077647,0.254950,2.097902,0.004259,-1.188888,2.097902
member,18600,5,3,0,1.248654,0.286891,0.336369,1.613027,3.256675,-0.159107,1.613027
member,24114,9,1,0,0.881006,0.414366,0.444139,1.113914,4.185156,-0.069388,1.113914
member,33498,2,6,0,1.875761,0.153238,0.245713,2.047738,0.990513,-0.472172,2.047738
member,13471,3,0,0,5.629286,0.003591,0.401218,1.337382,-1.241898,-4.716037,1.337382
member,31725,8,2,0,3.404322,0.033229,0.205269,2.022413,-0.530413,-1.820889,2.022413
member,23690,3,2,0,2.364492,0.093997,0.164636,2.218673,0.055603,-0.560474,2.218673
member,10557,3,6,0,1.598094,0.202282,0.266922,1.890330,1.806618,-0.277295,1.890330
member,6556,3,0,0,3.821727,0.021890,0.553250,1.396885,-0.371551,-3.229782,1.396885
member,45577,9,1,0,0.996207,0.369277,0.405490,1.386070,2.749064,-0.093547,1.386070
member,41503,9,9,1,0.458317,0.632347,0.632347,1.111419,3.645938,0.968977,-1.111419
member,27872,6,6,1,1.019379,0.360819,0.360819,1.811675,2.361197,0.637942,-1.811675
member,10810,8,6,0,6.539068,0.001446,0.290014,1.795262,-3.129913,-5.301243,1.795262
member,38214,8,0,0,2.444804,0.086743,0.301284,2.057815,0.271427,-1.245102,2.057815
member,11730,2,7,0,1.916651,0.147099,0.255511,1.833670,1.817629,-0.552163,1.833670
member,27438,0,8,0,1.244838,0.287988,0.378102,1.709504,1.783159,-0.272246,1.709504
member,21779,4,9,0,2.551471,0.077967,0.257502,2.105569,0.020757,-1.194742,2.105569
member,34079,2,9,0,1.971074,0.139307,0.204100,2.105576,0.954787,-0.381929,2.105576
member,22915,9,9,1,1.043962,0.352057,0.352057,1.611390,2.303588,0.326032,-1.611390
member,8085,1,1,1,0.929209,0.394866,0.394866,1.550896,2.226219,0.090553,-1.550896
member,43467,5,7,0,1.789183,0.167097,0.295935,1.787343,1.627765,-0.571569,1.787343
member,14709,3,6,0,2.632721,0.071883,0.538335,1.552909,1.528165,-2.013447,1.552909
member,15466,0,9,0,3.899699,0.020248,0.668843,1.073942,0.235135,-3.497494,1.073942
member,37172,4,7,0,1.944044,0.143124,0.292218,1.794571,1.744927,-0.713789,1.794571
member,28748,2,0,0,2.268924,0.103423,0.335731,2.035711,0.311821,-1.177478,2.035711
member,3104,7,7,1,0.684772,0.504205,0.504205,1.581888,2.937131,1.320708,-1.581888
member,708,0,9,0,3.424074,0.032579,0.201664,2.071405,-0.771151,-1.822921,2.071405
member,38385,5,5,1,1.965360,0.140105,0.140105,2.263199,0.583725,0.150447,-2.263199
member,23444,9,9,1,0.872463,0.417921,0.417921,1.481372,2.516613,0.197730,-1.481372
member,26510,8,1,0,1.787514,0.167376,0.197658,2.064666,1.041733,-0.166299,2.064666
member,8466,6,0,0,5.171333,0.005677,0.403306,1.667251,-2.018084,-4.263273,1.667251
member,6230,2,7,0,2.238430,0.106626,0.295810,1.946923,0.959361,-1.020391,1.946923
member,46358,1,1,1,0.778363,0.459157,0.459157,1.306053,3.416058,0.522545,-1.306053
member,39357,6,7,0,2.458355,0.085576,0.381999,1.737702,1.544903,-1.496017,1.737702
member,16386,6,6,1,1.620071,0.197885,0.197885,2.090899,1.120489,0.200538,-2.090899
member,34165,7,9,0,2.252527,0.105133,0.305197,2.008533,0.580926,-1.065730,2.008533
member,4168,2,2,1,1.355684,0.257771,0.257771,1.997743,1.726465,0.406386,-1.997743
member,5803,0,0,1,0.502136,0.605236,0.605236,1.442298,2.660868,1.583263,-1.442298
member,12753,2,2,1,1.431868,0.238862,0.238862,2.087923,1.217230,0.593449,-2.087923
member,2189,0,8,0,1.585238,0.204899,0.424748,1.410256,2.891878,-0.728979,1.410256
member,12187,9,8,0,1.641313,0.193726,0.242254,1.988154,1.078843,-0.223545,1.988154
member,31727,6,6,1,0.540875,0.582239,0.582239,1.369975,4.144941,1.523681,-1.369975
member,19245,3,1,0,2.581708,0.075645,0.230442,2.050053,0.368748,-1.113952,2.050053
member,37866,1,7,0,2.604686,0.073926,0.400229,1.888367,0.362002,-1.688967,1.888367
member,43514,1,1,1,0.699078,0.497043,0.497043,1.639124,2.451408,0.903678,-1.639124
member,8718,7,7,1,1.201808,0.300650,0.300650,1.862323,2.047411,0.270411,-1.862323
member,28824,3,9,0,2.057413,0.127784,0.320530,1.994541,0.839636,-0.919635,1.994541
member,24468,7,1,0,2.246580,0.105760,0.233063,2.038473,1.268237,-0.790134,2.038473
member,48252,0,0,1,0.795096,0.451538,0.451538,1.782945,2.063393,1.206860,-1.782945
member,7201,7,7,1,0.966914,0.380255,0.380255,1.798897,1.949503,0.546983,-1.798897
member,9282,8,7,0,4.275713,0.013902,0.257955,1.957855,-1.430768,-2.920743,1.957855
member,26820,7,3,0,2.709726,0.066555,0.273508,1.976108,0.476088,-1.413301,1.976108
member,27373,2,6,0,2.022886,0.132273,0.259906,1.995770,0.828169,-0.675452,1.995770
member,22492,8,1,0,1.734973,0.176405,0.342534,1.869217,1.306311,-0.663591,1.869217
member,45637,6,6,1,1.123031,0.325292,0.325292,1.908800,2.102859,0.701245,-1.908800
member,45879,8,0,0,2.210194,0.109679,0.614872,1.411972,1.020897,-1.723852,1.411972
member,29339,6,6,1,1.512219,0.220420,0.220420,2.038937,1.281149,0.063952,-2.038937
member,46547,1,9,0,1.811067,0.163480,0.215438,2.041329,1.463157,-0.275985,2.041329
member,10803,5,5,1,1.333786,0.263478,0.263478,1.956019,1.618087,0.305182,-1.956019
member,20964,4,9,0,3.825397,0.021810,0.419241,1.437284,-0.058952,-2.956087,1.437284
member,30032,7,7,1,1.184773,0.305816,0.305816,2.062106,1.453417,0.884982,-2.062106
member,5222,8,0,0,1.089920,0.336243,0.430167,1.304557,3.296267,-0.246337,1.304557
member,659,9,9,1,1.030555,0.356809,0.356809,1.794164,1.988624,0.205735,-1.794164
member,33245,4,6,0,1.816373,0.162614,0.423516,1.707664,1.769800,-0.957210,1.707664
member,5865,9,8,0,2.624512,0.072475,0.569378,1.119605,2.657843,-2.061301,1.119605
member,48871,8,9,0,1.681532,0.186089,0.449831,1.363397,2.531014,-0.882650,1.363397
member,22985,4,7,0,1.978694,0.138250,0.406180,1.682896,2.173286,-1.077735,1.682896
member,28880,3,6,0,1.723723,0.178401,0.203492,2.001893,1.268394,-0.131596,2.001893
member,47087,7,9,0,2.999961,0.049789,0.387650,1.814612,-0.076929,-2.052308,1.814612
member,26527,2,7,0,2.177177,0.113361,0.232437,2.155322,0.402007,-0.718039,2.155322
member,9647,3,3,1,1.500339,0.223055,0.223055,1.981252,1.851696,0.033498,-1.981252
member,49545,3,3,1,1.639362,0.194104,0.194104,1.879914,2.001657,0.040594,-1.879914
member,32374,7,6,0,3.214747,0.040165,0.298323,1.812855,0.882616,-2.005169,1.812855
member,26158,1,9,0,1.416666,0.242521,0.510464,1.493930,1.931028,-0.744232,1.493930
member,11711,6,2,0,2.143755,0.117214,0.165703,2.193083,0.420823,-0.346194,2.193083
member,27238,1,9,0,1.938493,0.143921,0.503320,1.652426,1.205365,-1.251964,1.652426
member,18353,6,7,0,2.105909,0.121735,0.219170,2.013923,1.044150,-0.588003,2.013923
member,49514,5,1,0,2.591458,0.074911,0.254309,2.011204,0.537109,-1.222251,2.011204
member,21724,3,3,1,1.085540,0.337719,0.337719,1.821760,2.232806,0.524525,-1.821760
member,25924,8,8,1,0.760705,0.467337,0.467337,1.428741,2.858162,0.391603,-1.428741
member,41389,3,2,0,2.247620,0.105650,0.200797,2.067476,0.592075,-0.642158,2.067476
member,4772,3,7,0,1.936779,0.144167,0.251631,2.120458,0.634863,-0.556989,2.120458
member,35204,3,9,0,1.725164,0.178144,0.186405,2.069475,1.042539,-0.045329,2.069475
member,27878,2,9,0,3.617278,0.026856,0.381291,1.629942,-0.434806,-2.653085,1.629942
member,5874,0,0,1,1.836758,0.159333,0.159333,2.270149,0.609955,0.278466,-2.270149
member,17804,7,7,1,1.170872,0.310096,0.310096,2.007172,1.614875,0.721877,-2.007172
member,34223,9,9,1,1.130126,0.322992,0.322992,1.555339,2.392912,0.199452,-1.555339
member,7841,1,9,0,1.706289,0.181538,0.553481,1.397554,1.848926,-1.114761,1.397554
member,15922,2,6,0,2.725572,0.065509,0.521042,1.574400,1.187536,-2.073647,1.574400
member,28366,7,0,0,4.447251,0.011711,0.606817,1.212932,-0.772940,-3.947724,1.212932
member,12083,0,0,1,1.226500,0.293317,0.293317,2.020479,1.441777,0.480050,-2.020479
member,20033,3,8,0,2.829993,0.059013,0.341059,1.634663,0.652889,-1.754294,1.634663
member,14487,0,8,0,1.284523,0.276783,0.290365,1.795874,1.769146,-0.047908,1.795874
member,20818,2,6,0,2.269202,0.103395,0.198735,2.083056,0.767536,-0.653421,2.083056
member,37517,0,0,1,0.447963,0.638928,0.638928,1.354711,2.808139,1.677802,-1.354711
member,44235,1,1,1,0.587645,0.555634,0.555634,1.248317,3.276341,0.603861,-1.248317
member,48650,6,2,0,1.828694,0.160623,0.215447,2.051529,1.125967,-0.293654,2.051529
member,36235,5,1,0,3.535269,0.029151,0.433669,1.583387,0.114778,-2.699795,1.583387
member,21069,7,7,1,1.337292,0.262556,0.262556,1.777359,2.400742,0.199871,-1.777359
member,9523,2,0,0,2.266933,0.103630,0.411418,1.908556,0.405359,-1.378787,1.908556
member,32755,9,1,0,1.669088,0.188419,0.430048,1.812692,1.316419,-0.825230,1.812692
member,12053,5,8,0,2.193072,0.111573,0.227026,2.097263,0.569737,-0.710382,2.097263
member,23593,6,6,1,1.177936,0.307913,0.307913,1.844106,3.091233,0.298250,-1.844106
member,8037,2,9,0,3.105362,0.044808,0.251987,2.020459,-0.371838,-1.726986,2.020459
member,46976,3,0,0,2.964621,0.051580,0.451624,1.787886,-0.060780,-2.169715,1.787886
member,16399,7,7,1,1.491913,0.224942,0.224942,1.932760,1.544467,0.231863,-1.932760
member,45785,2,7,0,2.294597,0.100802,0.287653,1.997693,0.537422,-1.048597,1.997693
member,34615,8,8,1,0.261707,0.769736,0.769736,0.845798,4.354600,1.980707,-0.845798
member,7624,7,1,0,2.084997,0.124308,0.254748,2.018889,1.125332,-0.717514,2.018889
member,13661,3,3,1,1.078071,0.340251,0.340251,1.652346,2.783150,0.209207,-1.652346
member,37736,5,9,0,3.375577,0.034198,0.298239,1.860519,-0.203415,-2.165716,1.860519
member,26541,2,9,0,3.896469,0.020314,0.392532,1.600265,-0.601908,-2.961332,1.600265
member,13267,7,7,1,1.197256,0.302022,0.302022,2.049863,1.617972,0.860452,-2.049863
member,18082,5,6,0,2.630110,0.072071,0.463343,1.620950,1.176392,-1.860821,1.620950
member,48085,3,6,0,1.625528,0.196808,0.278778,1.894098,2.127475,-0.348188,1.894098
member,42767,9,6,0,3.784466,0.022721,0.407935,1.706461,0.632160,-2.887819,1.706461
member,4070,2,7,0,2.075047,0.125550,0.297579,1.941077,0.882743,-0.862970,1.941077
member,16286,1,0,0,2.295406,0.100720,0.587732,1.164371,2.379852,-1.763921,1.164371
member,1118,7,0,0,2.515544,0.080819,0.249682,2.073710,0.121754,-1.127977,2.073710
member,10074,1,1,1,1.325922,0.265558,0.265558,2.030723,1.975029,0.465300,-2.030723
member,11373,9,9,1,0.361307,0.696765,0.696765,1.087021,3.438262,1.470968,-1.087021
member,32684,1,6,0,2.218619,0.108759,0.452246,1.719295,1.425569,-1.425091,1.719295
member,46433,3,5,0,1.615535,0.198784,0.267244,2.078325,1.247530,-0.295941,2.078325
member,25349,7,7,1,0.776573,0.459980,0.459980,1.591909,2.604524,0.901559,-1.591909
member,6715,7,1,0,1.901815,0.149297,0.209962,2.152686,0.758339,-0.340987,2.152686
member,34567,0,0,1,0.480189,0.618666,0.618666,0.850404,4.670744,0.593846,-0.850404
member,1030,3,7,0,2.290478,0.101218,0.175344,2.262045,0.150544,-0.549472,2.262045
member,22753,9,9,1,0.612656,0.541909,0.541909,1.252580,3.456648,0.801896,-1.252580
member,11761,7,1,0,1.664545,0.189277,0.266893,1.979736,1.447343,-0.343638,1.979736
member,35896,8,8,1,0.214529,0.806922,0.806922,0.716530,4.429590,1.843530,-0.716530
member,14492,4,4,1,1.354891,0.257975,0.257975,1.782870,2.191748,0.211716,-1.782870
member,25085,6,6,1,1.413782,0.243222,0.243222,2.121387,1.251319,0.620160,-2.121387
member,20395,8,0,0,1.897815,0.149896,0.267532,1.829477,1.048039,-0.579299,1.829477
member,4813,6,3,0,2.946903,0.052502,0.346126,1.793235,1.292665,-1.885951,1.793235
member,8994,0,8,0,1.380489,0.251456,0.645891,0.936895,5.563725,-0.943365,0.936895
member,49691,3,2,0,1.962147,0.140556,0.205661,2.056171,0.781986,-0.380619,2.056171
member,21374,8,8,1,1.210565,0.298029,0.298029,1.635141,2.235158,0.101021,-1.635141
member,30242,4,6,0,1.927360,0.145532,0.293283,1.972869,1.138269,-0.700742,1.972869
member,47578,6,6,1,0.841968,0.430862,0.430862,1.671900,3.403446,0.674929,-1.671900
member,1164,3,1,0,2.479022,0.083825,0.208604,2.083329,0.322591,-0.911704,2.083329
member,24810,4,7,0,2.242111,0.106234,0.126126,2.289762,0.117883,-0.171636,2.289762
member,21109,7,6,0,2.297578,0.100502,0.475470,1.687531,1.496136,-1.554126,1.687531
member,3697,9,8,0,2.049022,0.128861,0.704460,0.988618,2.340799,-1.698699,0.988618
member,11438,6,6,1,0.470611,0.624620,0.624620,1.278529,4.339564,1.495131,-1.278529
member,4469,8,8,1,0.264749,0.767399,0.767399,0.978039,3.409935,2.348150,-0.978039
member,9807,9,9,1,0.413077,0.661611,0.661611,1.103956,3.776062,1.385335,-1.103956
member,47767,9,9,1,0.823172,0.439037,0.439037,1.532462,2.760289,0.406509,-1.532462
member,6748,7,7,1,0.815498,0.442419,0.442419,1.729931,2.464100,1.072741,-1.729931
member,49184,8,8,1,0.567607,0.566880,0.566880,1.239606,3.458099,0.874998,-1.239606
member,17378,7,7,1,1.120798,0.326019,0.326019,1.898776,1.624696,0.606507,-1.898776
member,36884,4,7,0,2.065728,0.126726,0.332042,1.688458,2.212501,-0.963233,1.688458
member,13356,5,7,0,2.550341,0.078055,0.233117,2.072670,0.259842,-1.094125,2.072670
member,32404,3,6,0,1.936130,0.144261,0.242531,1.754014,2.371965,-0.519504,1.754014
member,42454,9,8,0,3.836381,0.021572,0.525094,1.014568,1.113759,-3.192203,1.014568
member,46065,5,4,0,1.921515,0.146385,0.176924,1.982341,1.469919,-0.189481,1.982341
member,11538,2,5,0,2.661733,0.069827,0.325622,1.939186,0.338239,-1.539714,1.939186
member,2008,7,3,0,1.720318,0.179009,0.247277,1.896196,1.613048,-0.323070,1.896196
member,3221,5,6,0,1.541240,0.214116,0.216862,1.934360,2.091247,-0.012745,1.934360
member,44996,9,1,0,0.917930,0.399345,0.450454,1.233409,3.088273,-0.120430,1.233409
member,18762,5,3,0,1.594731,0.202963,0.207922,1.972447,1.983545,-0.024140,1.972447
member,14165,1,9,0,0.798429,0.450035,0.473079,1.033144,3.699628,-0.049937,1.033144
member,40683,8,8,1,1.276499,0.279012,0.279012,1.999146,1.620949,0.238551,-1.999146
member,25080,7,7,1,0.744210,0.475110,0.475110,1.635789,2.788194,1.171983,-1.635789
member,1822,8,0,0,1.451781,0.234153,0.750608,0.634337,5.417918,-1.164910,0.634337
member,44661,7,2,0,1.883682,0.152029,0.179149,2.096445,1.128143,-0.164143,2.096445
member,6848,8,8,1,0.786693,0.455348,0.455348,1.266850,3.463101,0.283857,-1.266850
member,12635,6,3,0,2.468539,0.084709,0.199673,2.074130,0.498992,-0.857464,2.074130
member,37668,3,8,0,4.177083,0.015343,0.506819,1.493874,-0.745405,-3.497481,1.493874
member,6095,6,6,1,1.061367,0.345983,0.345983,1.837987,2.854439,0.862867,-1.837987
member,39248,2,6,0,2.221793,0.108415,0.321699,1.776309,1.497154,-1.087654,1.776309
member,10577,0,3,0,3.978889,0.018706,0.226938,2.071136,-1.017854,-2.495811,2.071136
member,31074,2,1,0,3.882903,0.020591,0.450522,1.579430,-0.614297,-3.085555,1.579430
member,29112,9,1,0,1.110658,0.329342,0.363926,1.551999,2.576593,-0.099854,1.551999
member,10192,3,7,0,1.716647,0.179668,0.485998,1.584352,1.942377,-0.995096,1.584352
member,314,3,6,0,2.525348,0.080030,0.602467,1.350625,2.127082,-2.018625,1.350625
member,11449,3,3,1,1.351429,0.258870,0.258870,1.906132,2.444136,0.117394,-1.906132
member,30745,8,8,1,0.665892,0.513815,0.513815,0.918922,4.915969,0.173857,-0.918922
member,29702,7,7,1,1.508127,0.221324,0.221324,2.182595,1.200421,0.250954,-2.182595
member,27658,3,1,0,2.478265,0.083889,0.358724,1.700796,0.699723,-1.453064,1.700796
member,23685,1,8,0,1.968708,0.139637,0.598931,1.165626,2.635917,-1.456100,1.165626
member,28375,4,6,0,1.598096,0.202281,0.270982,1.782465,2.247257,-0.292395,1.782465
member,3085,1,8,0,2.687813,0.068030,0.723296,0.864542,3.887016,-2.363876,0.864542
member,49371,0,0,1,0.816800,0.441843,0.441843,1.293199,5.055756,0.578690,-1.293199
member,3751,5,9,0,4.640496,0.009653,0.467779,1.633769,-1.302753,-3.880737,1.633769
member,5048,8,9,0,2.024998,0.131994,0.594719,1.245694,1.813240,-1.505331,1.245694
member,29186,9,1,0,1.663277,0.189517,0.288923,1.975220,1.457590,-0.421682,1.975220
member,30708,3,6,0,1.861433,0.155450,0.400443,1.713121,1.903231,-0.946249,1.713121
member,20146,6,7,0,1.955366,0.141513,0.275911,1.856801,1.766327,-0.667689,1.856801
member,32249,9,9,1,0.523974,0.592162,0.592162,1.454002,2.631136,1.433537,-1.454002
member,4969,4,5,0,1.681024,0.186183,0.202117,1.865767,1.971579,-0.082118,1.865767
member,30525,9,8,0,1.382435,0.250967,0.644240,0.922643,4.867756,-0.942751,0.922643
member,18494,6,5,0,2.058755,0.127613,0.234644,1.983651,1.058560,-0.609068,1.983651
member,38064,1,1,1,1.821861,0.161724,0.161724,2.129114,1.043976,0.038415,-2.129114
member,41836,4,6,0,1.933269,0.144674,0.408115,1.712879,1.865429,-1.037062,1.712879
member,32752,6,9,0,2.421350,0.088802,0.297299,2.092367,0.168082,-1.208332,2.092367
member,20073,2,6,0,2.087458,0.124002,0.217741,2.082746,0.647623,-0.563009,2.082746
member,26273,4,9,0,3.081251,0.045902,0.357899,1.919652,-0.302891,-2.053747,1.919652
member,13649,0,2,0,3.616052,0.026889,0.177397,2.148046,-0.872245,-1.886685,2.148046
member,25533,8,8,1,0.484246,0.616162,0.616162,1.214412,3.207156,1.328932,-1.214412
member,17521,7,7,1,0.827281,0.437237,0.437237,1.812348,2.167040,1.532277,-1.812348
member,25480,4,6,0,1.632512,0.195438,0.228391,2.035199,1.573642,-0.155815,2.035199
member,48234,1,9,0,1.411069,0.243882,0.630684,1.128803,2.556013,-0.950119,1.128803
member,48787,4,0,0,4.936434,0.007180,0.533070,1.345759,-1.189218,-4.307331,1.345759
member,32389,3,9,0,2.210408,0.109656,0.254507,2.018630,0.380208,-0.841979,2.018630
member,5086,3,2,0,2.318252,0.098446,0.139180,2.242716,0.161554,-0.346266,2.242716
member,17252,8,8,1,0.687550,0.502806,0.502806,1.289106,3.393285,0.553721,-1.289106
member,4039,1,1,1,1.296597,0.273461,0.273461,1.910984,1.772212,0.217831,-1.910984
member,18386,0,1,0,4.211459,0.014825,0.221617,2.119650,-1.275640,-2.704652,2.119650
member,4246,9,8,0,2.486033,0.083240,0.518345,1.124243,2.483217,-1.828920,1.124243
member,18627,4,6,0,1.507453,0.221473,0.264789,1.799547,2.346699,-0.178633,1.799547
member,879,1,9,0,1.315973,0.268213,0.347165,1.861697,1.448201,-0.258016,1.861697
member,23298,7,7,1,0.982397,0.374412,0.374412,1.753362,2.433348,0.834216,-1.753362
member,29752,6,9,0,2.031646,0.131120,0.208085,2.105456,0.788262,-0.461835,2.105456
member,30172,0,3,0,8.081149,0.000309,0.243366,1.798766,-3.996794,-6.667959,1.798766
member,28559,1,1,1,1.051066,0.349565,0.349565,1.738377,3.084186,0.466942,-1.738377
member,18863,2,7,0,1.938682,0.143893,0.295575,1.953402,0.727987,-0.719850,1.953402
member,43343,7,9,0,1.241636,0.288911,0.297637,1.850309,1.708629,-0.029754,1.850309
member,34210,8,0,0,2.862517,0.057125,0.343084,1.929512,0.121393,-1.792737,1.929512
member,26083,0,0,1,0.569243,0.565954,0.565954,1.330918,3.352853,1.294876,-1.330918
member,1941,4,7,0,1.764325,0.171302,0.229523,1.984930,1.228160,-0.292571,1.984930
member,22225,5,1,0,3.559835,0.028444,0.418278,1.797031,-0.619225,-2.688227,1.797031
member,44691,8,8,1,0.816111,0.442148,0.442148,1.492861,2.673186,0.633405,-1.492861
member,43239,4,3,0,2.650893,0.070588,0.161365,2.224137,-0.175107,-0.826805,2.224137
member,23859,3,6,0,2.072098,0.125921,0.355540,1.830230,1.467590,-1.037981,1.830230
member,14158,8,0,0,1.596735,0.202557,0.567312,1.316839,2.102145,-1.029890,1.316839
member,33875,5,1,0,2.924551,0.053689,0.370619,1.860989,0.036997,-1.931970,1.860989
member,48104,7,0,0,2.146059,0.116944,0.270194,1.974619,0.602098,-0.837443,1.974619
member,23449,0,0,1,0.278451,0.756956,0.756956,0.808602,4.206928,1.456828,-0.808602
member,6623,1,6,0,1.916080,0.147183,0.340872,1.957465,1.099418,-0.839830,1.957465
member,38264,8,9,0,1.479226,0.227814,0.291175,1.705915,1.760342,-0.245395,1.705915
member,26241,1,1,1,0.843140,0.430357,0.430357,1.795975,2.559866,1.078873,-1.795975
member,47591,4,6,0,1.646384,0.192746,0.292299,1.809256,2.523305,-0.416404,1.809256
member,24155,6,6,1,1.686296,0.185204,0.185204,2.020429,1.227520,0.090278,-2.020429
member,32058,0,0,1,0.093744,0.910515,0.910515,0.338045,6.711661,2.408826,-0.338045
member,9331,7,1,0,2.826634,0.059212,0.260900,1.910310,1.157981,-1.483016,1.910310
member,43564,0,0,1,1.128650,0.323470,0.323470,1.887230,1.697126,0.276950,-1.887230
member,3493,8,0,0,2.076725,0.125340,0.154248,2.259748,0.351267,-0.207529,2.259748
member,4878,5,6,0,2.976830,0.050954,0.318708,1.876329,1.275437,-1.833350,1.876329
member,47062,3,6,0,2.011770,0.133752,0.275504,1.882712,2.055522,-0.722615,1.882712
member,998,3,1,0,3.379133,0.034077,0.321869,1.833836,-0.453990,-2.245523,1.833836
member,37086,5,5,1,1.361804,0.256198,0.256198,1.951859,1.693448,0.182020,-1.951859
member,36437,4,6,0,1.853935,0.156620,0.252004,2.005889,1.111677,-0.475623,2.005889
member,34749,8,8,1,0.371473,0.689718,0.689718,0.957602,5.081429,1.442181,-0.957602
member,28616,5,7,0,2.758819,0.063367,0.321881,1.852035,0.775857,-1.625247,1.852035
member,37095,3,9,0,3.753464,0.023436,0.677340,1.124290,0.080339,-3.363882,1.124290
member,22810,2,1,0,2.698319,0.067319,0.465099,1.719558,0.389870,-1.932815,1.719558
member,7142,3,1,0,1.844549,0.158097,0.181770,2.190070,0.834066,-0.139533,2.190070
member,21558,1,1,1,0.744243,0.475094,0.475094,1.342714,2.931549,0.351905,-1.342714
member,9935,8,0,0,3.404373,0.033228,0.461925,1.706463,-0.287099,-2.632019,1.706463
member,4788,5,5,1,0.796603,0.450858,0.450858,1.502000,3.455343,0.738246,-1.502000
member,30510,8,1,0,5.226211,0.005374,0.383417,1.748538,-1.675686,-4.267579,1.748538
member,31189,8,9,0,2.024241,0.132094,0.138933,2.270645,0.330996,-0.050475,2.270645
member,20083,5,1,0,2.880204,0.056123,0.265148,1.954904,0.233375,-1.552737,1.954904
member,10823,7,6,0,1.401234,0.246293,0.281352,1.754018,2.716972,-0.133087,1.754018
member,672,9,8,0,2.031022,0.131201,0.709058,1.038606,1.918594,-1.687204,1.038606
member,15594,0,9,0,3.110083,0.044597,0.621069,1.398148,0.140132,-2.633769,1.398148
member,43048,8,1,0,3.135374,0.043483,0.485397,1.805326,-0.213862,-2.412587,1.805326
member,21911,5,5,1,1.179163,0.307536,0.307536,1.994978,1.758342,0.480054,-1.994978
member,11868,3,6,0,2.600260,0.074254,0.637840,1.301455,2.386108,-2.150593,1.301455
member,34690,1,1,1,0.696496,0.498328,0.498328,1.753044,2.376639,1.571526,-1.753044
member,11321,7,5,0,1.545855,0.213130,0.301043,1.767945,2.139998,-0.345351,1.767945
member,44211,5,6,0,1.983383,0.137603,0.343697,1.805604,1.610988,-0.915388,1.805604
member,24614,9,9,1,1.829149,0.160550,0.160550,2.225163,0.635257,0.146502,-2.225163
member,12005,5,6,0,2.427175,0.088286,0.289787,1.875475,0.902064,-1.188566,1.875475
member,3939,7,7,1,1.205780,0.299458,0.299458,1.946591,1.798157,0.676109,-1.946591
member,4613,7,7,1,1.177821,0.307949,0.307949,1.894219,1.845361,0.444234,-1.894219
member,36759,2,6,0,2.515279,0.080840,0.212807,2.016162,0.699102,-0.967910,2.016162
member,31458,9,0,0,1.579653,0.206047,0.509600,1.492623,1.758428,-0.905524,1.492623
member,44952,9,9,1,0.572561,0.564079,0.564079,1.172606,4.021514,1.068454,-1.172606
member,4347,5,3,0,1.851123,0.157061,0.266135,1.932945,0.934724,-0.527370,1.932945
member,39327,9,0,0,2.100061,0.122449,0.208749,2.088120,0.642719,-0.533439,2.088120
member,49922,3,3,1,1.246390,0.287541,0.287541,2.013754,1.697520,0.737670,-2.013754
member,22393,6,6,1,1.027018,0.358073,0.358073,1.798609,2.372443,0.689915,-1.798609
member,3156,5,6,0,2.203157,0.110454,0.148548,2.245592,0.304511,-0.296311,2.245592
member,29917,0,8,0,2.092041,0.123435,0.435946,1.689258,0.987016,-1.261805,1.689258
member,37223,3,6,0,2.191924,0.111702,0.298089,1.972319,0.902062,-0.981560,1.972319
member,13478,2,3,0,1.927742,0.145476,0.193351,2.008773,1.559890,-0.284492,2.008773
member,13871,4,7,0,2.220871,0.108515,0.380093,1.915206,0.785621,-1.253531,1.915206
member,38555,5,0,0,8.223387,0.000268,0.693818,0.691217,-1.380472,-7.857842,0.691217
member,25329,7,6,0,1.991025,0.136555,0.282697,2.030035,0.841441,-0.727645,2.030035
member,44684,6,6,1,0.532597,0.587078,0.587078,1.440488,3.609688,1.888611,-1.440488
member,985,6,6,1,1.140901,0.319531,0.319531,1.933373,2.074256,0.659227,-1.933373
member,37139,9,9,1,0.670992,0.511201,0.511201,1.599362,2.439260,1.336197,-1.599362
member,35033,1,1,1,1.058380,0.347018,0.347018,1.545897,2.294060,0.073790,-1.545897
member,23730,9,9,1,0.589758,0.554462,0.554462,1.592000,2.565700,1.526789,-1.592000
member,7530,0,3,0,7.580826,0.000510,0.259651,1.861778,-4.087108,-6.232408,1.861778
member,44394,9,9,1,1.250139,0.286465,0.286465,1.986980,1.499796,0.243390,-1.986980
member,32948,7,4,0,2.016145,0.133168,0.253246,1.862456,1.660850,-0.642750,1.862456
member,30877,6,6,1,1.196436,0.302270,0.302270,1.860650,2.246478,0.470567,-1.860650
member,29930,8,8,1,1.077713,0.340373,0.340373,1.694502,2.106701,0.196569,-1.694502
member,23415,7,6,0,1.828892,0.160591,0.261651,1.754103,2.071000,-0.488148,1.754103
member,6059,7,7,1,0.762638,0.466435,0.466435,1.731782,2.193917,1.130463,-1.731782
member,23679,9,9,1,1.229282,0.292503,0.292503,1.859734,1.776602,0.352679,-1.859734
member,15940,2,3,0,2.087088,0.124048,0.175964,2.139316,0.671751,-0.349610,2.139316
member,6948,8,8,1,0.576959,0.561604,0.561604,1.064469,4.504023,0.619241,-1.064469
member,30095,5,6,0,2.593997,0.074721,0.304230,1.817784,1.093077,-1.404027,1.817784
member,41339,5,6,0,2.298358,0.100424,0.168401,2.184138,0.386874,-0.516948,2.184138
member,49598,4,1,0,3.677443,0.025288,0.442467,1.657038,-0.222258,-2.862052,1.657038
member,33183,2,6,0,1.874114,0.153491,0.225324,2.097456,0.878714,-0.383897,2.097456
member,16580,5,5,1,1.398631,0.246935,0.246935,1.992993,2.085407,0.121675,-1.992993
member,1388,4,7,0,2.624961,0.072443,0.365330,1.919874,0.457080,-1.618007,1.919874
member,21350,9,1,0,1.091410,0.335743,0.479967,1.372308,2.839704,-0.357373,1.372308
member,49750,9,3,0,3.305364,0.036686,0.200114,2.005588,-0.470561,-1.696496,2.005588
member,34431,4,3,0,2.343866,0.095956,0.199458,2.025887,1.146287,-0.731715,2.025887
member,24454,4,7,0,1.576101,0.206780,0.258738,1.873678,1.673957,-0.224162,1.873678
member,40359,0,8,0,1.374326,0.253010,0.272123,1.866285,1.549494,-0.072823,1.866285
member,18577,7,5,0,2.085340,0.124265,0.269941,2.033503,0.873231,-0.775789,2.033503
member,33451,0,9,0,3.238544,0.039221,0.322355,1.784330,-0.279946,-2.106443,1.784330
member,47852,0,0,1,1.102695,0.331975,0.331975,1.819738,1.853566,0.333052,-1.819738
member,4,1,9,0,1.567750,0.208514,0.408815,1.335806,2.910443,-0.673258,1.335806
member,29182,9,8,0,1.736957,0.176055,0.591475,1.356766,1.776611,-1.211822,1.356766
member,8230,5,6,0,1.974255,0.138865,0.351966,1.881904,1.438642,-0.930034,1.881904
member,5946,4,1,0,2.584242,0.075453,0.284060,2.085822,0.142255,-1.325673,2.085822
member,7822,4,6,0,1.513026,0.220243,0.262650,1.868102,1.878948,-0.176091,1.868102
member,19486,9,9,1,0.905028,0.404531,0.404531,1.491179,2.444798,0.081259,-1.491179
member,15384,9,8,0,1.710015,0.180863,0.515728,1.468420,1.883212,-1.047839,1.468420
member,41099,5,7,0,2.275645,0.102731,0.189214,1.971268,0.847339,-0.610766,1.971268
member,18183,9,0,0,1.584908,0.204967,0.276222,1.849694,1.391055,-0.298356,1.849694
member,27161,7,6,0,2.026819,0.131754,0.359945,1.883834,1.278745,-1.005014,1.883834
member,11645,1,1,1,0.511888,0.599363,0.599363,1.308408,3.152489,1.069949,-1.308408
member,24390,7,6,0,2.584725,0.075417,0.243323,1.976136,0.691458,-1.171361,1.976136
member,4850,5,5,1,1.068952,0.343368,0.343368,2.023784,1.905770,1.006208,-2.023784
member,47435,9,1,0,1.334400,0.263316,0.575397,1.254112,2.687298,-0.781705,1.254112
member,42206,3,3,1,1.296422,0.273509,0.273509,2.132561,1.338603,0.580200,-2.132561
member,45340,4,7,0,2.083301,0.124519,0.190352,2.158673,0.583705,-0.424418,2.158673
member,28169,6,2,0,2.368210,0.093648,0.138012,2.275676,-0.034338,-0.387797,2.275676
member,3419,8,8,1,0.334880,0.715424,0.715424,0.815014,5.237499,1.178306,-0.815014
member,42590,3,3,1,1.035512,0.355045,0.355045,1.841834,2.251780,0.427658,-1.841834
member,38734,8,8,1,0.524407,0.591906,0.591906,1.494055,2.649767,1.618652,-1.494055
member,36719,9,1,0,1.217713,0.295906,0.445543,1.533332,2.424624,-0.409251,1.533332
member,29497,0,9,0,2.774136,0.062403,0.290782,2.055603,-0.139795,-1.538956,2.055603
member,4362,5,3,0,1.739365,0.175632,0.215862,2.099098,0.921960,-0.206248,2.099098
member,4028,9,9,1,0.614094,0.541131,0.541131,1.274927,3.329614,0.838505,-1.274927
member,3426,5,2,0,2.232220,0.107290,0.150966,2.256835,0.140649,-0.341517,2.256835
member,20268,6,6,1,0.592171,0.553125,0.553125,1.433216,3.964118,1.243280,-1.433216
member,20057,1,9,0,1.308338,0.270269,0.447217,1.260247,3.153585,-0.503625,1.260247
member,11478,2,6,0,3.318985,0.036190,0.403911,1.735254,0.795844,-2.412424,1.735254
member,47944,9,8,0,2.136203,0.118102,0.386737,1.376763,2.402165,-1.186194,1.376763
member,29392,5,1,0,2.806350,0.060425,0.430212,1.770277,0.438437,-1.962872,1.770277
member,29046,4,6,0,2.178677,0.113191,0.364978,1.851894,1.297835,-1.170760,1.851894
member,8564,6,6,1,0.482870,0.617010,0.617010,1.313870,4.369795,1.734256,-1.313870
member,39506,3,7,0,2.156042,0.115782,0.239806,2.006831,1.161717,-0.728118,2.006831
member,49804,6,6,1,1.011851,0.363545,0.363545,1.743208,3.328486,0.582048,-1.743208
member,25449,2,0,0,2.911235,0.054408,0.579481,1.422401,0.409413,-2.365613,1.422401
member,34921,6,6,1,1.037066,0.354493,0.354493,1.788613,2.496328,0.660784,-1.788613
member,30477,5,1,0,3.516324,0.029708,0.506676,1.521993,-0.322393,-2.836440,1.521993
member,13519,8,8,1,0.939030,0.391007,0.391007,1.458352,2.642309,0.119269,-1.458352
member,34007,5,6,0,1.639879,0.194004,0.339694,1.714567,2.555030,-0.560168,1.714567
member,21315,3,7,0,1.867793,0.154464,0.246910,1.773357,2.210714,-0.469062,1.773357
member,42424,1,9,0,1.250537,0.286351,0.360578,1.752847,1.911009,-0.230489,1.752847
member,48900,5,6,0,1.962316,0.140533,0.332988,1.905165,1.511368,-0.862668,1.905165
member,47632,2,6,0,2.387314,0.091876,0.480767,1.569517,1.625532,-1.654941,1.569517
member,49788,8,0,0,1.645526,0.192911,0.343711,1.754422,1.398154,-0.577570,1.754422
member,44231,1,1,1,0.773839,0.461239,0.461239,1.783940,2.434809,1.305669,-1.783940
member,10723,9,9,1,0.945631,0.388435,0.388435,1.856899,2.032184,0.915746,-1.856899
member,13154,2,7,0,2.134664,0.118284,0.362792,1.965080,0.711117,-1.120739,1.965080
member,13762,4,0,0,2.331339,0.097166,0.171548,2.203317,0.271645,-0.568447,2.203317
member,42811,4,6,0,1.713550,0.180225,0.269850,1.926476,1.334242,-0.403661,1.926476
member,30803,7,2,0,1.712566,0.180402,0.238930,2.012450,1.114583,-0.280982,2.012450
member,36260,7,9,0,3.874143,0.020772,0.683111,1.088095,0.039759,-3.493045,1.088095
member,21436,5,0,0,2.507767,0.081450,0.208196,2.179757,-0.083725,-0.938489,2.179757
member,25970,0,0,1,0.332302,0.717270,0.717270,0.909633,3.914046,1.282701,-0.909633
member,32203,8,8,1,1.026176,0.358375,0.358375,1.662062,2.085963,0.075191,-1.662062
member,7180,3,6,0,1.964076,0.140285,0.174280,2.114729,0.698970,-0.216987,2.114729
member,41280,9,8,0,1.097089,0.333842,0.395273,1.339757,2.950338,-0.168910,1.339757
member,28086,1,6,0,1.879424,0.152678,0.258222,1.948650,1.631441,-0.525488,1.948650
member,13701,1,9,0,2.082581,0.124608,0.449582,1.824430,0.740240,-1.283144,1.824430
member,1003,2,6,0,2.897445,0.055164,0.253471,2.011214,0.033265,-1.524941,2.011214
member,9058,0,0,1,0.902144,0.405699,0.405699,1.446905,2.784822,0.147115,-1.446905
member,44234,3,3,1,1.209154,0.298450,0.298450,1.842851,2.640140,0.410032,-1.842851
member,25674,4,4,1,1.090865,0.335926,0.335926,1.789490,2.520047,0.716226,-1.789490
member,45055,9,9,1,0.953470,0.385401,0.385401,1.732137,2.158583,0.538428,-1.732137
member,35143,4,6,0,2.019979,0.132658,0.303262,1.896985,1.769705,-0.826819,1.896985
member,38162,8,9,0,2.707309,0.066716,0.405809,1.858195,0.148466,-1.805437,1.858195
member,22476,6,6,1,0.675087,0.509112,0.509112,1.488289,3.658811,1.091528,-1.488289
member,23006,1,1,1,0.561151,0.570552,0.570552,1.557728,2.859603,1.661343,-1.557728
member,45343,7,7,1,1.137259,0.320697,0.320697,1.819208,1.808741,0.090557,-1.819208
member,36127,5,1,0,2.192266,0.111663,0.266535,2.137220,0.393061,-0.870018,2.137220
member,49709,5,8,0,3.070036,0.046419,0.194048,2.105176,-0.344010,-1.430389,2.105176
member,13098,1,7,0,2.001757,0.135098,0.198984,2.094934,0.882898,-0.387226,2.094934
member,37195,9,9,1,0.821573,0.439739,0.439739,1.319870,2.763479,0.083044,-1.319870
member,4107,7,0,0,2.815239,0.059890,0.450882,1.747453,0.136214,-2.018690,1.747453
member,41335,8,8,1,0.456083,0.633761,0.633761,1.048690,4.630517,1.186053,-1.048690
member,25222,2,1,0,2.425357,0.088447,0.388250,1.818774,0.983359,-1.479250,1.818774
member,35839,4,9,0,3.233998,0.039400,0.332011,1.865320,-0.400972,-2.131410,1.865320
member,29718,7,1,0,2.876261,0.056345,0.579931,1.494229,0.464381,-2.331414,1.494229
member,46952,6,5,0,1.958684,0.141044,0.205427,1.877259,2.082912,-0.376020,1.877259
member,29827,4,6,0,1.815320,0.162786,0.225408,2.092136,0.871821,-0.325477,2.092136
member,17542,7,5,0,1.995758,0.135911,0.223787,2.010087,1.166430,-0.498697,2.010087
member,24915,7,7,1,1.037264,0.354423,0.354423,1.825641,2.333288,0.935338,-1.825641
member,4513,7,6,0,2.168138,0.114390,0.242215,2.062975,0.714157,-0.750207,2.062975
member,19936,4,0,0,3.383664,0.033923,0.484025,1.701401,-0.502594,-2.658046,1.701401
member,46524,7,1,0,2.577478,0.075965,0.224386,2.042592,0.206018,-1.083093,2.042592
member,24510,6,1,0,2.251904,0.105199,0.317932,1.801337,1.290937,-1.105986,1.801337
member,27441,3,2,0,1.801076,0.165121,0.214680,2.048254,1.140066,-0.262469,2.048254
member,12001,9,9,1,1.330830,0.264258,0.264258,1.929575,2.093390,0.086304,-1.929575
member,23353,3,9,0,2.636723,0.071596,0.527778,1.570966,0.574015,-1.997644,1.570966
member,27292,5,6,0,1.395432,0.247726,0.280676,1.710962,3.276604,-0.124877,1.710962
member,34203,2,5,0,3.063179,0.046739,0.267332,1.970270,0.518487,-1.743914,1.970270
member,12147,3,6,0,1.648019,0.192431,0.272636,1.823734,2.124134,-0.348403,1.823734
member,15291,6,9,0,4.937222,0.007174,0.328443,1.641445,-1.694846,-3.823831,1.641445
member,46879,2,0,0,2.450240,0.086273,0.331176,1.951110,0.251351,-1.345135,1.951110
member,8690,1,9,0,2.178991,0.113156,0.408520,1.770072,0.838312,-1.283776,1.770072
member,12653,9,9,1,1.116242,0.327508,0.327508,1.845644,2.070819,0.341887,-1.845644
member,31469,2,5,0,2.424351,0.088536,0.261051,2.132571,0.308438,-1.081311,2.132571
member,2954,8,0,0,0.885938,0.412327,0.439209,1.169866,3.743235,-0.063158,1.169866
member,3003,3,5,0,1.265752,0.282027,0.322048,1.749272,2.550835,-0.132698,1.749272
member,15813,2,7,0,1.878557,0.152810,0.240780,1.962335,1.048481,-0.454684,1.962335
member,6656,1,6,0,3.320764,0.036125,0.676960,1.225936,1.273790,-2.930620,1.225936
member,12773,1,7,0,2.289539,0.101313,0.178448,2.172437,0.382391,-0.566080,2.172437
member,39530,0,0,1,1.177711,0.307983,0.307983,1.872019,1.773139,0.298177,-1.872019
member,34407,3,3,1,1.530452,0.216438,0.216438,1.865422,2.133612,0.106767,-1.865422
member,8836,5,5,1,1.393974,0.248087,0.248087,1.887892,1.919372,0.178520,-1.887892
member,14617,9,1,0,1.223592,0.294172,0.466477,1.527081,2.344117,-0.461046,1.527081
member,22835,2,9,0,2.522592,0.080251,0.329336,1.888811,0.469150,-1.411916,1.888811
member,15980,5,6,0,2.402050,0.090532,0.462492,1.612070,1.937227,-1.630924,1.612070
member,37915,5,7,0,2.253558,0.105025,0.306297,1.912567,0.771875,-1.070359,1.912567
member,1570,1,8,0,1.895086,0.150305,0.287588,1.906796,1.036859,-0.648859,1.906796
member,35907,4,6,0,2.106590,0.121652,0.211677,2.168598,0.450439,-0.553896,2.168598
member,26089,6,6,1,0.570231,0.565395,0.565395,1.471361,3.566924,1.453946,-1.471361
member,20913,8,9,0,2.261535,0.104190,0.326434,2.016277,0.373431,-1.142008,2.016277
member,9957,7,7,1,0.746293,0.474121,0.474121,1.456864,2.687760,0.596676,-1.456864
member,18275,2,1,0,2.674107,0.068968,0.484159,1.752877,0.554086,-1.948765,1.752877
member,15431,5,7,0,1.847832,0.157578,0.414652,1.617925,2.058320,-0.967518,1.617925
member,23493,2,7,0,1.493293,0.224632,0.281571,1.973673,1.170961,-0.225922,1.973673
member,15789,2,6,0,2.575718,0.076099,0.387221,1.733178,1.379411,-1.626958,1.733178
member,35779,1,8,0,1.597317,0.202439,0.248672,2.016749,1.152653,-0.205697,2.016749
member,11980,5,7,0,2.200004,0.110803,0.251664,1.977022,0.667809,-0.820343,1.977022
member,44905,2,2,1,1.473715,0.229073,0.229073,1.928560,1.618337,0.063947,-1.928560
member,35762,5,1,0,3.221211,0.039907,0.268627,1.904187,0.071286,-1.906779,1.904187
member,27092,5,7,0,2.819832,0.059616,0.231876,1.885426,0.561674,-1.358281,1.885426
member,46834,7,7,1,1.367788,0.254670,0.254670,2.091782,1.477255,0.672740,-2.091782
member,33437,9,9,1,0.266591,0.765986,0.765986,0.869917,4.084543,1.777443,-0.869917
member,47380,8,1,0,2.045008,0.129379,0.297470,2.079624,0.618270,-0.832565,2.079624
member,1590,9,9,1,0.793112,0.452435,0.452435,1.352310,3.223408,0.582745,-1.352310
member,26755,5,3,0,1.391974,0.248584,0.273927,1.937140,1.572756,-0.097079,1.937140
member,21758,0,0,1,1.082560,0.338727,0.338727,1.693869,2.157369,0.360540,-1.693869
member,3001,4,7,0,2.599707,0.074295,0.181039,2.170633,-0.057913,-0.890665,2.170633
member,44111,7,6,0,2.055623,0.128013,0.149978,2.179516,0.652588,-0.158358,2.179516
member,43519,1,9,0,2.384191,0.092164,0.643765,1.212801,1.518981,-1.943769,1.212801
member,628,0,0,1,1.623476,0.197212,0.197212,2.228066,0.813145,0.461267,-2.228066
member,20736,1,1,1,0.391830,0.675819,0.675819,1.232718,3.502886,1.795129,-1.232718
member,11902,3,9,0,2.255887,0.104781,0.240587,2.069463,0.337035,-0.831214,2.069463
member,6366,1,1,1,0.464051,0.628732,0.628732,1.293066,3.143007,1.341475,-1.293066
member,17132,6,6,1,0.889832,0.410725,0.410725,1.745639,2.662113,1.081273,-1.745639
member,9478,1,9,0,1.511458,0.220588,0.602993,1.265476,2.176098,-1.005608,1.265476
member,41870,6,7,0,2.072622,0.125855,0.214087,2.174708,0.409204,-0.531250,2.174708
member,12932,8,5,0,7.882978,0.000377,0.376506,1.597867,-3.498379,-6.906157,1.597867
member,13641,8,3,0,2.490400,0.082877,0.215992,2.166472,0.008183,-0.957888,2.166472
member,19626,1,9,0,1.426420,0.240167,0.305917,1.434026,2.871685,-0.241978,1.434026
member,9951,8,9,0,1.938903,0.143862,0.323684,1.849811,1.001094,-0.810914,1.849811
member,28962,4,7,0,1.947643,0.142610,0.226521,1.806928,1.918074,-0.462727,1.806928
member,28445,6,1,0,1.496607,0.223889,0.294495,1.725471,1.857996,-0.274115,1.725471
member,19698,5,5,1,1.628703,0.196184,0.196184,2.099663,1.371163,0.183792,-2.099663
member,44223,5,1,0,2.967712,0.051421,0.561202,1.408409,1.410394,-2.390038,1.408409
member,2996,0,7,0,1.945783,0.142875,0.193251,2.089103,0.926156,-0.302016,2.089103
member,13637,2,7,0,2.367584,0.093707,0.346535,1.939006,0.670584,-1.307811,1.939006
member,22470,5,7,0,1.983141,0.137636,0.260584,1.973826,1.381192,-0.638312,1.973826
member,36086,1,1,1,1.098771,0.333281,0.333281,1.622574,2.507669,0.421793,-1.622574
member,28917,0,6,0,5.637859,0.003560,0.381045,1.895788,-2.590464,-4.673022,1.895788
member,17649,7,7,1,1.661642,0.189827,0.189827,2.199653,0.805479,0.252670,-2.199653
member,27955,8,8,1,0.437743,0.645492,0.645492,1.018822,3.989861,0.979980,-1.018822
member,2854,2,2,1,1.441600,0.236549,0.236549,1.840132,2.019580,0.078096,-1.840132
member,13389,6,9,0,1.939043,0.143842,0.267587,1.952096,1.083836,-0.620733,1.952096
member,13048,5,3,0,1.359098,0.256892,0.454558,1.566992,2.573849,-0.570668,1.566992
member,22332,6,6,1,1.633809,0.195185,0.195185,2.015426,1.860521,0.049318,-2.015426
member,30577,8,9,0,1.450717,0.234402,0.435009,1.220251,3.170307,-0.618327,1.220251
member,34734,2,6,0,1.834465,0.159699,0.242170,2.027998,1.281779,-0.416350,2.027998
member,19538,9,7,0,4.103694,0.016512,0.264674,1.913526,-1.220496,-2.774439,1.913526
member,39586,9,8,0,1.074778,0.341374,0.544427,1.025597,4.536216,-0.466756,1.025597
member,5572,1,1,1,1.442202,0.236407,0.236407,2.038032,1.858679,0.386049,-2.038032
member,47750,2,2,1,1.272604,0.280101,0.280101,1.873715,2.240358,0.367104,-1.873715
member,30963,0,0,1,0.045031,0.955968,0.955968,0.259257,5.393380,4.312749,-0.259257
member,35495,5,6,0,1.931799,0.144887,0.211789,2.022389,1.204998,-0.379632,2.022389
member,20262,0,8,0,3.119834,0.044164,0.434394,1.485212,0.433241,-2.286030,1.485212
member,44659,8,0,0,1.145826,0.317961,0.320092,1.734278,1.841766,-0.006679,1.734278
member,21745,9,9,1,0.579907,0.559950,0.559950,1.545464,2.530949,1.636657,-1.545464
member,47248,2,6,0,2.781528,0.061944,0.332018,1.907918,0.438118,-1.678963,1.907918
member,36227,5,5,1,1.079924,0.339621,0.339621,1.794941,2.463034,0.237694,-1.794941
member,28786,3,3,1,0.807500,0.445972,0.445972,1.679024,3.207363,1.055023,-1.679024
member,35619,8,0,0,1.535738,0.215297,0.457117,1.653774,1.520757,-0.752921,1.653774
member,45999,7,9,0,1.860791,0.155549,0.205892,2.037419,0.816644,-0.280388,2.037419
member,49512,6,6,1,0.353353,0.702329,0.702329,1.138953,4.881635,2.300833,-1.138953
member,44514,7,1,0,2.627910,0.072229,0.345302,1.836285,0.694880,-1.564574,1.836285
member,28683,8,9,0,2.295385,0.100723,0.673887,1.029756,1.958041,-1.900693,1.029756
member,31548,5,5,1,1.577481,0.206495,0.206495,2.109364,1.179950,0.178970,-2.109364
member,31964,6,6,1,1.384425,0.250468,0.250468,1.916775,2.595668,0.156843,-1.916775
member,9433,5,5,1,1.516510,0.219477,0.219477,2.001841,1.536958,0.134433,-2.001841
member,22373,2,7,0,2.354514,0.094940,0.449588,1.674300,1.034674,-1.555090,1.674300
member,21622,7,7,1,0.510373,0.600272,0.600272,1.397173,3.053862,1.733261,-1.397173
member,12451,1,1,1,0.332358,0.717231,0.717231,1.061627,3.616774,1.708545,-1.061627
member,11799,1,8,0,2.945065,0.052599,0.431420,1.456509,0.635272,-2.104393,1.456509
member,31388,9,1,0,3.223412,0.039819,0.381598,1.796046,0.213183,-2.260024,1.796046
member,20768,5,7,0,2.044640,0.129427,0.308062,1.975540,0.696036,-0.867186,1.975540
member,4828,8,8,1,0.888245,0.411377,0.411377,1.373190,3.126988,0.345549,-1.373190
member,14589,7,6,0,1.786924,0.167474,0.263587,1.983682,1.325215,-0.453551,1.983682
member,1507,0,0,1,0.274973,0.759592,0.759592,0.842252,4.469221,1.657110,-0.842252
member,18612,2,6,0,1.963779,0.140327,0.196186,2.171987,0.688404,-0.335086,2.171987
member,19302,9,9,1,1.332719,0.263759,0.263759,1.978516,1.433688,0.186386,-1.978516
member,38309,6,3,0,1.846089,0.157853,0.237270,1.947980,1.534964,-0.407532,1.947980
member,1738,7,7,1,1.154289,0.315282,0.315282,1.895925,2.180833,0.709150,-1.895925
member,35875,3,1,0,1.937228,0.144103,0.297878,1.921305,1.409758,-0.726158,1.921305
member,47067,3,1,0,2.273152,0.102987,0.196656,2.203133,0.377289,-0.646853,2.203133
member,5114,7,7,1,1.577383,0.206515,0.206515,2.032960,1.501238,0.144906,-2.032960
member,24906,3,1,0,1.874214,0.153476,0.261230,1.998397,1.178319,-0.531860,1.998397
member,7635,2,1,0,4.962376,0.006996,0.693310,0.931751,-0.428708,-4.596098,0.931751
member,14398,7,5,0,1.965711,0.140056,0.208559,2.121458,0.825187,-0.398178,2.121458
member,36170,2,6,0,2.116997,0.120393,0.266423,1.913718,1.177644,-0.794328,1.913718
member,9183,3,3,1,0.973879,0.377616,0.377616,1.857861,2.520307,0.770904,-1.857861
member,36796,5,7,0,2.061192,0.127302,0.309082,1.881169,0.747469,-0.887043,1.881169
member,37622,5,5,1,0.742110,0.476108,0.476108,1.493593,3.693129,0.912839,-1.493593
member,1655,3,6,0,1.522034,0.218268,0.399942,1.724034,2.119849,-0.605597,1.724034
member,4326,1,9,0,1.857513,0.156060,0.421438,1.874175,0.808360,-0.993430,1.874175
member,27377,5,6,0,1.575101,0.206987,0.267189,1.938586,1.756906,-0.255304,1.938586
member,19044,2,7,0,1.568915,0.208271,0.346933,1.880878,1.104458,-0.510291,1.880878
member,44328,2,6,0,2.129296,0.118921,0.323653,1.937317,0.969590,-1.001213,1.937317
member,9661,4,7,0,1.836925,0.159306,0.244152,1.859286,2.142513,-0.426960,1.859286
member,15914,8,9,0,1.324352,0.265975,0.268377,1.827211,1.628768,-0.008989,1.827211
member,25466,7,1,0,2.634276,0.071771,0.344899,2.031600,0.047419,-1.569772,2.031600
member,13610,5,6,0,2.671490,0.069149,0.487064,1.650896,1.185344,-1.952131,1.650896
member,11670,4,9,0,3.670188,0.025472,0.559393,1.490931,-0.242292,-3.089285,1.490931
member,1219,2,0,0,1.956687,0.141326,0.335033,1.940928,0.727163,-0.863161,1.940928
member,38863,9,9,1,1.268991,0.281115,0.281115,1.976710,1.501500,0.101381,-1.976710
member,12557,8,1,0,3.137778,0.043379,0.288096,2.038642,-0.243785,-1.893318,2.038642
member,39143,4,4,1,1.480476,0.227529,0.227529,1.998033,1.450711,0.308929,-1.998033
member,35508,1,1,1,0.632869,0.531066,0.531066,1.377357,2.919106,0.824723,-1.377357
member,11852,5,0,0,2.276212,0.102672,0.332105,2.013398,0.337155,-1.173908,2.013398
member,13238,0,8,0,2.631871,0.071944,0.633293,1.179803,1.362825,-2.175049,1.179803
member,29950,3,9,0,2.465285,0.084985,0.213096,2.149316,0.189412,-0.919273,2.149316
member,27984,2,7,0,1.719368,0.179179,0.268406,1.985841,1.154656,-0.404112,1.985841
member,22090,1,1,1,0.764283,0.465668,0.465668,1.717693,2.373690,0.937925,-1.717693
member,48989,2,3,0,2.052959,0.128355,0.181951,2.185975,0.464046,-0.348942,2.185975
member,40639,0,8,0,1.811452,0.163417,0.659314,1.115029,2.190057,-1.394896,1.115029
member,28911,7,2,0,2.170525,0.114118,0.177044,2.184480,0.556010,-0.439165,2.184480
member,8570,1,1,1,1.092920,0.335236,0.335236,1.634316,2.358909,0.061900,-1.634316
member,38431,0,8,0,2.915553,0.054174,0.587406,1.121635,2.302848,-2.383514,1.121635
member,40525,0,0,1,0.460430,0.631012,0.631012,0.860724,5.007101,0.681738,-0.860724
member,35549,3,1,0,1.971938,0.139187,0.391307,1.700326,1.626134,-1.033676,1.700326
member,29487,0,0,1,0.206689,0.813273,0.813273,0.526376,6.856986,1.519385,-0.526376
member,26037,7,9,0,3.026705,0.048475,0.389146,1.727690,0.102553,-2.082905,1.727690
member,19370,0,2,0,4.167755,0.015487,0.235979,1.901009,-1.252802,-2.723743,1.901009
member,44734,5,7,0,2.218001,0.108826,0.221957,2.059922,0.503484,-0.712728,2.059922
member,6915,1,1,1,0.988361,0.372186,0.372186,1.734292,2.380636,0.455729,-1.734292
member,14998,9,1,0,2.753003,0.063736,0.490709,1.731655,0.462336,-2.041100,1.731655
member,16750,7,7,1,1.470101,0.229902,0.229902,2.117905,1.199605,0.509108,-2.117905
member,29959,1,8,0,1.321729,0.266674,0.354984,1.450687,2.604677,-0.286047,1.450687
member,28856,2,7,0,2.025719,0.131899,0.203270,2.177277,0.467896,-0.432499,2.177277
member,38911,1,9,0,1.181205,0.306909,0.327179,1.641403,2.033585,-0.063958,1.641403
member,5843,0,9,0,3.132349,0.043615,0.344943,1.357252,1.005165,-2.067973,1.357252
member,15769,7,4,0,1.707957,0.181236,0.207623,1.970445,1.394994,-0.135925,1.970445
member,27098,7,7,1,0.879673,0.414918,0.414918,1.851652,2.036995,1.281282,-1.851652
member,34726,9,9,1,0.394819,0.673802,0.673802,1.002852,3.721636,1.085822,-1.002852
member,20930,6,6,1,0.610743,0.542947,0.542947,1.449899,4.269129,1.456164,-1.449899
member,12313,4,4,1,1.345820,0.260326,0.260326,1.767357,2.667013,0.219827,-1.767357
member,8293,6,6,1,0.681287,0.505965,0.505965,1.495094,4.216797,1.095664,-1.495094
member,49408,3,9,0,3.282793,0.037523,0.383746,1.674816,-0.139112,-2.325018,1.674816
member,22319,7,6,0,2.172045,0.113944,0.295083,1.939326,0.918210,-0.951546,1.939326
member,20486,1,1,1,0.408768,0.664468,0.664468,1.073202,3.955214,1.265413,-1.073202
member,22610,6,6,1,0.472633,0.623359,0.623359,1.259653,5.212954,1.719313,-1.259653
member,12465,2,0,0,2.211678,0.109517,0.247857,2.139255,0.418194,-0.816775,2.139255
member,41512,2,0,0,3.764272,0.023184,0.399561,1.512357,-0.050523,-2.846882,1.512357
member,48609,3,7,0,2.148836,0.116620,0.277995,1.940556,0.774480,-0.868682,1.940556
member,17672,3,0,0,2.555598,0.077646,0.254563,2.131423,0.037728,-1.187392,2.131423
member,8565,9,9,1,0.410433,0.663363,0.663363,1.151629,3.518015,1.543089,-1.151629
member,42905,9,8,0,1.890200,0.151042,0.152979,2.239924,0.560052,-0.012748,2.239924
member,33294,5,9,0,2.568367,0.076661,0.291334,2.061014,0.209302,-1.335083,2.061014
member,12928,6,3,0,2.828545,0.059099,0.394872,1.701657,0.910581,-1.899351,1.701657
member,8383,0,9,0,2.251914,0.105198,0.455297,1.737652,0.772259,-1.465109,1.737652
member,26546,0,0,1,0.533764,0.586394,0.586394,1.303416,2.947688,0.950361,-1.303416
member,21160,8,1,0,4.256756,0.014168,0.708607,1.131755,-0.094063,-3.912302,1.131755
member,25331,1,9,0,1.935666,0.144328,0.436719,1.779526,1.277759,-1.107200,1.779526
member,416,3,0,0,2.203557,0.110410,0.307680,2.040854,0.626470,-1.024863,2.040854
member,38313,5,3,0,1.646411,0.192740,0.297745,1.889143,1.783928,-0.434893,1.889143
member,40758,1,1,1,0.862675,0.422032,0.422032,1.827481,2.327318,0.817323,-1.827481
member,1406,4,5,0,1.838156,0.159111,0.219861,1.885156,1.447379,-0.323394,1.885156
member,27988,8,1,0,3.776214,0.022909,0.851041,0.625962,1.341504,-3.614918,0.625962
member,20657,9,6,0,1.977631,0.138397,0.296312,1.986573,1.036762,-0.761287,1.986573
member,46981,0,0,1,0.164053,0.848697,0.848697,0.719636,3.875894,3.051906,-0.719636
member,29901,1,9,0,1.729536,0.177367,0.353136,1.371754,2.893004,-0.688635,1.371754
member,32869,6,5,0,1.936742,0.144173,0.245897,2.008701,1.033027,-0.533900,2.008701
member,21613,7,1,0,2.321137,0.098162,0.229899,2.176610,0.192493,-0.851023,2.176610
member,18692,9,5,0,4.798810,0.008240,0.327996,1.777612,-0.708000,-3.684055,1.777612
member,14462,9,1,0,1.852142,0.156901,0.314724,1.857210,1.427224,-0.696082,1.857210
member,13529,9,7,0,1.942070,0.143407,0.229988,1.992172,1.345250,-0.472344,1.992172
member,29804,5,5,1,1.538786,0.214641,0.214641,2.079185,1.366564,0.159700,-2.079185
member,1444,2,6,0,2.266182,0.103707,0.380814,1.917444,0.710892,-1.300737,1.917444
member,18218,0,0,1,0.882061,0.413929,0.413929,1.792176,2.015056,0.801427,-1.792176
member,45063,9,1,0,2.169732,0.114208,0.470776,1.729387,0.987438,-1.416358,1.729387
member,30646,1,1,1,0.494467,0.609896,0.609896,1.261915,3.383266,1.150860,-1.261915
member,49167,9,8,0,1.954216,0.141675,0.655487,1.074561,2.499295,-1.531840,1.074561
member,39989,3,5,0,1.756049,0.172726,0.283569,2.065895,1.217514,-0.495751,2.065895
member,44755,9,0,0,1.620175,0.197864,0.369342,1.785071,1.540869,-0.624143,1.785071
member,48345,9,9,1,0.869966,0.418966,0.418966,1.680464,2.530449,0.824562,-1.680464
member,42969,4,0,0,8.057873,0.000317,0.710223,0.716169,-2.393545,-7.715696,0.716169
member,20419,8,0,0,1.317400,0.267831,0.369791,1.481602,2.478823,-0.322582,1.481602
member,10896,0,0,1,1.250421,0.286384,0.286384,1.976001,1.515082,0.354652,-1.976001
member,45620,8,8,1,0.422223,0.655588,0.655588,1.037191,4.160785,1.155071,-1.037191
member,36349,2,9,0,2.860861,0.057219,0.319861,1.986590,-0.072347,-1.720991,1.986590
member,19312,3,7,0,2.836235,0.058646,0.202581,2.146379,-0.367798,-1.239619,2.146379
member,5582,6,6,1,0.440380,0.643792,0.643792,1.267041,4.498717,1.920622,-1.267041
member,6682,0,6,0,4.751224,0.008641,0.214608,2.085244,-1.774194,-3.212281,2.085244
member,30679,7,7,1,0.820655,0.440143,0.440143,1.680369,2.587831,1.008538,-1.680369
member,28388,4,7,0,1.545539,0.213197,0.345575,1.865263,1.411329,-0.482995,1.865263
member,6847,3,5,0,1.920920,0.146472,0.218418,2.145781,0.742818,-0.399576,2.145781
member,15981,2,6,0,2.071384,0.126011,0.240860,1.989885,0.905013,-0.647847,1.989885
member,33675,4,1,0,2.171971,0.113953,0.173551,2.084520,0.728220,-0.420685,2.084520
member,47503,4,9,0,2.450809,0.086224,0.295987,1.951516,0.682886,-1.233371,1.951516
member,7565,7,7,1,1.032278,0.356195,0.356195,1.875962,1.908038,0.845987,-1.875962
member,20728,8,8,1,0.862224,0.422222,0.422222,1.321409,3.139724,0.104142,-1.321409
member,7411,3,9,0,3.546661,0.028821,0.705356,0.967412,0.513578,-3.197608,0.967412
member,25354,2,2,1,1.416191,0.242637,0.242637,1.966017,1.702407,0.099358,-1.966017
member,47738,4,7,0,1.609996,0.199888,0.236437,1.774515,2.420230,-0.167922,1.774515
member,9758,6,6,1,0.892538,0.409615,0.409615,1.737971,2.765162,1.030592,-1.737971
member,9767,0,3,0,7.200777,0.000746,0.385147,1.571198,-2.984515,-6.246646,1.571198
member,7133,6,3,0,2.135502,0.118185,0.263535,2.058537,0.636618,-0.801932,2.058537
member,28593,2,4,0,1.713213,0.180286,0.198867,1.946587,1.395277,-0.098092,1.946587
member,41209,1,1,1,0.312643,0.731511,0.731511,1.011725,3.776760,1.652059,-1.011725
member,23111,9,9,1,0.992901,0.370500,0.370500,1.739120,2.209174,0.274907,-1.739120
member,44346,6,6,1,1.159336,0.313694,0.313694,1.782673,2.845919,0.144941,-1.782673
member,22809,3,3,1,0.922313,0.397598,0.397598,1.807918,2.687062,1.008031,-1.807918
member,20507,3,5,0,1.326083,0.265515,0.271992,1.854998,2.013953,-0.024101,1.854998
member,45705,5,0,0,3.936811,0.019510,0.409355,1.738083,-0.859237,-3.043638,1.738083
member,21761,0,8,0,3.372140,0.034316,0.537741,1.320535,0.695001,-2.751762,1.320535
member,21495,4,3,0,1.976855,0.138504,0.245925,1.938025,1.246647,-0.574128,1.938025
member,11504,9,9,1,0.875678,0.416579,0.416579,1.236043,4.300149,0.134703,-1.236043
member,32456,2,7,0,2.080463,0.124872,0.143473,2.223365,0.422838,-0.138857,2.223365
member,44209,6,9,0,1.635758,0.194805,0.416880,1.700851,1.669323,-0.760800,1.700851
member,43812,3,7,0,1.819027,0.162183,0.243575,1.863457,1.745083,-0.406695,1.863457
member,18264,4,6,0,1.789274,0.167082,0.293003,1.938605,1.264451,-0.561700,1.938605
member,41114,1,9,0,1.147199,0.317525,0.325588,1.437939,2.588885,-0.025077,1.437939
member,20034,3,3,1,1.184356,0.305943,0.305943,1.866082,2.346295,0.251248,-1.866082
member,10075,9,8,0,1.513965,0.220036,0.335481,1.480299,2.564148,-0.421775,1.480299
member,37296,1,1,1,0.780669,0.458099,0.458099,1.264394,3.175720,0.163624,-1.264394
member,14276,5,7,0,1.842094,0.158485,0.185432,1.966248,1.208864,-0.157026,1.966248
member,35780,6,1,0,3.231606,0.039494,0.546302,1.306605,0.623362,-2.627023,1.306605
member,16870,7,0,0,3.326455,0.035920,0.419348,1.604737,-0.022430,-2.457400,1.604737
member,4229,0,0,1,0.107626,0.897963,0.897963,0.347866,7.921454,2.208051,-0.347866
member,49029,9,1,0,2.146194,0.116928,0.190701,2.235984,0.342083,-0.489145,2.235984
member,167,5,6,0,2.120924,0.119921,0.210076,1.899471,1.377889,-0.560640,1.899471
member,14446,7,7,1,1.361079,0.256384,0.256384,2.092069,1.197932,0.532996,-2.092069
member,36716,6,6,1,1.172784,0.309504,0.309504,1.737355,2.550377,0.242118,-1.737355
member,36164,6,6,1,0.845896,0.429173,0.429173,1.593615,4.159605,1.001451,-1.593615
member,14473,2,0,0,2.472402,0.084382,0.561586,1.580701,0.514930,-1.895412,1.580701
member,44426,0,0,1,1.076113,0.340918,0.340918,1.708238,2.111317,0.165362,-1.708238
member,46116,0,0,1,0.423897,0.654492,0.654492,1.306064,2.857765,1.707858,-1.306064
member,30625,6,6,1,0.743655,0.475373,0.475373,1.720240,2.945932,1.541146,-1.720240
member,9960,8,9,0,1.936405,0.144221,0.511943,1.487319,1.494232,-1.266864,1.487319
member,38722,2,9,0,2.034277,0.130775,0.153955,2.226840,0.320561,-0.163183,2.226840
member,28344,1,6,0,3.230921,0.039521,0.530165,1.588582,0.601930,-2.596354,1.588582
member,16437,1,1,1,1.267129,0.281639,0.281639,1.947264,2.087503,0.448303,-1.947264
member,8853,0,9,0,2.745267,0.064231,0.239157,2.118729,-0.218239,-1.314631,2.118729
member,17363,2,6,0,2.469513,0.084626,0.412140,1.731896,1.546239,-1.583122,1.731896
member,4580,8,5,0,3.001692,0.049703,0.377859,1.919583,0.021999,-2.028459,1.919583
member,47303,9,8,0,1.018293,0.361211,0.477050,1.280667,2.788431,-0.278159,1.280667
member,44679,1,9,0,1.642820,0.193434,0.350380,1.583443,1.573393,-0.594083,1.583443
member,15192,6,6,1,1.103507,0.331706,0.331706,1.892017,2.383953,0.809085,-1.892017
member,31447,6,6,1,1.084637,0.338024,0.338024,1.853073,2.267371,0.626754,-1.853073
member,5525,7,6,0,2.189804,0.111939,0.187863,2.135103,0.580535,-0.517763,2.135103
member,39227,6,7,0,1.885898,0.151693,0.312124,1.893859,1.529959,-0.721545,1.893859
member,3467,1,1,1,1.058787,0.346876,0.346876,1.741671,3.146981,0.301205,-1.741671
member,15073,7,6,0,1.865282,0.154852,0.226439,2.017924,1.798526,-0.380004,2.017924
member,48705,9,9,1,0.406379,0.666058,0.666058,1.243634,3.234560,1.787534,-1.243634
member,13609,9,8,0,1.715658,0.179845,0.502240,1.528190,1.621443,-1.026980,1.528190
member,18785,9,1,0,1.782155,0.168275,0.298497,2.009524,1.194756,-0.573158,2.009524
member,39757,5,6,0,2.560415,0.077273,0.484856,1.658255,0.997311,-1.836511,1.658255
member,24216,8,8,1,0.387040,0.679064,0.679064,0.991850,4.323984,1.437052,-0.991850
member,33985,1,1,1,1.157493,0.314273,0.314273,1.879558,1.701885,0.109929,-1.879558
member,11625,3,3,1,1.278898,0.278344,0.278344,1.866167,2.306957,0.195633,-1.866167
member,12136,4,3,0,2.961935,0.051719,0.208149,2.115164,-0.291813,-1.392434,2.115164
member,12628,1,0,0,4.076161,0.016973,0.869011,0.495546,1.829673,-3.935761,0.495546
member,28347,1,8,0,2.530147,0.079647,0.463962,1.190966,2.149925,-1.762195,1.190966
member,43511,9,1,0,2.259157,0.104438,0.658601,1.243200,1.812909,-1.841519,1.243200
member,5872,5,5,1,1.586322,0.204677,0.204677,2.118355,1.043372,0.158645,-2.118355
member,48243,3,6,0,2.495766,0.082433,0.649133,1.249437,2.227581,-2.063648,1.249437
member,33981,7,7,1,1.553130,0.211585,0.211585,1.940785,2.209900,0.058908,-1.940785
member,31260,3,3,1,1.205432,0.299563,0.299563,1.866296,1.701570,0.260290,-1.866296
member,12292,1,8,0,2.120260,0.120000,0.467934,1.263902,3.539908,-1.360831,1.263902
member,42286,5,6,0,1.523513,0.217945,0.307798,1.652292,2.695023,-0.345201,1.652292
member,13664,4,6,0,2.008530,0.134186,0.315911,1.954386,1.036814,-0.856236,1.954386
member,12950,9,1,0,1.634433,0.195063,0.411851,1.825547,1.555814,-0.747340,1.825547
member,31756,0,0,1,0.284045,0.752733,0.752733,0.795252,4.302538,1.393882,-0.795252
member,14513,6,6,1,0.697294,0.497931,0.497931,1.580334,3.389402,1.334197,-1.580334
member,20457,2,7,0,1.813207,0.163130,0.268677,2.074573,0.848168,-0.498963,2.074573
member,41546,0,9,0,3.015259,0.049033,0.330066,1.666640,0.095776,-1.906797,1.666640
member,850,3,1,0,1.810815,0.163521,0.225758,1.985301,1.963696,-0.322524,1.985301
member,34767,9,5,0,2.679032,0.068630,0.219473,2.145520,0.127268,-1.162505,2.145520
member,24912,6,9,0,1.349483,0.259374,0.333980,1.775140,2.281756,-0.252809,1.775140
member,17969,0,9,0,3.228281,0.039626,0.458830,1.529198,-0.083075,-2.449205,1.529198
member,28376,9,9,1,1.289628,0.275373,0.275373,1.947633,1.596559,0.071008,-1.947633
member,9889,1,9,0,2.471895,0.084425,0.717903,0.986708,1.801641,-2.140475,0.986708
member,46455,7,7,1,1.456484,0.233054,0.233054,2.050933,1.430631,0.320208,-2.050933
member,38499,0,0,1,0.113252,0.892925,0.892925,0.441731,5.485052,2.423022,-0.441731
member,16247,5,5,1,0.958659,0.383407,0.383407,1.687566,2.926117,0.761889,-1.687566
member,8786,3,2,0,2.222947,0.108290,0.206538,2.137638,0.592292,-0.645677,2.137638
member,35429,4,5,0,2.640606,0.071318,0.304601,1.720949,0.926628,-1.451852,1.720949
member,19103,0,0,1,0.199334,0.819276,0.819276,0.793599,4.005023,2.455339,-0.793599
member,44142,3,4,0,1.856844,0.156165,0.233870,1.825135,1.785010,-0.403856,1.825135
member,14786,4,6,0,1.776628,0.169208,0.195214,2.028225,1.299986,-0.142971,2.028225
member,18216,3,4,0,2.820840,0.059556,0.363707,1.635159,1.708263,-1.809435,1.635159
member,29736,6,3,0,1.717206,0.179567,0.184041,2.082681,1.301034,-0.024608,2.082681
member,18194,5,7,0,3.275923,0.037782,0.259211,2.038723,-0.443787,-1.925809,2.038723
member,42355,7,7,1,0.568864,0.566168,0.566168,1.534084,2.733249,1.994623,-1.534084
member,20185,5,7,0,1.903089,0.149107,0.174301,2.217071,0.690625,-0.156117,2.217071
member,38610,1,7,0,1.733078,0.176740,0.182283,2.078304,1.147363,-0.030882,2.078304
member,22655,7,9,0,2.146588,0.116882,0.270849,2.160112,0.409710,-0.840396,2.160112
member,31785,2,2,1,1.590203,0.203884,0.203884,2.123338,1.037802,0.200331,-2.123338
member,36666,6,6,1,1.211688,0.297695,0.297695,1.925647,2.437806,0.385139,-1.925647
member,44904,5,1,0,3.545119,0.028865,0.257253,2.036267,-0.910474,-2.187423,2.036267
member,6079,3,7,0,2.026432,0.131805,0.317666,1.964048,1.044413,-0.879677,1.964048
member,15555,3,6,0,2.550325,0.078056,0.291215,1.969181,0.548691,-1.316631,1.969181
member,48061,9,8,0,1.248516,0.286930,0.393006,1.319550,3.398579,-0.314586,1.319550
member,24407,9,9,1,0.869671,0.419089,0.419089,1.734944,2.116669,0.582001,-1.734944
member,44888,8,0,0,1.136913,0.320808,0.500434,1.180815,3.870409,-0.444633,1.180815
member,6424,5,9,0,6.018190,0.002434,0.420831,1.204191,-1.656075,-5.152667,1.204191
member,46202,2,7,0,2.149421,0.116552,0.127475,2.264631,0.267493,-0.089587,2.264631
member,42284,7,6,0,1.659979,0.190143,0.192592,1.913849,1.831804,-0.012795,1.913849
member,45698,5,5,1,0.947943,0.387537,0.387537,1.898775,2.295578,0.969121,-1.898775
member,41460,0,8,0,2.084071,0.124423,0.377010,1.804887,0.876946,-1.108589,1.804887
member,28417,1,1,1,1.798793,0.165499,0.165499,2.130972,1.106888,0.111859,-2.130972
member,18150,5,6,0,2.320638,0.098211,0.463891,1.563947,2.962278,-1.552532,1.563947
member,30623,9,9,1,1.300353,0.272435,0.272435,1.918425,1.927342,0.141716,-1.918425
member,3150,7,9,0,2.373271,0.093175,0.352163,2.015366,0.356824,-1.329611,2.015366
member,18184,2,9,0,4.681104,0.009269,0.548264,1.187191,-0.636918,-4.080106,1.187191
member,26730,2,6,0,2.385460,0.092047,0.240829,2.029204,0.606176,-0.961791,2.029204
member,12514,5,0,0,2.155259,0.115873,0.283348,2.124656,0.477244,-0.894181,2.124656
member,36055,0,0,1,1.619534,0.197991,0.197991,2.148409,0.881588,0.155277,-2.148409
member,40832,2,7,0,2.089345,0.123768,0.170271,2.140451,0.565865,-0.318981,2.140451
member,34373,2,6,0,1.955391,0.141509,0.429191,1.744741,1.737788,-1.109539,1.744741
member,45452,6,6,1,1.209367,0.298386,0.298386,1.865635,2.206486,0.477068,-1.865635
member,34307,2,4,0,2.472962,0.084335,0.296618,1.785406,1.456756,-1.257653,1.785406
member,46161,7,6,0,2.160878,0.115224,0.281884,2.011048,1.029012,-0.894618,2.011048
member,37975,9,9,1,1.137469,0.320630,0.320630,1.841898,1.927086,0.371165,-1.841898
member,21232,0,9,0,4.354483,0.012849,0.306845,1.915530,-1.430644,-3.173071,1.915530
member,20326,3,6,0,2.379154,0.092629,0.259745,1.923989,1.078232,-1.031098,1.923989
member,27004,0,9,0,1.730239,0.177242,0.286463,1.870722,1.239258,-0.480092,1.870722
member,45593,9,9,1,0.496649,0.608566,0.608566,1.355541,2.907158,1.323707,-1.355541
member,25847,2,4,0,1.756644,0.172623,0.226238,1.936819,1.395667,-0.270478,1.936819
member,7439,3,7,0,2.753936,0.063677,0.226624,2.079810,-0.066134,-1.269472,2.079810
member,37340,4,7,0,1.538080,0.214793,0.262925,1.801996,2.455011,-0.202194,1.801996
member,10026,6,9,0,5.519830,0.004007,0.402605,1.702951,-2.377035,-4.610030,1.702951
member,20965,3,9,0,2.107886,0.121494,0.337557,1.747736,1.004934,-1.021867,1.747736
member,7284,1,9,0,1.386873,0.249855,0.298178,1.876802,1.900234,-0.176807,1.876802
member,30274,7,7,1,0.689140,0.502008,0.502008,1.647201,2.627922,1.569878,-1.647201
member,49967,8,3,0,4.759119,0.008573,0.218659,1.986003,-1.507345,-3.238877,1.986003
member,31158,1,8,0,1.890376,0.151015,0.219693,2.140638,0.974558,-0.374854,2.140638
member,15617,8,9,0,2.277840,0.102505,0.399705,1.774568,0.715396,-1.360812,1.774568
member,9618,4,0,0,9.340652,0.000088,0.890405,0.409102,-2.832746,-9.224573,0.409102
member,28872,2,9,0,2.039116,0.130144,0.162669,2.216310,0.382695,-0.223079,2.216310
member,37267,7,7,1,1.040468,0.353289,0.353289,1.912797,1.811429,1.049469,-1.912797
member,18810,1,1,1,0.719550,0.486972,0.486972,1.206638,3.993299,0.606921,-1.206638
member,32953,6,7,0,2.428601,0.088160,0.276975,1.935861,0.723297,-1.144772,1.935861
member,29893,0,0,1,0.341321,0.710831,0.710831,1.161509,3.146008,2.178396,-1.161509
member,32504,3,6,0,1.747073,0.174283,0.227636,2.004040,1.349304,-0.267064,2.004040
member,27731,1,9,0,1.634689,0.195013,0.588381,1.144204,2.609650,-1.104309,1.144204
member,31313,8,1,0,3.564322,0.028316,0.204862,2.101553,-0.893577,-1.978905,2.101553
member,31844,3,5,0,1.821391,0.161801,0.164440,2.092719,1.190477,-0.016181,2.092719
member,4273,0,7,0,2.760728,0.063246,0.304143,1.870440,0.218126,-1.570469,1.870440
member,47403,4,6,0,2.435783,0.087529,0.294004,1.884891,1.576825,-1.211621,1.884891
member,23361,1,0,0,2.416962,0.089192,0.577077,1.196972,1.902102,-1.867183,1.196972
member,2322,0,0,1,1.453283,0.233802,0.233802,2.102922,1.113332,0.349850,-2.102922
member,14972,3,3,1,1.708271,0.181179,0.181179,2.200774,0.858226,0.092731,-2.200774
member,16451,6,3,0,2.033317,0.130901,0.254323,1.950287,1.069384,-0.664168,1.950287
member,14545,9,0,0,1.933083,0.144701,0.420812,1.574734,1.449430,-1.067514,1.574734
member,19313,1,6,0,1.816491,0.162595,0.318532,1.922210,1.714696,-0.672460,1.922210
member,23670,2,7,0,1.718016,0.179422,0.246176,2.084214,0.928185,-0.316309,2.084214
member,37049,0,0,1,0.781458,0.457738,0.457738,1.693115,2.172181,0.800910,-1.693115
member,45912,8,0,0,1.449901,0.234593,0.401345,1.768041,1.449791,-0.536966,1.768041
member,26319,6,6,1,0.783468,0.456819,0.456819,1.748215,2.531574,1.428938,-1.748215
member,33921,7,1,0,4.635338,0.009703,0.527022,1.482381,-0.444962,-3.994826,1.482381
member,6322,8,0,0,1.554638,0.211266,0.462364,1.675362,1.439080,-0.783234,1.675362
member,465,8,9,0,3.286869,0.037371,0.449919,1.728160,-0.200993,-2.488182,1.728160
member,3253,2,6,0,2.927306,0.053541,0.448349,1.730487,0.930631,-2.125124,1.730487
member,10986,8,7,0,4.226337,0.014606,0.282703,1.870491,-1.128401,-2.962978,1.870491
member,14750,5,3,0,1.697190,0.183198,0.205885,1.998054,1.201386,-0.116751,1.998054
member,14784,9,9,1,1.111588,0.329036,0.329036,2.053422,1.533755,0.865555,-2.053422
member,564,0,8,0,1.378880,0.251860,0.294933,1.765402,1.747844,-0.157873,1.765402
member,43126,3,3,1,1.617665,0.198361,0.198361,2.027919,1.223525,0.033415,-2.027919
member,12724,2,2,1,1.908469,0.148307,0.148307,2.270816,0.485573,0.162410,-2.270816
member,33807,4,4,1,1.635802,0.194796,0.194796,1.898308,1.956543,0.007684,-1.898308
member,7298,2,6,0,2.069554,0.126242,0.316994,1.977041,0.827277,-0.920682,1.977041
member,25388,1,9,0,1.502422,0.222590,0.295351,1.750934,1.625274,-0.282833,1.750934
member,19685,6,6,1,0.561399,0.570410,0.570410,1.313276,4.710482,1.050687,-1.313276
member,34488,2,9,0,3.959907,0.019065,0.487736,1.454961,-0.474490,-3.241925,1.454961
member,37827,4,8,0,3.093356,0.045350,0.176605,2.192467,-0.451395,-1.359517,2.192467
member,3593,6,6,1,1.300319,0.272445,0.272445,1.946208,1.808122,0.303474,-1.946208
member,12400,8,8,1,0.377639,0.685478,0.685478,0.948006,4.899018,1.431128,-0.948006
member,29939,4,6,0,1.722936,0.178541,0.328746,1.866071,1.451945,-0.610465,1.866071
member,24854,6,7,0,2.009257,0.134088,0.187329,2.174443,0.506231,-0.334370,2.174443
member,21775,9,9,1,0.996051,0.369335,0.369335,1.895034,1.806049,0.676557,-1.895034
member,38918,7,7,1,1.988598,0.136887,0.136887,2.262681,0.431229,0.028443,-2.262681
member,7525,2,6,0,2.937677,0.052989,0.300379,1.826858,0.787581,-1.734968,1.826858
member,8901,7,7,1,1.493712,0.224538,0.224538,1.952190,1.859847,0.242461,-1.952190
member,24778,4,6,0,1.908821,0.148255,0.359141,1.901612,1.098481,-0.884781,1.901612
member,40303,9,6,0,4.106763,0.016461,0.274622,1.894497,-0.281686,-2.814403,1.894497
member,39665,3,6,0,2.598631,0.074375,0.177770,2.084981,0.326757,-0.871366,2.084981
member,31512,1,9,0,1.293718,0.274249,0.377678,1.589823,2.125514,-0.320004,1.589823
member,26722,0,0,1,0.197906,0.820447,0.820447,0.591671,5.231979,1.692643,-0.591671
member,11904,6,6,1,1.163424,0.312415,0.312415,1.817517,2.418276,0.507427,-1.817517
member,32149,0,0,1,1.279264,0.278242,0.278242,1.634523,2.248159,0.185597,-1.634523
member,48831,2,3,0,2.624852,0.072450,0.240730,1.950498,1.040339,-1.200773,1.950498
member,21257,8,0,0,1.402735,0.245924,0.695123,0.862049,3.192793,-1.039068,0.862049
member,43772,8,0,0,1.722257,0.178663,0.319902,2.007565,0.882714,-0.582516,2.007565
member,42846,5,7,0,2.668012,0.069390,0.258638,1.927909,0.761940,-1.315688,1.927909
member,32748,8,8,1,0.741404,0.476444,0.476444,1.427659,3.068325,1.039759,-1.427659
member,34535,9,9,1,1.509412,0.221040,0.221040,2.092625,1.367078,0.270069,-2.092625
member,31920,9,9,1,0.771538,0.462302,0.462302,1.492538,2.754902,0.613886,-1.492538
member,34536,3,5,0,1.771042,0.170156,0.225014,2.082135,1.449048,-0.279449,2.082135
member,9073,3,5,0,1.397385,0.247243,0.249370,1.763885,2.084333,-0.008567,1.763885
member,2338,9,9,1,0.499086,0.607085,0.607085,1.221015,3.223359,0.920158,-1.221015
member,17026,0,0,1,1.710263,0.180818,0.180818,2.251316,0.684390,0.456980,-2.251316
member,20214,1,9,0,1.107534,0.330373,0.394877,1.583793,2.190778,-0.178352,1.583793
member,10992,1,1,1,1.130598,0.322840,0.322840,1.913936,1.975317,0.454988,-1.913936
member,16339,3,3,1,0.749655,0.472529,0.472529,1.594139,2.765874,0.816485,-1.594139
member,49126,7,7,1,1.684433,0.185550,0.185550,2.168869,0.925119,0.223580,-2.168869
member,42627,9,9,1,1.020470,0.360425,0.360425,1.968664,1.897197,0.916530,-1.968664
member,43376,9,1,0,1.082083,0.338889,0.351995,1.529392,2.412992,-0.037945,1.529392
member,7270,5,0,0,2.958203,0.051912,0.278196,2.101628,-0.426458,-1.678773,2.101628
member,26457,8,0,0,1.431755,0.238889,0.239928,1.920678,1.351410,-0.004337,1.920678
member,16281,8,1,0,2.753431,0.063709,0.673925,1.046104,1.685034,-2.358794,1.046104
member,8726,2,7,0,2.283318,0.101945,0.426100,1.649788,0.845687,-1.430236,1.649788
member,24192,3,6,0,2.496427,0.082379,0.522806,1.503613,1.745826,-1.847883,1.503613
member,29727,7,0,0,1.881934,0.152295,0.172615,2.135033,0.896136,-0.125245,2.135033
member,1566,2,1,0,3.107194,0.044726,0.391577,1.726653,0.246915,-2.169621,1.726653
member,43976,1,6,0,1.903206,0.149090,0.464044,1.700140,1.774451,-1.135431,1.700140
member,11753,5,3,0,3.097495,0.045162,0.252113,1.974077,0.095000,-1.719615,1.974077
member,37022,0,0,1,1.047263,0.350897,0.350897,1.649602,2.286011,0.305231,-1.649602
member,34920,6,6,1,0.504248,0.603959,0.603959,1.382365,3.856187,1.547696,-1.382365
member,13365,6,6,1,0.796935,0.450708,0.450708,1.601508,3.934502,1.150429,-1.601508
member,37398,8,9,0,2.244648,0.105965,0.216544,2.115887,0.331089,-0.714688,2.115887
member,36168,4,9,0,3.156144,0.042590,0.309626,2.008390,-0.432363,-1.983755,2.008390
member,12425,3,9,0,3.230669,0.039531,0.412903,1.794694,-0.149305,-2.346125,1.794694
member,644,1,8,0,1.979096,0.138194,0.466225,1.367809,1.666121,-1.216010,1.367809
member,1039,0,8,0,1.264652,0.282338,0.514844,1.294652,2.672081,-0.600760,1.294652
member,28076,4,1,0,2.717606,0.066033,0.281339,2.003215,0.398098,-1.449410,2.003215
member,11214,7,7,1,0.639704,0.527449,0.527449,1.515113,3.157876,1.326535,-1.515113
member,332,0,1,0,3.857699,0.021117,0.401746,1.719658,-0.745835,-2.945764,1.719658
member,6483,5,5,1,0.757686,0.468750,0.468750,1.502162,3.610676,0.862386,-1.502162
member,45638,6,5,0,2.188586,0.112075,0.209390,1.882401,1.182072,-0.625030,1.882401
member,32732,3,3,1,1.536519,0.215129,0.215129,2.150813,1.018128,0.298659,-2.150813
member,8178,2,1,0,2.600892,0.074207,0.282590,1.904539,0.486785,-1.337134,1.904539
member,16758,3,3,1,1.395735,0.247651,0.247651,2.016857,1.818608,0.271334,-2.016857
member,47721,3,0,0,2.818498,0.059696,0.235291,2.111948,-0.219509,-1.371565,2.111948
member,33287,8,8,1,0.789609,0.454022,0.454022,1.412893,3.148690,0.665339,-1.412893
member,45682,7,9,0,1.981179,0.137907,0.235522,1.967844,0.766834,-0.535228,1.967844
member,47933,3,7,0,2.075082,0.125546,0.231635,2.203202,0.299711,-0.612491,2.203202
member,35572,8,8,1,0.566592,0.567456,0.567456,0.921928,4.967975,0.422692,-0.921928
member,28809,4,7,0,1.938143,0.143971,0.207021,2.043405,1.348960,-0.363208,2.043405
member,20361,5,0,0,3.336813,0.035550,0.336403,1.921838,-0.567607,-2.247368,1.921838
member,4449,3,9,0,2.658021,0.070087,0.217286,2.009126,0.207016,-1.131479,2.009126
member,47534,4,3,0,2.343969,0.095946,0.223180,2.112477,0.463675,-0.844194,2.112477
member,18203,0,0,1,0.581018,0.559329,0.559329,0.963635,4.224036,0.399797,-0.963635
member,18726,8,1,0,1.337429,0.262520,0.485122,1.440887,2.525060,-0.614074,1.440887
member,28131,3,7,0,2.001935,0.135074,0.192788,2.116315,0.551774,-0.355769,2.116315
member,12915,0,7,0,4.629731,0.009757,0.265689,1.902784,-1.248958,-3.304304,1.902784
member,46303,0,0,1,0.126997,0.880736,0.880736,0.480495,5.308032,2.290950,-0.480495
member,39061,4,6,0,1.769628,0.170396,0.294714,1.942130,1.399211,-0.547877,1.942130
member,15509,0,7,0,2.822522,0.059456,0.140919,2.252365,-0.380151,-0.862949,2.252365
member,16421,3,3,1,1.202016,0.300588,0.300588,1.956391,2.137351,0.496513,-1.956391
member,2574,0,8,0,2.000841,0.135222,0.739950,0.870088,2.981467,-1.699667,0.870088
member,38350,4,4,1,1.321324,0.266782,0.266782,1.845294,2.175252,0.237447,-1.845294
member,34002,0,0,1,0.425675,0.653329,0.653329,0.953969,4.317643,0.921758,-0.953969
member,10600,6,6,1,0.941511,0.390038,0.390038,1.824360,2.483593,1.111019,-1.824360
member,6936,3,9,0,2.470327,0.084557,0.336477,1.812703,0.822228,-1.381101,1.812703
member,34096,8,9,0,1.481164,0.227373,0.557769,1.118783,3.096690,-0.897354,1.118783
member,38822,1,9,0,1.074384,0.341508,0.465035,1.416108,2.600386,-0.308743,1.416108
member,30888,0,8,0,3.180298,0.041573,0.646752,0.969482,1.918664,-2.744506,0.969482
member,1498,7,7,1,0.910111,0.402479,0.402479,1.883814,2.056707,1.190849,-1.883814
member,29445,4,6,0,1.938048,0.143985,0.213654,2.086206,0.750935,-0.394653,2.086206
member,29517,2,6,0,1.809694,0.163704,0.227005,1.958145,1.648614,-0.326913,1.958145
member,32131,0,0,1,0.090490,0.913483,0.913483,0.375431,5.565058,2.631230,-0.375431
member,31914,7,6,0,1.760978,0.171877,0.272668,1.934531,1.405924,-0.461477,1.934531
member,20537,0,0,1,0.421159,0.656286,0.656286,1.173640,3.305377,1.363582,-1.173640
member,31679,4,9,0,2.704504,0.066903,0.275151,2.021777,-0.021064,-1.414069,2.021777
member,28406,9,9,1,0.450947,0.637024,0.637024,1.111132,3.577817,1.057198,-1.111132
member,49270,7,7,1,1.197769,0.301867,0.301867,2.024910,1.513196,0.641532,-2.024910
member,47068,0,0,1,0.563964,0.568949,0.568949,1.485714,2.545295,1.232921,-1.485714
member,28691,5,6,0,1.907623,0.148433,0.212599,1.963997,1.396293,-0.359276,1.963997
member,48329,9,6,0,2.667288,0.069440,0.382574,1.795433,0.746051,-1.706456,1.795433
member,41820,4,6,0,1.740700,0.175398,0.264773,1.899000,1.484886,-0.411815,1.899000
member,13534,1,9,0,1.395693,0.247661,0.332174,1.530353,2.067847,-0.293597,1.530353
member,35458,6,1,0,1.591545,0.203611,0.257914,1.942053,1.748662,-0.236418,1.942053
member,4859,0,1,0,8.977553,0.000126,0.415390,1.543946,-4.621986,-8.099015,1.543946
member,30931,5,6,0,2.463520,0.085135,0.340884,1.930360,0.572930,-1.387306,1.930360
member,14074,1,1,1,1.583463,0.205263,0.205263,2.025853,1.381402,0.073287,-2.025853
member,39011,8,9,0,1.437285,0.237572,0.405446,1.416003,2.343216,-0.534518,1.416003
member,15444,3,7,0,2.336546,0.096661,0.425237,1.779581,1.116376,-1.481438,1.779581
member,42644,0,0,1,0.163116,0.849493,0.849493,0.693405,4.024425,2.739685,-0.693405
member,42824,9,9,1,1.498676,0.223426,0.223426,2.066894,1.551394,0.364152,-2.066894
member,484,4,6,0,1.947038,0.142696,0.225265,2.110341,0.821617,-0.456559,2.110341
member,40139,8,1,0,2.151779,0.116277,0.485293,1.619844,1.166505,-1.428777,1.619844
member,35248,0,0,1,0.434586,0.647533,0.647533,0.788581,5.838737,0.705495,-0.788581
member,47552,6,6,1,1.551234,0.211986,0.211986,2.123432,1.121341,0.352978,-2.123432
member,35751,5,7,0,1.880949,0.152445,0.325557,1.908662,1.003285,-0.758732,1.908662
member,31134,3,3,1,0.985750,0.373159,0.373159,1.814905,2.504177,0.555999,-1.814905
member,19232,0,0,1,0.248529,0.779948,0.779948,0.862119,3.983587,2.029902,-0.862119
member,14475,9,7,0,1.969901,0.139471,0.525557,1.599093,1.256822,-1.326604,1.599093
member,29800,7,2,0,1.725919,0.178009,0.181475,2.093436,1.114500,-0.019282,2.093436
member,31801,5,0,0,5.006616,0.006694,0.574282,1.242003,-1.052228,-4.451980,1.242003
member,24675,7,1,0,1.865138,0.154875,0.231371,2.020273,1.431559,-0.401407,2.020273
member,5236,1,9,0,1.993461,0.136223,0.491887,1.581526,1.498743,-1.283956,1.581526
member,28201,7,5,0,1.402400,0.246006,0.296416,1.781882,2.543170,-0.186408,1.781882
member,8042,8,9,0,1.026742,0.358172,0.399749,1.369652,2.698696,-0.109823,1.369652
member,3767,5,5,1,1.948419,0.142499,0.142499,2.254067,0.429185,0.001009,-2.254067
member,31209,1,9,0,1.679160,0.186531,0.548705,1.258285,2.736514,-1.078966,1.258285
member,22329,0,9,0,2.359771,0.094442,0.283663,2.128029,0.250717,-1.099802,2.128029
member,37277,2,6,0,2.774777,0.062363,0.375089,1.811502,0.746582,-1.794186,1.811502
member,29832,5,8,0,3.370462,0.034374,0.330335,1.736482,-0.292336,-2.262814,1.736482
member,7524,6,0,0,4.447184,0.011711,0.258997,1.978041,-1.663074,-3.096245,1.978041
member,6807,5,3,0,1.435267,0.238052,0.288402,1.722363,1.873936,-0.191869,1.722363
member,11098,6,3,0,2.447445,0.086514,0.128884,2.279732,-0.020988,-0.398601,2.279732
member,4729,7,7,1,1.148363,0.317155,0.317155,1.842538,2.473097,0.770911,-1.842538
member,6769,1,8,0,1.431485,0.238954,0.377723,1.709510,1.708007,-0.457890,1.709510
member,23257,6,6,1,0.860035,0.423147,0.423147,1.752439,2.676251,1.184854,-1.752439
member,9553,2,6,0,2.143417,0.117253,0.272518,1.985360,0.907487,-0.843365,1.985360
member,11910,1,9,0,0.903743,0.405051,0.475254,1.169774,3.128151,-0.159837,1.169774
member,25133,8,8,1,0.150908,0.859927,0.859927,0.574382,5.675839,2.719702,-0.574382
member,19366,6,6,1,0.698781,0.497191,0.497191,1.659331,2.726168,1.441966,-1.659331
member,16002,0,3,0,5.572706,0.003800,0.217694,2.018259,-2.083502,-4.048039,2.018259
member,1644,4,6,0,1.474725,0.228842,0.249974,1.889191,1.768198,-0.088327,1.889191
member,45780,1,9,0,1.164704,0.312015,0.454702,1.497156,2.318352,-0.376590,1.497156
member,20134,9,0,0,2.693423,0.067649,0.520739,1.666096,0.240275,-2.040916,1.666096
member,28821,1,6,0,2.675382,0.068881,0.335946,1.910400,0.858411,-1.584578,1.910400
member,27636,1,9,0,2.414523,0.089410,0.250285,2.091036,0.296883,-1.029367,2.091036
member,40657,5,3,0,1.515056,0.219796,0.280351,1.883485,1.579017,-0.243343,1.883485
member,3279,7,7,1,0.823052,0.439090,0.439090,1.756356,2.396390,1.210966,-1.756356
member,43953,3,5,0,1.242735,0.288594,0.290540,1.834994,1.942995,-0.006721,1.834994
member,39537,6,4,0,2.478341,0.083882,0.246490,1.852908,0.891352,-1.077905,1.852908
member,44980,3,6,0,2.590230,0.075003,0.650060,1.295229,1.685829,-2.159540,1.295229
member,22665,0,1,0,2.005159,0.134639,0.186009,2.146894,0.511422,-0.323199,2.146894
member,8248,8,8,1,0.296894,0.743123,0.743123,0.874597,4.217973,1.612615,-0.874597
member,16166,5,5,1,1.795767,0.166000,0.166000,2.183229,0.941686,0.136180,-2.183229
member,31708,5,6,0,3.239863,0.039169,0.310933,1.659731,0.867469,-2.071686,1.659731
member,37417,3,9,0,2.393778,0.091284,0.223737,2.028471,0.584462,-0.896496,2.028471
member,38542,1,3,0,1.627264,0.196466,0.235063,1.909413,1.755120,-0.179363,1.909413
member,38705,2,0,0,2.962969,0.051665,0.513730,1.622962,0.023307,-2.296911,1.622962
member,40564,9,9,1,1.059392,0.346666,0.346666,1.660028,2.236967,0.524724,-1.660028
member,26084,6,6,1,1.336331,0.262808,0.262808,1.961005,1.849461,0.563112,-1.961005
member,17004,8,9,0,1.902527,0.149191,0.340805,1.901088,0.885921,-0.826082,1.901088
member,42436,6,6,1,1.505862,0.221826,0.221826,2.077789,1.227029,0.130613,-2.077789
member,6705,9,9,1,0.735423,0.479303,0.479303,1.287280,3.399376,0.535884,-1.287280
member,10172,8,8,1,0.589773,0.554453,0.554453,1.498304,2.742131,1.162013,-1.498304
member,22085,6,1,0,3.208647,0.040411,0.272411,2.045090,-0.490089,-1.908203,2.045090
member,48743,9,9,1,0.958008,0.383656,0.383656,1.460745,2.972729,0.319998,-1.460745
member,5152,5,0,0,2.972944,0.051153,0.304482,1.968543,-0.279391,-1.783799,1.968543
member,13059,2,9,0,2.376456,0.092879,0.223409,2.141860,0.256603,-0.877705,2.141860
member,17721,5,3,0,1.189196,0.304466,0.329542,1.680081,2.856528,-0.079146,1.680081
member,42213,9,9,1,0.848814,0.427922,0.427922,1.318955,3.436233,0.227501,-1.318955
member,24801,3,6,0,1.994276,0.136112,0.179013,2.067271,0.887047,-0.273978,2.067271
member,20155,1,5,0,1.357779,0.257232,0.332342,1.728243,2.521360,-0.256188,1.728243
member,5146,1,9,0,1.825096,0.161202,0.301232,1.743596,1.322859,-0.625221,1.743596
member,32729,9,1,0,1.993429,0.136227,0.293942,2.019639,0.930562,-0.769057,2.019639
member,49252,4,6,0,2.082790,0.124582,0.372038,1.848272,1.243352,-1.094030,1.848272
member,49476,7,1,0,2.209209,0.109787,0.184428,2.211777,0.501800,-0.518715,2.211777
member,39442,8,8,1,0.619162,0.538395,0.538395,1.259688,3.348395,0.717886,-1.259688
member,43120,5,3,0,1.459831,0.232275,0.324594,1.917966,1.641410,-0.334650,1.917966
member,18576,5,0,0,3.205348,0.040545,0.503006,1.657794,-0.277021,-2.518195,1.657794
member,41584,7,6,0,1.697731,0.183098,0.343265,1.786931,1.955317,-0.628479,1.786931
member,35108,7,9,0,2.212098,0.109471,0.294621,2.101821,0.375460,-0.990032,2.101821
member,36717,9,8,0,1.229908,0.292319,0.553190,1.090819,3.542311,-0.637854,1.090819
member,20616,1,3,0,2.215510,0.109098,0.182349,2.151500,0.371824,-0.513678,2.151500
member,17768,3,3,1,1.434532,0.238227,0.238227,1.941769,1.898276,0.170022,-1.941769
member,16397,0,0,1,0.120374,0.886589,0.886589,0.387605,7.329784,2.121096,-0.387605
member,1232,9,6,0,2.308228,0.099437,0.285557,1.939561,0.834793,-1.054916,1.939561
member,40279,1,8,0,1.351008,0.258979,0.349816,1.478671,2.239125,-0.300660,1.478671
member,11069,8,8,1,0.498306,0.607559,0.607559,0.909093,7.097286,0.641068,-0.909093
member,32393,5,1,0,2.713022,0.066336,0.254648,1.859697,0.531357,-1.345150,1.859697
member,9430,0,0,1,1.147997,0.317272,0.317272,2.022112,1.501769,0.796849,-2.022112
member,17863,3,3,1,1.622073,0.197489,0.197489,2.055552,1.052427,0.032448,-2.055552
member,34417,0,0,1,0.116081,0.890404,0.890404,0.484114,4.854355,2.528666,-0.484114
member,44844,4,6,0,2.586551,0.075279,0.477993,1.646109,1.852107,-1.848391,1.646109
member,27616,9,1,0,1.718213,0.179386,0.296496,1.932335,1.348715,-0.502492,1.932335
member,13034,9,3,0,2.647471,0.070830,0.163428,2.150828,0.249663,-0.836088,2.150828
member,1603,3,7,0,2.134715,0.118278,0.278184,1.724090,2.516674,-0.855243,1.724090
member,25036,9,7,0,4.710708,0.008998,0.202949,1.901999,-0.833397,-3.115906,1.901999
member,43368,0,0,1,0.051374,0.949923,0.949923,0.219612,7.258840,3.033848,-0.219612
member,8537,7,4,0,2.217540,0.108877,0.166930,2.133481,0.637691,-0.427357,2.133481
member,28601,9,1,0,1.443013,0.236215,0.502955,1.512106,2.194863,-0.755759,1.512106
member,30644,6,6,1,1.344471,0.260677,0.260677,1.869938,2.034294,0.205956,-1.869938
member,37321,2,6,0,2.514086,0.080937,0.333095,1.775789,1.924258,-1.414757,1.775789
member,17284,1,0,0,2.741495,0.064474,0.560945,1.550470,0.339195,-2.163363,1.550470
member,8375,4,6,0,2.058280,0.127673,0.453539,1.734451,1.294874,-1.267605,1.734451
member,32582,2,2,1,1.612205,0.199447,0.199447,2.067136,1.112561,0.111672,-2.067136
member,49232,1,6,0,1.436855,0.237674,0.457437,1.614632,2.347340,-0.654737,1.614632
member,15350,9,1,0,1.220715,0.295019,0.329192,1.315243,3.047520,-0.109601,1.315243
member,42885,9,1,0,1.353532,0.258326,0.419703,1.697488,2.041763,-0.485323,1.697488
member,33626,8,8,1,1.018482,0.361143,0.361143,1.527504,2.458081,0.011081,-1.527504
member,1536,6,7,0,1.542285,0.213892,0.272543,1.875173,1.977458,-0.242327,1.875173
member,42911,9,9,1,1.092098,0.335512,0.335512,1.936883,1.657152,0.511203,-1.936883
member,21190,5,7,0,2.954076,0.052127,0.261730,2.011076,-0.106501,-1.613635,2.011076
member,1181,8,8,1,0.224764,0.798705,0.798705,0.659639,8.482600,1.717717,-0.659639
member,6583,2,7,0,1.894253,0.150431,0.187740,1.857167,1.850698,-0.221555,1.857167
member,11499,4,6,0,3.099572,0.045068,0.419257,1.697462,0.365492,-2.230301,1.697462
member,30780,9,9,1,0.813844,0.443151,0.443151,1.323258,3.575318,0.459358,-1.323258
member,10126,3,5,0,0.985548,0.373235,0.412877,1.374671,3.842992,-0.100942,1.374671
member,13022,7,8,0,3.305442,0.036683,0.251065,2.024678,-0.576884,-1.923397,2.024678
member,34212,8,8,1,0.235560,0.790128,0.790128,0.742157,4.927319,1.826299,-0.742157
member,48907,3,7,0,2.176021,0.113492,0.357992,1.700363,2.606904,-1.148776,1.700363
member,21228,6,6,1,1.280317,0.277949,0.277949,1.976863,1.665748,0.610572,-1.976863
member,4455,2,8,0,3.461547,0.031381,0.468747,1.472893,-0.084599,-2.703854,1.472893
member,8440,2,6,0,2.298380,0.100421,0.212834,1.858543,1.430607,-0.751136,1.858543
member,5712,2,6,0,2.498001,0.082249,0.250866,1.969752,0.512384,-1.115163,1.969752
member,27662,3,3,1,1.428159,0.239750,0.239750,2.157412,1.565615,0.661184,-2.157412
member,19824,9,9,1,0.756595,0.469261,0.469261,1.421399,2.853932,0.751289,-1.421399
member,31175,6,6,1,0.319346,0.726624,0.726624,1.059660,4.463705,2.129381,-1.059660
member,11709,0,0,1,1.488168,0.225786,0.225786,2.139821,0.995822,0.251630,-2.139821
member,15719,6,6,1,1.020354,0.360467,0.360467,1.793900,2.649015,0.634161,-1.793900
member,20475,1,1,1,0.560784,0.570762,0.570762,1.500562,2.747102,1.276313,-1.500562
member,18424,0,0,1,0.684125,0.504531,0.504531,1.382346,3.312460,0.943526,-1.382346
member,9549,1,1,1,1.233960,0.291138,0.291138,1.973559,1.751111,0.394262,-1.973559
member,43965,0,0,1,0.405322,0.666762,0.666762,1.168781,3.395682,1.577013,-1.168781
member,31206,7,7,1,1.333072,0.263666,0.263666,1.982203,1.523651,0.384291,-1.982203
member,12967,0,0,1,0.012670,0.987410,0.987410,0.081112,7.461233,4.706044,-0.081112
member,41470,2,8,0,2.765469,0.062947,0.463574,1.656299,0.170550,-1.996681,1.656299
member,46710,8,8,1,0.377500,0.685573,0.685573,0.848793,4.885800,1.002728,-0.848793
member,9293,3,1,0,2.515093,0.080855,0.389084,1.614465,0.944545,-1.571133,1.614465
member,38335,0,0,1,0.059262,0.942460,0.942460,0.283406,5.848007,3.153504,-0.283406
member,18614,0,0,1,0.557335,0.572734,0.572734,1.115295,3.557556,0.602881,-1.115295
member,38274,8,3,0,6.192460,0.002045,0.423994,1.321535,-1.526296,-5.334424,1.321535
member,4519,3,6,0,2.329032,0.097390,0.319524,1.837299,1.170304,-1.188109,1.837299
member,22109,0,0,1,1.037143,0.354466,0.354466,1.812302,1.905763,0.483519,-1.812302
member,42242,5,6,0,1.905944,0.148682,0.514659,1.545784,2.474916,-1.241694,1.545784
member,18222,3,7,0,1.914628,0.147397,0.229319,2.132764,0.604896,-0.441985,2.132764
member,45395,3,6,0,2.009463,0.134061,0.261948,1.996165,1.010109,-0.669855,1.996165
member,4884,5,6,0,2.071242,0.126029,0.348618,1.819277,1.463978,-1.017463,1.819277
member,4506,7,7,1,0.635286,0.529784,0.529784,1.556715,2.668282,1.101202,-1.556715
member,42663,1,1,1,0.360981,0.696992,0.696992,1.032737,3.620361,1.315317,-1.032737
member,25811,7,6,0,1.984507,0.137448,0.224996,1.990529,1.149433,-0.492834,1.990529
member,11124,6,6,1,0.936906,0.391838,0.391838,1.782204,2.702182,0.957700,-1.782204
member,664,9,1,0,1.765930,0.171028,0.195852,2.008095,1.803223,-0.135533,2.008095
member,19130,2,0,0,3.400126,0.033369,0.370361,1.722639,-0.283604,-2.406848,1.722639
member,40410,1,0,0,2.778563,0.062128,0.592488,1.485574,0.365232,-2.255139,1.485574
member,18299,0,0,1,0.432880,0.648638,0.648638,1.032064,3.824592,0.987748,-1.032064
member,6684,3,6,0,1.850024,0.157233,0.158726,2.114409,0.858842,-0.009451,2.114409
member,501,8,1,0,2.229633,0.107568,0.206627,2.187371,0.267540,-0.652794,2.187371
member,28098,1,0,0,2.205410,0.110205,0.220748,2.127077,0.446941,-0.694677,2.127077
member,44871,9,9,1,1.219440,0.295395,0.295395,1.904123,1.701278,0.030756,-1.904123
member,32650,4,2,0,2.473700,0.084272,0.165711,2.176293,0.038029,-0.676190,2.176293
member,41288,8,8,1,0.266048,0.766402,0.766402,0.789008,5.400646,1.780322,-0.789008
member,33570,8,8,1,0.523768,0.592284,0.592284,1.384095,3.092724,1.526783,-1.384095
member,31892,5,6,0,2.315537,0.098713,0.458765,1.668272,1.988479,-1.536320,1.668272
member,49650,7,9,0,2.790935,0.061364,0.525988,1.539500,0.530782,-2.148458,1.539500
member,48951,2,1,0,2.461998,0.085264,0.255703,1.929364,0.989018,-1.098258,1.929364
member,18087,5,3,0,1.599170,0.202064,0.381165,1.739391,2.201334,-0.634648,1.739391
member,11178,0,6,0,4.825068,0.008026,0.209893,2.062609,-1.871918,-3.263909,2.062609
member,19602,5,7,0,2.126398,0.119266,0.173608,2.164221,0.527348,-0.375440,2.164221
member,13251,5,0,0,4.277886,0.013872,0.334958,1.622824,-0.713909,-3.184136,1.622824
member,16416,2,7,0,2.055598,0.128016,0.163887,2.246319,0.351723,-0.247018,2.246319
member,23206,5,8,0,2.917923,0.054046,0.304569,2.018650,-0.387293,-1.729065,2.018650
member,39880,5,0,0,2.844409,0.058169,0.364264,1.987905,-0.205900,-1.834534,1.987905
member,39375,3,5,0,1.693104,0.183948,0.213561,2.046822,1.487499,-0.149274,2.046822
member,11436,2,7,0,3.260455,0.038371,0.676764,1.094437,1.120770,-2.870023,1.094437
member,45269,5,6,0,1.562829,0.209543,0.320544,1.788613,2.118139,-0.425093,1.788613
member,29463,5,6,0,2.121076,0.119903,0.161458,2.158612,0.472964,-0.297566,2.158612
member,6736,1,0,0,1.964991,0.140157,0.395804,1.809428,0.915420,-1.038155,1.809428
member,20686,0,0,1,0.508704,0.601274,0.601274,1.371682,2.882990,1.404344,-1.371682
member,17049,4,7,0,3.110289,0.044588,0.253193,1.942786,0.091656,-1.736686,1.942786
member,45511,5,6,0,1.416601,0.242537,0.360730,1.653510,3.269627,-0.396976,1.653510
member,4844,5,6,0,2.323731,0.097908,0.402304,1.654016,2.028321,-1.413185,1.654016
member,3272,7,7,1,0.819590,0.440612,0.440612,1.776367,2.224678,1.001818,-1.776367
member,32713,0,0,1,1.293193,0.274393,0.274393,2.103772,1.285164,0.629424,-2.103772
member,33177,3,7,0,2.371017,0.093386,0.184764,2.161839,0.389716,-0.682343,2.161839
member,49770,3,1,0,2.406859,0.090098,0.417608,1.738097,0.550034,-1.533647,1.738097
member,31807,7,0,0,4.535418,0.010722,0.847214,0.676327,0.027785,-4.369616,0.676327
member,33269,5,6,0,2.285194,0.101754,0.219661,2.011998,0.740018,-0.769524,2.011998
member,16095,7,9,0,2.760990,0.063229,0.499463,1.579460,0.354079,-2.066769,1.579460
member,8904,7,9,0,2.345438,0.095805,0.252911,2.157547,0.172764,-0.970720,2.157547
member,8406,8,9,0,1.260240,0.283586,0.420507,1.513849,2.027961,-0.393946,1.513849
member,5012,2,1,0,2.231366,0.107382,0.189919,2.196978,0.321543,-0.570207,2.196978
member,4243,3,6,0,1.386864,0.249858,0.272072,1.843805,2.285101,-0.085178,1.843805
member,15418,8,7,0,5.293441,0.005024,0.391475,1.828573,-2.046085,-4.355607,1.828573
member,41123,7,6,0,1.978662,0.138254,0.385740,1.730504,1.979816,-1.026070,1.730504
member,29755,5,6,0,2.104306,0.121930,0.203568,2.076076,0.948589,-0.512548,2.076076
member,32163,9,9,1,0.812942,0.443551,0.443551,1.528371,2.674459,0.628724,-1.528371
member,31979,2,0,0,3.121943,0.044071,0.603572,1.453301,0.063929,-2.617053,1.453301
member,36443,8,1,0,1.984326,0.137473,0.370784,1.820644,1.062905,-0.992190,1.820644
member,16481,4,6,0,1.474480,0.228898,0.351504,1.729314,2.125412,-0.428946,1.729314
member,1114,9,9,1,0.859746,0.423270,0.423270,1.805920,2.289951,1.026799,-1.805920
member,14875,5,1,0,2.787429,0.061579,0.391076,1.794932,0.787996,-1.848575,1.794932
member,6266,4,6,0,3.301855,0.036815,0.461168,1.658357,0.427769,-2.527861,1.658357
member,39208,1,1,1,0.701622,0.495780,0.495780,1.716266,2.348438,1.602773,-1.716266
member,32426,8,1,0,2.889520,0.055603,0.229858,2.107068,-0.046239,-1.419225,2.107068
member,11917,6,6,1,0.743526,0.475435,0.475435,1.499321,4.302927,0.805515,-1.499321
member,23180,6,6,1,1.630994,0.195735,0.195735,2.035914,1.248211,0.151293,-2.035914
member,41353,3,3,1,1.117299,0.327162,0.327162,1.781881,2.202459,0.147638,-1.781881
member,35148,2,6,0,2.276599,0.102633,0.427518,1.721541,1.306275,-1.426840,1.721541
member,30572,2,0,0,9.279383,0.000093,0.938984,0.239519,-0.348630,-9.216426,0.239519
member,47806,8,1,0,3.716487,0.024319,0.204959,2.130943,-0.896110,-2.131543,2.130943
member,45285,7,0,0,4.335064,0.013101,0.548006,1.167138,-0.343456,-3.733595,1.167138
member,42790,6,6,1,0.854694,0.425413,0.425413,1.618612,3.593414,0.664576,-1.618612
member,20996,2,6,0,2.364982,0.093951,0.189263,2.203772,0.141984,-0.700366,2.203772
member,34298,4,9,0,3.730757,0.023975,0.213116,2.032397,-0.822131,-2.184841,2.032397
member,22048,1,1,1,1.153168,0.315635,0.315635,2.019958,1.719711,0.757568,-2.019958
member,2528,4,8,0,4.557525,0.010488,0.496273,1.413832,-0.958678,-3.856896,1.413832
member,30518,4,9,0,3.218090,0.040031,0.441044,1.826934,-0.248222,-2.399479,1.826934
member,29540,0,0,1,0.047075,0.954016,0.954016,0.266558,5.625371,4.445194,-0.266558
member,27440,0,9,0,4.508505,0.011015,0.609538,1.385240,-1.162881,-4.013451,1.385240
member,43854,1,7,0,2.261290,0.104216,0.327832,1.975591,0.581471,-1.146035,1.975591
member,26938,8,8,1,0.901763,0.405853,0.405853,1.331701,3.698281,0.294509,-1.331701
member,2984,5,5,1,1.088058,0.336870,0.336870,1.840398,2.668642,0.605402,-1.840398
member,14773,4,1,0,3.847047,0.021343,0.582950,1.470147,-0.012389,-3.307392,1.470147
member,27927,6,6,1,0.959757,0.382986,0.382986,1.856553,2.225893,1.222942,-1.856553
member,22425,3,6,0,1.421003,0.241472,0.254656,1.874266,2.374098,-0.053162,1.874266
member,26389,7,7,1,1.466185,0.230804,0.230804,2.186573,1.056924,0.745528,-2.186573
member,42168,2,2,1,1.516987,0.219372,0.219372,1.977187,1.263683,0.001774,-1.977187
member,45902,4,7,0,2.073452,0.125751,0.379416,1.789124,1.698180,-1.104331,1.789124
member,19185,1,9,0,1.300626,0.272361,0.292994,1.850255,1.799588,-0.073022,1.850255
member,18986,5,3,0,1.781534,0.168380,0.281058,1.800098,2.161817,-0.512338,1.800098
member,29620,0,9,0,4.101084,0.016555,0.360218,1.502275,-0.661619,-3.080039,1.502275
member,20560,2,6,0,1.688064,0.184877,0.192119,2.034018,1.469676,-0.038425,2.034018
member,35149,0,0,1,0.175880,0.838718,0.838718,0.548868,5.481512,1.823331,-0.548868
member,24234,9,8,0,1.520819,0.218533,0.406615,1.503511,2.230201,-0.620930,1.503511
member,15433,7,6,0,1.801079,0.165121,0.285142,1.734016,2.756765,-0.546311,1.734016
member,2863,0,0,1,0.455995,0.633817,0.633817,1.152807,3.340644,1.039300,-1.152807
member,23219,8,8,1,0.779148,0.458797,0.458797,1.294115,2.837148,0.172996,-1.294115
member,16662,2,1,0,2.302996,0.099959,0.208247,2.194595,0.241333,-0.733965,2.194595
member,15767,0,8,0,2.783644,0.061813,0.289089,1.627427,0.596899,-1.542622,1.627427
member,14478,2,5,0,2.491120,0.082817,0.208012,2.075158,0.842677,-0.920960,2.075158
member,9955,9,9,1,0.596077,0.550969,0.550969,1.458137,2.782358,1.004838,-1.458137
member,31402,3,7,0,2.438078,0.087329,0.398085,1.741658,0.656024,-1.516988,1.741658
member,21049,3,7,0,2.089773,0.123715,0.336169,1.890188,0.841089,-0.999631,1.890188
member,34969,4,7,0,1.741710,0.175220,0.265376,1.865947,1.618330,-0.415104,1.865947
member,24268,1,1,1,1.200104,0.301163,0.301163,1.982279,1.679973,0.672397,-1.982279
member,23204,7,7,1,1.211954,0.297615,0.297615,1.921394,1.553692,0.072948,-1.921394
member,3377,4,7,0,2.312628,0.099001,0.190211,2.153077,0.290271,-0.653009,2.153077
member,1599,1,1,1,0.519554,0.594786,0.594786,1.452631,2.780802,1.515101,-1.452631
member,476,3,3,1,1.136252,0.321020,0.321020,1.940927,2.171581,0.740430,-1.940927
member,10798,0,1,0,9.259311,0.000095,0.619104,1.300776,-4.487515,-8.779829,1.300776
member,8639,4,6,0,2.010388,0.133937,0.479875,1.596916,2.387887,-1.276158,1.596916
member,22142,0,0,1,0.795877,0.451185,0.451185,1.799082,2.058957,1.227958,-1.799082
member,22182,9,9,1,0.898865,0.407031,0.407031,1.767332,2.248429,0.533008,-1.767332
member,9932,1,9,0,1.138710,0.320232,0.463441,1.440639,2.587943,-0.369635,1.440639
member,21046,5,0,0,3.554430,0.028598,0.320305,1.773517,-0.502188,-2.415947,1.773517
member,45442,8,0,0,1.794346,0.166236,0.327508,1.781319,1.288206,-0.678102,1.781319
member,36231,0,0,1,0.971354,0.378570,0.378570,1.737218,2.103776,0.383803,-1.737218
member,43952,7,9,0,3.481464,0.030762,0.589683,1.400501,0.112644,-2.953294,1.400501
member,38326,0,0,1,0.131511,0.876770,0.876770,0.418768,6.540601,2.041710,-0.418768
member,38592,2,3,0,2.486859,0.083171,0.267950,1.794154,1.122508,-1.169902,1.794154
member,17781,1,9,0,1.414305,0.243094,0.399043,1.770552,1.588934,-0.495618,1.770552
member,29875,1,1,1,0.890583,0.410416,0.410416,1.493500,2.630541,0.112673,-1.493500
member,31070,8,1,0,2.991539,0.050210,0.242940,2.142142,-0.207234,-1.576600,2.142142
member,22256,6,6,1,1.327361,0.265176,0.265176,1.936430,2.299276,0.516157,-1.936430
member,9459,1,1,1,0.912398,0.401560,0.401560,1.378589,3.094257,0.192159,-1.378589
member,10665,6,6,1,1.421086,0.241452,0.241452,1.949666,1.843524,0.046920,-1.949666
member,8331,4,9,0,2.491710,0.082768,0.308941,1.961229,0.637534,-1.317104,1.961229
member,25865,7,1,0,2.633826,0.071803,0.409226,1.851250,0.558870,-1.740339,1.851250
member,48001,0,0,1,0.409475,0.663999,0.663999,1.160328,3.232642,1.322016,-1.160328
member,17554,6,1,0,1.430588,0.239168,0.265435,1.864994,2.475411,-0.104203,1.864994
member,38886,5,2,0,2.324443,0.097838,0.241064,1.965014,0.562875,-0.901748,1.965014
member,28590,4,7,0,1.684371,0.185561,0.197535,2.044856,1.085913,-0.062533,2.044856
member,15302,9,9,1,1.172501,0.309592,0.309592,1.910131,1.829690,0.405637,-1.910131
member,27980,2,7,0,2.380176,0.092534,0.270477,2.054031,0.315240,-1.072606,2.054031
member,19593,9,9,1,0.760559,0.467405,0.467405,1.612399,2.340085,0.687834,-1.612399
member,11839,4,6,0,1.748915,0.173963,0.325392,1.822910,1.660674,-0.626191,1.822910
member,19062,7,7,1,1.200199,0.301134,0.301134,1.958572,1.796500,0.651182,-1.958572
member,26700,5,1,0,2.932761,0.053250,0.263399,2.001966,-0.123113,-1.598674,2.001966
member,39868,3,4,0,1.998405,0.135551,0.220225,1.952489,1.304356,-0.485298,1.952489
member,18826,6,6,1,1.063300,0.345314,0.345314,1.729452,3.197594,0.594908,-1.729452
member,44782,8,1,0,3.134941,0.043502,0.772205,0.899662,0.997306,-2.876436,0.899662
member,13473,0,0,1,0.678949,0.507150,0.507150,1.555348,2.406857,0.839358,-1.555348
member,1811,0,0,1,0.952551,0.385756,0.385756,1.874864,1.794297,0.833888,-1.874864
member,5576,2,7,0,1.558493,0.210453,0.244584,1.985579,1.371257,-0.150297,1.985579
member,13604,5,7,0,2.118910,0.120163,0.319934,1.969141,0.708183,-0.979269,1.969141
member,45814,5,7,0,3.269069,0.038042,0.294617,1.854319,-0.395160,-2.046989,1.854319
member,19287,2,7,0,2.683955,0.068292,0.279407,2.071679,0.032858,-1.408870,2.071679
member,45444,1,8,0,2.330036,0.097292,0.447257,1.436320,1.094707,-1.525414,1.436320
member,2213,4,7,0,1.943551,0.143195,0.188357,2.186048,0.535382,-0.274135,2.186048
member,27630,4,0,0,4.827125,0.008010,0.556920,1.414631,-1.295837,-4.241790,1.414631
member,43904,2,6,0,2.664799,0.069613,0.616212,1.350855,1.990987,-2.180635,1.350855
member,30731,2,0,0,4.608489,0.009967,0.727003,0.852620,-0.132523,-4.289664,0.852620
member,21255,7,0,0,2.666741,0.069478,0.210833,2.144048,-0.131874,-1.110054,2.144048
member,22982,1,6,0,2.251046,0.105289,0.332101,1.764143,1.188345,-1.148731,1.764143
member,16039,7,4,0,1.825164,0.161191,0.215427,1.847212,2.044549,-0.290033,1.847212
member,2672,4,1,0,2.932268,0.053276,0.253168,2.136927,-0.168403,-1.558568,2.136927
member,29363,2,0,0,1.944293,0.143088,0.177697,2.240342,0.510762,-0.216619,2.240342
member,2608,7,8,0,3.442448,0.031986,0.311848,1.824584,-0.525775,-2.277210,1.824584
member,20496,3,6,0,2.838872,0.058492,0.298869,1.900355,0.290484,-1.631122,1.900355
member,47608,8,8,1,0.617555,0.539261,0.539261,1.225430,4.239522,0.954867,-1.225430
member,5159,6,6,1,0.998441,0.368453,0.368453,1.791916,2.897525,0.798374,-1.791916
member,39381,5,3,0,1.742111,0.175150,0.197882,2.116987,1.160252,-0.122027,2.116987
member,35576,1,3,0,1.676669,0.186996,0.360917,1.714973,1.840426,-0.657561,1.714973
member,34234,0,0,1,0.402549,0.668614,0.668614,1.300749,2.903097,2.390464,-1.300749
member,32777,8,8,1,0.715182,0.489103,0.489103,1.576290,2.534645,0.904259,-1.576290
member,11401,4,9,0,2.808206,0.060313,0.301439,2.038037,-0.139425,-1.609020,2.038037
member,10504,9,0,0,3.673575,0.025386,0.255722,1.952334,-0.747232,-2.309912,1.952334
member,33526,3,3,1,1.063626,0.345202,0.345202,1.857219,1.924517,0.464993,-1.857219
member,41589,3,2,0,2.293444,0.100918,0.174246,2.200547,0.245959,-0.546155,2.200547
member,5754,4,6,0,2.461901,0.085273,0.256681,1.995259,0.656933,-1.101980,1.995259
member,44770,0,0,1,1.142489,0.319024,0.319024,1.857367,1.765884,0.185348,-1.857367
member,22011,3,6,0,2.011395,0.133802,0.402315,1.677268,2.095124,-1.100875,1.677268
member,45388,9,9,1,1.013055,0.363108,0.363108,1.816532,1.889345,0.279047,-1.816532
member,20937,1,1,1,0.840602,0.431451,0.431451,1.697052,3.070235,0.816012,-1.697052
member,21934,6,6,1,1.292347,0.274626,0.274626,1.965770,1.691293,0.480581,-1.965770
member,8034,6,6,1,1.230699,0.292088,0.292088,1.833193,2.534134,0.429244,-1.833193
member,7126,8,9,0,2.632722,0.071883,0.337199,1.892238,0.298985,-1.545639,1.892238
member,47615,8,8,1,0.219864,0.802628,0.802628,0.684158,5.995963,1.853159,-0.684158
member,47790,6,6,1,0.974392,0.377422,0.377422,1.878180,2.486334,1.170602,-1.878180
member,46122,6,4,0,1.833420,0.159866,0.206107,1.945510,1.656861,-0.254060,1.945510
member,35846,0,9,0,2.260072,0.104343,0.271554,1.998768,0.503784,-0.956476,1.998768
member,34582,8,9,0,1.242666,0.288614,0.376049,1.752396,1.622351,-0.264629,1.752396
member,13082,3,6,0,1.815680,0.162727,0.235827,1.937763,2.009885,-0.371024,1.937763
member,40646,7,5,0,3.532562,0.029230,0.351182,1.668323,0.177738,-2.486112,1.668323
member,21905,8,8,1,0.792681,0.452630,0.452630,1.511043,2.621899,0.383893,-1.511043
member,25238,8,9,0,1.827838,0.160761,0.486477,1.382031,1.869644,-1.107271,1.382031
member,35975,7,6,0,1.830654,0.160309,0.213193,1.881943,1.866763,-0.285098,1.881943
member,6496,3,3,1,1.612024,0.199483,0.199483,2.103190,1.227346,0.106639,-2.103190
member,43693,5,7,0,2.362576,0.094177,0.183582,2.224619,0.147078,-0.667480,2.224619
member,33524,7,6,0,1.601773,0.201539,0.279103,1.706897,3.298892,-0.325598,1.706897
member,20701,7,0,0,3.603642,0.027224,0.659970,1.211711,0.149466,-3.188081,1.211711
member,13312,0,0,1,1.373094,0.253322,0.253322,1.937748,1.439265,0.123948,-1.937748
member,10036,6,1,0,3.329983,0.035794,0.311394,1.921808,-0.432564,-2.163286,1.921808
member,14164,4,1,0,2.419116,0.089000,0.231429,2.063352,0.464066,-0.955634,2.063352
member,31154,7,8,0,3.671214,0.025446,0.349246,1.835040,-0.765506,-2.619237,1.835040
member,24948,7,7,1,1.359716,0.256734,0.256734,2.047345,1.699843,0.490870,-2.047345
member,35308,4,9,0,3.412500,0.032959,0.428960,1.710974,-0.476335,-2.566110,1.710974
member,47763,0,0,1,1.442435,0.236351,0.236351,2.051320,1.268754,0.348899,-2.051320
member,32907,6,6,1,1.082625,0.338705,0.338705,1.855930,2.373301,0.726087,-1.855930
member,45609,4,0,0,3.602856,0.027246,0.319873,1.958062,-0.880161,-2.463026,1.958062
member,5253,8,1,0,2.391068,0.091532,0.315444,2.025656,0.678491,-1.237294,2.025656
member,19104,0,0,1,1.392443,0.248467,0.248467,1.813788,1.728079,0.071734,-1.813788
member,32805,5,5,1,0.864330,0.421334,0.421334,1.651729,3.029631,0.774573,-1.651729
member,40516,0,9,0,3.483346,0.030704,0.397653,1.514545,-0.084154,-2.561171,1.514545
member,3882,9,9,1,0.538572,0.583581,0.583581,1.170252,3.627285,0.936565,-1.170252
member,22988,2,4,0,1.712565,0.180403,0.191697,1.936540,1.361691,-0.060725,1.936540
member,31224,7,9,0,2.705920,0.066809,0.315558,1.798158,0.463475,-1.552509,1.798158
member,3418,4,6,0,1.656439,0.190817,0.280282,1.917307,1.433922,-0.384481,1.917307
member,38929,1,9,0,0.961703,0.382242,0.584684,0.855024,4.080668,-0.425018,0.855024
member,23541,3,6,0,1.938092,0.143978,0.442266,1.697025,2.185627,-1.122249,1.697025
member,26354,5,6,0,1.726255,0.177950,0.346021,1.808707,2.071205,-0.664998,1.808707
member,19771,3,0,0,2.967583,0.051427,0.291446,1.903147,-0.228424,-1.734683,1.903147
member,10189,3,7,0,2.217980,0.108829,0.214235,2.086876,0.572442,-0.677299,2.086876
member,44562,3,8,0,3.503696,0.030086,0.367216,1.620713,-0.187384,-2.501890,1.620713
member,44560,7,1,0,2.507957,0.081434,0.271602,2.018657,0.383460,-1.204538,2.018657
member,44944,3,3,1,1.358035,0.257166,0.257166,1.864219,1.978048,0.153223,-1.864219
member,5195,1,0,0,2.336529,0.096663,0.386184,1.943674,0.320419,-1.385087,1.943674
member,37255,2,2,1,1.557541,0.210653,0.210653,2.052389,1.348976,0.057719,-2.052389
member,31610,3,6,0,2.431334,0.087919,0.369847,1.756380,1.103193,-1.436668,1.756380
member,2191,2,4,0,2.069215,0.126285,0.253773,1.986700,0.890993,-0.697901,1.986700
member,31039,9,9,1,0.916075,0.400086,0.400086,1.217821,3.772722,0.139943,-1.217821
member,46776,4,7,0,2.235982,0.106887,0.220316,2.153560,0.371959,-0.723288,2.153560
member,7785,5,3,0,1.839525,0.158893,0.200347,2.003947,1.007555,-0.231818,2.003947
member,46172,7,7,1,0.798083,0.450191,0.450191,1.817357,2.200783,1.337997,-1.817357
member,42978,1,1,1,0.797684,0.450371,0.450371,1.615664,2.918178,0.873255,-1.615664
member,48126,9,9,1,1.203916,0.300017,0.300017,1.846464,1.758624,0.248151,-1.846464
member,3154,6,6,1,1.631489,0.195638,0.195638,2.182054,0.961385,0.361764,-2.182054
member,22795,6,7,0,3.244382,0.038993,0.318068,2.031975,-0.676512,-2.098893,2.031975
member,29895,8,8,1,0.455660,0.634029,0.634029,1.222421,3.374901,1.597877,-1.222421
member,16912,0,0,1,0.359738,0.697859,0.697859,1.032816,4.001203,1.606239,-1.032816
member,41042,8,9,0,2.603221,0.074035,0.378407,1.910002,0.170180,-1.631435,1.910002
member,42715,1,1,1,0.867546,0.419981,0.419981,1.907656,2.417610,1.346103,-1.907656
member,7441,9,9,1,0.327531,0.720701,0.720701,0.797347,4.638269,1.161691,-0.797347
member,12848,7,7,1,0.871516,0.418317,0.418317,1.712122,2.729775,0.832510,-1.712122
member,12619,6,6,1,1.228176,0.292826,0.292826,1.917879,1.767897,0.547480,-1.917879
member,19746,4,4,1,1.424666,0.240589,0.240589,1.879493,1.929615,0.070357,-1.879493
member,1422,9,9,1,0.757091,0.469029,0.469029,1.707874,2.418713,1.054836,-1.707874
member,26894,4,7,0,2.308113,0.099449,0.369345,1.852148,1.161577,-1.312090,1.852148
member,6065,5,7,0,1.983134,0.137637,0.380334,1.819076,1.382690,-1.016429,1.819076
member,37616,1,9,0,1.484026,0.226723,0.314058,1.719499,1.493987,-0.325849,1.719499
member,37028,4,6,0,2.572289,0.076361,0.403425,1.835852,0.563967,-1.664525,1.835852
member,43197,9,7,0,1.804251,0.164598,0.170738,2.161205,0.734999,-0.036627,2.161205
member,29228,9,9,1,0.828294,0.436794,0.436794,1.530195,2.507619,0.580941,-1.530195
member,29835,4,0,0,2.766189,0.062901,0.229880,2.128518,-0.217516,-1.295990,2.128518
member,22685,9,8,0,1.586259,0.204690,0.445579,1.361166,2.489419,-0.777878,1.361166
member,22341,7,7,1,1.080730,0.339348,0.339348,1.709639,2.620974,0.224777,-1.709639
member,45713,2,9,0,2.635512,0.071682,0.246739,1.929787,0.786507,-1.236086,1.929787
member,34759,8,8,1,0.312084,0.731920,0.731920,0.942888,4.001505,1.689258,-0.942888
member,5215,2,4,0,1.793934,0.166305,0.206232,1.897276,1.850754,-0.215180,1.897276
member,48812,4,2,0,2.837361,0.058580,0.216000,2.051181,-0.240932,-1.304883,2.051181
member,44917,6,3,0,2.941548,0.052784,0.141912,2.262241,-0.487806,-0.988996,2.262241
member,39364,8,0,0,1.477312,0.228251,0.559051,1.255021,2.612927,-0.895797,1.255021
member,47378,8,7,0,2.865410,0.056960,0.193659,2.194536,-0.392812,-1.223753,2.194536
member,2899,4,4,1,1.382798,0.250876,0.250876,1.829218,2.742792,0.326910,-1.829218
member,13307,4,6,0,2.508613,0.081381,0.277247,1.805179,1.195609,-1.225767,1.805179
member,18861,0,8,0,1.509232,0.221080,0.546365,1.210166,3.048486,-0.904763,1.210166
member,14160,5,9,0,2.897083,0.055184,0.244065,2.121303,-0.344506,-1.486762,2.121303
member,15153,0,0,1,0.617092,0.539511,0.539511,1.609666,2.451514,1.797964,-1.609666
member,2561,2,1,0,4.051709,0.017393,0.399289,1.670936,0.137917,-3.133639,1.670936
member,7308,2,7,0,1.987951,0.136976,0.414783,1.707300,1.414008,-1.107950,1.707300
member,19223,2,3,0,2.468117,0.084744,0.234435,2.138747,0.230321,-1.017541,2.138747
member,39543,3,3,1,1.700250,0.182638,0.182638,2.223172,0.800072,0.215217,-2.223172
member,33680,2,1,0,2.061511,0.127261,0.157591,2.190123,0.523657,-0.213762,2.190123
member,39097,1,1,1,0.641746,0.526372,0.526372,1.432734,2.823570,0.683765,-1.432734
member,44840,4,1,0,2.309979,0.099263,0.182314,2.186502,0.205810,-0.607953,2.186502
member,44614,4,4,1,1.431251,0.239010,0.239010,1.845427,2.225965,0.164161,-1.845427
member,27191,2,9,0,1.709453,0.180965,0.238132,2.025507,0.884997,-0.274522,2.025507
member,17476,6,3,0,1.546368,0.213020,0.275381,2.001100,1.297519,-0.256768,2.001100
member,14803,9,9,1,0.840979,0.431288,0.431288,1.744270,2.183347,0.930242,-1.744270
member,26837,2,7,0,2.139735,0.117686,0.130524,2.291398,0.205356,-0.103537,2.291398
member,10262,4,7,0,1.507806,0.221395,0.365403,1.645211,2.312421,-0.501052,1.645211
member,44190,9,8,0,2.119130,0.120136,0.381748,1.697659,0.954443,-1.156135,1.697659
member,43278,8,8,1,0.886061,0.412276,0.412276,1.607493,2.345372,0.623657,-1.607493
member,30948,8,1,0,4.064570,0.017170,0.357941,1.716517,-0.667254,-3.037182,1.716517
member,42989,5,5,1,0.643618,0.525388,0.525388,1.573203,3.048268,1.176273,-1.573203
member,19709,9,8,0,1.351964,0.258732,0.450797,1.383801,2.714132,-0.555225,1.383801
member,28468,7,1,0,2.026205,0.131835,0.211778,2.181725,0.724879,-0.473989,2.181725
member,543,4,6,0,1.958674,0.141045,0.484007,1.646795,1.577101,-1.233018,1.646795
member,23822,0,8,0,2.192322,0.111657,0.311543,1.541961,1.454258,-1.026105,1.541961
member,28066,8,8,1,0.487447,0.614193,0.614193,0.919412,4.713167,0.653116,-0.919412
member,34415,6,6,1,1.399514,0.246717,0.246717,1.864917,2.245962,0.273072,-1.864917
member,39627,8,8,1,0.660893,0.516390,0.516390,1.465943,2.759601,0.817958,-1.465943
member,1163,2,3,0,1.897200,0.149988,0.201268,2.120894,0.751909,-0.294082,2.120894
member,29746,8,8,1,0.710701,0.491299,0.491299,1.359481,3.187235,0.739198,-1.359481
member,2210,4,7,0,2.577296,0.075979,0.256356,1.784813,1.177498,-1.216107,1.784813
member,23001,9,9,1,1.139931,0.319841,0.319841,1.641880,1.989637,0.144413,-1.641880
member,32300,4,4,1,1.406275,0.245054,0.245054,1.950824,1.609126,0.223780,-1.950824
member,46320,6,6,1,0.733145,0.480396,0.480396,1.633477,3.036330,1.089401,-1.633477
member,28827,2,1,0,2.337525,0.096566,0.316756,1.876624,0.540677,-1.187902,1.876624
member,44404,9,6,0,3.707378,0.024542,0.594452,1.446466,0.475328,-3.187264,1.446466
member,18198,2,3,0,1.912461,0.147716,0.229693,1.982313,0.994500,-0.441449,1.982313
member,1901,1,8,0,1.885540,0.151747,0.407282,1.564413,1.519648,-0.987290,1.564413
member,37460,1,9,0,1.434611,0.238208,0.640624,0.985976,3.803634,-0.989298,0.985976
member,17692,0,8,0,2.116216,0.120487,0.639303,1.104056,2.680306,-1.668839,1.104056
member,28200,4,9,0,2.051436,0.128550,0.274485,2.021947,0.718117,-0.758577,2.021947
member,24782,7,7,1,0.867938,0.419816,0.419816,1.858709,2.121090,1.340672,-1.858709
member,28968,9,9,1,1.014169,0.362704,0.362704,1.695159,2.274059,0.145448,-1.695159
member,38888,5,5,1,1.339959,0.261856,0.261856,1.836219,1.989201,0.059621,-1.836219
member,35968,4,6,0,1.931718,0.144899,0.218892,2.108004,0.851252,-0.412540,2.108004
member,30875,4,6,0,2.197263,0.111107,0.249906,1.982649,0.867537,-0.810592,1.982649
member,38948,0,1,0,4.468314,0.011467,0.342965,1.916589,-1.244227,-3.398185,1.916589
member,15359,7,5,0,2.138606,0.117819,0.253757,1.978686,1.162385,-0.767229,1.978686
member,42751,7,9,0,3.722885,0.024164,0.409816,1.455421,-0.028677,-2.830838,1.455421
member,44469,9,9,1,1.871634,0.153872,0.153872,2.235730,0.729899,0.206638,-2.235730
member,19714,2,0,0,3.003363,0.049620,0.561065,1.496607,0.163386,-2.425445,1.496607
member,11607,9,6,0,2.433582,0.087722,0.310051,1.965584,0.988281,-1.262563,1.965584
member,36167,4,7,0,1.615478,0.198796,0.309158,1.827236,1.518631,-0.441575,1.827236
member,35571,6,5,0,1.772299,0.169942,0.280271,1.766853,2.177645,-0.500299,1.766853
member,30441,5,7,0,2.720637,0.065833,0.361595,1.945389,0.112361,-1.703407,1.945389
member,39646,2,9,0,1.996086,0.135866,0.152908,2.254411,0.489204,-0.118169,2.254411
member,45246,1,9,0,1.660167,0.190107,0.405887,1.756413,1.651587,-0.758486,1.756413
member,10434,8,3,0,5.699445,0.003348,0.419257,1.571609,-1.574373,-4.830173,1.571609
member,45591,4,6,0,2.085886,0.124197,0.193344,1.982517,1.240165,-0.442599,1.982517
member,33540,1,7,0,2.699008,0.067272,0.293526,1.934360,0.316960,-1.473218,1.934360
member,4162,0,9,0,2.029367,0.131419,0.456096,1.560087,1.367790,-1.244314,1.560087
member,24261,6,7,0,2.999066,0.049834,0.295875,1.869423,0.082029,-1.781248,1.869423
member,27618,8,1,0,3.246477,0.038911,0.453450,1.778054,0.075401,-2.455607,1.778054
member,17466,9,6,0,2.790434,0.061395,0.445775,1.752621,0.944094,-1.982493,1.752621
member,2441,8,0,0,2.097359,0.122780,0.447047,1.833847,0.630264,-1.292268,1.833847
member,6211,4,2,0,1.750994,0.173601,0.231776,1.943708,1.471756,-0.289010,1.943708
member,16368,1,1,1,1.152867,0.315730,0.315730,2.060257,1.913719,0.949670,-2.060257
member,6896,1,1,1,0.669243,0.512096,0.512096,1.639195,2.935751,1.379084,-1.639195
member,27590,5,3,0,0.924581,0.396698,0.412632,1.352558,3.637382,-0.039382,1.352558
member,27721,2,6,0,3.049280,0.047393,0.444151,1.735632,0.493857,-2.237690,1.735632
member,6400,0,8,0,1.174720,0.308906,0.381332,1.666621,1.973369,-0.210636,1.666621
member,46282,7,9,0,2.435953,0.087514,0.394700,1.560110,0.952572,-1.506323,1.560110
member,30127,9,9,1,0.420376,0.656800,0.656800,1.124479,3.750531,1.487490,-1.124479
member,19027,0,0,1,0.072117,0.930422,0.930422,0.368652,5.114894,3.498614,-0.368652
member,33821,7,3,0,2.480716,0.083683,0.282510,1.837928,1.657515,-1.216675,1.837928
member,32756,4,6,0,1.336825,0.262678,0.311973,1.662701,3.568936,-0.171985,1.662701
member,47477,5,7,0,2.199756,0.110830,0.139037,2.263065,0.235009,-0.226742,2.263065
member,31632,3,2,0,1.863760,0.155088,0.206825,1.849092,2.051905,-0.287879,1.849092
member,18558,8,0,0,1.315942,0.268222,0.544854,1.305909,2.348860,-0.708704,1.305909
member,16625,0,0,1,1.006948,0.365332,0.365332,1.965450,1.686036,1.084407,-1.965450
member,17531,8,1,0,2.475682,0.084106,0.285513,2.064868,0.287247,-1.222215,2.064868
member,37647,2,4,0,1.932105,0.144843,0.303471,1.850040,1.426618,-0.739637,1.850040
member,33395,2,6,0,3.099406,0.045076,0.357588,1.697086,1.025226,-2.071031,1.697086
member,17827,9,9,1,1.005604,0.365824,0.365824,1.369897,3.409168,0.102685,-1.369897
member,14427,8,8,1,0.389976,0.677073,0.677073,1.155745,3.381923,1.728260,-1.155745
member,1005,4,6,0,2.221210,0.108478,0.476599,1.683244,1.329748,-1.480130,1.683244
member,5488,4,6,0,2.354809,0.094912,0.229457,2.067522,0.493400,-0.882770,2.067522
member,45615,0,8,0,1.872082,0.153803,0.503930,1.556715,1.786420,-1.186765,1.556715
member,17406,9,6,0,2.067016,0.126563,0.247185,2.061530,0.869708,-0.669397,2.061530
member,454,1,7,0,2.170715,0.114096,0.183880,2.138361,0.654921,-0.477243,2.138361
member,4244,1,7,0,4.300879,0.013557,0.555217,1.474478,-0.496638,-3.712482,1.474478
member,39505,4,5,0,2.004133,0.134777,0.252313,1.800100,2.084640,-0.627048,1.800100
member,43383,8,8,1,0.468476,0.625955,0.625955,1.044321,4.382475,1.097733,-1.044321
member,34292,8,8,1,0.214714,0.806772,0.806772,0.743907,4.737487,2.402426,-0.743907
member,41413,8,8,1,0.896353,0.408055,0.408055,1.332404,2.972221,0.045290,-1.332404
member,44591,1,1,1,0.693935,0.499606,0.499606,1.454273,3.153452,0.772858,-1.454273
member,31953,4,6,0,2.106328,0.121684,0.284754,2.057395,0.664370,-0.850199,2.057395
member,29980,0,6,0,7.581481,0.000510,0.271667,1.769050,-3.478382,-6.278304,1.769050
member,9391,5,7,0,1.618343,0.198227,0.251710,1.915221,1.580984,-0.238867,1.915221
member,22338,5,5,1,0.867037,0.420195,0.420195,1.544123,3.121137,0.403330,-1.544123
member,11708,1,6,0,2.399862,0.090730,0.271960,1.987940,1.015852,-1.097763,1.987940
member,12966,3,0,0,3.065021,0.046653,0.254655,2.074024,-0.407210,-1.697173,2.074024
member,45664,5,1,0,2.524247,0.080119,0.219528,2.073061,0.137021,-1.007970,2.073061
member,12824,6,6,1,0.709911,0.491688,0.491688,1.631787,3.502260,1.443269,-1.631787
member,29861,3,3,1,1.296653,0.273445,0.273445,1.937772,1.976747,0.231791,-1.937772
member,36407,7,7,1,0.955058,0.384790,0.384790,1.720290,2.837403,0.755469,-1.720290
member,19204,2,6,0,1.879259,0.152703,0.409738,1.771399,1.952795,-0.987022,1.771399
member,7776,5,5,1,1.515726,0.219649,0.219649,1.938895,1.705825,0.058435,-1.938895
member,35972,7,3,0,2.859684,0.057287,0.244325,2.122076,-0.072032,-1.450428,2.122076
member,46215,3,5,0,1.910822,0.147959,0.360207,1.963833,1.369361,-0.889745,1.963833
member,26542,6,9,0,3.235687,0.039333,0.542105,1.491821,0.117042,-2.623392,1.491821
member,26716,3,3,1,1.344921,0.260560,0.260560,1.958432,2.211848,0.300262,-1.958432
member,41853,3,6,0,1.493876,0.224501,0.412317,1.680296,2.421700,-0.607915,1.680296
member,15469,1,9,0,1.671039,0.188052,0.544375,1.287927,2.671403,-1.062921,1.287927
member,27055,7,7,1,1.214179,0.296954,0.296954,1.805820,2.579567,0.445732,-1.805820
member,11062,5,5,1,0.925850,0.396195,0.396195,1.659504,3.074264,0.630648,-1.659504
member,12110,4,9,0,3.877448,0.020704,0.400629,1.725173,-0.726171,-2.962727,1.725173
member,14518,1,9,0,1.488779,0.225648,0.248503,1.982366,1.373227,-0.096477,1.982366
member,37532,0,0,1,0.688896,0.502130,0.502130,1.613827,2.260253,1.167276,-1.613827
member,33612,3,0,0,2.456602,0.085726,0.238076,2.176171,0.032571,-1.021439,2.176171
member,13433,2,2,1,1.868576,0.154343,0.154343,2.146933,0.971963,0.033287,-2.146933
member,3053,0,0,1,0.313580,0.730826,0.730826,1.110580,3.204859,2.519663,-1.110580
member,17452,9,9,1,0.523450,0.592473,0.592473,0.902479,4.430772,0.492134,-0.902479
member,27505,7,6,0,2.785689,0.061687,0.437877,1.749398,0.679500,-1.959872,1.749398
member,48930,0,0,1,0.188619,0.828102,0.828102,0.776727,3.862099,2.716475,-0.776727
member,20000,8,1,0,2.671605,0.069141,0.445974,1.663805,0.914343,-1.864111,1.663805
member,39079,8,1,0,4.414697,0.012098,0.304323,2.010842,-1.538637,-3.225030,2.010842
member,9273,4,2,0,2.063714,0.126981,0.242119,1.930537,1.459076,-0.645388,1.930537
member,10134,4,7,0,1.701958,0.182326,0.296077,1.700285,2.678925,-0.484823,1.700285
member,2982,3,7,0,2.334629,0.096846,0.356108,1.830525,0.795918,-1.302109,1.830525
member,31599,1,8,0,1.381223,0.251271,0.298041,1.576666,2.115331,-0.170699,1.576666
member,47437,9,8,0,1.309960,0.269831,0.386610,1.428385,2.929819,-0.359622,1.428385
member,40223,8,1,0,2.864496,0.057012,0.387011,1.869270,-0.008556,-1.915195,1.869270
member,5770,0,3,0,4.133158,0.016032,0.219282,2.048260,-1.150015,-2.615761,2.048260
member,34870,8,9,0,3.191810,0.041097,0.464544,1.719669,-0.188957,-2.425111,1.719669
member,28999,5,7,0,2.140708,0.117572,0.217986,2.042435,0.902927,-0.617382,2.042435
member,16320,1,7,0,2.641451,0.071258,0.380796,1.911908,0.315108,-1.675959,1.911908
member,38544,8,8,1,0.606683,0.545156,0.545156,1.201553,3.735281,0.728133,-1.201553
member,14815,4,9,0,2.350421,0.095329,0.264115,1.999867,0.541593,-1.019051,1.999867
member,17962,8,0,0,2.115923,0.120522,0.430813,1.820312,0.727655,-1.273841,1.820312
member,23647,9,8,0,1.197412,0.301975,0.523070,1.229175,2.958745,-0.549371,1.229175
member,8479,9,9,1,0.391255,0.676208,0.676208,0.948262,5.016925,1.182754,-0.948262
member,22895,5,1,0,3.167467,0.042110,0.400847,1.805335,-0.384628,-2.253291,1.805335
member,18853,8,0,0,2.054515,0.128155,0.592574,1.375008,1.471181,-1.531235,1.375008
member,39474,1,9,0,2.388852,0.091735,0.408908,1.709851,0.640565,-1.494586,1.709851
member,9353,4,9,0,3.443879,0.031941,0.301354,1.782319,-0.279170,-2.244410,1.782319
member,25042,8,8,1,0.979710,0.375420,0.375420,1.647449,2.154318,0.169750,-1.647449
member,46015,8,8,1,0.300922,0.740135,0.740135,0.853999,4.615823,1.524690,-0.853999
member,2757,9,9,1,1.212448,0.297468,0.297468,1.983916,1.554177,0.238802,-1.983916
member,12214,6,6,1,0.311659,0.732231,0.732231,1.052959,4.882592,2.203132,-1.052959
member,23491,0,1,0,4.151731,0.015737,0.281410,2.049325,-1.253796,-2.883789,2.049325
member,28027,1,1,1,1.010369,0.364085,0.364085,1.675113,2.042382,0.163775,-1.675113
member,4128,3,9,0,3.269049,0.038043,0.547744,1.576282,-0.114309,-2.667102,1.576282
member,30611,3,7,0,1.912239,0.147749,0.177096,2.180214,0.639406,-0.181174,2.180214
member,7915,1,9,0,1.383821,0.250619,0.305624,1.855200,1.866833,-0.198420,1.855200
member,27687,6,0,0,4.007251,0.018183,0.339710,2.029148,-1.389811,-2.927588,2.029148
member,25572,7,5,0,2.192130,0.111679,0.224882,1.882576,1.550304,-0.699950,1.882576
member,2182,5,6,0,2.193470,0.111529,0.233113,1.996294,0.752507,-0.737239,1.996294
member,29965,6,9,0,3.539818,0.029019,0.522887,1.438382,-0.165924,-2.891428,1.438382
member,26216,8,8,1,0.757655,0.468764,0.468764,1.199170,4.044267,0.282736,-1.199170
member,4822,5,5,1,1.316487,0.268075,0.268075,1.763565,2.384253,0.163003,-1.763565
member,2110,8,8,1,0.245083,0.782639,0.782639,0.743272,4.930687,1.702527,-0.743272
member,20931,1,8,0,1.268452,0.281267,0.504398,1.201955,3.759582,-0.584062,1.201955
member,25270,0,0,1,0.398256,0.671490,0.671490,1.030425,3.692272,1.142031,-1.030425
member,176,1,1,1,1.068756,0.343435,0.343435,1.773367,1.826277,0.225839,-1.773367
member,5683,1,9,0,1.471759,0.229521,0.240068,1.948589,1.445457,-0.044924,1.948589
member,47937,6,6,1,0.817323,0.441612,0.441612,1.567994,3.698958,0.816258,-1.567994
member,32858,2,7,0,2.656991,0.070159,0.314135,1.848934,0.664472,-1.499060,1.848934
member,28221,5,9,0,2.720629,0.065833,0.158558,2.226982,-0.270257,-0.878993,2.226982
member,28530,1,6,0,4.432299,0.011887,0.433809,1.644002,-0.078080,-3.597147,1.644002
member,15849,5,3,0,1.778700,0.168858,0.290140,1.798733,1.325770,-0.541309,1.798733
member,23744,7,7,1,0.533724,0.586417,0.586417,1.411483,3.286104,1.644146,-1.411483
member,43283,3,6,0,2.129353,0.118914,0.336334,1.935546,1.422156,-1.039701,1.935546
member,20613,9,9,1,0.459707,0.631469,0.631469,1.340320,2.929138,1.508333,-1.340320
member,27819,5,3,0,1.963385,0.140382,0.263700,1.925830,1.395460,-0.630443,1.925830
member,38872,1,1,1,0.552781,0.575348,0.575348,1.434766,3.612337,1.515051,-1.434766
member,27587,2,7,0,2.769295,0.062706,0.300323,1.909764,0.173131,-1.566398,1.909764
member,41889,8,8,1,0.398157,0.671557,0.671557,0.931227,4.553896,1.032754,-0.931227
member,23872,8,8,1,0.931516,0.393956,0.393956,1.705488,2.070767,0.492894,-1.705488
member,10915,9,0,0,2.791175,0.061349,0.676274,1.211889,0.790657,-2.400019,1.211889
member,22989,9,1,0,1.535648,0.215316,0.375745,1.831299,1.369508,-0.556804,1.831299
member,47401,0,9,0,3.740150,0.023751,0.473033,1.541288,-0.476725,-2.991560,1.541288
member,20374,4,9,0,3.972227,0.018831,0.379266,1.693623,-0.806220,-3.002709,1.693623
member,24683,9,8,0,1.110438,0.329414,0.330853,1.450661,2.858609,-0.004358,1.450661
member,8053,6,9,0,1.917689,0.146946,0.383995,1.874683,0.973030,-0.960564,1.874683
member,1741,6,6,1,0.650887,0.521583,0.521583,1.612615,3.091927,1.598643,-1.612615
member,25116,7,7,1,0.992080,0.370804,0.370804,1.880812,1.856255,0.708005,-1.880812
member,24184,6,6,1,0.887112,0.411843,0.411843,1.761165,2.895366,1.113368,-1.761165
member,13631,7,7,1,1.434421,0.238253,0.238253,1.869020,2.200008,0.205426,-1.869020
member,4303,8,9,0,2.660048,0.069945,0.215268,2.133117,-0.131330,-1.124175,2.133117
member,21987,2,0,0,1.852391,0.156862,0.185571,2.192924,0.702785,-0.168074,2.192924
member,35719,8,0,0,1.562389,0.209635,0.718355,0.865525,2.982340,-1.231599,0.865525
member,23460,4,6,0,1.618647,0.198167,0.251297,1.858390,1.912457,-0.237525,1.858390
member,10444,6,6,1,1.010904,0.363890,0.363890,1.751024,3.212581,0.732784,-1.751024
member,42406,9,9,1,0.839899,0.431754,0.431754,1.647511,2.288936,0.479413,-1.647511
member,15709,5,6,0,1.540667,0.214238,0.274832,1.871020,1.909765,-0.249073,1.871020
member,33009,7,6,0,1.847792,0.157585,0.227195,1.917596,1.496718,-0.365844,1.917596
member,10279,8,0,0,1.027721,0.357822,0.584091,0.912281,4.321494,-0.490022,0.912281
member,20945,6,6,1,1.260188,0.283601,0.283601,1.957448,1.844992,0.366990,-1.957448
member,5653,4,0,0,2.950693,0.052303,0.259933,2.109752,-0.426476,-1.603362,2.109752
member,4816,0,0,1,0.870071,0.418922,0.418922,1.375907,3.151057,0.217292,-1.375907
member,36890,3,3,1,0.963059,0.381723,0.381723,1.783550,2.600420,0.746825,-1.783550
member,39173,4,6,0,1.942932,0.143283,0.605109,1.339141,2.672776,-1.440585,1.339141
member,15056,9,9,1,0.571479,0.564690,0.564690,1.434160,2.745404,1.278815,-1.434160
member,13943,4,6,0,1.294186,0.274121,0.299423,1.730458,2.721142,-0.088288,1.730458
member,21681,8,8,1,0.622616,0.536539,0.536539,1.270690,3.825014,0.942231,-1.270690
member,35499,6,1,0,1.926059,0.145721,0.469788,1.559697,2.073119,-1.170586,1.559697
member,11028,3,6,0,2.030840,0.131225,0.186228,2.196447,0.440593,-0.350054,2.196447
member,4448,5,7,0,2.394953,0.091177,0.174161,2.201937,0.039954,-0.647179,2.201937
member,39838,8,9,0,2.614151,0.073230,0.548818,1.227313,1.483891,-2.014163,1.227313
member,42196,6,6,1,0.835051,0.433852,0.433852,1.640101,3.226945,1.098274,-1.640101
member,32525,4,4,1,1.554854,0.211220,0.211220,1.991702,1.374781,0.005032,-1.991702
member,30352,2,2,1,1.590088,0.203908,0.203908,1.973434,1.660561,0.012207,-1.973434
member,27614,4,6,0,1.980167,0.138046,0.242073,1.865533,1.986943,-0.561651,1.865533
member,20949,8,0,0,2.782245,0.061899,0.898701,0.457359,2.365370,-2.675440,0.457359
member,45484,0,8,0,1.655395,0.191017,0.498204,1.576447,1.550124,-0.958649,1.576447
member,38587,8,8,1,0.710532,0.491383,0.491383,1.341350,2.942584,0.470023,-1.341350
member,17249,2,2,1,1.401162,0.246311,0.246311,1.944679,1.559439,0.041863,-1.944679
member,3431,5,3,0,2.261978,0.104144,0.384128,1.908688,0.525675,-1.305199,1.908688
member,46130,5,1,0,3.259390,0.038412,0.217313,2.083122,-0.633098,-1.732973,2.083122
member,1792,2,8,0,1.959928,0.140868,0.253389,2.002329,0.613217,-0.587099,2.002329
member,4865,9,7,0,2.744679,0.064269,0.558247,1.583829,0.411371,-2.161725,1.583829
member,27415,0,8,0,2.474473,0.084207,0.660162,1.049428,2.241325,-2.059204,1.049428
member,17914,4,6,0,1.634549,0.195040,0.216470,1.944320,1.847356,-0.104248,1.944320
member,37332,6,6,1,1.258526,0.284072,0.284072,1.731875,3.078387,0.292525,-1.731875
member,7592,0,0,1,1.188588,0.304651,0.304651,1.781024,1.838768,0.067083,-1.781024
member,47134,5,6,0,2.110794,0.121142,0.199090,2.102575,1.068360,-0.496796,2.102575
member,44990,5,6,0,2.189600,0.111962,0.517107,1.591491,1.810235,-1.530093,1.591491
member,40268,4,9,0,7.362728,0.000634,0.352411,1.367390,-2.404094,-6.319769,1.367390
member,5169,6,3,0,1.860191,0.155643,0.288003,1.879749,1.579513,-0.615406,1.879749
member,35151,4,5,0,2.223074,0.108276,0.165343,2.128332,0.488376,-0.423340,2.128332
member,46635,5,1,0,2.909902,0.054481,0.306243,1.839216,0.728320,-1.726526,1.839216
member,32957,5,5,1,1.505366,0.221936,0.221936,1.904727,1.631311,0.088609,-1.904727
member,40261,6,3,0,1.671161,0.188029,0.383532,1.579583,3.083718,-0.712830,1.579583
member,11807,4,6,0,2.089463,0.123754,0.337001,1.875817,1.114805,-1.001792,1.875817
member,42048,8,8,1,0.986092,0.373031,0.373031,1.513294,2.475584,0.173683,-1.513294
member,2710,4,2,0,1.773076,0.169810,0.228703,2.091165,0.815331,-0.297745,2.091165
member,12883,0,7,0,2.861882,0.057161,0.456269,1.681454,0.213352,-2.077209,1.681454
member,46275,5,5,1,1.779354,0.168747,0.168747,2.220567,0.846868,0.221761,-2.220567
member,44108,3,7,0,2.040455,0.129970,0.227052,1.923899,1.025672,-0.557878,1.923899
member,5227,4,5,0,1.897176,0.149992,0.186242,2.078157,1.092019,-0.216469,2.078157
member,34401,7,7,1,1.249574,0.286627,0.286627,1.816040,2.257858,0.049730,-1.816040
member,46086,0,8,0,1.695180,0.183566,0.502861,1.354553,2.530174,-1.007739,1.354553
member,5186,9,9,1,1.155748,0.314822,0.314822,1.441053,2.788623,0.061247,-1.441053
member,13709,7,6,0,2.379842,0.092565,0.226010,1.953765,1.377558,-0.892667,1.953765
member,18172,6,6,1,1.434454,0.238246,0.238246,1.959327,1.623095,0.259083,-1.959327
member,39229,5,8,0,4.207754,0.014880,0.370672,1.502578,-0.310146,-3.215316,1.502578
member,2579,5,8,0,2.792208,0.061286,0.270040,1.999668,-0.059274,-1.483022,1.999668
member,35600,6,6,1,1.675831,0.187153,0.187153,2.121918,0.919622,0.055467,-2.121918
member,38532,9,0,0,1.812265,0.163284,0.564493,1.415241,1.663125,-1.240437,1.415241
member,29484,3,3,1,1.376869,0.252367,0.252367,1.742698,2.199427,0.027258,-1.742698
member,25442,6,6,1,0.233754,0.791557,0.791557,0.890721,5.240818,2.599018,-0.890721
member,46697,3,7,0,2.569559,0.076569,0.198335,2.103876,0.160616,-0.951762,2.103876
member,1584,6,6,1,0.641975,0.526252,0.526252,1.586613,3.234954,1.601302,-1.586613
member,47459,7,0,0,1.946040,0.142839,0.397428,1.860231,0.957456,-1.023298,1.860231
member,18329,3,0,0,2.621241,0.072713,0.451577,1.805766,0.151929,-1.826232,1.805766
member,8188,5,9,0,2.574388,0.076200,0.185704,2.151214,0.253136,-0.890786,2.151214
member,8931,7,3,0,2.586462,0.075286,0.268527,1.848300,1.592257,-1.271657,1.848300
member,33140,4,5,0,1.767461,0.170766,0.257839,1.866699,1.784518,-0.412041,1.866699
member,21588,6,6,1,0.760652,0.467362,0.467362,1.626646,3.071546,1.233452,-1.626646
member,30813,6,1,0,2.100243,0.122427,0.202286,2.075328,0.741705,-0.502171,2.075328
member,45260,5,7,0,2.118209,0.120247,0.391693,1.899470,0.661065,-1.180932,1.899470
member,4867,8,1,0,2.708159,0.066659,0.316185,1.535750,0.896456,-1.556730,1.535750
member,9100,3,5,0,2.007427,0.134334,0.251216,1.801798,2.114107,-0.625985,1.801798
member,21006,5,6,0,2.098750,0.122610,0.368711,1.883464,1.088079,-1.101007,1.883464
member,42995,2,6,0,1.894633,0.150374,0.332236,1.781646,1.536138,-0.792724,1.781646
member,28563,3,1,0,2.950298,0.052324,0.330221,1.840713,-0.123628,-1.842304,1.840713
member,41965,6,0,0,2.974834,0.051056,0.191465,2.226868,-0.528203,-1.321781,2.226868
member,21028,8,8,1,0.497554,0.608016,0.608016,1.055079,4.265789,0.855673,-1.055079
member,21397,1,1,1,0.594414,0.551886,0.551886,1.441926,3.109117,1.080649,-1.441926
member,30758,9,8,0,1.854027,0.156605,0.705166,1.032206,2.106615,-1.504705,1.032206
member,26869,9,1,0,1.902136,0.149250,0.287082,1.893277,1.387064,-0.654147,1.893277
member,1704,4,9,0,3.325855,0.035942,0.412010,1.625587,0.324020,-2.439147,1.625587
member,41473,7,9,0,2.291728,0.101092,0.264456,2.070151,0.256036,-0.961647,2.070151
member,49578,7,9,0,3.957462,0.019112,0.477986,1.367182,-0.207983,-3.219289,1.367182
member,47742,2,6,0,3.253554,0.038637,0.256532,1.936135,0.306297,-1.893053,1.936135
member,11568,3,6,0,2.393206,0.091336,0.215630,2.087268,0.364633,-0.859013,2.087268
member,31448,6,9,0,2.349863,0.095382,0.189136,2.120727,0.296779,-0.684576,2.120727
member,30878,2,2,1,1.513663,0.220102,0.220102,2.041882,1.808796,0.470121,-2.041882
member,34154,9,8,0,1.658699,0.190386,0.546492,1.410413,1.817437,-1.054463,1.410413
member,8407,5,6,0,2.434981,0.087599,0.245946,1.912682,0.671503,-1.032340,1.912682
member,45876,9,9,1,0.720379,0.486568,0.486568,1.299987,3.926334,0.886454,-1.299987
member,10016,8,8,1,0.487321,0.614270,0.614270,1.252683,3.246943,1.439306,-1.252683
member,11044,6,6,1,0.975484,0.377010,0.377010,1.805200,2.924818,0.737652,-1.805200
member,28437,3,0,0,4.489947,0.011221,0.418347,1.271298,-0.259858,-3.618502,1.271298
member,27224,5,7,0,2.231433,0.107374,0.233165,2.078452,0.366243,-0.775426,2.078452
member,25453,7,9,0,2.309641,0.099297,0.327037,1.896887,0.613439,-1.191959,1.896887
member,4421,6,7,0,1.834648,0.159670,0.183156,2.086888,1.228710,-0.137230,2.086888
member,1276,7,7,1,1.219550,0.295363,0.295363,1.749125,2.500817,0.341707,-1.749125
member,27243,8,6,0,5.610580,0.003659,0.414465,1.564124,-1.776756,-4.729813,1.564124
member,330,1,7,0,2.348887,0.095475,0.211227,2.038833,0.761570,-0.794064,2.038833
member,20294,4,6,0,1.744821,0.174676,0.252390,1.839179,2.196301,-0.368040,1.839179
member,2432,3,3,1,1.686965,0.185080,0.185080,2.092253,0.991354,0.051645,-2.092253
member,6347,1,6,0,3.444288,0.031927,0.309316,1.876554,-0.040097,-2.270897,1.876554
member,31809,2,1,0,3.643300,0.026166,0.458088,1.531404,0.318869,-2.862605,1.531404
member,23468,4,6,0,2.037944,0.130296,0.429388,1.695256,1.771250,-1.192550,1.695256
member,17391,3,4,0,2.023376,0.132208,0.241419,1.821501,1.830246,-0.602153,1.821501
member,36044,6,6,1,0.932170,0.393699,0.393699,1.772074,2.793540,0.822985,-1.772074
member,39580,2,0,0,4.781188,0.008386,0.706768,1.070415,-0.467409,-4.434136,1.070415
member,20255,3,9,0,3.232801,0.039447,0.464034,1.592137,0.070353,-2.465004,1.592137
member,26719,6,6,1,0.810559,0.444610,0.444610,1.733445,2.788804,1.041555,-1.733445
member,9725,7,7,1,1.415160,0.242887,0.242887,1.904595,2.060858,0.255734,-1.904595
member,42725,4,9,0,2.336635,0.096652,0.129530,2.266249,0.105943,-0.292789,2.266249
member,14845,6,4,0,1.921740,0.146352,0.281419,1.970397,1.118064,-0.653830,1.970397
member,4883,7,7,1,1.089240,0.336472,0.336472,1.937331,1.781385,0.561883,-1.937331
member,40465,7,6,0,2.183231,0.112677,0.163793,2.229075,0.345313,-0.374081,2.229075
member,41336,1,7,0,2.656575,0.070188,0.209519,2.197699,-0.018404,-1.093635,2.197699
member,9798,2,0,0,5.213902,0.005440,0.453851,1.361039,-0.419988,-4.423915,1.361039
member,16429,6,6,1,1.195687,0.302496,0.302496,1.956243,2.169692,0.601756,-1.956243
member,4264,7,7,1,0.873122,0.417646,0.417646,1.798306,2.235719,1.245603,-1.798306
member,28501,6,6,1,1.541168,0.214131,0.214131,2.107377,1.264038,0.382502,-2.107377
member,48836,8,8,1,0.727368,0.483179,0.483179,1.585688,2.460076,0.923212,-1.585688
member,19785,2,6,0,1.853496,0.156688,0.222905,1.955028,1.515586,-0.352485,1.955028
member,15631,6,6,1,0.959862,0.382946,0.382946,1.785840,2.561279,0.894110,-1.785840
member,11901,9,9,1,0.491169,0.611911,0.611911,1.246317,3.286120,1.100129,-1.246317
member,16112,4,6,0,2.056947,0.127844,0.229334,1.954224,1.194182,-0.584371,1.954224
member,3715,7,8,0,3.041230,0.047776,0.210517,2.118099,-0.397584,-1.483044,2.118099
member,43725,8,8,1,0.443540,0.641761,0.641761,1.036624,5.720546,1.304768,-1.036624
member,1180,2,7,0,1.615859,0.198720,0.392338,1.762195,1.444514,-0.680229,1.762195
member,6067,0,0,1,0.546787,0.578806,0.578806,1.350967,2.827080,0.976089,-1.350967
member,36253,8,9,0,2.013420,0.133531,0.298013,2.035030,0.598637,-0.802803,2.035030
member,41883,7,6,0,2.698407,0.067313,0.502284,1.595664,1.214464,-2.009819,1.595664
member,949,3,6,0,1.984617,0.137433,0.154486,2.232600,0.585529,-0.116965,2.232600
member,36502,2,0,0,4.048706,0.017445,0.766374,0.941120,-0.107089,-3.782621,0.941120
member,8200,0,8,0,2.022159,0.132369,0.727563,0.985645,2.069826,-1.704104,0.985645
member,49180,8,8,1,0.598017,0.549901,0.549901,1.228414,3.502126,0.989124,-1.228414
member,48904,6,6,1,0.934047,0.392960,0.392960,1.686625,3.220423,0.756973,-1.686625
member,48861,0,8,0,1.180195,0.307219,0.313622,1.782341,1.850798,-0.020629,1.782341
member,42699,8,8,1,1.004341,0.366286,0.366286,1.459347,2.911255,0.325266,-1.459347
member,44390,3,1,0,2.911959,0.054369,0.338630,1.996043,-0.130800,-1.829112,1.996043
member,12146,6,1,0,2.900192,0.055013,0.449050,1.666162,0.461779,-2.099572,1.666162
member,29208,7,6,0,1.929766,0.145182,0.394652,1.712188,2.150891,-1.000014,1.712188
member,37981,1,3,0,2.327066,0.097582,0.209727,2.087377,0.350275,-0.765116,2.087377
member,20969,0,8,0,2.213258,0.109344,0.441393,1.429206,1.638534,-1.395438,1.429206
member,7990,9,8,0,1.473259,0.229177,0.449915,1.308887,2.880488,-0.674562,1.308887
member,4672,3,6,0,1.873919,0.153521,0.375377,1.861418,1.277622,-0.894094,1.861418
member,4459,1,6,0,3.738815,0.023782,0.471836,1.638219,0.574918,-2.987692,1.638219
member,25593,2,3,0,2.041352,0.129853,0.138841,2.262873,0.382933,-0.066928,2.262873
member,11113,6,1,0,3.343596,0.035310,0.348472,2.003911,-0.678792,-2.289398,2.003911
member,34680,4,0,0,2.993559,0.050109,0.268995,2.118065,-0.464699,-1.680495,2.118065
member,15868,1,1,1,0.965705,0.380715,0.380715,1.612405,2.431477,0.345658,-1.612405
member,31413,6,6,1,0.587665,0.555623,0.555623,1.509584,3.555517,1.438456,-1.509584
member,13620,8,8,1,0.429751,0.650671,0.650671,1.283850,2.978179,1.804741,-1.283850
member,4155,0,0,1,0.236427,0.789443,0.789443,0.533280,8.513514,1.336130,-0.533280
member,27884,2,7,0,1.433165,0.238553,0.279367,1.973216,1.280753,-0.157936,1.973216
member,16929,1,9,0,1.090796,0.335949,0.376275,1.639649,2.165782,-0.113360,1.639649
member,26669,7,9,0,1.419577,0.241816,0.360715,1.888792,1.475320,-0.399910,1.888792
member,46226,3,6,0,1.821285,0.161818,0.472096,1.572973,2.433446,-1.070713,1.572973
member,29242,5,0,0,2.890565,0.055545,0.339656,1.967408,-0.269277,-1.810743,1.967408
member,27539,7,5,0,1.560674,0.209994,0.237447,1.968796,1.535096,-0.122864,1.968796
member,25149,2,9,0,2.485672,0.083270,0.222673,2.170896,-0.023988,-0.983621,2.170896
member,20794,5,7,0,2.494567,0.082532,0.171829,2.196626,0.210631,-0.733313,2.196626
member,18684,3,3,1,0.985581,0.373222,0.373222,1.845435,2.018398,0.446841,-1.845435
member,44361,5,7,0,3.738049,0.023800,0.218293,1.989329,-0.966132,-2.216133,1.989329
member,13326,0,9,0,2.726708,0.065434,0.432848,1.673699,0.416066,-1.889340,1.673699
member,34829,6,6,1,1.631016,0.195731,0.195731,2.063825,1.346667,0.064596,-2.063825
member,29952,1,1,1,0.498308,0.607558,0.607558,1.340268,3.406695,1.655407,-1.340268
member,22771,5,5,1,1.645512,0.192914,0.192914,2.101087,1.596670,0.217411,-2.101087
member,16947,1,9,0,1.971586,0.139236,0.527171,1.486860,1.593812,-1.331356,1.486860
member,7708,9,1,0,0.842289,0.430723,0.460490,1.167345,3.244449,-0.066824,1.167345
member,21155,6,6,1,0.977328,0.376315,0.376315,1.895890,2.266086,1.055141,-1.895890
member,2360,7,7,1,1.614829,0.198925,0.198925,2.072721,1.305070,0.162257,-2.072721
member,49375,0,0,1,1.098591,0.333340,0.333340,1.798154,2.185235,0.398470,-1.798154
member,33641,8,8,1,1.013216,0.363050,0.363050,1.418298,2.977033,0.048957,-1.418298
member,34694,6,6,1,0.380508,0.683514,0.683514,1.200798,4.103987,2.210764,-1.200798
member,49723,0,4,0,4.544639,0.010624,0.211828,1.952463,-1.298177,-2.992660,1.952463
member,36525,6,6,1,1.018711,0.361060,0.361060,1.763757,2.415390,0.585602,-1.763757
member,12006,4,6,0,2.235721,0.106915,0.489693,1.616826,2.192896,-1.521745,1.616826
member,31489,8,0,0,1.297879,0.273110,0.602425,1.135059,2.584895,-0.791086,1.135059
member,39707,8,0,0,0.751383,0.471714,0.487878,0.872361,5.208958,-0.033693,0.872361
member,17008,1,1,1,0.101416,0.903557,0.903557,0.448839,5.471293,2.763758,-0.448839
member,26175,2,6,0,2.320280,0.098246,0.553470,1.529553,1.841316,-1.728731,1.529553
member,30833,6,9,0,3.670256,0.025470,0.278360,2.048772,-1.107537,-2.391416,2.048772
member,21444,8,0,0,1.084424,0.338096,0.379214,1.610572,2.008877,-0.114769,1.610572
member,43179,2,6,0,2.468619,0.084702,0.306572,1.763037,1.561179,-1.286316,1.763037
member,29987,9,9,1,1.093020,0.335203,0.335203,1.876624,1.806706,0.468203,-1.876624
member,30721,3,6,0,1.518381,0.219066,0.278836,1.930505,2.191854,-0.241250,1.930505
member,24787,8,9,0,1.835215,0.159579,0.372256,1.894274,0.990059,-0.847041,1.894274
member,44491,2,7,0,1.853980,0.156613,0.173739,2.177905,0.753392,-0.103779,2.177905
member,44778,0,8,0,3.171670,0.041933,0.576499,1.102802,1.674577,-2.620888,1.102802
member,32429,8,8,1,0.692773,0.500187,0.500187,1.255275,4.251669,0.747047,-1.255275
member,10989,0,8,0,1.256353,0.284690,0.325406,1.464073,2.975056,-0.133670,1.464073
member,22847,0,0,1,0.171564,0.842346,0.842346,0.542593,5.364429,1.849990,-0.542593
member,6676,7,0,0,1.814040,0.162994,0.173955,2.188612,0.653138,-0.065081,2.188612
member,14528,0,0,1,0.416488,0.659358,0.659358,1.107956,3.429940,1.191130,-1.107956
member,15809,1,7,0,2.484417,0.083374,0.314948,1.969048,0.751836,-1.329068,1.969048
member,3502,5,1,0,2.132576,0.118532,0.237354,2.008519,0.694069,-0.694375,2.008519
member,11948,8,8,1,0.323909,0.723316,0.723316,0.965597,3.961238,1.815360,-0.965597
member,11209,4,7,0,1.946979,0.142705,0.227009,1.821327,2.293110,-0.464215,1.821327
member,4108,3,5,0,1.657728,0.190572,0.230723,1.856956,1.877890,-0.191190,1.856956
member,5035,7,3,0,1.996492,0.135811,0.231189,2.034248,1.039425,-0.531971,2.034248
member,43562,3,1,0,2.047547,0.129051,0.321780,1.950897,0.974419,-0.913661,1.950897
member,18272,4,8,0,4.464448,0.011511,0.414853,1.584227,-1.137154,-3.584616,1.584227
member,47262,9,9,1,0.742766,0.475796,0.475796,1.477085,2.718940,0.596875,-1.477085
member,2522,5,6,0,2.069686,0.126225,0.219443,2.102121,0.626562,-0.553024,2.102121
member,23166,9,9,1,1.154961,0.315070,0.315070,1.972468,1.547890,0.379790,-1.972468
member,24676,0,1,0,3.976510,0.018751,0.270293,2.021131,-1.117237,-2.668262,2.021131
member,38153,9,1,0,1.433451,0.238485,0.496253,1.279792,2.750962,-0.732782,1.279792
member,7168,0,8,0,1.266221,0.281895,0.517353,1.297881,2.595262,-0.607193,1.297881
member,12365,7,7,1,0.632118,0.531465,0.531465,1.584711,3.010357,1.643421,-1.584711
member,21082,7,6,0,1.871714,0.153860,0.224964,1.993557,1.076981,-0.379901,1.993557
member,43741,4,6,0,1.969053,0.139589,0.250667,2.048717,0.802736,-0.585424,2.048717
member,39135,3,5,0,2.118402,0.120224,0.192913,2.150678,0.316033,-0.472889,2.150678
member,33582,3,5,0,1.800892,0.165152,0.323978,1.797344,1.875781,-0.673811,1.797344
member,31702,4,7,0,1.678995,0.186561,0.202051,1.996149,1.423845,-0.079759,1.996149
member,38237,8,8,1,0.893568,0.409193,0.409193,1.514568,2.596309,0.489393,-1.514568
member,22358,1,9,0,1.661614,0.189832,0.380343,1.861176,1.368948,-0.694932,1.861176
member,48246,0,0,1,0.367037,0.692784,0.692784,0.972560,4.062250,1.269835,-0.972560
member,5929,8,8,1,0.234825,0.790709,0.790709,0.861869,3.921837,2.394835,-0.861869
member,38282,1,0,0,3.091511,0.045433,0.531833,1.566377,0.065204,-2.460086,1.566377
member,40523,4,8,0,4.888774,0.007531,0.379815,1.517308,-1.285115,-3.920703,1.517308
member,14749,6,9,0,2.028185,0.131574,0.541929,1.532760,1.419107,-1.415564,1.532760
member,11034,5,0,0,4.848735,0.007838,0.572253,1.304664,-0.973557,-4.290561,1.304664
member,25200,2,6,0,2.402638,0.090479,0.379484,1.881336,0.821678,-1.433696,1.881336
member,29458,9,1,0,2.713672,0.066293,0.540245,1.337698,1.542610,-2.097939,1.337698
member,1175,6,6,1,0.796505,0.450902,0.450902,1.713495,2.863387,1.209615,-1.713495
member,38937,0,0,1,1.102187,0.332144,0.332144,1.911368,1.711339,0.608753,-1.911368
member,48125,8,8,1,0.281394,0.754731,0.754731,0.891757,4.065084,1.723332,-0.891757
member,47642,1,1,1,0.556318,0.573316,0.573316,1.366898,2.711382,1.028588,-1.366898
member,6049,4,5,0,1.774618,0.169548,0.220121,1.934869,1.525980,-0.261042,1.934869
member,35664,6,6,1,1.250775,0.286283,0.286283,1.700449,2.960289,0.062002,-1.700449
member,38144,5,6,0,2.185905,0.112376,0.222520,2.045281,0.683364,-0.683165,2.045281
member,33825,7,9,0,1.760957,0.171880,0.471531,1.619950,1.647098,-1.009187,1.619950
member,25386,8,5,0,5.066804,0.006303,0.288707,1.761217,-1.629255,-3.824462,1.761217
member,41041,8,0,0,1.759669,0.172102,0.556649,1.481796,1.457878,-1.173849,1.481796
member,24932,1,8,0,1.238440,0.289836,0.342409,1.350446,3.526639,-0.166690,1.350446
member,9763,2,6,0,2.683799,0.068303,0.456655,1.639102,1.459444,-1.899972,1.639102
member,36881,6,6,1,1.294427,0.274055,0.274055,1.946463,1.722198,0.361463,-1.946463
member,3776,4,3,0,2.086790,0.124085,0.295458,1.808763,2.161989,-0.867563,1.808763
member,10003,8,3,0,5.275810,0.005114,0.231452,2.032118,-2.295604,-3.812425,2.032118
member,13033,2,1,0,3.026250,0.048497,0.292661,1.941103,-0.137853,-1.797510,1.941103
member,19663,5,9,0,2.543489,0.078592,0.156395,2.219900,-0.123679,-0.688115,2.219900
member,3037,2,6,0,1.967912,0.139748,0.206511,2.105532,0.749223,-0.390509,2.105532
member,46901,5,0,0,3.243338,0.039033,0.461792,1.799775,-0.427053,-2.470697,1.799775
member,7063,3,9,0,4.199146,0.015008,0.476490,1.317764,-0.132241,-3.457837,1.317764
member,4233,8,8,1,0.207270,0.812800,0.812800,0.714064,4.620987,2.156943,-0.714064
member,27604,4,7,0,1.557078,0.210751,0.263107,1.847345,1.928448,-0.221882,1.847345
member,19646,6,1,0,3.319200,0.036182,0.488214,1.556762,-0.080188,-2.602199,1.556762
member,4982,3,7,0,1.783280,0.168086,0.203463,2.114378,0.771671,-0.191009,2.114378
member,21176,4,9,0,3.913939,0.019962,0.400788,1.843991,-1.047112,-2.999616,1.843991
member,48271,8,8,1,0.279379,0.756253,0.756253,0.875639,4.271795,1.807858,-0.875639
member,469,7,6,0,2.141423,0.117488,0.377297,1.779104,1.328682,-1.166699,1.779104
member,12859,4,0,0,6.834927,0.001076,0.814243,0.722273,-1.823583,-6.629430,0.722273
member,33449,2,6,0,2.604254,0.073958,0.399208,1.839246,0.864931,-1.685982,1.839246
member,18378,8,5,0,2.437490,0.087380,0.302518,1.894556,0.722867,-1.241876,1.894556
member,25309,3,5,0,2.225126,0.108054,0.228516,2.198114,0.343689,-0.748975,2.198114
member,24708,7,3,0,2.966491,0.051484,0.395444,1.699992,1.515204,-2.038746,1.699992
member,29070,4,6,0,1.793422,0.166390,0.187113,2.019980,1.714979,-0.117378,2.019980
member,4775,1,9,0,1.578096,0.206368,0.626771,1.217276,2.163137,-1.110922,1.217276
member,25024,4,7,0,1.703907,0.181971,0.201198,2.115760,0.986970,-0.100443,2.115760
member,33432,9,9,1,1.144594,0.318353,0.318353,1.714530,2.026459,0.157821,-1.714530
member,17075,6,6,1,1.148905,0.316984,0.316984,1.821407,2.444549,0.569719,-1.821407
member,18054,4,5,0,2.402902,0.090455,0.304896,1.905983,0.694002,-1.215117,1.905983
member,11668,3,1,0,2.646158,0.070923,0.575972,1.431052,1.382996,-2.094463,1.431052
member,1097,0,9,0,3.572171,0.028095,0.564798,1.562884,-0.546036,-3.000884,1.562884
member,5370,2,0,0,1.800778,0.165170,0.251259,2.079143,0.719531,-0.419508,2.079143
member,39072,8,8,1,0.480461,0.618498,0.618498,1.165645,3.673470,1.230013,-1.165645
member,30513,2,1,0,2.220171,0.108591,0.185547,2.130236,0.700623,-0.535722,2.130236
member,1282,8,1,0,2.724768,0.065561,0.425343,1.807472,0.325771,-1.869908,1.807472
member,37580,9,9,1,0.963851,0.381421,0.381421,1.803462,2.242209,0.657323,-1.803462
member,41091,1,0,0,2.127321,0.119156,0.303358,1.697666,1.003822,-0.934481,1.697666
member,12581,5,6,0,2.860316,0.057251,0.262935,1.805498,0.661895,-1.524466,1.805498
member,39515,2,6,0,2.055963,0.127970,0.285913,1.957798,1.347278,-0.803896,1.957798
member,48074,2,0,0,3.573296,0.028063,0.816528,0.791551,0.482477,-3.370602,0.791551
member,15477,2,0,0,2.337569,0.096562,0.278874,2.123307,0.161847,-1.060576,2.123307
member,5522,6,6,1,0.724711,0.484465,0.484465,1.631075,3.391300,1.468886,-1.631075
member,23811,7,9,0,1.888725,0.151265,0.261361,1.955839,1.153096,-0.546874,1.955839
member,48466,7,7,1,0.861643,0.422467,0.422467,1.836193,2.109981,1.317089,-1.836193
member,33046,7,9,0,4.572083,0.010336,0.344086,1.627243,-1.129900,-3.505221,1.627243
member,38195,7,6,0,1.885042,0.151823,0.262422,2.015697,0.929502,-0.547241,2.015697
member,21193,3,5,0,2.026271,0.131826,0.247047,2.176095,0.868750,-0.628093,2.176095
member,45271,5,5,1,1.502413,0.222592,0.222592,2.137128,1.335178,0.353047,-2.137128
member,10741,0,0,1,0.041599,0.959255,0.959255,0.228626,5.936585,3.763670,-0.228626
member,48559,9,9,1,0.847079,0.428665,0.428665,1.762534,2.195793,0.825129,-1.762534
member,25841,6,3,0,2.009223,0.134093,0.237378,1.883410,1.437266,-0.571121,1.883410
member,43816,5,6,0,1.702770,0.182178,0.216944,1.945160,1.586574,-0.174651,1.945160
member,842,7,7,1,1.157683,0.314213,0.314213,1.994198,1.556946,0.495989,-1.994198
member,10054,1,6,0,1.885527,0.151749,0.368574,1.825850,2.389014,-0.887414,1.825850
member,2059,5,3,0,1.964124,0.140279,0.189723,2.191084,0.464096,-0.301934,2.191084
member,6204,4,6,0,1.779365,0.168745,0.175849,2.124127,0.819561,-0.041234,2.124127
member,6175,4,6,0,2.851007,0.057786,0.538563,1.584830,0.990923,-2.232156,1.584830
member,7365,4,6,0,1.567198,0.208629,0.261436,1.953681,1.478966,-0.225634,1.953681
member,38301,8,1,0,2.347614,0.095597,0.441989,1.438029,1.628801,-1.531143,1.438029
member,3919,4,9,0,3.149916,0.042856,0.239328,2.106762,-0.621930,-1.719995,2.106762
member,32633,7,7,1,1.008663,0.364706,0.364706,1.757743,2.429425,0.533746,-1.757743
member,12551,1,1,1,0.655017,0.519433,0.519433,1.596372,3.033261,1.463903,-1.596372
member,40576,1,9,0,2.267591,0.103561,0.505997,1.713550,0.579595,-1.586368,1.713550
member,33748,1,1,1,0.430872,0.649942,0.649942,1.323613,3.237732,1.816797,-1.323613
member,9531,5,5,1,1.511289,0.220625,0.220625,2.082937,1.365798,0.028656,-2.082937
member,7220,3,5,0,2.017396,0.133001,0.222199,2.190237,0.559973,-0.513216,2.190237
member,21671,8,0,0,1.113477,0.328415,0.387457,1.465284,2.624434,-0.165326,1.465284
member,16781,5,5,1,1.034093,0.355549,0.355549,1.928015,2.069256,0.643423,-1.928015
member,41581,3,6,0,2.153774,0.116045,0.443357,1.762519,1.201835,-1.340394,1.762519
member,49612,5,6,0,2.337189,0.096599,0.318973,1.829134,1.513784,-1.194541,1.829134
member,10389,2,6,0,2.021971,0.132394,0.309897,1.828900,1.346721,-0.850456,1.828900
member,29212,1,9,0,2.328330,0.097458,0.485845,1.722388,0.682129,-1.606463,1.722388
member,17176,9,8,0,1.471386,0.229607,0.572645,1.297682,2.170365,-0.913897,1.297682
member,46988,7,7,1,0.790665,0.453543,0.453543,1.772771,2.361396,1.359803,-1.772771
member,47498,2,9,0,1.910860,0.147953,0.229180,2.053090,0.817250,-0.437613,2.053090
member,1710,3,6,0,1.766324,0.170960,0.203423,2.031685,1.440547,-0.173859,2.031685
member,47541,3,3,1,1.533233,0.215837,0.215837,2.173264,1.076882,0.263717,-2.173264
member,46407,6,6,1,0.814622,0.442807,0.442807,1.729038,2.995034,1.139198,-1.729038
member,26941,9,9,1,1.077780,0.340350,0.340350,1.821047,1.960741,0.194588,-1.821047
member,33611,1,1,1,1.093076,0.335184,0.335184,2.079581,1.572299,1.126926,-2.079581
member,28107,2,7,0,1.932405,0.144799,0.390363,1.835346,0.896033,-0.991728,1.835346
member,31398,6,9,0,2.396581,0.091029,0.174780,2.227724,0.058024,-0.652355,2.227724
member,46192,0,0,1,0.426215,0.652976,0.652976,1.186250,3.408213,1.499491,-1.186250
member,3168,6,6,1,1.362279,0.256077,0.256077,1.890675,2.391454,0.056155,-1.890675
member,48315,3,4,0,2.498163,0.082236,0.271843,1.744983,1.578129,-1.195633,1.744983
member,25984,2,9,0,2.415556,0.089318,0.340528,1.820749,0.559850,-1.338299,1.820749
member,5046,3,6,0,1.886190,0.151648,0.286541,1.750656,2.160876,-0.636317,1.750656
member,15712,7,7,1,1.456210,0.233118,0.233118,1.958818,1.797135,0.095661,-1.958818
member,3210,2,2,1,1.780918,0.168483,0.168483,2.139671,1.075656,0.120720,-2.139671
member,45042,2,0,0,2.294615,0.100800,0.386670,1.894411,0.584570,-1.344431,1.894411
member,14085,2,6,0,1.983926,0.137528,0.264954,2.016506,0.839452,-0.655728,2.016506
member,14764,1,9,0,1.596995,0.202504,0.585886,1.235594,2.439297,-1.062365,1.235594
member,44102,1,1,1,0.369686,0.690951,0.690951,1.237462,3.224615,2.295198,-1.237462
member,19413,8,8,1,0.740325,0.476959,0.476959,1.375398,3.323125,0.932140,-1.375398
member,4348,0,0,1,0.585607,0.556768,0.556768,1.373661,3.043861,1.197532,-1.373661
member,12725,8,0,0,1.805533,0.164387,0.484018,1.696203,1.310748,-1.079900,1.696203
member,34024,9,8,0,3.010097,0.049287,0.460482,1.436349,0.839603,-2.234615,1.436349
member,41113,5,4,0,1.719736,0.179114,0.225217,1.862358,1.850358,-0.229043,1.862358
member,37931,0,0,1,0.225009,0.798509,0.798509,0.789296,4.141312,1.977935,-0.789296
member,16253,0,9,0,2.213646,0.109301,0.421339,1.720486,0.856873,-1.349328,1.720486
member,42984,0,0,1,0.096673,0.907853,0.907853,0.371988,5.910177,2.468905,-0.371988
member,27291,9,2,0,2.521282,0.080357,0.199693,2.123699,0.241659,-0.910308,2.123699
member,13912,8,0,0,1.574851,0.207038,0.461972,1.414583,2.434560,-0.802601,1.414583
member,26574,9,9,1,1.033494,0.355762,0.355762,1.768255,2.057238,0.181415,-1.768255
member,43740,0,8,0,2.470381,0.084553,0.405787,1.797129,0.644371,-1.568455,1.797129
member,15673,2,6,0,3.416091,0.032841,0.552131,1.406984,1.203525,-2.822121,1.406984
member,3396,5,9,0,4.923272,0.007275,0.353092,1.607036,-1.584615,-3.882246,1.607036
member,11070,6,7,0,2.142950,0.117308,0.230466,2.046209,0.939603,-0.675297,2.046209
member,45455,1,0,0,2.162997,0.114980,0.224405,2.175146,0.345254,-0.668696,2.175146
member,9887,4,7,0,2.152324,0.116214,0.463022,1.775405,0.689202,-1.382343,1.775405
member,22903,2,9,0,1.885221,0.151796,0.360918,1.788707,1.160992,-0.866116,1.788707
member,16828,7,7,1,1.252557,0.285773,0.285773,1.796253,2.239909,0.246230,-1.796253
member,20251,7,6,0,2.356988,0.094705,0.209101,2.127132,0.484736,-0.792053,2.127132
member,43249,5,9,0,3.860203,0.021064,0.314743,1.807871,-1.127339,-2.704202,1.807871
member,33083,2,1,0,3.005407,0.049519,0.461945,1.695956,0.149316,-2.233096,1.695956
member,48498,2,9,0,2.629210,0.072135,0.209301,2.150882,0.004213,-1.065230,2.150882
member,13247,3,1,0,1.813380,0.163102,0.357305,1.850963,2.161868,-0.784215,1.850963
member,18097,1,6,0,1.643987,0.193208,0.248615,1.862215,1.645114,-0.252136,1.862215
member,20565,7,1,0,1.656185,0.190866,0.193459,2.076190,1.542631,-0.013498,2.076190
member,35974,9,7,0,2.068945,0.126319,0.194739,2.149245,0.615674,-0.432850,2.149245
member,32459,4,1,0,2.477067,0.083989,0.195073,2.135781,0.228846,-0.842686,2.135781
member,7272,6,1,0,3.790041,0.022595,0.485669,1.538830,-0.284125,-3.067813,1.538830
member,18874,7,8,0,3.709501,0.024490,0.540335,1.567611,-0.565406,-3.093935,1.567611
member,17624,8,8,1,0.235568,0.790122,0.790122,0.778591,4.719261,2.120440,-0.778591
member,37773,3,3,1,1.930763,0.145037,0.145037,2.187262,0.686698,0.015068,-2.187262
member,4829,3,8,0,2.764067,0.063035,0.432067,1.553825,0.582522,-1.924893,1.553825
member,4855,3,0,0,3.422455,0.032632,0.339904,1.777508,-0.323600,-2.343364,1.777508
member,33173,6,6,1,1.321548,0.266722,0.266722,1.680992,3.351685,0.096391,-1.680992
member,21212,9,9,1,0.912810,0.401395,0.401395,1.680914,2.279580,0.296371,-1.680914
member,16754,3,7,0,2.228364,0.107705,0.234512,2.105047,0.414519,-0.778113,2.105047
member,32891,5,5,1,0.855124,0.425231,0.425231,1.742800,2.642550,0.860343,-1.742800
member,27947,5,3,0,1.668630,0.188505,0.270665,2.013652,1.203527,-0.361757,2.013652
member,15335,3,7,0,2.155108,0.115891,0.136575,2.276965,0.277182,-0.164228,2.276965
member,46683,2,3,0,1.607808,0.200326,0.275785,1.936425,2.166850,-0.319674,1.936425
member,16162,7,2,0,1.262162,0.283041,0.308855,1.783996,2.117003,-0.087279,1.783996
member,24449,7,6,0,1.786717,0.167509,0.454288,1.557914,2.945378,-0.997694,1.557914
member,3570,0,9,0,1.619231,0.198051,0.392581,1.750103,1.440417,-0.684218,1.750103
member,29637,2,6,0,1.884644,0.151883,0.188033,1.982503,1.061711,-0.213508,1.982503
member,42039,0,0,1,0.945269,0.388575,0.388575,1.807765,1.918801,0.602772,-1.807765
member,16125,8,8,1,1.020876,0.360279,0.360279,1.584017,2.263331,0.270864,-1.584017
member,7949,8,9,0,2.365714,0.093882,0.296894,1.888962,0.597339,-1.151334,1.888962
member,44804,4,7,0,2.163229,0.114953,0.277441,2.040926,0.577585,-0.881081,2.040926
member,34330,3,6,0,2.614807,0.073182,0.589850,1.447253,1.699453,-2.086921,1.447253
member,2493,7,7,1,0.855980,0.424867,0.424867,1.768946,2.330308,1.048444,-1.768946
member,47486,0,9,0,1.478524,0.227974,0.423834,1.539840,2.086320,-0.620110,1.539840
member,13150,5,5,1,1.261160,0.283325,0.283325,1.997082,1.742155,0.605556,-1.997082
member,33198,1,8,0,1.703495,0.182046,0.559993,1.296844,2.213827,-1.123664,1.296844
member,17031,1,1,1,0.712478,0.490427,0.490427,1.407668,3.051371,0.520160,-1.407668
member,39393,8,9,0,1.655258,0.191043,0.237830,2.074825,1.030590,-0.219058,2.074825
member,47114,8,8,1,0.714028,0.489668,0.489668,1.278489,3.945574,0.615306,-1.278489
member,14595,2,6,0,2.326871,0.097601,0.492718,1.543399,1.780039,-1.619052,1.543399
member,33942,8,0,0,1.210687,0.297992,0.474685,1.319192,2.877507,-0.465584,1.319192
member,15500,0,0,1,0.167414,0.845849,0.845849,0.599683,4.711880,2.060080,-0.599683
member,11165,5,5,1,1.094514,0.334702,0.334702,1.775963,2.306556,0.469962,-1.775963
member,48146,2,2,1,1.686570,0.185153,0.185153,2.178472,0.730321,0.058133,-2.178472
member,29645,2,1,0,3.376915,0.034153,0.624385,1.285229,0.992468,-2.905927,1.285229
member,36288,9,3,0,2.863902,0.057046,0.195515,2.112670,-0.218323,-1.231781,2.112670
member,33599,1,8,0,1.411626,0.243747,0.430985,1.466069,2.384372,-0.569944,1.466069
member,18442,3,9,0,3.031760,0.048231,0.452853,1.502588,0.219158,-2.239574,1.502588
member,6923,0,0,1,0.462982,0.629404,0.629404,0.849056,5.528449,0.673542,-0.849056
member,36511,3,3,1,1.539203,0.214552,0.214552,2.127743,1.134325,0.209664,-2.127743
member,46481,2,0,0,2.458371,0.085574,0.372575,1.954362,0.175497,-1.471054,1.954362
member,8492,6,7,0,1.964357,0.140246,0.242170,1.905461,1.669805,-0.546242,1.905461
member,29050,3,5,0,1.507706,0.221417,0.223639,1.930001,1.696694,-0.009982,1.930001
member,19647,3,7,0,1.664804,0.189228,0.202022,1.955272,1.524595,-0.065424,1.955272
member,11474,0,1,0,8.053915,0.000318,0.435984,1.679241,-3.875751,-7.223765,1.679241
member,25787,0,7,0,3.913542,0.019970,0.193951,2.113241,-0.992605,-2.273393,2.113241
member,10271,1,6,0,1.268976,0.281119,0.355639,1.736198,2.937983,-0.235138,1.736198
member,19304,7,7,1,0.944158,0.389007,0.389007,1.819379,2.222829,0.774981,-1.819379
member,28153,8,8,1,0.839692,0.431844,0.431844,1.314527,3.410475,0.238789,-1.314527
member,27705,2,9,0,2.058240,0.127678,0.154510,2.255027,0.503997,-0.190741,2.255027
member,47008,3,3,1,1.296875,0.273385,0.273385,1.992712,1.711228,0.496625,-1.992712
member,37284,6,6,1,0.698533,0.497315,0.497315,1.630012,3.618899,1.266350,-1.630012
member,40351,5,2,0,3.360870,0.034705,0.251499,2.056416,-0.547864,-1.980554,2.056416
member,23678,6,6,1,0.582253,0.558639,0.558639,1.533333,3.289236,1.603530,-1.533333
member,1863,4,7,0,2.046399,0.129199,0.400211,1.726671,1.340230,-1.130637,1.726671
member,39934,9,6,0,2.264670,0.103864,0.199834,2.051077,0.627735,-0.654404,2.051077
member,2593,8,8,1,0.372120,0.689271,0.689271,0.967731,4.709250,1.383974,-0.967731
member,11037,1,9,0,1.300720,0.272336,0.382481,1.504770,2.276762,-0.339645,1.504770
member,33899,2,9,0,2.577312,0.075978,0.368932,1.751758,0.473559,-1.580168,1.751758
member,4976,2,0,0,2.638789,0.071448,0.216532,2.138169,-0.084239,-1.108770,2.138169
member,13632,7,7,1,1.250641,0.286321,0.286321,1.843522,1.768310,0.243402,-1.843522
member,20638,3,0,0,4.111358,0.016386,0.671186,1.234770,-0.577477,-3.712649,1.234770
member,33647,0,3,0,4.078888,0.016926,0.190782,2.120839,-1.242511,-2.422265,2.120839
member,36557,9,9,1,0.917224,0.399627,0.399627,1.901340,1.913573,1.217859,-1.901340
member,22309,7,1,0,2.782222,0.061901,0.347167,1.902573,0.432619,-1.724272,1.902573
member,26376,0,0,1,0.158360,0.853542,0.853542,0.533421,5.202658,1.981006,-0.533421
member,41376,5,1,0,2.154608,0.115949,0.468310,1.741336,1.326309,-1.395983,1.741336
member,28503,6,7,0,1.631971,0.195544,0.265020,1.777288,2.152914,-0.304020,1.777288
member,34232,9,9,1,1.147023,0.317581,0.317581,2.039652,1.592255,0.870049,-2.039652
member,3698,6,6,1,1.349782,0.259297,0.259297,1.996118,1.547699,0.169089,-1.996118
member,26139,6,6,1,0.684535,0.504325,0.504325,1.524672,3.700475,1.214251,-1.524672
member,42602,2,6,0,3.104221,0.044859,0.674726,1.220295,1.586510,-2.710773,1.220295
member,29490,8,6,0,4.415135,0.012093,0.212160,2.094905,-1.521095,-2.864719,2.094905
member,45839,8,9,0,1.718935,0.179257,0.351606,1.693623,1.509042,-0.673691,1.693623
member,14736,8,0,0,1.476839,0.228358,0.363128,1.728241,1.624477,-0.463840,1.728241
member,35955,2,6,0,2.213106,0.109360,0.221121,2.086363,0.554666,-0.704063,2.086363
member,3519,4,7,0,1.463981,0.231314,0.293572,1.825556,1.841246,-0.238348,1.825556
member,29413,0,7,0,3.079766,0.045970,0.193201,2.203296,-0.579318,-1.435743,2.203296
member,43374,4,6,0,1.630959,0.195742,0.362877,1.702660,2.482934,-0.617269,1.702660
member,4962,4,6,0,1.817204,0.162479,0.477253,1.587733,2.340574,-1.077497,1.587733
member,47215,0,0,1,1.078939,0.339956,0.339956,1.596279,2.423719,0.302851,-1.596279
member,17770,4,6,0,2.929494,0.053424,0.288494,1.876094,1.058760,-1.686415,1.876094
member,16071,8,8,1,0.276963,0.758083,0.758083,0.735175,4.818102,1.354876,-0.735175
member,45842,9,9,1,0.957349,0.383909,0.383909,1.554102,2.486430,0.144179,-1.554102
member,3885,8,1,0,2.946488,0.052524,0.505488,1.482726,0.359240,-2.264256,1.482726
member,21824,2,8,0,5.519946,0.004006,0.768114,0.786150,-0.516081,-5.256129,0.786150
member,15724,5,3,0,1.876002,0.153201,0.197537,2.137253,0.770040,-0.254175,2.137253
member,2004,2,6,0,2.332839,0.097020,0.201443,2.018303,1.463890,-0.730589,2.018303
member,6056,4,7,0,1.603759,0.201139,0.266084,1.757488,2.588689,-0.279815,1.757488
member,22292,1,0,0,1.462083,0.231753,0.364136,1.741232,1.766019,-0.451855,1.741232
member,3136,0,1,0,5.855673,0.002864,0.359259,1.882588,-2.463711,-4.831962,1.882588
member,21728,3,7,0,1.893088,0.150606,0.237026,2.151822,0.730405,-0.453501,2.151822
member,13097,5,3,0,1.811791,0.163361,0.465969,1.644025,2.199363,-1.048155,1.644025
member,34427,9,1,0,1.857452,0.156070,0.688303,1.132781,1.881901,-1.483926,1.132781
member,44343,5,7,0,1.859216,0.155795,0.192868,2.103053,0.898713,-0.213467,2.103053
member,49721,2,3,0,2.469507,0.084627,0.222018,2.045948,0.513667,-0.964510,2.045948
member,44726,1,1,1,0.970560,0.378871,0.378871,1.402278,3.512790,0.438411,-1.402278
member,4315,7,6,0,2.085983,0.124185,0.227026,2.084323,0.622815,-0.603293,2.084323
member,11433,2,3,0,2.596525,0.074532,0.206984,2.037299,0.478509,-1.021412,2.037299
member,33238,3,9,0,2.376325,0.092891,0.196727,2.186118,0.138653,-0.750385,2.186118
member,47412,9,9,1,0.529276,0.589031,0.589031,1.256507,3.221457,0.898159,-1.256507
member,29366,4,6,0,1.883796,0.152012,0.328380,1.891309,1.232484,-0.770211,1.891309
member,31023,0,9,0,2.248893,0.105516,0.246879,2.161085,0.377508,-0.850035,2.161085
member,17621,1,7,0,3.393350,0.033596,0.399892,1.829170,-0.109661,-2.476789,1.829170
member,13352,5,5,1,0.877760,0.415713,0.415713,1.657266,2.952914,0.514441,-1.657266
member,25260,5,3,0,1.723222,0.178490,0.401058,1.846181,1.361167,-0.809572,1.846181
member,4805,6,6,1,0.865182,0.420975,0.420975,1.680765,3.048500,1.113838,-1.680765
member,45636,5,3,0,1.521831,0.218312,0.272011,1.916426,1.721085,-0.219918,1.916426
member,29468,0,9,0,1.481438,0.227311,0.288480,1.543360,2.383753,-0.238308,1.543360
member,30896,3,9,0,1.741779,0.175208,0.222447,2.040880,1.105008,-0.238714,2.040880
member,22883,7,3,0,2.426601,0.088337,0.293279,1.817031,2.071816,-1.199970,1.817031
member,42328,2,7,0,2.259354,0.104418,0.210276,2.087532,0.797059,-0.700018,2.087532
member,28814,2,1,0,3.084100,0.045771,0.492284,1.589578,0.829556,-2.375400,1.589578
member,34796,9,9,1,0.523783,0.592276,0.592276,1.211519,3.630040,0.895566,-1.211519
member,48680,9,0,0,2.008253,0.134223,0.454885,1.450225,1.649172,-1.220543,1.450225
member,16522,3,7,0,1.917567,0.146964,0.161099,2.092796,1.031372,-0.091831,2.092796
member,34410,4,4,1,1.248001,0.287078,0.287078,1.760716,2.809413,0.342643,-1.760716
member,30293,1,1,1,0.238904,0.787491,0.787491,0.890592,3.990883,2.354980,-0.890592
member,16861,8,0,0,1.652306,0.191608,0.705236,0.955807,2.602701,-1.303084,0.955807
member,37199,0,0,1,0.863030,0.421882,0.421882,1.362184,3.092133,0.228767,-1.362184
member,37714,6,7,0,2.213891,0.109275,0.269199,1.909918,1.457951,-0.901586,1.909918
member,26361,0,7,0,2.580596,0.075729,0.201139,2.215824,-0.033238,-0.976839,2.215824
member,23392,5,7,0,2.171281,0.114031,0.522466,1.488899,1.479819,-1.522085,1.488899
member,40906,0,0,1,1.144544,0.318369,0.318369,1.800384,1.838489,0.128941,-1.800384
member,36273,3,1,0,2.406779,0.090105,0.578453,1.519347,1.222106,-1.859381,1.519347
member,34975,9,9,1,0.522718,0.592907,0.592907,1.184237,3.786193,0.914693,-1.184237
member,48571,5,3,0,2.094106,0.123180,0.180891,2.191329,0.561718,-0.384246,2.191329
member,22636,1,5,0,2.407242,0.090063,0.247850,2.017537,0.551930,-1.012309,2.017537
member,38160,5,7,0,1.878849,0.152766,0.303020,1.875966,1.242022,-0.684891,1.875966
member,32790,0,9,0,3.353796,0.034951,0.282695,2.067782,-0.668274,-2.090408,2.067782
member,34515,9,9,1,1.048961,0.350301,0.350301,1.550118,2.288516,0.120809,-1.550118
member,341,0,0,1,0.183047,0.832729,0.832729,0.775464,3.834648,3.082513,-0.775464
member,28851,5,7,0,1.948909,0.142429,0.214395,1.945573,1.428473,-0.408976,1.945573
member,15639,2,0,0,2.140532,0.117592,0.266198,2.041630,0.426601,-0.817016,2.041630
member,7481,6,4,0,1.794777,0.166164,0.193905,2.042971,1.223730,-0.154389,2.042971
member,22172,8,9,0,2.364961,0.093953,0.161719,2.236721,0.080406,-0.543065,2.236721
member,16235,0,0,1,0.120833,0.886182,0.886182,0.416801,5.938149,2.179740,-0.416801
member,34439,3,3,1,1.660634,0.190018,0.190018,1.985559,1.516779,0.014478,-1.985559
member,9303,6,6,1,1.052171,0.349179,0.349179,1.791339,2.654336,0.618774,-1.791339
member,31763,8,5,0,3.887056,0.020506,0.212146,2.104146,-1.083094,-2.336576,2.104146
member,4408,8,1,0,3.035902,0.048031,0.687820,0.836505,2.074544,-2.661674,0.836505
member,15127,3,5,0,1.815436,0.162767,0.311294,1.849214,1.623157,-0.648419,1.849214
member,20465,3,2,0,2.185452,0.112427,0.199246,2.089951,0.614571,-0.572237,2.089951
member,15178,4,7,0,1.926454,0.145664,0.330601,1.988970,1.051268,-0.819610,1.988970
member,16048,0,0,1,1.315533,0.268331,0.268331,1.967693,1.448121,0.242467,-1.967693
member,22269,1,0,0,1.460791,0.232053,0.423496,1.376245,3.133720,-0.601580,1.376245
member,48938,7,9,0,3.361583,0.034680,0.409402,1.732903,-0.187050,-2.468527,1.732903
member,19681,3,9,0,2.322463,0.098032,0.364121,1.947970,0.369587,-1.312193,1.947970
member,18683,1,9,0,2.334554,0.096854,0.164298,2.132486,0.317221,-0.528480,2.132486
member,35535,6,1,0,1.868641,0.154333,0.325260,1.909098,1.737404,-0.745511,1.909098
member,16107,9,7,0,2.107417,0.121551,0.207966,2.052422,0.975576,-0.537038,2.052422
member,13759,2,0,0,2.012889,0.133602,0.182410,2.224155,0.400583,-0.311390,2.224155
member,24493,9,0,0,1.722972,0.178535,0.193753,2.165894,0.842467,-0.081803,2.165894
member,33814,3,9,0,2.248763,0.105530,0.339360,1.778744,0.923555,-1.168069,1.778744
member,38796,0,8,0,0.895533,0.408390,0.567867,0.798549,5.748418,-0.329665,0.798549
member,9828,6,3,0,2.071672,0.125975,0.210246,2.125207,0.800792,-0.512196,2.125207
member,37810,7,9,0,2.400019,0.090716,0.136105,2.282445,0.037630,-0.405690,2.282445
member,45297,0,1,0,4.033703,0.017709,0.510520,1.477269,-0.763882,-3.361379,1.477269
member,36296,6,6,1,0.308494,0.734553,0.734553,1.045038,4.694187,2.399931,-1.045038
member,19138,6,6,1,0.789648,0.454005,0.454005,1.699296,2.990552,1.087101,-1.699296
member,28889,5,3,0,1.939362,0.143796,0.236458,1.982455,1.617864,-0.497379,1.982455
member,11429,6,9,0,1.876353,0.153148,0.250691,2.077420,0.912371,-0.492818,2.077420
member,8473,4,7,0,2.359795,0.094440,0.186556,2.194345,0.195976,-0.680772,2.194345
member,31428,2,7,0,1.998191,0.135580,0.248557,2.111105,0.670102,-0.606109,2.111105
member,25229,6,7,0,3.350503,0.035067,0.229478,2.102663,-0.681227,-1.878553,2.102663
member,48133,8,9,0,1.411929,0.243673,0.455851,1.393772,2.566513,-0.626340,1.393772
member,5343,2,1,0,2.709092,0.066597,0.283634,2.011135,-0.056438,-1.449021,2.011135
member,6429,1,8,0,2.853348,0.057651,0.771116,0.814049,2.440390,-2.593432,0.814049
member,10098,8,8,1,0.387958,0.678441,0.678441,1.068135,3.476363,1.305825,-1.068135
member,32319,1,1,1,0.733762,0.480099,0.480099,1.630860,3.111758,1.186863,-1.630860
member,19891,9,9,1,0.612854,0.541803,0.541803,1.397217,2.733906,0.749666,-1.397217
member,7468,8,5,0,6.061672,0.002331,0.387611,1.699488,-2.287266,-5.113919,1.699488
member,34029,3,3,1,1.407633,0.244722,0.244722,2.054116,1.472074,0.555768,-2.054116
member,38247,4,7,0,2.403495,0.090401,0.282953,2.009039,0.662950,-1.141022,2.009039
member,9620,1,0,0,5.465502,0.004230,0.872860,0.416660,2.590277,-5.329521,0.416660
member,24560,3,0,0,3.191131,0.041125,0.667399,1.298972,0.035538,-2.786765,1.298972
member,5297,8,1,0,2.134006,0.118362,0.229003,2.125832,0.400768,-0.659985,2.125832
member,10439,3,3,1,1.270573,0.280671,0.280671,2.020908,1.737682,0.709794,-2.020908
member,18110,4,9,0,4.681969,0.009261,0.330654,1.646447,-1.273933,-3.575286,1.646447
member,9561,1,1,1,1.198303,0.301706,0.301706,1.502376,2.968025,0.169786,-1.502376
member,48360,4,8,0,4.054538,0.017343,0.287271,1.810891,-1.128582,-2.807210,1.810891
member,7456,9,1,0,1.938025,0.143988,0.225906,1.973411,1.317301,-0.450388,1.973411
member,8663,0,0,1,0.663146,0.515228,0.515228,1.315388,3.147985,0.595326,-1.315388
member,43405,9,1,0,1.157778,0.314184,0.415808,1.594995,2.301288,-0.280247,1.594995
member,13506,2,0,0,3.153485,0.042703,0.338757,1.711281,-0.100709,-2.071014,1.711281
member,6890,9,6,0,1.720157,0.179038,0.294995,1.926162,1.656787,-0.499359,1.926162
member,46830,9,9,1,1.040964,0.353114,0.353114,1.816353,1.854288,0.545777,-1.816353
member,46703,4,6,0,1.350566,0.259094,0.332374,1.699175,3.005553,-0.249072,1.699175
member,39126,4,8,0,9.313189,0.000090,0.756845,0.693811,-2.714637,-9.034592,0.693811
member,38472,3,7,0,2.277116,0.102580,0.195105,2.211246,0.262444,-0.642899,2.211246
member,6193,6,6,1,0.950711,0.386466,0.386466,1.707674,3.215341,0.698780,-1.707674
member,33180,4,4,1,1.394446,0.247970,0.247970,1.848520,1.760967,0.157526,-1.848520
member,4252,9,7,0,2.367476,0.093717,0.396338,1.835245,0.972042,-1.441989,1.835245
member,15953,3,5,0,1.305857,0.270940,0.330326,1.638349,2.688729,-0.198183,1.638349
member,30520,0,1,0,2.098832,0.122600,0.130436,2.273958,0.337520,-0.061956,2.273958
member,22807,9,8,0,1.572226,0.207583,0.355456,1.913298,1.319034,-0.537872,1.913298
member,21583,9,1,0,1.388316,0.249495,0.259820,1.844438,1.627893,-0.040548,1.844438
member,2418,4,1,0,3.209909,0.040360,0.276659,1.907760,0.085753,-1.924940,1.907760
member,43473,4,2,0,1.846562,0.157779,0.249090,1.888824,1.966519,-0.456621,1.888824
member,24109,1,9,0,0.876188,0.416367,0.449117,1.243886,3.108966,-0.075716,1.243886
member,36560,8,8,1,1.097785,0.333609,0.333609,1.725814,1.990660,0.381663,-1.725814
member,31405,6,9,0,2.349494,0.095417,0.207305,2.075429,0.351746,-0.775927,2.075429
member,29905,1,9,0,1.681714,0.186055,0.303187,1.870103,1.700177,-0.488307,1.870103
member,1954,0,0,1,0.629172,0.533033,0.533033,1.552918,2.453751,1.105860,-1.552918
member,35071,3,6,0,1.075786,0.341030,0.344038,1.648776,2.689375,-0.008783,1.648776
member,45790,7,6,0,1.988017,0.136967,0.208161,2.128276,0.626957,-0.418575,2.128276
member,10657,5,6,0,2.146346,0.116911,0.240055,2.026059,0.675892,-0.719457,2.026059
member,3025,1,1,1,0.631911,0.531575,0.531575,1.021178,3.861468,0.302268,-1.021178
member,27391,4,6,0,1.703674,0.182014,0.219476,1.975468,1.281340,-0.187161,1.975468
member,13970,2,2,1,1.432852,0.238627,0.238627,1.960379,1.382746,0.131196,-1.960379
member,2116,4,3,0,2.152746,0.116165,0.176913,2.099304,0.842010,-0.420649,2.099304
member,44218,2,1,0,3.854063,0.021193,0.327363,1.698452,-0.419739,-2.737378,1.698452
member,18633,4,7,0,1.877753,0.152933,0.245230,1.890297,1.619427,-0.472195,1.890297
member,7920,9,1,0,2.133428,0.118431,0.607782,1.388756,1.824455,-1.635488,1.388756
member,31122,1,1,1,0.366566,0.693110,0.693110,0.948716,3.966385,1.133501,-0.948716
member,7342,1,9,0,2.081300,0.124768,0.707425,0.921574,2.804694,-1.735176,0.921574
member,22167,0,7,0,4.468867,0.011460,0.399797,1.868765,-1.428077,-3.552067,1.868765
member,14131,6,6,1,0.616292,0.539943,0.539943,1.502609,3.419729,1.386883,-1.502609
member,2868,2,7,0,2.107006,0.121602,0.182892,2.231367,0.266586,-0.408148,2.231367
member,3653,5,7,0,2.022312,0.132349,0.356435,1.900931,1.171610,-0.990710,1.900931
member,21994,7,7,1,1.327265,0.265202,0.265202,2.111444,1.177715,0.435068,-2.111444
member,22371,4,9,0,4.145284,0.015839,0.456457,1.552134,-0.867903,-3.361023,1.552134
member,26473,5,5,1,1.400116,0.246568,0.246568,1.916039,1.770514,0.279750,-1.916039
member,9736,6,7,0,1.812578,0.163233,0.188973,1.989937,1.142073,-0.146425,1.989937
member,49793,9,1,0,1.600814,0.201732,0.278973,1.921019,1.616662,-0.324174,1.921019
member,26600,9,1,0,1.601367,0.201621,0.202108,2.062483,1.188329,-0.002415,2.062483
member,25541,3,5,0,1.416331,0.242602,0.314559,1.790055,2.011997,-0.259748,1.790055
member,38905,2,6,0,2.472024,0.084414,0.180818,2.169432,0.404835,-0.761762,2.169432
member,15085,9,6,0,3.107368,0.044718,0.498104,1.663458,0.437998,-2.410422,1.663458
member,40412,9,8,0,2.259260,0.104428,0.791279,0.789471,2.287207,-2.025155,0.789471
member,18278,5,7,0,2.598513,0.074384,0.384454,1.718908,0.678278,-1.642581,1.718908
member,18289,4,7,0,1.697901,0.183067,0.265550,1.864586,2.218622,-0.371947,1.864586
member,2969,7,1,0,2.004689,0.134702,0.306930,1.971478,1.125057,-0.823554,1.971478
member,28556,3,6,0,1.810765,0.163529,0.177972,2.112719,0.898687,-0.084635,2.112719
member,6835,9,8,0,2.294960,0.100765,0.821581,0.669037,2.752104,-2.098435,0.669037
member,45467,3,6,0,2.133783,0.118389,0.240521,2.040249,0.802681,-0.708835,2.040249
member,13579,5,0,0,2.371106,0.093377,0.221628,2.133627,0.210569,-0.864351,2.133627
member,32128,3,7,0,2.309875,0.099274,0.501970,1.683173,0.862346,-1.620660,1.683173
member,23443,3,1,0,1.967779,0.139767,0.218208,2.096977,1.151439,-0.445474,2.096977
member,144,2,7,0,1.809031,0.163813,0.206994,2.004837,0.937742,-0.233967,2.004837
member,29706,2,7,0,2.080185,0.124907,0.528523,1.445086,1.599492,-1.442517,1.445086
member,9877,6,6,1,0.839116,0.432092,0.432092,1.746222,2.717845,1.078493,-1.746222
member,17581,7,7,1,1.481801,0.227228,0.227228,1.822351,3.100880,0.205987,-1.822351
member,33251,6,1,0,3.689608,0.024982,0.238379,2.057534,-1.125005,-2.255717,2.057534
member,16344,7,5,0,2.002489,0.134999,0.307872,1.798859,1.778880,-0.824418,1.798859
member,24103,6,6,1,0.896665,0.407928,0.407928,1.801230,3.069464,1.188267,-1.801230
member,47234,3,5,0,1.527839,0.217004,0.342382,1.883193,1.606707,-0.456011,1.883193
member,4622,9,8,0,1.219613,0.295344,0.452164,1.346312,2.801142,-0.425903,1.346312
member,40552,8,9,0,2.389245,0.091699,0.282275,1.989596,0.551401,-1.124371,1.989596
member,1253,9,9,1,0.883337,0.413401,0.413401,1.515465,2.736719,0.587641,-1.515465
member,13075,2,0,0,4.402433,0.012248,0.685537,0.911938,-0.001760,-4.024880,0.911938
member,28364,7,7,1,1.550415,0.212160,0.212160,2.162478,1.029349,0.254107,-2.162478
member,7143,6,0,0,4.380057,0.012525,0.423260,1.840629,-1.592850,-3.520288,1.840629
member,17838,0,0,1,0.063815,0.938178,0.938178,0.325145,5.257514,3.377352,-0.325145
member,31492,2,6,0,1.959776,0.140890,0.266905,1.974886,0.982369,-0.638913,1.974886
member,30168,8,8,1,0.457543,0.632836,0.632836,1.073088,4.898848,1.331910,-1.073088
member,41840,9,9,1,1.052972,0.348899,0.348899,1.523778,2.461889,0.069885,-1.523778
member,40084,2,9,0,2.874532,0.056443,0.394670,1.653974,0.741643,-1.944826,1.653974
member,12800,1,9,0,1.520373,0.218630,0.620482,1.204631,2.287205,-1.043114,1.204631
member,6194,7,7,1,1.300643,0.272357,0.272357,1.867632,2.412099,0.366072,-1.867632
member,13685,5,6,0,1.880693,0.152484,0.327759,1.722238,2.628760,-0.765217,1.722238
member,23379,1,1,1,1.281581,0.277598,0.277598,2.055444,1.557160,0.442640,-2.055444
member,27063,4,9,0,2.245673,0.105856,0.178067,2.218732,0.463267,-0.520080,2.218732
member,34162,1,1,1,0.342369,0.710086,0.710086,0.848981,4.790628,1.153888,-0.848981
member,45520,9,9,1,1.514523,0.219913,0.219913,2.011036,1.459583,0.054364,-2.011036
member,16542,4,6,0,2.100642,0.122378,0.395003,1.713999,1.742460,-1.171780,1.713999
member,14563,9,9,1,0.692605,0.500271,0.500271,1.467236,2.814412,0.720914,-1.467236
member,26765,2,6,0,2.346023,0.095749,0.224316,1.886466,1.474078,-0.851324,1.886466
member,49615,0,1,0,2.418723,0.089035,0.162923,2.261442,0.012709,-0.604246,2.261442
member,10853,9,9,1,0.468072,0.626208,0.626208,1.320059,2.915650,1.316906,-1.320059
member,29180,2,2,1,1.775600,0.169382,0.169382,2.239810,0.591626,0.220081,-2.239810
member,39362,8,6,0,4.920959,0.007292,0.371996,1.819458,-1.674075,-3.932087,1.819458
member,38959,6,6,1,1.165541,0.311754,0.311754,1.791729,2.462727,0.441672,-1.791729
member,12371,5,6,0,1.780134,0.168616,0.219329,2.014645,1.332157,-0.262950,2.014645
member,44509,7,1,0,2.214941,0.109160,0.223568,2.173539,0.618412,-0.716901,2.173539
member,28232,4,2,0,1.686118,0.185237,0.326875,1.961453,1.252495,-0.567941,1.961453
member,12123,1,1,1,0.849986,0.427421,0.427421,1.681137,2.791162,0.804088,-1.681137
member,17311,0,1,0,3.288448,0.037312,0.333366,1.721792,-0.141370,-2.189933,1.721792
member,33817,8,1,0,1.830210,0.160380,0.259575,1.911566,1.515414,-0.481499,1.911566
member,3617,3,2,0,2.393238,0.091334,0.195774,2.178891,0.138480,-0.762444,2.178891
member,1121,3,6,0,1.973994,0.138901,0.354399,1.772676,1.827977,-0.936663,1.772676
member,48745,2,8,0,5.880202,0.002794,0.440928,1.240083,-1.131205,-5.061328,1.240083
member,26185,5,6,0,2.397593,0.090937,0.416741,1.790165,1.091826,-1.522302,1.790165
member,31588,4,7,0,1.744251,0.174776,0.278336,1.850623,1.848922,-0.465325,1.850623
member,43813,3,2,0,2.596373,0.074543,0.224867,2.086648,0.051753,-1.104125,2.086648
member,24803,3,7,0,2.102684,0.122128,0.446472,1.660471,1.198529,-1.296307,1.660471
member,28452,2,3,0,1.768499,0.170589,0.267215,1.971681,1.336109,-0.448796,1.971681
member,35351,6,6,1,1.141177,0.319443,0.319443,1.977607,1.899905,0.704669,-1.977607
member,32605,9,9,1,0.608714,0.544050,0.544050,1.430711,2.925184,0.892326,-1.430711
member,31577,6,1,0,1.847303,0.157662,0.226508,2.071253,0.822622,-0.362327,2.071253
member,32897,8,6,0,6.054965,0.002346,0.401379,1.819699,-2.538958,-5.142116,1.819699
member,21748,2,7,0,1.913288,0.147594,0.300194,1.940404,0.925777,-0.709961,1.940404
member,10210,4,0,0,2.184340,0.112552,0.174638,2.211030,0.326512,-0.439302,2.211030
member,30478,2,6,0,3.431088,0.032352,0.411439,1.762318,0.643783,-2.542993,1.762318
member,24526,8,0,0,2.184344,0.112552,0.732851,0.992184,1.865280,-1.873531,0.992184
member,39453,9,1,0,1.325121,0.265771,0.388214,1.750064,2.011429,-0.378921,1.750064
member,48002,2,7,0,1.737587,0.175944,0.330949,1.861031,1.290559,-0.631795,1.861031
member,21365,2,6,0,2.367915,0.093676,0.358818,1.921030,0.629520,-1.342974,1.921030
member,22815,9,1,0,1.255247,0.285005,0.317884,1.757066,2.122476,-0.109178,1.757066
member,33753,4,3,0,3.103754,0.044880,0.241865,2.125899,-0.198759,-1.684379,2.125899
member,41619,2,1,0,2.566401,0.076812,0.386831,1.804307,1.026549,-1.616635,1.804307
member,20330,3,6,0,2.548933,0.078165,0.461237,1.691425,0.986281,-1.775090,1.691425
member,27651,6,6,1,0.813190,0.443441,0.443441,1.765852,2.454527,1.233326,-1.765852
member,16033,4,6,0,1.635947,0.194768,0.272041,1.916907,1.509169,-0.334144,1.916907
member,45693,6,6,1,1.195197,0.302644,0.302644,1.936669,2.088089,0.656452,-1.936669
member,43867,0,8,0,3.701375,0.024690,0.677751,1.098700,0.117587,-3.312398,1.098700
member,7879,1,3,0,2.022202,0.132364,0.387815,1.598013,1.968220,-1.074974,1.598013
member,2084,1,9,0,2.117245,0.120363,0.185943,2.150704,0.561074,-0.434928,2.150704
member,36920,2,7,0,1.987584,0.137026,0.169499,2.196511,0.481146,-0.212676,2.196511
member,12687,5,3,0,2.367638,0.093702,0.267734,1.863417,0.985656,-1.049878,1.863417
member,13321,2,7,0,2.138054,0.117884,0.230893,2.061453,0.662045,-0.672254,2.061453
member,17832,2,0,0,7.657041,0.000473,0.927201,0.284847,-0.208664,-7.581456,0.284847
member,32610,7,4,0,1.957724,0.141179,0.265973,1.820574,1.638892,-0.633362,1.820574
member,46168,7,9,0,1.296634,0.273451,0.343787,1.812061,1.634909,-0.228901,1.812061
member,45417,5,6,0,1.944249,0.143095,0.250338,2.012293,0.943329,-0.559307,2.012293
member,4035,6,1,0,2.398061,0.090894,0.680409,1.186792,1.948504,-2.013000,1.186792
member,23656,2,2,1,1.501018,0.222903,0.222903,1.977637,1.297426,0.006577,-1.977637
member,19012,5,3,0,1.031894,0.356331,0.362299,1.561227,3.108587,-0.016610,1.561227
member,44033,5,6,0,2.016915,0.133065,0.230124,2.007922,0.963320,-0.547777,2.007922
member,399,4,6,0,1.880386,0.152531,0.212747,1.994193,1.424083,-0.332736,1.994193
member,28160,4,6,0,1.784983,0.167800,0.185675,1.945663,1.547917,-0.101227,1.945663
member,17436,7,3,0,1.964197,0.140268,0.170017,2.092182,0.755797,-0.192342,2.092182
member,41095,7,7,1,1.396961,0.247348,0.247348,2.049690,1.534238,0.579297,-2.049690
member,22494,9,1,0,1.607584,0.200371,0.277023,1.993059,1.493937,-0.323929,1.993059
member,30822,4,6,0,1.675453,0.187223,0.203866,1.976552,1.280178,-0.085162,1.976552
member,20050,3,1,0,2.392417,0.091408,0.356632,1.773835,0.905209,-1.361365,1.773835
member,40022,0,7,0,3.223991,0.039796,0.274170,2.073287,-0.626922,-1.929984,2.073287
member,12759,7,7,1,1.644303,0.193147,0.193147,1.964115,1.659268,0.074604,-1.964115
member,31166,1,0,0,3.081810,0.045876,0.680669,0.962338,1.614205,-2.697132,0.962338
member,6467,2,2,1,1.823331,0.161487,0.161487,2.265462,0.549385,0.222794,-2.265462
member,32237,6,6,1,1.353096,0.258439,0.258439,1.954040,1.674590,0.312862,-1.954040
member,1372,2,6,0,2.415469,0.089325,0.180433,2.183948,0.146870,-0.703071,2.183948
member,38358,7,6,0,1.660220,0.190097,0.225959,1.881030,1.627987,-0.172820,1.881030
member,926,7,9,0,2.792920,0.061242,0.314147,1.895632,0.049426,-1.635024,1.895632
member,35817,6,9,0,2.504971,0.081678,0.354056,1.949094,0.309680,-1.466670,1.949094
member,10115,0,0,1,1.231004,0.291999,0.291999,2.030044,1.419151,0.522283,-2.030044
member,8318,9,9,1,1.062493,0.345593,0.345593,1.968357,1.623185,0.986994,-1.968357
member,26072,5,3,0,1.609790,0.199930,0.240230,1.987325,1.172925,-0.183631,1.987325
member,29729,0,9,0,2.592565,0.074828,0.539510,1.571550,0.617019,-1.975472,1.571550
member,9625,6,7,0,2.235268,0.106963,0.141983,2.277656,0.139711,-0.283221,2.277656
member,3785,3,3,1,1.238620,0.289784,0.289784,1.896848,2.060943,0.234251,-1.896848
member,20885,6,7,0,2.570014,0.076534,0.340604,1.915381,0.313804,-1.492980,1.915381
member,6904,0,8,0,2.726355,0.065457,0.432174,1.390071,1.204500,-1.887429,1.390071
member,6478,8,1,0,2.723682,0.065633,0.271525,2.096917,0.121069,-1.419983,2.096917
member,27148,9,9,1,1.633893,0.195168,0.195168,2.154872,1.027618,0.128942,-2.154872
member,33657,4,1,0,2.247978,0.105613,0.230489,2.117358,0.669419,-0.780424,2.117358
member,38899,8,8,1,0.484149,0.616221,0.616221,1.156486,3.612900,1.219405,-1.156486
member,26816,7,9,0,4.356147,0.012828,0.528855,1.183321,0.101554,-3.719105,1.183321
member,35546,0,0,1,0.887639,0.411627,0.411627,1.680223,2.162262,0.470460,-1.680223
member,41571,9,8,0,1.173159,0.309388,0.562674,1.026556,4.032360,-0.598105,1.026556
member,24447,0,0,1,0.297351,0.742784,0.742784,1.075265,3.210774,2.431525,-1.075265
member,30245,1,1,1,0.927467,0.395554,0.395554,1.825347,1.867133,0.819367,-1.825347
member,22557,0,0,1,0.156624,0.855025,0.855025,0.511465,5.483303,1.947312,-0.511465
member,45578,8,8,1,0.807083,0.446157,0.446157,1.308543,3.749238,0.329866,-1.308543
member,17735,2,7,0,2.152954,0.116141,0.497552,1.597929,1.225228,-1.454899,1.597929
member,25980,5,2,0,2.185145,0.112461,0.312253,1.931795,1.065608,-1.021203,1.931795
member,5864,0,0,1,0.811066,0.444384,0.444384,1.838985,1.961358,1.512919,-1.838985
member,6529,8,8,1,1.785730,0.167675,0.167675,2.160110,1.161859,0.085123,-2.160110
member,10536,4,3,0,2.444726,0.086750,0.252594,1.902220,1.403023,-1.068753,1.902220
member,28212,0,9,0,2.082044,0.124675,0.357122,1.599153,1.264821,-1.052366,1.599153
member,7360,0,9,0,2.081961,0.124685,0.354943,1.550788,1.354016,-1.046164,1.550788
member,38902,1,1,1,1.194533,0.302845,0.302845,1.972434,2.015290,0.732256,-1.972434
member,12510,4,7,0,1.773831,0.169682,0.260067,1.914641,1.556836,-0.427015,1.914641
member,10453,1,9,0,1.586860,0.204567,0.427363,1.755240,1.375375,-0.736739,1.755240
member,18377,1,1,1,0.472762,0.623279,0.623279,1.114551,3.702250,0.936287,-1.114551
member,20737,2,6,0,2.941493,0.052787,0.620343,1.373456,1.091123,-2.464010,1.373456
member,43335,4,6,0,1.750135,0.173751,0.432436,1.679462,1.961902,-0.911814,1.679462
member,8393,6,1,0,2.118069,0.120264,0.380104,1.797813,1.091761,-1.150759,1.797813
member,21102,2,0,0,2.948307,0.052428,0.277557,1.946651,-0.201791,-1.666580,1.946651
member,1162,8,8,1,0.356109,0.700397,0.700397,1.000006,4.110819,1.593848,-1.000006
member,2531,9,9,1,0.530978,0.588030,0.588030,1.471859,2.736382,1.443322,-1.471859
member,7844,2,8,0,4.623172,0.009822,0.522460,1.125679,-0.266457,-3.973965,1.125679
member,26047,4,1,0,3.988748,0.018523,0.310345,1.724369,-0.165573,-2.818678,1.724369
member,39016,9,7,0,1.883182,0.152105,0.230409,2.094145,0.852020,-0.415284,2.094145
member,41842,0,0,1,0.713415,0.489968,0.489968,1.125674,3.321988,0.187576,-1.125674
member,12702,1,8,0,1.808264,0.163939,0.426133,1.284843,3.185344,-0.955260,1.284843
member,33512,4,6,0,2.015502,0.133253,0.240249,1.992602,1.264107,-0.589422,1.992602
member,19802,7,7,1,0.895864,0.408255,0.408255,1.818608,1.965575,0.671712,-1.818608
member,5751,5,1,0,3.144427,0.043092,0.322489,1.788100,0.319207,-2.012740,1.788100
member,34355,9,9,1,0.513882,0.598169,0.598169,1.387421,2.766766,1.435029,-1.387421
member,30769,0,8,0,1.589750,0.203977,0.275154,1.851850,1.343963,-0.299325,1.851850
member,36492,2,3,0,2.943880,0.052661,0.416488,1.853385,0.175225,-2.067982,1.853385
member,25057,5,5,1,1.436223,0.237824,0.237824,1.928129,1.731461,0.034648,-1.928129
member,15821,9,9,1,0.863686,0.421605,0.421605,1.362498,4.062401,0.700283,-1.362498
member,28283,5,1,0,2.136604,0.118055,0.186431,2.211284,0.502466,-0.456908,2.211284
member,13650,0,0,1,1.245696,0.287741,0.287741,2.110984,1.254289,0.721188,-2.110984
member,40570,7,7,1,1.386894,0.249850,0.249850,1.992443,1.833385,0.365872,-1.992443
member,17172,6,9,0,2.744222,0.064298,0.298275,1.953489,0.278987,-1.534482,1.953489
member,12283,1,9,0,1.163114,0.312512,0.453760,1.497580,2.302589,-0.372927,1.497580
member,35460,2,7,0,2.320773,0.098198,0.339144,1.772807,1.361087,-1.239442,1.772807
member,34059,5,7,0,3.043657,0.047660,0.344436,1.908690,-0.224408,-1.977810,1.908690
member,35235,1,9,0,1.123569,0.325118,0.421268,1.451047,3.079198,-0.259083,1.451047
member,26633,7,6,0,2.308044,0.099456,0.307004,1.889436,1.659352,-1.127149,1.889436
member,24470,1,1,1,0.983033,0.374175,0.374175,1.828893,1.847659,0.404709,-1.828893
member,18415,1,1,1,0.870690,0.418663,0.418663,1.220571,3.574111,0.098476,-1.220571
member,18954,3,3,1,1.233441,0.291288,0.291288,1.728703,2.855017,0.215747,-1.728703
member,37193,4,1,0,3.260939,0.038352,0.357940,1.841074,0.030691,-2.233550,1.841074
member,20718,9,1,0,2.377042,0.092825,0.359669,2.018562,0.428418,-1.354471,2.018562
member,37400,9,8,0,1.353944,0.258220,0.364733,1.460596,2.676829,-0.345354,1.460596
member,3263,0,0,1,1.429148,0.239513,0.239513,2.143019,1.047569,0.425070,-2.143019
member,46179,2,6,0,2.004100,0.134781,0.235236,2.003891,0.965664,-0.556934,2.003891
member,31125,8,8,1,0.954025,0.385188,0.385188,1.498457,2.766511,0.483912,-1.498457
member,42232,6,3,0,2.165340,0.114711,0.219649,2.155396,0.604218,-0.649616,2.155396
member,43713,8,3,0,3.463142,0.031331,0.132273,2.247191,-0.976702,-1.440257,2.247191
member,7024,4,7,0,1.848530,0.157468,0.248868,1.968391,1.218213,-0.457696,1.968391
member,17498,4,6,0,1.738086,0.175857,0.264094,1.926976,1.358710,-0.406637,1.926976
member,29712,5,0,0,3.052792,0.047227,0.427381,1.863885,-0.304601,-2.202712,1.863885
member,32787,1,7,0,2.307853,0.099475,0.194392,2.089667,0.698669,-0.669975,2.089667
member,15107,6,6,1,1.541097,0.214146,0.214146,1.993959,1.321542,0.078560,-1.993959
member,2476,2,0,0,1.940012,0.143702,0.169437,2.216547,0.501845,-0.164738,2.216547
member,48077,5,5,1,1.399014,0.246840,0.246840,2.103791,1.661456,0.188601,-2.103791
member,11348,2,1,0,3.253319,0.038646,0.267121,1.917426,-0.296250,-1.933266,1.917426
member,29034,4,8,0,4.455828,0.011611,0.520217,1.457538,-0.979886,-3.802320,1.457538
member,1911,5,5,1,0.949952,0.386760,0.386760,1.620670,3.322032,0.559190,-1.620670
member,27727,8,8,1,1.083803,0.338307,0.338307,1.944349,1.646144,0.685472,-1.944349
member,36499,7,3,0,2.158033,0.115552,0.150249,2.215105,0.342047,-0.262573,2.215105
member,42093,6,1,0,4.280378,0.013837,0.235526,1.971461,-1.472585,-2.834443,1.971461
member,49530,0,9,0,2.269425,0.103372,0.287399,1.773420,0.806898,-1.022542,1.773420
member,27311,9,4,0,4.043758,0.017531,0.188386,1.959848,-0.570255,-2.374496,1.959848
member,14598,1,9,0,2.102547,0.122145,0.580462,1.270331,1.650609,-1.558616,1.270331
member,12074,2,4,0,1.951733,0.142028,0.178902,1.979628,1.124073,-0.230814,1.979628
member,41320,6,6,1,1.145977,0.317913,0.317913,1.866074,2.102762,0.555901,-1.866074
member,28987,7,7,1,0.983541,0.373984,0.373984,1.823224,2.055693,0.939161,-1.823224
member,2098,2,7,0,3.038056,0.047928,0.450748,1.566200,1.124980,-2.241209,1.566200
member,19533,1,9,0,1.739635,0.175584,0.324895,1.654702,1.605911,-0.615383,1.654702
member,34939,4,6,0,2.626257,0.072349,0.566422,1.468800,1.309317,-2.057841,1.468800
member,8023,0,8,0,3.679842,0.025227,0.486422,1.325273,0.035134,-2.959163,1.325273
member,13253,3,1,0,1.916467,0.147126,0.209452,2.164738,0.883721,-0.353205,2.164738
member,1985,1,6,0,1.944302,0.143087,0.273176,1.997674,1.301301,-0.646664,1.997674
member,26011,9,9,1,1.221105,0.294904,0.294904,1.879654,1.839929,0.172816,-1.879654
member,3335,0,1,0,4.464342,0.011512,0.638515,1.327533,-0.831807,-4.015732,1.327533
member,26620,9,9,1,1.250285,0.286423,0.286423,1.800185,2.082771,0.214418,-1.800185
member,11744,1,9,0,1.704093,0.181937,0.351814,1.880068,1.204237,-0.659441,1.880068
member,18476,4,6,0,1.862588,0.155270,0.421614,1.625753,2.787659,-0.998924,1.625753
member,47611,4,6,0,1.808793,0.163852,0.335615,1.807611,1.646515,-0.717002,1.807611
member,25536,2,6,0,2.657193,0.070145,0.275467,1.946671,0.290754,-1.367904,1.946671
member,20864,2,6,0,2.252178,0.105170,0.282318,1.958829,1.911520,-0.987456,1.958829
member,43446,5,5,1,1.332601,0.263790,0.263790,1.769959,2.596075,0.006143,-1.769959
member,8006,8,1,0,1.134520,0.321576,0.368516,1.315096,4.136220,-0.136249,1.315096
member,29076,2,6,0,2.932611,0.053258,0.454249,1.620615,1.689801,-2.143501,1.620615
member,43720,3,4,0,1.958337,0.141093,0.253891,1.932777,1.228966,-0.587485,1.932777
member,23000,7,0,0,2.518002,0.080621,0.273361,1.979993,0.208247,-1.221040,1.979993
member,28193,1,0,0,1.731544,0.177011,0.368766,1.614982,1.675247,-0.733949,1.614982
member,21512,7,3,0,2.000127,0.135318,0.185236,2.053638,1.266630,-0.314003,2.053638
member,21024,6,6,1,1.361548,0.256264,0.256264,1.909043,2.156632,0.403379,-1.909043
member,15294,6,6,1,0.951850,0.386026,0.386026,1.812625,2.418909,0.878075,-1.812625
member,11661,0,9,0,1.913194,0.147608,0.314488,2.007246,0.795159,-0.756386,2.007246
member,31718,7,4,0,1.551632,0.211902,0.227235,1.839208,2.138138,-0.069859,1.839208
member,42115,5,5,1,1.408035,0.244624,0.244624,2.092386,1.455845,0.443932,-2.092386
member,28241,5,5,1,0.842474,0.430644,0.430644,1.756296,2.609703,0.683096,-1.756296
member,43151,4,6,0,1.819324,0.162135,0.294586,1.899927,1.431143,-0.597141,1.899927
member,9694,3,0,0,3.146711,0.042993,0.370775,1.948032,-0.490309,-2.154552,1.948032
member,25565,6,1,0,4.358805,0.012794,0.379743,1.714451,-1.347049,-3.390544,1.714451
member,34444,5,0,0,2.543895,0.078560,0.212415,2.203136,-0.094917,-0.994680,2.203136
member,14109,7,7,1,0.943018,0.389451,0.389451,1.858386,2.061843,0.734540,-1.858386
member,12958,2,7,0,2.021643,0.132438,0.359153,1.903803,0.833412,-0.997637,1.903803
member,23314,3,6,0,1.334299,0.263343,0.413842,1.521513,3.259027,-0.452029,1.521513
member,17926,3,7,0,2.027021,0.131727,0.397875,1.713326,1.862394,-1.105403,1.713326
member,20413,3,6,0,1.747395,0.174227,0.244509,1.831086,1.975127,-0.338891,1.831086
member,22458,0,0,1,0.061168,0.940665,0.940665,0.328116,5.229983,3.832698,-0.328116
member,44362,8,8,1,0.807206,0.446103,0.446103,1.626960,2.698736,0.859367,-1.626960
member,5676,4,6,0,1.674050,0.187486,0.363830,1.810202,1.640819,-0.662981,1.810202
member,43366,5,0,0,2.147710,0.116751,0.219951,2.201674,0.361302,-0.633359,2.201674
member,33871,2,6,0,2.199466,0.110862,0.175921,2.125371,0.750625,-0.461746,2.125371
member,609,8,8,1,0.166999,0.846200,0.846200,0.602795,5.753930,2.493711,-0.602795
member,30920,6,6,1,0.457206,0.633050,0.633050,1.333139,3.827713,1.907766,-1.333139
member,25259,3,1,0,3.152772,0.042733,0.378640,1.695408,0.017428,-2.181603,1.695408
member,30393,5,6,0,1.957991,0.141142,0.372114,1.700262,2.509541,-0.969437,1.700262
member,38325,7,7,1,0.854640,0.425436,0.425436,1.834391,2.077363,1.366976,-1.834391
member,44288,2,7,0,1.507551,0.221452,0.277389,1.945851,1.393163,-0.225218,1.945851
member,48464,7,7,1,0.658832,0.517456,0.517456,1.523174,3.447356,1.251383,-1.523174
member,9289,0,0,1,0.213442,0.807799,0.807799,0.753170,4.128158,1.945171,-0.753170
member,26406,7,7,1,1.684655,0.185508,0.185508,2.154691,0.831201,0.162796,-2.154691
member,28058,3,3,1,1.731603,0.177001,0.177001,2.190505,1.163897,0.017336,-2.190505
member,22295,6,6,1,1.470367,0.229841,0.229841,2.024137,1.413511,0.235352,-2.024137
member,22051,9,9,1,0.936295,0.392078,0.392078,1.820332,2.233169,0.790626,-1.820332
member,44451,3,5,0,1.796454,0.165886,0.209307,2.156255,0.888314,-0.232500,2.156255
member,12512,6,1,0,2.465135,0.084997,0.313605,2.065256,0.115350,-1.305515,2.065256
member,48575,6,6,1,1.225298,0.293670,0.293670,1.907594,2.018435,0.491402,-1.907594
member,18775,7,6,0,1.958662,0.141047,0.238170,2.053733,1.021516,-0.523893,2.053733
member,15714,3,1,0,1.572659,0.207493,0.228571,1.943584,2.319843,-0.096751,1.943584
member,7976,6,6,1,1.202238,0.300521,0.300521,1.740550,2.355357,0.034398,-1.740550
member,33175,2,6,0,1.930140,0.145128,0.244019,1.992237,1.012923,-0.519633,1.992237
member,47634,6,6,1,0.415592,0.659949,0.659949,1.271348,3.830609,2.144210,-1.271348
member,8344,6,6,1,1.094852,0.334589,0.334589,1.931760,1.916848,0.843847,-1.931760
member,30589,4,5,0,2.393679,0.091293,0.256266,1.986952,0.653874,-1.032138,1.986952
member,11897,0,7,0,2.231804,0.107335,0.366292,2.012030,0.422891,-1.227480,2.012030
member,25495,2,7,0,2.156934,0.115679,0.291286,1.876344,0.895569,-0.923483,1.876344
member,22321,5,7,0,2.392599,0.091392,0.347556,1.918573,0.671849,-1.335770,1.918573
member,17679,9,9,1,0.835402,0.433700,0.433700,1.766131,2.081904,0.844462,-1.766131
member,12469,0,0,1,0.157091,0.854626,0.854626,0.467235,6.437859,1.849965,-0.467235
member,4657,3,9,0,3.262194,0.038304,0.296250,1.859600,-0.340296,-2.045641,1.859600
member,48393,8,1,0,2.913671,0.054276,0.507812,1.720730,0.368798,-2.236028,1.720730
member,1687,6,7,0,2.193487,0.111527,0.254999,2.047321,0.609623,-0.826991,2.047321
member,22181,9,9,1,0.523709,0.592319,0.592319,1.210977,3.484972,1.101464,-1.210977
member,12791,5,1,0,3.052439,0.047244,0.450327,1.711578,-0.085002,-2.254657,1.711578
member,8040,5,6,0,1.961928,0.140587,0.195714,1.901558,1.327754,-0.330828,1.901558
member,31061,4,9,0,2.582662,0.075573,0.207426,2.117365,0.117582,-1.009679,2.117365
member,35026,3,7,0,1.820225,0.161989,0.317974,1.765296,2.107748,-0.674438,1.765296
member,14829,2,7,0,2.541842,0.078721,0.319979,1.803191,0.950027,-1.402341,1.803191
member,38848,9,0,0,2.399059,0.090803,0.453685,1.614364,0.756155,-1.608706,1.614364
member,20062,7,7,1,0.763394,0.466082,0.466082,1.774523,2.042000,1.468371,-1.774523
member,28277,6,7,0,3.122765,0.044035,0.248528,1.978206,-0.019861,-1.730566,1.978206
member,34547,0,7,0,2.635617,0.071675,0.166501,2.231122,-0.187516,-0.842866,2.231122
member,10904,4,5,0,1.773569,0.169726,0.212537,1.919025,1.810879,-0.224930,1.919025
member,19220,2,2,1,1.514144,0.219996,0.219996,2.064762,1.305738,0.138211,-2.064762
member,24429,2,6,0,1.949282,0.142376,0.333197,1.734323,1.731302,-0.850260,1.734323
member,47349,1,0,0,3.014869,0.049052,0.483840,1.626377,0.336394,-2.288867,1.626377
member,18111,3,5,0,1.669443,0.188352,0.279775,1.817974,1.891984,-0.395675,1.817974
member,3541,8,9,0,2.546381,0.078365,0.436454,1.673100,0.500048,-1.717310,1.673100
member,25562,7,7,1,1.453900,0.233657,0.233657,2.174828,0.965383,0.460931,-2.174828
member,6759,7,7,1,0.302832,0.738723,0.738723,1.072347,3.511836,2.388654,-1.072347
member,33829,2,1,0,2.435141,0.087585,0.284480,2.003193,0.525963,-1.178049,2.003193
member,21275,0,5,0,3.591501,0.027557,0.228537,2.062723,-0.660788,-2.115443,2.062723
member,38232,7,7,1,1.130392,0.322907,0.322907,1.706032,3.049229,0.312093,-1.706032
member,14350,0,0,1,0.720354,0.486580,0.486580,1.400198,3.060008,0.612739,-1.400198
member,1226,7,7,1,0.724189,0.484718,0.484718,1.735939,2.114605,1.541558,-1.735939
member,9159,8,0,0,1.279915,0.278061,0.451553,1.523717,2.002583,-0.484852,1.523717
member,25665,2,6,0,2.244678,0.105962,0.274957,2.012927,0.639265,-0.953538,2.012927
member,20544,7,9,0,1.970885,0.139333,0.227862,2.140207,0.616257,-0.491871,2.140207
member,4119,7,9,0,2.959357,0.051852,0.380751,1.919499,-0.117892,-1.993747,1.919499
member,277,5,3,0,1.953578,0.141766,0.294638,1.933159,1.538025,-0.731569,1.933159
member,19036,8,7,0,4.056612,0.017308,0.245663,2.087071,-1.459823,-2.652819,2.087071
member,20046,4,1,0,4.429022,0.011926,0.591701,1.337424,0.266970,-3.904269,1.337424
member,38648,3,9,0,3.302445,0.036793,0.494061,1.436192,0.086043,-2.597349,1.436192
member,37312,5,1,0,3.993256,0.018440,0.445253,1.472897,-0.026674,-3.184142,1.472897
member,853,5,9,0,4.767128,0.008505,0.510408,1.485127,-1.571247,-4.094583,1.485127
member,43086,8,8,1,0.569228,0.565962,0.565962,1.196726,3.406054,0.711426,-1.196726
member,46493,3,5,0,1.499277,0.223292,0.233921,1.910557,1.350240,-0.046505,1.910557
member,19535,7,5,0,1.971293,0.139277,0.176686,2.064388,1.155338,-0.237910,2.064388
member,16463,4,6,0,1.634095,0.195129,0.370498,1.703923,2.550840,-0.641189,1.703923
member,36746,8,8,1,0.253045,0.776433,0.776433,0.801723,5.105695,2.172503,-0.801723
member,29860,0,1,0,3.703289,0.024642,0.432428,1.688018,-0.406955,-2.864949,1.688018
member,884,9,2,0,2.776360,0.062265,0.182241,2.045542,0.153272,-1.073937,2.045542
member,47842,8,9,0,2.826748,0.059205,0.360385,1.703795,0.268328,-1.806165,1.703795
member,21461,9,1,0,2.207784,0.109944,0.306269,1.793272,1.279905,-1.024493,1.793272
member,9403,2,1,0,3.827392,0.021766,0.369045,1.721918,0.452116,-2.830556,1.721918
member,33415,1,1,1,0.659529,0.517095,0.517095,1.557786,2.966740,1.052973,-1.557786
member,40743,7,9,0,2.508726,0.081372,0.282542,2.076864,0.140706,-1.244799,2.076864
member,23976,5,6,0,2.819379,0.059643,0.418898,1.721574,1.010100,-1.949250,1.721574
member,28139,6,6,1,1.345030,0.260532,0.260532,2.016910,1.582440,0.430155,-2.016910
member,46078,1,0,0,1.918507,0.146826,0.358166,1.681283,1.398699,-0.891748,1.681283
member,20717,6,6,1,1.341308,0.261503,0.261503,1.941676,2.113296,0.071093,-1.941676
member,27647,4,3,0,2.414418,0.089419,0.354668,1.784906,2.146370,-1.377843,1.784906
member,29970,5,7,0,2.184998,0.112478,0.329569,1.779141,1.156822,-1.075030,1.779141
member,24242,6,6,1,1.560004,0.210135,0.210135,2.111989,1.123018,0.346738,-2.111989
member,3035,7,3,0,2.661036,0.069876,0.375664,1.704797,1.737836,-1.681978,1.704797
member,6976,2,7,0,1.746707,0.174347,0.282252,1.976237,1.146566,-0.481754,1.976237
member,31765,1,6,0,1.878728,0.152784,0.465370,1.698655,1.652854,-1.113806,1.698655
member,23701,9,0,0,1.918057,0.146892,0.356537,1.425167,2.173518,-0.886740,1.425167
member,22077,9,9,1,0.951621,0.386115,0.386115,1.775767,2.072513,0.474372,-1.775767
member,19235,7,0,0,1.901778,0.149303,0.200907,2.158544,0.775765,-0.296865,2.158544
member,19892,5,6,0,1.727247,0.177773,0.273218,1.888098,2.058405,-0.429762,1.888098
member,36414,3,9,0,2.271468,0.103161,0.306892,1.751531,1.445371,-1.090209,1.751531
member,43915,7,8,0,3.682699,0.025155,0.301813,1.830378,0.030531,-2.484752,1.830378
member,14697,2,6,0,2.485997,0.083242,0.342808,1.933692,0.622499,-1.415413,1.933692
member,28275,6,6,1,1.387919,0.249594,0.249594,1.826901,2.337724,0.158947,-1.826901
member,49861,8,0,0,1.177504,0.308047,0.511196,1.354738,2.365813,-0.506502,1.354738
member,49924,8,0,0,1.440936,0.236706,0.510637,1.452328,1.939405,-0.768838,1.452328
member,49959,1,1,1,1.654591,0.191170,0.191170,2.133513,1.220761,0.091790,-2.133513
member,10092,9,9,1,0.543136,0.580924,0.580924,1.395120,2.826440,1.141073,-1.395120
member,47576,4,9,0,2.707110,0.066729,0.174343,2.181872,-0.226025,-0.960380,2.181872
member,34858,3,7,0,2.842303,0.058291,0.212159,2.119589,-0.332910,-1.291884,2.119589
member,12805,4,7,0,1.986675,0.137151,0.249906,2.055744,0.719135,-0.600005,2.055744
member,12422,8,8,1,0.521713,0.593503,0.593503,1.108619,3.926665,0.794450,-1.108619
member,28728,8,8,1,0.629097,0.533073,0.533073,1.517933,2.572624,1.220925,-1.517933
member,41923,6,6,1,1.205599,0.299513,0.299513,1.866277,2.195013,0.536380,-1.866277
member,28236,6,6,1,0.800139,0.449267,0.449267,1.666691,2.752867,1.042701,-1.666691
member,23310,7,6,0,1.917395,0.146989,0.302074,1.876580,1.472093,-0.720313,1.876580
member,27811,9,0,0,2.263558,0.103980,0.369083,1.803334,0.708173,-1.266825,1.803334
member,14711,8,8,1,1.158755,0.313877,0.313877,1.923501,1.677343,0.526932,-1.923501
member,18794,6,6,1,0.490372,0.612399,0.612399,1.296640,4.536723,1.617629,-1.296640
member,6888,6,6,1,1.723356,0.178466,0.178466,2.153673,0.999778,0.033279,-2.153673
member,771,7,7,1,1.109427,0.329748,0.329748,2.053230,1.468227,1.141625,-2.053230
member,2767,9,9,1,0.581861,0.558857,0.558857,1.530206,2.615353,1.448319,-1.530206
member,33762,1,8,0,1.903765,0.149007,0.492944,1.362109,2.120739,-1.196405,1.362109
member,43246,7,0,0,2.107805,0.121504,0.450313,1.557958,1.329199,-1.309992,1.557958
member,32832,8,8,1,0.960577,0.382672,0.382672,1.614356,2.257334,0.198756,-1.614356
member,13062,3,5,0,1.584266,0.205098,0.307919,1.724917,2.583412,-0.406348,1.724917
member,44156,8,8,1,0.432697,0.648757,0.648757,0.962919,4.555957,0.993113,-0.962919
member,34736,5,7,0,2.822892,0.059434,0.147752,2.231791,-0.413180,-0.910675,2.231791
member,24513,4,6,0,2.003646,0.134843,0.502701,1.566330,2.104758,-1.315887,1.566330
member,46125,2,7,0,2.476208,0.084061,0.278132,2.037622,0.094172,-1.196549,2.037622
member,38234,2,6,0,2.018096,0.132908,0.149040,2.196786,0.530173,-0.114553,2.196786
member,25209,1,1,1,0.752630,0.471126,0.471126,1.481942,2.855502,0.846148,-1.481942
member,26934,3,9,0,2.334786,0.096831,0.225900,2.099515,0.451800,-0.847121,2.099515
member,21362,6,6,1,1.267358,0.281574,0.281574,1.928674,2.033895,0.360459,-1.928674
member,32640,7,7,1,1.569435,0.208163,0.208163,1.995682,1.557545,0.214190,-1.995682
member,46345,9,9,1,0.769581,0.463207,0.463207,1.682888,2.171783,0.939957,-1.682888
member,22572,6,6,1,0.825280,0.438112,0.438112,1.753540,2.639873,1.127477,-1.753540
member,31854,1,9,0,1.278584,0.278431,0.521681,1.348902,2.295023,-0.627885,1.348902
member,5223,6,3,0,2.006132,0.134508,0.235686,1.999126,1.103375,-0.560878,1.999126
member,13179,2,3,0,3.423590,0.032595,0.341313,1.663226,0.983742,-2.348634,1.663226
member,17123,4,6,0,2.223592,0.108220,0.460600,1.676762,1.299859,-1.448367,1.676762
member,20089,8,0,0,1.482599,0.227047,0.493937,1.568967,1.636957,-0.777251,1.568967
member,5966,3,9,0,3.357405,0.034826,0.281610,1.902047,-0.425441,-2.090171,1.902047
member,36447,2,0,0,2.922915,0.053777,0.459971,1.788829,-0.099594,-2.146323,1.788829
member,646,2,7,0,2.160155,0.115307,0.207862,2.154165,0.443882,-0.589276,2.154165
member,3780,6,6,1,1.095790,0.334275,0.334275,1.888096,2.132032,0.874864,-1.888096
member,20231,9,8,0,1.551920,0.211841,0.326893,1.785787,1.567101,-0.433797,1.785787
member,19263,7,7,1,1.655554,0.190986,0.190986,2.041758,1.798995,0.177369,-2.041758
member,24761,8,9,0,1.643915,0.193222,0.365409,1.844689,1.151308,-0.637177,1.844689
member,17160,7,2,0,2.113729,0.120787,0.147426,2.219112,0.503122,-0.199302,2.219112
member,30809,3,3,1,1.044593,0.351835,0.351835,1.739649,2.620476,0.418456,-1.739649
member,19735,5,2,0,2.072747,0.125840,0.232750,2.131714,0.529765,-0.614959,2.131714
member,47428,0,7,0,1.640105,0.193960,0.274929,2.018895,1.021177,-0.348863,2.018895
member,38059,5,7,0,2.148129,0.116702,0.198651,2.157574,0.350112,-0.531922,2.157574
member,429,4,1,0,2.593636,0.074748,0.208131,2.170183,0.054001,-1.024046,2.170183
member,9911,9,9,1,0.822656,0.439264,0.439264,1.285012,2.906790,0.059110,-1.285012
member,4016,7,9,0,1.866990,0.154588,0.296590,1.885376,1.143075,-0.651587,1.885376
member,2975,2,6,0,2.030383,0.131285,0.307102,1.819563,1.488882,-0.849808,1.819563
member,22227,1,1,1,1.210482,0.298054,0.298054,1.904440,1.896739,0.176363,-1.904440
member,46022,5,6,0,2.732939,0.065028,0.225794,2.002950,0.631269,-1.244807,2.002950
member,31427,6,6,1,1.280412,0.277923,0.277923,1.954929,1.777718,0.524175,-1.954929
member,38533,0,0,1,0.705131,0.494044,0.494044,1.580883,2.458976,1.061543,-1.580883
member,32233,0,8,0,1.806434,0.164239,0.330857,1.454856,2.532699,-0.700364,1.454856
member,37010,7,7,1,0.808535,0.445510,0.445510,1.798539,2.029896,1.200785,-1.798539
member,18750,9,8,0,1.723499,0.178441,0.364695,1.745485,1.369460,-0.714804,1.745485
member,46248,8,8,1,0.699859,0.496655,0.496655,1.355682,3.376121,0.864847,-1.355682
member,8409,7,7,1,0.448685,0.638467,0.638467,1.365388,2.834874,1.979982,-1.365388
member,10406,2,2,1,1.485185,0.226460,0.226460,2.004025,1.649745,0.110224,-2.004025
member,23955,6,6,1,0.521175,0.593822,0.593822,1.437295,3.465429,1.579304,-1.437295
member,23041,2,9,0,2.247529,0.105660,0.182503,2.166029,0.462448,-0.546540,2.166029
member,19833,4,2,0,2.155488,0.115847,0.207111,2.116965,0.625856,-0.580987,2.116965
member,48427,2,4,0,1.886601,0.151586,0.186750,2.099912,0.746476,-0.208615,2.099912
member,7268,3,2,0,2.155056,0.115897,0.186205,2.127832,0.497361,-0.474151,2.127832
member,44593,5,7,0,2.052512,0.128412,0.182222,2.237111,0.386989,-0.349985,2.237111
member,1138,8,1,0,3.566236,0.028262,0.527421,1.587101,-0.188734,-2.926481,1.587101
member,4985,4,9,0,2.974412,0.051077,0.260944,2.093731,-0.387912,-1.630962,2.093731
member,2885,0,9,0,2.315819,0.098685,0.380377,1.906702,0.502405,-1.349227,1.906702
member,48413,4,7,0,2.001118,0.135184,0.228763,1.997914,1.052096,-0.526051,1.997914
member,14977,7,4,0,1.715673,0.179843,0.181634,2.117505,1.014056,-0.009911,2.117505
member,38403,5,9,0,2.793446,0.061210,0.255226,2.142179,-0.196538,-1.427842,2.142179
member,23791,0,1,0,2.812167,0.060075,0.152564,2.249000,-0.280111,-0.931997,2.249000
member,10993,3,6,0,2.241929,0.106253,0.238180,1.981349,0.753720,-0.807199,1.981349
member,44421,5,6,0,1.844543,0.158098,0.265581,2.014419,1.651421,-0.518706,2.014419
member,26581,5,6,0,2.382003,0.092365,0.241109,2.038001,0.537488,-0.959497,2.038001
member,3120,1,9,0,2.345909,0.095760,0.187268,2.047788,0.902313,-0.670693,2.047788
member,39202,4,6,0,1.917987,0.146902,0.322144,1.882862,1.443602,-0.785231,1.882862
member,37447,9,9,1,0.774827,0.460783,0.460783,1.329170,3.235182,0.579027,-1.329170
member,4057,4,3,0,2.499455,0.082130,0.412173,1.707299,1.517702,-1.613142,1.707299
member,31985,1,1,1,0.865203,0.420966,0.420966,1.777202,2.423912,0.751165,-1.777202
member,49291,8,8,1,0.550817,0.576479,0.576479,0.997515,4.327752,0.548471,-0.997515
member,18869,7,9,0,2.696290,0.067455,0.445602,1.829453,0.142535,-1.887960,1.829453
member,27739,6,7,0,2.036580,0.130474,0.225037,2.120738,0.608251,-0.545088,2.120738
member,7070,6,3,0,1.595349,0.202838,0.282161,1.926793,2.074010,-0.330071,1.926793
member,33874,3,6,0,2.502547,0.081876,0.350690,1.849892,0.951038,-1.454694,1.849892
member,29558,5,6,0,2.447208,0.086535,0.363451,1.907680,0.688221,-1.435097,1.907680
member,17583,6,9,0,2.629229,0.072134,0.286830,1.945205,0.284467,-1.380362,1.945205
member,43156,5,6,0,1.714166,0.180114,0.309247,1.826697,1.907954,-0.540552,1.826697
member,18583,1,8,0,1.969406,0.139540,0.519725,1.169226,2.397866,-1.314951,1.169226
member,13458,3,1,0,2.805737,0.060462,0.405957,1.837736,0.219677,-1.904230,1.837736
member,17724,6,6,1,0.834154,0.434242,0.434242,1.619665,3.566873,1.035644,-1.619665
member,4569,3,9,0,1.986306,0.137201,0.147500,2.258765,0.487735,-0.072376,2.258765
member,31513,7,7,1,0.947581,0.387678,0.387678,1.761980,2.307166,0.627388,-1.761980
member,21496,9,9,1,1.470081,0.229907,0.229907,2.023118,1.621480,0.180381,-2.023118
member,18175,9,9,1,0.830974,0.435625,0.435625,1.665972,2.321124,0.527933,-1.665972
member,6329,7,7,1,1.505200,0.221973,0.221973,2.119619,1.047694,0.046806,-2.119619
member,14874,1,1,1,1.128691,0.323456,0.323456,1.870792,2.000111,0.437406,-1.870792
member,40462,6,3,0,1.906685,0.148572,0.343125,1.845341,1.976599,-0.837023,1.845341
member,47441,4,7,0,2.388421,0.091774,0.328876,1.982522,0.546347,-1.276347,1.982522
member,39230,0,8,0,1.813443,0.163092,0.493815,1.384612,1.860020,-1.107849,1.384612
member,30146,6,7,0,2.899921,0.055028,0.211096,2.114496,-0.321219,-1.344477,2.114496
member,49346,0,0,1,1.436658,0.237721,0.237721,1.975811,1.317185,0.085453,-1.975811
member,198,5,6,0,1.963090,0.140424,0.203261,1.987950,1.862110,-0.369826,1.987950
member,1448,1,9,0,1.115342,0.327803,0.420836,1.348670,2.948527,-0.249831,1.348670
member,17757,2,0,0,4.191687,0.015121,0.760056,0.843713,0.093061,-3.917325,0.843713
member,44011,6,6,1,1.174270,0.309044,0.309044,1.902481,2.371663,0.598685,-1.902481
member,10268,8,0,0,1.385583,0.250178,0.661251,0.977846,2.899291,-0.971961,0.977846
member,32008,9,7,0,1.805326,0.164421,0.403893,1.840531,0.956286,-0.898720,1.840531
member,20833,4,4,1,1.799474,0.165386,0.165386,2.120886,1.138548,0.154008,-2.120886
member,34626,5,7,0,2.387923,0.091820,0.257229,1.968921,0.443779,-1.030136,1.968921
member,8659,7,7,1,0.684867,0.504157,0.504157,1.557181,3.197554,1.300701,-1.557181
member,10045,7,9,0,2.293042,0.100959,0.231850,2.104748,0.285800,-0.831376,2.104748
member,16379,2,7,0,1.768608,0.170570,0.397659,1.825804,1.259693,-0.846449,1.825804
member,17244,1,9,0,1.289280,0.275469,0.357388,1.389167,2.785425,-0.260346,1.389167
member,31570,6,6,1,1.245887,0.287686,0.287686,1.822789,1.976722,0.247382,-1.822789
member,19723,5,2,0,1.957240,0.141248,0.233932,1.859094,1.364828,-0.504517,1.859094
member,40336,8,8,1,0.721751,0.485901,0.485901,1.043927,3.835301,0.119770,-1.043927
member,12618,3,5,0,1.143259,0.318778,0.462734,1.432165,3.268097,-0.372655,1.432165
member,5746,2,1,0,1.743186,0.174962,0.263539,1.961188,1.812353,-0.409633,1.961188
member,44070,2,6,0,1.724418,0.178277,0.287655,1.864735,1.625771,-0.478425,1.864735
member,43134,2,7,0,2.484159,0.083396,0.245741,2.002009,0.573884,-1.080683,2.002009
member,23575,9,1,0,0.819648,0.440587,0.507036,0.951131,3.766754,-0.140475,0.951131
member,47223,5,6,0,2.533904,0.079349,0.535153,1.574767,1.370778,-1.908701,1.574767
member,25326,2,2,1,1.496755,0.223855,0.223855,2.144541,0.911906,0.482834,-2.144541
member,44216,2,1,0,3.385429,0.033863,0.632734,1.338103,0.342794,-2.927724,1.338103
member,19819,5,6,0,2.611695,0.073410,0.264580,1.972795,0.466483,-1.282083,1.972795
member,47713,8,8,1,0.797117,0.450626,0.450626,1.552627,2.628887,0.787922,-1.552627
member,45673,9,9,1,0.650246,0.521917,0.521917,1.311831,3.497457,1.029576,-1.311831
member,41827,3,3,1,1.258059,0.284205,0.284205,1.909676,1.925309,0.308982,-1.909676
member,3840,1,9,0,1.714011,0.180142,0.290026,1.860265,1.183164,-0.476227,1.860265
member,34965,6,6,1,0.774261,0.461044,0.461044,1.621818,3.498701,1.144439,-1.621818
member,5645,5,1,0,2.299791,0.100280,0.279430,1.935212,1.300028,-1.024788,1.935212
member,33931,5,7,0,2.729328,0.065263,0.247745,2.007017,0.156959,-1.333972,2.007017
member,25315,3,1,0,1.751657,0.173486,0.335942,1.767173,1.810793,-0.660839,1.767173
member,23046,5,9,0,2.963775,0.051624,0.249911,1.920102,0.317140,-1.577124,1.920102
member,9672,7,7,1,1.462801,0.231587,0.231587,1.858625,2.251434,0.088144,-1.858625
member,45833,7,7,1,1.027538,0.357887,0.357887,1.927570,1.900339,1.040318,-1.927570
member,9242,9,8,0,1.309294,0.270011,0.448284,1.515678,2.179813,-0.506964,1.515678
member,35274,8,8,1,1.696681,0.183291,0.183291,2.168118,0.773973,0.091646,-2.168118
member,32446,4,3,0,2.240026,0.106456,0.229143,1.960995,1.075967,-0.766619,1.960995
member,681,5,7,0,1.992014,0.136420,0.402483,1.656020,2.188381,-1.081911,1.656020
member,45179,5,0,0,2.493218,0.082644,0.247209,2.078956,0.001693,-1.095697,2.078956
member,46939,3,1,0,2.399797,0.090736,0.310706,1.811517,1.037329,-1.230891,1.811517
member,41768,1,9,0,1.169919,0.310392,0.409834,1.483589,2.373938,-0.277915,1.483589
member,8812,1,9,0,2.064449,0.126888,0.428099,1.831841,0.697771,-1.216048,1.831841
member,40264,6,3,0,1.813536,0.163076,0.374986,1.735185,2.669464,-0.832670,1.735185
member,25266,7,7,1,1.378607,0.251929,0.251929,1.860349,2.497851,0.320802,-1.860349
member,49379,8,8,1,0.723995,0.484812,0.484812,1.331835,2.899703,0.389797,-1.331835
member,28591,9,7,0,1.967179,0.139851,0.146075,2.218047,0.685526,-0.043542,2.218047
member,12758,3,6,0,1.507305,0.221506,0.318260,1.791992,2.253083,-0.362419,1.791992
member,8474,6,0,0,2.677574,0.068730,0.128796,2.285085,-0.349927,-0.628052,2.285085
member,24802,0,0,1,0.104105,0.901131,0.901131,0.514190,4.466224,3.849219,-0.514190
member,13505,1,8,0,1.407083,0.244857,0.315000,1.456056,3.191375,-0.251900,1.456056
member,18215,0,0,1,0.187719,0.828847,0.828847,0.589432,5.304219,1.801046,-0.589432
member,44984,8,9,0,1.948326,0.142512,0.546917,1.435921,1.383281,-1.344867,1.435921
member,6224,6,5,0,2.607758,0.073700,0.256561,1.863177,0.974968,-1.247369,1.863177
member,33322,8,8,1,1.090339,0.336103,0.336103,1.607083,2.286341,0.209173,-1.607083
member,32156,9,1,0,1.416325,0.242604,0.333067,1.558140,2.238127,-0.316914,1.558140
member,45143,0,8,0,0.953369,0.385440,0.403570,1.223189,4.375908,-0.045964,1.223189
member,10460,6,5,0,1.710016,0.180863,0.217922,1.900149,2.156467,-0.186395,1.900149
member,34110,9,9,1,1.183193,0.306299,0.306299,1.959071,1.493080,0.633176,-1.959071
member,36900,3,1,0,3.060157,0.046880,0.335398,1.763088,0.115740,-1.967719,1.763088
member,36462,6,3,0,2.666086,0.069524,0.155006,2.206569,-0.258869,-0.801796,2.206569
member,585,8,0,0,1.358687,0.256998,0.645435,0.940115,3.960073,-0.920857,0.940115
member,26501,5,9,0,3.511952,0.029839,0.232749,2.070317,-0.655522,-2.054159,2.070317
member,39109,1,6,0,2.295244,0.100737,0.339322,1.966937,0.715424,-1.214437,1.966937
member,29316,8,8,1,0.773600,0.461349,0.461349,1.084389,4.264956,0.071040,-1.084389
member,23208,6,1,0,2.894773,0.055312,0.432949,1.592510,0.749306,-2.057638,1.592510
member,43785,9,9,1,1.207589,0.298917,0.298917,2.069722,1.360167,0.479981,-2.069722
member,23584,3,1,0,2.294661,0.100796,0.495436,1.449616,1.986809,-1.592345,1.449616
member,47910,2,6,0,2.576585,0.076033,0.478882,1.680510,1.021938,-1.840284,1.680510
member,40064,7,7,1,1.219399,0.295408,0.295408,1.992275,1.537693,0.625513,-1.992275
member,7650,6,6,1,0.810247,0.444748,0.444748,1.553671,3.552887,0.557337,-1.553671
member,7584,3,5,0,2.126057,0.119307,0.154563,2.221659,0.413505,-0.258902,2.221659
member,40551,6,9,0,1.810467,0.163578,0.191660,2.150847,0.784470,-0.158432,2.150847
member,36927,0,8,0,3.224580,0.039772,0.731668,1.060886,0.427354,-2.912151,1.060886
member,13373,7,7,1,1.046310,0.351231,0.351231,1.963616,1.681868,0.586274,-1.963616
member,13484,6,6,1,1.432466,0.238720,0.238720,2.117883,1.352434,0.555888,-2.117883
member,24492,0,6,0,6.359535,0.001730,0.344619,1.770880,-2.853715,-5.294219,1.770880
member,2463,8,9,0,1.219777,0.295296,0.295975,1.607767,2.075815,-0.002298,1.607767
member,9829,7,6,0,1.742022,0.175166,0.214440,1.969797,1.401785,-0.202298,1.969797
member,31684,2,6,0,2.249121,0.105492,0.230793,2.032370,1.127048,-0.782888,2.032370
member,37428,1,1,1,0.307279,0.735445,0.735445,0.795299,4.466896,1.237461,-0.795299
member,20339,3,6,0,2.044512,0.129443,0.326255,1.795965,2.139952,-0.924437,1.795965
member,48859,0,7,0,2.016380,0.133137,0.270055,1.999379,0.671159,-0.707249,1.999379
member,44240,9,9,1,1.036309,0.354762,0.354762,1.695202,2.241670,0.585264,-1.695202
member,47407,6,5,0,2.000903,0.135213,0.365490,1.647384,2.654408,-0.994387,1.647384
member,27506,1,0,0,3.314260,0.036361,0.787654,0.700462,2.420209,-3.075563,0.700462
member,17552,4,6,0,1.529344,0.216678,0.235717,1.855804,2.139210,-0.084223,1.855804
member,23514,1,1,1,0.315816,0.729193,0.729193,1.110087,3.474131,2.249867,-1.110087
member,26006,7,6,0,2.414229,0.089436,0.375148,1.868197,1.046826,-1.433793,1.868197
member,46859,1,3,0,2.412861,0.089559,0.248005,1.979567,0.725518,-1.018556,1.979567
member,29596,0,8,0,2.147243,0.116806,0.529230,1.378699,1.486130,-1.510911,1.378699
member,18046,6,1,0,3.346032,0.035224,0.265795,1.950286,-0.449341,-2.021001,1.950286
member,44418,1,1,1,1.283605,0.277037,0.277037,1.950976,1.548225,0.088182,-1.950976
member,31562,2,4,0,2.281625,0.102118,0.266789,1.836624,1.304247,-0.960327,1.836624
member,34962,1,9,0,1.637005,0.194562,0.292199,2.075773,1.086179,-0.406684,2.075773
member,7055,7,9,0,1.449772,0.234624,0.271093,1.949402,1.476916,-0.144477,1.949402
member,7646,8,8,1,0.623456,0.536088,0.536088,1.063822,4.008551,0.393416,-1.063822
member,25770,7,9,0,4.741267,0.008728,0.512957,1.344901,-0.756496,-4.073704,1.344901
member,43935,1,1,1,0.832852,0.434807,0.434807,1.630717,2.289831,0.411779,-1.630717
member,27719,9,9,1,1.399341,0.246760,0.246760,2.013639,1.498793,0.278424,-2.013639
member,28448,9,6,0,3.284182,0.037471,0.547416,1.548407,0.703932,-2.681636,1.548407
member,48430,0,9,0,2.185423,0.112430,0.531599,1.401695,1.674464,-1.553558,1.401695
member,24384,3,1,0,2.367623,0.093703,0.178478,2.198488,0.271611,-0.644333,2.198488
member,38939,2,6,0,2.367559,0.093709,0.399036,1.729675,1.494087,-1.448856,1.729675
member,36465,2,7,0,2.179157,0.113137,0.152450,2.259255,0.187072,-0.298238,2.259255
member,10927,7,3,0,1.755953,0.172743,0.209936,2.016022,1.211671,-0.194999,2.016022
member,42423,7,9,0,2.277586,0.102531,0.609462,1.339873,1.279625,-1.782408,1.339873
member,12894,1,8,0,2.409940,0.089821,0.728668,0.918738,2.604086,-2.093403,0.918738
member,41067,1,8,0,2.354962,0.094897,0.440382,1.433149,1.408388,-1.534849,1.433149
member,26106,3,3,1,0.926959,0.395755,0.395755,1.861564,2.312223,0.955316,-1.861564
member,45574,1,9,0,1.842520,0.158418,0.198032,2.076869,1.135206,-0.223193,2.076869
member,3290,6,4,0,1.792443,0.166553,0.202911,1.978342,1.283720,-0.197457,1.978342
member,34117,5,4,0,2.047621,0.129041,0.172239,2.154784,0.741541,-0.288748,2.154784
member,11427,1,1,1,1.615253,0.198840,0.198840,2.131655,1.093237,0.164495,-2.131655
member,15054,2,7,0,1.913118,0.147619,0.220480,2.123024,0.645833,-0.401168,2.123024
member,19474,9,9,1,0.467809,0.626373,0.626373,1.186722,3.442574,1.073077,-1.186722
member,3494,4,9,0,3.423330,0.032604,0.308410,1.945835,-0.569315,-2.247004,1.945835
member,5264,4,7,0,2.206705,0.110063,0.483986,1.595833,1.401670,-1.481005,1.595833
member,12377,3,9,0,3.070604,0.046393,0.484170,1.682141,0.133505,-2.345285,1.682141
member,20366,1,1,1,0.460623,0.630890,0.630890,1.091920,3.830692,0.914191,-1.091920
member,45677,1,1,1,0.888966,0.411081,0.411081,1.840215,2.370858,1.158225,-1.840215
member,40829,7,0,0,1.924583,0.145937,0.272614,2.056705,0.791909,-0.624886,2.056705
member,6916,8,1,0,3.241734,0.039096,0.326379,1.852674,-0.177321,-2.122037,1.852674
member,18027,2,6,0,2.660378,0.069922,0.361727,1.891724,1.033952,-1.643512,1.891724
member,37745,2,7,0,2.069552,0.126242,0.215602,2.035278,0.701982,-0.535230,2.035278
member,21328,1,1,1,0.666383,0.513563,0.513563,1.500939,2.905940,0.898083,-1.500939
member,20279,5,6,0,2.508720,0.081372,0.523353,1.590114,1.148234,-1.861221,1.590114
member,41885,9,8,0,1.621093,0.197683,0.333738,1.765018,1.428377,-0.523692,1.765018
member,16545,6,7,0,1.643149,0.193370,0.234894,1.869838,1.820899,-0.194530,1.869838
member,14067,1,1,1,0.319467,0.726536,0.726536,1.124444,3.933727,2.676315,-1.124444
member,20630,3,1,0,2.737461,0.064734,0.497574,1.516483,1.465003,-2.039450,1.516483
member,21239,3,3,1,1.414713,0.242995,0.242995,1.976985,1.884230,0.159286,-1.976985
member,27152,3,7,0,2.565164,0.076907,0.598001,1.425096,1.061890,-2.051001,1.425096
member,26634,6,6,1,1.045087,0.351661,0.351661,1.864607,2.624176,0.776764,-1.864607
member,10821,6,6,1,1.334155,0.263381,0.263381,1.970968,1.964334,0.231055,-1.970968
member,19015,0,1,0,3.671403,0.025441,0.491156,1.438875,0.044756,-2.960410,1.438875
member,14759,5,6,0,2.518270,0.080599,0.473811,1.587527,1.609354,-1.771324,1.587527
member,18119,3,5,0,1.606941,0.200500,0.208135,2.113328,1.204831,-0.037371,2.113328
member,42881,6,6,1,1.166488,0.311459,0.311459,1.964989,2.001565,0.733690,-1.964989
member,36207,5,3,0,1.589648,0.203997,0.322121,1.680119,2.715587,-0.456821,1.680119
member,49474,5,1,0,3.224132,0.039790,0.270379,2.081434,-0.466360,-1.916202,2.081434
member,1824,0,9,0,2.341053,0.096226,0.228800,2.079782,0.242467,-0.866145,2.079782
member,46194,1,3,0,4.208090,0.014875,0.319489,1.663539,0.254987,-3.067059,1.663539
member,25434,4,7,0,2.515674,0.080808,0.342809,1.824910,1.066755,-1.445092,1.824910
member,40078,3,3,1,1.361629,0.256243,0.256243,1.923432,1.871418,0.377470,-1.923432
member,8909,7,7,1,1.440429,0.236826,0.236826,2.043793,1.493884,0.185795,-2.043793
member,20853,6,0,0,4.806448,0.008177,0.351153,1.823631,-1.787241,-3.759917,1.823631
member,27450,6,9,0,2.030711,0.131242,0.182462,2.207437,0.472461,-0.329498,2.207437
member,31937,9,2,0,2.399954,0.090722,0.221890,2.158153,0.326294,-0.894379,2.158153
member,6946,2,6,0,2.281573,0.102123,0.288927,1.944541,0.790434,-1.039991,1.944541
member,9685,4,7,0,1.595739,0.202759,0.259711,1.855952,1.861164,-0.247553,1.855952
member,34334,3,7,0,1.726536,0.177900,0.325957,1.899243,1.401801,-0.605546,1.899243
member,46758,8,8,1,0.464610,0.628380,0.628380,1.213014,3.312511,1.358761,-1.213014
member,28474,1,0,0,1.881603,0.152346,0.372284,1.813977,1.024765,-0.893506,1.813977
member,18668,9,9,1,1.219458,0.295390,0.295390,1.822752,2.372045,0.049258,-1.822752
member,37156,3,9,0,3.794780,0.022488,0.659752,1.038096,0.311572,-3.378889,1.038096
member,3564,0,0,1,0.598050,0.549883,0.549883,1.170796,3.650345,0.585284,-1.170796
member,28540,6,9,0,3.324192,0.036002,0.288704,1.925790,-0.500253,-2.081838,1.925790
member,18049,2,1,0,1.737725,0.175920,0.302674,1.913476,1.678189,-0.542627,1.913476
member,28079,5,5,1,1.078451,0.340122,0.340122,1.734236,2.852855,0.533486,-1.734236
member,28532,1,9,0,1.970510,0.139386,0.637552,1.312445,1.633623,-1.520391,1.312445
member,21420,3,9,0,1.977397,0.138429,0.209344,2.120059,0.623445,-0.413621,2.120059
member,322,9,1,0,1.896161,0.150144,0.609429,1.381734,1.684559,-1.400929,1.381734
member,47970,3,7,0,2.348760,0.095487,0.192393,2.200109,0.196419,-0.700546,2.200109
member,19345,4,9,0,4.372780,0.012616,0.360546,1.611248,-1.013357,-3.352643,1.611248
member,14804,8,1,0,2.279188,0.102367,0.323848,1.568607,1.355526,-1.151707,1.568607
member,45991,5,3,0,2.107273,0.121569,0.224552,1.939563,1.227798,-0.613623,1.939563
member,45619,8,0,0,1.922059,0.146305,0.740951,0.944353,2.102196,-1.622237,0.944353
member,49165,8,1,0,5.347026,0.004762,0.338039,1.795465,-1.997390,-4.262431,1.795465
member,28279,8,8,1,0.719155,0.487164,0.487164,1.366030,3.235635,0.883325,-1.366030
member,38831,6,1,0,3.332171,0.035715,0.262878,2.028032,-0.679206,-1.996105,2.028032
member,29276,5,5,1,1.367599,0.254718,0.254718,1.855726,1.835251,0.019295,-1.855726
member,27488,1,9,0,2.228340,0.107707,0.574346,1.184738,2.332612,-1.673816,1.184738
member,43005,5,0,0,3.637615,0.026315,0.649651,1.341186,-0.429563,-3.206295,1.341186
member,10496,7,9,0,1.770400,0.170265,0.348520,1.891784,1.241952,-0.716339,1.891784
member,42662,4,6,0,1.925982,0.145733,0.375854,1.839834,1.430295,-0.947429,1.839834
member,5528,8,1,0,2.827570,0.059156,0.167224,2.210447,-0.329117,-1.039151,2.210447
member,35387,2,7,0,2.558728,0.077403,0.187412,1.935006,0.805379,-0.884285,1.935006
member,31208,1,9,0,1.540064,0.214367,0.302210,1.971387,1.259488,-0.343430,1.971387
member,40987,1,1,1,0.438198,0.645198,0.645198,1.135300,3.779551,1.099662,-1.135300
member,21332,2,0,0,2.028591,0.131521,0.395344,1.846846,0.794440,-1.100593,1.846846
member,3402,2,3,0,2.588466,0.075135,0.202865,2.089937,0.293504,-0.993249,2.089937
member,7780,5,7,0,2.517432,0.080666,0.300244,1.784089,1.141813,-1.314273,1.784089
member,27135,4,6,0,2.123538,0.119608,0.315533,1.934439,1.310272,-0.970048,1.934439
member,45929,7,7,1,0.819780,0.440528,0.440528,1.725225,2.274694,1.236116,-1.725225
member,25715,4,6,0,1.828198,0.160703,0.440696,1.665047,1.722594,-1.008797,1.665047
member,22229,5,0,0,3.378902,0.034085,0.411903,1.737935,-0.414200,-2.491935,1.737935
member,482,1,3,0,2.601449,0.074166,0.261061,1.971816,0.375295,-1.258448,1.971816
member,28661,5,5,1,0.861053,0.422717,0.422717,1.310145,3.333117,0.042753,-1.310145
member,14181,4,6,0,2.091825,0.123462,0.526525,1.546679,2.026079,-1.450367,1.546679
member,39684,8,1,0,4.383040,0.012487,0.320839,1.884006,-1.211504,-3.246224,1.884006
member,8790,3,5,0,1.558600,0.210430,0.265431,1.863262,1.890961,-0.232200,1.863262
member,38978,8,8,1,0.898581,0.407147,0.407147,1.301475,3.036135,0.001116,-1.301475
member,40401,0,9,0,4.769454,0.008485,0.241776,1.985300,-1.941568,-3.349711,1.985300
member,2874,6,6,1,1.259541,0.283784,0.283784,2.032884,1.978954,0.752750,-2.032884
member,45435,9,7,0,2.618093,0.072942,0.249242,2.013330,0.300821,-1.228764,2.013330
member,22603,2,6,0,2.370549,0.093429,0.219398,2.056435,0.443146,-0.853681,2.056435
member,37027,1,7,0,3.637170,0.026327,0.354516,1.859836,-0.333560,-2.600168,1.859836
member,44393,6,9,0,2.503796,0.081774,0.245540,1.978116,0.436771,-1.099502,1.978116
member,4215,9,9,1,0.787484,0.454988,0.454988,1.516758,2.407128,0.388868,-1.516758
member,33067,5,5,1,1.502311,0.222615,0.222615,1.863519,2.241264,0.020627,-1.863519
member,13591,8,7,0,3.425642,0.032528,0.193004,2.157245,-0.889382,-1.780595,2.157245
member,44340,2,1,0,2.328655,0.097427,0.146466,2.275315,0.113579,-0.407690,2.275315
member,38869,4,1,0,2.293935,0.100869,0.202748,2.165382,0.542846,-0.698143,2.165382
member,46868,6,6,1,1.625673,0.196779,0.196779,2.098815,1.156058,0.037767,-2.098815
member,373,0,7,0,1.650578,0.191939,0.330071,1.931869,1.040686,-0.542130,1.931869
member,48581,7,9,0,2.209099,0.109800,0.204837,2.055518,0.513674,-0.623559,2.055518
member,39616,3,7,0,1.950279,0.142234,0.302938,1.917631,1.064030,-0.756050,1.917631
member,27088,6,4,0,1.523297,0.217992,0.221815,1.951133,1.579901,-0.017387,1.951133
member,32024,4,6,0,1.873733,0.153549,0.494335,1.546253,2.732857,-1.169191,1.546253
member,21634,0,0,1,1.147628,0.317389,0.317389,1.919838,1.611366,0.265870,-1.919838
member,4579,5,1,0,2.384284,0.092155,0.239937,1.889062,1.019443,-0.956905,1.889062
member,39392,0,9,0,3.571415,0.028116,0.584997,1.215275,0.325310,-3.035266,1.215275
member,17782,7,9,0,3.196011,0.040925,0.279951,1.865533,-0.246865,-1.922869,1.865533
member,40302,6,6,1,0.353808,0.702010,0.702010,1.085253,4.865364,1.887529,-1.085253
member,19516,4,5,0,1.734304,0.176523,0.365194,1.817520,1.592942,-0.726978,1.817520
member,28309,9,9,1,0.800719,0.449006,0.449006,1.694142,2.197730,0.922367,-1.694142
member,12617,7,7,1,1.009571,0.364375,0.364375,1.752360,2.605661,0.697846,-1.752360
member,35498,9,8,0,1.888797,0.151254,0.716679,0.952396,2.515065,-1.555670,0.952396
member,35884,1,1,1,0.962397,0.381976,0.381976,1.856318,2.337352,1.063273,-1.856318
member,31744,9,1,0,1.200839,0.300942,0.330955,1.811371,1.811801,-0.095066,1.811371
member,48720,7,9,0,2.278692,0.102418,0.259253,2.145409,0.395617,-0.928742,2.145409
member,13911,5,3,0,1.643984,0.193209,0.221546,1.911285,2.180663,-0.136860,1.911285
member,7094,5,3,0,1.471710,0.229533,0.249368,1.779640,2.837381,-0.082885,1.779640
member,15400,7,6,0,1.850027,0.157233,0.331022,1.804837,1.756777,-0.744456,1.804837
member,42129,3,9,0,3.667341,0.025544,0.306539,1.701571,-0.521308,-2.484929,1.701571
member,29297,2,6,0,1.943807,0.143158,0.294984,1.936853,1.117749,-0.722973,1.936853
member,33129,4,6,0,1.785827,0.167658,0.195705,2.027213,1.044302,-0.154682,2.027213
member,29116,9,9,1,1.387496,0.249700,0.249700,2.063788,1.198233,0.120367,-2.063788
member,7687,9,8,0,1.485540,0.226380,0.476043,1.439374,2.194394,-0.743294,1.439374
member,45114,4,6,0,1.542038,0.213945,0.429390,1.596671,2.917312,-0.696648,1.596671
member,62,8,8,1,0.165309,0.847632,0.847632,0.563399,5.486571,2.064640,-0.563399
member,25109,7,9,0,2.800322,0.060790,0.558294,1.508854,0.479571,-2.217453,1.508854
member,12024,8,9,0,1.666936,0.188825,0.324778,1.862295,1.238999,-0.542322,1.862295
member,37595,7,9,0,1.873366,0.153606,0.427700,1.813074,0.991028,-1.024031,1.813074
member,7892,9,9,1,0.907059,0.403710,0.403710,1.249154,3.507914,0.081750,-1.249154
member,20265,0,9,0,1.902910,0.149134,0.457713,1.392091,2.091706,-1.121398,1.392091
member,49706,7,9,0,1.741537,0.175251,0.344024,1.942593,1.105935,-0.674492,1.942593
member,47292,3,2,0,2.138698,0.117808,0.161319,2.259421,0.195902,-0.314328,2.259421
member,22681,5,9,0,3.985316,0.018587,0.442410,1.689945,-1.051460,-3.169798,1.689945
member,29909,9,9,1,1.176886,0.308237,0.308237,1.904533,1.668208,0.344173,-1.904533
member,2385,4,7,0,1.683031,0.185810,0.224604,1.903834,2.204688,-0.189616,1.903834
member,25884,2,6,0,2.015671,0.133231,0.365046,1.770514,1.602002,-1.007939,1.770514
member,3184,0,0,1,0.179325,0.835834,0.835834,0.670220,4.408574,2.165221,-0.670220
member,21752,1,7,0,3.197641,0.040858,0.442186,1.747979,-0.063447,-2.381616,1.747979
member,8358,8,9,0,3.016818,0.048957,0.530213,1.576308,0.224769,-2.382343,1.576308
member,4995,8,9,0,2.563556,0.077030,0.390769,1.888560,0.295583,-1.623917,1.888560
member,19990,4,6,0,2.239805,0.106479,0.202688,2.057887,0.957498,-0.643719,2.057887
member,37218,5,3,0,1.663007,0.189568,0.212688,1.992110,1.754673,-0.115078,1.992110
member,45047,8,5,0,2.993603,0.050107,0.297012,1.970404,0.173727,-1.779619,1.970404
member,13734,6,6,1,1.005608,0.365822,0.365822,1.856463,2.317317,0.750911,-1.856463
member,6111,9,1,0,1.608402,0.200207,0.523440,1.476776,2.145017,-0.961070,1.476776
member,5373,8,0,0,1.075800,0.341025,0.426137,1.393563,2.782932,-0.222806,1.393563
member,42274,5,6,0,2.109431,0.121307,0.155952,2.164867,0.560377,-0.251221,2.164867
member,12431,5,9,0,3.490503,0.030486,0.473528,1.517994,0.175135,-2.742958,1.517994
member,7918,6,6,1,1.068727,0.343445,0.343445,1.921957,2.094473,0.865579,-1.921957
member,35811,4,7,0,1.390514,0.248947,0.271786,1.753240,2.811768,-0.087776,1.753240
member,37630,1,9,0,1.775683,0.169368,0.416550,1.761172,1.256206,-0.899934,1.761172
member,12140,2,6,0,2.169946,0.114184,0.421227,1.689741,1.363605,-1.305362,1.689741
member,39634,3,1,0,3.559884,0.028442,0.562171,1.449913,0.001248,-2.983935,1.449913
member,9645,8,0,0,1.125650,0.324442,0.372215,1.613746,2.164352,-0.137367,1.613746
member,43841,3,3,1,1.239063,0.289656,0.289656,2.000536,1.816196,0.517171,-2.000536
member,36448,3,3,1,0.765972,0.464882,0.464882,1.612226,2.818687,1.002962,-1.612226
member,25313,4,6,0,2.180640,0.112969,0.169776,2.181762,0.472656,-0.407363,2.181762
member,46535,6,0,0,4.362805,0.012743,0.292817,1.967363,-1.627859,-3.134597,1.967363
member,5304,8,0,0,1.957927,0.141151,0.786720,0.778363,2.438681,-1.718045,0.778363
member,38769,6,6,1,0.837286,0.432884,0.432884,1.706727,3.121818,1.197245,-1.706727
member,22445,5,3,0,1.699612,0.182754,0.287096,1.872406,2.041918,-0.451673,1.872406
member,10324,5,5,1,1.655672,0.190964,0.190964,2.084214,1.020671,0.094160,-2.084214
member,37746,5,2,0,1.963063,0.140428,0.156167,2.222591,0.442076,-0.106231,2.222591
member,41364,3,7,0,2.107693,0.121518,0.123483,2.278588,0.257023,-0.016040,2.278588
member,3180,0,9,0,1.662358,0.189691,0.341616,1.881130,1.334932,-0.588289,1.881130
member,29109,3,5,0,1.497770,0.223628,0.226028,1.936116,1.766243,-0.010673,1.936116
member,26629,2,0,0,3.816878,0.021996,0.710105,1.008972,0.076881,-3.474536,1.008972
member,17020,8,8,1,0.528737,0.589349,0.589349,1.164482,3.519866,0.869193,-1.164482
member,4614,4,6,0,3.266103,0.038155,0.378346,1.698096,0.763077,-2.294157,1.698096
member,30558,9,6,0,3.059180,0.046926,0.439726,1.757126,0.403984,-2.237576,1.757126
member,428,9,9,1,1.003749,0.366503,0.366503,1.797495,2.009145,0.516007,-1.797495
member,45144,4,9,0,2.455449,0.085825,0.205682,2.166601,0.246312,-0.874026,2.166601
member,36165,9,8,0,1.288133,0.275785,0.303366,1.719582,1.876323,-0.095319,1.719582
member,46191,6,6,1,0.897196,0.407711,0.407711,1.757078,2.941504,1.086292,-1.757078
member,43338,5,9,0,4.020283,0.017948,0.462768,1.482302,-0.580388,-3.249753,1.482302
member,21861,1,1,1,1.321991,0.266604,0.266604,2.046932,1.617184,0.408916,-2.046932
member,24211,9,9,1,0.627244,0.534062,0.534062,1.209036,3.255226,0.505761,-1.209036
member,10365,0,9,0,2.483763,0.083429,0.444041,1.310830,1.613732,-1.671925,1.310830
member,39272,3,1,0,3.010335,0.049275,0.468821,1.727954,0.069633,-2.252801,1.727954
member,33412,2,1,0,2.510742,0.081208,0.327956,1.903860,0.833279,-1.395865,1.903860
member,20849,3,7,0,1.546676,0.212955,0.288897,1.834332,2.256970,-0.304989,1.834332
member,16842,4,6,0,1.923725,0.146062,0.344897,1.858240,1.214555,-0.859216,1.858240
member,9998,1,1,1,1.083312,0.338473,0.338473,1.826472,2.023991,0.315821,-1.826472
member,23186,7,7,1,0.397705,0.671860,0.671860,1.239664,3.296215,1.891837,-1.239664
member,7497,8,8,1,0.258901,0.771900,0.771900,0.845805,4.143511,2.005955,-0.845805
member,5459,1,9,0,1.228946,0.292601,0.442478,1.516379,2.256943,-0.413581,1.516379
member,4573,4,0,0,4.974714,0.006910,0.636747,1.193761,-1.369253,-4.523331,1.193761
member,8171,6,6,1,0.708367,0.492448,0.492448,1.573726,3.441507,1.190704,-1.573726
member,33839,9,9,1,0.762537,0.466481,0.466481,1.129733,3.279424,0.078455,-1.129733
member,23588,2,7,0,1.851988,0.156925,0.215872,2.115917,0.748533,-0.318916,2.115917
member,41912,2,8,0,3.235897,0.039325,0.616061,1.156085,1.077005,-2.751488,1.156085
member,7294,8,0,0,1.534117,0.215646,0.717624,0.822882,3.738701,-1.202308,0.822882
member,25913,6,1,0,2.143121,0.117288,0.224808,2.169195,0.427177,-0.650612,2.169195
member,16357,2,9,0,2.884785,0.055867,0.281741,1.973276,0.041941,-1.618018,1.973276
member,36329,9,0,0,2.929630,0.053417,0.470549,1.202946,3.479217,-2.175776,1.202946
member,46762,5,6,0,1.948929,0.142427,0.210656,2.018008,1.226749,-0.391400,2.018008
member,13263,9,8,0,1.702754,0.182181,0.507270,1.461319,1.705790,-1.024043,1.461319
member,33510,0,8,0,2.641681,0.071241,0.680929,1.192689,0.903684,-2.257383,1.192689
member,44105,7,7,1,0.875404,0.416694,0.416694,1.785105,2.104060,0.766739,-1.785105
member,11192,3,0,0,3.340886,0.035406,0.450317,1.782561,-0.453163,-2.543082,1.782561
member,27638,0,0,1,0.646889,0.523672,0.523672,0.903017,4.962450,0.203599,-0.903017
member,35305,9,3,0,2.556055,0.077610,0.200334,2.081278,0.380522,-0.948286,2.081278
member,17714,7,0,0,1.730148,0.177258,0.178733,2.182781,0.659798,-0.008285,2.182781
member,32663,8,1,0,4.046849,0.017477,0.620511,1.311355,-0.551774,-3.569637,1.311355
member,13167,3,6,0,1.987977,0.136972,0.421041,1.676581,1.918184,-1.122953,1.676581
member,25290,0,0,1,0.391690,0.675914,0.675914,1.288399,2.849643,2.125985,-1.288399
member,27401,5,6,0,2.163365,0.114938,0.290960,1.907179,1.304361,-0.928794,1.907179
member,12457,8,0,0,1.620747,0.197751,0.746764,0.783977,3.165810,-1.328741,0.783977
member,2185,1,1,1,0.760715,0.467332,0.467332,1.564068,2.630823,0.827624,-1.564068
member,37087,0,0,1,0.451761,0.636506,0.636506,1.399211,2.667117,2.237175,-1.399211
member,21358,6,6,1,0.833852,0.434373,0.434373,1.694308,2.948977,0.907620,-1.694308
member,40553,4,9,0,3.068605,0.046486,0.332691,1.981692,-0.389868,-1.968063,1.981692
member,25253,3,5,0,1.587007,0.204537,0.330281,1.764186,2.084471,-0.479197,1.764186
member,2494,6,6,1,1.237576,0.290087,0.290087,1.963108,1.770146,0.650499,-1.963108
member,11032,5,6,0,2.422686,0.088683,0.314539,1.939061,1.199693,-1.266040,1.939061
member,13611,6,2,0,3.525658,0.029432,0.219511,2.016106,-0.121804,-2.009302,2.016106
member,26444,7,7,1,1.303952,0.271457,0.271457,1.816841,2.343465,0.260652,-1.816841
member,41257,1,1,1,1.371357,0.253762,0.253762,2.013175,1.788393,0.590868,-2.013175
member,11762,0,0,1,0.426408,0.652850,0.652850,1.225801,3.047802,1.349061,-1.225801
member,5235,9,8,0,2.768373,0.062764,0.492432,1.437403,0.954756,-2.059973,1.437403
member,5763,6,3,0,1.454576,0.233499,0.282652,1.695027,2.733059,-0.191037,1.695027
member,19732,6,6,1,1.040867,0.353148,0.353148,1.918865,2.070635,1.074326,-1.918865
member,39017,7,6,0,1.754790,0.172944,0.311977,1.919048,1.287664,-0.589965,1.919048
member,36078,7,1,0,2.101570,0.122264,0.162513,2.228426,0.397547,-0.284572,2.228426
member,44767,1,1,1,0.308772,0.734348,0.734348,1.081730,3.702236,1.954944,-1.081730
member,28280,1,9,0,1.713297,0.180270,0.254830,2.064087,1.099175,-0.346138,2.064087
member,46354,3,3,1,1.464058,0.231296,0.231296,2.146792,1.114712,0.306363,-2.146792
member,42758,1,8,0,2.343342,0.096006,0.497685,1.187784,2.541596,-1.645555,1.187784
member,48920,8,2,0,2.799984,0.060811,0.205227,2.193276,-0.156361,-1.216345,2.193276
member,47078,9,6,0,3.340847,0.035407,0.347735,1.856356,0.587377,-2.284534,1.856356
member,18151,5,1,0,2.918320,0.054024,0.362331,1.903083,0.238832,-1.903123,1.903083
member,41440,8,6,0,7.375246,0.000627,0.590060,1.425867,-3.165686,-6.847714,1.425867
member,18346,5,3,0,1.527066,0.217172,0.278291,1.787545,2.415765,-0.247979,1.787545
member,21522,0,0,1,0.930798,0.394239,0.394239,1.915903,1.774224,1.041267,-1.915903
member,39092,5,5,1,0.504357,0.603894,0.603894,1.247434,4.218713,1.132016,-1.247434
member,29608,5,6,0,2.732637,0.065048,0.498396,1.556831,1.304065,-2.036276,1.556831
member,19136,4,1,0,3.075569,0.046163,0.351364,1.894415,0.413678,-2.029636,1.894415
member,9384,0,8,0,1.346974,0.260026,0.335133,1.631940,1.952344,-0.253745,1.631940
member,21112,1,9,0,1.008155,0.364892,0.445282,1.386971,2.605883,-0.199107,1.386971
member,43030,4,6,0,2.089540,0.123744,0.197936,2.062354,0.884951,-0.469730,2.062354
member,16158,1,6,0,4.089662,0.016745,0.393385,1.696283,0.447653,-3.156696,1.696283
member,24592,0,0,1,0.168347,0.845061,0.845061,0.721370,3.956775,2.882507,-0.721370
member,27461,4,6,0,2.637787,0.071519,0.315285,1.933496,0.497805,-1.483509,1.933496
member,10166,4,8,0,5.423588,0.004411,0.506141,1.391661,-1.695117,-4.742648,1.391661
member,34915,7,7,1,0.617453,0.539317,0.539317,1.511052,2.952790,1.374719,-1.511052
member,34137,8,8,1,0.850558,0.427176,0.427176,1.347635,3.239479,0.150839,-1.347635
member,31230,2,0,0,7.903249,0.000370,0.845484,0.494459,-0.862700,-7.735402,0.494459
member,44957,3,3,1,1.034214,0.355506,0.355506,1.773274,2.728272,0.539304,-1.773274
member,3030,4,7,0,1.946373,0.142791,0.400750,1.896062,0.888810,-1.031955,1.896062
member,29206,7,7,1,1.519425,0.218838,0.218838,2.088591,1.060047,0.039668,-2.088591
member,31460,3,6,0,1.907744,0.148415,0.264373,1.846368,1.759377,-0.577349,1.846368
member,40776,5,0,0,2.523991,0.080139,0.426566,1.797768,0.492750,-1.672002,1.797768
member,43705,8,0,0,1.725391,0.178103,0.666191,1.134850,1.994116,-1.319213,1.134850
member,28614,4,6,0,1.942053,0.143409,0.399852,1.819181,1.420007,-1.025393,1.819181
member,30870,4,7,0,1.948879,0.142434,0.433649,1.647623,1.351111,-1.113358,1.647623
member,9068,8,8,1,0.493601,0.610424,0.610424,1.154915,3.838840,1.143516,-1.154915
member,22921,9,1,0,1.754427,0.173006,0.356718,1.910459,1.114122,-0.723617,1.910459
member,36211,3,3,1,1.181771,0.306735,0.306735,1.619236,3.207080,0.022731,-1.619236
member,30420,9,9,1,0.942049,0.389828,0.389828,1.905025,1.827217,1.006681,-1.905025
member,3227,6,6,1,0.869066,0.419343,0.419343,1.790371,2.658989,1.284546,-1.790371
member,44489,6,7,0,1.750783,0.173638,0.294596,1.759189,2.857739,-0.528633,1.759189
member,25419,0,7,0,2.468238,0.084734,0.273621,2.018144,0.542026,-1.172227,2.018144
member,32343,7,9,0,3.420936,0.032682,0.359693,1.679651,-0.124963,-2.398431,1.679651
member,30372,5,5,1,1.312921,0.269033,0.269033,2.087292,1.498506,0.661641,-2.087292
member,18379,8,0,0,1.372797,0.253397,0.455422,1.595384,1.740643,-0.586266,1.595384
member,35715,3,9,0,2.085661,0.124225,0.269131,1.985538,0.711827,-0.773103,1.985538
member,43931,7,9,0,1.549825,0.212285,0.490536,1.615103,1.463615,-0.837569,1.615103
member,5707,2,0,0,2.529911,0.079666,0.781085,0.919589,1.420786,-2.282840,0.919589
member,49577,5,6,0,2.152716,0.116168,0.447317,1.593822,2.212343,-1.348228,1.593822
member,26772,4,7,0,1.695376,0.183530,0.326471,1.666954,2.752786,-0.575961,1.666954
member,37654,6,6,1,0.942295,0.389732,0.389732,1.572323,4.258360,0.627492,-1.572323
member,385,9,7,0,1.815691,0.162725,0.218211,2.110129,0.636042,-0.293397,2.110129
member,39190,6,9,0,1.675447,0.187224,0.213871,2.038909,1.228870,-0.133065,2.038909
member,3375,0,1,0,1.798381,0.165567,0.209439,2.144251,0.905927,-0.235059,2.144251
member,29724,0,9,0,2.924461,0.053694,0.473386,1.698112,0.078838,-2.176617,1.698112
member,18892,8,5,0,7.849500,0.000390,0.320626,1.654254,-3.749616,-6.712019,1.654254
member,30061,4,3,0,2.183290,0.112670,0.314485,1.740931,1.786158,-1.026471,1.740931
member,3863,3,7,0,2.123354,0.119630,0.308774,2.000664,0.855170,-0.948207,2.000664
member,43115,5,7,0,1.984922,0.137391,0.237548,1.937615,1.075633,-0.547535,1.937615
member,7209,2,6,0,1.951848,0.142011,0.236282,2.030375,0.852781,-0.509119,2.030375
member,3366,1,1,1,1.061930,0.345788,0.345788,1.850077,1.840514,0.307994,-1.850077
member,14441,0,0,1,1.294769,0.273961,0.273961,2.074586,1.281425,0.585226,-2.074586
member,15970,7,0,0,3.048969,0.047408,0.778469,0.950543,0.673907,-2.798543,0.950543
member,45342,2,3,0,1.826175,0.161028,0.229840,2.080181,0.803731,-0.355801,2.080181
member,6075,0,0,1,0.200131,0.818623,0.818623,0.812052,3.722187,2.585501,-0.812052
member,32810,9,9,1,0.430462,0.650209,0.650209,1.206998,3.223106,1.250539,-1.206998
member,47848,3,6,0,1.474961,0.228788,0.435766,1.629827,2.685729,-0.644311,1.629827
member,38201,7,7,1,1.097538,0.333692,0.333692,1.982051,1.628434,0.983227,-1.982051
member,32661,0,1,0,2.012273,0.133684,0.331839,1.685808,1.012240,-0.909168,1.685808
member,2095,5,5,1,1.756926,0.172575,0.172575,2.209397,0.852658,0.178122,-2.209397
member,28780,1,6,0,4.364876,0.012716,0.513486,1.501118,0.353009,-3.698344,1.501118
member,42962,7,7,1,0.837543,0.432773,0.432773,1.827288,2.174455,1.137814,-1.827288
member,31465,6,4,0,1.484896,0.226526,0.233861,1.908641,1.748781,-0.031869,1.908641
member,3758,3,3,1,1.686669,0.185135,0.185135,2.019133,1.285936,0.062847,-2.019133
member,30136,1,0,0,2.061583,0.127252,0.176773,2.223365,0.387915,-0.328691,2.223365
member,13342,9,0,0,1.578716,0.206240,0.240940,1.871021,1.413767,-0.155508,1.871021
member,37833,9,6,0,1.926204,0.145700,0.188126,2.087152,0.898773,-0.255559,2.087152
member,16918,0,8,0,2.199346,0.110876,0.534001,1.261613,2.153235,-1.571988,1.261613
member,26792,2,9,0,2.207417,0.109984,0.238327,2.056261,0.752360,-0.773306,2.056261
member,28791,0,0,1,0.538749,0.583478,0.583478,0.888420,4.464700,0.450157,-0.888420
member,46385,6,3,0,1.581818,0.205601,0.239954,1.795047,2.164972,-0.154508,1.795047
member,47794,7,7,1,1.253441,0.285521,0.285521,2.006370,1.714221,0.493388,-2.006370
member,13674,8,8,1,0.386180,0.679648,0.679648,1.067574,3.737644,1.493530,-1.067574
member,19393,7,7,1,1.259204,0.283880,0.283880,1.954107,1.640638,0.149405,-1.954107
member,16765,1,9,0,1.124269,0.324890,0.363253,1.697469,1.959130,-0.111613,1.697469
member,11313,2,9,0,3.407330,0.033130,0.555753,1.593690,-0.248638,-2.819900,1.593690
member,46456,7,5,0,2.139453,0.117719,0.225037,2.065226,0.900414,-0.647964,2.065226
member,22608,0,0,1,0.361260,0.696798,0.696798,1.201044,3.025791,2.030348,-1.201044
member,8920,1,9,0,1.611922,0.199504,0.391066,1.859146,1.240397,-0.673044,1.859146
member,1281,3,6,0,2.063558,0.127001,0.256612,1.915223,1.243873,-0.703368,1.915223
member,46449,8,8,1,1.269504,0.280971,0.280971,1.828853,1.719421,0.248365,-1.828853
member,33863,4,5,0,2.226014,0.107958,0.342843,1.695010,1.899143,-1.155530,1.695010
member,9064,0,7,0,1.439571,0.237029,0.277877,1.852922,1.445023,-0.158994,1.852922
member,39821,2,6,0,2.779778,0.062052,0.618846,1.402562,1.127484,-2.299878,1.402562
member,23077,0,0,1,0.399320,0.670776,0.670776,1.114465,3.297827,1.272735,-1.114465
member,24065,3,0,0,7.432502,0.000592,0.680200,0.763969,-1.190201,-7.047133,0.763969
member,914,6,6,1,0.618262,0.538880,0.538880,1.556564,3.256375,1.532899,-1.556564
member,22125,3,7,0,1.800734,0.165178,0.307097,1.938574,1.420843,-0.620143,1.938574
member,23364,7,7,1,1.077513,0.340441,0.340441,1.925525,2.082103,0.726891,-1.925525
member,31431,4,6,0,2.289857,0.101281,0.385614,1.859432,1.001264,-1.336939,1.859432
member,26749,7,7,1,1.424129,0.240718,0.240718,1.746448,3.119488,0.007431,-1.746448
member,33779,3,5,0,1.436793,0.237689,0.287242,1.598090,2.880412,-0.189364,1.598090
member,41927,4,7,0,1.645420,0.192931,0.216087,1.884179,1.767447,-0.113346,1.884179
member,17471,1,9,0,1.291539,0.274847,0.278792,1.876491,1.819301,-0.014249,1.876491
member,19315,4,0,0,5.869038,0.002826,0.815548,0.683897,-1.230611,-5.665143,0.683897
member,44428,6,7,0,2.696834,0.067419,0.242195,2.041802,0.118012,-1.278820,2.041802
member,32656,5,9,0,4.506417,0.011038,0.443192,1.655142,-1.401603,-3.692664,1.655142
member,36917,3,7,0,2.051296,0.128568,0.250706,1.951341,1.044997,-0.667821,1.951341
member,898,7,7,1,1.732510,0.176840,0.176840,2.142212,0.806001,0.007900,-2.142212
member,23558,2,7,0,1.900486,0.149496,0.203630,1.968500,1.024091,-0.309037,1.968500
member,46237,1,8,0,1.735078,0.176386,0.401688,1.677621,1.399669,-0.822998,1.677621
member,40170,6,1,0,1.586843,0.204570,0.228848,1.981730,1.629183,-0.112147,1.981730
member,23307,8,8,1,0.208596,0.811724,0.811724,0.779100,4.137097,2.362683,-0.779100
member,17628,8,9,0,2.430921,0.087956,0.524362,1.353271,1.637627,-1.785348,1.353271
member,17518,5,4,0,2.183285,0.112671,0.199023,2.048902,0.798753,-0.568952,2.048902
member,971,8,8,1,0.696006,0.498573,0.498573,1.397395,2.802064,0.619816,-1.397395
member,35852,9,1,0,1.659798,0.190177,0.425095,1.666680,1.842841,-0.804355,1.666680
member,12130,0,6,0,4.463177,0.011526,0.214913,2.096170,-1.551103,-2.925654,2.096170
member,11461,8,1,0,3.391496,0.033658,0.229893,1.949682,-0.227476,-1.921355,1.949682
member,18694,0,0,1,0.311421,0.732405,0.732405,1.027217,3.592053,1.901781,-1.027217
member,44135,7,6,0,1.839295,0.158929,0.290620,1.956731,1.143039,-0.603558,1.956731
member,11048,6,6,1,1.378753,0.251892,0.251892,1.860098,2.671302,0.231044,-1.860098
member,18126,6,7,0,2.780962,0.061979,0.323438,1.954988,0.257897,-1.652215,1.954988
member,6526,6,6,1,1.586585,0.204623,0.204623,2.116196,1.368780,0.301264,-2.116196
member,35962,7,6,0,2.332068,0.097095,0.340785,1.867599,0.913010,-1.255566,1.867599
member,2132,3,5,0,2.071860,0.125951,0.218338,2.106435,0.852222,-0.550148,2.106435
member,32290,0,0,1,0.370618,0.690307,0.690307,1.152808,3.231827,1.662508,-1.152808
member,11224,0,0,1,0.881227,0.414274,0.414274,1.873760,1.901886,0.980271,-1.873760
member,49690,4,0,0,5.904214,0.002728,0.526244,1.314598,-1.893948,-5.262224,1.314598
member,2372,2,6,0,2.623220,0.072569,0.452374,1.728682,0.932449,-1.829974,1.728682
member,18999,0,8,0,1.580803,0.205810,0.606309,1.181078,2.512337,-1.080438,1.181078
member,6484,2,7,0,2.268480,0.103469,0.278058,1.855352,0.640388,-0.988555,1.855352
member,18253,8,1,0,1.540252,0.214327,0.351100,1.527923,1.851162,-0.493567,1.527923
member,38923,4,6,0,2.323692,0.097911,0.414362,1.781345,1.778935,-1.442676,1.781345
member,8615,7,6,0,2.438588,0.087284,0.187487,2.133638,0.356524,-0.764545,2.133638
member,28322,6,6,1,1.385379,0.250229,0.250229,2.002306,1.855896,0.430028,-2.002306
member,36523,4,6,0,2.049150,0.128844,0.487621,1.638672,1.792682,-1.330933,1.638672
member,8578,0,9,0,2.614657,0.073193,0.468078,1.580796,0.636036,-1.855537,1.580796
member,42513,5,6,0,2.014067,0.133445,0.191170,2.047904,1.135386,-0.359476,2.047904
member,8020,5,6,0,1.972772,0.139071,0.241466,2.005872,1.036609,-0.551746,2.005872
member,47344,4,0,0,4.930238,0.007225,0.466631,1.447503,-1.320759,-4.168022,1.447503
member,39100,3,1,0,2.463378,0.085147,0.158331,2.233309,0.120226,-0.620311,2.233309
member,38366,5,6,0,1.533217,0.215840,0.308225,1.841121,2.331167,-0.356294,1.841121
member,1012,0,1,0,2.598087,0.074416,0.246489,2.116383,0.156666,-1.197647,2.116383
member,2247,2,0,0,5.652261,0.003510,0.862111,0.498526,0.057471,-5.503890,0.498526
member,21317,7,7,1,1.482244,0.227127,0.227127,1.949983,1.458659,0.049870,-1.949983
member,44842,2,2,1,1.635277,0.194898,0.194898,2.155293,1.064746,0.103198,-2.155293
member,33283,5,6,0,2.366240,0.093833,0.213514,1.835730,1.516423,-0.822185,1.835730
member,37638,6,6,1,1.075973,0.340966,0.340966,1.822911,2.468533,0.664074,-1.822911
member,41586,1,9,0,2.128020,0.119073,0.413860,1.884588,0.632748,-1.245793,1.884588
member,49128,0,8,0,1.552337,0.211752,0.318226,1.695763,1.668981,-0.407344,1.695763
member,48362,5,7,0,1.989833,0.136718,0.196819,2.170107,0.667448,-0.364360,2.170107
member,44019,1,8,0,2.202515,0.110525,0.690104,0.935271,2.759532,-1.831601,0.935271
member,20495,5,4,0,1.968148,0.139715,0.371928,1.658480,2.591046,-0.979093,1.658480
member,5567,1,7,0,3.719931,0.024236,0.379081,1.803909,-0.666076,-2.749926,1.803909
member,11832,8,3,0,5.784757,0.003074,0.351240,1.847874,-2.330868,-4.738470,1.847874
member,38330,1,7,0,3.464875,0.031277,0.212406,2.084248,-0.666652,-1.915617,2.084248
member,32211,7,6,0,2.428061,0.088208,0.222273,2.127270,0.355631,-0.924212,2.127270
member,25615,0,0,1,0.148295,0.862177,0.862177,0.520391,5.155701,2.078106,-0.520391
member,44931,5,6,0,3.102218,0.044949,0.442398,1.766536,0.448561,-2.286672,1.766536
member,231,6,9,0,2.093802,0.123218,0.130438,2.265731,0.355378,-0.056942,2.265731
member,38514,1,1,1,0.671538,0.510922,0.510922,1.659143,2.600412,1.391014,-1.659143
member,41663,1,9,0,1.195045,0.302690,0.635752,0.939366,3.215245,-0.742100,0.939366
member,5977,8,6,0,6.170403,0.002090,0.381095,1.810975,-2.871581,-5.205696,1.810975
member,6648,2,1,0,3.214700,0.040167,0.497080,1.607847,-0.135349,-2.515695,1.607847
member,40879,6,6,1,0.837573,0.432759,0.432759,1.809804,2.344404,1.375884,-1.809804
member,37518,6,6,1,1.469189,0.230112,0.230112,1.979047,1.627759,0.118920,-1.979047
member,17609,1,6,0,1.293797,0.274228,0.332247,1.744251,2.323943,-0.191919,1.744251
member,28059,1,1,1,0.321307,0.725201,0.725201,1.042156,3.891101,1.694568,-1.042156
member,12257,0,8,0,1.456767,0.232988,0.451687,1.496328,2.103287,-0.662002,1.496328
member,23745,6,6,1,1.280797,0.277816,0.277816,2.005448,1.772101,0.583174,-2.005448
member,21356,5,4,0,2.583465,0.075512,0.208539,2.039745,0.248689,-1.015836,2.039745
member,2893,6,7,0,1.794300,0.166244,0.236205,2.050281,1.021772,-0.351246,2.050281
member,24414,8,8,1,0.212007,0.808959,0.808959,0.619601,5.444517,1.653478,-0.619601
member,14229,2,9,0,2.661089,0.069872,0.369199,1.705628,0.441101,-1.664669,1.705628
member,23399,8,0,0,2.059242,0.127551,0.150480,2.254616,0.276965,-0.165315,2.254616
member,2638,6,4,0,1.706010,0.181589,0.189994,2.075395,1.263290,-0.045245,2.075395
member,47261,5,9,0,2.226832,0.107870,0.238726,2.026354,0.600241,-0.794393,2.026354
member,10151,0,7,0,1.396157,0.247546,0.254995,2.010035,1.317566,-0.029644,2.010035
member,45310,3,1,0,2.150548,0.116420,0.314125,1.831735,1.205460,-0.992583,1.831735
member,14417,1,8,0,1.651828,0.191699,0.311977,1.830728,1.255535,-0.487001,1.830728
member,39356,4,1,0,2.774281,0.062394,0.223755,2.017635,0.670156,-1.277078,2.017635
member,30250,4,3,0,2.136803,0.118032,0.236730,1.933719,1.134970,-0.695967,1.933719
member,28592,3,1,0,2.495143,0.082485,0.258315,1.927101,0.640491,-1.141566,1.927101
member,48388,2,3,0,3.211559,0.040294,0.221050,1.940852,0.310334,-1.702192,1.940852
member,21210,2,6,0,2.751467,0.063834,0.389354,1.780658,1.405131,-1.808201,1.780658
member,42732,6,6,1,1.244438,0.288103,0.288103,1.897571,2.156866,0.649368,-1.897571
member,10970,4,0,0,3.689648,0.024981,0.496290,1.679839,-0.686796,-2.989053,1.679839
member,31537,8,5,0,3.747792,0.023570,0.278527,1.944569,-0.593537,-2.469552,1.944569
member,26533,7,7,1,0.793806,0.452121,0.452121,1.773264,2.408277,1.212952,-1.773264
member,29311,1,1,1,0.728809,0.482483,0.482483,1.608779,2.774026,1.046624,-1.608779
member,36835,2,7,0,2.126569,0.119246,0.184323,2.094111,0.599904,-0.435505,2.094111
member,5931,4,6,0,1.918024,0.146897,0.294513,1.847736,2.114225,-0.695593,1.847736
member,3804,6,6,1,0.962396,0.381977,0.381977,1.864033,2.644243,0.988470,-1.864033
member,30202,6,1,0,1.292282,0.274643,0.284913,1.832261,2.442798,-0.036710,1.832261
member,33211,3,1,0,2.529785,0.079676,0.252133,2.120539,0.300358,-1.151988,2.120539
member,48169,2,7,0,2.250922,0.105302,0.294967,1.789397,1.088421,-1.030029,1.789397
member,2980,7,9,0,5.488678,0.004133,0.636176,1.047592,-0.906639,-5.036398,1.047592
member,16785,0,0,1,0.189490,0.827381,0.827381,0.592011,5.178091,1.778867,-0.592011
member,25497,7,7,1,1.003216,0.366698,0.366698,1.870093,2.102418,0.976164,-1.870093
member,3737,9,9,1,1.184864,0.305788,0.305788,1.430677,3.318469,0.018430,-1.430677
member,31466,6,9,0,2.196773,0.111161,0.223670,2.154829,0.370391,-0.699188,2.154829
member,21680,9,9,1,0.548499,0.577816,0.577816,1.369178,3.090837,1.048707,-1.369178
member,47029,5,7,0,1.928541,0.145360,0.337189,1.705155,1.474743,-0.841428,1.705155
member,20992,7,6,0,2.143384,0.117257,0.345238,1.790000,1.361622,-1.079864,1.790000
member,23409,3,7,0,1.927662,0.145488,0.309054,1.971606,0.835932,-0.753424,1.971606
member,4377,6,6,1,1.045097,0.351658,0.351658,1.766117,2.730453,0.414416,-1.766117
member,24847,3,1,0,1.698405,0.182975,0.229710,2.103246,1.152703,-0.227465,2.103246
member,45655,1,0,0,1.911421,0.147870,0.348718,1.539718,1.831480,-0.857930,1.539718
member,42860,1,9,0,1.089019,0.336546,0.398824,1.554278,2.333134,-0.169785,1.554278
member,43941,7,9,0,3.195031,0.040965,0.716714,1.037375,0.558222,-2.861952,1.037375
member,3095,6,6,1,1.661260,0.189900,0.189900,2.198415,0.821958,0.362550,-2.198415
member,36267,8,9,0,0.979813,0.375381,0.382985,1.304956,3.596808,-0.020053,1.304956
member,14277,8,9,0,2.273743,0.102926,0.397833,1.492794,1.155067,-1.352020,1.492794
member,11591,8,7,0,2.741601,0.064467,0.207099,2.169321,-0.255204,-1.167044,2.169321
member,44475,1,6,0,2.168632,0.114334,0.344171,1.901501,0.931983,-1.102016,1.901501
member,46565,5,6,0,2.718426,0.065979,0.251733,1.990319,0.627323,-1.339041,1.990319
member,43710,1,1,1,1.042185,0.352683,0.352683,1.473531,2.719176,0.000449,-1.473531
member,38691,1,6,0,2.417750,0.089122,0.575863,1.420740,2.370808,-1.865864,1.420740
member,27024,1,1,1,0.400616,0.669907,0.669907,1.134761,3.698578,1.357449,-1.134761
member,38844,6,6,1,1.242425,0.288683,0.288683,1.699460,3.350488,0.208206,-1.699460
member,30141,0,0,1,0.183312,0.832509,0.832509,0.568211,5.504530,1.797254,-0.568211
member,8394,9,9,1,0.200396,0.818406,0.818406,0.752747,4.242311,2.129916,-0.752747
member,4605,6,2,0,2.401075,0.090620,0.204362,2.127701,0.195449,-0.813215,2.127701
member,33051,2,5,0,4.044125,0.017525,0.360392,1.658861,0.041042,-3.023562,1.658861
member,35009,3,3,1,1.013580,0.362918,0.362918,1.816432,2.525861,0.793781,-1.816432
member,16695,2,8,0,4.821367,0.008056,0.605252,1.147174,-0.215610,-4.319257,1.147174
member,24587,0,0,1,0.289103,0.748935,0.748935,0.923546,3.800001,1.679103,-0.923546
member,18983,5,6,0,1.483401,0.226865,0.312078,1.815691,2.593268,-0.318899,1.815691
member,5715,2,6,0,2.837297,0.058584,0.621307,1.281483,2.057394,-2.361368,1.281483
member,34075,6,9,0,4.180353,0.015293,0.305028,1.820196,-1.166016,-2.993003,1.820196
member,41051,1,1,1,0.968785,0.379544,0.379544,1.955904,1.939919,0.925640,-1.955904
member,22739,7,6,0,2.120563,0.119964,0.511321,1.596678,1.594260,-1.449806,1.596678
member,32476,9,8,0,2.061522,0.127260,0.771585,0.813127,2.684757,-1.802214,0.813127
member,42198,3,7,0,2.428123,0.088202,0.199976,2.152879,0.150079,-0.818565,2.152879
member,23865,8,8,1,1.053497,0.348716,0.348716,1.707228,2.087674,0.388463,-1.707228
member,48815,7,0,0,2.528378,0.079788,0.473980,1.772284,0.238291,-1.781787,1.772284
member,42084,3,9,0,2.057707,0.127747,0.237833,1.983927,0.852654,-0.621518,1.983927
member,1876,6,6,1,1.173122,0.309400,0.309400,1.894618,2.354998,0.356247,-1.894618
member,7789,3,4,0,1.918219,0.146868,0.192930,1.919876,1.402182,-0.272794,1.919876
member,4305,4,1,0,2.582275,0.075602,0.316148,2.060937,0.179255,-1.430730,2.060937
member,625,6,6,1,0.801089,0.448840,0.448840,1.734980,2.781891,1.258709,-1.734980
member,39755,7,9,0,1.834177,0.159745,0.327999,1.934029,0.957902,-0.719433,1.934029
member,15000,0,0,1,1.135376,0.321301,0.321301,2.062798,1.407866,0.855528,-2.062798
member,15644,7,6,0,2.052969,0.128353,0.210320,1.930126,1.589508,-0.493845,1.930126
member,30602,2,6,0,1.876296,0.153156,0.218932,1.961813,1.119501,-0.357302,1.961813
member,29897,2,0,0,2.086728,0.124093,0.417665,1.771568,0.728364,-1.213652,1.771568
member,34419,8,1,0,1.124907,0.324683,0.374852,1.384776,3.125461,-0.143683,1.384776
member,41100,4,9,0,2.464345,0.085065,0.298033,1.951949,0.464344,-1.253795,1.951949
member,14032,3,6,0,2.288084,0.101461,0.459056,1.665572,1.880083,-1.509501,1.665572
member,19140,3,6,0,2.328730,0.097419,0.221241,1.937756,1.487340,-0.820226,1.937756
member,35630,4,4,1,1.446678,0.235351,0.235351,1.989200,1.486398,0.141756,-1.989200
member,48654,9,1,0,1.940093,0.143691,0.250518,1.918873,1.736594,-0.555869,1.918873
member,35022,2,9,0,2.514812,0.080878,0.210680,2.153335,0.107303,-0.957396,2.153335
member,46126,6,6,1,0.718623,0.487423,0.487423,1.653978,3.390537,1.469648,-1.653978
member,5610,3,6,0,1.949510,0.142344,0.276002,1.957657,1.501115,-0.662161,1.957657
member,39231,7,6,0,2.425129,0.088467,0.325461,1.889961,0.751766,-1.302616,1.889961
member,10644,1,9,0,1.594662,0.202977,0.510335,1.437860,2.081793,-0.921974,1.437860
member,49988,5,6,0,2.437747,0.087357,0.209036,2.195779,0.110966,-0.872501,2.195779
member,19371,0,1,0,2.160316,0.115289,0.332640,1.865582,0.997791,-1.059621,1.865582
member,35075,2,2,1,1.728232,0.177598,0.177598,2.087196,0.997540,0.106040,-2.087196
member,45171,7,7,1,1.285437,0.276530,0.276530,2.096792,1.311584,0.589202,-2.096792
member,4384,4,6,0,2.078826,0.125077,0.407748,1.765425,1.615131,-1.181719,1.765425
member,14458,9,6,0,2.188755,0.112056,0.259961,1.960671,1.110540,-0.841532,1.960671
member,16476,8,8,1,0.344776,0.708379,0.708379,1.106867,3.213358,1.618611,-1.106867
member,12761,0,9,0,5.217210,0.005422,0.450623,1.241542,-1.142005,-4.420087,1.241542
member,24554,8,1,0,2.509792,0.081285,0.610546,1.412422,1.136303,-2.016389,1.412422
member,20453,1,7,0,1.980206,0.138041,0.348393,1.710780,1.446028,-0.925780,1.710780
member,480,9,9,1,0.566679,0.567407,0.567407,1.289058,3.551786,1.191171,-1.289058
member,37868,5,5,1,1.210981,0.297905,0.297905,1.767112,2.224457,0.040048,-1.767112
member,42001,5,6,0,2.622780,0.072601,0.452467,1.653988,1.859907,-1.829739,1.653988
member,42703,9,6,0,2.451131,0.086196,0.208469,2.016666,0.579120,-0.883166,2.016666
member,38465,4,6,0,2.394062,0.091258,0.466508,1.715458,1.570195,-1.631581,1.715458
member,12980,7,3,0,1.610586,0.199770,0.320501,1.793092,1.908886,-0.472715,1.793092
member,9733,2,8,0,4.649229,0.009569,0.553470,1.296537,-0.746434,-4.057681,1.296537
member,26182,8,8,1,0.497659,0.607952,0.607952,1.062087,5.275256,0.967330,-1.062087
member,28680,2,3,0,2.116829,0.120413,0.175645,2.150143,0.345559,-0.377538,2.150143
member,15189,2,0,0,3.667972,0.025528,0.482292,1.367656,0.024529,-2.938767,1.367656
member,45946,1,1,1,1.018249,0.361227,0.361227,1.484819,2.558997,0.099879,-1.484819
member,36079,6,4,0,1.882957,0.152140,0.330034,1.764349,2.018897,-0.774397,1.764349
member,31255,5,7,0,2.459620,0.085467,0.133019,2.286511,-0.114346,-0.442361,2.286511
member,47126,4,7,0,1.913373,0.147582,0.221453,1.875805,1.650753,-0.405828,1.875805
member,26492,6,1,0,2.649155,0.070711,0.451486,1.730070,0.750343,-1.853944,1.730070
member,47922,4,6,0,1.691368,0.184267,0.382968,1.722275,2.122949,-0.731564,1.722275
member,7327,0,0,1,0.193990,0.823666,0.823666,0.660346,4.643176,1.907149,-0.660346
member,273,9,7,0,1.670158,0.188217,0.306991,2.001485,1.275870,-0.489222,2.001485
member,29650,2,0,0,3.276321,0.037767,0.693964,1.149988,0.319660,-2.910986,1.149988
member,32906,5,6,0,1.849366,0.157337,0.203254,2.110114,1.037974,-0.256066,2.110114
member,15039,6,7,0,1.654291,0.191228,0.247113,1.802151,2.018800,-0.256380,1.802151
member,23848,0,0,1,0.502856,0.604801,0.604801,1.349882,2.814981,1.216244,-1.349882
member,32853,6,6,1,0.884807,0.412794,0.412794,1.773243,3.156993,1.009305,-1.773243
member,15108,3,3,1,1.080885,0.339295,0.339295,1.959776,1.840702,0.916726,-1.959776
member,16159,8,9,0,0.987156,0.372635,0.399223,1.240227,3.479760,-0.068922,1.240227
member,42474,3,7,0,1.482333,0.227107,0.307338,1.847167,1.665468,-0.302525,1.847167
member,2174,3,2,0,2.426542,0.088342,0.330937,1.915659,0.812338,-1.320714,1.915659
member,43098,1,1,1,0.347199,0.706665,0.706665,1.010949,3.705003,1.363981,-1.010949
member,26677,9,0,0,1.499342,0.223277,0.287630,1.651043,2.075372,-0.253261,1.651043
member,20124,0,8,0,1.694552,0.183681,0.316980,1.628384,1.863673,-0.545635,1.628384
member,46574,9,9,1,0.981632,0.374699,0.374699,1.740233,2.069461,0.426021,-1.740233
member,38341,0,8,0,1.091964,0.335557,0.364560,1.445619,2.822923,-0.082900,1.445619
member,31063,2,0,0,2.068145,0.126420,0.530446,1.605194,1.073480,-1.434108,1.605194
member,4351,2,8,0,6.792078,0.001123,0.520775,1.188724,-1.119593,-6.139640,1.188724
member,15298,3,1,0,2.510082,0.081262,0.441793,1.719757,1.030554,-1.693168,1.719757
member,758,4,6,0,1.843743,0.158224,0.373581,1.789046,1.742303,-0.859124,1.789046
member,25812,3,6,0,1.497912,0.223597,0.249066,1.982636,1.876497,-0.107876,1.982636
member,23972,0,0,1,0.197213,0.821016,0.821016,0.716317,4.706442,2.142068,-0.716317
member,22140,9,1,0,1.078787,0.340008,0.394468,1.595821,2.132054,-0.148569,1.595821
member,7514,8,0,0,1.359116,0.256888,0.681286,0.871220,3.438295,-0.975342,0.871220
member,1818,2,7,0,1.821864,0.161724,0.288488,2.052682,0.897804,-0.578763,2.052682
member,13819,2,6,0,2.157966,0.115560,0.246943,1.996967,0.799376,-0.759367,1.996967
member,46525,5,5,1,1.314989,0.268477,0.268477,1.795498,2.158566,0.068608,-1.795498
member,42047,9,9,1,1.543551,0.213621,0.213621,2.053731,1.109420,0.087224,-2.053731
member,27011,9,1,0,2.348923,0.095472,0.648703,1.252640,1.664346,-1.916143,1.252640
member,47047,6,6,1,0.745226,0.474627,0.474627,1.684601,3.603319,1.261734,-1.684601
member,14363,7,7,1,1.210146,0.298154,0.298154,2.053533,1.444113,0.812650,-2.053533
member,13904,9,6,0,2.113631,0.120799,0.262732,2.031518,0.904477,-0.777010,2.031518
member,36895,7,6,0,2.986620,0.050458,0.551305,1.565880,0.745954,-2.391152,1.565880
member,38797,8,3,0,2.638399,0.071476,0.185418,2.162601,0.032331,-0.953254,2.162601
member,44981,8,9,0,2.293868,0.100876,0.525147,1.358896,1.439462,-1.649791,1.358896
member,32836,8,1,0,2.161909,0.115105,0.532252,1.405962,1.785988,-1.531270,1.405962
member,44958,7,6,0,2.644488,0.071042,0.274544,2.043107,0.197066,-1.351844,2.043107
member,29502,3,9,0,2.428404,0.088177,0.304690,1.855866,0.486814,-1.239943,1.855866
member,34118,1,1,1,1.168639,0.310790,0.310790,1.896847,1.707176,0.536132,-1.896847
member,25430,6,6,1,0.593445,0.552421,0.552421,1.446882,3.862395,1.562354,-1.446882
member,25376,3,7,0,2.327475,0.097542,0.369389,1.855877,0.486681,-1.331570,1.855877
member,48786,5,8,0,4.337040,0.013075,0.374168,1.648121,-1.145354,-3.353990,1.648121
member,40184,1,7,0,2.873390,0.056507,0.261110,1.920331,0.489809,-1.530578,1.920331
member,17593,1,1,1,1.266468,0.281825,0.281825,2.079243,1.584594,0.555583,-2.079243
member,22678,7,7,1,0.963177,0.381678,0.381678,1.765185,2.203109,0.522661,-1.765185
member,15239,8,8,1,0.953369,0.385440,0.385440,1.712719,2.225342,0.409533,-1.712719
member,8404,4,9,0,2.451706,0.086146,0.266562,2.119382,0.231959,-1.129557,2.119382
member,11396,5,6,0,1.409958,0.244154,0.254398,1.721404,3.132641,-0.041102,1.721404
member,38654,3,1,0,2.193577,0.111517,0.176714,2.187023,0.555935,-0.460357,2.187023
member,20500,8,9,0,2.290168,0.101249,0.394187,1.765693,0.763457,-1.359237,1.765693
member,17066,8,8,1,0.201925,0.817157,0.817157,0.681293,4.998941,2.030685,-0.681293
member,48545,2,6,0,2.985785,0.050500,0.310683,1.812023,0.762883,-1.816804,1.812023
member,7801,0,8,0,1.659461,0.190241,0.575992,1.217580,2.548872,-1.107799,1.217580
member,44527,8,8,1,0.738033,0.478053,0.478053,1.444689,2.870450,0.522612,-1.444689
member,46621,5,5,1,0.834939,0.433901,0.433901,1.724694,2.768864,0.981213,-1.724694
member,12230,0,0,1,0.266408,0.766126,0.766126,0.998437,3.422409,2.427079,-0.998437
member,26506,9,9,1,0.573863,0.563345,0.563345,1.379637,2.846217,1.216067,-1.379637
member,40432,0,5,0,3.694480,0.024860,0.175466,2.114217,-0.895341,-1.954170,2.114217
member,41026,1,1,1,0.466057,0.627472,0.627472,1.219671,3.456855,1.084187,-1.219671
member,5266,0,0,1,0.125636,0.881936,0.881936,0.468761,5.541072,2.289206,-0.468761
member,35759,3,9,0,2.137931,0.117899,0.243098,2.107872,0.667198,-0.723642,2.107872
member,43567,4,0,0,3.617390,0.026853,0.434433,1.824262,-0.812653,-2.783676,1.824262
member,351,6,6,1,0.611083,0.542763,0.542763,1.536419,3.667740,1.517468,-1.536419
member,5011,9,9,1,0.592687,0.552840,0.552840,1.528396,2.941047,1.378940,-1.528396
member,6576,8,0,0,2.063695,0.126984,0.761458,0.916329,2.164003,-1.791175,0.916329
member,3222,3,6,0,2.319761,0.098297,0.440781,1.611002,2.259574,-1.500554,1.611002
member,1576,2,6,0,2.001828,0.135088,0.375751,1.841102,1.410890,-1.023000,1.841102
member,3661,1,1,1,0.134655,0.874017,0.874017,0.556196,5.155736,2.656340,-0.556196
member,15044,0,8,0,2.589962,0.075023,0.449464,1.431516,0.928158,-1.790261,1.431516
member,16234,9,8,0,2.405116,0.090255,0.552235,1.185017,2.075665,-1.811335,1.185017
member,40296,1,1,1,1.020180,0.360530,0.360530,1.484458,2.881001,0.161641,-1.484458
member,17546,4,4,1,1.565076,0.209072,0.209072,1.998946,1.232989,0.041189,-1.998946
member,22882,1,1,1,0.993795,0.370169,0.370169,1.775555,1.930003,0.384519,-1.775555
member,3539,4,4,1,1.462321,0.231698,0.231698,1.872623,2.074943,0.091258,-1.872623
member,11042,8,8,1,0.934181,0.392908,0.392908,1.598369,2.496500,0.502164,-1.598369
member,21163,2,7,0,1.971796,0.139207,0.377661,1.848851,0.929286,-0.998037,1.848851
member,10824,1,8,0,2.417191,0.089172,0.479002,1.131954,1.974549,-1.681140,1.131954
member,26491,1,1,1,0.534285,0.586088,0.586088,1.023285,3.989531,0.553947,-1.023285
member,13586,9,1,0,1.099473,0.333047,0.362020,1.469398,2.792175,-0.083416,1.469398
member,31849,4,7,0,1.855714,0.156341,0.310154,1.752329,2.130804,-0.685029,1.752329
member,18124,7,7,1,1.052093,0.349206,0.349206,1.780018,2.094248,0.391190,-1.780018
member,3604,5,2,0,1.919896,0.146622,0.204776,1.993518,1.208889,-0.334060,1.993518
member,44359,1,9,0,1.210592,0.298021,0.423911,1.586665,2.088878,-0.352360,1.586665
member,25608,1,6,0,3.553821,0.028615,0.343892,1.813743,-0.014133,-2.486394,1.813743
member,35065,2,6,0,2.482950,0.083497,0.280394,2.011261,0.754704,-1.211391,2.011261
member,38938,7,6,0,2.848327,0.057941,0.341773,1.895022,0.764098,-1.774720,1.895022
member,13486,2,6,0,2.261176,0.104228,0.523718,1.516332,2.068664,-1.614373,1.516332
member,49620,7,1,0,1.951652,0.142039,0.204718,2.211136,0.656835,-0.365529,2.211136
member,14748,5,7,0,2.665411,0.069571,0.217490,1.915454,0.813147,-1.139807,1.915454
member,41951,3,6,0,2.086572,0.124112,0.135816,2.243280,0.376928,-0.090116,2.243280
member,37350,3,8,0,4.576604,0.010290,0.479392,1.266363,-0.697296,-3.841368,1.266363
member,39608,3,0,0,3.337578,0.035523,0.314203,1.874181,-0.544475,-2.179862,1.874181
member,35202,0,0,1,0.370886,0.690122,0.690122,0.820220,4.510738,0.956252,-0.820220
member,40378,3,3,1,1.349532,0.259362,0.259362,2.010999,1.632545,0.225685,-2.010999
member,46314,8,9,0,2.191214,0.111781,0.398832,1.868769,0.636245,-1.271998,1.868769
member,38373,5,1,0,3.019562,0.048823,0.332655,1.821717,0.257549,-1.918914,1.821717
member,26978,4,1,0,2.547557,0.078273,0.303251,1.977995,0.486538,-1.354361,1.977995
member,33252,1,7,0,2.091984,0.123442,0.169866,2.070152,1.033655,-0.319241,2.070152
member,41289,1,1,1,0.792016,0.452931,0.452931,1.469377,3.030633,0.338006,-1.469377
member,44003,4,7,0,1.819383,0.162126,0.321382,1.664497,3.367543,-0.684259,1.664497
member,35415,4,6,0,1.997414,0.135686,0.496956,1.608746,2.152231,-1.298160,1.608746
member,32840,8,9,0,1.463436,0.231440,0.369853,1.574526,1.959126,-0.468786,1.574526
member,6965,5,4,0,1.951920,0.142001,0.243540,1.918944,1.132859,-0.539447,1.918944
member,39300,3,0,0,2.889817,0.055586,0.242282,2.134419,-0.435155,-1.472164,2.134419
member,30103,1,9,0,1.816789,0.162547,0.376166,1.832558,1.139353,-0.839064,1.832558
member,6788,8,8,1,0.965369,0.380843,0.380843,1.772206,2.272166,0.472415,-1.772206
member,29666,0,4,0,5.502481,0.004077,0.304111,1.789888,-2.067482,-4.312118,1.789888
member,35220,7,9,0,2.700921,0.067144,0.550054,1.472186,0.719605,-2.103182,1.472186
member,18593,8,8,1,0.442082,0.642697,0.642697,1.235491,3.291390,1.520748,-1.235491
member,35448,2,2,1,1.479571,0.227735,0.227735,2.083395,1.093183,0.151680,-2.083395
member,6995,8,8,1,0.925133,0.396479,0.396479,1.350194,2.956815,0.115145,-1.350194
member,9165,7,5,0,2.037600,0.130341,0.209129,1.999762,1.234231,-0.472797,1.999762
member,9189,1,9,0,2.012319,0.133678,0.458278,1.143725,2.678941,-1.232040,1.143725
member,36615,0,1,0,1.255123,0.285041,0.352273,1.761599,2.075808,-0.211773,1.761599
member,43158,7,7,1,0.948731,0.387232,0.387232,1.731970,2.653793,0.801131,-1.731970
member,16780,3,4,0,2.118371,0.120227,0.252828,1.986560,0.945009,-0.743325,1.986560
member,13671,2,0,0,2.766006,0.062913,0.403351,1.834556,0.120335,-1.858059,1.834556
member,49473,8,9,0,3.781603,0.022786,0.359410,1.952792,-0.934152,-2.758311,1.952792
member,17419,2,6,0,2.457575,0.085642,0.380383,1.756571,1.260660,-1.490998,1.756571
member,5034,7,1,0,3.489718,0.030509,0.265797,1.787149,0.686434,-2.164695,1.787149
member,2902,2,0,0,6.127421,0.002182,0.932558,0.288683,0.399644,-6.057598,0.288683
member,11476,3,8,0,2.883716,0.055927,0.470213,1.641556,0.446058,-2.129146,1.641556
member,2434,8,0,0,3.291743,0.037189,0.927756,0.359801,2.347625,-3.216756,0.359801
member,36500,1,0,0,2.744968,0.064250,0.407664,1.469300,0.653955,-1.847656,1.469300
member,1853,8,0,0,1.568388,0.208381,0.340022,1.508350,2.273248,-0.489642,1.508350
member,19473,2,7,0,2.352774,0.095105,0.271128,2.090771,0.319449,-1.047609,2.090771
member,30045,2,5,0,2.280858,0.102196,0.219372,1.949586,1.190646,-0.763873,1.949586
member,37817,3,6,0,1.931884,0.144875,0.165473,2.117202,0.794562,-0.132936,2.117202
member,3829,8,0,0,1.949180,0.142391,0.818113,0.625378,3.333840,-1.748425,0.625378
member,27074,4,7,0,1.874839,0.153380,0.349150,1.848406,1.242635,-0.822585,1.848406
member,21051,7,9,0,2.725266,0.065529,0.506195,1.587935,0.476586,-2.044433,1.587935
member,34499,2,0,0,3.874422,0.020766,0.881966,0.549844,0.814946,-3.748820,0.549844
member,558,2,2,1,1.603851,0.201120,0.201120,2.069859,1.155981,0.020930,-2.069859
member,26895,7,5,0,2.324493,0.097833,0.352217,1.760222,1.369574,-1.280986,1.760222
member,39389,2,4,0,1.582542,0.205452,0.225632,1.801125,1.994349,-0.093690,1.801125
member,11838,0,0,1,0.048899,0.952277,0.952277,0.236339,6.357514,3.282064,-0.236339
member,46259,1,8,0,2.333881,0.096919,0.637246,1.220605,1.417344,-1.883282,1.220605
member,23812,1,7,0,2.950459,0.052316,0.205042,2.013761,0.459262,-1.365921,2.013761
member,29539,4,3,0,1.913317,0.147590,0.179468,1.974524,1.598084,-0.195556,1.974524
member,9666,0,8,0,2.751357,0.063841,0.745377,0.916674,1.656363,-2.457491,0.916674
member,21111,8,8,1,0.731538,0.481168,0.481168,1.464224,2.800467,0.852915,-1.464224
member,12814,1,8,0,1.480224,0.227587,0.343038,1.664396,1.783154,-0.410312,1.664396
member,40445,8,9,0,1.090758,0.335962,0.577357,1.038021,3.315372,-0.541463,1.038021
member,8435,9,6,0,2.281585,0.102122,0.559865,1.521729,1.409061,-1.701525,1.521729
member,9985,0,0,1,0.410731,0.663165,0.663165,1.109747,3.342702,1.192901,-1.109747
member,12486,9,1,0,1.186865,0.305176,0.425283,1.568510,2.230917,-0.331866,1.568510
member,43561,6,6,1,1.193972,0.303015,0.303015,1.830664,2.375143,0.570605,-1.830664
member,103,6,6,1,0.991077,0.371177,0.371177,1.674329,3.299956,0.312973,-1.674329
member,48961,4,9,0,2.484262,0.083387,0.154569,2.253668,-0.075886,-0.617148,2.253668
member,36813,1,1,1,0.916301,0.399996,0.399996,1.504974,2.669578,0.356962,-1.504974
member,26137,0,8,0,1.148321,0.317169,0.430064,1.373331,2.701567,-0.304499,1.373331
member,33088,9,9,1,0.860349,0.423015,0.423015,1.657404,2.226385,0.513897,-1.657404
member,16341,3,6,0,1.778135,0.168953,0.209647,2.055288,1.063748,-0.215807,2.055288
member,40020,2,0,0,1.751541,0.173506,0.236204,2.040592,0.960576,-0.308482,2.040592
member,39721,9,9,1,0.547534,0.578374,0.578374,1.184782,3.319131,0.900549,-1.184782
member,14597,0,0,1,0.610938,0.542842,0.542842,1.385921,2.873265,0.864231,-1.385921
member,1480,8,9,0,4.245744,0.014325,0.556979,1.447585,-0.758570,-3.660517,1.447585
member,16690,2,6,0,2.178578,0.113202,0.247796,2.058980,0.782357,-0.783430,2.058980
member,19635,5,2,0,2.006384,0.134474,0.175698,1.983630,1.061765,-0.267396,1.983630
member,3792,3,9,0,2.798843,0.060880,0.330489,1.887881,0.336631,-1.691660,1.887881
member,4980,6,6,1,0.805485,0.446871,0.446871,1.773783,2.589613,1.438721,-1.773783
member,19666,8,7,0,4.125804,0.016151,0.359655,1.978472,-1.369101,-3.103193,1.978472
member,24640,9,9,1,0.618726,0.538630,0.538630,1.516196,2.764141,0.997143,-1.516196
member,7503,1,7,0,2.554859,0.077703,0.234289,1.979900,0.677648,-1.103658,1.979900
member,12575,1,3,0,2.020677,0.132566,0.284652,1.855406,1.421282,-0.764190,1.855406
member,7122,3,5,0,1.612147,0.199459,0.311334,1.825931,1.893434,-0.445258,1.825931
member,38789,9,8,0,1.418487,0.242080,0.482697,1.466551,2.017064,-0.690121,1.466551
member,1866,4,3,0,2.403217,0.090427,0.227933,2.057703,0.562030,-0.924513,2.057703
member,13203,5,3,0,1.408828,0.244430,0.248607,1.839878,1.969707,-0.016947,1.839878
member,24081,3,9,0,3.041882,0.047745,0.276101,1.968117,-0.278309,-1.754893,1.968117
member,33384,8,9,0,1.897273,0.149977,0.581141,1.351993,1.738401,-1.354511,1.351993
member,848,1,7,0,2.474989,0.084164,0.207027,2.124090,0.379346,-0.900082,2.124090
member,14049,8,9,0,1.874211,0.153476,0.423637,1.502533,1.689988,-1.015333,1.502533
member,47307,9,8,0,1.114118,0.328205,0.356599,1.356784,3.120235,-0.082976,1.356784
member,45633,5,3,0,2.731715,0.065108,0.186726,2.067331,0.326767,-1.053602,2.067331
member,8658,9,9,1,1.172485,0.309597,0.309597,1.865240,1.725330,0.324009,-1.865240
member,7515,5,0,0,2.929307,0.053434,0.374245,1.933088,-0.246910,-1.946461,1.933088
member,702,3,6,0,2.774382,0.062388,0.518151,1.633901,0.809198,-2.116894,1.633901
member,31986,9,1,0,1.119858,0.326326,0.377890,1.655488,2.061427,-0.146707,1.655488
member,28487,0,9,0,2.619250,0.072857,0.278180,2.112071,-0.047449,-1.339765,2.112071
member,47471,6,9,0,2.236481,0.106834,0.213033,2.179768,0.316053,-0.690174,2.179768
member,42184,7,6,0,2.039961,0.130034,0.367153,1.746397,1.827949,-1.037985,1.746397
member,25604,9,6,0,2.367583,0.093707,0.255829,2.016855,0.784834,-1.004337,2.016855
member,35674,1,9,0,1.148162,0.317219,0.369095,1.620457,2.159031,-0.151460,1.620457
member,4669,3,1,0,2.771830,0.062547,0.253885,2.057638,-0.172777,-1.400954,2.057638
member,28048,7,7,1,0.570825,0.565059,0.565059,1.485316,2.792137,1.569804,-1.485316
member,35032,3,7,0,2.868886,0.056762,0.263921,1.886333,0.718062,-1.536782,1.886333
member,18239,2,0,0,3.823217,0.021857,0.300409,1.596131,-0.264671,-2.620608,1.596131
member,26403,6,6,1,0.445177,0.640711,0.640711,1.312141,3.918234,2.072007,-1.312141
member,11208,0,0,1,0.155356,0.856111,0.856111,0.686967,4.018514,3.136876,-0.686967
member,31333,2,1,0,2.312253,0.099038,0.310111,1.931518,0.454639,-1.141427,1.931518
member,43185,7,5,0,2.011415,0.133799,0.225720,1.959024,1.215826,-0.522953,1.959024
member,48346,3,3,1,1.346387,0.260179,0.260179,1.891589,2.268691,0.338472,-1.891589
member,776,3,1,0,2.145073,0.117059,0.334626,1.735669,1.087365,-1.050333,1.735669
member,20771,6,1,0,1.960277,0.140819,0.295539,1.908563,1.520443,-0.741321,1.908563
member,33264,8,8,1,0.504322,0.603915,0.603915,0.883709,5.017679,0.569450,-0.883709
member,19214,8,7,0,4.092827,0.016692,0.218855,2.056258,-1.376676,-2.573481,2.056258
member,11797,9,9,1,1.121149,0.325905,0.325905,1.931064,1.846567,0.457665,-1.931064
member,8665,8,8,1,1.089929,0.336240,0.336240,1.527776,2.588391,0.171000,-1.527776
member,15013,7,4,0,2.157149,0.115654,0.263357,1.806159,1.567785,-0.822903,1.806159
member,14224,9,9,1,0.751651,0.471587,0.471587,1.589604,2.500488,0.751351,-1.589604
member,12868,8,9,0,1.741791,0.175206,0.496054,1.393635,1.989761,-1.040721,1.393635
member,15045,7,7,1,1.316306,0.268124,0.268124,1.830335,2.204112,0.300938,-1.830335
member,7836,7,8,0,3.016255,0.048984,0.300629,2.096756,-0.337633,-1.814376,2.096756
member,16089,1,8,0,2.549033,0.078157,0.683169,0.994974,2.640661,-2.168020,0.994974
member,48552,8,5,0,4.395307,0.012335,0.273540,1.876782,-1.139053,-3.099001,1.876782
member,6100,5,3,0,2.002567,0.134988,0.195686,2.124255,0.544125,-0.371324,2.124255
member,2055,9,9,1,1.211504,0.297749,0.297749,2.064992,1.321625,0.563761,-2.064992
member,745,6,6,1,1.157418,0.314297,0.314297,1.972517,1.938167,0.809290,-1.972517
member,13236,5,1,0,3.267233,0.038112,0.338084,1.897842,-0.114101,-2.182773,1.897842
member,13197,8,0,0,1.130103,0.323000,0.620615,0.899490,3.838428,-0.653059,0.899490
member,49957,5,0,0,3.236232,0.039312,0.242922,2.085293,-0.721983,-1.821215,2.085293
member,20628,6,4,0,1.584753,0.204998,0.242420,1.885059,2.060241,-0.167668,1.885059
member,2851,1,9,0,1.731654,0.176991,0.366768,1.480973,2.426844,-0.728628,1.480973
member,39857,2,0,0,2.162266,0.115064,0.312659,2.039355,0.411509,-0.999624,2.039355
member,20164,5,7,0,2.320296,0.098244,0.201820,2.021579,0.625971,-0.719917,2.021579
member,19150,5,3,0,1.804343,0.164583,0.266782,2.011142,0.967919,-0.483021,2.011142
member,46519,1,1,1,1.042103,0.352712,0.352712,1.698814,2.610519,0.342412,-1.698814
member,10746,3,3,1,1.299146,0.272765,0.272765,1.910102,1.935035,0.411042,-1.910102
member,28150,7,7,1,1.553887,0.211425,0.211425,2.137614,1.131878,0.078542,-2.137614
member,3036,4,6,0,2.560248,0.077286,0.340658,1.698080,1.455654,-1.483372,1.698080
member,7460,3,5,0,1.487720,0.225887,0.248796,1.919894,1.756590,-0.096596,1.919894
member,24113,0,0,1,0.557401,0.572695,0.572695,1.333447,2.904059,0.917965,-1.333447
member,22642,4,7,0,1.899102,0.149703,0.287901,1.999039,1.138456,-0.653962,1.999039
member,1682,9,7,0,2.348790,0.095485,0.241811,1.896340,1.049766,-0.929191,1.896340
member,4877,6,1,0,1.406149,0.245085,0.277718,1.903824,2.172463,-0.124999,1.903824
member,13723,6,6,1,0.448690,0.638464,0.638464,1.301690,4.036841,1.680984,-1.301690
member,10901,2,0,0,2.166835,0.114540,0.152840,2.246203,0.207959,-0.288468,2.246203
member,49635,0,9,0,3.899609,0.020250,0.258899,1.856357,-0.915727,-2.548292,1.856357
member,21739,3,6,0,1.666310,0.188943,0.232597,1.962070,2.396476,-0.207862,1.962070
member,5428,0,8,0,1.368286,0.254543,0.661982,0.909069,4.094012,-0.955769,0.909069
member,15888,2,2,1,1.784346,0.167907,0.167907,2.197470,0.779090,0.088347,-2.197470
member,29364,0,9,0,3.662811,0.025660,0.418001,1.876726,-0.844333,-2.790539,1.876726
member,36449,2,0,0,3.578009,0.027931,0.670949,1.143022,0.038206,-3.178947,1.143022
member,41757,8,8,1,0.417311,0.658816,0.658816,0.917587,5.151288,0.956521,-0.917587
member,7982,6,6,1,0.825550,0.437994,0.437994,1.591479,3.822690,0.833159,-1.591479
member,8180,8,1,0,2.694887,0.067550,0.727850,0.930547,1.725586,-2.377227,0.930547
member,23316,5,7,0,3.124003,0.043981,0.260299,1.956182,-0.012549,-1.778081,1.956182
member,25891,0,8,0,2.557275,0.077516,0.616673,1.377967,0.741721,-2.073858,1.377967
member,20489,7,9,0,1.632792,0.195383,0.336639,1.982873,1.083094,-0.544047,1.982873
member,9606,9,8,0,2.276668,0.102626,0.741855,0.955981,1.945692,-1.978067,0.955981
member,31687,2,0,0,3.952319,0.019210,0.681073,1.043647,-0.051129,-3.568232,1.043647
member,20973,0,0,1,0.188916,0.827856,0.827856,0.622726,5.261047,1.912925,-0.622726
member,14960,5,7,0,2.486323,0.083215,0.383760,1.802607,0.975551,-1.528584,1.802607
member,4831,6,6,1,0.722187,0.485689,0.485689,1.561911,3.369597,1.013205,-1.561911
member,15880,8,0,0,1.722559,0.178609,0.584702,1.314770,1.967068,-1.185906,1.314770
member,14261,7,6,0,3.087930,0.045596,0.423460,1.747377,0.459701,-2.228633,1.747377
member,34197,3,1,0,2.103512,0.122027,0.332384,1.775305,1.297018,-1.002049,1.775305
member,1000,9,9,1,0.996573,0.369142,0.369142,1.480868,2.732020,0.093891,-1.480868
member,13114,2,6,0,2.288308,0.101438,0.447504,1.654846,1.481328,-1.484239,1.654846
member,18872,2,7,0,1.700418,0.182607,0.193755,1.925467,1.551520,-0.059255,1.925467
member,30970,4,7,0,2.162852,0.114997,0.346849,1.585729,2.493403,-1.103986,1.585729
member,3986,6,6,1,0.834405,0.434133,0.434133,1.736963,3.044895,0.990094,-1.736963
member,12789,9,9,1,0.945455,0.388503,0.388503,1.790595,2.039671,0.693818,-1.790595
member,35642,9,9,1,0.959936,0.382917,0.382917,1.526300,2.648116,0.287419,-1.526300
member,13695,8,8,1,0.494504,0.609873,0.609873,0.995280,3.997763,0.682290,-0.995280
member,13475,9,8,0,1.503260,0.222404,0.552022,1.291292,2.311044,-0.909092,1.291292
member,11749,7,5,0,1.817323,0.162460,0.263190,1.760535,2.717215,-0.482444,1.760535
member,10592,4,3,0,3.305332,0.036687,0.446864,1.704213,0.239453,-2.499831,1.704213
member,36535,7,7,1,0.547196,0.578570,0.578570,1.407782,3.165478,1.506088,-1.407782
member,19271,5,0,0,2.845784,0.058089,0.349552,1.943234,-0.161186,-1.794682,1.943234
member,40739,4,3,0,3.809999,0.022148,0.392523,1.698304,0.443419,-2.874839,1.698304
member,45396,4,7,0,1.820842,0.161889,0.266613,1.843977,1.656997,-0.498884,1.843977
member,11872,4,7,0,2.197958,0.111030,0.492770,1.684437,0.995815,-1.490245,1.684437
member,7478,3,7,0,2.121228,0.119884,0.395966,1.908719,0.694918,-1.194802,1.908719
member,21081,4,2,0,1.928223,0.145406,0.178851,2.201888,0.610812,-0.207021,2.201888
member,13293,8,0,0,1.852205,0.156891,0.261640,1.858970,1.154109,-0.511418,1.858970
member,24023,5,9,0,4.215971,0.014758,0.454523,1.622730,-0.757622,-3.427465,1.622730
member,23125,8,8,1,0.655553,0.519155,0.519155,1.309687,3.603978,1.022634,-1.309687
member,11660,9,9,1,0.783785,0.456674,0.456674,1.574894,2.693558,0.729441,-1.574894
member,38198,0,0,1,0.551166,0.576278,0.576278,1.425779,2.827956,1.500148,-1.425779
member,6750,6,6,1,0.653997,0.519963,0.519963,1.564496,3.325696,1.484747,-1.564496
member,48818,1,0,0,1.315469,0.268349,0.286972,1.632689,2.105469,-0.067097,1.632689
member,7916,6,6,1,0.874256,0.417172,0.417172,1.814373,2.624809,1.364105,-1.814373
member,16604,3,1,0,2.360200,0.094401,0.165165,2.130481,0.431482,-0.559391,2.130481
member,5367,5,6,0,2.552399,0.077895,0.412586,1.810640,0.861154,-1.667088,1.810640
member,3444,1,6,0,3.906671,0.020107,0.244784,1.800021,-0.041085,-2.499290,1.800021
member,8569,0,0,1,0.239727,0.786843,0.786843,0.666742,6.880847,1.642555,-0.666742
member,8929,5,4,0,1.917114,0.147031,0.204704,1.965524,1.291408,-0.330924,1.965524
member,21907,9,9,1,0.689741,0.501706,0.501706,1.473509,2.823596,0.761968,-1.473509
member,3931,8,8,1,0.788380,0.454581,0.454581,1.204580,4.141340,0.224897,-1.204580
member,5348,8,8,1,0.898070,0.407355,0.407355,1.449116,2.940468,0.371747,-1.449116
member,28244,1,1,1,0.268745,0.764338,0.764338,0.998615,4.025857,2.622159,-0.998615
member,32604,2,8,0,1.630725,0.195788,0.197935,2.104655,0.936476,-0.010909,2.104655
member,11535,0,9,0,3.206851,0.040484,0.269906,2.104984,-0.552755,-1.897168,2.104984
member,17121,5,3,0,1.730992,0.177109,0.274235,1.997966,1.449775,-0.437223,1.997966
member,46473,6,9,0,2.445549,0.086679,0.346708,1.752479,0.723669,-1.386278,1.752479
member,22348,9,9,1,0.728459,0.482652,0.482652,1.256462,2.992103,0.241259,-1.256462
member,26260,3,0,0,2.423132,0.088644,0.233714,2.190601,0.025009,-0.969474,2.190601
member,16135,4,5,0,2.118763,0.120180,0.300026,1.833661,1.271341,-0.914878,1.833661
member,10500,4,1,0,2.385393,0.092053,0.185258,2.081470,0.514959,-0.699388,2.081470
member,18233,3,5,0,1.841181,0.158630,0.276323,1.787648,1.837549,-0.554995,1.787648
member,13295,7,7,1,1.205422,0.299566,0.299566,1.999244,1.840935,0.762780,-1.999244
member,28714,9,9,1,0.606278,0.545377,0.545377,1.277026,3.327377,0.935571,-1.277026
member,27660,6,4,0,2.034266,0.130776,0.141767,2.240299,0.537313,-0.080697,2.240299
member,13268,7,7,1,0.720474,0.486522,0.486522,1.672626,2.450734,1.272175,-1.672626
member,47919,5,6,0,1.938266,0.143953,0.228912,2.053507,0.892051,-0.463849,2.053507
member,34428,7,4,0,1.943262,0.143236,0.180451,2.065663,0.990400,-0.230963,2.065663
member,3265,5,1,0,3.455276,0.031579,0.337649,1.865333,-0.399369,-2.369528,1.865333
member,45850,3,6,0,2.574314,0.076206,0.289873,1.728185,1.923344,-1.336001,1.728185
member,15004,4,6,0,1.595357,0.202836,0.260573,1.905316,2.061468,-0.250486,1.905316
member,22396,1,1,1,0.510695,0.600078,0.600078,1.422454,2.709045,1.361289,-1.422454
member,34429,1,1,1,1.083103,0.338544,0.338544,1.882149,2.071191,0.738207,-1.882149
member,24212,0,0,1,0.304504,0.737489,0.737489,1.081240,3.268364,2.354656,-1.081240
member,44042,7,7,1,1.340816,0.261632,0.261632,1.930774,1.664986,0.193268,-1.930774
member,6522,7,1,0,3.189245,0.041203,0.453615,1.275760,0.564909,-2.398739,1.275760
member,28632,5,6,0,2.029534,0.131397,0.358238,1.891957,1.126700,-1.002976,1.891957
member,47703,1,1,1,0.967686,0.379961,0.379961,1.666066,2.418444,0.257668,-1.666066
member,20211,9,1,0,2.472130,0.084405,0.212026,2.160994,0.236866,-0.921084,2.160994
member,31722,9,9,1,0.960225,0.382807,0.382807,1.578721,2.580968,0.414173,-1.578721
member,4894,7,7,1,1.409336,0.244306,0.244306,1.964212,1.487619,0.121900,-1.964212
member,15191,0,0,1,0.240915,0.785909,0.785909,0.905017,3.552173,2.219259,-0.905017
member,18209,9,0,0,2.542999,0.078630,0.504344,1.132602,2.953235,-1.858502,1.132602
member,39808,6,6,1,1.256587,0.284624,0.284624,2.004575,1.968831,0.747454,-2.004575
member,30545,1,9,0,1.680918,0.186203,0.321977,1.616002,1.669731,-0.547644,1.616002
member,7667,3,6,0,2.050607,0.128657,0.451195,1.718116,1.531253,-1.254752,1.718116
member,28073,7,7,1,1.215023,0.296703,0.296703,2.025833,1.467353,0.572323,-2.025833
member,34014,3,5,0,2.149812,0.116506,0.206703,2.205572,0.637529,-0.573339,2.205572
member,31118,6,3,0,2.241261,0.106324,0.279844,1.666377,2.765227,-0.967737,1.666377
member,460,8,2,0,3.747306,0.023581,0.321823,1.928481,-0.857586,-2.613552,1.928481
member,28186,4,6,0,2.349115,0.095454,0.306420,1.959705,1.215835,-1.166315,1.959705
member,25680,6,3,0,2.049012,0.128862,0.387620,1.635010,2.137640,-1.101283,1.635010
member,11680,3,3,1,1.204330,0.299893,0.299893,1.834668,2.178184,0.298487,-1.834668
member,12947,5,6,0,2.552225,0.077908,0.215153,2.053250,0.555405,-1.015821,2.053250
member,14237,3,5,0,1.314632,0.268573,0.279107,1.814814,2.452719,-0.038471,1.814814
member,7686,7,7,1,1.338825,0.262153,0.262153,1.954548,2.480049,0.600933,-1.954548
member,46604,3,7,0,1.911835,0.147809,0.205545,2.027240,1.556881,-0.329742,2.027240
member,23442,2,6,0,2.082865,0.124573,0.303184,2.052559,0.739488,-0.889451,2.052559
member,9931,4,0,0,4.854037,0.007797,0.812506,0.817466,-0.788043,-4.646404,0.817466
member,32938,3,3,1,1.318541,0.267525,0.267525,1.998403,1.681016,0.609637,-1.998403
member,28216,0,1,0,5.687713,0.003387,0.319469,1.768068,-2.234130,-4.546618,1.768068
member,8454,2,2,1,1.492276,0.224860,0.224860,1.851127,1.986998,0.038788,-1.851127
member,5841,1,6,0,3.931191,0.019620,0.452336,1.652512,-0.048338,-3.137862,1.652512
member,13375,5,6,0,2.036448,0.130491,0.516399,1.469889,2.982554,-1.375572,1.469889
member,37379,7,6,0,1.676231,0.187078,0.196036,2.121554,0.979590,-0.046772,2.121554
member,2135,7,7,1,1.456310,0.233095,0.233095,2.076693,1.242181,0.276454,-2.076693
member,7817,7,9,0,2.760860,0.063237,0.537287,1.579767,0.521400,-2.139636,1.579767
member,1377,1,2,0,1.745047,0.174637,0.242582,1.986546,1.360931,-0.328633,1.986546
member,10175,5,6,0,1.496399,0.223935,0.263529,1.915144,1.965426,-0.162806,1.915144
member,4689,0,0,1,0.378423,0.684941,0.684941,1.190473,3.225633,2.091356,-1.190473
member,28426,2,7,0,1.534300,0.215607,0.311510,1.872048,1.692293,-0.367977,1.872048
member,46127,1,1,1,0.098711,0.906005,0.906005,0.456936,5.277849,2.883672,-0.456936
member,20184,3,1,0,2.219573,0.108656,0.353390,1.749738,1.515868,-1.179391,1.749738
member,49385,9,9,1,0.846380,0.428965,0.428965,1.524600,2.709537,0.651754,-1.524600
member,40577,3,5,0,1.757522,0.172472,0.348825,1.804487,1.907121,-0.704336,1.804487
member,11813,2,6,0,1.962725,0.140475,0.243996,2.039912,0.996627,-0.552123,2.039912
member,27520,5,3,0,1.475773,0.228602,0.291435,1.943141,1.665893,-0.242836,1.943141
member,42504,3,6,0,2.406157,0.090161,0.461561,1.738215,1.125066,-1.633017,1.738215
member,24353,5,7,0,2.424706,0.088504,0.216282,1.979451,0.634534,-0.893536,1.979451
member,22294,3,1,0,2.290969,0.101168,0.414575,1.644517,1.403207,-1.410467,1.644517
member,47724,7,7,1,1.771289,0.170114,0.170114,2.192899,0.761952,0.148246,-2.192899
member,31461,7,6,0,2.527235,0.079880,0.516499,1.606557,1.205762,-1.866553,1.606557
member,31869,9,1,0,2.652257,0.070492,0.458797,1.720610,0.750409,-1.873109,1.720610
member,39163,3,6,0,1.571032,0.207831,0.279389,1.887046,1.880732,-0.295881,1.887046
member,47876,9,1,0,2.375437,0.092974,0.406724,1.863163,0.607803,-1.475816,1.863163
member,4256,9,8,0,1.276212,0.279093,0.379770,1.609388,2.055816,-0.308022,1.609388
member,5187,4,0,0,4.296493,0.013616,0.536947,1.467814,-0.846880,-3.674636,1.467814
member,29760,5,6,0,1.953112,0.141832,0.295395,1.680709,3.045763,-0.733671,1.680709
member,4740,5,4,0,1.922444,0.146249,0.258801,1.966730,1.262292,-0.570749,1.966730
member,47835,7,8,0,3.396006,0.033507,0.375976,1.596063,-0.060936,-2.417776,1.596063
member,6013,0,0,1,0.397634,0.671908,0.671908,1.043613,4.098465,1.282099,-1.043613
member,16055,9,0,0,1.340109,0.261817,0.356708,1.721827,1.730597,-0.309271,1.721827
member,3700,9,9,1,0.792033,0.452923,0.452923,1.462543,2.722019,0.338995,-1.462543
member,216,8,7,0,4.383524,0.012481,0.329133,1.919811,-1.553402,-3.272230,1.919811
member,40468,6,6,1,1.122492,0.325468,0.325468,1.830447,3.058176,0.774936,-1.830447
member,23894,9,7,0,1.610977,0.199692,0.249042,1.887569,1.736509,-0.220845,1.887569
member,30500,5,6,0,1.822712,0.161587,0.270698,1.888294,1.619474,-0.515959,1.888294
member,27237,9,9,1,1.361942,0.256163,0.256163,1.881623,2.190560,0.272831,-1.881623
member,13883,8,0,0,1.616136,0.198665,0.609552,1.309409,1.792737,-1.121106,1.309409
member,21547,1,9,0,1.214236,0.296937,0.576552,1.105265,3.359727,-0.663546,1.105265
member,22510,2,1,0,1.535567,0.215334,0.243417,2.036957,1.470428,-0.122587,2.036957
member,11035,2,9,0,3.086779,0.045649,0.459927,1.655674,-0.099531,-2.310091,1.655674
member,20691,3,7,0,2.254736,0.104901,0.132731,2.277407,0.101503,-0.235304,2.277407
member,35720,9,7,0,2.772313,0.062517,0.181762,2.144643,0.020551,-1.067256,2.144643
member,14504,5,7,0,2.281576,0.102123,0.461612,1.595283,1.505351,-1.508546,1.595283
member,7893,3,2,0,2.702898,0.067011,0.250636,1.919371,0.850813,-1.319143,1.919371
member,27679,5,1,0,2.045998,0.129251,0.200849,2.015981,1.057777,-0.440797,2.015981
member,5908,4,0,0,3.891115,0.020423,0.318414,1.810513,-0.838440,-2.746713,1.810513
member,4504,0,1,0,3.070394,0.046403,0.338767,1.832452,-0.067136,-1.987951,1.832452
member,9086,7,6,0,1.632935,0.195355,0.204403,1.998307,1.618999,-0.045274,1.998307
member,2328,1,9,0,1.958168,0.141117,0.557824,1.567577,1.157406,-1.374456,1.567577
member,44441,5,7,0,1.966602,0.139932,0.221976,1.842781,1.570096,-0.461415,1.842781
member,32783,8,8,1,0.814629,0.442804,0.442804,1.625317,2.366772,0.806693,-1.625317
member,47359,5,7,0,2.676705,0.068789,0.355061,1.877857,0.458278,-1.641239,1.877857
member,46674,1,6,0,2.101368,0.122289,0.422589,1.791401,1.411756,-1.240014,1.791401
member,15854,3,5,0,1.835898,0.159470,0.219590,2.135844,1.281126,-0.319903,2.135844
member,49479,8,8,1,0.901256,0.406059,0.406059,1.665220,2.233454,0.719607,-1.665220
member,42204,0,1,0,4.664919,0.009420,0.250123,1.859141,-1.518908,-3.279117,1.859141
member,12957,9,3,0,1.705203,0.181736,0.191619,2.110809,0.955018,-0.052955,2.110809
member,35129,1,5,0,2.899920,0.055028,0.251545,1.877788,0.951874,-1.519786,1.877788
member,15146,2,7,0,1.798580,0.165534,0.362977,1.881128,1.375370,-0.785165,1.881128
member,31307,2,7,0,1.953988,0.141708,0.312850,1.778978,1.768624,-0.791955,1.778978
member,7414,9,9,1,1.098117,0.333498,0.333498,1.896658,1.934350,0.629795,-1.896658
member,6308,0,0,1,0.659407,0.517158,0.517158,1.423636,3.038370,1.035106,-1.423636
member,27367,6,6,1,1.444175,0.235941,0.235941,1.966807,1.775812,0.252187,-1.966807
member,9846,3,3,1,1.373967,0.253101,0.253101,1.925255,2.148019,0.094625,-1.925255
member,13370,9,9,1,1.148104,0.317238,0.317238,1.855801,1.854169,0.361698,-1.855801
member,45333,4,8,0,5.093218,0.006138,0.457008,1.353462,-1.370415,-4.310163,1.353462
member,33176,7,7,1,0.924850,0.396591,0.396591,1.644448,2.839265,0.551314,-1.644448
member,32129,9,8,0,1.661606,0.189834,0.553182,1.126067,3.530867,-1.069537,1.126067
member,17212,2,1,0,2.695775,0.067490,0.270568,1.953095,0.372871,-1.388543,1.953095
member,24294,1,8,0,2.411813,0.089653,0.592269,1.157227,2.194983,-1.888019,1.157227
member,13744,8,9,0,1.364488,0.255511,0.478293,1.463751,2.129837,-0.626956,1.463751
member,2436,2,6,0,2.363860,0.094057,0.358812,1.875101,1.252375,-1.338902,1.875101
member,22105,3,6,0,1.919869,0.146626,0.336940,1.833626,2.025464,-0.832017,1.833626
member,47785,9,9,1,1.402404,0.246005,0.246005,2.056939,1.288031,0.177379,-2.056939
member,34894,8,8,1,1.078110,0.340238,0.340238,1.718545,1.944606,0.093064,-1.718545
member,20410,3,5,0,1.601782,0.201537,0.256940,1.838383,2.130143,-0.242871,1.838383
member,32236,7,8,0,3.697088,0.024796,0.571502,1.476600,-0.501522,-3.137601,1.476600
member,30912,1,9,0,2.046143,0.129232,0.728141,0.941463,2.306148,-1.728883,0.941463
member,48463,6,7,0,2.881658,0.056042,0.175333,2.197681,-0.461195,-1.140588,2.197681
member,32884,0,0,1,0.439475,0.644375,0.644375,1.349103,2.811439,2.040603,-1.349103
member,42109,4,6,0,1.595013,0.202906,0.284437,1.867630,1.875578,-0.337771,1.867630
member,39509,4,1,0,3.258510,0.038446,0.260766,1.877300,0.903364,-1.914377,1.877300
member,41121,0,1,0,1.893660,0.150520,0.475332,1.619398,1.331234,-1.149918,1.619398
member,29710,1,8,0,1.736615,0.176116,0.349206,1.617370,1.766870,-0.684520,1.617370
member,33116,5,9,0,4.024914,0.017865,0.375151,1.831405,-0.965925,-3.044487,1.831405
member,9349,4,6,0,3.431226,0.032347,0.309404,1.880333,-0.229936,-2.258119,1.880333
member,20840,1,1,1,0.300904,0.740149,0.740149,1.053824,3.946299,2.278252,-1.053824
member,40353,3,6,0,1.411299,0.243826,0.439204,1.608819,2.450257,-0.588507,1.608819
member,17239,2,1,0,2.168061,0.114399,0.247396,2.024071,0.865493,-0.771295,2.024071
member,48605,4,7,0,1.990961,0.136564,0.270123,1.995821,1.004595,-0.682084,1.995821
member,16176,2,7,0,1.927260,0.145546,0.419731,1.634029,1.599392,-1.059118,1.634029
member,12831,6,9,0,3.019682,0.048817,0.514618,1.511919,0.265097,-2.355353,1.511919
member,38588,6,3,0,1.931221,0.144971,0.199951,2.119628,0.891696,-0.321538,2.119628
member,48800,2,8,0,5.016663,0.006627,0.458474,1.242959,-0.679666,-4.236812,1.242959
member,45871,9,8,0,1.089408,0.336416,0.447751,1.282690,2.979311,-0.285890,1.282690
member,48921,9,9,1,0.883150,0.413478,0.413478,1.722803,2.199172,0.767448,-1.722803
member,7200,3,1,0,2.050134,0.128718,0.172342,2.178901,0.477608,-0.291860,2.178901
member,36989,4,6,0,1.841368,0.158600,0.413835,1.679071,2.026639,-0.959081,1.679071
member,45962,4,7,0,1.869642,0.154179,0.440307,1.737371,1.549397,-1.049358,1.737371
member,890,9,0,0,3.052762,0.047228,0.607334,1.010756,2.153229,-2.554086,1.010756
member,48014,2,3,0,2.576695,0.076025,0.231430,2.019005,0.176080,-1.113217,2.019005
member,7890,2,2,1,1.706626,0.181477,0.181477,2.097564,1.277302,0.052337,-2.097564
member,20399,7,6,0,2.285241,0.101750,0.314562,1.870523,1.009126,-1.128666,1.870523
member,16227,7,6,0,2.184535,0.112530,0.371251,1.804768,1.370888,-1.193658,1.804768
member,5687,8,8,1,1.287013,0.276094,0.276094,1.654184,2.055063,0.117686,-1.654184
member,31162,9,6,0,1.849048,0.157387,0.465895,1.694273,1.475488,-1.085254,1.694273
member,43028,6,6,1,0.666559,0.513472,0.513472,1.612381,3.111777,1.385743,-1.612381
member,48148,0,0,1,0.121572,0.885527,0.885527,0.426161,5.822328,2.194524,-0.426161
member,45401,9,1,0,1.810068,0.163643,0.513002,1.621798,1.406940,-1.142592,1.621798
member,41756,0,9,0,3.267344,0.038108,0.441325,1.777859,-0.305038,-2.449369,1.777859
member,8528,2,1,0,2.485559,0.083279,0.226614,1.974257,0.840118,-1.001051,1.974257
member,40908,2,6,0,2.359007,0.094514,0.205628,2.069061,0.663888,-0.777322,2.069061
member,651,6,6,1,1.137027,0.320771,0.320771,1.865899,2.184839,0.480804,-1.865899
member,13906,9,1,0,0.943594,0.389227,0.423711,1.271221,3.172395,-0.084889,1.271221
member,23231,4,9,0,3.805221,0.022254,0.310135,1.922634,-0.962491,-2.634472,1.922634
member,23343,2,1,0,2.728745,0.065301,0.330442,1.815648,0.545336,-1.621421,1.815648
member,27497,0,8,0,3.109905,0.044605,0.544868,1.110714,2.076916,-2.502693,1.110714
member,5010,0,0,1,0.078336,0.924654,0.924654,0.273916,10.558473,2.522921,-0.273916
member,18148,3,9,0,1.850273,0.157194,0.229531,1.987451,1.152566,-0.378554,1.987451
member,36687,6,6,1,0.834306,0.434176,0.434176,1.789763,2.336726,1.331056,-1.789763
member,28576,4,6,0,1.920556,0.146526,0.357119,1.826129,1.375906,-0.890870,1.826129
member,34713,9,6,0,2.091215,0.123537,0.143838,2.247263,0.313436,-0.152145,2.247263
member,33391,9,0,0,2.064346,0.126901,0.201248,2.189587,0.583946,-0.461128,2.189587
member,49767,8,8,1,0.327597,0.720653,0.720653,1.001264,3.492193,1.558995,-1.001264
member,46159,0,9,0,3.276121,0.037775,0.566485,1.522382,-0.105890,-2.707816,1.522382
member,35267,2,7,0,2.716013,0.066138,0.637567,1.279650,1.191133,-2.265918,1.279650
member,2554,7,0,0,5.504133,0.004070,0.730517,0.929866,-0.380699,-5.190130,0.929866
member,3714,5,9,0,3.285295,0.037430,0.278556,2.081998,-0.687017,-2.007157,2.081998
member,16563,1,9,0,1.427335,0.239947,0.554898,1.217014,2.758863,-0.838364,1.217014
member,24880,9,6,0,3.536904,0.029103,0.538264,1.550062,0.561052,-2.917497,1.550062
member,21279,5,9,0,3.200732,0.040732,0.275084,2.087504,-0.511046,-1.910052,2.087504
member,38941,4,0,0,4.079911,0.016909,0.607362,1.451445,-0.856388,-3.581280,1.451445
member,12387,2,6,0,2.185554,0.112415,0.276726,1.972423,1.200302,-0.900826,1.972423
member,33416,0,0,1,1.714164,0.180114,0.180114,2.125655,0.768163,0.072326,-2.125655
member,11808,8,0,0,1.387896,0.249600,0.565924,1.320054,2.057608,-0.818600,1.320054
member,25953,3,5,0,1.277221,0.278811,0.522720,1.370568,2.813872,-0.628511,1.370568
member,19321,7,7,1,1.666526,0.188902,0.188902,2.007940,1.420736,0.050225,-2.007940
member,43436,7,7,1,1.338800,0.262160,0.262160,1.879010,2.025284,0.384517,-1.879010
member,26428,6,9,0,3.118424,0.044227,0.173038,2.225781,-0.705848,-1.364182,2.225781
member,34882,4,7,0,2.180795,0.112952,0.271842,1.913916,0.896842,-0.878260,1.913916
member,10009,6,6,1,1.897937,0.149878,0.149878,2.218369,0.590615,0.072394,-2.218369
member,27090,3,5,0,2.124420,0.119502,0.213338,2.167921,0.512306,-0.579545,2.167921
member,9125,6,6,1,0.961040,0.382495,0.382495,1.750817,3.140841,0.557795,-1.750817
member,37455,1,1,1,0.812723,0.443649,0.443649,1.586054,2.384785,0.427065,-1.586054
member,48232,2,0,0,2.205177,0.110231,0.520383,1.675355,0.628943,-1.551988,1.675355
member,29213,3,5,0,1.693775,0.183824,0.235970,2.080547,1.160771,-0.249723,2.080547
member,8517,9,6,0,1.834129,0.159753,0.211104,2.027374,1.171527,-0.278727,2.027374
member,17713,4,6,0,1.709039,0.181040,0.306846,1.704403,2.704702,-0.527630,1.704403
member,22946,4,6,0,2.164016,0.114863,0.272877,2.066860,0.599848,-0.865282,2.066860
member,37538,9,1,0,3.019791,0.048811,0.559007,1.509590,0.652311,-2.438198,1.509590
member,8274,5,7,0,1.826205,0.161023,0.389980,1.841412,0.906299,-0.884547,1.841412
member,34448,0,0,1,0.648090,0.523044,0.523044,1.413252,2.874633,0.889292,-1.413252
member,48376,3,3,1,1.625031,0.196906,0.196906,2.085813,1.188704,0.270244,-2.085813
member,49913,1,9,0,1.572540,0.207517,0.248242,2.056141,1.369415,-0.179191,2.056141
member,30338,3,1,0,2.449040,0.086376,0.195514,2.093157,0.323201,-0.816916,2.093157
member,29618,7,6,0,1.991679,0.136466,0.227482,1.993221,1.267412,-0.510996,1.993221
member,4826,9,7,0,2.622200,0.072643,0.238381,2.108344,-0.033158,-1.188316,2.108344
member,32085,3,6,0,2.265995,0.103727,0.306049,1.952294,0.871324,-1.081986,1.952294
member,10171,8,7,0,3.029439,0.048343,0.162416,2.221722,-0.564771,-1.211846,2.221722
member,10783,6,7,0,2.833577,0.058802,0.207296,2.219135,-0.407616,-1.259969,2.219135
member,17690,2,9,0,3.431445,0.032340,0.477734,1.571202,-0.145872,-2.692743,1.571202
member,45904,0,0,1,0.484734,0.615861,0.615861,1.361462,2.855659,1.507534,-1.361462
member,39303,7,9,0,1.641869,0.193618,0.265452,1.960160,1.134004,-0.315549,1.960160
member,33543,6,6,1,1.412011,0.243653,0.243653,1.997272,1.631014,0.331703,-1.997272
member,21674,0,0,1,0.111709,0.894305,0.894305,0.395686,6.714512,2.289085,-0.395686
member,15219,5,0,0,2.695229,0.067527,0.193109,2.216692,-0.237767,-1.050730,2.216692
member,7511,0,7,0,2.632148,0.071924,0.415398,1.818910,0.397968,-1.753630,1.818910
member,19434,5,6,0,1.837789,0.159169,0.466336,1.551283,2.658503,-1.074940,1.551283
member,22922,3,5,0,2.012872,0.133604,0.230064,2.096904,0.928973,-0.543473,2.096904
member,38109,7,7,1,1.290683,0.275083,0.275083,1.949147,1.943416,0.488032,-1.949147
member,46998,4,7,0,2.335897,0.096724,0.235699,2.153769,0.264158,-0.890696,2.153769
member,40520,1,1,1,1.076017,0.340951,0.340951,2.021127,1.712263,0.978042,-2.021127
member,36346,7,6,0,1.883282,0.152090,0.220432,1.904418,1.418945,-0.371118,1.904418
member,2514,2,9,0,2.573728,0.076251,0.378949,1.756854,0.371146,-1.603375,1.756854
member,19718,8,8,1,1.166544,0.311441,0.311441,1.675660,2.134705,0.034783,-1.675660
member,42953,3,1,0,2.451111,0.086198,0.206804,2.168989,0.397051,-0.875125,2.168989
member,17141,5,7,0,2.441456,0.087034,0.477242,1.508155,1.149575,-1.701725,1.508155
member,35991,0,8,0,4.392907,0.012365,0.681742,0.997566,0.011959,-4.009803,0.997566
member,7677,5,6,0,1.768411,0.170604,0.174089,2.172656,1.117020,-0.020220,2.172656
member,8442,6,1,0,1.579856,0.206005,0.445218,1.598188,2.867395,-0.770664,1.598188
member,48273,8,8,1,1.126466,0.324177,0.324177,1.553890,2.529590,0.187481,-1.553890
member,43493,3,7,0,1.955127,0.141547,0.171149,2.142924,0.824172,-0.189905,2.142924
member,48639,1,1,1,0.980360,0.375176,0.375176,1.990082,2.027457,1.353307,-1.990082
member,43502,4,1,0,2.110629,0.121162,0.208549,2.014293,1.199183,-0.543048,2.014293
member,13791,9,9,1,0.587918,0.555483,0.555483,1.270474,3.092929,0.642338,-1.270474
member,8617,6,6,1,1.079420,0.339792,0.339792,1.905257,2.632517,0.787641,-1.905257
member,4248,7,7,1,1.115082,0.327888,0.327888,1.970487,1.611080,0.645361,-1.970487
member,21720,1,9,0,2.009501,0.134055,0.454660,1.156928,3.208198,-1.221296,1.156928
member,26308,2,6,0,1.924587,0.145936,0.247763,1.859523,2.187201,-0.529307,1.859523
member,2515,4,8,0,6.782233,0.001134,0.355728,1.377746,-2.349264,-5.748643,1.377746
member,2726,5,6,0,2.245518,0.105873,0.204090,2.126891,0.536368,-0.656323,2.126891
member,49876,8,0,0,0.764814,0.465421,0.515160,0.791926,6.117365,-0.101536,0.791926
member,22550,6,6,1,1.360650,0.256494,0.256494,1.968601,2.315794,0.323034,-1.968601
member,25561,3,3,1,1.608691,0.200149,0.200149,2.029818,1.406779,0.022883,-2.029818
member,46563,2,0,0,2.397948,0.090904,0.536304,1.636939,0.503257,-1.774894,1.636939
member,6585,3,5,0,1.995234,0.135982,0.236781,1.725069,2.640753,-0.554615,1.725069
member,40732,3,0,0,2.311322,0.099130,0.253828,2.153493,0.333374,-0.940224,2.153493
member,24851,0,0,1,1.611318,0.199624,0.199624,2.231961,0.813271,0.583639,-2.231961
member,29428,8,8,1,0.355996,0.700475,0.700475,0.933136,5.080614,1.447123,-0.933136
member,31803,2,1,0,2.552943,0.077852,0.196949,2.063522,0.433254,-0.928133,2.063522
member,43730,3,3,1,1.517938,0.219163,0.219163,1.938989,2.088436,0.179818,-1.938989
member,25704,6,9,0,3.452429,0.031669,0.540330,1.415694,0.126592,-2.836854,1.415694
member,30342,5,5,1,1.408248,0.244571,0.244571,1.988810,1.712234,0.055849,-1.988810
member,21073,1,1,1,1.377408,0.252231,0.252231,1.826016,2.528876,0.187454,-1.826016
member,16812,5,6,0,2.154060,0.116012,0.328348,1.923647,1.272830,-1.040380,1.923647
member,46204,3,6,0,2.120711,0.119946,0.434135,1.655870,1.872009,-1.286310,1.655870
member,32291,2,0,0,3.918851,0.019864,0.537071,1.248758,-0.064780,-3.297226,1.248758
member,35505,8,8,1,0.493912,0.610234,0.610234,1.384812,2.727188,1.439218,-1.384812
member,29983,4,6,0,1.809811,0.163685,0.314872,1.956307,1.157182,-0.654221,1.956307
member,35083,3,6,0,2.052216,0.128450,0.243971,1.987458,0.900835,-0.641508,1.987458
member,14285,2,3,0,2.469664,0.084613,0.297338,1.878865,0.839594,-1.256778,1.878865
member,31623,2,9,0,1.856813,0.156170,0.175426,2.050953,0.979695,-0.116273,2.050953
member,37326,9,0,0,1.918576,0.146816,0.588190,1.380862,1.563197,-1.387871,1.380862
member,6793,7,9,0,1.330827,0.264259,0.410132,1.731619,1.576450,-0.439551,1.731619
member,2900,4,7,0,1.789717,0.167007,0.248958,1.832683,1.937399,-0.399247,1.832683
member,9743,8,8,1,0.573302,0.563661,0.563661,0.896691,4.842407,0.377161,-0.896691
member,15837,2,1,0,2.312168,0.099046,0.257055,2.120997,0.452772,-0.953701,2.120997
member,42211,1,7,0,1.970536,0.139382,0.308209,1.968013,1.150195,-0.793560,1.968013
member,4704,9,1,0,1.356655,0.257521,0.415969,1.715926,1.676554,-0.479510,1.715926
member,27325,2,6,0,1.905428,0.148759,0.276610,1.987430,1.178464,-0.620280,1.987430
member,29519,9,6,0,2.378962,0.092647,0.316843,1.881974,1.234339,-1.229613,1.881974
member,12524,6,9,0,2.136142,0.118110,0.199991,2.143843,0.365729,-0.526660,2.143843
member,936,1,1,1,0.304379,0.737581,0.737581,0.955380,4.050994,1.772347,-0.955380
member,38817,8,8,1,0.490356,0.612409,0.612409,1.233407,3.387847,1.332751,-1.233407
member,40298,6,7,0,2.010687,0.133897,0.253222,2.040355,0.796452,-0.637199,2.040355
member,30142,8,8,1,0.572441,0.564146,0.564146,1.021722,4.279886,0.499447,-1.021722
member,32193,6,6,1,0.635377,0.529736,0.529736,1.562395,3.183528,1.687199,-1.562395
member,40974,4,9,0,4.340451,0.013031,0.369593,1.761943,-1.314007,-3.345099,1.761943
member,5748,7,4,0,1.822404,0.161637,0.245410,1.856746,1.817394,-0.417579,1.856746
member,21048,4,5,0,2.332102,0.097091,0.149532,2.199628,0.235475,-0.431857,2.199628
member,21973,2,1,0,2.519269,0.080518,0.295184,1.916799,0.987698,-1.299110,1.916799
member,14554,3,1,0,2.090621,0.123610,0.310018,1.797250,1.025709,-0.919495,1.797250
member,20562,5,5,1,1.169829,0.310420,0.310420,1.762449,2.464998,0.195658,-1.762449
member,48808,3,9,0,2.540249,0.078847,0.355413,2.025378,0.104168,-1.505774,2.025378
member,27159,5,7,0,2.460191,0.085419,0.287637,1.939149,0.252154,-1.214135,1.939149
member,31827,9,9,1,0.519669,0.594718,0.594718,1.096811,4.186927,0.976855,-1.096811
member,12622,1,1,1,0.407114,0.665568,0.665568,1.219107,3.555516,1.912718,-1.219107
member,5921,6,6,1,1.736497,0.176136,0.176136,2.168858,0.912479,0.051210,-2.168858
member,1720,8,8,1,1.083922,0.338266,0.338266,1.752449,1.829378,0.138379,-1.752449
member,581,4,5,0,2.191696,0.111727,0.320021,1.802251,1.478713,-1.052326,1.802251
member,24465,2,6,0,2.112046,0.120990,0.159762,2.215043,0.501907,-0.277976,2.215043
member,6143,8,1,0,4.121397,0.016222,0.458766,1.676961,-0.830428,-3.342183,1.676961
member,47120,4,7,0,1.867597,0.154495,0.302852,1.854458,1.504900,-0.673085,1.854458
member,12662,9,8,0,1.401566,0.246211,0.387397,1.323610,2.811687,-0.453262,1.323610
member,6361,4,5,0,2.610341,0.073509,0.334962,1.610646,1.173806,-1.516603,1.610646
member,42201,0,9,0,2.077295,0.125269,0.247959,1.788781,1.297297,-0.682803,1.788781
member,34561,4,7,0,2.093926,0.123202,0.332818,1.677858,1.456583,-0.993767,1.677858
member,29123,6,6,1,1.332068,0.263931,0.263931,1.943866,1.801401,0.328315,-1.943866
member,20305,9,7,0,2.758682,0.063375,0.205627,2.036236,0.214966,-1.176993,2.036236
member,34088,2,1,0,4.480166,0.011332,0.548412,1.337083,-0.602902,-3.879437,1.337083
member,10254,3,6,0,2.020442,0.132597,0.288845,1.929034,1.406992,-0.778578,1.929034
member,46735,8,0,0,1.518824,0.218969,0.478209,1.411288,2.314766,-0.781116,1.411288
member,28681,0,0,1,0.893168,0.409357,0.409357,1.430707,3.108347,0.340639,-1.430707
member,46606,5,7,0,2.054341,0.128177,0.203742,2.094864,0.721063,-0.463440,2.094864
member,7499,8,8,1,0.968710,0.379572,0.379572,1.718173,2.591805,0.588852,-1.718173
member,24975,1,9,0,1.767154,0.170818,0.443164,1.168485,3.391433,-0.953338,1.168485
member,16000,7,7,1,1.126811,0.324065,0.324065,1.802846,2.743532,0.553757,-1.802846
member,40862,4,6,0,1.678406,0.186671,0.217589,1.768045,2.912699,-0.153261,1.768045
member,23013,4,6,0,1.948637,0.142468,0.405171,1.786105,1.551643,-1.045190,1.786105
member,770,6,6,1,1.573615,0.207294,0.207294,2.067097,1.696882,0.418014,-2.067097
member,4091,2,6,0,2.517619,0.080651,0.477944,1.690746,1.216083,-1.779357,1.690746
member,47648,9,1,0,1.112380,0.328776,0.450125,1.484658,2.233051,-0.314150,1.484658
member,30053,7,5,0,1.672981,0.187687,0.271102,1.770250,2.216238,-0.367720,1.770250
member,48858,7,7,1,1.234721,0.290916,0.290916,1.956599,1.961073,0.589984,-1.956599
member,19580,3,6,0,1.526704,0.217251,0.219410,1.947135,1.784592,-0.009892,1.947135
member,30107,5,0,0,2.933178,0.053228,0.414817,1.890450,-0.211199,-2.053261,1.890450
member,42970,3,5,0,1.612396,0.199409,0.359916,1.825445,1.660401,-0.590512,1.825445
member,43109,8,8,1,0.925403,0.396371,0.396371,1.436608,3.265462,0.536763,-1.436608
member,35980,7,7,1,0.631106,0.532003,0.532003,1.598576,2.769673,1.361510,-1.598576
member,16313,0,0,1,1.103952,0.331558,0.331558,2.048041,1.484056,0.942911,-2.048041
member,38042,7,3,0,2.241397,0.106310,0.238933,1.845717,2.117878,-0.809823,1.845717
member,45022,4,6,0,1.750571,0.173675,0.195753,2.105772,0.916624,-0.119672,2.105772
member,14356,7,9,0,1.649510,0.192144,0.389150,1.841026,1.265926,-0.705720,1.841026
member,297,5,6,0,1.848476,0.157477,0.181027,2.065677,1.227123,-0.139365,2.065677
member,33784,9,9,1,0.889305,0.410941,0.410941,1.745429,2.272664,0.745214,-1.745429
member,34173,0,0,1,0.111793,0.894229,0.894229,0.457685,5.094057,2.508325,-0.457685
member,23494,5,7,0,2.459918,0.085442,0.292341,1.952675,0.407451,-1.230083,1.952675
member,43719,9,9,1,0.828854,0.436549,0.436549,1.446432,2.785230,0.525373,-1.446432
member,40396,6,1,0,1.443079,0.236199,0.257228,1.925736,2.271136,-0.085285,1.925736
member,21600,9,9,1,0.425888,0.653190,0.653190,1.099159,3.543643,1.068434,-1.099159
member,12395,8,8,1,1.048406,0.350496,0.350496,1.665701,2.250254,0.322094,-1.665701
member,34845,1,1,1,0.789200,0.454208,0.454208,1.779940,2.125126,1.025488,-1.779940
member,13995,4,6,0,1.710143,0.180840,0.250899,1.943153,1.434624,-0.327439,1.943153
member,45699,7,7,1,1.212660,0.297405,0.297405,1.855754,1.850452,0.198254,-1.855754
member,1278,0,0,1,0.871928,0.418145,0.418145,1.601506,2.418076,0.437644,-1.601506
member,42635,5,5,1,1.125193,0.324590,0.324590,1.820576,2.557012,0.528194,-1.820576
member,4724,8,0,0,2.158762,0.115468,0.418646,1.881013,0.552917,-1.288034,1.881013
member,32825,3,6,0,2.244877,0.105941,0.476906,1.694350,1.400159,-1.504441,1.694350
member,26812,4,6,0,1.647524,0.192526,0.240894,1.891433,1.664061,-0.224127,1.891433
member,20222,1,6,0,4.583570,0.010218,0.215592,1.833017,-0.125547,-3.049205,1.833017
member,42964,7,9,0,2.675051,0.068903,0.330735,1.931634,0.201377,-1.568614,1.931634
member,27613,4,1,0,2.955278,0.052064,0.225262,2.146368,-0.269910,-1.464787,2.146368
member,19361,7,9,0,2.402427,0.090498,0.334613,1.949242,0.441961,-1.307646,1.949242
member,18370,6,6,1,1.024423,0.359003,0.359003,1.708201,3.269270,0.660390,-1.708201
member,46231,3,5,0,1.383983,0.250579,0.252503,1.804255,2.291831,-0.007652,1.804255
member,45629,5,7,0,2.367590,0.093706,0.243643,2.093473,0.211726,-0.955541,2.093473
member,37760,7,3,0,1.855767,0.156333,0.232975,1.781592,2.627513,-0.398943,1.781592
member,43166,6,6,1,0.613898,0.541237,0.541237,1.524189,4.138919,1.639197,-1.524189
member,28121,3,0,0,2.804259,0.060552,0.333104,1.975082,-0.183191,-1.704959,1.975082
member,3308,4,9,0,3.342384,0.035353,0.426149,1.854244,-0.446660,-2.489417,1.854244
member,17681,4,6,0,2.476826,0.084009,0.266537,1.972198,0.911164,-1.154583,1.972198
member,29102,4,8,0,5.600486,0.003696,0.505060,1.309224,-1.673659,-4.917407,1.309224
member,12104,9,8,0,1.685161,0.185415,0.338313,1.406380,3.255851,-0.601377,1.406380
member,17486,0,8,0,0.959514,0.383079,0.397078,1.420428,2.542873,-0.035891,1.420428
member,38603,4,7,0,1.617540,0.198386,0.291048,1.822136,2.020102,-0.383273,1.822136
member,38485,3,7,0,1.700794,0.182539,0.198381,1.981559,1.767437,-0.083230,1.981559
member,34691,8,8,1,0.810636,0.444575,0.444575,1.098427,4.992201,0.067876,-1.098427
member,14061,1,8,0,2.055676,0.128006,0.698858,0.962432,3.041290,-1.697369,0.962432
member,31026,2,6,0,2.060314,0.127414,0.352184,1.845379,1.271484,-1.016712,1.845379
member,9925,0,0,1,0.904632,0.404691,0.404691,1.896311,1.807609,1.006847,-1.896311
member,3401,6,6,1,0.763935,0.465830,0.465830,1.617826,3.671397,1.110704,-1.617826
member,43023,6,7,0,2.155542,0.115840,0.219737,2.000136,1.115971,-0.640217,2.000136
member,15296,7,7,1,0.813626,0.443248,0.443248,1.754348,2.128937,0.948385,-1.754348
member,18674,2,8,0,4.665987,0.009410,0.592260,1.231697,-0.699733,-4.142177,1.231697
member,47623,4,9,0,4.486578,0.011259,0.292655,1.749437,-1.326597,-3.257815,1.749437
member,23614,5,4,0,1.516938,0.219383,0.240386,1.894635,1.924718,-0.091428,1.894635
member,26362,1,1,1,0.691125,0.501012,0.501012,1.604314,2.533517,1.012019,-1.604314
member,37636,7,6,0,2.029377,0.131417,0.201160,2.145691,0.568261,-0.425720,2.145691
member,30887,2,7,0,1.637242,0.194516,0.200575,2.016574,1.264338,-0.030676,2.016574
member,46315,2,1,0,3.249060,0.038811,0.310524,1.690617,-0.039203,-2.079565,1.690617
member,9381,6,9,0,2.121377,0.119866,0.316846,1.883430,1.047419,-0.972037,1.883430
member,22702,2,3,0,3.007853,0.049398,0.280527,1.805588,0.890363,-1.736766,1.805588
member,43632,4,1,0,3.845216,0.021382,0.355158,1.790774,-0.887207,-2.810023,1.790774
member,27561,8,8,1,0.662799,0.515407,0.515407,1.210882,3.398014,0.436734,-1.210882
member,33624,1,1,1,0.808739,0.445419,0.445419,1.810533,2.187516,1.373054,-1.810533
member,47596,8,8,1,0.160547,0.851678,0.851678,0.548845,6.200119,2.121464,-0.548845
member,21935,6,7,0,2.960158,0.051811,0.262282,2.083843,-0.327268,-1.621825,2.083843
member,18169,3,0,0,3.134933,0.043503,0.323039,1.971512,-0.436862,-2.004950,1.971512
member,29419,4,6,0,1.631999,0.195538,0.330996,1.754165,2.315308,-0.526349,1.754165
member,36616,2,2,1,1.162349,0.312751,0.312751,1.879674,1.616640,0.217028,-1.879674
member,10593,4,6,0,2.024816,0.132018,0.308635,1.947684,1.195106,-0.849221,1.947684
member,37423,7,7,1,0.692832,0.500158,0.500158,1.593411,3.353469,1.411863,-1.593411
member,16674,4,6,0,1.769743,0.170377,0.387378,1.725262,2.304719,-0.821388,1.725262
member,21393,0,9,0,6.136717,0.002162,0.435519,1.741974,-2.907832,-5.305500,1.741974
member,44422,6,7,0,3.230819,0.039525,0.287381,1.578348,1.604473,-1.983874,1.578348
member,6293,9,9,1,0.488851,0.613331,0.613331,1.341135,2.929407,1.244631,-1.341135
member,37181,0,7,0,2.268072,0.103512,0.462113,1.764924,0.627411,-1.496126,1.764924
member,18587,5,6,0,2.419218,0.088991,0.339357,1.919928,1.197666,-1.338516,1.919928
member,3425,8,0,0,1.688321,0.184830,0.477328,1.685169,1.255131,-0.948769,1.685169
member,3230,1,9,0,1.486159,0.226240,0.531629,1.500158,1.671537,-0.854349,1.500158
member,41878,4,6,0,1.571907,0.207649,0.293232,1.847147,1.670582,-0.345114,1.847147
member,14463,2,0,0,4.944522,0.007122,0.795322,0.661887,0.292806,-4.715514,0.661887
member,15353,0,1,0,2.680113,0.068555,0.254132,1.924646,0.263411,-1.310210,1.924646
member,42730,8,3,0,5.102788,0.006080,0.261215,1.955252,-1.862100,-3.760375,1.955252
member,17786,2,7,0,2.406618,0.090120,0.306726,1.740223,0.726562,-1.224817,1.740223
member,46330,1,1,1,0.298117,0.742214,0.742214,1.051981,3.814594,2.284451,-1.051981
member,16392,0,1,0,8.968999,0.000127,0.667428,1.215045,-4.305315,-8.564675,1.215045
member,16852,5,4,0,1.815322,0.162786,0.238768,1.978558,1.181746,-0.383060,1.978558
member,34834,8,0,0,2.945310,0.052586,0.899126,0.479019,1.959396,-2.838978,0.479019
member,32529,5,5,1,1.545023,0.213307,0.213307,1.981863,1.390631,0.149863,-1.981863
member,43523,2,5,0,3.141972,0.043198,0.316745,1.852937,0.324987,-1.992314,1.852937
member,41557,0,6,0,8.261297,0.000258,0.205653,1.998354,-4.226131,-6.679732,1.998354
member,16581,2,9,0,2.398365,0.090866,0.389685,1.938578,0.270432,-1.455949,1.938578
member,17555,6,6,1,0.514053,0.598067,0.598067,1.410931,3.528329,1.820984,-1.410931
member,30229,2,7,0,1.796349,0.165903,0.278233,2.064611,0.729445,-0.517052,2.064611
member,4130,6,6,1,0.642605,0.525921,0.525921,1.581719,3.146763,1.629212,-1.581719
member,38306,5,0,0,2.148909,0.116611,0.200713,2.125779,0.461819,-0.543032,2.125779
member,26808,5,6,0,2.046340,0.129207,0.317780,1.900549,1.373699,-0.899945,1.900549
member,37061,0,9,0,3.265829,0.038165,0.324004,2.026503,-0.536020,-2.138830,2.026503
member,17362,2,3,0,1.770359,0.170272,0.200418,1.915515,1.455332,-0.163010,1.915515
member,48397,5,0,0,2.256164,0.104752,0.233386,2.103635,0.249934,-0.801101,2.103635
member,1077,2,7,0,2.279125,0.102374,0.378539,1.773123,1.069090,-1.307688,1.773123
member,47206,8,1,0,1.857308,0.156092,0.460363,1.605901,1.277162,-1.081567,1.605901
member,41033,4,0,0,2.900040,0.055021,0.257743,2.164562,-0.439552,-1.544249,2.164562
member,5501,4,7,0,1.472487,0.229354,0.231154,1.927157,1.967953,-0.007817,1.927157
member,4413,4,6,0,2.831452,0.058927,0.307484,1.822039,1.116575,-1.652121,1.822039
member,23802,5,5,1,1.187899,0.304861,0.304861,2.025882,1.804465,0.727645,-2.025882
member,34528,7,9,0,3.635234,0.026378,0.731807,0.959071,0.472584,-3.322995,0.959071
member,21244,7,7,1,1.274417,0.279594,0.279594,1.900557,1.840223,0.343939,-1.900557
member,3000,3,7,0,1.903990,0.148973,0.233826,2.028226,1.001582,-0.450810,2.028226
member,39703,4,6,0,1.895197,0.150289,0.329049,1.912822,1.162584,-0.783647,1.912822
member,47444,0,0,1,0.173096,0.841057,0.841057,0.547210,6.060072,1.881219,-0.547210
member,4759,0,9,0,1.697160,0.183203,0.226069,1.857375,1.260703,-0.210247,1.857375
member,49276,0,0,1,1.301048,0.272246,0.272246,1.985608,1.424245,0.438112,-1.985608
member,44282,1,1,1,0.287132,0.750413,0.750413,0.980162,4.297501,2.167267,-0.980162
member,16539,6,7,0,1.857315,0.156091,0.252404,1.889318,1.850878,-0.480591,1.889318
member,43800,3,2,0,2.069895,0.126199,0.139983,2.259238,0.378193,-0.103660,2.259238
member,25151,1,9,0,0.859834,0.423232,0.435339,1.279048,2.870694,-0.028205,1.279048
member,8322,2,1,0,3.782534,0.022765,0.413372,1.631997,0.220932,-2.899127,1.631997
member,38150,2,7,0,2.186576,0.112301,0.176455,2.055196,0.753601,-0.451885,2.055196
member,47904,2,0,0,2.028082,0.131588,0.145429,2.219039,0.388684,-0.100016,2.219039
member,14946,2,9,0,4.867535,0.007692,0.456937,1.214063,-0.898958,-4.084325,1.214063
member,48620,7,1,0,4.367789,0.012679,0.597871,1.409114,-0.357288,-3.853410,1.409114
member,43422,2,7,0,2.095437,0.123016,0.167727,2.240530,0.305910,-0.310017,2.240530
member,9468,6,6,1,1.167619,0.311107,0.311107,1.953851,1.725655,0.500291,-1.953851
member,5308,6,7,0,3.481352,0.030766,0.371916,1.749613,-0.010294,-2.492264,1.749613
member,24988,7,0,0,3.717878,0.024285,0.414649,1.473697,-0.104925,-2.837556,1.473697
member,34482,2,0,0,2.524994,0.080059,0.489416,1.713934,0.410588,-1.810451,1.713934
member,31680,8,8,1,0.603222,0.547046,0.547046,1.210308,3.501157,0.755510,-1.210308
member,4475,3,6,0,1.856135,0.156275,0.452212,1.580063,2.647782,-1.062530,1.580063
member,23090,5,3,0,1.772789,0.169859,0.250932,1.947220,1.500533,-0.390217,1.947220
member,12261,4,7,0,1.657965,0.190526,0.194876,1.990520,1.233585,-0.022575,1.990520
member,2417,8,1,0,1.668705,0.188491,0.436593,1.536080,2.130884,-0.839951,1.536080
member,10214,7,9,0,1.547433,0.212793,0.235445,2.070444,1.195172,-0.101158,2.070444
member,42119,1,1,1,0.439997,0.644038,0.644038,1.033977,3.726319,0.888756,-1.033977
member,6985,4,6,0,2.015391,0.133268,0.276376,1.960599,1.105071,-0.729396,1.960599
member,4120,5,7,0,2.181823,0.112836,0.243830,2.053971,0.831110,-0.770540,2.053971
member,34896,2,7,0,2.325308,0.097753,0.332259,1.847002,0.983522,-1.223467,1.847002
member,26495,0,0,1,0.352265,0.703093,0.703093,1.074514,3.423113,1.550895,-1.074514
member,49744,8,8,1,0.467423,0.626615,0.626615,1.132514,3.584345,1.056981,-1.132514
member,5794,8,8,1,0.359338,0.698138,0.698138,1.010914,3.862618,1.506662,-1.010914
member,32817,5,1,0,1.815997,0.162676,0.189453,2.109530,0.873659,-0.152382,2.109530
member,38894,3,7,0,2.688038,0.068014,0.280328,1.921465,0.154218,-1.416244,1.921465
member,24905,8,0,0,1.361953,0.256160,0.616359,1.107750,2.704092,-0.878027,1.107750
member,10163,9,0,0,3.600666,0.027306,0.327533,1.991447,-0.852960,-2.484499,1.991447
member,2829,9,9,1,0.506990,0.602306,0.602306,1.463271,2.618255,1.708738,-1.463271
member,46556,7,7,1,0.297416,0.742735,0.742735,1.019035,3.661461,2.210034,-1.019035
member,37519,0,1,0,3.678473,0.025262,0.587543,1.405122,0.000484,-3.146666,1.405122
member,13826,3,6,0,1.641276,0.193733,0.233388,2.043458,1.247710,-0.186224,2.043458
member,30760,7,9,0,2.008499,0.134190,0.384103,1.854626,0.879410,-1.051655,1.854626
member,32271,8,8,1,0.660927,0.516373,0.516373,1.542630,2.538424,1.258222,-1.542630
member,23115,9,1,0,1.100949,0.332555,0.354627,1.627709,2.146605,-0.064260,1.627709
member,22683,4,0,0,3.501787,0.030143,0.466040,1.743795,-0.656332,-2.738303,1.743795
member,28907,9,9,1,1.174558,0.308955,0.308955,1.910310,2.047202,0.515898,-1.910310
member,441,8,0,0,2.554231,0.077752,0.232823,2.034692,0.118565,-1.096754,2.034692
member,35276,4,4,1,1.264045,0.282509,0.282509,1.763733,2.966729,0.192247,-1.763733
member,38708,4,6,0,2.348800,0.095484,0.268134,2.023366,0.629197,-1.032531,2.023366
member,34543,6,9,0,1.114782,0.327987,0.343407,1.556214,2.738838,-0.045943,1.556214
member,15364,7,9,0,2.234322,0.107065,0.413295,1.858516,0.681645,-1.350728,1.858516
member,33648,7,9,0,2.481334,0.083632,0.501995,1.642194,0.519174,-1.792169,1.642194
member,195,5,7,0,1.856467,0.156224,0.168279,2.187070,0.827990,-0.074334,2.187070
member,2705,4,3,0,1.769179,0.170473,0.241099,1.799016,2.460702,-0.346630,1.799016
member,16460,0,0,1,0.956768,0.384132,0.384132,1.933639,1.722896,1.083009,-1.933639
member,42389,8,8,1,0.935979,0.392202,0.392202,1.646602,2.360447,0.767334,-1.646602
member,32667,5,7,0,2.381324,0.092428,0.142451,2.259482,0.083183,-0.432565,2.259482
member,31902,4,6,0,2.839706,0.058443,0.321436,1.800508,1.152695,-1.704749,1.800508
member,24319,0,7,0,2.209241,0.109784,0.221435,2.093836,0.342880,-0.701613,2.093836
member,27515,8,0,0,1.882286,0.152242,0.265782,2.007274,0.918201,-0.557207,2.007274
member,39162,4,1,0,3.252303,0.038685,0.378780,1.852839,-0.027177,-2.281503,1.852839
member,16914,7,2,0,2.370958,0.093391,0.277221,2.119934,0.306134,-1.088016,2.119934
member,40617,6,6,1,1.267716,0.281474,0.281474,1.857576,2.580806,0.478793,-1.857576
member,44155,9,9,1,0.753998,0.470482,0.470482,1.342889,3.051834,0.329053,-1.342889
member,32384,4,1,0,2.436956,0.087427,0.250355,2.112248,0.230387,-1.052080,2.112248
member,29601,8,0,0,3.339898,0.035441,0.470788,1.671454,-0.015741,-2.586550,1.671454
member,34541,5,4,0,1.941262,0.143523,0.333597,1.797684,1.614795,-0.843441,1.797684
member,6653,7,6,0,1.800691,0.165185,0.237581,1.948053,1.506230,-0.363443,1.948053
member,46468,3,4,0,1.835555,0.159525,0.205611,1.833081,2.349486,-0.253786,1.833081
member,1470,0,1,0,4.793031,0.008287,0.663080,1.099947,-0.577023,-4.382171,1.099947
member,10907,5,9,0,3.568989,0.028184,0.483577,1.499379,0.039035,-2.842444,1.499379
member,41441,4,5,0,2.398676,0.090838,0.286930,1.923236,0.697315,-1.150161,1.923236
member,43321,5,1,0,2.435712,0.087535,0.424133,1.873367,0.545514,-1.578004,1.873367
member,6392,2,0,0,6.634773,0.001314,0.839652,0.498798,-0.157027,-6.460006,0.498798
member,28953,3,6,0,2.277803,0.102509,0.170346,2.198093,0.236447,-0.507882,2.198093
member,16656,3,9,0,2.882313,0.056005,0.378998,1.695796,0.451551,-1.912089,1.695796
member,17922,8,5,0,3.460104,0.031427,0.309742,1.933349,-0.483270,-2.288089,1.933349
member,19588,6,6,1,1.448817,0.234848,0.234848,2.023481,1.389236,0.288090,-2.023481
member,32631,0,9,0,3.745224,0.023630,0.470764,1.511269,-0.383289,-2.991827,1.511269
member,22897,2,0,0,3.891236,0.020420,0.362194,1.619838,-0.609532,-2.875662,1.619838
member,6340,5,1,0,3.020551,0.048774,0.417203,1.646417,0.198161,-2.146368,1.646417
member,23905,2,7,0,1.346861,0.260055,0.383673,1.495122,2.611959,-0.388897,1.495122
member,38422,7,1,0,3.751837,0.023475,0.504606,1.695145,-0.731220,-3.067859,1.695145
member,18916,7,7,1,1.536697,0.215090,0.215090,2.148368,1.064459,0.464992,-2.148368
member,25895,7,9,0,3.053719,0.047183,0.318086,1.881936,-0.188723,-1.908286,1.881936
member,12955,9,1,0,1.278163,0.278549,0.328411,1.851841,1.987842,-0.164672,1.851841
member,29065,4,6,0,1.912166,0.147760,0.198921,2.137192,0.648984,-0.297317,2.137192
member,45251,3,1,0,1.375767,0.252646,0.349410,1.617820,3.291522,-0.324259,1.617820
member,35182,0,0,1,1.056901,0.347531,0.347531,1.881604,1.815555,0.590353,-1.881604
member,31470,4,8,0,2.467781,0.084773,0.166151,2.226921,-0.044397,-0.672925,2.226921
member,1157,5,7,0,2.276655,0.102627,0.376033,1.862728,0.916045,-1.298577,1.862728
member,18107,8,0,0,1.755377,0.172842,0.374821,1.890837,1.227540,-0.774071,1.890837
member,28858,1,8,0,1.618990,0.198099,0.430122,1.284968,2.826578,-0.775303,1.284968
member,16051,9,8,0,1.169643,0.310478,0.504748,1.261244,2.783930,-0.485948,1.261244
member,17287,6,6,1,1.154545,0.315201,0.315201,1.928741,2.040617,0.614132,-1.928741
member,29982,3,5,0,1.860421,0.155607,0.333559,1.889529,1.489108,-0.762485,1.889529
member,578,1,1,1,0.658207,0.517779,0.517779,1.542281,3.148150,0.964846,-1.542281
member,5692,9,9,1,0.445035,0.640802,0.640802,1.080367,3.692276,0.973394,-1.080367
member,25472,8,9,0,2.434086,0.087678,0.267522,1.915072,0.623295,-1.115532,1.915072
member,40199,7,7,1,0.680699,0.506263,0.506263,1.643906,2.376944,1.233342,-1.643906
member,8960,5,7,0,2.626245,0.072350,0.207554,2.061760,0.166213,-1.053880,2.061760
member,3858,9,9,1,0.578659,0.560650,0.560650,1.307329,3.026945,1.150150,-1.307329
member,32561,7,8,0,4.238624,0.014427,0.592215,1.299756,-0.624817,-3.714737,1.299756
member,38792,5,6,0,2.457447,0.085653,0.245656,2.086070,0.284503,-1.053622,2.086070
member,8445,8,9,0,1.799893,0.165317,0.721117,0.855294,3.714805,-1.472939,0.855294
member,7772,0,1,0,1.580108,0.205953,0.316154,1.662030,1.719373,-0.428582,1.662030
member,10869,3,6,0,2.009218,0.134094,0.246661,1.781974,2.814837,-0.609478,1.781974
member,46360,5,2,0,2.365340,0.093917,0.212755,2.000108,0.719951,-0.817726,2.000108
member,48806,1,1,1,1.105473,0.331054,0.331054,1.863935,2.153842,0.479908,-1.863935
member,29174,0,8,0,2.349570,0.095410,0.726816,0.961121,2.064730,-2.030488,0.961121
member,41828,5,6,0,1.946677,0.142748,0.317652,1.858507,1.460769,-0.799877,1.858507
member,29273,3,6,0,2.202318,0.110547,0.248298,2.045006,1.009273,-0.809191,2.045006
member,16739,2,2,1,1.379786,0.251632,0.251632,1.924405,1.723048,0.388816,-1.924405
member,43132,1,8,0,1.223277,0.294264,0.389475,1.330302,3.318034,-0.280323,1.330302
member,26968,2,7,0,1.646815,0.192663,0.388048,1.760605,1.633418,-0.700189,1.760605
member,21535,7,7,1,0.587460,0.555737,0.555737,1.397098,3.067880,1.235421,-1.397098
member,30281,1,1,1,1.305398,0.271065,0.271065,1.916508,1.623658,0.058196,-1.916508
member,29013,9,9,1,0.730596,0.481622,0.481622,1.525750,2.709452,0.866986,-1.525750
member,43840,5,3,0,1.411129,0.243868,0.274822,2.017365,1.650836,-0.119496,2.017365
member,48722,3,3,1,1.197802,0.301857,0.301857,1.699219,3.068009,0.015885,-1.699219
member,32477,2,1,0,2.839654,0.058446,0.226335,2.048550,0.114591,-1.353915,2.048550
member,15041,6,6,1,1.075913,0.340986,0.340986,1.876664,2.277026,0.915033,-1.876664
member,2740,8,8,1,0.709947,0.491670,0.491670,1.214746,5.118773,0.596548,-1.214746
member,48417,2,6,0,2.341683,0.096166,0.267757,2.089278,0.462413,-1.024007,2.089278
member,6128,4,3,0,1.899055,0.149710,0.210382,2.098233,1.159770,-0.340224,2.098233
member,11575,5,6,0,2.177494,0.113325,0.327918,1.918012,1.049019,-1.062503,1.918012
member,26970,9,8,0,1.692436,0.184071,0.579460,1.181301,3.162674,-1.146777,1.181301
member,48528,1,6,0,2.439869,0.087172,0.205031,2.168868,0.139121,-0.855275,2.168868
member,25631,9,9,1,0.619393,0.538271,0.538271,1.489096,2.590215,0.938936,-1.489096
member,4034,2,1,0,2.483982,0.083410,0.403209,1.788743,0.729884,-1.575682,1.788743
member,16729,8,8,1,0.646751,0.523745,0.523745,0.860714,5.338542,0.176367,-0.860714
member,26041,9,1,0,1.691342,0.184272,0.568616,1.357474,1.804979,-1.126792,1.357474
member,42858,6,1,0,3.696899,0.024800,0.174131,2.200532,-1.157900,-1.948954,2.200532
member,41754,7,0,0,1.689068,0.184692,0.190634,2.201632,0.804928,-0.031669,2.201632
member,29995,2,0,0,6.115246,0.002209,0.969089,0.175604,0.310124,-6.083848,0.175604
member,19792,1,1,1,1.022005,0.359873,0.359873,1.671242,2.901002,0.447148,-1.671242
member,40178,1,5,0,2.732635,0.065048,0.252875,2.052941,0.598323,-1.357774,2.052941
member,20210,3,3,1,1.610415,0.199805,0.199805,2.078905,1.285451,0.083401,-2.078905
member,13964,0,0,1,0.213874,0.807450,0.807450,0.659800,4.755820,1.681141,-0.659800
member,27919,8,8,1,0.707454,0.492897,0.492897,1.306216,3.650515,0.805834,-1.306216
member,18137,5,7,0,3.032430,0.048198,0.334376,1.955982,-0.111548,-1.936940,1.955982
member,30113,3,6,0,2.574898,0.076162,0.437345,1.797014,0.601227,-1.747866,1.797014
member,37767,7,9,0,1.430180,0.239266,0.332517,1.930952,1.340805,-0.329118,1.930952
member,49316,5,7,0,2.673780,0.068991,0.160797,2.252412,-0.309020,-0.846167,2.252412
member,24249,6,9,0,2.863046,0.057095,0.292880,2.026259,-0.119603,-1.635056,2.026259
member,17353,0,7,0,2.419899,0.088931,0.330208,1.907704,0.381251,-1.311868,1.907704
member,2081,5,3,0,2.546953,0.078320,0.249261,2.032460,0.111426,-1.157698,2.032460
member,41681,2,7,0,1.611818,0.199525,0.237200,2.024738,1.228996,-0.172967,2.024738
member,43416,1,9,0,1.174528,0.308965,0.348623,1.362381,2.875027,-0.120763,1.362381
member,30365,2,1,0,2.401628,0.090570,0.404688,1.833406,0.659059,-1.496989,1.833406
member,41711,4,3,0,2.046848,0.129141,0.233326,1.968819,1.036124,-0.591531,1.968819
member,40155,3,2,0,2.074190,0.125658,0.168310,2.195360,0.429230,-0.292245,2.195360
member,42810,8,1,0,2.133164,0.118462,0.495773,1.443351,1.226413,-1.431527,1.443351
member,30364,9,9,1,0.978436,0.375898,0.375898,1.571113,2.613965,0.048474,-1.571113
member,42192,3,8,0,2.667921,0.069396,0.301114,1.995172,-0.017644,-1.467653,1.995172
member,6850,7,9,0,2.390734,0.091562,0.413799,1.888586,0.195673,-1.508359,1.888586
member,12065,8,8,1,0.349287,0.705191,0.705191,0.929501,4.776851,1.652906,-0.929501
member,11220,2,2,1,1.331029,0.264205,0.264205,2.095320,1.490127,0.654353,-2.095320
member,15944,2,1,0,3.011806,0.049203,0.451392,1.754198,0.503849,-2.216388,1.754198
member,523,7,9,0,2.361714,0.094259,0.321240,1.775739,0.775996,-1.226147,1.775739
member,38823,0,8,0,1.415843,0.242721,0.528553,1.412242,2.020056,-0.778231,1.412242
member,40945,0,2,0,3.273366,0.037879,0.155572,2.203947,-0.704282,-1.412718,2.203947
member,35689,7,7,1,0.825459,0.438034,0.438034,1.802126,2.403100,1.446774,-1.802126
member,30837,0,0,1,1.097595,0.333673,0.333673,1.922493,1.738773,0.617396,-1.922493
member,11987,6,1,0,1.960200,0.140830,0.199903,2.014175,1.442824,-0.350279,2.014175
member,38202,5,6,0,1.654810,0.191128,0.372309,1.675157,2.512057,-0.666779,1.675157
member,38003,0,8,0,2.573207,0.076290,0.540016,1.418884,0.847872,-1.957050,1.418884
member,18480,1,9,0,1.713504,0.180233,0.582196,1.259977,2.315037,-1.172557,1.259977
member,44013,9,8,0,1.393959,0.248091,0.626624,1.041780,3.061365,-0.926551,1.041780
member,30036,7,9,0,1.758992,0.172218,0.337419,1.874079,1.133843,-0.672563,1.874079
member,46035,5,1,0,2.082057,0.124674,0.235732,2.090692,0.938746,-0.636995,2.090692
member,36924,0,2,0,5.084777,0.006190,0.162230,2.094180,-2.074173,-3.266034,2.094180
member,29624,5,6,0,2.057506,0.127772,0.234618,1.981623,0.877245,-0.607708,1.981623
member,30693,1,1,1,0.870499,0.418743,0.418743,1.598007,2.411098,0.259254,-1.598007
member,36550,1,1,1,0.498189,0.607630,0.607630,1.261585,3.752453,1.271561,-1.261585
member,24993,2,6,0,2.419048,0.089006,0.390601,1.747718,1.719264,-1.478979,1.747718
member,47109,1,8,0,2.323213,0.097958,0.479691,1.436166,1.347561,-1.588599,1.436166
member,23986,3,6,0,1.762747,0.171573,0.390583,1.807696,2.002714,-0.822633,1.807696
member,3068,2,9,0,2.811584,0.060110,0.268847,2.077898,-0.079924,-1.497970,2.077898
member,40642,4,0,0,2.473208,0.084314,0.162190,2.198129,-0.015450,-0.654222,2.198129
member,40698,9,6,0,1.880982,0.152440,0.194798,2.068547,0.957762,-0.245192,2.068547
member,23263,1,8,0,1.464948,0.231090,0.329501,1.593060,2.003409,-0.354772,1.593060
member,44116,0,9,0,3.789429,0.022609,0.539193,1.579951,-0.561002,-3.171747,1.579951
member,33421,0,7,0,4.356964,0.012817,0.504685,1.662835,-1.219646,-3.673143,1.662835
member,38747,6,6,1,0.957955,0.383677,0.383677,1.748671,2.887794,0.684006,-1.748671
member,27449,8,0,0,1.413122,0.243382,0.266623,1.758486,1.688464,-0.091203,1.758486
member,5396,7,7,1,0.968026,0.379832,0.379832,1.897722,1.857040,0.936510,-1.897722
member,19168,4,6,0,1.887716,0.151417,0.364315,1.757099,1.870363,-0.877978,1.757099
member,3759,4,6,0,1.690474,0.184432,0.202696,2.076223,1.038734,-0.094425,2.076223
member,15703,4,3,0,2.423577,0.088604,0.216464,1.964857,0.935100,-0.893246,1.964857
member,18829,4,6,0,2.065569,0.126746,0.350689,1.724949,2.365505,-1.017715,1.724949
member,43811,0,7,0,1.873862,0.153530,0.247161,2.114389,0.620313,-0.476147,2.114389
member,19224,2,3,0,2.200106,0.110791,0.235582,1.916517,0.942930,-0.754411,1.916517
member,25162,1,1,1,0.557761,0.572490,0.572490,1.214143,3.818859,1.105491,-1.214143
member,29247,3,1,0,1.696372,0.183347,0.415842,1.733014,2.282146,-0.818923,1.733014
member,5491,4,6,0,2.240559,0.106399,0.597145,1.359666,2.094213,-1.724964,1.359666
member,49787,1,1,1,0.792625,0.452655,0.452655,1.513430,2.755962,0.708889,-1.513430
member,30973,9,9,1,1.311350,0.269456,0.269456,1.823840,1.741734,0.135339,-1.823840
member,48781,4,6,0,2.640265,0.071342,0.608353,1.359446,2.229454,-2.143264,1.359446
member,17196,0,1,0,4.076990,0.016958,0.350350,1.851030,-0.967519,-3.028166,1.851030
member,36608,7,6,0,2.398074,0.090893,0.171441,2.152037,0.513897,-0.634557,2.152037
member,47878,6,6,1,1.369194,0.254312,0.254312,2.005295,1.589459,0.345500,-2.005295
member,25284,5,5,1,0.798783,0.449876,0.449876,1.440178,3.154642,0.266154,-1.440178
member,23074,2,7,0,1.882458,0.152215,0.198294,2.160805,0.598053,-0.264454,2.160805
member,42737,3,5,0,1.427536,0.239899,0.413899,1.753255,2.063638,-0.545402,1.753255
member,10742,2,9,0,2.149735,0.116515,0.187384,2.169386,0.484317,-0.475140,2.169386
member,30601,8,8,1,0.349076,0.705339,0.705339,0.982374,4.166283,1.604907,-0.982374
member,38275,3,7,0,2.146798,0.116858,0.193507,2.133902,0.539075,-0.504357,2.133902
member,32738,8,8,1,0.325616,0.722083,0.722083,0.899689,5.284960,1.850556,-0.899689
member,44093,3,6,0,1.924010,0.146020,0.175151,2.071949,1.288407,-0.181904,2.071949
member,41104,2,4,0,1.820132,0.162004,0.177384,2.103017,0.945484,-0.090696,2.103017
member,1182,4,0,0,4.883709,0.007569,0.574488,1.324025,-0.961400,-4.329434,1.324025
member,34647,3,3,1,1.382023,0.251070,0.251070,2.045519,1.336873,0.183684,-2.045519
member,12240,6,7,0,3.311569,0.036459,0.253514,2.077007,-0.572733,-1.939233,2.077007
member,21564,0,8,0,3.659272,0.025751,0.360409,1.763426,-0.701714,-2.638757,1.763426
member,48811,7,0,0,1.870058,0.154115,0.259597,2.097635,0.734935,-0.521434,2.097635
member,38782,0,0,1,0.840456,0.431514,0.431514,1.712506,2.254337,0.762298,-1.712506
member,41808,8,1,0,3.467295,0.031201,0.526313,1.303124,0.261646,-2.825435,1.303124
member,17095,7,7,1,1.152912,0.315716,0.315716,1.908702,1.671749,0.475816,-1.908702
member,30582,1,1,1,0.735630,0.479204,0.479204,1.162438,3.603716,0.196585,-1.162438
member,16749,4,3,0,2.736846,0.064774,0.170865,2.140863,0.059283,-0.969965,2.140863
member,27752,9,9,1,0.672993,0.510179,0.510179,1.310964,3.239552,0.609365,-1.310964
member,16776,0,0,1,1.171454,0.309916,0.309916,1.647666,2.301147,0.060741,-1.647666
member,5711,6,6,1,0.965712,0.380712,0.380712,1.905472,2.147422,1.082004,-1.905472
member,36440,3,3,1,1.628794,0.196166,0.196166,1.966851,1.800050,0.107893,-1.966851
member,48137,2,1,0,2.958308,0.051907,0.481031,1.695365,0.213294,-2.226483,1.695365
member,6201,9,1,0,2.200619,0.110735,0.577996,1.530879,1.201999,-1.652431,1.530879
member,31965,7,4,0,1.639890,0.194001,0.198927,2.036410,1.189319,-0.025075,2.036410
member,42772,5,1,0,2.139691,0.117691,0.399479,1.750683,1.400080,-1.222098,1.750683
member,3461,3,3,1,1.362330,0.256063,0.256063,1.966219,1.777211,0.099782,-1.966219
member,22960,2,6,0,2.009293,0.134083,0.270703,1.986415,0.901245,-0.702558,1.986415
member,33520,9,7,0,3.593007,0.027515,0.223095,1.963992,-0.655491,-2.092850,1.963992
member,32338,6,6,1,1.441374,0.236602,0.236602,2.061446,1.742436,0.460930,-2.061446
member,41590,4,2,0,2.142634,0.117345,0.160748,2.170445,0.393191,-0.314717,2.170445
member,35238,7,6,0,2.200397,0.110759,0.176632,2.145950,0.656623,-0.466710,2.145950
member,2527,3,4,0,1.999141,0.135452,0.212154,2.016464,1.040255,-0.448699,2.016464
member,18881,7,6,0,3.148046,0.042936,0.293919,1.868037,0.529504,-1.923594,1.868037
member,1484,6,6,1,0.834773,0.433973,0.433973,1.565685,4.095191,0.714947,-1.565685
member,29708,8,0,0,1.235786,0.290606,0.600703,1.066292,3.010850,-0.726131,1.066292
member,3270,5,5,1,1.281116,0.277727,0.277727,1.832235,2.086940,0.146910,-1.832235
member,3610,2,9,0,2.062687,0.127112,0.297874,1.860432,0.894122,-0.851602,1.860432
member,11846,7,7,1,0.823439,0.438920,0.438920,1.769292,2.281163,1.139743,-1.769292
member,24066,9,9,1,0.972967,0.377960,0.377960,1.913240,2.139513,0.728196,-1.913240
member,8760,3,3,1,1.533894,0.215694,0.215694,2.160403,1.172030,0.287720,-2.160403
member,35552,5,5,1,1.639203,0.194135,0.194135,2.204950,1.004793,0.314570,-2.204950
member,10369,8,9,0,0.984782,0.373521,0.448329,1.237957,3.174911,-0.182554,1.237957
member,2464,8,0,0,1.455077,0.233382,0.344938,1.756236,1.585580,-0.390686,1.756236
member,48582,6,9,0,1.767385,0.170779,0.214142,2.072424,1.102738,-0.226267,2.072424
member,28499,8,8,1,0.215073,0.806483,0.806483,0.741113,4.524645,2.131421,-0.741113
member,22039,6,6,1,1.104714,0.331306,0.331306,1.698403,3.437660,0.516980,-1.698403
member,42171,1,8,0,2.736189,0.064817,0.693235,1.013166,1.827173,-2.369803,1.013166
member,35906,5,3,0,1.196330,0.302302,0.328724,1.749128,2.202101,-0.083794,1.749128
member,9389,4,6,0,1.980116,0.138053,0.255417,2.027960,1.013941,-0.615256,2.027960
member,28175,1,1,1,1.105711,0.330976,0.330976,1.698295,2.075514,0.034593,-1.698295
member,46339,4,9,0,3.732299,0.023938,0.461759,1.588842,-0.274814,-2.959587,1.588842
member,11163,1,6,0,3.101588,0.044978,0.354926,1.818537,0.479964,-2.065742,1.818537
member,48266,0,0,1,0.049709,0.951506,0.951506,0.281280,5.264853,4.023049,-0.281280
member,46900,1,9,0,2.341918,0.096143,0.496155,1.681008,0.727516,-1.641051,1.681008
member,10758,5,6,0,2.310298,0.099232,0.271574,2.071771,0.507930,-1.006778,2.071771
member,45754,3,7,0,1.903918,0.148984,0.354386,1.923671,1.202827,-0.866550,1.923671
member,37078,0,8,0,2.161839,0.115113,0.678506,1.152905,1.569581,-1.773977,1.152905
member,23502,6,6,1,1.087292,0.337128,0.337128,1.768457,3.099330,0.655364,-1.768457
member,38332,8,2,0,4.704894,0.009051,0.262566,1.957500,-1.895604,-3.367642,1.957500
member,38057,7,7,1,0.645370,0.524468,0.524468,1.602510,2.438277,1.180536,-1.602510
member,42243,5,1,0,2.560680,0.077252,0.389187,1.826110,0.700622,-1.616985,1.826110
member,28617,1,6,0,1.320604,0.266974,0.308063,1.854429,2.314980,-0.143154,1.854429
member,37794,8,8,1,1.905919,0.148686,0.148686,2.267150,0.513996,0.002175,-2.267150
member,5564,7,7,1,0.492826,0.610898,0.610898,1.364545,3.061087,1.718009,-1.364545
member,5907,6,6,1,0.726096,0.483794,0.483794,1.676264,2.813977,1.199373,-1.676264
member,31304,7,7,1,1.356967,0.257440,0.257440,1.980787,1.619025,0.178357,-1.980787
member,23181,2,7,0,1.879031,0.152738,0.222386,2.092668,0.722947,-0.375691,2.092668
member,37739,9,9,1,0.524890,0.591621,0.591621,1.354449,2.869409,1.094631,-1.354449
member,41690,1,6,0,5.034302,0.006511,0.630580,1.234422,-0.157655,-4.573187,1.234422
member,23372,3,6,0,2.811087,0.060140,0.332584,1.961758,0.064274,-1.710223,1.961758
member,33789,3,7,0,2.031085,0.131193,0.261314,2.084705,0.515488,-0.689051,2.084705
member,7442,1,1,1,0.602133,0.547642,0.547642,1.065399,3.772607,0.408880,-1.065399
member,7474,3,3,1,1.717729,0.179473,0.179473,2.078727,1.173461,0.069071,-2.078727
member,24963,1,5,0,1.842119,0.158481,0.200543,2.109558,0.899328,-0.235391,2.109558
member,41065,7,3,0,1.786167,0.167601,0.195270,1.893472,1.663310,-0.152794,1.893472
member,49171,6,6,1,1.130045,0.323019,0.323019,1.923792,2.222999,0.636895,-1.923792
member,35527,7,8,0,5.847377,0.002887,0.472776,1.347005,-1.292856,-5.098244,1.347005
member,20376,1,9,0,1.326423,0.265425,0.271848,1.890305,1.390620,-0.023912,1.890305
member,46010,5,6,0,1.839939,0.158827,0.378216,1.722172,1.973183,-0.867650,1.722172
member,41547,4,6,0,2.180358,0.113001,0.386843,1.698047,1.821833,-1.230621,1.698047
member,26458,9,9,1,0.642205,0.526131,0.526131,1.057992,3.908920,0.314703,-1.057992
member,20873,8,1,0,4.574465,0.010312,0.504694,1.619724,-1.299388,-3.890661,1.619724
member,20483,5,6,0,2.702273,0.067053,0.200819,2.117872,-0.042563,-1.096923,2.117872
member,23498,3,6,0,1.804222,0.164603,0.263559,2.046404,1.077909,-0.470742,2.046404
member,640,6,1,0,3.758771,0.023312,0.279152,1.948295,-1.037734,-2.482771,1.948295
member,44855,3,3,1,0.956756,0.384137,0.384137,1.537954,2.760301,0.078141,-1.537954
member,14761,2,1,0,2.860783,0.057224,0.265804,1.849031,0.836074,-1.535785,1.849031
member,10445,8,1,0,3.452824,0.031656,0.422992,1.330942,0.134800,-2.592423,1.330942
member,44157,9,8,0,1.706506,0.181499,0.531662,1.321345,2.423284,-1.074759,1.321345
member,2875,2,7,0,1.562989,0.209509,0.255962,1.975599,1.241573,-0.200264,1.975599
member,47177,9,9,1,0.625933,0.534762,0.534762,1.352793,3.025776,0.649534,-1.352793
member,31531,2,9,0,2.725358,0.065523,0.364364,1.777127,0.226377,-1.715756,1.777127
member,25678,6,6,1,0.661482,0.516086,0.516086,1.437955,4.096212,1.148075,-1.437955
member,9848,4,0,0,5.215356,0.005433,0.780845,0.926784,-1.320073,-4.967977,0.926784
member,10598,7,8,0,4.094883,0.016658,0.416689,1.484982,-0.437424,-3.219468,1.484982
member,4524,0,9,0,1.142995,0.318863,0.367503,1.616175,2.143490,-0.141971,1.616175
member,46200,0,1,0,3.383969,0.033913,0.315900,1.748710,-0.270620,-2.231638,1.748710
member,48139,5,6,0,2.910384,0.054455,0.478867,1.661524,0.631847,-2.174052,1.661524
member,6515,1,1,1,0.742410,0.475965,0.475965,1.424432,2.816032,0.581506,-1.424432
member,25694,8,8,1,0.790955,0.453412,0.453412,1.178627,3.353783,0.088116,-1.178627
member,1508,8,8,1,0.726501,0.483598,0.483598,1.325947,3.045256,0.387655,-1.325947
member,42357,3,1,0,1.565726,0.208936,0.278010,1.953001,1.512883,-0.285629,1.953001
member,12285,4,7,0,1.667795,0.188663,0.236235,1.872052,1.909178,-0.224866,1.872052
member,11015,2,7,0,1.653358,0.191406,0.231408,1.893621,1.759288,-0.189783,1.893621
member,46615,8,9,0,1.787711,0.167343,0.450544,1.385882,1.982483,-0.990411,1.385882
member,27600,7,7,1,1.137246,0.320701,0.320701,1.790067,2.189724,0.298548,-1.790067
member,40771,5,4,0,2.420051,0.088917,0.267711,1.834481,0.714466,-1.102202,1.834481
member,46864,0,6,0,6.389098,0.001680,0.337188,1.779241,-2.779718,-5.301985,1.779241
member,29801,1,1,1,0.660441,0.516624,0.516624,1.419837,2.973103,0.659014,-1.419837
member,18875,4,6,0,1.594072,0.203097,0.238002,1.942513,1.547133,-0.158597,1.942513
member,12793,9,9,1,0.389312,0.677523,0.677523,1.144255,3.575052,1.529592,-1.144255
member,5739,4,6,0,1.721107,0.178868,0.532134,1.429666,3.316322,-1.090248,1.429666
member,736,8,2,0,1.854761,0.156490,0.177138,2.176413,0.591364,-0.123936,2.176413
member,3607,0,9,0,2.527062,0.079893,0.360845,1.673683,0.551965,-1.507755,1.673683
member,25429,4,1,0,3.594789,0.027466,0.368610,1.757532,-0.218937,-2.596772,1.757532
member,30965,5,6,0,2.226558,0.107899,0.504727,1.476562,2.285354,-1.542821,1.476562
member,19706,8,8,1,0.445976,0.640199,0.640199,1.136255,3.454330,1.146755,-1.136255
member,19970,6,1,0,2.305742,0.099685,0.221174,2.043910,0.807531,-0.796936,2.043910
member,17457,1,1,1,1.046293,0.351237,0.351237,1.750404,2.286496,0.381331,-1.750404
member,24792,0,9,0,3.283846,0.037484,0.396010,1.434689,0.470757,-2.357530,1.434689
member,46483,5,1,0,1.898868,0.149738,0.250378,1.936213,1.705757,-0.514085,1.936213
member,49631,8,9,0,1.474930,0.228795,0.588388,1.172404,2.495944,-0.944561,1.172404
member,25083,0,1,0,1.864481,0.154977,0.319844,2.021989,1.026443,-0.724560,2.021989
member,2624,9,9,1,1.164617,0.312042,0.312042,2.004786,1.459829,0.702706,-2.004786
member,6954,0,8,0,1.847546,0.157623,0.749883,0.841958,2.909714,-1.559708,0.841958
member,28739,4,7,0,2.164988,0.114751,0.198026,2.045229,1.109729,-0.545631,2.045229
member,27656,1,7,0,5.327344,0.004857,0.305963,1.665458,-0.898537,-4.143054,1.665458
member,20367,3,3,1,0.739853,0.477184,0.477184,1.587115,2.833038,0.916119,-1.587115
member,23477,1,0,0,2.153834,0.116038,0.785051,0.740708,3.484444,-1.911827,0.740708
member,27623,0,9,0,1.442567,0.236320,0.350490,1.737281,1.725547,-0.394143,1.737281
member,19339,0,0,1,0.197844,0.820498,0.820498,0.666585,4.539320,1.863284,-0.666585
member,21492,4,6,0,1.961470,0.140652,0.208648,2.129769,0.665337,-0.394364,2.129769
member,37082,7,7,1,1.236512,0.290395,0.290395,1.873653,1.991180,0.144613,-1.873653
member,37057,3,7,0,2.260334,0.104316,0.323851,1.986223,0.564277,-1.132862,1.986223
member,11546,1,1,1,0.522781,0.592869,0.592869,1.463729,3.048614,1.515507,-1.463729
member,13095,8,8,1,0.753389,0.470768,0.470768,1.400889,2.803759,0.435435,-1.400889
member,42857,9,8,0,1.175205,0.308756,0.475744,1.249404,3.183637,-0.432329,1.249404
member,29728,2,8,0,3.566868,0.028244,0.729573,0.985979,0.309477,-3.251572,0.985979
member,9987,5,0,0,2.420815,0.088849,0.239039,2.191621,0.029824,-0.989685,2.191621
member,8477,2,0,0,4.768810,0.008490,0.835387,0.610536,0.233477,-4.588950,0.610536
member,30169,8,8,1,1.278504,0.278454,0.278454,1.944255,1.722500,0.264229,-1.944255
member,18972,7,6,0,1.611403,0.199607,0.279001,1.840367,2.183205,-0.334863,1.840367
member,39470,4,3,0,2.489058,0.082988,0.286740,1.681652,1.889117,-1.239877,1.681652
member,10734,7,6,0,1.948084,0.142547,0.394444,1.818751,1.752648,-1.017806,1.818751
member,2211,7,7,1,0.958386,0.383511,0.383511,1.798679,2.603848,0.978345,-1.798679
member,38741,2,6,0,1.983171,0.137632,0.250470,2.086787,0.644632,-0.598756,2.086787
member,25387,9,9,1,0.852681,0.426270,0.426270,1.476782,2.583921,0.232105,-1.476782
member,27451,7,9,0,2.698914,0.067279,0.513618,1.519576,0.302301,-2.032639,1.519576
member,31210,9,3,0,2.280920,0.102190,0.196523,2.148132,0.368975,-0.653945,2.148132
member,32077,8,9,0,1.620521,0.197796,0.398265,1.373178,2.534444,-0.699884,1.373178
member,18304,4,6,0,1.815828,0.162703,0.172948,2.128290,0.973550,-0.061062,2.128290
member,36450,2,6,0,2.107512,0.121540,0.181573,2.073821,0.808438,-0.401417,2.073821
member,13670,9,9,1,1.135953,0.321116,0.321116,1.897791,1.942237,0.307432,-1.897791
member,8193,3,5,0,1.889216,0.151190,0.245149,1.806084,2.078214,-0.483326,1.806084
member,3288,4,3,0,1.893799,0.150499,0.223029,1.859961,1.802803,-0.393347,1.859961
member,47082,7,9,0,1.815317,0.162786,0.373268,1.928963,1.034778,-0.829857,1.928963
member,31429,4,0,0,4.171067,0.015436,0.431427,1.703095,-1.164816,-3.330410,1.703095
member,48363,0,9,0,4.230061,0.014552,0.494271,1.453949,-0.830647,-3.525390,1.453949
member,31992,7,7,1,1.162557,0.312686,0.312686,1.798288,2.369849,0.482566,-1.798288
member,36436,2,6,0,1.923609,0.146079,0.342495,1.871529,1.540934,-0.852111,1.871529
member,21628,9,9,1,0.460394,0.631035,0.631035,1.388894,2.900086,1.714523,-1.388894
member,38020,6,6,1,0.650505,0.521782,0.521782,1.504912,3.530238,1.354288,-1.504912
member,26164,0,6,0,7.420641,0.000599,0.302084,1.809610,-3.469178,-6.223592,1.809610
member,12532,5,7,0,1.449616,0.234660,0.381382,1.572929,2.946154,-0.485662,1.572929
member,407,0,9,0,2.408553,0.089945,0.451584,1.279599,1.946461,-1.613559,1.279599
member,48607,6,7,0,3.438379,0.032117,0.220172,2.059205,-0.809967,-1.925033,2.059205
member,26366,6,1,0,2.255083,0.104865,0.194746,2.078737,0.841923,-0.619023,2.078737
member,10743,9,9,1,1.382626,0.250919,0.250919,1.969094,1.438371,0.068551,-1.969094
member,33089,9,6,0,1.686467,0.185173,0.186145,2.104956,1.188162,-0.005238,2.104956
member,10157,1,0,0,2.463432,0.085142,0.345703,1.815256,0.539513,-1.401256,1.815256
member,17164,3,0,0,2.703249,0.066988,0.293703,2.000594,-0.071270,-1.478063,2.000594
member,43183,8,0,0,1.574702,0.207069,0.446168,1.721630,1.343825,-0.767642,1.721630
member,2915,6,7,0,1.625634,0.196787,0.228295,2.014884,1.452575,-0.148518,2.014884
member,27175,0,0,1,0.404408,0.667372,0.667372,1.251919,2.966387,1.683738,-1.251919
member,17897,3,6,0,2.132281,0.118567,0.383975,1.809034,1.633224,-1.175103,1.809034
member,22472,1,5,0,2.118199,0.120248,0.313931,1.881595,1.001705,-0.959618,1.881595
member,5228,9,8,0,1.391863,0.248612,0.540346,1.262644,2.706812,-0.776317,1.262644
member,44790,4,7,0,1.523949,0.217850,0.237107,1.868951,2.183527,-0.084706,1.868951
member,343,4,7,0,2.235348,0.106955,0.483891,1.668406,1.383144,-1.509452,1.668406
member,49310,7,5,0,2.272594,0.103045,0.182516,2.093189,0.647021,-0.571676,2.093189
member,48979,0,0,1,0.687909,0.502626,0.502626,1.706533,2.158483,1.426524,-1.706533
member,14584,4,6,0,3.374503,0.034235,0.322151,1.779376,1.208644,-2.241768,1.779376
member,20216,2,0,0,2.182332,0.112778,0.367999,1.834001,0.762017,-1.182656,1.834001
member,23413,6,1,0,2.189664,0.111954,0.158990,2.273022,0.215682,-0.350752,2.273022
member,37273,7,6,0,2.484810,0.083341,0.395149,1.804140,1.096477,-1.556317,1.804140
member,47946,0,7,0,1.543537,0.213624,0.321744,1.954978,1.117040,-0.409538,1.954978
member,42105,0,9,0,5.237852,0.005312,0.415679,1.389860,-1.525446,-4.360011,1.389860
member,7237,8,0,0,1.683788,0.185669,0.625100,1.266769,1.808313,-1.213944,1.266769
member,31866,4,7,0,1.732334,0.176871,0.316643,1.792873,2.110058,-0.582352,1.792873
member,39265,4,8,0,2.659176,0.070006,0.160876,2.229106,-0.216589,-0.832056,2.229106
member,45051,5,3,0,1.986112,0.137228,0.279357,1.976630,1.275358,-0.710847,1.976630
member,47974,8,9,0,2.819219,0.059653,0.362927,1.757505,0.153864,-1.805666,1.757505
member,27393,2,9,0,2.497669,0.082277,0.210497,2.155910,-0.053607,-0.939384,2.155910
member,22776,8,9,0,2.372676,0.093231,0.167792,2.167562,0.247219,-0.587646,2.167562
member,17377,7,7,1,1.090373,0.336091,0.336091,1.966454,1.749809,0.869965,-1.966454
member,26294,1,1,1,0.712353,0.490489,0.490489,1.731830,2.673808,1.523972,-1.731830
member,7251,0,0,1,0.347335,0.706568,0.706568,0.912997,4.048606,1.218452,-0.912997
member,25224,1,1,1,1.059612,0.346590,0.346590,1.872933,1.856672,0.310225,-1.872933
member,26540,4,6,0,2.294713,0.100790,0.159471,2.133208,0.520745,-0.458820,2.133208
member,7431,8,8,1,0.700090,0.496541,0.496541,1.379756,3.199206,0.935405,-1.379756
member,1048,3,6,0,1.930161,0.145125,0.278992,1.976014,1.252468,-0.653590,1.976014
member,44159,2,8,0,7.209474,0.000740,0.642753,1.027292,-0.965377,-6.767478,1.027292
member,9118,1,1,1,0.735311,0.479356,0.479356,1.196319,3.385165,0.176894,-1.196319
member,32804,5,1,0,2.788580,0.061508,0.288511,1.881144,0.667504,-1.545558,1.881144
member,45949,3,7,0,2.289569,0.101310,0.409999,1.834400,0.943273,-1.397969,1.834400
member,34107,7,7,1,1.754423,0.173007,0.173007,2.204457,0.795153,0.126071,-2.204457
member,19721,4,5,0,1.965110,0.140141,0.258571,1.967488,1.072363,-0.612524,1.967488
member,38370,9,6,0,3.697487,0.024786,0.324516,1.874306,0.136904,-2.572067,1.874306
member,42959,7,9,0,2.535527,0.079220,0.245233,2.061040,0.238875,-1.129980,2.061040
member,12556,5,7,0,2.203391,0.110428,0.280176,1.883774,0.679418,-0.931053,1.883774
member,36316,2,6,0,2.432536,0.087814,0.388216,1.762622,1.109186,-1.486343,1.762622
member,27204,2,1,0,2.047206,0.129095,0.194682,2.194160,0.610767,-0.410820,2.194160
member,39089,8,9,0,1.866122,0.154723,0.331871,1.909542,1.056340,-0.763114,1.909542
member,8191,1,9,0,1.926037,0.145725,0.322790,1.913955,1.291658,-0.795283,1.913955
member,14279,9,9,1,1.236961,0.290265,0.290265,1.938640,1.774309,0.412080,-1.938640
member,38463,1,1,1,0.752649,0.471117,0.471117,1.699134,2.378873,0.917388,-1.699134
member,7672,7,7,1,1.279651,0.278134,0.278134,1.976612,1.506154,0.222407,-1.976612
member,26391,0,9,0,3.207020,0.040477,0.355411,1.623922,-0.155590,-2.172540,1.623922
member,39900,6,6,1,1.018572,0.361110,0.361110,1.786947,2.891284,0.853348,-1.786947
member,36778,2,0,0,2.286084,0.101664,0.239579,2.171302,0.178033,-0.857210,2.171302
member,43652,9,9,1,0.973954,0.377587,0.377587,1.649276,2.380505,0.476300,-1.649276
member,17759,6,6,1,1.091604,0.335678,0.335678,1.886064,2.459927,0.653277,-1.886064
member,48383,5,7,0,1.990193,0.136669,0.259825,1.787428,2.088881,-0.642446,1.787428
member,862,6,1,0,6.096730,0.002250,0.346784,1.645901,-2.557266,-5.037676,1.645901
member,19261,4,1,0,2.544531,0.078510,0.178452,2.043267,0.725240,-0.821093,2.043267
member,45075,3,3,1,1.087905,0.336922,0.336922,1.624177,2.767485,0.153220,-1.624177
member,19557,8,9,0,1.339741,0.261914,0.296986,1.857583,1.596318,-0.125672,1.857583
member,23428,1,1,1,0.633693,0.530628,0.530628,1.542390,2.805211,1.080996,-1.542390
member,19272,6,5,0,2.958343,0.051905,0.355744,1.703838,0.903232,-1.924799,1.703838
member,40676,9,1,0,1.148688,0.317053,0.375119,1.580065,2.182033,-0.168176,1.580065
member,5568,1,1,1,0.973070,0.377921,0.377921,1.809138,2.498322,0.914349,-1.809138
member,19284,4,7,0,2.339948,0.096333,0.184028,2.162818,0.282003,-0.647279,2.162818
member,17874,8,0,0,2.400205,0.090699,0.380525,1.553623,1.106394,-1.434001,1.553623
member,3161,2,2,1,1.311693,0.269364,0.269364,1.913749,1.561124,0.094884,-1.913749
member,24545,7,8,0,4.124717,0.016168,0.565457,1.354824,-0.554225,-3.554595,1.354824
member,49217,9,9,1,0.755072,0.469977,0.469977,1.552527,2.525532,0.566861,-1.552527
member,31791,5,5,1,0.543297,0.580830,0.580830,1.261455,3.781011,0.849733,-1.261455
member,1131,6,0,0,5.455803,0.004271,0.508164,1.645997,-2.428384,-4.778852,1.645997
member,24564,8,0,0,1.222795,0.294406,0.551928,1.153034,3.213922,-0.628457,1.153034
member,31148,3,3,1,1.828536,0.160649,0.160649,2.191296,0.946809,0.051907,-2.191296
member,31491,7,7,1,0.614525,0.540898,0.540898,1.529352,2.841417,1.398330,-1.529352
member,37516,8,8,1,1.163074,0.312524,0.312524,1.785789,1.890934,0.167210,-1.785789
member,43063,5,3,0,2.735711,0.064848,0.173308,2.097714,0.401490,-0.983027,2.097714
member,9401,0,1,0,2.362336,0.094200,0.261223,1.934408,0.487280,-1.019957,1.934408
member,35419,8,5,0,6.971511,0.000938,0.416359,1.539110,-2.855226,-6.095304,1.539110
member,7340,2,6,0,2.549229,0.078142,0.351374,1.776273,1.568280,-1.503325,1.776273
member,24869,3,7,0,1.882442,0.152218,0.178299,2.050003,1.188979,-0.158151,2.050003
member,48943,8,1,0,2.993977,0.050088,0.362182,1.790932,0.048045,-1.978367,1.790932
member,27524,9,8,0,3.260582,0.038366,0.704179,0.813105,2.696230,-2.909859,0.813105
member,28195,7,1,0,2.343984,0.095945,0.263744,2.036399,0.554463,-1.011209,2.036399
member,15951,8,8,1,0.725614,0.484027,0.484027,1.350520,3.086831,0.463758,-1.350520
member,25030,2,4,0,1.780841,0.168496,0.214763,1.918162,1.301281,-0.242621,1.918162
member,23400,9,6,0,1.678020,0.186743,0.366289,1.859685,1.393151,-0.673688,1.859685
member,22730,7,7,1,0.888993,0.411069,0.411069,1.789601,2.086277,0.729643,-1.789601
member,29415,2,4,0,1.781977,0.168305,0.176415,2.091775,0.990843,-0.047060,2.091775
member,39273,2,6,0,1.731757,0.176973,0.304904,1.837022,1.479555,-0.544000,1.837022
member,49188,5,7,0,2.440412,0.087125,0.217374,2.081918,0.183773,-0.914274,2.081918
member,34883,9,8,0,1.721861,0.178733,0.415430,1.592723,1.648381,-0.843421,1.592723
member,18967,9,8,0,1.584956,0.204957,0.423407,1.461682,2.143843,-0.725534,1.461682
member,47710,2,8,0,4.328568,0.013186,0.601974,1.310261,-0.774153,-3.821027,1.310261
member,31660,6,9,0,1.864762,0.154933,0.263362,1.984371,1.197299,-0.530535,1.984371
member,26753,5,1,0,2.068667,0.126354,0.474372,1.697811,1.267110,-1.322903,1.697811
member,36417,7,7,1,0.905744,0.404241,0.404241,1.858255,2.009971,1.050330,-1.858255
member,40652,0,7,0,3.690909,0.024949,0.245513,2.105001,-1.091154,-2.286503,2.105001
member,2742,2,3,0,1.920879,0.146478,0.226264,1.997902,1.052499,-0.434825,1.997902
member,3049,0,0,1,0.386950,0.679125,0.679125,0.862755,4.723454,0.966511,-0.862755
member,49,0,0,1,0.608679,0.544069,0.544069,1.618713,2.387843,1.675452,-1.618713
member,39859,9,5,0,2.346611,0.095693,0.187828,2.123288,0.580148,-0.674381,2.123288
member,8745,7,3,0,2.172293,0.113916,0.186032,2.088952,0.722359,-0.490454,2.088952
member,4745,3,5,0,1.622885,0.197329,0.219520,1.958863,1.581645,-0.106575,1.958863
member,9194,2,7,0,2.144705,0.117103,0.294721,1.928398,0.603377,-0.922978,1.928398
member,7613,7,7,1,0.907414,0.403567,0.403567,1.880461,1.989854,1.136098,-1.880461
member,46147,1,1,1,1.089849,0.336267,0.336267,1.887584,1.819317,0.365305,-1.887584
member,20015,0,0,1,0.703442,0.494879,0.494879,1.608215,2.293601,0.863460,-1.608215
member,44978,4,6,0,1.508486,0.221245,0.227484,1.884819,2.078339,-0.027810,1.884819
member,15170,4,0,0,4.837016,0.007931,0.447645,1.564652,-1.387090,-4.033260,1.564652
member,17972,2,1,0,2.024002,0.132126,0.152935,2.271738,0.402269,-0.146261,2.271738
member,22512,3,2,0,1.994236,0.136118,0.190177,2.196206,0.594234,-0.334437,2.196206
member,24393,4,3,0,2.459893,0.085444,0.193397,2.190556,-0.056844,-0.816882,2.190556
member,28354,0,7,0,3.698382,0.024764,0.443403,1.794096,-0.613760,-2.885106,1.794096
member,7003,6,9,0,1.705656,0.181653,0.297315,1.857352,1.401750,-0.492692,1.857352
member,35263,0,9,0,2.482448,0.083538,0.452799,1.704825,0.608676,-1.690141,1.704825
member,39995,0,0,1,0.584322,0.557484,0.557484,1.551766,2.461302,1.522091,-1.551766
member,173,5,3,0,2.646044,0.070931,0.232336,2.041593,0.263343,-1.186471,2.041593
member,19901,2,9,0,2.774319,0.062392,0.418270,1.866730,-0.012233,-1.902690,1.866730
member,46793,5,3,0,1.926661,0.145634,0.226436,1.927384,1.673009,-0.441368,1.927384
member,13013,3,9,0,1.834091,0.159759,0.283014,1.911765,1.599000,-0.571831,1.911765
member,34513,2,9,0,2.477034,0.083992,0.282690,1.901996,0.437605,-1.213629,1.901996
member,15800,6,9,0,2.663013,0.069738,0.198465,2.220756,-0.213913,-1.045871,2.220756
member,45750,6,6,1,1.029838,0.357065,0.357065,1.936389,1.918596,1.040421,-1.936389
member,419,9,9,1,0.668729,0.512360,0.512360,1.498540,2.657842,0.701210,-1.498540
member,16295,3,3,1,1.211942,0.297619,0.297619,1.743456,2.683578,0.138579,-1.743456
member,29307,0,0,1,0.485895,0.615147,0.615147,1.467191,2.583041,2.218341,-1.467191
member,22177,8,9,0,2.996897,0.049942,0.444579,1.593812,0.411853,-2.186269,1.593812
member,16751,3,3,1,1.235955,0.290557,0.290557,1.794191,3.042659,0.172583,-1.794191
member,18698,1,9,0,1.539793,0.214426,0.412529,1.711040,1.483814,-0.654344,1.711040
member,39387,1,0,0,2.328218,0.097469,0.344808,1.750309,0.673599,-1.263451,1.750309
member,32976,5,1,0,2.574633,0.076182,0.342121,1.962519,0.425563,-1.502041,1.962519
member,5836,2,0,0,2.305889,0.099670,0.507456,1.680796,0.590200,-1.627544,1.680796
member,39624,5,5,1,1.126120,0.324289,0.324289,1.771590,2.870921,0.478195,-1.771590
member,30504,8,9,0,2.088496,0.123873,0.327981,1.760905,0.919173,-0.973698,1.760905
member,40915,9,9,1,0.843576,0.430169,0.430169,1.586832,2.431205,0.433780,-1.586832
member,40653,6,6,1,0.598793,0.549475,0.549475,1.512642,3.345132,1.573360,-1.512642
member,24105,5,3,0,1.671947,0.187881,0.195248,2.120273,1.112350,-0.038461,2.120273
member,30534,1,1,1,0.219891,0.802607,0.802607,0.745250,4.566980,1.796520,-0.745250
member,28396,8,9,0,1.658626,0.190400,0.320728,1.873093,1.209044,-0.521463,1.873093
member,3243,6,6,1,0.913724,0.401028,0.401028,1.672492,3.406549,0.837227,-1.672492
member,800,2,1,0,2.350223,0.095348,0.191371,2.188338,0.043091,-0.696680,2.188338
member,34940,1,6,0,3.327335,0.035889,0.488060,1.649384,0.417834,-2.610019,1.649384
member,40231,2,7,0,1.991391,0.136505,0.267922,2.009495,0.840553,-0.674333,2.009495
member,10413,5,5,1,1.383288,0.250753,0.250753,2.076456,1.576271,0.417146,-2.076456
member,17971,5,5,1,1.304462,0.271318,0.271318,1.710323,3.550691,0.170283,-1.710323
member,44276,3,5,0,1.627018,0.196515,0.400125,1.628951,2.730703,-0.711040,1.628951
member,42493,0,8,0,1.605722,0.200745,0.276491,1.874551,1.320814,-0.320146,1.874551
member,23553,3,3,1,0.990168,0.371514,0.371514,1.755838,3.250910,0.818543,-1.755838
member,32691,8,8,1,0.306568,0.735968,0.735968,0.836062,4.792484,1.435879,-0.836062
member,43113,8,8,1,1.181179,0.306917,0.306917,2.041957,1.697078,0.838223,-2.041957
member,10945,5,6,0,2.004088,0.134783,0.166728,2.116338,1.061255,-0.212698,2.116338
member,19822,4,3,0,2.323402,0.097940,0.219561,2.029910,0.594309,-0.807278,2.029910
member,44729,4,1,0,2.288983,0.101370,0.211790,2.119488,0.391066,-0.736821,2.119488
member,38933,9,9,1,0.523785,0.592274,0.592274,1.112311,3.659584,0.761771,-1.112311
member,17227,2,6,0,3.001265,0.049724,0.669397,1.187698,1.883902,-2.599887,1.187698
member,26565,0,0,1,1.233939,0.291143,0.291143,1.936011,1.580358,0.330924,-1.936011
member,7560,5,0,0,3.746748,0.023594,0.511695,1.484249,-0.482430,-3.076722,1.484249
member,41019,0,8,0,1.147392,0.317464,0.510562,1.336848,2.364849,-0.475149,1.336848
member,3663,2,6,0,2.081031,0.124801,0.305821,1.996647,0.928188,-0.896276,1.996647
member,28956,6,1,0,2.209885,0.109713,0.327125,1.760333,1.069363,-1.092473,1.760333
member,40154,5,6,0,2.205203,0.110228,0.340789,1.829332,1.789105,-1.128711,1.829332
member,41552,6,6,1,1.697659,0.183112,0.183112,2.117771,0.910929,0.144530,-2.117771
member,6365,9,1,0,1.001855,0.367198,0.516492,1.112572,3.319392,-0.341159,1.112572
member,3707,6,6,1,0.909151,0.402866,0.402866,1.719612,3.014801,0.626525,-1.719612
member,35385,7,9,0,1.530020,0.216531,0.337056,1.903239,1.402018,-0.442515,1.903239
member,27612,8,1,0,1.616265,0.198639,0.368957,1.566850,1.866307,-0.619188,1.566850
member,14217,9,8,0,1.252736,0.285722,0.397988,1.549849,2.140977,-0.331404,1.549849
member,71,9,1,0,1.709846,0.180894,0.708347,0.966541,2.950919,-1.365025,0.966541
member,4280,4,2,0,1.740799,0.175380,0.208491,1.970831,1.494900,-0.172942,1.970831
member,3555,1,9,0,1.996031,0.135873,0.223141,1.995212,1.267858,-0.496081,1.995212
member,8468,8,8,1,0.400177,0.670202,0.670202,1.201876,3.150564,1.741742,-1.201876
member,44320,0,1,0,4.782793,0.008373,0.297601,1.949671,-1.529366,-3.570791,1.949671
member,21920,5,0,0,2.359019,0.094513,0.146756,2.277290,0.027103,-0.440036,2.277290
member,9598,9,1,0,1.235622,0.290654,0.371337,1.456224,2.611854,-0.244978,1.456224
member,33698,7,7,1,1.212201,0.297542,0.297542,1.884517,1.886029,0.362212,-1.884517
member,11014,0,8,0,1.555011,0.211187,0.411986,1.686445,1.428168,-0.668244,1.686445
member,28713,9,9,1,0.357257,0.699593,0.699593,1.163066,3.212207,1.862629,-1.163066
member,46973,5,7,0,1.842136,0.158479,0.163895,2.196289,0.709234,-0.033609,2.196289
member,29678,2,7,0,1.394783,0.247887,0.402851,1.683007,1.727427,-0.485595,1.683007
member,45563,7,7,1,0.864898,0.421094,0.421094,1.784304,2.230228,0.988092,-1.784304
member,31178,3,8,0,2.463342,0.085150,0.235921,2.045549,0.109403,-1.019085,2.045549
member,21609,9,9,1,0.433164,0.648454,0.648454,1.047355,3.586508,0.948749,-1.047355
member,25408,5,6,0,2.267138,0.103608,0.445445,1.665829,1.770496,-1.458455,1.665829
member,43344,8,8,1,0.358977,0.698390,0.698390,1.014708,4.394583,1.840313,-1.014708
member,49196,1,0,0,2.147311,0.116798,0.390619,1.514840,1.370706,-1.207288,1.514840
member,26733,7,7,1,0.934461,0.392798,0.392798,1.669151,3.320110,0.804390,-1.669151
member,48428,0,0,1,0.182652,0.833058,0.833058,0.584073,5.334292,1.845990,-0.584073
member,18686,7,6,0,2.701609,0.067097,0.306680,1.952472,0.888986,-1.519658,1.952472
member,16649,8,7,0,3.609254,0.027072,0.391710,1.929483,-0.956630,-2.672020,1.929483
member,24775,3,1,0,2.069293,0.126275,0.526160,1.528512,1.848357,-1.427144,1.528512
member,24569,2,7,0,1.667405,0.188736,0.201950,1.996382,1.164712,-0.067670,1.996382
member,42825,3,5,0,1.630835,0.195766,0.361633,1.774279,1.963304,-0.613708,1.774279
member,25403,4,6,0,1.637676,0.194431,0.354497,1.755630,1.741593,-0.600622,1.755630
member,24602,1,1,1,1.185640,0.305551,0.305551,1.924788,1.740023,0.205233,-1.924788
member,49697,8,9,0,2.747403,0.064094,0.673594,1.133362,1.366459,-2.352275,1.133362
member,13847,6,6,1,0.905705,0.404257,0.404257,1.705067,3.338590,0.996145,-1.705067
member,49246,7,0,0,2.222290,0.108361,0.264827,1.970342,0.568781,-0.893610,1.970342
member,42942,2,9,0,2.673294,0.069024,0.218406,2.217617,-0.206271,-1.151894,2.217617
member,39967,5,3,0,1.684530,0.185532,0.251793,1.875280,1.590829,-0.305382,1.875280
member,28980,6,6,1,0.866558,0.420396,0.420396,1.795982,2.970271,1.297696,-1.795982
member,2799,2,6,0,2.886108,0.055793,0.225247,1.956739,0.956074,-1.395550,1.956739
member,30334,6,7,0,3.270920,0.037971,0.267742,2.062306,-0.698551,-1.953189,2.062306
member,5275,9,9,1,0.624174,0.535704,0.535704,1.566329,2.502293,1.228896,-1.566329
member,10820,5,6,0,1.447576,0.235140,0.307345,1.647537,3.059841,-0.267792,1.647537
member,31365,4,4,1,1.274678,0.279521,0.279521,1.851426,2.023871,0.297070,-1.851426
member,24808,6,9,0,2.327206,0.097568,0.295450,1.948200,0.709497,-1.107951,1.948200
member,44596,5,1,0,2.330540,0.097243,0.268511,2.031406,1.164325,-1.015676,2.031406
member,21154,1,9,0,2.321014,0.098174,0.299202,2.029980,0.445426,-1.114377,2.029980
member,45054,7,7,1,1.182044,0.306651,0.306651,1.849306,2.272961,0.646551,-1.849306
member,21131,2,6,0,2.903360,0.054839,0.298639,1.993500,0.235186,-1.694840,1.993500
member,11601,9,7,0,3.218749,0.040005,0.281224,1.870486,-0.075008,-1.950144,1.870486
member,3788,9,9,1,1.076607,0.340750,0.340750,1.840397,1.993320,0.229047,-1.840397
member,22892,7,6,0,1.691924,0.184165,0.280676,1.873293,1.592522,-0.421370,1.873293
member,33901,2,3,0,2.529565,0.079694,0.291675,1.885510,0.661135,-1.297450,1.885510
member,13618,5,3,0,2.157434,0.115621,0.242686,1.975436,0.980940,-0.741448,1.975436
member,26683,7,7,1,1.232298,0.291622,0.291622,2.014762,1.718943,0.472369,-2.014762
member,46296,9,1,0,1.908125,0.148358,0.513886,1.427357,1.989632,-1.242371,1.427357
member,18496,2,0,0,3.629874,0.026520,0.773515,0.901317,0.527590,-3.373064,0.901317
member,48625,5,1,0,3.028668,0.048380,0.398953,1.720587,0.445627,-2.109756,1.720587
member,36287,0,1,0,5.216270,0.005428,0.225050,2.057582,-2.142677,-3.724840,2.057582
member,45451,2,6,0,3.342836,0.035337,0.537823,1.538325,0.840856,-2.722610,1.538325
member,29833,6,1,0,4.050426,0.017415,0.298931,1.870771,-0.718481,-2.842885,1.870771
member,1668,0,0,1,0.133965,0.874621,0.874621,0.456256,6.135037,2.118714,-0.456256
member,8247,4,4,1,1.495733,0.224084,0.224084,2.107114,1.253343,0.268001,-2.107114
member,23292,7,7,1,1.032956,0.355953,0.355953,1.881093,2.149447,0.812033,-1.881093
member,15798,5,6,0,1.542211,0.213908,0.271152,1.848199,1.951368,-0.237137,1.848199
member,31328,8,8,1,1.142616,0.318984,0.318984,1.694484,1.922561,0.233016,-1.694484
member,21043,0,9,0,3.292686,0.037154,0.264576,2.042824,-0.526992,-1.963058,2.042824
member,29167,9,8,0,1.750758,0.173642,0.528368,1.482402,1.945901,-1.112796,1.482402
member,48245,5,1,0,1.966530,0.139942,0.204490,2.044356,0.994938,-0.379295,2.044356
member,34522,8,8,1,0.619452,0.538239,0.538239,1.332528,3.229933,0.882049,-1.332528
member,32503,7,5,0,1.919421,0.146692,0.324990,1.844850,1.435356,-0.795459,1.844850
member,32999,5,6,0,2.522919,0.080225,0.338805,1.864671,1.459820,-1.440590,1.864671
member,49895,4,3,0,2.481189,0.083644,0.353985,1.563287,2.321864,-1.442689,1.563287
member,26876,3,8,0,1.867737,0.154473,0.295420,1.956702,1.178088,-0.648378,1.956702
member,14499,0,0,1,0.397477,0.672013,0.672013,1.199899,3.183521,1.718214,-1.199899
member,36251,1,9,0,1.074867,0.341343,0.346132,1.710860,1.876443,-0.013933,1.710860
member,29574,9,9,1,0.954131,0.385147,0.385147,1.549866,2.425808,0.364564,-1.549866
member,39973,5,5,1,1.215456,0.296575,0.296575,1.713553,2.750924,0.218278,-1.713553
member,22952,1,3,0,2.516427,0.080748,0.208129,1.973633,0.936354,-0.946830,1.973633
member,44578,7,4,0,1.835915,0.159467,0.204438,1.881825,1.670879,-0.248427,1.881825
member,3486,3,9,0,2.599509,0.074310,0.337267,1.947955,0.237499,-1.512628,1.947955
member,48172,4,6,0,2.526898,0.079906,0.277766,1.967245,1.278680,-1.245923,1.967245
member,48696,9,9,1,0.884687,0.412844,0.412844,1.475610,2.670432,0.138158,-1.475610
member,20705,8,8,1,1.124461,0.324827,0.324827,1.641246,2.242592,0.267642,-1.641246
member,354,1,1,1,0.724638,0.484500,0.484500,1.518914,3.338057,0.907130,-1.518914
member,7852,3,6,0,2.471417,0.084465,0.245699,2.126035,0.269375,-1.067768,2.126035
member,40565,6,6,1,0.715065,0.489160,0.489160,1.596372,3.248994,1.358432,-1.596372
member,10064,0,9,0,3.733224,0.023916,0.487282,1.588172,-0.550167,-3.014311,1.588172
member,30768,1,1,1,0.370248,0.690563,0.690563,1.133846,3.788030,1.485789,-1.133846
member,46182,3,1,0,2.095318,0.123031,0.182298,2.159884,0.679328,-0.393207,2.159884
member,30621,6,6,1,1.613684,0.199153,0.199153,2.122556,1.005799,0.180784,-2.122556
member,25406,6,6,1,1.105365,0.331090,0.331090,1.825244,2.326675,0.617736,-1.825244
member,17104,3,7,0,2.031886,0.131088,0.207984,2.011670,0.864663,-0.461593,2.011670
member,10476,1,1,1,0.373179,0.688542,0.688542,1.279516,3.215025,2.590894,-1.279516
member,38294,4,1,0,2.389641,0.091663,0.247316,1.971449,0.989362,-0.992551,1.971449
member,40254,9,9,1,0.529122,0.589122,0.589122,1.368390,2.864831,1.109978,-1.368390
member,7379,1,9,0,1.154436,0.315235,0.397013,1.628969,2.110810,-0.230649,1.628969
member,19496,3,0,0,2.156642,0.115713,0.211079,2.188194,0.285501,-0.601119,2.188194
member,39588,4,1,0,3.484081,0.030682,0.217200,2.016324,-0.713780,-1.957146,2.016324
member,48062,3,8,0,5.799298,0.003030,0.720586,0.878255,-0.176577,-5.471608,0.878255
member,48295,0,0,1,0.027771,0.972611,0.972611,0.134780,8.576134,3.643707,-0.134780
member,22264,0,1,0,2.994606,0.050056,0.284083,1.717650,0.110196,-1.736118,1.717650
member,37821,2,1,0,2.734882,0.064902,0.221638,2.130803,0.001989,-1.228173,2.130803
member,44338,7,6,0,2.110015,0.121236,0.353580,1.846332,1.194692,-1.070371,1.846332
member,2652,0,8,0,2.428335,0.088183,0.367928,1.431630,1.599045,-1.428467,1.431630
member,36786,0,9,0,5.734914,0.003231,0.208961,2.032884,-2.649849,-4.169307,2.032884
member,32690,6,6,1,1.486359,0.226195,0.226195,2.041321,1.340636,0.389457,-2.041321
member,39699,9,8,0,1.196612,0.302217,0.367727,1.454717,2.580360,-0.196198,1.454717
member,49031,9,8,0,1.649562,0.192134,0.453550,1.444993,2.145076,-0.858913,1.444993
member,14169,0,0,1,0.854195,0.425626,0.425626,1.724262,2.158061,0.659064,-1.724262
member,9400,1,9,0,2.935415,0.053109,0.397307,1.690931,0.293857,-2.012367,1.690931
member,38877,4,6,0,2.410729,0.089750,0.446637,1.783529,0.863211,-1.604720,1.783529
member,22779,5,5,1,1.502589,0.222553,0.222553,2.153512,0.928662,0.433951,-2.153512
member,29903,8,0,0,2.456139,0.085765,0.476490,1.597168,0.796771,-1.714830,1.597168
member,21296,8,8,1,0.388214,0.678267,0.678267,1.194835,3.349255,1.816953,-1.194835
member,28773,3,6,0,2.089207,0.123785,0.283307,1.901635,1.378603,-0.827985,1.901635
member,5045,9,6,0,2.668907,0.069328,0.251611,1.985945,0.684810,-1.289036,1.985945
member,25598,7,7,1,1.356241,0.257628,0.257628,1.984500,1.923955,0.558751,-1.984500
member,15158,4,7,0,2.013299,0.133547,0.313778,1.979619,0.731134,-0.854229,1.979619
member,42212,5,3,0,2.175078,0.113599,0.260892,1.914814,1.920881,-0.831428,1.914814
member,27619,3,1,0,2.263040,0.104034,0.379950,1.820793,1.231995,-1.295323,1.820793
member,38002,8,0,0,1.914041,0.147483,0.651205,1.262784,1.505678,-1.485110,1.262784
member,22654,6,6,1,0.656632,0.518595,0.518595,1.594412,3.391809,1.490683,-1.594412
member,24317,3,3,1,1.306336,0.270810,0.270810,1.995228,1.572261,0.153084,-1.995228
member,38925,8,9,0,1.159390,0.313678,0.425645,1.495084,2.278239,-0.305241,1.495084
member,11729,6,9,0,2.741830,0.064452,0.174260,2.212981,-0.373022,-0.994625,2.212981
member,36599,3,6,0,2.223527,0.108227,0.230283,2.079226,0.514976,-0.755080,2.079226
member,37315,2,9,0,3.375506,0.034201,0.523392,1.506905,-0.147772,-2.728081,1.506905
member,40983,8,8,1,0.504719,0.603675,0.603675,0.995019,4.713360,0.708230,-0.995019
member,26822,9,8,0,1.157260,0.314346,0.343265,1.673115,2.063783,-0.088006,1.673115
member,44654,6,4,0,1.897156,0.149995,0.193660,1.936240,1.685554,-0.255507,1.936240
member,28580,1,8,0,1.937999,0.143992,0.430797,1.379485,1.764118,-1.095881,1.379485
member,34976,6,6,1,1.449340,0.234725,0.234725,1.912224,1.878145,0.165518,-1.912224
member,22651,9,9,1,1.189739,0.304301,0.304301,1.806706,1.723216,0.073073,-1.806706
member,41112,8,8,1,0.832793,0.434833,0.434833,1.818947,2.006234,1.039683,-1.818947
member,19151,3,6,0,2.094872,0.123086,0.261728,1.868123,1.314065,-0.754424,1.868123
member,41977,9,9,1,0.690208,0.501472,0.501472,1.515953,2.677262,0.874155,-1.515953
member,2000,7,6,0,1.861624,0.155420,0.221655,2.030878,1.115590,-0.354992,2.030878
member,18219,7,7,1,1.117455,0.327111,0.327111,1.900898,1.881774,0.661773,-1.900898
member,36112,2,6,0,2.710639,0.066494,0.529467,1.486828,1.761294,-2.074755,1.486828
member,46234,4,7,0,1.622314,0.197441,0.452157,1.460533,2.689423,-0.828589,1.460533
member,29244,0,1,0,2.378964,0.092647,0.549667,1.459556,1.382809,-1.780521,1.459556
member,25673,3,2,0,2.701655,0.067094,0.150989,2.211930,-0.249712,-0.811109,2.211930
member,41396,9,9,1,0.733009,0.480461,0.480461,1.541444,2.558898,0.861194,-1.541444
member,14402,8,8,1,0.860563,0.422924,0.422924,1.320546,3.031270,0.086617,-1.320546
member,45849,2,7,0,1.998908,0.135483,0.202508,2.124332,0.600813,-0.401933,2.124332
member,21377,8,1,0,4.251556,0.014242,0.470870,1.580583,-0.918731,-3.498383,1.580583
member,21538,1,7,0,2.639454,0.071400,0.240977,2.065992,0.207216,-1.216401,2.065992
member,9036,9,8,0,1.117457,0.327111,0.341728,1.234304,3.506661,-0.043717,1.234304
member,44531,7,5,0,2.424865,0.088490,0.329385,1.929239,1.040260,-1.314338,1.929239
member,15075,6,9,0,5.449378,0.004299,0.626197,1.035145,-1.386834,-4.981288,1.035145
member,26330,5,5,1,1.477633,0.228177,0.228177,1.824632,1.946420,0.026903,-1.824632
member,9986,2,0,0,3.229249,0.039587,0.572742,1.381017,0.137591,-2.671930,1.381017
member,49731,7,7,1,0.781872,0.457549,0.457549,1.536031,3.319235,0.896410,-1.536031
member,19499,1,1,1,1.536774,0.215074,0.215074,1.990928,1.399668,0.048389,-1.990928
member,41632,6,6,1,0.806875,0.446251,0.446251,1.742232,2.741205,1.255943,-1.742232
member,38805,4,6,0,2.230443,0.107481,0.657066,1.176508,3.265809,-1.810472,1.176508
member,34613,7,4,0,1.535430,0.215363,0.334414,1.693228,2.450509,-0.440054,1.693228
member,42775,2,6,0,2.383045,0.092269,0.391298,1.890820,0.686485,-1.444758,1.890820
member,6268,9,9,1,0.905760,0.404235,0.404235,1.697091,2.471301,0.617899,-1.697091
member,34191,7,7,1,0.950131,0.386691,0.386691,1.888207,1.966031,1.098501,-1.888207
member,15207,5,5,1,1.509966,0.220918,0.220918,1.980805,1.785037,0.189528,-1.980805
member,46263,6,6,1,0.625065,0.535226,0.535226,1.599895,2.987876,1.735369,-1.599895
member,38381,8,7,0,5.490073,0.004128,0.254841,1.913262,-2.432638,-4.122959,1.913262
member,6567,3,6,0,1.664829,0.189223,0.299031,1.823006,1.916591,-0.457623,1.823006
member,12994,7,9,0,2.179684,0.113077,0.234573,2.078346,0.427912,-0.729695,2.078346
member,35406,1,8,0,1.934562,0.144488,0.320992,1.653992,1.454095,-0.798223,1.653992
member,45301,0,0,1,0.607015,0.544975,0.544975,1.485160,2.762592,1.510746,-1.485160
member,27249,9,9,1,0.577646,0.561218,0.561218,1.094043,3.644415,0.561397,-1.094043
member,49644,5,7,0,2.086746,0.124090,0.188038,2.215530,0.321331,-0.415636,2.215530
member,37083,0,6,0,5.275685,0.005114,0.273538,2.055693,-2.361987,-3.979372,2.055693
member,14128,0,0,1,0.224293,0.799081,0.799081,0.789019,4.213399,2.077745,-0.789019
member,22016,9,0,0,2.303550,0.099904,0.331389,2.009507,0.542118,-1.199088,2.009507
member,5089,0,8,0,1.076925,0.340641,0.621707,0.824096,4.978345,-0.601639,0.824096
member,26768,2,6,0,2.722015,0.065742,0.533379,1.568298,1.364213,-2.093492,1.568298
member,7615,3,1,0,2.493189,0.082646,0.378955,1.935500,0.334542,-1.522852,1.935500
member,32447,8,1,0,2.846396,0.058053,0.524938,1.286453,0.971491,-2.201922,1.286453
member,43832,3,3,1,0.988890,0.371989,0.371989,1.622936,3.630400,0.483712,-1.622936
member,15286,1,6,0,1.630517,0.195828,0.221147,2.030990,1.747939,-0.121589,2.030990
member,40804,6,6,1,0.633254,0.530862,0.530862,1.529246,3.175496,1.392797,-1.529246
member,24784,7,7,1,1.026566,0.358235,0.358235,1.941611,1.642320,0.635831,-1.941611
member,26357,3,3,1,1.235335,0.290737,0.290737,1.843018,2.724234,0.421495,-1.843018
member,13290,2,6,0,2.494288,0.082555,0.366031,1.810456,1.132359,-1.489250,1.810456
member,15134,2,3,0,3.184332,0.041406,0.280717,1.886982,0.529651,-1.913922,1.886982
member,11827,6,1,0,2.795172,0.061104,0.365095,1.847847,0.759362,-1.787574,1.847847
member,14403,7,7,1,0.925946,0.396156,0.396156,1.774427,2.329871,0.958413,-1.774427
member,33492,6,6,1,0.744424,0.475008,0.475008,1.609512,3.410432,0.999586,-1.609512
member,9254,4,1,0,2.873342,0.056510,0.307421,1.945602,0.109046,-1.693804,1.945602
member,37765,3,6,0,1.758996,0.172218,0.281834,1.947686,1.890304,-0.492561,1.947686
member,1487,3,5,0,1.480209,0.227590,0.319915,1.578638,3.133888,-0.340510,1.578638
member,22898,9,9,1,1.484053,0.226717,0.226717,2.107982,1.279198,0.006322,-2.107982
member,23327,4,7,0,2.398257,0.090876,0.196297,2.111393,0.373090,-0.770130,2.111393
member,21419,4,6,0,2.122906,0.119683,0.468222,1.666661,2.172225,-1.364094,1.666661
member,29045,9,1,0,1.105271,0.331121,0.361251,1.586117,2.081408,-0.087089,1.586117
member,4336,3,6,0,2.071236,0.126030,0.407417,1.671954,2.169979,-1.173318,1.671954
member,26314,7,9,0,2.268350,0.103483,0.484679,1.721797,0.740753,-1.544081,1.721797
member,15452,0,0,1,0.321467,0.725085,0.725085,1.046928,3.460577,1.791859,-1.046928
member,22532,1,1,1,0.857712,0.424131,0.424131,1.583511,2.587923,0.607142,-1.583511
member,15157,7,5,0,2.205916,0.110150,0.280348,1.872023,1.473946,-0.934194,1.872023
member,17990,9,9,1,1.104294,0.331445,0.331445,1.763670,1.831810,0.422566,-1.763670
member,48344,2,5,0,2.512969,0.081027,0.237332,1.975143,0.483241,-1.074672,1.975143
member,35316,7,7,1,0.934436,0.392807,0.392807,1.866735,2.032376,1.038909,-1.866735
member,29156,2,1,0,2.478930,0.083833,0.272925,1.945976,0.431987,-1.180372,1.945976
member,12362,2,0,0,2.437648,0.087366,0.478617,1.717710,0.468447,-1.700794,1.717710
member,10259,7,7,1,1.381158,0.251287,0.251287,1.992623,1.658729,0.133519,-1.992623
member,33011,0,0,1,0.053497,0.947908,0.947908,0.237792,7.102543,3.075346,-0.237792
member,13700,3,7,0,2.124087,0.119542,0.521019,1.498223,1.705137,-1.472118,1.498223
member,45947,3,1,0,1.662046,0.189750,0.271100,1.898600,1.649008,-0.356779,1.898600
member,37452,9,8,0,2.120912,0.119922,0.808624,0.659423,3.520540,-1.908491,0.659423
member,1703,3,6,0,2.279303,0.102356,0.593972,1.410545,1.796338,-1.758380,1.410545
member,11327,8,8,1,0.736838,0.478625,0.478625,1.104260,3.648867,0.142056,-1.104260
member,16731,3,7,0,2.499374,0.082136,0.269616,1.923007,0.992716,-1.188619,1.923007
member,3994,6,8,0,3.213396,0.040220,0.309107,1.945696,-0.222548,-2.039327,1.945696
member,25485,7,9,0,1.592658,0.203384,0.285661,2.069592,1.080531,-0.339710,2.069592
member,5265,5,1,0,2.878699,0.056208,0.315422,1.817134,0.434373,-1.724855,1.817134
member,7743,4,5,0,2.211854,0.109497,0.278063,1.867822,1.126574,-0.931947,1.867822
member,3912,6,6,1,0.729742,0.482034,0.482034,1.638568,3.333819,1.152030,-1.638568
member,38490,6,4,0,1.460497,0.232121,0.321435,1.724769,2.936318,-0.325536,1.724769
member,7984,4,7,0,2.999792,0.049797,0.291135,1.974445,-0.227687,-1.765823,1.974445
member,15529,2,9,0,2.788673,0.061503,0.431050,1.725523,0.131958,-1.947143,1.725523
member,930,4,6,0,1.467071,0.230600,0.353970,1.709824,2.669684,-0.428527,1.709824
member,39238,9,1,0,1.920185,0.146580,0.365628,1.743809,1.662779,-0.914047,1.743809
member,13889,9,9,1,0.863519,0.421676,0.421676,1.521060,2.476067,0.208086,-1.521060
member,37007,1,9,0,1.709337,0.180986,0.305781,1.761953,1.833105,-0.524452,1.761953
member,30385,7,1,0,2.616513,0.073057,0.247835,1.915906,1.189742,-1.221520,1.915906
member,45237,5,3,0,1.937533,0.144059,0.151842,2.238891,0.540197,-0.052617,2.238891
member,861,3,3,1,1.616002,0.198691,0.198691,2.020172,1.316167,0.057320,-2.020172
member,40815,1,1,1,0.777525,0.459542,0.459542,1.415366,2.693619,0.354044,-1.415366
member,13000,9,0,0,2.279859,0.102299,0.555894,1.343152,1.491376,-1.692682,1.343152
member,32420,2,6,0,2.279959,0.102288,0.252364,2.008159,1.148867,-0.903077,2.008159
member,1594,0,8,0,1.044186,0.351978,0.380214,1.386594,3.114881,-0.077166,1.386594
member,10239,4,0,0,3.530621,0.029287,0.274423,2.002628,-0.781876,-2.237535,2.002628
member,32878,9,1,0,1.367598,0.254718,0.418591,1.658335,1.957408,-0.496736,1.658335
member,19487,5,7,0,1.591617,0.203596,0.289651,1.750882,2.517194,-0.352538,1.750882
member,21842,8,8,1,0.339136,0.712386,0.712386,0.867760,5.539480,1.340111,-0.867760
member,41171,4,6,0,2.192579,0.111629,0.331570,1.962067,0.762112,-1.088661,1.962067
member,5975,1,1,1,1.153308,0.315591,0.315591,2.092442,1.717039,1.109580,-2.092442
member,29288,1,6,0,2.129090,0.118945,0.210922,2.062374,1.350268,-0.572822,2.062374
member,46380,0,1,0,1.679706,0.186429,0.424390,1.775732,1.408780,-0.822604,1.775732
member,24461,2,3,0,2.733772,0.064974,0.352379,1.784213,0.951747,-1.690723,1.784213
member,36301,5,1,0,2.443916,0.086820,0.242954,2.148080,0.337870,-1.029032,2.148080
member,11275,9,8,0,1.764701,0.171238,0.286329,1.853834,1.082231,-0.514087,1.853834
member,44648,2,9,0,4.641206,0.009646,0.445655,1.274830,-0.718441,-3.832995,1.274830
member,25642,3,6,0,1.888494,0.151300,0.449037,1.639765,2.422226,-1.087843,1.639765
member,26323,3,9,0,2.634730,0.071738,0.346191,1.899128,0.291543,-1.573967,1.899128
member,42086,3,3,1,1.682329,0.185940,0.185940,2.087251,1.187358,0.104028,-2.087251
member,25882,3,9,0,3.974593,0.018787,0.445101,1.482525,-0.476960,-3.165138,1.482525
member,11597,9,1,0,2.487539,0.083114,0.227575,2.096682,0.604675,-1.007261,2.096682
member,14577,7,7,1,1.014755,0.362491,0.362491,1.916336,1.935158,1.013571,-1.916336
member,49204,4,6,0,2.665122,0.069591,0.257827,2.001878,0.359309,-1.309655,2.001878
member,26364,6,7,0,2.444847,0.086739,0.294559,1.831548,0.845770,-1.222571,1.831548
member,18501,8,1,0,1.653773,0.191327,0.397203,1.568664,1.752927,-0.730464,1.568664
member,45267,6,6,1,1.064211,0.345000,0.345000,1.921212,1.964141,0.844115,-1.921212
member,14495,5,5,1,1.494206,0.224427,0.224427,1.971372,1.726875,0.044423,-1.971372
member,29568,6,6,1,1.254387,0.285251,0.285251,1.931001,2.250067,0.410472,-1.931001
member,43607,2,6,0,2.566820,0.076779,0.614496,1.326901,1.763440,-2.079867,1.326901
member,23702,3,5,0,1.908382,0.148320,0.240830,1.972644,1.183918,-0.484719,1.972644
member,19392,2,3,0,2.108951,0.121365,0.238537,1.948036,1.119892,-0.675718,1.948036
member,38551,0,8,0,1.924523,0.145945,0.385118,1.358147,2.711379,-0.970317,1.358147
member,10814,3,7,0,2.198110,0.111013,0.232283,2.009260,0.765013,-0.738309,2.009260
member,32141,2,1,0,3.187718,0.041266,0.315832,1.841411,0.514971,-2.035173,1.841411
member,8869,1,3,0,1.558337,0.210486,0.270995,1.942010,1.680606,-0.252683,1.942010
member,225,9,9,1,0.643354,0.525527,0.525527,1.359554,2.875373,0.701777,-1.359554
member,17395,0,0,1,0.684614,0.504285,0.504285,1.550729,2.553818,0.962514,-1.550729
member,34081,1,8,0,1.835448,0.159542,0.436756,1.478039,1.856651,-1.007068,1.478039
member,42030,4,7,0,1.848053,0.157544,0.310210,1.941880,1.176345,-0.677547,1.941880
member,19888,2,7,0,1.918469,0.146832,0.184458,2.053469,1.566531,-0.228134,2.053469
member,19395,0,9,0,4.001808,0.018283,0.625363,1.355562,-0.588946,-3.532386,1.355562
member,20634,9,1,0,1.161892,0.312894,0.396896,1.661242,1.998498,-0.237810,1.661242
member,37421,3,6,0,2.427336,0.088272,0.581765,1.381843,2.484745,-1.885647,1.381843
member,2761,9,8,0,1.648523,0.192334,0.347565,1.483563,2.155902,-0.591719,1.483563
member,33479,4,3,0,2.543484,0.078592,0.184623,2.129683,0.463567,-0.854043,2.129683
member,10926,2,6,0,1.887736,0.151414,0.314379,1.942469,1.234034,-0.730581,1.942469
member,46030,5,6,0,1.975712,0.138663,0.264218,1.933869,1.158322,-0.644731,1.933869
member,4538,9,9,1,0.599960,0.548834,0.548834,1.555695,2.463376,1.456033,-1.555695
member,41714,8,8,1,0.700282,0.496445,0.496445,1.689872,2.237861,1.233477,-1.689872
member,19512,4,4,1,1.359103,0.256891,0.256891,1.859108,2.231490,0.522519,-1.859108
member,39211,3,6,0,2.145222,0.117042,0.270364,1.929595,1.464290,-0.837236,1.929595
member,29266,5,4,0,1.578587,0.206266,0.213551,1.956525,1.691272,-0.034707,1.956525
member,45845,0,0,1,0.355397,0.700895,0.700895,1.029022,3.581954,1.366271,-1.029022
member,39438,3,3,1,1.544096,0.213505,0.213505,1.983562,1.780058,0.206192,-1.983562
member,44431,6,9,0,2.211923,0.109490,0.220645,2.223904,0.308622,-0.700722,2.223904
member,22522,1,1,1,1.025362,0.358667,0.358667,1.352661,3.601311,0.027634,-1.352661
member,21656,2,9,0,2.032074,0.131063,0.170983,2.190141,0.560025,-0.265882,2.190141
member,49584,6,9,0,1.481579,0.227279,0.268878,1.887974,1.708236,-0.168082,1.887974
member,14459,2,7,0,2.283649,0.101912,0.292533,2.004869,0.577251,-1.054471,2.004869
member,14409,1,1,1,0.894412,0.408848,0.408848,1.451604,2.788549,0.166697,-1.451604
member,33227,8,0,0,3.136199,0.043448,0.225576,2.113530,-0.620217,-1.647099,2.113530
member,7212,0,0,1,0.198856,0.819668,0.819668,0.809697,3.812743,2.754826,-0.809697
member,14580,3,3,1,1.689686,0.184577,0.184577,2.202582,0.918171,0.186237,-2.202582
member,14836,1,1,1,0.750453,0.472153,0.472153,1.313209,3.085567,0.311588,-1.313209
member,40778,8,9,0,1.850065,0.157227,0.450267,1.476490,1.573048,-1.052151,1.476490
member,23969,1,1,1,0.513765,0.598239,0.598239,1.068890,3.891768,0.656833,-1.068890
member,16274,2,6,0,2.207754,0.109947,0.358084,1.850674,1.063946,-1.180765,1.850674
member,37445,3,2,0,2.711703,0.066424,0.422063,1.795944,0.240610,-1.849102,1.795944
member,29638,3,0,0,2.848221,0.057947,0.329375,2.003674,-0.231663,-1.737663,2.003674
member,1397,8,0,0,1.542714,0.213800,0.358509,1.742855,1.505828,-0.516913,1.742855
member,46410,2,3,0,1.646605,0.192703,0.247134,1.939854,1.760543,-0.248779,1.939854
member,45749,4,5,0,1.936530,0.144204,0.255695,1.790453,2.105595,-0.572760,1.790453
member,15952,5,6,0,2.230858,0.107436,0.330614,1.941643,0.944719,-1.124054,1.941643
member,19820,3,1,0,2.420827,0.088848,0.400903,1.810327,0.446834,-1.506791,1.810327
member,38359,5,3,0,2.128536,0.119011,0.402137,1.761856,1.560106,-1.217574,1.761856
member,17309,1,1,1,0.362361,0.696031,0.696031,0.958884,4.181507,1.334527,-0.958884
member,16599,9,9,1,1.783701,0.168015,0.168015,2.169934,0.803955,0.019488,-2.169934
member,46341,3,6,0,1.986175,0.137219,0.257413,2.052820,1.078808,-0.629100,2.052820
member,1246,6,6,1,0.619156,0.538399,0.538399,1.535020,3.360196,1.487331,-1.535020
member,16030,2,6,0,2.348584,0.095504,0.313272,1.972587,0.814965,-1.187899,1.972587
member,26644,0,8,0,1.431463,0.238959,0.336767,1.663331,1.863269,-0.343100,1.663331
member,45566,4,0,0,8.523767,0.000199,0.855662,0.499219,-2.530196,-8.367887,0.499219
member,27674,8,8,1,0.233365,0.791865,0.791865,0.773230,4.236303,1.822174,-0.773230
member,20958,8,0,0,0.975741,0.376913,0.392916,1.435926,2.608660,-0.041582,1.435926
member,43024,4,0,0,3.553798,0.028616,0.511991,1.437387,-0.214907,-2.884350,1.437387
member,33713,8,1,0,2.268245,0.103494,0.405770,1.632451,1.084945,-1.366277,1.632451
member,6939,7,6,0,2.510765,0.081206,0.285265,1.998406,0.778880,-1.256429,1.998406
member,45126,1,9,0,1.302050,0.271974,0.442840,1.629533,1.861659,-0.487502,1.629533
member,13924,1,9,0,0.955292,0.384700,0.478260,1.195848,3.068756,-0.217691,1.195848
member,3241,6,6,1,1.090055,0.336198,0.336198,1.947378,2.069196,0.906245,-1.947378
member,11150,6,6,1,0.714496,0.489439,0.489439,1.581082,3.485526,1.277507,-1.581082
member,48319,5,6,0,2.590641,0.074972,0.312376,1.954051,0.473603,-1.427094,1.954051
member,19671,9,0,0,1.295245,0.273831,0.289357,1.769429,1.791906,-0.055151,1.769429
member,1413,1,8,0,2.392525,0.091399,0.480213,1.053941,2.486833,-1.659000,1.053941
member,28282,5,0,0,3.305189,0.036692,0.317021,1.987347,-0.701743,-2.156400,1.987347
member,41012,3,7,0,2.711369,0.066446,0.397077,1.650742,0.834752,-1.787744,1.650742
member,34240,7,1,0,2.106634,0.121647,0.142899,2.227127,0.704109,-0.161017,2.227127
member,29575,5,3,0,1.450237,0.234515,0.236860,1.921483,1.893747,-0.009952,1.921483
member,41270,4,9,0,2.812363,0.060063,0.204296,2.175320,-0.329130,-1.224179,2.175320
member,8257,4,6,0,2.068421,0.126385,0.394999,1.779893,1.673077,-1.139549,1.779893
member,26852,9,9,1,0.822765,0.439216,0.439216,1.535885,2.647111,0.799570,-1.535885
member,8880,3,9,0,2.521118,0.080370,0.355009,1.647539,0.847397,-1.485506,1.647539
member,22078,7,1,0,2.436464,0.087470,0.217859,2.002417,0.858522,-0.912559,2.002417
member,47730,2,6,0,2.438915,0.087256,0.237189,2.009958,0.919373,-1.000016,2.009958
member,19349,7,7,1,0.988154,0.372263,0.372263,1.833929,2.064788,0.497777,-1.833929
member,32181,2,6,0,2.084099,0.124419,0.274623,1.883684,1.217550,-0.791743,1.883684
member,16954,0,7,0,2.075001,0.125556,0.242111,2.120680,0.489084,-0.656641,2.120680
member,39246,7,7,1,0.960173,0.382827,0.382827,1.702210,2.804427,0.649424,-1.702210
member,1621,1,9,0,1.656798,0.190749,0.386665,1.775218,1.504065,-0.706601,1.775218
member,47756,6,6,1,0.643962,0.525208,0.525208,1.459538,3.893374,1.126481,-1.459538
member,45675,1,9,0,2.042937,0.129647,0.467451,1.738276,0.958855,-1.282476,1.738276
member,2404,3,6,0,1.587052,0.204528,0.442993,1.615206,2.841197,-0.772851,1.615206
member,30796,9,1,0,1.950394,0.142218,0.189736,2.210075,0.566320,-0.288271,2.210075
member,37586,2,1,0,4.315846,0.013355,0.656041,1.235846,-0.207686,-3.894314,1.235846
member,23317,1,0,0,1.780458,0.168561,0.290371,1.837289,1.106136,-0.543862,1.837289
member,12830,8,8,1,0.382191,0.682364,0.682364,0.985119,4.485858,1.374528,-0.985119
member,33557,6,6,1,0.995214,0.369644,0.369644,1.846562,2.830359,0.784012,-1.846562
member,29557,7,7,1,0.800148,0.449262,0.449262,1.675053,2.847063,1.057108,-1.675053
member,43986,6,3,0,1.575190,0.206968,0.224882,1.864834,2.396502,-0.083013,1.864834
member,27893,5,9,0,3.288609,0.037306,0.193241,2.111387,-0.682924,-1.644790,2.111387
member,5294,2,4,0,1.618357,0.198224,0.221943,1.913911,1.489857,-0.113024,1.913911
member,24913,7,7,1,1.257355,0.284405,0.284405,2.068933,1.660140,0.774648,-2.068933
member,34659,5,3,0,1.868017,0.154430,0.204195,1.983862,1.405312,-0.279338,1.983862
member,1784,4,7,0,2.168091,0.114396,0.199326,2.057645,1.003204,-0.555278,2.057645
member,39885,3,8,0,1.934037,0.144563,0.283745,1.928877,0.836347,-0.674357,1.928877
member,17566,6,1,0,2.220114,0.108597,0.271582,1.985809,0.616695,-0.916624,1.985809
member,16062,6,1,0,3.387629,0.033789,0.211076,2.146157,-0.824773,-1.832091,2.146157
member,48445,8,0,0,1.693095,0.183949,0.547033,1.360232,2.058820,-1.089849,1.360232
member,20382,5,5,1,0.853055,0.426111,0.426111,1.671335,2.813498,0.533945,-1.671335
member,40877,3,5,0,1.688730,0.184754,0.369251,1.883980,1.523123,-0.692452,1.883980
member,18057,1,0,0,1.922571,0.146230,0.532632,1.547325,1.245524,-1.292646,1.547325
member,19066,0,0,1,0.730285,0.481772,0.481772,1.587438,2.457512,0.785759,-1.587438
member,20525,3,7,0,1.754634,0.172970,0.317851,1.742683,2.081659,-0.608463,1.742683
member,5847,2,0,0,2.295681,0.100693,0.198030,2.176206,0.145309,-0.676346,2.176206
member,18622,4,9,0,2.459407,0.085486,0.171627,2.168085,0.062239,-0.696976,2.168085
member,45473,5,5,1,1.053224,0.348811,0.348811,1.627539,3.278961,0.231245,-1.627539
member,31760,9,9,1,0.533675,0.586446,0.586446,1.283578,3.363991,1.092714,-1.283578
member,5211,1,6,0,1.736928,0.176061,0.220333,1.956960,2.024170,-0.224311,1.956960
member,25730,5,6,0,2.223964,0.108179,0.368933,1.776655,1.580894,-1.226823,1.776655
member,6373,0,8,0,1.128929,0.323380,0.475173,1.219131,3.681226,-0.384852,1.219131
member,30197,7,7,1,0.535782,0.585212,0.585212,1.442872,2.973027,1.847599,-1.442872
member,23945,6,6,1,1.093054,0.335191,0.335191,1.714281,3.242892,0.196148,-1.714281
member,36934,4,6,0,2.327851,0.097505,0.259306,2.030069,0.517941,-0.978106,2.030069
member,34847,7,5,0,1.614323,0.199025,0.267662,1.842970,1.702754,-0.296292,1.842970
member,15292,7,0,0,2.113974,0.120757,0.245784,2.098215,0.551639,-0.710673,2.098215
member,1851,4,6,0,2.026705,0.131769,0.198998,2.099917,0.728453,-0.412246,2.099917
member,18432,8,9,0,2.607593,0.073712,0.267209,2.101535,0.003883,-1.287867,2.101535
member,28970,2,1,0,3.367532,0.034475,0.285425,1.933026,0.270791,-2.113756,1.933026
member,17039,4,6,0,1.806337,0.164255,0.243923,2.009640,1.081194,-0.395435,2.009640
member,6687,0,0,1,1.231669,0.291805,0.291805,2.070049,1.353652,0.767847,-2.070049
member,40938,5,0,0,2.668577,0.069351,0.196400,2.116916,-0.072512,-1.040977,2.116916
member,42181,2,2,1,1.898281,0.149826,0.149826,2.238991,0.501902,0.053829,-2.238991
member,25252,5,7,0,1.512596,0.220337,0.261836,1.793045,2.669794,-0.172560,1.793045
member,18841,4,0,0,8.231505,0.000266,0.521629,1.077963,-2.990757,-7.580707,1.077963
member,15806,7,7,1,0.829477,0.436278,0.436278,1.787163,2.156140,1.219499,-1.787163
member,4181,6,5,0,4.375078,0.012587,0.359166,1.577840,0.306876,-3.351106,1.577840
member,13862,3,3,1,1.630543,0.195823,0.195823,2.185153,0.958780,0.145562,-2.185153
member,20189,2,0,0,3.546546,0.028824,0.595026,1.313889,-0.084715,-3.027396,1.313889
member,8784,4,4,1,1.383299,0.250750,0.250750,1.829352,2.371286,0.009664,-1.829352
member,3705,9,6,0,4.048963,0.017440,0.401037,1.750178,-0.316596,-3.135260,1.750178
member,24445,0,0,1,0.516417,0.596655,0.596655,1.106107,4.337954,0.925557,-1.106107
member,37771,8,0,0,2.033746,0.130844,0.572575,1.468879,1.228657,-1.476135,1.468879
member,5158,7,7,1,0.887785,0.411567,0.411567,1.877756,1.966226,1.283167,-1.877756
member,29836,5,0,0,2.922655,0.053791,0.419444,1.831509,-0.135550,-2.053829,1.831509
member,6129,9,8,0,2.091474,0.123505,0.223727,2.019631,0.580644,-0.594146,2.019631
member,11029,0,8,0,1.618494,0.198197,0.339619,1.634046,1.750138,-0.538563,1.634046
member,47338,9,9,1,0.362749,0.695761,0.695761,0.991169,4.158462,1.650457,-0.991169
member,36029,9,9,1,0.911284,0.402008,0.402008,1.524979,2.479185,0.196333,-1.524979
member,33446,8,3,0,4.251503,0.014243,0.300119,1.896555,-1.318842,-3.047929,1.896555
member,4116,2,6,0,3.781643,0.022785,0.437821,1.474804,0.906500,-2.955697,1.474804
member,11756,6,6,1,0.596477,0.550749,0.550749,1.467412,4.003244,1.440424,-1.467412
member,27123,7,6,0,1.876194,0.153172,0.290673,1.837100,2.024952,-0.640638,1.837100
member,5369,5,3,0,1.859936,0.155683,0.192357,2.127145,0.884128,-0.211533,2.127145
member,15978,9,1,0,1.145552,0.318048,0.451723,1.497908,2.324589,-0.350866,1.497908
member,9134,5,1,0,2.023669,0.132170,0.246946,2.092565,0.427942,-0.625085,2.092565
member,11061,5,2,0,2.430104,0.088028,0.132939,2.276527,-0.118957,-0.412243,2.276527
member,4550,6,6,1,1.148132,0.317229,0.317229,1.903957,2.281218,0.796562,-1.903957
member,35858,0,0,1,0.259140,0.771715,0.771715,0.876613,4.273558,2.305600,-0.876613
member,46856,6,6,1,1.152310,0.315906,0.315906,1.878958,2.934715,0.446168,-1.878958
member,43900,9,8,0,1.812042,0.163320,0.637709,1.137188,2.376675,-1.362169,1.137188
member,17577,6,6,1,0.631508,0.531789,0.531789,1.451467,4.118608,1.344071,-1.451467
member,2746,7,7,1,1.247018,0.287361,0.287361,2.010714,1.887264,0.884544,-2.010714
member,21850,1,1,1,1.457336,0.232856,0.232856,2.020308,1.590156,0.160171,-2.020308
member,25747,6,6,1,0.839312,0.432008,0.432008,1.725815,2.670553,1.198557,-1.725815
member,6072,7,0,0,1.455348,0.233319,0.416746,1.697966,1.621523,-0.580069,1.697966
member,23920,4,7,0,1.968711,0.139637,0.386719,1.608673,2.792722,-1.018653,1.608673
member,12933,6,6,1,1.282028,0.277474,0.277474,1.764743,2.637769,0.225531,-1.764743
member,36180,0,7,0,3.528378,0.029352,0.356536,1.795518,-0.148386,-2.497057,1.795518
member,34380,7,7,1,0.968691,0.379580,0.379580,1.770230,2.723323,1.021200,-1.770230
member,28996,3,3,1,1.368092,0.254592,0.254592,2.079562,1.189195,0.483760,-2.079562
member,38260,1,0,0,3.234133,0.039394,0.487798,1.152547,1.009188,-2.516278,1.152547
member,512,9,9,1,0.820329,0.440287,0.440287,1.598183,2.514862,0.695797,-1.598183
member,16134,5,0,0,4.342570,0.013003,0.434086,1.556686,-0.907504,-3.508058,1.556686
member,35633,0,1,0,4.951865,0.007070,0.465287,1.582577,-1.444996,-4.186764,1.582577
member,8088,3,1,0,1.755515,0.172818,0.428717,1.681126,1.946376,-0.908557,1.681126
member,36092,2,7,0,1.779740,0.168682,0.353363,1.752179,1.494321,-0.739481,1.752179
member,31391,0,5,0,5.260423,0.005193,0.375454,1.709948,-1.408667,-4.280804,1.709948
member,33042,2,1,0,3.727170,0.024061,0.435830,1.528244,0.784185,-2.896668,1.528244
member,34308,7,9,0,1.776613,0.169210,0.372924,1.905712,1.027454,-0.790231,1.905712
member,12627,7,3,0,1.698525,0.182953,0.197262,2.060077,1.238688,-0.075302,2.060077
member,1976,5,0,0,4.387199,0.012436,0.634743,1.121206,-0.025464,-3.932665,1.121206
member,7337,9,8,0,1.087292,0.337128,0.480060,1.122994,4.075363,-0.353449,1.122994
member,42452,9,9,1,0.941407,0.390078,0.390078,1.774014,2.259479,0.513950,-1.774014
member,22971,4,6,0,1.630402,0.195851,0.263303,1.936145,1.482176,-0.295951,1.936145
member,37307,8,9,0,2.316556,0.098613,0.643322,1.324291,1.124019,-1.875446,1.324291
member,44971,1,1,1,0.924374,0.396780,0.396780,1.378545,3.044122,0.185278,-1.378545
member,5216,0,0,1,0.488554,0.613513,0.613513,1.271620,2.964219,1.096413,-1.271620
member,23622,3,1,0,1.948072,0.142549,0.184524,2.158329,0.715273,-0.258099,2.158329
member,41399,6,6,1,1.635152,0.194923,0.194923,2.031790,1.227556,0.001283,-2.031790
member,20310,6,6,1,1.156739,0.314510,0.314510,1.924320,1.938568,0.563510,-1.924320
member,657,9,9,1,1.193706,0.303096,0.303096,1.593236,2.484216,0.106341,-1.593236
member,35037,1,1,1,0.820931,0.440022,0.440022,1.528636,2.673838,0.486498,-1.528636
member,44827,1,9,0,1.031703,0.356400,0.445236,1.129300,4.464918,-0.222552,1.129300
member,15943,5,3,0,1.914011,0.147488,0.249021,1.897425,1.579175,-0.523794,1.897425
member,42013,6,7,0,1.582471,0.205467,0.244202,1.976111,1.544549,-0.172712,1.976111
member,28057,2,9,0,1.936307,0.144236,0.213187,2.123163,0.704099,-0.390722,2.123163
member,21871,1,9,0,1.373377,0.253250,0.317410,1.488378,2.664454,-0.225815,1.488378
member,7027,7,6,0,2.092763,0.123346,0.198085,2.047734,0.842425,-0.473706,2.047734
member,49785,9,1,0,2.299644,0.100295,0.597864,1.490443,1.150672,-1.785251,1.490443
member,30812,6,6,1,1.299879,0.272565,0.272565,1.926136,1.819084,0.219524,-1.926136
member,35601,4,6,0,2.119928,0.120040,0.247992,2.115441,0.678228,-0.725571,2.115441
member,21546,8,8,1,0.937137,0.391748,0.391748,1.635813,2.344944,0.720865,-1.635813
member,14794,3,3,1,1.156638,0.314542,0.314542,1.906345,1.887341,0.436655,-1.906345
member,45053,3,6,0,1.816621,0.162574,0.340709,1.855518,1.671937,-0.739896,1.855518
member,3899,1,1,1,1.005277,0.365943,0.365943,1.702240,2.135668,0.111475,-1.702240
member,29368,4,9,0,3.742236,0.023701,0.564525,1.542244,-0.638634,-3.170466,1.542244
member,15625,4,6,0,1.792424,0.166556,0.303056,1.813208,2.092722,-0.598587,1.813208
member,46648,4,6,0,1.666528,0.188902,0.315639,1.727270,2.927292,-0.513371,1.727270
member,10284,8,7,0,4.411592,0.012136,0.311055,2.037867,-1.711232,-3.243809,2.037867
member,25873,7,6,0,2.164718,0.114782,0.352159,1.904220,1.009523,-1.121047,1.904220
member,18719,1,9,0,1.152879,0.315727,0.434638,1.553410,2.101502,-0.319638,1.553410
member,14948,0,0,1,0.724465,0.484584,0.484584,1.549498,2.420651,0.693443,-1.549498
member,38343,5,0,0,4.010252,0.018129,0.529827,1.308208,-0.376064,-3.375047,1.308208
member,31303,5,4,0,2.141647,0.117461,0.310696,1.742718,2.133296,-0.972708,1.742718
member,6542,2,7,0,3.121965,0.044070,0.366286,1.621772,1.569000,-2.117624,1.621772
member,42690,6,7,0,1.917123,0.147029,0.184654,2.076069,0.868601,-0.227849,2.076069
member,5876,3,7,0,1.446822,0.235317,0.409717,1.663313,2.800405,-0.554533,1.663313
member,49324,5,6,0,2.572245,0.076364,0.304910,1.834143,1.107136,-1.384505,1.834143
member,15602,5,9,0,3.159481,0.042448,0.234398,2.081807,-0.585992,-1.708744,2.081807
member,23357,1,1,1,1.101348,0.332423,0.332423,1.790234,2.581276,0.394656,-1.790234
member,46342,6,0,0,3.314141,0.036365,0.161495,2.204002,-0.869860,-1.490859,2.204002
member,19127,0,0,1,1.515802,0.219632,0.219632,2.111024,1.050515,0.228266,-2.111024
member,34791,1,8,0,1.436435,0.237774,0.380663,1.407386,3.321464,-0.470594,1.407386
member,36359,1,1,1,0.955515,0.384614,0.384614,1.936790,1.958593,1.035764,-1.936790
member,18143,2,1,0,3.123282,0.044012,0.514740,1.321106,0.739494,-2.459188,1.321106
member,316,9,9,1,0.707956,0.492650,0.492650,1.281900,4.252743,0.934065,-1.281900
member,729,5,5,1,1.230145,0.292250,0.292250,1.843215,2.457924,0.398965,-1.843215
member,45882,5,9,0,3.143118,0.043148,0.182510,2.169082,-0.734937,-1.442169,2.169082
member,6215,5,3,0,1.770293,0.170283,0.240184,1.827716,2.041142,-0.343945,1.827716
member,17298,7,9,0,1.722832,0.178560,0.302793,2.013207,1.037245,-0.528126,2.013207
member,1841,3,3,1,1.232986,0.291421,0.291421,2.016493,2.040469,0.242237,-2.016493
member,2386,3,2,0,2.051099,0.128593,0.186551,2.121756,0.408468,-0.372048,2.121756
member,21345,0,8,0,1.589942,0.203937,0.639933,1.129893,2.340834,-1.143551,1.129893
member,22114,2,1,0,2.809259,0.060250,0.316199,2.083880,-0.206344,-1.657876,2.083880
member,43745,2,7,0,2.111564,0.121048,0.230565,2.032319,0.845948,-0.644341,2.032319
member,5466,9,1,0,1.179612,0.307398,0.367362,1.731239,1.787558,-0.178204,1.731239
member,38365,2,6,0,1.972275,0.139140,0.212941,1.883711,1.914307,-0.425535,1.883711
member,46719,7,7,1,1.556213,0.210933,0.210933,2.216994,0.907242,0.321550,-2.216994
member,5540,2,0,0,3.285546,0.037420,0.710160,1.107030,0.365063,-2.943281,1.107030
member,23562,9,9,1,1.117313,0.327158,0.327158,1.533771,2.647188,0.121216,-1.533771
member,23012,1,1,1,1.163968,0.312245,0.312245,1.845047,1.784684,0.058974,-1.845047
member,32741,2,6,0,2.027993,0.131599,0.201268,1.913208,1.242609,-0.424873,1.913208
member,14163,6,6,1,1.320296,0.267056,0.267056,1.828547,2.196497,0.150265,-1.828547
member,9062,0,0,1,1.083385,0.338448,0.338448,1.938157,1.692325,0.624620,-1.938157
member,28697,3,3,1,1.464663,0.231156,0.231156,1.955793,1.998420,0.038695,-1.955793
member,18490,4,0,0,4.186878,0.015194,0.284043,1.788662,-1.193477,-2.928248,1.788662
member,14825,9,8,0,1.544156,0.213492,0.296310,1.835883,1.530539,-0.327807,1.835883
member,49827,8,0,0,1.275530,0.279283,0.366047,1.715883,1.760956,-0.270537,1.715883
member,15679,7,7,1,0.961217,0.382427,0.382427,1.971998,1.758898,1.405139,-1.971998
member,7932,3,9,0,2.020640,0.132571,0.362243,1.575795,1.513336,-1.005201,1.575795
member,38880,3,0,0,2.727281,0.065397,0.285288,1.894563,0.261301,-1.473026,1.894563
member,3002,5,7,0,2.651381,0.070554,0.284880,1.966646,0.872138,-1.395695,1.966646
member,31443,8,0,0,1.937472,0.144068,0.527478,1.531165,1.313326,-1.297823,1.531165
member,6262,6,5,0,2.317149,0.098554,0.159041,2.217852,0.230898,-0.478554,2.217852
member,3953,7,8,0,3.549241,0.028746,0.292156,1.954463,-0.758350,-2.318774,1.954463
member,45134,5,3,0,1.714919,0.179978,0.302043,2.000395,1.206263,-0.517734,2.000395
member,33478,0,9,0,1.396064,0.247569,0.285078,1.862157,1.521894,-0.141072,1.862157
member,18553,4,6,0,2.916628,0.054116,0.325091,1.837179,1.275516,-1.792977,1.837179
member,24223,2,7,0,1.559531,0.210235,0.216928,2.108974,1.244729,-0.031341,2.108974
member,32041,9,9,1,0.630165,0.532504,0.532504,1.270472,3.369135,0.827642,-1.270472
member,26218,9,9,1,0.741262,0.476512,0.476512,1.627755,2.531521,0.761791,-1.627755
member,14632,5,4,0,1.967341,0.139828,0.159047,2.220107,0.655572,-0.128788,2.220107
member,17090,9,6,0,1.983413,0.137599,0.277834,1.952774,1.447183,-0.702683,1.952774
member,34426,1,1,1,0.789269,0.454177,0.454177,1.461195,2.843000,0.433473,-1.461195
member,9376,9,0,0,1.945511,0.142914,0.402624,1.445749,2.138782,-1.035759,1.445749
member,17780,5,6,0,1.770399,0.170265,0.353244,1.746296,1.983638,-0.729804,1.746296
member,10436,2,0,0,2.377916,0.092744,0.386024,1.941887,0.233750,-1.426060,1.941887
member,7568,7,7,1,0.680939,0.506141,0.506141,1.518336,3.732579,1.230939,-1.518336
member,23549,6,6,1,1.627635,0.196394,0.196394,2.013272,1.294285,0.018704,-2.013272
member,1458,2,7,0,2.005478,0.134596,0.186905,2.142079,0.526056,-0.328323,2.142079
member,42296,4,1,0,2.144068,0.117177,0.222369,2.061337,0.894991,-0.640650,2.061337
member,34365,4,4,1,1.376998,0.252335,0.252335,1.852858,1.965594,0.102739,-1.852858
member,29308,1,1,1,0.483185,0.616816,0.616816,1.358202,2.996912,1.452053,-1.358202
member,4845,9,9,1,0.903585,0.405115,0.405115,1.713046,2.220863,0.779692,-1.713046
member,41960,0,9,0,1.774655,0.169542,0.279541,1.987384,0.994889,-0.500049,1.987384
member,38152,1,9,0,1.527637,0.217048,0.310605,1.935267,1.298636,-0.358403,1.935267
member,24380,5,1,0,3.351660,0.035026,0.202017,2.077683,-0.570544,-1.752258,2.077683
member,38921,0,3,0,2.261846,0.104158,0.230085,2.144271,0.259235,-0.792539,2.144271
member,26538,8,8,1,1.015423,0.362249,0.362249,1.676338,2.156696,0.382846,-1.676338
member,5936,7,7,1,1.530566,0.216413,0.216413,2.093358,1.467996,0.141641,-2.093358
member,7673,1,1,1,0.568609,0.566313,0.566313,1.485638,3.007035,1.405213,-1.485638
member,40436,6,1,0,3.398726,0.033416,0.325366,1.830501,-0.575406,-2.275923,1.830501
member,35494,4,6,0,1.499469,0.223249,0.241584,1.855341,1.981317,-0.078929,1.855341
member,39591,5,6,0,2.852577,0.057695,0.335914,1.762132,0.638256,-1.761677,1.762132
member,14174,2,6,0,2.409499,0.089860,0.402089,1.726946,1.327735,-1.498417,1.726946
member,40381,9,0,0,1.055403,0.348052,0.412389,1.355852,3.146716,-0.169615,1.355852
member,23137,9,9,1,0.868390,0.419627,0.419627,1.550703,2.584340,0.393070,-1.550703
member,29628,9,9,1,1.410622,0.243991,0.243991,1.995740,1.436282,0.134267,-1.995740
member,32308,2,0,0,2.803453,0.060600,0.239560,1.928359,0.074505,-1.374502,1.928359
member,30871,5,6,0,2.861814,0.057165,0.253532,1.977097,0.370683,-1.489550,1.977097
member,28092,0,6,0,3.518723,0.029637,0.143918,2.214502,-0.878959,-1.580210,2.214502
member,32484,0,9,0,1.788888,0.167146,0.348761,1.802790,1.226833,-0.735520,1.802790
member,32812,6,2,0,2.197982,0.111027,0.186399,2.167835,0.326675,-0.518114,2.167835
member,25154,7,6,0,2.211661,0.109519,0.172199,2.149492,0.564805,-0.452556,2.149492
member,10153,1,7,0,2.120016,0.120030,0.205878,2.046899,1.088523,-0.539543,2.046899
member,25866,6,1,0,3.427727,0.032461,0.369670,1.926341,-0.286819,-2.432581,1.926341
member,15443,2,6,0,2.318685,0.098403,0.258863,1.952243,1.788697,-0.967228,1.952243
member,14192,2,3,0,1.794792,0.166162,0.228755,2.030667,1.186641,-0.319687,2.030667
member,13717,9,7,0,2.233956,0.107104,0.177073,2.156924,0.536450,-0.502764,2.156924
member,17348,8,8,1,0.715601,0.488898,0.488898,1.348072,3.230064,0.673059,-1.348072
member,6420,1,9,0,1.494540,0.224352,0.399005,1.307113,3.106188,-0.575759,1.307113
member,38690,6,6,1,0.749986,0.472373,0.472373,1.693536,2.897420,1.337090,-1.693536
member,47430,8,0,0,2.038138,0.130271,0.743750,0.902148,2.516086,-1.742088,0.902148
member,34114,4,4,1,1.461437,0.231903,0.231903,1.874311,1.891863,0.111381,-1.874311
member,816,4,0,0,4.378838,0.012540,0.412961,1.567324,-0.985769,-3.494436,1.567324
member,13863,4,7,0,2.491112,0.082818,0.363208,1.910170,0.301700,-1.478332,1.910170
member,49436,1,1,1,0.431287,0.649672,0.649672,1.134111,3.674639,1.140638,-1.134111
member,10587,3,6,0,2.412110,0.089626,0.561806,1.443043,1.861766,-1.835512,1.443043
member,49497,0,1,0,2.173820,0.113742,0.584520,1.148853,3.305986,-1.636855,1.148853
member,26517,6,6,1,0.844372,0.429827,0.429827,1.641214,3.803843,1.128602,-1.641214
member,5245,8,9,0,1.705290,0.181720,0.514558,1.537725,1.563575,-1.040844,1.537725
member,38331,9,6,0,1.553864,0.211429,0.314858,1.814164,2.049295,-0.398231,1.814164
member,48332,9,9,1,0.873470,0.417500,0.417500,1.577000,2.650864,0.493408,-1.577000
member,14926,2,9,0,2.893009,0.055409,0.467497,1.748324,0.091805,-2.132648,1.748324
member,49065,9,9,1,0.885413,0.412544,0.412544,1.438152,2.793494,0.267482,-1.438152
member,37864,9,8,0,1.528150,0.216937,0.525736,1.355579,2.306129,-0.885194,1.355579
member,23346,2,5,0,2.607515,0.073718,0.223299,1.951447,0.853601,-1.108273,1.951447
member,27036,7,4,0,1.633621,0.195221,0.200081,1.997468,1.163328,-0.024590,1.997468
member,40418,0,0,1,0.598656,0.549549,0.549549,1.596758,2.405510,1.544629,-1.596758
member,28961,5,6,0,2.310025,0.099259,0.292840,1.983630,0.635522,-1.081897,1.983630
member,23034,7,7,1,1.483360,0.226874,0.226874,1.922395,1.737544,0.104985,-1.922395
member,17324,7,7,1,0.543937,0.580458,0.580458,1.466345,2.706516,1.639824,-1.466345
member,44927,8,1,0,1.724285,0.178300,0.419456,1.475969,2.165824,-0.855488,1.475969
member,18246,1,9,0,1.955002,0.141564,0.364653,1.900089,1.122391,-0.946193,1.900089
member,21403,2,7,0,1.867401,0.154525,0.168542,2.154359,0.680180,-0.086828,2.154359
member,47287,4,9,0,4.654937,0.009515,0.346214,1.555130,-1.069676,-3.594239,1.555130
member,14710,8,9,0,1.677246,0.186888,0.492003,1.566854,1.759744,-0.967975,1.566854
member,6367,6,3,0,1.516124,0.219561,0.256113,1.908840,1.961124,-0.153988,1.908840
member,48395,5,4,0,1.858657,0.155882,0.213625,1.972223,1.166928,-0.315123,1.972223
member,42363,5,5,1,1.189785,0.304287,0.304287,2.036134,1.877621,0.674623,-2.036134
member,40888,3,5,0,1.845980,0.157871,0.240000,2.144582,0.948735,-0.418865,2.144582
member,31706,6,6,1,0.631270,0.531916,0.531916,1.518744,3.394706,1.280978,-1.518744
member,3378,1,9,0,2.233858,0.107114,0.557791,1.522603,0.910838,-1.650087,1.522603
member,39487,5,9,0,2.480511,0.083700,0.158638,2.271087,-0.046087,-0.639379,2.271087
member,13702,8,9,0,2.096811,0.122848,0.470583,1.761789,0.745407,-1.343029,1.761789
member,16883,6,1,0,2.365887,0.093866,0.416594,1.780322,0.951491,-1.490244,1.780322
member,9656,3,6,0,1.937544,0.144057,0.309287,1.786608,2.205207,-0.764056,1.786608
member,40354,3,6,0,1.974699,0.138803,0.377036,1.784441,1.601475,-0.999286,1.784441
member,31378,9,9,1,1.003430,0.366620,0.366620,1.689319,2.136082,0.117159,-1.689319
member,28458,2,9,0,2.496579,0.082366,0.273260,1.843566,0.638547,-1.199248,1.843566
member,28446,7,3,0,2.240356,0.106421,0.215812,2.082568,0.552788,-0.707009,2.082568
member,26889,5,0,0,2.462480,0.085223,0.227548,2.123511,0.100241,-0.982085,2.123511
member,20715,5,7,0,2.303658,0.099893,0.318048,1.958699,0.660315,-1.158104,1.958699
member,40604,7,7,1,0.431255,0.649693,0.649693,1.341655,2.913121,2.099965,-1.341655
member,45281,7,7,1,1.456252,0.233108,0.233108,2.031129,1.341055,0.160500,-2.031129
member,32111,8,7,0,4.040799,0.017583,0.301670,1.931580,-1.329393,-2.842376,1.931580
member,34348,9,8,0,1.361969,0.256156,0.473858,1.481151,2.116179,-0.615121,1.481151
member,15204,9,9,1,0.473629,0.622738,0.622738,1.338016,2.987756,1.602564,-1.338016
member,6892,7,7,1,1.198539,0.301635,0.301635,1.987689,1.835072,0.751326,-1.987689
member,22134,9,9,1,1.012959,0.363143,0.363143,1.745413,1.964964,0.324580,-1.745413
member,44141,0,0,1,0.265152,0.767089,0.767089,0.877007,3.783209,1.731127,-0.877007
member,3028,5,0,0,2.991132,0.050231,0.301399,1.944609,-0.240022,-1.791812,1.944609
member,16297,0,9,0,2.441625,0.087019,0.358718,1.897723,0.513977,-1.416405,1.897723
member,32721,0,0,1,0.963844,0.381424,0.381424,1.483716,2.854584,0.418917,-1.483716
member,25134,6,6,1,0.887783,0.411567,0.411567,1.845341,2.526432,1.399779,-1.845341
member,9055,8,8,1,0.341820,0.710476,0.710476,0.712044,5.893990,0.985946,-0.712044
member,34885,2,0,0,2.590776,0.074962,0.452050,1.771515,0.291488,-1.796814,1.771515
member,16228,3,8,0,4.406150,0.012202,0.501325,1.310134,-0.322739,-3.715650,1.310134
member,11281,7,7,1,0.900619,0.406318,0.406318,1.909522,1.779973,1.310835,-1.909522
member,25573,8,8,1,0.748417,0.473115,0.473115,1.172167,3.864089,0.420923,-1.172167
member,36501,0,0,1,0.155312,0.856148,0.856148,0.653649,4.273955,2.644384,-0.653649
member,48210,9,8,0,1.046969,0.351000,0.436017,1.207061,3.518629,-0.216896,1.207061
member,43417,1,0,0,4.132532,0.016042,0.902407,0.407240,1.953047,-4.029842,0.407240
member,46464,8,0,0,1.359187,0.256869,0.450004,1.546814,2.049343,-0.560688,1.546814
member,16703,3,6,0,2.034746,0.130714,0.355562,1.840244,1.394769,-1.000691,1.840244
member,32458,1,6,0,2.629440,0.072119,0.634518,1.282073,2.194189,-2.174550,1.282073
member,6161,1,1,1,0.146399,0.863813,0.863813,0.675514,4.250819,3.010868,-0.675514
member,42991,1,6,0,3.012091,0.049189,0.273410,1.925389,0.150181,-1.715309,1.925389
member,19306,7,1,0,2.026583,0.131785,0.265181,1.965870,0.994365,-0.699241,1.965870
member,48551,7,9,0,4.005589,0.018214,0.400477,1.494464,-0.435735,-3.090491,1.494464
member,40377,4,6,0,1.925280,0.145835,0.281413,1.946896,1.186795,-0.657349,1.946896
member,39953,1,8,0,2.069745,0.126218,0.436227,1.468790,1.350978,-1.240153,1.468790
member,4988,8,0,0,0.999698,0.367991,0.544806,1.045075,3.515077,-0.392371,1.045075
member,19075,3,8,0,4.676617,0.009310,0.339785,1.460320,-0.859536,-3.597174,1.460320
member,20182,8,1,0,2.525304,0.080034,0.331996,1.815011,0.846958,-1.422671,1.815011
member,38819,5,6,0,1.921120,0.146443,0.388570,1.744028,1.735610,-0.975839,1.744028
member,19432,9,8,0,1.108176,0.330161,0.404811,1.258426,3.787418,-0.203840,1.258426
member,36918,9,9,1,0.570728,0.565114,0.565114,1.213580,3.438169,0.697260,-1.213580
member,19482,6,6,1,0.818918,0.440909,0.440909,1.680366,2.814981,1.099284,-1.680366
member,39058,1,1,1,0.381008,0.683172,0.683172,1.192404,3.533493,1.745612,-1.192404
member,39446,5,0,0,3.384086,0.033909,0.250190,1.997262,-0.690466,-1.998550,1.997262
member,22156,9,1,0,2.077727,0.125214,0.350571,1.892177,0.963917,-1.029535,1.892177
member,37811,2,3,0,2.792929,0.061242,0.313473,1.828107,0.857118,-1.632887,1.828107
member,12290,5,7,0,1.918531,0.146823,0.304857,1.970891,0.758366,-0.730619,1.970891
member,36128,1,1,1,0.627240,0.534064,0.534064,1.608176,2.868625,1.487695,-1.608176
member,2296,6,7,0,2.519513,0.080499,0.208516,2.087454,0.256177,-0.951774,2.087454
member,3831,0,0,1,0.294200,0.745128,0.745128,1.025599,3.354867,1.984311,-1.025599
member,33222,4,6,0,2.158523,0.115496,0.164412,2.118730,0.723644,-0.353144,2.118730
member,11494,5,5,1,1.823777,0.161415,0.161415,2.148831,0.855764,0.049221,-2.148831
member,20790,0,9,0,1.689282,0.184652,0.325932,1.811968,1.282123,-0.568214,1.811968
member,44315,9,8,0,1.841348,0.158603,0.621596,1.166400,2.339876,-1.365884,1.166400
member,38884,7,1,0,2.793509,0.061206,0.303094,1.764046,1.350181,-1.599798,1.764046
member,3434,7,6,0,1.657100,0.190691,0.258297,1.945837,1.385173,-0.303454,1.945837
member,38207,1,9,0,1.741138,0.175321,0.683961,0.917226,3.352244,-1.361283,0.917226
member,3077,4,9,0,2.396899,0.091000,0.160506,2.216867,0.198160,-0.567475,2.216867
member,1107,2,6,0,2.089534,0.123745,0.286684,1.784021,2.017469,-0.840160,1.784021
member,16655,9,0,0,1.464482,0.231198,0.350620,1.491339,2.576880,-0.416429,1.491339
member,45226,4,6,0,1.786048,0.167621,0.259880,1.929049,1.459737,-0.438511,1.929049
member,25830,2,6,0,2.516398,0.080750,0.309262,1.835849,1.196981,-1.342831,1.835849
member,21503,8,8,1,0.887027,0.411878,0.411878,1.394792,2.950664,0.236387,-1.394792
member,46860,7,9,0,1.423628,0.240839,0.329614,1.941861,1.393658,-0.313795,1.941861
member,2146,6,6,1,1.002322,0.367026,0.367026,1.875106,2.221883,0.775031,-1.875106
member,36814,5,3,0,1.974251,0.138865,0.314845,1.975734,0.941428,-0.818575,1.975734
member,25283,7,6,0,1.845676,0.157918,0.241884,2.101949,0.875962,-0.426380,2.101949
member,27040,9,9,1,1.115276,0.327825,0.327825,1.544372,2.532166,0.141036,-1.544372
member,46778,4,7,0,1.945601,0.142901,0.202374,1.885846,1.608657,-0.347965,1.885846
member,45189,4,7,0,2.238615,0.106606,0.506380,1.551001,1.203714,-1.558147,1.551001
member,18145,8,8,1,0.292397,0.746472,0.746472,0.869500,4.193974,1.545058,-0.869500
member,27707,9,9,1,0.789489,0.454077,0.454077,1.607601,2.481090,0.753912,-1.607601
member,46651,9,6,0,2.351406,0.095235,0.259244,2.019190,1.188454,-1.001421,2.019190
member,7762,6,9,0,4.523191,0.010854,0.446311,1.775463,-1.662395,-3.716452,1.775463
member,29632,4,8,0,3.680243,0.025217,0.416535,1.722667,-0.670715,-2.804458,1.722667
member,8145,9,9,1,0.861605,0.422483,0.422483,1.353796,3.274756,0.253636,-1.353796
member,40439,7,7,1,1.182344,0.306559,0.306559,1.925363,2.031259,0.593477,-1.925363
member,13039,7,5,0,2.083355,0.124512,0.232381,1.968696,1.404974,-0.623977,1.968696
member,34037,0,0,1,0.142297,0.867364,0.867364,0.426073,7.127747,1.930588,-0.426073
member,36290,6,9,0,2.068948,0.126319,0.237409,2.164810,0.529298,-0.630977,2.164810
member,27907,9,9,1,0.893116,0.409378,0.409378,1.376503,3.233133,0.323675,-1.376503
member,24656,5,6,0,1.656015,0.190898,0.215275,1.967266,1.581730,-0.120176,1.967266
member,16993,9,8,0,1.487252,0.225993,0.546118,1.205532,3.009088,-0.882331,1.205532
member,5345,4,5,0,1.717363,0.179539,0.228513,1.986551,1.282289,-0.241199,1.986551
member,5165,2,6,0,2.127738,0.119106,0.519957,1.605627,1.498452,-1.473728,1.605627
member,34825,8,9,0,1.407698,0.244706,0.282645,1.837075,1.491418,-0.144135,1.837075
member,1675,2,9,0,2.139181,0.117751,0.183903,2.223471,0.300006,-0.445836,2.223471
member,31689,4,6,0,1.671269,0.188008,0.286155,1.864898,2.000357,-0.420046,1.864898
member,4146,3,3,1,1.209603,0.298316,0.298316,1.845427,2.484328,0.265713,-1.845427
member,31935,1,2,0,1.723919,0.178366,0.205592,1.968652,2.057940,-0.142055,1.968652
member,18393,3,6,0,1.991885,0.136438,0.456642,1.536822,3.120649,-1.208028,1.536822
member,4707,4,0,0,5.427731,0.004393,0.808805,0.811143,-1.107628,-5.215533,0.811143
member,2585,9,8,0,1.806861,0.164169,0.520225,1.459375,1.588350,-1.153367,1.459375
member,28117,7,7,1,1.259776,0.283718,0.283718,2.017357,1.798293,0.679686,-2.017357
member,42179,0,9,0,2.427524,0.088255,0.372252,1.458870,1.436424,-1.439341,1.458870
member,31618,9,6,0,2.232440,0.107266,0.591164,1.456069,1.409132,-1.706778,1.456069
member,35763,0,0,1,0.122225,0.884949,0.884949,0.454674,5.376489,2.276521,-0.454674
member,22581,8,8,1,0.952321,0.385844,0.385844,1.581933,2.308873,0.385937,-1.581933
member,13835,0,1,0,4.721868,0.008899,0.251494,1.989284,-1.626556,-3.341531,1.989284
member,12044,2,0,0,1.865117,0.154878,0.207152,2.080025,0.747607,-0.290814,2.080025
member,30767,2,9,0,2.300169,0.100242,0.163315,2.222594,0.230637,-0.488093,2.222594
member,7128,3,3,1,1.429439,0.239443,0.239443,2.079667,1.456744,0.437132,-2.079667
member,22783,4,7,0,3.801537,0.022336,0.690323,1.182409,-0.227834,-3.430942,1.182409
member,23250,3,3,1,1.268088,0.281369,0.281369,1.904730,2.545807,0.472752,-1.904730
member,23885,3,1,0,2.034602,0.130733,0.276586,1.999800,0.812687,-0.749368,1.999800
member,40093,8,8,1,0.212586,0.808491,0.808491,0.776509,4.148814,2.165143,-0.776509
member,31011,1,8,0,1.240333,0.289288,0.394429,1.452800,2.355222,-0.310017,1.452800
member,12082,5,5,1,0.856346,0.424711,0.424711,1.663252,2.885830,1.001400,-1.663252
member,7786,9,9,1,1.025038,0.358783,0.358783,1.967621,1.674807,0.737436,-1.967621
member,5729,5,6,0,2.478393,0.083878,0.293393,1.954459,1.091344,-1.252149,1.954459
member,13963,9,0,0,1.571888,0.207653,0.372253,1.317524,3.380196,-0.583707,1.317524
member,49261,6,6,1,1.477666,0.228170,0.228170,1.875934,2.529134,0.099236,-1.875934
member,5121,7,1,0,2.920224,0.053922,0.229028,2.005465,0.352738,-1.446313,2.005465
member,10339,7,6,0,2.315353,0.098731,0.350945,1.845040,1.132657,-1.268227,1.845040
member,2820,8,8,1,0.723064,0.485263,0.485263,1.047090,4.025395,0.162876,-1.047090
member,32607,3,6,0,2.777240,0.062210,0.540425,1.522488,0.988798,-2.161840,1.522488
member,1034,9,0,0,1.607008,0.200486,0.281167,1.654194,1.787059,-0.338204,1.654194
member,233,0,9,0,3.801251,0.022343,0.462507,1.593663,-0.582070,-3.030158,1.593663
member,20696,2,6,0,2.014101,0.133440,0.227843,2.134270,0.641949,-0.535001,2.134270
member,45286,4,6,0,2.660990,0.069879,0.217283,2.116371,0.172923,-1.134436,2.116371
member,29064,7,7,1,0.757788,0.468702,0.468702,1.623112,2.619749,1.096247,-1.623112
member,16381,8,9,0,2.013736,0.133489,0.600311,1.198553,2.094155,-1.503428,1.198553
member,36641,1,1,1,0.140640,0.868802,0.868802,0.630262,4.438164,2.874071,-0.630262
member,11933,5,5,1,1.220620,0.295047,0.295047,1.929420,1.883377,0.176578,-1.929420
member,49557,0,9,0,1.837903,0.159151,0.190216,2.095478,0.786958,-0.178308,2.095478
member,1319,0,0,1,0.181700,0.833851,0.833851,0.513443,6.368564,1.700014,-0.513443
member,19421,6,7,0,2.330257,0.097271,0.222325,2.115869,0.233545,-0.826642,2.115869
member,14194,0,1,0,3.740758,0.023736,0.505305,1.268780,0.182650,-3.058164,1.268780
member,27211,0,9,0,1.892211,0.150738,0.276353,1.622419,1.540509,-0.606135,1.622419
member,23943,4,4,1,1.421215,0.241421,0.241421,1.822134,2.129476,0.023715,-1.822134
member,30570,1,9,0,1.321772,0.266662,0.417531,1.514589,2.024965,-0.448376,1.514589
member,24191,1,1,1,0.629631,0.532788,0.532788,1.493171,2.959797,1.016109,-1.493171
member,42795,4,6,0,1.830683,0.160304,0.196247,2.005693,1.277203,-0.202304,2.005693
member,23407,1,1,1,1.342789,0.261117,0.261117,2.044220,1.368192,0.072326,-2.044220
member,756,9,9,1,0.745013,0.474728,0.474728,1.347015,2.797664,0.276323,-1.347015
member,27669,8,0,0,2.462025,0.085262,0.201128,2.185673,0.151886,-0.858214,2.185673
member,5553,3,3,1,0.974436,0.377405,0.377405,1.733068,2.493623,0.278676,-1.733068
member,33456,8,1,0,3.305533,0.036680,0.152240,2.253189,-0.785339,-1.423239,2.253189
member,41063,1,8,0,1.439066,0.237149,0.452688,1.316552,2.593541,-0.646513,1.316552
member,18337,9,9,1,0.828409,0.436744,0.436744,1.236687,3.202225,0.026354,-1.236687
member,5042,4,3,0,2.680498,0.068529,0.310895,2.000065,0.507270,-1.512198,2.000065
member,20135,6,6,1,0.808096,0.445706,0.445706,1.697820,2.955840,1.275948,-1.697820
member,6491,3,8,0,2.800428,0.060784,0.200194,2.087356,-0.236748,-1.191959,2.087356
member,18129,6,4,0,1.652829,0.191507,0.288744,1.805742,2.270444,-0.410614,1.805742
member,30128,6,6,1,1.014606,0.362545,0.362545,1.830003,2.474108,1.039792,-1.830003
member,38903,3,1,0,1.295179,0.273849,0.277831,1.890336,2.048853,-0.014437,1.890336
member,14129,1,9,0,1.222000,0.294640,0.333930,1.515395,2.494261,-0.125177,1.515395
member,28147,5,3,0,2.341093,0.096222,0.276009,2.016116,0.711857,-1.053772,2.016116
member,6689,5,2,0,2.802430,0.060662,0.249766,2.004631,-0.127800,-1.415200,2.004631
member,9693,8,9,0,1.394238,0.248022,0.476479,1.341581,2.426683,-0.652906,1.341581
member,39652,1,9,0,2.846288,0.058059,0.530276,1.570781,0.292382,-2.211931,1.570781
member,811,8,8,1,0.857789,0.424099,0.424099,1.509890,2.821398,0.782739,-1.509890
member,28624,9,9,1,1.106521,0.330707,0.330707,1.948059,1.772444,0.622161,-1.948059
member,27745,1,9,0,1.520034,0.218704,0.293834,1.947425,1.454156,-0.295292,1.947425
member,23713,9,9,1,0.746370,0.474084,0.474084,1.296403,3.588089,0.580128,-1.296403
member,13504,8,9,0,3.041195,0.047778,0.293302,2.077563,-0.580128,-1.814644,2.077563
member,13797,6,7,0,2.495698,0.082439,0.203553,2.110099,0.182840,-0.903869,2.110099
member,33256,6,6,1,1.272300,0.280186,0.280186,2.040545,1.569171,0.837100,-2.040545
member,9720,3,3,1,1.094190,0.334811,0.334811,1.791509,2.524456,0.364516,-1.791509
member,44136,0,0,1,0.315311,0.729562,0.729562,0.957401,3.658415,1.497975,-0.957401
member,8317,9,9,1,0.621159,0.537321,0.537321,1.204698,3.441399,0.591288,-1.204698
member,36325,0,9,0,2.527675,0.079844,0.392897,1.855548,0.309103,-1.593467,1.855548
member,48421,5,3,0,2.007197,0.134365,0.347282,1.728363,1.950532,-0.949579,1.728363
member,39927,0,0,1,0.174986,0.839469,0.839469,0.583637,5.295567,1.947892,-0.583637
member,2630,1,1,1,1.233885,0.291159,0.291159,1.844145,1.879190,0.026759,-1.844145
member,18014,4,7,0,1.771668,0.170049,0.245578,2.051229,1.063765,-0.367528,2.051229
member,24531,6,6,1,0.392668,0.675253,0.675253,1.166117,4.664493,1.917284,-1.166117
member,8677,4,1,0,3.645754,0.026102,0.336111,1.782175,-0.510709,-2.555442,1.782175
member,1618,5,0,0,2.942611,0.052728,0.242158,2.150376,-0.452012,-1.524446,2.150376
member,21723,0,0,1,1.065707,0.344484,0.344484,1.835174,1.750532,0.216583,-1.835174
member,20564,4,6,0,2.841270,0.058352,0.618246,1.403761,1.077731,-2.360401,1.403761
member,16171,7,7,1,0.587981,0.555448,0.555448,1.576711,2.509165,1.761207,-1.576711
member,8489,8,0,0,2.425940,0.088395,0.431908,1.548806,0.951351,-1.586396,1.548806
member,16338,1,9,0,1.381577,0.251182,0.295243,1.957562,1.361749,-0.161619,1.957562
member,5455,3,0,0,2.806713,0.060403,0.275655,2.016459,0.045200,-1.518109,2.016459
member,35813,9,9,1,0.566226,0.567664,0.567664,1.432516,2.908671,1.136861,-1.432516
member,48471,9,8,0,0.996048,0.369336,0.462636,1.249933,2.993659,-0.225233,1.249933
member,22750,4,2,0,2.233255,0.107179,0.143452,2.278980,0.179968,-0.291497,2.278980
member,7831,7,9,0,2.685602,0.068180,0.534053,1.508560,0.570764,-2.058342,1.508560
member,16694,2,1,0,2.989349,0.050320,0.278414,1.835504,1.119354,-1.710702,1.835504
member,23467,9,9,1,0.884119,0.413078,0.413078,1.748729,2.261892,0.737926,-1.748729
member,5627,1,1,1,1.747115,0.174276,0.174276,2.154213,0.992312,0.004941,-2.154213
member,4222,8,8,1,1.171898,0.309778,0.309778,1.790733,1.768812,0.266971,-1.790733
member,35609,5,5,1,1.351725,0.258793,0.258793,1.893430,2.081245,0.043641,-1.893430
member,21130,5,3,0,1.769843,0.170360,0.247683,1.885164,2.653251,-0.374236,1.885164
member,18856,5,6,0,2.377083,0.092821,0.217556,2.040233,0.569535,-0.851784,2.040233
member,42678,0,9,0,2.282153,0.102064,0.550684,1.237816,2.009591,-1.685558,1.237816
member,10639,8,8,1,0.577807,0.561128,0.561128,1.095932,4.118858,0.751834,-1.095932
member,10613,8,0,0,1.339604,0.261949,0.446944,1.579389,1.880804,-0.534282,1.579389
member,45809,8,1,0,3.635734,0.026365,0.395254,1.809906,-0.415094,-2.707508,1.809906
member,18478,5,7,0,2.403790,0.090375,0.281080,1.894775,0.668670,-1.134672,1.894775
member,5762,2,0,0,3.340355,0.035424,0.599069,1.399431,-0.126798,-2.827976,1.399431
member,26689,3,9,0,2.799418,0.060845,0.687806,1.220000,0.584888,-2.425170,1.220000
member,44532,5,5,1,1.348599,0.259604,0.259604,1.902806,2.127353,0.418492,-1.902806
member,45317,1,1,1,1.045779,0.351418,0.351418,1.850583,2.226901,0.605062,-1.850583
member,44236,8,8,1,1.127078,0.323979,0.323979,1.942062,1.767260,0.602543,-1.942062
member,17596,6,6,1,1.163007,0.312545,0.312545,1.718990,3.192444,0.228635,-1.718990
member,45087,7,6,0,1.786490,0.167547,0.219069,1.931656,1.259867,-0.268123,1.931656
member,40910,0,0,1,0.206391,0.813515,0.813515,0.681443,4.667026,1.825116,-0.681443
member,22038,9,9,1,0.514760,0.597644,0.597644,1.122799,4.125287,0.934798,-1.122799
member,23254,0,8,0,2.698825,0.067285,0.628591,1.259757,1.023862,-2.234551,1.259757
member,45133,4,7,0,1.708199,0.181192,0.195072,1.868667,1.969585,-0.073815,1.868667
member,27771,5,5,1,1.029375,0.357230,0.357230,1.742133,2.590229,0.615282,-1.742133
member,10276,1,1,1,0.760162,0.467591,0.467591,1.617469,3.224957,0.824562,-1.617469
member,10241,2,6,0,2.663184,0.069726,0.525888,1.523701,1.400267,-2.020517,1.523701
member,210,6,3,0,1.846458,0.157795,0.163624,2.198458,0.656011,-0.036273,2.198458
member,28976,5,9,0,1.936057,0.144272,0.229935,1.987768,1.307416,-0.466099,1.987768
member,39435,0,8,0,1.625858,0.196743,0.295645,1.767502,1.533724,-0.407263,1.767502
member,43447,1,7,0,3.867379,0.020913,0.333186,1.908122,-0.832363,-2.768324,1.908122
member,43061,1,9,0,1.735042,0.176393,0.434748,1.613315,1.629675,-0.902053,1.613315
member,36050,9,9,1,0.457635,0.632778,0.632778,1.262446,3.217489,1.215402,-1.262446
member,13687,6,6,1,1.143390,0.318737,0.318737,1.758172,2.894847,0.691522,-1.758172
member,26071,5,5,1,0.976092,0.376781,0.376781,1.644468,3.216174,0.360393,-1.644468
member,3022,5,6,0,1.618552,0.198185,0.418253,1.703965,1.935188,-0.746884,1.703965
member,4110,3,0,0,3.760274,0.023277,0.534637,1.477334,-0.557567,-3.134107,1.477334
member,19011,0,0,1,0.364104,0.694819,0.694819,0.972715,3.789216,1.221431,-0.972715
member,15838,9,1,0,2.090480,0.123628,0.207853,2.130827,0.730366,-0.519558,2.130827
member,46039,9,7,0,4.945511,0.007115,0.546801,1.466707,-0.452082,-4.341842,1.466707
member,6756,8,8,1,1.156912,0.314456,0.314456,1.916617,1.651142,0.287584,-1.916617
member,18806,8,8,1,0.439801,0.644164,0.644164,1.291105,3.052709,1.751093,-1.291105
member,32676,8,0,0,0.984110,0.373772,0.449146,1.211284,3.667904,-0.183702,1.211284
member,42726,1,8,0,1.983290,0.137616,0.703500,0.921996,4.327216,-1.631603,0.921996
member,11065,7,7,1,1.408185,0.244587,0.244587,1.805006,2.607438,0.141348,-1.805006
member,17179,4,8,0,5.040353,0.006471,0.475962,1.480911,-1.670006,-4.297936,1.480911
member,27737,2,6,0,2.299418,0.100317,0.314819,1.872214,1.489092,-1.143660,1.872214
member,24456,8,8,1,0.392643,0.675270,0.675270,1.023399,4.307295,1.468231,-1.023399
member,36004,0,0,1,0.147725,0.862668,0.862668,0.649790,4.210782,2.970234,-0.649790
member,36082,5,8,0,3.004081,0.049584,0.211967,2.139598,-0.486972,-1.452757,2.139598
member,41990,2,7,0,1.875970,0.153206,0.232426,2.035936,0.808683,-0.416787,2.035936
member,14411,6,6,1,1.539677,0.214450,0.214450,1.884103,2.275385,0.176884,-1.884103
member,8530,2,7,0,2.259587,0.104394,0.244536,1.935072,0.677175,-0.851196,1.935072
member,33306,5,5,1,1.144919,0.318250,0.318250,1.714190,2.959113,0.296613,-1.714190
member,23783,9,9,1,0.712093,0.490616,0.490616,1.457603,2.883283,0.751531,-1.457603
member,14337,5,6,0,2.567702,0.076712,0.355844,1.739738,1.458239,-1.534440,1.739738
member,22954,8,8,1,0.567356,0.567023,0.567023,1.327989,3.139504,1.274714,-1.327989
member,36823,6,3,0,1.614517,0.198987,0.267319,1.901969,2.054412,-0.295207,1.901969
member,11450,5,7,0,2.040215,0.130001,0.257054,2.045926,0.463054,-0.681745,2.045926
member,7258,2,8,0,5.776596,0.003099,0.460951,1.136454,-0.218352,-5.002132,1.136454
member,42764,9,8,0,1.654303,0.191225,0.542447,1.217768,3.432609,-1.042638,1.217768
member,49141,7,7,1,1.225217,0.293694,0.293694,1.731810,2.806641,0.148895,-1.731810
member,18603,0,0,1,0.018141,0.982023,0.982023,0.108874,7.091319,4.321977,-0.108874
member,3031,5,6,0,2.056811,0.127861,0.295842,1.980003,1.029844,-0.838880,1.980003
member,46317,6,6,1,1.303150,0.271675,0.271675,1.777646,2.889710,0.061782,-1.777646
member,7229,5,0,0,2.025790,0.131890,0.343538,1.868350,1.132568,-0.957333,1.868350
member,116,0,1,0,3.818628,0.021958,0.377704,1.488226,-0.235905,-2.844985,1.488226
member,9246,6,9,0,2.819291,0.059648,0.252197,2.119822,-0.246497,-1.441744,2.119822
member,19475,4,6,0,1.425413,0.240409,0.434474,1.561224,3.040072,-0.591794,1.561224
member,18809,6,6,1,1.800835,0.165161,0.165161,2.159114,0.907614,0.084174,-2.159114
member,24556,6,7,0,2.909019,0.054529,0.352648,1.799909,0.438971,-1.866735,1.799909
member,3795,3,5,0,1.376458,0.252471,0.372759,1.686454,2.249936,-0.389634,1.686454
member,46265,3,5,0,1.833106,0.159916,0.186505,2.223992,0.734226,-0.153811,2.223992
member,47402,0,0,1,0.522929,0.592782,0.592782,1.493729,2.592161,1.995224,-1.493729
member,12414,0,6,0,6.714524,0.001213,0.289465,1.947214,-3.269447,-5.474804,1.947214
member,5879,6,1,0,1.530438,0.216441,0.277663,1.898888,1.688401,-0.249090,1.898888
member,13396,3,1,0,2.638961,0.071435,0.271637,2.105232,0.227640,-1.335672,2.105232
member,30392,9,7,0,2.160270,0.115294,0.183470,2.101297,0.539885,-0.464566,2.101297
member,38491,1,1,1,1.558548,0.210441,0.210441,2.095334,1.131875,0.053281,-2.095334
member,6802,2,7,0,2.170322,0.114141,0.334243,1.881921,0.699081,-1.074433,1.881921
member,25304,7,1,0,2.191854,0.111710,0.203178,2.153721,0.507991,-0.598179,2.153721
member,34697,1,1,1,1.097039,0.333858,0.333858,1.868210,2.185736,0.505101,-1.868210
member,8586,5,7,0,2.833277,0.058820,0.225166,1.968028,0.321619,-1.342359,1.968028
member,45078,6,6,1,0.948984,0.387134,0.387134,1.549925,3.743073,0.364598,-1.549925
member,48407,4,2,0,2.019356,0.132741,0.217035,2.115769,0.575158,-0.491659,2.115769
member,5625,4,6,0,1.462518,0.231652,0.279017,1.758447,2.653751,-0.186037,1.758447
member,10342,9,9,1,0.666668,0.513416,0.513416,1.470170,2.675766,0.942916,-1.470170
member,15695,2,4,0,1.884130,0.151961,0.245398,1.999190,1.124959,-0.479258,1.999190
member,17258,9,9,1,0.686832,0.503168,0.503168,1.612286,2.517225,1.335246,-1.612286
member,34824,4,9,0,3.349896,0.035088,0.242753,2.112881,-0.676576,-1.934184,2.112881
member,39719,0,0,1,1.051546,0.349397,0.349397,1.590846,2.528233,0.419819,-1.590846
member,47284,3,3,1,1.341246,0.261520,0.261520,1.799997,3.040442,0.114666,-1.799997
member,35249,8,8,1,0.679758,0.506739,0.506739,1.338996,3.326966,0.857149,-1.338996
member,5920,5,1,0,3.826331,0.021789,0.324501,1.784246,-1.025097,-2.700865,1.784246
member,14625,6,6,1,1.160491,0.313332,0.313332,1.946671,1.943527,0.856798,-1.946671
member,16113,0,0,1,0.052540,0.948816,0.948816,0.208538,9.145358,2.942571,-0.208538
member,7266,5,6,0,2.634652,0.071744,0.453659,1.627889,1.279456,-1.844243,1.627889
member,36754,9,6,0,2.723108,0.065670,0.240066,2.080416,0.329940,-1.296266,2.080416
member,14982,8,8,1,0.912254,0.401618,0.401618,1.479046,3.035037,0.578118,-1.479046
member,75,1,2,0,2.209753,0.109728,0.194993,2.218598,0.305286,-0.574960,2.218598
member,35250,4,6,0,2.835413,0.058694,0.665933,1.260509,1.834574,-2.428847,1.260509
member,26830,4,3,0,2.288232,0.101446,0.241294,1.937084,1.254980,-0.866491,1.937084
member,44839,7,4,0,1.611831,0.199522,0.230210,1.876107,1.779620,-0.143068,1.876107
member,1124,3,3,1,1.900966,0.149424,0.149424,2.210041,0.565518,0.045945,-2.210041
member,25981,5,3,0,1.382249,0.251014,0.281023,1.674963,2.984012,-0.112928,1.674963
member,42314,4,8,0,3.465723,0.031250,0.309087,1.854652,-0.648449,-2.291590,1.854652
member,16454,9,9,1,1.012729,0.363226,0.363226,1.900362,1.832203,0.562066,-1.900362
member,45755,9,9,1,0.881412,0.414198,0.414198,1.234647,3.980707,0.297725,-1.234647
member,6427,2,7,0,2.480746,0.083681,0.209536,2.138686,0.101480,-0.917886,2.138686
member,27934,0,0,1,0.545475,0.579566,0.579566,1.469602,2.595413,1.316740,-1.469602
member,30843,9,3,0,2.219713,0.108640,0.193527,2.136776,0.839056,-0.577375,2.136776
member,30081,2,6,0,3.574509,0.028029,0.445067,1.614953,0.939016,-2.764978,1.614953
member,15006,5,1,0,2.974153,0.051091,0.325897,2.063543,-0.219822,-1.852979,2.063543
member,34082,4,7,0,1.418285,0.242129,0.313468,1.801206,1.980463,-0.258225,1.801206
member,40402,8,8,1,0.926615,0.395892,0.395892,1.387187,3.357426,0.294882,-1.387187
member,47394,3,6,0,1.923233,0.146134,0.159639,2.113420,0.794767,-0.088394,2.113420
member,28703,0,0,1,0.831386,0.435445,0.435445,1.562981,2.563933,0.674756,-1.562981
member,35848,6,6,1,0.639613,0.527496,0.527496,1.602217,3.180961,1.642516,-1.602217
member,47720,5,6,0,2.869087,0.056751,0.244369,1.981658,0.303597,-1.460011,1.981658
member,29395,3,3,1,1.444890,0.235772,0.235772,2.002269,1.749482,0.269479,-2.002269
member,14579,5,0,0,1.888901,0.151238,0.213577,2.191754,0.637325,-0.345145,2.191754
member,17900,2,6,0,2.754868,0.063617,0.337735,1.829792,0.651851,-1.669373,1.829792
member,194,2,0,0,2.870818,0.056653,0.274339,1.889789,-0.040339,-1.577427,1.889789
member,48182,1,9,0,1.949005,0.142416,0.432933,1.164814,2.747498,-1.111833,1.164814
member,30799,4,9,0,4.872392,0.007655,0.540984,1.386443,-1.295233,-4.258026,1.386443
member,19219,8,1,0,1.828650,0.160630,0.310685,1.933659,1.018987,-0.659673,1.933659
member,46098,7,7,1,1.069655,0.343127,0.343127,1.821671,2.167655,0.668228,-1.821671
member,2813,7,0,0,2.315829,0.098684,0.475382,1.754458,0.495266,-1.572192,1.754458
member,20370,8,8,1,0.990746,0.371300,0.371300,1.784907,1.895502,0.505214,-1.784907
member,6537,6,6,1,0.571781,0.564519,0.564519,1.531146,3.190421,1.858107,-1.531146
member,2664,9,9,1,0.737201,0.478451,0.478451,1.676601,2.278312,1.005655,-1.676601
member,22856,9,9,1,0.569063,0.566056,0.566056,1.279412,3.173260,1.010351,-1.279412
member,11617,3,0,0,2.624724,0.072460,0.319230,2.040316,-0.060728,-1.482881,2.040316
member,2952,8,5,0,6.411578,0.001642,0.317046,1.654492,-2.596598,-5.262870,1.654492
member,45701,4,3,0,2.287702,0.101499,0.291737,1.877594,1.011667,-1.055801,1.877594
member,12058,2,5,0,2.046070,0.129242,0.282749,1.809084,1.363726,-0.782876,1.809084
member,29338,0,0,1,0.378824,0.684666,0.684666,1.259678,2.900847,2.195675,-1.259678
member,45490,7,1,0,2.547162,0.078304,0.166099,2.183755,0.035817,-0.751990,2.183755
member,26378,4,9,0,2.602130,0.074116,0.187824,2.216394,-0.140595,-0.929879,2.216394
member,27861,8,8,1,0.327400,0.720796,0.720796,0.768435,5.649576,1.137475,-0.768435
member,10533,9,9,1,0.817183,0.441674,0.441674,1.223046,4.468610,0.319890,-1.223046
member,15458,6,6,1,1.044807,0.351760,0.351760,1.900231,2.539792,0.949147,-1.900231
member,49676,1,8,0,2.084541,0.124364,0.406823,1.564335,1.216912,-1.185164,1.564335
member,45504,5,2,0,2.691032,0.067811,0.255724,1.818803,0.762346,-1.327376,1.818803
member,43501,6,6,1,1.254854,0.285118,0.285118,1.905708,1.852006,0.305941,-1.905708
member,34623,3,7,0,2.462209,0.085246,0.199242,2.175178,-0.014530,-0.848975,2.175178
member,5504,5,3,0,1.981306,0.137889,0.223318,2.076804,1.050013,-0.482147,2.076804
member,16256,1,6,0,2.380937,0.092464,0.272822,1.977169,0.875327,-1.082002,1.977169
member,9237,6,6,1,1.118729,0.326695,0.326695,1.992741,2.119107,1.074310,-1.992741
member,45502,3,8,0,1.945051,0.142980,0.402258,1.822315,0.994288,-1.034391,1.822315
member,7950,6,6,1,1.158563,0.313937,0.313937,1.931289,2.314209,0.567335,-1.931289
member,13683,6,6,1,1.438312,0.237328,0.237328,1.894944,1.992424,0.184248,-1.894944
member,15632,1,6,0,1.456924,0.232952,0.245233,1.941472,1.818447,-0.051379,1.941472
member,26306,8,1,0,5.950973,0.002603,0.548890,1.566986,-2.277423,-5.351116,1.566986
member,22071,3,7,0,1.559415,0.210259,0.338978,1.671761,1.687776,-0.477596,1.671761
member,36752,2,7,0,1.959350,0.140950,0.233687,1.929144,1.364971,-0.505579,1.929144
member,48320,8,9,0,1.870205,0.154092,0.273209,2.107284,0.738823,-0.572688,2.107284
member,29278,4,7,0,1.924982,0.145878,0.366356,1.709643,1.875140,-0.920833,1.709643
member,1631,1,6,0,2.820393,0.059583,0.617414,1.400306,1.397485,-2.338177,1.400306
member,6108,3,6,0,2.229887,0.107541,0.430340,1.738037,1.728276,-1.386707,1.738037
member,24339,5,8,0,1.729322,0.177405,0.362460,1.922780,1.349349,-0.714480,1.922780
member,15814,1,1,1,0.622155,0.536787,0.536787,1.289597,3.176940,0.820111,-1.289597
member,24383,0,6,0,4.047182,0.017472,0.177677,2.141213,-1.260700,-2.319396,2.141213
member,26607,0,8,0,1.683527,0.185718,0.475367,1.327934,2.663361,-0.939859,1.327934
member,839,5,5,1,1.372297,0.253524,0.253524,1.931944,1.747325,0.219699,-1.931944
member,11475,0,0,1,0.305444,0.736796,0.736796,0.948061,3.976403,1.758059,-0.948061
member,20626,3,3,1,0.882566,0.413720,0.413720,1.825480,2.433253,0.812016,-1.825480
member,8279,4,7,0,2.081971,0.124684,0.208300,1.868060,1.644238,-0.513196,1.868060
member,30633,8,0,0,1.145706,0.317999,0.519342,1.267697,2.591756,-0.490515,1.267697
member,49340,0,0,1,0.137804,0.871269,0.871269,0.533988,5.083811,2.343701,-0.533988
member,42844,0,0,1,1.664447,0.189295,0.189295,2.187440,0.787173,0.157102,-2.187440
member,31544,3,3,1,1.021479,0.360062,0.360062,1.716626,3.182548,0.358698,-1.716626
member,29500,8,8,1,0.326112,0.721724,0.721724,0.852142,4.509558,1.274370,-0.852142
member,47762,8,1,0,2.614872,0.073177,0.405115,1.696072,0.551551,-1.711288,1.696072
member,8875,1,1,1,0.908198,0.403250,0.403250,1.778053,2.108745,0.704273,-1.778053
member,43097,4,7,0,1.970544,0.139381,0.271021,2.008723,0.755588,-0.664985,2.008723
member,30914,0,0,1,0.233987,0.791372,0.791372,0.729176,4.459396,1.663473,-0.729176
member,5685,1,9,0,2.370901,0.093397,0.416834,1.548416,1.130383,-1.495834,1.548416
member,5733,3,9,0,1.675875,0.187144,0.206422,2.140896,0.770829,-0.098042,2.140896
member,30292,6,6,1,0.664650,0.514454,0.514454,1.569468,3.093518,1.471075,-1.569468
member,11300,7,9,0,3.485495,0.030639,0.533999,1.357770,0.432331,-2.858134,1.357770
member,5598,3,5,0,1.836191,0.159423,0.214269,2.049218,1.199272,-0.295669,2.049218
member,2517,6,6,1,0.672697,0.510330,0.510330,1.582808,3.368479,1.342481,-1.582808
member,25779,4,6,0,1.992263,0.136386,0.309919,1.742900,2.335922,-0.820819,1.742900
member,19825,5,6,0,1.742623,0.175061,0.453351,1.570272,2.917142,-0.951535,1.570272
member,35669,3,7,0,2.614086,0.073235,0.383731,1.917139,0.228940,-1.656272,1.917139
member,47048,0,8,0,3.234982,0.039361,0.418061,1.550206,0.049015,-2.362854,1.550206
member,18331,1,8,0,1.857934,0.155995,0.349070,1.718660,1.085531,-0.805450,1.718660
member,1846,3,5,0,2.609990,0.073535,0.175107,2.213137,-0.040244,-0.867632,2.213137
member,18502,4,6,0,2.117323,0.120353,0.343226,1.950741,0.921218,-1.047956,1.950741
member,20217,0,8,0,1.518958,0.218940,0.367536,1.678486,1.715889,-0.518024,1.678486
member,40292,8,9,0,1.452163,0.234063,0.364762,1.452554,2.418207,-0.443653,1.452554
member,34983,8,0,0,1.634357,0.195078,0.347552,1.814926,1.288878,-0.577515,1.814926
member,27970,1,1,1,0.733514,0.480218,0.480218,1.542301,2.854251,0.732884,-1.542301
member,28359,9,1,0,1.369411,0.254257,0.365097,1.565834,2.304385,-0.361818,1.565834
member,17901,1,9,0,1.943040,0.143268,0.215364,2.052207,1.185530,-0.407614,2.052207
member,27087,6,6,1,1.339805,0.261897,0.261897,1.989077,1.554634,0.454754,-1.989077
member,12440,3,5,0,1.438198,0.237355,0.370141,1.545763,3.134412,-0.444327,1.545763
member,12594,1,0,0,3.118948,0.044204,0.862598,0.587367,2.227189,-2.971142,0.587367
member,3197,0,0,1,0.875085,0.416826,0.416826,1.728125,2.065737,0.506919,-1.728125
member,2865,3,6,0,1.937745,0.144028,0.428467,1.692837,2.020374,-1.090203,1.692837
member,23311,1,9,0,2.240219,0.106435,0.229496,2.024235,0.751674,-0.768349,2.024235
member,19741,0,0,1,0.072533,0.930035,0.930035,0.383665,4.928367,3.929728,-0.383665
member,9452,4,0,0,5.900858,0.002737,0.507149,1.233388,-1.974849,-5.221908,1.233388
member,34236,3,9,0,2.184965,0.112482,0.236791,2.062243,0.505863,-0.744388,2.062243
member,1736,1,1,1,0.784265,0.456455,0.456455,1.593047,2.567387,0.769879,-1.593047
member,45115,8,0,0,1.348298,0.259682,0.514280,1.435844,1.973615,-0.683312,1.435844
member,28334,4,9,0,2.672670,0.069068,0.220835,2.176079,-0.190225,-1.162329,2.176079
member,11757,4,7,0,2.514164,0.080931,0.256603,1.999368,0.926615,-1.153941,1.999368
member,34580,2,6,0,2.563027,0.077071,0.490326,1.542253,1.793741,-1.850342,1.542253
member,7029,8,8,1,1.304879,0.271205,0.271205,2.015617,1.331993,0.409690,-2.015617
member,23578,1,6,0,2.572050,0.076379,0.405408,1.743616,1.886845,-1.669190,1.743616
member,10859,9,9,1,0.437154,0.645872,0.645872,1.014758,4.887143,1.250900,-1.014758
member,38468,7,7,1,1.503714,0.222303,0.222303,1.998207,1.586464,0.188997,-1.998207
member,16372,2,3,0,1.919788,0.146638,0.152436,2.160229,0.742599,-0.038777,2.160229
member,14054,8,0,0,3.261218,0.038342,0.638539,1.354478,0.176776,-2.812646,1.354478
member,38564,5,5,1,1.224997,0.293759,0.293759,1.698365,2.771706,0.050529,-1.698365
member,34913,1,1,1,0.475280,0.621711,0.621711,1.132200,3.712265,0.894485,-1.132200
member,49084,1,1,1,0.781953,0.457512,0.457512,1.673010,2.402005,0.747589,-1.673010
member,1930,7,7,1,1.346052,0.260266,0.260266,1.970426,1.734840,0.180855,-1.970426
member,46498,8,9,0,1.497187,0.223759,0.426270,1.609593,1.765066,-0.644505,1.609593
member,1126,6,6,1,1.394392,0.247984,0.247984,1.922156,1.990270,0.252716,-1.922156
member,14233,7,5,0,1.917039,0.147042,0.234550,1.939386,1.365971,-0.466953,1.939386
member,44700,5,5,1,0.867234,0.420112,0.420112,1.816639,2.430392,1.134394,-1.816639
member,30321,0,1,0,6.848554,0.001061,0.613101,0.980203,-2.054563,-6.359328,0.980203
member,42697,1,8,0,1.881854,0.152307,0.645333,1.044560,2.746903,-1.443866,1.044560
member,7479,9,9,1,0.688739,0.502209,0.502209,1.441515,2.793665,0.664284,-1.441515
member,29036,7,7,1,1.305898,0.270929,0.270929,1.831915,2.502169,0.367170,-1.831915
member,12589,2,0,0,2.291857,0.101079,0.262356,2.122430,0.307330,-0.953805,2.122430
member,44510,2,1,0,3.722909,0.024164,0.470699,1.571375,0.308553,-2.969373,1.571375
member,13588,9,1,0,1.946315,0.142799,0.294268,2.038937,0.726123,-0.723051,2.038937
member,17306,5,7,0,2.367550,0.093710,0.225974,2.157249,0.128845,-0.880214,2.157249
member,2888,6,9,0,1.852393,0.156861,0.202521,2.022811,1.176846,-0.255480,2.022811
member,46393,5,5,1,1.291785,0.274780,0.274780,1.852574,2.423694,0.389149,-1.852574
member,22034,0,7,0,1.547467,0.212786,0.219412,1.969793,1.263176,-0.030663,1.969793
member,20137,4,7,0,1.898624,0.149775,0.251950,2.014204,1.245566,-0.520099,2.014204
member,36454,5,7,0,2.382140,0.092353,0.276173,1.957311,0.798613,-1.095410,1.957311
member,8877,6,6,1,1.121940,0.325647,0.325647,1.903373,2.152966,0.759411,-1.903373
member,30442,4,0,0,3.554135,0.028606,0.539327,1.572708,-0.497669,-2.936701,1.572708
member,29915,8,0,0,0.774911,0.460745,0.501497,0.857511,6.102809,-0.084754,0.857511
member,48715,5,6,0,2.998574,0.049858,0.341816,1.850417,0.851983,-1.925092,1.850417
member,36947,6,6,1,0.941653,0.389983,0.389983,1.800186,2.410835,1.013880,-1.800186
member,8668,8,0,0,1.435781,0.237929,0.487197,1.560495,1.706737,-0.716693,1.560495
member,31394,2,9,0,4.884305,0.007564,0.440804,1.368137,-0.778207,-4.065151,1.368137
member,41419,9,9,1,0.560881,0.570706,0.570706,1.135228,3.617698,0.684439,-1.135228
member,10240,2,7,0,1.914437,0.147425,0.248519,1.851611,1.436278,-0.522199,1.851611
member,7596,2,7,0,2.119602,0.120079,0.292714,2.044489,0.576880,-0.891041,2.044489
member,43330,5,6,0,1.959116,0.140983,0.209003,2.111685,0.857567,-0.393712,2.111685
member,8870,8,1,0,6.347533,0.001751,0.373407,1.625519,-1.925581,-5.362446,1.625519
member,7800,7,5,0,1.405916,0.245143,0.249862,1.776387,2.314665,-0.019070,1.776387
member,20999,8,5,0,6.201915,0.002026,0.381037,1.656638,-2.464572,-5.237057,1.656638
member,13035,2,0,0,6.029082,0.002408,0.794978,0.714403,-0.814055,-5.799642,0.714403
member,19849,7,7,1,1.202310,0.300499,0.300499,1.903294,2.224177,0.649001,-1.903294
member,5200,7,9,0,3.086561,0.045659,0.403138,1.611122,0.417543,-2.178084,1.611122
member,38426,9,1,0,2.671358,0.069158,0.328460,2.073875,0.200196,-1.558017,2.073875
member,45463,9,6,0,2.604355,0.073951,0.324334,1.802421,1.071472,-1.478374,1.802421
member,33669,4,9,0,2.881258,0.056064,0.199534,2.184492,-0.383069,-1.269490,2.184492
member,40488,2,5,0,2.335711,0.096742,0.244985,1.771754,1.487712,-0.929152,1.771754
member,13160,9,7,0,2.964154,0.051604,0.303868,1.961493,0.242957,-1.772991,1.961493
member,5662,9,9,1,0.811360,0.444254,0.444254,1.414528,2.798005,0.570760,-1.414528
member,44310,8,0,0,1.724384,0.178283,0.797965,0.608384,4.074537,-1.498694,0.608384
member,34267,4,7,0,2.124283,0.119519,0.295667,2.082112,0.455088,-0.905761,2.082112
member,7955,7,7,1,0.681614,0.505800,0.505800,1.577262,2.528330,1.255608,-1.577262
member,12968,4,7,0,2.658087,0.070082,0.316396,1.986598,-0.006053,-1.507326,1.986598
member,49696,8,8,1,0.842649,0.430569,0.430569,1.459682,2.758158,0.399557,-1.459682
member,42655,1,1,1,0.377693,0.685441,0.685441,0.966336,4.164673,1.110877,-0.966336
member,30691,8,8,1,0.168031,0.845328,0.845328,0.631620,5.145982,2.694514,-0.631620
member,61,1,9,0,1.308129,0.270325,0.287083,1.824427,1.590424,-0.060145,1.824427
member,33594,6,7,0,2.364442,0.094002,0.247289,2.004832,0.610224,-0.967243,2.004832
member,12909,7,3,0,2.132647,0.118523,0.228118,2.110361,0.545594,-0.654754,2.110361
member,27717,9,9,1,0.702023,0.495582,0.495582,1.181335,3.230386,0.252423,-1.181335
member,10827,9,1,0,1.572277,0.207572,0.389231,1.865208,1.522691,-0.628694,1.865208
member,26231,6,6,1,0.378671,0.684771,0.684771,1.209171,4.125503,2.269794,-1.209171
member,7779,5,3,0,1.972885,0.139055,0.140220,2.253450,0.493328,-0.008341,2.253450
member,40065,4,7,0,1.937933,0.144001,0.288005,1.908360,1.195212,-0.693157,1.908360
member,10202,0,1,0,7.006014,0.000906,0.465990,1.608434,-3.298075,-6.242423,1.608434
member,1808,7,7,1,1.636401,0.194679,0.194679,2.087903,1.148921,0.094601,-2.087903
member,37577,4,6,0,1.516187,0.219547,0.219717,1.771789,2.946465,-0.000772,1.771789
member,42763,8,9,0,1.216259,0.296337,0.322480,1.442489,3.161787,-0.084543,1.442489
member,22281,2,7,0,1.793003,0.166460,0.338770,1.822720,1.281776,-0.710570,1.822720
member,31942,6,0,0,4.055401,0.017329,0.237116,2.012777,-1.363051,-2.616197,2.012777
member,41614,9,0,0,1.301857,0.272026,0.349590,1.620239,2.114487,-0.250863,1.620239
member,10424,5,6,0,2.066996,0.126565,0.319322,1.949472,1.140025,-0.925441,1.949472
member,13614,8,8,1,0.653669,0.520134,0.520134,1.396198,2.860943,0.824515,-1.396198
member,27269,5,7,0,2.807152,0.060377,0.288313,1.906432,0.191398,-1.563444,1.906432
member,8420,3,6,0,2.176157,0.113477,0.334035,1.959268,1.047717,-1.079646,1.959268
member,33890,2,9,0,2.473011,0.084331,0.252971,2.145975,0.078371,-1.098533,2.145975
member,32671,8,9,0,1.538370,0.214731,0.245985,2.002685,1.180513,-0.135886,2.002685
member,10632,5,9,0,3.134459,0.043523,0.333766,1.821122,0.400772,-2.037144,1.821122
member,30902,1,1,1,0.326238,0.721634,0.721634,0.907766,4.139852,1.390847,-0.907766
member,3489,9,9,1,1.425785,0.240320,0.240320,2.016397,1.544120,0.124127,-2.016397
member,45940,2,6,0,2.141269,0.117506,0.291183,1.829880,1.701872,-0.907464,1.829880
member,13958,8,0,0,2.563435,0.077040,0.399526,1.762722,0.494770,-1.645958,1.762722
member,12203,6,9,0,2.299866,0.100272,0.383052,1.816944,0.579491,-1.340280,1.816944
member,28964,3,6,0,1.863142,0.155184,0.306668,1.959471,1.111735,-0.681151,1.959471
member,25286,4,9,0,2.165001,0.114750,0.163463,2.228065,0.327540,-0.353830,2.228065
member,9186,7,3,0,1.727230,0.177776,0.183037,2.140323,0.758316,-0.029162,2.140323
member,17150,4,9,0,2.226546,0.107900,0.303566,1.997311,0.508906,-1.034389,1.997311
member,43189,5,0,0,7.371994,0.000629,0.712311,0.873624,-2.275260,-7.032754,0.873624
member,15650,6,1,0,2.155095,0.115892,0.165990,2.144945,0.518041,-0.359265,2.144945
member,6658,3,3,1,1.335578,0.263006,0.263006,1.866702,2.377620,0.046113,-1.866702
member,28374,6,6,1,1.141116,0.319462,0.319462,2.015890,1.678570,0.941712,-2.015890
member,23879,4,9,0,2.684408,0.068262,0.272120,1.928398,0.319212,-1.382896,1.928398
member,45458,3,7,0,1.707885,0.181249,0.245029,2.000110,1.063090,-0.301504,2.000110
member,35087,6,1,0,2.415753,0.089300,0.221600,2.186819,0.170154,-0.908873,2.186819
member,41987,4,6,0,2.264287,0.103904,0.375013,1.696759,1.819884,-1.283493,1.696759
member,32266,9,9,1,0.406577,0.665926,0.665926,1.031366,4.032181,1.196455,-1.031366
member,42973,9,8,0,2.713448,0.066308,0.569947,1.078207,2.429510,-2.151235,1.078207
member,1572,9,1,0,1.294743,0.273968,0.432015,1.376578,2.986692,-0.455449,1.376578
member,32569,6,9,0,1.807403,0.164080,0.224289,1.998684,1.297826,-0.312583,1.998684
member,35279,0,0,1,0.593591,0.552340,0.552340,1.463662,2.585236,1.009767,-1.463662
member,46451,2,6,0,2.300699,0.100189,0.462007,1.621780,1.647255,-1.528524,1.621780
member,16124,6,6,1,0.429942,0.650547,0.650547,1.317308,3.763169,2.267524,-1.317308
member,13431,2,0,0,4.245723,0.014325,0.745608,0.871149,0.086811,-3.952168,0.871149
member,6179,6,6,1,1.443122,0.236189,0.236189,2.030285,1.410786,0.268234,-2.030285
member,32679,1,1,1,0.325819,0.721936,0.721936,1.132258,3.591726,2.448473,-1.132258
member,939,4,6,0,1.617560,0.198382,0.299225,1.886268,1.604730,-0.411001,1.886268
member,29188,1,5,0,1.806743,0.164188,0.273047,1.875434,1.919047,-0.508631,1.875434
member,34755,5,3,0,2.268145,0.103504,0.125568,2.287717,0.107443,-0.193234,2.287717
member,49311,6,2,0,1.829776,0.160450,0.176212,2.158493,0.740344,-0.093710,2.158493
member,8825,1,8,0,2.516129,0.080772,0.364543,1.545111,0.830173,-1.507017,1.545111
member,31072,1,1,1,1.048998,0.350288,0.350288,1.783651,2.310627,0.339516,-1.783651
member,35210,8,9,0,2.586301,0.075298,0.287130,1.966496,0.143585,-1.338482,1.966496
member,15255,0,6,0,7.346041,0.000645,0.434124,1.668737,-3.536072,-6.511617,1.668737
member,42004,8,1,0,3.777839,0.022872,0.381622,1.517183,0.171324,-2.814513,1.517183
member,22853,5,1,0,2.104043,0.121962,0.147061,2.257053,0.342970,-0.187135,2.257053
member,46718,1,9,0,1.437162,0.237601,0.476374,1.598845,1.572617,-0.695611,1.598845
member,3460,4,7,0,2.113788,0.120780,0.319336,1.929434,1.237177,-0.972275,1.929434
member,49939,7,7,1,1.297056,0.273335,0.273335,2.043799,1.487602,0.530657,-2.043799
member,6832,6,6,1,1.295964,0.273634,0.273634,1.884445,2.749502,0.319949,-1.884445
member,33010,9,8,0,1.114077,0.328218,0.520546,1.184888,3.013828,-0.461200,1.184888
member,11306,8,9,0,1.665195,0.189154,0.458496,1.659222,1.300147,-0.885391,1.659222
member,48619,6,6,1,1.522340,0.218201,0.218201,2.058410,1.374169,0.232917,-2.058410
member,36073,5,6,0,1.713300,0.180270,0.236793,2.011598,1.563863,-0.272731,2.011598
member,28455,7,9,0,2.302537,0.100005,0.349776,1.735555,0.794472,-1.252074,1.735555
member,27963,3,7,0,2.420947,0.088837,0.215190,2.065751,0.164496,-0.884713,2.065751
member,34854,5,9,0,3.158167,0.042504,0.233097,1.993292,0.008549,-1.701867,1.993292
member,35412,6,6,1,1.358402,0.257071,0.257071,1.892347,2.503975,0.124701,-1.892347
member,27700,1,9,0,1.916894,0.147063,0.397259,1.708055,1.214591,-0.993727,1.708055
member,38261,1,6,0,2.314173,0.098848,0.297413,1.938166,1.214289,-1.101538,1.938166
member,41279,1,1,1,0.299426,0.741244,0.741244,1.012829,3.885126,2.209027,-1.012829
member,49225,1,9,0,2.788816,0.061494,0.724726,0.931406,1.803103,-2.466855,0.931406
member,3021,5,7,0,1.980136,0.138050,0.283675,1.891462,1.709659,-0.720210,1.891462
member,3220,3,3,1,1.322377,0.266501,0.266501,1.918829,2.225687,0.304124,-1.918829
member,17937,4,6,0,1.335384,0.263057,0.294037,1.779171,2.523858,-0.111336,1.779171
member,23712,5,7,0,2.089531,0.123745,0.352641,1.865851,1.127525,-1.047227,1.865851
member,150,3,9,0,2.391046,0.091534,0.146277,2.131372,0.378726,-0.468792,2.131372
member,12613,9,7,0,2.462564,0.085216,0.556160,1.573471,0.803753,-1.875865,1.573471
member,18554,6,7,0,2.407868,0.090007,0.189970,2.208595,0.082191,-0.746979,2.208595
member,35927,0,0,1,0.416756,0.659182,0.659182,1.163491,3.272426,1.305027,-1.163491
member,31350,7,5,0,1.669408,0.188359,0.191864,2.082358,1.026277,-0.018442,2.082358
member,46958,3,3,1,1.159010,0.313797,0.313797,1.906424,2.057338,0.594572,-1.906424
member,42916,1,1,1,0.546183,0.579156,0.579156,1.221422,3.590276,0.715620,-1.221422
member,4678,6,6,1,0.675910,0.508693,0.508693,1.516165,3.912335,1.371889,-1.516165
member,31150,3,6,0,2.131701,0.118635,0.250632,1.958911,1.653887,-0.747930,1.958911
member,48472,2,2,1,1.517533,0.219252,0.219252,1.993370,1.263123,0.047304,-1.993370
member,9731,4,9,0,3.204203,0.040591,0.307284,1.899729,-0.276855,-2.024220,1.899729
member,36352,7,7,1,1.142551,0.319004,0.319004,1.987795,1.514210,0.525747,-1.987795
member,42834,1,1,1,0.932551,0.393549,0.393549,1.902132,1.982926,0.905337,-1.902132
member,26348,9,9,1,1.546710,0.212947,0.212947,2.084171,1.322649,0.266145,-2.084171
member,29573,6,1,0,1.556940,0.210780,0.260770,1.920848,1.587546,-0.212823,1.920848
member,45329,1,9,0,1.412770,0.243468,0.508875,1.534858,1.848791,-0.737218,1.534858
member,3929,9,9,1,0.904114,0.404900,0.404900,1.460542,2.506555,0.092494,-1.460542
member,18455,4,7,0,2.476823,0.084010,0.273306,2.038117,0.158549,-1.179661,2.038117
member,19451,6,1,0,2.219894,0.108621,0.437041,1.808541,1.064589,-1.392166,1.808541
member,3298,9,9,1,0.580026,0.559884,0.559884,1.293410,3.055810,0.742851,-1.293410
member,40426,7,3,0,1.816607,0.162576,0.233808,1.890435,1.384026,-0.363352,1.890435
member,43438,3,6,0,2.077687,0.125220,0.230121,1.936842,0.927242,-0.608538,1.936842
member,1489,7,6,0,2.938906,0.052924,0.580968,1.436669,1.624603,-2.395846,1.436669
member,34590,3,9,0,3.579696,0.027884,0.538240,1.488514,-0.148874,-2.960245,1.488514
member,28459,9,8,0,1.195004,0.302703,0.462542,1.280141,3.380177,-0.423986,1.280141
member,31611,5,2,0,3.626691,0.026604,0.242747,2.009093,-0.759675,-2.210957,2.009093
member,46538,8,8,1,0.361143,0.696879,0.696879,0.985941,4.568229,1.722496,-0.985941
member,21750,2,9,0,3.114954,0.044381,0.346549,1.628084,0.185726,-2.055223,1.628084
member,10881,9,3,0,1.653360,0.191406,0.250428,2.017687,1.244920,-0.268775,2.017687
member,14673,5,5,1,1.365824,0.255170,0.255170,1.983901,1.518543,0.291212,-1.983901
member,8478,0,0,1,0.812543,0.443728,0.443728,1.803478,2.037724,1.375353,-1.803478
member,27545,1,9,0,1.388409,0.249472,0.498402,1.434243,2.205213,-0.692061,1.434243
member,33254,7,7,1,0.477675,0.620223,0.620223,1.431935,2.692281,2.074573,-1.431935
member,32423,3,7,0,1.718425,0.179348,0.246863,2.000990,1.188347,-0.319503,2.000990
member,36418,3,7,0,1.907161,0.148501,0.324622,1.719222,1.694148,-0.782066,1.719222
member,31165,0,0,1,0.247297,0.780909,0.780909,0.807733,4.024423,1.722864,-0.807733
member,37800,7,7,1,0.842898,0.430461,0.430461,1.607350,3.387794,0.983585,-1.607350
member,20532,0,1,0,2.573337,0.076281,0.405240,1.697517,0.486673,-1.670061,1.697517
member,33936,7,1,0,2.315359,0.098731,0.181304,2.258663,0.173510,-0.607778,2.258663
member,22468,4,7,0,2.141602,0.117466,0.448333,1.752788,1.350894,-1.339383,1.752788
member,20916,0,9,0,3.803521,0.022292,0.288664,2.047740,-1.050062,-2.561029,2.047740
member,46457,2,6,0,3.094551,0.045295,0.612457,1.312877,1.291568,-2.604274,1.312877
member,47693,0,1,0,4.887269,0.007542,0.353040,1.868292,-1.762068,-3.846095,1.868292
member,283,2,6,0,2.062350,0.127155,0.223401,2.062338,0.915288,-0.563562,2.062338
member,9410,8,8,1,0.652972,0.520496,0.520496,1.202304,3.647868,0.517037,-1.202304
member,5070,1,9,0,1.968977,0.139600,0.398230,1.842067,1.054007,-1.048251,1.842067
member,45662,2,3,0,2.166800,0.114544,0.165983,2.236256,0.285764,-0.370929,2.236256
member,40845,9,1,0,2.549668,0.078108,0.359456,1.907446,0.978652,-1.526505,1.907446
member,23542,6,3,0,1.503270,0.222402,0.277419,1.777902,2.686133,-0.221043,1.777902
member,3633,9,8,0,1.317526,0.267797,0.301391,1.499172,2.696476,-0.118179,1.499172
member,30494,6,6,1,0.679388,0.506927,0.506927,1.626408,3.322290,1.407557,-1.626408
member,35042,0,0,1,0.152847,0.858261,0.858261,0.679022,4.080134,2.964981,-0.679022
member,28958,1,6,0,3.977638,0.018730,0.333963,1.796046,-0.099978,-2.880913,1.796046
member,46491,2,1,0,3.407666,0.033118,0.518784,1.360651,0.606656,-2.751397,1.360651
member,9501,9,8,0,1.964954,0.140162,0.666114,1.057204,2.597635,-1.558659,1.057204
member,8642,7,8,0,5.285576,0.005064,0.354135,1.448162,-1.244381,-4.247499,1.448162
member,37786,8,8,1,0.311917,0.732042,0.732042,0.863097,4.828178,1.486140,-0.863097
member,34861,6,6,1,1.262725,0.282882,0.282882,2.009810,1.687119,0.544284,-2.009810
member,12088,5,7,0,2.701822,0.067083,0.400270,1.853330,0.325881,-1.786206,1.853330
member,33903,3,3,1,1.407435,0.244770,0.244770,1.979975,1.547265,0.108543,-1.979975
member,9011,2,0,0,2.787821,0.061555,0.394874,1.896002,-0.002665,-1.858632,1.896002
member,16382,9,3,0,2.496012,0.082413,0.294882,1.837824,1.391767,-1.274833,1.837824
member,4036,8,8,1,0.093999,0.910284,0.910284,0.395731,7.478969,3.056775,-0.395731
member,6804,6,6,1,1.177239,0.308128,0.308128,2.013265,1.697194,0.640267,-2.013265
member,46392,8,0,0,1.307332,0.270541,0.532583,1.252048,2.798809,-0.677315,1.252048
member,4609,1,9,0,1.989792,0.136724,0.398379,1.916375,0.995875,-1.069440,1.916375
member,48876,4,6,0,1.627900,0.196341,0.213869,1.975163,1.384886,-0.085507,1.975163
member,31257,6,6,1,1.265476,0.282105,0.282105,1.943262,3.075707,0.551099,-1.943262
member,586,2,1,0,2.415200,0.089349,0.329407,1.947065,1.039573,-1.304740,1.947065
member,34495,2,0,0,2.078537,0.125113,0.404008,1.911479,0.633894,-1.172215,1.911479
member,31732,8,1,0,3.909532,0.020050,0.707612,1.083756,0.118928,-3.563672,1.083756
member,3789,0,0,1,0.220928,0.801775,0.801775,0.530619,8.765533,1.431180,-0.530619
member,47185,7,9,0,1.636853,0.194591,0.338377,1.969668,1.109267,-0.553258,1.969668
member,1697,9,9,1,0.926151,0.396075,0.396075,1.337861,4.543616,0.425557,-1.337861
member,42440,7,1,0,2.737642,0.064723,0.337913,1.932896,0.656346,-1.652674,1.932896
member,33728,0,0,1,0.702573,0.495309,0.495309,1.130948,3.467074,0.230912,-1.130948
member,48480,2,6,0,2.142265,0.117389,0.366091,1.861100,1.130648,-1.137392,1.861100
member,30689,5,1,0,2.201165,0.110674,0.233609,2.019285,1.012128,-0.747060,2.019285
member,36691,7,0,0,1.618587,0.198179,0.345384,1.929340,1.164870,-0.555488,1.929340
member,49990,4,9,0,3.208396,0.040421,0.280560,2.052979,-0.509664,-1.937428,2.052979
member,22132,8,8,1,0.602919,0.547212,0.547212,1.278195,3.562525,1.094390,-1.278195
member,7598,7,6,0,1.722721,0.178580,0.269229,1.821670,2.249069,-0.410526,1.821670
member,38399,2,9,0,2.210254,0.109673,0.173525,2.176489,0.273180,-0.458821,2.176489
member,36521,9,9,1,1.346381,0.260180,0.260180,1.844400,1.564019,0.089037,-1.844400
member,45535,1,1,1,0.919876,0.398569,0.398569,1.714668,2.380589,0.518300,-1.714668
member,12010,0,9,0,3.975528,0.018769,0.409486,1.556979,-0.644738,-3.082675,1.556979
member,11010,8,0,0,1.525006,0.217620,0.301161,1.897725,1.328013,-0.324895,1.897725
member,27887,8,1,0,2.314113,0.098854,0.452866,1.572799,1.228529,-1.521954,1.572799
member,16164,3,3,1,1.007709,0.365054,0.365054,1.862606,2.315547,0.931810,-1.862606
member,17549,7,5,0,1.981531,0.137858,0.239859,1.948423,1.242425,-0.553828,1.948423
member,16409,6,1,0,2.245179,0.105909,0.217204,2.076792,0.840631,-0.718260,2.076792
member,15731,2,6,0,2.805353,0.060485,0.315268,1.958213,0.368470,-1.651021,1.958213
member,41673,3,1,0,2.157626,0.115599,0.357983,1.867793,1.159535,-1.130356,1.867793
member,5990,2,3,0,2.210917,0.109600,0.186225,2.118631,0.221306,-0.530118,2.118631
member,43890,5,7,0,1.540043,0.214372,0.252359,1.787858,2.184206,-0.163140,1.787858
member,35691,1,6,0,2.553487,0.077810,0.485747,1.673762,1.502051,-1.831419,1.673762
member,25940,6,4,0,1.943665,0.143178,0.249921,1.753374,2.408196,-0.557054,1.753374
member,18849,0,9,0,2.467150,0.084826,0.288852,1.970019,0.329130,-1.225308,1.970019
member,6974,8,0,0,1.227733,0.292956,0.329756,1.712220,1.869060,-0.118329,1.712220
member,17319,1,9,0,1.891549,0.150838,0.526682,1.527514,1.776663,-1.250390,1.527514
member,10089,2,1,0,2.306026,0.099657,0.215529,2.121664,0.344214,-0.771364,2.121664
member,43034,3,7,0,1.543386,0.213656,0.236001,2.023533,1.510475,-0.099468,2.023533
member,8238,7,7,1,0.873721,0.417395,0.417395,1.752575,2.133817,0.577754,-1.752575
member,36342,7,9,0,2.379544,0.092593,0.385278,1.830544,0.753334,-1.425753,1.830544
member,3504,6,6,1,0.814376,0.442915,0.442915,1.691487,3.257895,1.137832,-1.691487
member,36285,6,6,1,1.579079,0.206165,0.206165,1.944808,1.517786,0.038372,-1.944808
member,44129,8,0,0,1.304022,0.271438,0.710199,0.697726,4.472488,-0.961812,0.697726
member,8961,8,7,0,4.424694,0.011978,0.231251,2.060652,-1.701722,-2.960444,2.060652
member,5329,3,6,0,2.207640,0.109960,0.203050,2.165681,0.415244,-0.613338,2.165681
member,43091,7,9,0,3.001904,0.049692,0.782345,0.887464,1.059608,-2.756444,0.887464
member,44454,0,9,0,2.118739,0.120183,0.316668,1.671754,1.217749,-0.968839,1.671754
member,27392,5,7,0,2.138456,0.117837,0.293071,1.919654,0.792949,-0.911115,1.919654
member,40295,7,6,0,1.989410,0.136776,0.185434,2.062341,1.069694,-0.304354,2.062341
member,6660,2,7,0,1.924998,0.145876,0.390392,1.845018,0.997363,-0.984393,1.845018
member,22761,3,9,0,2.359416,0.094475,0.257242,2.177271,0.197740,-1.001677,2.177271
member,21430,7,7,1,0.758681,0.468284,0.468284,1.738496,2.209322,1.361865,-1.738496
member,9284,5,7,0,2.108149,0.121463,0.344938,1.830884,1.448467,-1.043758,1.830884
member,7289,1,9,0,1.195570,0.302531,0.550434,1.133032,3.243686,-0.598522,1.133032
member,45319,3,3,1,1.276938,0.278890,0.278890,1.990945,1.813636,0.422981,-1.990945
member,36250,9,9,1,1.224857,0.293800,0.293800,2.002406,1.504691,0.717743,-2.002406
member,3189,4,6,0,1.633961,0.195155,0.364818,1.720115,2.775705,-0.625603,1.720115
member,37042,8,8,1,0.443879,0.641543,0.641543,0.961177,4.422879,0.891932,-0.961177
member,46572,7,9,0,2.200460,0.110752,0.182575,2.100183,0.863027,-0.499867,2.100183
member,47823,3,6,0,1.667531,0.188713,0.209307,2.017220,1.431023,-0.103577,2.017220
member,29949,8,0,0,1.032247,0.356206,0.472609,1.210545,3.465032,-0.282760,1.210545
member,5260,3,1,0,1.779652,0.168697,0.185517,2.080375,1.158070,-0.095043,2.080375
member,16157,3,5,0,2.435400,0.087563,0.222729,2.034535,0.532298,-0.933600,2.034535
member,44711,8,8,1,0.843144,0.430355,0.430355,1.547922,2.634848,0.685215,-1.547922
member,16115,0,9,0,3.221686,0.039888,0.593071,1.214904,0.799502,-2.699245,1.214904
member,22022,8,8,1,0.329426,0.719337,0.719337,0.914020,4.608584,1.526695,-0.914020
member,2265,8,0,0,3.381975,0.033980,0.483033,1.627816,-0.046624,-2.654304,1.627816
member,47343,9,9,1,1.008317,0.364832,0.364832,1.261194,3.715632,0.096598,-1.261194
member,35302,8,0,0,1.812947,0.163173,0.782286,0.744713,2.914394,-1.567411,0.744713
member,32434,6,4,0,1.650411,0.191971,0.199455,1.917401,2.274753,-0.038243,1.917401
member,6752,7,7,1,1.206648,0.299199,0.299199,2.019268,1.411991,0.437785,-2.019268
member,10801,2,6,0,1.808016,0.163979,0.260030,1.933980,1.968431,-0.461058,1.933980
member,31586,0,8,0,1.759365,0.172154,0.564714,1.330808,2.017113,-1.187929,1.330808
member,13933,4,8,0,7.470016,0.000570,0.556124,1.174533,-2.281816,-6.883252,1.174533
member,29141,6,9,0,1.974001,0.138900,0.384279,1.651395,1.425565,-1.017614,1.651395
member,8781,3,6,0,1.873306,0.153615,0.273148,1.986453,1.506745,-0.575563,1.986453
member,15211,6,6,1,0.828996,0.436487,0.436487,1.693473,2.873638,1.125698,-1.693473
member,25850,6,6,1,1.263462,0.282674,0.282674,1.981703,1.901161,0.426944,-1.981703
member,24835,2,6,0,1.993892,0.136164,0.216517,2.070888,0.721512,-0.463807,2.070888
member,38857,8,8,1,0.605215,0.545957,0.545957,1.130983,3.625013,0.493846,-1.130983
member,11265,8,9,0,1.172222,0.309678,0.356232,1.354982,2.841396,-0.140049,1.354982
member,29658,2,6,0,2.100332,0.122416,0.205575,2.091615,0.737620,-0.518389,2.091615
member,30481,6,6,1,0.767108,0.464354,0.464354,1.660906,3.117806,1.266330,-1.660906
member,34392,7,9,0,2.005820,0.134550,0.146369,2.229964,0.472194,-0.084197,2.229964
member,34176,1,0,0,2.084211,0.124405,0.473059,1.676885,0.954497,-1.335676,1.676885
member,35244,8,8,1,1.107575,0.330359,0.330359,1.714300,1.969397,0.108473,-1.714300
member,6199,3,3,1,1.145808,0.317967,0.317967,1.904395,2.675564,0.706640,-1.904395
member,18508,0,1,0,6.800383,0.001113,0.474639,1.658076,-2.938195,-6.055182,1.658076
member,6887,9,9,1,1.027348,0.357955,0.357955,1.657629,2.221816,0.026484,-1.657629
member,28985,8,8,1,0.567377,0.567011,0.567011,1.184163,3.775670,0.786317,-1.184163
member,19101,3,3,1,1.064283,0.344975,0.344975,1.847183,2.172741,0.409964,-1.847183
member,31456,8,0,0,1.580408,0.205891,0.752010,0.731014,3.608336,-1.295403,0.731014
member,15121,2,4,0,1.877152,0.153025,0.216285,1.938093,1.321269,-0.345994,1.938093
member,12141,2,1,0,3.586575,0.027693,0.578838,1.386239,0.898576,-3.039842,1.386239
member,21549,3,1,0,1.767573,0.170747,0.290311,1.884639,1.902638,-0.530771,1.884639
member,13069,0,8,0,1.636229,0.194713,0.405375,1.621283,1.736556,-0.733286,1.621283
member,24994,2,3,0,2.288426,0.101426,0.221734,2.114321,0.610397,-0.782149,2.114321
member,36638,6,6,1,0.295498,0.744161,0.744161,1.047791,4.351902,2.601832,-1.047791
member,42270,8,9,0,1.243611,0.288341,0.377050,1.303896,3.660814,-0.268235,1.303896
member,48931,3,3,1,1.480761,0.227464,0.227464,2.027267,1.254386,0.042525,-2.027267
member,45737,0,0,1,0.242427,0.784721,0.784721,0.847826,4.085130,1.989712,-0.847826
member,23141,9,9,1,0.584070,0.557624,0.557624,1.219552,3.260383,0.674862,-1.219552
member,9267,1,9,0,1.397861,0.247125,0.402551,1.690959,1.693619,-0.487927,1.690959
member,17299,4,3,0,2.480157,0.083730,0.215764,2.044126,0.354701,-0.946589,2.044126
member,42535,4,2,0,1.820420,0.161958,0.174647,2.084014,0.899105,-0.075431,2.084014
member,43655,1,8,0,3.125401,0.043919,0.829211,0.638464,3.722625,-2.938121,0.638464
member,19386,0,2,0,2.457314,0.085665,0.133495,2.271540,-0.018647,-0.443622,2.271540
member,24181,7,9,0,3.063647,0.046717,0.275309,2.003346,-0.225695,-1.773787,2.003346
member,21110,9,9,1,0.438941,0.644719,0.644719,1.206179,3.307421,1.230161,-1.206179
member,28191,4,6,0,1.946904,0.142715,0.202056,2.007129,1.108124,-0.347695,2.007129
member,42740,3,3,1,1.639696,0.194039,0.194039,2.041137,1.263628,0.066044,-2.041137
member,30224,2,1,0,2.731302,0.065134,0.312957,1.855517,0.380228,-1.569614,1.855517
member,23271,9,6,0,2.016414,0.133132,0.264716,1.962665,1.347631,-0.687315,1.962665
member,2582,1,9,0,1.503804,0.222283,0.339654,1.420464,2.419254,-0.423976,1.420464
member,12903,1,6,0,3.674060,0.025373,0.648111,1.262029,1.215878,-3.240366,1.262029
member,23861,9,1,0,1.658859,0.190356,0.274837,1.907580,1.779746,-0.367282,1.907580
member,31943,6,1,0,2.300003,0.100259,0.371888,1.751523,0.835968,-1.310840,1.751523
member,48327,0,0,1,0.092408,0.911733,0.911733,0.406210,5.097998,2.725684,-0.406210
member,11863,8,8,1,1.456931,0.232950,0.232950,2.019818,1.190494,0.006555,-2.019818
member,35910,1,0,0,2.821821,0.059497,0.644387,1.294951,0.638443,-2.382365,1.294951
member,25264,1,1,1,0.907412,0.403567,0.403567,1.761935,2.105121,0.671386,-1.761935
member,41826,3,1,0,2.485735,0.083264,0.404972,1.615899,1.253069,-1.581798,1.615899
member,6921,2,6,0,2.188466,0.112089,0.282726,1.829317,1.487988,-0.925190,1.829317
member,42059,4,6,0,1.737339,0.175988,0.312320,1.893735,1.391941,-0.573611,1.893735
member,26545,5,6,0,2.621320,0.072707,0.260245,1.880963,0.658924,-1.275188,1.880963
member,38594,2,6,0,2.228036,0.107740,0.301987,1.964663,0.732968,-1.030664,1.964663
member,25082,0,1,0,4.439124,0.011806,0.534137,1.565064,-1.035799,-3.812021,1.565064
member,42710,1,9,0,1.849061,0.157385,0.296005,1.817171,1.572151,-0.631682,1.817171
member,30405,2,6,0,2.683366,0.068333,0.332362,1.937936,0.382899,-1.581836,1.937936
member,21095,0,9,0,3.874702,0.020761,0.428962,1.464132,-0.289702,-3.028316,1.464132
member,39723,0,0,1,0.234478,0.790984,0.790984,0.930749,3.529324,2.765554,-0.930749
member,21640,3,6,0,1.950511,0.142201,0.198440,2.175795,0.735726,-0.333242,2.175795
member,7112,8,8,1,0.362597,0.695867,0.695867,0.848110,5.286448,1.094347,-0.848110
member,43711,1,3,0,2.424958,0.088482,0.277937,1.846874,1.618326,-1.144599,1.846874
member,36676,3,7,0,1.442236,0.236399,0.250703,1.799235,1.924047,-0.058748,1.799235
member,46805,3,9,0,1.656150,0.190872,0.221741,2.080309,1.237049,-0.149903,2.080309
member,37628,0,0,1,0.359283,0.698177,0.698177,1.041042,3.526999,1.375786,-1.041042
member,31994,5,7,0,1.875707,0.153247,0.201353,1.957573,1.174840,-0.273012,1.957573
member,35831,6,6,1,0.422994,0.655083,0.655083,1.300432,3.981118,2.112048,-1.300432
member,27983,9,8,0,1.559172,0.210310,0.483048,1.472840,2.057877,-0.831533,1.472840
member,27368,2,7,0,2.384685,0.092118,0.296997,1.806368,1.165621,-1.170652,1.806368
member,39706,5,1,0,2.926584,0.053580,0.333574,1.979090,0.045802,-1.828692,1.979090
member,8971,0,0,1,0.209355,0.811107,0.811107,0.768340,4.173303,2.165203,-0.768340
member,48550,8,1,0,3.093871,0.045326,0.466303,1.399808,0.816676,-2.330952,1.399808
member,30710,0,0,1,0.412212,0.662184,0.662184,0.873001,4.878308,0.877125,-0.873001
member,27310,8,0,0,1.363241,0.255830,0.711216,0.758226,3.838480,-1.022462,0.758226
member,36697,9,9,1,0.158019,0.853833,0.853833,0.629198,4.474404,2.367319,-0.629198
member,18736,6,7,0,1.777133,0.169122,0.194930,2.121986,0.870540,-0.142016,2.121986
member,1534,3,7,0,2.290390,0.101227,0.165101,2.105736,0.569765,-0.489191,2.105736
member,24296,9,9,1,0.520983,0.593937,0.593937,1.342080,2.980358,1.268363,-1.342080
member,14712,0,6,0,6.048479,0.002361,0.304546,1.971962,-3.093903,-4.859546,1.971962
member,35688,1,1,1,0.482239,0.617400,0.617400,1.145311,3.697641,1.110990,-1.145311
member,18769,3,7,0,2.267826,0.103537,0.228087,1.954385,0.828206,-0.789798,1.954385
member,29762,8,8,1,0.709744,0.491770,0.491770,0.876067,5.072742,0.049364,-0.876067
member,40160,3,7,0,1.794338,0.166238,0.201719,2.116889,0.789215,-0.193458,2.116889
member,33904,7,6,0,2.117341,0.120351,0.352229,1.892908,1.468429,-1.073868,1.892908
member,8546,7,7,1,1.434024,0.238348,0.238348,2.081549,1.477359,0.518026,-2.081549
member,43971,3,2,0,1.790383,0.166896,0.229880,2.023896,1.352723,-0.320187,2.023896
member,19326,7,7,1,1.416939,0.242455,0.242455,2.013535,1.580037,0.362601,-2.013535
member,32466,9,1,0,1.469620,0.230013,0.238904,1.971198,1.268265,-0.037928,1.971198
member,19495,6,3,0,1.174726,0.308904,0.335162,1.655978,3.189780,-0.081586,1.655978
member,37023,8,1,0,2.659333,0.069995,0.534897,1.606454,0.628848,-2.033651,1.606454
member,1139,2,0,0,2.425496,0.088434,0.288656,2.008385,0.241365,-1.182977,2.008385
member,37414,3,0,0,3.170165,0.041997,0.305674,1.981467,-0.257225,-1.984928,1.981467
member,34473,8,0,0,2.304216,0.099837,0.453491,1.395043,1.915706,-1.513436,1.395043
member,22675,1,9,0,2.428306,0.088186,0.782278,0.894641,1.591164,-2.182762,0.894641
member,12505,4,5,0,1.894751,0.150356,0.154662,2.151676,0.707527,-0.028240,2.151676
member,45056,9,9,1,0.590941,0.553806,0.553806,1.227238,3.191420,0.646100,-1.227238
member,3618,0,9,0,3.800425,0.022361,0.419385,1.512047,-0.404319,-2.931459,1.512047
member,39606,0,0,1,0.962150,0.382071,0.382071,1.805589,1.874113,0.460876,-1.805589
member,34857,6,6,1,0.552363,0.575588,0.575588,1.443770,3.987241,1.573698,-1.443770
member,49110,6,6,1,0.702032,0.495577,0.495577,1.621331,3.051253,1.342765,-1.621331
member,7324,1,9,0,1.534998,0.215456,0.321637,1.544088,2.339540,-0.400666,1.544088
member,962,1,1,1,1.120985,0.325959,0.325959,1.460051,2.654835,0.006961,-1.460051
member,35313,3,9,0,2.615776,0.073111,0.433902,1.642085,0.622085,-1.780839,1.642085
member,30515,8,0,0,1.143588,0.318674,0.354038,1.651481,2.003591,-0.105236,1.651481
member,25548,9,9,1,0.731235,0.481314,0.481314,1.676291,2.357142,1.206725,-1.676291
member,10835,5,3,0,1.794495,0.166211,0.215788,1.894169,1.990645,-0.261037,1.894169
member,1975,9,9,1,0.324434,0.722937,0.722937,0.854025,4.840782,1.431977,-0.854025
member,14765,9,1,0,1.508064,0.221338,0.600331,1.280510,2.481679,-0.997790,1.280510
member,48448,6,9,0,4.050416,0.017415,0.440549,1.568008,-0.818475,-3.230682,1.568008
member,37970,6,1,0,2.268594,0.103458,0.417669,1.489649,1.233099,-1.395529,1.489649
member,39241,0,0,1,0.150292,0.860457,0.860457,0.487400,5.811841,1.971391,-0.487400
member,40229,9,0,0,2.159366,0.115398,0.293247,1.881003,0.877503,-0.932625,1.881003
nonmember,3277,0,3,0,2.577066,0.075997,0.215250,2.150939,-0.043489,-1.041112,2.150939
nonmember,31411,2,0,0,2.028724,0.131503,0.163817,2.203981,0.399503,-0.219718,2.203981
nonmember,29512,1,1,1,0.429210,0.651023,0.651023,1.210428,3.367877,1.372265,-1.210428
nonmember,14889,6,6,1,1.216007,0.296411,0.296411,2.013324,1.647924,0.782541,-2.013324
nonmember,31593,0,0,1,0.286784,0.750674,0.750674,0.980455,3.484612,1.870497,-0.980455
nonmember,10676,6,6,1,1.389781,0.249130,0.249130,2.004687,2.095517,0.532776,-2.004687
nonmember,12671,3,7,0,2.244072,0.106026,0.250226,2.101762,0.396645,-0.858683,2.101762
nonmember,32138,8,8,1,0.649699,0.522203,0.522203,1.138987,4.466596,0.496325,-1.138987
nonmember,33655,8,7,0,6.150817,0.002132,0.283323,1.778812,-2.915483,-4.889650,1.778812
nonmember,31654,0,0,1,0.205167,0.814511,0.814511,0.580429,6.631779,1.637841,-0.580429
nonmember,19253,8,8,1,0.905020,0.404534,0.404534,1.562496,2.231619,0.159782,-1.562496
nonmember,14362,4,0,0,3.862068,0.021024,0.470750,1.595873,-0.592441,-3.108640,1.595873
nonmember,12184,5,5,1,1.437965,0.237411,0.237411,1.919860,1.795799,0.090785,-1.919860
nonmember,32091,0,0,1,0.213541,0.807719,0.807719,0.779672,4.131423,2.110618,-0.779672
nonmember,29406,7,6,0,1.641525,0.193684,0.275615,1.697173,2.279498,-0.352773,1.697173
nonmember,17012,8,0,0,1.388076,0.249555,0.522821,1.430830,1.941279,-0.739560,1.430830
nonmember,46050,6,6,1,0.774400,0.460980,0.460980,1.749825,2.522907,1.316616,-1.749825
nonmember,15394,1,6,0,1.157016,0.314423,0.327557,1.604093,2.536989,-0.040921,1.604093
nonmember,304,1,1,1,0.413849,0.661101,0.661101,1.264181,3.270552,1.589208,-1.264181
nonmember,10883,3,8,0,3.813706,0.022066,0.309382,1.812420,-0.855796,-2.640528,1.812420
nonmember,25250,4,7,0,1.809730,0.163698,0.234502,1.910943,1.461013,-0.359439,1.910943
nonmember,22756,9,9,1,1.059626,0.346585,0.346585,1.980008,1.716692,0.672434,-1.980008
nonmember,152,7,9,0,2.164914,0.114760,0.371729,1.967674,0.723917,-1.175323,1.967674
nonmember,5862,2,7,0,1.803546,0.164714,0.332129,1.806354,1.337452,-0.701315,1.806354
nonmember,32856,6,1,0,2.228456,0.107695,0.504403,1.556724,1.501638,-1.544076,1.556724
nonmember,3445,4,6,0,1.937201,0.144107,0.364813,1.823344,1.372007,-0.928831,1.823344
nonmember,18673,3,7,0,1.736173,0.176193,0.198014,1.825095,2.808955,-0.116754,1.825095
nonmember,16420,0,5,0,3.207764,0.040447,0.160517,2.233866,-0.474514,-1.378409,2.233866
nonmember,43749,3,3,1,1.330629,0.264311,0.264311,2.075236,1.298774,0.592320,-2.075236
nonmember,1418,9,9,1,1.032049,0.356276,0.356276,1.860008,1.932071,0.466263,-1.860008
nonmember,4702,5,0,0,3.059971,0.046889,0.272400,2.056232,-0.404178,-1.759487,2.056232
nonmember,15483,0,0,1,0.336118,0.714539,0.714539,1.143270,3.250694,2.253095,-1.143270
nonmember,45564,0,0,1,0.091466,0.912592,0.912592,0.465238,4.504237,3.759304,-0.465238
nonmember,5561,5,6,0,1.985141,0.137361,0.280439,2.038828,0.897204,-0.713742,2.038828
nonmember,31564,6,6,1,0.730867,0.481491,0.481491,1.693564,2.791920,1.467915,-1.693564
nonmember,7374,1,8,0,3.201503,0.040701,0.822815,0.732847,1.306258,-3.006478,0.732847
nonmember,21023,0,7,0,2.481278,0.083636,0.155468,2.233691,-0.050786,-0.619963,2.233691
nonmember,22201,7,7,1,0.878777,0.415290,0.415290,1.878505,1.879244,1.058898,-1.878505
nonmember,30610,6,7,0,2.779402,0.062076,0.265517,1.668034,1.845091,-1.453325,1.668034
nonmember,27653,5,6,0,2.171572,0.113998,0.272834,1.934217,1.097386,-0.872681,1.934217
nonmember,22639,2,6,0,3.374468,0.034236,0.445929,1.705085,0.394774,-2.566873,1.705085
nonmember,17802,1,1,1,0.723360,0.485119,0.485119,1.612231,2.563507,0.723112,-1.612231
nonmember,13729,8,0,0,1.557134,0.210739,0.638266,1.138316,2.524234,-1.108134,1.138316
nonmember,39059,0,0,1,0.161129,0.851182,0.851182,0.520814,5.597921,1.923558,-0.520814
nonmember,40751,1,3,0,1.766863,0.170868,0.300882,1.914033,1.218433,-0.565825,1.914033
nonmember,20412,4,2,0,2.453787,0.085967,0.238034,1.945242,0.373339,-1.018444,1.945242
nonmember,35197,9,9,1,0.697011,0.498072,0.498072,1.523057,2.623186,0.749948,-1.523057
nonmember,30272,0,0,1,0.448583,0.638533,0.638533,1.099600,3.574401,1.023061,-1.099600
nonmember,7815,5,7,0,1.824125,0.161359,0.246751,1.994614,1.033578,-0.424748,1.994614
nonmember,41110,1,0,0,2.305861,0.099673,0.487844,1.610480,0.823827,-1.588103,1.610480
nonmember,28081,1,6,0,3.507143,0.029982,0.316299,1.835057,0.725115,-2.356077,1.835057
nonmember,10630,1,9,0,1.360542,0.256522,0.369154,1.577882,2.142267,-0.364001,1.577882
nonmember,27918,5,0,0,2.656866,0.070168,0.327014,2.022740,-0.070664,-1.539113,2.022740
nonmember,10417,2,6,0,2.306708,0.099589,0.284513,1.901991,1.209119,-1.049731,1.901991
nonmember,42728,5,1,0,3.079892,0.045964,0.211330,2.047716,-0.254363,-1.525556,2.047716
nonmember,8256,6,7,0,3.419445,0.032731,0.329011,1.893231,-0.636060,-2.307782,1.893231
nonmember,44677,3,5,0,1.360463,0.256542,0.268017,1.807008,2.009692,-0.043760,1.807008
nonmember,8694,7,6,0,2.794003,0.061176,0.236641,1.896805,0.902047,-1.352794,1.896805
nonmember,6851,1,6,0,2.095765,0.122976,0.295157,1.707592,1.926155,-0.875519,1.707592
nonmember,4726,0,0,1,0.534096,0.586199,0.586199,1.446266,2.681220,1.605077,-1.446266
nonmember,3257,1,1,1,0.727545,0.483093,0.483093,1.668058,2.453639,1.272944,-1.668058
nonmember,45476,7,7,1,0.522416,0.593086,0.593086,1.421268,3.114560,1.682498,-1.421268
nonmember,24985,9,9,1,0.863745,0.421580,0.421580,1.302167,3.894416,0.350192,-1.302167
nonmember,46198,3,8,0,2.840035,0.058424,0.254744,2.021032,0.166653,-1.472539,2.021032
nonmember,14443,6,6,1,0.758433,0.468400,0.468400,1.655684,3.765108,1.064086,-1.655684
nonmember,46266,7,7,1,0.968526,0.379642,0.379642,1.739945,2.813819,0.862301,-1.739945
nonmember,37024,1,1,1,0.336739,0.714095,0.714095,1.114760,3.996565,2.260688,-1.114760
nonmember,31723,7,6,0,2.423932,0.088573,0.559626,1.392359,2.114898,-1.843446,1.392359
nonmember,4832,8,9,0,1.401149,0.246314,0.542424,1.239760,2.649070,-0.789441,1.239760
nonmember,9317,1,9,0,1.502838,0.222498,0.276728,1.950263,1.398638,-0.218117,1.950263
nonmember,6133,2,6,0,2.175303,0.113574,0.197558,1.864912,1.251172,-0.553577,1.864912
nonmember,28815,7,7,1,1.174976,0.308826,0.308826,2.040677,1.370105,0.774320,-2.040677
nonmember,4500,1,0,0,2.760909,0.063234,0.480230,1.382530,0.794910,-2.027419,1.382530
nonmember,11500,2,1,0,3.293759,0.037114,0.333370,1.941376,-0.375754,-2.195256,1.941376
nonmember,2942,8,8,1,1.161908,0.312889,0.312889,1.860203,1.664184,0.415149,-1.860203
nonmember,12591,4,6,0,1.718568,0.179323,0.472682,1.565483,3.083455,-0.969235,1.565483
nonmember,29551,9,9,1,0.855731,0.424973,0.424973,1.348615,3.059368,0.448737,-1.348615
nonmember,6872,3,6,0,2.217395,0.108892,0.174197,2.094318,0.450625,-0.469827,2.094318
nonmember,7397,2,7,0,1.699881,0.182705,0.215655,1.978626,1.486894,-0.165805,1.978626
nonmember,26769,9,9,1,0.572425,0.564156,0.564156,1.533807,2.658977,1.702275,-1.533807
nonmember,44436,1,0,0,2.172140,0.113934,0.362576,1.751608,0.867480,-1.157619,1.751608
nonmember,39101,3,3,1,1.672155,0.187842,0.187842,2.056287,1.164534,0.006984,-2.056287
nonmember,41671,6,9,0,3.834645,0.021609,0.501796,1.652668,-0.747246,-3.145084,1.652668
nonmember,23403,9,1,0,1.093234,0.335131,0.378458,1.609138,1.963896,-0.121584,1.609138
nonmember,37369,5,6,0,2.120409,0.119983,0.301668,1.929790,0.974715,-0.921981,1.929790
nonmember,42943,5,3,0,1.522795,0.218101,0.259464,1.800530,2.324067,-0.173658,1.800530
nonmember,10981,3,1,0,2.224624,0.108108,0.254096,1.878315,1.150754,-0.854582,1.878315
nonmember,5020,6,0,0,3.760579,0.023270,0.208170,2.156475,-1.297311,-2.191179,2.156475
nonmember,14828,6,6,1,0.946820,0.387973,0.387973,1.654360,3.747713,0.873182,-1.654360
nonmember,9826,8,0,0,1.797511,0.165711,0.541698,1.555109,1.231135,-1.184465,1.555109
nonmember,38296,4,5,0,2.535107,0.079253,0.278556,1.932835,0.593719,-1.256969,1.932835
nonmember,37918,6,5,0,1.710863,0.180710,0.283956,1.702922,2.640275,-0.451927,1.702922
nonmember,35350,2,1,0,3.782657,0.022762,0.274257,1.839900,-0.028457,-2.488968,1.839900
nonmember,11107,0,9,0,1.710347,0.180803,0.357463,1.906585,1.099770,-0.681622,1.906585
nonmember,45131,2,0,0,2.307422,0.099518,0.451894,1.788244,0.674511,-1.513114,1.788244
nonmember,21421,5,0,0,2.487411,0.083125,0.249707,2.116958,0.016956,-1.099943,2.116958
nonmember,19353,9,1,0,1.126234,0.324252,0.342621,1.752030,2.025205,-0.055103,1.752030
nonmember,12936,0,8,0,0.803086,0.447945,0.543562,0.737907,7.861979,-0.193474,0.737907
nonmember,41333,2,7,0,1.722094,0.178692,0.269439,1.807410,1.816394,-0.410681,1.807410
nonmember,2901,5,3,0,1.695554,0.183498,0.230997,1.861154,2.083774,-0.230203,1.861154
nonmember,5352,9,9,1,0.586697,0.556161,0.556161,1.200052,3.316647,0.668109,-1.200052
nonmember,20582,6,6,1,0.811267,0.444295,0.444295,1.601964,3.753654,0.957594,-1.601964
nonmember,3628,9,8,0,3.037745,0.047943,0.863511,0.548911,3.599593,-2.890997,0.548911
nonmember,19433,3,7,0,2.480728,0.083682,0.293967,1.867980,0.861717,-1.256439,1.867980
nonmember,25948,7,7,1,0.986570,0.372853,0.372853,1.805560,2.683697,1.013354,-1.805560
nonmember,43277,0,9,0,2.706321,0.066782,0.387781,1.514773,0.885111,-1.759006,1.514773
nonmember,25586,9,9,1,1.040599,0.353243,0.353243,1.603272,2.399359,0.395785,-1.603272
nonmember,41675,4,7,0,1.940176,0.143679,0.156675,2.189313,0.642563,-0.086595,2.189313
nonmember,9861,8,1,0,1.795768,0.166000,0.284504,1.947198,1.257446,-0.538761,1.947198
nonmember,4201,6,6,1,0.757498,0.468838,0.468838,1.634667,3.574963,1.166215,-1.634667
nonmember,11823,6,7,0,2.841095,0.058362,0.228111,2.116863,-0.240130,-1.363171,2.116863
nonmember,15257,5,5,1,1.100303,0.332770,0.332770,1.931137,2.067971,0.625614,-1.931137
nonmember,24607,1,8,0,1.849613,0.157298,0.344927,1.781828,1.405512,-0.785191,1.781828
nonmember,35942,4,8,0,4.611732,0.009935,0.317945,1.687022,-1.338066,-3.465856,1.687022
nonmember,38874,5,3,0,1.109044,0.329874,0.337240,1.681677,2.598943,-0.022085,1.681677
nonmember,35678,8,0,0,1.762848,0.171556,0.587234,1.417097,1.501792,-1.230517,1.417097
nonmember,33749,4,6,0,2.087166,0.124038,0.470358,1.639952,1.823230,-1.332904,1.639952
nonmember,6535,4,7,0,1.416280,0.242615,0.350382,1.708238,2.673361,-0.367549,1.708238
nonmember,25900,6,7,0,1.781088,0.168455,0.260615,1.805211,2.258405,-0.436375,1.805211
nonmember,39108,3,3,1,1.020423,0.360442,0.360442,1.700774,2.907320,0.634164,-1.700774
nonmember,42867,0,0,1,0.093969,0.910311,0.910311,0.335893,6.903521,2.401169,-0.335893
nonmember,34789,2,1,0,2.134206,0.118338,0.212467,2.207409,0.418555,-0.585238,2.207409
nonmember,2240,5,8,0,4.060691,0.017237,0.635460,0.928033,0.716394,-3.607285,0.928033
nonmember,30026,8,8,1,0.640907,0.526815,0.526815,1.527714,2.568627,1.182838,-1.527714
nonmember,16178,8,1,0,2.579279,0.075829,0.493422,1.479571,1.062021,-1.872890,1.479571
nonmember,32056,0,0,1,0.393121,0.674947,0.674947,1.237958,3.038313,1.975494,-1.237958
nonmember,40070,8,8,1,0.101044,0.903893,0.903893,0.430660,6.108269,3.154096,-0.430660
nonmember,23406,6,6,1,1.210952,0.297913,0.297913,1.905912,3.032137,0.454522,-1.905912
nonmember,34354,3,1,0,2.600551,0.074233,0.164507,2.221869,-0.157437,-0.795746,2.221869
nonmember,16470,5,6,0,2.545156,0.078461,0.518350,1.520913,1.753709,-1.888051,1.520913
nonmember,13623,8,8,1,1.244313,0.288139,0.288139,1.524619,2.590816,0.057322,-1.524619
nonmember,2237,2,9,0,2.231853,0.107329,0.184348,2.153612,0.300893,-0.540924,2.153612
nonmember,22279,2,7,0,1.462962,0.231550,0.244158,1.965919,1.361879,-0.053020,1.965919
nonmember,11444,1,1,1,0.681112,0.506054,0.506054,1.225870,3.146312,0.343178,-1.225870
nonmember,6902,3,3,1,1.838366,0.159077,0.159077,2.191853,0.718885,0.040089,-2.191853
nonmember,45700,3,5,0,1.811177,0.163462,0.284980,2.083735,0.919393,-0.555842,2.083735
nonmember,33150,7,7,1,1.963202,0.140408,0.140408,2.267386,0.456988,0.080947,-2.267386
nonmember,22775,5,7,0,1.292096,0.274694,0.334272,1.596522,2.624524,-0.196298,1.596522
nonmember,25686,3,7,0,2.391918,0.091454,0.188886,2.131763,0.215046,-0.725307,2.131763
nonmember,6274,4,6,0,2.119128,0.120136,0.314119,2.003240,0.718410,-0.961144,2.003240
nonmember,18461,8,8,1,0.216039,0.805704,0.805704,0.694201,4.953458,1.838817,-0.694201
nonmember,21339,8,8,1,0.656556,0.518634,0.518634,1.132351,4.331726,0.449897,-1.132351
nonmember,11562,4,7,0,1.882659,0.152185,0.294301,1.930265,1.351941,-0.659505,1.930265
nonmember,4203,5,6,0,2.001738,0.135100,0.433695,1.764903,1.706039,-1.166325,1.764903
nonmember,47782,8,1,0,3.095442,0.045255,0.478709,1.626261,0.377140,-2.358780,1.626261
nonmember,36879,1,9,0,1.352774,0.258522,0.432089,1.318711,2.616057,-0.513649,1.318711
nonmember,38916,9,1,0,1.714528,0.180049,0.268020,2.018951,1.135103,-0.397835,2.018951
nonmember,18112,8,8,1,0.365875,0.693590,0.693590,1.017157,4.079623,1.582896,-1.017157
nonmember,46785,5,6,0,1.507485,0.221466,0.223497,2.005532,1.818256,-0.009129,2.005532
nonmember,17474,1,9,0,1.260758,0.283439,0.532194,1.292229,2.646368,-0.630011,1.292229
nonmember,12347,9,9,1,0.733531,0.480210,0.480210,1.357875,2.920647,0.513494,-1.357875
nonmember,45021,2,7,0,1.793989,0.166295,0.346518,1.716215,1.838599,-0.734169,1.716215
nonmember,41647,8,7,0,4.325601,0.013226,0.168511,2.117237,-1.426248,-2.544848,2.117237
nonmember,30882,8,0,0,1.531689,0.216170,0.316658,1.933725,1.435148,-0.381756,1.933725
nonmember,49485,7,1,0,3.118396,0.044228,0.237864,2.039151,-0.102314,-1.682339,2.039151
nonmember,28579,7,9,0,1.729000,0.177462,0.318555,1.913738,1.104261,-0.585042,1.913738
nonmember,45911,4,0,0,3.883916,0.020570,0.223617,2.046541,-1.184049,-2.386096,2.046541
nonmember,35002,7,9,0,2.747092,0.064114,0.602076,1.388196,0.732474,-2.239721,1.388196
nonmember,13005,4,7,0,2.031081,0.131194,0.377370,1.745429,1.594151,-1.056550,1.745429
nonmember,14957,4,4,1,1.392656,0.248415,0.248415,2.003473,1.841900,0.217718,-2.003473
nonmember,47921,4,7,0,1.722712,0.178581,0.355251,1.748674,2.172679,-0.687780,1.748674
nonmember,491,5,3,0,1.472440,0.229365,0.307127,1.975175,1.504796,-0.291947,1.975175
nonmember,31120,5,1,0,3.594391,0.027477,0.634055,1.299737,0.246515,-3.138771,1.299737
nonmember,20352,8,8,1,0.784368,0.456408,0.456408,1.494160,2.773718,0.687878,-1.494160
nonmember,16930,8,0,0,1.209336,0.298395,0.495167,1.250029,3.001688,-0.506477,1.250029
nonmember,28898,8,8,1,0.907251,0.403632,0.403632,1.333263,3.264205,0.180635,-1.333263
nonmember,40584,3,9,0,3.449240,0.031770,0.274898,1.952086,-0.723439,-2.157884,1.952086
nonmember,11024,5,7,0,1.586615,0.204617,0.307270,1.891282,1.382905,-0.406588,1.891282
nonmember,38289,0,0,1,0.219074,0.803262,0.803262,0.678605,4.665944,1.680186,-0.678605
nonmember,43659,0,0,1,0.075670,0.927122,0.927122,0.326867,5.825634,2.808237,-0.326867
nonmember,13126,7,6,0,2.193822,0.111490,0.299680,1.945573,1.178230,-0.988781,1.945573
nonmember,26263,2,7,0,2.099741,0.122488,0.582487,1.479076,1.275605,-1.559293,1.479076
nonmember,32666,9,9,1,0.738535,0.477813,0.477813,1.437772,2.676413,0.794644,-1.437772
nonmember,31832,8,1,0,1.095120,0.334499,0.358219,1.309534,3.298116,-0.068508,1.309534
nonmember,25660,8,3,0,6.874479,0.001034,0.404874,1.511664,-2.422730,-5.970300,1.511664
nonmember,35491,8,0,0,0.777522,0.459543,0.518024,0.807238,5.414272,-0.119789,0.807238
nonmember,31004,0,9,0,3.484554,0.030667,0.382521,1.902815,-0.687481,-2.523583,1.902815
nonmember,37091,3,9,0,2.176917,0.113391,0.164638,2.188827,0.373825,-0.372908,2.188827
nonmember,18117,1,8,0,1.488314,0.225753,0.443613,1.599224,2.218752,-0.675512,1.599224
nonmember,35352,8,0,0,2.337367,0.096582,0.897869,0.355730,6.649305,-2.229636,0.355730
nonmember,42153,3,6,0,1.967064,0.139867,0.282888,1.911109,1.388878,-0.704359,1.911109
nonmember,7718,1,0,0,2.902227,0.054901,0.768276,0.796063,2.301280,-2.638621,0.796063
nonmember,49030,4,4,1,1.442367,0.236368,0.236368,1.951893,1.782956,0.251170,-1.951893
nonmember,38700,8,8,1,0.863914,0.421509,0.421509,1.344244,3.305433,0.257820,-1.344244
nonmember,19052,2,9,0,2.872522,0.056556,0.280388,1.867758,0.047959,-1.600942,1.867758
nonmember,2718,0,0,1,0.191420,0.825786,0.825786,0.779079,3.863410,2.549645,-0.779079
nonmember,42983,4,7,0,1.684789,0.185484,0.302494,1.705626,2.739377,-0.489096,1.705626
nonmember,7557,4,6,0,2.122272,0.119759,0.305121,1.910872,1.430395,-0.935225,1.910872
nonmember,5726,4,9,0,3.070681,0.046390,0.319431,1.998621,-0.275498,-1.929467,1.998621
nonmember,22012,2,9,0,3.016387,0.048978,0.314309,2.029992,-0.348298,-1.859008,2.029992
nonmember,12157,7,3,0,1.525502,0.217512,0.321759,1.839813,1.592293,-0.391551,1.839813
nonmember,29623,0,4,0,3.956371,0.019132,0.242499,2.007585,-0.827225,-2.539613,2.007585
nonmember,7870,5,7,0,1.850204,0.157205,0.228579,2.081934,0.820086,-0.374331,2.081934
nonmember,49192,6,6,1,1.205330,0.299593,0.299593,1.933366,1.915804,0.451461,-1.933366
nonmember,18739,4,7,0,2.751392,0.063839,0.477614,1.580698,1.042692,-2.012439,1.580698
nonmember,4364,9,8,0,1.974824,0.138786,0.472597,1.298048,2.752196,-1.225313,1.298048
nonmember,47547,3,7,0,2.125168,0.119413,0.215503,2.092404,0.584946,-0.590388,2.092404
nonmember,19713,8,8,1,0.596773,0.550586,0.550586,1.433452,2.761490,1.316007,-1.433452
nonmember,33035,5,7,0,2.763021,0.063101,0.242889,2.073940,-0.154797,-1.347869,2.073940
nonmember,42425,1,0,0,3.015829,0.049005,0.698141,1.081188,0.784968,-2.656494,1.081188
nonmember,42098,2,6,0,1.679300,0.186505,0.224302,1.996772,1.403626,-0.184536,1.996772
nonmember,34719,7,0,0,3.868052,0.020899,0.386150,1.528327,-0.382991,-2.916521,1.528327
nonmember,35332,6,3,0,1.888122,0.151356,0.180793,2.042499,1.284822,-0.177720,2.042499
nonmember,5170,9,1,0,1.651725,0.191719,0.286672,1.754647,1.501836,-0.402310,1.754647
nonmember,13602,3,6,0,2.159963,0.115329,0.173954,2.177341,0.398275,-0.410996,2.177341
nonmember,791,9,9,1,1.174283,0.309040,0.309040,1.979505,1.505008,0.417077,-1.979505
nonmember,30994,5,6,0,2.826378,0.059227,0.471217,1.675862,0.767379,-2.073942,1.675862
nonmember,25758,8,8,1,0.515814,0.597014,0.597014,1.264714,3.278491,1.312208,-1.264714
nonmember,41294,4,6,0,2.053460,0.128290,0.432990,1.781771,1.281471,-1.216419,1.781771
nonmember,14858,4,5,0,1.665758,0.189047,0.202387,1.977350,1.429704,-0.068186,1.977350
nonmember,32061,7,7,1,1.005587,0.365830,0.365830,1.851418,2.329404,1.032264,-1.851418
nonmember,35056,7,3,0,2.243427,0.106094,0.195466,2.184005,0.273888,-0.611059,2.184005
nonmember,12117,4,6,0,1.929435,0.145230,0.255124,2.002464,1.258790,-0.563430,2.002464
nonmember,47901,3,6,0,2.513714,0.080967,0.245683,1.876602,1.189690,-1.110000,1.876602
nonmember,1285,2,1,0,2.090424,0.123635,0.172431,2.109302,0.892110,-0.332663,2.109302
nonmember,16773,9,8,0,1.098357,0.333418,0.477985,1.276841,2.914330,-0.360181,1.276841
nonmember,16618,7,6,0,2.250885,0.105306,0.263447,1.947420,0.842124,-0.916981,1.947420
nonmember,13297,3,9,0,3.251978,0.038698,0.335828,1.965254,-0.562341,-2.160823,1.965254
nonmember,27957,9,9,1,0.360914,0.697039,0.697039,1.084814,3.686364,1.716608,-1.084814
nonmember,39916,8,0,0,1.132970,0.322075,0.556128,1.171357,2.668906,-0.546213,1.171357
nonmember,1043,9,9,1,1.387374,0.249730,0.249730,2.128725,1.157737,0.515874,-2.128725
nonmember,27101,1,1,1,0.946441,0.388120,0.388120,1.808288,2.580882,0.788473,-1.808288
nonmember,39076,0,7,0,2.267577,0.103563,0.171753,2.249709,0.114262,-0.505878,2.249709
nonmember,41677,0,6,0,8.951073,0.000130,0.654172,1.247463,-4.515733,-8.526688,1.247463
nonmember,29912,2,7,0,2.640306,0.071339,0.286668,1.959379,0.264325,-1.390875,1.959379
nonmember,17515,1,1,1,0.434608,0.647519,0.647519,1.288419,4.008348,1.906536,-1.288419
nonmember,41443,6,3,0,1.882152,0.152262,0.221374,1.984443,1.551022,-0.374249,1.984443
nonmember,15884,0,8,0,1.951386,0.142077,0.742741,0.882910,2.687502,-1.653978,0.882910
nonmember,3169,8,8,1,0.282029,0.754252,0.754252,0.800181,5.153979,1.571813,-0.800181
nonmember,28638,7,7,1,1.439766,0.236983,0.236983,2.125876,1.156826,0.624082,-2.125876
nonmember,36152,2,0,0,10.486024,0.000028,0.955400,0.188325,-0.464866,-10.440399,0.188325
nonmember,426,5,3,0,1.520242,0.218659,0.241757,1.823049,2.371129,-0.100422,1.823049
nonmember,32715,3,3,1,0.816348,0.442043,0.442043,1.597103,2.600953,0.757052,-1.597103
nonmember,39430,4,7,0,2.274348,0.102864,0.170292,2.138359,0.526082,-0.504107,2.138359
nonmember,44334,2,4,0,1.841264,0.158617,0.194568,2.023043,1.002765,-0.204289,2.023043
nonmember,34402,9,1,0,1.199278,0.301412,0.357095,1.704731,2.360032,-0.169525,1.704731
nonmember,42188,1,1,1,0.611203,0.542698,0.542698,1.354524,2.984860,0.746633,-1.354524
nonmember,20436,7,7,1,1.415334,0.242845,0.242845,1.926952,1.793886,0.303144,-1.926952
nonmember,15188,9,0,0,1.245766,0.287720,0.436613,1.276508,4.468318,-0.417058,1.276508
nonmember,1190,9,8,0,1.767697,0.170726,0.631731,1.179767,2.281619,-1.308406,1.179767
nonmember,3229,5,6,0,1.602502,0.201392,0.315434,1.778012,2.414922,-0.448698,1.778012
nonmember,30790,4,7,0,1.621904,0.197522,0.301518,1.834670,1.831570,-0.422978,1.834670
nonmember,30248,5,5,1,1.475971,0.228557,0.228557,2.056529,1.380984,0.039490,-2.056529
nonmember,26268,6,6,1,0.982329,0.374438,0.374438,1.886878,2.469061,1.292870,-1.886878
nonmember,932,5,5,1,1.222334,0.294542,0.294542,1.994938,1.832429,0.558943,-1.994938
nonmember,40824,6,6,1,1.268391,0.281284,0.281284,1.894946,3.049270,0.224250,-1.894946
nonmember,5356,1,0,0,1.065337,0.344612,0.509059,1.149458,3.496591,-0.390145,1.149458
nonmember,33566,6,6,1,0.982974,0.374197,0.374197,1.849275,2.301836,1.026230,-1.849275
nonmember,35329,7,7,1,1.372297,0.253524,0.253524,1.934867,1.779692,0.340729,-1.934867
nonmember,41540,3,1,0,1.661136,0.189923,0.217749,1.955194,1.727145,-0.136723,1.955194
nonmember,30331,0,0,1,0.179893,0.835360,0.835360,0.660198,4.385526,2.097493,-0.660198
nonmember,41917,3,5,0,1.843953,0.158191,0.215714,2.084364,0.943365,-0.310149,2.084364
nonmember,14768,2,4,0,1.987930,0.136979,0.276203,1.905581,1.296406,-0.701311,1.905581
nonmember,4530,3,1,0,1.875438,0.153288,0.280940,1.794200,1.949330,-0.605824,1.794200
nonmember,2141,3,1,0,3.994546,0.018416,0.305481,1.675549,-0.774564,-2.808680,1.675549
nonmember,37331,5,7,0,1.774153,0.169627,0.238471,2.115335,0.876469,-0.340647,2.115335
nonmember,21221,9,9,1,0.591379,0.553563,0.553563,1.382708,2.988628,0.814326,-1.382708
nonmember,20207,5,0,0,3.318240,0.036217,0.245388,2.004983,-0.681610,-1.913327,2.004983
nonmember,46467,2,1,0,1.883892,0.151997,0.298203,2.018739,1.063911,-0.673911,2.018739
nonmember,45541,4,6,0,1.869456,0.154207,0.485645,1.591944,2.401501,-1.147180,1.591944
nonmember,9324,8,0,0,1.943151,0.143252,0.779158,0.813282,2.350385,-1.693609,0.813282
nonmember,32988,1,9,0,1.957591,0.141198,0.535400,1.359658,1.926239,-1.332850,1.359658
nonmember,41728,5,7,0,1.793009,0.166459,0.302641,1.970862,1.197498,-0.597800,1.970862
nonmember,37154,4,7,0,2.047256,0.129089,0.242626,1.982393,0.912199,-0.631023,1.982393
nonmember,25713,3,7,0,1.786908,0.167477,0.215128,1.983641,1.188395,-0.250386,1.983641
nonmember,20018,7,7,1,1.526972,0.217192,0.217192,2.141537,1.031182,0.256491,-2.141537
nonmember,18924,6,3,0,2.786165,0.061657,0.198511,2.192351,-0.220993,-1.169255,2.192351
nonmember,2558,8,7,0,4.204679,0.014926,0.355376,1.840785,-1.296798,-3.170100,1.840785
nonmember,20091,3,3,1,1.002677,0.366896,0.366896,1.687365,2.404450,0.235263,-1.687365
nonmember,37105,3,7,0,2.407326,0.090056,0.305774,1.819636,1.013502,-1.222419,1.819636
nonmember,14168,1,0,0,1.977355,0.138435,0.346557,1.966628,0.722779,-0.917647,1.966628
nonmember,11270,2,1,0,2.411335,0.089695,0.242855,2.036793,0.321074,-0.996044,2.036793
nonmember,16570,2,0,0,9.008045,0.000122,0.906902,0.376831,-1.367713,-8.910324,0.376831
nonmember,48307,7,6,0,2.008861,0.134141,0.238399,2.031208,1.269709,-0.575052,2.031208
nonmember,21399,2,7,0,2.742219,0.064427,0.633943,1.328213,1.116379,-2.286423,1.328213
nonmember,24742,2,0,0,4.146517,0.015819,0.509798,1.110275,0.240229,-3.472777,1.110275
nonmember,33636,7,1,0,2.898385,0.055112,0.424600,1.713575,1.153871,-2.041777,1.713575
nonmember,6885,1,7,0,4.209410,0.014855,0.254226,1.769460,0.225924,-2.839879,1.769460
nonmember,35569,2,0,0,2.292765,0.100987,0.278117,2.129324,0.204472,-1.013051,2.129324
nonmember,46904,1,1,1,0.943464,0.389277,0.389277,1.563367,2.325171,0.095105,-1.563367
nonmember,40450,9,9,1,1.059965,0.346468,0.346468,1.903020,1.805133,0.461489,-1.903020
nonmember,9002,2,6,0,2.414832,0.089382,0.235261,2.042010,0.821392,-0.967774,2.042010
nonmember,957,2,7,0,1.739249,0.175652,0.198224,2.108403,0.798696,-0.120892,2.108403
nonmember,27072,2,6,0,2.082886,0.124570,0.211953,1.902300,1.214581,-0.531493,1.902300
nonmember,2760,2,0,0,2.425382,0.088444,0.223353,2.183538,0.005075,-0.926378,2.183538
nonmember,48918,7,7,1,1.637581,0.194450,0.194450,2.126633,1.112697,0.239571,-2.126633
nonmember,31009,9,9,1,0.803330,0.447835,0.447835,1.303906,3.694298,0.465201,-1.303906
nonmember,6314,4,0,0,4.061919,0.017216,0.366933,1.873778,-1.158756,-3.059342,1.873778
nonmember,10894,9,9,1,0.356031,0.700451,0.700451,0.982134,3.682342,1.266745,-0.982134
nonmember,42967,4,7,0,1.794976,0.166131,0.268503,1.879045,1.256407,-0.480083,1.879045
nonmember,369,9,1,0,1.189775,0.304290,0.334251,1.627990,2.253379,-0.093913,1.627990
nonmember,39397,0,7,0,3.189434,0.041195,0.153158,2.200492,-0.555045,-1.313148,2.200492
nonmember,12691,4,6,0,1.581316,0.205704,0.364275,1.780567,1.964671,-0.571471,1.780567
nonmember,18473,4,3,0,2.502144,0.081909,0.207816,2.152570,0.317366,-0.931041,2.152570
nonmember,34931,5,0,0,2.508335,0.081404,0.262209,2.118610,-0.013804,-1.169721,2.118610
nonmember,34218,2,0,0,2.312303,0.099033,0.265051,2.109965,0.222294,-0.984468,2.109965
nonmember,14532,4,7,0,1.372203,0.253548,0.257601,1.787092,2.515304,-0.015858,1.787092
nonmember,47601,2,2,1,1.620297,0.197840,0.197840,2.121447,1.119739,0.139387,-2.121447
nonmember,8871,2,6,0,3.658165,0.025780,0.626648,1.284513,1.501938,-3.190794,1.284513
nonmember,16941,7,7,1,0.262749,0.768935,0.768935,0.991847,3.566344,2.666100,-0.991847
nonmember,46435,8,8,1,0.723145,0.485224,0.485224,1.325729,3.300703,0.601534,-1.325729
nonmember,36524,2,6,0,1.788639,0.167188,0.262945,1.940269,1.248896,-0.452829,1.940269
nonmember,36206,5,5,1,1.311816,0.269331,0.269331,1.831730,2.280282,0.061086,-1.831730
nonmember,29249,2,6,0,2.068784,0.126339,0.332353,1.867810,1.185763,-0.967225,1.867810
nonmember,24096,0,1,0,3.633812,0.026415,0.184645,2.186206,-0.928319,-1.944493,2.186206
nonmember,7886,8,1,0,3.775663,0.022922,0.535033,1.534744,-0.260416,-3.150236,1.534744
nonmember,46149,3,3,1,1.717840,0.179453,0.179453,2.152224,0.980838,0.245769,-2.152224
nonmember,43622,8,9,0,1.166640,0.311411,0.355086,1.590096,2.263191,-0.131245,1.590096
nonmember,16425,8,0,0,1.410859,0.243934,0.244402,2.024634,1.223166,-0.001919,2.024634
nonmember,21092,0,6,0,6.703334,0.001227,0.337911,1.826608,-3.145344,-5.618361,1.826608
nonmember,22188,5,3,0,1.995616,0.135930,0.291084,2.035747,0.661812,-0.761473,2.035747
nonmember,45537,8,1,0,3.159680,0.042439,0.562556,1.473699,-0.002059,-2.584416,1.473699
nonmember,5661,6,3,0,2.134785,0.118270,0.250744,2.077690,1.020582,-0.751464,2.077690
nonmember,3309,2,9,0,2.878000,0.056247,0.252124,1.938872,-0.107379,-1.500166,1.938872
nonmember,19148,6,7,0,3.004674,0.049555,0.218343,2.115115,-0.178974,-1.482987,2.115115
nonmember,3056,8,1,0,1.870905,0.153984,0.458937,1.551548,1.730703,-1.092063,1.551548
nonmember,1905,7,6,0,1.721989,0.178710,0.235237,1.843212,2.171999,-0.274826,1.843212
nonmember,36956,5,6,0,2.112787,0.120901,0.191462,2.095017,0.864077,-0.459722,2.095017
nonmember,4156,4,9,0,2.713889,0.066279,0.189907,2.244432,-0.313049,-1.052666,2.244432
nonmember,943,8,8,1,0.324749,0.722708,0.722708,0.981609,3.823264,1.709564,-0.981609
nonmember,27436,8,8,1,1.246416,0.287533,0.287533,1.982108,1.452668,0.386708,-1.982108
nonmember,46777,9,9,1,1.086591,0.337365,0.337365,1.846920,1.997137,0.315872,-1.846920
nonmember,38241,5,0,0,2.191993,0.111694,0.178791,2.209373,0.398806,-0.470457,2.209373
nonmember,12052,0,8,0,3.103693,0.044883,0.618661,1.154927,0.786233,-2.623494,1.154927
nonmember,2294,5,6,0,2.027146,0.131711,0.284362,1.756873,2.264915,-0.769640,1.756873
nonmember,6803,8,0,0,1.301698,0.272070,0.695956,0.759816,4.361744,-0.939229,0.759816
nonmember,13659,2,7,0,2.312290,0.099034,0.573783,1.304583,2.427608,-1.756785,1.304583
nonmember,25023,0,0,1,1.404961,0.245377,0.245377,2.156978,1.052340,0.676034,-2.156978
nonmember,45621,0,8,0,3.262130,0.038307,0.494386,1.201923,0.670786,-2.557692,1.201923
nonmember,24891,1,1,1,0.461629,0.630256,0.630256,1.164549,3.259403,0.976746,-1.164549
nonmember,40376,8,8,1,0.908751,0.403027,0.403027,1.632935,2.241353,0.523158,-1.632935
nonmember,44401,9,1,0,1.309583,0.269933,0.625997,1.075143,2.804038,-0.841174,1.075143
nonmember,32279,8,8,1,0.814505,0.442858,0.442858,1.558529,2.694355,0.922052,-1.558529
nonmember,36411,5,9,0,4.670786,0.009365,0.431876,1.375770,-0.918592,-3.831170,1.375770
nonmember,44303,0,9,0,1.667586,0.188702,0.432616,1.469761,2.112809,-0.829680,1.469761
nonmember,289,7,7,1,1.213820,0.297060,0.297060,1.916131,1.773585,0.470982,-1.916131
nonmember,30829,0,9,0,2.372957,0.093205,0.379251,1.518864,1.236171,-1.403401,1.518864
nonmember,45551,8,0,0,1.054227,0.348462,0.586956,0.921304,4.503076,-0.521422,0.921304
nonmember,9571,7,7,1,1.108688,0.329992,0.329992,1.913835,1.766064,0.734802,-1.913835
nonmember,8822,3,7,0,1.717747,0.179470,0.251539,1.813759,1.946846,-0.337590,1.813759
nonmember,27477,2,7,0,2.118222,0.120245,0.263839,1.820028,1.748963,-0.785806,1.820028
nonmember,45185,8,1,0,1.383497,0.250700,0.341174,1.506248,2.609694,-0.308136,1.506248
nonmember,17707,4,0,0,6.231886,0.001966,0.643194,0.994821,-1.772722,-5.790577,0.994821
nonmember,5116,7,7,1,1.452939,0.233882,0.233882,1.986673,1.839454,0.276603,-1.986673
nonmember,29081,7,6,0,1.818394,0.162286,0.213477,2.029124,1.011498,-0.274168,2.029124
nonmember,37137,2,2,1,1.618274,0.198241,0.198241,2.114638,0.867919,0.009675,-2.114638
nonmember,22478,5,1,0,2.424114,0.088557,0.361783,1.762528,1.259332,-1.407403,1.762528
nonmember,11636,5,9,0,4.716683,0.008945,0.310607,1.839965,-1.775728,-3.547458,1.839965
nonmember,36696,6,8,0,4.417307,0.012067,0.389372,1.506353,-0.966278,-3.474087,1.506353
nonmember,32687,2,0,0,2.376430,0.092882,0.181109,2.235712,0.087575,-0.667771,2.235712
nonmember,23573,8,1,0,3.624455,0.026664,0.565906,1.353631,0.181270,-3.055128,1.353631
nonmember,38954,5,7,0,2.563441,0.077039,0.214597,2.081307,0.040141,-1.024446,2.081307
nonmember,22968,6,6,1,0.515632,0.597123,0.597123,1.408214,3.731894,1.553761,-1.408214
nonmember,27142,3,6,0,2.376307,0.092893,0.502270,1.548232,1.916442,-1.687689,1.548232
nonmember,31877,5,3,0,1.873017,0.153659,0.213530,1.958381,1.630720,-0.329038,1.958381
nonmember,24551,3,6,0,1.693596,0.183857,0.304671,1.792622,2.430641,-0.505073,1.792622
nonmember,40283,1,1,1,0.671316,0.511035,0.511035,1.718145,2.291069,1.537516,-1.718145
nonmember,14922,8,1,0,1.861632,0.155419,0.441183,1.531271,1.720545,-1.043337,1.531271
nonmember,43230,7,9,0,2.141639,0.117462,0.365267,1.803355,1.003604,-1.134512,1.803355
nonmember,39694,5,3,0,2.031642,0.131120,0.236832,2.066278,0.999548,-0.591239,2.066278
nonmember,46747,7,7,1,0.736646,0.478717,0.478717,1.728597,2.525560,1.353120,-1.728597
nonmember,43767,3,5,0,1.503969,0.222246,0.409068,1.764325,1.998665,-0.610096,1.764325
nonmember,26842,0,0,1,0.121936,0.885205,0.885205,0.463360,5.419654,2.326121,-0.463360
nonmember,30178,9,9,1,1.337632,0.262466,0.262466,1.964234,1.696264,0.253125,-1.964234
nonmember,9580,2,0,0,2.005396,0.134607,0.291137,2.109342,0.501673,-0.771434,2.109342
nonmember,28679,5,6,0,1.888892,0.151239,0.156967,2.074463,0.855921,-0.037175,2.074463
nonmember,32823,8,0,0,1.936553,0.144200,0.628085,1.268928,1.659615,-1.471472,1.268928
nonmember,46875,7,7,1,0.871797,0.418200,0.418200,1.590510,3.100267,0.756452,-1.590510
nonmember,38983,4,4,1,1.091261,0.335793,0.335793,1.781655,2.575694,0.656360,-1.781655
nonmember,49187,4,7,0,1.823605,0.161443,0.336881,1.808217,2.050738,-0.735580,1.808217
nonmember,6081,2,6,0,1.782107,0.168283,0.226402,2.083145,0.943443,-0.296662,2.083145
nonmember,38419,0,8,0,1.157970,0.314123,0.359253,1.467231,2.665317,-0.134243,1.467231
nonmember,19492,0,0,1,0.483889,0.616381,0.616381,1.321036,2.900012,1.288443,-1.321036
nonmember,1127,3,7,0,2.138206,0.117866,0.294396,1.919296,1.503868,-0.915375,1.919296
nonmember,27133,9,6,0,1.812202,0.163294,0.495391,1.558917,2.292805,-1.109795,1.558917
nonmember,27720,5,7,0,1.840560,0.158729,0.342550,1.852368,1.153677,-0.769223,1.852368
nonmember,36052,0,0,1,1.278540,0.278443,0.278443,1.734745,2.114669,0.048510,-1.734745
nonmember,46372,4,9,0,3.797254,0.022432,0.366664,1.765503,-0.514979,-2.793945,1.765503
nonmember,16413,9,9,1,0.678049,0.507606,0.507606,1.603395,2.475033,0.887064,-1.603395
nonmember,39879,9,8,0,1.232555,0.291547,0.364321,1.380719,2.714997,-0.222836,1.380719
nonmember,30451,2,6,0,3.278899,0.037670,0.354837,1.735272,0.762554,-2.242802,1.735272
nonmember,15022,8,8,1,0.694639,0.499255,0.499255,1.587837,2.513474,1.005283,-1.587837
nonmember,9235,5,7,0,2.376342,0.092890,0.339495,1.954117,0.455267,-1.296044,1.954117
nonmember,9845,4,6,0,2.901070,0.054964,0.513973,1.619841,0.667531,-2.235486,1.619841
nonmember,10020,0,7,0,2.809081,0.060260,0.290378,2.081606,-0.237457,-1.572510,2.081606
nonmember,47256,1,1,1,1.260789,0.283430,0.283430,1.847076,1.587067,0.035249,-1.847076
nonmember,4851,8,8,1,0.500732,0.606087,0.606087,1.115073,5.133684,1.316433,-1.115073
nonmember,20296,9,1,0,1.855096,0.156438,0.261305,2.004266,1.076993,-0.513029,2.004266
nonmember,4093,8,8,1,1.727837,0.177668,0.177668,2.191179,0.733525,0.059382,-2.191179
nonmember,38449,3,5,0,1.708061,0.181217,0.253789,1.919703,1.564259,-0.336807,1.919703
nonmember,26262,9,2,0,2.615120,0.073159,0.172651,2.202642,0.170684,-0.858636,2.202642
nonmember,48309,4,7,0,2.386250,0.091974,0.364970,1.955156,0.560619,-1.378310,1.955156
nonmember,6245,9,2,0,1.730879,0.177129,0.200757,2.068123,1.065436,-0.125220,2.068123
nonmember,43656,7,6,0,2.622474,0.072623,0.224103,2.051489,0.318946,-1.126824,2.051489
nonmember,42308,6,1,0,2.128405,0.119027,0.206381,2.123068,0.642431,-0.550373,2.123068
nonmember,1464,1,9,0,2.737578,0.064727,0.398205,1.507061,1.007885,-1.816790,1.507061
nonmember,45436,5,7,0,1.904546,0.148890,0.269986,1.963354,0.928351,-0.595161,1.963354
nonmember,40348,2,6,0,2.613731,0.073261,0.439552,1.708539,1.273567,-1.791732,1.708539
nonmember,24131,8,0,0,1.430985,0.239073,0.622348,1.099736,2.777704,-0.956730,1.099736
nonmember,33945,7,9,0,1.540874,0.214194,0.231585,1.913649,1.411912,-0.078064,1.913649
nonmember,23638,4,9,0,2.113136,0.120858,0.165355,2.215982,0.344670,-0.313474,2.215982
nonmember,18389,3,6,0,1.975075,0.138751,0.358213,1.825829,1.797042,-0.948449,1.825829
nonmember,38292,3,7,0,2.042924,0.129649,0.229419,2.166321,0.492841,-0.570719,2.166321
nonmember,5286,9,9,1,0.408507,0.664642,0.664642,1.194338,3.167052,1.411858,-1.194338
nonmember,10591,2,0,0,3.353667,0.034956,0.355717,1.615536,-0.092795,-2.320047,1.615536
nonmember,41190,5,4,0,1.902109,0.149254,0.318507,1.692079,2.909242,-0.757997,1.692079
nonmember,38837,7,7,1,0.969329,0.379338,0.379338,1.948004,1.722922,1.005210,-1.948004
nonmember,19080,3,5,0,1.618461,0.198204,0.372526,1.893311,1.556020,-0.631012,1.893311
nonmember,38550,7,5,0,2.114361,0.120710,0.431294,1.511644,2.011297,-1.273395,1.511644
nonmember,31540,9,8,0,2.271469,0.103161,0.602568,1.267191,1.521358,-1.764913,1.267191
nonmember,42498,1,9,0,1.785545,0.167706,0.482890,1.669194,1.311550,-1.057578,1.669194
nonmember,38976,3,5,0,1.310595,0.269659,0.331298,1.754661,2.399853,-0.205858,1.754661
nonmember,30671,7,6,0,1.937704,0.144034,0.303946,1.956025,1.328170,-0.746799,1.956025
nonmember,43518,1,1,1,1.227457,0.293037,0.293037,1.849370,1.785592,0.016793,-1.849370
nonmember,20385,9,9,1,0.641132,0.526696,0.526696,1.370911,2.980440,0.850591,-1.370911
nonmember,14865,7,6,0,1.751944,0.173437,0.239354,1.901900,1.807808,-0.322130,1.901900
nonmember,37974,6,6,1,0.339643,0.712025,0.712025,1.115396,4.277553,2.273328,-1.115396
nonmember,8879,8,8,1,0.636826,0.528969,0.528969,1.129472,3.677770,0.417114,-1.129472
nonmember,26744,0,0,1,0.245595,0.782239,0.782239,0.832592,4.023434,1.870044,-0.832592
nonmember,32880,6,6,1,1.240404,0.289267,0.289267,1.880634,2.009213,0.308736,-1.880634
nonmember,42082,7,9,0,1.305122,0.271139,0.298538,1.859594,1.542241,-0.096263,1.859594
nonmember,38487,1,9,0,1.875242,0.153318,0.346928,1.804110,1.820233,-0.816605,1.804110
nonmember,46470,4,2,0,2.113770,0.120782,0.150371,2.201263,0.541781,-0.219122,2.201263
nonmember,22956,9,8,0,1.921226,0.146427,0.594139,1.383735,1.407007,-1.400584,1.383735
nonmember,10407,5,7,0,2.063529,0.127005,0.236889,1.981498,0.800850,-0.623366,1.981498
nonmember,38873,9,1,0,0.915489,0.400321,0.488023,1.157588,3.154648,-0.198096,1.157588
nonmember,40120,7,9,0,6.054339,0.002348,0.531177,1.100342,-0.587703,-5.421680,1.100342
nonmember,32681,1,9,0,1.576173,0.206765,0.325087,1.513094,2.074794,-0.452510,1.513094
nonmember,28534,9,9,1,0.782347,0.457331,0.457331,1.272576,3.451881,0.357006,-1.272576
nonmember,27562,0,0,1,0.424568,0.654052,0.654052,0.674048,8.064588,0.650822,-0.674048
nonmember,22265,1,1,1,0.111426,0.894558,0.894558,0.479948,5.631036,2.861162,-0.479948
nonmember,8326,5,7,0,2.673725,0.068995,0.386283,1.751826,1.113291,-1.722540,1.751826
nonmember,10263,2,7,0,1.675416,0.187230,0.263743,1.990748,1.135531,-0.342636,1.990748
nonmember,38998,9,3,0,2.834493,0.058748,0.187902,2.047870,0.611769,-1.162661,2.047870
nonmember,14854,8,8,1,0.379344,0.684310,0.684310,0.938313,4.630929,1.200985,-0.938313
nonmember,31699,4,0,0,8.138889,0.000292,0.589391,0.940993,-2.588585,-7.610225,0.940993
nonmember,15486,1,9,0,1.685053,0.185435,0.280174,1.897220,1.561973,-0.412710,1.897220
nonmember,18188,3,5,0,1.402354,0.246017,0.317261,1.736097,2.449090,-0.254322,1.736097
nonmember,18685,5,0,0,2.437336,0.087393,0.234862,2.190159,0.008924,-0.988577,2.190159
nonmember,36874,8,1,0,3.138948,0.043328,0.340520,1.986290,-0.287287,-2.061667,1.986290
nonmember,19231,2,6,0,1.797386,0.165732,0.209705,1.998968,1.546679,-0.235335,1.998968
nonmember,2299,6,6,1,1.447745,0.235100,0.235100,1.984099,1.797522,0.276330,-1.984099
nonmember,26383,6,6,1,0.992903,0.370500,0.370500,1.919946,1.966740,1.169248,-1.919946
nonmember,39380,0,0,1,0.738311,0.477920,0.477920,1.504529,2.887434,0.929839,-1.504529
nonmember,2186,1,0,0,1.905483,0.148751,0.161473,2.225791,0.527077,-0.082064,2.225791
nonmember,46633,2,7,0,1.520492,0.218604,0.404185,1.744755,1.699668,-0.614608,1.744755
nonmember,13676,5,3,0,1.489207,0.225551,0.256021,1.774636,2.920554,-0.126712,1.774636
nonmember,14657,5,5,1,1.180085,0.307253,0.307253,1.791039,2.550406,0.330034,-1.791039
nonmember,26932,9,7,0,1.966347,0.139967,0.250474,2.099139,0.802507,-0.581945,2.099139
nonmember,22808,2,4,0,1.682236,0.185958,0.248978,1.841913,1.689495,-0.291846,1.841913
nonmember,41468,9,9,1,0.956818,0.384113,0.384113,1.852169,2.063784,0.588760,-1.852169
nonmember,22747,1,1,1,1.597213,0.202460,0.202460,2.116879,1.335552,0.085124,-2.116879
nonmember,29253,6,7,0,2.602016,0.074124,0.279433,1.870695,0.579751,-1.327023,1.870695
nonmember,21799,9,8,0,1.501636,0.222765,0.472291,1.563928,1.707437,-0.751475,1.563928
nonmember,4660,4,4,1,1.575497,0.206905,0.206905,1.900332,2.007139,0.029522,-1.900332
nonmember,6394,3,3,1,1.173319,0.309338,0.309338,1.788484,2.408173,0.351364,-1.788484
nonmember,648,2,1,0,2.630250,0.072060,0.199085,2.126888,0.052720,-1.016225,2.126888
nonmember,48364,2,2,1,1.748997,0.173948,0.173948,2.129404,0.941753,0.170561,-2.129404
nonmember,15311,3,3,1,1.560991,0.209928,0.209928,1.997017,1.804688,0.156418,-1.997017
nonmember,1392,8,8,1,0.928067,0.395317,0.395317,1.394733,3.266954,0.274774,-1.394733
nonmember,6014,3,7,0,1.870610,0.154030,0.202859,2.089715,0.847894,-0.275368,2.089715
nonmember,24636,2,3,0,3.098183,0.045131,0.266407,1.938165,0.193823,-1.775453,1.938165
nonmember,13118,1,9,0,2.345784,0.095772,0.271218,1.869102,0.585031,-1.040953,1.869102
nonmember,4548,5,3,0,1.087229,0.337150,0.412608,1.506414,3.170212,-0.201970,1.506414
nonmember,44160,5,7,0,1.903573,0.149035,0.255569,1.954231,0.998906,-0.539309,1.954231
nonmember,13298,9,9,1,1.469314,0.230083,0.230083,2.072570,1.351334,0.082756,-2.072570
nonmember,6882,8,9,0,1.453855,0.233668,0.348541,1.873626,1.361850,-0.399855,1.873626
nonmember,38572,6,6,1,0.786802,0.455298,0.455298,1.713476,2.929766,1.175334,-1.713476
nonmember,13153,6,6,1,1.022573,0.359668,0.359668,1.806362,2.407752,0.744184,-1.806362
nonmember,44607,7,7,1,0.604946,0.546104,0.546104,1.470609,3.067619,1.315066,-1.470609
nonmember,28974,9,8,0,1.242155,0.288761,0.572852,1.054390,4.104182,-0.685028,1.054390
nonmember,42386,7,4,0,1.527100,0.217165,0.219805,2.002621,1.408838,-0.012084,2.002621
nonmember,6988,1,1,1,1.265885,0.281990,0.281990,1.905673,1.600987,0.205348,-1.905673
nonmember,9123,0,0,1,0.524785,0.591682,0.591682,0.982593,5.051359,0.629560,-0.982593
nonmember,6205,3,4,0,2.329474,0.097347,0.189796,2.135151,0.285075,-0.667669,2.135151
nonmember,4402,3,6,0,2.117674,0.120311,0.232090,2.161346,0.417170,-0.657043,2.161346
nonmember,16796,3,3,1,1.309963,0.269830,0.269830,2.082122,1.396489,0.296141,-2.082122
nonmember,6233,1,1,1,0.682861,0.505170,0.505170,1.143804,4.270840,0.513518,-1.143804
nonmember,6253,5,8,0,4.809204,0.008154,0.537218,1.227440,-0.748980,-4.187853,1.227440
nonmember,11912,0,6,0,10.673194,0.000023,0.450905,1.621268,-5.942909,-9.876696,1.621268
nonmember,2990,4,7,0,1.698423,0.182972,0.234143,1.763833,2.765899,-0.246599,1.763833
nonmember,25201,1,1,1,1.119425,0.326467,0.326467,1.872593,1.913174,0.334085,-1.872593
nonmember,20076,5,5,1,1.400333,0.246515,0.246515,2.161341,1.377210,0.455902,-2.161341
nonmember,6739,7,7,1,1.067536,0.343855,0.343855,1.952958,1.818024,0.973190,-1.952958
nonmember,34053,2,0,0,10.289597,0.000034,0.965768,0.153524,-0.146693,-10.254766,0.153524
nonmember,46607,2,7,0,2.052612,0.128399,0.288188,1.998418,0.663079,-0.808469,1.998418
nonmember,49294,5,6,0,2.082046,0.124675,0.223877,1.968003,0.995808,-0.585388,1.968003
nonmember,5262,8,9,0,1.713173,0.180293,0.440504,1.707471,1.200789,-0.893337,1.707471
nonmember,38018,9,1,0,1.057131,0.347451,0.429340,1.488647,2.427100,-0.211625,1.488647
nonmember,36690,4,6,0,1.703628,0.182022,0.309092,1.863903,1.554747,-0.529512,1.863903
nonmember,26471,1,8,0,2.009728,0.134025,0.409888,1.531401,1.364063,-1.117856,1.531401
nonmember,9264,5,1,0,3.145501,0.043045,0.247697,1.987314,-0.412796,-1.749954,1.987314
nonmember,17534,1,6,0,4.735173,0.008781,0.526746,1.477655,0.240269,-4.094137,1.477655
nonmember,29469,1,0,0,3.695113,0.024845,0.743722,1.057709,-0.069216,-3.399025,1.057709
nonmember,33516,0,7,0,3.070161,0.046414,0.490916,1.698288,-0.032690,-2.358680,1.698288
nonmember,39997,6,6,1,1.089371,0.336428,0.336428,1.836244,2.507613,0.731787,-1.836244
nonmember,10565,3,7,0,2.199893,0.110815,0.267890,1.765063,2.042349,-0.882715,1.765063
nonmember,17815,1,1,1,0.343786,0.709081,0.709081,1.174546,3.344222,2.353003,-1.174546
nonmember,22824,1,1,1,0.873536,0.417473,0.417473,1.801570,2.053449,0.746044,-1.801570
nonmember,19869,1,9,0,1.713464,0.180240,0.599311,1.306737,1.828550,-1.201490,1.306737
nonmember,26085,6,7,0,1.721600,0.178780,0.252626,2.001854,1.462495,-0.345757,2.001854
nonmember,25115,2,2,1,1.548843,0.212494,0.212494,2.139562,0.980309,0.100786,-2.139562
nonmember,33596,0,0,1,0.045294,0.955716,0.955716,0.192915,9.241049,3.129097,-0.192915
nonmember,24411,3,3,1,1.434354,0.238269,0.238269,1.868611,2.130006,0.000268,-1.868611
nonmember,25528,2,8,0,4.001890,0.018281,0.645809,1.290455,-0.383626,-3.564639,1.290455
nonmember,10552,7,5,0,2.017179,0.133030,0.313354,1.847808,1.394988,-0.856758,1.847808
nonmember,1442,7,9,0,4.218738,0.014717,0.399812,1.586759,-0.914793,-3.301976,1.586759
nonmember,45177,9,9,1,0.457299,0.632991,0.632991,1.096809,4.141057,1.238391,-1.096809
nonmember,49014,5,7,0,2.059786,0.127481,0.292316,2.076093,0.475110,-0.829868,2.076093
nonmember,19658,8,0,0,1.473485,0.229125,0.585776,1.298378,2.019997,-0.938668,1.298378
nonmember,26003,0,0,1,1.146736,0.317672,0.317672,1.568530,2.379109,0.189179,-1.568530
nonmember,44576,3,7,0,2.514254,0.080923,0.199794,2.094951,0.202762,-0.903785,2.094951
nonmember,37648,0,8,0,2.419278,0.088986,0.651920,1.013636,2.588137,-1.991444,1.013636
nonmember,47240,6,6,1,1.229991,0.292295,0.292295,1.868404,2.873392,0.270452,-1.868404
nonmember,11077,5,6,0,2.227869,0.107758,0.312494,1.975673,1.064715,-1.064699,1.975673
nonmember,9793,5,5,1,1.442439,0.236351,0.236351,2.137862,1.321242,0.376531,-2.137862
nonmember,21124,5,1,0,3.890884,0.020427,0.417521,1.410893,-0.440907,-3.017463,1.410893
nonmember,13585,2,0,0,1.876225,0.153167,0.168209,2.130401,0.681322,-0.093674,2.130401
nonmember,30749,0,7,0,4.628882,0.009766,0.246783,1.975157,-1.782249,-3.229636,1.975157
nonmember,48932,6,9,0,2.341758,0.096158,0.497845,1.547940,1.186793,-1.644292,1.547940
nonmember,36190,7,7,1,1.392091,0.248555,0.248555,2.118147,1.254277,0.630511,-2.118147
nonmember,25806,4,6,0,2.118341,0.120231,0.300989,1.843339,1.943311,-0.917659,1.843339
nonmember,8761,3,3,1,1.528380,0.216887,0.216887,2.083071,1.512550,0.301757,-2.083071
nonmember,41818,0,1,0,4.047385,0.017468,0.241601,2.051448,-1.280047,-2.626916,2.051448
nonmember,5438,1,8,0,3.205182,0.040552,0.655659,0.968866,1.789475,-2.783067,0.968866
nonmember,10229,1,9,0,2.329666,0.097328,0.413855,1.878267,0.415654,-1.447426,1.878267
nonmember,44192,3,8,0,1.766145,0.170991,0.186761,2.102220,0.844982,-0.088220,2.102220
nonmember,7462,0,0,1,1.122351,0.325514,0.325514,1.791568,1.951528,0.150937,-1.791568
nonmember,23381,7,7,1,1.112951,0.328588,0.328588,1.990803,1.586327,0.624917,-1.990803
nonmember,42102,9,8,0,1.551065,0.212022,0.326901,1.718576,1.633451,-0.432966,1.718576
nonmember,32791,2,1,0,2.991294,0.050222,0.464966,1.575474,0.198674,-2.225504,1.575474
nonmember,911,0,0,1,0.420347,0.656819,0.656819,1.308902,2.868297,1.932180,-1.308902
nonmember,2772,2,1,0,2.807765,0.060340,0.433086,1.700219,0.656577,-1.970946,1.700219
nonmember,36532,5,6,0,1.934573,0.144486,0.177210,2.148028,0.963730,-0.204152,2.148028
nonmember,2351,9,9,1,0.932404,0.393606,0.393606,1.900979,1.974163,1.024550,-1.900979
nonmember,23048,3,6,0,1.866198,0.154711,0.364045,1.716348,2.180172,-0.855720,1.716348
nonmember,35578,8,1,0,1.370608,0.253952,0.339179,1.603619,1.952180,-0.289380,1.603619
nonmember,28299,5,7,0,2.198039,0.111021,0.229719,2.076827,0.442686,-0.727139,2.076827
nonmember,49928,6,6,1,0.856309,0.424727,0.424727,1.768712,2.559439,1.007878,-1.768712
nonmember,27824,7,1,0,2.388318,0.091784,0.258626,1.983327,1.116774,-1.035947,1.983327
nonmember,3942,6,6,1,0.691533,0.500808,0.500808,1.668417,2.826306,1.683997,-1.668417
nonmember,10079,1,9,0,3.064386,0.046682,0.387078,1.873748,-0.218193,-2.115257,1.873748
nonmember,30166,1,1,1,1.144565,0.318362,0.318362,1.520950,2.380029,0.083395,-1.520950
nonmember,12038,1,2,0,2.852647,0.057691,0.318947,1.886487,0.403745,-1.709917,1.886487
nonmember,2595,2,1,0,2.203365,0.110431,0.160092,2.204731,0.292378,-0.371361,2.204731
nonmember,17704,9,6,0,4.734760,0.008785,0.299206,1.829893,-0.624991,-3.528138,1.829893
nonmember,2442,4,9,0,6.368805,0.001714,0.737645,0.912947,-1.921726,-6.064513,0.912947
nonmember,1295,2,6,0,2.207485,0.109977,0.240318,1.982890,0.663564,-0.781693,1.982890
nonmember,34821,1,7,0,2.104886,0.121860,0.344240,1.729381,1.008790,-1.038469,1.729381
nonmember,2649,3,6,0,2.308168,0.099443,0.447593,1.590274,1.896172,-1.504297,1.590274
nonmember,1807,6,3,0,1.437037,0.237631,0.269368,1.902262,2.618800,-0.125359,1.902262
nonmember,23935,3,6,0,2.153420,0.116086,0.306015,2.015772,0.938184,-0.969299,2.015772
nonmember,2861,0,8,0,1.594709,0.202968,0.328707,1.878499,1.262714,-0.482120,1.878499
nonmember,11168,2,9,0,3.847571,0.021331,0.560727,1.172840,0.065025,-3.269049,1.172840
nonmember,12993,0,8,0,0.994655,0.369851,0.422783,1.281178,3.144957,-0.133760,1.281178
nonmember,8897,7,4,0,1.842361,0.158443,0.213466,2.062899,1.097660,-0.298085,2.062899
nonmember,9311,3,9,0,2.828463,0.059104,0.269973,1.978099,-0.181934,-1.519030,1.978099
nonmember,30398,8,0,0,1.300621,0.272363,0.418011,1.416813,2.812275,-0.428375,1.416813
nonmember,31022,3,6,0,2.303982,0.099860,0.384195,1.856563,1.183662,-1.347377,1.856563
nonmember,32132,8,0,0,1.937595,0.144050,0.704901,1.056525,1.970606,-1.587897,1.056525
nonmember,1748,9,1,0,1.548887,0.212484,0.507104,1.458604,2.112924,-0.869847,1.458604
nonmember,48915,1,8,0,2.279518,0.102334,0.470124,1.429221,1.649500,-1.524759,1.429221
nonmember,18980,8,8,1,0.952319,0.385845,0.385845,1.458155,2.878812,0.289272,-1.458155
nonmember,18937,9,9,1,1.705894,0.181610,0.181610,2.152874,1.042886,0.153614,-2.152874
nonmember,9654,9,8,0,1.413678,0.243247,0.573365,1.112320,3.113723,-0.857446,1.112320
nonmember,28146,4,6,0,1.964108,0.140281,0.298313,2.015538,0.830606,-0.754496,2.015538
nonmember,20944,9,1,0,1.456858,0.232967,0.424302,1.410327,2.755114,-0.599549,1.410327
nonmember,4563,0,0,1,0.479308,0.619212,0.619212,1.384341,2.836877,1.737477,-1.384341
nonmember,15259,4,6,0,1.680559,0.186270,0.376931,1.767490,1.764849,-0.704867,1.767490
nonmember,4619,0,9,0,2.597886,0.074431,0.407167,1.750965,0.391283,-1.699355,1.750965
nonmember,8153,3,3,1,1.419197,0.241908,0.241908,2.036735,1.330489,0.205989,-2.036735
nonmember,7811,4,6,0,1.982229,0.137762,0.489702,1.608450,1.924636,-1.268271,1.608450
nonmember,9270,9,9,1,1.188229,0.304761,0.304761,1.857180,1.817826,0.308488,-1.857180
nonmember,12865,1,9,0,1.510082,0.220892,0.281611,1.917073,2.087935,-0.242855,1.917073
nonmember,2158,9,9,1,0.479759,0.618933,0.618933,1.204207,3.396910,1.287253,-1.204207
nonmember,48336,8,3,0,2.889068,0.055628,0.396029,1.881666,0.144434,-1.962800,1.881666
nonmember,19227,8,0,0,1.438297,0.237332,0.408252,1.672994,1.779605,-0.542427,1.672994
nonmember,49307,6,7,0,2.357762,0.094632,0.141306,2.251918,0.018270,-0.400938,2.251918
nonmember,32248,6,6,1,1.232450,0.291577,0.291577,2.011201,1.599539,0.645886,-2.011201
nonmember,14335,0,9,0,3.148235,0.042928,0.542162,1.485498,0.141906,-2.536044,1.485498
nonmember,47572,7,8,0,6.482694,0.001530,0.404786,1.256647,-1.396021,-5.578298,1.256647
nonmember,12750,3,0,0,1.947161,0.142679,0.163155,2.199928,0.505575,-0.134108,2.199928
nonmember,34667,9,9,1,0.942005,0.389845,0.389845,1.437181,2.713794,0.075058,-1.437181
nonmember,31439,5,7,0,2.340423,0.096287,0.295657,1.918455,0.711409,-1.121869,1.918455
nonmember,16466,8,1,0,2.117129,0.120377,0.333091,1.850034,0.859416,-1.017790,1.850034
nonmember,12296,0,9,0,1.937607,0.144048,0.364235,1.766741,1.048571,-0.927651,1.766741
nonmember,7062,4,3,0,2.872128,0.056578,0.255089,1.937734,1.081534,-1.505986,1.937734
nonmember,28494,6,6,1,0.853947,0.425731,0.425731,1.816034,2.310019,1.459775,-1.816034
nonmember,11921,2,6,0,2.144166,0.117166,0.261790,1.948536,0.889577,-0.803952,1.948536
nonmember,8568,9,1,0,1.093533,0.335031,0.335714,1.717381,2.210663,-0.002037,1.717381
nonmember,3269,8,9,0,1.560616,0.210007,0.657800,0.946536,3.796698,-1.141763,0.946536
nonmember,22466,9,9,1,1.075062,0.341276,0.341276,1.786458,2.103499,0.361835,-1.786458
nonmember,49641,0,1,0,2.716136,0.066130,0.469325,1.558878,0.554181,-1.959676,1.558878
nonmember,8402,9,9,1,1.501656,0.222761,0.222761,2.122247,1.016619,0.258021,-2.122247
nonmember,12481,8,8,1,0.668845,0.512300,0.512300,1.042219,3.754722,0.243112,-1.042219
nonmember,10146,0,7,0,3.911251,0.020015,0.364849,1.849921,-0.942809,-2.902979,1.849921
nonmember,5861,9,9,1,1.415066,0.242909,0.242909,2.092008,1.343713,0.533221,-2.092008
nonmember,37202,7,4,0,1.731024,0.177103,0.311352,1.779170,1.895709,-0.564194,1.779170
nonmember,34798,6,1,0,2.535882,0.079192,0.274711,2.028309,0.551753,-1.243845,2.028309
nonmember,7936,1,1,1,1.626639,0.196589,0.196589,2.148818,0.961715,0.197076,-2.148818
nonmember,41966,1,9,0,1.451944,0.234115,0.586590,1.275518,2.172070,-0.918516,1.275518
nonmember,10378,2,0,0,2.929409,0.053429,0.652146,1.338951,0.351821,-2.501922,1.338951
nonmember,13177,2,6,0,2.138057,0.117884,0.363290,1.915393,0.822688,-1.125503,1.915393
nonmember,19364,2,4,0,2.308120,0.099448,0.212851,1.828770,1.876243,-0.760956,1.828770
nonmember,12732,1,1,1,0.675844,0.508727,0.508727,0.965534,4.340080,0.161800,-0.965534
nonmember,15217,3,6,0,1.628041,0.196314,0.224260,2.000738,1.316296,-0.133093,2.000738
nonmember,26982,2,1,0,2.042100,0.129756,0.135514,2.279719,0.313854,-0.043418,2.279719
nonmember,20450,4,6,0,1.760962,0.171880,0.397125,1.750245,1.942916,-0.837457,1.750245
nonmember,33352,4,9,0,2.595301,0.074623,0.225285,1.972723,0.788829,-1.104912,1.972723
nonmember,22878,6,1,0,2.378278,0.092710,0.249597,2.063180,0.657898,-0.990370,2.063180
nonmember,21712,3,1,0,2.082061,0.124673,0.337000,1.942129,1.538371,-0.994388,1.942129
nonmember,32382,7,6,0,2.432103,0.087852,0.336642,1.968986,0.680981,-1.343367,1.968986
nonmember,32321,2,2,1,1.588286,0.204275,0.204275,1.975717,1.634628,0.089759,-1.975717
nonmember,35902,5,9,0,2.955621,0.052046,0.228681,2.016520,-0.205281,-1.480192,2.016520
nonmember,5904,8,0,0,1.956042,0.141417,0.781384,0.744504,3.530950,-1.709353,0.744504
nonmember,42164,4,6,0,1.757000,0.172562,0.201707,2.078787,1.110582,-0.156062,2.078787
nonmember,33201,6,6,1,1.231632,0.291816,0.291816,1.856329,2.234301,0.159297,-1.856329
nonmember,26452,1,3,0,2.081517,0.124741,0.186475,2.154809,0.665574,-0.402060,2.154809
nonmember,38924,5,7,0,2.087406,0.124008,0.275724,1.848801,1.139156,-0.799052,1.848801
nonmember,14321,3,7,0,1.964937,0.140165,0.186639,2.133357,0.642411,-0.286358,2.133357
nonmember,48606,9,0,0,1.780705,0.168519,0.259760,2.024770,0.931414,-0.432710,2.024770
nonmember,39511,6,6,1,0.568332,0.566470,0.566470,1.518492,3.328891,1.799446,-1.518492
nonmember,8932,1,7,0,6.078507,0.002292,0.495756,1.460305,-0.886800,-5.376836,1.460305
nonmember,6463,6,9,0,2.149958,0.116489,0.346084,1.824425,0.969033,-1.088885,1.824425
nonmember,12372,8,9,0,2.546036,0.078392,0.695267,0.916135,2.382496,-2.182577,0.916135
nonmember,28113,0,8,0,3.928450,0.019674,0.815518,0.781484,0.484843,-3.724519,0.781484
nonmember,31741,2,6,0,2.576337,0.076052,0.296368,1.863540,1.004426,-1.360182,1.863540
nonmember,16935,5,1,0,2.565548,0.076877,0.306412,1.767002,1.082674,-1.382723,1.767002
nonmember,24999,1,9,0,1.626386,0.196639,0.637199,1.163600,2.456712,-1.175713,1.163600
nonmember,26529,5,6,0,3.204418,0.040583,0.205542,2.043348,-0.383947,-1.622314,2.043348
nonmember,41234,0,8,0,4.575700,0.010299,0.479508,1.177083,0.015662,-3.840704,1.177083
nonmember,16728,9,8,0,1.270272,0.280755,0.573882,1.112663,3.083091,-0.714940,1.112663
nonmember,20549,1,1,1,0.757013,0.469065,0.469065,1.346420,3.035374,0.363255,-1.346420
nonmember,34709,7,7,1,0.843245,0.430312,0.430312,1.848609,2.045579,1.367781,-1.848609
nonmember,18173,6,6,1,0.750924,0.471930,0.471930,1.473841,3.951132,0.745898,-1.473841
nonmember,11119,3,7,0,1.956902,0.141296,0.249580,1.984757,1.090972,-0.568925,1.984757
nonmember,17644,3,3,1,1.896353,0.150115,0.150115,2.241008,0.596678,0.011554,-2.241008
nonmember,48333,8,0,0,0.875050,0.416841,0.498120,1.053302,3.587095,-0.178135,1.053302
nonmember,26939,3,7,0,2.472637,0.084362,0.248605,1.896450,0.593232,-1.080747,1.896450
nonmember,15505,2,1,0,2.112952,0.120881,0.397472,1.874295,0.904824,-1.190320,1.874295
nonmember,12407,6,6,1,0.482729,0.617097,0.617097,1.341089,4.052606,1.810908,-1.341089
nonmember,15520,8,8,1,0.518801,0.595234,0.595234,1.149228,3.875410,1.081671,-1.149228
nonmember,25340,6,6,1,0.863895,0.421517,0.421517,1.572537,2.903109,0.484464,-1.572537
nonmember,3126,9,9,1,0.907567,0.403505,0.403505,1.514803,2.843683,0.641502,-1.514803
nonmember,19489,6,0,0,4.768472,0.008493,0.291343,1.943556,-2.081688,-3.535218,1.943556
nonmember,35567,1,1,1,1.599515,0.201994,0.201994,2.047974,1.510699,0.105536,-2.047974
nonmember,45031,7,7,1,1.027815,0.357788,0.357788,1.971617,1.652967,0.822921,-1.971617
nonmember,30387,5,6,0,1.878810,0.152772,0.234558,1.972737,1.419299,-0.428756,1.972737
nonmember,27865,2,6,0,2.715259,0.066188,0.420607,1.732291,0.775755,-1.849203,1.732291
nonmember,16100,0,8,0,1.523046,0.218047,0.417987,1.375590,2.771343,-0.650740,1.375590
nonmember,36781,3,6,0,1.448486,0.234926,0.266230,1.932487,1.795215,-0.125092,1.932487
nonmember,30512,6,6,1,0.630848,0.532140,0.532140,1.584642,3.206718,1.623240,-1.584642
nonmember,15572,0,0,1,0.466839,0.626981,0.626981,1.332219,3.075085,1.722555,-1.332219
nonmember,45356,9,9,1,0.537558,0.584173,0.584173,1.124424,3.863240,0.804850,-1.124424
nonmember,10583,7,9,0,2.590740,0.074965,0.245426,2.014524,0.355705,-1.185982,2.014524
nonmember,8842,0,9,0,2.188851,0.112045,0.214200,2.141175,0.437301,-0.648004,2.141175
nonmember,11380,2,2,1,1.748252,0.174078,0.174078,2.235955,0.784267,0.271635,-2.235955
nonmember,17880,5,6,0,1.599779,0.201941,0.313054,1.714921,2.424836,-0.438399,1.714921
nonmember,4520,9,0,0,1.702301,0.182264,0.292828,1.857599,1.308842,-0.474132,1.857599
nonmember,35373,0,0,1,0.194678,0.823100,0.823100,0.692029,4.886153,2.231524,-0.692029
nonmember,16054,9,9,1,0.823609,0.438845,0.438845,1.449213,2.808790,0.300401,-1.449213
nonmember,35705,1,9,0,1.765852,0.171041,0.384423,1.836331,1.285316,-0.809840,1.836331
nonmember,21402,3,7,0,1.339273,0.262036,0.271841,1.867359,1.626722,-0.036734,1.867359
nonmember,11335,2,2,1,1.459449,0.232364,0.232364,1.926820,1.567843,0.143685,-1.926820
nonmember,36197,2,7,0,1.876199,0.153171,0.167930,2.204324,0.509828,-0.091990,2.204324
nonmember,1289,8,9,0,2.281774,0.102103,0.339310,1.776164,0.845126,-1.200932,1.776164
nonmember,11426,7,7,1,1.333176,0.263638,0.263638,1.951514,2.023359,0.231800,-1.951514
nonmember,39990,1,1,1,1.368957,0.254372,0.254372,2.125534,1.230453,0.309395,-2.125534
nonmember,3935,1,1,1,1.324701,0.265882,0.265882,1.999451,1.587680,0.434874,-1.999451
nonmember,45617,8,8,1,1.035304,0.355119,0.355119,1.564044,2.278868,0.056683,-1.564044
nonmember,42345,2,2,1,1.645613,0.192894,0.192894,2.094042,1.044391,0.016403,-2.094042
nonmember,37520,7,9,0,2.151231,0.116341,0.265521,2.159483,0.399271,-0.825172,2.159483
nonmember,21072,6,6,1,1.071542,0.342480,0.342480,1.940213,1.839611,0.824758,-1.940213
nonmember,48684,7,6,0,2.146820,0.116855,0.255619,1.999624,1.064705,-0.782754,1.999624
nonmember,1451,4,3,0,2.137854,0.117908,0.303453,1.762307,1.618039,-0.945325,1.762307
nonmember,1501,2,1,0,2.210290,0.109669,0.231435,2.009552,1.202052,-0.746833,2.009552
nonmember,42278,9,7,0,2.056323,0.127924,0.277499,2.024423,0.989057,-0.774385,2.024423
nonmember,35532,3,3,1,1.695968,0.183422,0.183422,2.176563,0.953435,0.047802,-2.176563
nonmember,42305,1,1,1,0.816318,0.442056,0.442056,1.697381,2.629470,1.072939,-1.697381
nonmember,2635,8,0,0,1.957153,0.141260,0.384093,1.594957,1.464120,-1.000281,1.594957
nonmember,31111,5,7,0,2.201235,0.110666,0.301149,1.940446,0.611961,-1.001085,1.940446
nonmember,37913,1,9,0,1.669117,0.188413,0.452688,1.355165,2.907768,-0.876565,1.355165
nonmember,44287,9,0,0,1.691271,0.184285,0.239530,2.088828,0.847153,-0.262195,2.088828
nonmember,43929,7,9,0,2.016923,0.133064,0.443205,1.709089,1.136109,-1.203200,1.709089
nonmember,47508,2,7,0,1.668045,0.188615,0.221938,2.102763,0.886513,-0.162690,2.102763
nonmember,45358,0,0,1,0.138978,0.870247,0.870247,0.609350,4.248421,2.756803,-0.609350
nonmember,45669,7,7,1,1.368811,0.254409,0.254409,2.076812,1.301081,0.563224,-2.076812
nonmember,13451,4,9,0,3.161755,0.042351,0.331534,2.001122,-0.161229,-2.057729,2.001122
nonmember,25950,3,3,1,1.708111,0.181208,0.181208,2.224933,0.874256,0.299176,-2.224933
nonmember,19577,3,9,0,1.723076,0.178516,0.216133,2.162560,0.965868,-0.191215,2.162560
nonmember,48564,1,1,1,0.982208,0.374483,0.374483,1.794128,2.462313,0.783081,-1.794128
nonmember,31014,9,9,1,1.222934,0.294365,0.294365,1.928233,1.757978,0.162810,-1.928233
nonmember,40490,5,9,0,2.775624,0.062311,0.273376,2.096248,0.084851,-1.478718,2.096248
nonmember,27754,4,4,1,1.132813,0.322126,0.322126,1.744638,2.803999,0.430985,-1.744638
nonmember,41666,1,9,0,1.363213,0.255838,0.559833,1.162324,2.840555,-0.783096,1.162324
nonmember,20685,3,3,1,1.022984,0.359521,0.359521,1.742050,2.345480,0.453833,-1.742050
nonmember,40507,9,9,1,0.886383,0.412144,0.412144,1.836965,2.031410,0.902556,-1.836965
nonmember,42384,5,7,0,2.187656,0.112179,0.207337,2.090541,0.660915,-0.614244,2.090541
nonmember,37754,2,2,1,1.484018,0.226725,0.226725,1.987297,1.331007,0.109008,-1.987297
nonmember,14293,6,6,1,1.313011,0.269009,0.269009,2.019087,1.677384,0.554829,-2.019087
nonmember,27402,1,1,1,1.096608,0.334002,0.334002,2.012515,1.762382,0.803437,-2.012515
nonmember,16875,2,7,0,2.712737,0.066355,0.408672,1.799775,0.413347,-1.817894,1.799775
nonmember,48253,8,8,1,0.531057,0.587983,0.587983,1.213202,3.834961,1.319632,-1.213202
nonmember,5175,5,3,0,1.696679,0.183291,0.296356,2.050943,1.126314,-0.480484,2.050943
nonmember,3315,1,9,0,1.581107,0.205747,0.395322,1.672308,1.517772,-0.653051,1.672308
nonmember,46335,9,3,0,4.394798,0.012341,0.257482,1.859325,-1.067837,-3.037993,1.859325
nonmember,8413,9,9,1,1.084926,0.337927,0.337927,1.610130,2.300222,0.014518,-1.610130
nonmember,11196,1,8,0,1.932414,0.144798,0.337071,1.736328,1.091964,-0.844953,1.736328
nonmember,21412,2,1,0,2.367950,0.093673,0.269388,1.872535,1.478544,-1.056346,1.872535
nonmember,13657,9,9,1,0.933373,0.393225,0.393225,1.820131,2.089488,0.847848,-1.820131
nonmember,2231,5,7,0,2.045511,0.129314,0.390669,1.836566,1.209370,-1.105616,1.836566
nonmember,4466,8,8,1,1.112586,0.328708,0.328708,1.757053,1.892518,0.066656,-1.757053
nonmember,49106,2,6,0,1.933307,0.144669,0.244769,1.993468,1.139329,-0.525865,1.993468
nonmember,18592,4,9,0,2.582020,0.075621,0.204845,2.170609,-0.118581,-0.996517,2.170609
nonmember,3703,3,3,1,1.872846,0.153686,0.153686,2.199473,0.655951,0.144808,-2.199473
nonmember,11100,0,0,1,0.497644,0.607961,0.607961,1.453604,2.620749,1.742577,-1.453604
nonmember,26594,8,1,0,3.337584,0.035523,0.376872,1.748223,-0.230184,-2.361735,1.748223
nonmember,30490,3,0,0,3.698828,0.024753,0.496982,1.560998,-0.543859,-2.999626,1.560998
nonmember,47846,2,6,0,2.302645,0.099994,0.436640,1.678292,1.717124,-1.473999,1.678292
nonmember,44174,2,7,0,2.026185,0.131838,0.317274,1.890290,0.900896,-0.878195,1.890290
nonmember,1884,2,9,0,2.023975,0.132129,0.264719,2.079072,0.747127,-0.694887,2.079072
nonmember,457,0,0,1,0.631753,0.531659,0.531659,1.346682,2.935269,0.676960,-1.346682
nonmember,32348,1,1,1,1.652091,0.191649,0.191649,2.184252,0.889515,0.233750,-2.184252
nonmember,20832,4,3,0,2.413706,0.089483,0.162368,2.208658,0.075552,-0.595818,2.208658
nonmember,16620,8,9,0,2.077866,0.125197,0.197439,2.157055,0.437318,-0.455543,2.157055
nonmember,588,6,6,1,1.121373,0.325832,0.325832,1.673168,3.660429,0.323291,-1.673168
nonmember,42770,8,1,0,3.722003,0.024185,0.489273,1.605569,0.059896,-3.007168,1.605569
nonmember,16179,4,4,1,1.411435,0.243793,0.243793,1.822695,2.122990,0.181081,-1.822695
nonmember,22876,5,9,0,2.405902,0.090184,0.177955,2.104794,0.567649,-0.679675,2.104794
nonmember,30704,3,6,0,2.041646,0.129815,0.309504,1.911693,1.285225,-0.868863,1.911693
nonmember,6098,0,9,0,1.595166,0.202875,0.303945,1.902329,1.169721,-0.404256,1.902329
nonmember,45925,6,5,0,2.137391,0.117962,0.309808,1.758969,1.673908,-0.965590,1.758969
nonmember,1344,5,7,0,2.266273,0.103698,0.493950,1.586285,1.563519,-1.560951,1.586285
nonmember,468,0,0,1,0.223894,0.799400,0.799400,0.620309,5.629788,1.544024,-0.620309
nonmember,47123,2,6,0,2.835112,0.058712,0.278026,1.793229,1.304502,-1.555071,1.793229
nonmember,49007,8,0,0,1.690280,0.184468,0.623002,1.218884,2.012059,-1.217075,1.218884
nonmember,43701,3,1,0,1.692777,0.184008,0.199489,2.131710,1.135601,-0.080778,2.131710
nonmember,12353,8,0,0,3.908533,0.020070,0.500362,1.584200,-0.736803,-3.216110,1.584200
nonmember,6301,7,6,0,2.149361,0.116559,0.402729,1.821985,1.028351,-1.239869,1.821985
nonmember,44275,0,0,1,0.956367,0.384286,0.384286,1.751160,1.997427,0.488615,-1.751160
nonmember,15666,4,2,0,1.717171,0.179573,0.213325,2.003997,1.532943,-0.172231,2.003997
nonmember,16298,7,5,0,1.608490,0.200190,0.233713,1.874452,2.331763,-0.154828,1.874452
nonmember,20585,4,4,1,1.318711,0.267480,0.267480,1.753855,2.808934,0.034398,-1.753855
nonmember,3289,3,6,0,1.547077,0.212869,0.252104,1.828919,2.361502,-0.169165,1.828919
nonmember,42103,0,8,0,1.536936,0.215039,0.255600,1.837942,1.502674,-0.172794,1.837942
nonmember,4401,7,7,1,1.294432,0.274054,0.274054,2.002116,1.396026,0.358272,-2.002116
nonmember,10123,9,8,0,2.129416,0.118907,0.542518,1.387014,1.511368,-1.517882,1.387014
nonmember,27227,4,5,0,2.506126,0.081584,0.189718,2.201534,0.051087,-0.843912,2.201534
nonmember,13399,9,9,1,0.578409,0.560790,0.560790,1.342400,2.968004,1.002231,-1.342400
nonmember,15697,2,6,0,2.113307,0.120838,0.290999,1.967521,1.327040,-0.878870,1.967521
nonmember,19676,6,6,1,1.174456,0.308987,0.308987,2.000809,1.680108,0.918953,-2.000809
nonmember,10390,9,0,0,1.265397,0.282127,0.453243,1.375793,2.790025,-0.474072,1.375793
nonmember,16266,2,2,1,1.585490,0.204847,0.204847,2.018738,1.624169,0.010249,-2.018738
nonmember,2826,2,6,0,2.213862,0.109278,0.207557,2.153815,0.418977,-0.641513,2.153815
nonmember,20574,0,6,0,10.018746,0.000045,0.561809,1.387793,-5.128913,-9.442152,1.387793
nonmember,8374,1,1,1,0.964805,0.381058,0.381058,1.845385,2.147483,0.812969,-1.845385
nonmember,27512,1,1,1,0.832415,0.434998,0.434998,1.766035,2.500458,1.030111,-1.766035
nonmember,40580,4,3,0,2.217838,0.108844,0.222159,1.848790,1.210688,-0.713478,1.848790
nonmember,30658,9,8,0,1.830660,0.160308,0.732728,0.880431,2.769006,-1.519678,0.880431
nonmember,29871,3,6,0,2.362062,0.094226,0.382201,1.821907,0.887219,-1.400252,1.821907
nonmember,16323,4,1,0,3.175524,0.041772,0.203101,2.092294,-0.576032,-1.581470,2.092294
nonmember,35542,9,9,1,0.890929,0.410275,0.410275,1.584387,2.294506,0.450242,-1.584387
nonmember,24901,7,1,0,3.445568,0.031887,0.309418,1.890489,-0.571627,-2.272504,1.890489
nonmember,2993,2,7,0,2.040505,0.129963,0.169670,2.240252,0.357920,-0.266606,2.240252
nonmember,48980,5,7,0,2.149101,0.116589,0.248641,2.034981,0.637096,-0.757356,2.034981
nonmember,11574,1,7,0,3.489260,0.030523,0.363145,1.752728,0.173419,-2.476307,1.752728
nonmember,2088,4,7,0,2.812109,0.060078,0.605850,1.460234,0.573896,-2.310987,1.460234
nonmember,26152,9,9,1,1.081447,0.339105,0.339105,1.433014,2.913335,0.137443,-1.433014
nonmember,27735,3,9,0,3.184135,0.041414,0.472273,1.705514,-0.311129,-2.433937,1.705514
nonmember,29094,9,1,0,1.191812,0.303671,0.373033,1.681922,2.114253,-0.205722,1.681922
nonmember,23837,1,9,0,1.049304,0.350181,0.514545,1.157122,3.017449,-0.384831,1.157122
nonmember,35979,1,9,0,1.615991,0.198694,0.463797,1.512259,1.887884,-0.847683,1.512259
nonmember,22917,9,9,1,1.304871,0.271208,0.271208,2.007495,1.578707,0.097291,-2.007495
nonmember,26463,8,0,0,2.046836,0.129143,0.867133,0.412714,5.906967,-1.904274,0.412714
nonmember,29356,9,9,1,0.653737,0.520099,0.520099,1.412144,2.903895,0.922441,-1.412144
nonmember,12945,2,4,0,1.988125,0.136952,0.195485,1.846151,1.646182,-0.355852,1.846151
nonmember,9113,1,1,1,0.391407,0.676105,0.676105,1.253580,3.389669,1.999563,-1.253580
nonmember,23825,0,8,0,1.216430,0.296286,0.447840,1.303696,3.420252,-0.413112,1.303696
nonmember,20186,7,9,0,2.520623,0.080409,0.306716,2.061923,0.137854,-1.338789,2.061923
nonmember,36619,7,4,0,2.015804,0.133213,0.163898,2.176701,0.666672,-0.207291,2.176701
nonmember,10761,0,6,0,6.377594,0.001699,0.397549,1.847991,-3.046556,-5.455157,1.847991
nonmember,12946,1,1,1,0.337885,0.713277,0.713277,1.133099,3.610997,2.036230,-1.133099
nonmember,49637,9,6,0,2.335670,0.096746,0.354145,1.853794,0.916604,-1.297622,1.853794
nonmember,29285,1,1,1,1.021125,0.360190,0.360190,1.889821,2.666698,0.977332,-1.889821
nonmember,25336,8,9,0,1.279022,0.278309,0.351583,1.256439,3.570167,-0.233711,1.256439
nonmember,3547,5,6,0,1.926398,0.145672,0.244923,1.932999,1.268484,-0.519585,1.932999
nonmember,10648,1,1,1,0.445472,0.640522,0.640522,1.231976,3.439753,1.426503,-1.231976
nonmember,27218,6,6,1,0.758169,0.468523,0.468523,1.614807,3.259415,1.220091,-1.614807
nonmember,20831,0,9,0,1.709785,0.180905,0.421454,1.644746,1.573007,-0.845742,1.644746
nonmember,29279,6,7,0,2.342227,0.096113,0.295015,1.901846,0.951990,-1.121497,1.901846
nonmember,21666,4,0,0,4.465205,0.011502,0.628163,1.343492,-1.198860,-4.000249,1.343492
nonmember,33797,0,9,0,1.941442,0.143497,0.262000,1.980472,0.831340,-0.602033,1.980472
nonmember,13539,7,6,0,1.633914,0.195164,0.272785,1.890950,1.535843,-0.334841,1.890950
nonmember,24196,5,7,0,2.054904,0.128105,0.304997,2.000915,0.876274,-0.867450,2.000915
nonmember,20755,6,6,1,1.453397,0.233775,0.233775,1.947236,2.421098,0.191423,-1.947236
nonmember,13315,8,1,0,4.271045,0.013967,0.580892,1.404729,-0.536411,-3.727855,1.404729
nonmember,11806,9,1,0,1.528791,0.216798,0.362953,1.890944,1.501691,-0.515309,1.890944
nonmember,21167,2,6,0,2.681870,0.068435,0.573528,1.401018,1.887520,-2.125921,1.401018
nonmember,32801,5,6,0,2.353580,0.095028,0.375980,1.743507,1.974143,-1.375361,1.743507
nonmember,20292,5,3,0,2.029581,0.131391,0.258900,2.048266,0.765818,-0.678268,2.048266
nonmember,36204,4,9,0,2.907621,0.054605,0.262970,2.017681,-0.222276,-1.571908,2.017681
nonmember,10609,4,6,0,1.908280,0.148335,0.473096,1.638646,1.960643,-1.159822,1.638646
nonmember,12783,3,6,0,2.356452,0.094756,0.542791,1.544307,1.744837,-1.745422,1.544307
nonmember,15566,9,9,1,0.762989,0.466271,0.466271,1.182172,4.411191,0.514844,-1.182172
nonmember,36995,6,6,1,0.910079,0.402492,0.402492,1.804292,2.442940,1.127373,-1.804292
nonmember,24501,8,0,0,1.532288,0.216041,0.305956,1.706183,1.673703,-0.347973,1.706183
nonmember,27951,7,3,0,1.876695,0.153095,0.221343,2.109614,0.837023,-0.368655,2.109614
nonmember,12124,4,6,0,2.038802,0.130185,0.419526,1.813471,1.148228,-1.170171,1.813471
nonmember,16886,5,6,0,2.524559,0.080094,0.260729,1.867048,0.991117,-1.180286,1.867048
nonmember,13497,0,9,0,2.732578,0.065051,0.660998,1.194090,0.994541,-2.318573,1.194090
nonmember,4010,3,6,0,1.363916,0.255658,0.306653,1.836235,2.071374,-0.181877,1.836235
nonmember,15805,6,6,1,1.757712,0.172439,0.172439,2.083506,1.090271,0.059203,-2.083506
nonmember,7496,8,9,0,1.461284,0.231938,0.337461,1.552770,2.125374,-0.374978,1.552770
nonmember,41524,0,9,0,2.463592,0.085129,0.452170,1.786166,0.350305,-1.669894,1.786166
nonmember,15480,9,9,1,1.292213,0.274662,0.274662,1.977242,1.470919,0.485504,-1.977242
nonmember,45668,4,6,0,1.467497,0.230502,0.266204,1.820169,2.209703,-0.144003,1.820169
nonmember,1992,4,6,0,1.679969,0.186380,0.225643,1.738756,3.265920,-0.191166,1.738756
nonmember,40968,2,0,0,3.008428,0.049369,0.645649,1.328805,0.307353,-2.570928,1.328805
nonmember,9097,9,9,1,0.818247,0.441204,0.441204,1.445379,2.565469,0.208641,-1.445379
nonmember,27847,4,7,0,1.520859,0.218524,0.313130,1.792955,1.945579,-0.359722,1.792955
nonmember,21127,5,9,0,4.696657,0.009126,0.501323,1.444159,-1.415142,-4.006152,1.444159
nonmember,19682,0,4,0,5.450724,0.004293,0.230885,1.922466,-2.090779,-3.984890,1.922466
nonmember,26055,8,9,0,2.261038,0.104242,0.274513,1.934112,0.577956,-0.968281,1.934112
nonmember,18521,5,5,1,1.684116,0.185608,0.185608,2.203829,0.967304,0.237985,-2.203829
nonmember,5579,7,1,0,2.773368,0.062451,0.262838,1.892096,0.952269,-1.437150,1.892096
nonmember,45818,2,0,0,1.965505,0.140085,0.456120,1.673138,1.119886,-1.180505,1.673138
nonmember,8891,6,6,1,1.029916,0.357037,0.357037,1.915914,2.244028,0.964706,-1.915914
nonmember,30235,5,1,0,2.079418,0.125003,0.140533,2.262754,0.286724,-0.117107,2.262754
nonmember,8249,0,1,0,5.365028,0.004677,0.384105,1.834381,-2.114393,-4.408188,1.834381
nonmember,21837,9,9,1,1.068952,0.343368,0.343368,2.009629,1.648664,0.757305,-2.009629
nonmember,34009,0,9,0,2.349412,0.095425,0.464973,1.500860,1.093755,-1.583636,1.500860
nonmember,28124,2,7,0,2.251622,0.105228,0.239361,1.951364,0.953280,-0.821840,1.951364
nonmember,1423,5,1,0,3.230085,0.039554,0.317312,1.902632,0.076450,-2.082215,1.902632
nonmember,436,0,0,1,0.377711,0.685428,0.685428,1.233690,2.977707,1.957219,-1.233690
nonmember,13084,0,8,0,3.025012,0.048557,0.612875,1.173380,0.898999,-2.535417,1.173380
nonmember,45221,4,4,1,1.732622,0.176820,0.176820,2.097291,0.894918,0.008146,-2.097291
nonmember,33978,3,0,0,3.933878,0.019568,0.566317,1.296860,-0.352743,-3.365277,1.296860
nonmember,37188,6,1,0,1.438820,0.237208,0.253486,1.958939,1.715610,-0.066374,1.958939
nonmember,31524,9,7,0,1.717707,0.179477,0.191223,2.061037,1.421464,-0.063390,2.061037
nonmember,14339,1,0,0,2.451859,0.086133,0.494740,1.641013,0.566371,-1.748136,1.641013
nonmember,41221,5,7,0,1.905944,0.148682,0.211969,1.973385,1.145123,-0.354630,1.973385
nonmember,7238,1,1,1,1.050934,0.349611,0.349611,1.766073,2.072178,0.234240,-1.766073
nonmember,44196,5,2,0,2.387240,0.091883,0.205599,2.102638,0.101216,-0.805412,2.102638
nonmember,20912,9,9,1,0.877177,0.415956,0.415956,1.360952,2.752066,0.004088,-1.360952
nonmember,23964,0,0,1,0.163048,0.849550,0.849550,0.508076,5.529760,1.860125,-0.508076
nonmember,34113,7,7,1,1.137843,0.320510,0.320510,1.896667,2.119022,0.724800,-1.896667
nonmember,43168,7,9,0,1.283637,0.277028,0.301317,1.813745,1.623865,-0.084046,1.813745
nonmember,43761,6,6,1,0.918294,0.399199,0.399199,1.748726,2.982754,0.856790,-1.748726
nonmember,43060,7,7,1,1.243879,0.288264,0.288264,1.870426,2.079133,0.152546,-1.870426
nonmember,5642,0,0,1,0.319766,0.726319,0.726319,1.065334,3.305560,1.819186,-1.065334
nonmember,2743,8,8,1,0.476042,0.621238,0.621238,1.172674,3.614976,1.184152,-1.172674
nonmember,7247,6,6,1,0.591232,0.553645,0.553645,1.488387,3.541361,1.618431,-1.488387
nonmember,26374,9,1,0,1.558594,0.210432,0.401760,1.303225,2.837033,-0.646694,1.303225
nonmember,26126,3,1,0,2.129678,0.118876,0.301957,1.901810,0.953603,-0.932206,1.901810
nonmember,24347,8,9,0,2.182815,0.112724,0.615418,1.292411,1.366096,-1.697362,1.292411
nonmember,32555,3,1,0,2.932003,0.053290,0.537243,1.485449,0.494927,-2.310699,1.485449
nonmember,30909,0,0,1,0.780191,0.458318,0.458318,1.378013,2.887498,0.346676,-1.378013
nonmember,31675,8,0,0,1.753030,0.173248,0.217582,2.158667,0.767077,-0.227850,2.158667
nonmember,22237,6,3,0,1.677037,0.186927,0.263934,1.904117,1.934190,-0.344983,1.904117
nonmember,1565,1,8,0,1.812591,0.163231,0.405913,1.289769,2.207448,-0.910974,1.289769
nonmember,16181,4,7,0,1.659264,0.190279,0.277783,1.777051,2.489594,-0.378349,1.777051
nonmember,12229,7,5,0,1.745171,0.174615,0.312234,1.999952,1.258036,-0.581169,1.999952
nonmember,49329,2,1,0,3.034911,0.048079,0.304093,1.967554,0.140173,-1.844491,1.967554
nonmember,42007,1,8,0,2.301285,0.100130,0.558167,1.419055,1.161263,-1.718188,1.419055
nonmember,18848,8,8,1,0.566153,0.567705,0.567705,1.173498,3.649072,0.793353,-1.173498
nonmember,21194,4,5,0,1.827276,0.160851,0.250157,1.791101,2.043921,-0.441611,1.791101
nonmember,3772,3,3,1,1.216522,0.296259,0.296259,1.816719,2.036774,0.139394,-1.816719
nonmember,5853,5,1,0,3.244459,0.038990,0.269499,1.923786,0.370727,-1.933267,1.923786
nonmember,11541,9,1,0,1.726708,0.177869,0.402429,1.783501,1.409949,-0.816471,1.783501
nonmember,35462,7,7,1,0.866985,0.420217,0.420217,1.811845,2.112961,1.131965,-1.811845
nonmember,26678,8,8,1,0.300450,0.740485,0.740485,0.912911,4.097121,1.710640,-0.912911
nonmember,33420,6,7,0,3.573649,0.028053,0.213045,2.123446,-1.044253,-2.027400,2.123446
nonmember,30409,7,6,0,2.821195,0.059535,0.673357,1.222121,1.425846,-2.425716,1.222121
nonmember,11812,0,9,0,1.890703,0.150966,0.352355,1.747801,1.226976,-0.847586,1.747801
nonmember,45919,0,0,1,0.334254,0.715872,0.715872,1.098138,3.253074,1.774071,-1.098138
nonmember,7725,7,7,1,1.452222,0.234050,0.234050,2.019548,1.402348,0.268885,-2.019548
nonmember,21333,1,9,0,2.049310,0.128824,0.663502,1.210307,1.486235,-1.639086,1.210307
nonmember,31591,0,0,1,0.073530,0.929108,0.929108,0.309730,6.127424,2.779027,-0.309730
nonmember,49064,9,9,1,0.792163,0.452864,0.452864,1.337478,3.259295,0.308645,-1.337478
nonmember,37565,8,9,0,1.906714,0.148568,0.584976,1.163518,2.348815,-1.370530,1.163518
nonmember,22902,4,8,0,5.653512,0.003505,0.402695,1.468636,-1.873012,-4.743936,1.468636
nonmember,48301,5,6,0,1.955127,0.141546,0.347865,1.614539,2.565941,-0.899185,1.614539
nonmember,15517,6,7,0,3.866335,0.020935,0.270482,2.012707,-1.217427,-2.558786,2.012707
nonmember,47999,8,0,0,3.030686,0.048282,0.314484,1.881736,-0.242684,-1.873865,1.881736
nonmember,30606,3,6,0,2.444016,0.086812,0.574101,1.445205,1.722664,-1.889066,1.445205
nonmember,13976,3,9,0,2.668435,0.069361,0.374142,1.718060,0.671553,-1.685315,1.718060
nonmember,29923,3,3,1,1.457366,0.232849,0.232849,2.046674,1.402522,0.113399,-2.046674
nonmember,26787,1,1,1,0.794281,0.451906,0.451906,1.444269,2.945544,0.388033,-1.444269
nonmember,43809,5,9,0,3.475423,0.030949,0.212185,2.052898,-0.855570,-1.925128,2.052898
nonmember,18192,0,0,1,0.448225,0.638761,0.638761,1.138381,3.610076,1.178914,-1.138381
nonmember,37484,5,9,0,2.328046,0.097486,0.199868,2.126341,0.268746,-0.717948,2.126341
nonmember,5129,3,6,0,2.447929,0.086472,0.649288,1.213653,3.047581,-2.016051,1.213653
nonmember,47288,1,9,0,0.972358,0.378190,0.554809,0.942535,4.348340,-0.383226,0.942535
nonmember,32350,3,6,0,2.024872,0.132011,0.339949,1.899148,1.215246,-0.945911,1.899148
nonmember,38061,6,6,1,0.639678,0.527462,0.527462,1.543486,3.375164,1.575232,-1.543486
nonmember,18555,1,0,0,3.026112,0.048504,0.626910,1.359113,0.466212,-2.559160,1.359113
nonmember,3242,3,3,1,1.817013,0.162510,0.162510,2.220724,0.733222,0.006395,-2.220724
nonmember,41267,9,8,0,1.412303,0.243582,0.509549,1.270480,2.714204,-0.738075,1.270480
nonmember,29681,2,1,0,3.005923,0.049493,0.275520,2.040559,-0.237235,-1.716827,2.040559
nonmember,49869,0,1,0,4.058155,0.017281,0.507727,1.465317,-0.627078,-3.380343,1.465317
nonmember,45870,5,5,1,1.316434,0.268090,0.268090,1.892146,2.168136,0.241356,-1.892146
nonmember,5144,1,1,1,0.868398,0.419623,0.419623,1.677245,2.416717,0.570058,-1.677245
nonmember,31332,8,8,1,0.284243,0.752584,0.752584,0.894758,4.141561,1.803048,-0.894758
nonmember,23796,0,1,0,3.668929,0.025504,0.410922,1.839238,-0.714317,-2.779577,1.839238
nonmember,979,4,6,0,1.611014,0.199685,0.397661,1.688177,2.433510,-0.688859,1.688177
nonmember,28745,6,7,0,1.557501,0.210662,0.271198,1.937476,1.914503,-0.252595,1.937476
nonmember,37009,2,6,0,2.574715,0.076176,0.398604,1.681701,1.519210,-1.654928,1.681701
nonmember,11915,2,1,0,2.761589,0.063191,0.605106,1.438251,0.553714,-2.259237,1.438251
nonmember,46558,6,7,0,2.518241,0.080601,0.226961,2.072433,0.326136,-1.035265,2.072433
nonmember,43680,2,0,0,2.436321,0.087482,0.204049,2.169491,0.138464,-0.846926,2.169491
nonmember,6282,9,9,1,0.719657,0.486919,0.486919,1.267192,3.287757,0.422647,-1.267192
nonmember,15971,6,6,1,1.320187,0.267085,0.267085,2.008035,1.699247,0.467751,-2.008035
nonmember,29449,3,3,1,1.825392,0.161154,0.161154,2.144984,1.179963,0.063916,-2.144984
nonmember,18453,9,9,1,0.416795,0.659156,0.659156,1.066548,3.740206,1.163668,-1.066548
nonmember,41299,2,6,0,3.138402,0.043352,0.399595,1.742548,0.808279,-2.221098,1.742548
nonmember,5672,8,9,0,1.242601,0.288633,0.612586,0.961570,3.877655,-0.752536,0.961570
nonmember,9976,3,1,0,2.633960,0.071794,0.349777,1.986336,0.494807,-1.583500,1.986336
nonmember,29214,6,9,0,2.046810,0.129146,0.243697,2.052172,0.793164,-0.634982,2.052172
nonmember,11619,1,9,0,1.811962,0.163333,0.357671,1.879994,1.506920,-0.783819,1.879994
nonmember,7586,2,7,0,2.038456,0.130230,0.277245,1.903345,1.062127,-0.755604,1.903345
nonmember,20345,3,9,0,1.942164,0.143393,0.237765,2.037858,0.996807,-0.505691,2.037858
nonmember,47400,8,8,1,1.044231,0.351962,0.351962,1.614483,2.234807,0.150503,-1.614483
nonmember,45691,3,1,0,1.611381,0.199612,0.285586,1.899368,2.073918,-0.358168,1.899368
nonmember,31057,2,0,0,2.861539,0.057181,0.262710,1.882380,0.052941,-1.524833,1.882380
nonmember,45526,6,7,0,3.328187,0.035858,0.190317,2.156819,-0.750287,-1.669125,2.156819
nonmember,11262,5,5,1,1.162299,0.312766,0.312766,1.929544,2.136201,0.442960,-1.929544
nonmember,21489,9,1,0,1.392256,0.248514,0.253026,2.006541,1.476308,-0.017994,2.006541
nonmember,16079,5,7,0,2.283807,0.101896,0.292925,1.867648,0.919911,-1.055968,1.867648
nonmember,20986,6,7,0,3.405400,0.033194,0.342342,1.835397,-0.340463,-2.333455,1.835397
nonmember,32108,3,5,0,1.706582,0.181485,0.298915,1.690532,3.074681,-0.498985,1.690532
nonmember,28189,9,1,0,1.596732,0.202557,0.286084,1.874051,1.532552,-0.345262,1.874051
nonmember,12000,6,4,0,2.100782,0.122361,0.141990,2.237591,0.538431,-0.148786,2.237591
nonmember,18285,2,9,0,3.008677,0.049357,0.421544,1.585875,0.240577,-2.144845,1.585875
nonmember,3074,2,2,1,1.640161,0.193949,0.193949,2.064867,1.054342,0.008103,-2.064867
nonmember,1078,9,6,0,1.654290,0.191228,0.239673,1.998750,1.337275,-0.225812,1.998750
nonmember,10499,0,0,1,0.409998,0.663652,0.663652,1.326191,2.776594,2.241901,-1.326191
nonmember,17370,6,3,0,1.849637,0.157294,0.197452,2.061602,1.066900,-0.227377,2.061602
nonmember,48766,9,9,1,0.400278,0.670134,0.670134,1.203469,3.226649,1.785204,-1.203469
nonmember,5665,0,0,1,2.018672,0.132832,0.132832,2.280000,0.362777,0.021638,-2.280000
nonmember,2989,6,9,0,2.544379,0.078522,0.318620,1.990649,0.100969,-1.400623,1.990649
nonmember,28735,7,7,1,1.035530,0.355038,0.355038,1.974401,1.667250,0.943412,-1.974401
nonmember,45554,5,7,0,2.103475,0.122032,0.637724,1.193071,2.387929,-1.653625,1.193071
nonmember,12487,8,0,0,1.081122,0.339215,0.498118,1.261132,2.786991,-0.384203,1.261132
nonmember,2814,7,1,0,3.055845,0.047083,0.476501,1.600281,1.381193,-2.314559,1.600281
nonmember,7516,6,6,1,0.817589,0.441495,0.441495,1.796851,2.352754,1.307778,-1.796851
nonmember,18679,3,9,0,6.856645,0.001052,0.481820,1.203993,-1.218360,-6.126460,1.203993
nonmember,17954,2,3,0,2.630289,0.072058,0.363306,1.868253,0.843138,-1.617779,1.868253
nonmember,961,6,6,1,0.280749,0.755218,0.755218,0.979648,4.958211,2.490807,-0.979648
nonmember,30928,7,7,1,0.427272,0.652286,0.652286,1.314750,3.129167,2.245455,-1.314750
nonmember,1791,4,7,0,2.489265,0.082971,0.200946,2.088579,0.311311,-0.884546,2.088579
nonmember,48390,3,9,0,2.232568,0.107253,0.190511,2.205546,0.367897,-0.574524,2.205546
nonmember,4393,7,7,1,1.457281,0.232869,0.232869,1.934148,1.966018,0.196125,-1.934148
nonmember,22823,4,9,0,3.799865,0.022374,0.272883,1.995216,-1.051934,-2.501154,1.995216
nonmember,40143,0,5,0,4.273624,0.013931,0.251967,1.811774,-1.054561,-2.895167,1.811774
nonmember,24015,5,5,1,1.174657,0.308925,0.308925,2.000182,1.893754,0.442376,-2.000182
nonmember,25804,7,5,0,2.143818,0.117206,0.232371,2.079740,0.761870,-0.684398,2.079740
nonmember,5749,5,1,0,2.117991,0.120273,0.179386,2.244214,0.387693,-0.399778,2.244214
nonmember,35437,3,6,0,2.126510,0.119253,0.254161,1.821397,1.531454,-0.756721,1.821397
nonmember,25374,8,9,0,1.542022,0.213948,0.400570,1.575588,1.770665,-0.627156,1.575588
nonmember,11547,9,9,1,0.820804,0.440078,0.440078,1.409218,2.828647,0.419950,-1.409218
nonmember,32996,2,1,0,2.262862,0.104052,0.257964,1.951452,0.904857,-0.907927,1.951452
nonmember,39908,8,1,0,2.689157,0.067938,0.365109,1.867944,0.027193,-1.681599,1.867944
nonmember,18314,4,7,0,2.083442,0.124501,0.190027,2.113488,0.649666,-0.422853,2.113488
nonmember,49925,7,9,0,2.261267,0.104218,0.232447,2.113385,0.458055,-0.802176,2.113385
nonmember,4262,4,9,0,2.104757,0.121875,0.152362,2.234720,0.548154,-0.223264,2.234720
nonmember,46756,0,0,1,0.822490,0.439336,0.439336,1.334425,2.848330,0.139236,-1.334425
nonmember,1800,2,0,0,2.685807,0.068166,0.363071,1.791118,0.211320,-1.672650,1.791118
nonmember,18519,7,6,0,2.085540,0.124240,0.320937,1.832585,1.478857,-0.949029,1.832585
nonmember,35824,2,0,0,1.943920,0.143142,0.215750,2.136702,0.505203,-0.410287,2.136702
nonmember,40151,5,6,0,2.369882,0.093492,0.192716,2.189198,0.146772,-0.723343,2.189198
nonmember,22328,6,7,0,2.371802,0.093312,0.196183,2.163758,0.248686,-0.743096,2.163758
nonmember,49239,1,1,1,0.930068,0.394527,0.394527,1.228909,3.919729,0.152678,-1.228909
nonmember,33673,4,9,0,4.020597,0.017942,0.424686,1.764327,-0.919270,-3.164191,1.764327
nonmember,32273,9,1,0,1.031487,0.356476,0.427991,1.472747,2.584821,-0.182834,1.472747
nonmember,34145,1,1,1,1.064617,0.344860,0.344860,1.999861,1.905737,0.824242,-1.999861
nonmember,9233,6,6,1,0.793437,0.452288,0.452288,1.692143,3.108506,1.144333,-1.692143
nonmember,44244,6,5,0,1.844906,0.158040,0.266156,1.828181,1.897765,-0.521234,1.828181
nonmember,29239,8,0,0,1.421420,0.241371,0.350319,1.426619,3.084325,-0.372508,1.426619
nonmember,17202,7,6,0,2.018560,0.132847,0.300203,1.984627,1.007281,-0.815263,1.984627
nonmember,42408,3,6,0,2.736770,0.064779,0.538256,1.492950,1.278088,-2.117350,1.492950
nonmember,46840,1,1,1,0.799711,0.449459,0.449459,1.493385,2.979552,0.766791,-1.493385
nonmember,40110,8,0,0,3.311765,0.036452,0.280411,1.896869,-0.494071,-2.040267,1.896869
nonmember,48482,2,1,0,4.415675,0.012086,0.385574,1.547682,-0.661642,-3.462653,1.547682
nonmember,38854,5,3,0,1.865566,0.154809,0.338384,1.652657,1.648794,-0.781993,1.652657
nonmember,6942,8,8,1,0.742938,0.475714,0.475714,1.543502,2.564366,0.722898,-1.543502
nonmember,35047,9,7,0,1.949630,0.142327,0.282364,2.094809,0.582384,-0.685071,2.094809
nonmember,29507,9,8,0,1.256325,0.284698,0.431910,1.348302,2.752232,-0.416787,1.348302
nonmember,33984,2,6,0,1.907650,0.148429,0.229631,1.968113,1.079755,-0.436370,1.968113
nonmember,47733,8,8,1,1.184955,0.305760,0.305760,1.752293,1.999964,0.064927,-1.752293
nonmember,5325,7,6,0,1.660809,0.189985,0.215176,2.036781,1.336506,-0.124509,2.036781
nonmember,29598,8,0,0,4.313783,0.013383,0.744422,0.993978,-0.515774,-4.018636,0.993978
nonmember,43515,7,6,0,2.429074,0.088118,0.428326,1.721297,1.475635,-1.581203,1.721297
nonmember,15832,1,1,1,1.057957,0.347165,0.347165,1.913066,2.046383,0.936546,-1.913066
nonmember,37692,8,8,1,0.847217,0.428606,0.428606,1.320571,3.781430,0.464083,-1.320571
nonmember,26859,3,4,0,1.916231,0.147161,0.161816,2.106812,1.166802,-0.094936,2.106812
nonmember,28567,9,1,0,0.967287,0.380113,0.482905,1.258063,2.867476,-0.239352,1.258063
nonmember,25079,7,5,0,2.051794,0.128504,0.254003,1.845828,1.501307,-0.681385,1.845828
nonmember,18707,8,9,0,1.291964,0.274731,0.371926,1.397436,3.184191,-0.302903,1.397436
nonmember,15200,2,6,0,3.062225,0.046783,0.336135,1.802989,1.045597,-1.971981,1.802989
nonmember,5857,6,6,1,1.215579,0.296538,0.296538,1.815900,2.499410,0.283486,-1.815900
nonmember,39087,6,1,0,2.451227,0.086188,0.285122,1.874074,0.773638,-1.196390,1.874074
nonmember,30893,2,1,0,2.639098,0.071426,0.470546,1.811488,0.327185,-1.885237,1.811488
nonmember,45278,5,0,0,2.198504,0.110969,0.240634,2.173582,0.314299,-0.774028,2.173582
nonmember,16398,6,6,1,0.965748,0.380698,0.380698,1.791357,2.690468,0.770378,-1.791357
nonmember,13653,3,2,0,2.293771,0.100885,0.264804,1.907498,0.944857,-0.965007,1.907498
nonmember,13748,3,7,0,2.422093,0.088736,0.158426,2.223967,0.183595,-0.579622,2.223967
nonmember,23965,8,1,0,3.488654,0.030542,0.739311,1.076522,0.334413,-3.186618,1.076522
nonmember,45552,3,9,0,3.669627,0.025486,0.305225,1.866933,-0.761237,-2.482922,1.866933
nonmember,30219,3,0,0,3.129835,0.043725,0.308697,1.884204,-0.268622,-1.954440,1.884204
nonmember,24079,0,9,0,1.912978,0.147640,0.385875,1.420845,2.421384,-0.960736,1.420845
nonmember,12181,0,0,1,0.231106,0.793655,0.793655,0.732392,4.441705,1.701112,-0.732392
nonmember,21848,1,8,0,2.613512,0.073277,0.667781,0.954065,2.029998,-2.209718,0.954065
nonmember,14290,7,7,1,0.840774,0.431377,0.431377,1.797438,2.108278,1.176604,-1.797438
nonmember,24755,0,8,0,1.311568,0.269397,0.461811,1.453764,2.288947,-0.538968,1.453764
nonmember,35013,8,8,1,0.365500,0.693850,0.693850,0.826976,4.967287,1.019469,-0.826976
nonmember,15361,3,7,0,1.858941,0.155838,0.302697,1.859048,1.160623,-0.663918,1.859048
nonmember,48038,4,6,0,1.315860,0.268244,0.322608,1.687283,2.980719,-0.184542,1.687283
nonmember,36311,0,0,1,0.648765,0.522691,0.522691,1.560332,2.555881,1.098868,-1.560332
nonmember,30239,2,1,0,2.184179,0.112570,0.375629,1.839147,1.068689,-1.205026,1.839147
nonmember,7195,5,1,0,3.155288,0.042626,0.283310,2.032306,-0.347494,-1.894076,2.032306
nonmember,3579,8,8,1,1.387656,0.249660,0.249660,1.909161,1.458631,0.042662,-1.909161
nonmember,36147,6,6,1,1.241920,0.288829,0.288829,2.043081,1.636297,0.661085,-2.043081
nonmember,34095,5,9,0,3.778447,0.022858,0.319811,1.892299,-0.865118,-2.638421,1.892299
nonmember,10441,3,3,1,1.527359,0.217108,0.217108,2.056394,1.305987,0.037786,-2.056394
nonmember,16307,9,9,1,0.895999,0.408199,0.408199,1.280709,3.144709,0.101792,-1.280709
nonmember,4204,8,5,0,3.960036,0.019062,0.369863,1.768853,-0.621984,-2.965413,1.768853
nonmember,6957,5,1,0,1.751523,0.173509,0.205512,2.161240,0.897154,-0.169272,2.161240
nonmember,9163,3,4,0,1.710962,0.180692,0.268967,1.742766,2.934275,-0.397796,1.742766
nonmember,20627,5,6,0,2.847730,0.057976,0.403271,1.815881,0.510640,-1.939582,1.815881
nonmember,17567,3,8,0,3.247007,0.038890,0.478014,1.530811,0.105924,-2.508891,1.530811
nonmember,14832,8,9,0,1.105123,0.331170,0.362719,1.576117,2.325170,-0.090996,1.576117
nonmember,27029,4,0,0,3.581434,0.027836,0.333838,1.887730,-0.709652,-2.484335,1.887730
nonmember,44197,3,9,0,1.681319,0.186128,0.217735,2.023069,1.209661,-0.156841,2.023069
nonmember,1,9,1,0,1.687489,0.184983,0.329417,1.701381,1.557561,-0.577057,1.701381
nonmember,35449,3,1,0,1.909609,0.148138,0.163624,2.212305,0.734762,-0.099425,2.212305
nonmember,30903,9,8,0,2.256318,0.104735,0.751846,0.856274,3.072611,-1.971094,0.856274
nonmember,7648,6,8,0,7.116596,0.000812,0.464765,1.382292,-2.860776,-6.350373,1.382292
nonmember,4217,6,6,1,1.445652,0.235592,0.235592,2.017720,2.275449,0.416294,-2.017720
nonmember,10474,2,0,0,4.676834,0.009308,0.562965,1.059758,-0.179229,-4.102296,1.059758
nonmember,1185,0,9,0,2.758352,0.063396,0.535108,1.607694,0.307148,-2.133066,1.607694
nonmember,46701,0,6,0,5.772638,0.003112,0.293756,1.961728,-2.487032,-4.547632,1.961728
nonmember,26826,7,6,0,1.592793,0.203357,0.319159,1.758890,2.773569,-0.450727,1.758890
nonmember,12090,8,0,0,2.330667,0.097231,0.545201,1.629210,0.569740,-1.724067,1.629210
nonmember,5386,2,2,1,1.352470,0.258601,0.258601,2.007780,1.355999,0.296590,-2.007780
nonmember,17351,6,9,0,2.239282,0.106535,0.187761,2.186279,0.459658,-0.566696,2.186279
nonmember,18844,1,1,1,0.427244,0.652304,0.652304,1.315475,3.402791,1.946511,-1.315475
nonmember,28816,6,3,0,2.113480,0.120817,0.190463,2.162813,0.472178,-0.455184,2.162813
nonmember,43052,3,8,0,1.908007,0.148376,0.235856,2.094832,0.919833,-0.463472,2.094832
nonmember,11347,5,5,1,0.523766,0.592286,0.592286,1.163301,4.163198,0.794273,-1.163301
nonmember,42802,1,8,0,1.489316,0.225527,0.424619,1.397019,2.590044,-0.632753,1.397019
nonmember,3979,0,0,1,0.453296,0.635530,0.635530,1.306978,2.873994,1.420184,-1.306978
nonmember,7090,5,6,0,1.891247,0.150883,0.357740,1.837863,1.835258,-0.863297,1.837863
nonmember,21599,7,7,1,0.865729,0.420745,0.420745,1.716335,2.270049,0.587337,-1.716335
nonmember,34264,6,1,0,2.399598,0.090754,0.222927,2.140908,0.167031,-0.898686,2.140908
nonmember,17930,3,4,0,1.912205,0.147754,0.198952,1.991082,1.222479,-0.297514,1.991082
nonmember,41958,4,9,0,2.647074,0.070858,0.207662,2.138495,-0.121846,-1.075230,2.138495
nonmember,25484,2,2,1,1.924155,0.145999,0.145999,2.255898,0.452817,0.006159,-2.255898
nonmember,21027,1,5,0,2.011132,0.133837,0.225380,2.040464,1.182447,-0.521164,2.040464
nonmember,29093,6,6,1,1.318996,0.267404,0.267404,1.983280,1.710363,0.404664,-1.983280
nonmember,24608,8,8,1,0.523601,0.592384,0.592384,0.755600,6.891953,0.413062,-0.755600
nonmember,44987,3,7,0,2.317496,0.098520,0.213653,2.184858,0.184448,-0.774094,2.184858
nonmember,24542,9,9,1,0.670803,0.511298,0.511298,1.605873,2.452978,1.008620,-1.605873
nonmember,24878,8,9,0,2.417197,0.089171,0.299263,2.090759,0.187637,-1.210765,2.090759
nonmember,18528,7,9,0,1.857942,0.155993,0.280831,1.889009,1.304531,-0.587940,1.889009
nonmember,40247,5,6,0,1.300242,0.272466,0.319151,1.688558,2.793233,-0.158151,1.688558
nonmember,7104,8,9,0,1.777139,0.169121,0.239566,2.102833,0.828922,-0.348212,2.102833
nonmember,11489,6,9,0,1.887260,0.151486,0.374816,1.820891,1.106908,-0.905939,1.820891
nonmember,16072,8,0,0,1.629472,0.196033,0.694213,0.996171,2.453594,-1.264496,0.996171
nonmember,4056,2,0,0,3.323996,0.036009,0.637032,1.259396,0.100332,-2.873061,1.259396
nonmember,42723,6,5,0,1.986096,0.137230,0.244949,1.898282,1.343995,-0.579389,1.898282
nonmember,24037,5,2,0,2.078848,0.125074,0.151128,2.191665,0.593035,-0.189219,2.191665
nonmember,7191,7,7,1,1.602806,0.201331,0.201331,2.045341,1.382171,0.163361,-2.045341
nonmember,35650,7,7,1,0.723747,0.484932,0.484932,1.707780,2.464506,1.507276,-1.707780
nonmember,938,0,0,1,0.105064,0.900267,0.900267,0.396025,6.153082,2.411576,-0.396025
nonmember,19424,9,2,0,3.234074,0.039397,0.245392,1.912878,-0.063534,-1.829177,1.912878
nonmember,18115,4,9,0,4.044672,0.017515,0.386665,1.713842,-0.891078,-3.094475,1.713842
nonmember,31659,7,7,1,0.576301,0.561973,0.561973,1.565667,2.479966,1.659414,-1.565667
nonmember,1072,5,0,0,2.056240,0.127934,0.137107,2.271607,0.344638,-0.069245,2.271607
nonmember,43347,5,1,0,2.978025,0.050893,0.413648,1.787705,0.396986,-2.095286,1.787705
nonmember,35156,4,4,1,1.201331,0.300794,0.300794,1.711315,2.897067,0.202178,-1.711315
nonmember,30665,2,9,0,2.918929,0.053991,0.374570,1.906279,-0.067909,-1.936953,1.906279
nonmember,44882,8,9,0,1.420222,0.241660,0.273429,1.807965,1.537214,-0.123508,1.807965
nonmember,40153,6,6,1,0.967086,0.380189,0.380189,1.697548,3.479773,0.847466,-1.697548
nonmember,42523,2,6,0,2.206177,0.110121,0.293827,2.049037,0.623644,-0.981412,2.049037
nonmember,16063,1,9,0,1.913249,0.147600,0.573042,1.384889,1.494922,-1.356453,1.384889
nonmember,34408,2,6,0,2.348380,0.095524,0.250784,1.872237,1.115716,-0.965218,1.872237
nonmember,13655,2,3,0,2.322986,0.097981,0.269561,2.010980,1.011457,-1.012024,2.010980
nonmember,45250,3,1,0,2.209040,0.109806,0.156879,2.160154,0.591101,-0.356757,2.160154
nonmember,28135,3,3,1,0.965136,0.380931,0.380931,1.630382,2.640978,0.263602,-1.630382
nonmember,17267,2,7,0,1.713199,0.180288,0.206286,2.011559,1.252294,-0.134707,2.011559
nonmember,29671,7,7,1,0.591961,0.553241,0.553241,1.439693,3.237011,1.165351,-1.439693
nonmember,28772,3,6,0,1.759693,0.172098,0.204665,2.100891,0.988583,-0.173314,2.100891
nonmember,90,2,1,0,2.438536,0.087289,0.211644,2.111241,0.475901,-0.885685,2.111241
nonmember,44127,3,7,0,2.200035,0.110799,0.255792,2.035679,0.563826,-0.836643,2.035679
nonmember,26459,4,0,0,3.800700,0.022355,0.384940,1.751806,-0.731756,-2.846032,1.751806
nonmember,49622,4,6,0,2.702514,0.067037,0.215722,2.055015,0.413698,-1.168752,2.055015
nonmember,41140,6,1,0,2.086146,0.124165,0.258263,1.965050,0.770210,-0.732368,1.965050
nonmember,11416,0,7,0,2.704900,0.066877,0.421663,1.778060,0.359032,-1.841350,1.778060
nonmember,35988,7,0,0,3.294564,0.037084,0.317210,1.756851,-0.172234,-2.146374,1.756851
nonmember,498,1,6,0,2.020603,0.132576,0.342531,1.952169,1.030553,-0.949210,1.952169
nonmember,22364,3,0,0,2.545461,0.078437,0.245495,2.144823,0.008091,-1.140982,2.144823
nonmember,35936,2,9,0,1.984607,0.137435,0.139096,2.256143,0.352417,-0.012019,2.256143
nonmember,28243,7,6,0,1.885376,0.151772,0.215635,1.950659,1.409066,-0.351206,1.950659
nonmember,37229,5,3,0,1.854651,0.156508,0.348067,1.666517,2.337128,-0.799291,1.666517
nonmember,15910,2,6,0,2.737610,0.064725,0.459547,1.688906,1.184712,-1.960096,1.688906
nonmember,20850,2,7,0,2.593352,0.074769,0.348664,1.771492,0.350494,-1.539707,1.771492
nonmember,46505,8,1,0,3.376185,0.034178,0.550544,1.499456,-0.246334,-2.779337,1.499456
nonmember,29291,4,6,0,1.774049,0.169645,0.264804,1.836757,1.882929,-0.445284,1.836757
nonmember,30501,4,1,0,3.826085,0.021795,0.500837,1.576066,-0.225870,-3.134611,1.576066
nonmember,5145,9,9,1,0.326310,0.721581,0.721581,0.933700,3.707425,1.335348,-0.933700
nonmember,36137,2,0,0,5.661498,0.003477,0.833667,0.553744,0.040955,-5.479577,0.553744
nonmember,27390,4,6,0,2.363156,0.094123,0.392066,1.809151,1.884032,-1.426830,1.809151
nonmember,7487,3,9,0,2.421557,0.088783,0.348670,1.858746,0.361000,-1.367928,1.858746
nonmember,33923,0,0,1,1.022402,0.359730,0.359730,1.800242,2.237002,0.563928,-1.800242
nonmember,24786,7,6,0,3.195651,0.040940,0.509045,1.585162,0.973747,-2.520432,1.585162
nonmember,12488,5,3,0,1.666607,0.188887,0.251930,2.029087,1.382531,-0.288002,2.029087
nonmember,27743,2,2,1,1.761535,0.171781,0.171781,2.126893,1.006313,0.034860,-2.126893
nonmember,12956,3,5,0,2.105628,0.121769,0.137242,2.258477,0.386108,-0.119617,2.258477
nonmember,21463,6,1,0,2.270866,0.103223,0.445305,1.420576,1.524177,-1.461872,1.420576
nonmember,6493,3,6,0,2.436402,0.087475,0.304170,2.014761,0.388726,-1.246233,2.014761
nonmember,29115,9,7,0,1.898451,0.149801,0.191561,2.094237,1.011065,-0.245903,2.094237
nonmember,47310,1,6,0,4.072071,0.017042,0.511535,1.531300,0.607736,-3.401731,1.531300
nonmember,37858,8,0,0,1.496624,0.223885,0.435217,1.721034,1.409062,-0.664714,1.721034
nonmember,31565,8,0,0,0.981466,0.374761,0.440061,1.378235,2.754444,-0.160623,1.378235
nonmember,41201,8,8,1,0.817862,0.441374,0.441374,1.442959,2.866827,0.433148,-1.442959
nonmember,28826,0,0,1,0.198655,0.819833,0.819833,0.782816,3.974831,2.486479,-0.782816
nonmember,4645,0,0,1,0.525664,0.591163,0.591163,1.412551,2.699039,1.249642,-1.412551
nonmember,27091,2,7,0,1.753012,0.173251,0.230278,1.882718,1.633802,-0.284545,1.882718
nonmember,25639,3,9,0,2.157929,0.115564,0.200183,2.150707,0.571123,-0.549406,2.150707
nonmember,31244,8,0,0,3.131985,0.043631,0.943754,0.265955,3.096270,-3.074095,0.265955
nonmember,48649,7,9,0,3.375542,0.034200,0.724966,1.103407,0.213126,-3.053912,1.103407
nonmember,5757,0,8,0,1.501493,0.222797,0.624561,1.047939,3.751903,-1.030787,1.047939
nonmember,41435,0,0,1,0.744969,0.474749,0.474749,1.654377,2.233897,0.845800,-1.654377
nonmember,28800,8,9,0,2.658649,0.070043,0.445499,1.441201,1.040246,-1.850089,1.441201
nonmember,19882,4,7,0,2.469286,0.084645,0.178552,2.128703,0.280077,-0.746409,2.128703
nonmember,6140,5,3,0,1.842759,0.158380,0.195404,2.149534,0.826067,-0.210070,2.149534
nonmember,6912,8,9,0,2.831782,0.058908,0.321935,2.032015,-0.105339,-1.698377,2.032015
nonmember,10520,9,1,0,1.495588,0.224117,0.269074,2.046450,1.585307,-0.182819,2.046450
nonmember,11532,1,8,0,2.146070,0.116943,0.547274,1.166557,2.149247,-1.543265,1.166557
nonmember,48956,6,6,1,1.264098,0.282494,0.282494,1.854496,2.368105,0.417606,-1.854496
nonmember,40406,7,9,0,3.615182,0.026912,0.400930,1.598624,-0.278371,-2.701215,1.598624
nonmember,20589,2,3,0,2.088527,0.123869,0.194453,2.149886,0.461270,-0.450962,2.149886
nonmember,46432,3,0,0,1.792930,0.166472,0.410274,1.748184,1.492661,-0.901999,1.748184
nonmember,7361,8,8,1,1.038871,0.353854,0.353854,1.717083,2.079256,0.515612,-1.717083
nonmember,20072,7,1,0,2.284087,0.101867,0.240266,2.165275,0.563810,-0.858077,2.165275
nonmember,1457,4,7,0,2.494257,0.082558,0.200981,2.209707,-0.075402,-0.889711,2.209707
nonmember,5201,5,9,0,4.133111,0.016033,0.270529,1.963009,-1.069320,-2.825736,1.963009
nonmember,42216,4,7,0,2.765464,0.062947,0.538403,1.597274,0.580957,-2.146316,1.597274
nonmember,14511,3,6,0,1.462779,0.231592,0.364936,1.780971,1.942758,-0.454747,1.780971
nonmember,36415,0,1,0,5.393463,0.004546,0.310754,1.965329,-2.283394,-4.224709,1.965329
nonmember,45530,7,7,1,1.116056,0.327569,0.327569,1.929400,1.721635,0.833666,-1.929400
nonmember,32440,7,4,0,1.764066,0.171347,0.247531,1.826147,2.266824,-0.367846,1.826147
nonmember,29016,7,6,0,2.258469,0.104510,0.282430,2.038666,0.884256,-0.994146,2.038666
nonmember,1796,9,9,1,1.106050,0.330863,0.330863,1.656200,2.099846,0.070066,-1.656200
nonmember,21749,3,3,1,1.375695,0.252664,0.252664,1.967762,1.797443,0.108167,-1.967762
nonmember,46577,6,6,1,0.598259,0.549768,0.549768,1.494626,3.419274,1.658490,-1.494626
nonmember,3018,6,1,0,3.202488,0.040661,0.210955,2.178030,-0.707354,-1.646376,2.178030
nonmember,33436,6,6,1,1.066168,0.344326,0.344326,1.834764,3.071513,0.531378,-1.834764
nonmember,13371,3,3,1,0.936719,0.391912,0.391912,1.838247,2.426139,0.896806,-1.838247
nonmember,15647,7,9,0,2.664395,0.069641,0.405574,1.614379,0.848419,-1.761943,1.614379
nonmember,19258,2,2,1,1.771591,0.170062,0.170062,2.115583,0.995708,0.083315,-2.115583
nonmember,17432,0,8,0,2.719813,0.065887,0.470483,1.389675,0.839849,-1.965817,1.389675
nonmember,21368,3,8,0,3.437889,0.032132,0.417263,1.427816,0.099885,-2.563849,1.427816
nonmember,32827,1,3,0,2.355332,0.094862,0.347738,1.755443,1.263040,-1.299025,1.755443
nonmember,12212,2,6,0,1.987334,0.137060,0.349540,1.936337,1.033670,-0.936198,1.936337
nonmember,6703,1,0,0,2.163723,0.114897,0.313077,1.543174,1.470190,-1.002419,1.543174
nonmember,35536,8,8,1,0.264713,0.767426,0.767426,0.786837,5.376178,1.929354,-0.786837
nonmember,44950,3,6,0,1.201467,0.300753,0.301504,1.811320,2.266771,-0.002496,1.811320
nonmember,15030,0,0,1,0.237879,0.788298,0.788298,0.874420,3.714859,2.185852,-0.874420
nonmember,2645,9,9,1,0.844272,0.429870,0.429870,1.396677,3.044543,0.295672,-1.396677
nonmember,21794,4,6,0,1.947738,0.142596,0.210923,1.946225,1.499706,-0.391476,1.946225
nonmember,15780,8,1,0,1.493204,0.224652,0.326402,1.856518,1.522832,-0.373579,1.856518
nonmember,186,9,9,1,1.296065,0.273606,0.273606,1.967844,1.592127,0.459890,-1.967844
nonmember,43430,3,3,1,1.192437,0.303481,0.303481,1.747335,2.654422,0.100197,-1.747335
nonmember,8106,7,5,0,2.903706,0.054820,0.293155,2.073380,0.126526,-1.676654,2.073380
nonmember,2166,8,8,1,0.260826,0.770415,0.770415,0.805173,4.566303,1.817477,-0.805173
nonmember,6316,8,1,0,2.248393,0.105569,0.236534,2.100828,0.553785,-0.806729,2.100828
nonmember,32534,6,6,1,1.640778,0.193829,0.193829,1.988729,1.929615,0.032764,-1.988729
nonmember,11398,4,6,0,2.975885,0.051002,0.264840,1.980824,0.416631,-1.647256,1.980824
nonmember,13130,2,1,0,2.271796,0.103127,0.197264,2.149273,0.626487,-0.648586,2.149273
nonmember,49384,3,6,0,2.265165,0.103813,0.223575,2.048040,0.779720,-0.767155,2.048040
nonmember,30282,4,6,0,2.142581,0.117352,0.319426,1.902905,1.354484,-1.001350,1.902905
nonmember,24128,5,5,1,1.688007,0.184888,0.184888,2.171162,0.964536,0.136917,-2.171162
nonmember,45628,1,1,1,1.687203,0.185036,0.185036,2.134513,1.266563,0.197747,-2.134513
nonmember,49152,8,9,0,2.076266,0.125398,0.279040,2.097769,0.531282,-0.799867,2.097769
nonmember,27557,2,7,0,1.867867,0.154453,0.293489,1.868593,1.591971,-0.641951,1.868593
nonmember,4932,1,1,1,1.232031,0.291700,0.291700,1.743256,2.629805,0.088145,-1.743256
nonmember,280,8,8,1,0.697691,0.497733,0.497733,1.485674,2.791173,1.028158,-1.485674
nonmember,20966,4,7,0,1.641220,0.193743,0.292233,1.887284,1.621947,-0.411018,1.887284
nonmember,20094,7,7,1,1.198586,0.301620,0.301620,1.976135,1.518563,0.403202,-1.976135
nonmember,28565,6,6,1,0.560104,0.571149,0.571149,1.457407,3.719362,1.772526,-1.457407
nonmember,39718,5,1,0,3.522672,0.029520,0.297791,1.735424,-0.129702,-2.311308,1.735424
nonmember,11097,5,3,0,2.042030,0.129765,0.358644,1.851635,1.413252,-1.016606,1.851635
nonmember,29137,7,7,1,1.127979,0.323687,0.323687,1.862286,2.362792,0.760390,-1.862286
nonmember,39067,4,6,0,2.121885,0.119806,0.170031,2.155654,0.486234,-0.350111,2.155654
nonmember,28486,7,9,0,3.325905,0.035940,0.445787,1.534241,-0.038687,-2.517990,1.534241
nonmember,3723,4,9,0,4.185936,0.015208,0.412838,1.600724,-0.712540,-3.301235,1.600724
nonmember,24959,5,5,1,0.858811,0.423666,0.423666,1.622806,3.112001,0.751926,-1.622806
nonmember,33350,2,1,0,2.574680,0.076178,0.238297,1.982327,0.678822,-1.140442,1.982327
nonmember,30775,9,9,1,1.279399,0.278204,0.278204,2.092985,1.346007,0.422444,-2.092985
nonmember,3281,2,0,0,1.953870,0.141725,0.230625,2.046796,0.924351,-0.486908,2.046796
nonmember,44437,5,7,0,1.878483,0.152822,0.280155,1.929612,0.832456,-0.606070,1.929612
nonmember,10491,1,1,1,1.128468,0.323528,0.323528,1.756800,2.598003,0.168066,-1.756800
nonmember,12539,4,9,0,2.261564,0.104187,0.203265,2.102094,0.425285,-0.668319,2.102094
nonmember,7732,6,6,1,1.179143,0.307542,0.307542,1.828729,2.460566,0.438019,-1.828729
nonmember,43645,6,7,0,2.020783,0.132552,0.154044,2.196675,0.536354,-0.150268,2.196675
nonmember,31386,8,8,1,0.330773,0.718369,0.718369,0.810567,5.558207,1.210772,-0.810567
nonmember,9701,9,0,0,1.827389,0.160833,0.420590,1.756070,1.212082,-0.961291,1.756070
nonmember,25421,9,2,0,1.900704,0.149463,0.189643,2.104886,1.189957,-0.238092,2.104886
nonmember,16948,4,7,0,1.894472,0.150398,0.221007,2.080457,0.872875,-0.384912,2.080457
nonmember,6319,3,6,0,2.456185,0.085761,0.356585,1.854770,0.865226,-1.425002,1.854770
nonmember,10118,9,9,1,0.885606,0.412464,0.412464,1.785523,2.021324,0.629229,-1.785523
nonmember,17816,9,0,0,1.758868,0.172240,0.364739,1.463354,2.369640,-0.750294,1.463354
nonmember,2845,9,9,1,1.418938,0.241971,0.241971,2.020405,1.289686,0.314638,-2.020405
nonmember,20870,4,6,0,2.387745,0.091837,0.327521,1.858692,1.444782,-1.271543,1.858692
nonmember,15541,0,0,1,0.208410,0.811874,0.811874,0.804768,3.829949,2.259141,-0.804768
nonmember,41229,3,7,0,1.817615,0.162413,0.248145,2.044922,0.775736,-0.423874,2.044922
nonmember,3578,7,6,0,2.154273,0.115988,0.273307,1.918855,1.258770,-0.857113,1.918855
nonmember,30923,1,1,1,0.577371,0.561373,0.561373,1.457272,3.134356,1.155663,-1.457272
nonmember,38040,3,9,0,2.063441,0.127016,0.288723,2.082289,0.750302,-0.821154,2.082289
nonmember,14023,0,0,1,0.286998,0.750513,0.750513,0.809253,4.266438,1.399970,-0.809253
nonmember,41880,0,0,1,0.369753,0.690905,0.690905,1.015101,4.371663,1.645393,-1.015101
nonmember,29880,0,8,0,3.286964,0.037367,0.649655,1.020754,1.846996,-2.855650,1.020754
nonmember,682,6,6,1,0.876334,0.416306,0.416306,1.705689,3.604257,0.994048,-1.705689
nonmember,25618,8,8,1,0.206541,0.813393,0.813393,0.721618,4.697231,2.315186,-0.721618
nonmember,4230,1,7,0,2.101465,0.122277,0.143083,2.268800,0.424430,-0.157131,2.268800
nonmember,5935,7,8,0,3.829631,0.021718,0.352853,1.640406,-0.605820,-2.787926,1.640406
nonmember,30233,0,0,1,0.242585,0.784597,0.784597,0.929019,3.598762,2.712454,-0.929019
nonmember,12899,7,0,0,4.051641,0.017394,0.562750,1.394041,-0.710357,-3.476720,1.394041
nonmember,16284,3,5,0,1.993637,0.136199,0.172952,2.022301,1.525939,-0.238894,2.022301
nonmember,5001,7,9,0,1.713914,0.180159,0.475926,1.661262,1.438917,-0.971421,1.661262
nonmember,2923,8,0,0,1.535526,0.215342,0.655244,1.077387,2.548980,-1.112779,1.077387
nonmember,21240,2,7,0,2.520608,0.080411,0.339088,1.838589,1.116221,-1.439114,1.838589
nonmember,18094,9,9,1,0.454342,0.634866,0.634866,1.200284,3.311148,1.162172,-1.200284
nonmember,49718,4,1,0,2.923203,0.053761,0.310029,2.040037,-0.136569,-1.752115,2.040037
nonmember,2691,4,6,0,1.922598,0.146226,0.354313,1.824166,1.893903,-0.885023,1.824166
nonmember,7827,1,7,0,1.793704,0.166343,0.184361,2.156486,0.984394,-0.102845,2.156486
nonmember,4811,2,7,0,1.692084,0.184135,0.213751,1.920936,1.656577,-0.149140,1.920936
nonmember,36510,2,2,1,1.792500,0.166543,0.166543,2.191327,0.747187,0.152272,-2.191327
nonmember,3446,2,1,0,2.198176,0.111005,0.296914,1.959387,1.002532,-0.983861,1.959387
nonmember,28346,4,1,0,3.813712,0.022066,0.391597,1.750219,-0.501185,-2.876189,1.750219
nonmember,41778,6,6,1,0.623191,0.536231,0.536231,1.494889,3.630003,1.445359,-1.494889
nonmember,8156,5,7,0,1.613463,0.199197,0.435163,1.581531,2.138659,-0.781428,1.581531
nonmember,18765,0,0,1,0.979444,0.375520,0.375520,1.941951,1.697543,0.885761,-1.941951
nonmember,17473,7,7,1,0.822869,0.439170,0.439170,1.701784,2.554968,1.036893,-1.701784
nonmember,27183,6,6,1,0.563781,0.569054,0.569054,1.437655,4.032286,1.406172,-1.437655
nonmember,39559,6,6,1,1.396478,0.247467,0.247467,1.890724,1.877887,0.302847,-1.890724
nonmember,44924,0,7,0,2.074329,0.125641,0.369994,1.956170,0.808967,-1.080061,1.956170
nonmember,44414,8,1,0,2.607488,0.073719,0.244507,2.044485,0.065091,-1.198976,2.044485
nonmember,48323,2,1,0,2.219034,0.108714,0.285513,1.929635,0.793034,-0.965567,1.929635
nonmember,28781,9,6,0,2.269192,0.103396,0.329982,1.953490,0.921745,-1.160474,1.953490
nonmember,44439,5,5,1,1.077273,0.340523,0.340523,1.696306,3.468480,0.562129,-1.696306
nonmember,44113,2,1,0,2.003993,0.134796,0.232673,2.088932,0.723328,-0.545871,2.088932
nonmember,48929,6,6,1,1.108912,0.329918,0.329918,1.929197,2.068699,0.972971,-1.929197
nonmember,1231,9,8,0,1.140196,0.319756,0.401824,1.318346,3.195365,-0.228454,1.318346
nonmember,7751,4,4,1,1.153183,0.315630,0.315630,1.776341,2.491532,0.357237,-1.776341
nonmember,108,2,0,0,1.797168,0.165768,0.253359,2.118508,0.671904,-0.424220,2.118508
nonmember,40330,7,9,0,2.179027,0.113152,0.295964,1.932568,0.669372,-0.961509,1.932568
nonmember,22514,8,8,1,0.259307,0.771586,0.771586,0.849152,4.388726,2.223147,-0.849152
nonmember,14146,2,7,0,1.549184,0.212421,0.238067,1.873841,2.031941,-0.113983,1.873841
nonmember,16839,7,6,0,1.611872,0.199514,0.236038,1.850783,1.927602,-0.168110,1.850783
nonmember,48569,8,8,1,1.020507,0.360412,0.360412,1.554774,2.461849,0.034740,-1.554774
nonmember,3529,8,8,1,0.749464,0.472620,0.472620,1.489269,2.809169,0.720488,-1.489269
nonmember,3110,3,3,1,1.352644,0.258556,0.258556,1.913006,1.533429,0.021132,-1.913006
nonmember,23597,2,1,0,2.035983,0.130552,0.177878,2.182341,0.603689,-0.309326,2.182341
nonmember,19753,0,8,0,0.909934,0.402551,0.487446,1.124460,3.323160,-0.191357,1.124460
nonmember,23129,9,9,1,0.591421,0.553540,0.553540,1.420223,2.865303,1.105036,-1.420223
nonmember,45215,5,4,0,2.186522,0.112307,0.288787,1.824900,1.406608,-0.944455,1.824900
nonmember,24899,5,7,0,1.941192,0.143533,0.255447,1.965220,1.005763,-0.576450,1.965220
nonmember,38977,0,9,0,4.634898,0.009707,0.349182,1.692870,-1.467179,-3.582735,1.692870
nonmember,35827,1,0,0,2.576684,0.076026,0.681341,1.148926,1.216473,-2.192992,1.148926
nonmember,48852,0,0,1,0.522759,0.592882,0.592882,1.435469,2.773891,1.851389,-1.435469
nonmember,33472,9,9,1,0.629471,0.532874,0.532874,1.557314,2.638623,1.163939,-1.557314
nonmember,37983,3,5,0,1.772746,0.169866,0.233789,2.038195,1.590639,-0.319407,2.038195
nonmember,12498,8,8,1,0.796807,0.450766,0.450766,1.325375,3.192184,0.372492,-1.325375
nonmember,37632,5,7,0,1.986238,0.137211,0.235228,2.130480,0.570082,-0.539038,2.130480
nonmember,1396,4,6,0,1.924960,0.145882,0.294916,1.911778,1.264334,-0.703896,1.911778
nonmember,12358,9,9,1,0.598182,0.549810,0.549810,1.455046,2.814142,1.007578,-1.455046
nonmember,44374,7,9,0,1.842166,0.158474,0.368058,1.962084,0.901369,-0.842651,1.962084
nonmember,47996,7,7,1,0.487312,0.614275,0.614275,1.437356,2.857867,1.941671,-1.437356
nonmember,18421,8,9,0,2.463037,0.085176,0.721572,0.972351,2.018533,-2.136713,0.972351
nonmember,15557,1,6,0,1.472237,0.229412,0.345194,1.792149,1.992987,-0.408587,1.792149
nonmember,3141,4,6,0,2.683717,0.068309,0.384873,1.874791,0.396039,-1.728874,1.874791
nonmember,49218,3,2,0,2.410857,0.089738,0.205936,2.076635,0.506658,-0.830666,2.076635
nonmember,49182,8,9,0,1.367319,0.254789,0.399578,1.469652,2.280559,-0.449973,1.469652
nonmember,46545,6,6,1,0.793232,0.452380,0.452380,1.759167,2.515464,1.433016,-1.759167
nonmember,16864,3,8,0,2.761236,0.063214,0.373645,1.886045,0.119155,-1.776786,1.886045
nonmember,7336,2,0,0,2.853971,0.057615,0.228064,2.139381,-0.273249,-1.375842,2.139381
nonmember,25145,2,7,0,2.158078,0.115547,0.347018,1.816892,1.429358,-1.099700,1.816892
nonmember,34437,3,5,0,1.386220,0.250019,0.395534,1.733406,2.228554,-0.458700,1.733406
nonmember,4289,9,6,0,2.058279,0.127673,0.339661,1.946303,1.261437,-0.978472,1.946303
nonmember,38065,8,8,1,0.586062,0.556515,0.556515,1.125639,3.638085,0.553213,-1.125639
nonmember,6663,0,9,0,1.991872,0.136440,0.387257,1.581800,1.481828,-1.043206,1.581800
nonmember,36962,5,1,0,1.839394,0.158914,0.232621,2.182377,0.885807,-0.381049,2.182377
nonmember,36710,2,1,0,3.156365,0.042580,0.204100,2.042105,-0.362977,-1.567220,2.042105
nonmember,17736,8,8,1,0.318254,0.727418,0.727418,0.948717,4.162486,1.781899,-0.948717
nonmember,3202,9,9,1,1.110232,0.329482,0.329482,1.641157,2.196896,0.026369,-1.641157
nonmember,45847,2,1,0,2.840948,0.058370,0.403965,1.805628,0.270573,-1.934522,1.805628
nonmember,46888,8,8,1,0.654755,0.519569,0.519569,1.228118,3.349470,0.481406,-1.228118
nonmember,41453,4,9,0,3.179301,0.041615,0.393296,1.822781,-0.304624,-2.246107,1.822781
nonmember,28055,3,3,1,1.425630,0.240357,0.240357,2.154134,1.289529,0.320004,-2.154134
nonmember,36871,5,7,0,2.236817,0.106798,0.350744,1.764516,1.402445,-1.189119,1.764516
nonmember,30375,5,2,0,2.920664,0.053898,0.236753,1.777861,0.904630,-1.479925,1.777861
nonmember,8288,3,4,0,2.064177,0.126923,0.215035,2.040994,0.855347,-0.527221,2.040994
nonmember,33597,4,6,0,1.744501,0.174732,0.364970,1.847995,1.461695,-0.736561,1.847995
nonmember,17834,2,0,0,1.906182,0.148647,0.363440,1.920539,0.817125,-0.894042,1.920539
nonmember,35232,5,6,0,2.132877,0.118496,0.462893,1.602438,2.124584,-1.362618,1.602438
nonmember,2323,8,8,1,0.683317,0.504939,0.504939,1.227502,3.550431,0.469653,-1.227502
nonmember,34822,3,3,1,1.030457,0.356844,0.356844,1.712304,3.010462,0.471441,-1.712304
nonmember,31488,0,0,1,0.414791,0.660478,0.660478,1.261725,2.954541,1.625501,-1.261725
nonmember,38008,8,2,0,2.868708,0.056772,0.194750,2.184448,-0.246101,-1.232671,2.184448
nonmember,36663,1,1,1,1.443530,0.236093,0.236093,2.168247,1.112861,0.442158,-2.168247
nonmember,39035,8,8,1,0.414395,0.660740,0.660740,1.021112,4.691405,1.319149,-1.021112
nonmember,37972,2,6,0,2.580578,0.075730,0.205085,2.045669,0.546620,-0.996247,2.045669
nonmember,24735,0,0,1,0.283447,0.753183,0.753183,0.922931,3.781493,1.731870,-0.922931
nonmember,6753,3,3,1,1.127407,0.323872,0.323872,1.833284,2.241683,0.186931,-1.833284
nonmember,8480,1,8,0,2.618727,0.072896,0.577688,1.131095,3.099469,-2.070006,1.131095
nonmember,10421,9,1,0,1.389752,0.249137,0.603265,1.184488,2.743151,-0.884352,1.184488
nonmember,42517,0,8,0,3.261611,0.038327,0.461667,1.240424,1.023954,-2.488699,1.240424
nonmember,19908,5,6,0,1.952846,0.141870,0.434578,1.740263,1.470748,-1.119466,1.740263
nonmember,16170,9,8,0,1.840918,0.158672,0.743001,0.858203,2.979774,-1.543860,0.858203
nonmember,46873,0,0,1,1.067684,0.343804,0.343804,1.856734,1.819117,0.504609,-1.856734
nonmember,15381,1,9,0,1.686653,0.185138,0.304936,1.937769,1.198991,-0.499001,1.937769
nonmember,42217,2,0,0,1.844903,0.158041,0.321402,2.026570,0.696767,-0.709839,2.026570
nonmember,42370,3,6,0,2.309032,0.099357,0.303045,1.953424,0.677393,-1.115157,1.953424
nonmember,24856,7,4,0,1.213855,0.297050,0.315180,1.636864,3.762175,-0.059244,1.636864
nonmember,26699,7,7,1,1.265554,0.282083,0.282083,1.862104,2.471544,0.339596,-1.862104
nonmember,35397,4,6,0,1.545462,0.213213,0.345963,1.763347,2.056340,-0.484038,1.763347
nonmember,34127,4,6,0,1.902333,0.149220,0.466397,1.660444,2.146002,-1.139616,1.660444
nonmember,4546,6,6,1,1.049129,0.350243,0.350243,1.913375,2.289142,0.908965,-1.913375
nonmember,43236,6,6,1,0.288716,0.749225,0.749225,1.017962,4.747061,2.353490,-1.017962
nonmember,33281,9,1,0,0.837317,0.432870,0.444951,1.209356,3.031858,-0.027527,1.209356
nonmember,43743,4,6,0,1.676483,0.187031,0.268732,1.827325,1.998488,-0.362441,1.827325
nonmember,6149,9,0,0,1.710023,0.180862,0.297118,1.714445,1.494284,-0.496397,1.714445
nonmember,10688,8,8,1,0.564562,0.568609,0.568609,1.267531,3.433493,0.982815,-1.267531
nonmember,42707,1,1,1,0.709017,0.492128,0.492128,1.600323,2.662285,1.156078,-1.600323
nonmember,44465,4,9,0,3.757246,0.023348,0.435470,1.675842,-0.656777,-2.925918,1.675842
nonmember,38932,3,6,0,2.865994,0.056926,0.476794,1.502326,1.747569,-2.125323,1.502326
nonmember,8632,9,7,0,1.703007,0.182135,0.311829,1.732891,1.578751,-0.537706,1.732891
nonmember,49279,6,1,0,4.867663,0.007691,0.330822,1.502366,-1.057343,-3.761488,1.502366
nonmember,19334,5,5,1,1.173537,0.309271,0.309271,1.826473,2.308163,0.292281,-1.826473
nonmember,34664,0,8,0,1.857779,0.156019,0.519984,1.333681,2.291808,-1.203822,1.333681
nonmember,13047,2,9,0,2.343431,0.095998,0.231798,2.152181,0.206792,-0.881543,2.152181
nonmember,17595,5,6,0,1.807238,0.164107,0.293384,1.933872,1.496350,-0.580965,1.933872
nonmember,24013,7,9,0,2.861036,0.057209,0.401794,1.816165,0.180064,-1.949221,1.816165
nonmember,33192,6,6,1,1.167086,0.311273,0.311273,1.963150,2.010678,0.757538,-1.963150
nonmember,39495,4,7,0,2.180166,0.113023,0.192021,2.196415,0.333020,-0.530015,2.196415
nonmember,42392,1,1,1,0.322709,0.724184,0.724184,1.031424,3.772211,1.983837,-1.031424
nonmember,27205,4,6,0,2.093124,0.123301,0.249899,1.986434,1.208119,-0.706427,1.986434
nonmember,19327,3,1,0,2.296278,0.100633,0.298548,1.862969,0.933998,-1.087453,1.862969
nonmember,1323,8,8,1,0.798304,0.450091,0.450091,1.086957,3.921257,0.019439,-1.086957
nonmember,17082,0,0,1,0.168192,0.845192,0.845192,0.509866,5.704885,1.813860,-0.509866
nonmember,34621,6,6,1,1.010564,0.364014,0.364014,1.729087,3.073243,0.742267,-1.729087
nonmember,29780,3,9,0,2.271071,0.103202,0.146646,2.223815,0.381564,-0.351337,2.223815
nonmember,41952,3,7,0,2.261837,0.104159,0.199103,2.121217,0.536805,-0.647905,2.121217
nonmember,24595,1,6,0,2.585099,0.075389,0.279472,1.923016,1.216161,-1.310246,1.923016
nonmember,10351,9,1,0,1.971980,0.139181,0.601529,1.451844,1.586575,-1.463699,1.451844
nonmember,14076,5,3,0,1.434991,0.238117,0.251280,2.062613,1.424221,-0.053804,2.062613
nonmember,608,0,1,0,1.604792,0.200931,0.429773,1.658723,1.758862,-0.760293,1.658723
nonmember,49583,9,9,1,0.785894,0.455712,0.455712,1.536989,2.529031,0.814505,-1.536989
nonmember,41118,0,0,1,0.791905,0.452981,0.452981,1.589226,2.618711,0.757200,-1.589226
nonmember,15258,0,1,0,2.305479,0.099711,0.334739,1.912212,0.388509,-1.211076,1.912212
nonmember,41762,0,0,1,0.634476,0.530213,0.530213,1.184801,3.544518,0.499769,-1.184801
nonmember,16790,2,8,0,3.581623,0.027830,0.356642,1.606062,-0.321119,-2.550600,1.606062
nonmember,32310,2,7,0,2.125598,0.119362,0.272116,1.922640,0.670800,-0.824070,1.922640
nonmember,30070,2,2,1,1.558613,0.210428,0.210428,2.069472,1.100900,0.119638,-2.069472
nonmember,37429,3,0,0,2.823528,0.059396,0.337065,1.918893,0.082327,-1.736049,1.918893
nonmember,17919,3,1,0,1.859141,0.155806,0.297953,1.897551,1.681117,-0.648320,1.897551
nonmember,49005,5,1,0,2.811577,0.060110,0.185805,2.008183,0.603003,-1.128517,2.008183
nonmember,383,2,6,0,1.956409,0.141365,0.191798,2.142030,0.620637,-0.305094,2.142030
nonmember,15331,9,6,0,2.975294,0.051032,0.257343,1.964363,0.309758,-1.617947,1.964363
nonmember,39309,2,8,0,3.624398,0.026665,0.414685,1.458306,-0.154564,-2.744163,1.458306
nonmember,22848,5,1,0,1.932806,0.144742,0.201147,2.025685,1.376093,-0.329085,2.025685
nonmember,12781,6,6,1,1.319392,0.267298,0.267298,1.816554,2.323640,0.232050,-1.816554
nonmember,14524,1,8,0,2.219408,0.108673,0.421875,1.689690,0.894817,-1.356362,1.689690
nonmember,29005,2,7,0,2.456957,0.085695,0.234779,1.961697,0.938791,-1.007845,1.961697
nonmember,24639,0,1,0,2.966021,0.051508,0.677520,1.002397,2.358231,-2.576705,1.002397
nonmember,13832,4,5,0,1.539577,0.214472,0.222787,1.751634,3.226069,-0.038040,1.751634
nonmember,42399,0,8,0,1.761096,0.171856,0.464309,1.645509,1.282439,-0.993891,1.645509
nonmember,475,8,9,0,2.404136,0.090344,0.532773,1.472001,1.118778,-1.774475,1.472001
nonmember,36800,3,8,0,2.766157,0.062903,0.306718,1.809042,0.313343,-1.584329,1.809042
nonmember,18372,2,6,0,2.129998,0.118838,0.315137,1.886062,1.089896,-0.975251,1.886062
nonmember,24106,3,4,0,1.943888,0.143146,0.240030,1.731825,2.475867,-0.516897,1.731825
nonmember,26758,2,6,0,2.453985,0.085950,0.491665,1.586772,1.393859,-1.744027,1.586772
nonmember,1467,9,9,1,0.902340,0.405619,0.405619,1.524598,2.922252,0.579566,-1.524598
nonmember,46223,8,1,0,4.148076,0.015795,0.271788,1.979828,-1.101507,-2.845342,1.979828
nonmember,6724,3,8,0,3.814936,0.022039,0.427456,1.545887,-0.236674,-2.965032,1.545887
nonmember,14018,3,3,1,0.822568,0.439302,0.439302,1.755767,2.290451,1.081276,-1.755767
nonmember,14019,4,6,0,1.819875,0.162046,0.344375,1.816956,1.763823,-0.753851,1.816956
nonmember,37664,0,0,1,0.773562,0.461367,0.461367,1.284414,3.377449,0.310667,-1.284414
nonmember,17462,7,2,0,1.954912,0.141577,0.303011,2.006465,0.957550,-0.760927,2.006465
nonmember,34018,0,0,1,0.661867,0.515887,0.515887,1.640555,2.219997,1.266075,-1.640555
nonmember,8122,3,3,1,1.312206,0.269226,0.269226,1.899294,2.422287,0.116476,-1.899294
nonmember,14400,7,7,1,0.942989,0.389462,0.389462,1.919677,1.846423,1.197713,-1.919677
nonmember,7600,1,9,0,2.259254,0.104428,0.502486,1.685851,0.774034,-1.571067,1.685851
nonmember,36897,7,6,0,1.773839,0.169680,0.192851,1.999978,1.301756,-0.127999,1.999978
nonmember,44429,3,7,0,1.753316,0.173199,0.252692,1.982669,1.476611,-0.377733,1.982669
nonmember,47765,9,8,0,1.192242,0.303540,0.434954,1.389219,2.747392,-0.359727,1.389219
nonmember,3303,8,5,0,3.295686,0.037043,0.328753,1.981606,-0.275249,-2.183239,1.981606
nonmember,6342,8,8,1,0.266745,0.765868,0.765868,0.809965,5.216928,1.935320,-0.809965
nonmember,23556,5,5,1,0.869644,0.419101,0.419101,1.641227,3.098193,0.625656,-1.641227
nonmember,15464,2,6,0,2.245898,0.105832,0.222412,2.019893,1.096950,-0.742675,2.019893
nonmember,923,6,1,0,3.083869,0.045782,0.231519,2.002812,0.168991,-1.620776,2.002812
nonmember,20458,0,1,0,2.881837,0.056032,0.516198,1.389365,1.018540,-2.220572,1.389365
nonmember,3601,1,9,0,1.503087,0.222442,0.396926,1.267404,3.283083,-0.579082,1.267404
nonmember,39664,0,7,0,1.557791,0.210601,0.261084,2.042329,1.055738,-0.214880,2.042329
nonmember,3875,3,3,1,1.253027,0.285639,0.285639,1.921871,1.770670,0.065172,-1.921871
nonmember,6868,3,5,0,1.681754,0.186047,0.267839,1.878930,1.777449,-0.364383,1.878930
nonmember,7028,7,7,1,1.446890,0.235301,0.235301,2.157252,1.039335,0.630613,-2.157252
nonmember,34519,1,1,1,0.480845,0.618261,0.618261,1.446448,3.056463,2.062038,-1.446448
nonmember,4346,3,7,0,2.319250,0.098347,0.226712,2.023837,0.635560,-0.835176,2.023837
nonmember,42202,8,0,0,1.334939,0.263174,0.598149,1.135685,3.107098,-0.821023,1.135685
nonmember,20903,7,9,0,2.666770,0.069476,0.285008,2.056328,0.020049,-1.411533,2.056328
nonmember,41872,3,7,0,1.602380,0.201417,0.260894,1.836413,1.472707,-0.258740,1.836413
nonmember,8541,4,0,0,3.124856,0.043943,0.261178,2.082870,-0.565973,-1.782304,2.082870
nonmember,6006,9,9,1,0.785551,0.455869,0.455869,1.690636,2.343025,0.879707,-1.690636
nonmember,15404,2,0,0,3.221259,0.039905,0.373159,1.618660,-0.089617,-2.235508,1.618660
nonmember,23728,8,0,0,1.399865,0.246630,0.570485,1.306097,2.083383,-0.838595,1.306097
nonmember,39782,7,9,0,1.992197,0.136395,0.306930,2.035044,0.712907,-0.811061,2.035044
nonmember,11402,4,7,0,2.076358,0.125386,0.243117,2.089276,0.457685,-0.662144,2.089276
nonmember,40075,1,1,1,0.527561,0.590042,0.590042,1.417961,2.996755,1.264411,-1.417961
nonmember,30389,3,7,0,1.609635,0.199961,0.313040,1.772803,2.473188,-0.448211,1.772803
nonmember,2625,6,6,1,0.904118,0.404899,0.404899,1.824046,2.293156,1.065337,-1.824046
nonmember,40571,8,0,0,1.442048,0.236443,0.664186,1.011118,2.681362,-1.032855,1.011118
nonmember,16718,9,1,0,2.555599,0.077646,0.314395,1.852150,0.375851,-1.398492,1.852150
nonmember,39070,5,5,1,1.088297,0.336790,0.336790,1.866355,2.369432,0.767098,-1.866355
nonmember,14881,5,6,0,2.226848,0.107868,0.273737,2.064146,0.828243,-0.931259,2.064146
nonmember,24626,6,6,1,0.963525,0.381545,0.381545,1.848179,2.386744,0.828217,-1.848179
nonmember,45886,0,1,0,2.636872,0.071585,0.137964,2.260207,-0.211739,-0.656111,2.260207
nonmember,39562,6,1,0,2.329334,0.097361,0.372313,1.759867,1.201728,-1.341313,1.759867
nonmember,39570,9,8,0,1.134683,0.321524,0.498270,1.150638,3.309434,-0.438070,1.150638
nonmember,22175,1,8,0,2.003277,0.134893,0.647046,1.052577,3.608307,-1.567939,1.052577
nonmember,14664,4,6,0,2.262999,0.104038,0.191946,2.163093,0.463915,-0.612457,2.163093
nonmember,20735,9,9,1,0.570117,0.565459,0.565459,1.332137,3.243070,1.267340,-1.332137
nonmember,18938,7,7,1,0.445934,0.640226,0.640226,1.284004,3.705116,1.901159,-1.284004
nonmember,33113,3,1,0,2.191901,0.111704,0.240619,1.955348,1.211515,-0.767362,1.955348
nonmember,41687,5,3,0,2.375460,0.092972,0.280421,1.989751,0.338084,-1.103998,1.989751
nonmember,47224,2,6,0,2.018783,0.132817,0.255991,1.985065,0.886571,-0.656168,1.985065
nonmember,18349,8,8,1,1.891707,0.150814,0.150814,2.257712,0.520452,0.148445,-2.257712
nonmember,32614,3,6,0,2.437352,0.087392,0.250127,1.709596,2.162908,-1.051565,1.709596
nonmember,41823,4,3,0,2.635603,0.071676,0.270326,1.964888,0.579549,-1.327476,1.964888
nonmember,5784,7,7,1,0.569603,0.565750,0.565750,1.461380,3.219380,1.591543,-1.461380
nonmember,47761,1,6,0,1.701123,0.182478,0.184928,2.102238,1.255935,-0.013335,2.102238
nonmember,43474,9,6,0,3.385974,0.033845,0.442035,1.723057,0.491332,-2.569608,1.723057
nonmember,27996,6,6,1,0.447582,0.639172,0.639172,1.259030,4.390521,1.729486,-1.259030
nonmember,7989,7,9,0,2.769295,0.062706,0.607682,1.428694,0.367808,-2.271192,1.428694
nonmember,24046,4,3,0,3.024894,0.048563,0.332634,1.964333,-0.001563,-1.924181,1.964333
nonmember,37658,7,7,1,0.788127,0.454696,0.454696,1.628958,3.031792,1.148498,-1.628958
nonmember,2357,9,9,1,0.880245,0.414681,0.414681,1.427194,3.059607,0.139997,-1.427194
nonmember,48586,7,7,1,1.155200,0.314995,0.314995,1.889960,2.143569,0.366788,-1.889960
nonmember,49350,7,9,0,1.873834,0.153534,0.250126,2.051763,0.870535,-0.488043,2.051763
nonmember,1398,8,8,1,0.539251,0.583185,0.583185,1.165019,3.502026,0.753926,-1.165019
nonmember,30359,5,6,0,3.127673,0.043820,0.412199,1.774287,0.673505,-2.241425,1.774287
nonmember,15274,9,9,1,0.845309,0.429425,0.429425,1.844465,1.918707,0.982311,-1.844465
nonmember,43313,3,6,0,1.301715,0.272065,0.360437,1.601485,2.966956,-0.281276,1.601485
nonmember,13501,8,1,0,4.325671,0.013225,0.837577,0.711654,0.518852,-4.148429,0.711654
nonmember,9279,7,7,1,1.096130,0.334162,0.334162,2.043560,1.569365,1.121434,-2.043560
nonmember,38054,2,2,1,1.698585,0.182942,0.182942,2.149415,0.765985,0.024604,-2.149415
nonmember,35520,9,7,0,1.827872,0.160755,0.237174,2.142124,0.799880,-0.388910,2.142124
nonmember,41307,1,1,1,1.602311,0.201430,0.201430,2.143851,1.019143,0.250355,-2.143851
nonmember,48422,5,7,0,2.841891,0.058315,0.201761,2.194659,-0.300933,-1.241217,2.194659
nonmember,38628,0,6,0,8.811129,0.000149,0.558954,1.491359,-4.540875,-8.229441,1.491359
nonmember,37467,7,5,0,2.355610,0.094836,0.270966,1.850005,1.178637,-1.049848,1.850005
nonmember,16900,2,6,0,3.608768,0.027085,0.478350,1.641387,0.474538,-2.871355,1.641387
nonmember,18439,9,9,1,0.488012,0.613845,0.613845,1.139528,3.727729,1.064929,-1.139528
nonmember,40811,6,7,0,1.851639,0.156980,0.191553,2.147033,0.721559,-0.199047,2.147033
nonmember,470,7,6,0,2.318674,0.098404,0.440036,1.760676,1.192338,-1.497776,1.760676
nonmember,17018,3,7,0,2.260260,0.104323,0.220603,1.834674,1.366931,-0.748871,1.834674
nonmember,33441,8,9,0,2.054825,0.128115,0.338426,1.921790,0.745522,-0.971376,1.921790
nonmember,9038,2,6,0,1.874084,0.153495,0.196675,2.138707,0.700773,-0.247881,2.138707
nonmember,32850,2,7,0,2.718116,0.065999,0.260549,1.801517,0.829432,-1.373153,1.801517
nonmember,42367,8,0,0,1.328445,0.264889,0.396311,1.595937,1.965033,-0.402889,1.595937
nonmember,42219,4,6,0,1.907858,0.148398,0.524906,1.517369,2.114710,-1.263322,1.517369
nonmember,14971,8,9,0,1.340533,0.261706,0.262667,1.705336,1.814077,-0.003665,1.705336
nonmember,45349,0,0,1,0.197790,0.820542,0.820542,0.647523,4.781582,1.830149,-0.647523
nonmember,7969,7,9,0,1.869185,0.154249,0.287427,2.097270,0.706433,-0.622398,2.097270
nonmember,39257,7,7,1,0.879116,0.415150,0.415150,1.763044,2.489760,1.240658,-1.763044
nonmember,46278,9,9,1,1.000826,0.367576,0.367576,1.745855,2.064137,0.562745,-1.745855
nonmember,46592,1,0,0,2.615289,0.073147,0.487383,1.441887,0.797594,-1.896585,1.441887
nonmember,31454,2,0,0,2.520073,0.080454,0.255784,2.146756,-0.040076,-1.156653,2.146756
nonmember,22417,4,7,0,2.849110,0.057896,0.226822,2.074436,-0.031309,-1.365522,2.074436
nonmember,13926,5,5,1,1.921145,0.146439,0.146439,2.254334,0.553137,0.140163,-2.254334
nonmember,37401,1,1,1,1.339957,0.261857,0.261857,1.908076,2.061038,0.215484,-1.908076
nonmember,43737,3,3,1,1.377081,0.252314,0.252314,2.120537,1.139663,0.444886,-2.120537
nonmember,30779,3,5,0,1.589813,0.203964,0.297129,1.863170,1.868299,-0.376223,1.863170
nonmember,3643,9,9,1,0.506858,0.602385,0.602385,1.344929,2.900759,1.122013,-1.344929
nonmember,9724,4,6,0,1.803157,0.164778,0.400537,1.770050,1.547872,-0.888207,1.770050
nonmember,33614,4,7,0,1.885978,0.151681,0.404338,1.639598,2.811872,-0.980475,1.639598
nonmember,27844,5,7,0,2.936888,0.053030,0.215094,2.027220,-0.261552,-1.400208,2.027220
nonmember,34914,3,8,0,3.042381,0.047721,0.370269,1.842172,-0.125622,-2.048855,1.842172
nonmember,8501,9,6,0,2.248016,0.105609,0.327567,1.869794,1.078063,-1.131952,1.869794
nonmember,9392,1,8,0,2.376628,0.092863,0.763564,0.803484,5.211917,-2.106870,0.803484
nonmember,3248,3,3,1,1.262786,0.282865,0.282865,1.863068,2.042517,0.261514,-1.863068
nonmember,8913,4,7,0,1.807503,0.164063,0.321237,1.880583,1.152187,-0.671928,1.880583
nonmember,10427,3,5,0,1.143819,0.318600,0.338223,1.638463,3.089546,-0.059768,1.638463
nonmember,27038,7,9,0,2.443566,0.086851,0.207836,2.045990,0.294111,-0.872558,2.045990
nonmember,25237,8,8,1,1.086454,0.337411,0.337411,1.714359,2.027513,0.369229,-1.714359
nonmember,25927,7,9,0,2.439777,0.087180,0.353020,1.976059,0.300255,-1.398546,1.976059
nonmember,38178,7,7,1,0.951017,0.386348,0.386348,1.918549,1.804466,0.931338,-1.918549
nonmember,17180,8,8,1,0.127518,0.880277,0.880277,0.506133,5.658480,2.624043,-0.506133
nonmember,10072,5,6,0,2.334475,0.096861,0.164781,2.053988,0.697571,-0.531335,2.053988
nonmember,32148,7,9,0,1.514828,0.219846,0.228446,1.998488,1.423185,-0.038374,1.998488
nonmember,33136,5,1,0,2.079827,0.124952,0.304532,2.005460,0.712677,-0.890847,2.005460
nonmember,41096,5,2,0,2.769083,0.062719,0.270677,1.883150,0.149661,-1.462254,1.883150
nonmember,11632,3,3,1,1.172028,0.309738,0.309738,1.697294,2.787237,0.288059,-1.697294
nonmember,18044,4,6,0,1.645388,0.192938,0.294128,1.944780,1.575810,-0.421646,1.944780
nonmember,181,7,6,0,2.058059,0.127702,0.257527,2.082584,0.876939,-0.701428,2.082584
nonmember,9206,8,8,1,0.603082,0.547123,0.547123,1.135442,3.604450,0.506550,-1.135442
nonmember,13660,0,9,0,2.462569,0.085216,0.317476,2.012587,0.200504,-1.315215,2.012587
nonmember,49198,7,6,0,2.012575,0.133644,0.239910,1.932906,1.484541,-0.585085,1.932906
nonmember,23923,1,8,0,2.798991,0.060871,0.560268,1.329099,0.826563,-2.219650,1.329099
nonmember,14766,8,9,0,1.779106,0.168789,0.533756,1.330829,2.090643,-1.151290,1.330829
nonmember,1143,4,6,0,2.020492,0.132590,0.250337,2.090587,0.732228,-0.635544,2.090587
nonmember,29225,0,8,0,2.014923,0.133331,0.373076,1.550448,1.677516,-1.028950,1.550448
nonmember,19485,1,9,0,3.206033,0.040517,0.365511,1.822337,-0.248556,-2.199573,1.822337
nonmember,44866,0,0,1,0.312806,0.731392,0.731392,1.009976,3.606361,1.803864,-1.009976
nonmember,37958,5,0,0,2.687274,0.068066,0.206911,2.088448,-0.111724,-1.111806,2.088448
nonmember,20021,6,6,1,1.259899,0.283683,0.283683,1.949399,2.651339,0.435588,-1.949399
nonmember,38219,2,7,0,1.843727,0.158227,0.214991,2.159620,0.685616,-0.306569,2.159620
nonmember,40063,9,9,1,0.691924,0.500612,0.500612,1.055761,3.633217,0.181516,-1.055761
nonmember,46917,8,1,0,2.644790,0.071020,0.264556,1.941242,0.359317,-1.315088,1.941242
nonmember,24697,8,1,0,5.911983,0.002707,0.794331,0.849929,-1.181793,-5.681727,0.849929
nonmember,13645,7,7,1,1.379043,0.251820,0.251820,1.875075,2.402737,0.126632,-1.875075
nonmember,37893,7,7,1,0.764700,0.465474,0.465474,1.769233,2.091773,1.426627,-1.769233
nonmember,30388,8,8,1,0.742187,0.476072,0.476072,1.153624,4.095958,0.250939,-1.153624
nonmember,1008,2,7,0,1.927549,0.145504,0.406947,1.701799,1.328848,-1.028475,1.701799
nonmember,33452,1,8,0,1.629417,0.196044,0.522114,1.202955,2.789683,-0.979548,1.202955
nonmember,37175,3,3,1,0.913488,0.401123,0.401123,1.498976,2.992494,0.098537,-1.498976
nonmember,24362,8,1,0,2.660679,0.069901,0.428353,1.814566,0.243007,-1.812872,1.814566
nonmember,16064,6,5,0,1.479145,0.227832,0.267428,1.744442,2.513729,-0.160240,1.744442
nonmember,8147,0,7,0,1.924512,0.145947,0.201344,2.084707,0.879229,-0.321771,2.084707
nonmember,48371,9,7,0,2.122480,0.119734,0.362022,1.962884,0.723858,-1.106431,1.962884
nonmember,18821,4,6,0,1.823237,0.161502,0.201985,1.908820,2.220862,-0.223676,1.908820
nonmember,40309,4,6,0,2.176014,0.113493,0.511233,1.572955,1.735798,-1.505083,1.572955
nonmember,25098,4,5,0,2.254361,0.104941,0.209972,2.041146,0.630251,-0.693581,2.041146
nonmember,10308,7,7,1,1.085318,0.337794,0.337794,1.826853,2.345428,0.676064,-1.826853
nonmember,41325,2,0,0,3.357304,0.034829,0.463849,1.611539,-0.156338,-2.589108,1.611539
nonmember,23587,5,7,0,2.382238,0.092344,0.152159,2.259618,0.076213,-0.499410,2.259618
nonmember,13443,3,6,0,2.421444,0.088793,0.234515,2.111753,0.328920,-0.971207,2.111753
nonmember,46795,2,6,0,2.136895,0.118021,0.400101,1.845609,1.240678,-1.220856,1.845609
nonmember,35823,2,1,0,3.308033,0.036588,0.458914,1.426186,0.325657,-2.529141,1.426186
nonmember,45302,9,6,0,1.569006,0.208252,0.311343,1.839598,1.617090,-0.402145,1.839598
nonmember,20667,1,9,0,1.250580,0.286339,0.510297,1.417261,2.095259,-0.577818,1.417261
nonmember,35110,7,7,1,0.460365,0.631054,0.631054,1.374440,2.828606,1.926382,-1.374440
nonmember,33504,5,6,0,2.745302,0.064229,0.312485,1.733567,1.133200,-1.582102,1.733567
nonmember,37964,3,1,0,1.669802,0.188284,0.213294,2.020444,1.426897,-0.124719,2.020444
nonmember,12736,6,6,1,1.082562,0.338727,0.338727,1.934492,1.989447,0.778967,-1.934492
nonmember,10608,2,6,0,2.240715,0.106382,0.350748,1.791554,1.453086,-1.193026,1.791554
nonmember,21453,4,9,0,2.718901,0.065947,0.300815,2.066250,-0.027459,-1.517640,2.066250
nonmember,4285,7,7,1,0.452686,0.635918,0.635918,1.342267,2.942336,1.836996,-1.342267
nonmember,37495,0,0,1,0.618084,0.538976,0.538976,1.287813,3.402058,0.763255,-1.287813
nonmember,41499,5,2,0,2.841382,0.058345,0.265633,1.977843,0.466771,-1.515741,1.977843
nonmember,37440,1,9,0,1.319294,0.267324,0.410777,1.406870,2.868422,-0.429589,1.406870
nonmember,33207,1,1,1,0.651879,0.521066,0.521066,1.587668,2.944914,1.174591,-1.587668
nonmember,1623,4,6,0,1.925259,0.145838,0.223497,2.039076,1.454164,-0.426902,2.039076
nonmember,38430,9,6,0,4.565952,0.010400,0.228360,1.839081,-0.669309,-3.089121,1.839081
nonmember,43778,4,3,0,2.689195,0.067936,0.293101,1.928620,0.555270,-1.461957,1.928620
nonmember,8134,5,3,0,2.175425,0.113560,0.311264,1.988975,0.898844,-1.008311,1.988975
nonmember,29537,8,1,0,2.554085,0.077763,0.364294,1.833239,0.762020,-1.544291,1.833239
nonmember,9737,3,6,0,1.806631,0.164206,0.243505,2.069719,1.144869,-0.394012,2.069719
nonmember,17210,8,9,0,1.255356,0.284974,0.455362,1.437066,2.195661,-0.468692,1.437066
nonmember,7609,7,6,0,1.482274,0.227121,0.303558,1.760282,2.421024,-0.290090,1.760282
nonmember,20623,6,6,1,1.217737,0.295899,0.295899,1.737501,2.665411,0.040879,-1.737501
nonmember,31347,5,3,0,1.515113,0.219783,0.304677,1.846975,2.195008,-0.326611,1.846975
nonmember,16467,7,7,1,0.830109,0.436002,0.436002,1.550208,3.154181,0.675318,-1.550208
nonmember,25417,6,6,1,0.765600,0.465055,0.465055,1.634678,2.986437,1.168707,-1.634678
nonmember,26559,3,6,0,1.464351,0.231228,0.270870,1.898136,1.773819,-0.158237,1.898136
nonmember,2877,5,3,0,1.636879,0.194586,0.328297,1.834398,1.592616,-0.523043,1.834398
nonmember,24433,5,5,1,1.132652,0.322178,0.322178,1.824870,2.241648,0.237510,-1.824870
nonmember,43714,4,7,0,2.753920,0.063678,0.417560,1.666440,1.012359,-1.880594,1.666440
nonmember,44228,7,7,1,1.185252,0.305669,0.305669,1.962933,1.724197,0.564825,-1.962933
nonmember,34575,4,6,0,2.383080,0.092266,0.250327,2.070851,0.348413,-0.998092,2.070851
nonmember,40894,6,6,1,1.503850,0.222273,0.222273,1.832215,2.410122,0.037282,-1.832215
nonmember,6110,4,6,0,1.542128,0.213925,0.255315,1.918483,1.674181,-0.176871,1.918483
nonmember,30071,8,8,1,0.740417,0.476915,0.476915,1.403373,2.918925,0.543426,-1.403373
nonmember,4919,0,0,1,0.054040,0.947394,0.947394,0.231592,7.054747,3.002444,-0.231592
nonmember,23602,0,0,1,0.256701,0.773599,0.773599,0.859670,3.851979,1.772970,-0.859670
nonmember,38566,0,0,1,0.268032,0.764883,0.764883,0.888420,3.878739,1.716316,-0.888420
nonmember,38519,0,0,1,1.270125,0.280796,0.280796,2.079100,1.292310,0.669423,-2.079100
nonmember,43735,3,9,0,2.616191,0.073081,0.303006,1.773494,0.298267,-1.422188,1.773494
nonmember,41048,8,0,0,1.537300,0.214961,0.457196,1.578946,1.710508,-0.754657,1.578946
nonmember,10178,9,3,0,4.122291,0.016207,0.201871,1.963885,-0.433903,-2.522163,1.963885
nonmember,47491,2,8,0,3.698706,0.024756,0.451385,1.372119,-0.064254,-2.903270,1.372119
nonmember,35019,9,8,0,2.321479,0.098128,0.406863,1.508107,1.476595,-1.422199,1.508107
nonmember,3704,9,9,1,0.951365,0.386214,0.386214,1.647839,2.596335,0.310209,-1.647839
nonmember,26848,9,9,1,0.589799,0.554439,0.554439,1.520382,2.755520,1.209592,-1.520382
nonmember,49626,3,1,0,2.397593,0.090937,0.347694,2.007175,0.503892,-1.341162,2.007175
nonmember,22254,0,7,0,2.925632,0.053631,0.149346,2.207902,-0.370730,-1.024143,2.207902
nonmember,12838,7,5,0,1.518871,0.218959,0.220066,2.042309,1.471184,-0.005045,2.042309
nonmember,39269,2,0,0,1.912044,0.147778,0.272880,2.051757,0.774491,-0.613321,2.051757
nonmember,31341,7,6,0,1.982718,0.137694,0.247325,1.984875,1.037472,-0.585668,1.984875
nonmember,33036,7,6,0,2.751729,0.063817,0.253430,1.928727,0.419456,-1.379060,1.928727
nonmember,31227,4,9,0,3.162399,0.042324,0.389985,1.888627,-0.229172,-2.220752,1.888627
nonmember,2259,1,0,0,1.731754,0.176974,0.304866,1.975462,1.145209,-0.543872,1.975462
nonmember,1335,0,0,1,0.176489,0.838208,0.838208,0.523462,5.914341,1.765708,-0.523462
nonmember,44090,2,0,0,1.793736,0.166338,0.299384,2.012621,0.795032,-0.587707,2.012621
nonmember,12573,5,7,0,2.692425,0.067717,0.243708,2.161482,-0.296481,-1.280638,2.161482
nonmember,9232,1,9,0,1.286355,0.276276,0.609488,1.046078,3.194786,-0.791218,1.046078
nonmember,13420,0,0,1,0.361206,0.696835,0.696835,0.701148,8.251823,0.911907,-0.701148
nonmember,26637,1,0,0,1.906254,0.148636,0.183036,2.102529,0.685213,-0.208179,2.102529
nonmember,47827,8,0,0,2.656510,0.070193,0.690209,1.202546,1.107785,-2.285749,1.202546
nonmember,27522,0,8,0,2.213858,0.109278,0.477734,1.637844,1.063520,-1.475157,1.637844
nonmember,2453,0,0,1,1.315920,0.268227,0.268227,1.909974,1.528826,0.193124,-1.909974
nonmember,13999,1,9,0,0.907604,0.403490,0.476214,1.192644,3.295997,-0.165715,1.192644
nonmember,22598,9,9,1,1.250898,0.286248,0.286248,1.918199,1.877494,0.573200,-1.918199
nonmember,42516,4,6,0,1.764258,0.171314,0.257934,2.010274,1.070590,-0.409207,2.010274
nonmember,34071,2,5,0,2.376475,0.092877,0.177367,2.095279,0.714123,-0.646940,2.095279
nonmember,47039,7,7,1,1.402826,0.245901,0.245901,2.132250,1.099255,0.456826,-2.132250
nonmember,37894,5,6,0,2.454961,0.085867,0.219490,2.009732,0.640385,-0.938513,2.009732
nonmember,18326,7,7,1,1.047952,0.350655,0.350655,1.818027,2.012241,0.685400,-1.818027
nonmember,35565,6,6,1,0.671391,0.510997,0.510997,1.519493,3.722104,1.150484,-1.519493
nonmember,18596,6,6,1,0.957836,0.383722,0.383722,1.806220,2.701605,1.074137,-1.806220
nonmember,44018,6,6,1,1.567382,0.208590,0.208590,2.038073,1.630393,0.192711,-2.038073
nonmember,28852,5,5,1,1.988381,0.136917,0.136917,2.268950,0.538112,0.008538,-2.268950
nonmember,5038,4,7,0,1.758291,0.172339,0.263779,2.000243,1.383297,-0.425646,2.000243
nonmember,28822,1,8,0,1.820059,0.162016,0.437501,1.566374,1.648280,-0.993383,1.566374
nonmember,23787,6,7,0,2.432097,0.087852,0.328470,1.923431,0.451741,-1.318788,1.923431
nonmember,46905,6,6,1,1.479076,0.227848,0.227848,2.000565,1.532509,0.085957,-2.000565
nonmember,29223,6,6,1,1.247109,0.287334,0.287334,1.919392,2.094381,0.463655,-1.919392
nonmember,33531,2,1,0,2.452460,0.086082,0.238275,2.079168,0.242184,-1.018130,2.079168
nonmember,19409,0,9,0,2.210208,0.109678,0.532078,1.268211,2.013647,-1.579244,1.268211
nonmember,36193,2,9,0,2.010965,0.133859,0.312360,1.916453,0.737284,-0.847364,1.916453
nonmember,44585,3,9,0,2.136828,0.118029,0.271283,1.967275,0.704564,-0.832235,1.967275
nonmember,29686,7,9,0,2.569083,0.076606,0.385308,1.878257,0.164548,-1.615370,1.878257
nonmember,4400,4,3,0,2.308694,0.099391,0.294754,1.881646,2.073899,-1.087080,1.881646
nonmember,29560,6,6,1,1.465363,0.230994,0.230994,1.896056,2.116325,0.123140,-1.896056
nonmember,42632,9,9,1,0.446312,0.639984,0.639984,1.018313,3.702179,0.863970,-1.018313
nonmember,15998,7,6,0,2.298304,0.100429,0.286585,1.993852,0.684691,-1.048583,1.993852
nonmember,25919,5,1,0,2.355525,0.094844,0.320040,1.848689,1.152746,-1.216216,1.848689
nonmember,38096,2,1,0,4.145596,0.015834,0.644801,1.135131,0.011666,-3.706782,1.135131
nonmember,8672,8,1,0,1.134616,0.321546,0.399818,1.402855,2.796227,-0.217869,1.402855
nonmember,36699,2,6,0,2.588161,0.075158,0.556349,1.455199,1.537757,-2.001801,1.455199
nonmember,46166,9,8,0,1.461630,0.231858,0.422266,1.519652,2.057225,-0.599511,1.519652
nonmember,40051,5,5,1,1.387444,0.249713,0.249713,2.027542,1.638377,0.158321,-2.027542
nonmember,28631,3,5,0,1.857394,0.156079,0.187048,2.080260,0.998011,-0.181005,2.080260
nonmember,3833,6,6,1,0.823185,0.439031,0.439031,1.703858,2.768144,1.018341,-1.703858
nonmember,22019,7,6,0,1.950211,0.142244,0.239342,2.002168,1.028632,-0.520351,2.002168
nonmember,49427,9,8,0,1.922803,0.146197,0.524540,1.363599,1.839991,-1.277569,1.363599
nonmember,10059,4,6,0,1.583943,0.205165,0.246356,1.873486,2.281952,-0.182966,1.873486
nonmember,36529,9,9,1,1.892424,0.150706,0.150706,2.236300,0.600692,0.067191,-2.236300
nonmember,18832,1,6,0,1.502916,0.222481,0.323938,1.879458,1.633858,-0.375712,1.879458
nonmember,47779,1,1,1,1.221945,0.294656,0.294656,1.860849,2.465825,0.229436,-1.860849
nonmember,38746,2,6,0,2.576766,0.076019,0.244134,1.988206,0.905496,-1.166726,1.988206
nonmember,35243,2,0,0,2.025651,0.131908,0.348192,2.017629,0.519569,-0.970648,2.017629
nonmember,35417,0,9,0,3.351033,0.035048,0.450639,1.717970,-0.348369,-2.553945,1.717970
nonmember,27945,5,4,0,1.941071,0.143550,0.220658,1.880786,1.522768,-0.429929,1.880786
nonmember,30291,4,3,0,1.856413,0.156232,0.221334,1.805603,2.322459,-0.348333,1.805603
nonmember,1284,4,9,0,3.369392,0.034411,0.266996,2.061251,-0.824173,-2.048869,2.061251
nonmember,15532,4,8,0,5.987247,0.002511,0.405376,1.373087,-1.744303,-5.084307,1.373087
nonmember,46283,7,7,1,1.450806,0.234381,0.234381,1.859740,2.126767,0.142024,-1.859740
nonmember,26891,2,0,0,2.672477,0.069081,0.292559,1.986418,-0.050999,-1.443389,1.986418
nonmember,36066,3,3,1,1.519274,0.218871,0.218871,2.071907,1.212868,0.052967,-2.071907
nonmember,11947,5,6,0,2.316371,0.098631,0.190667,2.002589,0.817053,-0.659146,2.002589
nonmember,18650,2,6,0,2.035254,0.130647,0.328731,1.824322,1.425242,-0.922737,1.824322
nonmember,45147,7,7,1,1.317027,0.267931,0.267931,1.978836,1.563362,0.433424,-1.978836
nonmember,1023,6,3,0,2.704706,0.066890,0.200734,2.073276,0.138983,-1.098933,2.073276
nonmember,17541,3,9,0,2.327939,0.097497,0.162113,2.233522,0.172063,-0.508478,2.233522
nonmember,34366,9,9,1,0.508757,0.601242,0.601242,1.060081,3.839658,0.674162,-1.060081
nonmember,32622,8,9,0,2.120571,0.119963,0.581236,1.212010,1.928335,-1.577973,1.212010
nonmember,34336,1,1,1,0.551610,0.576022,0.576022,1.415596,3.024204,1.325368,-1.415596
nonmember,7275,2,6,0,1.852071,0.156912,0.203626,2.004424,0.969449,-0.260599,2.004424
nonmember,23982,1,9,0,1.531421,0.216228,0.706881,0.922345,2.638055,-1.184528,0.922345
nonmember,44485,5,9,0,2.928693,0.053467,0.197800,2.155037,-0.317469,-1.308196,2.155037
nonmember,20807,5,9,0,2.009789,0.134017,0.231323,2.065340,0.839636,-0.545847,2.065340
nonmember,38767,7,0,0,2.353775,0.095010,0.187564,2.245037,0.069769,-0.680139,2.245037
nonmember,46141,3,3,1,1.646442,0.192735,0.192735,2.062196,1.547563,0.200527,-2.062196
nonmember,26625,9,0,0,1.768241,0.170633,0.458028,1.626609,1.621807,-0.987415,1.626609
nonmember,42067,6,6,1,0.750789,0.471994,0.471994,1.618482,3.298470,1.041900,-1.618482
nonmember,6197,7,3,0,1.747962,0.174128,0.188902,2.108262,0.908944,-0.081438,2.108262
nonmember,48227,8,0,0,1.454376,0.233546,0.414588,1.650273,1.683319,-0.573905,1.650273
nonmember,26507,0,9,0,3.097294,0.045171,0.324047,1.834537,-0.229648,-1.970428,1.834537
nonmember,15083,3,9,0,2.552517,0.077885,0.377780,1.648339,0.482490,-1.579073,1.648339
nonmember,10890,4,6,0,1.666274,0.188950,0.366280,1.720243,2.533954,-0.661916,1.720243
nonmember,43640,4,0,0,3.982259,0.018643,0.515244,1.665150,-0.987737,-3.319145,1.665150
nonmember,4160,5,7,0,2.292183,0.101046,0.288971,1.729532,2.170448,-1.050754,1.729532
nonmember,19469,9,1,0,1.360733,0.256473,0.505710,1.469503,2.122937,-0.678941,1.469503
nonmember,32270,4,6,0,2.033581,0.130866,0.470042,1.623924,1.965877,-1.278647,1.623924
nonmember,37558,0,0,1,1.370947,0.253866,0.253866,2.102991,1.137686,0.553687,-2.102991
nonmember,40988,8,8,1,0.777414,0.459593,0.459593,1.035726,3.981740,0.012993,-1.035726
nonmember,18142,4,7,0,1.495196,0.224205,0.332316,1.709330,2.975686,-0.393527,1.709330
nonmember,45202,1,8,0,2.934227,0.053172,0.591643,1.114928,2.279507,-2.409375,1.114928
nonmember,2633,0,0,1,1.243955,0.288242,0.288242,1.913060,1.596522,0.301375,-1.913060
nonmember,26124,0,9,0,3.763168,0.023210,0.706541,1.122235,-0.028900,-3.415793,1.122235
nonmember,32213,8,9,0,2.155531,0.115842,0.245972,2.110576,0.367589,-0.752993,2.110576
nonmember,34405,8,9,0,1.574912,0.207026,0.353294,1.763324,1.652197,-0.534458,1.763324
nonmember,9137,2,6,0,2.031793,0.131100,0.165242,2.148550,0.682364,-0.231451,2.148550
nonmember,31372,8,8,1,0.472341,0.623541,0.623541,1.071298,4.547717,1.218761,-1.071298
nonmember,11900,8,8,1,0.681566,0.505824,0.505824,1.419262,2.774393,0.735020,-1.419262
nonmember,4178,7,7,1,1.008570,0.364740,0.364740,1.799350,2.471400,0.866247,-1.799350
nonmember,44058,9,0,0,2.949374,0.052372,0.824587,0.771012,1.334863,-2.756501,0.771012
nonmember,20924,0,0,1,1.122465,0.325476,0.325476,1.902176,1.725470,0.455922,-1.902176
nonmember,32986,3,7,0,2.081147,0.124787,0.435722,1.761280,1.121949,-1.250396,1.761280
nonmember,550,3,6,0,1.352461,0.258603,0.381347,1.666562,2.563156,-0.388417,1.666562
nonmember,42999,3,1,0,1.892034,0.150765,0.152023,2.229950,0.524034,-0.008310,2.229950
nonmember,41261,9,8,0,2.482620,0.083524,0.671437,0.978999,3.353361,-2.084284,0.978999
nonmember,45854,3,4,0,2.010736,0.133890,0.272680,1.726668,3.174470,-0.711280,1.726668
nonmember,39403,5,1,0,3.148605,0.042912,0.424416,1.705369,-0.062115,-2.291563,1.705369
nonmember,47793,8,1,0,3.165624,0.042188,0.604067,1.457566,0.379798,-2.661553,1.457566
nonmember,11463,5,7,0,2.006374,0.134475,0.255456,1.870457,1.728613,-0.641671,1.870457
nonmember,37092,1,9,0,1.819946,0.162035,0.521365,1.437522,1.577052,-1.168641,1.437522
nonmember,20295,0,9,0,2.863993,0.057041,0.570177,1.443553,0.276018,-2.302185,1.443553
nonmember,34463,2,6,0,1.830959,0.160260,0.244684,1.908767,1.241046,-0.423171,1.908767
nonmember,28811,3,6,0,2.479450,0.083789,0.341556,1.783274,0.952634,-1.405207,1.783274
nonmember,29383,6,6,1,0.973055,0.377927,0.377927,1.782170,2.344675,0.695107,-1.782170
nonmember,13424,2,9,0,2.384058,0.092176,0.219920,2.163668,0.094385,-0.869564,2.163668
nonmember,4949,1,1,1,0.995716,0.369459,0.369459,1.633061,2.182703,0.052938,-1.633061
nonmember,18730,4,7,0,2.222775,0.108308,0.447106,1.743684,1.035193,-1.417816,1.743684
nonmember,3316,9,7,0,1.682360,0.185935,0.305336,1.841803,1.591376,-0.496018,1.841803
nonmember,31664,9,6,0,1.851935,0.156933,0.229782,2.037498,1.245190,-0.381309,2.037498
nonmember,37317,5,5,1,0.737152,0.478475,0.478475,1.512358,3.659466,0.981087,-1.512358
nonmember,21579,8,8,1,0.916716,0.399830,0.399830,1.459952,2.709118,0.178414,-1.459952
nonmember,25922,3,9,0,2.028459,0.131538,0.340720,1.692006,1.682433,-0.951765,1.692006
nonmember,41241,1,1,1,0.788206,0.454660,0.454660,1.781124,2.719316,1.393322,-1.781124
nonmember,13462,1,9,0,1.980156,0.138048,0.520938,1.611402,1.156128,-1.328032,1.611402
nonmember,48501,2,1,0,2.360970,0.094329,0.339900,1.911778,0.946700,-1.281866,1.911778
nonmember,43223,7,6,0,2.726546,0.065445,0.497789,1.551669,1.979238,-2.028966,1.551669
nonmember,47155,4,6,0,1.941722,0.143457,0.324543,1.933389,1.053783,-0.816384,1.933389
nonmember,29352,9,1,0,1.635979,0.194762,0.563701,1.448864,1.972879,-1.062748,1.448864
nonmember,6237,9,1,0,1.352630,0.258559,0.596912,1.226183,2.498329,-0.836645,1.226183
nonmember,31908,3,0,0,4.037678,0.017638,0.458954,1.643556,-0.927678,-3.258872,1.643556
nonmember,13464,4,0,0,2.882289,0.056006,0.233511,2.167579,-0.414218,-1.427763,2.167579
nonmember,3524,3,4,0,1.939656,0.143753,0.209218,1.920544,1.478198,-0.375280,1.920544
nonmember,40671,8,8,1,0.867783,0.419882,0.419882,1.279076,3.001951,0.016353,-1.279076
nonmember,11153,5,0,0,3.402699,0.033283,0.295806,1.802421,-0.456995,-2.184649,1.802421
nonmember,48286,8,9,0,1.262693,0.282891,0.305504,1.744928,1.833154,-0.076900,1.744928
nonmember,44601,1,9,0,1.124687,0.324754,0.393367,1.334271,2.862910,-0.191676,1.334271
nonmember,24588,8,8,1,0.218904,0.803399,0.803399,0.599517,6.150609,1.556746,-0.599517
nonmember,42052,7,6,0,3.194080,0.041004,0.438090,1.632809,1.368739,-2.368749,1.632809
nonmember,30094,4,7,0,2.190588,0.111851,0.227688,2.188045,0.282634,-0.710811,2.188045
nonmember,29957,7,7,1,1.123641,0.325094,0.325094,1.977808,1.901220,0.799256,-1.977808
nonmember,41218,8,0,0,1.512944,0.220261,0.564582,1.399387,1.907662,-0.941274,1.399387
nonmember,10343,0,0,1,0.413887,0.661076,0.661076,0.734429,6.460102,0.730158,-0.734429
nonmember,41793,5,1,0,1.843864,0.158205,0.175847,2.203504,0.790908,-0.105720,2.203504
nonmember,41582,4,9,0,3.719373,0.024249,0.475118,1.460546,-0.088710,-2.975181,1.460546
nonmember,10842,2,0,0,2.522597,0.080251,0.396250,1.898238,0.199801,-1.596886,1.898238
nonmember,43606,3,9,0,2.767769,0.062802,0.332367,1.779205,0.309356,-1.666252,1.779205
nonmember,3719,9,9,1,0.785946,0.455688,0.455688,1.437521,2.747334,0.478908,-1.437521
nonmember,6355,5,3,0,2.045096,0.129368,0.130033,2.271106,0.389076,-0.005130,2.271106
nonmember,6521,6,4,0,1.465480,0.230967,0.234335,1.912279,2.386096,-0.014475,1.912279
nonmember,9288,5,9,0,2.865419,0.056959,0.172814,2.245482,-0.502302,-1.109882,2.245482
nonmember,45561,7,7,1,1.250572,0.286341,0.286341,1.884613,2.131956,0.538546,-1.884613
nonmember,33315,0,6,0,7.679941,0.000462,0.568781,1.507872,-3.970923,-7.115681,1.507872
nonmember,18398,4,7,0,1.938321,0.143945,0.177864,2.230225,0.469752,-0.211583,2.230225
nonmember,2284,8,8,1,1.080783,0.339330,0.339330,1.973918,1.639997,0.654012,-1.973918
nonmember,49851,8,0,0,0.981183,0.374867,0.378911,1.381307,2.960881,-0.010728,1.381307
nonmember,34996,2,9,0,2.541740,0.078729,0.207844,2.162678,-0.041628,-0.970771,2.162678
nonmember,40965,2,1,0,2.461718,0.085288,0.262249,1.929816,1.182774,-1.123257,1.929816
nonmember,3503,8,9,0,2.351297,0.095246,0.261768,2.145252,0.186552,-1.011002,2.145252
nonmember,12712,9,3,0,3.739074,0.023776,0.302319,1.877609,-0.766064,-2.542802,1.877609
nonmember,49874,6,9,0,4.382763,0.012491,0.513613,1.497387,-1.065504,-3.716478,1.497387
nonmember,28796,4,6,0,2.196180,0.111227,0.211819,1.992594,1.075662,-0.644156,1.992594
nonmember,35541,3,9,0,2.648421,0.070763,0.341233,1.959373,0.077244,-1.573232,1.959373
nonmember,31609,4,6,0,2.176234,0.113468,0.233499,1.965131,1.188769,-0.721655,1.965131
nonmember,24139,8,8,1,0.578208,0.560903,0.560903,1.152363,4.025172,0.718905,-1.152363
nonmember,41456,0,1,0,2.909512,0.054502,0.261106,2.161067,-0.298718,-1.566682,2.161067
nonmember,27572,4,9,0,4.268384,0.014004,0.299588,1.875618,-1.294383,-3.063036,1.875618
nonmember,26180,1,1,1,1.398380,0.246997,0.246997,2.021397,1.436374,0.024487,-2.021397
nonmember,10252,9,1,0,2.606518,0.073791,0.655691,1.350352,0.865942,-2.184453,1.350352
nonmember,44408,3,7,0,1.796885,0.165815,0.242199,1.959973,1.285850,-0.378890,1.959973
nonmember,19886,1,3,0,2.406853,0.090098,0.188330,2.043038,1.018466,-0.737295,2.043038
nonmember,34705,0,1,0,6.753109,0.001167,0.589747,1.276962,-2.560809,-6.225047,1.276962
nonmember,32331,8,1,0,2.120760,0.119940,0.272560,1.955712,0.956764,-0.820863,1.955712
nonmember,3287,3,3,1,0.932459,0.393585,0.393585,1.808418,2.483944,0.927779,-1.808418
nonmember,8661,0,9,0,2.009851,0.134009,0.308151,1.825657,0.943157,-0.832685,1.825657
nonmember,5394,9,9,1,1.446627,0.235363,0.235363,2.050271,1.378620,0.188255,-2.050271
nonmember,31013,3,6,0,1.653049,0.191465,0.231265,1.852134,1.819776,-0.188858,1.852134
nonmember,10829,9,9,1,0.883825,0.413199,0.413199,1.420106,3.357415,0.372726,-1.420106
nonmember,4159,8,8,1,1.432418,0.238731,0.238731,1.937221,1.362597,0.099540,-1.937221
nonmember,1240,1,1,1,1.075570,0.341103,0.341103,1.867182,1.976644,0.436603,-1.867182
nonmember,38049,2,7,0,1.947819,0.142585,0.210288,2.046574,0.957213,-0.388542,2.046574
nonmember,267,7,9,0,2.772136,0.062528,0.240857,2.000240,0.304713,-1.348584,2.000240
nonmember,46233,1,9,0,1.776654,0.169203,0.491585,1.612327,1.382136,-1.066532,1.612327
nonmember,23454,8,8,1,0.661182,0.516241,0.516241,1.340620,3.025609,0.766942,-1.340620
nonmember,30681,4,7,0,1.609258,0.200036,0.289056,1.829037,2.098103,-0.368124,1.829037
nonmember,48635,0,0,1,0.572826,0.563929,0.563929,1.517173,2.505565,1.296646,-1.517173
nonmember,8091,6,6,1,0.607135,0.544910,0.544910,1.496929,3.774177,1.553311,-1.496929
nonmember,36130,2,1,0,3.239213,0.039195,0.255675,1.930344,-0.224318,-1.875364,1.930344
nonmember,12009,0,0,1,0.248190,0.780212,0.780212,0.937727,3.632617,2.641617,-0.937727
nonmember,39991,2,6,0,2.182023,0.112813,0.266284,2.092734,0.515990,-0.858829,2.092734
nonmember,36670,8,0,0,1.506381,0.221711,0.754939,0.671626,3.927121,-1.225263,0.671626
nonmember,7611,7,7,1,1.845873,0.157887,0.157887,2.223487,0.735255,0.058614,-2.223487
nonmember,15215,9,8,0,1.227538,0.293013,0.310376,1.405342,3.001971,-0.057568,1.405342
nonmember,19490,1,9,0,2.103712,0.122003,0.772548,0.884864,1.870947,-1.845651,0.884864
nonmember,6543,0,8,0,1.103666,0.331653,0.638376,0.784925,5.459630,-0.654839,0.784925
nonmember,18397,8,8,1,0.970827,0.378770,0.378770,1.522025,2.381664,0.163936,-1.522025
nonmember,33259,5,7,0,2.517560,0.080656,0.366115,1.849672,0.376023,-1.512752,1.849672
nonmember,6860,0,8,0,1.292747,0.274516,0.507007,1.352365,2.465881,-0.613516,1.352365
nonmember,39945,4,6,0,1.710257,0.180819,0.195670,1.916897,1.579924,-0.078933,1.916897
nonmember,43870,4,1,0,3.100868,0.045010,0.220701,2.135822,-0.454712,-1.589922,2.135822
nonmember,21245,1,9,0,1.601351,0.201624,0.641270,1.149446,2.256972,-1.157045,1.149446
nonmember,18911,7,7,1,1.086289,0.337466,0.337466,1.986989,1.781263,0.881343,-1.986989
nonmember,21480,4,3,0,2.161629,0.115137,0.247789,2.038730,0.698230,-0.766450,2.038730
nonmember,27501,4,2,0,2.831221,0.058941,0.172448,2.180339,-0.309417,-1.073558,2.180339
nonmember,10250,4,4,1,1.574713,0.207067,0.207067,1.866732,1.997995,0.118702,-1.866732
nonmember,37318,8,8,1,0.596999,0.550461,0.550461,1.483873,2.943745,1.492965,-1.483873
nonmember,31294,2,1,0,2.625987,0.072368,0.192085,2.103730,0.200292,-0.976169,2.103730
nonmember,48037,3,2,0,2.713149,0.066328,0.237324,1.851134,0.581561,-1.274819,1.851134
nonmember,25273,3,6,0,2.077383,0.125258,0.252167,2.044561,0.742121,-0.699718,2.044561
nonmember,38943,0,0,1,0.182018,0.833586,0.833586,0.585913,5.043998,1.836084,-0.585913
nonmember,14065,6,7,0,2.637984,0.071505,0.304591,2.010466,0.247461,-1.449199,2.010466
nonmember,18551,1,6,0,2.707461,0.066706,0.316507,1.774715,1.437395,-1.557051,1.774715
nonmember,29205,1,6,0,3.615958,0.026891,0.330046,1.831988,0.464987,-2.507436,1.831988
nonmember,40793,4,9,0,3.793720,0.022512,0.357921,1.686538,-0.461293,-2.766279,1.686538
nonmember,24095,8,8,1,0.293612,0.745566,0.745566,0.847747,6.010910,1.887900,-0.847747
nonmember,9398,3,1,0,2.527637,0.079847,0.222434,2.115769,0.064095,-1.024511,2.115769
nonmember,45519,5,0,0,2.584430,0.075439,0.217899,2.078635,-0.115479,-1.060707,2.078635
nonmember,39783,5,7,0,1.882319,0.152237,0.262228,1.926305,1.230153,-0.543777,1.926305
nonmember,36306,7,7,1,0.590620,0.553984,0.553984,1.410205,3.468881,1.299040,-1.410205
nonmember,20248,9,1,0,1.705213,0.181734,0.381689,1.815329,1.903731,-0.742064,1.815329
nonmember,39966,0,0,1,0.175738,0.838838,0.838838,0.736364,3.984117,2.796273,-0.736364
nonmember,46349,3,0,0,2.435737,0.087533,0.284031,2.086548,0.198904,-1.177065,2.086548
nonmember,42238,7,7,1,1.415980,0.242688,0.242688,1.977591,1.790535,0.431805,-1.977591
nonmember,20879,7,7,1,0.836167,0.433368,0.433368,1.657135,2.189011,0.448252,-1.657135
nonmember,9562,4,8,0,4.904642,0.007412,0.361461,1.522987,-1.576990,-3.887041,1.522987
nonmember,41720,5,5,1,1.496544,0.223903,0.223903,2.018767,1.335690,0.245612,-2.018767
nonmember,7080,9,9,1,0.724023,0.484798,0.484798,1.596542,2.370305,1.037277,-1.596542
nonmember,15871,0,0,1,0.995321,0.369605,0.369605,1.658053,2.439263,0.197865,-1.658053
nonmember,12335,1,8,0,1.820867,0.161885,0.594644,1.162588,2.748162,-1.301075,1.162588
nonmember,32616,6,6,1,1.465659,0.230926,0.230926,1.992411,1.766692,0.053285,-1.992411
nonmember,36109,9,9,1,1.335717,0.262970,0.262970,1.816385,1.741641,0.017707,-1.816385
nonmember,26610,9,1,0,1.302313,0.271902,0.347999,1.592829,2.178215,-0.246756,1.592829
nonmember,25044,1,1,1,0.882047,0.413935,0.413935,1.662455,2.599329,0.488388,-1.662455
nonmember,11667,8,8,1,0.354524,0.701507,0.701507,0.913108,4.350909,1.382310,-0.913108
nonmember,29518,0,6,0,6.954580,0.000954,0.315825,1.914120,-3.752296,-5.802014,1.914120
nonmember,4029,8,8,1,0.905988,0.404143,0.404143,1.405597,2.981814,0.202641,-1.405597
nonmember,16269,5,5,1,1.088679,0.336661,0.336661,1.950881,2.050103,0.710346,-1.950881
nonmember,26759,9,9,1,0.331551,0.717810,0.717810,0.968569,3.732268,1.384951,-0.968569
nonmember,17723,6,6,1,0.497629,0.607970,0.607970,1.414037,3.507262,1.805880,-1.414037
nonmember,48742,3,6,0,1.254289,0.285279,0.347428,1.643572,3.165055,-0.197092,1.643572
nonmember,10999,3,9,0,2.297876,0.100472,0.216865,2.042109,0.398580,-0.769397,2.042109
nonmember,36774,1,1,1,0.738550,0.477806,0.477806,1.442215,3.585320,0.506454,-1.442215
nonmember,42055,9,9,1,0.750199,0.472273,0.472273,1.591034,2.496987,0.648644,-1.591034
nonmember,39221,4,7,0,2.146315,0.116914,0.383841,1.752442,1.543155,-1.188789,1.752442
nonmember,49413,7,7,1,1.095499,0.334373,0.334373,1.912090,1.940522,0.613149,-1.912090
nonmember,17295,6,1,0,1.903327,0.149072,0.221708,2.028637,1.270423,-0.396933,2.028637
nonmember,33670,0,8,0,1.689671,0.184580,0.458524,1.348581,2.964739,-0.909928,1.348581
nonmember,31737,1,6,0,2.540138,0.078855,0.366346,1.800911,1.532779,-1.535961,1.800911
nonmember,16424,6,6,1,0.340045,0.711738,0.711738,1.121201,4.621543,2.303799,-1.121201
nonmember,36726,2,7,0,1.964103,0.140282,0.196300,1.999174,0.889589,-0.335992,1.999174
nonmember,19460,4,7,0,2.663691,0.069691,0.246490,2.069312,0.031244,-1.263258,2.069312
nonmember,49781,2,9,0,3.148604,0.042912,0.543078,1.594805,-0.114124,-2.538102,1.594805
nonmember,39931,2,7,0,1.452456,0.233995,0.236795,2.028284,1.147911,-0.011894,2.028284
nonmember,15363,1,1,1,0.950986,0.386360,0.386360,1.715524,1.991987,0.257690,-1.715524
nonmember,10951,4,0,0,3.502750,0.030114,0.589053,1.458157,-0.296428,-2.973510,1.458157
nonmember,46802,0,0,1,0.842195,0.430764,0.430764,1.717340,2.229809,0.947093,-1.717340
nonmember,20604,8,8,1,0.896619,0.407946,0.407946,1.473049,2.767263,0.313490,-1.473049
nonmember,21104,1,1,1,0.533761,0.586395,0.586395,1.277493,3.185112,0.881170,-1.277493
nonmember,25013,8,8,1,0.710850,0.491227,0.491227,1.230742,3.733210,0.552992,-1.230742
nonmember,2149,1,1,1,1.201685,0.300687,0.300687,1.965351,1.401528,0.290173,-1.965351
nonmember,16666,7,6,0,2.215415,0.109108,0.307879,1.896363,1.729591,-1.037366,1.896363
nonmember,33565,6,9,0,3.581913,0.027822,0.349539,1.951502,-0.897386,-2.530772,1.951502
nonmember,35158,7,7,1,0.837436,0.432819,0.432819,1.798254,2.150117,1.034455,-1.798254
nonmember,17224,0,0,1,0.604993,0.546078,0.546078,1.472868,2.707866,1.135401,-1.472868
nonmember,34751,4,3,0,1.940687,0.143605,0.212536,1.873917,1.559339,-0.392041,1.873917
nonmember,2374,5,6,0,1.640290,0.193924,0.323393,1.840656,2.007151,-0.511403,1.840656
nonmember,29066,1,9,0,1.363436,0.255781,0.424533,1.593005,2.024015,-0.506670,1.593005
nonmember,43247,7,7,1,1.512530,0.220352,0.220352,1.932300,1.668044,0.077559,-1.932300
nonmember,17726,1,9,0,1.416575,0.242543,0.371005,1.842744,1.759527,-0.425036,1.842744
nonmember,2097,9,1,0,1.627809,0.196359,0.236644,2.092555,1.250266,-0.186610,2.092555
nonmember,34435,9,6,0,1.552744,0.211666,0.286300,1.799912,1.939191,-0.302028,1.799912
nonmember,24864,6,6,1,0.620727,0.537553,0.537553,1.544528,3.220652,1.453792,-1.544528
nonmember,45117,3,3,1,1.515413,0.219717,0.219717,1.976298,1.684329,0.119573,-1.976298
nonmember,15975,2,6,0,1.911332,0.147883,0.236978,1.915548,1.287218,-0.471544,1.915548
nonmember,10037,7,1,0,2.649702,0.070672,0.170115,2.232298,-0.020825,-0.878424,2.232298
nonmember,4764,1,8,0,1.844845,0.158050,0.339810,1.723426,1.213392,-0.765475,1.723426
nonmember,1410,1,1,1,0.833879,0.434361,0.434361,1.382932,2.937432,0.397412,-1.382932
nonmember,20177,6,3,0,1.883033,0.152128,0.261333,1.943923,1.202210,-0.541075,1.943923
nonmember,19058,7,1,0,5.389698,0.004563,0.356880,1.391065,-0.875098,-4.359342,1.391065
nonmember,34220,5,3,0,1.883823,0.152008,0.502382,1.604139,1.448619,-1.195428,1.604139
nonmember,10007,6,3,0,1.955525,0.141490,0.240251,1.971978,1.305034,-0.529455,1.971978
nonmember,16366,3,2,0,2.078597,0.125106,0.183341,2.190480,0.478249,-0.382190,2.190480
nonmember,13511,6,6,1,0.425445,0.653479,0.653479,1.307394,3.754708,2.031159,-1.307394
nonmember,10802,2,6,0,1.976854,0.138504,0.309314,1.995145,0.912643,-0.803455,1.995145
nonmember,45252,2,6,0,1.841719,0.158545,0.219283,1.971013,1.154629,-0.324328,1.971013
nonmember,226,1,1,1,0.480935,0.618205,0.618205,1.047485,4.146125,1.092993,-1.047485
nonmember,32660,7,7,1,1.369295,0.254286,0.254286,1.864693,1.987018,0.177672,-1.864693
nonmember,46343,0,8,0,2.937000,0.053025,0.782031,0.882737,1.067359,-2.691139,0.882737
nonmember,14036,4,7,0,1.840431,0.158749,0.232325,2.104593,0.746337,-0.380815,2.104593
nonmember,5128,3,7,0,2.319864,0.098287,0.200260,1.990643,0.515075,-0.711723,1.990643
nonmember,10337,8,8,1,0.182159,0.833469,0.833469,0.586991,5.900124,1.908639,-0.586991
nonmember,49909,6,6,1,0.639012,0.527814,0.527814,1.590392,3.259019,1.503341,-1.590392
nonmember,21882,3,1,0,3.001980,0.049689,0.578826,1.257412,1.030421,-2.455227,1.257412
nonmember,27163,2,7,0,2.537018,0.079102,0.280091,1.982700,0.345502,-1.264379,1.982700
nonmember,48436,7,7,1,0.920977,0.398130,0.398130,1.770368,2.023294,0.439887,-1.770368
nonmember,8628,1,1,1,0.668117,0.512673,0.512673,1.623041,2.726161,1.431471,-1.623041
nonmember,12896,4,2,0,2.201011,0.110691,0.135779,2.237659,0.209960,-0.204284,2.237659
nonmember,2949,0,7,0,1.859655,0.155726,0.312959,1.985999,0.888561,-0.697973,1.985999
nonmember,1174,8,7,0,7.065446,0.000854,0.402043,1.675562,-3.727360,-6.154251,1.675562
nonmember,7901,5,5,1,0.941381,0.390089,0.390089,1.517586,3.737528,0.368453,-1.517586
nonmember,23980,3,6,0,2.520827,0.080393,0.277805,2.030646,0.301456,-1.239991,2.030646
nonmember,44826,7,7,1,0.975221,0.377109,0.377109,1.903473,1.907138,0.881901,-1.903473
nonmember,44161,2,6,0,1.736496,0.176137,0.206277,2.000694,1.816181,-0.157958,2.000694
nonmember,20482,6,6,1,1.206163,0.299344,0.299344,1.956786,1.882280,0.550954,-1.956786
nonmember,2891,7,7,1,1.408214,0.244580,0.244580,1.901443,1.940971,0.263592,-1.901443
nonmember,37874,5,3,0,2.031792,0.131100,0.248077,1.990002,0.777323,-0.637776,1.990002
nonmember,12033,3,6,0,2.200500,0.110748,0.269975,1.974659,0.777467,-0.891075,1.974659
nonmember,47584,2,1,0,2.379807,0.092568,0.273082,1.939880,1.041590,-1.081824,1.939880
nonmember,29653,0,9,0,5.437699,0.004349,0.592143,1.190762,-1.669397,-4.913693,1.190762
nonmember,24621,7,7,1,1.376514,0.252457,0.252457,2.041901,1.415057,0.357832,-2.041901
nonmember,32010,6,3,0,2.002548,0.134991,0.378248,1.649845,2.016746,-1.030343,1.649845
nonmember,34472,5,7,0,2.414932,0.089373,0.290868,1.954640,0.516719,-1.180046,1.954640
nonmember,35164,7,6,0,1.702354,0.182254,0.212735,2.111637,1.052849,-0.154644,2.111637
nonmember,49630,7,3,0,1.295087,0.273874,0.419924,1.539966,2.292441,-0.427406,1.539966
nonmember,32258,1,3,0,1.882015,0.152283,0.188308,2.192857,0.701912,-0.212340,2.192857
nonmember,18896,3,5,0,1.288404,0.275710,0.276936,1.875821,1.634179,-0.004437,1.875821
nonmember,21539,0,8,0,1.298327,0.272988,0.381252,1.617557,2.032985,-0.334032,1.617557
nonmember,21441,7,6,0,2.121997,0.119792,0.397418,1.795202,1.668763,-1.199231,1.795202
nonmember,37709,9,9,1,0.841030,0.431266,0.431266,1.364918,2.989812,0.287734,-1.364918
nonmember,48761,3,3,1,1.120782,0.326025,0.326025,1.745078,2.330477,0.340384,-1.745078
nonmember,48209,0,9,0,2.632154,0.071923,0.372503,1.808864,0.268698,-1.644643,1.808864
nonmember,19045,4,9,0,3.242306,0.039074,0.296721,2.018975,-0.570620,-2.027342,2.018975
nonmember,43552,9,9,1,1.652753,0.191522,0.191522,2.132579,1.027468,0.087259,-2.132579
nonmember,42199,0,8,0,1.338961,0.262118,0.601138,1.029677,5.034795,-0.830030,1.029677
nonmember,17951,7,7,1,0.921543,0.397904,0.397904,1.726168,2.650402,0.869826,-1.726168
nonmember,6551,6,6,1,1.076311,0.340851,0.340851,1.882965,2.568704,0.935884,-1.882965
nonmember,35402,9,9,1,1.118698,0.326705,0.326705,1.721448,1.919977,0.308038,-1.721448
nonmember,47104,0,9,0,3.318198,0.036218,0.237835,2.164252,-0.806981,-1.882020,2.164252
nonmember,49362,1,9,0,1.094442,0.334726,0.416456,1.560729,2.243208,-0.218467,1.560729
nonmember,41731,0,0,1,0.337391,0.713630,0.713630,1.101610,3.257214,1.759424,-1.101610
nonmember,1698,7,1,0,3.528385,0.029352,0.283917,1.957621,-0.414385,-2.269313,1.957621
nonmember,19444,0,0,1,0.923751,0.397027,0.397027,1.883421,1.813923,0.980040,-1.883421
nonmember,27271,8,1,0,1.822262,0.161660,0.478956,1.679223,1.859590,-1.086117,1.679223
nonmember,5549,0,0,1,0.894682,0.408738,0.408738,1.878436,1.851120,1.142961,-1.878436
nonmember,26612,4,6,0,1.847412,0.157645,0.352038,1.834807,1.810691,-0.803396,1.834807
nonmember,7656,4,3,0,2.393913,0.091272,0.224844,2.069221,0.618031,-0.901563,2.069221
nonmember,47784,8,8,1,0.790903,0.453435,0.453435,1.325728,3.439603,0.374948,-1.325728
nonmember,49328,2,7,0,2.225460,0.108018,0.290914,2.002012,1.085270,-0.990731,2.002012
nonmember,11487,0,0,1,0.145826,0.864308,0.864308,0.458807,6.878234,1.970855,-0.458807
nonmember,25588,5,5,1,1.612751,0.199338,0.199338,1.946081,1.665153,0.048455,-1.946081
nonmember,48718,9,1,0,1.617944,0.198306,0.244393,2.014075,1.601307,-0.208967,2.014075
nonmember,34150,0,0,1,0.062158,0.939734,0.939734,0.294350,6.077762,3.209615,-0.294350
nonmember,42155,2,3,0,3.055802,0.047085,0.356736,1.890334,0.205303,-2.025043,1.890334
nonmember,35162,0,1,0,5.832707,0.002930,0.517434,1.575974,-2.347824,-5.173834,1.575974
nonmember,47371,2,6,0,1.837898,0.159152,0.204470,1.976093,1.181998,-0.250563,1.976093
nonmember,20554,1,1,1,0.740637,0.476810,0.476810,1.161259,3.481949,0.145816,-1.161259
nonmember,12802,0,1,0,2.661633,0.069834,0.753017,0.967296,2.092218,-2.377965,0.967296
nonmember,34279,0,1,0,2.394341,0.091233,0.300682,1.775746,0.661679,-1.192640,1.775746
nonmember,44373,8,9,0,1.580480,0.205876,0.428748,1.709539,1.541288,-0.733593,1.709539
nonmember,25249,5,6,0,3.227122,0.039672,0.568624,1.457174,1.115688,-2.662586,1.457174
nonmember,31638,9,8,0,1.431914,0.238851,0.411190,1.373374,2.412839,-0.543213,1.373374
nonmember,32304,3,0,0,5.159013,0.005747,0.735162,0.892596,-0.295100,-4.851349,0.892596
nonmember,27308,2,6,0,2.449545,0.086333,0.436828,1.710147,1.165337,-1.621330,1.710147
nonmember,6036,9,1,0,1.270601,0.280663,0.526616,1.354595,2.233152,-0.629317,1.354595
nonmember,24441,1,1,1,0.639154,0.527739,0.527739,1.602566,2.740423,1.273365,-1.602566
nonmember,1497,2,4,0,2.267831,0.103536,0.252499,1.879910,1.148579,-0.891483,1.879910
nonmember,39193,8,7,0,3.595420,0.027449,0.223995,2.087460,-0.952772,-2.099289,2.087460
nonmember,11821,6,7,0,1.960368,0.140807,0.196058,1.973101,1.313173,-0.331025,1.973101
nonmember,27173,4,9,0,2.735083,0.064889,0.221586,2.035532,0.651220,-1.228140,2.035532
nonmember,16156,8,9,0,1.324021,0.266063,0.299473,1.709342,1.735453,-0.118289,1.709342
nonmember,18962,5,7,0,2.400140,0.090705,0.160638,2.241782,-0.013431,-0.571541,2.241782
nonmember,25569,6,6,1,1.090301,0.336115,0.336115,1.874734,2.834829,0.759041,-1.874734
nonmember,3282,5,1,0,5.129861,0.005917,0.681463,1.144039,-1.238325,-4.746347,1.144039
nonmember,31627,4,3,0,2.265721,0.103755,0.177974,2.151338,0.650882,-0.539602,2.151338
nonmember,39055,2,0,0,2.402138,0.090524,0.363255,1.895985,0.391454,-1.389488,1.895985
nonmember,30506,5,9,0,3.734429,0.023887,0.267859,1.924404,-0.754939,-2.417135,1.924404
nonmember,32127,2,6,0,2.022372,0.132341,0.353609,1.776328,1.369797,-0.982809,1.776328
nonmember,19408,7,1,0,4.055236,0.017331,0.580120,1.376105,-0.384225,-3.510715,1.376105
nonmember,29185,7,7,1,0.837039,0.432991,0.432991,1.787118,2.437382,1.247186,-1.787118
nonmember,12370,3,3,1,1.357802,0.257226,0.257226,2.039121,1.363380,0.324355,-2.039121
nonmember,38770,0,0,1,0.683031,0.505084,0.505084,1.557535,2.435903,0.854637,-1.557535
nonmember,750,5,3,0,1.605592,0.200771,0.261122,1.840514,2.003666,-0.262825,1.840514
nonmember,41599,2,6,0,2.292717,0.100992,0.390751,1.739712,1.250365,-1.353031,1.739712
nonmember,20516,9,9,1,1.354626,0.258044,0.258044,1.974173,1.654036,0.096102,-1.974173
nonmember,28326,1,9,0,1.123186,0.325242,0.325442,1.423127,2.707075,-0.000615,1.423127
nonmember,19110,2,1,0,2.618989,0.072876,0.262256,1.916777,0.991617,-1.280555,1.916777
nonmember,11297,0,9,0,1.787316,0.167409,0.276069,1.663025,1.541869,-0.500213,1.663025
nonmember,39633,7,7,1,1.224448,0.293920,0.293920,2.003099,1.545082,0.544243,-2.003099
nonmember,24573,7,7,1,1.276284,0.279072,0.279072,2.069846,1.543850,0.751163,-2.069846
nonmember,311,1,1,1,0.811169,0.444338,0.444338,1.574042,2.626718,0.636725,-1.574042
nonmember,21908,6,7,0,1.587247,0.204488,0.207434,1.958175,1.722903,-0.014305,1.958175
nonmember,19587,8,0,0,1.209175,0.298443,0.534930,1.272914,2.451390,-0.583556,1.272914
nonmember,29744,1,9,0,1.069696,0.343113,0.415888,1.389234,2.735278,-0.192357,1.389234
nonmember,4665,9,9,1,0.285818,0.751400,0.751400,0.888203,3.925796,1.558001,-0.888203
nonmember,35750,0,0,1,0.786060,0.455637,0.455637,1.699107,2.305777,0.994257,-1.699107
nonmember,39147,5,4,0,2.531779,0.079517,0.242407,2.002292,0.667989,-1.114644,2.002292
nonmember,22128,7,7,1,1.152772,0.315760,0.315760,1.990497,1.503263,0.609924,-1.990497
nonmember,1696,3,7,0,1.986299,0.137202,0.416953,1.651692,1.692957,-1.111517,1.651692
nonmember,7416,7,1,0,2.667826,0.069403,0.393710,1.939412,0.350305,-1.735686,1.939412
nonmember,12640,0,0,1,0.106234,0.899214,0.899214,0.427009,5.555769,2.515600,-0.427009
nonmember,6865,7,7,1,1.097173,0.333813,0.333813,1.931218,1.821176,0.848861,-1.931218
nonmember,28385,7,7,1,0.870489,0.418747,0.418747,1.647087,2.860260,0.763214,-1.647087
nonmember,19649,3,2,0,1.949457,0.142351,0.150616,2.156361,0.792274,-0.056435,2.156361
nonmember,5053,3,3,1,1.227697,0.292966,0.292966,1.861300,1.907638,0.026848,-1.861300
nonmember,49769,1,9,0,1.455616,0.233257,0.315752,1.588820,1.990030,-0.302818,1.588820
nonmember,23635,1,1,1,0.500851,0.606015,0.606015,1.339532,3.233775,1.411699,-1.339532
nonmember,33249,0,0,1,1.631324,0.195670,0.195670,2.150922,0.982140,0.240644,-2.150922
nonmember,7599,0,0,1,1.067321,0.343929,0.343929,2.042134,1.541952,1.190895,-2.042134
nonmember,43392,6,9,0,5.518670,0.004011,0.483919,1.495443,-2.280012,-4.792831,1.495443
nonmember,43456,3,1,0,1.635566,0.194842,0.340848,1.720216,1.658230,-0.559247,1.720216
nonmember,37407,9,9,1,0.803383,0.447812,0.447812,1.578204,2.583596,0.610921,-1.578204
nonmember,41024,2,3,0,1.719288,0.179194,0.195602,2.037738,1.495230,-0.087613,2.037738
nonmember,47278,9,1,0,1.388589,0.249427,0.265350,1.991343,1.147630,-0.061882,1.991343
nonmember,48263,1,9,0,1.739900,0.175538,0.416405,1.805279,1.204266,-0.863803,1.805279
nonmember,11072,5,3,0,1.844267,0.158141,0.249777,1.940720,1.489344,-0.457080,1.940720
nonmember,12169,1,1,1,0.399828,0.670435,0.670435,1.273761,3.318548,1.789867,-1.273761
nonmember,39201,0,0,1,0.966423,0.380442,0.380442,1.878875,1.998612,1.144811,-1.878875
nonmember,8304,2,0,0,2.457331,0.085663,0.640367,1.368181,0.785790,-2.011617,1.368181
nonmember,48481,8,0,0,0.928201,0.395264,0.508132,1.100188,3.184081,-0.251186,1.100188
nonmember,47649,6,6,1,0.769983,0.463021,0.463021,1.650550,3.686937,0.917585,-1.650550
nonmember,2489,8,0,0,1.674447,0.187412,0.763805,0.743967,3.162058,-1.405004,0.743967
nonmember,22070,1,9,0,1.611876,0.199513,0.517191,1.293890,2.777412,-0.952533,1.293890
nonmember,45536,8,8,1,1.043907,0.352076,0.352076,1.616157,2.494201,0.460112,-1.616157
nonmember,15181,3,1,0,2.085079,0.124297,0.234265,2.101301,0.796288,-0.633779,2.101301
nonmember,4593,9,9,1,1.678734,0.186610,0.186610,2.078751,1.089161,0.002021,-2.078751
nonmember,47825,8,8,1,0.990307,0.371463,0.371463,1.652504,2.248255,0.581208,-1.652504
nonmember,14399,2,7,0,1.955635,0.141475,0.277497,2.006424,1.087241,-0.673689,2.006424
nonmember,31833,5,5,1,1.111017,0.329224,0.329224,1.760573,2.797066,0.381708,-1.760573
nonmember,1326,9,1,0,1.337293,0.262555,0.343370,1.782943,1.902647,-0.268345,1.782943
nonmember,28886,9,9,1,1.366120,0.255095,0.255095,1.928109,1.827856,0.282815,-1.928109
nonmember,5756,4,1,0,3.439713,0.032074,0.280510,1.887286,0.084135,-2.168567,1.887286
nonmember,34205,9,9,1,0.675358,0.508974,0.508974,1.283089,3.788273,0.697711,-1.283089
nonmember,36153,1,1,1,0.959887,0.382936,0.382936,1.630771,3.017676,0.476081,-1.630771
nonmember,20723,0,6,0,5.325793,0.004864,0.343852,1.910336,-2.229241,-4.258248,1.910336
nonmember,36994,2,7,0,2.084031,0.124428,0.222241,1.985714,0.867316,-0.580036,1.985714
nonmember,3350,8,8,1,1.157645,0.314225,0.314225,1.644525,2.230820,0.299220,-1.644525
nonmember,25393,9,1,0,1.778841,0.168834,0.714893,0.996033,2.337950,-1.443219,0.996033
nonmember,49488,4,1,0,3.041262,0.047775,0.299957,1.885729,0.070056,-1.837146,1.885729
nonmember,20024,9,9,1,0.712269,0.490530,0.490530,1.660491,2.425986,1.108595,-1.660491
nonmember,49725,2,0,0,3.866752,0.020926,0.608033,1.197727,-0.126095,-3.369226,1.197727
nonmember,438,9,9,1,1.253732,0.285438,0.285438,2.032408,1.640105,0.425365,-2.032408
nonmember,24876,8,8,1,1.680938,0.186199,0.186199,2.198254,0.766100,0.033338,-2.198254
nonmember,6740,8,0,0,1.157595,0.314241,0.319556,1.757085,1.811199,-0.016774,1.757085
nonmember,15253,4,6,0,2.737211,0.064751,0.314436,1.952835,0.628679,-1.580235,1.952835
nonmember,29977,0,7,0,1.415779,0.242737,0.288659,1.889639,1.637116,-0.173269,1.889639
nonmember,5684,0,1,0,6.578925,0.001389,0.671938,1.202169,-2.047104,-6.181335,1.202169
nonmember,42438,1,9,0,2.185810,0.112387,0.384613,1.908210,0.563313,-1.230292,1.908210
nonmember,46100,8,9,0,2.011070,0.133845,0.254762,2.085827,0.591076,-0.643644,2.085827
nonmember,1188,0,6,0,4.136920,0.015972,0.237218,2.089200,-1.437915,-2.698143,2.089200
nonmember,9994,6,6,1,1.248127,0.287042,0.287042,1.993118,1.652612,0.618270,-1.993118
nonmember,44370,4,7,0,2.094224,0.123166,0.161149,2.208948,0.339536,-0.268796,2.208948
nonmember,31231,2,0,0,2.971686,0.051217,0.629211,1.297551,0.445643,-2.508398,1.297551
nonmember,41572,8,8,1,0.124865,0.882616,0.882616,0.489390,6.239938,2.635574,-0.489390
nonmember,41159,3,0,0,2.114830,0.120654,0.168203,2.177977,0.444227,-0.332248,2.177977
nonmember,33061,8,8,1,1.131914,0.322416,0.322416,1.793998,1.802984,0.061074,-1.793998
nonmember,43388,6,6,1,0.903440,0.405174,0.405174,1.734197,2.594912,0.773581,-1.734197
nonmember,33376,9,8,0,1.800436,0.165227,0.408245,1.633788,1.458478,-0.904547,1.633788
nonmember,6649,3,3,1,1.280846,0.277802,0.277802,1.669953,2.800194,0.111407,-1.669953
nonmember,46927,5,7,0,2.153858,0.116036,0.236975,1.900962,1.131221,-0.714055,1.900962
nonmember,25932,6,1,0,1.909729,0.148121,0.285073,1.950179,1.977953,-0.654719,1.950179
nonmember,47239,4,6,0,1.734066,0.176565,0.334583,1.768916,2.028150,-0.639196,1.768916
nonmember,21569,5,3,0,1.835666,0.159507,0.188697,2.040925,1.317844,-0.168050,2.040925
nonmember,33865,9,0,0,2.511141,0.081176,0.571396,1.049814,3.493045,-1.951468,1.049814
nonmember,7981,5,6,0,1.847324,0.157659,0.402307,1.613755,2.818468,-0.936784,1.613755
nonmember,9595,1,8,0,1.883203,0.152102,0.408496,1.650411,1.420981,-0.987931,1.650411
nonmember,44735,6,6,1,1.039017,0.353802,0.353802,1.878033,2.049100,0.814914,-1.878033
nonmember,27132,1,5,0,2.446402,0.086605,0.295421,1.900070,0.791570,-1.227047,1.900070
nonmember,47507,5,1,0,2.852821,0.057681,0.671592,1.248431,1.059458,-2.454716,1.248431
nonmember,773,8,9,0,1.338780,0.262165,0.314683,1.698778,1.709306,-0.182590,1.698778
nonmember,46076,4,7,0,2.210595,0.109635,0.200262,2.167038,0.272711,-0.602465,2.167038
nonmember,3394,5,3,0,1.302572,0.271832,0.327292,1.675624,2.554299,-0.185669,1.675624
nonmember,25869,8,0,0,2.498875,0.082177,0.851175,0.636769,2.222911,-2.337738,0.636769
nonmember,45167,9,9,1,1.186521,0.305281,0.305281,1.631234,2.285599,0.150122,-1.631234
nonmember,21565,8,0,0,2.053167,0.128328,0.525484,1.629945,0.894072,-1.409732,1.629945
nonmember,32116,7,7,1,1.227137,0.293130,0.293130,1.885535,2.104441,0.438594,-1.885535
nonmember,38369,5,6,0,2.265505,0.103778,0.246211,2.066336,0.458636,-0.863937,2.066336
nonmember,21115,2,0,0,2.871521,0.056613,0.325309,1.925813,-0.098759,-1.748540,1.925813
nonmember,32564,1,1,1,1.303116,0.271684,0.271684,2.067854,1.364359,0.391358,-2.067854
nonmember,10709,5,5,1,1.226581,0.293294,0.293294,1.940637,1.907283,0.394135,-1.940637
nonmember,40748,6,9,0,2.542616,0.078660,0.267035,2.011063,0.105474,-1.222241,2.011063
nonmember,25915,1,0,0,1.964110,0.140281,0.332742,1.707044,1.171797,-0.863721,1.707044
nonmember,11592,9,9,1,0.831079,0.435579,0.435579,1.321072,2.886166,0.121042,-1.321072
nonmember,23815,3,6,0,1.874380,0.153450,0.188128,2.082094,0.898395,-0.203746,2.082094
nonmember,28597,3,6,0,1.726919,0.177832,0.387492,1.787020,1.845245,-0.778859,1.787020
nonmember,15507,9,9,1,0.517670,0.595907,0.595907,1.307314,3.072517,1.139342,-1.307314
nonmember,28891,3,6,0,2.260470,0.104301,0.365161,1.716543,1.637637,-1.253054,1.716543
nonmember,11296,9,8,0,2.519317,0.080515,0.655436,1.135011,1.489550,-2.096863,1.135011
nonmember,5809,7,7,1,1.399412,0.246742,0.246742,1.805324,2.388060,0.162796,-1.805324
nonmember,22792,7,7,1,0.345922,0.707568,0.707568,1.175928,3.298302,2.265902,-1.175928
nonmember,47773,5,4,0,1.966834,0.139899,0.145096,2.181799,0.644280,-0.036476,2.181799
nonmember,31787,8,1,0,2.105928,0.121733,0.333521,1.744897,0.862066,-1.007879,1.744897
nonmember,22014,2,0,0,1.990524,0.136624,0.324037,2.038458,0.648806,-0.863626,2.038458
nonmember,49483,1,1,1,0.459997,0.631286,0.631286,1.326001,3.522122,1.653702,-1.326001
nonmember,48674,5,0,0,2.616582,0.073052,0.167395,2.248096,-0.210217,-0.829184,2.248096
nonmember,29707,2,8,0,2.369874,0.093493,0.232959,2.148944,0.091682,-0.912981,2.148944
nonmember,6222,5,6,0,1.988976,0.136836,0.328902,1.904648,1.546234,-0.876980,1.904648
nonmember,43297,1,1,1,0.646329,0.523966,0.523966,1.572789,2.665369,1.331398,-1.572789
nonmember,43999,5,3,0,1.477764,0.228147,0.294654,1.811223,2.254236,-0.255810,1.811223
nonmember,18647,3,3,1,1.228565,0.292712,0.292712,1.887737,1.673881,0.193830,-1.887737
nonmember,1426,3,1,0,1.850660,0.157133,0.277978,1.979528,1.136506,-0.570446,1.979528
nonmember,8101,3,9,0,2.129920,0.118847,0.393471,1.824058,0.742170,-1.197172,1.824058
nonmember,41476,6,6,1,0.843638,0.430143,0.430143,1.577928,3.371024,0.708884,-1.577928
nonmember,2754,8,9,0,3.055253,0.047111,0.426936,1.600311,0.409242,-2.204131,1.600311
nonmember,2617,0,0,1,1.477270,0.228260,0.228260,2.197122,0.979468,0.631833,-2.197122
nonmember,10880,5,1,0,3.835248,0.021596,0.334066,1.785473,-0.902314,-2.738831,1.785473
nonmember,12815,3,6,0,1.716339,0.179723,0.317311,1.860523,1.991545,-0.568465,1.860523
nonmember,32765,8,0,0,1.315176,0.268427,0.347181,1.693874,1.975762,-0.257269,1.693874
nonmember,17895,9,9,1,0.719891,0.486805,0.486805,1.229610,3.286436,0.261721,-1.229610
nonmember,36937,4,7,0,2.044565,0.129436,0.308594,1.866787,1.368077,-0.868837,1.866787
nonmember,47654,3,9,0,2.771430,0.062572,0.502751,1.576441,0.599277,-2.083769,1.576441
nonmember,37619,0,0,1,0.808830,0.445379,0.445379,1.667246,2.270310,0.738107,-1.667246
nonmember,1763,8,8,1,0.372173,0.689235,0.689235,0.777943,6.061778,0.939157,-0.777943
nonmember,26653,4,4,1,1.469884,0.229952,0.229952,1.796315,2.422133,0.134172,-1.796315
nonmember,28644,6,9,0,3.527700,0.029372,0.362737,1.909248,-0.718611,-2.513623,1.909248
nonmember,1656,5,6,0,1.931213,0.144972,0.194614,2.077355,1.080365,-0.294477,2.077355
nonmember,8202,7,1,0,1.657373,0.190639,0.245488,1.951405,2.035664,-0.252866,1.951405
nonmember,2277,0,0,1,0.745359,0.474564,0.474564,1.243682,4.664995,0.699389,-1.243682
nonmember,49716,1,8,0,1.979560,0.138130,0.467620,1.307560,2.895840,-1.219460,1.307560
nonmember,11247,5,6,0,2.523875,0.080148,0.297777,1.911456,0.964755,-1.312463,1.911456
nonmember,43728,1,9,0,1.453406,0.233773,0.597767,1.232199,2.287332,-0.938852,1.232199
nonmember,23389,3,9,0,2.629287,0.072130,0.324879,1.756786,0.863335,-1.504983,1.756786
nonmember,37128,2,3,0,2.066704,0.126602,0.189882,2.091319,0.882738,-0.405350,2.091319
nonmember,7747,0,9,0,5.217571,0.005420,0.614018,1.165554,-1.174050,-4.729841,1.165554
nonmember,4559,0,0,1,0.911695,0.401842,0.401842,1.907434,1.828808,1.035542,-1.907434
nonmember,23643,7,4,0,2.259198,0.104434,0.248622,1.867562,1.366136,-0.867375,1.867562
nonmember,47263,7,7,1,1.393792,0.248133,0.248133,2.181453,1.207649,0.767048,-2.181453
nonmember,33218,2,7,0,2.369640,0.093514,0.246118,2.020378,0.734383,-0.967698,2.020378
nonmember,896,6,6,1,1.202634,0.300402,0.300402,1.997291,1.744126,0.943401,-1.997291
nonmember,37604,9,9,1,0.777282,0.459654,0.459654,1.566348,2.599172,0.719772,-1.566348
nonmember,16530,2,0,0,4.395103,0.012338,0.806949,0.726180,0.090931,-4.180608,0.726180
nonmember,2927,2,1,0,3.002710,0.049652,0.364787,1.792007,0.768712,-1.994267,1.792007
nonmember,47993,8,1,0,1.869761,0.154160,0.472170,1.651058,1.699042,-1.119344,1.651058
nonmember,16591,9,9,1,1.068983,0.343358,0.343358,1.889976,1.812293,0.580064,-1.889976
nonmember,43378,0,8,0,1.634351,0.195079,0.283408,1.904298,1.191048,-0.373484,1.904298
nonmember,6561,5,7,0,2.588053,0.075166,0.292660,1.949977,0.494850,-1.359308,1.949977
nonmember,35922,7,7,1,1.403639,0.245701,0.245701,2.050177,1.632048,0.451499,-2.050177
nonmember,10243,0,6,0,6.071562,0.002308,0.261620,1.937227,-2.685441,-4.730700,1.937227
nonmember,42536,2,6,0,2.114780,0.120660,0.291528,1.958939,0.924969,-0.882162,1.958939
nonmember,39548,9,9,1,0.591429,0.553536,0.553536,1.158142,3.891048,0.796659,-1.158142
nonmember,15726,6,9,0,2.020863,0.132541,0.310493,1.798724,1.253852,-0.851269,1.798724
nonmember,32176,9,9,1,0.833236,0.434641,0.434641,1.278970,3.485672,0.482764,-1.278970
nonmember,33310,2,8,0,1.998212,0.135577,0.312615,1.939065,0.684265,-0.835428,1.939065
nonmember,49117,3,6,0,1.956740,0.141318,0.211915,2.062073,0.796651,-0.405171,2.062073
nonmember,6401,7,7,1,1.129832,0.323088,0.323088,1.866140,1.688372,0.152681,-1.866140
nonmember,39704,8,3,0,2.245980,0.105824,0.166206,2.191229,0.297833,-0.451454,2.191229
nonmember,41027,3,0,0,3.079351,0.045989,0.344096,1.957149,-0.390898,-2.012517,1.957149
nonmember,33138,5,6,0,1.720006,0.179065,0.288946,1.867576,2.282041,-0.478491,1.867576
nonmember,44169,7,3,0,1.728586,0.177535,0.222666,2.046539,1.100488,-0.226504,2.046539
nonmember,28219,4,9,0,2.637561,0.071536,0.280500,2.031525,0.048721,-1.366378,2.031525
nonmember,37111,2,6,0,1.984382,0.137466,0.243022,1.922933,1.330935,-0.569779,1.922933
nonmember,21396,7,6,0,1.920921,0.146472,0.227660,1.925058,1.366716,-0.441019,1.925058
nonmember,40126,2,5,0,3.387286,0.033800,0.325025,1.725005,0.662173,-2.263434,1.725005
nonmember,34453,1,9,0,1.278400,0.278483,0.414253,1.292076,3.596026,-0.397121,1.292076
nonmember,24056,5,5,1,1.349224,0.259441,0.259441,1.779745,2.502287,0.294033,-1.779745
nonmember,18778,9,6,0,2.245754,0.105848,0.283604,1.950433,1.242558,-0.985577,1.950433
nonmember,26005,3,7,0,2.505623,0.081625,0.229083,2.075240,0.125150,-1.031951,2.075240
nonmember,36028,1,8,0,2.271594,0.103148,0.386701,1.439527,1.509150,-1.321491,1.439527
nonmember,31123,7,6,0,1.981081,0.137920,0.277354,1.968753,0.951886,-0.698621,1.968753
nonmember,4679,2,2,1,1.765646,0.171076,0.171076,2.115065,1.170243,0.070688,-2.115065
nonmember,5771,7,7,1,0.398723,0.671176,0.671176,1.233924,3.632092,1.982775,-1.233924
nonmember,22909,6,6,1,1.022660,0.359637,0.359637,1.886317,2.070793,0.905546,-1.886317
nonmember,38535,2,9,0,2.736064,0.064825,0.256648,2.065263,0.060525,-1.376016,2.065263
nonmember,42407,9,9,1,0.838003,0.432574,0.432574,1.631619,2.527369,0.516437,-1.631619
nonmember,32918,6,6,1,0.303123,0.738508,0.738508,1.040808,4.889960,2.358148,-1.040808
nonmember,180,4,6,0,1.761154,0.171846,0.327491,1.775669,2.374388,-0.644861,1.775669
nonmember,47905,5,1,0,4.296441,0.013617,0.314125,1.720243,-1.010568,-3.138478,1.720243
nonmember,21581,6,6,1,0.923904,0.396966,0.396966,1.724969,3.312505,0.986315,-1.724969
nonmember,15938,4,8,0,4.440767,0.011787,0.490093,1.490502,-1.241668,-3.727607,1.490502
nonmember,20679,9,9,1,0.722061,0.485750,0.485750,1.627489,2.444725,1.297628,-1.627489
nonmember,10035,1,6,0,3.526191,0.029417,0.507920,1.542928,1.318543,-2.848760,1.542928
nonmember,10423,5,7,0,2.669827,0.069264,0.168727,2.228021,-0.202017,-0.890354,2.228021
nonmember,46450,2,4,0,2.294424,0.100819,0.175487,2.078201,0.568324,-0.554231,2.078201
nonmember,8090,1,9,0,1.143961,0.318555,0.375482,1.268585,3.568292,-0.164415,1.268585
nonmember,11751,6,6,1,1.249371,0.286685,0.286685,1.901757,2.003984,0.477094,-1.901757
nonmember,35100,3,8,0,3.894937,0.020345,0.378754,1.706581,-0.778160,-2.924069,1.706581
nonmember,21667,8,8,1,0.987058,0.372671,0.372671,1.722615,2.130373,0.635793,-1.722615
nonmember,22095,9,9,1,1.491191,0.225104,0.225104,2.050632,1.229462,0.215170,-2.050632
nonmember,15612,6,0,0,11.397097,0.000011,0.846271,0.541245,-5.567830,-11.230181,0.541245
nonmember,13,2,1,0,3.667978,0.025528,0.469665,1.640196,0.290047,-2.912242,1.640196
nonmember,4251,7,9,0,3.216852,0.040081,0.326463,1.784765,-0.178194,-2.097415,1.784765
nonmember,8494,5,7,0,2.864037,0.057038,0.239452,2.102803,-0.314350,-1.434634,2.102803
nonmember,3674,0,0,1,0.139626,0.869683,0.869683,0.570595,4.693780,2.502621,-0.570595
nonmember,8721,8,5,0,3.427989,0.032452,0.254434,1.990475,-0.553615,-2.059278,1.990475
nonmember,13556,2,7,0,1.472719,0.229301,0.257394,1.905863,1.397880,-0.115572,1.905863
nonmember,37676,5,7,0,1.664784,0.189232,0.476470,1.504606,1.958859,-0.923434,1.504606
nonmember,7671,3,0,0,3.192415,0.041073,0.316896,1.911297,-0.481217,-2.043232,1.911297
nonmember,29353,4,6,0,1.444762,0.235802,0.278022,1.766503,2.610051,-0.164706,1.766503
nonmember,17080,0,0,1,0.268770,0.764319,0.764319,0.848355,4.217134,1.699174,-0.848355
nonmember,18741,8,0,0,1.128782,0.323427,0.533372,1.110980,4.075057,-0.500246,1.110980
nonmember,21121,9,1,0,2.061431,0.127272,0.651645,1.264284,1.931762,-1.633176,1.264284
nonmember,40855,9,6,0,4.526153,0.010822,0.386088,1.664003,-0.416419,-3.574462,1.664003
nonmember,40948,9,1,0,1.140288,0.319727,0.458794,1.377498,2.707768,-0.361135,1.377498
nonmember,47824,1,7,0,3.867761,0.020905,0.310657,1.869601,-0.564516,-2.698696,1.869601
nonmember,4496,1,8,0,1.352765,0.258524,0.328380,1.484314,2.919490,-0.239181,1.484314
nonmember,47470,1,1,1,0.710172,0.491560,0.491560,1.248333,3.314057,0.266731,-1.248333
nonmember,5460,1,9,0,1.122894,0.325337,0.507283,1.326293,2.584102,-0.444208,1.326293
nonmember,11789,2,6,0,2.192393,0.111649,0.184529,2.072450,0.699923,-0.502447,2.072450
nonmember,33240,8,3,0,7.036811,0.000879,0.219536,1.966464,-3.185810,-5.520574,1.966464
nonmember,11742,7,9,0,1.697381,0.183163,0.384015,1.870267,1.132333,-0.740307,1.870267
nonmember,13552,3,7,0,2.203093,0.110461,0.184203,2.154190,0.351627,-0.511375,2.154190
nonmember,23518,5,5,1,1.167280,0.311212,0.311212,1.983793,1.839659,0.627989,-1.983793
nonmember,13053,3,7,0,1.725904,0.178012,0.275282,1.924565,2.034863,-0.435945,1.924565
nonmember,13814,2,7,0,1.807463,0.164070,0.278667,1.998172,0.921626,-0.529725,1.998172
nonmember,30269,1,9,0,1.720897,0.178906,0.434295,1.756244,1.217815,-0.886866,1.756244
nonmember,38469,8,9,0,2.732045,0.065086,0.325003,1.950036,-0.080350,-1.608125,1.950036
nonmember,10077,7,7,1,0.895302,0.408484,0.408484,1.878076,1.998316,0.931773,-1.878076
nonmember,23458,6,6,1,1.418902,0.241980,0.241980,1.942370,1.749243,0.055179,-1.942370
nonmember,23068,3,3,1,1.107066,0.330527,0.330527,1.866134,2.209490,0.557321,-1.866134
nonmember,30637,9,9,1,0.443566,0.641744,0.641744,1.143640,3.576685,1.340554,-1.143640
nonmember,24017,3,7,0,2.109483,0.121301,0.295943,1.887496,0.927718,-0.891895,1.887496
nonmember,38433,0,9,0,3.671727,0.025433,0.513093,1.491551,-0.402759,-3.004430,1.491551
nonmember,38820,9,9,1,0.955868,0.384478,0.384478,1.869789,2.027344,1.014882,-1.869789
nonmember,1213,9,9,1,1.427515,0.239904,0.239904,2.063485,1.652643,0.365182,-2.063485
nonmember,19211,5,5,1,1.527258,0.217130,0.217130,1.855119,2.075540,0.034065,-1.855119
nonmember,10329,3,9,0,4.309913,0.013435,0.480631,1.392812,-0.272280,-3.577257,1.392812
nonmember,12790,2,0,0,3.828932,0.021733,0.745919,0.931112,0.444021,-3.535793,0.931112
nonmember,29688,7,1,0,2.834775,0.058732,0.265503,2.082423,-0.113617,-1.508648,2.082423
nonmember,33869,8,0,0,1.910560,0.147998,0.290810,2.104958,0.585159,-0.675475,2.104958
nonmember,3683,6,6,1,1.216326,0.296317,0.296317,2.033463,1.617305,0.941905,-2.033463
nonmember,30901,9,1,0,1.043997,0.352045,0.576104,1.014746,3.148230,-0.492530,1.014746
nonmember,10237,4,6,0,1.813820,0.163030,0.177389,2.119311,0.805913,-0.084413,2.119311
nonmember,37470,5,6,0,4.007200,0.018184,0.320253,1.719904,-0.645499,-2.868557,1.719904
nonmember,15662,1,1,1,0.870350,0.418805,0.418805,1.877135,2.085087,1.408163,-1.877135
nonmember,19166,1,3,0,2.410282,0.089790,0.348006,1.675769,1.916614,-1.354748,1.675769
nonmember,11550,4,9,0,2.396293,0.091055,0.256775,2.126939,0.319843,-1.036736,2.126939
nonmember,10287,9,9,1,0.914887,0.400562,0.400562,1.289003,3.352374,0.105206,-1.289003
nonmember,36474,3,9,0,2.656806,0.070172,0.259248,2.104781,-0.094732,-1.306835,2.104781
nonmember,31200,5,3,0,1.930818,0.145029,0.186846,2.151763,0.621266,-0.253349,2.151763
nonmember,39959,0,6,0,6.651322,0.001292,0.406479,1.750708,-3.258893,-5.751098,1.750708
nonmember,3914,7,9,0,2.950158,0.052331,0.292872,1.878134,-0.058302,-1.722137,1.878134
nonmember,26611,6,6,1,0.395428,0.673392,0.673392,1.244820,4.472414,2.333282,-1.244820
nonmember,33231,8,0,0,2.304124,0.099846,0.761401,0.934641,1.730673,-2.031528,0.934641
nonmember,40141,7,4,0,1.461744,0.231832,0.260876,1.726824,2.734493,-0.118034,1.726824
nonmember,17003,3,1,0,1.953480,0.141780,0.265557,1.868185,1.641080,-0.627556,1.868185
nonmember,41831,3,5,0,1.583354,0.205285,0.272656,1.843856,1.944131,-0.283808,1.843856
nonmember,14045,8,8,1,1.045515,0.351511,0.351511,1.617319,2.399785,0.475720,-1.617319
nonmember,47192,5,1,0,2.504163,0.081744,0.320053,1.748752,1.075255,-1.364895,1.748752
nonmember,23210,1,1,1,1.296324,0.273536,0.273536,2.122587,1.365340,0.689869,-2.122587
nonmember,41782,3,9,0,1.730508,0.177194,0.266672,1.892860,2.059378,-0.408773,1.892860
nonmember,48878,4,6,0,1.478357,0.228012,0.295715,1.751705,2.563323,-0.259999,1.751705
nonmember,39266,7,7,1,0.485702,0.615265,0.615265,1.443560,2.613446,2.090146,-1.443560
nonmember,32124,5,6,0,1.918452,0.146834,0.315434,1.828289,2.143073,-0.764648,1.828289
nonmember,44794,0,3,0,3.060399,0.046869,0.162957,2.213375,-0.513575,-1.246132,2.213375
nonmember,44891,4,2,0,2.369673,0.093511,0.205402,2.059353,0.577523,-0.786885,2.059353
nonmember,44997,1,9,0,1.721962,0.178715,0.431551,1.540381,1.660600,-0.881592,1.540381
nonmember,45399,1,0,0,1.560027,0.210130,0.291040,1.606170,2.081535,-0.325733,1.606170
nonmember,45146,9,0,0,3.631663,0.026472,0.652444,1.087757,0.267855,-3.204632,1.087757
nonmember,44336,4,6,0,1.759285,0.172168,0.506120,1.520397,2.460160,-1.078304,1.520397
nonmember,25549,0,8,0,2.228990,0.107637,0.327281,1.607973,1.091008,-1.112055,1.607973
nonmember,22204,7,7,1,0.455822,0.633927,0.633927,1.363514,2.914835,2.047280,-1.363514
nonmember,24567,0,0,1,0.099728,0.905084,0.905084,0.391877,6.056374,2.516212,-0.391877
nonmember,39154,8,9,0,1.868328,0.154382,0.475598,1.555635,1.628799,-1.125147,1.555635
nonmember,48670,8,8,1,0.813579,0.443269,0.443269,1.488196,2.799933,0.569973,-1.488196
nonmember,18388,1,0,0,1.641918,0.193608,0.435725,1.511873,2.007796,-0.811175,1.511873
nonmember,32523,4,4,1,1.522012,0.218272,0.218272,1.947692,1.442572,0.151550,-1.947692
nonmember,11225,9,1,0,1.363837,0.255678,0.430240,1.705806,1.620072,-0.520425,1.705806
nonmember,7020,6,9,0,2.210547,0.109641,0.163197,2.171718,0.337587,-0.397748,2.171718
nonmember,40071,4,6,0,1.875548,0.153271,0.321341,1.883666,1.345868,-0.740296,1.883666
nonmember,3442,4,6,0,2.367099,0.093752,0.398748,1.772039,1.846152,-1.447674,1.772039
nonmember,631,8,1,0,1.136686,0.320881,0.388683,1.419733,2.787574,-0.191694,1.419733
nonmember,26317,7,7,1,0.865030,0.421039,0.421039,1.808060,2.394841,0.976371,-1.808060
nonmember,49898,4,7,0,1.586314,0.204679,0.312527,1.796409,2.074981,-0.423248,1.796409
nonmember,37247,2,0,0,4.601137,0.010040,0.459334,1.392591,-0.323196,-3.823159,1.392591
nonmember,20194,3,5,0,1.410504,0.244020,0.283888,1.965618,1.736306,-0.151329,1.965618
nonmember,27568,7,6,0,1.958102,0.141126,0.174593,2.175731,0.716908,-0.212803,2.175731
nonmember,600,0,0,1,0.724336,0.484646,0.484646,1.523765,2.647943,0.819706,-1.523765
nonmember,38876,4,6,0,2.487753,0.083096,0.335331,1.930820,0.871703,-1.395115,1.930820
nonmember,47884,5,0,0,2.061592,0.127251,0.293480,2.090950,0.643849,-0.835648,2.090950
nonmember,9545,8,9,0,2.027775,0.131628,0.626929,1.211722,1.893896,-1.560854,1.211722
nonmember,26012,9,1,0,1.855977,0.156300,0.518415,1.619227,1.420510,-1.198998,1.619227
nonmember,17233,0,3,0,6.623444,0.001329,0.326504,1.853613,-3.083603,-5.504129,1.853613
nonmember,44511,9,9,1,0.488021,0.613840,0.613840,1.078763,3.681314,0.786346,-1.078763
nonmember,39581,9,9,1,0.472081,0.623703,0.623703,1.320435,3.031337,1.324411,-1.320435
nonmember,7945,7,7,1,0.980816,0.375005,0.375005,1.758808,2.522401,0.869928,-1.758808
nonmember,45503,5,5,1,1.134465,0.321594,0.321594,1.805081,2.354209,0.287918,-1.805081
nonmember,24352,5,7,0,1.896065,0.150158,0.281157,1.908526,1.425389,-0.627223,1.908526
nonmember,25893,4,7,0,2.013012,0.133586,0.163417,2.177716,0.581918,-0.201560,2.177716
nonmember,20037,5,6,0,2.696513,0.067440,0.421595,1.798763,0.470297,-1.832803,1.798763
nonmember,17712,2,6,0,1.923000,0.146168,0.183828,1.977898,1.936684,-0.229246,1.977898
nonmember,18180,3,6,0,2.643358,0.071122,0.475391,1.676654,1.698591,-1.899741,1.676654
nonmember,31857,6,9,0,2.103870,0.121983,0.228590,2.044019,0.682904,-0.628046,2.044019
nonmember,4219,4,7,0,2.223047,0.108279,0.283463,1.868085,1.311435,-0.962373,1.868085
nonmember,33197,4,0,0,5.326753,0.004860,0.303165,1.573583,-1.721728,-4.133275,1.573583
nonmember,919,5,5,1,1.591016,0.203718,0.203718,2.114025,1.291616,0.191923,-2.114025
nonmember,15526,4,6,0,1.304667,0.271263,0.307109,1.674704,3.525779,-0.124114,1.674704
nonmember,12348,1,1,1,0.404614,0.667235,0.667235,1.174767,3.793937,1.435710,-1.174767
nonmember,8854,8,8,1,0.437841,0.645429,0.645429,1.006141,3.845054,0.932093,-1.006141
nonmember,18998,3,6,0,2.143254,0.117273,0.208623,2.101662,0.558487,-0.576029,2.101662
nonmember,9426,8,9,0,1.749562,0.173850,0.586845,1.165720,2.271184,-1.216567,1.165720
nonmember,8943,3,9,0,2.889181,0.055622,0.326683,1.826431,0.038439,-1.770417,1.826431
nonmember,32235,1,1,1,0.876718,0.416146,0.416146,1.309206,3.511520,0.094059,-1.309206
nonmember,35581,3,0,0,3.234876,0.039365,0.462281,1.700511,-0.285359,-2.463292,1.700511
nonmember,39117,9,9,1,0.993191,0.370393,0.370393,1.880021,1.715588,0.681422,-1.880021
nonmember,27628,3,6,0,1.942348,0.143367,0.508530,1.519680,2.479592,-1.266117,1.519680
nonmember,39360,2,8,0,5.325141,0.004868,0.486448,1.278488,-1.099900,-4.604515,1.278488
nonmember,904,4,1,0,3.178586,0.041644,0.377705,1.749372,0.551803,-2.204945,1.749372
nonmember,17411,7,7,1,0.873798,0.417363,0.417363,1.749433,2.775023,1.107427,-1.749433
nonmember,32071,2,1,0,2.938803,0.052929,0.358532,1.661177,0.282990,-1.913067,1.661177
nonmember,26433,1,6,0,1.765159,0.171160,0.262060,2.003107,1.481707,-0.425976,2.003107
nonmember,42024,8,0,0,2.511865,0.081117,0.812245,0.805565,1.508045,-2.303913,0.805565
nonmember,8957,2,7,0,2.075451,0.125500,0.204386,2.053504,0.780641,-0.487707,2.053504
nonmember,29131,4,0,0,3.789468,0.022608,0.457445,1.746142,-0.916491,-3.007370,1.746142
nonmember,44496,5,9,0,5.033563,0.006516,0.275958,1.742826,-1.852673,-3.746056,1.742826
nonmember,10538,7,6,0,1.902476,0.149199,0.156953,2.141882,0.984821,-0.050670,2.141882
nonmember,31183,8,8,1,1.265002,0.282239,0.282239,1.983163,1.483628,0.170289,-1.983163
nonmember,3318,0,0,1,0.727548,0.483092,0.483092,1.539528,2.711829,1.056784,-1.539528
nonmember,34638,4,5,0,1.760510,0.171957,0.229368,1.936080,1.427063,-0.288083,1.936080
nonmember,157,5,5,1,1.220296,0.295143,0.295143,1.745482,2.678251,0.097627,-1.745482
nonmember,46258,2,4,0,1.971367,0.139266,0.196636,1.909291,1.502256,-0.344968,1.909291
nonmember,4325,7,6,0,1.859415,0.155764,0.234670,1.949805,1.443622,-0.409840,1.949805
nonmember,18623,8,0,0,1.758831,0.172246,0.687827,1.061667,2.199625,-1.384613,1.061667
nonmember,26951,8,1,0,1.307288,0.270553,0.383402,1.471801,2.416265,-0.348616,1.471801
nonmember,5073,8,0,0,2.731576,0.065117,0.854035,0.660604,1.657431,-2.573792,0.660604
nonmember,596,8,8,1,0.790488,0.453623,0.453623,1.103325,3.772904,0.034792,-1.103325
nonmember,33831,0,0,1,0.438951,0.644713,0.644713,1.127571,3.570227,1.166373,-1.127571
nonmember,8339,1,9,0,1.876031,0.153197,0.413398,1.680737,1.299643,-0.992687,1.680737
nonmember,22081,6,6,1,0.898684,0.407105,0.407105,1.755177,3.482814,0.895010,-1.755177
nonmember,23883,8,8,1,0.696579,0.498287,0.498287,1.296083,3.768982,0.885762,-1.296083
nonmember,5434,4,1,0,3.281446,0.037574,0.250260,2.003477,-0.499276,-1.896190,2.003477
nonmember,27646,0,0,1,1.970773,0.139349,0.139349,2.275480,0.446318,0.134380,-2.275480
nonmember,37436,5,3,0,1.868163,0.154407,0.307683,1.852570,1.196618,-0.689477,1.852570
nonmember,16468,7,7,1,0.878393,0.415450,0.415450,1.789463,2.520310,1.140025,-1.789463
nonmember,12923,1,8,0,2.515217,0.080845,0.527401,1.441252,0.982839,-1.875423,1.441252
nonmember,48134,3,1,0,2.131620,0.118645,0.192797,2.169049,0.636498,-0.485500,2.169049
nonmember,10544,1,8,0,2.584007,0.075471,0.669302,1.038115,2.345639,-2.182486,1.038115
nonmember,1478,2,7,0,2.349839,0.095384,0.609420,1.348073,1.761615,-1.854591,1.348073
nonmember,47979,6,2,0,2.166404,0.114589,0.128739,2.277937,0.195623,-0.116436,2.277937
nonmember,22306,1,6,0,3.230856,0.039524,0.399820,1.736402,0.582148,-2.314116,1.736402
nonmember,32497,6,6,1,0.553636,0.574856,0.574856,1.441581,3.578838,1.607298,-1.441581
nonmember,10113,6,6,1,0.722876,0.485355,0.485355,1.663199,3.036635,1.423655,-1.663199
nonmember,12680,9,8,0,1.204465,0.299852,0.463324,1.459552,2.305152,-0.435136,1.459552
nonmember,7707,1,8,0,1.973101,0.139025,0.540922,1.205210,2.713699,-1.358620,1.205210
nonmember,33179,0,0,1,0.682010,0.505600,0.505600,1.676510,2.266387,1.404519,-1.676510
nonmember,22197,9,9,1,0.709069,0.492102,0.492102,1.588897,2.659513,0.939809,-1.588897
nonmember,308,0,0,1,0.483799,0.616437,0.616437,0.964930,4.301580,0.710759,-0.964930
nonmember,39878,4,4,1,1.496932,0.223816,0.223816,1.928046,1.691205,0.100566,-1.928046
nonmember,471,5,7,0,2.201338,0.110655,0.199742,2.037153,0.851056,-0.590610,2.037153
nonmember,41682,0,0,1,0.575179,0.562604,0.562604,1.520930,2.504315,1.314764,-1.520930
nonmember,18335,3,6,0,2.972253,0.051188,0.638144,1.254233,1.867662,-2.523062,1.254233
nonmember,13360,5,6,0,1.986636,0.137156,0.252951,1.979874,1.467965,-0.612079,1.979874
nonmember,42883,0,8,0,2.704651,0.066894,0.203564,2.137296,0.032517,-1.112875,2.137296
nonmember,16614,9,7,0,1.991464,0.136495,0.205744,2.086625,0.792674,-0.410341,2.086625
nonmember,45198,9,8,0,1.319974,0.267142,0.566153,1.101309,3.370113,-0.751083,1.101309
nonmember,24478,6,6,1,1.341322,0.261500,0.261500,1.978942,2.132128,0.454810,-1.978942
nonmember,9240,2,6,0,3.124565,0.043956,0.366648,1.679407,1.003078,-2.121211,1.679407
nonmember,30459,3,3,1,1.173776,0.309197,0.309197,1.703329,2.941700,0.003619,-1.703329
nonmember,37830,1,1,1,0.592737,0.552812,0.552812,1.386405,3.449806,1.053965,-1.386405
nonmember,13480,0,3,0,3.910614,0.020028,0.197167,2.134043,-1.241432,-2.286910,2.134043
nonmember,41062,5,3,0,2.006573,0.134449,0.157224,2.257097,0.637401,-0.156488,2.257097
nonmember,15278,3,1,0,1.796142,0.165938,0.357014,1.952260,1.084713,-0.766162,1.952260
nonmember,5082,0,1,0,3.867058,0.020920,0.392515,1.502649,-0.337207,-2.931877,1.502649
nonmember,17687,9,9,1,0.950113,0.386697,0.386697,1.510403,2.751802,0.420581,-1.510403
nonmember,36542,1,1,1,0.845936,0.429156,0.429156,1.434421,3.005172,0.184330,-1.434421
nonmember,38416,8,0,0,1.570755,0.207888,0.380386,1.638869,1.795562,-0.604185,1.638869
nonmember,9565,1,6,0,2.687760,0.068033,0.383824,1.832376,1.232201,-1.730188,1.832376
nonmember,9687,0,0,1,1.261774,0.283151,0.283151,1.966755,1.445419,0.141336,-1.966755
nonmember,20258,6,6,1,0.981533,0.374736,0.374736,1.904236,2.229492,1.145056,-1.904236
nonmember,12233,8,8,1,0.992338,0.370709,0.370709,1.219948,3.771651,0.050883,-1.219948
nonmember,28536,5,6,0,1.892277,0.150728,0.272533,1.895448,1.602491,-0.592283,1.895448
nonmember,1270,0,0,1,0.399542,0.670627,0.670627,1.091425,3.640752,1.336508,-1.091425
nonmember,42365,3,6,0,2.279158,0.102370,0.246177,1.941241,1.072233,-0.877455,1.941241
nonmember,32418,1,1,1,0.528387,0.589555,0.589555,1.281926,3.137716,0.884692,-1.281926
nonmember,16224,7,7,1,1.080803,0.339323,0.339323,1.788578,2.508924,0.347436,-1.788578
nonmember,46619,0,9,0,3.009856,0.049299,0.227122,2.074963,-0.364053,-1.527587,2.074963
nonmember,14198,9,1,0,1.577150,0.206563,0.394202,1.861408,1.482875,-0.646258,1.861408
nonmember,9806,1,1,1,1.525230,0.217571,0.217571,1.964126,1.876500,0.020418,-1.964126
nonmember,15742,1,3,0,1.549516,0.212351,0.229541,2.004577,1.321226,-0.077845,2.004577
nonmember,48598,2,6,0,1.870894,0.153986,0.350596,1.878820,1.537126,-0.822773,1.878820
nonmember,18056,4,6,0,2.645329,0.070982,0.345602,1.936381,0.417119,-1.582862,1.936381
nonmember,1339,4,5,0,2.010448,0.133929,0.230043,1.984550,1.287326,-0.540959,1.984550
nonmember,48283,7,9,0,1.808818,0.163848,0.287465,1.973162,1.025999,-0.562162,1.973162
nonmember,23931,9,6,0,3.239845,0.039170,0.205184,2.000080,0.237971,-1.655996,2.000080
nonmember,27138,3,7,0,1.800839,0.165160,0.206597,2.010652,1.022421,-0.223852,2.010652
nonmember,16419,5,5,1,0.416251,0.659515,0.659515,1.117853,3.908069,1.189601,-1.117853
nonmember,49257,8,1,0,1.565595,0.208964,0.348805,1.823652,1.294854,-0.512352,1.823652
nonmember,32896,8,8,1,0.711466,0.490924,0.490924,1.142990,3.730984,0.250591,-1.142990
nonmember,14788,7,7,1,0.909855,0.402583,0.402583,1.659557,2.870396,0.934080,-1.659557
nonmember,19260,9,1,0,1.440935,0.236706,0.428850,1.694386,1.651773,-0.594286,1.694386
nonmember,8620,7,7,1,0.653261,0.520346,0.520346,1.624373,2.556869,1.452480,-1.624373
nonmember,23540,8,8,1,0.467268,0.626712,0.626712,1.007216,4.831397,0.921647,-1.007216
nonmember,31886,3,6,0,1.733225,0.176714,0.197000,2.119944,0.841336,-0.108671,2.119944
nonmember,38390,3,3,1,1.558699,0.210410,0.210410,1.996035,2.086434,0.067523,-1.996035
nonmember,40081,1,9,0,1.060622,0.346240,0.530019,1.202733,2.722247,-0.425780,1.202733
nonmember,37832,8,0,0,1.497456,0.223699,0.731343,0.775092,3.396201,-1.184583,0.775092
nonmember,5401,7,9,0,1.403324,0.245779,0.294558,1.971531,1.335194,-0.181043,1.971531
nonmember,47220,0,0,1,0.304186,0.737723,0.737723,1.088693,3.220989,2.354312,-1.088693
nonmember,96,1,1,1,0.616174,0.540007,0.540007,1.151908,3.643177,0.460110,-1.151908
nonmember,37192,4,7,0,2.660394,0.069921,0.341091,1.854329,0.594416,-1.584788,1.854329
nonmember,18004,5,2,0,2.583332,0.075522,0.178448,2.178873,0.127047,-0.859876,2.178873
nonmember,24628,5,2,0,1.990211,0.136667,0.147526,2.231836,0.531165,-0.076459,2.231836
nonmember,4913,9,9,1,1.298203,0.273022,0.273022,1.934012,1.495035,0.172031,-1.934012
nonmember,5628,7,9,0,3.081439,0.045893,0.248641,1.997010,-0.282021,-1.689692,1.997010
nonmember,49792,3,3,1,1.530981,0.216323,0.216323,1.959072,1.665984,0.038096,-1.959072
nonmember,43119,8,8,1,0.783143,0.456967,0.456967,1.362583,3.122751,0.482034,-1.362583
nonmember,24055,9,9,1,0.702079,0.495554,0.495554,1.454655,2.811456,0.642747,-1.454655
nonmember,45533,2,6,0,2.131574,0.118650,0.318246,1.967538,0.903547,-0.986643,1.967538
nonmember,14522,5,6,0,2.273156,0.102987,0.180684,2.159493,0.290350,-0.562148,2.159493
nonmember,49288,5,4,0,1.579629,0.206051,0.296888,1.865240,1.769239,-0.365230,1.865240
nonmember,1771,8,1,0,3.558719,0.028475,0.219233,2.094153,-0.909170,-2.041098,2.094153
nonmember,34596,1,2,0,2.310570,0.099205,0.166413,2.202348,0.378944,-0.517286,2.202348
nonmember,42945,0,7,0,1.482710,0.227022,0.238718,1.915470,1.507937,-0.050237,1.915470
nonmember,47434,6,6,1,1.148333,0.317165,0.317165,1.801130,2.667833,0.624599,-1.801130
nonmember,34000,3,9,0,2.660933,0.069883,0.477800,1.721623,0.581561,-1.922370,1.721623
nonmember,26656,0,0,1,0.256461,0.773786,0.773786,0.970544,3.376117,2.499435,-0.970544
nonmember,3349,2,6,0,2.534277,0.079319,0.476076,1.697994,1.069145,-1.792099,1.697994
nonmember,42085,1,1,1,0.255195,0.774766,0.774766,0.804209,4.365047,1.644946,-0.804209
nonmember,29088,1,9,0,1.710624,0.180753,0.368915,1.863101,1.190812,-0.713435,1.863101
nonmember,14050,7,1,0,2.950191,0.052330,0.333228,1.818975,-0.051314,-1.851262,1.818975
nonmember,37988,8,3,0,3.617209,0.026858,0.249480,1.952501,-0.685920,-2.228834,1.952501
nonmember,21582,4,7,0,2.807631,0.060348,0.357614,1.969480,-0.075698,-1.779331,1.969480
nonmember,48646,9,8,0,2.141668,0.117459,0.486932,1.306144,2.105609,-1.422038,1.306144
nonmember,43244,2,1,0,3.019411,0.048830,0.322866,1.794902,0.915442,-1.888894,1.794902
nonmember,24482,5,7,0,2.162635,0.115022,0.285073,1.815693,1.593884,-0.907626,1.815693
nonmember,14009,6,6,1,1.265432,0.282117,0.282117,2.010424,1.900928,0.614037,-2.010424
nonmember,1491,4,7,0,2.276905,0.102601,0.359165,1.971894,0.563816,-1.252931,1.971894
nonmember,18805,9,9,1,0.916381,0.399964,0.399964,1.742883,2.492696,0.740106,-1.742883
nonmember,49504,4,6,0,1.970629,0.139369,0.225082,2.018254,1.115534,-0.479338,2.018254
nonmember,3113,0,0,1,0.583103,0.558163,0.558163,0.953934,5.493137,0.430304,-0.953934
nonmember,36708,8,0,0,2.343383,0.096002,0.238726,2.037795,0.323470,-0.910944,2.037795
nonmember,12179,4,6,0,1.725546,0.178076,0.311434,1.846487,2.004800,-0.558978,1.846487
nonmember,27166,4,6,0,2.490850,0.082840,0.340356,1.970795,0.495906,-1.413088,1.970795
nonmember,15232,6,6,1,0.793911,0.452073,0.452073,1.501588,4.221794,0.805602,-1.501588
nonmember,12103,4,2,0,2.415918,0.089285,0.182285,2.200166,0.279843,-0.713736,2.200166
nonmember,49418,6,7,0,1.827530,0.160810,0.185745,2.099607,1.223345,-0.144148,2.099607
nonmember,32468,5,6,0,1.596643,0.202575,0.536682,1.360606,3.530185,-0.974294,1.360606
nonmember,29913,6,6,1,1.748729,0.173995,0.173995,2.197320,0.879568,0.188808,-2.197320
nonmember,6666,9,6,0,2.726747,0.065432,0.447079,1.761389,0.867112,-1.921727,1.761389
nonmember,42851,9,0,0,2.176055,0.113488,0.231334,2.082014,0.446750,-0.712162,2.082014
nonmember,15597,9,9,1,0.958733,0.383378,0.383378,1.270393,3.713982,0.074753,-1.270393
nonmember,44358,5,1,0,2.433815,0.087702,0.183124,2.210316,0.230095,-0.736226,2.210316
nonmember,27595,6,6,1,0.621140,0.537331,0.537331,1.561763,3.152524,1.540332,-1.561763
nonmember,12223,5,6,0,1.856105,0.156280,0.259572,1.800262,2.243299,-0.507382,1.800262
nonmember,39735,1,1,1,1.443660,0.236062,0.236062,2.095140,1.251287,0.308099,-2.095140
nonmember,3835,7,7,1,1.366192,0.255076,0.255076,1.866906,2.000094,0.292378,-1.866906
nonmember,38240,5,1,0,2.219586,0.108654,0.319526,1.868188,1.316334,-1.078670,1.868188
nonmember,23846,9,0,0,2.512141,0.081094,0.387690,1.482852,1.400771,-1.564592,1.482852
nonmember,285,5,3,0,2.789230,0.061469,0.303684,1.812602,0.550134,-1.597462,1.812602
nonmember,17041,3,9,0,2.913586,0.054281,0.448409,1.544880,0.262856,-2.111537,1.544880
nonmember,18575,5,7,0,2.072612,0.125857,0.461994,1.695188,1.246646,-1.300408,1.695188
nonmember,25636,4,5,0,1.789873,0.166981,0.187219,2.110081,0.960982,-0.114397,2.110081
nonmember,33392,1,3,0,2.058382,0.127660,0.190803,2.176747,0.493169,-0.401869,2.176747
nonmember,19660,9,9,1,0.599453,0.549112,0.549112,1.397653,3.047337,1.123937,-1.397653
nonmember,17005,7,7,1,1.315834,0.268250,0.268250,2.064960,1.419866,0.254298,-2.064960
nonmember,447,4,1,0,3.433416,0.032276,0.375722,1.837058,-0.245978,-2.454512,1.837058
nonmember,4291,9,9,1,0.810179,0.444779,0.444779,1.253059,3.452812,0.339191,-1.253059
nonmember,17891,8,8,1,0.547194,0.578571,0.578571,1.302003,3.334060,1.405496,-1.302003
nonmember,34151,7,7,1,1.096927,0.333895,0.333895,1.686121,3.259814,0.381099,-1.686121
nonmember,20602,0,7,0,6.230872,0.001968,0.413735,1.648950,-2.627081,-5.348342,1.648950
nonmember,28165,4,6,0,1.898012,0.149866,0.260237,2.041468,0.910641,-0.551851,2.041468
nonmember,8246,3,3,1,1.905760,0.148710,0.148710,2.149152,0.986130,0.040288,-2.149152
nonmember,18248,2,1,0,2.202891,0.110483,0.201134,2.059335,0.563683,-0.599106,2.059335
nonmember,15382,9,8,0,1.284084,0.276904,0.382469,1.577706,2.078589,-0.322976,1.577706
nonmember,45527,7,9,0,2.453663,0.085978,0.192467,2.194695,0.285908,-0.805835,2.194695
nonmember,27673,3,5,0,1.847161,0.157684,0.186289,2.114705,0.960845,-0.166707,2.114705
nonmember,10398,2,6,0,2.226972,0.107855,0.180145,2.202516,0.240246,-0.512976,2.202516
nonmember,44067,0,0,1,0.612577,0.541952,0.541952,1.308051,3.009732,0.697526,-1.308051
nonmember,44938,2,5,0,2.262009,0.104141,0.208018,2.127681,0.618661,-0.691880,2.127681
nonmember,21080,1,1,1,0.949214,0.387045,0.387045,1.836085,1.964126,0.814372,-1.836085
nonmember,16707,9,1,0,1.651809,0.191703,0.225766,2.106065,0.921228,-0.163555,2.106065
nonmember,40188,4,9,0,2.646068,0.070930,0.298112,2.043208,0.027635,-1.435782,2.043208
nonmember,34195,6,6,1,0.656175,0.518832,0.518832,1.500697,4.038703,1.107587,-1.500697
nonmember,36795,3,6,0,2.201838,0.110600,0.495841,1.523343,2.285434,-1.500338,1.523343
nonmember,39052,6,7,0,4.179601,0.015305,0.296362,1.863906,-1.225373,-2.963428,1.863906
nonmember,4737,3,8,0,2.654682,0.070321,0.389262,1.852956,0.468031,-1.711181,1.852956
nonmember,39398,3,7,0,1.935336,0.144376,0.363618,1.846408,1.298233,-0.923683,1.846408
nonmember,30727,6,1,0,1.617803,0.198334,0.204907,1.960663,2.090933,-0.032604,1.960663
nonmember,7049,3,5,0,1.716460,0.179701,0.382400,1.633982,2.666468,-0.755170,1.633982
nonmember,27975,9,6,0,2.930967,0.053345,0.219578,1.996971,0.053246,-1.414920,1.996971
nonmember,35943,9,9,1,0.618797,0.538592,0.538592,1.458981,2.690450,1.289534,-1.458981
nonmember,204,6,6,1,1.319137,0.267366,0.267366,2.025159,1.690739,0.546688,-2.025159
nonmember,30487,0,9,0,2.271116,0.103197,0.180636,2.168008,0.419343,-0.559848,2.168008
nonmember,18451,0,0,1,0.406765,0.665801,0.665801,1.184240,3.191942,1.447611,-1.184240
nonmember,20731,1,9,0,1.620333,0.197833,0.435291,1.672224,1.603416,-0.788593,1.672224
nonmember,31343,2,9,0,3.264201,0.038227,0.562269,1.401209,0.194792,-2.688425,1.401209
nonmember,9981,7,7,1,1.503161,0.222426,0.222426,2.096880,1.037904,0.270707,-2.096880
nonmember,10277,7,6,0,2.113266,0.120843,0.377016,1.764462,1.605015,-1.137800,1.764462
nonmember,1562,7,6,0,1.850308,0.157189,0.217234,1.970375,1.521569,-0.323529,1.970375
nonmember,41849,1,6,0,2.313836,0.098881,0.333557,1.917430,1.370057,-1.215893,1.917430
nonmember,33628,5,1,0,1.745116,0.174625,0.219406,2.024067,1.628768,-0.228285,2.024067
nonmember,25795,6,1,0,2.828227,0.059118,0.180451,2.174973,-0.137368,-1.115929,2.174973
nonmember,20646,7,6,0,1.960498,0.140788,0.271813,1.942792,1.185616,-0.657858,1.942792
nonmember,21701,2,2,1,1.415825,0.242725,0.242725,1.997000,1.643857,0.370473,-1.997000
nonmember,38696,5,7,0,2.340239,0.096305,0.199103,1.972443,0.592375,-0.726304,1.972443
nonmember,1968,4,6,0,2.017104,0.133040,0.481117,1.626090,1.907530,-1.285459,1.626090
nonmember,35756,1,1,1,1.454127,0.233604,0.233604,2.044237,1.966185,0.507442,-2.044237
nonmember,7350,1,1,1,0.911940,0.401744,0.401744,1.566449,2.614182,0.524779,-1.566449
nonmember,34688,7,0,0,2.962954,0.051666,0.571954,1.510512,0.179615,-2.404257,1.510512
nonmember,24768,7,6,0,2.029714,0.131373,0.307543,1.893733,1.505511,-0.850574,1.893733
nonmember,8410,0,6,0,11.085648,0.000015,0.602190,1.304031,-5.800718,-10.578465,1.304031
nonmember,30427,6,9,0,2.670117,0.069244,0.201139,2.214376,-0.192621,-1.066358,2.214376
nonmember,11187,2,0,0,3.054957,0.047125,0.687585,1.241752,0.298669,-2.680387,1.241752
nonmember,38021,5,2,0,1.920254,0.146570,0.186062,2.083516,0.881059,-0.238579,2.083516
nonmember,14763,5,5,1,1.655044,0.191084,0.191084,2.085363,1.214771,0.009199,-2.085363
nonmember,38684,3,6,0,2.276939,0.102598,0.245921,1.939783,0.824365,-0.874194,1.939783
nonmember,21816,7,1,0,2.911024,0.054420,0.411672,1.841549,0.391670,-2.023496,1.841549
nonmember,47820,5,7,0,2.470095,0.084577,0.188468,2.149942,0.323487,-0.801267,2.149942
nonmember,14354,8,1,0,1.617808,0.198333,0.450941,1.545166,2.036304,-0.821389,1.545166
nonmember,14200,6,6,1,1.316263,0.268136,0.268136,1.913466,2.078025,0.476744,-1.913466
nonmember,6042,5,2,0,2.485694,0.083268,0.170981,2.075219,0.551363,-0.719492,2.075219
nonmember,42323,5,0,0,2.447704,0.086492,0.228959,2.149210,0.020882,-0.973492,2.149210
nonmember,21974,0,0,1,0.918418,0.399150,0.399150,1.756721,2.090095,0.795223,-1.756721
nonmember,3922,1,8,0,1.985233,0.137349,0.301016,1.621540,1.343581,-0.784641,1.621540
nonmember,44566,6,6,1,1.716988,0.179606,0.179606,2.124574,1.049031,0.022523,-2.124574
nonmember,25880,0,9,0,2.214327,0.109227,0.219603,2.089954,0.302181,-0.698394,2.089954
nonmember,22336,5,6,0,2.688235,0.068001,0.424850,1.689728,1.549652,-1.832215,1.689728
nonmember,30357,8,8,1,0.331065,0.718158,0.718158,0.866497,4.989873,1.342330,-0.866497
nonmember,17185,2,9,0,2.692840,0.067688,0.419390,1.760237,0.180467,-1.823886,1.760237
nonmember,33694,0,8,0,1.732066,0.176919,0.197317,2.129130,0.810904,-0.109121,2.129130
nonmember,4149,3,5,0,1.531556,0.216199,0.244113,1.860782,1.965243,-0.121433,1.860782
nonmember,32846,3,3,1,1.425717,0.240336,0.240336,1.746204,3.226390,0.011098,-1.746204
nonmember,21937,6,6,1,0.550542,0.576637,0.576637,1.516418,3.190192,2.104236,-1.516418
nonmember,86,4,7,0,1.585997,0.204744,0.254555,1.862364,1.977308,-0.217759,1.862364
nonmember,37413,9,9,1,0.823549,0.438871,0.438871,1.636534,2.503062,0.943274,-1.636534
nonmember,35887,2,6,0,2.148174,0.116697,0.322870,1.815863,1.348844,-1.017669,1.815863
nonmember,5273,8,8,1,0.881142,0.414310,0.414310,1.495091,2.663245,0.521792,-1.495091
nonmember,9633,4,6,0,1.744393,0.174751,0.229730,1.935411,1.420502,-0.273543,1.935411
nonmember,41868,0,0,1,1.410187,0.244098,0.244098,1.940492,1.402495,0.041562,-1.940492
nonmember,23835,7,3,0,2.241521,0.106297,0.182637,2.183613,0.439056,-0.541265,2.183613
nonmember,21707,5,7,0,2.670526,0.069216,0.315983,1.922953,0.442929,-1.518460,1.922953
nonmember,20356,7,4,0,1.522492,0.218168,0.230310,1.803133,2.479066,-0.054163,1.803133
nonmember,45040,1,1,1,1.072844,0.342034,0.342034,1.971734,1.816834,0.893099,-1.971734
nonmember,16657,8,8,1,0.880302,0.414657,0.414657,1.510103,2.667978,0.438531,-1.510103
nonmember,14608,6,6,1,0.917254,0.399615,0.399615,1.685393,3.025819,0.873450,-1.685393
nonmember,33080,4,4,1,1.673028,0.187678,0.187678,2.026123,1.366188,0.034935,-2.026123
nonmember,25263,2,0,0,2.799861,0.060818,0.400525,1.882655,-0.115603,-1.884882,1.882655
nonmember,45466,1,9,0,1.637660,0.194434,0.384026,1.848962,1.182124,-0.680616,1.848962
nonmember,34211,6,7,0,2.623350,0.072559,0.391270,1.752549,1.013388,-1.684994,1.752549
nonmember,32488,1,1,1,0.661919,0.515861,0.515861,1.161212,3.687174,0.482569,-1.161212
nonmember,6690,3,0,0,3.455319,0.031577,0.316698,1.871766,-0.626386,-2.305514,1.871766
nonmember,49132,7,6,0,1.849298,0.157348,0.264159,1.918555,1.559918,-0.518095,1.918555
nonmember,27800,2,6,0,3.283307,0.037504,0.522390,1.606135,0.290206,-2.633965,1.606135
nonmember,2715,7,0,0,1.919446,0.146688,0.333858,1.906491,0.902922,-0.822407,1.906491
nonmember,11309,8,9,0,1.248868,0.286829,0.352344,1.565830,2.219928,-0.205719,1.565830
nonmember,44044,4,7,0,1.950786,0.142162,0.180612,2.129633,0.868050,-0.239384,2.129633
nonmember,42979,4,5,0,2.042622,0.129688,0.205154,1.931077,1.316651,-0.458629,1.931077
nonmember,32067,2,1,0,2.424190,0.088550,0.300695,1.956079,0.804633,-1.222532,1.956079
nonmember,46812,3,5,0,1.945529,0.142912,0.146031,2.223000,0.571214,-0.021592,2.223000
nonmember,23933,1,8,0,2.042671,0.129682,0.388405,1.310826,2.480565,-1.096964,1.310826
nonmember,32740,7,1,0,3.318141,0.036220,0.440572,1.613032,0.298915,-2.498460,1.613032
nonmember,26977,8,8,1,0.832128,0.435122,0.435122,1.507360,2.739392,0.600045,-1.507360
nonmember,37482,7,7,1,1.375876,0.252618,0.252618,1.962899,1.620369,0.152526,-1.962899
nonmember,39923,5,1,0,3.293443,0.037126,0.232935,2.078461,-0.548823,-1.836446,2.078461
nonmember,15538,4,2,0,2.087756,0.123965,0.173592,2.074072,1.090934,-0.336708,2.074072
nonmember,41363,9,8,0,1.089107,0.336517,0.351680,1.271761,3.425709,-0.044074,1.271761
nonmember,11834,9,1,0,1.465564,0.230948,0.472346,1.613592,1.669761,-0.715520,1.613592
nonmember,44916,4,1,0,4.087296,0.016785,0.249188,1.903864,-1.110656,-2.697748,1.903864
nonmember,15484,6,6,1,1.444973,0.235753,0.235753,2.109872,1.245096,0.576180,-2.109872
nonmember,41469,2,7,0,1.837081,0.159282,0.344029,1.775854,1.846896,-0.770050,1.775854
nonmember,15760,4,0,0,3.303268,0.036763,0.197218,2.158653,-0.735067,-1.679824,2.158653
nonmember,15028,6,6,1,1.316087,0.268183,0.268183,1.943689,2.846942,0.419491,-1.943689
nonmember,464,6,6,1,0.820657,0.440142,0.440142,1.602741,3.288181,0.802217,-1.602741
nonmember,9087,6,6,1,0.745520,0.474488,0.474488,1.616966,3.212694,1.231663,-1.616966
nonmember,3622,7,6,0,2.576770,0.076019,0.501282,1.581625,1.457632,-1.886182,1.581625
nonmember,24488,0,9,0,1.884450,0.151913,0.219316,2.138578,0.508029,-0.367208,2.138578
nonmember,22136,7,3,0,1.866223,0.154707,0.223995,2.065509,1.166296,-0.370091,2.065509
nonmember,17933,8,8,1,0.363026,0.695569,0.695569,0.964323,3.962180,1.233633,-0.964323
nonmember,47568,1,8,0,2.491930,0.082750,0.384458,1.351926,1.851338,-1.536008,1.351926
nonmember,41670,7,9,0,1.860210,0.155640,0.362869,1.895448,1.035348,-0.846496,1.895448
nonmember,20031,5,5,1,1.054406,0.348399,0.348399,1.956581,2.092221,0.710587,-1.956581
nonmember,25456,6,6,1,0.986637,0.372828,0.372828,1.699610,3.100338,0.695177,-1.699610
nonmember,9572,8,1,0,1.789719,0.167007,0.205609,2.174455,0.884769,-0.207940,2.174455
nonmember,24582,4,6,0,1.811941,0.163337,0.318307,1.832846,2.109396,-0.667202,1.832846
nonmember,23998,3,6,0,2.549532,0.078118,0.422815,1.537834,2.323844,-1.688711,1.537834
nonmember,8765,4,6,0,2.267483,0.103573,0.248161,2.019281,0.612500,-0.873803,2.019281
nonmember,44854,1,9,0,1.281581,0.277598,0.428260,1.475913,2.317174,-0.433555,1.475913
nonmember,3200,6,6,1,0.944987,0.388685,0.388685,1.863977,2.120693,1.131114,-1.863977
nonmember,37522,0,1,0,2.703067,0.067000,0.386929,1.962832,0.146881,-1.753554,1.962832
nonmember,40914,3,3,1,1.530819,0.216358,0.216358,2.063859,1.561914,0.082851,-2.063859
nonmember,5014,1,8,0,1.145095,0.318194,0.344171,1.328561,3.664168,-0.078478,1.328561
nonmember,21454,4,7,0,1.893527,0.150540,0.208404,1.967553,1.238343,-0.325252,1.967553
nonmember,30588,6,6,1,0.849698,0.427544,0.427544,1.806549,2.425252,1.289146,-1.806549
nonmember,39630,6,3,0,2.383525,0.092225,0.266388,1.956673,0.782051,-1.060725,1.956673
nonmember,30167,7,3,0,1.763064,0.171519,0.203481,1.913331,2.154807,-0.170883,1.913331
nonmember,26522,0,0,1,0.177203,0.837610,0.837610,0.736271,4.094992,2.915617,-0.736271
nonmember,26647,9,7,0,1.794288,0.166246,0.298450,1.924026,1.441763,-0.585134,1.924026
nonmember,46515,3,1,0,3.394591,0.033554,0.602498,1.055969,0.673986,-2.887921,1.055969
nonmember,33580,2,3,0,2.361028,0.094323,0.249820,1.989408,0.559511,-0.974013,1.989408
nonmember,44084,3,1,0,2.645626,0.070961,0.323404,1.923298,0.389256,-1.516773,1.923298
nonmember,46841,3,1,0,2.517296,0.080677,0.234092,2.052378,0.279623,-1.065253,2.052378
nonmember,39103,5,3,0,1.869653,0.154177,0.422744,1.726003,1.596459,-1.008665,1.726003
nonmember,37780,9,9,1,0.857711,0.424132,0.424132,1.611349,2.304423,0.369168,-1.611349
nonmember,9172,2,0,0,2.466053,0.084919,0.350761,1.923578,0.265254,-1.418403,1.923578
nonmember,29773,8,0,0,3.048324,0.047438,0.147708,2.214713,-0.599249,-1.135807,2.214713
nonmember,28711,4,7,0,1.791383,0.166729,0.257250,1.763486,2.396348,-0.433675,1.763486
nonmember,47436,4,7,0,1.633447,0.195255,0.401615,1.707216,2.034654,-0.721186,1.707216
nonmember,28450,8,8,1,0.741143,0.476569,0.476569,1.145453,3.785300,0.206649,-1.145453
nonmember,32388,4,3,0,2.274762,0.102821,0.235299,1.887801,1.814903,-0.827862,1.887801
nonmember,31851,7,4,0,1.226181,0.293411,0.299548,1.697511,2.830545,-0.020700,1.697511
nonmember,26782,6,1,0,3.777524,0.022879,0.321467,1.718689,-0.601594,-2.642663,1.718689
nonmember,19828,0,0,1,0.242055,0.785013,0.785013,0.603649,6.590283,1.389919,-0.603649
nonmember,12248,9,9,1,0.640933,0.526801,0.526801,1.434744,2.928187,1.219689,-1.434744
nonmember,42347,1,9,0,2.200349,0.110764,0.389325,1.480925,1.228756,-1.257007,1.480925
nonmember,6118,6,6,1,0.996275,0.369252,0.369252,1.754480,3.041208,0.785563,-1.754480
nonmember,49746,8,8,1,0.520107,0.594457,0.594457,1.145273,4.177676,1.165492,-1.145273
nonmember,47953,6,4,0,1.865789,0.154774,0.265028,1.772897,2.224696,-0.537869,1.772897
nonmember,28387,4,7,0,2.138230,0.117863,0.267326,2.036407,0.601982,-0.818944,2.036407
nonmember,3876,9,6,0,2.300146,0.100244,0.162234,2.132193,0.612631,-0.481431,2.132193
nonmember,48290,2,6,0,2.800907,0.060755,0.338178,1.825330,0.699638,-1.716723,1.825330
nonmember,24385,1,9,0,1.787362,0.167401,0.728767,0.968388,2.172275,-1.470960,0.968388
nonmember,1303,4,7,0,2.027858,0.131617,0.269700,1.969859,1.027747,-0.717413,1.969859
nonmember,46522,2,3,0,2.083698,0.124469,0.150792,2.244723,0.363330,-0.191845,2.244723
nonmember,40057,3,6,0,1.568593,0.208338,0.261334,1.930490,2.036518,-0.226635,1.930490
nonmember,46627,3,6,0,2.344754,0.095871,0.490496,1.669380,1.678265,-1.632415,1.669380
nonmember,2650,6,6,1,1.329088,0.264719,0.264719,2.000110,2.129371,0.551121,-2.000110
nonmember,47759,9,6,0,2.590541,0.074979,0.218049,2.005827,0.692460,-1.067506,2.005827
nonmember,25828,6,6,1,0.898963,0.406991,0.406991,1.805052,2.343259,0.824010,-1.805052
nonmember,6686,6,6,1,0.912911,0.401354,0.401354,1.804540,2.492097,0.888203,-1.804540
nonmember,40625,2,7,0,1.686842,0.185103,0.250565,2.086354,0.863346,-0.302806,2.086354
nonmember,6346,8,9,0,1.739341,0.175636,0.535741,1.484554,1.554416,-1.115236,1.484554
nonmember,33023,2,6,0,2.195497,0.111303,0.409975,1.804208,1.032902,-1.303839,1.804208
nonmember,47139,4,3,0,2.233604,0.107142,0.159829,2.178412,0.566749,-0.399953,2.178412
nonmember,27639,0,7,0,3.203800,0.040608,0.259771,2.064842,-0.430793,-1.855844,2.064842
nonmember,3441,0,8,0,1.920047,0.146600,0.356427,1.936953,0.820151,-0.888421,1.936953
nonmember,40079,9,9,1,0.678283,0.507488,0.507488,1.214721,3.146609,0.333546,-1.214721
nonmember,33530,0,0,1,0.427591,0.652078,0.652078,1.187139,3.308702,1.349119,-1.187139
nonmember,27837,9,9,1,0.748298,0.473171,0.473171,1.378880,3.135430,0.699378,-1.378880
nonmember,14981,6,6,1,1.025611,0.358577,0.358577,1.692439,2.941833,0.543610,-1.692439
nonmember,35319,2,2,1,1.738166,0.175843,0.175843,2.115213,0.971058,0.008906,-2.115213
nonmember,45387,0,9,0,1.673905,0.187513,0.258941,2.043728,1.007485,-0.322751,2.043728
nonmember,24057,0,7,0,4.695593,0.009135,0.286381,2.007998,-1.523100,-3.445162,2.007998
nonmember,17904,3,6,0,1.648479,0.192342,0.248956,1.956138,1.598092,-0.258000,1.956138
nonmember,30407,1,0,0,3.352488,0.034997,0.785863,0.699635,2.126476,-3.111515,0.699635
nonmember,2133,2,6,0,2.280218,0.102262,0.346268,1.958157,0.645397,-1.219675,1.958157
nonmember,13758,5,7,0,2.313154,0.098949,0.242934,1.986164,1.674999,-0.898188,1.986164
nonmember,10333,7,5,0,2.170008,0.114177,0.157498,2.146159,0.663752,-0.321668,2.146159
nonmember,14857,4,6,0,1.810268,0.163610,0.435581,1.585670,2.963754,-0.979192,1.585670
nonmember,5117,7,8,0,6.597284,0.001364,0.616388,1.112985,-1.904969,-6.113405,1.112985
nonmember,41436,9,1,0,1.044351,0.351920,0.412721,1.358380,2.998186,-0.159366,1.358380
nonmember,41794,1,8,0,1.376955,0.252346,0.359581,1.337938,3.528448,-0.354139,1.337938
nonmember,18153,8,0,0,1.906454,0.148606,0.285031,1.804215,1.271859,-0.651296,1.804215
nonmember,29421,8,8,1,0.953090,0.385548,0.385548,1.513722,2.809870,0.640428,-1.513722
nonmember,4990,5,7,0,2.437355,0.087392,0.256439,2.155203,0.057961,-1.076492,2.155203
nonmember,6146,2,6,0,2.513303,0.081000,0.581675,1.469112,1.408826,-1.971460,1.469112
nonmember,18191,2,9,0,1.903762,0.149007,0.280946,2.027165,0.704294,-0.634171,2.027165
nonmember,15551,7,0,0,2.367639,0.093702,0.163816,2.174927,0.149749,-0.558626,2.174927
nonmember,28915,9,1,0,1.641032,0.193780,0.246486,1.849781,1.284258,-0.240584,1.849781
nonmember,31196,8,0,0,1.440998,0.236692,0.426125,1.724359,1.478588,-0.587976,1.724359
nonmember,32811,1,9,0,1.910393,0.148022,0.514435,1.535288,1.333307,-1.245707,1.535288
nonmember,39171,3,7,0,1.595750,0.202756,0.217708,1.808746,2.386525,-0.071148,1.808746
nonmember,42304,7,6,0,2.008073,0.134247,0.356159,1.853089,1.385845,-0.975695,1.853089
nonmember,20230,7,7,1,1.117171,0.327204,0.327204,1.879815,2.117323,0.835770,-1.879815
nonmember,29462,9,9,1,1.215543,0.296549,0.296549,1.912379,1.568560,0.356131,-1.912379
nonmember,2258,0,1,0,5.714148,0.003299,0.316271,1.928304,-2.364258,-4.562992,1.928304
nonmember,15125,2,6,0,2.317762,0.098494,0.316406,1.962712,0.974957,-1.167034,1.962712
nonmember,33360,0,8,0,1.308126,0.270326,0.521024,1.374739,2.269329,-0.656166,1.374739
nonmember,48554,0,8,0,2.713669,0.066293,0.411147,1.398310,1.068246,-1.824864,1.398310
nonmember,4420,0,0,1,0.359292,0.698170,0.698170,0.971160,3.836723,1.255791,-0.971160
nonmember,25769,3,3,1,1.215124,0.296673,0.296673,2.070697,1.339881,0.781967,-2.070697
nonmember,48049,6,9,0,3.038834,0.047891,0.187010,2.195121,-0.539346,-1.362238,2.195121
nonmember,28235,9,1,0,1.176722,0.308288,0.340772,1.700464,2.065022,-0.100181,1.700464
nonmember,31701,4,3,0,2.208593,0.109855,0.186256,2.009523,1.304690,-0.527958,2.009523
nonmember,20972,6,6,1,0.552936,0.575258,0.575258,1.373054,3.964902,1.531684,-1.373054
nonmember,48975,1,1,1,1.516693,0.219436,0.219436,2.086922,1.389184,0.005812,-2.086922
nonmember,18666,9,1,0,1.829624,0.160474,0.559622,1.460073,1.961239,-1.249131,1.460073
nonmember,2052,1,1,1,1.224174,0.294000,0.294000,1.907208,1.958302,0.310268,-1.907208
nonmember,45321,5,7,0,2.318397,0.098431,0.376614,1.736917,1.816774,-1.341861,1.736917
nonmember,15093,6,7,0,1.709874,0.180889,0.257131,1.836767,2.110326,-0.351703,1.836767
nonmember,263,4,7,0,1.573686,0.207280,0.435481,1.607274,2.213945,-0.742381,1.607274
nonmember,26927,8,3,0,4.249039,0.014278,0.261202,1.980166,-1.339838,-2.906578,1.980166
nonmember,45066,3,7,0,1.970036,0.139452,0.248034,2.045231,0.902598,-0.575847,2.045231
nonmember,46858,1,1,1,0.638619,0.528021,0.528021,1.635636,2.416016,1.438277,-1.635636
nonmember,28665,0,0,1,0.078276,0.924709,0.924709,0.296884,7.329243,2.599831,-0.296884
nonmember,12792,8,8,1,1.248418,0.286958,0.286958,2.068272,1.371598,0.776114,-2.068272
nonmember,21289,9,9,1,0.513689,0.598284,0.598284,1.382931,2.814460,1.187051,-1.382931
nonmember,1194,6,6,1,1.106612,0.330677,0.330677,1.751520,3.036548,0.560875,-1.751520
nonmember,45404,2,7,0,1.988338,0.136923,0.194816,2.076466,0.815696,-0.352637,2.076466
nonmember,49643,1,9,0,1.199970,0.301203,0.420810,1.488714,2.363665,-0.334396,1.488714
nonmember,3177,3,3,1,1.392393,0.248480,0.248480,1.965796,1.448997,0.090426,-1.965796
nonmember,34278,1,1,1,0.602734,0.547313,0.547313,1.585802,2.560138,1.646749,-1.585802
nonmember,26100,4,1,0,2.257651,0.104596,0.192728,2.118020,0.385349,-0.611177,2.118020
nonmember,13004,8,9,0,1.609665,0.199955,0.446461,1.438200,2.408339,-0.803261,1.438200
nonmember,1817,4,6,0,1.737598,0.175942,0.228857,1.950858,1.440415,-0.262938,1.950858
nonmember,37113,6,6,1,1.108153,0.330168,0.330168,1.875942,2.264747,0.757025,-1.875942
nonmember,38942,3,6,0,2.232234,0.107288,0.286231,1.719320,2.596690,-0.981279,1.719320
nonmember,19316,5,1,0,4.134036,0.016018,0.480504,1.525419,-1.044129,-3.401115,1.525419
nonmember,24308,4,2,0,1.985833,0.137266,0.147649,2.160244,0.928689,-0.072917,2.160244
nonmember,8902,5,6,0,2.594729,0.074666,0.318725,1.810194,1.261353,-1.451302,1.810194
nonmember,33991,9,9,1,0.388911,0.677795,0.677795,0.899109,4.226394,0.959430,-0.899109
nonmember,40518,1,1,1,0.555836,0.573592,0.573592,1.057271,4.859702,0.973792,-1.057271
nonmember,38023,0,0,1,0.233242,0.791962,0.791962,0.906725,3.530984,2.465122,-0.906725
nonmember,15165,6,9,0,2.897126,0.055182,0.233971,2.088199,-0.293889,-1.444568,2.088199
nonmember,31550,2,4,0,1.594723,0.202965,0.211508,1.966532,1.367604,-0.041232,1.966532
nonmember,38949,8,8,1,0.459813,0.631402,0.631402,1.216372,3.289213,1.399400,-1.216372
nonmember,18367,8,8,1,0.418633,0.657946,0.657946,1.036372,5.104719,1.567060,-1.036372
nonmember,44513,3,3,1,1.780227,0.168600,0.168600,2.147446,0.945119,0.018394,-2.147446
nonmember,15845,5,6,0,2.113465,0.120819,0.217494,2.083496,0.652024,-0.587882,2.083496
nonmember,34204,3,7,0,2.329962,0.097299,0.455435,1.740569,0.887926,-1.543460,1.740569
nonmember,38438,6,6,1,1.125124,0.324612,0.324612,1.792275,2.591105,0.160803,-1.792275
nonmember,18138,2,6,0,2.089497,0.123749,0.362494,1.819806,1.313285,-1.074748,1.819806
nonmember,3886,1,9,0,1.104628,0.331334,0.455510,1.413849,2.450163,-0.318291,1.413849
nonmember,25648,9,9,1,0.831775,0.435276,0.435276,1.670951,2.416719,0.742668,-1.670951
nonmember,494,3,3,1,1.737949,0.175881,0.175881,2.165972,0.850716,0.023972,-2.165972
nonmember,41255,2,1,0,2.668355,0.069366,0.314070,1.891050,0.568420,-1.510216,1.891050
nonmember,44570,8,8,1,1.099311,0.333100,0.333100,1.913844,1.744717,0.353434,-1.913844
nonmember,44746,0,0,1,0.671294,0.511047,0.511047,1.634691,2.372231,1.517722,-1.634691
nonmember,44497,5,9,0,2.067759,0.126469,0.136533,2.279313,0.348146,-0.076573,2.279313
nonmember,46971,6,9,0,3.733660,0.023905,0.403897,1.731392,-0.804028,-2.827063,1.731392
nonmember,34538,9,1,0,2.696347,0.067451,0.203618,2.188738,-0.161593,-1.104839,2.188738
nonmember,36470,0,0,1,0.057771,0.943866,0.943866,0.323416,5.058623,4.257189,-0.323416
nonmember,1274,5,6,0,2.548555,0.078195,0.642224,1.247678,2.100422,-2.105738,1.247678
nonmember,20430,9,6,0,1.712924,0.180338,0.202223,1.968857,1.680730,-0.114540,1.968857
nonmember,46255,4,4,1,1.529417,0.216662,0.216662,1.911083,1.957696,0.013185,-1.911083
nonmember,11986,8,8,1,0.930716,0.394271,0.394271,1.652566,2.303475,0.540343,-1.652566
nonmember,38766,2,7,0,1.935019,0.144422,0.195842,2.196151,0.577856,-0.304572,2.196151
nonmember,42236,8,8,1,0.988210,0.372242,0.372242,1.717800,2.124449,0.546715,-1.717800
nonmember,21273,9,9,1,1.182696,0.306452,0.306452,1.866623,1.636457,0.036568,-1.866623
nonmember,26103,6,6,1,0.989578,0.371734,0.371734,1.889535,2.066511,1.003027,-1.889535
nonmember,45569,1,1,1,0.415835,0.659789,0.659789,1.286780,3.100115,1.668039,-1.286780
nonmember,42099,6,6,1,0.360955,0.697010,0.697010,1.185335,3.948069,2.244542,-1.185335
nonmember,23974,3,3,1,1.143976,0.318550,0.318550,1.890439,2.434088,0.647423,-1.890439
nonmember,4439,3,3,1,1.051930,0.349263,0.349263,1.694311,2.885789,0.300915,-1.694311
nonmember,28111,7,3,0,3.056379,0.047058,0.325550,1.875006,0.122345,-1.934141,1.875006
nonmember,41761,8,9,0,1.813269,0.163120,0.383842,1.869816,1.001551,-0.855746,1.869816
nonmember,7908,5,6,0,1.676979,0.186938,0.305786,1.870087,1.974747,-0.492109,1.870087
nonmember,25026,5,5,1,1.395827,0.247628,0.247628,1.979486,1.687760,0.153784,-1.979486
nonmember,8268,0,0,1,0.911859,0.401777,0.401777,1.789943,2.049718,0.822763,-1.789943
nonmember,810,2,0,0,2.590547,0.074979,0.410453,1.867720,0.259476,-1.700053,1.867720
nonmember,41543,8,0,0,1.321538,0.266725,0.606907,1.106078,2.816198,-0.822159,1.106078
nonmember,9294,7,0,0,1.860582,0.155582,0.476094,1.692638,1.229438,-1.118443,1.692638
nonmember,2308,9,6,0,2.889871,0.055583,0.636299,1.354204,1.259521,-2.437783,1.354204
nonmember,30993,7,9,0,1.542558,0.213833,0.304398,1.903407,1.287873,-0.353139,1.903407
nonmember,10781,9,9,1,0.411204,0.662852,0.662852,1.127053,3.609834,1.450133,-1.127053
nonmember,26901,7,9,0,2.139850,0.117672,0.219697,2.183664,0.526486,-0.624345,2.183664
nonmember,19273,0,7,0,1.451555,0.234206,0.272619,1.957301,1.292211,-0.151875,1.957301
nonmember,5218,3,7,0,1.841788,0.158534,0.284925,1.688237,2.410571,-0.586260,1.688237
nonmember,10646,8,8,1,0.796156,0.451059,0.451059,1.520220,2.648825,0.810603,-1.520220
nonmember,517,3,1,0,2.372202,0.093275,0.334516,1.885115,0.965486,-1.277130,1.885115
nonmember,5795,8,1,0,2.862767,0.057111,0.671167,1.131099,1.257826,-2.464030,1.131099
nonmember,24720,0,0,1,0.734438,0.479775,0.479775,1.619325,2.280950,1.025112,-1.619325
nonmember,30853,9,1,0,1.376594,0.252437,0.354746,1.806212,1.594118,-0.340241,1.806212
nonmember,6482,3,6,0,2.419625,0.088955,0.298067,1.826099,1.126720,-1.209188,1.826099
nonmember,11118,4,6,0,1.921189,0.146433,0.258857,1.999296,1.179679,-0.569710,1.999296
nonmember,14095,7,5,0,1.565976,0.208884,0.294286,1.730440,2.423601,-0.342771,1.730440
nonmember,24870,6,7,0,3.498109,0.030255,0.211382,2.140377,-0.987630,-1.944021,2.140377
nonmember,24076,9,9,1,0.994621,0.369864,0.369864,1.570772,2.445845,0.009368,-1.570772
nonmember,14090,4,3,0,3.461863,0.031371,0.306869,1.841789,-0.033872,-2.280529,1.841789
nonmember,14311,1,8,0,1.555709,0.211040,0.266629,1.649526,1.998405,-0.233812,1.649526
nonmember,34187,2,4,0,1.630143,0.195902,0.201370,1.944437,1.417665,-0.027534,1.944437
nonmember,5388,9,9,1,0.589289,0.554722,0.554722,1.087256,3.984320,0.637124,-1.087256
nonmember,48152,9,9,1,0.949997,0.386742,0.386742,1.512812,2.454315,0.017785,-1.512812
nonmember,48966,3,0,0,3.691149,0.024943,0.257192,1.744842,-0.554353,-2.333217,1.744842
nonmember,17496,3,1,0,1.911859,0.147805,0.213295,2.139278,0.741836,-0.366782,2.139278
nonmember,2898,6,7,0,3.337042,0.035542,0.208075,2.033237,-0.375548,-1.767186,2.033237
nonmember,10610,8,1,0,1.285407,0.276538,0.324644,1.419281,2.630208,-0.160380,1.419281
nonmember,46773,4,7,0,1.990410,0.136639,0.194836,2.075374,0.816533,-0.354814,2.075374
nonmember,30937,8,8,1,0.440231,0.643887,0.643887,1.290761,2.929309,1.806100,-1.290761
nonmember,38030,2,6,0,2.358970,0.094518,0.439129,1.770174,1.122255,-1.536008,1.770174
nonmember,14872,8,8,1,0.584328,0.557480,0.557480,1.188012,3.632430,0.747933,-1.188012
nonmember,27346,6,6,1,0.936178,0.392124,0.392124,1.762185,2.884680,0.749574,-1.762185
nonmember,35749,9,1,0,1.321428,0.266754,0.328059,1.864473,1.610375,-0.206866,1.864473
nonmember,48744,8,0,0,1.011541,0.363658,0.603789,0.824501,5.070662,-0.507011,0.824501
nonmember,40659,7,9,0,3.922594,0.019790,0.436062,1.617268,-0.743913,-3.092624,1.617268
nonmember,3615,3,1,0,2.721138,0.065800,0.279280,2.012987,0.249756,-1.445597,2.012987
nonmember,28819,3,6,0,2.848498,0.057931,0.569057,1.459880,1.184082,-2.284723,1.459880
nonmember,27372,4,7,0,1.755211,0.172871,0.292325,1.926582,1.705255,-0.525321,1.926582
nonmember,35671,8,0,0,2.547259,0.078296,0.696787,1.183159,0.970323,-2.185984,1.183159
nonmember,42400,0,0,1,0.075613,0.927175,0.927175,0.344837,5.829378,2.998694,-0.344837
nonmember,44214,5,2,0,1.599651,0.201967,0.210915,1.980221,1.170235,-0.043351,1.980221
nonmember,4185,1,1,1,0.430198,0.650380,0.650380,1.180378,3.756652,1.534520,-1.180378
nonmember,9037,8,1,0,2.256052,0.104763,0.484431,1.723787,0.958166,-1.531272,1.723787
nonmember,34421,0,0,1,0.651291,0.521372,0.521372,1.284937,3.504013,0.677932,-1.284937
nonmember,5489,6,1,0,2.291659,0.101099,0.326537,1.763518,1.509719,-1.172448,1.763518
nonmember,12492,0,0,1,0.817168,0.441681,0.441681,1.808599,2.047587,1.443233,-1.808599
nonmember,8124,1,0,0,1.509375,0.221048,0.303006,1.597839,2.053716,-0.315372,1.597839
nonmember,43228,4,7,0,3.061970,0.046795,0.396890,1.812125,-0.040163,-2.137873,1.812125
nonmember,37155,9,9,1,0.369937,0.690778,0.690778,1.203157,3.145877,1.951440,-1.203157
nonmember,23109,8,0,0,1.388672,0.249406,0.342927,1.853765,1.411503,-0.318436,1.853765
nonmember,27118,3,6,0,2.426589,0.088338,0.578889,1.466882,1.587214,-1.879944,1.466882
nonmember,43508,0,0,1,0.831904,0.435220,0.435220,1.494507,2.920465,0.511067,-1.494507
nonmember,48196,9,9,1,0.565618,0.568009,0.568009,1.083535,3.978820,0.712917,-1.083535
nonmember,35086,1,1,1,1.136816,0.320839,0.320839,1.803132,1.829150,0.176939,-1.803132
nonmember,20218,7,7,1,1.152104,0.315971,0.315971,1.967143,1.473223,0.451411,-1.967143
nonmember,4540,0,0,1,0.749825,0.472449,0.472449,1.617759,2.266650,0.710643,-1.617759
nonmember,11583,0,6,0,7.649112,0.000476,0.387104,1.665407,-3.687787,-6.700049,1.665407
nonmember,17155,3,6,0,2.064188,0.126921,0.304843,1.913587,1.427126,-0.876232,1.913587
nonmember,30797,7,7,1,0.774775,0.460807,0.460807,1.582233,3.280454,0.859726,-1.582233
nonmember,45372,8,8,1,0.902838,0.405418,0.405418,1.487785,2.457172,0.139160,-1.487785
nonmember,44630,0,0,1,1.080412,0.339456,0.339456,1.845959,1.764635,0.351841,-1.845959
nonmember,48854,6,7,0,2.522251,0.080279,0.242910,2.070387,0.326424,-1.107186,2.070387
nonmember,18817,9,9,1,1.302126,0.271953,0.271953,1.939882,2.054721,0.196090,-1.939882
nonmember,35911,8,0,0,1.427749,0.239848,0.410540,1.677972,1.747130,-0.537466,1.677972
nonmember,20237,8,0,0,1.461600,0.231865,0.367716,1.851019,1.316700,-0.461157,1.851019
nonmember,42836,6,9,0,2.263544,0.103981,0.169148,2.220646,0.321952,-0.486562,2.220646
nonmember,4939,7,7,1,1.743976,0.174824,0.174824,2.196886,0.734978,0.265813,-2.196886
nonmember,5189,2,6,0,2.113301,0.120838,0.245828,2.016970,1.437239,-0.710176,2.016970
nonmember,35707,8,9,0,1.668774,0.188478,0.394482,1.646368,1.626750,-0.738591,1.646368
nonmember,16814,3,7,0,2.443545,0.086852,0.289470,1.756513,1.052594,-1.203843,1.756513
nonmember,5989,7,7,1,1.447782,0.235091,0.235091,1.783261,2.590308,0.035834,-1.783261
nonmember,38558,2,7,0,2.261094,0.104236,0.229770,2.177111,0.444954,-0.790417,2.177111
nonmember,47042,0,0,1,0.120999,0.886035,0.886035,0.570090,4.292010,3.329921,-0.570090
nonmember,31327,8,5,0,3.883815,0.020572,0.218750,2.067382,-0.978350,-2.363989,2.067382
nonmember,45935,4,0,0,3.537778,0.029078,0.289033,1.964655,-0.799674,-2.296564,1.964655
nonmember,8341,2,1,0,3.245669,0.038942,0.315571,1.884130,0.376523,-2.092298,1.884130
nonmember,33833,3,3,1,0.994864,0.369774,0.369774,1.582538,3.276150,0.228437,-1.582538
nonmember,42083,0,0,1,0.563288,0.569334,0.569334,1.259924,3.183155,0.793063,-1.259924
nonmember,21963,7,0,0,1.930036,0.145143,0.374438,1.843256,0.922260,-0.947708,1.843256
nonmember,26640,5,5,1,1.430620,0.239161,0.239161,1.929124,1.835982,0.083993,-1.929124
nonmember,6070,3,3,1,1.083946,0.338258,0.338258,1.665798,2.481241,0.098832,-1.665798
nonmember,25584,7,1,0,1.864859,0.154918,0.276405,1.951280,1.053007,-0.578969,1.951280
nonmember,28348,2,0,0,3.323461,0.036028,0.598183,1.364102,0.047914,-2.809603,1.364102
nonmember,36138,2,6,0,2.976672,0.050962,0.344489,1.861201,0.421766,-1.910979,1.861201
nonmember,3500,6,6,1,0.637679,0.528518,0.528518,1.513288,3.409042,1.314808,-1.513288
nonmember,7164,5,1,0,2.527159,0.079886,0.180673,2.174076,0.146632,-0.816092,2.174076
nonmember,23200,4,1,0,4.832062,0.007970,0.344803,1.724960,-1.414096,-3.767280,1.724960
nonmember,17725,4,9,0,2.504320,0.081731,0.289427,2.034542,0.326412,-1.264466,2.034542
nonmember,35925,4,6,0,2.143710,0.117219,0.169661,2.159303,0.461076,-0.369755,2.159303
nonmember,11713,2,4,0,1.527619,0.217052,0.266282,1.754245,2.296546,-0.204419,1.754245
nonmember,27519,4,6,0,2.795813,0.061065,0.353737,1.898092,0.829062,-1.756611,1.898092
nonmember,47661,5,3,0,1.883488,0.152059,0.200061,2.134630,0.789404,-0.274357,2.134630
nonmember,30210,8,8,1,0.991108,0.371165,0.371165,1.342308,3.274222,0.179205,-1.342308
nonmember,23818,8,8,1,0.714199,0.489584,0.489584,1.151247,3.715651,0.260807,-1.151247
nonmember,45831,5,4,0,1.627269,0.196465,0.288188,1.845769,1.706047,-0.383127,1.845769
nonmember,23280,1,1,1,0.758127,0.468543,0.468543,1.502410,3.576937,0.658468,-1.502410
nonmember,509,8,9,0,2.144865,0.117084,0.520673,1.323501,1.786851,-1.492233,1.323501
nonmember,4416,9,8,0,1.555665,0.211049,0.328739,1.654351,1.640980,-0.443174,1.654351
nonmember,16270,5,5,1,1.385213,0.250270,0.250270,1.869800,2.479556,0.174920,-1.869800
nonmember,30410,7,7,1,1.167070,0.311278,0.311278,1.906600,2.177623,0.680400,-1.906600
nonmember,16290,2,6,0,2.251687,0.105222,0.191282,2.172913,0.289272,-0.597678,2.172913
nonmember,107,5,3,0,1.409953,0.244155,0.261822,1.832054,1.886806,-0.069861,1.832054
nonmember,28485,4,1,0,3.127697,0.043819,0.223656,1.968990,0.454632,-1.630050,1.968990
nonmember,13858,1,1,1,0.910525,0.402313,0.402313,1.700773,2.216344,0.358431,-1.700773
nonmember,34259,0,6,0,8.416853,0.000221,0.554345,1.449883,-4.219673,-7.826885,1.449883
nonmember,966,4,5,0,1.391851,0.248615,0.261150,1.725132,3.005659,-0.049193,1.725132
nonmember,16106,6,6,1,1.441933,0.236470,0.236470,2.064027,1.543249,0.384258,-2.064027
nonmember,31146,3,4,0,2.604390,0.073948,0.329203,1.761728,0.932319,-1.493311,1.761728
nonmember,21417,4,1,0,2.144727,0.117100,0.170088,2.187875,0.384622,-0.373289,2.187875
nonmember,17002,1,8,0,2.281971,0.102083,0.462679,1.398961,1.491668,-1.511250,1.398961
nonmember,44375,8,8,1,0.393666,0.674579,0.674579,0.925111,5.031469,1.279062,-0.925111
nonmember,46610,1,9,0,1.318575,0.267516,0.381910,1.411127,2.826605,-0.356005,1.411127
nonmember,38836,9,8,0,2.716364,0.066115,0.808852,0.713141,3.113507,-2.504225,0.713141
nonmember,30773,9,9,1,0.664651,0.514453,0.514453,1.592016,2.494716,0.997652,-1.592016
nonmember,4608,2,6,0,2.127327,0.119155,0.346539,1.822038,1.739229,-1.067567,1.822038
nonmember,44260,5,7,0,1.982018,0.137791,0.299564,1.994948,0.902626,-0.776590,1.994948
nonmember,2548,9,9,1,1.447650,0.235122,0.235122,1.982262,1.555792,0.342231,-1.982262
nonmember,17537,7,6,0,1.532236,0.216052,0.265597,1.920866,2.035510,-0.206462,1.920866
nonmember,39847,2,6,0,2.299160,0.100343,0.288972,1.946781,1.724845,-1.057734,1.946781
nonmember,30052,0,7,0,5.070152,0.006281,0.251987,1.957562,-1.964428,-3.691774,1.957562
nonmember,29193,9,9,1,0.452799,0.635846,0.635846,1.204172,3.454230,1.187864,-1.204172
nonmember,29073,9,6,0,2.431780,0.087880,0.250378,1.970502,1.041293,-1.046995,1.970502
nonmember,18906,0,0,1,1.009722,0.364320,0.364320,1.555748,2.557110,0.274014,-1.555748
nonmember,25777,5,9,0,6.037071,0.002389,0.554308,1.177465,-2.058022,-5.447037,1.177465
nonmember,41741,0,0,1,0.532636,0.587055,0.587055,1.405876,2.926889,1.464005,-1.405876
nonmember,11242,1,1,1,0.840039,0.431694,0.431694,1.902893,2.083515,1.517954,-1.902893
nonmember,1516,4,9,0,5.422359,0.004417,0.486391,1.182015,-1.438947,-4.701617,1.182015
nonmember,47585,0,0,1,0.033077,0.967464,0.967464,0.149143,9.134284,3.424723,-0.149143
nonmember,1463,0,9,0,2.100462,0.122400,0.197740,2.152062,0.499878,-0.479660,2.152062
nonmember,33242,0,0,1,0.738191,0.477978,0.477978,1.644973,2.354798,0.996519,-1.644973
nonmember,11031,0,9,0,2.889717,0.055592,0.384118,1.718427,0.020503,-1.932912,1.718427
nonmember,29105,9,9,1,0.983646,0.373945,0.373945,1.297365,3.413085,0.156227,-1.297365
nonmember,39325,3,7,0,1.737235,0.176006,0.220831,2.017286,1.039384,-0.226880,2.017286
nonmember,18885,1,6,0,2.035812,0.130574,0.263845,1.969155,1.498229,-0.703420,1.969155
nonmember,43788,9,9,1,0.806079,0.446606,0.446606,1.554839,2.477752,0.588281,-1.554839
nonmember,5941,8,9,0,1.271023,0.280545,0.430939,1.375602,2.922154,-0.429234,1.375602
nonmember,44749,0,0,1,0.690451,0.501350,0.501350,1.552195,2.441311,0.821955,-1.552195
nonmember,27776,5,7,0,1.640538,0.193876,0.326866,1.886300,1.292827,-0.522333,1.886300
nonmember,23568,8,8,1,0.526919,0.590421,0.590421,1.002332,5.324552,0.673745,-1.002332
nonmember,38453,8,9,0,1.299183,0.272755,0.331908,1.759853,1.644261,-0.196284,1.759853
nonmember,377,3,5,0,1.761206,0.171837,0.172623,2.151540,0.915106,-0.004559,2.151540
nonmember,5652,7,9,0,3.757535,0.023341,0.356550,1.714560,-0.561092,-2.726255,1.714560
nonmember,23571,7,9,0,1.396373,0.247493,0.268173,1.998124,1.354693,-0.080251,1.998124
nonmember,5298,4,7,0,2.494086,0.082572,0.228765,2.010639,0.285801,-1.019026,2.010639
nonmember,35229,3,7,0,1.713321,0.180266,0.218665,2.075957,1.006305,-0.193107,2.075957
nonmember,42486,4,6,0,1.913305,0.147592,0.368955,1.864739,1.199189,-0.916225,1.864739
nonmember,20433,7,7,1,1.402839,0.245898,0.245898,2.134361,1.151137,0.508901,-2.134361
nonmember,14143,7,7,1,0.982559,0.374352,0.374352,1.955405,1.719611,1.065498,-1.955405
nonmember,12004,6,7,0,2.758852,0.063364,0.369009,1.830135,0.397976,-1.761919,1.830135
nonmember,25803,4,7,0,2.357807,0.094628,0.406733,1.869006,0.492189,-1.458210,1.869006
nonmember,47300,4,7,0,1.814586,0.162905,0.284584,1.943724,1.080283,-0.557860,1.943724
nonmember,2867,2,0,0,1.880880,0.152456,0.247639,2.136538,0.581092,-0.485097,2.136538
nonmember,40004,5,6,0,2.528122,0.079809,0.200353,2.041468,0.807750,-0.920448,2.041468
nonmember,27804,5,3,0,2.410934,0.089731,0.209987,2.052293,0.476784,-0.850223,2.052293
nonmember,31557,5,2,0,1.743656,0.174880,0.215866,1.969141,1.305679,-0.210560,1.969141
nonmember,32460,0,9,0,3.680528,0.025210,0.434503,1.798950,-0.741777,-2.846976,1.798950
nonmember,10385,4,6,0,2.702919,0.067010,0.239573,1.987812,0.835841,-1.274023,1.987812
nonmember,26961,2,3,0,3.728088,0.024039,0.284187,1.793256,0.076478,-2.469967,1.793256
nonmember,18352,7,7,1,0.905719,0.404251,0.404251,1.697465,2.611546,0.727954,-1.697465
nonmember,25478,2,6,0,2.078797,0.125081,0.290561,1.899619,1.559604,-0.842854,1.899619
nonmember,15081,7,1,0,3.864696,0.020969,0.533804,1.487048,0.660398,-3.236970,1.487048
nonmember,34895,4,7,0,2.112632,0.120919,0.458572,1.702474,1.536022,-1.332994,1.702474
nonmember,44731,0,8,0,2.213098,0.109361,0.602580,1.271148,1.424568,-1.706563,1.271148
nonmember,15771,6,6,1,1.073852,0.341690,0.341690,1.797666,2.519953,0.714047,-1.797666
nonmember,28443,2,3,0,2.876308,0.056342,0.372975,1.762406,1.353759,-1.890064,1.762406
nonmember,37100,7,1,0,2.448905,0.086388,0.243155,1.931388,1.750350,-1.034847,1.931388
nonmember,21450,5,3,0,1.452232,0.234047,0.279920,1.760493,2.487527,-0.178981,1.760493
nonmember,49134,8,0,0,1.357460,0.257314,0.642860,1.027153,2.800257,-0.915631,1.027153
nonmember,14576,4,6,0,1.711875,0.180527,0.374358,1.756744,1.896006,-0.729333,1.756744
nonmember,46216,2,6,0,1.894835,0.150343,0.228565,2.082473,0.798303,-0.418902,2.082473
nonmember,9298,3,6,0,1.917146,0.147026,0.320899,1.927105,1.461929,-0.780518,1.927105
nonmember,6112,0,0,1,0.030172,0.970279,0.970279,0.149824,7.463667,3.612943,-0.149824
nonmember,42446,0,0,1,0.419686,0.657253,0.657253,0.967173,3.924642,0.911164,-0.967173
nonmember,8372,7,0,0,2.666270,0.069511,0.331753,2.052649,-0.058950,-1.562906,2.052649
nonmember,47325,7,9,0,2.386392,0.091961,0.483766,1.677301,0.681450,-1.660237,1.677301
nonmember,46340,6,6,1,0.917406,0.399554,0.399554,1.640107,4.021229,0.981346,-1.640107
nonmember,30311,3,9,0,4.922941,0.007278,0.577299,1.284796,-0.886385,-4.373546,1.284796
nonmember,41414,0,0,1,0.167495,0.845780,0.845780,0.522236,5.565189,1.848590,-0.522236
nonmember,41531,5,3,0,1.739541,0.175601,0.271179,1.895412,1.847953,-0.434564,1.895412
nonmember,10930,9,9,1,0.808760,0.445410,0.445410,1.783132,2.151406,0.895569,-1.783132
nonmember,12472,2,6,0,2.304929,0.099766,0.390301,1.778359,1.095402,-1.364091,1.778359
nonmember,46842,5,6,0,1.880667,0.152488,0.161875,2.143542,0.793760,-0.059735,2.143542
nonmember,16541,0,8,0,1.213930,0.297028,0.574294,1.089839,3.436437,-0.659317,1.089839
nonmember,48305,4,7,0,2.087668,0.123976,0.262068,2.044426,1.042309,-0.748518,2.044426
nonmember,8357,7,7,1,1.468927,0.230172,0.230172,1.947204,1.938422,0.227572,-1.947204
nonmember,1179,7,7,1,1.550993,0.212037,0.212037,1.993279,1.549108,0.080319,-1.993279
nonmember,18948,2,6,0,2.057644,0.127755,0.265683,1.962074,0.927221,-0.732192,1.962074
nonmember,29360,6,9,0,2.910602,0.054443,0.522273,1.631738,0.254889,-2.261037,1.631738
nonmember,1801,5,1,0,2.798438,0.060905,0.385770,1.981031,0.107255,-1.845924,1.981031
nonmember,20485,4,4,1,1.383461,0.250709,0.250709,1.821028,2.368738,0.036129,-1.821028
nonmember,42680,7,9,0,1.636673,0.194626,0.220858,2.047030,1.304533,-0.126440,2.047030
nonmember,37227,6,6,1,1.595863,0.202733,0.202733,1.991115,1.437952,0.080119,-1.991115
nonmember,31233,9,9,1,0.802353,0.448273,0.448273,1.644987,2.486881,0.797899,-1.644987
nonmember,19780,3,0,0,4.634389,0.009712,0.543643,1.253459,-0.798678,-4.024927,1.253459
nonmember,17354,5,9,0,3.691715,0.024929,0.425425,1.570397,-0.360048,-2.837049,1.570397
nonmember,46023,3,3,1,1.232032,0.291699,0.291699,1.809255,2.726196,0.312459,-1.809255
nonmember,16841,6,1,0,1.572724,0.207479,0.237390,2.039114,1.452853,-0.134674,2.039114
nonmember,42748,6,6,1,0.789509,0.454068,0.454068,1.710173,3.124210,1.389139,-1.710173
nonmember,22390,5,8,0,2.889404,0.055609,0.558116,1.541719,0.486851,-2.306216,1.541719
nonmember,19813,4,9,0,4.183900,0.015239,0.326432,1.675108,-0.887265,-3.064364,1.675108
nonmember,14880,9,1,0,1.121700,0.325726,0.347855,1.704442,2.109406,-0.065732,1.704442
nonmember,33075,9,1,0,2.558269,0.077439,0.581152,1.530019,0.916695,-2.015526,1.530019
nonmember,2043,6,6,1,0.772031,0.462073,0.462073,1.614489,3.392159,1.064181,-1.614489
nonmember,42923,6,3,0,1.804457,0.164564,0.183386,2.111490,0.914717,-0.108293,2.111490
nonmember,49502,9,9,1,1.435069,0.238099,0.238099,2.109452,1.334177,0.293827,-2.109452
nonmember,39426,2,7,0,2.029753,0.131368,0.419961,1.585000,2.152948,-1.162159,1.585000
nonmember,12597,6,9,0,2.683152,0.068347,0.420518,1.766566,0.431119,-1.816884,1.766566
nonmember,42394,2,6,0,2.852362,0.057708,0.453840,1.656200,1.152217,-2.062353,1.656200
nonmember,26764,0,2,0,2.067523,0.126499,0.201530,2.179340,0.424097,-0.465705,2.179340
nonmember,40919,8,6,0,8.317045,0.000244,0.259885,1.839083,-4.050565,-6.969528,1.839083
nonmember,45953,2,1,0,2.543464,0.078594,0.255133,1.944791,1.057605,-1.177492,1.944791
nonmember,30876,7,7,1,0.285070,0.751961,0.751961,1.041992,3.544660,2.588281,-1.041992
nonmember,47743,9,6,0,3.782555,0.022764,0.268985,1.894375,-0.319649,-2.469457,1.894375
nonmember,29274,0,0,1,0.285215,0.751853,0.751853,1.030792,3.480562,2.591631,-1.030792
nonmember,2858,4,0,0,3.915144,0.019938,0.386826,1.780372,-1.038129,-2.965364,1.780372
nonmember,40621,0,0,1,0.385319,0.680234,0.680234,1.121312,3.281559,1.384046,-1.121312
nonmember,9739,9,6,0,1.953897,0.141721,0.286337,2.005254,0.978304,-0.703312,2.005254
nonmember,13755,1,9,0,1.602463,0.201400,0.479412,1.643836,1.405264,-0.867267,1.643836
nonmember,12668,0,0,1,0.185173,0.830960,0.830960,0.505379,6.684373,1.656233,-0.505379
nonmember,28007,5,7,0,1.873527,0.153581,0.215899,2.180309,0.724212,-0.340584,2.180309
nonmember,18868,6,5,0,2.480342,0.083715,0.498690,1.450979,2.311025,-1.784571,1.450979
nonmember,16670,6,5,0,2.293288,0.100934,0.294120,1.755036,1.858500,-1.069519,1.755036
nonmember,1346,5,5,1,1.532694,0.215953,0.215953,2.134671,1.135423,0.070302,-2.134671
nonmember,43232,1,9,0,1.531916,0.216121,0.620961,1.033633,3.597048,-1.055429,1.033633
nonmember,27023,4,0,0,6.938589,0.000970,0.385836,1.402546,-2.271005,-5.986246,1.402546
nonmember,9377,5,3,0,1.626329,0.196650,0.252670,1.947773,1.465366,-0.250657,1.947773
nonmember,3102,0,3,0,4.153122,0.015715,0.361346,1.751956,-1.131810,-3.135202,1.751956
nonmember,5613,5,7,0,1.805027,0.164470,0.170038,2.048637,0.986587,-0.033292,2.048637
nonmember,1427,3,9,0,3.363599,0.034610,0.469411,1.493292,-0.068531,-2.607322,1.493292
nonmember,23037,7,6,0,1.904123,0.148953,0.211819,1.974147,1.505474,-0.352101,1.974147
nonmember,29159,3,6,0,2.502981,0.081841,0.360587,1.886775,0.643973,-1.482960,1.886775
nonmember,49552,5,6,0,1.694937,0.183611,0.272908,1.870639,1.670651,-0.396317,1.870639
nonmember,44069,6,8,0,2.492766,0.082681,0.228919,2.110825,0.353777,-1.018378,2.110825
nonmember,16742,2,1,0,2.886081,0.055794,0.231249,2.098589,-0.170327,-1.421821,2.098589
nonmember,14558,3,6,0,2.000194,0.135309,0.276665,1.999252,1.235894,-0.715247,1.999252
nonmember,33889,5,6,0,1.876127,0.153182,0.312949,1.768815,2.360262,-0.714413,1.768815
nonmember,18273,0,0,1,0.416295,0.659486,0.659486,1.226213,3.049983,1.478073,-1.226213
nonmember,32025,0,1,0,2.973473,0.051125,0.392894,1.974683,-0.238411,-2.039258,1.974683
nonmember,20318,2,3,0,1.859662,0.155725,0.197506,2.079841,1.024204,-0.237674,2.079841
nonmember,9842,3,7,0,1.948025,0.142555,0.213895,2.085050,0.886284,-0.405755,2.085050
nonmember,12151,6,7,0,1.675924,0.187135,0.196005,1.970394,1.338052,-0.046307,1.970394
nonmember,31993,4,7,0,1.817730,0.162394,0.263561,1.880393,1.573614,-0.484260,1.880393
nonmember,45180,6,7,0,2.009410,0.134068,0.249065,1.954272,1.016344,-0.619368,1.954272
nonmember,22719,9,5,0,4.597380,0.010078,0.214993,1.915038,-1.034063,-3.060228,1.915038
nonmember,13557,2,8,0,2.794645,0.061137,0.205295,2.034078,-0.160118,-1.211339,2.034078
nonmember,6136,1,9,0,1.075618,0.341087,0.456711,1.420737,2.440278,-0.291915,1.420737
nonmember,48215,1,6,0,2.761122,0.063221,0.353656,1.901756,0.601809,-1.721692,1.901756
nonmember,5288,5,5,1,1.608446,0.200199,0.200199,1.870217,2.147749,0.020422,-1.870217
nonmember,46935,0,0,1,1.418516,0.242073,0.242073,1.977401,1.338337,0.097340,-1.977401
nonmember,27443,5,6,0,2.062140,0.127181,0.230030,1.912591,1.589330,-0.592594,1.912591
nonmember,21203,9,0,0,2.454880,0.085873,0.493300,1.649948,0.575727,-1.748243,1.649948
nonmember,14014,3,1,0,2.322594,0.098019,0.344660,1.744271,1.062526,-1.257398,1.744271
nonmember,32342,5,6,0,2.954634,0.052098,0.361598,1.877574,0.085948,-1.937414,1.877574
nonmember,7653,2,1,0,2.261652,0.104178,0.249483,1.940172,0.971471,-0.873287,1.940172
nonmember,37575,9,1,0,1.145156,0.318174,0.510463,1.285909,2.654628,-0.472719,1.285909
nonmember,10772,7,1,0,4.424841,0.011976,0.487551,1.237634,-0.385209,-3.706481,1.237634
nonmember,23700,3,1,0,1.950951,0.142139,0.382792,1.852931,1.818983,-0.990687,1.852931
nonmember,23665,5,3,0,1.367410,0.254766,0.387414,1.679952,2.593095,-0.419149,1.679952
nonmember,7900,8,8,1,0.938015,0.391404,0.391404,1.545668,2.674990,0.533807,-1.545668
nonmember,17894,8,8,1,1.040577,0.353251,0.353251,1.638180,2.302694,0.043367,-1.638180
nonmember,43065,3,6,0,1.239577,0.289507,0.370432,1.522801,3.396119,-0.246492,1.522801
nonmember,22910,6,6,1,1.005483,0.365868,0.365868,1.756928,2.727734,0.825083,-1.756928
nonmember,49811,7,2,0,2.220000,0.108609,0.165584,2.202362,0.300456,-0.421724,2.202362
nonmember,41998,3,9,0,2.892783,0.055422,0.303892,1.702904,0.508629,-1.701701,1.702904
nonmember,25066,0,8,0,2.073091,0.125796,0.357673,1.519492,1.792405,-1.044955,1.519492
nonmember,31716,5,7,0,2.417637,0.089132,0.264847,1.994900,0.664717,-1.089034,1.994900
nonmember,45600,1,9,0,2.365495,0.093903,0.775717,0.868409,1.904481,-2.111527,0.868409
nonmember,2935,9,9,1,1.028915,0.357394,0.357394,1.886632,1.687920,0.515304,-1.886632
nonmember,16584,6,6,1,1.162033,0.312850,0.312850,1.915092,2.164684,0.605246,-1.915092
nonmember,2232,8,0,0,1.317837,0.267714,0.375057,1.565297,2.189827,-0.337161,1.565297
nonmember,3592,7,7,1,1.408535,0.244501,0.244501,1.908339,2.541234,0.076831,-1.908339
nonmember,42985,4,7,0,2.867437,0.056844,0.596567,1.351047,0.846618,-2.350873,1.351047
nonmember,36155,0,0,1,0.712949,0.490197,0.490197,1.622717,2.488090,1.309423,-1.622717
nonmember,47066,9,7,0,2.673759,0.068992,0.325160,2.040851,0.175530,-1.550319,2.040851
nonmember,38474,7,7,1,0.921630,0.397870,0.397870,1.661494,3.061661,0.905287,-1.661494
nonmember,46637,0,8,0,2.744045,0.064310,0.765369,0.933436,1.220473,-2.476647,0.933436
nonmember,35025,7,7,1,1.491520,0.225030,0.225030,1.974403,1.847836,0.334095,-1.974403
nonmember,4216,7,7,1,0.940434,0.390458,0.390458,1.869803,1.816248,1.007127,-1.869803
nonmember,20814,6,3,0,1.954988,0.141566,0.276850,1.869567,1.290288,-0.670708,1.869567
nonmember,8508,7,6,0,2.165002,0.114750,0.265270,1.957040,1.256199,-0.837995,1.957040
nonmember,30144,2,9,0,2.517731,0.080642,0.283989,1.918016,0.588495,-1.258910,1.918016
nonmember,7279,2,7,0,1.528009,0.216967,0.267906,1.938899,1.290147,-0.210889,1.938899
nonmember,31211,4,7,0,2.350945,0.095279,0.327675,2.025361,0.492965,-1.235211,2.025361
nonmember,45193,2,5,0,3.137337,0.043398,0.304953,1.771976,0.817075,-1.949741,1.771976
nonmember,43540,8,9,0,3.109580,0.044620,0.560324,1.559818,0.077571,-2.530339,1.559818
nonmember,34182,4,0,0,3.774598,0.022946,0.245146,1.826039,-0.770112,-2.368698,1.826039
nonmember,43808,4,6,0,1.921763,0.146349,0.370671,1.854305,1.702373,-0.929322,1.854305
nonmember,33601,3,3,1,1.319185,0.267353,0.267353,2.024800,1.240148,0.367924,-2.024800
nonmember,30265,7,5,0,2.278348,0.102453,0.400690,1.315517,2.786292,-1.363782,1.315517
nonmember,21327,4,1,0,3.191051,0.041129,0.223386,2.026160,-0.253745,-1.692195,2.026160
nonmember,1332,9,9,1,0.617083,0.539516,0.539516,1.393502,2.935953,0.733001,-1.393502
nonmember,22872,6,6,1,1.472694,0.229307,0.229307,1.957893,1.865714,0.158185,-1.957893
nonmember,15159,9,6,0,3.054822,0.047131,0.430301,1.766946,0.465865,-2.211552,1.766946
nonmember,46012,8,0,0,1.072665,0.342095,0.434349,1.385836,2.586559,-0.238759,1.385836
nonmember,278,9,9,1,0.587270,0.555843,0.555843,1.442037,2.802702,1.234053,-1.442037
nonmember,6646,8,9,0,2.200415,0.110757,0.332544,1.968656,0.539410,-1.099431,1.968656
nonmember,26413,6,6,1,1.676923,0.186948,0.186948,2.126641,1.024504,0.117602,-2.126641
nonmember,13902,0,0,1,1.825261,0.161176,0.161176,2.215353,0.548980,0.225573,-2.215353
nonmember,6352,5,5,1,0.931346,0.394023,0.394023,1.670681,3.011858,0.544980,-1.670681
nonmember,23335,5,4,0,2.043676,0.129552,0.237077,1.870996,1.661274,-0.604305,1.870996
nonmember,49537,6,6,1,0.837157,0.432939,0.432939,1.773607,2.873573,1.262883,-1.773607
nonmember,37824,9,9,1,0.703600,0.494801,0.494801,1.479707,2.749836,0.559441,-1.479707
nonmember,6275,9,6,0,2.165872,0.114650,0.217645,2.031309,1.043028,-0.640983,2.031309
nonmember,15599,7,9,0,3.714479,0.024368,0.434818,1.456318,0.412191,-2.881652,1.456318
