split_name,index,true_label,pred_label,correct,loss,conf_true,conf_max,entropy,logit_true,logit_gap,m_entropy
member,33553,7,7,1,1.030630,0.356782,0.356782,1.584381,2.351138,0.284548,-1.584381
member,9427,8,8,1,0.000562,0.999438,0.999438,0.005901,8.905714,8.826067,-0.005901
member,199,0,0,1,0.770415,0.462821,0.462821,1.212396,2.831423,0.100668,-1.212396
member,12447,6,6,1,0.644311,0.525024,0.525024,1.308626,2.995287,0.593382,-1.308626
member,39489,1,1,1,0.256768,0.773548,0.773548,0.993569,3.194084,2.618042,-0.993569
member,42724,6,6,1,0.257455,0.773017,0.773017,0.994218,3.308524,2.466498,-0.994218
member,10822,8,8,1,0.185702,0.830521,0.830521,0.798306,3.540104,3.139367,-0.798306
member,49498,0,0,1,0.497594,0.607992,0.607992,1.295837,3.135666,1.436260,-1.295837
member,4144,6,6,1,0.306588,0.735954,0.735954,0.997823,3.725796,2.037591,-0.997823
member,36958,5,5,1,0.572167,0.564301,0.564301,1.371736,2.812059,1.219065,-1.371736
member,43106,2,2,1,0.302839,0.738718,0.738718,0.959020,3.555058,1.583656,-0.959020
member,38695,5,5,1,0.443825,0.641578,0.641578,1.259225,3.062640,1.448774,-1.259225
member,6188,0,0,1,0.414063,0.660959,0.660959,1.265765,3.023137,1.953415,-1.265765
member,1414,7,7,1,0.221756,0.801111,0.801111,0.636047,5.130965,1.600279,-0.636047
member,18471,1,1,1,0.079258,0.923802,0.923802,0.412643,4.438308,3.629649,-0.412643
member,29282,6,6,1,0.411747,0.662492,0.662492,1.032146,4.331070,1.369742,-1.032146
member,15177,5,3,0,1.284442,0.276805,0.300433,1.863870,1.591002,-0.081912,1.863870
member,34304,6,6,1,0.248255,0.780161,0.780161,0.763246,4.068174,1.568723,-0.763246
member,12609,6,6,1,0.880632,0.414521,0.414521,1.760163,2.078207,0.789511,-1.760163
member,12144,5,5,1,0.156748,0.854920,0.854920,0.538397,4.680096,1.988493,-0.538397
member,6113,0,0,1,0.185853,0.830395,0.830395,0.586431,5.193928,1.833308,-0.586431
member,15908,5,5,1,0.976190,0.376744,0.376744,1.818097,1.911914,0.530201,-1.818097
member,821,7,7,1,0.164286,0.848500,0.848500,0.736401,3.682375,3.126058,-0.736401
member,15118,2,2,1,0.082218,0.921071,0.921071,0.412028,4.876096,3.477847,-0.412028
member,13466,4,4,1,0.144863,0.865141,0.865141,0.594223,4.303150,2.411188,-0.594223
member,26497,4,4,1,0.059564,0.942175,0.942175,0.335726,4.671885,4.211065,-0.335726
member,42111,5,5,1,1.047390,0.350852,0.350852,1.606000,2.193274,0.106697,-1.606000
member,30188,5,3,0,1.515866,0.219618,0.688744,0.935828,2.824974,-1.142980,0.935828
member,37237,4,4,1,0.254017,0.775679,0.775679,0.966879,3.353679,2.558265,-0.966879
member,33109,8,8,1,0.017367,0.982783,0.982783,0.121808,5.780006,5.496219,-0.121808
member,36480,4,4,1,0.659957,0.516873,0.516873,1.573366,2.447999,1.160144,-1.573366
member,24148,3,3,1,0.075540,0.927243,0.927243,0.370551,5.059215,3.180332,-0.370551
member,5503,5,5,1,1.218173,0.295770,0.295770,2.031278,1.362680,0.661896,-2.031278
member,3918,0,0,1,0.136126,0.872732,0.872732,0.631870,3.923560,3.202250,-0.631870
member,38478,0,0,1,0.028621,0.971785,0.971785,0.176986,5.703080,4.512532,-0.176986
member,21123,8,8,1,0.132221,0.876147,0.876147,0.591231,4.128675,2.825865,-0.591231
member,49717,0,0,1,0.823262,0.438997,0.438997,1.690668,2.136684,0.893698,-1.690668
member,42294,1,1,1,0.098788,0.905935,0.905935,0.487939,4.287046,3.395092,-0.487939
member,47609,8,8,1,0.112116,0.893940,0.893940,0.548015,4.163794,3.640497,-0.548015
member,11076,0,0,1,1.364301,0.255559,0.255559,2.032803,1.232528,0.195611,-2.032803
member,41514,3,3,1,0.598133,0.549837,0.549837,1.434246,2.761569,1.023947,-1.434246
member,22062,0,0,1,0.217517,0.804514,0.804514,0.802094,3.975174,2.125016,-0.802094
member,9413,0,0,1,0.127097,0.880648,0.880648,0.562286,4.234247,2.672298,-0.562286
member,38340,0,0,1,0.545474,0.579567,0.579567,1.185052,3.122516,0.682588,-1.185052
member,30263,9,9,1,0.045247,0.955761,0.955761,0.268148,5.014870,4.483039,-0.268148
member,41252,4,4,1,1.081910,0.338948,0.338948,1.523551,2.585328,0.184449,-1.523551
member,14644,4,4,1,0.623565,0.536030,0.536030,1.306637,3.192737,1.011753,-1.306637
member,26335,6,6,1,0.660017,0.516843,0.516843,1.566858,2.430229,0.973919,-1.566858
member,28102,7,7,1,0.055823,0.945706,0.945706,0.302237,5.091511,3.646985,-0.302237
member,17523,6,6,1,0.063678,0.938307,0.938307,0.340504,4.926758,3.599645,-0.340504
member,24712,9,9,1,0.028993,0.971423,0.971423,0.188431,5.196759,5.196919,-0.188431
member,40485,0,0,1,0.084233,0.919217,0.919217,0.370256,5.244184,2.779286,-0.370256
member,3850,9,9,1,0.204778,0.814828,0.814828,0.825405,3.583335,2.464061,-0.825405
member,40040,9,9,1,0.006368,0.993652,0.993652,0.050195,6.739737,6.070405,-0.050195
member,15267,4,4,1,0.456364,0.633583,0.633583,1.321100,2.824255,1.397147,-1.321100
member,49146,3,5,0,1.533162,0.215852,0.391516,1.630685,1.700344,-0.595434,1.630685
member,30001,6,2,0,1.966061,0.140007,0.202881,2.117655,0.655870,-0.370927,2.117655
member,45926,2,2,1,0.680613,0.506306,0.506306,1.414256,2.838634,0.671575,-1.414256
member,43824,9,9,1,0.624328,0.535621,0.535621,1.123458,3.152986,0.379395,-1.123458
member,17240,9,9,1,0.390358,0.676815,0.676815,1.021421,3.369513,1.103149,-1.021421
member,4892,8,8,1,0.201296,0.817671,0.817671,0.681215,4.193831,1.820973,-0.681215
member,725,4,2,0,1.728675,0.177520,0.391299,1.744815,1.490283,-0.790392,1.744815
member,22949,4,4,1,0.386405,0.679495,0.679495,1.269012,2.831954,2.024805,-1.269012
member,34657,8,8,1,0.105324,0.900033,0.900033,0.527523,4.121940,3.599527,-0.527523
member,37213,1,1,1,0.098279,0.906396,0.906396,0.478447,4.313756,3.130803,-0.478447
member,20304,1,1,1,0.048987,0.952194,0.952194,0.258250,5.423308,3.500253,-0.258250
member,15269,3,3,1,0.447838,0.639008,0.639008,1.315304,2.936772,1.870307,-1.315304
member,22367,9,9,1,0.358609,0.698647,0.698647,0.976172,3.621086,1.241445,-0.976172
member,42684,1,1,1,0.213181,0.808010,0.808010,0.751558,4.163862,1.958008,-0.751558
member,46734,5,5,1,0.230738,0.793947,0.793947,0.769598,3.905393,1.736050,-0.769598
member,11732,0,0,1,0.354020,0.701861,0.701861,1.097535,3.351982,1.626217,-1.097535
member,18619,3,3,1,0.592998,0.552668,0.552668,1.240859,3.005080,0.593710,-1.240859
member,48492,0,0,1,0.771290,0.462416,0.462416,1.692585,2.162001,0.954301,-1.692585
member,26803,2,2,1,0.478759,0.619552,0.619552,1.233885,3.152335,1.197449,-1.233885
member,44305,2,2,1,0.790285,0.453715,0.453715,1.367366,2.849305,0.315276,-1.367366
member,47522,7,7,1,0.246101,0.781844,0.781844,0.907332,3.589520,2.187601,-0.907332
member,32207,8,8,1,0.309860,0.733550,0.733550,1.122161,3.085568,2.577709,-1.122161
member,2530,3,3,1,0.198914,0.819620,0.819620,0.554855,5.381091,1.605717,-0.554855
member,17746,1,1,1,0.045757,0.955274,0.955274,0.205520,6.551351,3.175506,-0.205520
member,8270,8,8,1,0.227909,0.796196,0.796196,0.932143,3.298379,3.037124,-0.932143
member,15079,7,7,1,0.441175,0.643280,0.643280,1.261715,2.932000,1.354334,-1.261715
member,13624,5,5,1,0.549200,0.577411,0.577411,1.327147,2.855006,0.963795,-1.327147
member,30638,4,4,1,0.467120,0.626805,0.626805,1.224203,3.206968,1.189054,-1.224203
member,30440,0,0,1,0.161100,0.851207,0.851207,0.692269,3.944134,3.015905,-0.692269
member,36056,5,5,1,0.474419,0.622246,0.622246,1.242697,3.111541,1.314890,-1.242697
member,42651,7,7,1,0.024026,0.976260,0.976260,0.150577,5.885318,4.367124,-0.150577
member,36803,8,8,1,0.123351,0.883953,0.883953,0.602613,3.903358,3.623562,-0.602613
member,48224,1,1,1,0.451281,0.636812,0.636812,1.222904,3.019756,1.144278,-1.222904
member,29226,1,1,1,0.451072,0.636945,0.636945,1.314179,2.877140,1.606799,-1.314179
member,5633,4,4,1,0.721310,0.486115,0.486115,1.649185,2.323916,1.181190,-1.649185
member,5987,8,8,1,0.025892,0.974440,0.974440,0.165581,5.663037,4.605122,-0.165581
member,48063,3,3,1,0.013662,0.986431,0.986431,0.095724,6.444812,5.246934,-0.095724
member,1812,2,2,1,0.061713,0.940153,0.940153,0.321195,5.068332,3.369098,-0.321195
member,27578,2,2,1,0.306176,0.736257,0.736257,1.043226,3.377116,2.267118,-1.043226
member,16823,5,5,1,0.095039,0.909337,0.909337,0.457016,4.514287,3.354946,-0.457016
member,3928,9,9,1,0.110830,0.895091,0.895091,0.506847,4.628155,3.192407,-0.506847
member,37286,7,7,1,0.367396,0.692535,0.692535,1.154259,3.128515,1.807093,-1.154259
member,25045,7,7,1,0.016087,0.984042,0.984042,0.105499,6.583015,4.734926,-0.105499
member,15727,8,0,0,1.120173,0.326223,0.345234,1.727510,1.808837,-0.056641,1.727510
member,29600,8,8,1,0.774957,0.460724,0.460724,1.473589,2.396087,0.353649,-1.473589
member,10430,3,0,0,2.138275,0.117858,0.308910,2.025756,0.405924,-0.963568,2.025756
member,25768,4,4,1,0.314274,0.730319,0.730319,0.984404,3.667389,1.980106,-0.984404
member,29103,6,6,1,0.240910,0.785912,0.785912,0.849320,4.164680,2.009983,-0.849320
member,36537,1,1,1,0.283835,0.752891,0.752891,0.963411,3.444200,1.849703,-0.963411
member,39328,7,7,1,0.047320,0.953782,0.953782,0.229846,5.922520,3.270939,-0.229846
member,35539,8,8,1,0.652757,0.520609,0.520609,1.605370,2.329783,1.312632,-1.605370
member,28075,3,3,1,0.830575,0.435799,0.435799,1.794278,2.010131,1.239551,-1.794278
member,17840,7,3,0,1.509664,0.220984,0.301187,1.754407,1.630885,-0.309641,1.754407
member,27802,1,1,1,0.035063,0.965544,0.965544,0.212234,5.536984,4.635448,-0.212234
member,7682,7,7,1,0.276632,0.758334,0.758334,0.869823,4.106546,1.808730,-0.869823
member,24279,6,6,1,0.155020,0.856398,0.856398,0.672233,4.083910,3.101725,-0.672233
member,33070,4,4,1,0.387663,0.678641,0.678641,1.230636,2.950151,2.048376,-1.230636
member,35557,3,3,1,0.557782,0.572478,0.572478,1.345086,2.751101,0.853132,-1.345086
member,37189,0,0,1,0.181406,0.834097,0.834097,0.564260,4.919855,1.779516,-0.564260
member,47149,4,4,1,0.298099,0.742228,0.742228,1.018108,3.442975,2.012146,-1.018108
member,46915,6,6,1,0.056548,0.945021,0.945021,0.313757,4.887872,3.987406,-0.313757
member,9801,0,0,1,0.238684,0.787664,0.787664,0.878770,3.635403,2.080819,-0.878770
member,38800,8,8,1,0.014843,0.985267,0.985267,0.099671,6.425694,4.905239,-0.099671
member,24669,3,3,1,0.845651,0.429278,0.429278,1.453367,2.734658,0.535891,-1.453367
member,44233,3,3,1,0.908672,0.403059,0.403059,1.636144,2.334899,0.564210,-1.636144
member,31919,8,8,1,0.604617,0.546284,0.546284,1.341986,2.981652,1.042406,-1.341986
member,7134,9,9,1,0.002314,0.997689,0.997689,0.019627,8.331580,6.924105,-0.019627
member,33704,6,6,1,0.085442,0.918106,0.918106,0.432323,4.588181,3.702703,-0.432323
member,29660,5,5,1,0.121585,0.885516,0.885516,0.569026,4.186801,3.164109,-0.569026
member,17893,1,1,1,0.041880,0.958985,0.958985,0.223010,5.539628,3.576071,-0.223010
member,22018,4,4,1,0.928883,0.394995,0.394995,1.721686,2.128785,0.440668,-1.721686
member,13538,9,9,1,0.745077,0.474698,0.474698,1.562330,2.233153,0.537228,-1.562330
member,43118,2,2,1,0.129403,0.878620,0.878620,0.597821,4.239921,3.367535,-0.597821
member,36420,4,4,1,0.187534,0.829001,0.829001,0.785667,3.681912,2.912822,-0.785667
member,9405,3,6,0,1.729142,0.177437,0.648838,1.215736,1.747030,-1.296570,1.215736
member,13413,2,2,1,0.822418,0.439368,0.439368,1.559307,2.445355,0.462030,-1.559307
member,6720,4,4,1,0.725255,0.484201,0.484201,1.582887,2.451586,1.143861,-1.582887
member,15601,1,1,1,0.198876,0.819652,0.819652,0.825157,3.524015,2.955876,-0.825157
member,44743,0,0,1,0.050726,0.950539,0.950539,0.250234,5.857770,3.365972,-0.250234
member,31138,1,1,1,0.233519,0.791743,0.791743,0.915820,3.492967,2.593850,-0.915820
member,2729,6,6,1,0.043027,0.957885,0.957885,0.219507,5.928394,3.456277,-0.219507
member,38242,4,4,1,0.388536,0.678049,0.678049,1.229127,3.155626,2.237643,-1.229127
member,29625,2,2,1,0.062526,0.939389,0.939389,0.340180,4.878417,3.853082,-0.340180
member,47894,8,8,1,0.547452,0.578422,0.578422,1.500643,2.505055,1.648560,-1.500643
member,42090,2,2,1,0.407900,0.665046,0.665046,1.288137,2.933609,2.084806,-1.288137
member,36399,7,7,1,0.142462,0.867221,0.867221,0.620571,4.198816,2.957373,-0.620571
member,6244,1,1,1,0.155963,0.855591,0.855591,0.672474,3.916973,2.773150,-0.672474
member,5545,3,5,0,1.485285,0.226438,0.337821,1.742104,1.718196,-0.400046,1.742104
member,4064,6,6,1,0.354494,0.701528,0.701528,1.143704,3.168352,1.909145,-1.143704
member,12851,5,5,1,0.038407,0.962321,0.962321,0.173461,7.076592,3.304705,-0.173461
member,21802,8,8,1,0.155929,0.855620,0.855620,0.659621,3.950180,2.472638,-0.659621
member,41163,8,8,1,0.099078,0.905672,0.905672,0.481136,4.411231,3.288193,-0.481136
member,6232,5,0,0,1.447296,0.235206,0.262941,1.952011,1.258909,-0.111470,1.952011
member,3862,4,4,1,0.852313,0.426427,0.426427,1.891244,1.784783,1.194692,-1.891244
member,35094,6,2,0,1.464428,0.231210,0.292601,1.874129,1.384285,-0.235483,1.874129
member,40195,4,4,1,0.056471,0.945094,0.945094,0.307412,5.078839,3.909553,-0.307412
member,39250,1,1,1,0.207555,0.812569,0.812569,0.858052,3.459360,2.914225,-0.858052
member,6217,3,3,1,0.657443,0.518175,0.518175,1.252937,3.010219,0.412179,-1.252937
member,36775,7,7,1,0.172427,0.841620,0.841620,0.769272,3.654398,3.486869,-0.769272
member,42976,1,1,1,0.372962,0.688691,0.688691,1.136283,3.149366,1.476854,-1.136283
member,48467,7,7,1,0.050930,0.950345,0.950345,0.265244,5.641142,3.799114,-0.265244
member,14831,8,8,1,0.051734,0.949582,0.949582,0.279587,5.238724,3.684022,-0.279587
member,30092,7,7,1,0.007074,0.992951,0.992951,0.054703,6.973377,6.160871,-0.054703
member,8893,1,1,1,0.404445,0.667347,0.667347,1.156287,3.293559,1.542355,-1.156287
member,6020,1,1,1,0.035745,0.964886,0.964886,0.221334,5.155089,4.535881,-0.221334
member,46088,2,2,1,0.221657,0.801190,0.801190,0.824783,3.754294,2.111607,-0.824783
member,15242,5,3,0,1.957176,0.141257,0.595617,1.356345,1.647938,-1.439019,1.356345
member,45307,9,9,1,0.240480,0.786251,0.786251,0.881137,3.589832,2.094036,-0.881137
member,26550,1,1,1,0.120217,0.886728,0.886728,0.559808,4.211322,3.071383,-0.559808
member,6034,9,9,1,0.052972,0.948407,0.948407,0.287935,5.213791,3.947346,-0.287935
member,7905,2,2,1,0.132804,0.875636,0.875636,0.605622,4.166422,3.008473,-0.605622
member,32225,4,4,1,0.352207,0.703135,0.703135,1.069823,3.500299,1.696108,-1.069823
member,6017,5,5,1,0.655254,0.519310,0.519310,0.991710,3.706694,0.218518,-0.991710
member,21879,5,5,1,0.529638,0.588818,0.588818,1.436524,2.727001,1.438505,-1.436524
member,2791,2,2,1,0.728096,0.482827,0.482827,1.424184,2.586951,0.443918,-1.424184
member,42605,2,2,1,0.036377,0.964277,0.964277,0.219838,5.380525,4.457825,-0.219838
member,5823,3,3,1,0.979231,0.375600,0.375600,1.777321,2.066056,0.560112,-1.777321
member,15387,6,2,0,1.343007,0.261059,0.473477,1.593251,1.684391,-0.595356,1.593251
member,29561,3,5,0,0.991805,0.370907,0.549576,0.982265,3.802529,-0.393197,0.982265
member,39475,5,5,1,0.473936,0.622547,0.622547,1.442770,2.556368,2.086212,-1.442770
member,292,6,6,1,0.916351,0.399976,0.399976,1.871485,1.858811,1.009039,-1.871485
member,16957,5,5,1,0.062733,0.939194,0.939194,0.283533,5.578297,2.972015,-0.283533
member,30860,8,8,1,0.077281,0.925629,0.925629,0.415242,4.454251,3.711763,-0.415242
member,14073,4,4,1,0.180748,0.834645,0.834645,0.668777,4.152344,2.050656,-0.668777
member,21856,8,8,1,0.376684,0.686133,0.686133,1.123192,3.218793,1.481906,-1.123192
member,22079,5,5,1,0.482560,0.617201,0.617201,1.199720,3.280381,1.275772,-1.199720
member,17023,7,7,1,0.109875,0.895946,0.895946,0.452184,5.153377,2.648424,-0.452184
member,8739,3,3,1,0.976188,0.376745,0.376745,1.621995,2.122632,0.064317,-1.621995
member,15825,9,9,1,0.973700,0.377683,0.377683,1.833052,1.953811,0.670958,-1.833052
member,2741,2,2,1,0.074919,0.927818,0.927818,0.384872,4.817677,3.478580,-0.384872
member,18048,1,1,1,0.199307,0.819298,0.819298,0.780790,3.946836,2.600695,-0.780790
member,49936,8,8,1,0.032952,0.967585,0.967585,0.205813,5.245710,4.390840,-0.205813
member,17372,6,6,1,0.327601,0.720650,0.720650,1.170449,3.015980,2.342505,-1.170449
member,22021,5,5,1,0.613553,0.541424,0.541424,1.354464,2.995755,1.012530,-1.354464
member,46364,7,7,1,0.157823,0.854001,0.854001,0.691712,3.944987,3.097301,-0.691712
member,23537,2,2,1,0.044063,0.956894,0.956894,0.242289,5.467754,3.697464,-0.242289
member,45499,5,5,1,0.040296,0.960505,0.960505,0.206957,5.934467,3.509292,-0.206957
member,40185,1,1,1,0.066994,0.935200,0.935200,0.348034,4.889003,3.632622,-0.348034
member,9613,3,3,1,0.219395,0.803004,0.803004,0.778037,4.500509,2.388116,-0.778037
member,43281,9,9,1,0.989070,0.371922,0.371922,1.719458,2.113033,0.230825,-1.719458
member,37891,4,4,1,0.225813,0.797867,0.797867,0.735322,4.596136,1.929941,-0.735322
member,26178,0,0,1,0.013971,0.986127,0.986127,0.096742,6.343714,5.049662,-0.096742
member,45892,8,8,1,0.677942,0.507661,0.507661,1.616359,2.271373,0.966444,-1.616359
member,20933,1,1,1,0.102599,0.902489,0.902489,0.361356,5.956911,2.311884,-0.361356
member,40971,1,1,1,0.163214,0.849409,0.849409,0.696859,3.983981,2.970417,-0.696859
member,22224,5,2,0,1.097384,0.333743,0.439760,1.482193,2.146478,-0.275858,1.482193
member,24381,1,1,1,0.039101,0.961654,0.961654,0.222554,5.835442,4.398777,-0.222554
member,34855,0,0,1,0.344797,0.708364,0.708364,1.170350,3.011028,2.119042,-1.170350
member,48577,9,9,1,0.364530,0.694523,0.694523,1.021625,3.598149,1.431530,-1.021625
member,38536,0,0,1,0.290046,0.748229,0.748229,0.992100,3.595650,2.207371,-0.992100
member,31755,4,4,1,0.612017,0.542256,0.542256,1.555632,2.468232,1.485073,-1.555632
member,7753,3,3,1,0.397405,0.672062,0.672062,1.188163,3.281621,1.695254,-1.188163
member,46638,5,7,0,1.369673,0.254190,0.295804,1.618875,2.036393,-0.151616,1.618875
member,43834,4,4,1,0.067353,0.934865,0.934865,0.326881,5.131006,3.103178,-0.326881
member,26235,6,6,1,0.751450,0.471682,0.471682,1.567777,2.395938,0.716254,-1.567777
member,44229,5,5,1,0.643001,0.525712,0.525712,0.951706,3.667270,0.215619,-0.951706
member,49596,9,9,1,0.039002,0.961749,0.961749,0.237150,5.107735,4.607981,-0.237150
member,18552,5,5,1,0.604514,0.546340,0.546340,1.593259,2.389397,1.767891,-1.593259
member,43136,8,8,1,0.311062,0.732668,0.732668,1.088066,3.173287,2.095776,-1.088066
member,36672,1,1,1,0.049319,0.951878,0.951878,0.243555,5.648131,3.301859,-0.243555
member,43649,0,0,1,0.147108,0.863201,0.863201,0.656757,3.910504,2.794962,-0.656757
member,3940,0,0,1,0.295081,0.744471,0.744471,1.047578,3.305642,2.149012,-1.047578
member,31496,2,2,1,0.901468,0.405973,0.405973,1.813944,1.976055,0.812126,-1.813944
member,26593,2,2,1,0.214147,0.807229,0.807229,0.758569,4.130500,2.076237,-0.758569
member,23921,1,1,1,0.060804,0.941007,0.941007,0.335277,4.780191,3.998145,-0.335277
member,26402,8,8,1,0.528092,0.589729,0.589729,1.513610,2.500165,1.979125,-1.513610
member,45942,5,5,1,0.191925,0.825369,0.825369,0.637735,4.562818,1.858786,-0.637735
member,48525,6,6,1,0.023917,0.976366,0.976366,0.143933,6.151996,4.182624,-0.143933
member,18315,0,0,1,0.678119,0.507571,0.507571,1.439077,2.553227,0.568758,-1.439077
member,36893,8,8,1,0.041230,0.959609,0.959609,0.220506,5.720498,3.626985,-0.220506
member,26695,2,2,1,0.415802,0.659811,0.659811,1.238453,3.180589,1.838795,-1.238453
member,42127,9,9,1,0.090299,0.913658,0.913658,0.445227,4.447555,3.092791,-0.445227
member,14170,9,9,1,0.267873,0.765005,0.765005,1.022575,3.164621,2.434204,-1.022575
member,3732,4,4,1,0.504766,0.603647,0.603647,0.917628,3.835607,0.559940,-0.917628
member,7881,6,6,1,0.591636,0.553421,0.553421,1.386483,2.728410,0.886055,-1.386483
member,6016,9,9,1,0.754969,0.470025,0.470025,1.780733,1.946820,1.141320,-1.780733
member,23029,4,4,1,0.419548,0.657344,0.657344,1.263355,2.852650,1.505701,-1.263355
member,35473,7,7,1,0.069706,0.932668,0.932668,0.312914,5.699688,2.984082,-0.312914
member,49685,4,4,1,1.214081,0.296983,0.296983,1.890561,1.648799,0.103395,-1.890561
member,4817,5,5,1,0.231409,0.793415,0.793415,0.759257,4.333591,1.810483,-0.759257
member,41693,7,7,1,0.202913,0.816349,0.816349,0.788778,3.725185,2.238383,-0.788778
member,12007,3,3,1,0.221735,0.801127,0.801127,0.619127,5.099991,1.545322,-0.619127
member,41327,6,6,1,0.053699,0.947717,0.947717,0.298856,5.022896,3.907576,-0.298856
member,9506,4,4,1,0.074066,0.928610,0.928610,0.386389,4.684746,3.515063,-0.386389
member,44798,7,7,1,0.011099,0.988962,0.988962,0.078596,6.543992,5.156772,-0.078596
member,34062,2,0,0,1.600830,0.201729,0.438956,1.690303,1.481969,-0.777475,1.690303
member,27474,6,6,1,0.602238,0.547585,0.547585,1.437214,2.794383,1.073871,-1.437214
member,31143,4,2,0,1.089178,0.336493,0.378367,1.417163,2.497099,-0.117287,1.417163
member,21235,5,5,1,0.085044,0.918472,0.918472,0.427920,4.497990,3.294674,-0.427920
member,1390,9,9,1,0.003605,0.996402,0.996402,0.029881,7.538060,6.391668,-0.029881
member,38249,7,7,1,0.888604,0.411229,0.411229,1.429045,2.599203,0.146523,-1.429045
member,37624,7,7,1,0.034747,0.965850,0.965850,0.218755,5.199131,4.885068,-0.218755
member,42028,3,3,1,0.443404,0.641848,0.641848,1.328917,2.831144,1.783605,-1.328917
member,20834,0,0,1,0.357120,0.699688,0.699688,0.957040,3.641033,1.187287,-0.957040
member,14757,7,7,1,0.216167,0.805601,0.805601,0.897235,3.356314,2.922284,-0.897235
member,26396,2,2,1,0.435435,0.646983,0.646983,1.311962,2.826545,1.759667,-1.311962
member,6808,7,7,1,0.006908,0.993116,0.993116,0.054019,6.898504,6.081391,-0.054019
member,9225,7,7,1,1.261801,0.283144,0.283144,1.852162,1.611083,0.166885,-1.852162
member,48394,4,4,1,0.469505,0.625312,0.625312,1.389884,2.678476,1.849556,-1.389884
member,5395,9,9,1,0.347099,0.706735,0.706735,1.095760,3.320424,1.987861,-1.095760
member,6943,4,4,1,0.485915,0.615134,0.615134,1.447965,2.630981,1.843874,-1.447965
member,23870,8,8,1,0.024679,0.975623,0.975623,0.161169,5.580801,4.733087,-0.161169
member,32492,1,1,1,0.689518,0.501818,0.501818,1.416238,2.947646,0.716849,-1.416238
member,36345,4,4,1,0.658025,0.517873,0.517873,1.576588,2.449211,1.237075,-1.576588
member,10755,1,1,1,0.430421,0.650235,0.650235,1.268841,2.926859,1.553970,-1.268841
member,12301,4,4,1,0.200799,0.818077,0.818077,0.838510,3.523177,3.001595,-0.838510
member,48386,7,7,1,0.494469,0.609895,0.609895,1.443460,2.641354,1.741053,-1.443460
member,42745,5,3,0,1.141284,0.319409,0.584664,1.067145,2.955918,-0.604566,1.067145
member,29089,6,6,1,0.702984,0.495106,0.495106,1.571143,2.435239,1.143485,-1.571143
member,44712,6,6,1,0.295873,0.743882,0.743882,1.047876,3.363042,2.493857,-1.047876
member,14343,0,2,0,1.374818,0.252886,0.435158,1.603786,1.867873,-0.542772,1.603786
member,38172,5,5,1,0.266745,0.765868,0.765868,0.856735,3.837640,1.767332,-0.856735
member,5071,9,9,1,0.547118,0.578615,0.578615,1.454287,2.790474,1.501293,-1.454287
member,24121,1,1,1,0.109235,0.896519,0.896519,0.507772,4.284166,2.861968,-0.507772
member,48809,9,9,1,0.111778,0.894243,0.894243,0.513043,4.415737,2.882550,-0.513043
member,17820,8,8,1,0.515796,0.597025,0.597025,1.464419,2.532312,1.604863,-1.464419
member,1122,2,6,0,1.357938,0.257191,0.546264,1.400336,1.896715,-0.753285,1.400336
member,11264,1,1,1,0.170176,0.843517,0.843517,0.695034,4.050671,2.522719,-0.695034
member,30579,5,5,1,0.785430,0.455924,0.455924,1.343375,2.779885,0.256548,-1.343375
member,45464,9,9,1,0.426265,0.652943,0.652943,1.203416,3.098743,1.281163,-1.203416
member,48216,4,4,1,0.150291,0.860458,0.860458,0.665904,3.928339,2.971863,-0.665904
member,43044,4,4,1,0.398984,0.671001,0.671001,1.192680,3.266142,1.938216,-1.192680
member,15656,4,4,1,0.203281,0.816049,0.816049,0.811248,3.749983,2.611247,-0.811248
member,1900,7,7,1,0.012645,0.987434,0.987434,0.090105,6.258605,5.180832,-0.090105
member,147,9,9,1,0.338788,0.712633,0.712633,1.089681,3.368062,1.798963,-1.089681
member,29642,9,9,1,0.094782,0.909571,0.909571,0.486848,4.249331,3.830548,-0.486848
member,3211,0,0,1,0.101705,0.903296,0.903296,0.431356,5.134194,2.763145,-0.431356
member,43850,3,3,1,0.255772,0.774318,0.774318,0.873203,4.011721,2.026967,-0.873203
member,2354,2,2,1,0.345354,0.707969,0.707969,1.207249,2.897429,2.473729,-1.207249
member,31520,7,7,1,0.010516,0.989539,0.989539,0.074721,6.821695,5.435750,-0.074721
member,42583,8,8,1,0.262782,0.768909,0.768909,0.974276,3.297048,2.331384,-0.974276
member,43337,4,4,1,0.394037,0.674329,0.674329,1.268245,2.888161,2.041658,-1.268245
member,45284,9,9,1,0.035021,0.965585,0.965585,0.215033,5.164835,4.352197,-0.215033
member,46956,1,1,1,0.142289,0.867371,0.867371,0.647006,3.838313,2.919045,-0.647006
member,48790,2,2,1,0.240901,0.785920,0.785920,0.865208,3.782736,2.067540,-0.865208
member,36585,2,2,1,0.246442,0.781576,0.781576,0.975050,3.318636,2.795374,-0.975050
member,10465,7,7,1,0.291225,0.747348,0.747348,0.975195,3.529670,2.102384,-0.975195
member,7821,1,1,1,0.031934,0.968571,0.968571,0.176064,6.009175,3.786443,-0.176064
member,7205,3,2,0,1.871751,0.153854,0.361831,1.915650,0.848673,-0.855173,1.915650
member,6413,9,9,1,0.151795,0.859165,0.859165,0.581859,4.407167,2.210078,-0.581859
member,34046,7,7,1,0.044993,0.956004,0.956004,0.265351,5.036443,4.343584,-0.265351
member,12728,5,5,1,0.495110,0.609504,0.609504,0.956154,3.880064,0.650556,-0.956154
member,6925,6,6,1,0.025831,0.974500,0.974500,0.163378,5.769769,4.842010,-0.163378
member,27995,9,9,1,0.073497,0.929139,0.929139,0.382068,4.643448,3.584231,-0.382068
member,37612,5,5,1,0.212755,0.808354,0.808354,0.707600,4.338231,1.838865,-0.707600
member,39483,6,6,1,0.218119,0.804030,0.804030,0.852009,3.724377,2.505031,-0.852009
member,3016,3,3,1,0.621828,0.536962,0.536962,0.950312,3.808695,0.267601,-0.950312
member,1640,4,4,1,0.378974,0.684563,0.684563,1.083777,3.523786,1.482481,-1.083777
member,8883,8,8,1,0.243737,0.783694,0.783694,0.899167,3.610012,2.081924,-0.899167
member,37601,7,7,1,0.080713,0.922459,0.922459,0.428302,4.457949,4.037308,-0.428302
member,12969,3,3,1,0.755898,0.469589,0.469589,1.668563,2.257292,0.956437,-1.668563
member,23463,1,1,1,0.403226,0.668161,0.668161,1.113887,3.265210,1.226779,-1.113887
member,15757,8,8,1,0.963286,0.381637,0.381637,1.822454,1.854517,0.537011,-1.822454
member,44076,7,7,1,0.162844,0.849724,0.849724,0.678141,4.087971,2.923334,-0.678141
member,4086,6,6,1,0.329101,0.719570,0.719570,0.979081,3.734281,1.800066,-0.979081
member,508,9,9,1,0.007144,0.992882,0.992882,0.056164,6.569460,6.371228,-0.056164
member,6354,0,0,1,0.420479,0.656732,0.656732,1.315351,2.822891,1.871879,-1.315351
member,29644,7,7,1,0.011091,0.988971,0.988971,0.078183,6.631977,5.155407,-0.078183
member,20815,4,7,0,1.467700,0.230455,0.694201,0.875551,3.150843,-1.102707,0.875551
member,6234,4,6,0,1.383316,0.250746,0.639063,1.078258,2.419748,-0.935563,1.078258
member,31989,9,9,1,0.300875,0.740170,0.740170,1.110238,3.065539,2.607893,-1.110238
member,12995,7,7,1,0.014815,0.985294,0.985294,0.105631,6.068248,5.578212,-0.105631
member,42501,3,3,1,0.255545,0.774494,0.774494,0.907573,3.625241,2.041626,-0.907573
member,38920,7,7,1,0.041342,0.959501,0.959501,0.248368,5.070399,4.360349,-0.248368
member,262,1,1,1,0.314879,0.729877,0.729877,1.107789,3.061390,1.992465,-1.107789
member,7891,9,9,1,0.315103,0.729713,0.729713,0.915242,3.791102,1.489317,-0.915242
member,10527,3,3,1,1.291090,0.274971,0.274971,2.035583,1.324811,0.411071,-2.035583
member,18600,5,5,1,0.316227,0.728894,0.728894,1.035403,3.394192,1.723414,-1.035403
member,24114,9,9,1,0.081139,0.922065,0.922065,0.410305,4.536749,3.605734,-0.410305
member,33498,2,4,0,0.924752,0.396630,0.451283,1.297422,2.637213,-0.129091,1.297422
member,13471,3,3,1,0.236943,0.789036,0.789036,0.810513,4.189182,2.244008,-0.810513
member,31725,8,8,1,0.358679,0.698599,0.698599,1.110192,3.457408,1.879010,-1.110192
member,23690,3,4,0,1.897752,0.149905,0.213743,2.095915,0.636828,-0.354772,2.095915
member,10557,3,3,1,0.058218,0.943444,0.943444,0.264124,5.732629,3.019918,-0.264124
member,6556,3,3,1,1.318068,0.267652,0.267652,1.983440,1.375777,0.316553,-1.983440
member,45577,9,9,1,0.661620,0.516015,0.516015,1.361785,2.641817,0.535594,-1.361785
member,41503,9,9,1,0.061194,0.940640,0.940640,0.321676,5.015720,3.801039,-0.321676
member,27872,6,6,1,0.130229,0.877894,0.877894,0.541626,4.680251,2.602858,-0.541626
member,10810,8,8,1,0.904597,0.404705,0.404705,1.774640,2.113935,0.753246,-1.774640
member,38214,8,8,1,0.327850,0.720471,0.720471,0.920542,3.605929,1.284474,-0.920542
member,11730,2,2,1,0.234084,0.791296,0.791296,0.823413,3.757001,1.878843,-0.823413
member,27438,0,0,1,0.572499,0.564114,0.564114,0.989559,4.262322,0.490504,-0.989559
member,21779,4,4,1,0.477096,0.620583,0.620583,1.293281,2.973438,1.481631,-1.293281
member,34079,2,2,1,0.495322,0.609375,0.609375,1.324062,3.094315,1.569542,-1.324062
member,22915,9,9,1,0.027268,0.973100,0.973100,0.174043,5.492089,4.775836,-0.174043
member,8085,1,1,1,0.020077,0.980123,0.980123,0.123511,6.414312,4.362040,-0.123511
member,43467,5,5,1,0.060452,0.941339,0.941339,0.278527,6.041027,3.093921,-0.278527
member,14709,3,3,1,1.127751,0.323761,0.323761,1.927039,1.707196,0.787890,-1.927039
member,15466,0,0,1,0.428222,0.651667,0.651667,1.318046,2.834477,1.829756,-1.318046
member,37172,4,4,1,0.097161,0.907410,0.907410,0.452879,4.744990,3.139852,-0.452879
member,28748,2,2,1,0.085659,0.917907,0.917907,0.403849,5.260806,3.239581,-0.403849
member,3104,7,7,1,0.055771,0.945756,0.945756,0.302793,5.107238,3.645245,-0.302793
member,708,0,0,1,0.987458,0.372522,0.372522,1.774846,1.983485,0.654237,-1.774846
member,38385,5,3,0,1.181275,0.306887,0.417564,1.597339,1.997398,-0.307958,1.597339
member,23444,9,9,1,0.569073,0.566050,0.566050,1.458354,2.657738,1.177089,-1.458354
member,26510,8,8,1,0.802741,0.448099,0.448099,1.346852,2.532161,0.134877,-1.346852
member,8466,6,0,0,2.218781,0.108742,0.286646,1.812122,0.687475,-0.969272,1.812122
member,6230,2,2,1,0.998262,0.368519,0.368519,1.697724,1.961050,0.114962,-1.697724
member,46358,1,1,1,0.086457,0.917175,0.917175,0.358964,5.194051,2.626259,-0.358964
member,39357,6,7,0,2.189639,0.111957,0.406964,1.638435,1.300179,-1.290608,1.638435
member,16386,6,6,1,0.538172,0.583814,0.583814,1.239242,3.320920,1.226023,-1.239242
member,34165,7,7,1,0.590263,0.554182,0.554182,1.398742,2.878674,1.047406,-1.398742
member,4168,2,2,1,0.614271,0.541035,0.541035,1.177051,3.730646,0.654233,-1.177051
member,5803,0,0,1,0.273604,0.760633,0.760633,0.719708,4.528849,1.324247,-0.719708
member,12753,2,2,1,0.134531,0.874126,0.874126,0.604581,4.337004,3.082219,-0.604581
member,2189,0,0,1,0.410969,0.663007,0.663007,1.030778,3.398749,1.017950,-1.030778
member,12187,9,9,1,0.397674,0.671881,0.671881,1.014189,3.746712,1.241813,-1.014189
member,31727,6,6,1,0.877765,0.415711,0.415711,1.752038,2.031639,0.559185,-1.752038
member,19245,3,3,1,0.341519,0.710690,0.710690,0.976034,3.730618,1.541381,-0.976034
member,37866,1,1,1,0.141972,0.867645,0.867645,0.536106,4.638688,2.192017,-0.536106
member,43514,1,1,1,0.052418,0.948933,0.948933,0.297402,4.943057,3.953842,-0.297402
member,8718,7,7,1,0.047673,0.953445,0.953445,0.228188,6.115984,3.298137,-0.228188
member,28824,3,7,0,1.405237,0.245309,0.314637,1.683310,1.667785,-0.248902,1.683310
member,24468,7,7,1,1.099222,0.333130,0.333130,1.858244,1.726106,0.458079,-1.858244
member,48252,0,0,1,0.172805,0.841302,0.841302,0.740359,3.841265,2.795823,-0.740359
member,7201,7,7,1,0.013239,0.986848,0.986848,0.089720,6.874068,5.295808,-0.089720
member,9282,8,8,1,0.115201,0.891187,0.891187,0.559880,4.101945,3.521286,-0.559880
member,26820,7,5,0,1.264883,0.282272,0.320440,1.542790,2.210605,-0.126822,1.542790
member,27373,2,5,0,0.989348,0.371819,0.451017,1.358565,2.465254,-0.193098,1.358565
member,22492,8,8,1,0.270945,0.762658,0.762658,0.800841,4.438766,1.571316,-0.800841
member,45637,6,6,1,0.794345,0.451877,0.451877,1.373591,2.618519,0.210568,-1.373591
member,45879,8,8,1,0.101871,0.903146,0.903146,0.439544,4.910582,2.666806,-0.439544
member,29339,6,6,1,0.628380,0.533456,0.533456,1.249220,2.947783,0.492255,-1.249220
member,46547,1,1,1,0.284786,0.752175,0.752175,1.056762,3.179349,2.478485,-1.056762
member,10803,5,5,1,0.025062,0.975249,0.975249,0.151836,5.986534,4.360639,-0.151836
member,20964,4,4,1,0.656696,0.518562,0.518562,1.427017,2.799232,0.843498,-1.427017
member,30032,7,7,1,0.218326,0.803863,0.803863,0.769795,4.246809,2.176260,-0.769795
member,5222,8,8,1,0.306483,0.736031,0.736031,0.997897,3.352538,1.619668,-0.997897
member,659,9,9,1,0.698102,0.497529,0.497529,1.673756,2.267988,1.368394,-1.673756
member,33245,4,4,1,0.641939,0.526271,0.526271,1.400320,2.696491,0.705613,-1.400320
member,5865,9,9,1,0.040881,0.959943,0.959943,0.217180,5.763107,3.580674,-0.217180
member,48871,8,8,1,0.072482,0.930082,0.930082,0.398173,4.417324,4.007502,-0.398173
member,22985,4,4,1,0.125408,0.882137,0.882137,0.556878,4.290987,2.824265,-0.556878
member,28880,3,3,1,0.763808,0.465889,0.465889,1.386894,2.588696,0.280894,-1.386894
member,47087,7,7,1,0.355098,0.701105,0.701105,1.078666,3.340742,1.589331,-1.078666
member,26527,2,2,1,0.105873,0.899539,0.899539,0.513688,4.409620,3.550353,-0.513688
member,9647,3,3,1,0.458378,0.632308,0.632308,1.189351,3.307492,1.245868,-1.189351
member,49545,3,3,1,0.239995,0.786631,0.786631,0.852083,3.960751,2.256177,-0.852083
member,32374,7,7,1,1.053594,0.348682,0.348682,1.783641,1.868734,0.597930,-1.783641
member,26158,1,1,1,0.552218,0.575671,0.575671,1.573345,2.358653,1.992369,-1.573345
member,11711,6,6,1,0.065207,0.936874,0.936874,0.349494,4.876411,4.001490,-0.349494
member,27238,1,1,1,0.910890,0.402166,0.402166,1.796592,2.064240,0.872120,-1.796592
member,18353,6,6,1,0.243687,0.783733,0.783733,0.875540,3.658574,2.127474,-0.875540
member,49514,5,5,1,0.738529,0.477816,0.477816,1.538035,2.563287,1.047900,-1.538035
member,21724,3,3,1,0.960085,0.382860,0.382860,1.699436,2.065768,0.326666,-1.699436
member,25924,8,8,1,0.029793,0.970646,0.970646,0.181844,5.603346,4.526147,-0.181844
member,41389,3,3,1,0.858818,0.423662,0.423662,1.540822,2.593322,0.511171,-1.540822
member,4772,3,3,1,0.589663,0.554514,0.554514,1.476284,2.623657,1.350448,-1.476284
member,35204,3,3,1,0.866535,0.420406,0.420406,1.611241,2.181811,0.362832,-1.611241
member,27878,2,2,1,1.144307,0.318444,0.318444,1.948044,1.575782,0.501655,-1.948044
member,5874,0,7,0,2.130963,0.118723,0.276424,2.001952,0.480229,-0.845145,2.001952
member,17804,7,7,1,0.057273,0.944336,0.944336,0.300800,5.315390,3.598419,-0.300800
member,34223,9,8,0,1.308894,0.270119,0.292849,1.795307,1.661517,-0.080797,1.795307
member,7841,1,1,1,0.592254,0.553080,0.553080,1.538867,2.507543,1.475854,-1.538867
member,15922,2,2,1,0.441874,0.642831,0.642831,1.229874,3.108750,1.501799,-1.229874
member,28366,7,0,0,1.857255,0.156100,0.333622,1.964040,0.823568,-0.759508,1.964040
member,12083,0,0,1,0.332354,0.717233,0.717233,1.143919,3.092539,2.165324,-1.143919
member,20033,3,3,1,0.234530,0.790942,0.790942,0.706022,4.401267,1.584450,-0.706022
member,14487,0,0,1,1.161005,0.313171,0.313171,1.817794,1.696903,0.043366,-1.817794
member,20818,2,2,1,0.161598,0.850783,0.850783,0.652283,4.478496,2.660891,-0.652283
member,37517,0,0,1,0.098603,0.906103,0.906103,0.493893,4.283955,3.585945,-0.493893
member,44235,1,1,1,0.241565,0.785397,0.785397,0.970745,3.221522,2.879874,-0.970745
member,48650,6,6,1,0.790732,0.453513,0.453513,1.756147,2.133988,1.140142,-1.756147
member,36235,5,5,1,0.012598,0.987481,0.987481,0.083597,7.147685,5.076131,-0.083597
member,21069,7,7,1,0.090791,0.913209,0.913209,0.443902,4.634679,3.375202,-0.443902
member,9523,2,2,1,0.111105,0.894845,0.894845,0.436905,5.228461,2.438793,-0.436905
member,32755,9,9,1,0.029409,0.971019,0.971019,0.157800,6.323021,3.780860,-0.157800
member,12053,5,5,1,0.723528,0.485038,0.485038,0.980447,3.699008,0.071021,-0.980447
member,23593,6,6,1,0.705078,0.494070,0.494070,1.550224,2.556347,0.855379,-1.550224
member,8037,2,3,0,1.468685,0.230228,0.267314,1.917554,1.362975,-0.149355,1.917554
member,46976,3,7,0,1.855111,0.156436,0.235431,2.006614,0.839297,-0.408771,2.006614
member,16399,7,7,1,0.128775,0.879172,0.879172,0.506078,4.894198,2.379413,-0.506078
member,45785,2,2,1,1.304777,0.271233,0.271233,1.981234,1.413362,0.331653,-1.981234
member,34615,8,8,1,0.494031,0.610162,0.610162,1.174510,3.165057,0.942522,-1.174510
member,7624,7,7,1,0.081942,0.921325,0.921325,0.410767,4.799516,3.662191,-0.410767
member,13661,3,3,1,0.607146,0.544904,0.544904,1.396689,2.688410,0.775167,-1.396689
member,37736,5,3,0,1.677714,0.186801,0.293195,1.958013,1.094199,-0.450798,1.958013
member,26541,2,2,1,0.961528,0.382308,0.382308,1.804360,2.035257,0.806886,-1.804360
member,13267,7,7,1,0.028345,0.972053,0.972053,0.151050,6.774853,3.796613,-0.151050
member,18082,5,2,0,2.076859,0.125323,0.594623,1.223100,1.782162,-1.557032,1.223100
member,48085,3,3,1,0.681896,0.505657,0.505657,1.729647,2.125437,1.625371,-1.729647
member,42767,9,9,1,0.466990,0.626886,0.626886,1.407100,2.576949,2.034740,-1.407100
member,4070,2,2,1,0.041833,0.959030,0.959030,0.236964,5.526966,4.121219,-0.236964
member,16286,1,1,1,0.107215,0.898332,0.898332,0.460677,4.543293,2.586217,-0.460677
member,1118,7,7,1,0.668911,0.512266,0.512266,1.673892,2.256555,1.643268,-1.673892
member,10074,1,1,1,0.738057,0.478042,0.478042,1.724303,2.110983,1.020695,-1.724303
member,11373,9,9,1,0.052798,0.948572,0.948572,0.278564,5.501084,3.683100,-0.278564
member,32684,1,1,1,0.238379,0.787904,0.787904,0.917026,3.426080,2.413973,-0.917026
member,46433,3,3,1,0.328139,0.720263,0.720263,0.765437,4.327506,1.076502,-0.765437
member,25349,7,7,1,0.021379,0.978848,0.978848,0.138954,6.058542,4.822714,-0.138954
member,6715,7,7,1,0.562571,0.569742,0.569742,1.593805,2.356409,2.014906,-1.593805
member,34567,0,0,1,0.652992,0.520486,0.520486,1.467681,2.518640,0.710226,-1.467681
member,1030,3,3,1,1.453489,0.233753,0.233753,2.082499,1.080494,0.132823,-2.082499
member,22753,9,9,1,0.028511,0.971892,0.971892,0.184884,5.278582,4.927356,-0.184884
member,11761,7,7,1,0.193715,0.823893,0.823893,0.756461,4.358079,2.822828,-0.756461
member,35896,8,8,1,0.117824,0.888853,0.888853,0.567488,4.021916,3.319596,-0.567488
member,14492,4,4,1,0.873845,0.417344,0.417344,1.401477,2.801485,0.398409,-1.401477
member,25085,6,6,1,0.580978,0.559351,0.559351,1.451002,2.717127,1.133756,-1.451002
member,20395,8,8,1,0.759978,0.467677,0.467677,1.659185,2.184891,0.815433,-1.659185
member,4813,6,2,0,2.173149,0.113819,0.564180,1.540106,0.902414,-1.600768,1.540106
member,8994,0,0,1,0.170753,0.843030,0.843030,0.685306,4.035072,2.295646,-0.685306
member,49691,3,3,1,1.136080,0.321075,0.321075,1.786744,1.817031,0.161630,-1.786744
member,21374,8,8,1,0.139332,0.869939,0.869939,0.577228,4.373024,2.425521,-0.577228
member,30242,4,4,1,0.591730,0.553369,0.553369,1.365302,2.791039,0.875124,-1.365302
member,47578,6,6,1,0.017168,0.982978,0.982978,0.114475,6.350603,4.944396,-0.114475
member,1164,3,6,0,1.222397,0.294523,0.420945,1.583217,1.908097,-0.357143,1.583217
member,24810,4,3,0,1.475093,0.228758,0.279804,1.941735,1.253855,-0.201426,1.941735
member,21109,7,7,1,0.389183,0.677610,0.677610,1.026385,3.734619,1.244928,-1.026385
member,3697,9,9,1,0.058864,0.942835,0.942835,0.333947,4.585986,4.272843,-0.333947
member,11438,6,6,1,0.165612,0.847375,0.847375,0.684180,4.090704,2.471104,-0.684180
member,4469,8,8,1,0.049439,0.951763,0.951763,0.267346,5.332953,3.652968,-0.267346
member,9807,9,9,1,0.315524,0.729406,0.729406,1.097336,3.195107,2.245226,-1.097336
member,47767,9,9,1,0.142344,0.867323,0.867323,0.570221,4.612788,2.574966,-0.570221
member,6748,7,7,1,0.164426,0.848381,0.848381,0.514743,5.242379,1.853682,-0.514743
member,49184,8,8,1,0.000793,0.999208,0.999208,0.008129,8.461341,8.750621,-0.008129
member,17378,7,7,1,0.203655,0.815744,0.815744,0.805188,3.876180,2.512549,-0.805188
member,36884,4,4,1,0.157211,0.854524,0.854524,0.453882,6.070618,1.818802,-0.453882
member,13356,5,5,1,0.993543,0.370263,0.370263,1.781607,2.030545,0.727276,-1.781607
member,32404,3,3,1,0.378151,0.685127,0.685127,0.963762,3.665606,1.105425,-0.963762
member,42454,9,9,1,0.292933,0.746072,0.746072,0.960309,3.276110,1.652027,-0.960309
member,46065,5,5,1,0.693766,0.499691,0.499691,1.174393,3.160270,0.263411,-1.174393
member,11538,2,5,0,1.417740,0.242261,0.258491,1.941745,1.356512,-0.064848,1.941745
member,2008,7,7,1,0.017629,0.982525,0.982525,0.124166,5.732071,5.678825,-0.124166
member,3221,5,5,1,0.009988,0.990061,0.990061,0.068776,7.041674,5.231816,-0.068776
member,44996,9,9,1,0.013331,0.986758,0.986758,0.095589,6.205264,5.507524,-0.095589
member,18762,5,4,0,2.336935,0.096623,0.354282,1.800095,0.713714,-1.299272,1.800095
member,14165,1,1,1,0.007044,0.992981,0.992981,0.051819,7.076374,5.455314,-0.051819
member,40683,8,8,1,0.036399,0.964255,0.964255,0.226122,5.168753,4.638814,-0.226122
member,25080,7,7,1,0.145385,0.864690,0.864690,0.646152,4.080661,3.084473,-0.646152
member,1822,8,8,1,0.285099,0.751939,0.751939,0.966983,3.426357,1.794315,-0.966983
member,44661,7,7,1,0.425230,0.653620,0.653620,1.137919,3.498898,1.350535,-1.137919
member,6848,8,8,1,0.024974,0.975335,0.975335,0.156347,5.860026,4.719268,-0.156347
member,12635,6,6,1,0.201375,0.817606,0.817606,0.766279,3.972031,2.401042,-0.766279
member,37668,3,4,0,1.993522,0.136215,0.208308,2.102494,0.499132,-0.424783,2.102494
member,6095,6,6,1,0.562502,0.569782,0.569782,1.246452,3.127868,0.789602,-1.246452
member,39248,2,2,1,0.029191,0.971231,0.971231,0.167663,6.014908,4.010428,-0.167663
member,10577,0,0,1,0.359361,0.698123,0.698123,1.033314,3.584372,1.616675,-1.033314
member,31074,2,2,1,0.487785,0.613985,0.613985,1.326444,2.787108,1.346720,-1.326444
member,29112,9,9,1,0.433356,0.648329,0.648329,1.256962,2.955105,1.396814,-1.256962
member,10192,3,3,1,0.568984,0.566100,0.566100,1.485480,2.611241,1.470396,-1.485480
member,314,3,3,1,0.960999,0.382511,0.382511,1.794016,1.920289,0.496763,-1.794016
member,11449,3,3,1,0.374255,0.687801,0.687801,0.655277,6.006383,0.806140,-0.655277
member,30745,8,8,1,0.057549,0.944076,0.944076,0.317459,4.867826,3.711410,-0.317459
member,29702,7,7,1,0.586865,0.556068,0.556068,1.205698,3.372649,0.659214,-1.205698
member,27658,3,3,1,0.667646,0.512915,0.512915,1.386784,2.817989,0.614928,-1.386784
member,23685,1,1,1,0.037621,0.963078,0.963078,0.199964,5.768350,3.621661,-0.199964
member,28375,4,4,1,0.483907,0.616370,0.616370,1.407087,2.676307,1.739911,-1.407087
member,3085,1,1,1,0.122855,0.884392,0.884392,0.583674,4.042159,3.193993,-0.583674
member,49371,0,0,1,0.295078,0.744474,0.744474,0.928226,3.786060,1.644277,-0.928226
member,3751,5,7,0,1.762938,0.171540,0.199302,2.060512,0.888361,-0.150005,2.060512
member,5048,8,8,1,0.061243,0.940595,0.940595,0.340341,4.806896,4.078754,-0.340341
member,29186,9,9,1,0.394172,0.674238,0.674238,1.254149,2.876771,1.991578,-1.254149
member,30708,3,3,1,0.471342,0.624164,0.624164,1.324046,3.121317,1.693464,-1.324046
member,20146,6,6,1,0.152523,0.858540,0.858540,0.693834,3.751356,3.187992,-0.693834
member,32249,9,9,1,0.048487,0.952670,0.952670,0.282736,5.018720,4.308024,-0.282736
member,4969,4,4,1,0.494953,0.609600,0.609600,1.382764,2.786452,1.502713,-1.382764
member,30525,9,9,1,0.018291,0.981875,0.981875,0.120563,6.189922,4.927444,-0.120563
member,18494,6,6,1,0.122971,0.884289,0.884289,0.553559,4.504492,3.174075,-0.553559
member,38064,1,1,1,0.340038,0.711743,0.711743,0.921571,3.801291,1.231716,-0.921571
member,41836,4,4,1,0.528658,0.589396,0.589396,1.209302,3.138278,0.825508,-1.209302
member,32752,6,6,1,1.094264,0.334786,0.334786,2.057490,1.423829,0.926987,-2.057490
member,20073,2,2,1,0.932837,0.393436,0.393436,1.489068,2.523597,0.088770,-1.489068
member,26273,4,4,1,0.550292,0.576781,0.576781,1.410952,2.736026,1.133949,-1.410952
member,13649,0,0,1,0.566728,0.567379,0.567379,1.449032,2.671827,1.255692,-1.449032
member,25533,8,8,1,0.054263,0.947183,0.947183,0.304765,4.883264,3.966172,-0.304765
member,17521,7,7,1,0.041567,0.959285,0.959285,0.228711,5.571821,3.695529,-0.228711
member,25480,4,4,1,0.010141,0.989910,0.989910,0.074661,6.591152,5.951340,-0.074661
member,48234,1,1,1,0.889801,0.410738,0.410738,1.732571,2.290491,1.018212,-1.732571
member,48787,4,4,1,0.163660,0.849030,0.849030,0.563514,4.849242,1.999569,-0.563514
member,32389,3,5,0,1.043760,0.352128,0.417520,1.267992,3.117145,-0.170337,1.267992
member,5086,3,6,0,1.093467,0.335053,0.338349,1.713316,1.839692,-0.009789,1.713316
member,17252,8,8,1,0.085673,0.917895,0.917895,0.410776,4.645704,3.005416,-0.410776
member,4039,1,1,1,0.128135,0.879735,0.879735,0.595609,4.067249,3.067978,-0.595609
member,18386,0,0,1,1.183644,0.306161,0.306161,1.673752,2.010691,0.164528,-1.673752
member,4246,9,9,1,0.196186,0.821859,0.821859,0.716791,4.084006,2.103169,-0.716791
member,18627,4,4,1,0.160936,0.851347,0.851347,0.672283,4.051905,2.570680,-0.672283
member,879,1,1,1,0.529984,0.588614,0.588614,1.473725,2.485207,1.378247,-1.473725
member,23298,7,7,1,0.012387,0.987689,0.987689,0.092244,6.038978,6.149173,-0.092244
member,29752,6,6,1,0.011461,0.988604,0.988604,0.085217,6.274604,5.833689,-0.085217
member,30172,0,0,1,0.446271,0.640010,0.640010,1.131571,3.389041,1.103606,-1.131571
member,28559,1,1,1,0.078090,0.924881,0.924881,0.374498,5.003908,3.349391,-0.374498
member,18863,2,2,1,0.329322,0.719411,0.719411,1.013381,3.645015,1.670960,-1.013381
member,43343,7,7,1,0.113276,0.892904,0.892904,0.506236,4.721460,2.982236,-0.506236
member,34210,8,8,1,0.008860,0.991179,0.991179,0.064017,6.802901,5.323707,-0.064017
member,26083,0,0,1,0.091705,0.912375,0.912375,0.425284,4.915369,3.152297,-0.425284
member,1941,4,4,1,0.266073,0.766383,0.766383,0.985016,3.446308,2.670353,-0.985016
member,22225,5,5,1,1.089943,0.336236,0.336236,1.772795,1.959988,0.542261,-1.772795
member,44691,8,8,1,0.031389,0.969099,0.969099,0.193515,5.416130,4.245868,-0.193515
member,43239,4,4,1,1.393417,0.248226,0.248226,2.012192,1.312295,0.352107,-2.012192
member,23859,3,2,0,3.320779,0.036125,0.715611,1.033049,0.502019,-2.986160,1.033049
member,14158,8,8,1,0.058245,0.943419,0.943419,0.301084,5.118286,3.335463,-0.301084
member,33875,5,3,0,1.357067,0.257415,0.537651,1.353851,2.118249,-0.736522,1.353851
member,48104,7,7,1,0.442616,0.642354,0.642354,1.286764,3.041761,1.928201,-1.286764
member,23449,0,2,0,0.862813,0.421973,0.508848,1.016948,3.290831,-0.187208,1.016948
member,6623,1,1,1,0.084115,0.919325,0.919325,0.431073,4.415208,3.433763,-0.431073
member,38264,8,8,1,0.155373,0.856096,0.856096,0.686729,3.881391,3.023495,-0.686729
member,26241,1,1,1,0.036193,0.964454,0.964454,0.221311,5.326734,4.774020,-0.221311
member,47591,4,4,1,0.359413,0.698086,0.698086,1.131245,3.347253,1.864592,-1.131245
member,24155,6,6,1,0.808229,0.445646,0.445646,1.708501,2.075191,0.720156,-1.708501
member,32058,0,0,1,0.050899,0.950374,0.950374,0.274136,5.182440,3.589815,-0.274136
member,9331,7,7,1,0.187644,0.828910,0.828910,0.741157,4.209599,2.501493,-0.741157
member,43564,0,0,1,0.338256,0.713013,0.713013,1.132493,3.147402,1.921258,-1.132493
member,3493,8,8,1,1.023563,0.359312,0.359312,1.635617,2.375584,0.468367,-1.635617
member,4878,5,5,1,0.580801,0.559450,0.559450,1.372206,2.720819,0.899770,-1.372206
member,47062,3,3,1,0.966865,0.380273,0.380273,1.855861,1.794155,0.625093,-1.855861
member,998,3,3,1,0.900451,0.406386,0.406386,1.730038,2.059831,0.706109,-1.730038
member,37086,5,5,1,0.014624,0.985482,0.985482,0.094758,6.575418,4.695159,-0.094758
member,36437,4,4,1,0.316778,0.728493,0.728493,0.907272,3.909960,1.396670,-0.907272
member,34749,8,8,1,0.039072,0.961682,0.961682,0.233259,5.175283,4.095000,-0.233259
member,28616,5,5,1,0.681779,0.505717,0.505717,1.441414,2.686833,0.642175,-1.441414
member,37095,3,3,1,1.058988,0.346807,0.346807,1.963579,1.628165,0.768684,-1.963579
member,22810,2,2,1,0.345968,0.707535,0.707535,1.135977,3.274512,2.048120,-1.135977
member,7142,3,3,1,1.102184,0.332145,0.332145,1.766622,1.862815,0.043619,-1.766622
member,21558,1,1,1,0.006016,0.994002,0.994002,0.046058,7.124455,5.802818,-0.046058
member,9935,8,8,1,0.861230,0.422642,0.422642,1.654682,2.233376,0.580138,-1.654682
member,4788,5,5,1,0.095581,0.908845,0.908845,0.387594,5.294227,2.565073,-0.387594
member,30510,8,8,1,0.036218,0.964430,0.964430,0.209445,5.628904,4.336551,-0.209445
member,31189,8,8,1,0.033469,0.967085,0.967085,0.211969,5.189656,4.926563,-0.211969
member,20083,5,3,0,0.925399,0.396373,0.535569,1.006374,3.301115,-0.300974,1.006374
member,10823,7,7,1,0.067059,0.935140,0.935140,0.346629,4.887368,3.381222,-0.346629
member,672,9,9,1,0.259112,0.771737,0.771737,0.713817,4.368749,1.407096,-0.713817
member,15594,0,0,1,1.001585,0.367297,0.367297,1.894117,1.784037,0.767594,-1.894117
member,43048,8,8,1,0.067070,0.935129,0.935129,0.377289,4.468234,4.351512,-0.377289
member,21911,5,5,1,0.565470,0.568093,0.568093,1.287233,2.938997,0.824150,-1.287233
member,11868,3,3,1,0.812410,0.443787,0.443787,1.828333,1.992523,1.317810,-1.828333
member,34690,1,1,1,0.061627,0.940233,0.940233,0.330185,4.947070,3.679955,-0.330185
member,11321,7,7,1,0.891026,0.410235,0.410235,1.902809,1.765355,1.270805,-1.902809
member,44211,5,5,1,0.787476,0.454992,0.454992,1.235051,2.838845,0.090084,-1.235051
member,24614,9,9,1,0.788229,0.454649,0.454649,1.857640,1.843786,1.606091,-1.857640
member,12005,5,5,1,0.190093,0.826883,0.826883,0.760523,3.862010,2.561441,-0.760523
member,3939,7,4,0,2.349862,0.095382,0.234198,2.033628,0.308521,-0.898276,2.033628
member,4613,7,7,1,0.058896,0.942804,0.942804,0.335399,4.680146,4.128924,-0.335399
member,36759,2,2,1,0.261294,0.770055,0.770055,0.945292,3.592806,2.195762,-0.945292
member,31458,9,9,1,0.124182,0.883219,0.883219,0.581921,4.279063,3.443762,-0.581921
member,44952,9,9,1,0.690608,0.501271,0.501271,1.594574,2.503483,1.180159,-1.594574
member,4347,5,5,1,0.637917,0.528392,0.528392,1.171748,3.091865,0.389326,-1.171748
member,39327,9,9,1,0.168043,0.845317,0.845317,0.724906,3.778334,2.782489,-0.724906
member,49922,3,3,1,0.591745,0.553361,0.553361,1.369904,3.097295,1.311478,-1.369904
member,22393,6,6,1,0.740258,0.476991,0.476991,1.447762,2.558236,0.420317,-1.447762
member,3156,5,5,1,0.491129,0.611935,0.611935,0.990440,3.727174,0.685054,-0.990440
member,29917,0,0,1,0.291745,0.746959,0.746959,0.979463,3.580574,2.094608,-0.979463
member,37223,3,3,1,0.893192,0.409347,0.409347,1.782258,1.976901,0.741302,-1.782258
member,13478,2,3,0,1.900108,0.149552,0.285453,1.929873,0.915747,-0.646431,1.929873
member,13871,4,7,0,1.372750,0.253409,0.741462,0.605497,5.105218,-1.073619,0.605497
member,38555,5,5,1,0.435212,0.647128,0.647128,1.148536,3.515920,1.411988,-1.148536
member,25329,7,7,1,0.968842,0.379522,0.379522,1.857570,1.846867,0.596944,-1.857570
member,44684,6,6,1,0.022659,0.977596,0.977596,0.144936,6.099417,4.730485,-0.144936
member,985,6,6,1,0.151700,0.859246,0.859246,0.586436,4.785188,2.447646,-0.586436
member,37139,9,9,1,0.347821,0.706225,0.706225,1.195443,3.026000,2.385569,-1.195443
member,35033,1,1,1,0.197268,0.820971,0.820971,0.697680,4.474283,2.128214,-0.697680
member,23730,9,9,1,0.004185,0.995824,0.995824,0.034148,7.370689,6.302623,-0.034148
member,7530,0,8,0,1.746315,0.174416,0.314773,1.780482,1.250073,-0.590412,1.780482
member,44394,9,9,1,0.139970,0.869384,0.869384,0.632054,3.980136,2.940367,-0.632054
member,32948,7,7,1,0.007122,0.992903,0.992903,0.055453,6.766355,5.915900,-0.055453
member,30877,6,6,1,0.121104,0.885942,0.885942,0.550349,4.401797,3.055442,-0.550349
member,29930,8,8,1,0.868128,0.419736,0.419736,1.784734,2.021395,0.905880,-1.784734
member,23415,7,7,1,0.027226,0.973142,0.973142,0.144160,6.744089,3.785107,-0.144160
member,6059,7,7,1,0.582610,0.558439,0.558439,1.585217,2.363516,1.799883,-1.585217
member,23679,9,9,1,0.212965,0.808185,0.808185,0.772100,3.825873,1.972037,-0.772100
member,15940,2,2,1,0.078796,0.924229,0.924229,0.412337,4.539231,3.688004,-0.412337
member,6948,8,8,1,0.015403,0.984715,0.984715,0.108257,6.046879,5.447517,-0.108257
member,30095,5,5,1,0.558971,0.571797,0.571797,1.497414,2.615103,1.629985,-1.497414
member,41339,5,5,1,0.688504,0.502327,0.502327,1.444818,2.631569,0.676674,-1.444818
member,49598,4,4,1,0.629691,0.532756,0.532756,1.609786,2.350438,1.272075,-1.609786
member,33183,2,4,0,1.027407,0.357934,0.439573,1.417751,2.394561,-0.205456,1.417751
member,16580,5,5,1,0.431935,0.649252,0.649252,1.218590,3.107116,1.577435,-1.218590
member,1388,4,4,1,0.744038,0.475191,0.475191,1.733867,2.059007,1.043651,-1.733867
member,21350,9,9,1,0.078182,0.924796,0.924796,0.418950,4.439943,3.924938,-0.418950
member,49750,9,9,1,0.374300,0.687771,0.687771,0.957385,3.662231,1.139757,-0.957385
member,34431,4,4,1,0.204095,0.815385,0.815385,0.780692,3.803297,2.189805,-0.780692
member,24454,4,4,1,0.247727,0.780573,0.780573,0.869901,3.725405,1.988717,-0.869901
member,40359,0,7,0,1.452892,0.233893,0.315607,1.785793,1.498978,-0.299635,1.785793
member,18577,7,7,1,0.050719,0.950546,0.950546,0.296682,4.828122,4.198192,-0.296682
member,33451,0,0,1,0.544243,0.580281,0.580281,1.364476,2.718200,0.951701,-1.364476
member,47852,0,0,1,0.326339,0.721561,0.721561,1.067369,3.315601,1.704023,-1.067369
member,4,1,1,1,0.075310,0.927456,0.927456,0.364129,5.001361,3.183186,-0.364129
member,29182,9,9,1,0.175626,0.838932,0.838932,0.691870,4.166190,2.644043,-0.691870
member,8230,5,3,0,1.405722,0.245190,0.527661,1.426296,1.901165,-0.766421,1.426296
member,5946,4,4,1,1.196826,0.302152,0.302152,1.969748,1.545339,0.520929,-1.969748
member,7822,4,4,1,0.199258,0.819338,0.819338,0.799582,3.700595,2.567827,-0.799582
member,19486,9,9,1,0.038537,0.962196,0.962196,0.207504,5.595440,3.616571,-0.207504
member,15384,9,9,1,0.061735,0.940132,0.940132,0.326422,4.910207,3.510112,-0.326422
member,41099,5,5,1,0.136481,0.872423,0.872423,0.564510,4.746357,2.618078,-0.564510
member,18183,9,9,1,0.231926,0.793005,0.793005,0.909779,3.433237,2.621604,-0.909779
member,27161,7,7,1,0.520933,0.593966,0.593966,1.307771,2.966942,1.127484,-1.307771
member,11645,1,1,1,0.073002,0.929599,0.929599,0.376107,4.701936,3.502435,-0.376107
member,24390,7,7,1,1.169930,0.310389,0.310389,1.605774,2.424909,0.162422,-1.605774
member,4850,5,5,1,0.310182,0.733314,0.733314,0.825162,3.868445,1.244928,-0.825162
member,47435,9,9,1,0.051381,0.949917,0.949917,0.284655,5.025402,3.834667,-0.284655
member,42206,3,3,1,0.252717,0.776688,0.776688,0.822755,4.167720,2.065993,-0.822755
member,45340,4,4,1,0.261391,0.769980,0.769980,0.906721,3.752527,2.032804,-0.906721
member,28169,6,6,1,0.978964,0.375700,0.375700,1.528629,2.533174,0.247506,-1.528629
member,3419,8,8,1,0.395761,0.673168,0.673168,1.064821,3.416559,1.199183,-1.064821
member,42590,3,6,0,1.639187,0.194138,0.272130,1.843704,1.281508,-0.337711,1.843704
member,38734,8,8,1,0.199946,0.818775,0.818775,0.774648,3.777709,2.211894,-0.774648
member,36719,9,9,1,0.276159,0.758692,0.758692,0.959478,3.482334,2.001341,-0.959478
member,29497,0,0,1,0.654071,0.519925,0.519925,1.668730,2.223407,1.603085,-1.668730
member,4362,5,5,1,0.168393,0.845022,0.845022,0.546764,4.903961,1.883551,-0.546764
member,4028,9,9,1,0.069222,0.933119,0.933119,0.367353,4.717677,3.807028,-0.367353
member,3426,5,5,1,0.147600,0.862777,0.862777,0.595814,4.398953,2.560233,-0.595814
member,20268,6,6,1,0.427037,0.652440,0.652440,1.185552,3.113398,1.248187,-1.185552
member,20057,1,1,1,0.039438,0.961330,0.961330,0.222561,5.562610,3.917484,-0.222561
member,11478,2,2,1,0.341903,0.710417,0.710417,1.153665,3.173529,2.211555,-1.153665
member,47944,9,9,1,0.203572,0.815812,0.815812,0.774034,3.715307,2.160757,-0.774034
member,29392,5,5,1,0.616683,0.539732,0.539732,1.224240,3.180065,0.615770,-1.224240
member,29046,4,4,1,1.230032,0.292283,0.292283,1.999146,1.438688,0.383064,-1.999146
member,8564,6,6,1,0.985697,0.373179,0.373179,1.788322,1.896745,0.346740,-1.788322
member,39506,3,3,1,0.612178,0.542169,0.542169,1.253744,2.876514,0.537326,-1.253744
member,49804,6,2,0,0.856681,0.424569,0.491219,1.072583,3.256445,-0.145815,1.072583
member,25449,2,2,1,0.123922,0.883449,0.883449,0.581845,4.219321,3.415248,-0.581845
member,34921,6,6,1,0.062472,0.939440,0.939440,0.326344,4.982665,3.430808,-0.326344
member,30477,5,2,0,1.570255,0.207992,0.272244,2.008611,1.127689,-0.269200,2.008611
member,13519,8,8,1,0.012455,0.987623,0.987623,0.091572,6.054827,5.583783,-0.091572
member,34007,5,5,1,0.439064,0.644640,0.644640,0.894060,3.959248,0.753158,-0.894060
member,21315,3,3,1,1.260101,0.283625,0.283625,1.949628,1.454065,0.134747,-1.949628
member,42424,1,1,1,0.033316,0.967233,0.967233,0.203860,5.317536,4.363878,-0.203860
member,48900,5,5,1,0.537999,0.583916,0.583916,1.452825,2.672962,1.558323,-1.452825
member,47632,2,2,1,0.256650,0.773639,0.773639,0.905139,3.573028,1.903542,-0.905139
member,49788,8,8,1,0.039720,0.961058,0.961058,0.209894,5.707318,3.545813,-0.209894
member,44231,1,1,1,0.149330,0.861285,0.861285,0.543272,4.674484,2.127800,-0.543272
member,10723,9,9,1,0.024436,0.975860,0.975860,0.161795,5.473901,4.927516,-0.161795
member,13154,2,2,1,0.230492,0.794143,0.794143,0.869883,3.641164,2.272023,-0.869883
member,13762,4,4,1,0.704163,0.494522,0.494522,1.737398,2.086437,1.364857,-1.737398
member,42811,4,4,1,0.465617,0.627748,0.627748,1.229769,3.154649,1.217202,-1.229769
member,30803,7,7,1,0.849612,0.427581,0.427581,1.309862,2.929091,0.091024,-1.309862
member,36260,7,7,1,0.786623,0.455380,0.455380,1.805300,1.966210,1.148075,-1.805300
member,21436,5,5,1,0.523522,0.592430,0.592430,1.364662,2.848433,1.411261,-1.364662
member,25970,0,0,1,0.274777,0.759742,0.759742,0.981877,3.375062,1.979369,-0.981877
member,32203,8,8,1,1.029072,0.357339,0.357339,1.765941,1.912754,0.548195,-1.765941
member,7180,3,3,1,0.745964,0.474277,0.474277,1.436235,2.676629,0.603611,-1.436235
member,41280,9,9,1,0.154792,0.856593,0.856593,0.690349,3.824968,2.975781,-0.690349
member,28086,1,1,1,0.346339,0.707273,0.707273,0.987782,3.473656,1.327460,-0.987782
member,13701,1,1,1,0.023138,0.977128,0.977128,0.138088,6.410849,4.421909,-0.138088
member,1003,2,2,1,1.573919,0.207231,0.207231,2.074178,1.031654,0.197800,-2.074178
member,9058,0,0,1,0.204522,0.815037,0.815037,0.777597,3.980637,2.344416,-0.777597
member,44234,3,3,1,0.096599,0.907920,0.907920,0.426951,5.090477,2.956681,-0.426951
member,25674,4,4,1,0.019617,0.980574,0.980574,0.113945,6.762288,4.184534,-0.113945
member,45055,9,9,1,0.116530,0.890003,0.890003,0.481038,4.645458,2.486792,-0.481038
member,35143,4,4,1,0.300515,0.740437,0.740437,1.018858,3.503363,2.059040,-1.018858
member,38162,8,8,1,0.191539,0.825688,0.825688,0.755767,3.943357,2.421025,-0.755767
member,22476,6,6,1,0.110838,0.895083,0.895083,0.502782,4.455916,2.814986,-0.502782
member,23006,1,1,1,0.050954,0.950322,0.950322,0.301973,4.691180,4.609203,-0.301973
member,45343,7,7,1,0.142696,0.867017,0.867017,0.599491,4.300474,2.600125,-0.599491
member,36127,5,5,1,0.554480,0.574371,0.574371,1.341013,2.867117,0.971017,-1.341013
member,49709,5,5,1,0.497592,0.607993,0.607993,1.443042,2.518003,1.788020,-1.443042
member,13098,1,1,1,0.661234,0.516214,0.516214,1.672957,2.186580,1.264968,-1.672957
member,37195,9,9,1,0.039041,0.961711,0.961711,0.242764,4.878494,4.819052,-0.242764
member,4107,7,7,1,0.280527,0.755386,0.755386,0.948621,3.601138,1.842248,-0.948621
member,41335,8,8,1,0.013953,0.986144,0.986144,0.097031,6.258143,5.014532,-0.097031
member,25222,2,2,1,0.704047,0.494580,0.494580,1.551150,2.565554,0.980508,-1.551150
member,35839,4,7,0,1.476429,0.228452,0.417326,1.680254,1.622092,-0.602542,1.680254
member,29718,7,7,1,0.714401,0.489485,0.489485,1.660016,2.209525,1.188431,-1.660016
member,46952,6,6,1,0.144483,0.865469,0.865469,0.613262,4.138583,2.529544,-0.613262
member,29827,4,4,1,0.058331,0.943338,0.943338,0.311464,4.978144,3.586350,-0.311464
member,17542,7,7,1,0.010405,0.989649,0.989649,0.078233,6.393188,6.016272,-0.078233
member,24915,7,7,1,0.004487,0.995523,0.995523,0.036865,7.362232,6.593884,-0.036865
member,4513,7,7,1,0.002764,0.997240,0.997240,0.023655,7.889659,6.722485,-0.023655
member,19936,4,4,1,0.234833,0.790703,0.790703,0.864655,3.829704,2.374864,-0.864655
member,46524,7,7,1,0.128664,0.879270,0.879270,0.580425,4.206593,2.841338,-0.580425
member,24510,6,9,0,1.970197,0.139429,0.258339,2.007895,0.655951,-0.616714,2.007895
member,27441,3,3,1,0.816691,0.441892,0.441892,1.280035,3.046839,0.120504,-1.280035
member,12001,9,9,1,0.343155,0.709528,0.709528,1.177482,3.038743,2.203553,-1.177482
member,23353,3,3,1,0.340300,0.711557,0.711557,0.857822,4.017461,1.135183,-0.857822
member,27292,5,5,1,0.243730,0.783699,0.783699,0.651524,4.864226,1.428490,-0.651524
member,34203,2,2,1,1.116131,0.327545,0.327545,1.665899,2.058867,0.050415,-1.665899
member,12147,3,3,1,0.769334,0.463321,0.463321,1.601386,2.339863,0.620283,-1.601386
member,15291,6,6,1,1.022232,0.359791,0.359791,1.847840,1.786399,0.481632,-1.847840
member,46879,2,2,1,0.512617,0.598926,0.598926,1.453641,2.742432,1.990627,-1.453641
member,8690,1,1,1,0.004983,0.995030,0.995030,0.040637,6.996394,6.460389,-0.040637
member,12653,9,9,1,0.069002,0.933325,0.933325,0.289616,5.830428,2.791966,-0.289616
member,31469,2,5,0,1.930985,0.145005,0.425381,1.598735,1.209451,-1.076214,1.598735
member,2954,8,8,1,0.003318,0.996688,0.996688,0.028993,7.266073,7.231471,-0.028993
member,3003,3,3,1,0.255463,0.774558,0.774558,0.810856,4.619166,2.034756,-0.810856
member,15813,2,2,1,0.137842,0.871236,0.871236,0.614660,4.229186,3.198552,-0.614660
member,6656,1,1,1,0.170380,0.843344,0.843344,0.713230,3.959859,2.712179,-0.713230
member,12773,1,1,1,0.073556,0.929084,0.929084,0.317835,5.468066,2.797711,-0.317835
member,39530,0,0,1,0.070218,0.932191,0.932191,0.342615,5.114955,3.146756,-0.342615
member,34407,3,3,1,0.132063,0.876286,0.876286,0.500415,4.816644,2.244382,-0.500415
member,8836,5,5,1,0.064608,0.937434,0.937434,0.273162,5.828168,2.841333,-0.273162
member,14617,9,9,1,0.275648,0.759080,0.759080,1.035909,3.182673,2.641645,-1.035909
member,22835,2,2,1,0.457109,0.633111,0.633111,1.128834,3.211026,0.960624,-1.128834
member,15980,5,5,1,0.399015,0.670981,0.670981,1.019206,3.648390,1.118455,-1.019206
member,37915,5,5,1,1.107847,0.330269,0.330269,1.865114,1.751487,0.376743,-1.865114
member,1570,1,1,1,0.405682,0.666522,0.666522,1.300649,2.741275,1.888618,-1.300649
member,35907,4,4,1,0.337856,0.713298,0.713298,1.124176,3.074600,1.979182,-1.124176
member,26089,6,6,1,0.069188,0.933151,0.933151,0.368270,4.792229,3.572982,-0.368270
member,20913,8,8,1,0.814111,0.443033,0.443033,1.731906,2.039232,0.832327,-1.731906
member,9957,7,7,1,0.072508,0.930059,0.930059,0.372527,5.028461,3.781885,-0.372527
member,18275,2,2,1,0.367349,0.692568,0.692568,1.168824,3.339490,1.852946,-1.168824
member,15431,5,5,1,0.648305,0.522932,0.522932,1.550877,2.492029,1.252515,-1.550877
member,23493,2,7,0,1.215857,0.296456,0.323858,1.653397,2.198166,-0.088408,1.653397
member,15789,2,2,1,0.419244,0.657544,0.657544,1.291622,2.947354,1.811285,-1.291622
member,35779,1,1,1,0.197662,0.820647,0.820647,0.744792,3.831222,2.102036,-0.744792
member,11980,5,5,1,0.705826,0.493700,0.493700,1.587323,2.408814,1.026011,-1.587323
member,44905,2,2,1,0.519407,0.594873,0.594873,1.462984,2.568986,1.568873,-1.462984
member,35762,5,3,0,0.960179,0.382824,0.433996,1.282713,3.034520,-0.125459,1.282713
member,27092,5,5,1,0.619419,0.538257,0.538257,1.636878,2.217319,1.676575,-1.636878
member,46834,7,7,1,0.164941,0.847944,0.847944,0.711395,3.941358,2.932937,-0.711395
member,33437,9,9,1,0.315464,0.729451,0.729451,0.979026,3.801447,1.817562,-0.979026
member,47380,8,8,1,0.108688,0.897010,0.897010,0.542007,4.019519,3.616608,-0.542007
member,1590,9,9,1,0.010940,0.989120,0.989120,0.079715,6.388090,5.403797,-0.079715
member,26755,5,3,0,1.536270,0.215182,0.612001,1.230683,2.104138,-1.045249,1.230683
member,21758,0,0,1,0.090366,0.913597,0.913597,0.471851,4.260958,3.936459,-0.471851
member,3001,4,4,1,0.917782,0.399404,0.399404,1.727512,2.049709,0.564701,-1.727512
member,44111,7,7,1,0.019278,0.980906,0.980906,0.123083,6.432150,4.816596,-0.123083
member,43519,1,1,1,0.332264,0.717298,0.717298,0.982194,3.692939,1.608276,-0.982194
member,628,0,0,1,0.162572,0.849955,0.849955,0.631826,4.184339,2.203655,-0.631826
member,20736,1,1,1,0.028426,0.971974,0.971974,0.169462,5.747492,4.128322,-0.169462
member,11902,3,3,1,0.279103,0.756462,0.756462,0.952687,3.585315,2.005839,-0.952687
member,6366,1,1,1,0.088836,0.914996,0.914996,0.389171,4.943564,2.718048,-0.389171
member,17132,6,6,1,0.053612,0.947799,0.947799,0.231201,6.491544,3.005485,-0.231201
member,9478,1,0,0,1.520937,0.218507,0.518544,1.435177,1.879218,-0.864206,1.435177
member,41870,6,5,0,1.604690,0.200952,0.255821,2.015666,1.029628,-0.241412,2.015666
member,12932,8,8,1,0.047616,0.953499,0.953499,0.267986,5.215809,3.915909,-0.267986
member,13641,8,8,1,0.757745,0.468722,0.468722,1.703565,2.159937,0.977947,-1.703565
member,19626,1,1,1,0.116588,0.889952,0.889952,0.529871,4.402713,2.942055,-0.529871
member,9951,8,8,1,0.185179,0.830955,0.830955,0.744603,3.853877,2.393403,-0.744603
member,28962,4,4,1,0.210044,0.810549,0.810549,0.817855,3.823833,2.439245,-0.817855
member,28445,6,6,1,0.210917,0.809841,0.809841,0.796921,3.989668,2.433547,-0.796921
member,19698,5,5,1,0.138233,0.870896,0.870896,0.590411,4.209469,2.758690,-0.590411
member,44223,5,5,1,0.752680,0.471102,0.471102,1.154459,3.182054,0.125511,-1.154459
member,2996,0,2,0,1.243397,0.288403,0.424996,1.592358,1.974797,-0.387722,1.592358
member,13637,2,2,1,0.638584,0.528040,0.528040,1.515456,2.611025,1.076313,-1.515456
member,22470,5,5,1,0.035827,0.964807,0.964807,0.194214,6.079298,4.048457,-0.194214
member,36086,1,1,1,0.122030,0.885122,0.885122,0.550155,4.302208,2.890338,-0.550155
member,28917,0,0,1,0.262857,0.768852,0.768852,0.909958,3.683397,2.058722,-0.909958
member,17649,7,7,1,0.126271,0.881376,0.881376,0.546201,4.471500,2.645145,-0.546201
member,27955,8,8,1,0.084107,0.919333,0.919333,0.441691,4.339831,3.682882,-0.441691
member,2854,2,2,1,0.048444,0.952710,0.952710,0.262597,5.488917,3.730495,-0.262597
member,13389,6,2,0,2.009644,0.134036,0.626698,1.371934,1.245718,-1.542354,1.371934
member,13048,5,5,1,0.160969,0.851318,0.851318,0.554889,4.778379,2.024468,-0.554889
member,22332,6,6,1,0.756882,0.469127,0.469127,1.525109,2.855144,0.917818,-1.525109
member,30577,8,8,1,0.195088,0.822762,0.822762,0.677854,4.347676,1.910825,-0.677854
member,34734,2,2,1,0.185751,0.830481,0.830481,0.730462,4.024835,2.399987,-0.730462
member,19538,9,9,1,1.118074,0.326909,0.326909,1.871065,1.682280,0.496029,-1.871065
member,39586,9,9,1,0.512575,0.598951,0.598951,1.385566,2.833228,1.661213,-1.385566
member,5572,1,1,1,0.268048,0.764871,0.764871,1.018766,3.220894,2.574817,-1.018766
member,47750,2,2,1,0.322257,0.724512,0.724512,1.033150,3.695858,1.847932,-1.033150
member,30963,0,0,1,0.157342,0.854411,0.854411,0.586509,4.510919,2.155894,-0.586509
member,35495,5,5,1,0.317543,0.727935,0.727935,0.912921,4.034159,1.532648,-0.912921
member,20262,0,0,1,1.026855,0.358131,0.358131,1.633035,2.054827,0.120817,-1.633035
member,44659,8,0,0,1.003059,0.366756,0.379168,1.425310,2.475896,-0.033284,1.425310
member,21745,9,9,1,0.155050,0.856372,0.856372,0.672724,3.906815,2.804164,-0.672724
member,47248,2,2,1,0.291134,0.747416,0.747416,1.061244,3.239566,2.516527,-1.061244
member,36227,5,5,1,0.250903,0.778098,0.778098,0.922308,3.473187,2.067715,-0.922308
member,28786,3,3,1,0.244787,0.782871,0.782871,0.793529,4.013697,1.679215,-0.793529
member,35619,8,8,1,0.055604,0.945914,0.945914,0.318288,4.741738,4.284324,-0.318288
member,45999,7,7,1,0.897536,0.407572,0.407572,1.682871,2.124418,0.535567,-1.682871
member,49512,6,6,1,0.176590,0.838123,0.838123,0.727160,3.874200,2.489133,-0.727160
member,44514,7,7,1,0.552479,0.575521,0.575521,1.485844,2.615087,1.655326,-1.485844
member,28683,8,8,1,0.485552,0.615357,0.615357,1.281774,2.998264,1.149239,-1.281774
member,31548,5,5,1,0.036494,0.964163,0.964163,0.197315,5.684484,3.683753,-0.197315
member,31964,6,6,1,0.097727,0.906897,0.906897,0.463998,4.673687,3.202390,-0.463998
member,9433,5,5,1,0.619233,0.538357,0.538357,0.970495,3.686741,0.286209,-0.970495
member,22373,2,2,1,0.372281,0.689161,0.689161,1.067368,3.433246,1.393468,-1.067368
member,21622,7,7,1,0.033699,0.966862,0.966862,0.194945,5.937219,4.265537,-0.194945
member,12451,1,1,1,0.072475,0.930089,0.930089,0.396392,4.463377,4.296422,-0.396392
member,11799,1,8,0,1.885826,0.151704,0.436394,1.692218,1.113538,-1.056616,1.692218
member,31388,9,9,1,0.018017,0.982144,0.982144,0.115950,6.302156,4.656754,-0.115950
member,20768,5,5,1,0.147541,0.862827,0.862827,0.647165,3.925648,2.781336,-0.647165
member,4828,8,8,1,0.005194,0.994820,0.994820,0.043245,6.842127,6.686410,-0.043245
member,14589,7,7,1,0.108713,0.896988,0.896988,0.421928,5.192258,2.392578,-0.421928
member,1507,0,0,1,0.453445,0.635435,0.635435,1.287341,2.905154,1.296048,-1.287341
member,18612,2,2,1,0.022636,0.977618,0.977618,0.144925,6.015239,4.565335,-0.144925
member,19302,9,9,1,0.430009,0.650503,0.650503,1.306991,2.820461,1.603211,-1.306991
member,38309,6,6,1,0.915460,0.400332,0.400332,1.782540,2.057867,0.756971,-1.782540
member,1738,7,7,1,0.006916,0.993108,0.993108,0.050099,7.320103,5.404973,-0.050099
member,35875,3,3,1,0.515988,0.596911,0.596911,1.376738,2.745758,1.347357,-1.376738
member,47067,3,3,1,0.691634,0.500757,0.500757,1.539251,2.419856,0.749212,-1.539251
member,5114,7,7,1,0.124868,0.882613,0.882613,0.482406,4.906998,2.305201,-0.482406
member,24906,3,3,1,0.876181,0.416370,0.416370,1.782739,2.083930,1.026920,-1.782739
member,7635,2,0,0,1.152984,0.315693,0.644064,0.849737,3.559829,-0.713026,0.849737
member,14398,7,7,1,0.011863,0.988208,0.988208,0.087483,6.241302,5.919003,-0.087483
member,36170,2,2,1,0.483073,0.616885,0.616885,1.157225,3.296835,0.935009,-1.157225
member,9183,3,3,1,0.161888,0.850536,0.850536,0.719271,3.861228,3.234742,-0.719271
member,36796,5,5,1,0.106980,0.898544,0.898544,0.460981,4.717488,2.647519,-0.460981
member,37622,5,5,1,0.351468,0.703655,0.703655,0.807792,4.517604,1.040313,-0.807792
member,1655,3,3,1,0.660172,0.516762,0.516762,0.887019,3.965116,0.142492,-0.887019
member,4326,1,8,0,1.355463,0.257828,0.319233,1.843738,1.514525,-0.213630,1.843738
member,27377,5,5,1,0.361519,0.696618,0.696618,0.938101,4.074648,1.386014,-0.938101
member,19044,2,2,1,0.113560,0.892651,0.892651,0.513246,4.646310,3.043468,-0.513246
member,44328,2,2,1,0.962455,0.381954,0.381954,1.545211,2.224543,0.010322,-1.545211
member,9661,4,4,1,0.477051,0.620611,0.620611,1.256151,3.138903,1.295888,-1.256151
member,15914,8,8,1,0.025002,0.975308,0.975308,0.165664,5.561396,5.035524,-0.165664
member,25466,7,7,1,1.492800,0.224742,0.224742,2.175012,0.933303,0.400715,-2.175012
member,13610,5,5,1,0.602249,0.547579,0.547579,1.551808,2.467565,1.572864,-1.551808
member,11670,4,4,1,0.729393,0.482202,0.482202,1.712897,2.149991,1.358819,-1.712897
member,1219,2,2,1,0.046076,0.954969,0.954969,0.231756,6.113800,3.411985,-0.231756
member,38863,9,9,1,0.164799,0.848064,0.848064,0.735007,3.655787,3.212579,-0.735007
member,12557,8,8,1,0.070950,0.931508,0.931508,0.374057,4.736666,3.631319,-0.374057
member,39143,4,4,1,0.779625,0.458578,0.458578,1.386078,2.731842,0.463403,-1.386078
member,35508,1,1,1,0.004096,0.995912,0.995912,0.032348,7.633122,6.367579,-0.032348
member,11852,5,5,1,0.385731,0.679954,0.679954,1.197910,3.055602,1.865763,-1.197910
member,13238,0,0,1,0.269973,0.763400,0.763400,0.919856,3.620901,1.864066,-0.919856
member,29950,3,3,1,1.051272,0.349493,0.349493,1.844015,1.867027,0.445789,-1.844015
member,27984,2,2,1,0.487929,0.613896,0.613896,1.393578,2.845945,1.775966,-1.393578
member,22090,1,1,1,0.357685,0.699293,0.699293,0.773396,4.419954,0.955428,-0.773396
member,48989,2,2,1,0.704079,0.494564,0.494564,1.700747,2.175381,1.286650,-1.700747
member,40639,0,0,1,0.695483,0.498834,0.498834,1.501119,2.511424,0.783279,-1.501119
member,28911,7,7,1,0.349092,0.705328,0.705328,1.110510,3.335915,1.797574,-1.110510
member,8570,1,1,1,0.098697,0.906017,0.906017,0.451576,4.632624,2.869513,-0.451576
member,38431,0,0,1,1.107495,0.330386,0.330386,1.803425,1.769318,0.161400,-1.803425
member,40525,0,0,1,0.378965,0.684570,0.684570,1.099089,3.219483,1.312223,-1.099089
member,35549,3,3,1,0.860783,0.422831,0.422831,1.391533,2.769631,0.194665,-1.391533
member,29487,0,0,1,0.052396,0.948953,0.948953,0.294054,5.015364,3.877680,-0.294054
member,26037,7,7,1,0.253720,0.775909,0.775909,0.946957,3.511249,2.505747,-0.946957
member,19370,0,2,0,2.182304,0.112781,0.311296,1.840782,0.631649,-1.015295,1.840782
member,44734,5,5,1,0.322130,0.724604,0.724604,0.902223,3.970574,1.359440,-0.902223
member,6915,1,1,1,0.137983,0.871113,0.871113,0.558313,4.432631,2.380286,-0.558313
member,14998,9,9,1,0.951501,0.386161,0.386161,1.859354,1.786572,0.530057,-1.859354
member,16750,7,7,1,0.071230,0.931248,0.931248,0.361958,4.977149,3.520493,-0.361958
member,29959,1,1,1,0.134724,0.873957,0.873957,0.585097,4.371921,2.997437,-0.585097
member,28856,2,2,1,0.055174,0.946320,0.946320,0.303553,5.046833,3.683138,-0.303553
member,38911,1,1,1,0.398442,0.671365,0.671365,1.171736,3.141180,1.524550,-1.171736
member,5843,0,0,1,0.163762,0.848944,0.848944,0.677250,4.235016,2.764223,-0.677250
member,15769,7,7,1,0.448841,0.638367,0.638367,1.245591,3.021897,1.278773,-1.245591
member,27098,7,7,1,0.196698,0.821438,0.821438,0.781825,3.864792,2.631182,-0.781825
member,34726,9,9,1,1.470046,0.229915,0.229915,2.101365,1.038778,0.065712,-2.101365
member,20930,6,6,1,0.224835,0.798648,0.798648,0.866517,3.625473,2.281467,-0.866517
member,12313,4,4,1,0.069458,0.932899,0.932899,0.372365,4.665439,3.966153,-0.372365
member,8293,6,6,1,0.202050,0.817054,0.817054,0.782482,3.762738,2.190851,-0.782482
member,49408,3,8,0,1.962699,0.140479,0.192236,2.201045,0.501834,-0.313669,2.201045
member,22319,7,7,1,1.089164,0.336498,0.336498,1.822011,1.818966,0.243359,-1.822011
member,20486,1,1,1,0.072869,0.929723,0.929723,0.364912,4.877793,3.312477,-0.364912
member,22610,6,6,1,0.869021,0.419362,0.419362,1.579276,2.373992,0.520668,-1.579276
member,12465,2,2,1,0.467238,0.626731,0.626731,1.237102,3.045752,1.187125,-1.237102
member,41512,2,2,1,0.513938,0.598136,0.598136,1.392326,2.847923,1.576268,-1.392326
member,48609,3,3,1,0.721782,0.485886,0.485886,1.401266,2.665987,0.434948,-1.401266
member,17672,3,3,1,0.771562,0.462290,0.462290,1.265156,2.888898,0.165580,-1.265156
member,8565,9,9,1,0.090412,0.913555,0.913555,0.455999,4.414809,3.338319,-0.455999
member,42905,9,9,1,1.109473,0.329733,0.329733,1.913836,1.662395,0.608187,-1.913836
member,33294,5,5,1,0.070399,0.932022,0.932022,0.341402,5.038683,3.099165,-0.341402
member,12928,6,3,0,1.196973,0.302107,0.366389,1.745331,1.612916,-0.192914,1.745331
member,8383,0,0,1,0.239212,0.787248,0.787248,0.925829,3.516735,2.558980,-0.925829
member,26546,0,0,1,0.068560,0.933737,0.933737,0.374261,4.580901,3.879138,-0.374261
member,21160,8,8,1,0.166016,0.847032,0.847032,0.586962,4.499920,2.000161,-0.586962
member,25331,1,1,1,0.231343,0.793467,0.793467,0.887128,3.455819,2.146333,-0.887128
member,416,3,3,1,0.860992,0.422742,0.422742,1.424556,2.400576,0.094673,-1.424556
member,38313,5,5,1,0.485964,0.615104,0.615104,1.101118,3.215533,0.784072,-1.101118
member,40758,1,1,1,0.100850,0.904068,0.904068,0.485559,4.667513,3.497969,-0.485559
member,1406,4,4,1,0.088833,0.914999,0.914999,0.424685,4.767895,3.335885,-0.424685
member,27988,8,8,1,0.119050,0.887764,0.887764,0.425578,5.688015,2.231184,-0.425578
member,20657,9,9,1,0.212191,0.808810,0.808810,0.845153,3.578833,2.479550,-0.845153
member,46981,0,0,1,0.059874,0.941883,0.941883,0.318323,5.128099,3.570762,-0.318323
member,29901,1,1,1,0.111134,0.894819,0.894819,0.524883,4.379216,3.382379,-0.524883
member,32869,6,6,1,0.718938,0.487269,0.487269,1.626170,2.231463,0.769480,-1.626170
member,21613,7,7,1,0.337594,0.713485,0.713485,0.852812,4.135577,1.153330,-0.852812
member,18692,9,9,1,0.105526,0.899851,0.899851,0.499364,4.406100,3.346771,-0.499364
member,14462,9,9,1,0.688847,0.502155,0.502155,1.234007,3.090367,0.375145,-1.234007
member,13529,9,9,1,0.067975,0.934283,0.934283,0.368324,4.600671,3.809015,-0.368324
member,29804,5,5,1,0.545572,0.579510,0.579510,1.030196,3.606949,0.546932,-1.030196
member,1444,2,2,1,0.410660,0.663212,0.663212,1.277123,2.748930,1.860393,-1.277123
member,18218,0,0,1,0.343061,0.709595,0.709595,1.115968,3.230022,1.932126,-1.115968
member,45063,9,9,1,0.227130,0.796818,0.796818,0.710627,4.228224,1.668320,-0.710627
member,30646,1,1,1,0.168354,0.845055,0.845055,0.621707,4.333575,2.079695,-0.621707
member,49167,9,9,1,0.470948,0.624410,0.624410,1.297071,3.002230,1.458052,-1.297071
member,39989,3,3,1,0.500893,0.605989,0.605989,1.355003,2.943620,1.569620,-1.355003
member,44755,9,9,1,0.146850,0.863424,0.863424,0.644759,4.099284,2.835853,-0.644759
member,48345,9,9,1,0.286365,0.750989,0.750989,0.979678,3.504477,1.858945,-0.979678
member,42969,4,0,0,2.424261,0.088544,0.474300,1.643225,0.542737,-1.678346,1.643225
member,20419,8,8,1,0.376069,0.686555,0.686555,1.178271,3.022806,1.602859,-1.178271
member,10896,0,0,1,0.166612,0.846528,0.846528,0.733408,3.783738,2.971600,-0.733408
member,45620,8,8,1,0.073795,0.928862,0.928862,0.400049,4.473011,3.911024,-0.400049
member,36349,2,2,1,0.112435,0.893655,0.893655,0.524905,4.405813,2.991505,-0.524905
member,19312,3,3,1,1.106465,0.330726,0.330726,1.640613,2.204779,0.157113,-1.640613
member,5582,6,6,1,0.009920,0.990129,0.990129,0.070293,6.918952,5.225050,-0.070293
member,6682,0,2,0,1.402406,0.246004,0.323245,1.888029,1.402571,-0.273061,1.888029
member,30679,7,7,1,0.044461,0.956513,0.956513,0.257159,5.254269,4.241362,-0.257159
member,28388,4,4,1,0.487017,0.614457,0.614457,1.004537,3.894369,0.762860,-1.004537
member,6847,3,3,1,0.597174,0.550365,0.550365,1.590228,2.310997,1.385902,-1.590228
member,15981,2,4,0,0.995142,0.369671,0.468083,1.334500,2.468287,-0.236032,1.334500
member,33675,4,4,1,0.978691,0.375803,0.375803,1.719491,2.150514,0.541621,-1.719491
member,47503,4,4,1,0.269995,0.763383,0.763383,0.948086,3.542954,2.011079,-0.948086
member,7565,7,7,1,0.006015,0.994003,0.994003,0.047702,7.056593,6.217217,-0.047702
member,20728,8,8,1,0.542625,0.581220,0.581220,1.341547,2.907058,1.026173,-1.341547
member,7411,3,7,0,1.085530,0.337723,0.360966,1.588557,2.284007,-0.066560,1.588557
member,25354,2,2,1,0.279138,0.756436,0.756436,1.021449,3.395128,2.367759,-1.021449
member,47738,4,4,1,0.289369,0.748736,0.748736,1.043453,3.369273,2.390332,-1.043453
member,9758,6,6,1,0.067435,0.934788,0.934788,0.373034,4.667089,4.348166,-0.373034
member,9767,0,0,1,1.075419,0.341155,0.341155,1.892054,1.791003,0.544342,-1.892054
member,7133,6,6,1,0.595098,0.551508,0.551508,1.574623,2.428712,1.631010,-1.574623
member,28593,2,2,1,0.940194,0.390552,0.390552,1.424902,2.768636,0.039482,-1.424902
member,41209,1,1,1,0.003225,0.996780,0.996780,0.028278,7.312147,7.262042,-0.028278
member,23111,9,9,1,0.038753,0.961988,0.961988,0.235329,5.146142,4.472709,-0.235329
member,44346,6,6,1,0.321105,0.725347,0.725347,0.889738,3.943317,1.315158,-0.889738
member,22809,3,3,1,0.250102,0.778721,0.778721,0.878809,3.928099,2.054180,-0.878809
member,20507,3,3,1,0.049436,0.951766,0.951766,0.238982,5.860157,3.242272,-0.238982
member,45705,5,5,1,0.079080,0.923966,0.923966,0.401336,4.752899,3.482438,-0.401336
member,21761,0,0,1,0.990616,0.371348,0.371348,1.890459,1.811220,0.823731,-1.890459
member,21495,4,4,1,0.101187,0.903764,0.903764,0.478996,4.606802,3.206730,-0.478996
member,11504,9,9,1,0.613257,0.541584,0.541584,1.322016,2.838051,0.662731,-1.322016
member,32456,2,2,1,1.108676,0.329995,0.329995,1.951487,1.572996,0.839922,-1.951487
member,44209,6,6,1,0.156137,0.855442,0.855442,0.670126,4.067190,3.204861,-0.670126
member,43812,3,5,0,0.874230,0.417183,0.485961,1.088475,3.399130,-0.152604,1.088475
member,18264,4,4,1,0.050657,0.950605,0.950605,0.284250,5.178272,4.033399,-0.284250
member,41114,1,1,1,0.001631,0.998370,0.998370,0.014575,8.316652,7.034066,-0.014575
member,20034,3,3,1,0.395332,0.673457,0.673457,1.065246,3.537866,1.286027,-1.065246
member,10075,9,9,1,0.543134,0.580925,0.580925,1.314967,2.899173,0.984592,-1.314967
member,37296,1,1,1,0.147761,0.862637,0.862637,0.654085,4.067930,3.196928,-0.654085
member,14276,5,5,1,0.581122,0.559271,0.559271,1.574306,2.441934,1.762453,-1.574306
member,35780,6,6,1,0.651617,0.521202,0.521202,1.465029,2.726049,0.821685,-1.465029
member,16870,7,7,1,0.934476,0.392792,0.392792,1.321420,3.061034,0.126891,-1.321420
member,4229,0,0,1,0.024039,0.976248,0.976248,0.154697,5.762167,4.793973,-0.154697
member,49029,9,9,1,0.160974,0.851314,0.851314,0.648698,4.035035,2.325102,-0.648698
member,167,5,5,1,0.682201,0.505503,0.505503,1.491258,2.956424,1.291450,-1.491258
member,14446,7,7,1,0.197287,0.820955,0.820955,0.816135,3.763458,2.863015,-0.816135
member,36716,6,6,1,0.180917,0.834504,0.834504,0.701313,4.115787,2.191593,-0.701313
member,36164,6,6,1,0.032076,0.968433,0.968433,0.193949,5.611883,4.206585,-0.193949
member,14473,2,2,1,0.151085,0.859775,0.859775,0.664763,4.164220,3.087513,-0.664763
member,44426,0,0,1,0.110755,0.895158,0.895158,0.532723,4.170144,3.098226,-0.532723
member,46116,0,0,1,0.632734,0.531138,0.531138,1.200385,3.082140,0.447312,-1.200385
member,30625,6,6,1,0.281607,0.754570,0.754570,0.892014,3.831368,1.676796,-0.892014
member,9960,8,8,1,0.050794,0.950475,0.950475,0.280540,5.201370,3.860535,-0.280540
member,38722,2,2,1,0.516660,0.596510,0.596510,1.281698,2.929250,0.990205,-1.281698
member,28344,1,1,1,0.141276,0.868250,0.868250,0.637811,3.913133,2.894845,-0.637811
member,16437,1,1,1,0.154654,0.856712,0.856712,0.591809,4.462572,2.220543,-0.591809
member,8853,0,2,0,1.380059,0.251564,0.539019,1.286878,2.326677,-0.762054,1.286878
member,17363,2,4,0,1.625669,0.196780,0.410493,1.724676,1.382776,-0.735273,1.724676
member,4580,8,8,1,0.083880,0.919542,0.919542,0.421630,4.580751,3.362437,-0.421630
member,47303,9,9,1,0.712139,0.490594,0.490594,1.677354,2.155769,1.131288,-1.677354
member,44679,1,1,1,0.427100,0.652398,0.652398,0.804342,4.400075,0.724031,-0.804342
member,15192,6,6,1,0.320554,0.725747,0.725747,0.990887,3.425387,1.524329,-0.990887
member,31447,6,6,1,0.082811,0.920525,0.920525,0.384519,5.281453,3.072460,-0.384519
member,5525,7,2,0,2.259988,0.104352,0.416787,1.748289,0.759551,-1.384809,1.748289
member,39227,6,6,1,0.959808,0.382966,0.382966,1.879556,1.791491,0.875775,-1.879556
member,3467,1,1,1,0.034135,0.966441,0.966441,0.205619,5.486695,4.358649,-0.205619
member,15073,7,7,1,0.042557,0.958335,0.958335,0.244337,5.324605,3.977686,-0.244337
member,48705,9,9,1,0.674717,0.509301,0.509301,1.609522,2.413002,0.976520,-1.609522
member,13609,9,9,1,0.905273,0.404432,0.404432,1.445858,2.441993,0.045317,-1.445858
member,18785,9,9,1,0.348208,0.705952,0.705952,1.049981,3.368499,1.452403,-1.049981
member,39757,5,4,0,1.307669,0.270450,0.270692,1.939586,1.416007,-0.000897,1.939586
member,24216,8,8,1,0.193129,0.824376,0.824376,0.801841,3.575740,2.577998,-0.801841
member,33985,1,1,1,0.072921,0.929674,0.929674,0.372152,4.790818,3.535679,-0.372152
member,11625,3,3,1,0.974653,0.377323,0.377323,1.866730,1.793965,0.552429,-1.866730
member,12136,4,4,1,0.414987,0.660349,0.660349,1.206062,3.086098,1.630177,-1.206062
member,12628,1,1,1,0.514460,0.597824,0.597824,1.069963,3.399613,0.656931,-1.069963
member,28347,1,1,1,0.269530,0.763738,0.763738,0.906296,3.777927,2.080709,-0.906296
member,43511,9,9,1,0.494687,0.609762,0.609762,1.219684,3.379452,1.227111,-1.219684
member,5872,5,5,1,1.235149,0.290792,0.290792,2.048394,1.343669,0.790656,-2.048394
member,48243,3,3,1,0.531019,0.588005,0.588005,1.403425,2.746965,1.237739,-1.403425
member,33981,7,7,1,0.003121,0.996884,0.996884,0.026685,7.740980,6.835510,-0.026685
member,31260,3,3,1,0.299594,0.741119,0.741119,0.705364,4.920117,1.167125,-0.705364
member,12292,1,1,1,0.080153,0.922975,0.922975,0.405431,4.533740,3.307879,-0.405431
member,42286,5,5,1,0.295738,0.743982,0.743982,1.002965,3.572305,2.331350,-1.002965
member,13664,4,6,0,1.325464,0.265680,0.337394,1.813794,1.567352,-0.238959,1.813794
member,12950,9,9,1,0.263502,0.768356,0.768356,0.763091,4.035871,1.450950,-0.763091
member,31756,0,0,1,0.058065,0.943588,0.943588,0.329659,4.709381,4.097916,-0.329659
member,14513,6,6,1,1.020036,0.360582,0.360582,1.564983,2.214610,0.174817,-1.564983
member,20457,2,2,1,0.106674,0.898819,0.898819,0.489096,4.612473,2.901246,-0.489096
member,41546,0,0,1,0.440568,0.643671,0.643671,1.020150,3.747640,0.907378,-1.020150
member,850,3,6,0,1.535417,0.215366,0.552538,1.446426,1.711680,-0.942184,1.446426
member,34767,9,9,1,0.167019,0.846183,0.846183,0.699852,4.156118,3.153217,-0.699852
member,24912,6,6,1,0.257330,0.773113,0.773113,0.979263,3.392179,2.427722,-0.979263
member,17969,0,0,1,1.000703,0.367621,0.367621,1.959916,1.648131,0.934449,-1.959916
member,28376,9,9,1,0.203068,0.816222,0.816222,0.843644,3.423558,2.664863,-0.843644
member,9889,1,1,1,0.289307,0.748782,0.748782,0.983495,3.664212,2.043702,-0.983495
member,46455,7,7,1,0.007459,0.992568,0.992568,0.055426,7.130919,5.624137,-0.055426
member,38499,0,0,1,0.234827,0.790708,0.790708,0.911795,3.471637,2.527686,-0.911795
member,16247,5,5,1,0.390387,0.676795,0.676795,1.176514,3.168590,1.734008,-1.176514
member,8786,3,2,0,1.832824,0.159961,0.372173,1.870312,0.964676,-0.844427,1.870312
member,35429,4,4,1,0.812578,0.443713,0.443713,1.331350,2.703648,0.151143,-1.331350
member,19103,0,0,1,0.427689,0.652014,0.652014,0.983863,3.584590,0.888119,-0.983863
member,44142,3,3,1,0.913033,0.401305,0.401305,1.905808,1.743739,1.065340,-1.905808
member,14786,4,4,1,0.847463,0.428501,0.428501,1.821844,1.968393,1.233504,-1.821844
member,18216,3,6,0,1.497562,0.223675,0.400571,1.708712,1.707239,-0.582699,1.708712
member,29736,6,6,1,0.207968,0.812233,0.812233,0.858278,3.447314,2.924409,-0.858278
member,18194,5,5,1,1.300087,0.272508,0.272508,1.978158,1.366819,0.213081,-1.978158
member,42355,7,7,1,0.424521,0.654083,0.654083,1.265979,3.059086,1.862911,-1.265979
member,20185,5,5,1,0.488126,0.613775,0.613775,1.286458,2.924282,1.188818,-1.286458
member,38610,1,1,1,0.078990,0.924050,0.924050,0.383052,4.877144,3.222289,-0.383052
member,22655,7,7,1,0.035593,0.965033,0.965033,0.208519,5.633060,4.343382,-0.208519
member,31785,2,2,1,0.063700,0.938287,0.938287,0.330249,5.275408,3.660914,-0.330249
member,36666,6,6,1,0.054123,0.947315,0.947315,0.286697,5.116637,3.466801,-0.286697
member,44904,5,5,1,0.964222,0.381280,0.381280,1.800412,1.892188,0.693974,-1.800412
member,6079,3,7,0,1.913372,0.147582,0.209485,1.946584,0.975611,-0.350269,1.946584
member,15555,3,3,1,0.914600,0.400677,0.400677,1.643777,2.378648,0.742960,-1.643777
member,48061,9,9,1,0.018007,0.982155,0.982155,0.118907,6.017644,4.724238,-0.118907
member,24407,9,9,1,0.026447,0.973900,0.973900,0.162592,5.830074,4.348846,-0.162592
member,44888,8,8,1,0.166316,0.846778,0.846778,0.625760,4.199111,2.102212,-0.625760
member,6424,5,5,1,0.707084,0.493080,0.493080,1.508239,2.513438,0.705448,-1.508239
member,46202,2,2,1,0.493033,0.610771,0.610771,1.407895,2.675740,1.521417,-1.407895
member,42284,7,7,1,0.066311,0.935840,0.935840,0.362565,4.792891,3.971056,-0.362565
member,45698,5,5,1,0.116484,0.890044,0.890044,0.422197,5.378605,2.258714,-0.422197
member,41460,0,0,1,0.681847,0.505682,0.505682,1.558452,2.387349,1.051237,-1.558452
member,28417,1,1,1,0.117589,0.889062,0.889062,0.484149,4.861149,2.508657,-0.484149
member,18150,5,5,1,0.292520,0.746381,0.746381,0.909189,3.822842,1.943756,-0.909189
member,30623,9,1,0,2.310754,0.099186,0.576936,1.523867,0.704737,-1.760731,1.523867
member,3150,7,7,1,0.035122,0.965488,0.965488,0.213906,5.416093,4.602103,-0.213906
member,18184,2,2,1,0.600819,0.548362,0.548362,1.575139,2.339659,1.382679,-1.575139
member,26730,2,2,1,0.589074,0.554841,0.554841,1.339762,3.093739,1.147918,-1.339762
member,12514,5,5,1,0.196326,0.821744,0.821744,0.714251,4.040367,2.035409,-0.714251
member,36055,0,0,1,0.433363,0.648325,0.648325,1.206290,3.336869,1.459542,-1.206290
member,40832,2,2,1,0.192056,0.825261,0.825261,0.814338,3.609266,2.841981,-0.814338
member,34373,2,2,1,1.183296,0.306268,0.306268,1.922341,1.668939,0.550282,-1.922341
member,45452,6,6,1,0.046966,0.954120,0.954120,0.259333,5.413715,3.706841,-0.259333
member,34307,2,7,0,1.291617,0.274826,0.280723,1.933114,1.529068,-0.021228,1.933114
member,46161,7,7,1,0.151109,0.859754,0.859754,0.639679,4.164318,2.881827,-0.639679
member,37975,9,9,1,0.706012,0.493609,0.493609,1.492910,2.557978,0.684435,-1.492910
member,21232,0,0,1,1.529067,0.216738,0.216738,2.087172,1.123267,0.018239,-2.087172
member,20326,3,3,1,0.384448,0.680826,0.680826,1.057233,3.538543,1.289923,-1.057233
member,27004,0,0,1,1.015279,0.362301,0.362301,1.816945,1.718856,0.293661,-1.816945
member,45593,9,9,1,0.199806,0.818890,0.818890,0.820677,3.689929,2.711915,-0.820677
member,25847,2,2,1,0.051063,0.950218,0.950218,0.268040,5.428180,3.571759,-0.268040
member,7439,3,3,1,0.208987,0.811406,0.811406,0.635711,4.912566,1.702109,-0.635711
member,37340,4,4,1,0.550415,0.576710,0.576710,1.423291,2.701463,1.204496,-1.423291
member,10026,6,9,0,1.836098,0.159438,0.380120,1.828842,0.968854,-0.868830,1.828842
member,20965,3,3,1,0.174247,0.840089,0.840089,0.719391,4.051744,2.846985,-0.719391
member,7284,1,1,1,0.034544,0.966046,0.966046,0.208796,5.322191,4.186082,-0.208796
member,30274,7,7,1,0.012460,0.987617,0.987617,0.087017,6.567310,5.152482,-0.087017
member,49967,8,8,1,0.377514,0.685563,0.685563,1.270648,2.784973,2.163271,-1.270648
member,31158,1,1,1,0.540657,0.582366,0.582366,1.544423,2.385167,1.663600,-1.544423
member,15617,8,8,1,0.036601,0.964060,0.964060,0.214294,5.484978,4.235968,-0.214294
member,9618,4,4,1,1.188974,0.304534,0.304534,1.653287,2.016256,0.137958,-1.653287
member,28872,2,2,1,0.094772,0.909580,0.909580,0.420880,4.948566,2.755758,-0.420880
member,37267,7,7,1,0.018403,0.981765,0.981765,0.102717,7.347455,4.144480,-0.102717
member,18810,1,1,1,0.065975,0.936154,0.936154,0.341425,4.910500,3.367379,-0.341425
member,32953,6,6,1,1.207619,0.298908,0.298908,1.958654,1.519166,0.306494,-1.958654
member,29893,0,0,1,0.066982,0.935212,0.935212,0.302930,5.613799,2.962391,-0.302930
member,32504,3,5,0,1.061276,0.346014,0.617001,0.859736,3.494530,-0.578392,0.859736
member,27731,1,1,1,0.174031,0.840271,0.840271,0.542912,4.891008,1.802905,-0.542912
member,31313,8,8,1,0.220414,0.802187,0.802187,0.855178,3.595350,2.347008,-0.855178
member,31844,3,3,1,0.706584,0.493326,0.493326,1.301014,3.313423,0.405955,-1.301014
member,4273,0,0,1,0.043014,0.957898,0.957898,0.249495,5.347706,4.142427,-0.249495
member,47403,4,4,1,0.295497,0.744161,0.744161,1.023863,3.481722,2.380580,-1.023863
member,23361,1,1,1,0.331181,0.718075,0.718075,1.005947,3.519082,1.571431,-1.005947
member,2322,0,0,1,0.173141,0.841019,0.841019,0.691482,4.105787,2.492606,-0.691482
member,14972,3,3,1,0.256820,0.773508,0.773508,0.979154,3.336769,2.615418,-0.979154
member,16451,6,6,1,0.585413,0.556876,0.556876,1.482217,2.674722,1.180601,-1.482217
member,14545,9,9,1,0.547587,0.578343,0.578343,1.290546,3.033562,1.041668,-1.290546
member,19313,1,1,1,0.041416,0.959430,0.959430,0.241366,5.348720,4.329646,-0.241366
member,23670,2,2,1,0.128288,0.879600,0.879600,0.554729,4.357557,2.656824,-0.554729
member,37049,0,0,1,0.220171,0.802382,0.802382,0.663388,4.449642,1.613052,-0.663388
member,45912,8,8,1,0.046101,0.954946,0.954946,0.274621,4.900561,4.370130,-0.274621
member,26319,6,6,1,0.054530,0.946930,0.946930,0.268570,5.560339,3.228164,-0.268570
member,33921,7,7,1,0.324062,0.723205,0.723205,0.969606,3.663024,1.486858,-0.969606
member,6322,8,8,1,0.276716,0.758270,0.758270,0.972056,3.444905,2.089787,-0.972056
member,465,8,8,1,0.202624,0.816585,0.816585,0.817252,3.623594,2.609510,-0.817252
member,3253,2,5,0,2.572750,0.076325,0.335573,1.653190,0.584557,-1.480833,1.653190
member,10986,8,8,1,0.098848,0.905880,0.905880,0.480041,4.286003,3.096681,-0.480041
member,14750,5,5,1,0.092012,0.912094,0.912094,0.339221,6.160169,2.441635,-0.339221
member,14784,9,9,1,0.473325,0.622928,0.622928,1.429701,2.623672,2.211094,-1.429701
member,564,0,0,1,0.234966,0.790597,0.790597,0.796122,3.919510,1.781173,-0.796122
member,43126,3,3,1,0.103912,0.901305,0.901305,0.447863,4.792992,2.630444,-0.447863
member,12724,2,2,1,0.298248,0.742117,0.742117,0.770264,4.408321,1.254450,-0.770264
member,33807,4,4,1,0.156994,0.854709,0.854709,0.685080,3.939238,2.718459,-0.685080
member,7298,2,4,0,1.452490,0.233987,0.604231,1.205824,2.159509,-0.948692,1.205824
member,25388,1,1,1,0.364312,0.694674,0.694674,1.062291,3.478557,1.486347,-1.062291
member,19685,6,1,0,1.686859,0.185100,0.185512,2.125720,0.851791,-0.002225,2.125720
member,34488,2,2,1,0.173168,0.840996,0.840996,0.721367,4.178246,2.915924,-0.721367
member,37827,4,4,1,0.959815,0.382964,0.382964,1.919575,1.740945,0.928789,-1.919575
member,3593,6,6,1,0.542070,0.581543,0.581543,1.172789,3.194437,0.697575,-1.172789
member,12400,8,8,1,0.069272,0.933073,0.933073,0.346627,4.929060,3.201262,-0.346627
member,29939,4,4,1,0.077885,0.925070,0.925070,0.396414,4.719803,3.426052,-0.396414
member,24854,6,6,1,0.985168,0.373377,0.373377,1.833017,1.948288,0.698779,-1.833017
member,21775,9,9,1,0.221829,0.801052,0.801052,0.870047,3.485436,2.335865,-0.870047
member,38918,7,7,1,0.295393,0.744239,0.744239,1.045552,3.354993,2.223179,-1.045552
member,7525,2,2,1,0.292605,0.746317,0.746317,1.075044,3.227038,2.436310,-1.075044
member,8901,7,7,1,0.007456,0.992572,0.992572,0.055603,7.108697,5.703309,-0.055603
member,24778,4,4,1,0.018545,0.981626,0.981626,0.124838,5.993587,5.083864,-0.124838
member,40303,9,9,1,0.040835,0.959987,0.959987,0.247654,5.026633,4.793097,-0.247654
member,39665,3,5,0,1.441319,0.236616,0.346052,1.788019,1.463515,-0.380151,1.788019
member,31512,1,1,1,0.016239,0.983893,0.983893,0.107361,6.318983,4.791240,-0.107361
member,26722,0,0,1,0.074758,0.927968,0.927968,0.382716,4.674696,3.320237,-0.382716
member,11904,6,6,1,0.038589,0.962146,0.962146,0.217912,5.647155,3.881698,-0.217912
member,32149,0,0,1,0.168620,0.844830,0.844830,0.755935,3.695698,3.422617,-0.755935
member,48831,2,2,1,0.086980,0.916695,0.916695,0.419400,4.845959,3.113591,-0.419400
member,21257,8,8,1,0.036197,0.964450,0.964450,0.221125,5.258649,4.565467,-0.221125
member,43772,8,8,1,0.263772,0.768149,0.768149,0.859543,3.777766,1.666323,-0.859543
member,42846,5,5,1,0.284797,0.752167,0.752167,0.911072,3.807309,1.707598,-0.911072
member,32748,8,8,1,0.304778,0.737287,0.737287,1.045969,3.340950,2.133469,-1.045969
member,34535,9,9,1,0.525600,0.591200,0.591200,1.428307,2.743733,1.499556,-1.428307
member,31920,9,9,1,0.568882,0.566158,0.566158,1.306447,3.017676,0.859362,-1.306447
member,34536,3,3,1,0.281629,0.754553,0.754553,0.723665,4.470636,1.277000,-0.723665
member,9073,3,5,0,3.201049,0.040719,0.579661,1.098866,1.008526,-2.655737,1.098866
member,2338,9,9,1,0.026130,0.974208,0.974208,0.170641,5.536994,5.148027,-0.170641
member,17026,0,0,1,1.279428,0.278196,0.278196,1.759877,1.751033,0.060762,-1.759877
member,20214,1,1,1,0.024128,0.976161,0.976161,0.152948,5.729356,4.701346,-0.152948
member,10992,1,1,1,0.078200,0.924780,0.924780,0.336271,5.250885,2.754994,-0.336271
member,16339,3,3,1,0.507813,0.601811,0.601811,1.347179,2.806217,1.310871,-1.347179
member,49126,7,7,1,0.330160,0.718809,0.718809,0.916372,3.763244,1.285655,-0.916372
member,42627,9,9,1,0.636530,0.529126,0.529126,1.560998,2.377187,1.133230,-1.560998
member,43376,9,9,1,0.582621,0.558433,0.558433,1.557514,2.470486,1.724768,-1.557514
member,7270,5,5,1,0.356572,0.700072,0.700072,1.150902,3.196566,1.920575,-1.150902
member,26457,8,8,1,0.333702,0.716267,0.716267,1.152135,3.041665,2.084294,-1.152135
member,16281,8,8,1,0.152879,0.858233,0.858233,0.588278,4.425771,2.237302,-0.588278
member,8726,2,2,1,0.607130,0.544912,0.544912,1.331144,3.027751,1.017573,-1.331144
member,24192,3,3,1,0.382207,0.682353,0.682353,0.885712,4.128555,0.977463,-0.885712
member,29727,7,7,1,0.201578,0.817440,0.817440,0.812044,3.658725,2.452279,-0.812044
member,1566,2,2,1,0.896266,0.408091,0.408091,1.710828,2.200156,0.762458,-1.710828
member,43976,1,1,1,0.048179,0.952963,0.952963,0.230135,5.961496,3.241476,-0.230135
member,11753,5,5,1,0.658503,0.517626,0.517626,1.314291,3.203758,0.627298,-1.314291
member,37022,0,0,1,0.732845,0.480540,0.480540,1.530866,2.616158,0.967238,-1.530866
member,34920,6,6,1,0.348049,0.706064,0.706064,1.031914,3.406698,1.406670,-1.031914
member,13365,6,6,1,0.031347,0.969139,0.969139,0.192889,5.697427,4.622387,-0.192889
member,37398,8,8,1,0.234151,0.791242,0.791242,0.768710,4.353805,1.967643,-0.768710
member,36168,4,4,1,0.335798,0.714767,0.714767,1.112466,3.124058,1.817942,-1.112466
member,12425,3,3,1,0.252145,0.777132,0.777132,0.985460,3.354352,2.745898,-0.985460
member,644,1,1,1,0.215350,0.806259,0.806259,0.775259,4.090690,2.134315,-0.775259
member,1039,0,0,1,0.678309,0.507474,0.507474,1.403049,2.631776,0.547778,-1.403049
member,28076,4,4,1,0.253303,0.776232,0.776232,0.859181,3.701286,1.790763,-0.859181
member,11214,7,7,1,0.053904,0.947523,0.947523,0.292802,5.222535,3.778857,-0.292802
member,332,0,0,1,0.137604,0.871444,0.871444,0.545696,4.975404,2.591400,-0.545696
member,6483,5,5,1,0.079528,0.923552,0.923552,0.381446,4.961616,3.106891,-0.381446
member,45638,6,6,1,0.308263,0.734722,0.734722,0.999722,3.462530,1.674721,-0.999722
member,32732,3,3,1,0.216200,0.805574,0.805574,0.836456,3.685272,2.299646,-0.836456
member,8178,2,2,1,0.165631,0.847359,0.847359,0.700877,4.031923,2.895756,-0.700877
member,16758,3,3,1,0.043321,0.957604,0.957604,0.242806,5.403692,3.929933,-0.242806
member,47721,3,5,0,1.012731,0.363226,0.507670,1.218354,2.644149,-0.334807,1.218354
member,33287,8,8,1,0.191900,0.825389,0.825389,0.745837,4.028704,2.495944,-0.745837
member,45682,7,7,1,0.449533,0.637926,0.637926,1.209906,3.145633,1.399436,-1.209906
member,47933,3,2,0,1.555132,0.211161,0.437332,1.713841,1.418548,-0.728070,1.713841
member,35572,8,8,1,0.011639,0.988428,0.988428,0.086512,6.185689,5.918887,-0.086512
member,28809,4,4,1,0.014807,0.985302,0.985302,0.100621,6.365167,5.095922,-0.100621
member,20361,5,5,1,0.893885,0.409064,0.409064,1.853452,1.813784,0.920954,-1.853452
member,4449,3,3,1,0.166841,0.846334,0.846334,0.634832,4.538668,2.305449,-0.634832
member,47534,4,4,1,0.521295,0.593751,0.593751,1.301356,3.328826,1.447522,-1.301356
member,18203,0,0,1,0.109035,0.896699,0.896699,0.514338,4.418570,3.248784,-0.514338
member,18726,8,8,1,0.123020,0.884246,0.884246,0.476668,4.804304,2.312802,-0.476668
member,28131,3,3,1,0.462711,0.629574,0.629574,0.836444,4.216426,0.624705,-0.836444
member,12915,0,0,1,0.416314,0.659473,0.659473,1.324638,2.776689,2.140823,-1.324638
member,46303,0,0,1,0.108477,0.897200,0.897200,0.419722,5.554056,2.470309,-0.419722
member,39061,4,7,0,1.192261,0.303534,0.311019,1.862961,1.591777,-0.024360,1.862961
member,15509,0,0,1,1.499394,0.223265,0.223265,2.080224,1.090548,0.259643,-2.080224
member,16421,3,3,1,0.439247,0.644522,0.644522,1.188570,3.134179,1.187592,-1.188570
member,2574,0,0,1,0.027036,0.973326,0.973326,0.172618,5.506411,4.705175,-0.172618
member,38350,4,4,1,0.049909,0.951316,0.951316,0.279718,5.125184,3.859413,-0.279718
member,34002,0,0,1,0.217605,0.804443,0.804443,0.858476,3.585234,2.718420,-0.858476
member,10600,6,6,1,0.046654,0.954418,0.954418,0.254762,5.475089,3.757223,-0.254762
member,6936,3,3,1,0.703502,0.494849,0.494849,1.492228,2.524503,0.707950,-1.492228
member,34096,8,8,1,0.018637,0.981536,0.981536,0.117874,6.240145,4.465510,-0.117874
member,38822,1,1,1,0.191316,0.825871,0.825871,0.727678,4.114233,2.458383,-0.727678
member,30888,0,0,1,0.592243,0.553085,0.553085,1.599984,2.383542,1.593866,-1.599984
member,1498,7,7,1,0.001854,0.998147,0.998147,0.016714,8.280224,7.293168,-0.016714
member,29445,4,4,1,0.962475,0.381946,0.381946,1.715527,1.976143,0.327751,-1.715527
member,29517,2,2,1,0.018785,0.981391,0.981391,0.125487,6.152442,5.051689,-0.125487
member,32131,0,0,1,0.088307,0.915480,0.915480,0.456219,4.328150,3.521447,-0.456219
member,31914,7,7,1,0.374815,0.687417,0.687417,1.171890,3.183366,1.817725,-1.171890
member,20537,0,0,1,0.010822,0.989236,0.989236,0.081879,6.144890,6.011796,-0.081879
member,31679,4,4,1,0.236789,0.789158,0.789158,0.774726,4.429655,1.978497,-0.774726
member,28406,9,9,1,0.075636,0.927154,0.927154,0.334425,5.280650,2.823117,-0.334425
member,49270,7,7,1,0.238114,0.788113,0.788113,0.889624,3.616749,2.488118,-0.889624
member,47068,0,0,1,0.405391,0.666716,0.666716,1.164251,3.221709,1.667204,-1.164251
member,28691,5,4,0,2.252598,0.105126,0.777655,0.879079,1.780225,-2.001126,0.879079
member,48329,9,9,1,0.838648,0.432295,0.432295,1.850696,1.875603,1.168274,-1.850696
member,41820,4,4,1,0.473004,0.623128,0.623128,1.247655,3.117120,1.172236,-1.247655
member,13534,1,1,1,0.025075,0.975237,0.975237,0.146398,6.192837,4.155190,-0.146398
member,35458,6,6,1,0.094514,0.909815,0.909815,0.475985,4.419917,3.714917,-0.475985
member,4859,0,0,1,0.284136,0.752664,0.752664,1.046265,3.242420,2.526553,-1.046265
member,30931,5,6,0,1.461952,0.231783,0.449324,1.500624,1.893194,-0.661942,1.500624
member,14074,1,1,1,0.493468,0.610505,0.610505,1.439323,2.599414,1.671922,-1.439323
member,39011,8,8,1,0.051878,0.949445,0.949445,0.282592,5.149130,3.696588,-0.282592
member,15444,3,3,1,0.518026,0.595695,0.595695,0.838034,4.375008,0.465183,-0.838034
member,42644,0,0,1,0.183671,0.832210,0.832210,0.747330,3.824068,2.561669,-0.747330
member,42824,9,9,1,0.269166,0.764017,0.764017,0.877048,3.741650,1.714171,-0.877048
member,484,4,4,1,0.635632,0.529601,0.529601,1.421263,2.849914,0.874727,-1.421263
member,40139,8,8,1,0.083939,0.919488,0.919488,0.447908,4.293733,3.850764,-0.447908
member,35248,0,0,1,0.425905,0.653178,0.653178,1.326127,2.761899,1.806651,-1.326127
member,47552,6,6,1,0.560858,0.570719,0.570719,1.143780,3.610368,0.786122,-1.143780
member,35751,5,5,1,0.180889,0.834528,0.834528,0.507848,5.461088,1.685187,-0.507848
member,31134,3,3,1,0.027413,0.972959,0.972959,0.154438,6.280482,3.935470,-0.154438
member,19232,0,0,1,0.100883,0.904039,0.904039,0.479313,4.490804,3.155178,-0.479313
member,14475,9,9,1,0.097311,0.907274,0.907274,0.432400,4.995608,2.872899,-0.432400
member,29800,7,7,1,0.798556,0.449978,0.449978,1.466197,2.671574,0.556758,-1.466197
member,31801,5,5,1,0.196363,0.821714,0.821714,0.774262,3.967612,2.790270,-0.774262
member,24675,7,7,1,0.109965,0.895865,0.895865,0.548945,4.115258,3.553636,-0.548945
member,5236,1,1,1,0.096682,0.907845,0.907845,0.458676,4.676045,3.044861,-0.458676
member,28201,7,7,1,0.071607,0.930896,0.930896,0.334457,5.369872,3.010079,-0.334457
member,8042,8,8,1,0.143499,0.866322,0.866322,0.599364,4.240694,2.505528,-0.599364
member,3767,5,5,1,0.240090,0.786557,0.786557,0.908679,3.563773,2.503214,-0.908679
member,31209,1,1,1,0.142716,0.867000,0.867000,0.614714,4.268840,2.766789,-0.614714
member,22329,0,0,1,0.233403,0.791835,0.791835,0.925737,3.416423,2.725631,-0.925737
member,37277,2,2,1,0.061160,0.940673,0.940673,0.322610,5.084782,3.818350,-0.322610
member,29832,5,5,1,1.113899,0.328277,0.328277,1.892093,1.659458,0.519475,-1.892093
member,7524,6,6,1,0.525240,0.591413,0.591413,1.498676,2.558336,1.829148,-1.498676
member,6807,5,5,1,0.672250,0.510559,0.510559,0.970016,3.606439,0.162518,-0.970016
member,11098,6,2,0,1.312042,0.269270,0.296549,1.878909,1.463647,-0.096499,1.878909
member,4729,7,7,1,0.083493,0.919898,0.919898,0.434663,4.458915,3.798260,-0.434663
member,6769,1,1,1,0.033310,0.967239,0.967239,0.190405,5.598423,3.869633,-0.190405
member,23257,6,6,1,0.192248,0.825102,0.825102,0.788254,3.850841,2.723632,-0.788254
member,9553,2,2,1,0.378891,0.684620,0.684620,1.238672,2.941062,1.830876,-1.238672
member,11910,1,1,1,0.231609,0.793256,0.793256,0.917989,3.462827,2.739405,-0.917989
member,25133,8,8,1,0.044147,0.956814,0.956814,0.262689,4.939905,4.378746,-0.262689
member,19366,6,6,1,0.081476,0.921755,0.921755,0.415263,4.688364,3.484708,-0.415263
member,16002,0,0,1,1.208614,0.298611,0.298611,1.752847,1.859192,0.030845,-1.752847
member,1644,4,4,1,0.488434,0.613586,0.613586,1.355403,2.782830,1.415361,-1.355403
member,45780,1,1,1,0.037931,0.962779,0.962779,0.215138,5.907265,4.179651,-0.215138
member,20134,9,9,1,0.560106,0.571149,0.571149,1.383607,2.661506,1.101506,-1.383607
member,28821,1,1,1,0.006367,0.993653,0.993653,0.047223,7.179678,5.587227,-0.047223
member,27636,1,1,1,0.522512,0.593029,0.593029,1.415777,2.672826,1.303817,-1.415777
member,40657,5,5,1,0.070814,0.931635,0.931635,0.309286,5.551880,2.840348,-0.309286
member,3279,7,7,1,0.030620,0.969845,0.969845,0.182559,5.948128,4.545776,-0.182559
member,43953,3,0,0,1.520714,0.218556,0.306345,1.827275,1.405795,-0.337670,1.827275
member,39537,6,4,0,1.152410,0.315874,0.465556,1.424323,2.375715,-0.387888,1.424323
member,44980,3,3,1,0.357793,0.699218,0.699218,0.936258,3.853776,1.206516,-0.936258
member,22665,0,0,1,0.823531,0.438879,0.438879,1.824137,1.993731,1.338628,-1.824137
member,8248,8,8,1,0.008980,0.991060,0.991060,0.066591,6.638668,5.537464,-0.066591
member,16166,5,5,1,0.691554,0.500797,0.500797,1.369612,2.849066,0.539128,-1.369612
member,31708,5,5,1,0.145355,0.864715,0.864715,0.558132,4.796993,2.304775,-0.558132
member,37417,3,3,1,0.399823,0.670439,0.670439,1.270697,2.957806,2.061465,-1.270697
member,38542,1,1,1,0.193746,0.823867,0.823867,0.774083,3.850603,2.418189,-0.774083
member,38705,2,0,0,0.994801,0.369797,0.411202,1.475469,2.252930,-0.106131,1.475469
member,40564,9,9,1,0.751194,0.471803,0.471803,1.361839,2.777421,0.307301,-1.361839
member,26084,6,6,1,0.320916,0.725484,0.725484,1.036253,3.409024,1.970164,-1.036253
member,17004,8,8,1,0.230071,0.794477,0.794477,0.840953,3.744627,2.127729,-0.840953
member,42436,6,6,1,0.421232,0.656237,0.656237,1.066731,3.638919,1.295101,-1.066731
member,6705,9,9,1,0.055178,0.946317,0.946317,0.293849,5.116110,3.515477,-0.293849
member,10172,8,8,1,0.256007,0.774137,0.774137,0.939201,3.493704,2.236943,-0.939201
member,22085,6,6,1,0.937352,0.391664,0.391664,1.831534,1.840973,0.686413,-1.831534
member,48743,9,9,1,0.911358,0.401978,0.401978,1.694929,2.049547,0.470257,-1.694929
member,5152,5,5,1,0.101843,0.903171,0.903171,0.489229,4.314083,3.008436,-0.489229
member,13059,2,2,1,0.927197,0.395661,0.395661,1.907646,1.767116,0.938131,-1.907646
member,17721,5,5,1,0.483697,0.616500,0.616500,0.931382,4.287228,0.689455,-0.931382
member,42213,9,9,1,0.608504,0.544164,0.544164,1.601665,2.343437,1.705603,-1.601665
member,24801,3,3,1,0.216029,0.805712,0.805712,0.862074,3.611557,2.655996,-0.862074
member,20155,1,1,1,0.022340,0.977908,0.977908,0.139544,5.941537,4.390488,-0.139544
member,5146,1,0,0,1.202871,0.300331,0.461237,1.293553,2.872489,-0.429028,1.293553
member,32729,9,9,1,0.181823,0.833749,0.833749,0.733051,3.841316,2.401350,-0.733051
member,49252,4,4,1,0.878735,0.415308,0.415308,1.550065,2.511822,0.402856,-1.550065
member,49476,7,7,1,0.120445,0.886526,0.886526,0.563548,4.246280,3.482303,-0.563548
member,39442,8,8,1,0.847252,0.428591,0.428591,1.422043,2.541938,0.196658,-1.422043
member,43120,5,5,1,0.453431,0.635444,0.635444,1.115125,3.443311,1.087733,-1.115125
member,18576,5,5,1,0.594119,0.552049,0.552049,1.254587,3.272419,0.796606,-1.254587
member,41584,7,7,1,0.134525,0.874131,0.874131,0.487131,4.912740,2.152090,-0.487131
member,35108,7,7,1,0.112404,0.893683,0.893683,0.458436,4.983716,2.497709,-0.458436
member,36717,9,9,1,0.103896,0.901319,0.901319,0.465608,4.724667,3.114046,-0.465608
member,20616,1,1,1,0.323949,0.723287,0.723287,1.179692,2.864857,2.622751,-1.179692
member,17768,3,3,1,0.061256,0.940583,0.940583,0.342572,4.708339,4.094256,-0.342572
member,16397,0,0,1,0.206152,0.813709,0.813709,0.858193,3.491527,2.845266,-0.858193
member,1232,9,9,1,0.384173,0.681014,0.681014,1.237778,2.885725,1.975385,-1.237778
member,40279,1,1,1,0.023760,0.976520,0.976520,0.141894,6.259756,4.574149,-0.141894
member,11069,8,8,1,0.242175,0.784918,0.784918,0.824336,3.899917,1.956969,-0.824336
member,32393,5,5,1,0.385576,0.680059,0.680059,1.095413,3.556509,1.706792,-1.095413
member,9430,0,0,1,0.042973,0.957937,0.957937,0.260666,5.001442,4.513546,-0.260666
member,17863,3,3,1,0.642061,0.526207,0.526207,0.964793,3.706337,0.230251,-0.964793
member,34417,0,0,1,0.070314,0.932101,0.932101,0.336644,5.152946,3.080477,-0.336644
member,44844,4,4,1,0.324210,0.723099,0.723099,1.042360,3.511235,1.986125,-1.042360
member,27616,9,9,1,0.065275,0.936810,0.936810,0.369111,4.495525,4.208679,-0.369111
member,13034,9,1,0,1.879404,0.152681,0.198752,2.163593,0.560542,-0.263706,2.163593
member,1603,3,3,1,1.326151,0.265497,0.265497,2.090241,1.235782,0.473083,-2.090241
member,25036,9,9,1,0.200379,0.818421,0.818421,0.814564,3.630155,2.852472,-0.814564
member,43368,0,0,1,0.089537,0.914355,0.914355,0.406526,4.850632,2.805117,-0.406526
member,8537,7,7,1,0.214986,0.806552,0.806552,0.828179,3.841735,2.679108,-0.828179
member,28601,9,9,1,0.054256,0.947190,0.947190,0.300566,4.955376,3.805596,-0.300566
member,30644,6,6,1,0.056131,0.945416,0.945416,0.314625,4.958273,4.017522,-0.314625
member,37321,2,6,0,1.726350,0.177933,0.561955,1.438145,1.532436,-1.150016,1.438145
member,17284,1,1,1,0.777972,0.459337,0.459337,1.684351,2.109937,0.762602,-1.684351
member,8375,4,4,1,0.426025,0.653100,0.653100,1.244269,3.072028,1.555973,-1.244269
member,32582,2,2,1,0.389423,0.677448,0.677448,1.088937,3.397293,1.379256,-1.088937
member,49232,1,1,1,0.373795,0.688118,0.688118,1.163066,3.107748,1.744497,-1.163066
member,15350,9,9,1,0.049055,0.952129,0.952129,0.264727,5.379204,3.698541,-0.264727
member,42885,9,9,1,0.057354,0.944260,0.944260,0.298949,5.269355,3.544107,-0.298949
member,33626,8,8,1,0.530906,0.588072,0.588072,1.285554,2.846411,0.872098,-1.285554
member,1536,6,6,1,0.893777,0.409108,0.409108,1.407422,2.489087,0.046805,-1.407422
member,42911,9,9,1,0.168518,0.844916,0.844916,0.729539,3.707412,2.950233,-0.729539
member,21190,5,5,1,0.400868,0.669738,0.669738,1.186982,3.020792,1.497879,-1.186982
member,1181,8,8,1,0.161196,0.851125,0.851125,0.730074,3.664348,3.367350,-0.730074
member,6583,2,2,1,0.498986,0.607146,0.607146,1.164483,3.252038,0.886770,-1.164483
member,11499,4,4,1,0.720098,0.486704,0.486704,1.733630,2.065670,1.438179,-1.733630
member,30780,9,9,1,0.165259,0.847674,0.847674,0.711344,3.776927,2.808124,-0.711344
member,10126,3,3,1,0.693247,0.499950,0.499950,1.015037,3.587840,0.153248,-1.015037
member,13022,7,7,1,0.997842,0.368674,0.368674,1.883689,1.738514,0.741520,-1.883689
member,34212,8,8,1,0.146616,0.863626,0.863626,0.631048,4.122484,2.968926,-0.631048
member,48907,3,3,1,0.783635,0.456743,0.456743,1.369769,2.873002,0.472953,-1.369769
member,21228,6,6,1,0.018234,0.981931,0.981931,0.119161,6.239979,4.831191,-0.119161
member,4455,2,2,1,0.254537,0.775275,0.775275,0.759992,4.195611,1.532631,-0.759992
member,8440,2,2,1,0.154867,0.856529,0.856529,0.630533,4.291093,2.423060,-0.630533
member,5712,2,2,1,0.918477,0.399126,0.399126,1.948546,1.712620,1.251262,-1.948546
member,27662,3,3,1,1.084228,0.338163,0.338163,1.858969,1.898485,0.539465,-1.858969
member,19824,9,9,1,0.757641,0.468771,0.468771,1.375180,2.838917,0.566492,-1.375180
member,31175,6,6,1,0.046589,0.954480,0.954480,0.252639,5.411836,3.579602,-0.252639
member,11709,0,0,1,1.324326,0.265982,0.265982,1.988598,1.378001,0.234696,-1.988598
member,15719,6,6,1,0.119153,0.887672,0.887672,0.536978,4.383796,2.763348,-0.536978
member,20475,1,1,1,0.098238,0.906433,0.906433,0.485959,4.286593,3.237878,-0.485959
member,18424,0,0,1,0.072333,0.930221,0.930221,0.359649,4.957965,3.247533,-0.359649
member,9549,1,1,1,1.161499,0.313017,0.313017,1.985720,1.509882,0.614702,-1.985720
member,43965,0,0,1,0.007056,0.992968,0.992968,0.055333,6.859564,6.272246,-0.055333
member,31206,7,7,1,0.113171,0.892998,0.892998,0.531011,4.436334,3.108175,-0.531011
member,12967,0,0,1,0.019792,0.980402,0.980402,0.121985,6.434828,4.403316,-0.121985
member,41470,2,2,1,0.211247,0.809574,0.809574,0.851726,3.599581,2.744896,-0.851726
member,46710,8,8,1,0.035016,0.965590,0.965590,0.195968,5.706504,3.818814,-0.195968
member,9293,3,3,1,0.113144,0.893022,0.893022,0.504874,4.585754,2.816205,-0.504874
member,38335,0,0,1,0.023316,0.976954,0.976954,0.142312,6.212734,4.645067,-0.142312
member,18614,0,0,1,0.392638,0.675273,0.675273,1.177852,3.057268,1.446051,-1.177852
member,38274,8,8,1,0.070130,0.932273,0.932273,0.336958,5.114645,3.081808,-0.336958
member,4519,3,5,0,2.200970,0.110696,0.546369,1.327472,1.517934,-1.596510,1.327472
member,22109,0,0,1,0.561060,0.570604,0.570604,1.403837,2.738779,1.142218,-1.403837
member,42242,5,5,1,0.408432,0.664691,0.664691,0.888559,4.128557,0.878297,-0.888559
member,18222,3,5,0,0.856555,0.424623,0.472532,1.149459,2.892998,-0.106905,1.149459
member,45395,3,3,1,1.189449,0.304389,0.304389,1.964566,1.575666,0.367004,-1.964566
member,4884,5,5,1,0.702921,0.495137,0.495137,1.228714,2.894970,0.281288,-1.228714
member,4506,7,7,1,0.346556,0.707119,0.707119,1.204983,2.948350,2.339395,-1.204983
member,42663,1,1,1,0.035771,0.964861,0.964861,0.197011,5.762517,3.736773,-0.197011
member,25811,7,7,1,0.021992,0.978248,0.978248,0.142640,5.943516,4.754995,-0.142640
member,11124,6,6,1,0.531847,0.587519,0.587519,1.137761,3.432520,0.721470,-1.137761
member,664,9,9,1,0.579666,0.560085,0.560085,1.533586,2.383236,1.305192,-1.533586
member,19130,2,0,0,1.325050,0.265790,0.574453,1.228435,2.408779,-0.770713,1.228435
member,40410,1,1,1,0.923605,0.397085,0.397085,1.384512,2.593080,0.037649,-1.384512
member,18299,0,0,1,0.167412,0.845851,0.845851,0.714958,3.826722,2.664749,-0.714958
member,6684,3,3,1,0.820570,0.440180,0.440180,1.742747,2.079119,0.913577,-1.742747
member,501,8,8,1,0.039734,0.961045,0.961045,0.236402,5.193996,4.153456,-0.236402
member,28098,1,1,1,1.345184,0.260492,0.260492,2.098907,1.158290,0.613265,-2.098907
member,44871,9,9,1,0.282484,0.753909,0.753909,0.983689,3.429659,2.355513,-0.983689
member,32650,4,4,1,0.237751,0.788399,0.788399,0.898185,3.698926,2.641279,-0.898185
member,41288,8,8,1,0.015233,0.984882,0.984882,0.104638,6.220745,5.121907,-0.104638
member,33570,8,8,1,0.044341,0.956628,0.956628,0.249936,5.341174,4.106932,-0.249936
member,31892,5,5,1,0.815136,0.442579,0.442579,1.567776,2.368515,0.548159,-1.567776
member,49650,7,7,1,0.189993,0.826965,0.826965,0.709149,4.233437,2.278501,-0.709149
member,48951,2,2,1,0.751398,0.471706,0.471706,1.597612,2.704309,1.060059,-1.597612
member,18087,5,5,1,0.491681,0.611597,0.611597,1.203819,3.438699,1.259920,-1.203819
member,11178,0,0,1,0.659943,0.516881,0.516881,1.661513,2.261809,1.501830,-1.661513
member,19602,5,5,1,0.747007,0.473782,0.473782,1.606151,2.286538,0.702383,-1.606151
member,13251,5,5,1,0.769357,0.463311,0.463311,1.715272,2.077615,0.986040,-1.715272
member,16416,2,2,1,0.308542,0.734517,0.734517,1.106008,3.145397,2.384609,-1.106008
member,23206,5,5,1,0.984821,0.373506,0.373506,1.951175,1.716963,0.999540,-1.951175
member,39880,5,5,1,0.306907,0.735719,0.735719,1.030915,3.358761,1.891970,-1.030915
member,39375,3,2,0,1.427833,0.239828,0.309389,1.852492,1.472247,-0.254678,1.852492
member,11436,2,2,1,0.477596,0.620273,0.620273,1.208081,3.278653,1.139494,-1.208081
member,45269,5,3,0,0.884615,0.412873,0.429978,1.229733,3.055104,-0.040594,1.229733
member,29463,5,5,1,0.921701,0.397842,0.397842,1.557633,2.384351,0.224893,-1.557633
member,6736,1,1,1,0.552047,0.575770,0.575770,1.531837,2.459296,1.757395,-1.531837
member,20686,0,0,1,0.210036,0.810555,0.810555,0.768268,3.865917,1.990549,-0.768268
member,17049,4,4,1,0.327462,0.720751,0.720751,1.093285,3.322179,2.155934,-1.093285
member,45511,5,5,1,0.397255,0.672162,0.672162,1.116114,3.369347,1.481137,-1.116114
member,4844,5,5,1,0.133573,0.874963,0.874963,0.508825,4.842062,2.272229,-0.508825
member,3272,7,7,1,0.011744,0.988325,0.988325,0.080340,6.889408,5.135696,-0.080340
member,32713,0,0,1,0.633923,0.530507,0.530507,0.941882,3.734030,0.232134,-0.941882
member,33177,3,3,1,0.393646,0.674593,0.674593,0.916667,4.013637,0.965745,-0.916667
member,49770,3,5,0,1.221556,0.294771,0.362924,1.712046,1.826905,-0.207994,1.712046
member,31807,7,7,1,0.146664,0.863584,0.863584,0.615833,4.375058,2.872944,-0.615833
member,33269,5,5,1,0.399046,0.670960,0.670960,1.122373,3.656677,1.609296,-1.122373
member,16095,7,7,1,0.131685,0.876617,0.876617,0.591010,4.347491,3.015005,-0.591010
member,8904,7,7,1,0.399768,0.670476,0.670476,1.167650,3.209653,1.489588,-1.167650
member,8406,8,8,1,0.067933,0.934323,0.934323,0.377639,4.532382,4.239534,-0.377639
member,5012,2,2,1,0.588358,0.555238,0.555238,1.582193,2.408978,1.684695,-1.582193
member,4243,3,3,1,0.236447,0.789428,0.789428,0.573654,5.599905,1.370188,-0.573654
member,15418,8,8,1,0.119870,0.887036,0.887036,0.533086,4.532619,2.952243,-0.533086
member,41123,7,7,1,0.564621,0.568576,0.568576,1.266561,3.277377,0.843971,-1.266561
member,29755,5,5,1,1.073949,0.341657,0.341657,1.734203,1.929546,0.347455,-1.734203
member,32163,9,0,0,1.261423,0.283251,0.323894,1.878070,1.544450,-0.134085,1.878070
member,31979,2,2,1,0.415828,0.659794,0.659794,1.306004,2.883154,2.138944,-1.306004
member,36443,8,8,1,0.719938,0.486782,0.486782,1.711334,2.186502,1.541358,-1.711334
member,16481,4,4,1,0.511877,0.599369,0.599369,1.375106,2.734273,1.249463,-1.375106
member,1114,9,9,1,0.068792,0.933521,0.933521,0.365165,4.687910,3.571559,-0.365165
member,14875,5,5,1,0.436350,0.646391,0.646391,0.970844,3.723752,0.841813,-0.970844
member,6266,4,4,1,0.255996,0.774145,0.774145,0.909561,3.495746,1.890529,-0.909561
member,39208,1,1,1,0.081612,0.921630,0.921630,0.423477,4.414735,3.761198,-0.423477
member,32426,8,8,1,0.092387,0.911753,0.911753,0.450556,4.571711,3.279199,-0.450556
member,11917,6,6,1,0.055038,0.946449,0.946449,0.268546,6.352542,3.538501,-0.268546
member,23180,6,6,1,0.957942,0.383682,0.383682,1.837503,1.866869,0.546852,-1.837503
member,41353,3,3,1,0.118392,0.888348,0.888348,0.480514,4.880641,2.487726,-0.480514
member,35148,2,2,1,0.101658,0.903339,0.903339,0.462372,4.796231,2.966728,-0.462372
member,30572,2,2,1,0.186972,0.829467,0.829467,0.596962,5.045943,1.817223,-0.596962
member,47806,8,8,1,0.390062,0.677015,0.677015,1.288383,2.789042,2.210793,-1.288383
member,45285,7,7,1,0.917113,0.399671,0.399671,1.770087,2.092011,0.889072,-1.770087
member,42790,6,6,1,0.522561,0.593000,0.593000,1.351063,3.040567,1.249081,-1.351063
member,20996,2,0,0,0.882264,0.413845,0.524215,0.965225,3.780641,-0.236411,0.965225
member,34298,4,0,0,1.512097,0.220447,0.360080,1.752987,1.540163,-0.490667,1.752987
member,22048,1,1,1,0.057141,0.944461,0.944461,0.312513,4.971461,3.847767,-0.312513
member,2528,4,4,1,0.546814,0.578791,0.578791,1.501598,2.524902,1.549963,-1.501598
member,30518,4,4,1,1.151356,0.316208,0.316208,1.944903,1.501163,0.384750,-1.944903
member,29540,0,0,1,0.028172,0.972221,0.972221,0.165230,6.084532,4.150729,-0.165230
member,27440,0,0,1,0.318924,0.726931,0.726931,1.101139,3.211530,2.180483,-1.101139
member,43854,1,1,1,0.531587,0.587672,0.587672,1.408594,2.778701,1.475129,-1.408594
member,26938,8,8,1,0.035360,0.965258,0.965258,0.223183,5.079503,5.063270,-0.223183
member,2984,5,5,1,0.467063,0.626841,0.626841,0.822713,4.280880,0.603261,-0.822713
member,14773,4,4,1,0.277094,0.757983,0.757983,1.003708,3.370156,2.265754,-1.003708
member,27927,6,6,1,1.265827,0.282006,0.282006,2.070354,1.324406,0.506214,-2.070354
member,22425,3,3,1,0.537415,0.584257,0.584257,1.495402,2.555723,1.710227,-1.495402
member,26389,7,7,1,0.430636,0.650096,0.650096,1.346025,2.810879,1.955611,-1.346025
member,42168,2,2,1,0.028491,0.971911,0.971911,0.174776,5.819838,4.401364,-0.174776
member,45902,4,4,1,0.408185,0.664856,0.664856,1.227839,3.088602,1.822390,-1.227839
member,19185,1,1,1,0.198063,0.820318,0.820318,0.829379,3.546461,2.985991,-0.829379
member,18986,5,3,0,1.832721,0.159978,0.689475,1.056807,2.256458,-1.460896,1.056807
member,29620,0,9,0,1.394216,0.248027,0.258058,1.942598,1.326510,-0.039646,1.942598
member,20560,2,2,1,0.544090,0.580370,0.580370,1.407801,2.761951,1.158852,-1.407801
member,35149,0,0,1,0.050686,0.950577,0.950577,0.276517,5.188449,3.704360,-0.276517
member,24234,9,9,1,0.121178,0.885877,0.885877,0.554978,4.203576,2.888624,-0.554978
member,15433,7,7,1,0.052832,0.948540,0.948540,0.300990,4.882268,3.965994,-0.300990
member,2863,0,0,1,0.175551,0.838995,0.838995,0.758442,3.635388,2.768700,-0.758442
member,23219,8,8,1,0.021675,0.978558,0.978558,0.146335,5.643795,5.286355,-0.146335
member,16662,2,2,1,1.325930,0.265556,0.265556,1.996426,1.388824,0.456809,-1.996426
member,15767,0,0,1,0.422464,0.655430,0.655430,1.223579,3.009306,1.427716,-1.223579
member,14478,2,2,1,0.992276,0.370732,0.370732,1.839289,1.890554,0.673736,-1.839289
member,9955,9,9,1,0.209534,0.810962,0.810962,0.778839,4.062673,2.246254,-0.778839
member,31402,3,3,1,0.314894,0.729867,0.729867,0.718184,4.776710,1.108389,-0.718184
member,21049,3,5,0,0.816218,0.442101,0.481518,1.029790,3.351965,-0.085405,1.029790
member,34969,4,4,1,0.571181,0.564858,0.564858,1.308177,2.884853,0.778840,-1.308177
member,24268,1,1,1,0.301304,0.739853,0.739853,0.989259,3.550093,1.841933,-0.989259
member,23204,7,7,1,0.010055,0.989995,0.989995,0.073313,6.703668,5.617257,-0.073313
member,3377,4,4,1,0.333588,0.716349,0.716349,1.023679,3.582025,1.806798,-1.023679
member,1599,1,1,1,0.091001,0.913017,0.913017,0.428203,4.760670,3.133628,-0.428203
member,476,3,3,1,0.147139,0.863174,0.863174,0.563012,4.580653,2.236580,-0.563012
member,10798,0,0,1,0.430905,0.649921,0.649921,1.256933,3.188337,1.586433,-1.256933
member,8639,4,4,1,0.379434,0.684248,0.684248,1.234517,2.964210,1.882283,-1.234517
member,22142,0,0,1,0.506635,0.602520,0.602520,1.466593,2.613469,1.943930,-1.466593
member,22182,9,9,1,0.030417,0.970041,0.970041,0.194932,5.233022,4.787798,-0.194932
member,9932,1,1,1,0.043684,0.957256,0.957256,0.196100,6.743508,3.205182,-0.196100
member,21046,5,5,1,0.723079,0.485256,0.485256,1.464118,2.572881,0.499030,-1.464118
member,45442,8,8,1,0.986047,0.373048,0.373048,1.701018,2.002323,0.215694,-1.701018
member,36231,0,0,1,0.219383,0.803014,0.803014,0.757562,4.106217,1.877039,-0.757562
member,43952,7,7,1,0.139252,0.870009,0.870009,0.638311,3.994395,3.178570,-0.638311
member,38326,0,0,1,0.077098,0.925799,0.925799,0.359290,5.037812,2.928892,-0.359290
member,38592,2,2,1,0.238169,0.788069,0.788069,0.901693,3.760735,2.693344,-0.901693
member,17781,1,1,1,0.108174,0.897472,0.897472,0.506438,4.455564,3.207756,-0.506438
member,29875,1,1,1,0.313815,0.730654,0.730654,1.052179,3.214464,1.749574,-1.052179
member,31070,8,8,1,0.889290,0.410947,0.410947,1.886909,1.769855,1.120045,-1.886909
member,22256,6,6,1,0.454242,0.634929,0.634929,1.265902,3.020492,1.317147,-1.265902
member,9459,1,1,1,0.041927,0.958940,0.958940,0.227869,5.646120,3.725299,-0.227869
member,10665,6,6,1,0.787167,0.455132,0.455132,1.708700,2.263445,1.113213,-1.708700
member,8331,4,4,1,0.266718,0.765889,0.765889,0.998661,3.328061,2.602949,-0.998661
member,25865,7,7,1,1.103252,0.331790,0.331790,2.055773,1.490885,1.146167,-2.055773
member,48001,0,0,1,0.181245,0.834231,0.834231,0.773350,3.689533,2.870515,-0.773350
member,17554,6,6,1,0.816440,0.442002,0.442002,1.205730,3.332137,0.079656,-1.205730
member,38886,5,5,1,0.065543,0.936559,0.936559,0.285661,5.686778,2.880329,-0.285661
member,28590,4,4,1,0.041676,0.959181,0.959181,0.224419,5.754192,3.694813,-0.224419
member,15302,9,9,1,0.502699,0.604896,0.604896,1.117014,3.261655,0.755854,-1.117014
member,27980,2,2,1,0.708602,0.492332,0.492332,1.418695,2.699771,0.622950,-1.418695
member,19593,9,9,1,0.105880,0.899533,0.899533,0.513162,4.235179,3.459530,-0.513162
member,11839,4,4,1,0.900724,0.406275,0.406275,1.596882,2.279526,0.406044,-1.596882
member,19062,7,7,1,0.037872,0.962837,0.962837,0.203887,5.770110,3.635746,-0.203887
member,26700,5,5,1,0.450866,0.637076,0.637076,0.918573,4.507078,0.769779,-0.918573
member,39868,3,3,1,0.378245,0.685063,0.685063,1.083988,3.475201,1.413586,-1.083988
member,18826,6,6,1,0.268283,0.764691,0.764691,1.020081,3.181231,2.519439,-1.020081
member,44782,8,8,1,0.165431,0.847528,0.847528,0.741577,3.632824,3.086884,-0.741577
member,13473,0,0,1,0.730183,0.481821,0.481821,1.220191,3.000309,0.220312,-1.220191
member,1811,0,0,1,0.143904,0.865971,0.865971,0.586326,4.541634,2.539722,-0.586326
member,5576,2,2,1,0.021093,0.979128,0.979128,0.142998,5.764969,5.260877,-0.142998
member,13604,5,3,0,1.445348,0.235664,0.342594,1.865857,1.407776,-0.374140,1.865857
member,45814,5,5,1,0.109353,0.896414,0.896414,0.508290,4.459802,3.160144,-0.508290
member,19287,2,2,1,1.051815,0.349303,0.349303,2.012558,1.522404,0.944184,-2.012558
member,45444,1,1,1,0.611127,0.542739,0.542739,1.441771,2.813934,1.342787,-1.441771
member,2213,4,4,1,0.073902,0.928763,0.928763,0.347511,5.167933,2.997954,-0.347511
member,27630,4,4,1,0.269036,0.764116,0.764116,0.953185,3.447973,2.031677,-0.953185
member,43904,2,2,1,0.300505,0.740444,0.740444,0.985901,3.668443,1.747597,-0.985901
member,30731,2,0,0,2.083870,0.124448,0.715448,1.064143,1.576083,-1.749023,1.064143
member,21255,7,3,0,1.634001,0.195147,0.353942,1.925017,1.053688,-0.595379,1.925017
member,22982,1,1,1,0.048812,0.952360,0.952360,0.277012,5.103785,3.926010,-0.277012
member,16039,7,7,1,0.167038,0.846168,0.846168,0.725351,3.832761,3.034089,-0.725351
member,2672,4,4,1,0.334834,0.715457,0.715457,1.060525,3.469573,1.963088,-1.060525
member,29363,2,2,1,0.609579,0.543580,0.543580,1.473343,2.815509,1.586115,-1.473343
member,2608,7,7,1,0.465288,0.627954,0.627954,1.362540,2.845601,1.855332,-1.362540
member,20496,3,3,1,1.254868,0.285113,0.285113,2.052188,1.366556,0.558814,-2.052188
member,47608,8,8,1,0.008182,0.991851,0.991851,0.063612,6.460378,5.989395,-0.063612
member,5159,6,6,1,0.059690,0.942056,0.942056,0.330240,4.803183,3.921078,-0.330240
member,39381,5,3,0,1.139051,0.320123,0.602482,0.999803,3.155616,-0.632353,0.999803
member,35576,1,1,1,0.065588,0.936516,0.936516,0.302587,5.275430,2.970463,-0.302587
member,34234,0,0,1,0.040226,0.960572,0.960572,0.223596,5.600043,3.812609,-0.223596
member,32777,8,8,1,0.067158,0.935048,0.935048,0.362742,4.673729,3.873533,-0.362742
member,11401,4,4,1,0.741573,0.476364,0.476364,1.242446,2.984616,0.236522,-1.242446
member,10504,9,1,0,1.580445,0.205883,0.240574,1.832123,1.374547,-0.155716,1.832123
member,33526,3,3,1,0.028183,0.972210,0.972210,0.166902,5.941577,4.202434,-0.166902
member,41589,3,1,0,1.784161,0.167938,0.349470,1.848558,1.069310,-0.732822,1.848558
member,5754,4,6,0,2.552469,0.077889,0.494467,1.448516,0.926829,-1.848194,1.448516
member,44770,0,0,1,0.594626,0.551769,0.551769,1.436555,2.529728,0.880003,-1.436555
member,22011,3,3,1,0.462357,0.629798,0.629798,1.194338,3.513395,1.518120,-1.194338
member,45388,9,9,1,0.136608,0.872312,0.872312,0.604393,4.134667,2.967592,-0.604393
member,20937,1,1,1,0.237083,0.788926,0.788926,0.705455,4.382282,1.556391,-0.705455
member,21934,6,2,0,1.197551,0.301933,0.409383,1.560399,2.127676,-0.304447,1.560399
member,8034,6,6,1,0.444083,0.641412,0.641412,1.062812,3.384087,0.920368,-1.062812
member,7126,8,8,1,0.061961,0.939919,0.939919,0.330529,4.918935,3.677800,-0.330529
member,47615,8,8,1,0.008842,0.991197,0.991197,0.067430,6.523941,6.193429,-0.067430
member,47790,6,6,1,0.170245,0.843458,0.843458,0.738833,3.726276,2.869466,-0.738833
member,46122,6,6,1,0.145457,0.864627,0.864627,0.529647,4.789265,2.124871,-0.529647
member,35846,0,0,1,0.380223,0.683709,0.683709,0.786242,4.518724,0.878902,-0.786242
member,34582,8,8,1,0.064278,0.937745,0.937745,0.346197,4.730531,3.623566,-0.346197
member,13082,3,2,0,1.956466,0.141357,0.382674,1.896326,0.790923,-0.995893,1.896326
member,40646,7,7,1,0.966351,0.380469,0.380469,1.631575,2.244730,0.375478,-1.631575
member,21905,8,8,1,0.008058,0.991974,0.991974,0.053194,7.564635,5.017706,-0.053194
member,25238,8,8,1,0.180636,0.834739,0.834739,0.673389,4.124664,2.072050,-0.673389
member,35975,7,7,1,0.005427,0.994588,0.994588,0.040500,7.808579,5.711364,-0.040500
member,6496,3,3,1,0.261805,0.769661,0.769661,0.719314,4.653442,1.418607,-0.719314
member,43693,5,5,1,0.853943,0.425733,0.425733,1.546925,2.336123,0.319797,-1.546925
member,33524,7,7,1,0.305549,0.736719,0.736719,1.130406,3.025404,2.663680,-1.130406
member,20701,7,7,1,0.777409,0.459595,0.459595,1.169363,2.999718,0.066201,-1.169363
member,13312,0,0,1,0.316837,0.728449,0.728449,1.062781,3.380798,2.043667,-1.062781
member,10036,6,6,1,1.271360,0.280450,0.280450,1.989976,1.331361,0.154828,-1.989976
member,14164,4,3,0,1.325339,0.265713,0.625539,0.996207,3.431925,-0.856197,0.996207
member,31154,7,7,1,0.153013,0.858119,0.858119,0.648818,4.193664,2.850953,-0.648818
member,24948,7,7,1,0.307980,0.734930,0.734930,1.133718,3.050337,2.645886,-1.133718
member,35308,4,4,1,0.788340,0.454599,0.454599,1.542168,2.499416,0.614762,-1.542168
member,47763,0,0,1,0.234656,0.790843,0.790843,0.918597,3.491358,2.613026,-0.918597
member,32907,6,6,1,0.966987,0.380227,0.380227,1.556946,2.309499,0.077370,-1.556946
member,45609,4,4,1,0.383113,0.681736,0.681736,1.277904,2.800337,2.136115,-1.277904
member,5253,8,8,1,0.920987,0.398126,0.398126,1.397846,2.548779,0.022793,-1.397846
member,19104,0,9,0,2.023311,0.132217,0.238083,2.118055,0.511081,-0.588176,2.118055
member,32805,5,3,0,1.202924,0.300315,0.670722,0.781395,3.793508,-0.803524,0.781395
member,40516,0,0,1,0.059390,0.942339,0.942339,0.330782,4.775669,4.114762,-0.330782
member,3882,9,9,1,0.071526,0.930972,0.930972,0.374138,4.725451,3.642980,-0.374138
member,22988,2,2,1,0.925955,0.396153,0.396153,1.823804,1.926765,0.651350,-1.823804
member,31224,7,7,1,0.105187,0.900156,0.900156,0.514762,4.332118,3.488648,-0.514762
member,3418,4,4,1,0.164492,0.848324,0.848324,0.678340,3.983010,2.400963,-0.678340
member,38929,1,1,1,0.087851,0.915898,0.915898,0.412099,4.841696,2.967987,-0.412099
member,23541,3,3,1,0.811842,0.444039,0.444039,1.665438,2.374218,0.877670,-1.665438
member,26354,5,5,1,1.193292,0.303221,0.303221,1.898097,1.495643,0.060278,-1.898097
member,19771,3,3,1,1.248575,0.286913,0.286913,1.937313,1.514956,0.462183,-1.937313
member,10189,3,3,1,0.384597,0.680725,0.680725,1.124421,3.359012,1.684064,-1.124421
member,44562,3,3,1,1.045979,0.351348,0.351348,1.945181,1.657740,0.918409,-1.945181
member,44560,7,7,1,0.030676,0.969790,0.969790,0.188313,5.543635,4.489800,-0.188313
member,44944,3,3,1,0.405873,0.666395,0.666395,1.003862,3.869838,1.089745,-1.003862
member,5195,1,1,1,0.470507,0.624686,0.624686,1.338228,2.769432,1.659473,-1.338228
member,37255,2,7,0,1.666442,0.188918,0.444095,1.689842,1.316697,-0.854724,1.689842
member,31610,3,3,1,0.701682,0.495751,0.495751,1.086899,3.626099,0.210989,-1.086899
member,2191,2,4,0,1.245481,0.287803,0.294973,1.831475,1.615838,-0.024610,1.831475
member,31039,9,9,1,0.293793,0.745431,0.745431,0.959750,3.383927,1.633635,-0.959750
member,46776,4,4,1,0.693127,0.500010,0.500010,1.530124,2.492184,0.835772,-1.530124
member,7785,5,5,1,0.049038,0.952145,0.952145,0.257680,5.873014,3.766743,-0.257680
member,46172,7,7,1,0.008294,0.991741,0.991741,0.057574,8.106958,5.489138,-0.057574
member,42978,1,1,1,0.044504,0.956472,0.956472,0.260891,5.041587,4.304358,-0.260891
member,48126,9,9,1,0.141644,0.867930,0.867930,0.643039,3.903394,3.021783,-0.643039
member,3154,6,6,1,0.029648,0.970787,0.970787,0.186311,5.591811,4.706586,-0.186311
member,22795,6,5,0,1.677664,0.186810,0.493157,1.644186,1.257949,-0.970736,1.644186
member,29895,8,8,1,0.007851,0.992180,0.992180,0.057105,6.894904,5.347784,-0.057105
member,16912,0,0,1,0.032059,0.968450,0.968450,0.169358,6.458982,3.684645,-0.169358
member,41042,8,8,1,0.161502,0.850865,0.850865,0.736863,3.671498,3.579147,-0.736863
member,42715,1,1,1,0.022812,0.977446,0.977446,0.152266,5.590678,4.867640,-0.152266
member,7441,9,9,1,0.024241,0.976050,0.976050,0.155227,5.750609,4.672314,-0.155227
member,12848,7,7,1,0.134907,0.873797,0.873797,0.584625,4.256072,2.614723,-0.584625
member,12619,6,6,1,0.810483,0.444643,0.444643,1.540091,2.513652,0.482708,-1.540091
member,19746,4,4,1,0.123273,0.884022,0.884022,0.575661,4.132542,3.039377,-0.575661
member,1422,9,9,1,0.358260,0.698892,0.698892,1.022327,3.553970,1.332816,-1.022327
member,26894,4,4,1,0.345587,0.707805,0.707805,1.137475,3.139168,1.905178,-1.137475
member,6065,5,5,1,0.605162,0.545986,0.545986,1.511139,2.605863,1.443886,-1.511139
member,37616,1,1,1,0.086656,0.916993,0.916993,0.426993,4.502636,3.278199,-0.426993
member,37028,4,4,1,0.655293,0.519290,0.519290,1.625358,2.251986,1.101025,-1.625358
member,43197,9,9,1,1.108858,0.329936,0.329936,2.048092,1.464114,1.040556,-2.048092
member,29228,9,9,1,0.004768,0.995244,0.995244,0.038511,7.299792,6.371609,-0.038511
member,29835,4,4,1,0.170312,0.843401,0.843401,0.707000,3.865220,2.531152,-0.707000
member,22685,9,9,1,0.025262,0.975054,0.975054,0.164030,5.539848,4.818056,-0.164030
member,22341,7,7,1,0.002922,0.997083,0.997083,0.023303,8.378405,6.217648,-0.023303
member,45713,2,2,1,0.925031,0.396519,0.396519,1.879728,1.839812,1.117351,-1.879728
member,34759,8,8,1,0.711347,0.490982,0.490982,1.764984,2.058259,1.601026,-1.764984
member,5215,2,2,1,0.171680,0.842248,0.842248,0.562397,5.016390,1.891135,-0.562397
member,48812,4,4,1,0.777503,0.459552,0.459552,1.627629,2.295966,0.727714,-1.627629
member,44917,6,6,1,0.132195,0.876170,0.876170,0.532209,4.544891,2.368038,-0.532209
member,39364,8,8,1,0.119603,0.887272,0.887272,0.567623,4.140399,3.077415,-0.567623
member,47378,8,8,1,0.933769,0.393070,0.393070,1.767770,1.918290,0.419860,-1.767770
member,2899,4,4,1,0.041804,0.959058,0.959058,0.213677,5.942030,3.504454,-0.213677
member,13307,4,3,0,2.869357,0.056735,0.309959,1.902531,-0.017137,-1.698043,1.902531
member,18861,0,0,1,0.730309,0.481760,0.481760,1.420849,2.603601,0.460805,-1.420849
member,14160,5,5,1,0.909802,0.402604,0.402604,1.396909,2.762553,0.144424,-1.396909
member,15153,0,0,1,0.009179,0.990863,0.990863,0.069835,6.517488,6.019622,-0.069835
member,2561,2,2,1,0.207867,0.812315,0.812315,0.695278,4.761603,2.021331,-0.695278
member,7308,2,2,1,0.105494,0.899880,0.899880,0.490547,4.649581,3.144021,-0.490547
member,19223,2,2,1,0.925707,0.396251,0.396251,1.532877,2.528690,0.330617,-1.532877
member,39543,3,3,1,0.248508,0.779964,0.779964,0.823044,4.042078,1.894164,-0.823044
member,33680,2,0,0,1.136581,0.320914,0.346294,1.765496,1.748863,-0.076114,1.765496
member,39097,1,1,1,0.246623,0.781436,0.781436,0.952311,3.376329,2.303562,-0.952311
member,44840,4,4,1,0.742348,0.475995,0.475995,1.625982,2.341439,0.999005,-1.625982
member,44614,4,4,1,0.162228,0.850248,0.850248,0.733279,3.613762,3.112506,-0.733279
member,27191,2,2,1,0.311839,0.732100,0.732100,1.035013,3.561747,1.892523,-1.035013
member,17476,6,6,1,0.551575,0.576042,0.576042,1.334213,2.804385,0.923843,-1.334213
member,14803,9,9,1,0.245739,0.782126,0.782126,0.696268,4.313825,1.467742,-0.696268
member,26837,2,2,1,0.257789,0.772758,0.772758,0.965852,3.444657,2.328621,-0.965852
member,10262,4,4,1,0.291138,0.747412,0.747412,0.962539,3.454421,1.768905,-0.962539
member,44190,9,9,1,0.533518,0.586538,0.586538,1.450738,2.575028,1.305689,-1.450738
member,43278,8,8,1,0.247511,0.780741,0.780741,0.758834,4.229733,1.611428,-0.758834
member,30948,8,8,1,0.326018,0.721792,0.721792,1.167883,2.924755,2.440684,-1.167883
member,42989,5,5,1,0.560450,0.570952,0.570952,1.314211,2.978923,0.878035,-1.314211
member,19709,9,9,1,0.431786,0.649348,0.649348,0.950786,3.703482,0.845847,-0.950786
member,28468,7,7,1,0.058903,0.942798,0.942798,0.308821,5.300293,3.565576,-0.308821
member,543,4,4,1,0.188908,0.827863,0.827863,0.808629,3.536023,2.896609,-0.808629
member,23822,0,0,1,0.016847,0.983294,0.983294,0.115487,6.058558,5.226828,-0.115487
member,28066,8,8,1,0.110609,0.895289,0.895289,0.551098,4.045679,3.502866,-0.551098
member,34415,6,6,1,0.737018,0.478539,0.478539,1.578871,2.480679,1.139155,-1.578871
member,39627,8,8,1,0.110980,0.894956,0.894956,0.460479,4.895350,2.533852,-0.460479
member,1163,2,2,1,0.422558,0.655369,0.655369,1.230545,3.180310,1.752423,-1.230545
member,29746,8,8,1,0.003619,0.996388,0.996388,0.030562,7.354465,6.837897,-0.030562
member,2210,4,4,1,0.054375,0.947077,0.947077,0.301099,5.066051,4.082862,-0.301099
member,23001,9,9,1,0.617310,0.539393,0.539393,0.941252,3.745640,0.270965,-0.941252
member,32300,4,4,1,0.120175,0.886765,0.886765,0.519629,4.546308,2.639273,-0.519629
member,46320,6,6,1,0.235653,0.790055,0.790055,0.853793,3.720335,1.978810,-0.853793
member,28827,2,2,1,0.189693,0.827213,0.827213,0.772333,3.880073,2.834536,-0.772333
member,44404,9,9,1,0.174580,0.839810,0.839810,0.660939,4.275923,2.175776,-0.660939
member,18198,2,2,1,0.086627,0.917019,0.917019,0.402262,5.003596,3.042601,-0.402262
member,1901,1,1,1,0.019139,0.981043,0.981043,0.123368,6.229270,4.802155,-0.123368
member,37460,1,1,1,0.043794,0.957151,0.957151,0.247106,5.293231,3.926537,-0.247106
member,17692,0,0,1,0.262083,0.769447,0.769447,0.932364,3.652807,2.381777,-0.932364
member,28200,4,0,0,1.091627,0.335670,0.381501,1.499575,2.326692,-0.127986,1.499575
member,24782,7,7,1,0.031197,0.969285,0.969285,0.198114,5.385564,4.933656,-0.198114
member,28968,9,9,1,0.200270,0.818510,0.818510,0.832844,3.521145,2.944970,-0.832844
member,38888,5,5,1,0.171499,0.842401,0.842401,0.516315,5.242702,1.785010,-0.516315
member,35968,4,4,1,0.239779,0.786801,0.786801,0.910733,3.453953,2.513516,-0.910733
member,30875,4,4,1,0.148595,0.861918,0.861918,0.652770,3.959141,2.780718,-0.652770
member,38948,0,0,1,0.123856,0.883507,0.883507,0.549423,4.480725,2.944075,-0.549423
member,15359,7,7,1,0.154369,0.856956,0.856956,0.712611,3.689129,3.453717,-0.712611
member,42751,7,7,1,0.431692,0.649409,0.649409,1.238062,3.158813,1.666191,-1.238062
member,44469,9,9,1,0.769866,0.463075,0.463075,1.754081,2.030666,1.164474,-1.754081
member,19714,2,2,1,0.452168,0.636248,0.636248,1.298782,3.010002,1.756249,-1.298782
member,11607,9,9,1,0.353497,0.702228,0.702228,1.197664,2.896545,2.205539,-1.197664
member,36167,4,4,1,0.816724,0.441877,0.441877,1.465741,2.751690,0.374517,-1.465741
member,35571,6,6,1,0.132626,0.875793,0.875793,0.623496,3.986384,3.489047,-0.623496
member,30441,5,7,0,1.825293,0.161170,0.194755,2.190758,0.598302,-0.189278,2.190758
member,39646,2,2,1,0.235572,0.790119,0.790119,0.946028,3.359151,2.710577,-0.946028
member,45246,1,1,1,0.502440,0.605052,0.605052,1.467126,2.557900,1.720853,-1.467126
member,10434,8,8,1,0.140158,0.869221,0.869221,0.537157,4.885084,2.321048,-0.537157
member,45591,4,4,1,0.414685,0.660549,0.660549,1.188718,3.217633,1.564969,-1.188718
member,33540,1,1,1,0.107338,0.898222,0.898222,0.493992,4.385474,2.836018,-0.493992
member,4162,0,0,1,0.027141,0.973224,0.973224,0.176311,5.590263,4.991769,-0.176311
member,24261,6,6,1,0.451774,0.636498,0.636498,1.221601,3.100797,1.390414,-1.221601
member,27618,8,8,1,0.274787,0.759734,0.759734,0.933934,3.637987,1.942892,-0.933934
member,17466,9,9,1,0.683244,0.504976,0.504976,1.487311,2.403321,0.628781,-1.487311
member,2441,8,0,0,1.003695,0.366523,0.479210,1.293946,2.558679,-0.268079,1.293946
member,6211,4,4,1,0.769874,0.463071,0.463071,1.510929,2.594893,0.740459,-1.510929
member,16368,1,1,1,0.164127,0.848634,0.848634,0.722554,3.773280,3.132907,-0.722554
member,6896,1,1,1,0.026860,0.973498,0.973498,0.171028,5.493091,4.689784,-0.171028
member,27590,5,5,1,0.382311,0.682283,0.682283,0.895437,4.059881,0.994979,-0.895437
member,27721,2,2,1,0.518162,0.595614,0.595614,1.425622,2.663080,1.517436,-1.425622
member,6400,0,0,1,0.167528,0.845753,0.845753,0.734413,3.864647,3.179113,-0.734413
member,46282,7,7,1,0.400215,0.670176,0.670176,1.085988,3.495078,1.269607,-1.085988
member,30127,9,9,1,0.322317,0.724468,0.724468,0.894395,3.967050,1.399300,-0.894395
member,19027,0,0,1,0.112329,0.893750,0.893750,0.466431,4.964487,2.657464,-0.466431
member,33821,7,7,1,0.295969,0.743810,0.743810,1.054548,3.264492,2.163181,-1.054548
member,32756,4,4,1,0.395686,0.673218,0.673218,1.258555,3.018588,2.095766,-1.258555
member,47477,5,5,1,0.460531,0.630948,0.630948,1.268902,2.964841,1.285610,-1.268902
member,31632,3,3,1,0.446568,0.639820,0.639820,1.144445,3.324692,1.052583,-1.144445
member,18558,8,8,1,0.271431,0.762288,0.762288,0.891751,3.619157,1.645406,-0.891751
member,16625,0,0,1,0.529228,0.589060,0.589060,1.489619,2.482001,1.485117,-1.489619
member,17531,8,8,1,0.142113,0.867523,0.867523,0.605888,4.241879,2.669508,-0.605888
member,37647,2,5,0,1.115395,0.327786,0.375532,1.633480,2.055832,-0.135982,1.633480
member,33395,2,2,1,0.503018,0.604703,0.604703,1.020269,3.651638,0.654268,-1.020269
member,17827,9,9,1,0.038956,0.961793,0.961793,0.227874,5.398091,3.995664,-0.227874
member,14427,8,8,1,0.019064,0.981117,0.981117,0.129355,5.859606,5.074070,-0.129355
member,1005,4,4,1,0.531349,0.587812,0.587812,1.263587,3.002252,0.912950,-1.263587
member,5488,4,4,1,0.624753,0.535394,0.535394,1.474902,2.718640,1.204918,-1.474902
member,45615,0,0,1,0.492303,0.611217,0.611217,0.952974,4.147317,0.669353,-0.952974
member,17406,9,9,1,0.027540,0.972835,0.972835,0.175646,5.397608,4.617380,-0.175646
member,454,1,1,1,0.054370,0.947082,0.947082,0.287869,5.222888,3.499070,-0.287869
member,4244,1,1,1,0.076289,0.926549,0.926549,0.393917,4.706456,3.651079,-0.393917
member,39505,4,4,1,0.020524,0.979685,0.979685,0.135384,5.971031,4.847242,-0.135384
member,43383,8,8,1,0.012012,0.988060,0.988060,0.087928,6.202425,5.617262,-0.087928
member,34292,8,8,1,0.045178,0.955827,0.955827,0.273779,4.843797,4.585305,-0.273779
member,41413,8,8,1,0.028471,0.971930,0.971930,0.186153,5.245242,4.875618,-0.186153
member,44591,1,1,1,0.401316,0.669438,0.669438,1.182889,3.305016,1.600202,-1.182889
member,31953,4,4,1,0.232697,0.792394,0.792394,0.847824,3.733791,2.324217,-0.847824
member,29980,0,0,1,0.912773,0.401410,0.401410,1.779703,2.025703,0.805932,-1.779703
member,9391,5,5,1,0.468320,0.626053,0.626053,1.202721,3.457574,1.215381,-1.202721
member,22338,5,5,1,0.069368,0.932983,0.932983,0.332248,5.357765,3.152085,-0.332248
member,11708,1,1,1,0.121880,0.885255,0.885255,0.494273,5.114710,2.533872,-0.494273
member,12966,3,2,0,1.887292,0.151481,0.173633,2.204501,0.534473,-0.136479,2.204501
member,45664,5,5,1,0.361136,0.696884,0.696884,1.099545,3.315914,1.529730,-1.099545
member,12824,6,6,1,0.411864,0.662414,0.662414,1.198604,3.102023,1.378613,-1.198604
member,29861,3,3,1,0.429033,0.651139,0.651139,1.139462,3.421775,1.521814,-1.139462
member,36407,7,7,1,0.000349,0.999651,0.999651,0.003788,9.672651,9.394951,-0.003788
member,19204,2,2,1,0.516730,0.596468,0.596468,1.354477,2.794862,1.111441,-1.354477
member,7776,5,5,1,0.436208,0.646483,0.646483,0.865427,4.182079,0.743005,-0.865427
member,35972,7,5,0,1.313504,0.268876,0.308865,1.841957,1.565653,-0.138653,1.841957
member,46215,3,3,1,0.793897,0.452080,0.452080,1.659038,2.365076,0.977323,-1.659038
member,26542,6,1,0,1.091342,0.335766,0.373967,1.572351,2.069793,-0.107753,1.572351
member,26716,3,3,1,0.120164,0.886775,0.886775,0.524191,4.477809,2.658046,-0.524191
member,41853,3,5,0,1.349293,0.259424,0.380406,1.682308,1.678342,-0.382778,1.682308
member,15469,1,1,1,0.388640,0.677978,0.677978,1.312254,2.741287,2.403884,-1.312254
member,27055,7,7,1,0.030557,0.969905,0.969905,0.181031,5.701040,4.063172,-0.181031
member,11062,5,5,1,0.289372,0.748734,0.748734,0.923750,3.695703,1.702026,-0.923750
member,12110,4,4,1,0.312647,0.731508,0.731508,1.023047,3.386111,1.748750,-1.023047
member,14518,1,1,1,0.175965,0.838648,0.838648,0.686099,4.197588,2.400430,-0.686099
member,37532,0,0,1,0.133943,0.874640,0.874640,0.409078,6.548519,1.987341,-0.409078
member,33612,3,5,0,1.137702,0.320555,0.326894,1.693734,1.924788,-0.019581,1.693734
member,13433,2,2,1,0.920390,0.398364,0.398364,1.907004,1.744957,1.055362,-1.907004
member,3053,0,0,1,0.178641,0.836406,0.836406,0.575622,4.692683,1.825745,-0.575622
member,17452,9,1,0,2.246757,0.105742,0.868297,0.505153,2.746871,-2.105536,0.505153
member,27505,7,3,0,1.167035,0.311289,0.451520,1.299472,3.309592,-0.371900,1.299472
member,48930,0,0,1,0.062376,0.939529,0.939529,0.343447,4.846427,3.947838,-0.343447
member,20000,8,8,1,0.499477,0.606848,0.606848,1.075835,3.565648,0.739776,-1.075835
member,39079,8,8,1,0.810815,0.444496,0.444496,1.763768,2.047738,0.833124,-1.763768
member,9273,4,4,1,0.302388,0.739051,0.739051,1.001606,3.482490,1.956155,-1.001606
member,10134,4,7,0,0.945929,0.388319,0.571927,0.873297,3.986257,-0.387186,0.873297
member,2982,3,2,0,2.618315,0.072926,0.507415,1.416611,0.861999,-1.939889,1.416611
member,31599,1,1,1,0.128017,0.879838,0.879838,0.530998,4.493102,2.463508,-0.530998
member,47437,9,9,1,0.234793,0.790734,0.790734,0.908951,3.458571,2.426801,-0.908951
member,40223,8,8,1,0.264024,0.767955,0.767955,0.989557,3.236803,2.231555,-0.989557
member,5770,0,0,1,0.026270,0.974072,0.974072,0.163285,5.798944,4.576380,-0.163285
member,34870,8,8,1,0.481168,0.618061,0.618061,1.321956,2.794915,1.216217,-1.321956
member,28999,5,5,1,0.200395,0.818408,0.818408,0.621991,4.658795,1.710161,-0.621991
member,16320,1,1,1,0.212582,0.808494,0.808494,0.808004,3.809940,2.184825,-0.808004
member,38544,8,8,1,0.933487,0.393180,0.393180,1.507907,2.521555,0.467198,-1.507907
member,14815,4,4,1,0.868271,0.419677,0.419677,1.565996,2.372627,0.269621,-1.565996
member,17962,8,8,1,0.054523,0.946937,0.946937,0.310343,4.911298,4.501583,-0.310343
member,23647,9,9,1,0.102307,0.902753,0.902753,0.452737,5.036363,3.003580,-0.452737
member,8479,9,9,1,0.542796,0.581121,0.581121,1.533785,2.481149,1.654010,-1.533785
member,22895,5,5,1,0.521772,0.593468,0.593468,1.465033,2.521960,1.378942,-1.465033
member,18853,8,8,1,0.196144,0.821893,0.821893,0.844172,3.390408,3.246910,-0.844172
member,39474,1,1,1,0.644778,0.524779,0.524779,1.521873,2.501362,1.130995,-1.521873
member,9353,4,4,1,0.788941,0.454326,0.454326,1.584118,2.621636,0.937281,-1.584118
member,25042,8,8,1,0.100676,0.904226,0.904226,0.490492,4.301875,3.212663,-0.490492
member,46015,8,8,1,0.276551,0.758395,0.758395,0.953860,3.500487,1.937989,-0.953860
member,2757,9,9,1,0.127479,0.880312,0.880312,0.591153,4.042521,3.135670,-0.591153
member,12214,6,6,1,0.068832,0.933484,0.933484,0.359146,4.911864,3.643966,-0.359146
member,23491,0,0,1,0.564719,0.568520,0.568520,1.477501,2.645111,1.356036,-1.477501
member,28027,1,1,1,0.173657,0.840586,0.840586,0.714874,3.864003,2.584369,-0.714874
member,4128,3,3,1,1.036166,0.354812,0.354812,1.547169,2.443258,0.242361,-1.547169
member,30611,3,5,0,1.292717,0.274524,0.624227,0.998258,3.119545,-0.821475,0.998258
member,7915,1,1,1,0.440365,0.643802,0.643802,1.124067,3.225525,1.038132,-1.124067
member,27687,6,6,1,0.258943,0.771867,0.771867,0.937056,3.485392,2.057406,-0.937056
member,25572,7,7,1,0.026566,0.973784,0.973784,0.165856,5.823806,4.487860,-0.165856
member,2182,5,5,1,0.150454,0.860317,0.860317,0.689641,3.765801,3.203620,-0.689641
member,29965,6,6,1,0.441373,0.643153,0.643153,1.315688,2.998445,1.897706,-1.315688
member,26216,8,8,1,0.002262,0.997740,0.997740,0.020140,7.849813,7.144958,-0.020140
member,4822,5,5,1,0.026383,0.973962,0.973962,0.125161,8.450583,3.651128,-0.125161
member,2110,8,8,1,0.017680,0.982475,0.982475,0.117985,6.013300,4.743642,-0.117985
member,20931,1,1,1,0.015641,0.984481,0.984481,0.094093,6.964532,4.406043,-0.094093
member,25270,0,0,1,0.061057,0.940770,0.940770,0.330961,4.873890,3.624058,-0.330961
member,176,1,1,1,0.015882,0.984244,0.984244,0.110603,5.967930,5.538188,-0.110603
member,5683,1,1,1,0.084191,0.919255,0.919255,0.416989,4.559190,3.202287,-0.416989
member,47937,6,6,1,0.361074,0.696927,0.696927,1.190482,3.050504,1.873328,-1.190482
member,32858,2,9,0,1.398697,0.246919,0.386975,1.584098,2.033698,-0.449303,1.584098
member,28221,5,5,1,1.397477,0.247220,0.247220,2.006993,1.199684,0.096547,-2.006993
member,28530,1,1,1,0.017672,0.982483,0.982483,0.105228,6.873236,4.331234,-0.105228
member,15849,5,5,1,0.244147,0.783373,0.783373,0.800407,4.168994,1.822655,-0.800407
member,23744,7,7,1,0.113478,0.892723,0.892723,0.532729,4.366431,3.039851,-0.532729
member,43283,3,6,0,1.607430,0.200402,0.684825,1.037292,2.303020,-1.228838,1.037292
member,20613,9,9,1,0.086960,0.916714,0.916714,0.422776,4.697388,3.097991,-0.422776
member,27819,5,3,0,2.307814,0.099479,0.712922,0.993811,1.966334,-1.969430,0.993811
member,38872,1,1,1,0.115369,0.891038,0.891038,0.561036,4.090808,3.559330,-0.561036
member,27587,2,2,1,1.100650,0.332655,0.332655,1.867457,1.724454,0.444375,-1.867457
member,41889,8,8,1,0.053265,0.948129,0.948129,0.312517,4.720167,4.500911,-0.312517
member,23872,8,8,1,0.180730,0.834660,0.834660,0.619303,4.469968,1.911186,-0.619303
member,10915,9,1,0,2.029160,0.131446,0.649107,1.229446,1.529986,-1.597003,1.229446
member,22989,9,1,0,1.548997,0.212461,0.497958,1.469180,1.845762,-0.851758,1.469180
member,47401,0,0,1,0.290778,0.747681,0.747681,0.985472,3.594148,2.126471,-0.985472
member,20374,4,4,1,0.386198,0.679636,0.679636,1.268032,2.885164,2.069847,-1.268032
member,24683,9,9,1,0.230882,0.793833,0.793833,0.794835,3.883346,1.870250,-0.794835
member,8053,6,6,1,0.039539,0.961232,0.961232,0.228136,5.542725,4.201238,-0.228136
member,1741,6,6,1,0.256587,0.773687,0.773687,0.927127,3.683433,2.396549,-0.927127
member,25116,7,7,1,0.309492,0.733820,0.733820,0.951196,3.708512,1.583477,-0.951196
member,24184,6,6,1,0.015539,0.984581,0.984581,0.101688,6.486875,4.665183,-0.101688
member,13631,7,7,1,0.231725,0.793165,0.793165,0.825904,3.930134,2.054574,-0.825904
member,4303,8,8,1,0.331229,0.718041,0.718041,0.990393,3.602878,1.430377,-0.990393
member,21987,2,2,1,0.205253,0.814441,0.814441,0.689619,4.233095,1.804506,-0.689619
member,35719,8,8,1,0.335821,0.714751,0.714751,1.068227,3.362019,1.840129,-1.068227
member,23460,4,4,1,0.426823,0.652579,0.652579,1.303098,2.854603,1.804562,-1.303098
member,10444,6,3,0,1.694629,0.183667,0.293523,1.829023,1.225447,-0.468830,1.829023
member,42406,9,9,1,0.117867,0.888815,0.888815,0.541407,4.418526,2.959734,-0.541407
member,15709,5,5,1,0.594960,0.551585,0.551585,1.273526,3.342482,0.972243,-1.273526
member,33009,7,7,1,0.073664,0.928984,0.928984,0.332784,5.594635,3.010190,-0.332784
member,10279,8,8,1,0.087618,0.916110,0.916110,0.453381,4.330380,3.892548,-0.453381
member,20945,6,6,1,0.499073,0.607093,0.607093,1.261616,3.144385,1.049223,-1.261616
member,5653,4,4,1,0.388290,0.678216,0.678216,1.142190,3.306144,1.502433,-1.142190
member,4816,0,0,1,0.392080,0.675650,0.675650,1.209501,3.011945,1.628270,-1.209501
member,36890,3,3,1,0.836304,0.433309,0.433309,1.616974,2.321056,0.567945,-1.616974
member,39173,4,4,1,0.095842,0.908607,0.908607,0.435083,4.735970,2.792943,-0.435083
member,15056,9,9,1,0.116192,0.890305,0.890305,0.551201,4.225662,3.264520,-0.551201
member,13943,4,4,1,0.070325,0.932090,0.932090,0.373308,4.693587,3.589105,-0.373308
member,21681,8,8,1,0.009310,0.990734,0.990734,0.069616,6.636170,5.977552,-0.069616
member,35499,6,6,1,0.406715,0.665834,0.665834,1.225146,3.014242,1.467995,-1.225146
member,11028,3,6,0,1.527076,0.217170,0.318545,1.931036,1.177038,-0.383085,1.931036
member,4448,5,5,1,0.289231,0.748839,0.748839,0.898182,4.266366,1.927493,-0.898182
member,39838,8,8,1,0.163242,0.849386,0.849386,0.673967,4.103668,2.817445,-0.673967
member,42196,6,6,1,0.288001,0.749761,0.749761,1.046812,3.204684,2.175594,-1.046812
member,32525,4,4,1,0.289076,0.748955,0.748955,0.934577,3.661161,1.666257,-0.934577
member,30352,2,2,1,0.323827,0.723375,0.723375,1.001092,3.511445,1.678291,-1.001092
member,27614,4,4,1,0.280973,0.755049,0.755049,0.963222,3.724803,2.164532,-0.963222
member,20949,8,8,1,0.271264,0.762415,0.762415,0.926798,3.487569,1.788975,-0.926798
member,45484,0,0,1,0.895867,0.408254,0.408254,1.783415,2.020592,0.801363,-1.783415
member,38587,8,8,1,0.004704,0.995307,0.995307,0.038372,7.126828,6.226060,-0.038372
member,17249,2,2,1,0.368567,0.691725,0.691725,1.138847,3.086639,1.530939,-1.138847
member,3431,5,5,1,0.620159,0.537859,0.537859,1.126577,3.244454,0.408776,-1.126577
member,46130,5,3,0,1.186386,0.305323,0.327921,1.709734,1.898752,-0.071403,1.709734
member,1792,2,2,1,0.366391,0.693232,0.693232,1.190779,2.996226,1.946539,-1.190779
member,4865,9,9,1,0.152271,0.858756,0.858756,0.645682,4.246418,2.745855,-0.645682
member,27415,0,0,1,0.682243,0.505482,0.505482,1.648888,2.254442,1.448201,-1.648888
member,17914,4,4,1,0.247484,0.780763,0.780763,0.872659,3.867970,2.044307,-0.872659
member,37332,6,6,1,0.056682,0.944895,0.944895,0.254998,6.208218,3.046051,-0.254998
member,7592,0,0,1,0.519891,0.594586,0.594586,1.429732,2.684375,1.583361,-1.429732
member,47134,5,5,1,0.066948,0.935244,0.935244,0.303715,5.579644,2.950270,-0.303715
member,44990,5,5,1,0.195961,0.822044,0.822044,0.709829,4.486663,2.254907,-0.709829
member,40268,4,0,0,1.476218,0.228500,0.257304,1.899199,1.272236,-0.118721,1.899199
member,5169,6,6,1,0.718544,0.487461,0.487461,1.486285,2.977952,1.010366,-1.486285
member,35151,4,7,0,2.307229,0.099537,0.494364,1.606602,0.800623,-1.602746,1.606602
member,46635,5,3,0,1.088585,0.336693,0.610302,0.911602,3.481152,-0.594784,0.911602
member,32957,5,5,1,0.598404,0.549688,0.549688,0.961307,3.696294,0.328133,-0.961307
member,40261,6,6,1,0.377172,0.685798,0.685798,1.100868,3.449483,1.665100,-1.100868
member,11807,4,4,1,0.730408,0.481713,0.481713,1.492746,2.593738,0.701828,-1.492746
member,42048,8,8,1,0.391313,0.676169,0.676169,0.945474,3.702449,0.995883,-0.945474
member,2710,4,4,1,0.155038,0.856383,0.856383,0.642221,4.269239,2.768797,-0.642221
member,12883,0,0,1,0.060323,0.941461,0.941461,0.317896,5.162548,3.881363,-0.317896
member,46275,5,5,1,0.028545,0.971859,0.971859,0.150573,6.401551,3.733774,-0.150573
member,44108,3,3,1,0.747965,0.473329,0.473329,1.149338,3.036397,0.105711,-1.149338
member,5227,4,4,1,0.785979,0.455673,0.455673,1.740691,2.152600,1.340137,-1.740691
member,34401,7,7,1,0.000932,0.999069,0.999069,0.008280,9.562270,7.227089,-0.008280
member,46086,0,0,1,0.197362,0.820894,0.820894,0.703540,4.001990,1.919698,-0.703540
member,5186,9,9,1,0.027279,0.973089,0.973089,0.162741,6.306217,4.312400,-0.162741
member,13709,7,7,1,1.041046,0.353085,0.353085,1.765831,2.047488,0.484804,-1.765831
member,18172,6,2,0,1.251800,0.285990,0.602694,1.123611,2.500266,-0.745454,1.123611
member,39229,5,5,1,0.537380,0.584277,0.584277,1.280220,2.980449,0.900816,-1.280220
member,2579,5,5,1,0.930469,0.394369,0.394369,1.580942,2.348392,0.321818,-1.580942
member,35600,6,6,1,0.240960,0.785873,0.785873,0.861469,3.723005,1.939170,-0.861469
member,38532,9,9,1,0.036075,0.964568,0.964568,0.224625,5.084230,4.645759,-0.224625
member,29484,3,3,1,0.115599,0.890832,0.890832,0.482804,4.798025,2.701498,-0.482804
member,25442,6,6,1,0.055500,0.946012,0.946012,0.303697,5.124291,3.811397,-0.303697
member,46697,3,7,0,2.253764,0.105003,0.189232,2.147731,0.213849,-0.588985,2.147731
member,1584,6,6,1,0.056587,0.944984,0.944984,0.285546,5.353148,3.300480,-0.285546
member,47459,7,7,1,0.063689,0.938297,0.938297,0.324914,5.159944,3.363418,-0.324914
member,18329,3,3,1,0.442119,0.642673,0.642673,1.180878,3.189784,1.246010,-1.180878
member,8188,5,5,1,0.207216,0.812844,0.812844,0.697577,4.826243,2.243092,-0.697577
member,8931,7,7,1,0.212061,0.808915,0.808915,0.845558,3.649366,2.738882,-0.845558
member,33140,4,4,1,0.078656,0.924358,0.924358,0.410199,4.579603,3.569063,-0.410199
member,21588,6,6,1,0.004056,0.995953,0.995953,0.032611,7.919847,6.287449,-0.032611
member,30813,6,6,1,0.601572,0.547950,0.547950,1.350093,2.815158,0.812354,-1.350093
member,45260,5,4,0,2.086991,0.124060,0.452518,1.564963,1.049519,-1.294063,1.564963
member,4867,8,8,1,1.148867,0.316996,0.316996,1.706272,1.889719,0.124666,-1.706272
member,9100,3,3,1,0.332163,0.717370,0.717370,1.018874,3.497208,1.550266,-1.018874
member,21006,5,5,1,0.403044,0.668282,0.668282,1.206042,3.162454,1.898190,-1.206042
member,42995,2,2,1,0.313312,0.731021,0.731021,1.000434,3.608462,1.777105,-1.000434
member,28563,3,7,0,1.721965,0.178715,0.181249,2.124323,0.844573,-0.014081,2.124323
member,41965,6,6,1,0.977115,0.376395,0.376395,1.612591,2.201376,0.148707,-1.612591
member,21028,8,8,1,0.001376,0.998625,0.998625,0.013065,8.215528,7.749119,-0.013065
member,21397,1,1,1,0.239923,0.786689,0.786689,0.892394,3.656420,2.244205,-0.892394
member,30758,9,9,1,0.098029,0.906622,0.906622,0.505774,4.015605,3.814962,-0.505774
member,26869,9,9,1,0.113394,0.892799,0.892799,0.355062,6.884864,2.139950,-0.355062
member,1704,4,4,1,1.104950,0.331227,0.331227,1.792475,1.778758,0.077902,-1.792475
member,41473,7,7,1,0.159377,0.852675,0.852675,0.620389,4.505869,2.485729,-0.620389
member,49578,7,7,1,0.021331,0.978895,0.978895,0.143400,5.774925,5.376841,-0.143400
member,47742,2,2,1,0.559529,0.571478,0.571478,1.412799,2.852566,1.274725,-1.412799
member,11568,3,3,1,1.094216,0.334802,0.334802,1.730054,1.894964,0.071811,-1.730054
member,31448,6,6,1,1.423402,0.240893,0.240893,2.001123,1.290132,0.039688,-2.001123
member,30878,2,2,1,0.545492,0.579556,0.579556,1.479877,2.670598,1.787263,-1.479877
member,34154,9,9,1,0.702915,0.495140,0.495140,1.378083,2.984670,0.736453,-1.378083
member,8407,5,5,1,0.256799,0.773523,0.773523,0.741403,4.508157,1.548583,-0.741403
member,45876,9,9,1,0.615610,0.540311,0.540311,0.924943,3.725942,0.263302,-0.924943
member,10016,8,8,1,0.038095,0.962622,0.962622,0.227126,5.246973,4.109807,-0.227126
member,11044,6,6,1,0.126578,0.881106,0.881106,0.551945,4.620680,2.938493,-0.551945
member,28437,3,3,1,0.277801,0.757447,0.757447,0.649446,5.069417,1.215567,-0.649446
member,27224,5,5,1,0.189141,0.827670,0.827670,0.745169,3.946721,2.433736,-0.745169
member,25453,7,7,1,0.358111,0.698995,0.698995,1.143331,3.251689,1.771383,-1.143331
member,4421,6,6,1,0.196851,0.821313,0.821313,0.776836,3.816558,2.336510,-0.776836
member,1276,7,7,1,0.100251,0.904610,0.904610,0.495006,4.330131,3.355477,-0.495006
member,27243,8,8,1,0.498255,0.607590,0.607590,1.409816,2.735552,1.657544,-1.409816
member,330,1,1,1,0.239888,0.786716,0.786716,0.843782,3.755987,1.960644,-0.843782
member,20294,4,4,1,0.072592,0.929980,0.929980,0.365039,4.871891,3.288046,-0.365039
member,2432,3,3,1,0.300807,0.740221,0.740221,1.043337,3.347808,2.019859,-1.043337
member,6347,1,1,1,0.067038,0.935160,0.935160,0.345592,4.915761,3.398979,-0.345592
member,31809,2,2,1,0.076864,0.926016,0.926016,0.359183,5.133104,2.984131,-0.359183
member,23468,4,4,1,0.976108,0.376775,0.376775,1.832586,1.909473,0.841208,-1.832586
member,17391,3,5,0,1.096006,0.334203,0.606772,0.950542,3.197425,-0.596404,0.950542
member,36044,6,6,1,0.028370,0.972029,0.972029,0.174025,5.931525,4.656095,-0.174025
member,39580,2,2,1,0.786242,0.455554,0.455554,1.450166,2.577173,0.510920,-1.450166
member,20255,3,0,0,1.978344,0.138298,0.246892,1.916306,1.101212,-0.579539,1.916306
member,26719,6,6,1,0.100095,0.904752,0.904752,0.489409,4.432169,3.265126,-0.489409
member,9725,7,7,1,0.059048,0.942661,0.942661,0.329012,4.805972,3.875816,-0.329012
member,42725,4,4,1,1.223657,0.294152,0.294152,1.937694,1.430089,0.179965,-1.937694
member,14845,6,6,1,0.533541,0.586524,0.586524,1.474496,2.642063,1.714692,-1.474496
member,4883,7,7,1,0.005602,0.994414,0.994414,0.044784,7.128668,6.360373,-0.044784
member,40465,7,7,1,0.601816,0.547816,0.547816,1.657850,2.259450,1.957823,-1.657850
member,41336,1,1,1,0.412711,0.661853,0.661853,1.283486,2.824908,1.752796,-1.283486
member,9798,2,0,0,1.230481,0.292152,0.449950,1.491097,2.055298,-0.431862,1.491097
member,16429,6,6,1,0.096844,0.907697,0.907697,0.456668,4.761045,3.184979,-0.456668
member,4264,7,7,1,0.060485,0.941307,0.941307,0.328582,4.985719,3.959493,-0.328582
member,28501,6,6,1,0.802410,0.448247,0.448247,1.416504,2.818091,0.352971,-1.416504
member,48836,8,8,1,0.027822,0.972561,0.972561,0.178681,5.423481,4.668827,-0.178681
member,19785,2,2,1,0.953311,0.385463,0.385463,1.734856,2.000341,0.386098,-1.734856
member,15631,6,6,1,0.936259,0.392092,0.392092,1.559342,2.179992,0.070742,-1.559342
member,11901,9,9,1,0.147375,0.862970,0.862970,0.572781,4.702666,2.331733,-0.572781
member,16112,4,5,0,1.069180,0.343290,0.382128,1.547818,2.343966,-0.107179,1.547818
member,3715,7,7,1,0.440603,0.643648,0.643648,1.073413,3.545640,1.043378,-1.073413
member,43725,8,8,1,0.272593,0.761402,0.761402,0.903388,3.930476,2.168152,-0.903388
member,1180,2,2,1,0.167165,0.846060,0.846060,0.715204,3.902828,2.910936,-0.715204
member,6067,0,0,1,0.416849,0.659120,0.659120,1.154048,3.204929,1.301338,-1.154048
member,36253,8,8,1,0.190329,0.826687,0.826687,0.818082,3.614363,2.974665,-0.818082
member,41883,7,7,1,0.904112,0.404901,0.404901,1.720418,2.160543,0.817444,-1.720418
member,949,3,3,1,0.947570,0.387682,0.387682,1.564264,2.461585,0.362857,-1.564264
member,36502,2,0,0,1.851173,0.157053,0.384857,1.870787,0.912688,-0.896289,1.870787
member,8200,0,0,1,0.723966,0.484826,0.484826,1.543718,2.438327,0.651661,-1.543718
member,49180,8,8,1,0.261366,0.769999,0.769999,0.889153,3.713272,1.915093,-0.889153
member,48904,6,6,1,0.165490,0.847478,0.847478,0.663948,4.156998,2.507886,-0.663948
member,48861,0,0,1,0.142433,0.867246,0.867246,0.630802,4.102232,3.067724,-0.630802
member,42699,8,8,1,0.231811,0.793096,0.793096,0.908596,3.467915,2.481498,-0.908596
member,44390,3,2,0,1.111956,0.328915,0.359783,1.478281,2.678854,-0.089703,1.478281
member,12146,6,6,1,0.263967,0.767999,0.767999,0.984594,3.351994,2.396165,-0.984594
member,29208,7,7,1,0.183700,0.832185,0.832185,0.752417,3.816180,2.642366,-0.752417
member,37981,1,1,1,0.108202,0.897446,0.897446,0.516529,4.170793,3.020518,-0.516529
member,20969,0,0,1,0.071358,0.931129,0.931129,0.348520,5.094273,3.226977,-0.348520
member,7990,9,9,1,0.286356,0.750996,0.750996,1.000808,3.349116,2.085191,-1.000808
member,4672,3,3,1,0.637425,0.528652,0.528652,1.491707,2.452708,0.806476,-1.491707
member,4459,1,1,1,0.026125,0.974214,0.974214,0.170403,5.475492,4.770207,-0.170403
member,25593,2,2,1,0.697851,0.497653,0.497653,1.360959,2.838552,0.509401,-1.360959
member,11113,6,2,0,1.316183,0.268157,0.490074,1.518717,1.791231,-0.602984,1.518717
member,34680,4,4,1,0.652650,0.520664,0.520664,1.264121,3.242605,0.870301,-1.264121
member,15868,1,1,1,0.978821,0.375754,0.375754,1.695164,2.005865,0.220963,-1.695164
member,31413,6,6,1,0.200934,0.817967,0.817967,0.761197,3.899574,2.191831,-0.761197
member,13620,8,8,1,0.044160,0.956801,0.956801,0.250391,5.229421,3.850018,-0.250391
member,4155,0,0,1,0.034963,0.965641,0.965641,0.215671,5.274587,4.671932,-0.215671
member,27884,2,2,1,0.449758,0.637782,0.637782,1.415198,2.579062,2.336298,-1.415198
member,16929,1,1,1,0.162594,0.849936,0.849936,0.686647,4.097059,2.946352,-0.686647
member,26669,7,7,1,0.064392,0.937637,0.937637,0.344288,4.850622,3.778580,-0.344288
member,46226,3,3,1,0.685948,0.503612,0.503612,1.580491,2.309170,0.784052,-1.580491
member,29242,5,4,0,1.638949,0.194184,0.213985,1.991225,1.084923,-0.097099,1.991225
member,27539,7,7,1,0.193233,0.824290,0.824290,0.754409,3.925104,2.344712,-0.754409
member,25149,2,2,1,0.178904,0.836186,0.836186,0.775121,3.692392,3.166355,-0.775121
member,20794,5,5,1,1.536421,0.215150,0.215150,2.014236,1.148003,0.156139,-2.014236
member,18684,3,3,1,0.357625,0.699335,0.699335,1.163171,3.202876,1.865472,-1.163171
member,44361,5,5,1,0.519719,0.594688,0.594688,1.128963,3.530896,0.777438,-1.128963
member,13326,0,0,1,0.127125,0.880624,0.880624,0.603402,3.976628,3.198606,-0.603402
member,34829,6,6,1,0.424104,0.654356,0.654356,0.911534,4.068106,0.840726,-0.911534
member,29952,1,1,1,0.179432,0.835745,0.835745,0.775846,3.591746,2.795065,-0.775846
member,22771,5,5,1,0.260994,0.770286,0.770286,0.878492,3.663954,1.750490,-0.878492
member,16947,1,1,1,0.041839,0.959025,0.959025,0.236808,5.560570,4.075083,-0.236808
member,7708,9,9,1,0.124899,0.882586,0.882586,0.585627,4.068817,3.367829,-0.585627
member,21155,6,6,1,0.033262,0.967285,0.967285,0.202527,5.514627,4.416898,-0.202527
member,2360,7,7,1,0.037757,0.962946,0.962946,0.210579,5.810642,3.833670,-0.210579
member,49375,0,0,1,0.561954,0.570094,0.570094,1.521258,2.530772,1.696796,-1.521258
member,33641,8,8,1,0.224614,0.798824,0.798824,0.849106,3.653314,2.286875,-0.849106
member,34694,6,6,1,0.031511,0.968980,0.968980,0.173149,6.583901,4.177106,-0.173149
member,49723,0,2,0,2.183594,0.112636,0.657108,1.262923,1.282974,-1.763688,1.262923
member,36525,6,6,1,0.934608,0.392740,0.392740,1.920490,1.792852,1.069640,-1.920490
member,12006,4,4,1,0.294240,0.745098,0.745098,1.054096,3.275545,2.261617,-1.054096
member,31489,8,8,1,0.263911,0.768042,0.768042,0.869619,3.763773,1.710388,-0.869619
member,39707,8,8,1,0.176758,0.837983,0.837983,0.702552,4.057670,2.529953,-0.702552
member,17008,1,1,1,0.021020,0.979199,0.979199,0.141577,5.754093,5.061818,-0.141577
member,26175,2,2,1,0.051075,0.950207,0.950207,0.292844,5.026397,4.267664,-0.292844
member,30833,6,2,0,2.241176,0.106333,0.474894,1.679763,0.832367,-1.496511,1.679763
member,21444,8,8,1,0.269535,0.763735,0.763735,0.863663,3.725908,1.613428,-0.863663
member,43179,2,2,1,0.176385,0.838295,0.838295,0.702037,4.042656,2.616185,-0.702037
member,29987,9,9,1,0.250120,0.778707,0.778707,0.890841,3.570916,1.994971,-0.890841
member,30721,3,3,1,0.254458,0.775337,0.775337,0.638591,4.825118,1.330060,-0.638591
member,24787,8,8,1,0.353463,0.702252,0.702252,1.193722,2.930937,1.929164,-1.193722
member,44491,2,2,1,0.697346,0.497905,0.497905,1.447672,2.593673,0.567086,-1.447672
member,44778,0,0,1,0.713884,0.489738,0.489738,0.893210,3.932961,0.032274,-0.893210
member,32429,8,8,1,0.119231,0.887603,0.887603,0.580390,3.967335,3.439039,-0.580390
member,10989,0,8,0,0.953796,0.385276,0.405892,1.423941,2.474023,-0.052127,1.423941
member,22847,0,0,1,0.035526,0.965097,0.965097,0.193999,5.836612,3.717084,-0.193999
member,6676,7,7,1,0.069028,0.933300,0.933300,0.359979,4.993916,3.560864,-0.359979
member,14528,0,0,1,0.410310,0.663445,0.663445,1.256491,2.940637,1.753289,-1.256491
member,15809,1,1,1,0.110369,0.895503,0.895503,0.484674,4.455560,2.643686,-0.484674
member,3502,5,5,1,0.681485,0.505865,0.505865,1.276584,2.845172,0.375810,-1.276584
member,11948,8,8,1,0.005213,0.994801,0.994801,0.042963,6.873972,6.487478,-0.042963
member,11209,4,6,0,1.396136,0.247552,0.482349,1.521589,1.802737,-0.667048,1.521589
member,4108,3,5,0,1.078475,0.340114,0.431709,1.281909,2.893254,-0.238471,1.281909
member,5035,7,7,1,0.743255,0.475564,0.475564,1.514078,2.469198,0.553636,-1.514078
member,43562,3,3,1,0.831091,0.435574,0.435574,1.685112,2.345201,0.995665,-1.685112
member,18272,4,4,1,0.229709,0.794765,0.794765,0.822650,4.155951,2.516350,-0.822650
member,47262,9,9,1,0.008545,0.991491,0.991491,0.066954,6.260131,6.513002,-0.066954
member,2522,5,2,0,1.075363,0.341174,0.454698,1.322524,2.647233,-0.287242,1.322524
member,23166,9,9,1,0.305659,0.736638,0.736638,1.135293,3.006014,2.848788,-1.135293
member,24676,0,0,1,0.228986,0.795340,0.795340,0.827659,3.851595,2.140833,-0.827659
member,38153,9,9,1,0.049891,0.951333,0.951333,0.281700,4.902354,3.836599,-0.281700
member,7168,0,0,1,0.285505,0.751634,0.751634,1.017436,3.343351,2.076934,-1.017436
member,12365,7,7,1,0.049120,0.952067,0.952067,0.281139,5.185672,4.390119,-0.281139
member,21082,7,7,1,0.356038,0.700446,0.700446,1.094137,3.355121,1.628586,-1.094137
member,43741,4,4,1,1.051535,0.349401,0.349401,1.750480,1.934403,0.367131,-1.750480
member,39135,3,3,1,0.753922,0.470517,0.470517,1.568584,2.584496,0.788451,-1.568584
member,33582,3,7,0,1.649371,0.192171,0.411609,1.712812,1.403744,-0.761689,1.712812
member,31702,4,7,0,1.368648,0.254451,0.382721,1.502109,2.337730,-0.408199,1.502109
member,38237,8,8,1,0.003576,0.996431,0.996431,0.030538,7.235035,6.654412,-0.030538
member,22358,1,1,1,0.166613,0.846527,0.846527,0.749503,3.631891,3.223383,-0.749503
member,48246,0,0,1,0.022542,0.977710,0.977710,0.136466,6.230837,4.298557,-0.136466
member,5929,8,8,1,0.009441,0.990603,0.990603,0.072601,6.286372,6.239299,-0.072601
member,38282,1,1,1,0.211064,0.809723,0.809723,0.769907,4.012679,2.155848,-0.769907
member,40523,4,4,1,0.161283,0.851051,0.851051,0.626558,4.273295,2.287242,-0.626558
member,14749,6,6,1,0.222696,0.800359,0.800359,0.852866,3.643008,2.518944,-0.852866
member,11034,5,5,1,0.844744,0.429667,0.429667,1.745399,2.047540,0.998867,-1.745399
member,25200,2,6,0,2.240266,0.106430,0.509511,1.684613,0.677788,-1.565962,1.684613
member,29458,9,9,1,0.386131,0.679682,0.679682,0.867650,4.699364,1.030562,-0.867650
member,1175,6,6,1,0.071155,0.931318,0.931318,0.368655,4.935970,3.550647,-0.368655
member,38937,0,0,1,0.179678,0.835540,0.835540,0.775318,3.676068,2.844900,-0.775318
member,48125,8,8,1,0.003347,0.996658,0.996658,0.029327,7.281314,7.227094,-0.029327
member,47642,1,1,1,0.439343,0.644460,0.644460,1.275718,2.896574,1.443226,-1.275718
member,6049,4,4,1,0.289328,0.748767,0.748767,0.925295,3.761160,1.703565,-0.925295
member,35664,6,6,1,0.129979,0.878114,0.878114,0.583414,4.432534,3.163205,-0.583414
member,38144,5,5,1,0.230939,0.793788,0.793788,0.815207,4.256811,2.355457,-0.815207
member,33825,7,7,1,1.175095,0.308790,0.308790,1.918997,1.619887,0.557837,-1.918997
member,25386,8,8,1,0.026447,0.973899,0.973899,0.173457,5.389723,4.924752,-0.173457
member,41041,8,8,1,0.769520,0.463235,0.463235,1.603090,2.398449,1.005675,-1.603090
member,24932,1,1,1,0.161722,0.850677,0.850677,0.523432,5.453722,1.932726,-0.523432
member,9763,2,2,1,0.301960,0.739367,0.739367,1.005020,3.571457,1.929034,-1.005020
member,36881,6,2,0,1.114387,0.328116,0.370973,1.565652,2.138142,-0.122762,1.565652
member,3776,4,4,1,0.838670,0.432285,0.432285,1.729889,2.060559,0.672344,-1.729889
member,10003,8,8,1,0.171404,0.842482,0.842482,0.742712,3.699890,2.997582,-0.742712
member,13033,2,2,1,0.159408,0.852648,0.852648,0.696535,3.916030,2.752819,-0.696535
member,19663,5,5,1,0.988337,0.372195,0.372195,1.522223,2.360428,0.050704,-1.522223
member,3037,2,2,1,0.899547,0.406754,0.406754,1.815348,1.955507,0.894582,-1.815348
member,46901,5,5,1,0.803144,0.447918,0.447918,1.531705,2.608596,0.564293,-1.531705
member,7063,3,3,1,0.680939,0.506142,0.506142,1.648935,2.327301,1.174322,-1.648935
member,4233,8,8,1,0.020599,0.979612,0.979612,0.131742,5.983291,4.551340,-0.131742
member,27604,4,4,1,0.114035,0.892226,0.892226,0.515848,4.551217,3.181974,-0.515848
member,19646,6,2,0,0.992122,0.370789,0.523852,1.135269,2.845374,-0.345576,1.135269
member,4982,3,3,1,1.002324,0.367025,0.367025,1.460664,2.381597,0.039386,-1.460664
member,21176,4,7,0,1.344563,0.260654,0.322252,1.869844,1.480248,-0.212141,1.869844
member,48271,8,8,1,0.046257,0.954797,0.954797,0.244727,5.459785,3.494788,-0.244727
member,469,7,7,1,0.255604,0.774449,0.774449,0.935792,3.620723,2.431606,-0.935792
member,12859,4,4,1,0.135734,0.873075,0.873075,0.506537,5.112459,2.271761,-0.506537
member,33449,2,2,1,1.050204,0.349866,0.349866,1.718039,2.125277,0.220413,-1.718039
member,18378,8,8,1,0.054773,0.946700,0.946700,0.319847,4.668241,4.603851,-0.319847
member,25309,3,5,0,1.167973,0.310997,0.320127,1.784883,1.692183,-0.028935,1.784883
member,24708,7,7,1,0.462356,0.629798,0.629798,1.329680,2.958668,1.549879,-1.329680
member,29070,4,4,1,0.184379,0.831621,0.831621,0.706158,4.001299,2.171525,-0.706158
member,4775,1,1,1,0.347552,0.706416,0.706416,1.088609,3.347497,1.891962,-1.088609
member,25024,4,4,1,0.224755,0.798712,0.798712,0.690502,4.464250,1.648584,-0.690502
member,33432,9,9,1,0.101668,0.903330,0.903330,0.499921,4.216247,3.319526,-0.499921
member,17075,6,6,1,0.235533,0.790149,0.790149,0.927722,3.452433,2.631253,-0.927722
member,18054,4,4,1,0.261704,0.769739,0.769739,0.967828,3.291029,2.316274,-0.967828
member,11668,3,3,1,0.487939,0.613890,0.613890,1.383468,2.829294,1.854383,-1.383468
member,1097,0,0,1,0.732325,0.480790,0.480790,1.607063,2.337428,0.965747,-1.607063
member,5370,2,2,1,0.101846,0.903169,0.903169,0.415780,5.352025,2.559901,-0.415780
member,39072,8,8,1,0.241880,0.785151,0.785151,0.908413,3.591047,2.417408,-0.908413
member,30513,2,2,1,0.090268,0.913686,0.913686,0.460688,4.550203,3.925380,-0.460688
member,1282,8,8,1,0.620351,0.537756,0.537756,1.325198,2.859925,0.661780,-1.325198
member,37580,9,9,1,0.032226,0.968288,0.968288,0.198315,5.409961,4.360275,-0.198315
member,41091,1,1,1,0.047305,0.953796,0.953796,0.263623,5.296836,3.903734,-0.263623
member,12581,5,5,1,0.078163,0.924814,0.924814,0.386648,5.101135,3.480489,-0.386648
member,39515,2,2,1,0.387558,0.678712,0.678712,1.139167,3.408326,1.874047,-1.139167
member,48074,2,0,0,2.349912,0.095378,0.898084,0.364855,3.883673,-2.242420,0.364855
member,15477,2,2,1,0.244108,0.783403,0.783403,0.858274,3.843645,1.985688,-0.858274
member,5522,6,6,1,0.534909,0.585723,0.585723,1.548123,2.366454,2.165978,-1.548123
member,23811,7,7,1,0.543652,0.580624,0.580624,1.476764,2.541824,1.320816,-1.476764
member,48466,7,7,1,0.037977,0.962735,0.962735,0.227354,5.255182,4.238574,-0.227354
member,33046,7,5,0,1.487781,0.225873,0.337703,1.773962,1.454565,-0.402191,1.773962
member,38195,7,7,1,0.277807,0.757443,0.757443,1.047573,3.201250,2.562843,-1.047573
member,21193,3,3,1,0.538748,0.583479,0.583479,0.799920,4.486205,0.386728,-0.799920
member,45271,5,5,1,0.054034,0.947400,0.947400,0.240649,6.235528,3.077061,-0.240649
member,10741,0,0,1,0.009342,0.990701,0.990701,0.055134,8.873497,4.715432,-0.055134
member,48559,9,9,1,0.066899,0.935289,0.935289,0.356072,4.817664,3.688936,-0.356072
member,25841,6,6,1,0.245739,0.782126,0.782126,0.757871,4.248496,1.609540,-0.757871
member,43816,5,4,0,1.404875,0.245398,0.251767,1.931194,1.361835,-0.025625,1.931194
member,842,7,7,1,0.203213,0.816105,0.816105,0.774344,4.139205,2.662203,-0.774344
member,10054,1,1,1,1.190351,0.304115,0.304115,1.858380,1.734416,0.218787,-1.858380
member,2059,5,5,1,0.351968,0.703303,0.703303,1.110183,3.353960,1.912345,-1.110183
member,6204,4,4,1,0.609542,0.543600,0.543600,1.140255,3.311249,0.453625,-1.140255
member,6175,4,4,1,0.030249,0.970204,0.970204,0.185206,5.672935,4.666662,-0.185206
member,7365,4,4,1,0.139144,0.870103,0.870103,0.623220,4.097228,3.039712,-0.623220
member,38301,8,8,1,0.023315,0.976955,0.976955,0.157411,5.454800,5.409529,-0.157411
member,3919,4,4,1,0.836377,0.433278,0.433278,1.791080,1.961850,1.125924,-1.791080
member,32633,7,7,1,0.018135,0.982029,0.982029,0.125689,5.894147,5.367894,-0.125689
member,12551,1,1,1,0.163073,0.849529,0.849529,0.728079,3.706133,3.277171,-0.728079
member,40576,1,1,1,0.044778,0.956210,0.956210,0.209967,6.083260,3.238215,-0.209967
member,33748,1,1,1,0.369066,0.691380,0.691380,1.200512,2.992335,1.946956,-1.200512
member,9531,5,5,1,0.345394,0.707942,0.707942,0.721756,4.797452,0.967680,-0.721756
member,7220,3,5,0,1.771423,0.170091,0.404211,1.804374,1.114261,-0.865605,1.804374
member,21671,8,8,1,0.012965,0.987118,0.987118,0.090737,6.438407,5.360679,-0.090737
member,16781,5,5,1,0.078159,0.924817,0.924817,0.296960,6.198069,2.585905,-0.296960
member,41581,3,3,1,0.922418,0.397557,0.397557,1.903807,1.762632,0.854675,-1.903807
member,49612,5,5,1,0.528661,0.589393,0.589393,1.240552,3.024326,0.818979,-1.240552
member,10389,2,2,1,0.370317,0.690516,0.690516,1.168693,3.199219,1.738509,-1.168693
member,29212,1,1,1,0.502577,0.604970,0.604970,1.406907,2.613827,1.525355,-1.406907
member,17176,9,9,1,0.066630,0.935541,0.935541,0.367429,4.568189,4.099957,-0.367429
member,46988,7,7,1,0.044345,0.956623,0.956623,0.263170,5.070099,4.570318,-0.263170
member,47498,2,2,1,0.125902,0.881701,0.881701,0.525262,4.659487,2.502594,-0.525262
member,1710,3,3,1,0.697745,0.497706,0.497706,1.675514,2.216978,1.026597,-1.675514
member,47541,3,3,1,0.264001,0.767973,0.767973,0.936725,3.584039,2.147254,-0.936725
member,46407,6,3,0,1.401503,0.246227,0.599364,0.994474,3.691705,-0.889617,0.994474
member,26941,9,9,1,0.265703,0.766666,0.766666,0.909939,3.612393,1.834793,-0.909939
member,33611,1,1,1,0.244446,0.783138,0.783138,0.937406,3.413053,2.631040,-0.937406
member,28107,2,2,1,0.085903,0.917683,0.917683,0.421625,4.738815,3.428266,-0.421625
member,31398,6,6,1,0.189037,0.827756,0.827756,0.796744,3.596680,3.000299,-0.796744
member,46192,0,0,1,0.097540,0.907066,0.907066,0.467521,4.474653,3.335329,-0.467521
member,3168,6,6,1,0.147783,0.862618,0.862618,0.483702,5.310436,1.971958,-0.483702
member,48315,3,3,1,0.744855,0.474803,0.474803,1.576189,2.417427,0.708876,-1.576189
member,25984,2,2,1,0.130531,0.877629,0.877629,0.565289,4.388139,2.609463,-0.565289
member,5046,3,3,1,0.018071,0.982091,0.982091,0.120776,6.045529,4.944287,-0.120776
member,15712,7,7,1,0.162566,0.849960,0.849960,0.708598,3.842135,2.952811,-0.708598
member,3210,2,2,1,0.739974,0.477127,0.477127,1.438022,2.861288,0.576661,-1.438022
member,45042,2,2,1,1.144082,0.318516,0.318516,1.862561,1.591540,0.126261,-1.862561
member,14085,2,2,1,0.388394,0.678145,0.678145,1.242191,3.061322,2.015613,-1.242191
member,14764,1,1,1,0.911575,0.401891,0.401891,1.256883,3.345186,0.323745,-1.256883
member,44102,1,1,1,0.318179,0.727473,0.727473,1.136329,2.999616,2.380916,-1.136329
member,19413,8,8,1,0.003085,0.996920,0.996920,0.027058,7.420687,6.951512,-0.027058
member,4348,0,0,1,0.423288,0.654890,0.654890,1.294301,2.952998,2.046452,-1.294301
member,12725,8,8,1,0.055339,0.946164,0.946164,0.309743,4.860460,3.820292,-0.309743
member,34024,9,9,1,0.638586,0.528038,0.528038,1.046355,3.782316,0.324450,-1.046355
member,41113,5,5,1,0.378449,0.684923,0.684923,1.098275,3.367663,1.403162,-1.098275
member,37931,0,0,1,0.283465,0.753169,0.753169,0.944198,3.680576,2.035203,-0.944198
member,16253,0,0,1,0.109065,0.896672,0.896672,0.496281,4.579981,3.131707,-0.496281
member,42984,0,0,1,0.145941,0.864209,0.864209,0.500244,5.032606,2.036506,-0.500244
member,27291,9,9,1,0.260408,0.770737,0.770737,0.849245,3.830003,1.765269,-0.849245
member,13912,8,8,1,0.259187,0.771679,0.771679,0.981146,3.364316,2.522916,-0.981146
member,26574,9,9,1,0.053887,0.947539,0.947539,0.292238,5.183313,3.857558,-0.292238
member,43740,0,0,1,0.374248,0.687806,0.687806,1.175403,3.175609,1.981077,-1.175403
member,15673,2,2,1,0.030317,0.970137,0.970137,0.184460,5.785289,4.373799,-0.184460
member,3396,5,0,0,3.006879,0.049446,0.307130,1.838106,-0.149082,-1.826393,1.838106
member,11070,6,6,1,0.280735,0.755228,0.755228,0.921931,3.748579,1.906956,-0.921931
member,45455,1,1,1,0.363634,0.695145,0.695145,1.037260,3.389010,1.323045,-1.037260
member,9887,4,4,1,0.962296,0.382015,0.382015,1.580902,2.256971,0.263904,-1.580902
member,22903,2,7,0,1.821908,0.161717,0.338089,1.882930,1.008486,-0.737462,1.882930
member,16828,7,7,1,0.379911,0.683922,0.683922,1.246748,2.903476,1.962390,-1.246748
member,20251,7,7,1,0.666462,0.513522,0.513522,1.602534,2.405417,1.304730,-1.602534
member,43249,5,2,0,1.130374,0.322912,0.401578,1.596725,2.004405,-0.218021,1.596725
member,33083,2,2,1,0.041518,0.959332,0.959332,0.235743,5.698679,4.419393,-0.235743
member,48498,2,2,1,1.601189,0.201657,0.201657,2.201758,0.839996,0.410674,-2.201758
member,13247,3,3,1,0.736337,0.478865,0.478865,1.072825,3.321878,0.085040,-1.072825
member,18097,1,1,1,0.161889,0.850536,0.850536,0.494237,5.223881,1.833760,-0.494237
member,20565,7,7,1,0.039554,0.961218,0.961218,0.223355,5.607021,3.885821,-0.223355
member,35974,9,9,1,0.002444,0.997559,0.997559,0.021783,7.745012,7.482951,-0.021783
member,32459,4,4,1,0.521389,0.593695,0.593695,1.386408,2.761180,1.272190,-1.386408
member,7272,6,6,1,0.220043,0.802484,0.802484,0.853329,3.581352,2.216436,-0.853329
member,18874,7,7,1,0.407685,0.665188,0.665188,1.268402,2.899413,1.879001,-1.268402
member,17624,8,8,1,0.276197,0.758663,0.758663,0.827690,3.939304,1.490118,-0.827690
member,37773,3,3,1,0.727421,0.483154,0.483154,1.481604,2.772787,0.806260,-1.481604
member,4829,3,3,1,0.642037,0.526220,0.526220,1.637476,2.322634,1.522330,-1.637476
member,4855,3,0,0,1.573989,0.207217,0.253360,2.010212,1.091319,-0.201044,2.010212
member,33173,6,6,1,0.634949,0.529962,0.529962,1.192302,3.541286,0.529514,-1.192302
member,21212,9,9,1,0.005711,0.994306,0.994306,0.044307,7.022588,5.831974,-0.044307
member,16754,3,3,1,0.391302,0.676176,0.676176,1.252207,2.933361,2.047393,-1.252207
member,32891,5,5,1,0.033550,0.967007,0.967007,0.204306,5.483963,4.442840,-0.204306
member,27947,5,5,1,0.153957,0.857309,0.857309,0.452079,5.879101,1.844254,-0.452079
member,15335,3,3,1,0.866337,0.420489,0.420489,1.884186,1.820132,1.293183,-1.884186
member,46683,2,2,1,0.388478,0.678088,0.678088,1.126584,3.385372,1.392290,-1.126584
member,16162,7,7,1,0.036120,0.964525,0.964525,0.202922,5.755304,3.825139,-0.202922
member,24449,7,7,1,0.022469,0.977781,0.977781,0.127459,6.767291,4.064169,-0.127459
member,3570,0,0,1,0.034090,0.966485,0.966485,0.208469,5.391644,4.349245,-0.208469
member,29637,2,2,1,0.420921,0.656442,0.656442,1.320890,2.852597,1.917439,-1.320890
member,42039,0,0,1,0.141570,0.867994,0.867994,0.559351,4.705174,2.438602,-0.559351
member,16125,8,8,1,0.060386,0.941401,0.941401,0.343335,4.649656,4.316255,-0.343335
member,7949,8,8,1,0.160524,0.851697,0.851697,0.714436,3.713244,2.980469,-0.714436
member,44804,4,4,1,0.576981,0.561591,0.561591,1.445908,2.697718,1.309876,-1.445908
member,34330,3,7,0,1.403797,0.245662,0.352622,1.587833,2.050225,-0.361438,1.587833
member,2493,7,7,1,0.041811,0.959051,0.959051,0.225212,5.666909,3.604699,-0.225212
member,47486,0,0,1,0.755649,0.469706,0.469706,1.648646,2.380175,1.040492,-1.648646
member,13150,5,5,1,0.629727,0.532737,0.532737,1.441958,2.911687,1.137548,-1.441958
member,33198,1,1,1,0.004145,0.995864,0.995864,0.033378,7.389120,6.210565,-0.033378
member,17031,1,1,1,0.170642,0.843123,0.843123,0.728065,3.811852,2.780829,-0.728065
member,39393,8,8,1,0.710112,0.491589,0.491589,1.751676,2.037807,1.480650,-1.751676
member,47114,8,8,1,0.029245,0.971179,0.971179,0.180588,5.632884,4.379511,-0.180588
member,14595,2,2,1,0.336667,0.714147,0.714147,1.041439,3.606793,1.719097,-1.041439
member,33942,8,8,1,0.045459,0.955559,0.955559,0.272451,4.909458,4.664295,-0.272451
member,15500,0,0,1,0.805211,0.446994,0.446994,1.391033,2.562723,0.187003,-1.391033
member,11165,5,5,1,0.145465,0.864620,0.864620,0.407537,7.170480,1.865507,-0.407537
member,48146,2,2,1,0.732835,0.480545,0.480545,1.508502,2.531907,0.641502,-1.508502
member,29645,2,2,1,0.203755,0.815662,0.815662,0.798218,3.974731,2.597397,-0.798218
member,36288,9,2,0,3.401385,0.033327,0.492212,1.206167,0.328191,-2.692539,1.206167
member,33599,1,1,1,0.402651,0.668545,0.668545,1.301012,2.825294,2.201536,-1.301012
member,18442,3,3,1,0.778589,0.459053,0.459053,1.712671,2.164391,1.134369,-1.712671
member,6923,0,0,1,0.315788,0.729214,0.729214,1.116258,3.070365,2.303967,-1.116258
member,36511,3,3,1,0.682023,0.505593,0.505593,1.468450,2.550799,0.642353,-1.468450
member,46481,2,2,1,0.037702,0.962999,0.962999,0.211796,5.731161,3.858145,-0.211796
member,8492,6,6,1,0.204849,0.814770,0.814770,0.789219,3.797442,2.202556,-0.789219
member,29050,3,3,1,0.272419,0.761535,0.761535,0.893931,3.695525,1.732041,-0.893931
member,19647,3,3,1,1.130431,0.322894,0.322894,1.780150,1.903304,0.278085,-1.780150
member,11474,0,2,0,1.868335,0.154380,0.567909,1.466368,1.440841,-1.302541,1.466368
member,25787,0,0,1,0.982756,0.374278,0.374278,1.681280,2.085793,0.187323,-1.681280
member,10271,1,1,1,0.315127,0.729696,0.729696,0.938784,3.566923,1.404347,-0.938784
member,19304,7,7,1,0.236802,0.789147,0.789147,0.930283,3.396841,2.544567,-0.930283
member,28153,8,8,1,0.005041,0.994972,0.994972,0.041455,6.943144,6.399541,-0.041455
member,27705,2,2,1,0.994573,0.369881,0.369881,1.775024,2.081476,0.682338,-1.775024
member,47008,3,3,1,0.389725,0.677243,0.677243,1.148889,3.269023,1.485044,-1.148889
member,37284,6,6,1,0.015252,0.984864,0.984864,0.105256,6.244214,5.248330,-0.105256
member,40351,5,5,1,0.501100,0.605864,0.605864,1.079153,3.617142,0.764830,-1.079153
member,23678,6,6,1,0.017659,0.982496,0.982496,0.115112,6.494530,4.708440,-0.115112
member,1863,4,4,1,0.033690,0.966871,0.966871,0.200114,5.755568,4.336720,-0.200114
member,39934,9,9,1,0.148785,0.861755,0.861755,0.600568,4.343471,2.589572,-0.600568
member,2593,8,8,1,0.019766,0.980428,0.980428,0.122221,6.249463,4.361774,-0.122221
member,11037,1,1,1,0.021997,0.978243,0.978243,0.142319,5.841049,4.728403,-0.142319
member,33899,2,2,1,0.574082,0.563222,0.563222,1.481377,2.578315,1.109981,-1.481377
member,4976,2,2,1,0.453562,0.635361,0.635361,1.386693,2.702415,1.937304,-1.386693
member,13632,7,7,1,0.022562,0.977691,0.977691,0.136201,6.287257,4.228814,-0.136201
member,20638,3,0,0,2.281511,0.102130,0.605479,1.402244,0.919248,-1.779775,1.402244
member,33647,0,0,1,0.226172,0.797581,0.797581,0.708283,4.381667,1.666868,-0.708283
member,36557,9,9,1,0.288347,0.749502,0.749502,1.043925,3.362548,2.488648,-1.043925
member,22309,7,7,1,0.667757,0.512858,0.512858,1.482961,2.674488,0.774418,-1.482961
member,26376,0,0,1,0.048692,0.952474,0.952474,0.233019,5.945106,3.227929,-0.233019
member,41376,5,5,1,0.534121,0.586184,0.586184,1.355657,2.812539,1.081036,-1.355657
member,28503,6,2,0,0.906306,0.404014,0.441308,1.298198,2.733742,-0.088295,1.298198
member,34232,9,1,0,1.222403,0.294521,0.378238,1.411818,2.556042,-0.250171,1.411818
member,3698,6,6,1,0.126147,0.881486,0.881486,0.556033,4.583802,3.027708,-0.556033
member,26139,6,6,1,0.116955,0.889625,0.889625,0.549033,4.297975,3.110856,-0.549033
member,42602,2,2,1,0.151438,0.859471,0.859471,0.476020,5.411542,1.910149,-0.476020
member,29490,8,8,1,0.593147,0.552586,0.552586,1.581063,2.374048,1.579201,-1.581063
member,45839,8,0,0,0.969674,0.379207,0.394169,1.461339,2.346179,-0.038697,1.461339
member,14736,8,8,1,0.170177,0.843516,0.843516,0.697989,3.957998,2.473278,-0.697989
member,35955,2,2,1,0.221361,0.801427,0.801427,0.822511,3.933306,2.227457,-0.822511
member,3519,4,4,1,0.032411,0.968109,0.968109,0.178703,6.094341,3.880354,-0.178703
member,29413,0,0,1,0.410709,0.663180,0.663180,1.219027,3.011339,1.494237,-1.219027
member,43374,4,4,1,0.202906,0.816355,0.816355,0.846557,3.581758,2.965126,-0.846557
member,4962,4,4,1,0.185493,0.830695,0.830695,0.775007,3.794737,2.966992,-0.775007
member,47215,0,0,1,0.178876,0.836209,0.836209,0.700288,4.295841,2.607628,-0.700288
member,17770,4,4,1,0.023067,0.977197,0.977197,0.148318,6.053280,4.946693,-0.148318
member,16071,8,8,1,0.009499,0.990546,0.990546,0.070295,6.615523,5.584179,-0.070295
member,45842,9,9,1,0.070610,0.931825,0.931825,0.372808,4.701035,3.722213,-0.372808
member,3885,8,8,1,0.648672,0.522740,0.522740,1.665142,2.190430,1.283384,-1.665142
member,21824,2,2,1,0.434469,0.647608,0.647608,1.297215,3.096956,2.119437,-1.297215
member,15724,5,5,1,0.713488,0.489932,0.489932,1.226370,3.136043,0.277955,-1.226370
member,2004,2,2,1,0.585725,0.556702,0.556702,1.373588,2.904573,0.895446,-1.373588
member,6056,4,4,1,0.168674,0.844784,0.844784,0.726648,3.785061,2.731250,-0.726648
member,22292,1,1,1,0.375212,0.687144,0.687144,1.218261,2.948710,1.864298,-1.218261
member,3136,0,0,1,1.125148,0.324605,0.324605,1.894211,1.669035,0.238948,-1.894211
member,21728,3,5,0,0.783126,0.456975,0.506029,0.888237,3.896528,-0.101965,0.888237
member,13097,5,5,1,0.445585,0.640449,0.640449,0.938388,4.146883,0.806362,-0.938388
member,34427,9,9,1,0.040004,0.960786,0.960786,0.215939,5.591226,3.644325,-0.215939
member,44343,5,5,1,1.037591,0.354307,0.354307,1.904971,1.657774,0.583909,-1.904971
member,49721,2,2,1,1.020244,0.360507,0.360507,1.605327,2.153762,0.018708,-1.605327
member,44726,1,1,1,0.232080,0.792882,0.792882,0.779840,3.813367,1.764309,-0.779840
member,4315,7,3,0,1.579323,0.206115,0.229469,1.849570,1.301034,-0.107338,1.849570
member,11433,2,2,1,0.167921,0.845420,0.845420,0.683548,4.252140,2.535679,-0.683548
member,33238,3,3,1,0.854088,0.425671,0.425671,1.592257,2.379501,0.585719,-1.592257
member,47412,9,9,1,0.477710,0.620202,0.620202,1.193686,3.257551,1.120383,-1.193686
member,29366,4,4,1,0.670738,0.511331,0.511331,1.567770,2.396899,0.906685,-1.567770
member,31023,0,0,1,0.159768,0.852342,0.852342,0.701032,3.831455,2.847755,-0.701032
member,17621,1,1,1,1.339339,0.262019,0.262019,1.868062,1.409014,0.079379,-1.868062
member,13352,5,5,1,0.048852,0.952322,0.952322,0.201782,7.482742,3.031281,-0.201782
member,25260,5,5,1,0.344914,0.708282,0.708282,0.857803,4.579101,1.178708,-0.857803
member,4805,6,6,1,0.010587,0.989469,0.989469,0.074726,6.933527,5.265833,-0.074726
member,45636,5,5,1,0.720770,0.486378,0.486378,1.273119,2.854022,0.284334,-1.273119
member,29468,0,0,1,0.069435,0.932921,0.932921,0.340864,5.018214,3.127085,-0.340864
member,30896,3,3,1,0.243667,0.783749,0.783749,0.946601,3.406731,2.471688,-0.946601
member,22883,7,7,1,1.182544,0.306498,0.306498,1.679319,2.041986,0.095961,-1.679319
member,42328,2,2,1,0.679644,0.506797,0.506797,1.701478,2.232918,1.443258,-1.701478
member,28814,2,2,1,1.190034,0.304211,0.304211,1.808733,1.839521,0.312977,-1.808733
member,34796,9,9,1,0.214471,0.806969,0.806969,0.777009,3.814658,1.957431,-0.777009
member,48680,9,9,1,0.025195,0.975120,0.975120,0.150072,6.176019,4.212246,-0.150072
member,16522,3,3,1,0.755817,0.469627,0.469627,1.146331,3.260716,0.109290,-1.146331
member,34410,4,4,1,0.119550,0.887320,0.887320,0.520662,4.583319,2.753204,-0.520662
member,30293,1,1,1,0.007693,0.992336,0.992336,0.059057,6.620450,5.846533,-0.059057
member,16861,8,8,1,0.044165,0.956796,0.956796,0.235647,5.445374,3.511005,-0.235647
member,37199,0,0,1,0.039010,0.961741,0.961741,0.234845,5.209004,4.324838,-0.234845
member,37714,6,6,1,1.199587,0.301319,0.301319,2.001286,1.413038,0.631813,-2.001286
member,26361,0,0,1,0.314246,0.730340,0.730340,1.047807,3.392815,1.931076,-1.047807
member,23392,5,5,1,0.504336,0.603906,0.603906,1.091075,3.415270,0.745678,-1.091075
member,40906,0,0,1,0.183845,0.832065,0.832065,0.793920,3.625510,2.858242,-0.793920
member,36273,3,3,1,0.546725,0.578843,0.578843,1.323058,2.859403,0.942324,-1.323058
member,34975,9,9,1,0.061393,0.940453,0.940453,0.292374,5.526153,3.101815,-0.292374
member,48571,5,5,1,0.809286,0.445176,0.445176,1.508019,2.528569,0.479980,-1.508019
member,22636,1,1,1,0.734434,0.479777,0.479777,1.669624,2.172821,1.014755,-1.669624
member,38160,5,5,1,0.473329,0.622925,0.622925,1.212201,2.989434,1.012578,-1.212201
member,32790,0,0,1,1.167135,0.311257,0.311257,1.935808,1.592692,0.298684,-1.935808
member,34515,9,9,1,1.073438,0.341831,0.341831,1.977911,1.519394,0.749499,-1.977911
member,341,0,0,1,0.027688,0.972692,0.972692,0.178692,5.456490,4.659726,-0.178692
member,28851,5,5,1,0.088309,0.915478,0.915478,0.419394,4.717330,3.101578,-0.419394
member,15639,2,2,1,0.217091,0.804856,0.804856,0.891464,3.529062,3.122859,-0.891464
member,7481,6,6,1,0.132533,0.875874,0.875874,0.575831,4.281634,2.673322,-0.575831
member,22172,8,8,1,0.240809,0.785992,0.785992,0.889386,3.636250,2.327479,-0.889386
member,16235,0,0,1,0.096844,0.907697,0.907697,0.401680,5.079124,2.583263,-0.401680
member,34439,3,7,0,1.836583,0.159361,0.339553,1.709116,1.629474,-0.756459,1.709116
member,9303,6,6,1,0.026605,0.973746,0.973746,0.157042,6.067282,4.079447,-0.157042
member,31763,8,8,1,0.865953,0.420651,0.420651,1.832550,1.933873,1.085846,-1.832550
member,4408,8,8,1,0.030764,0.969704,0.969704,0.191407,5.309681,4.316172,-0.191407
member,15127,3,5,0,1.388319,0.249494,0.728495,0.703798,3.628151,-1.071546,0.703798
member,20465,3,3,1,0.535299,0.585494,0.585494,1.464797,2.563702,1.307216,-1.464797
member,15178,4,4,1,0.110112,0.895734,0.895734,0.516410,4.222418,2.907938,-0.516410
member,16048,0,0,1,0.091848,0.912244,0.912244,0.453619,4.475172,3.227949,-0.453619
member,22269,1,1,1,0.145532,0.864563,0.864563,0.653383,3.944373,3.131571,-0.653383
member,48938,7,7,1,0.368160,0.692006,0.692006,1.249209,2.806674,2.082998,-1.249209
member,19681,3,3,1,1.041430,0.352950,0.352950,1.919171,1.705996,0.628039,-1.919171
member,18683,1,1,1,0.013106,0.986980,0.986980,0.088862,6.359387,4.866462,-0.088862
member,35535,6,6,1,0.507120,0.602227,0.602227,1.211772,3.152748,0.902363,-1.211772
member,16107,9,9,1,0.276156,0.758695,0.758695,0.714494,4.509643,1.311279,-0.714494
member,13759,2,2,1,0.109876,0.895945,0.895945,0.497266,4.741806,3.150371,-0.497266
member,24493,9,9,1,0.572865,0.563907,0.563907,1.533532,2.514870,1.530473,-1.533532
member,33814,3,4,0,1.509431,0.221036,0.233752,2.039232,1.167707,-0.055936,2.039232
member,38796,0,0,1,0.295334,0.744283,0.744283,1.050280,3.343058,2.420595,-1.050280
member,9828,6,6,1,0.046795,0.954283,0.954283,0.231083,6.026839,3.325722,-0.231083
member,37810,7,7,1,0.473694,0.622698,0.622698,1.249464,3.010290,1.142625,-1.249464
member,45297,0,0,1,0.177612,0.837267,0.837267,0.714533,4.065820,2.498367,-0.714533
member,36296,6,6,1,0.050882,0.950391,0.950391,0.292572,5.135873,4.413692,-0.292572
member,19138,6,6,1,0.398712,0.671184,0.671184,1.110375,3.394359,1.262537,-1.110375
member,28889,5,3,0,1.288663,0.275639,0.670917,0.884132,3.064713,-0.889552,0.884132
member,11429,6,6,1,0.115729,0.890717,0.890717,0.538219,4.333579,2.931825,-0.538219
member,8473,4,4,1,0.289607,0.748558,0.748558,0.974297,3.452379,1.806183,-0.974297
member,31428,2,0,0,1.296859,0.273389,0.584021,1.147633,2.919268,-0.759040,1.147633
member,25229,6,3,0,1.815457,0.162764,0.403362,1.524451,1.777572,-0.907534,1.524451
member,48133,8,8,1,0.514733,0.597660,0.597660,1.459837,2.582805,1.533882,-1.459837
member,5343,2,0,0,1.362056,0.256134,0.320221,1.885436,1.433400,-0.223310,1.885436
member,6429,1,1,1,0.372844,0.688773,0.688773,1.027806,3.516209,1.296056,-1.027806
member,10098,8,8,1,0.183786,0.832114,0.832114,0.791962,3.541369,3.031991,-0.791962
member,32319,1,1,1,0.051353,0.949943,0.949943,0.267282,5.400073,3.429034,-0.267282
member,19891,9,9,1,0.002439,0.997564,0.997564,0.021593,7.667614,7.282806,-0.021593
member,7468,8,8,1,0.115153,0.891230,0.891230,0.546726,4.320952,3.485230,-0.546726
member,34029,3,3,1,0.558832,0.571877,0.571877,1.334159,2.842877,0.882644,-1.334159
member,38247,4,4,1,0.250593,0.778339,0.778339,0.909184,3.618846,2.236553,-0.909184
member,9620,1,1,1,0.459165,0.631811,0.631811,1.358946,2.730760,1.548173,-1.358946
member,24560,3,3,1,0.435821,0.646733,0.646733,1.190089,3.452693,1.403576,-1.190089
member,5297,8,8,1,0.262415,0.769192,0.769192,0.939833,3.449627,1.961271,-0.939833
member,10439,3,3,1,0.461602,0.630273,0.630273,1.267334,3.070462,1.283975,-1.267334
member,18110,4,4,1,0.465707,0.627691,0.627691,1.277060,2.979569,1.330566,-1.277060
member,9561,1,1,1,0.190866,0.826244,0.826244,0.686810,4.245912,2.041436,-0.686810
member,48360,4,4,1,0.401870,0.669068,0.669068,1.300203,2.784428,2.078639,-1.300203
member,7456,9,9,1,0.192403,0.824974,0.824974,0.774390,3.888591,2.458086,-0.774390
member,8663,0,0,1,0.220092,0.802445,0.802445,0.917638,3.324714,3.133720,-0.917638
member,43405,9,9,1,0.875693,0.416573,0.416573,1.834524,1.892442,1.238226,-1.834524
member,13506,2,2,1,1.199861,0.301236,0.301236,1.880181,1.647118,0.314381,-1.880181
member,6890,9,9,1,0.199942,0.818778,0.818778,0.794547,3.821926,2.575802,-0.794547
member,46830,9,9,1,0.206943,0.813066,0.813066,0.748862,4.427654,2.370053,-0.748862
member,46703,4,4,1,0.179438,0.835740,0.835740,0.743742,3.843620,2.571452,-0.743742
member,39126,4,4,1,0.351590,0.703568,0.703568,1.116160,3.118725,1.648415,-1.116160
member,38472,3,3,1,0.894200,0.408934,0.408934,1.672370,2.219640,0.553365,-1.672370
member,6193,6,6,1,0.398333,0.671439,0.671439,1.179538,3.240930,1.558001,-1.179538
member,33180,4,4,1,0.038712,0.962028,0.962028,0.216307,5.543995,3.824964,-0.216307
member,4252,9,3,0,1.488252,0.225767,0.343418,1.846891,1.404192,-0.419446,1.846891
member,15953,3,3,1,0.324899,0.722601,0.722601,0.694962,4.980203,1.031435,-0.694962
member,30520,0,0,1,0.229793,0.794698,0.794698,0.926741,3.391991,2.753492,-0.926741
member,22807,9,9,1,0.279318,0.756299,0.756299,0.839418,4.234416,1.604243,-0.839418
member,21583,9,9,1,0.482060,0.617510,0.617510,1.266226,3.239751,1.296344,-1.266226
member,2418,4,4,1,0.101494,0.903487,0.903487,0.472714,4.640790,3.338935,-0.472714
member,43473,4,4,1,0.256031,0.774118,0.774118,0.929352,3.594799,2.116515,-0.929352
member,24109,1,1,1,0.010427,0.989627,0.989627,0.070767,7.066464,5.010869,-0.070767
member,36560,8,8,1,0.022111,0.978132,0.978132,0.147242,5.720015,4.801518,-0.147242
member,31405,6,6,1,1.036720,0.354616,0.354616,1.933378,1.709087,0.696524,-1.933378
member,29905,1,1,1,0.095067,0.909312,0.909312,0.436363,4.713076,2.980315,-0.436363
member,1954,0,0,1,0.231280,0.793518,0.793518,0.924863,3.356493,2.711222,-0.924863
member,35071,3,3,1,0.188260,0.828399,0.828399,0.696736,4.131707,2.072316,-0.696736
member,45790,7,7,1,0.751180,0.471810,0.471810,1.366663,3.114344,0.480924,-1.366663
member,10657,5,4,0,1.939054,0.143840,0.483372,1.683039,1.026916,-1.212085,1.683039
member,3025,1,1,1,0.021566,0.978665,0.978665,0.143585,5.649118,5.094287,-0.143585
member,27391,4,4,1,0.322475,0.724354,0.724354,0.917003,3.770105,1.358508,-0.917003
member,13970,2,2,1,0.046813,0.954266,0.954266,0.263145,5.424949,4.025054,-0.263145
member,2116,4,4,1,0.095346,0.909058,0.909058,0.468227,4.449100,3.607021,-0.468227
member,44218,2,2,1,0.029843,0.970597,0.970597,0.175317,6.411899,4.320087,-0.175317
member,18633,4,4,1,1.023679,0.359271,0.359271,1.634667,2.194975,0.099425,-1.634667
member,7920,9,9,1,0.678202,0.507529,0.507529,1.049336,3.555149,0.208710,-1.049336
member,31122,1,1,1,0.005185,0.994828,0.994828,0.042064,6.992476,6.322590,-0.042064
member,7342,1,1,1,0.034542,0.966048,0.966048,0.204813,5.426189,4.081630,-0.204813
member,22167,0,0,1,0.162416,0.850087,0.850087,0.688463,4.056703,3.003329,-0.688463
member,14131,6,2,0,1.107355,0.330432,0.558724,1.107399,3.121503,-0.525255,1.107399
member,2868,2,2,1,0.214163,0.807217,0.807217,0.836131,3.787378,2.643859,-0.836131
member,3653,5,5,1,0.486581,0.614725,0.614725,1.384180,2.752104,1.572840,-1.384180
member,21994,7,7,1,0.163988,0.848753,0.848753,0.714703,3.920827,3.159192,-0.714703
member,22371,4,7,0,1.507959,0.221361,0.476331,1.627447,1.462495,-0.766316,1.627447
member,26473,5,5,1,0.746557,0.473996,0.473996,1.468414,2.955963,0.821070,-1.468414
member,9736,6,6,1,1.094891,0.334576,0.334576,1.816910,1.918251,0.542640,-1.816910
member,49793,9,9,1,0.022688,0.977567,0.977567,0.146751,5.788702,4.845075,-0.146751
member,26600,9,9,1,0.136744,0.872194,0.872194,0.639667,3.863498,3.153666,-0.639667
member,25541,3,3,1,0.480776,0.618303,0.618303,1.204476,3.076889,0.997762,-1.204476
member,38905,2,2,1,0.029546,0.970886,0.970886,0.164413,6.717782,4.243361,-0.164413
member,15085,9,9,1,0.345800,0.707654,0.707654,1.145200,3.152797,2.104579,-1.145200
member,40412,9,9,1,0.142604,0.867097,0.867097,0.631794,4.086453,3.074789,-0.631794
member,18278,5,4,0,2.251652,0.105225,0.282230,1.946831,0.462222,-0.986620,1.946831
member,18289,4,4,1,0.678047,0.507607,0.507607,1.622161,2.360723,1.193687,-1.622161
member,2969,7,7,1,0.122899,0.884353,0.884353,0.519830,4.747142,2.783948,-0.519830
member,28556,3,3,1,0.760599,0.467386,0.467386,1.735769,2.135107,1.036547,-1.735769
member,6835,9,9,1,1.047278,0.350892,0.350892,1.720419,1.959124,0.229008,-1.720419
member,45467,3,3,1,0.534019,0.586244,0.586244,1.439113,2.790596,1.521022,-1.439113
member,13579,5,0,0,1.136876,0.320820,0.324162,1.685744,2.057461,-0.010365,1.685744
member,32128,3,3,1,0.790164,0.453770,0.453770,1.598430,2.382180,0.803510,-1.598430
member,23443,3,3,1,0.288564,0.749339,0.749339,0.858546,3.893411,1.480944,-0.858546
member,144,2,2,1,0.180180,0.835119,0.835119,0.749845,3.857942,2.646513,-0.749845
member,29706,2,2,1,0.288159,0.749642,0.749642,0.909306,3.821877,1.655201,-0.909306
member,9877,6,6,1,0.896232,0.408105,0.408105,1.744083,1.973332,0.454654,-1.744083
member,17581,7,7,1,0.162268,0.850213,0.850213,0.605307,4.393141,2.115373,-0.605307
member,33251,6,6,1,1.301791,0.272044,0.272044,2.074254,1.175465,0.501088,-2.074254
member,16344,7,7,1,0.100676,0.904226,0.904226,0.462058,4.576009,2.820014,-0.462058
member,24103,6,6,1,0.838617,0.432308,0.432308,1.815618,2.023610,1.164699,-1.815618
member,47234,3,3,1,0.401019,0.669637,0.669637,1.193678,3.079162,1.436565,-1.193678
member,4622,9,9,1,0.242107,0.784972,0.784972,0.900826,3.492887,2.097741,-0.900826
member,40552,8,8,1,0.126895,0.880826,0.880826,0.595043,4.108810,3.524366,-0.595043
member,1253,9,9,1,0.476478,0.620967,0.620967,1.322079,2.886708,1.564790,-1.322079
member,13075,2,0,0,0.947833,0.387580,0.526599,1.083083,2.942118,-0.306516,1.083083
member,28364,7,7,1,0.030532,0.969929,0.969929,0.185096,5.926987,4.701758,-0.185096
member,7143,6,6,1,0.991980,0.370842,0.370842,1.824221,1.986893,0.624024,-1.824221
member,17838,0,0,1,0.143734,0.866118,0.866118,0.499706,5.004997,2.069517,-0.499706
member,31492,2,2,1,0.486753,0.614619,0.614619,1.132235,3.410593,0.958057,-1.132235
member,30168,8,8,1,0.048301,0.952847,0.952847,0.286292,4.846406,4.455031,-0.286292
member,41840,9,9,1,0.187410,0.829104,0.829104,0.766509,3.780069,2.798329,-0.766509
member,40084,2,2,1,0.517864,0.595792,0.595792,1.469239,2.655983,1.778982,-1.469239
member,12800,1,1,1,0.084708,0.918781,0.918781,0.433960,4.521556,3.638883,-0.433960
member,6194,7,7,1,0.154606,0.856752,0.856752,0.632272,4.155434,2.374607,-0.632272
member,13685,5,5,1,0.488361,0.613631,0.613631,1.375983,2.896772,1.788655,-1.375983
member,23379,1,1,1,0.103385,0.901780,0.901780,0.513301,4.214808,3.318782,-0.513301
member,27063,4,4,1,0.490902,0.612074,0.612074,1.238953,2.912073,0.963147,-1.238953
member,34162,1,1,1,0.123091,0.884183,0.884183,0.583159,4.035439,3.113828,-0.583159
member,45520,9,9,1,0.406855,0.665741,0.665741,1.327267,2.763882,2.080155,-1.327267
member,16542,4,4,1,1.462023,0.231767,0.231767,2.027622,1.128479,0.079929,-2.027622
member,14563,9,9,1,0.017798,0.982360,0.982360,0.119904,6.085205,4.909887,-0.119904
member,26765,2,2,1,0.250313,0.778557,0.778557,0.873804,3.861969,2.127591,-0.873804
member,49615,0,0,1,0.081995,0.921276,0.921276,0.431227,4.441279,3.901174,-0.431227
member,10853,9,9,1,0.060271,0.941509,0.941509,0.324911,4.942989,3.903473,-0.324911
member,29180,2,3,0,1.282282,0.277403,0.313252,1.798311,1.572420,-0.121534,1.798311
member,39362,8,8,1,0.189616,0.827277,0.827277,0.798841,3.712053,2.857371,-0.798841
member,38959,6,6,1,0.770301,0.462874,0.462874,1.772670,2.100731,1.390657,-1.772670
member,12371,5,3,0,1.910266,0.148041,0.835673,0.531024,3.528885,-1.730748,0.531024
member,44509,7,7,1,1.283861,0.276966,0.276966,1.868554,1.608321,0.067557,-1.868554
member,28232,4,4,1,0.371553,0.689662,0.689662,1.255447,2.809925,2.239400,-1.255447
member,12123,1,1,1,0.002696,0.997308,0.997308,0.023326,7.615654,6.730318,-0.023326
member,17311,0,0,1,0.525462,0.591282,0.591282,1.114157,3.686015,0.837737,-1.114157
member,33817,8,8,1,0.137800,0.871273,0.871273,0.642965,3.863548,3.244870,-0.642965
member,3617,3,3,1,0.790936,0.453420,0.453420,1.555050,2.483112,0.582352,-1.555050
member,1121,3,5,0,1.504349,0.222162,0.328635,1.892551,1.257398,-0.391540,1.892551
member,48745,2,2,1,0.780927,0.457981,0.457981,1.663907,2.183616,0.744579,-1.663907
member,26185,5,5,1,0.633282,0.530847,0.530847,1.532802,2.410452,1.006564,-1.532802
member,31588,4,4,1,0.098193,0.906474,0.906474,0.499526,4.187913,3.608582,-0.499526
member,43813,3,3,1,0.424027,0.654406,0.654406,1.119221,3.339574,1.147033,-1.119221
member,24803,3,3,1,0.402931,0.668359,0.668359,1.266600,2.990770,2.087448,-1.266600
member,28452,2,2,1,0.165329,0.847615,0.847615,0.642055,4.726496,2.630198,-0.642055
member,35351,6,6,1,0.176796,0.837950,0.837950,0.700019,4.037592,2.296582,-0.700019
member,32605,9,9,1,0.265158,0.767085,0.767085,0.872078,3.654269,1.693480,-0.872078
member,31577,6,6,1,0.274900,0.759648,0.759648,0.832506,3.959086,1.493700,-0.832506
member,32897,8,8,1,0.818517,0.441085,0.441085,1.324091,2.702167,0.109812,-1.324091
member,21748,2,2,1,0.314720,0.729993,0.729993,0.671010,5.193781,1.053988,-0.671010
member,10210,4,4,1,0.661094,0.516286,0.516286,1.362607,2.877958,0.905540,-1.362607
member,30478,2,6,0,1.152598,0.315815,0.451315,1.489253,2.150074,-0.357009,1.489253
member,24526,8,8,1,0.519997,0.594522,0.594522,1.352506,2.746970,1.171226,-1.352506
member,39453,9,9,1,0.033457,0.967096,0.967096,0.197805,5.551971,4.088835,-0.197805
member,48002,2,2,1,0.920866,0.398174,0.398174,1.467694,2.706891,0.205953,-1.467694
member,21365,2,2,1,0.110541,0.895350,0.895350,0.525004,4.464826,3.274339,-0.525004
member,22815,9,9,1,0.346124,0.707425,0.707425,1.116850,3.234303,1.723956,-1.116850
member,33753,4,9,0,1.532201,0.216060,0.240711,2.021527,1.160316,-0.108045,2.021527
member,41619,2,2,1,0.065513,0.936587,0.936587,0.314979,5.829331,3.449646,-0.314979
member,20330,3,3,1,0.684688,0.504248,0.504248,1.431213,3.065682,0.876340,-1.431213
member,27651,6,6,1,0.031014,0.969462,0.969462,0.195431,5.527054,4.954766,-0.195431
member,16033,4,4,1,0.412608,0.661922,0.661922,1.081605,3.346883,1.093920,-1.081605
member,45693,6,6,1,1.036787,0.354592,0.354592,1.926054,1.726234,0.751817,-1.926054
member,43867,0,0,1,1.303207,0.271659,0.271659,2.138743,1.193606,0.825175,-2.138743
member,7879,1,1,1,0.837880,0.432627,0.432627,1.776762,2.051513,0.842812,-1.776762
member,2084,1,1,1,0.111419,0.894563,0.894563,0.513567,4.482196,3.099215,-0.513567
member,36920,2,2,1,0.292078,0.746710,0.746710,0.995883,3.481703,1.877431,-0.995883
member,12687,5,5,1,0.864571,0.421232,0.421232,1.389372,2.691942,0.119627,-1.389372
member,13321,2,2,1,0.052203,0.949136,0.949136,0.266179,5.529508,3.385694,-0.266179
member,17832,2,0,0,2.098868,0.122595,0.833766,0.627932,2.504557,-1.917066,0.627932
member,32610,7,7,1,0.049514,0.951692,0.951692,0.277788,5.063677,3.839986,-0.277788
member,46168,7,7,1,0.134335,0.874297,0.874297,0.573259,4.483451,2.728086,-0.573259
member,45417,5,5,1,0.103326,0.901833,0.901833,0.441364,4.857791,2.670788,-0.441364
member,4035,6,6,1,0.821675,0.439695,0.439695,1.801913,1.958817,1.009081,-1.801913
member,23656,2,2,1,0.078520,0.924484,0.924484,0.366698,5.184974,3.157953,-0.366698
member,19012,5,5,1,0.188945,0.827832,0.827832,0.652500,4.508729,1.937845,-0.652500
member,44033,5,5,1,0.194458,0.823280,0.823280,0.801803,3.740673,3.045518,-0.801803
member,399,4,4,1,0.293959,0.745307,0.745307,1.054702,3.286185,2.337790,-1.054702
member,28160,4,4,1,0.789184,0.454215,0.454215,1.746060,2.102435,1.203490,-1.746060
member,17436,7,5,0,1.593017,0.203311,0.528919,1.396567,1.941120,-0.956096,1.396567
member,41095,7,7,1,0.475960,0.621288,0.621288,1.095431,3.556720,0.926751,-1.095431
member,22494,9,9,1,1.152989,0.315692,0.315692,2.064768,1.372574,0.769770,-2.064768
member,30822,4,4,1,0.153735,0.857499,0.857499,0.558480,4.696793,2.109142,-0.558480
member,20050,3,3,1,0.262882,0.768833,0.768833,0.875784,3.904093,1.842528,-0.875784
member,40022,0,7,0,2.310945,0.099167,0.332966,1.975081,0.400155,-1.211229,1.975081
member,12759,7,7,1,0.582547,0.558474,0.558474,1.428250,2.914652,1.226946,-1.428250
member,31166,1,1,1,0.082078,0.921200,0.921200,0.441531,4.179756,3.926166,-0.441531
member,6467,2,2,1,0.224206,0.799151,0.799151,0.883024,3.542880,2.577105,-0.883024
member,32237,6,6,1,0.097890,0.906749,0.906749,0.479410,4.386866,3.187295,-0.479410
member,1372,2,5,0,1.043781,0.352121,0.396810,1.440402,2.485552,-0.119483,1.440402
member,38358,7,7,1,0.077871,0.925084,0.925084,0.417295,4.476329,4.071826,-0.417295
member,926,7,7,1,0.071309,0.931174,0.931174,0.352120,5.006608,3.209656,-0.352120
member,35817,6,6,1,0.766612,0.464584,0.464584,1.375184,2.694304,0.277426,-1.375184
member,10115,0,0,1,0.249450,0.779229,0.779229,0.911078,3.581479,2.214669,-0.911078
member,8318,9,9,1,0.131391,0.876875,0.876875,0.620758,3.863451,3.379222,-0.620758
member,26072,5,5,1,0.666676,0.513412,0.513412,1.461355,2.759401,0.882929,-1.461355
member,29729,0,0,1,0.216385,0.805425,0.805425,0.862671,3.602077,2.807087,-0.862671
member,9625,6,6,1,0.266671,0.765925,0.765925,0.947126,3.538817,2.209178,-0.947126
member,3785,3,3,1,0.530598,0.588253,0.588253,1.252989,2.947421,0.838882,-1.252989
member,20885,6,6,1,0.318266,0.727409,0.727409,1.110524,3.236404,2.148449,-1.110524
member,6904,0,0,1,0.079851,0.923254,0.923254,0.377066,5.066756,3.251578,-0.377066
member,6478,8,8,1,0.148881,0.861672,0.861672,0.638728,4.182314,2.757988,-0.638728
member,27148,9,9,1,0.559581,0.571449,0.571449,1.461767,2.676218,1.572678,-1.461767
member,33657,4,4,1,0.414068,0.660956,0.660956,1.255579,3.007554,1.767455,-1.255579
member,38899,8,8,1,0.146685,0.863566,0.863566,0.650638,4.011209,2.894112,-0.650638
member,26816,7,7,1,0.249434,0.779242,0.779242,0.826081,4.156014,2.154456,-0.826081
member,35546,0,0,1,0.287091,0.750444,0.750444,1.053054,3.269761,2.481920,-1.053054
member,41571,9,9,1,0.054630,0.946835,0.946835,0.297926,5.087655,3.900261,-0.297926
member,24447,0,0,1,0.107760,0.897843,0.897843,0.466127,4.706989,2.636631,-0.466127
member,30245,1,1,1,0.028774,0.971636,0.971636,0.181254,5.392302,4.723107,-0.181254
member,22557,0,0,1,0.120424,0.886544,0.886544,0.477418,4.746263,2.359985,-0.477418
member,45578,8,8,1,0.052199,0.949140,0.949140,0.296423,5.039645,4.174811,-0.296423
member,17735,2,2,1,0.075691,0.927102,0.927102,0.340950,5.220379,2.857453,-0.340950
member,25980,5,5,1,0.789444,0.454097,0.454097,1.491300,2.454961,0.376421,-1.491300
member,5864,0,0,1,0.437664,0.645542,0.645542,1.308931,2.845680,1.562224,-1.308931
member,6529,8,8,1,0.294802,0.744679,0.744679,0.903190,3.853386,1.567624,-0.903190
member,10536,4,4,1,0.355360,0.700921,0.700921,1.098555,3.429115,1.899923,-1.098555
member,28212,0,0,1,0.018598,0.981574,0.981574,0.127861,5.876034,5.259359,-0.127861
member,7360,0,0,1,0.324913,0.722590,0.722590,1.087508,3.332007,2.137718,-1.087508
member,38902,1,1,1,0.120515,0.886464,0.886464,0.532040,4.353251,2.699652,-0.532040
member,12510,4,4,1,1.198717,0.301581,0.301581,2.088385,1.416885,0.752387,-2.088385
member,10453,1,1,1,0.101704,0.903297,0.903297,0.448731,4.707582,2.707484,-0.448731
member,18377,1,1,1,0.037193,0.963490,0.963490,0.224212,5.267952,4.213543,-0.224212
member,20737,2,2,1,0.320304,0.725928,0.725928,0.963431,3.627874,1.470064,-0.963431
member,43335,4,4,1,0.208804,0.811555,0.811555,0.794874,3.755762,2.347950,-0.794874
member,8393,6,6,1,0.193213,0.824306,0.824306,0.732238,4.043947,2.529085,-0.732238
member,21102,2,2,1,1.321710,0.266679,0.266679,1.901643,1.504212,0.021948,-1.901643
member,1162,8,8,1,0.045751,0.955280,0.955280,0.248705,5.252373,3.562996,-0.248705
member,2531,9,9,1,0.356745,0.699951,0.699951,0.872676,4.319671,1.122357,-0.872676
member,7844,2,2,1,0.444722,0.641002,0.641002,1.335680,2.748738,1.929441,-1.335680
member,26047,4,4,1,0.380468,0.683542,0.683542,1.215934,3.067701,2.158344,-1.215934
member,39016,9,9,1,0.291812,0.746909,0.746909,1.023481,3.227497,2.271817,-1.023481
member,41842,0,0,1,0.104383,0.900880,0.900880,0.497965,4.435933,3.112203,-0.497965
member,12702,1,1,1,0.111842,0.894185,0.894185,0.383336,5.724483,2.219701,-0.383336
member,33512,4,4,1,0.726662,0.483520,0.483520,1.460063,2.631485,0.519590,-1.460063
member,19802,7,7,1,0.026581,0.973769,0.973769,0.158412,6.152750,4.254603,-0.158412
member,5751,5,3,0,0.909035,0.402913,0.467559,1.212934,2.887044,-0.148805,1.212934
member,34355,9,9,1,0.077847,0.925106,0.925106,0.354359,5.362289,3.282172,-0.354359
member,30769,0,0,1,0.103415,0.901753,0.901753,0.513490,4.220130,3.619075,-0.513490
member,36492,2,2,1,0.548368,0.577892,0.577892,1.556729,2.433132,1.775730,-1.556729
member,25057,5,5,1,0.143439,0.866374,0.866374,0.550884,4.951862,2.571738,-0.550884
member,15821,9,9,1,0.083645,0.919758,0.919758,0.448027,4.222637,4.106163,-0.448027
member,28283,5,5,1,0.848023,0.428261,0.428261,1.259557,3.153435,0.050367,-1.259557
member,13650,0,0,1,0.198412,0.820032,0.820032,0.764133,3.911069,2.228809,-0.764133
member,40570,7,7,1,0.391101,0.676312,0.676312,1.227420,2.958889,1.723356,-1.227420
member,17172,6,6,1,0.871320,0.418399,0.418399,1.413064,2.828026,0.306318,-1.413064
member,12283,1,1,1,0.115648,0.890788,0.890788,0.537877,4.345119,2.981687,-0.537877
member,35460,2,7,0,1.304245,0.271377,0.297298,1.676028,1.844912,-0.091225,1.676028
member,34059,5,0,0,2.799883,0.060817,0.232191,2.139012,-0.328138,-1.339688,2.139012
member,35235,1,1,1,0.126954,0.880774,0.880774,0.532200,4.674026,2.760127,-0.532200
member,26633,7,7,1,0.175742,0.838834,0.838834,0.686168,4.212241,2.303192,-0.686168
member,24470,1,1,1,0.115010,0.891357,0.891357,0.537600,4.205755,3.041576,-0.537600
member,18415,1,1,1,0.490914,0.612067,0.612067,1.346114,2.707666,1.186854,-1.346114
member,18954,3,3,1,0.289411,0.748704,0.748704,0.617102,5.604181,1.126120,-0.617102
member,37193,4,4,1,1.014024,0.362756,0.362756,1.612379,2.209729,0.041782,-1.612379
member,20718,9,9,1,0.077978,0.924985,0.924985,0.376033,4.824572,3.006689,-0.376033
member,37400,9,9,1,0.041326,0.959516,0.959516,0.233417,5.509711,4.044412,-0.233417
member,3263,0,0,1,0.369399,0.691150,0.691150,1.161364,3.124307,1.700987,-1.161364
member,46179,2,2,1,0.151704,0.859243,0.859243,0.619463,4.360511,2.474911,-0.619463
member,31125,8,8,1,0.056084,0.945459,0.945459,0.306633,4.925055,3.654617,-0.306633
member,42232,6,6,1,0.271712,0.762074,0.762074,1.005534,3.376214,2.567895,-1.005534
member,43713,8,8,1,0.456087,0.633759,0.633759,1.395977,2.682655,1.924829,-1.395977
member,7024,4,4,1,0.202292,0.816856,0.816856,0.732933,4.259882,2.075526,-0.732933
member,17498,4,4,1,0.565314,0.568181,0.568181,1.494736,2.547165,1.328831,-1.494736
member,29712,5,7,0,1.294195,0.274119,0.278175,1.774857,1.833643,-0.014691,1.774857
member,32787,1,1,1,0.186075,0.830211,0.830211,0.666600,4.478495,2.098064,-0.666600
member,15107,6,2,0,1.470966,0.229703,0.439976,1.584911,1.927393,-0.649932,1.584911
member,2476,2,2,1,0.074059,0.928617,0.928617,0.363832,5.428772,3.618881,-0.363832
member,48077,5,5,1,0.435085,0.647209,0.647209,1.302523,2.999149,1.810080,-1.302523
member,11348,2,2,1,0.612589,0.541946,0.541946,1.495705,2.512029,0.990464,-1.495705
member,29034,4,4,1,0.305098,0.737051,0.737051,1.028656,3.383718,2.091575,-1.028656
member,1911,5,5,1,0.242937,0.784321,0.784321,0.722574,4.238780,1.529658,-0.722574
member,27727,8,8,1,0.773378,0.461452,0.461452,1.580860,2.415163,0.845921,-1.580860
member,36499,7,7,1,0.994101,0.370056,0.370056,1.567187,2.368342,0.178321,-1.567187
member,42093,6,6,1,0.400806,0.669780,0.669780,1.262055,3.017024,1.798263,-1.262055
member,49530,0,0,1,0.060979,0.940843,0.940843,0.293022,5.801242,3.359837,-0.293022
member,27311,9,9,1,0.086339,0.917283,0.917283,0.398553,4.955876,2.927440,-0.398553
member,14598,1,1,1,0.247449,0.780790,0.780790,0.877209,3.735935,2.248368,-0.877209
member,12074,2,2,1,0.131399,0.876868,0.876868,0.608645,4.112121,3.364192,-0.608645
member,41320,6,6,1,0.311180,0.732582,0.732582,0.923912,3.932868,1.508100,-0.923912
member,28987,7,7,1,0.136363,0.872526,0.872526,0.583656,4.370554,2.651868,-0.583656
member,2098,2,2,1,0.749230,0.472730,0.472730,1.669636,2.217530,0.905688,-1.669636
member,19533,1,1,1,0.033335,0.967214,0.967214,0.192429,5.769051,4.018682,-0.192429
member,34939,4,4,1,0.448661,0.638482,0.638482,1.331147,2.786322,1.739926,-1.331147
member,8023,0,0,1,0.144369,0.865568,0.865568,0.666348,3.866429,3.336630,-0.666348
member,13253,3,7,0,2.334389,0.096870,0.266150,2.093434,0.227362,-1.010696,2.093434
member,1985,1,1,1,0.020531,0.979678,0.979678,0.138202,5.843528,5.369928,-0.138202
member,26011,9,9,1,0.418362,0.658124,0.658124,1.166182,3.206779,1.297113,-1.166182
member,3335,0,8,0,1.024642,0.358925,0.578253,0.966493,3.443164,-0.476899,0.966493
member,26620,9,9,1,0.829629,0.436211,0.436211,1.453714,2.445153,0.223639,-1.453714
member,11744,1,1,1,0.065212,0.936868,0.936868,0.345556,4.835369,3.488349,-0.345556
member,18476,4,4,1,0.369968,0.690756,0.690756,1.095000,3.251388,1.354111,-1.095000
member,47611,4,4,1,0.136685,0.872245,0.872245,0.604927,4.246505,2.867292,-0.604927
member,25536,2,2,1,0.384552,0.680756,0.680756,1.212718,3.066136,1.913955,-1.212718
member,20864,2,2,1,0.599620,0.549020,0.549020,1.264986,3.002759,0.605176,-1.264986
member,43446,5,5,1,0.324674,0.722763,0.722763,0.915390,4.122537,1.462205,-0.915390
member,8006,8,8,1,0.226786,0.797091,0.797091,0.883092,3.511599,2.365250,-0.883092
member,29076,2,3,0,2.318763,0.098395,0.377526,1.714119,0.600656,-1.344646,1.714119
member,43720,3,3,1,0.779488,0.458641,0.458641,1.618132,2.260184,0.619579,-1.618132
member,23000,7,7,1,0.105897,0.899517,0.899517,0.495426,4.505191,2.994161,-0.495426
member,28193,1,1,1,0.096454,0.908051,0.908051,0.484993,4.416512,3.801989,-0.484993
member,21512,7,4,0,1.125667,0.324436,0.445092,1.492726,2.141833,-0.316193,1.492726
member,21024,6,6,1,0.084830,0.918668,0.918668,0.362796,5.819658,2.928188,-0.362796
member,15294,6,6,1,0.093559,0.910684,0.910684,0.448807,4.765316,3.381128,-0.448807
member,11661,0,0,1,0.016277,0.983855,0.983855,0.114460,5.955150,5.625673,-0.114460
member,31718,7,7,1,0.012383,0.987693,0.987693,0.080623,7.025985,4.805798,-0.080623
member,42115,5,5,1,0.050994,0.950284,0.950284,0.224591,6.211237,3.061803,-0.224591
member,28241,5,5,1,0.025397,0.974923,0.974923,0.134558,6.900783,3.839486,-0.134558
member,43151,4,4,1,0.137927,0.871162,0.871162,0.580233,4.437853,2.742365,-0.580233
member,9694,3,0,0,2.422027,0.088742,0.288335,1.859987,0.441912,-1.178396,1.859987
member,25565,6,6,1,0.156140,0.855440,0.855440,0.694657,3.857904,3.050741,-0.694657
member,34444,5,5,1,0.201808,0.817252,0.817252,0.741987,3.976442,2.074543,-0.741987
member,14109,7,7,1,0.057093,0.944506,0.944506,0.302679,5.207037,3.781171,-0.302679
member,12958,2,2,1,0.115075,0.891300,0.891300,0.513023,4.477612,2.716973,-0.513023
member,23314,3,3,1,0.576498,0.561863,0.561863,0.833342,4.742309,0.320969,-0.833342
member,17926,3,7,0,1.751195,0.173566,0.314806,1.873556,1.090904,-0.595394,1.873556
member,20413,3,3,1,0.469794,0.625131,0.625131,1.192461,3.207520,1.147638,-1.192461
member,22458,0,0,1,0.018442,0.981727,0.981727,0.094854,8.615677,4.017809,-0.094854
member,44362,8,8,1,0.001893,0.998109,0.998109,0.016768,8.345084,7.398176,-0.016768
member,5676,4,4,1,0.239911,0.786698,0.786698,0.919955,3.530832,2.586024,-0.919955
member,43366,5,5,1,0.498038,0.607722,0.607722,1.177141,3.568671,1.082228,-1.177141
member,33871,2,2,1,0.762388,0.466551,0.466551,1.569501,2.540135,0.955594,-1.569501
member,609,8,8,1,0.126017,0.881600,0.881600,0.601110,3.965812,3.458705,-0.601110
member,30920,6,6,1,0.048373,0.952778,0.952778,0.259834,5.462976,3.765298,-0.259834
member,25259,3,3,1,0.803158,0.447912,0.447912,1.806389,2.038490,1.395089,-1.806389
member,30393,5,5,1,0.229739,0.794741,0.794741,0.892189,3.582576,2.537899,-0.892189
member,38325,7,7,1,0.020529,0.979681,0.979681,0.139144,5.788690,5.118153,-0.139144
member,44288,2,2,1,0.106067,0.899365,0.899365,0.492701,4.497106,2.975889,-0.492701
member,48464,7,7,1,0.109152,0.896594,0.896594,0.518208,4.336779,3.071841,-0.518208
member,9289,0,0,1,0.064330,0.937695,0.937695,0.320732,5.085543,3.190901,-0.320732
member,26406,7,7,1,0.191971,0.825331,0.825331,0.634769,4.694432,1.849730,-0.634769
member,28058,3,3,1,0.243785,0.783656,0.783656,0.844959,3.803590,1.888947,-0.844959
member,22295,6,6,1,0.047316,0.953786,0.953786,0.246348,5.541547,3.439686,-0.246348
member,22051,9,9,1,0.204843,0.814775,0.814775,0.624763,4.524256,1.671076,-0.624763
member,44451,3,3,1,0.915532,0.400304,0.400304,1.911459,1.825144,1.203477,-1.911459
member,12512,6,6,1,0.487855,0.613942,0.613942,1.370219,2.726258,1.353797,-1.370219
member,48575,6,6,1,0.352101,0.703209,0.703209,0.673410,5.306397,0.898376,-0.673410
member,18775,7,7,1,0.268528,0.764504,0.764504,0.843085,4.058193,1.857242,-0.843085
member,15714,3,3,1,0.345048,0.708186,0.708186,1.091395,3.489460,2.053324,-1.091395
member,7976,6,6,1,0.720933,0.486298,0.486298,1.530826,2.646484,0.716447,-1.530826
member,33175,2,2,1,0.005752,0.994265,0.994265,0.046373,7.043127,6.626973,-0.046373
member,47634,6,6,1,0.017973,0.982188,0.982188,0.121153,6.071129,4.874063,-0.121153
member,8344,6,4,0,2.844306,0.058175,0.825914,0.776695,1.168850,-2.653040,0.776695
member,30589,4,4,1,0.066146,0.935995,0.935995,0.348797,4.870716,3.749454,-0.348797
member,11897,0,0,1,0.074882,0.927853,0.927853,0.349654,5.362154,3.020851,-0.349654
member,25495,2,2,1,0.211464,0.809398,0.809398,0.788486,3.986149,2.394199,-0.788486
member,22321,5,7,0,1.836706,0.159341,0.370808,1.632714,1.430213,-0.844634,1.632714
member,17679,9,9,1,0.070455,0.931969,0.931969,0.380206,4.543940,3.867997,-0.380206
member,12469,0,0,1,0.417749,0.658527,0.658527,1.082942,3.277379,1.086299,-1.082942
member,4657,3,3,1,0.425656,0.653341,0.653341,1.155665,3.422108,1.342071,-1.155665
member,48393,8,8,1,0.434285,0.647727,0.647727,0.886086,4.087568,0.765644,-0.886086
member,1687,6,6,1,0.641926,0.526278,0.526278,1.523028,2.510607,1.129955,-1.523028
member,22181,9,9,1,0.024841,0.975465,0.975465,0.155708,5.754998,4.575841,-0.155708
member,12791,5,5,1,1.156165,0.314691,0.314691,1.830825,1.627140,0.038214,-1.830825
member,8040,5,5,1,0.082150,0.921134,0.921134,0.404992,4.609020,3.114934,-0.404992
member,31061,4,4,1,0.220703,0.801955,0.801955,0.863355,3.581435,2.398457,-0.863355
member,35026,3,3,1,0.549088,0.577476,0.577476,1.414505,2.762859,1.377991,-1.414505
member,14829,2,2,1,0.463067,0.629351,0.629351,1.294566,2.953060,1.455014,-1.294566
member,38848,9,0,0,2.450599,0.086242,0.348300,1.766883,0.492375,-1.395908,1.766883
member,20062,7,7,1,0.040710,0.960108,0.960108,0.230454,5.746787,4.113077,-0.230454
member,28277,6,6,1,1.008511,0.364762,0.364762,1.903145,1.782920,0.860857,-1.903145
member,34547,0,0,1,0.735237,0.479392,0.479392,1.705720,2.115250,1.219502,-1.705720
member,10904,4,4,1,0.214831,0.806678,0.806678,0.796000,3.923922,2.170707,-0.796000
member,19220,2,2,1,1.006470,0.365507,0.365507,1.844191,1.708855,0.652491,-1.844191
member,24429,2,2,1,0.719591,0.486951,0.486951,1.578936,2.519263,0.941924,-1.578936
member,47349,1,1,1,0.215823,0.805878,0.805878,0.863939,3.523460,2.714892,-0.863939
member,18111,3,3,1,0.893746,0.409120,0.409120,1.616297,2.374371,0.493453,-1.616297
member,3541,8,8,1,0.832771,0.434843,0.434843,1.647362,2.194927,0.683406,-1.647362
member,25562,7,7,1,0.025100,0.975213,0.975213,0.146583,6.276372,4.104410,-0.146583
member,6759,7,7,1,0.097693,0.906927,0.906927,0.458281,4.720522,3.206878,-0.458281
member,33829,2,2,1,0.124409,0.883018,0.883018,0.564697,4.343121,2.852422,-0.564697
member,21275,0,0,1,0.593158,0.552580,0.552580,1.365984,2.706173,0.775584,-1.365984
member,38232,7,7,1,0.003306,0.996699,0.996699,0.026991,8.018366,6.331476,-0.026991
member,14350,0,0,1,0.305734,0.736583,0.736583,0.938931,3.762219,1.577860,-0.938931
member,1226,7,7,1,0.016815,0.983326,0.983326,0.110399,6.318552,4.724168,-0.110399
member,9159,8,8,1,0.346863,0.706902,0.706902,1.116075,3.172340,1.664536,-1.116075
member,25665,2,2,1,0.138828,0.870378,0.870378,0.629026,4.041471,2.938255,-0.629026
member,20544,7,7,1,0.042450,0.958439,0.958439,0.219101,5.981934,3.513038,-0.219101
member,4119,7,7,1,0.151017,0.859833,0.859833,0.698457,3.748946,3.419235,-0.698457
member,277,5,5,1,0.652741,0.520617,0.520617,1.292202,3.199819,0.772408,-1.292202
member,19036,8,8,1,0.357054,0.699735,0.699735,0.838518,4.158299,1.027664,-0.838518
member,20046,4,7,0,1.813840,0.163027,0.750750,0.826969,2.866939,-1.527158,0.826969
member,38648,3,3,1,0.261807,0.769660,0.769660,0.947140,3.715415,2.358912,-0.947140
member,37312,5,3,0,0.918875,0.398968,0.486611,1.140906,3.197446,-0.198585,1.140906
member,853,5,5,1,1.029302,0.357256,0.357256,1.895608,1.712166,0.639683,-1.895608
member,43086,8,8,1,0.043439,0.957491,0.957491,0.263475,4.910792,4.570719,-0.263475
member,46493,3,3,1,0.704745,0.494235,0.494235,1.171798,3.022152,0.230101,-1.171798
member,19535,7,7,1,0.514982,0.597511,0.597511,1.486104,2.575551,1.903106,-1.486104
member,16463,4,4,1,0.508709,0.601271,0.601271,1.336812,2.808747,1.144048,-1.336812
member,36746,8,8,1,0.032019,0.968488,0.968488,0.160438,6.534118,3.568897,-0.160438
member,29860,0,0,1,0.657221,0.518290,0.518290,1.509979,2.588449,0.935509,-1.509979
member,884,9,9,1,0.345682,0.707738,0.707738,1.132761,3.174625,2.049412,-1.132761
member,47842,8,8,1,0.375629,0.686857,0.686857,1.077187,3.194160,1.278274,-1.077187
member,21461,9,9,1,0.029173,0.971248,0.971248,0.172427,5.805698,4.115466,-0.172427
member,9403,2,2,1,0.156068,0.855501,0.855501,0.680678,4.155791,3.108150,-0.680678
member,33415,1,1,1,0.589828,0.554423,0.554423,1.551650,2.447339,1.207081,-1.551650
member,40743,7,7,1,0.403375,0.668061,0.668061,1.234203,3.086699,1.888048,-1.234203
member,23976,5,5,1,1.144399,0.318415,0.318415,1.988329,1.526024,0.789094,-1.988329
member,28139,6,2,0,1.547408,0.212799,0.346483,1.862290,1.279800,-0.487486,1.862290
member,46078,1,1,1,0.219923,0.802581,0.802581,0.883948,3.433559,2.660029,-0.883948
member,20717,6,6,1,0.237314,0.788743,0.788743,0.826602,3.888611,1.930001,-0.826602
member,27647,4,4,1,0.293150,0.745910,0.745910,1.050524,3.360181,2.466301,-1.050524
member,29970,5,5,1,0.795248,0.451469,0.451469,1.727985,2.262182,1.178870,-1.727985
member,24242,6,6,1,0.247272,0.780928,0.780928,0.915457,3.556810,2.142334,-0.915457
member,3035,7,7,1,0.204420,0.815120,0.815120,0.852920,3.611310,2.982533,-0.852920
member,6976,2,2,1,0.030709,0.969758,0.969758,0.187284,5.831657,4.543045,-0.187284
member,31765,1,1,1,0.164943,0.847942,0.847942,0.653459,4.220402,2.407892,-0.653459
member,23701,9,9,1,0.079930,0.923181,0.923181,0.389803,4.876564,3.224903,-0.389803
member,22077,9,9,1,0.005408,0.994606,0.994606,0.044229,6.793190,6.429363,-0.044229
member,19235,7,7,1,0.512774,0.598832,0.598832,1.066124,3.578658,0.681820,-1.066124
member,19892,5,5,1,0.282390,0.753979,0.753979,1.039065,3.214921,2.523521,-1.039065
member,36414,3,3,1,0.281682,0.754514,0.754514,0.957305,3.675649,1.860925,-0.957305
member,43915,7,5,0,2.231160,0.107404,0.822475,0.718142,1.926361,-2.035722,0.718142
member,14697,2,4,0,1.696652,0.183296,0.550480,1.523911,1.331008,-1.099687,1.523911
member,28275,6,6,1,0.153401,0.857786,0.857786,0.519660,5.103555,2.001790,-0.519660
member,49861,8,8,1,0.053746,0.947672,0.947672,0.294142,5.027708,3.842900,-0.294142
member,49924,8,8,1,0.136904,0.872054,0.872054,0.605801,4.047795,2.633629,-0.605801
member,49959,1,1,1,0.836859,0.433069,0.433069,1.697108,2.133817,0.763182,-1.697108
member,10092,9,9,1,0.241917,0.785121,0.785121,0.848875,3.803110,1.887892,-0.848875
member,47576,4,4,1,0.307895,0.734993,0.734993,0.978561,3.546259,1.751086,-0.978561
member,34858,3,2,0,1.464780,0.231129,0.328401,1.872991,1.361632,-0.351260,1.872991
member,12805,4,4,1,0.419075,0.657655,0.657655,1.042149,3.419717,1.007902,-1.042149
member,12422,8,8,1,0.047505,0.953606,0.953606,0.265882,5.103952,3.741520,-0.265882
member,28728,8,8,1,0.571449,0.564707,0.564707,1.174197,3.504146,0.721775,-1.174197
member,41923,6,6,1,0.043106,0.957810,0.957810,0.246053,5.521768,4.099259,-0.246053
member,28236,6,6,1,0.048567,0.952594,0.952594,0.280075,5.101656,4.213823,-0.280075
member,23310,7,7,1,0.575667,0.562330,0.562330,1.367067,2.860482,0.933325,-1.367067
member,27811,9,8,0,1.933254,0.144677,0.255449,1.961963,0.797263,-0.568522,1.961963
member,14711,8,8,1,0.142498,0.867190,0.867190,0.587141,4.336940,2.420115,-0.587141
member,18794,6,6,1,0.554364,0.574438,0.574438,1.531382,2.529078,1.747019,-1.531382
member,6888,6,6,1,0.872996,0.417698,0.417698,1.686747,2.155248,0.439461,-1.686747
member,771,7,7,1,0.006714,0.993309,0.993309,0.051162,7.122268,5.751420,-0.051162
member,2767,9,9,1,0.134285,0.874341,0.874341,0.579708,4.417347,2.711474,-0.579708
member,33762,1,1,1,0.072205,0.930340,0.930340,0.338026,5.170907,3.017823,-0.338026
member,43246,7,7,1,0.088253,0.915529,0.915529,0.402977,5.230787,3.017303,-0.402977
member,32832,8,8,1,0.242283,0.784834,0.784834,0.908866,3.548772,2.302039,-0.908866
member,13062,3,3,1,0.076612,0.926249,0.926249,0.363720,5.385450,3.459064,-0.363720
member,44156,8,8,1,0.033258,0.967289,0.967289,0.193408,5.658907,4.083845,-0.193408
member,34736,5,5,1,0.719782,0.486859,0.486859,1.386433,2.622983,0.441733,-1.386433
member,24513,4,4,1,0.301312,0.739847,0.739847,0.929243,3.636048,1.526121,-0.929243
member,46125,2,2,1,0.048330,0.952820,0.952820,0.258136,5.633268,3.799182,-0.258136
member,38234,2,2,1,0.433062,0.648520,0.648520,1.322143,2.832129,1.692378,-1.322143
member,25209,1,1,1,0.053711,0.947706,0.947706,0.307508,4.828259,4.098452,-0.307508
member,26934,3,3,1,0.702490,0.495350,0.495350,1.338973,3.196381,0.746817,-1.338973
member,21362,6,6,1,0.030605,0.969859,0.969859,0.181506,5.742856,4.379681,-0.181506
member,32640,7,7,1,0.037739,0.962964,0.962964,0.203747,5.668238,3.625922,-0.203747
member,46345,9,9,1,0.094849,0.909510,0.909510,0.448558,4.555387,3.049385,-0.448558
member,22572,6,6,1,0.163547,0.849127,0.849127,0.610864,4.459198,2.123865,-0.610864
member,31854,1,1,1,0.025690,0.974638,0.974638,0.161278,5.771105,4.551906,-0.161278
member,5223,6,6,1,0.603590,0.546845,0.546845,1.272733,3.234730,0.763164,-1.272733
member,13179,2,2,1,0.956085,0.384395,0.384395,1.739253,2.085717,0.384060,-1.739253
member,17123,4,4,1,0.332091,0.717422,0.717422,1.101610,3.230030,1.854266,-1.101610
member,20089,8,8,1,0.025384,0.974935,0.974935,0.166142,5.491560,4.983740,-0.166142
member,5966,3,0,0,1.697924,0.183063,0.665544,1.137112,2.120155,-1.290774,1.137112
member,36447,2,2,1,0.692511,0.500318,0.500318,1.383563,2.799453,0.606061,-1.383563
member,646,2,3,0,2.161529,0.115149,0.434701,1.753798,0.729584,-1.328432,1.753798
member,3780,6,6,1,0.267175,0.765539,0.765539,1.018048,3.262527,2.614841,-1.018048
member,20231,9,9,1,0.328973,0.719662,0.719662,1.033083,3.367437,1.768963,-1.033083
member,19263,7,7,1,0.214781,0.806718,0.806718,0.603841,5.026543,1.559852,-0.603841
member,24761,8,8,1,0.165203,0.847721,0.847721,0.735825,3.682349,3.121802,-0.735825
member,17160,7,7,1,0.028787,0.971624,0.971624,0.170328,6.230927,4.314172,-0.170328
member,30809,3,3,1,0.434448,0.647622,0.647622,1.102143,3.324729,1.039361,-1.102143
member,19735,5,5,1,0.939710,0.390741,0.390741,1.552188,2.855669,0.416521,-1.552188
member,47428,0,0,1,0.113885,0.892361,0.892361,0.390849,5.815010,2.211080,-0.390849
member,38059,5,5,1,0.812977,0.443536,0.443536,1.682527,2.245308,0.738168,-1.682527
member,429,4,4,1,0.185258,0.830890,0.830890,0.762843,3.839568,2.862086,-0.762843
member,9911,9,9,1,0.241637,0.785341,0.785341,0.902637,3.481152,2.276507,-0.902637
member,4016,7,7,1,0.175176,0.839309,0.839309,0.700382,3.982826,2.323870,-0.700382
member,2975,2,2,1,0.259169,0.771692,0.771692,0.878141,3.786591,1.862642,-0.878141
member,22227,1,1,1,0.179941,0.835320,0.835320,0.757406,3.724809,2.822331,-0.757406
member,46022,5,5,1,0.372623,0.688925,0.688925,1.013807,3.845686,1.388982,-1.013807
member,31427,6,6,1,0.017855,0.982304,0.982304,0.107557,7.212591,4.407136,-0.107557
member,38533,0,0,1,0.094729,0.909619,0.909619,0.435099,4.836426,3.089911,-0.435099
member,32233,0,0,1,0.728813,0.482482,0.482482,1.787535,2.002083,1.524810,-1.787535
member,37010,7,7,1,0.018233,0.981932,0.981932,0.115992,6.692573,4.816366,-0.115992
member,18750,9,1,0,1.069227,0.343274,0.566945,1.017111,3.197553,-0.501733,1.017111
member,46248,8,8,1,0.056940,0.944651,0.944651,0.303504,5.037231,3.550386,-0.303504
member,8409,7,7,1,0.189002,0.827785,0.827785,0.688785,4.296922,2.047965,-0.688785
member,10406,2,2,1,0.664873,0.514339,0.514339,1.425225,2.934704,0.768415,-1.425225
member,23955,6,6,1,0.353506,0.702222,0.702222,1.018249,3.483299,1.312092,-1.018249
member,23041,2,2,1,0.138211,0.870915,0.870915,0.601564,4.487510,3.100331,-0.601564
member,19833,4,3,0,1.615314,0.198828,0.290378,1.721597,1.742957,-0.378742,1.721597
member,48427,2,2,1,0.614513,0.540905,0.540905,1.045896,3.416893,0.344225,-1.045896
member,7268,3,3,1,0.587389,0.555777,0.555777,1.347902,2.834116,0.851567,-1.347902
member,44593,5,5,1,0.364106,0.694817,0.694817,1.135576,3.089306,1.533678,-1.135576
member,1138,8,8,1,0.136479,0.872424,0.872424,0.606630,4.199672,2.962652,-0.606630
member,4985,4,4,1,0.518367,0.595492,0.595492,1.385510,2.796701,1.534778,-1.385510
member,2885,0,0,1,0.601712,0.547873,0.547873,1.447830,2.598677,0.892995,-1.447830
member,48413,4,4,1,0.197956,0.820406,0.820406,0.626204,4.620513,1.758253,-0.626204
member,14977,7,7,1,0.247419,0.780814,0.780814,0.914389,3.500800,2.134795,-0.914389
member,38403,5,5,1,0.831338,0.435466,0.435466,1.436140,2.650390,0.234707,-1.436140
member,23791,0,0,1,0.635424,0.529711,0.529711,1.530710,2.556149,1.073107,-1.530710
member,10993,3,3,1,0.734661,0.479668,0.479668,1.121964,3.384576,0.161275,-1.121964
member,44421,5,5,1,0.756973,0.469084,0.469084,1.800359,1.997162,1.588693,-1.800359
member,26581,5,5,1,0.112758,0.893367,0.893367,0.418590,5.545160,2.330222,-0.418590
member,3120,1,1,1,0.744958,0.474754,0.474754,1.697096,2.265744,1.405244,-1.697096
member,39202,4,4,1,0.414820,0.660459,0.660459,1.342368,2.702357,2.184994,-1.342368
member,37447,9,1,0,1.151191,0.316260,0.510370,1.276845,2.515517,-0.478572,1.276845
member,4057,4,4,1,1.316019,0.268201,0.268201,1.948639,1.416857,0.128853,-1.948639
member,31985,1,1,1,0.004459,0.995551,0.995551,0.034948,7.626731,6.116004,-0.034948
member,49291,8,8,1,0.256613,0.773668,0.773668,0.811332,3.830895,1.634554,-0.811332
member,18869,7,7,1,0.230403,0.794214,0.794214,0.865429,3.694909,2.209390,-0.865429
member,27739,6,6,1,1.334678,0.263243,0.263243,1.959420,1.347840,0.121255,-1.959420
member,7070,6,6,1,0.733350,0.480297,0.480297,1.316597,2.985976,0.365488,-1.316597
member,33874,3,5,0,1.692513,0.184056,0.244199,1.971105,1.062719,-0.282742,1.971105
member,29558,5,5,1,0.715107,0.489140,0.489140,1.260700,3.216611,0.553766,-1.260700
member,17583,6,6,1,0.436466,0.646317,0.646317,1.218665,3.383404,1.673334,-1.218665
member,43156,5,5,1,0.272953,0.761128,0.761128,0.836016,3.985861,1.569593,-0.836016
member,18583,1,1,1,0.220070,0.802463,0.802463,0.792998,3.965702,2.192275,-0.792998
member,13458,3,3,1,0.949746,0.386839,0.386839,1.935498,1.711394,1.242325,-1.935498
member,17724,6,6,1,0.021337,0.978889,0.978889,0.133916,6.414336,4.538782,-0.133916
member,4569,3,3,1,0.166175,0.846898,0.846898,0.704303,3.916478,2.812933,-0.704303
member,31513,7,7,1,0.060913,0.940905,0.940905,0.326497,5.067011,3.846170,-0.326497
member,21496,9,9,1,0.392222,0.675554,0.675554,1.130462,3.221492,1.401323,-1.130462
member,18175,9,9,1,1.396140,0.247551,0.247551,2.050140,1.197472,0.149755,-2.050140
member,6329,7,7,1,0.007345,0.992682,0.992682,0.054144,7.298161,5.704516,-0.054144
member,14874,1,1,1,0.016813,0.983328,0.983328,0.118350,5.793037,5.293838,-0.118350
member,40462,6,6,1,0.723514,0.485045,0.485045,1.326181,2.844046,0.341283,-1.326181
member,47441,4,4,1,0.699635,0.496767,0.496767,1.658680,2.260759,1.410534,-1.658680
member,39230,0,0,1,0.321580,0.725003,0.725003,1.096172,3.195322,1.917314,-1.096172
member,30146,6,6,1,0.887093,0.411851,0.411851,1.631472,2.193798,0.315817,-1.631472
member,49346,0,0,1,0.426866,0.652551,0.652551,1.347546,2.731284,2.071726,-1.347546
member,198,5,5,1,0.453405,0.635461,0.635461,1.088840,3.495907,1.033788,-1.088840
member,1448,1,1,1,0.266341,0.766178,0.766178,0.827174,3.943667,1.581638,-0.827174
member,17757,2,2,1,0.258507,0.772204,0.772204,0.571008,6.303071,1.245032,-0.571008
member,44011,6,6,1,0.475630,0.621493,0.621493,1.189809,3.215390,1.045190,-1.189809
member,10268,8,8,1,0.599975,0.548825,0.548825,1.491740,2.497175,1.014802,-1.491740
member,32008,9,9,1,0.230018,0.794519,0.794519,0.887907,3.611128,2.370464,-0.887907
member,20833,4,4,1,0.088055,0.915711,0.915711,0.396771,5.090315,2.960461,-0.396771
member,34626,5,7,0,1.283803,0.276982,0.366701,1.476085,2.397948,-0.280596,1.476085
member,8659,7,7,1,0.002684,0.997320,0.997320,0.022941,8.013260,6.943176,-0.022941
member,10045,7,7,1,0.067599,0.934635,0.934635,0.326013,5.494753,3.399227,-0.326013
member,16379,2,2,1,0.386282,0.679579,0.679579,0.818209,4.411287,0.886812,-0.818209
member,17244,1,1,1,0.345425,0.707920,0.707920,1.166821,3.012680,2.007897,-1.166821
member,31570,6,4,0,1.256863,0.284545,0.413681,1.564662,2.003344,-0.374202,1.564662
member,19723,5,5,1,0.157362,0.854395,0.854395,0.552089,4.705916,2.019000,-0.552089
member,40336,8,8,1,0.380534,0.683496,0.683496,0.953310,3.615941,1.050027,-0.953310
member,12618,3,3,1,0.502762,0.604858,0.604858,0.817635,4.486616,0.495215,-0.817635
member,5746,2,2,1,0.628319,0.533488,0.533488,1.558786,2.529863,1.309361,-1.558786
member,44070,2,2,1,0.468922,0.625677,0.625677,1.126353,3.378321,0.964818,-1.126353
member,43134,2,2,1,0.237411,0.788667,0.788667,0.919744,3.471577,2.784821,-0.919744
member,23575,9,9,1,0.314577,0.730097,0.730097,0.872310,3.855887,1.309286,-0.872310
member,47223,5,5,1,0.210984,0.809787,0.809787,0.838232,3.705457,2.714398,-0.838232
member,25326,2,2,1,0.339496,0.712129,0.712129,1.173743,3.044896,2.309636,-1.173743
member,44216,2,2,1,0.604936,0.546109,0.546109,1.615853,2.349090,1.893067,-1.615853
member,19819,5,5,1,0.355133,0.701080,0.701080,1.070152,3.483882,1.549524,-1.070152
member,47713,8,8,1,0.857546,0.424202,0.424202,1.862876,1.850066,1.374611,-1.862876
member,45673,9,9,1,0.149200,0.861397,0.861397,0.695158,3.699141,3.303904,-0.695158
member,41827,3,3,1,1.018798,0.361028,0.361028,1.914123,1.684518,0.815207,-1.914123
member,3840,1,1,1,0.058120,0.943537,0.943537,0.308574,5.041416,3.491209,-0.308574
member,34965,6,6,1,0.211405,0.809446,0.809446,0.679637,4.365244,1.731768,-0.679637
member,5645,5,5,1,1.015789,0.362117,0.362117,1.849903,1.863742,0.650924,-1.849903
member,33931,5,2,0,2.258502,0.104507,0.608163,1.386333,1.058980,-1.761190,1.386333
member,25315,3,3,1,0.719061,0.487209,0.487209,1.312919,2.948612,0.387392,-1.312919
member,23046,5,5,1,0.845891,0.429175,0.429175,1.620363,2.381584,0.577398,-1.620363
member,9672,7,7,1,0.000981,0.999019,0.999019,0.009462,8.946441,7.983420,-0.009462
member,45833,7,7,1,0.037529,0.963166,0.963166,0.221722,5.540802,4.178354,-0.221722
member,9242,9,9,1,0.164880,0.847995,0.847995,0.691757,4.236464,3.007598,-0.691757
member,35274,8,5,0,1.897620,0.149925,0.247453,2.121202,0.628182,-0.501087,2.121202
member,32446,4,6,0,2.076618,0.125353,0.424250,1.891036,0.564128,-1.219185,1.891036
member,681,5,5,1,0.439004,0.644678,0.644678,1.265783,2.887525,1.360914,-1.265783
member,45179,5,5,1,0.301168,0.739954,0.739954,1.070853,3.216877,2.252871,-1.070853
member,46939,3,3,1,1.541718,0.214013,0.214013,2.120879,0.988560,0.124867,-2.120879
member,41768,1,1,1,0.005734,0.994282,0.994282,0.043065,7.308382,5.637981,-0.043065
member,8812,1,1,1,0.098863,0.905867,0.905867,0.450534,4.873286,3.179230,-0.450534
member,40264,6,2,0,1.288091,0.275797,0.332387,1.609503,2.159995,-0.186635,1.609503
member,25266,7,7,1,0.029042,0.971376,0.971376,0.189220,5.298060,5.033118,-0.189220
member,49379,8,8,1,0.014292,0.985810,0.985810,0.102687,6.021574,5.481572,-0.102687
member,28591,9,0,0,2.107237,0.121573,0.246310,2.095684,0.422590,-0.706073,2.095684
member,12758,3,3,1,0.221326,0.801455,0.801455,0.814057,3.881919,2.043711,-0.814057
member,8474,6,6,1,1.527861,0.216999,0.216999,1.998559,1.161970,0.021006,-1.998559
member,24802,0,0,1,0.010889,0.989170,0.989170,0.076575,6.763133,5.336264,-0.076575
member,13505,1,1,1,0.225919,0.797783,0.797783,0.792957,4.026917,2.081701,-0.792957
member,18215,0,0,1,0.098780,0.905942,0.905942,0.499532,4.276087,3.444927,-0.499532
member,44984,8,8,1,0.506247,0.602753,0.602753,1.435251,2.639281,1.423856,-1.435251
member,6224,6,6,1,0.361334,0.696747,0.696747,1.020878,3.722901,1.633977,-1.020878
member,33322,8,0,0,1.636826,0.194597,0.328276,1.945452,1.064338,-0.522926,1.945452
member,32156,9,9,1,0.024148,0.976142,0.976142,0.156482,5.581558,4.700853,-0.156482
member,45143,0,0,1,0.398686,0.671201,0.671201,1.074784,3.537202,1.355542,-1.074784
member,10460,6,6,1,0.496400,0.608718,0.608718,1.275401,2.997350,1.278232,-1.275401
member,34110,9,9,1,0.031303,0.969182,0.969182,0.199581,5.158195,4.709972,-0.199581
member,36900,3,5,0,1.066299,0.344280,0.550270,1.129679,2.793141,-0.468953,1.129679
member,36462,6,6,1,0.927847,0.395404,0.395404,1.758751,1.988362,0.655539,-1.758751
member,585,8,8,1,0.073160,0.929452,0.929452,0.377941,4.649889,3.293620,-0.377941
member,26501,5,5,1,0.716721,0.488351,0.488351,1.520470,2.590868,0.991602,-1.520470
member,39109,1,1,1,0.266759,0.765857,0.765857,0.716280,4.451355,1.362983,-0.716280
member,29316,8,8,1,0.087169,0.916522,0.916522,0.416741,4.643067,2.983650,-0.416741
member,23208,6,6,1,0.565693,0.567966,0.567966,1.519518,2.605077,1.651038,-1.519518
member,43785,9,9,1,1.457669,0.232778,0.232778,2.133685,0.957233,0.404963,-2.133685
member,23584,3,3,1,0.278476,0.756937,0.756937,0.909193,3.787748,2.062208,-0.909193
member,47910,2,7,0,1.945607,0.142900,0.288321,2.036104,0.679177,-0.701926,2.036104
member,40064,7,7,1,0.324904,0.722597,0.722597,1.128824,3.096340,2.216031,-1.128824
member,7650,6,6,1,0.248535,0.779942,0.779942,0.841294,4.133672,1.923857,-0.841294
member,7584,3,3,1,0.906725,0.403845,0.403845,1.781222,1.976627,0.714220,-1.781222
member,40551,6,6,1,0.199402,0.819221,0.819221,0.817447,3.681447,2.649806,-0.817447
member,36927,0,0,1,0.089816,0.914100,0.914100,0.445179,4.555136,3.506449,-0.445179
member,13373,7,7,1,0.035835,0.964799,0.964799,0.203495,5.793586,4.000312,-0.203495
member,13484,6,6,1,0.020805,0.979410,0.979410,0.125367,6.425098,4.263564,-0.125367
member,24492,0,0,1,0.141357,0.868179,0.868179,0.612142,4.151708,2.586860,-0.612142
member,2463,8,8,1,0.664002,0.514787,0.514787,0.988937,3.600565,0.191329,-0.988937
member,9829,7,7,1,0.200460,0.818354,0.818354,0.859780,3.488909,3.349446,-0.859780
member,31684,2,2,1,0.226855,0.797036,0.797036,0.845422,3.776843,2.143427,-0.845422
member,37428,1,1,1,0.043633,0.957305,0.957305,0.242271,5.450337,3.852347,-0.242271
member,20339,3,3,1,0.286402,0.750961,0.750961,0.968957,3.604605,2.091087,-0.968957
member,48859,0,0,1,0.495555,0.609233,0.609233,1.315645,3.001356,1.328921,-1.315645
member,44240,9,9,1,0.062875,0.939061,0.939061,0.335371,4.940670,3.749043,-0.335371
member,47407,6,6,1,0.972058,0.378304,0.378304,1.578552,2.449693,0.195316,-1.578552
member,27506,1,1,1,0.040285,0.960516,0.960516,0.219503,5.618531,3.735986,-0.219503
member,17552,4,4,1,0.078382,0.924611,0.924611,0.404960,4.649800,3.652333,-0.404960
member,23514,1,1,1,0.021375,0.978852,0.978852,0.143419,5.657321,4.957995,-0.143419
member,26006,7,7,1,0.335026,0.715320,0.715320,1.032813,3.628477,1.612327,-1.032813
member,46859,1,1,1,0.193478,0.824088,0.824088,0.795251,3.679100,2.521749,-0.795251
member,29596,0,0,1,0.354326,0.701646,0.701646,0.798891,4.222949,0.992055,-0.798891
member,18046,6,0,0,2.171311,0.114028,0.414024,1.840220,0.652966,-1.289481,1.840220
member,44418,1,1,1,0.286290,0.751044,0.751044,0.733316,4.396927,1.260013,-0.733316
member,31562,2,5,0,1.737926,0.175885,0.314027,1.815805,1.208896,-0.579650,1.815805
member,34962,1,9,0,1.884377,0.151924,0.213054,2.142644,0.565401,-0.338167,2.142644
member,7055,7,7,1,0.945146,0.388623,0.388623,1.695002,2.006298,0.345020,-1.695002
member,7646,8,8,1,0.037630,0.963069,0.963069,0.201076,5.793806,3.611106,-0.201076
member,25770,7,7,1,0.268822,0.764279,0.764279,0.829018,3.939551,1.550395,-0.829018
member,43935,1,1,1,0.161221,0.851104,0.851104,0.595981,4.381455,2.114254,-0.595981
member,27719,9,9,1,0.035456,0.965166,0.965166,0.220318,5.195576,4.703240,-0.220318
member,28448,9,9,1,0.400795,0.669787,0.669787,1.248137,2.915884,1.894567,-1.248137
member,48430,0,0,1,0.160445,0.851765,0.851765,0.627682,4.401232,2.376966,-0.627682
member,24384,3,4,0,1.263718,0.282601,0.308712,1.544807,2.191237,-0.088372,1.544807
member,38939,2,2,1,0.198225,0.820185,0.820185,0.708719,4.255949,2.039815,-0.708719
member,36465,2,2,1,0.143479,0.866339,0.866339,0.596908,4.368690,2.496938,-0.596908
member,10927,7,2,0,1.756994,0.172563,0.300481,1.996172,0.873490,-0.554624,1.996172
member,42423,7,7,1,0.169336,0.844225,0.844225,0.613469,4.459414,2.048055,-0.613469
member,12894,1,1,1,0.444777,0.640967,0.640967,1.338183,2.818545,1.709879,-1.338183
member,41067,1,1,1,0.086707,0.916945,0.916945,0.397145,4.845081,2.909957,-0.397145
member,26106,3,3,1,0.467400,0.626629,0.626629,1.390444,2.721651,1.703892,-1.390444
member,45574,1,1,1,0.043023,0.957889,0.957889,0.250385,5.086344,3.943103,-0.250385
member,3290,6,6,1,0.218870,0.803426,0.803426,0.843568,3.551890,2.160556,-0.843568
member,34117,5,5,1,0.492174,0.611296,0.611296,1.249942,3.214678,1.504962,-1.249942
member,11427,1,1,1,0.238771,0.787595,0.787595,0.783641,3.979604,1.724268,-0.783641
member,15054,2,2,1,0.006897,0.993126,0.993126,0.052561,7.149268,5.831838,-0.052561
member,19474,9,9,1,0.117132,0.889468,0.889468,0.515055,4.313825,2.640268,-0.515055
member,3494,4,4,1,0.989427,0.371790,0.371790,1.485273,2.403846,0.015466,-1.485273
member,5264,4,4,1,0.643660,0.525366,0.525366,1.099735,3.338126,0.329794,-1.099735
member,12377,3,3,1,0.752876,0.471010,0.471010,1.692332,2.148029,0.961863,-1.692332
member,20366,1,1,1,0.049528,0.951679,0.951679,0.269571,5.322732,3.671307,-0.269571
member,45677,1,1,1,0.070996,0.931465,0.931465,0.377380,4.607075,3.559979,-0.377380
member,40829,7,7,1,0.673666,0.509836,0.509836,1.470014,2.526331,0.698289,-1.470014
member,6916,8,8,1,0.290040,0.748233,0.748233,1.076730,3.129244,2.557640,-1.076730
member,18027,2,6,0,1.317024,0.267931,0.444896,1.638048,1.734826,-0.507109,1.638048
member,37745,2,2,1,0.037252,0.963433,0.963433,0.198607,6.073029,3.649240,-0.198607
member,21328,1,1,1,0.590381,0.554116,0.554116,1.639585,2.231427,1.834560,-1.639585
member,20279,5,4,0,2.142079,0.117410,0.269970,2.068709,0.464059,-0.832634,2.068709
member,41885,9,9,1,0.269426,0.763818,0.763818,0.956348,3.536163,1.984986,-0.956348
member,16545,6,6,1,0.200904,0.817991,0.817991,0.652837,4.549303,1.779551,-0.652837
member,14067,1,1,1,0.108356,0.897308,0.897308,0.534284,4.147593,3.281876,-0.534284
member,20630,3,3,1,0.370291,0.690534,0.690534,1.135628,3.346020,1.807391,-1.135628
member,21239,3,3,1,0.360657,0.697218,0.697218,1.073030,3.354932,1.412315,-1.073030
member,27152,3,3,1,0.327030,0.721062,0.721062,1.035211,3.465364,1.683706,-1.035211
member,26634,6,6,1,0.125890,0.881712,0.881712,0.551138,4.346611,2.743733,-0.551138
member,10821,6,6,1,0.032595,0.967931,0.967931,0.192059,5.798584,4.189556,-0.192059
member,19015,0,0,1,0.123626,0.883711,0.883711,0.443599,5.612618,2.255236,-0.443599
member,14759,5,5,1,0.846291,0.429003,0.429003,1.804259,1.979985,0.991119,-1.804259
member,18119,3,4,0,1.853634,0.156667,0.227560,2.064082,0.925557,-0.373291,2.064082
member,42881,6,6,1,1.321362,0.266772,0.266772,2.039012,1.366487,0.479199,-2.039012
member,36207,5,5,1,0.097013,0.907544,0.907544,0.409375,5.343676,2.887395,-0.409375
member,49474,5,5,1,0.121366,0.885710,0.885710,0.498030,4.822906,2.513349,-0.498030
member,1824,0,0,1,0.090673,0.913316,0.913316,0.387912,5.198686,2.665123,-0.387912
member,46194,1,1,1,0.285322,0.751772,0.751772,0.967599,3.365580,1.800717,-0.967599
member,25434,4,7,0,0.911394,0.401963,0.517960,1.053288,3.300505,-0.253537,1.053288
member,40078,3,5,0,1.290322,0.275182,0.712081,0.677668,4.163966,-0.950758,0.677668
member,8909,7,7,1,0.033810,0.966755,0.966755,0.193134,5.807904,3.875737,-0.193134
member,20853,6,6,1,0.467126,0.626801,0.626801,1.167495,3.529453,1.209001,-1.167495
member,27450,6,6,1,0.521284,0.593757,0.593757,1.457698,2.621818,1.665508,-1.457698
member,31937,9,9,1,0.616750,0.539696,0.539696,1.633156,2.224763,1.702398,-1.633156
member,6946,2,2,1,1.118684,0.326709,0.326709,2.012944,1.479901,0.620465,-2.012944
member,9685,4,4,1,0.132349,0.876035,0.876035,0.590640,4.178361,2.988401,-0.590640
member,34334,3,4,0,1.234426,0.291002,0.339955,1.708699,1.901722,-0.155485,1.708699
member,46758,8,8,1,0.043205,0.957715,0.957715,0.260472,4.920456,4.379142,-0.260472
member,28474,1,1,1,0.247531,0.780726,0.780726,0.900948,3.482594,2.134057,-0.900948
member,18668,9,9,1,0.046583,0.954485,0.954485,0.242752,5.392820,3.454078,-0.242752
member,37156,3,3,1,0.222157,0.800790,0.800790,0.837813,3.843598,2.440470,-0.837813
member,3564,0,0,1,0.294947,0.744571,0.744571,1.033170,3.329101,2.120750,-1.033170
member,28540,6,6,1,0.132273,0.876101,0.876101,0.527061,4.645413,2.360632,-0.527061
member,18049,2,2,1,0.545702,0.579435,0.579435,1.460562,2.744515,1.660159,-1.460562
member,28079,5,5,1,0.056430,0.945133,0.945133,0.280940,5.283475,3.253287,-0.280940
member,28532,1,1,1,0.071453,0.931040,0.931040,0.363885,4.926467,3.461376,-0.363885
member,21420,3,5,0,1.745506,0.174557,0.353269,1.668298,1.490555,-0.704980,1.668298
member,322,9,9,1,0.495179,0.609462,0.609462,1.089503,3.211591,0.741433,-1.089503
member,47970,3,4,0,1.317340,0.267847,0.366740,1.725624,1.674082,-0.314239,1.725624
member,19345,4,4,1,0.392216,0.675558,0.675558,0.918290,3.837605,0.971821,-0.918290
member,14804,8,8,1,0.862420,0.422139,0.422139,1.428686,2.437703,0.107246,-1.428686
member,45991,5,5,1,0.749163,0.472762,0.472762,1.686640,2.218193,1.102955,-1.686640
member,45619,8,8,1,0.326984,0.721095,0.721095,1.024351,3.416687,1.561416,-1.024351
member,49165,8,8,1,0.165492,0.847477,0.847477,0.491409,5.305089,1.795198,-0.491409
member,28279,8,8,1,0.248422,0.780030,0.780030,0.887931,3.556969,1.925749,-0.887931
member,38831,6,6,1,0.872090,0.418077,0.418077,1.731895,2.011804,0.630565,-1.731895
member,29276,5,5,1,0.180097,0.835189,0.835189,0.660527,4.354444,2.116944,-0.660527
member,27488,1,1,1,0.430894,0.649928,0.649928,1.314074,2.810534,1.826828,-1.314074
member,43005,5,5,1,0.201716,0.817327,0.817327,0.718896,4.269847,2.033165,-0.718896
member,10496,7,7,1,0.529877,0.588677,0.588677,1.460781,2.669794,1.537817,-1.460781
member,42662,4,4,1,0.425330,0.653554,0.653554,1.181497,3.131724,1.416294,-1.181497
member,5528,8,8,1,0.811057,0.444388,0.444388,1.641756,2.258178,0.595867,-1.641756
member,35387,2,2,1,0.507484,0.602008,0.602008,1.174699,3.281368,0.928471,-1.174699
member,31208,1,0,0,1.104177,0.331484,0.338193,1.667371,1.979255,-0.020037,1.667371
member,40987,1,1,1,0.136257,0.872618,0.872618,0.649393,3.784456,3.520345,-0.649393
member,21332,2,2,1,0.067301,0.934914,0.934914,0.355283,4.978436,3.778009,-0.355283
member,3402,2,2,1,0.056024,0.945516,0.945516,0.319006,4.894974,4.293720,-0.319006
member,7780,5,7,0,1.356163,0.257647,0.417581,1.638438,1.833172,-0.482886,1.638438
member,27135,4,4,1,0.096980,0.907574,0.907574,0.453437,4.669932,3.007952,-0.453437
member,45929,7,7,1,0.066658,0.935515,0.935515,0.344323,5.270139,3.708744,-0.344323
member,25715,4,4,1,0.740087,0.477072,0.477072,1.459583,2.580023,0.580299,-1.459583
member,22229,5,5,1,0.524634,0.591772,0.591772,1.513704,2.433096,1.641584,-1.513704
member,482,1,1,1,0.484087,0.616260,0.616260,1.126168,3.277544,0.911471,-1.126168
member,28661,5,5,1,0.217130,0.804825,0.804825,0.765667,4.284020,2.045346,-0.765667
member,14181,4,4,1,0.384026,0.681114,0.681114,1.243894,2.993391,2.125551,-1.243894
member,39684,8,8,1,0.561612,0.570289,0.570289,1.537746,2.383700,1.563760,-1.537746
member,8790,3,3,1,0.033433,0.967120,0.967120,0.184013,6.143443,3.819995,-0.184013
member,38978,8,8,1,0.033473,0.967081,0.967081,0.206939,5.372278,4.572266,-0.206939
member,40401,0,0,1,0.607876,0.544506,0.544506,1.467227,2.602911,0.943596,-1.467227
member,2874,6,6,1,0.065540,0.936562,0.936562,0.362838,4.768636,4.284591,-0.362838
member,45435,9,9,1,0.486825,0.614575,0.614575,1.350583,2.838509,1.651474,-1.350583
member,22603,2,2,1,0.223186,0.799966,0.799966,0.883092,3.549115,2.506923,-0.883092
member,37027,1,1,1,0.684956,0.504112,0.504112,1.568790,2.309532,0.931276,-1.568790
member,44393,6,6,1,0.759060,0.468106,0.468106,1.625889,2.214075,0.682920,-1.625889
member,4215,9,9,1,0.004474,0.995536,0.995536,0.037722,6.940642,6.780602,-0.037722
member,33067,5,5,1,0.292303,0.746543,0.746543,0.832952,3.974931,1.384617,-0.832952
member,13591,8,8,1,0.303446,0.738270,0.738270,1.113781,3.071233,2.579411,-1.113781
member,44340,2,2,1,0.707840,0.492707,0.492707,1.631513,2.468353,1.217513,-1.631513
member,38869,4,4,1,0.465085,0.628082,0.628082,1.392961,2.693828,1.758014,-1.392961
member,46868,6,6,1,0.213473,0.807774,0.807774,0.834263,3.612887,2.320454,-0.834263
member,373,0,0,1,0.038911,0.961837,0.961837,0.194322,5.997517,3.430276,-0.194322
member,48581,7,7,1,0.136306,0.872576,0.872576,0.619028,4.214190,3.148505,-0.619028
member,39616,3,3,1,0.504256,0.603955,0.603955,1.227836,3.196254,1.081898,-1.227836
member,27088,6,6,1,0.496053,0.608929,0.608929,1.406600,2.839979,1.745926,-1.406600
member,32024,4,4,1,0.227830,0.796259,0.796259,0.903955,3.435843,2.587104,-0.903955
member,21634,0,0,1,0.095707,0.908730,0.908730,0.489480,4.209536,3.484016,-0.489480
member,4579,5,5,1,0.070048,0.932349,0.932349,0.352372,5.100796,3.553135,-0.352372
member,39392,0,0,1,0.382650,0.682052,0.682052,1.258388,2.877959,2.081259,-1.258388
member,17782,7,7,1,0.269873,0.763476,0.763476,0.951223,3.522618,2.219602,-0.951223
member,40302,6,6,1,0.476664,0.620851,0.620851,1.243164,3.385360,1.299330,-1.243164
member,19516,4,4,1,0.019813,0.980382,0.980382,0.115837,6.635898,4.192945,-0.115837
member,28309,9,9,1,0.176215,0.838438,0.838438,0.624235,4.479703,1.976288,-0.624235
member,12617,7,7,1,0.040822,0.960000,0.960000,0.184966,6.958517,3.264571,-0.184966
member,35498,9,9,1,0.508215,0.601569,0.601569,1.178405,3.557848,1.041244,-1.178405
member,35884,1,1,1,0.238464,0.787837,0.787837,0.900370,3.363924,2.139515,-0.900370
member,31744,9,3,0,1.227860,0.292919,0.305243,1.746581,1.948505,-0.041212,1.746581
member,48720,7,7,1,0.473621,0.622743,0.622743,1.285658,3.028291,1.572830,-1.285658
member,13911,5,3,0,1.404080,0.245593,0.424042,1.484518,2.149755,-0.546159,1.484518
member,7094,5,3,0,1.717647,0.179488,0.689955,1.010488,2.453016,-1.346518,1.010488
member,15400,7,7,1,0.260500,0.770666,0.770666,0.923638,3.584257,1.997226,-0.923638
member,42129,3,3,1,1.452579,0.233966,0.233966,2.133474,1.041034,0.196329,-2.133474
member,29297,2,2,1,0.084701,0.918787,0.918787,0.398556,4.875057,2.955527,-0.398556
member,33129,4,7,0,1.145171,0.318170,0.470416,1.357952,2.353702,-0.391032,1.357952
member,29116,9,9,1,0.578094,0.560967,0.560967,1.327192,3.210785,1.039175,-1.327192
member,7687,9,9,1,0.026099,0.974239,0.974239,0.164350,5.621354,4.590513,-0.164350
member,45114,4,4,1,0.068853,0.933464,0.933464,0.340727,4.959557,3.169273,-0.340727
member,62,8,8,1,0.040644,0.960171,0.960171,0.229514,5.449129,3.885585,-0.229514
member,25109,7,7,1,0.175437,0.839090,0.839090,0.645525,4.700486,2.240268,-0.645525
member,12024,8,8,1,0.018422,0.981746,0.981746,0.124456,6.031584,5.189714,-0.124456
member,37595,7,7,1,0.403381,0.668058,0.668058,1.237055,3.210453,2.143167,-1.237055
member,7892,9,9,1,0.233091,0.792082,0.792082,0.684367,4.381785,1.546640,-0.684367
member,20265,0,0,1,0.509252,0.600945,0.600945,1.456448,2.609452,1.621836,-1.456448
member,49706,7,7,1,0.049917,0.951308,0.951308,0.277306,5.208690,4.039190,-0.277306
member,47292,3,5,0,1.534657,0.215530,0.247768,1.881178,1.322267,-0.139395,1.881178
member,22681,5,5,1,1.460538,0.232111,0.232111,2.030457,1.168745,0.221288,-2.030457
member,29909,9,9,1,0.126856,0.880860,0.880860,0.573006,4.080758,2.855068,-0.573006
member,2385,4,4,1,0.142037,0.867589,0.867589,0.632423,4.040466,2.735155,-0.632423
member,25884,2,2,1,0.520834,0.594025,0.594025,1.491364,2.524655,1.865177,-1.491364
member,3184,0,0,1,0.008966,0.991074,0.991074,0.068397,6.498051,5.962527,-0.068397
member,21752,1,2,0,1.804685,0.164526,0.378455,1.821574,0.985181,-0.833026,1.821574
member,8358,8,8,1,0.276239,0.758631,0.758631,0.899188,3.761508,1.674006,-0.899188
member,4995,8,8,1,0.135269,0.873481,0.873481,0.537603,4.770871,2.707693,-0.537603
member,19990,4,4,1,0.269163,0.764019,0.764019,0.984466,3.449396,2.326433,-0.984466
member,37218,5,3,0,1.761143,0.171848,0.470690,1.706658,1.165021,-1.007588,1.706658
member,45047,8,8,1,0.117960,0.888731,0.888731,0.472509,4.942678,2.431425,-0.472509
member,13734,6,6,1,0.013193,0.986894,0.986894,0.094320,6.316303,5.634833,-0.094320
member,6111,9,9,1,0.325310,0.722303,0.722303,1.011976,3.439230,1.785609,-1.011976
member,5373,8,8,1,0.152403,0.858642,0.858642,0.682039,3.921756,3.162916,-0.682039
member,42274,5,5,1,0.399028,0.670972,0.670972,1.267059,2.837670,1.981738,-1.267059
member,12431,5,5,1,0.630863,0.532132,0.532132,1.302294,3.163637,0.877886,-1.302294
member,7918,6,6,1,1.401236,0.246292,0.246292,2.067993,1.220979,0.362848,-2.067993
member,35811,4,4,1,0.490371,0.612399,0.612399,1.291467,3.005196,1.304405,-1.291467
member,37630,1,1,1,0.063173,0.938781,0.938781,0.327236,4.987449,3.712613,-0.327236
member,12140,2,2,1,0.350351,0.704441,0.704441,1.109287,3.413037,1.888547,-1.109287
member,39634,3,5,0,1.499932,0.223145,0.328202,1.890416,1.273054,-0.385805,1.890416
member,9645,8,8,1,0.245416,0.782379,0.782379,0.721125,4.357280,1.537277,-0.721125
member,43841,3,3,1,0.106137,0.899302,0.899302,0.423362,5.175255,2.450583,-0.423362
member,36448,3,3,1,0.743733,0.475336,0.475336,1.612791,2.434819,0.961472,-1.612791
member,25313,4,4,1,0.565427,0.568118,0.568118,1.603482,2.300129,2.051415,-1.603482
member,46535,6,6,1,0.973742,0.377667,0.377667,1.887411,1.769785,0.710598,-1.887411
member,5304,8,0,0,1.158280,0.314026,0.643266,0.860815,3.455870,-0.717083,0.860815
member,38769,6,6,1,0.380408,0.683583,0.683583,1.165305,3.119247,1.577784,-1.165305
member,22445,5,5,1,0.149052,0.861524,0.861524,0.611329,4.496588,2.763875,-0.611329
member,10324,5,5,1,0.174173,0.840152,0.840152,0.584173,4.655139,1.923586,-0.584173
member,37746,5,5,1,0.233368,0.791862,0.791862,0.707486,4.358638,1.602699,-0.707486
member,41364,3,3,1,1.147367,0.317472,0.317472,1.866665,1.810076,0.482184,-1.866665
member,3180,0,0,1,0.062882,0.939055,0.939055,0.330558,4.984141,3.514294,-0.330558
member,29109,3,3,1,0.379514,0.684194,0.684194,0.941312,3.778355,1.062515,-0.941312
member,26629,2,0,0,0.908937,0.402952,0.481858,1.177928,2.868168,-0.178831,1.177928
member,17020,8,8,1,0.043471,0.957460,0.957460,0.251897,5.122349,3.981309,-0.251897
member,4614,4,4,1,0.940452,0.390451,0.390451,1.841482,1.877661,0.944114,-1.841482
member,30558,9,9,1,1.096076,0.334180,0.334180,2.002541,1.523744,0.776703,-2.002541
member,428,9,9,1,0.140351,0.869053,0.869053,0.594951,4.326545,2.832880,-0.594951
member,45144,4,4,1,0.919749,0.398619,0.398619,1.816909,2.027262,1.087733,-1.816909
member,36165,9,9,1,0.868268,0.419678,0.419678,1.281331,2.910095,0.002513,-1.281331
member,46191,6,6,1,0.049759,0.951459,0.951459,0.256502,5.778906,3.434637,-0.256502
member,43338,5,5,1,1.044144,0.351993,0.351993,1.799515,1.916805,0.344414,-1.799515
member,21861,1,1,1,0.108079,0.897557,0.897557,0.515450,4.253259,3.301583,-0.515450
member,24211,9,9,1,0.066922,0.935268,0.935268,0.314296,5.112307,3.005709,-0.314296
member,10365,0,0,1,0.236053,0.789739,0.789739,0.883552,3.687439,2.372376,-0.883552
member,39272,3,3,1,1.122636,0.325421,0.325421,1.786353,1.778151,0.026906,-1.786353
member,33412,2,2,1,0.189082,0.827718,0.827718,0.764409,3.899962,2.447815,-0.764409
member,20849,3,3,1,0.573727,0.563421,0.563421,0.951200,3.828288,0.390578,-0.951200
member,16842,4,4,1,0.354721,0.701369,0.701369,0.932505,4.015754,1.218528,-0.932505
member,9998,1,1,1,0.309532,0.733790,0.733790,0.721169,4.675411,1.127008,-0.721169
member,23186,7,7,1,0.006751,0.993272,0.993272,0.050236,7.405812,5.725333,-0.050236
member,7497,8,8,1,0.011511,0.988555,0.988555,0.086353,6.104638,6.118601,-0.086353
member,5459,1,1,1,0.294914,0.744596,0.744596,1.049678,3.263183,2.122140,-1.049678
member,4573,4,4,1,0.701483,0.495849,0.495849,1.686960,2.176825,1.403551,-1.686960
member,8171,6,6,1,0.062905,0.939033,0.939033,0.339103,5.016860,3.732329,-0.339103
member,33839,9,9,1,0.165255,0.847678,0.847678,0.714850,3.843553,2.999480,-0.714850
member,23588,2,2,1,0.531560,0.587687,0.587687,1.165602,3.400894,0.810664,-1.165602
member,41912,2,2,1,0.100490,0.904395,0.904395,0.483776,4.491843,3.268889,-0.483776
member,7294,8,8,1,0.059184,0.942534,0.942534,0.337589,4.640513,3.992855,-0.337589
member,25913,6,6,1,0.589781,0.554448,0.554448,1.271287,2.923374,0.640251,-1.271287
member,16357,2,2,1,1.063619,0.345204,0.345204,1.648058,2.307428,0.374755,-1.648058
member,36329,9,9,1,0.022040,0.978201,0.978201,0.146337,5.488530,4.755822,-0.146337
member,46762,5,5,1,0.740818,0.476724,0.476724,1.521921,2.513625,0.913760,-1.521921
member,13263,9,9,1,0.151051,0.859804,0.859804,0.577627,4.589961,2.216181,-0.577627
member,33510,0,0,1,0.035483,0.965140,0.965140,0.219959,5.184599,4.709130,-0.219959
member,44105,7,7,1,0.023296,0.976973,0.976973,0.139439,6.427227,4.418715,-0.139439
member,11192,3,3,1,0.683702,0.504745,0.504745,1.334104,3.050818,0.684522,-1.334104
member,27638,0,0,1,0.117401,0.889228,0.889228,0.475566,4.862206,2.460881,-0.475566
member,35305,9,9,1,0.619576,0.538173,0.538173,1.450491,2.586786,0.832874,-1.450491
member,17714,7,7,1,0.922090,0.397687,0.397687,1.402393,2.641459,0.007220,-1.402393
member,32663,8,8,1,0.177305,0.837524,0.837524,0.783233,3.530400,3.214638,-0.783233
member,13167,3,3,1,0.539143,0.583248,0.583248,0.853162,4.162461,0.415081,-0.853162
member,25290,0,0,1,0.275888,0.758898,0.758898,0.983310,3.402302,2.194423,-0.983310
member,27401,5,5,1,0.799249,0.449667,0.449667,1.439276,2.616870,0.338324,-1.439276
member,12457,8,0,0,1.344346,0.260710,0.452152,1.646408,1.622588,-0.550609,1.646408
member,2185,1,1,1,0.011663,0.988405,0.988405,0.079965,6.624500,5.028890,-0.079965
member,37087,0,0,1,0.236597,0.789309,0.789309,0.877303,3.684036,2.199044,-0.877303
member,21358,6,6,1,0.188058,0.828567,0.828567,0.688817,4.326586,2.348466,-0.688817
member,40553,4,4,1,0.239262,0.787209,0.787209,0.722318,4.344059,1.593939,-0.722318
member,25253,3,3,1,0.601632,0.547917,0.547917,1.321059,3.169857,0.928176,-1.321059
member,2494,6,6,1,0.025166,0.975148,0.975148,0.157923,5.944654,4.479600,-0.157923
member,11032,5,5,1,0.660799,0.516439,0.516439,1.278994,3.211285,0.724285,-1.278994
member,13611,6,6,1,0.652566,0.520708,0.520708,1.199229,3.420591,0.449250,-1.199229
member,26444,7,7,1,0.109855,0.895964,0.895964,0.451324,5.235918,2.835033,-0.451324
member,41257,1,1,1,0.586994,0.555996,0.555996,1.467608,2.620830,1.139314,-1.467608
member,11762,0,0,1,0.158951,0.853038,0.853038,0.696464,3.857027,3.072304,-0.696464
member,5235,9,9,1,0.098063,0.906592,0.906592,0.499422,4.086818,3.508931,-0.499422
member,5763,6,6,1,0.707691,0.492781,0.492781,1.511404,2.944864,1.003959,-1.511404
member,19732,6,6,1,0.287062,0.750465,0.750465,1.019458,3.444957,2.341092,-1.019458
member,39017,7,2,0,1.620630,0.197774,0.335357,1.777625,1.369580,-0.528070,1.777625
member,36078,7,7,1,0.177826,0.837088,0.837088,0.694297,4.609398,2.735998,-0.694297
member,44767,1,1,1,0.318278,0.727400,0.727400,1.076338,3.132282,1.824480,-1.076338
member,28280,1,1,1,0.019301,0.980884,0.980884,0.105353,7.106263,4.059708,-0.105353
member,46354,3,3,1,0.232892,0.792239,0.792239,0.929526,3.343158,2.961565,-0.929526
member,42758,1,1,1,0.189990,0.826967,0.826967,0.696819,4.084331,2.045879,-0.696819
member,48920,8,2,0,3.202624,0.040655,0.250556,1.913016,-0.323328,-1.818553,1.913016
member,47078,9,9,1,0.644158,0.525104,0.525104,1.346413,2.753371,0.586136,-1.346413
member,18151,5,1,0,1.179294,0.307496,0.409713,1.506689,2.166789,-0.286995,1.506689
member,41440,8,8,1,0.609119,0.543830,0.543830,1.541827,2.596871,1.573900,-1.541827
member,18346,5,5,1,0.765027,0.465321,0.465321,1.727195,2.100498,0.953701,-1.727195
member,21522,0,0,1,0.131253,0.876996,0.876996,0.609263,4.040585,3.061508,-0.609263
member,39092,5,5,1,0.156436,0.855187,0.855187,0.632561,4.395998,2.588491,-0.632561
member,29608,5,2,0,1.882170,0.152259,0.364140,1.715682,1.200622,-0.871954,1.715682
member,19136,4,4,1,0.266905,0.765746,0.765746,0.897208,3.785179,2.039848,-0.897208
member,9384,0,0,1,0.208507,0.811795,0.811795,0.751504,4.080016,2.125358,-0.751504
member,21112,1,1,1,0.626612,0.534400,0.534400,1.274839,2.910583,0.536539,-1.274839
member,43030,4,4,1,0.200777,0.818095,0.818095,0.639609,4.663223,1.758205,-0.639609
member,16158,1,1,1,0.434183,0.647794,0.647794,1.385397,2.620530,2.215906,-1.385397
member,24592,0,0,1,0.274379,0.760044,0.760044,0.968735,3.395331,1.925536,-0.968735
member,27461,4,4,1,0.426635,0.652702,0.652702,1.220186,3.163357,1.578468,-1.220186
member,10166,4,4,1,1.305506,0.271035,0.271035,2.005306,1.348624,0.433951,-2.005306
member,34915,7,7,1,0.001123,0.998878,0.998878,0.010634,8.653992,7.696755,-0.010634
member,34137,8,8,1,0.018713,0.981461,0.981461,0.128465,5.751743,5.002684,-0.128465
member,31230,2,0,0,1.432789,0.238642,0.681319,0.961647,2.589628,-1.049065,0.961647
member,44957,3,3,1,0.179178,0.835957,0.835957,0.542621,5.013397,1.750715,-0.542621
member,3030,4,4,1,0.584231,0.557534,0.557534,1.434696,2.709531,1.272115,-1.434696
member,29206,7,7,1,0.404700,0.667177,0.667177,1.168542,3.393853,1.695776,-1.168542
member,31460,3,3,1,0.213192,0.808001,0.808001,0.823148,3.758886,2.478497,-0.823148
member,40776,5,5,1,0.471269,0.624210,0.624210,0.966703,3.791641,0.719726,-0.966703
member,43705,8,8,1,0.020469,0.979739,0.979739,0.116322,6.627070,4.083932,-0.116322
member,28614,4,4,1,0.191134,0.826022,0.826022,0.766751,3.822734,2.470676,-0.766751
member,30870,4,4,1,0.613642,0.541375,0.541375,1.432668,2.650383,0.894563,-1.432668
member,9068,8,8,1,0.313284,0.731042,0.731042,1.071358,3.171504,1.922320,-1.071358
member,22921,9,9,1,0.385572,0.680061,0.680061,1.233708,2.938573,1.880722,-1.233708
member,36211,3,5,0,1.008455,0.364782,0.616522,0.774684,4.215231,-0.524793,0.774684
member,30420,9,9,1,0.158426,0.853486,0.853486,0.671619,3.849664,2.544645,-0.671619
member,3227,6,6,1,0.030335,0.970121,0.970121,0.170362,6.410412,4.093712,-0.170362
member,44489,6,6,1,0.658477,0.517639,0.517639,1.063935,3.590773,0.267824,-1.063935
member,25419,0,2,0,1.448292,0.234971,0.279178,1.889778,1.429710,-0.172385,1.889778
member,32343,7,7,1,0.125441,0.882108,0.882108,0.551078,4.576340,2.810748,-0.551078
member,30372,5,5,1,0.061801,0.940070,0.940070,0.340172,4.738425,3.986679,-0.340172
member,18379,8,8,1,0.041957,0.958911,0.958911,0.237049,5.284590,3.775959,-0.237049
member,35715,3,3,1,0.654885,0.519502,0.519502,1.634229,2.325654,1.418996,-1.634229
member,43931,7,7,1,0.072277,0.930274,0.930274,0.359952,4.908867,3.189983,-0.359952
member,5707,2,2,1,0.216545,0.805297,0.805297,0.638648,4.648746,1.599798,-0.638648
member,49577,5,3,0,1.852052,0.156915,0.671661,1.075561,2.326039,-1.454051,1.075561
member,26772,4,4,1,0.267092,0.765603,0.765603,0.987307,3.362231,2.247292,-0.987307
member,37654,6,6,1,0.065552,0.936550,0.936550,0.336864,5.278088,3.490180,-0.336864
member,385,9,9,1,0.149508,0.861132,0.861132,0.623398,4.162701,2.736722,-0.623398
member,39190,6,6,1,0.041901,0.958964,0.958964,0.242146,5.535799,4.339339,-0.242146
member,3375,0,8,0,1.388949,0.249337,0.496187,1.535643,1.621983,-0.688146,1.535643
member,29724,0,0,1,0.410878,0.663068,0.663068,1.316843,2.827540,2.077491,-1.316843
member,18892,8,8,1,0.412358,0.662087,0.662087,1.261166,2.909770,1.819578,-1.261166
member,30061,4,7,0,1.227287,0.293087,0.503806,1.272444,2.598986,-0.541722,1.272444
member,3863,3,3,1,0.842536,0.430617,0.430617,1.475728,2.996281,0.643397,-1.475728
member,43115,5,5,1,0.305791,0.736541,0.736541,0.727875,4.494173,1.150387,-0.727875
member,7209,2,2,1,0.582670,0.558405,0.558405,1.319058,2.854865,0.775438,-1.319058
member,3366,1,1,1,0.257486,0.772993,0.772993,0.951019,3.416830,2.121530,-0.951019
member,14441,0,0,1,0.188484,0.828214,0.828214,0.726886,4.151960,2.629714,-0.726886
member,15970,7,7,1,0.916942,0.399740,0.399740,1.564544,2.303051,0.490717,-1.564544
member,45342,2,2,1,0.301486,0.739718,0.739718,0.920239,3.994450,1.814081,-0.920239
member,6075,0,0,1,0.061939,0.939940,0.939940,0.315104,5.242501,3.408247,-0.315104
member,32810,9,9,1,0.205614,0.814147,0.814147,0.807424,3.664115,2.380459,-0.807424
member,47848,3,3,1,0.546285,0.579097,0.579097,1.180691,3.146670,0.665142,-1.180691
member,38201,7,7,1,0.002960,0.997044,0.997044,0.025083,7.865498,6.709680,-0.025083
member,32661,0,0,1,0.013336,0.986753,0.986753,0.092618,6.323998,4.991014,-0.092618
member,2095,5,5,1,0.005283,0.994731,0.994731,0.037406,7.988595,5.458952,-0.037406
member,28780,1,1,1,0.046229,0.954823,0.954823,0.266961,5.072447,4.257954,-0.266961
member,42962,7,7,1,0.022273,0.977974,0.977974,0.143052,6.064272,4.842669,-0.143052
member,31465,6,2,0,1.369239,0.254300,0.354288,1.765986,1.669530,-0.331594,1.765986
member,3758,3,3,1,0.124548,0.882896,0.882896,0.432694,5.477881,2.160635,-0.432694
member,30136,1,1,1,0.530033,0.588586,0.588586,1.417705,2.746661,1.607095,-1.417705
member,13342,9,9,1,0.288620,0.749297,0.749297,1.071942,3.098652,2.643069,-1.071942
member,37833,9,9,1,0.315131,0.729693,0.729693,0.965196,3.451049,1.513670,-0.965196
member,16918,0,8,0,0.972190,0.378254,0.384843,1.306187,2.978209,-0.017270,1.306187
member,26792,2,2,1,1.130485,0.322877,0.322877,1.847190,1.839000,0.566420,-1.847190
member,28791,0,0,1,0.242457,0.784698,0.784698,0.912291,3.498111,2.280231,-0.912291
member,46385,6,6,1,0.963005,0.381744,0.381744,1.662274,1.997340,0.216161,-1.662274
member,47794,7,7,1,0.076463,0.926387,0.926387,0.413885,4.458995,4.231283,-0.413885
member,13674,8,8,1,0.008491,0.991544,0.991544,0.062280,6.794273,5.404001,-0.062280
member,19393,7,7,1,0.350956,0.704015,0.704015,1.149560,3.224998,1.981518,-1.149560
member,16765,1,1,1,0.044201,0.956762,0.956762,0.241449,5.497169,3.869802,-0.241449
member,11313,2,2,1,0.585535,0.556808,0.556808,1.500443,2.642164,1.406041,-1.500443
member,46456,7,7,1,0.190599,0.826464,0.826464,0.698494,4.555359,2.288623,-0.698494
member,22608,0,0,1,0.214739,0.806752,0.806752,0.819341,3.776134,2.407826,-0.819341
member,8920,1,1,1,0.344062,0.708885,0.708885,1.209023,2.848625,2.503561,-1.209023
member,1281,3,3,1,0.940736,0.390340,0.390340,1.685654,2.141711,0.578726,-1.685654
member,46449,8,8,1,0.296871,0.743140,0.743140,1.037309,3.298494,2.025594,-1.037309
member,33863,4,4,1,0.627887,0.533718,0.533718,1.386387,2.782098,1.011514,-1.386387
member,9064,0,0,1,0.119855,0.887049,0.887049,0.463684,5.030402,2.343683,-0.463684
member,39821,2,2,1,0.256042,0.774109,0.774109,0.829407,3.893932,1.688794,-0.829407
member,23077,0,0,1,0.048521,0.952637,0.952637,0.283263,4.936198,4.170248,-0.283263
member,24065,3,3,1,1.060494,0.346285,0.346285,1.621897,2.104390,0.189166,-1.621897
member,914,6,6,1,0.029643,0.970792,0.970792,0.185478,5.720130,4.593202,-0.185478
member,22125,3,3,1,0.260382,0.770757,0.770757,0.975285,3.419286,2.529693,-0.975285
member,23364,7,7,1,0.833598,0.434483,0.434483,1.601196,2.383578,0.711347,-1.601196
member,31431,4,4,1,1.105772,0.330955,0.330955,1.982808,1.505333,0.521793,-1.982808
member,26749,7,7,1,0.056475,0.945090,0.945090,0.305506,5.036867,3.646198,-0.305506
member,33779,3,3,1,0.269687,0.763619,0.763619,0.672859,5.072935,1.291661,-0.672859
member,41927,4,4,1,0.716814,0.488305,0.488305,1.253168,2.979979,0.282865,-1.253168
member,17471,1,1,1,0.586418,0.556316,0.556316,1.508212,2.442590,1.099144,-1.508212
member,19315,4,4,1,0.705282,0.493969,0.493969,1.620602,2.291364,0.980249,-1.620602
member,44428,6,6,1,0.173776,0.840485,0.840485,0.650087,4.264524,2.110558,-0.650087
member,32656,5,6,0,1.376515,0.252457,0.344969,1.519582,2.327081,-0.312214,1.519582
member,36917,3,3,1,0.128520,0.879396,0.879396,0.474382,5.180265,2.261600,-0.474382
member,898,7,7,1,0.090889,0.913119,0.913119,0.439368,4.751506,3.225066,-0.439368
member,23558,2,2,1,0.866926,0.420242,0.420242,1.527056,2.408024,0.261370,-1.527056
member,46237,1,1,1,0.056594,0.944978,0.944978,0.284204,5.425889,3.607216,-0.284204
member,40170,6,6,1,0.820714,0.440117,0.440117,1.300964,2.813608,0.088477,-1.300964
member,23307,8,8,1,0.023923,0.976361,0.976361,0.155267,5.664889,4.741783,-0.155267
member,17628,8,0,0,0.971165,0.378642,0.440890,1.297853,2.884714,-0.152205,1.297853
member,17518,5,4,0,1.760764,0.171913,0.354953,1.770083,1.301359,-0.724994,1.770083
member,971,8,8,1,0.081239,0.921973,0.921973,0.412180,4.545527,3.320853,-0.412180
member,35852,9,9,1,0.139775,0.869554,0.869554,0.499849,5.106556,2.125931,-0.499849
member,12130,0,0,1,0.072510,0.930057,0.930057,0.379412,4.728314,3.497310,-0.379412
member,11461,8,8,1,0.090775,0.913223,0.913223,0.424784,4.884664,3.302563,-0.424784
member,18694,0,0,1,0.069077,0.933254,0.933254,0.346879,5.062618,3.250503,-0.346879
member,44135,7,4,0,1.496152,0.223990,0.488935,1.416207,2.008889,-0.780626,1.416207
member,11048,6,4,0,1.642592,0.193478,0.691324,1.038503,2.145537,-1.273446,1.038503
member,18126,6,6,1,0.133136,0.875346,0.875346,0.611877,4.021028,3.201507,-0.611877
member,6526,6,6,1,0.083909,0.919515,0.919515,0.438995,4.401837,3.681219,-0.438995
member,35962,7,7,1,0.876340,0.416304,0.416304,1.530607,2.591002,0.548832,-1.530607
member,2132,3,3,1,0.671992,0.510690,0.510690,1.609789,2.336492,1.192539,-1.609789
member,32290,0,0,1,0.361628,0.696542,0.696542,1.129069,3.254386,1.675169,-1.129069
member,11224,0,0,1,0.334363,0.715794,0.715794,1.063264,3.366541,1.910995,-1.063264
member,49690,4,4,1,0.062532,0.939383,0.939383,0.308607,5.387299,3.240175,-0.308607
member,2372,2,2,1,0.523546,0.592416,0.592416,1.442682,2.645588,1.438354,-1.442682
member,18999,0,0,1,0.440858,0.643484,0.643484,1.092096,3.469049,1.025310,-1.092096
member,6484,2,2,1,0.273679,0.760576,0.760576,0.968022,3.433232,2.072584,-0.968022
member,18253,8,8,1,0.118335,0.888399,0.888399,0.554478,4.216933,3.189501,-0.554478
member,38923,4,4,1,0.303538,0.738202,0.738202,1.078886,3.247765,2.237105,-1.078886
member,8615,7,7,1,1.188874,0.304564,0.304564,1.776681,2.083074,0.278797,-1.776681
member,28322,6,4,0,1.037836,0.354220,0.404320,1.507758,2.235238,-0.132288,1.507758
member,36523,4,4,1,0.259773,0.771227,0.771227,0.984832,3.281912,2.297364,-0.984832
member,8578,0,0,1,0.135415,0.873354,0.873354,0.624599,4.033383,3.230750,-0.624599
member,42513,5,3,0,1.320561,0.266985,0.468775,1.324536,2.567602,-0.562929,1.324536
member,8020,5,5,1,0.400041,0.670293,0.670293,0.779454,4.466783,0.795181,-0.779454
member,47344,4,4,1,0.037868,0.962840,0.962840,0.213888,5.614629,4.006071,-0.213888
member,39100,3,7,0,2.117598,0.120320,0.191016,2.202165,0.314872,-0.462200,2.202165
member,38366,5,5,1,0.504682,0.603697,0.603697,1.365378,2.878091,1.370315,-1.365378
member,1012,0,0,1,0.441796,0.642881,0.642881,1.162119,3.400930,1.431326,-1.162119
member,2247,2,2,1,0.707055,0.493094,0.493094,1.064083,3.362600,0.144177,-1.064083
member,21317,7,7,1,0.234232,0.791179,0.791179,0.845344,3.883690,2.371512,-0.845344
member,44842,2,2,1,0.754868,0.470073,0.470073,1.451196,2.607246,0.623088,-1.451196
member,33283,5,5,1,0.991181,0.371138,0.371138,1.764679,1.976350,0.449261,-1.764679
member,37638,6,6,1,0.010147,0.989904,0.989904,0.075864,6.540325,5.985838,-0.075864
member,41586,1,1,1,0.121487,0.885602,0.885602,0.527614,4.578728,2.856982,-0.527614
member,49128,0,0,1,0.062432,0.939477,0.939477,0.300989,5.836946,3.464721,-0.300989
member,48362,5,5,1,0.089053,0.914797,0.914797,0.350716,5.480701,2.533575,-0.350716
member,44019,1,1,1,0.365492,0.693856,0.693856,1.050273,3.438270,1.373272,-1.050273
member,20495,5,5,1,0.418881,0.657782,0.657782,1.234708,3.015211,1.430624,-1.234708
member,5567,1,1,1,0.129542,0.878498,0.878498,0.485582,4.851660,2.245204,-0.485582
member,11832,8,8,1,0.097080,0.907484,0.907484,0.470383,4.496086,3.436910,-0.470383
member,38330,1,1,1,0.587820,0.555537,0.555537,1.196882,3.145741,0.597028,-1.196882
member,32211,7,7,1,0.477980,0.620034,0.620034,1.043396,3.547627,0.764837,-1.043396
member,25615,0,0,1,0.048083,0.953055,0.953055,0.234010,5.889113,3.272397,-0.234010
member,44931,5,3,0,1.159339,0.313693,0.373962,1.692236,1.848696,-0.175738,1.692236
member,231,6,6,1,0.330582,0.718506,0.718506,1.058652,3.442928,2.037603,-1.058652
member,38514,1,1,1,0.029754,0.970684,0.970684,0.186222,5.567502,4.652525,-0.186222
member,41663,1,1,1,0.024929,0.975380,0.975380,0.154459,5.899229,4.614118,-0.154459
member,5977,8,8,1,0.408344,0.664750,0.664750,1.337803,2.701404,2.426659,-1.337803
member,6648,2,2,1,0.224044,0.799280,0.799280,0.886767,3.566698,2.884745,-0.886767
member,40879,6,6,1,0.225213,0.798346,0.798346,0.865680,3.663694,2.411311,-0.865680
member,37518,6,6,1,0.308135,0.734816,0.734816,0.944731,3.716498,1.607893,-0.944731
member,17609,1,1,1,0.032579,0.967946,0.967946,0.183995,6.021406,3.998550,-0.183995
member,28059,1,1,1,0.326265,0.721614,0.721614,0.981219,3.522129,1.447470,-0.981219
member,12257,0,0,1,0.179755,0.835475,0.835475,0.717294,4.022396,2.571304,-0.717294
member,23745,6,6,1,0.084571,0.918906,0.918906,0.415447,4.785891,3.354755,-0.415447
member,21356,5,5,1,0.269505,0.763757,0.763757,0.856780,3.991370,1.788333,-0.856780
member,2893,6,6,1,0.064468,0.937566,0.937566,0.349822,4.843754,3.822768,-0.349822
member,24414,8,8,1,0.008541,0.991496,0.991496,0.064702,6.674346,5.871547,-0.064702
member,14229,2,2,1,0.397862,0.671755,0.671755,0.977681,4.102162,1.154677,-0.977681
member,23399,8,8,1,0.147291,0.863043,0.863043,0.630550,4.093180,2.581232,-0.630550
member,2638,6,6,1,0.252008,0.777238,0.777238,0.892007,3.796613,2.103103,-0.892007
member,47261,5,5,1,0.753522,0.470706,0.470706,1.385581,2.679449,0.327163,-1.385581
member,10151,0,0,1,0.030376,0.970081,0.970081,0.197231,5.234818,5.108028,-0.197231
member,45310,3,3,1,0.183023,0.832749,0.832749,0.698459,4.411348,2.380077,-0.698459
member,14417,1,1,1,0.066296,0.935853,0.935853,0.257004,6.594543,2.731580,-0.257004
member,39356,4,4,1,0.196119,0.821914,0.821914,0.758548,3.955945,2.536155,-0.758548
member,30250,4,4,1,0.503277,0.604547,0.604547,1.327756,2.981517,1.254508,-1.327756
member,28592,3,3,1,0.830693,0.435747,0.435747,1.743320,2.182014,1.069865,-1.743320
member,48388,2,2,1,0.502691,0.604901,0.604901,1.112374,3.770166,1.032887,-1.112374
member,21210,2,2,1,0.379988,0.683869,0.683869,1.208233,3.234409,2.112964,-1.208233
member,42732,6,6,1,0.128239,0.879643,0.879643,0.495195,5.058461,2.390427,-0.495195
member,10970,4,4,1,0.299852,0.740928,0.740928,1.030414,3.413932,2.169195,-1.030414
member,31537,8,1,0,0.991674,0.370955,0.580951,0.927207,3.283433,-0.448584,0.927207
member,26533,7,7,1,0.112622,0.893489,0.893489,0.397817,5.854420,2.250936,-0.397817
member,29311,1,1,1,0.660990,0.516340,0.516340,1.489986,2.533035,0.869314,-1.489986
member,36835,2,2,1,0.114229,0.892053,0.892053,0.533735,4.394067,3.106628,-0.533735
member,5931,4,4,1,0.853368,0.425978,0.425978,1.885934,1.829724,1.128474,-1.885934
member,3804,6,6,1,0.139584,0.869720,0.869720,0.638536,3.983922,3.222122,-0.638536
member,30202,6,6,1,0.436694,0.646169,0.646169,1.228825,3.124857,1.373469,-1.228825
member,33211,3,3,1,0.422807,0.655205,0.655205,1.248751,2.994086,1.646489,-1.248751
member,48169,2,2,1,0.275802,0.758963,0.758963,1.039991,3.231389,2.551804,-1.039991
member,2980,7,7,1,1.047453,0.350830,0.350830,1.791290,1.948671,0.442688,-1.791290
member,16785,0,0,1,0.026014,0.974321,0.974321,0.142710,6.614546,3.914655,-0.142710
member,25497,7,7,1,0.073047,0.929557,0.929557,0.374695,4.859419,3.441697,-0.374695
member,3737,9,9,1,0.186133,0.830163,0.830163,0.727851,4.094502,2.370626,-0.727851
member,31466,6,6,1,0.267188,0.765529,0.765529,0.969094,3.429935,2.049015,-0.969094
member,21680,9,9,1,0.066055,0.936079,0.936079,0.342428,4.884676,3.439221,-0.342428
member,47029,5,3,0,1.020421,0.360443,0.505144,1.221570,2.720548,-0.337510,1.221570
member,20992,7,7,1,0.874110,0.417233,0.417233,1.812388,1.946814,1.048455,-1.812388
member,23409,3,3,1,0.168063,0.845301,0.845301,0.573758,4.875568,1.965401,-0.573758
member,4377,6,6,1,0.032096,0.968414,0.968414,0.194462,5.712766,4.364513,-0.194462
member,24847,3,3,1,0.608430,0.544205,0.544205,1.474804,2.638044,1.118426,-1.474804
member,45655,1,1,1,0.310036,0.733420,0.733420,0.976000,3.569529,1.683674,-0.976000
member,42860,1,1,1,0.088283,0.915501,0.915501,0.444806,4.457596,3.329656,-0.444806
member,43941,7,7,1,0.880010,0.414779,0.414779,1.634325,2.513940,0.723649,-1.634325
member,3095,6,6,1,0.280489,0.755414,0.755414,0.983112,3.389187,2.020608,-0.983112
member,36267,8,8,1,0.045579,0.955444,0.955444,0.265715,5.055473,4.045189,-0.265715
member,14277,8,8,1,0.189588,0.827300,0.827300,0.774516,3.803835,2.688524,-0.774516
member,11591,8,8,1,0.341958,0.710378,0.710378,0.807443,4.241115,1.060903,-0.807443
member,44475,1,1,1,0.159492,0.852577,0.852577,0.611433,4.363887,2.253519,-0.611433
member,46565,5,5,1,0.361028,0.696959,0.696959,1.063187,3.436383,1.437844,-1.063187
member,43710,1,1,1,0.105974,0.899448,0.899448,0.471027,4.612845,2.735522,-0.471027
member,38691,1,1,1,0.045427,0.955589,0.955589,0.259861,5.244964,4.157386,-0.259861
member,27024,1,1,1,0.195327,0.822565,0.822565,0.784660,3.722106,2.442067,-0.784660
member,38844,6,6,1,0.113560,0.892650,0.892650,0.450116,4.911666,2.387775,-0.450116
member,30141,0,0,1,0.069807,0.932574,0.932574,0.361321,4.834363,3.601360,-0.361321
member,8394,9,9,1,0.007664,0.992365,0.992365,0.059498,6.619766,6.144481,-0.059498
member,4605,6,6,1,0.034846,0.965754,0.965754,0.211074,5.531642,4.677780,-0.211074
member,33051,2,2,1,0.967531,0.380020,0.380020,1.343465,2.921246,0.004997,-1.343465
member,35009,3,3,1,0.397927,0.671711,0.671711,1.073189,3.451028,1.294555,-1.073189
member,16695,2,2,1,1.183750,0.306129,0.306129,1.877125,1.614116,0.210169,-1.877125
member,24587,0,0,1,0.024200,0.976090,0.976090,0.162098,5.515003,5.406371,-0.162098
member,18983,5,3,0,1.122938,0.325322,0.601926,0.995598,3.037849,-0.615317,0.995598
member,5715,2,2,1,0.758069,0.468570,0.468570,1.616532,2.338460,0.880786,-1.616532
member,34075,6,1,0,1.293355,0.274349,0.445672,1.578300,1.803338,-0.485183,1.578300
member,41051,1,1,1,0.057483,0.944138,0.944138,0.320964,4.793999,3.800790,-0.320964
member,22739,7,7,1,0.032827,0.967706,0.967706,0.194532,5.642030,4.096132,-0.194532
member,32476,9,1,0,1.688776,0.184746,0.476602,1.517489,1.580890,-0.947702,1.517489
member,42198,3,3,1,1.117041,0.327247,0.327247,1.638456,2.057017,0.220993,-1.638456
member,23865,8,8,1,0.330521,0.718549,0.718549,1.077197,3.193185,1.755210,-1.077197
member,48815,7,7,1,0.644088,0.525141,0.525141,1.332617,2.976972,0.619728,-1.332617
member,42084,3,6,0,1.443510,0.236098,0.562886,1.347133,1.952081,-0.868832,1.347133
member,1876,6,6,1,0.105202,0.900142,0.900142,0.477266,4.842487,2.920738,-0.477266
member,7789,3,3,1,0.125426,0.882121,0.882121,0.514998,4.884210,2.742707,-0.514998
member,4305,4,4,1,0.435593,0.646881,0.646881,1.305167,2.885830,1.709569,-1.305167
member,625,6,6,1,0.134127,0.874479,0.874479,0.517536,4.737456,2.268398,-0.517536
member,39755,7,7,1,0.227429,0.796579,0.796579,0.903587,3.539052,2.799716,-0.903587
member,15000,0,0,1,0.104970,0.900351,0.900351,0.515309,4.247548,3.397113,-0.515309
member,15644,7,7,1,0.724814,0.484415,0.484415,1.526136,2.707690,1.104882,-1.526136
member,30602,2,2,1,0.101754,0.903252,0.903252,0.500178,4.349799,3.598734,-0.500178
member,29897,2,0,0,2.376769,0.092850,0.382621,1.876005,0.407195,-1.416058,1.876005
member,34419,8,8,1,0.912261,0.401615,0.401615,1.704490,2.014761,0.376809,-1.704490
member,41100,4,4,1,0.476084,0.621212,0.621212,1.075626,3.365074,0.811350,-1.075626
member,14032,3,3,1,0.439894,0.644105,0.644105,1.383914,2.740470,2.236896,-1.383914
member,19140,3,3,1,0.719414,0.487037,0.487037,1.442125,2.598985,0.503310,-1.442125
member,35630,4,5,0,1.304292,0.271365,0.411982,1.469066,2.427098,-0.417516,1.469066
member,48654,9,9,1,0.248375,0.780068,0.780068,0.776119,4.399577,1.718481,-0.776119
member,35022,2,7,0,1.661070,0.189936,0.464057,1.498803,1.915392,-0.893322,1.498803
member,46126,6,6,1,0.774085,0.461125,0.461125,1.428960,2.590189,0.345993,-1.428960
member,5610,3,3,1,0.137013,0.871959,0.871959,0.587634,4.392527,2.794894,-0.587634
member,39231,7,7,1,1.037928,0.354188,0.354188,1.764406,1.999871,0.302662,-1.764406
member,10644,1,1,1,0.170869,0.842932,0.842932,0.667315,4.350389,2.547874,-0.667315
member,49988,5,3,0,2.706715,0.066756,0.173096,2.205808,-0.290457,-0.952805,2.205808
member,19371,0,0,1,0.467638,0.626480,0.626480,1.128363,3.880457,1.241787,-1.128363
member,35075,2,2,1,0.273651,0.760597,0.760597,0.856781,3.841592,1.566523,-0.856781
member,45171,7,7,1,0.033793,0.966772,0.966772,0.198518,5.626957,4.036751,-0.198518
member,4384,4,4,1,0.364040,0.694863,0.694863,1.092801,3.331071,1.531496,-1.092801
member,14458,9,9,1,0.324627,0.722797,0.722797,1.145864,3.058678,2.299482,-1.145864
member,16476,8,8,1,0.052905,0.948470,0.948470,0.285762,5.105747,3.571499,-0.285762
member,12761,0,0,1,0.239470,0.787045,0.787045,0.813643,4.308033,2.128167,-0.813643
member,24554,8,8,1,0.164992,0.847901,0.847901,0.559893,4.685749,1.939029,-0.559893
member,20453,1,1,1,1.061112,0.346071,0.346071,1.771060,1.813383,0.155277,-1.771060
member,480,9,9,1,0.207821,0.812353,0.812353,0.862137,3.529755,2.958718,-0.862137
member,37868,5,5,1,0.018981,0.981198,0.981198,0.116751,6.603295,4.441566,-0.116751
member,42001,5,5,1,0.923291,0.397209,0.397209,1.843442,1.819607,0.680743,-1.843442
member,42703,9,9,1,0.256393,0.773838,0.773838,0.980363,3.216663,2.485936,-0.980363
member,38465,4,4,1,0.752956,0.470972,0.470972,1.768646,2.082278,1.175810,-1.768646
member,12980,7,7,1,0.353460,0.702254,0.702254,0.970055,3.694758,1.258532,-0.970055
member,9733,2,2,1,0.252633,0.776753,0.776753,0.905398,3.581662,2.006191,-0.905398
member,26182,8,8,1,0.020198,0.980004,0.980004,0.137022,5.694671,5.273985,-0.137022
member,28680,2,2,1,0.965556,0.380772,0.380772,1.498571,2.422648,0.054181,-1.498571
member,15189,2,2,1,0.027147,0.973218,0.973218,0.170512,5.809027,4.526925,-0.170512
member,45946,1,1,1,0.238850,0.787533,0.787533,0.903774,3.509614,2.334923,-0.903774
member,36079,6,6,1,0.452845,0.635817,0.635817,1.232623,3.147335,1.516889,-1.232623
member,31255,5,5,1,0.513492,0.598402,0.598402,1.366599,2.777616,1.299650,-1.366599
member,47126,4,4,1,0.078144,0.924831,0.924831,0.359328,5.341380,3.251909,-0.359328
member,26492,6,6,1,0.343544,0.709252,0.709252,1.096572,3.392926,2.064754,-1.096572
member,47922,4,4,1,0.219997,0.802522,0.802522,0.907809,3.337106,2.976648,-0.907809
member,7327,0,0,1,0.156005,0.855555,0.855555,0.606426,4.275512,2.225049,-0.606426
member,273,9,9,1,0.084379,0.919083,0.919083,0.433767,4.504596,3.497611,-0.433767
member,29650,2,2,1,0.073383,0.929245,0.929245,0.378058,5.018203,3.651926,-0.378058
member,32906,5,5,1,0.113866,0.892377,0.892377,0.423195,5.177970,2.293714,-0.423195
member,15039,6,2,0,1.983262,0.137620,0.454001,1.774708,0.888584,-1.193606,1.774708
member,23848,0,0,1,0.378979,0.684560,0.684560,1.086379,3.336144,1.340607,-1.086379
member,32853,6,6,1,0.555884,0.573565,0.573565,1.328603,3.093967,1.052205,-1.328603
member,15108,3,3,1,0.110184,0.895669,0.895669,0.497580,4.756152,3.168293,-0.497580
member,16159,8,8,1,0.038420,0.962308,0.962308,0.237135,5.150419,4.899816,-0.237135
member,42474,3,3,1,0.433514,0.648227,0.648227,1.326640,2.810305,1.657289,-1.326640
member,2174,3,3,1,0.288708,0.749231,0.749231,0.723941,4.739581,1.249989,-0.723941
member,43098,1,1,1,0.206260,0.813621,0.813621,0.819899,3.735984,2.624024,-0.819899
member,26677,9,9,1,0.004960,0.995053,0.995053,0.038585,7.345988,5.978755,-0.038585
member,20124,0,0,1,0.191308,0.825878,0.825878,0.826788,3.608104,3.339753,-0.826788
member,46574,9,9,1,0.331335,0.717964,0.717964,1.173862,2.961997,2.385234,-1.173862
member,38341,0,0,1,0.033891,0.966676,0.966676,0.213103,5.247540,4.940498,-0.213103
member,31063,2,2,1,0.785560,0.455865,0.455865,1.625436,2.343614,0.750640,-1.625436
member,4351,2,2,1,0.650336,0.521871,0.521871,1.660470,2.193485,1.627443,-1.660470
member,15298,3,3,1,0.808833,0.445377,0.445377,1.552721,2.433050,0.415029,-1.552721
member,758,4,4,1,0.508608,0.601332,0.601332,1.111808,3.725025,0.857040,-1.111808
member,25812,3,3,1,1.016434,0.361883,0.361883,1.638834,2.180030,0.076800,-1.638834
member,23972,0,0,1,0.020890,0.979326,0.979326,0.142060,5.678405,5.210126,-0.142060
member,22140,9,9,1,0.145218,0.864834,0.864834,0.651166,3.994792,3.280378,-0.651166
member,7514,8,8,1,0.104276,0.900977,0.900977,0.525290,4.144803,3.717216,-0.525290
member,1818,2,2,1,0.550601,0.576603,0.576603,1.183492,3.313774,0.728729,-1.183492
member,13819,2,2,1,0.131079,0.877149,0.877149,0.597940,4.128505,3.102303,-0.597940
member,46525,5,5,1,0.188582,0.828133,0.828133,0.675722,4.460273,2.341685,-0.675722
member,42047,9,8,0,1.041926,0.352775,0.378079,1.607791,2.023109,-0.069273,1.607791
member,27011,9,9,1,0.267056,0.765630,0.765630,0.848675,3.897598,1.635402,-0.848675
member,47047,6,6,1,0.071155,0.931317,0.931317,0.383335,4.621017,3.773370,-0.383335
member,14363,7,7,1,0.045326,0.955686,0.955686,0.231438,5.883078,3.452476,-0.231438
member,13904,9,9,1,1.081280,0.339161,0.339161,1.843232,1.673991,0.174581,-1.843232
member,36895,7,7,1,0.836329,0.433298,0.433298,1.517041,2.552869,0.452463,-1.517041
member,38797,8,8,1,0.205961,0.813865,0.813865,0.660712,4.515905,1.748316,-0.660712
member,44981,8,8,1,0.029816,0.970624,0.970624,0.183490,5.527643,4.342855,-0.183490
member,32836,8,8,1,0.078757,0.924265,0.924265,0.398605,4.669166,3.312103,-0.398605
member,44958,7,7,1,0.924918,0.396564,0.396564,1.637832,2.142895,0.278685,-1.637832
member,29502,3,3,1,0.582312,0.558606,0.558606,1.308364,3.111121,0.838674,-1.308364
member,34118,1,1,1,0.038051,0.962664,0.962664,0.224122,5.319656,4.250291,-0.224122
member,25430,6,6,1,0.196312,0.821756,0.821756,0.549848,5.363245,1.623873,-0.549848
member,25376,3,5,0,1.598122,0.202276,0.411815,1.634962,1.507136,-0.710940,1.634962
member,48786,5,7,0,1.290187,0.275219,0.336011,1.742180,1.677062,-0.199576,1.742180
member,40184,1,1,1,0.033845,0.966721,0.966721,0.202446,5.459634,4.144966,-0.202446
member,17593,1,1,1,0.005951,0.994066,0.994066,0.046453,7.155391,5.969711,-0.046453
member,22678,7,7,1,0.044512,0.956464,0.956464,0.249799,5.297753,3.799742,-0.249799
member,15239,8,8,1,0.159644,0.852448,0.852448,0.696679,3.814211,2.712268,-0.696679
member,8404,4,7,0,1.094905,0.334572,0.376841,1.567599,2.068546,-0.118972,1.567599
member,11396,5,5,1,0.712932,0.490205,0.490205,1.417651,2.771736,0.556552,-1.417651
member,38654,3,3,1,0.436020,0.646605,0.646605,1.062097,3.699576,1.019925,-1.062097
member,20500,8,8,1,0.249249,0.779386,0.779386,0.887955,3.764839,2.172307,-0.887955
member,17066,8,8,1,0.098902,0.905831,0.905831,0.498287,4.223604,3.627810,-0.498287
member,48545,2,2,1,0.793139,0.452422,0.452422,1.709550,2.238929,0.778079,-1.709550
member,7801,0,0,1,0.031121,0.969358,0.969358,0.198481,5.310783,4.736747,-0.198481
member,44527,8,8,1,0.042600,0.958295,0.958295,0.210406,5.944996,3.356759,-0.210406
member,46621,5,5,1,0.165882,0.847147,0.847147,0.595920,4.675258,2.154924,-0.595920
member,12230,0,0,1,0.153457,0.857738,0.857738,0.696849,3.715839,3.224165,-0.696849
member,26506,9,9,1,0.149974,0.860730,0.860730,0.699464,3.687392,3.588697,-0.699464
member,40432,0,0,1,0.407473,0.665330,0.665330,1.321025,2.704414,2.096717,-1.321025
member,41026,1,1,1,0.391185,0.676255,0.676255,1.206509,3.118333,1.865050,-1.206509
member,5266,0,0,1,0.213096,0.808079,0.808079,0.711807,4.173466,1.803711,-0.711807
member,35759,3,3,1,0.560205,0.571092,0.571092,1.306623,2.847866,0.827031,-1.306623
member,43567,4,4,1,1.195259,0.302625,0.302625,1.911279,1.500831,0.271827,-1.911279
member,351,6,6,1,0.066098,0.936039,0.936039,0.293521,5.697532,2.917711,-0.293521
member,5011,9,9,1,0.066306,0.935844,0.935844,0.350527,4.825324,3.678216,-0.350527
member,6576,8,8,1,0.238745,0.787616,0.787616,0.738870,4.249568,1.609013,-0.738870
member,3222,3,3,1,0.401733,0.669160,0.669160,1.084251,3.454911,1.222265,-1.084251
member,1576,2,2,1,0.733153,0.480392,0.480392,1.549470,2.357068,0.572621,-1.549470
member,3661,1,1,1,0.007459,0.992569,0.992569,0.056819,6.750834,5.996854,-0.056819
member,15044,0,0,1,0.084218,0.919230,0.919230,0.450540,4.290993,4.174919,-0.450540
member,16234,9,9,1,0.030364,0.970092,0.970092,0.192011,5.275179,4.820508,-0.192011
member,40296,1,1,1,0.084185,0.919261,0.919261,0.436866,4.414738,3.856132,-0.436866
member,17546,4,6,0,1.091097,0.335848,0.393264,1.285570,2.919929,-0.157823,1.285570
member,22882,1,1,1,0.147114,0.863195,0.863195,0.673544,3.867457,3.397727,-0.673544
member,3539,4,4,1,0.137015,0.871957,0.871957,0.637587,3.899349,3.278275,-0.637587
member,11042,8,8,1,0.004487,0.995523,0.995523,0.037391,7.093607,6.657742,-0.037391
member,21163,2,2,1,0.165059,0.847844,0.847844,0.681172,4.118287,2.721221,-0.681172
member,10824,1,9,0,1.255397,0.284963,0.459255,1.521642,2.028434,-0.477248,1.521642
member,26491,1,1,1,0.243172,0.784137,0.784137,0.925243,3.479929,2.321874,-0.925243
member,13586,9,9,1,0.230296,0.794299,0.794299,0.539776,6.097587,1.375323,-0.539776
member,31849,4,7,0,1.185480,0.305599,0.589380,1.100616,2.783302,-0.656796,1.100616
member,18124,7,7,1,0.243332,0.784011,0.784011,0.906787,3.564327,2.218548,-0.906787
member,3604,5,5,1,0.484447,0.616038,0.616038,1.293381,3.062847,1.257044,-1.293381
member,44359,1,1,1,0.605366,0.545875,0.545875,1.138726,3.307060,0.500571,-1.138726
member,25608,1,1,1,0.013238,0.986849,0.986849,0.078526,7.730492,4.485289,-0.078526
member,35065,2,2,1,0.429348,0.650934,0.650934,1.185748,3.273961,1.339810,-1.185748
member,38938,7,7,1,1.198345,0.301693,0.301693,1.884299,1.747976,0.355795,-1.884299
member,13486,2,2,1,0.154930,0.856475,0.856475,0.688744,3.993663,2.968423,-0.688744
member,49620,7,7,1,0.057729,0.943905,0.943905,0.266412,5.855589,3.066103,-0.266412
member,14748,5,5,1,0.306535,0.735993,0.735993,0.987436,3.637665,1.722412,-0.987436
member,41951,3,3,1,0.530365,0.588390,0.588390,0.944841,4.419247,0.584884,-0.944841
member,37350,3,8,0,2.904647,0.054768,0.331129,1.965735,-0.292015,-1.799398,1.965735
member,39608,3,3,1,1.319289,0.267325,0.267325,1.976276,1.316352,0.224488,-1.976276
member,35202,0,0,1,0.154293,0.857021,0.857021,0.635276,4.318185,2.779835,-0.635276
member,40378,3,3,1,0.412136,0.662234,0.662234,1.207811,3.244982,1.560925,-1.207811
member,46314,8,8,1,0.094724,0.909624,0.909624,0.499883,4.110529,4.104090,-0.499883
member,38373,5,5,1,0.394214,0.674210,0.674210,1.141818,3.277385,1.414894,-1.141818
member,26978,4,4,1,0.539680,0.582935,0.582935,1.281703,2.925267,0.859674,-1.281703
member,33252,1,1,1,0.954839,0.384874,0.384874,1.920474,1.743655,1.059682,-1.920474
member,41289,1,1,1,0.432745,0.648726,0.648726,1.299357,2.818198,1.588536,-1.299357
member,44003,4,4,1,0.404349,0.667411,0.667411,1.285925,2.867119,2.101651,-1.285925
member,35415,4,4,1,0.194720,0.823065,0.823065,0.749426,4.000715,2.298470,-0.749426
member,32840,8,8,1,0.416171,0.659567,0.659567,1.225313,3.154387,1.837158,-1.225313
member,6965,5,5,1,0.552427,0.575551,0.575551,1.434862,2.801480,1.498434,-1.434862
member,39300,3,2,0,2.997742,0.049900,0.510245,1.536313,0.210361,-2.324878,1.536313
member,30103,1,1,1,0.817697,0.441447,0.441447,1.276428,2.833803,0.077793,-1.276428
member,6788,8,8,1,0.098987,0.905754,0.905754,0.501044,4.224936,3.689912,-0.501044
member,29666,0,0,1,0.390689,0.676591,0.676591,1.217285,3.108470,1.868331,-1.217285
member,35220,7,7,1,0.297904,0.742372,0.742372,1.025436,3.479271,2.034877,-1.025436
member,18593,8,8,1,0.020523,0.979686,0.979686,0.134654,5.827494,4.620811,-0.134654
member,35448,2,2,1,0.242708,0.784500,0.784500,0.886978,3.821822,2.416518,-0.886978
member,6995,8,8,1,0.028592,0.971813,0.971813,0.188111,5.302655,5.223281,-0.188111
member,9165,7,7,1,0.329661,0.719168,0.719168,0.954718,4.175958,1.683001,-0.954718
member,9189,1,1,1,0.267002,0.765671,0.765671,0.787686,4.183171,1.551702,-0.787686
member,36615,0,0,1,0.712100,0.490613,0.490613,1.361566,2.791488,0.452790,-1.361566
member,43158,7,2,0,1.119469,0.326453,0.334572,1.698308,1.885990,-0.024567,1.698308
member,16780,3,3,1,0.058619,0.943066,0.943066,0.266496,6.324238,3.079534,-0.266496
member,13671,2,2,1,0.719779,0.486860,0.486860,1.629311,2.333614,1.319382,-1.629311
member,49473,8,8,1,0.280603,0.755328,0.755328,1.017005,3.399001,2.398644,-1.017005
member,17419,2,2,1,0.131955,0.876381,0.876381,0.539395,4.806614,2.517949,-0.539395
member,5034,7,7,1,0.150388,0.860374,0.860374,0.603611,4.346500,2.389606,-0.603611
member,2902,2,2,1,0.087528,0.916193,0.916193,0.322474,6.454884,2.475467,-0.322474
member,11476,3,3,1,0.667956,0.512756,0.512756,1.425592,2.686338,0.655656,-1.425592
member,2434,8,8,1,0.096109,0.908365,0.908365,0.476539,4.392142,3.374816,-0.476539
member,36500,1,1,1,0.269616,0.763673,0.763673,0.892123,3.790524,2.106975,-0.892123
member,1853,8,8,1,0.086682,0.916968,0.916968,0.462300,4.238588,3.998886,-0.462300
member,19473,2,2,1,0.248990,0.779587,0.779587,0.942980,3.446457,2.424566,-0.942980
member,30045,2,2,1,0.331327,0.717971,0.717971,1.113875,3.215086,2.159135,-1.113875
member,37817,3,5,0,1.113594,0.328377,0.662574,0.697571,4.668462,-0.701972,0.697571
member,3829,8,8,1,0.255479,0.774546,0.774546,0.926158,3.483247,2.020271,-0.926158
member,27074,4,4,1,0.435409,0.647000,0.647000,1.197675,3.127717,1.271393,-1.197675
member,21051,7,7,1,0.696369,0.498392,0.498392,1.685721,2.232613,1.379867,-1.685721
member,34499,2,2,1,0.135999,0.872844,0.872844,0.561162,4.637169,2.848597,-0.561162
member,558,2,2,1,0.039509,0.961262,0.961262,0.242569,5.070107,4.523063,-0.242569
member,26895,7,7,1,0.173805,0.840461,0.840461,0.597503,4.849051,2.025464,-0.597503
member,39389,2,2,1,0.140650,0.868794,0.868794,0.487577,4.999369,2.065009,-0.487577
member,11838,0,0,1,0.013295,0.986793,0.986793,0.094380,6.265245,5.518868,-0.094380
member,46259,1,1,1,0.561051,0.570609,0.570609,1.143705,3.629142,0.896058,-1.143705
member,23812,1,1,1,1.063768,0.345153,0.345153,1.872312,1.797223,0.467380,-1.872312
member,29539,4,4,1,1.170828,0.310110,0.310110,1.751102,1.726367,0.015730,-1.751102
member,9666,0,0,1,0.926470,0.395949,0.395949,1.474021,2.663989,0.350623,-1.474021
member,21111,8,8,1,0.217226,0.804748,0.804748,0.798153,4.041727,2.452548,-0.798153
member,12814,1,1,1,0.170496,0.843247,0.843247,0.666463,4.268314,2.346959,-0.666463
member,40445,8,8,1,0.134230,0.874389,0.874389,0.598616,4.195639,2.964044,-0.598616
member,8435,9,9,1,0.825269,0.438117,0.438117,1.404689,2.679098,0.571742,-1.404689
member,9985,0,0,1,0.448378,0.638663,0.638663,1.314224,2.860626,1.467263,-1.314224
member,12486,9,9,1,0.030678,0.969788,0.969788,0.185057,5.522988,4.145580,-0.185057
member,43561,6,6,1,0.008951,0.991089,0.991089,0.067021,6.596494,5.691627,-0.067021
member,103,6,6,1,0.398425,0.671377,0.671377,1.242871,2.993039,1.754924,-1.242871
member,48961,4,4,1,0.804511,0.447307,0.447307,1.748651,2.068978,0.999710,-1.748651
member,36813,1,1,1,0.609178,0.543798,0.543798,1.330076,2.807698,0.668920,-1.330076
member,26137,0,0,1,0.875445,0.416676,0.416676,1.471521,2.835154,0.687482,-1.471521
member,33088,9,9,1,0.341013,0.711049,0.711049,1.147446,3.113735,2.149347,-1.147446
member,16341,3,3,1,0.320345,0.725899,0.725899,0.872030,4.326171,1.393806,-0.872030
member,40020,2,2,1,0.090681,0.913309,0.913309,0.437555,4.878673,3.525898,-0.437555
member,39721,9,9,1,0.023597,0.976679,0.976679,0.151527,5.732593,4.859264,-0.151527
member,14597,0,0,1,0.164780,0.848080,0.848080,0.748967,3.569330,3.343188,-0.748967
member,1480,8,8,1,0.677457,0.507907,0.507907,1.456856,2.911975,0.733173,-1.456856
member,16690,2,2,1,0.405488,0.666651,0.666651,1.073924,3.417069,1.129787,-1.073924
member,19635,5,5,1,0.327536,0.720697,0.720697,0.849066,3.951128,1.186903,-0.849066
member,3792,3,7,0,1.202225,0.300525,0.374976,1.616349,2.094938,-0.221330,1.616349
member,4980,6,6,1,0.377342,0.685682,0.685682,1.148446,3.153269,1.452310,-1.148446
member,19666,8,8,1,0.439911,0.644094,0.644094,1.227731,2.982762,1.213062,-1.227731
member,24640,9,9,1,0.098135,0.906527,0.906527,0.507921,4.044693,3.832868,-0.507921
member,7503,1,1,1,0.034195,0.966383,0.966383,0.192549,5.824419,3.828579,-0.192549
member,12575,1,1,1,0.068792,0.933521,0.933521,0.363892,4.647488,3.663063,-0.363892
member,7122,3,3,1,0.317714,0.727811,0.727811,0.810279,4.659291,1.295299,-0.810279
member,38789,9,9,1,0.004597,0.995413,0.995413,0.035917,7.319948,5.885582,-0.035917
member,1866,4,4,1,0.500591,0.606172,0.606172,1.224571,3.182264,1.120868,-1.224571
member,13203,5,5,1,0.340630,0.711322,0.711322,0.956000,3.683386,1.318980,-0.956000
member,24081,3,3,1,0.565556,0.568044,0.568044,1.530358,2.534272,1.674492,-1.530358
member,33384,8,8,1,0.150397,0.860367,0.860367,0.537830,4.876415,2.086870,-0.537830
member,848,1,1,1,0.204182,0.815314,0.815314,0.854943,3.409450,2.919923,-0.854943
member,14049,8,8,1,0.091277,0.912764,0.912764,0.456290,4.418253,3.456532,-0.456290
member,47307,9,9,1,0.012268,0.987807,0.987807,0.087453,6.357329,5.535097,-0.087453
member,45633,5,5,1,0.392840,0.675137,0.675137,1.244171,3.014373,2.126268,-1.244171
member,8658,9,9,1,0.286673,0.750757,0.750757,0.955811,3.652199,2.020413,-0.955811
member,7515,5,5,1,0.631766,0.531652,0.531652,1.601777,2.339631,1.371085,-1.601777
member,702,3,5,0,1.350345,0.259151,0.349122,1.796245,1.537162,-0.298010,1.796245
member,31986,9,9,1,0.459744,0.631446,0.631446,1.029956,3.464348,0.811863,-1.029956
member,28487,0,0,1,0.032656,0.967872,0.967872,0.207994,5.198666,4.664507,-0.207994
member,47471,6,6,1,0.145584,0.864517,0.864517,0.596123,4.415154,2.529305,-0.596123
member,42184,7,7,1,0.043072,0.957842,0.957842,0.235847,5.597742,3.730268,-0.235847
member,25604,9,4,0,1.602927,0.201306,0.295083,1.918531,1.175685,-0.382428,1.918531
member,35674,1,1,1,0.406102,0.666242,0.666242,1.207738,3.094952,1.472894,-1.207738
member,4669,3,3,1,0.346804,0.706944,0.706944,1.039058,3.559220,1.822921,-1.039058
member,28048,7,7,1,0.015367,0.984750,0.984750,0.104795,6.389554,5.138731,-0.104795
member,35032,3,3,1,0.494106,0.610116,0.610116,1.374683,2.789133,1.406958,-1.374683
member,18239,2,2,1,0.132708,0.875721,0.875721,0.585645,4.243434,2.716931,-0.585645
member,26403,6,6,1,0.164423,0.848383,0.848383,0.675460,4.103749,2.530290,-0.675460
member,11208,0,0,1,0.034891,0.965711,0.965711,0.208519,5.348698,4.091571,-0.208519
member,31333,2,2,1,0.251212,0.777857,0.777857,0.562782,6.467019,1.278154,-0.562782
member,43185,7,7,1,0.134119,0.874486,0.874486,0.475797,5.131357,2.135156,-0.475797
member,48346,3,3,1,0.701127,0.496026,0.496026,0.962152,3.840893,0.098624,-0.962152
member,776,3,3,1,0.324232,0.723082,0.723082,0.929032,3.706669,1.356560,-0.929032
member,20771,6,6,1,0.292694,0.746250,0.746250,0.826033,4.258309,1.448468,-0.826033
member,33264,8,8,1,0.039758,0.961022,0.961022,0.243112,5.038403,4.603057,-0.243112
member,19214,8,8,1,1.309715,0.269897,0.269897,2.033134,1.280761,0.206803,-2.033134
member,11797,9,9,1,0.154923,0.856481,0.856481,0.675056,3.934496,2.741121,-0.675056
member,8665,8,8,1,0.002177,0.997826,0.997826,0.020108,7.613962,7.795571,-0.020108
member,15013,7,7,1,0.022021,0.978220,0.978220,0.143914,5.842354,4.824398,-0.143914
member,14224,9,9,1,0.326119,0.721719,0.721719,1.134418,3.103626,2.287547,-1.134418
member,12868,8,8,1,0.026538,0.973811,0.973811,0.173386,5.457470,4.710894,-0.173386
member,15045,7,7,1,0.065642,0.936466,0.936466,0.320595,5.134122,3.113852,-0.320595
member,7836,7,0,0,1.260325,0.283562,0.285512,1.876775,1.489583,-0.006855,1.876775
member,16089,1,1,1,0.027147,0.973218,0.973218,0.163625,5.709501,4.182764,-0.163625
member,48552,8,8,1,0.785684,0.455808,0.455808,1.465321,2.472076,0.328189,-1.465321
member,6100,5,3,0,0.853223,0.426040,0.478720,1.106735,3.281595,-0.116584,1.106735
member,2055,9,9,1,0.251146,0.777909,0.777909,0.971744,3.241608,2.472335,-0.971744
member,745,6,4,0,1.765879,0.171036,0.198039,2.144095,0.741769,-0.146588,2.144095
member,13236,5,5,1,0.253985,0.775704,0.775704,0.853541,3.889236,1.796921,-0.853541
member,13197,8,8,1,0.020694,0.979519,0.979519,0.142334,5.602808,5.231875,-0.142334
member,49957,5,5,1,1.199892,0.301227,0.301227,1.934490,1.555537,0.333382,-1.934490
member,20628,6,6,1,0.167768,0.845550,0.845550,0.716243,3.870784,2.779678,-0.716243
member,2851,1,1,1,0.132414,0.875979,0.875979,0.578358,4.408553,2.969834,-0.578358
member,39857,2,2,1,0.542032,0.581565,0.581565,0.973724,3.631175,0.488907,-0.973724
member,20164,5,5,1,0.733684,0.480137,0.480137,1.404301,2.844159,0.474756,-1.404301
member,19150,5,5,1,0.441125,0.643313,0.643313,1.185910,3.150541,1.240007,-1.185910
member,46519,1,1,1,0.079826,0.923277,0.923277,0.386287,4.767238,3.028345,-0.386287
member,10746,3,3,1,0.931554,0.393941,0.393941,1.494982,2.710694,0.270164,-1.494982
member,28150,7,7,1,0.008710,0.991328,0.991328,0.059089,7.404934,5.078992,-0.059089
member,3036,4,2,0,1.394729,0.247900,0.501975,1.352809,2.459612,-0.705525,1.352809
member,7460,3,3,1,0.511384,0.599665,0.599665,1.280516,2.956367,1.015638,-1.280516
member,24113,0,0,1,0.272573,0.761418,0.761418,1.031731,3.198541,2.420225,-1.031731
member,22642,4,4,1,0.434379,0.647667,0.647667,1.186138,3.182430,1.379325,-1.186138
member,1682,9,1,0,1.690176,0.184487,0.742740,0.865619,2.363343,-1.392766,0.865619
member,4877,6,6,1,0.636904,0.528927,0.528927,1.562508,2.428599,1.331057,-1.562508
member,13723,6,6,1,0.151565,0.859362,0.859362,0.637597,4.238013,2.838721,-0.637597
member,10901,2,2,1,0.060393,0.941394,0.941394,0.327620,4.965310,3.722629,-0.327620
member,49635,0,0,1,0.978036,0.376049,0.376049,1.505344,2.564325,0.039195,-1.505344
member,21739,3,3,1,0.121163,0.885890,0.885890,0.509639,4.733944,2.636484,-0.509639
member,5428,0,0,1,0.387625,0.678667,0.678667,1.244229,2.885379,1.891477,-1.244229
member,15888,2,2,1,0.344467,0.708598,0.708598,1.114067,3.299382,1.934472,-1.114067
member,29364,0,0,1,0.310667,0.732958,0.732958,1.005654,3.425940,1.640725,-1.005654
member,36449,2,0,0,1.229524,0.292432,0.607812,1.064308,2.677267,-0.731634,1.064308
member,41757,8,8,1,0.012379,0.987697,0.987697,0.086415,6.347775,5.064559,-0.086415
member,7982,6,6,1,0.248530,0.779946,0.779946,0.956943,3.409191,2.627441,-0.956943
member,8180,8,8,1,0.025431,0.974890,0.974890,0.167078,5.397603,4.704876,-0.167078
member,23316,5,5,1,1.000808,0.367582,0.367582,1.833751,1.838765,0.594283,-1.833751
member,25891,0,8,0,0.762708,0.466402,0.486886,0.922562,3.994358,-0.042982,0.922562
member,20489,7,7,1,0.156872,0.854813,0.854813,0.677222,4.030166,2.909861,-0.677222
member,9606,9,9,1,0.099359,0.905418,0.905418,0.384823,5.865014,2.512926,-0.384823
member,31687,2,2,1,0.405221,0.666829,0.666829,1.092784,3.302452,1.187441,-1.092784
member,20973,0,0,1,0.364327,0.694664,0.694664,1.219736,2.951749,1.965258,-1.219736
member,14960,5,5,1,0.726701,0.483501,0.483501,1.355889,2.909577,0.377313,-1.355889
member,4831,6,6,1,0.430871,0.649943,0.649943,1.279339,3.007042,1.899392,-1.279339
member,15880,8,8,1,0.260074,0.770995,0.770995,0.890645,3.557296,1.787602,-0.890645
member,14261,7,7,1,0.672026,0.510673,0.510673,1.619186,2.386054,1.394227,-1.619186
member,34197,3,3,1,1.284312,0.276841,0.276841,2.008959,1.315665,0.406506,-2.008959
member,1000,9,9,1,0.353498,0.702227,0.702227,1.091984,3.270686,1.522025,-1.091984
member,13114,2,2,1,0.909211,0.402842,0.402842,1.585153,2.249388,0.393465,-1.585153
member,18872,2,2,1,0.070470,0.931955,0.931955,0.353293,5.382079,3.355313,-0.353293
member,30970,4,4,1,0.299581,0.741129,0.741129,0.952753,3.619496,1.619204,-0.952753
member,3986,6,6,1,0.099526,0.905267,0.905267,0.462326,4.774425,3.088527,-0.462326
member,12789,9,9,1,0.227759,0.796317,0.796317,0.785768,3.965425,1.826926,-0.785768
member,35642,9,9,1,0.883809,0.413206,0.413206,1.422149,2.601682,0.101274,-1.422149
member,13695,8,8,1,0.008617,0.991420,0.991420,0.066812,6.397403,6.277373,-0.066812
member,13475,9,9,1,0.448885,0.638340,0.638340,1.159423,3.477557,1.454579,-1.159423
member,11749,7,7,1,0.199883,0.818826,0.818826,0.730082,4.207536,2.335374,-0.730082
member,10592,4,4,1,1.433502,0.238472,0.238472,2.132458,1.069026,0.441640,-2.132458
member,36535,7,7,1,0.022276,0.977970,0.977970,0.146069,5.861899,5.103122,-0.146069
member,19271,5,5,1,0.840187,0.431630,0.431630,1.437881,2.472187,0.204744,-1.437881
member,40739,4,4,1,1.128793,0.323424,0.323424,1.971435,1.560075,0.701243,-1.971435
member,45396,4,4,1,0.316489,0.728703,0.728703,1.085505,3.180149,2.100647,-1.085505
member,11872,4,4,1,0.233008,0.792147,0.792147,0.921865,3.313378,2.624921,-0.921865
member,7478,3,5,0,1.983793,0.137546,0.257407,1.747182,1.055223,-0.626695,1.747182
member,21081,4,4,1,0.393426,0.674741,0.674741,1.300118,2.758887,2.239507,-1.300118
member,13293,8,8,1,0.138253,0.870878,0.870878,0.644136,3.913499,3.157214,-0.644136
member,24023,5,5,1,0.921260,0.398017,0.398017,1.816689,1.906892,0.651605,-1.816689
member,23125,8,8,1,0.049651,0.951562,0.951562,0.255815,5.354687,3.381385,-0.255815
member,11660,9,9,1,0.020923,0.979295,0.979295,0.139133,5.832331,4.937949,-0.139133
member,38198,0,0,1,0.009467,0.990578,0.990578,0.067951,6.715812,5.410964,-0.067951
member,6750,6,6,1,0.668685,0.512382,0.512382,1.160988,3.193362,0.321476,-1.160988
member,48818,1,1,1,0.335092,0.715272,0.715272,0.873806,3.937936,1.188442,-0.873806
member,7916,6,6,1,0.776940,0.459811,0.459811,1.289148,2.873270,0.162030,-1.289148
member,16604,3,5,0,1.099784,0.332943,0.339864,1.608639,2.162392,-0.020575,1.608639
member,5367,5,5,1,0.270070,0.763326,0.763326,0.961231,3.554672,2.140789,-0.961231
member,3444,1,1,1,0.884787,0.412802,0.412802,1.794638,1.963078,1.027956,-1.794638
member,8569,0,0,1,0.102899,0.902218,0.902218,0.460820,4.565284,2.696155,-0.460820
member,8929,5,4,0,3.184408,0.041403,0.427255,1.670795,-0.121788,-2.334033,1.670795
member,21907,9,9,1,0.085770,0.917805,0.917805,0.440208,4.530341,3.749682,-0.440208
member,3931,8,8,1,0.319042,0.726845,0.726845,1.143287,2.974339,2.410306,-1.143287
member,5348,8,8,1,0.024850,0.975456,0.975456,0.161920,5.566643,4.710663,-0.161920
member,28244,1,1,1,0.019127,0.981054,0.981054,0.117149,6.431150,4.405800,-0.117149
member,32604,2,2,1,0.981546,0.374731,0.374731,1.583199,2.223397,0.175764,-1.583199
member,11535,0,0,1,0.050045,0.951187,0.951187,0.291609,4.897120,4.478886,-0.291609
member,17121,5,5,1,0.714580,0.489398,0.489398,1.169861,3.068156,0.205174,-1.169861
member,46473,6,6,1,0.413359,0.661425,0.661425,1.223941,3.199245,1.792552,-1.223941
member,22348,9,9,1,0.712513,0.490410,0.490410,1.733908,2.157049,1.321210,-1.733908
member,26260,3,3,1,0.809371,0.445138,0.445138,1.778838,2.046031,1.137055,-1.778838
member,16135,4,4,1,0.129218,0.878783,0.878783,0.589359,4.074654,2.849232,-0.589359
member,10500,4,4,1,0.195669,0.822284,0.822284,0.742536,3.964629,2.161461,-0.742536
member,18233,3,3,1,0.676686,0.508298,0.508298,1.572591,2.487452,1.209219,-1.572591
member,13295,7,7,1,0.806517,0.446410,0.446410,1.549065,2.450663,0.527908,-1.549065
member,28714,9,9,1,0.228517,0.795712,0.795712,0.887453,3.521544,2.600803,-0.887453
member,27660,6,6,1,0.542808,0.581114,0.581114,1.481965,2.567153,1.403552,-1.481965
member,13268,7,7,1,0.019151,0.981031,0.981031,0.126024,6.089923,4.703850,-0.126024
member,47919,5,5,1,0.282129,0.754176,0.754176,0.726660,4.486827,1.293905,-0.726660
member,34428,7,7,1,1.180307,0.307184,0.307184,1.747400,1.842777,0.010025,-1.747400
member,3265,5,2,0,2.252555,0.105130,0.309270,1.823323,0.780716,-1.079015,1.823323
member,45850,3,3,1,0.421276,0.656209,0.656209,1.194806,3.272043,1.462362,-1.194806
member,15004,4,4,1,0.421830,0.655845,0.655845,1.011929,3.741445,0.987391,-1.011929
member,22396,1,1,1,0.549201,0.577411,0.577411,1.023914,3.441040,0.505949,-1.023914
member,34429,1,1,1,0.094337,0.909976,0.909976,0.451557,4.608948,3.304076,-0.451557
member,24212,0,0,1,0.068320,0.933961,0.933961,0.345398,4.857778,3.217530,-0.345398
member,44042,7,7,1,0.691214,0.500968,0.500968,1.645575,2.397120,1.246636,-1.645575
member,6522,7,2,0,1.180188,0.307221,0.308849,1.816693,1.662838,-0.005284,1.816693
member,28632,5,5,1,0.076272,0.926564,0.926564,0.381612,4.698877,3.225845,-0.381612
member,47703,1,1,1,0.023513,0.976762,0.976762,0.148590,5.941754,4.767229,-0.148590
member,20211,9,9,1,0.212885,0.808249,0.808249,0.841337,3.661779,2.646370,-0.841337
member,31722,9,9,1,0.151538,0.859385,0.859385,0.665954,3.994699,2.954013,-0.665954
member,4894,7,7,1,0.001374,0.998627,0.998627,0.012734,8.867992,7.901584,-0.012734
member,15191,0,0,1,0.280809,0.755172,0.755172,0.815744,4.270463,1.503910,-0.815744
member,18209,9,9,1,0.247612,0.780663,0.780663,0.925860,3.394581,2.116478,-0.925860
member,39808,6,6,1,1.100151,0.332821,0.332821,1.680901,2.017922,0.302591,-1.680901
member,30545,1,1,1,0.048186,0.952956,0.952956,0.280215,4.859253,4.054455,-0.280215
member,7667,3,5,0,1.010230,0.364135,0.441462,1.415483,2.273648,-0.192566,1.415483
member,28073,7,7,1,0.065331,0.936757,0.936757,0.318746,5.229626,3.170475,-0.318746
member,34014,3,5,0,1.049910,0.349969,0.600221,0.900124,3.632161,-0.539452,0.900124
member,31118,6,6,1,0.701172,0.496004,0.496004,1.314551,2.984405,0.460402,-1.314551
member,460,8,8,1,0.160519,0.851702,0.851702,0.590521,4.430527,2.108588,-0.590521
member,28186,4,4,1,0.343512,0.709275,0.709275,1.121018,3.145238,1.804408,-1.121018
member,25680,6,6,1,0.762889,0.466317,0.466317,1.785403,2.001283,1.458947,-1.785403
member,11680,3,3,1,0.337871,0.713288,0.713288,1.002419,3.354594,1.457011,-1.002419
member,12947,5,5,1,0.161716,0.850682,0.850682,0.588826,4.888157,2.329905,-0.588826
member,14237,3,3,1,0.504439,0.603844,0.603844,1.026778,3.874335,0.700209,-1.026778
member,7686,7,7,1,0.435050,0.647232,0.647232,1.271119,2.915933,1.436718,-1.271119
member,46604,3,3,1,0.789480,0.454081,0.454081,1.737791,2.122246,0.942671,-1.737791
member,23442,2,2,1,0.294742,0.744724,0.744724,1.018225,3.267013,1.868379,-1.018225
member,9931,4,0,0,1.646886,0.192649,0.487984,1.624563,1.390932,-0.929414,1.624563
member,32938,3,3,1,0.720653,0.486434,0.486434,1.315053,2.936908,0.358422,-1.315053
member,28216,0,0,1,0.461361,0.630425,0.630425,1.229705,3.079424,1.155376,-1.229705
member,8454,2,2,1,0.223524,0.799696,0.799696,0.775494,3.989878,1.877002,-0.775494
member,5841,1,1,1,0.531860,0.587511,0.587511,1.490529,2.527222,1.509354,-1.490529
member,13375,5,5,1,0.167417,0.845847,0.845847,0.697486,4.106175,2.756974,-0.697486
member,37379,7,7,1,0.112270,0.893803,0.893803,0.534686,4.255894,3.276301,-0.534686
member,2135,7,7,1,0.078243,0.924740,0.924740,0.389326,4.918018,3.461033,-0.389326
member,7817,7,7,1,0.739563,0.477322,0.477322,1.781365,2.091839,1.366960,-1.781365
member,1377,1,1,1,1.141492,0.319342,0.319342,1.999674,1.477238,0.688670,-1.999674
member,10175,5,5,1,0.317553,0.727928,0.727928,0.689148,4.938095,1.056699,-0.689148
member,4689,0,0,1,0.017256,0.982892,0.982892,0.117325,6.044425,5.061778,-0.117325
member,28426,2,2,1,0.287779,0.749927,0.749927,0.737311,4.666053,1.273508,-0.737311
member,46127,1,1,1,0.224335,0.799047,0.799047,0.756102,3.947080,1.770375,-0.756102
member,20184,3,3,1,0.334102,0.715981,0.715981,0.821797,4.326960,1.139950,-0.821797
member,49385,9,9,1,0.298815,0.741697,0.741697,1.058802,3.185661,2.165839,-1.058802
member,40577,3,3,1,0.575093,0.562652,0.562652,1.009650,3.550203,0.424788,-1.009650
member,11813,2,2,1,0.771079,0.462514,0.462514,1.438567,2.722621,0.572399,-1.438567
member,27520,5,5,1,0.296774,0.743212,0.743212,0.698406,4.667586,1.165050,-0.698406
member,42504,3,3,1,0.340293,0.711562,0.711562,0.946871,3.684786,1.270968,-0.946871
member,24353,5,5,1,0.326221,0.721645,0.721645,1.057807,3.394361,1.888937,-1.057807
member,22294,3,3,1,0.130624,0.877548,0.877548,0.557545,4.550344,2.627420,-0.557545
member,47724,7,7,1,1.203339,0.300190,0.300190,1.748224,2.033286,0.359746,-1.748224
member,31461,7,7,1,0.221332,0.801450,0.801450,0.843207,3.664612,2.162071,-0.843207
member,31869,9,9,1,0.480232,0.618640,0.618640,1.301432,2.961357,1.434243,-1.301432
member,39163,3,3,1,1.051682,0.349350,0.349350,1.787415,1.982561,0.442131,-1.787415
member,47876,9,1,0,0.927350,0.395601,0.431808,1.370619,2.367988,-0.087576,1.370619
member,4256,9,9,1,1.210224,0.298130,0.298130,1.995140,1.452226,0.497296,-1.995140
member,5187,4,4,1,0.214215,0.807175,0.807175,0.813648,3.727711,2.365667,-0.813648
member,29760,5,5,1,1.210006,0.298195,0.298195,1.970933,1.565963,0.438178,-1.970933
member,4740,5,5,1,0.094441,0.909882,0.909882,0.359030,5.440083,2.444988,-0.359030
member,47835,7,7,1,0.350621,0.704251,0.704251,1.076565,3.346601,1.604524,-1.076565
member,6013,0,0,1,0.059272,0.942450,0.942450,0.338913,4.656433,4.199643,-0.338913
member,16055,9,9,1,0.210874,0.809876,0.809876,0.864788,3.427761,2.503428,-0.864788
member,3700,9,9,1,0.113884,0.892362,0.892362,0.558357,4.144462,3.660823,-0.558357
member,216,8,8,1,0.017997,0.982164,0.982164,0.121036,5.993774,4.872374,-0.121036
member,40468,6,4,0,1.068654,0.343471,0.380739,1.539852,2.201612,-0.103012,1.539852
member,23894,9,9,1,0.260976,0.770299,0.770299,0.946409,3.404670,2.003992,-0.946409
member,30500,5,5,1,0.675052,0.509130,0.509130,1.361231,2.899074,0.654195,-1.361231
member,27237,9,9,1,0.148217,0.862244,0.862244,0.652491,3.985858,2.954780,-0.652491
member,13883,8,8,1,0.043486,0.957446,0.957446,0.251791,5.114121,3.930560,-0.251791
member,21547,1,1,1,0.127217,0.880542,0.880542,0.605084,4.040520,3.316079,-0.605084
member,22510,2,2,1,0.370642,0.690291,0.690291,0.796869,4.483664,0.927842,-0.796869
member,11035,2,2,1,1.198372,0.301685,0.301685,1.848155,1.560482,0.032268,-1.848155
member,20691,3,3,1,0.757554,0.468812,0.468812,1.691089,2.166358,0.947225,-1.691089
member,35720,9,1,0,1.482521,0.227065,0.461606,1.383276,1.978728,-0.709478,1.383276
member,14504,5,5,1,1.318125,0.267637,0.267637,1.958662,1.325302,0.011236,-1.958662
member,7893,3,3,1,0.499759,0.606677,0.606677,1.162859,3.592169,1.199336,-1.162859
member,27679,5,3,0,1.768240,0.170633,0.764290,0.798898,2.533918,-1.499432,0.798898
member,5908,4,4,1,0.572065,0.564359,0.564359,1.588677,2.305361,1.878528,-1.588677
member,4504,0,0,1,0.196461,0.821634,0.821634,0.735918,4.196248,2.446759,-0.735918
member,9086,7,7,1,0.052874,0.948499,0.948499,0.261795,5.647749,3.287836,-0.261795
member,2328,1,1,1,0.063320,0.938643,0.938643,0.263047,6.085963,2.835276,-0.263047
member,44441,5,5,1,0.044187,0.956775,0.956775,0.259995,5.048763,4.130682,-0.259995
member,32783,8,8,1,0.188051,0.828572,0.828572,0.748119,3.802806,2.297058,-0.748119
member,47359,5,5,1,0.535858,0.585167,0.585167,1.299409,3.073222,1.156528,-1.299409
member,46674,1,1,1,0.301658,0.739591,0.739591,0.725061,4.387835,1.165601,-0.725061
member,15854,3,3,1,0.581166,0.559246,0.559246,1.008728,3.796582,0.430194,-1.008728
member,49479,8,8,1,0.049707,0.951508,0.951508,0.296803,4.739145,4.683469,-0.296803
member,42204,0,0,1,0.112048,0.894002,0.894002,0.507955,4.525325,3.007337,-0.507955
member,12957,9,1,0,1.673082,0.187668,0.587671,1.362942,1.695164,-1.141494,1.362942
member,35129,1,1,1,0.429624,0.650754,0.650754,1.267501,3.039607,1.783102,-1.267501
member,15146,2,2,1,0.231200,0.793581,0.793581,0.902270,3.512908,2.566786,-0.902270
member,31307,2,2,1,0.032844,0.967689,0.967689,0.210612,5.219561,5.187653,-0.210612
member,7414,9,9,1,0.194323,0.823392,0.823392,0.714001,4.007204,2.101073,-0.714001
member,6308,0,0,1,0.409341,0.664088,0.664088,1.240395,2.903777,1.482183,-1.240395
member,27367,6,6,1,0.077970,0.924993,0.924993,0.404835,4.621097,3.497795,-0.404835
member,9846,3,3,1,0.208565,0.811748,0.811748,0.660674,4.449060,1.714728,-0.660674
member,13370,9,9,1,0.024813,0.975493,0.975493,0.160412,5.536096,4.711231,-0.160412
member,45333,4,4,1,1.360061,0.256645,0.256645,1.871122,1.570278,0.036680,-1.871122
member,33176,7,7,1,0.290611,0.747806,0.747806,0.806662,4.450844,1.392313,-0.806662
member,32129,9,1,0,2.338140,0.096507,0.718133,0.945589,1.790575,-2.007040,0.945589
member,17212,2,2,1,0.591449,0.553524,0.553524,1.543742,2.498864,1.593453,-1.543742
member,24294,1,1,1,0.709102,0.492086,0.492086,1.321612,2.831281,0.411412,-1.321612
member,13744,8,8,1,0.379243,0.684379,0.684379,0.760782,4.698689,0.866697,-0.760782
member,2436,2,2,1,0.746323,0.474107,0.474107,1.151667,3.762669,0.191333,-1.151667
member,22105,3,3,1,0.816770,0.441857,0.441857,1.434147,2.626986,0.286718,-1.434147
member,47785,9,9,1,0.190415,0.826616,0.826616,0.804858,3.684935,2.971487,-0.804858
member,34894,8,8,1,0.548630,0.577740,0.577740,1.538309,2.416677,1.673261,-1.538309
member,20410,3,5,0,1.757256,0.172518,0.695411,1.033810,2.109423,-1.394005,1.033810
member,32236,7,7,1,0.406443,0.666015,0.666015,1.087376,3.429005,1.219706,-1.087376
member,30912,1,1,1,0.035216,0.965397,0.965397,0.206432,5.598395,4.059009,-0.206432
member,48463,6,6,1,0.410329,0.663432,0.663432,1.211367,3.082870,1.778389,-1.211367
member,32884,0,0,1,0.298219,0.742139,0.742139,0.848417,4.204156,1.435933,-0.848417
member,42109,4,2,0,0.977229,0.376353,0.428831,1.284954,2.750299,-0.130536,1.284954
member,39509,4,4,1,0.348473,0.705765,0.705765,1.113022,3.217321,1.844577,-1.113022
member,41121,0,0,1,0.581411,0.559109,0.559109,1.120425,3.285460,0.512912,-1.120425
member,29710,1,1,1,0.050762,0.950505,0.950505,0.284290,5.057609,4.036393,-0.284290
member,33116,5,5,1,0.065567,0.936536,0.936536,0.332080,5.049335,3.353779,-0.332080
member,9349,4,5,0,1.782907,0.168149,0.262708,1.956417,1.082852,-0.446196,1.956417
member,20840,1,1,1,0.024511,0.975786,0.975786,0.163166,5.423002,5.160460,-0.163166
member,40353,3,3,1,0.158761,0.853200,0.853200,0.579845,4.593307,2.094147,-0.579845
member,17239,2,2,1,0.078739,0.924282,0.924282,0.351390,5.448598,2.902223,-0.351390
member,48605,4,4,1,0.082562,0.920754,0.920754,0.383214,4.920557,2.930301,-0.383214
member,16176,2,2,1,0.447997,0.638907,0.638907,0.937629,3.871330,0.764834,-0.937629
member,12831,6,6,1,0.159329,0.852715,0.852715,0.656780,4.305788,2.652168,-0.656780
member,38588,6,6,1,0.203642,0.815755,0.815755,0.792918,3.773846,2.225632,-0.792918
member,48800,2,0,0,1.907777,0.148410,0.548725,1.513994,1.192815,-1.307620,1.513994
member,45871,9,9,1,0.596702,0.550624,0.550624,1.474727,2.582203,1.113355,-1.474727
member,48921,9,9,1,0.034628,0.965965,0.965965,0.215235,5.226144,4.472024,-0.215235
member,7200,3,3,1,0.282666,0.753772,0.753772,1.028046,3.323225,2.364727,-1.028046
member,36989,4,4,1,0.731835,0.481026,0.481026,1.544315,2.350517,0.597749,-1.544315
member,45962,4,4,1,0.803416,0.447797,0.447797,1.383580,2.758908,0.350737,-1.383580
member,890,9,9,1,0.020917,0.979301,0.979301,0.117633,6.682538,4.071222,-0.117633
member,48014,2,2,1,0.046398,0.954662,0.954662,0.261619,5.536590,4.043460,-0.261619
member,7890,2,2,1,0.228307,0.795880,0.795880,0.878974,3.576707,2.509958,-0.878974
member,20399,7,7,1,0.699756,0.496706,0.496706,1.574212,2.403186,0.832269,-1.574212
member,16227,7,7,1,0.870174,0.418879,0.418879,1.554799,2.672374,0.499133,-1.554799
member,5687,8,8,1,0.040734,0.960085,0.960085,0.242725,5.158424,4.398479,-0.242725
member,31162,9,9,1,0.345703,0.707722,0.707722,1.183594,3.054863,2.305260,-1.183594
member,43028,6,6,1,0.107777,0.897828,0.897828,0.529962,4.225644,3.556814,-0.529962
member,48148,0,0,1,0.047216,0.953881,0.953881,0.230437,5.994164,3.358065,-0.230437
member,45401,9,9,1,0.317906,0.727671,0.727671,1.132167,3.059630,2.409136,-1.132167
member,41756,0,0,1,0.152514,0.858547,0.858547,0.661691,4.063813,2.925281,-0.661691
member,8528,2,2,1,0.393578,0.674639,0.674639,1.224112,3.009494,1.605621,-1.224112
member,40908,2,2,1,0.640233,0.527170,0.527170,1.524835,2.526520,0.958959,-1.524835
member,651,6,6,1,0.041491,0.959358,0.959358,0.246545,5.275329,4.444033,-0.246545
member,13906,9,9,1,0.188420,0.828267,0.828267,0.804432,3.534028,3.069099,-0.804432
member,23231,4,4,1,0.190249,0.826753,0.826753,0.737053,3.954410,2.391351,-0.737053
member,23343,2,2,1,0.466586,0.627140,0.627140,1.244755,3.512029,1.432181,-1.244755
member,27497,0,0,1,0.077384,0.925534,0.925534,0.366246,5.176483,3.316618,-0.366246
member,5010,0,0,1,0.200373,0.818425,0.818425,0.775246,3.793350,2.188380,-0.775246
member,18148,3,3,1,0.986551,0.372860,0.372860,1.872400,1.797499,0.844072,-1.872400
member,36687,6,6,1,0.314843,0.729903,0.729903,1.060063,3.280384,2.028450,-1.060063
member,28576,4,4,1,0.887621,0.411634,0.411634,1.700392,2.127733,0.510706,-1.700392
member,34713,9,8,0,1.780119,0.168618,0.192081,2.180662,0.645783,-0.130281,2.180662
member,33391,9,9,1,0.464299,0.628576,0.628576,1.404114,2.631497,2.022967,-1.404114
member,49767,8,8,1,0.052575,0.948783,0.948783,0.313286,4.662648,4.819603,-0.313286
member,46159,0,0,1,1.024392,0.359015,0.359015,1.606948,2.205050,0.029126,-1.606948
member,35267,2,2,1,1.065003,0.344727,0.344727,1.761843,1.951909,0.331600,-1.761843
member,2554,7,7,1,0.591753,0.553357,0.553357,1.383117,3.056160,1.224270,-1.383117
member,3714,5,5,1,0.552540,0.575486,0.575486,1.317857,2.919500,0.896601,-1.317857
member,16563,1,1,1,0.849219,0.427749,0.427749,1.759407,2.028277,0.762168,-1.759407
member,24880,9,9,1,0.590310,0.554155,0.554155,1.617086,2.245499,1.553037,-1.617086
member,21279,5,2,0,2.977503,0.050920,0.209092,2.112323,-0.491027,-1.412524,2.112323
member,38941,4,2,0,1.887594,0.151436,0.231883,2.055748,0.628172,-0.426071,2.055748
member,12387,2,2,1,0.933379,0.393223,0.393223,1.767603,1.977557,0.520728,-1.767603
member,33416,0,0,1,0.127018,0.880717,0.880717,0.561662,4.221356,2.695504,-0.561662
member,11808,8,8,1,0.059404,0.942326,0.942326,0.335578,4.706407,4.130483,-0.335578
member,25953,3,3,1,0.020222,0.979981,0.979981,0.112411,7.110345,4.061183,-0.112411
member,19321,7,7,1,0.037358,0.963331,0.963331,0.234145,5.017672,4.962920,-0.234145
member,43436,7,7,1,0.014973,0.985138,0.985138,0.105922,6.081697,5.567458,-0.105922
member,26428,6,6,1,0.326766,0.721253,0.721253,1.185546,2.890737,2.685787,-1.185546
member,34882,4,3,0,1.342758,0.261124,0.283870,1.624126,2.135937,-0.083520,1.624126
member,10009,6,6,1,0.307651,0.735172,0.735172,0.955618,3.598496,1.577357,-0.955618
member,27090,3,3,1,0.343439,0.709327,0.709327,0.759505,4.707860,1.013973,-0.759505
member,9125,6,6,1,0.589372,0.554676,0.554676,1.526521,2.710921,1.512326,-1.526521
member,37455,1,1,1,0.021283,0.978942,0.978942,0.140663,5.751222,5.060428,-0.140663
member,48232,2,2,1,0.586797,0.556106,0.556106,1.327875,2.836920,0.780570,-1.327875
member,29213,3,3,1,0.606660,0.545169,0.545169,0.867256,4.175920,0.255482,-0.867256
member,8517,9,9,1,0.011273,0.988790,0.988790,0.079654,6.477576,5.261035,-0.079654
member,17713,4,6,0,2.016663,0.133099,0.372533,1.559115,1.540546,-1.029234,1.559115
member,22946,4,6,0,1.999800,0.135362,0.599940,1.422090,1.103824,-1.488875,1.422090
member,37538,9,9,1,0.356304,0.700259,0.700259,1.062846,3.484112,1.549907,-1.062846
member,8274,5,5,1,1.087411,0.337088,0.337088,1.868690,1.783171,0.582461,-1.868690
member,34448,0,0,1,0.092788,0.911387,0.911387,0.408693,4.963187,2.723082,-0.408693
member,48376,3,3,1,0.502306,0.605134,0.605134,1.169761,3.269436,0.870126,-1.169761
member,49913,1,1,1,0.094772,0.909580,0.909580,0.426587,4.735606,2.761175,-0.426587
member,30338,3,3,1,0.637673,0.528521,0.528521,1.376315,2.762277,0.702869,-1.376315
member,29618,7,7,1,0.841838,0.430918,0.430918,1.658273,2.117539,0.440103,-1.658273
member,4826,9,9,1,0.648487,0.522836,0.522836,1.533021,2.445268,1.155896,-1.533021
member,32085,3,3,1,1.124413,0.324843,0.324843,1.706799,2.057907,0.033826,-1.706799
member,10171,8,8,1,0.396075,0.672956,0.672956,1.280948,2.809137,1.926116,-1.280948
member,10783,6,6,1,0.239743,0.786830,0.786830,0.866813,3.777734,2.288840,-0.866813
member,17690,2,2,1,0.615534,0.540352,0.540352,1.632589,2.293286,1.708425,-1.632589
member,45904,0,0,1,0.054365,0.947087,0.947087,0.311359,4.781747,4.247534,-0.311359
member,39303,7,7,1,0.208813,0.811547,0.811547,0.757743,4.237296,2.236901,-0.757743
member,33543,6,6,1,0.148774,0.861763,0.861763,0.620628,4.197979,2.453127,-0.620628
member,21674,0,0,1,0.054394,0.947059,0.947059,0.299928,4.922498,3.634524,-0.299928
member,15219,5,5,1,0.126848,0.880867,0.880867,0.513852,4.464039,2.375022,-0.513852
member,7511,0,0,1,0.961832,0.382192,0.382192,1.648806,2.054595,0.190486,-1.648806
member,19434,5,6,0,1.578307,0.206324,0.457521,1.523704,1.931518,-0.796375,1.523704
member,22922,3,3,1,0.405842,0.666416,0.666416,1.052094,3.820504,1.326121,-1.052094
member,38109,7,7,1,0.447274,0.639368,0.639368,0.909396,3.862902,0.732960,-0.909396
member,46998,4,4,1,0.194425,0.823308,0.823308,0.646158,4.600038,1.874351,-0.646158
member,40520,1,1,1,0.092570,0.911585,0.911585,0.451552,4.422667,3.054690,-0.451552
member,36346,7,7,1,0.347029,0.706785,0.706785,0.967805,3.580789,1.269083,-0.967805
member,2514,2,2,1,0.074494,0.928213,0.928213,0.261302,9.083017,2.565223,-0.261302
member,19718,8,8,1,0.336400,0.714337,0.714337,1.115025,3.142343,1.791080,-1.115025
member,42953,3,5,0,1.001195,0.367440,0.490292,1.269189,2.572815,-0.288440,1.269189
member,17141,5,5,1,1.329527,0.264602,0.264602,1.925140,1.396487,0.240626,-1.925140
member,35991,0,0,1,0.755352,0.469845,0.469845,1.692056,2.315674,1.263751,-1.692056
member,7677,5,5,1,0.311056,0.732673,0.732673,0.977425,3.760796,1.749835,-0.977425
member,8442,6,6,1,0.021503,0.978727,0.978727,0.142776,5.750995,5.116529,-0.142776
member,48273,8,8,1,0.819184,0.440791,0.440791,1.695538,2.057606,0.587637,-1.695538
member,43493,3,4,0,1.184165,0.306002,0.437786,1.557503,1.956717,-0.358139,1.557503
member,48639,1,1,1,0.405224,0.666828,0.666828,1.279245,2.900649,2.003046,-1.279245
member,43502,4,4,1,0.337878,0.713282,0.713282,0.920948,4.253499,1.681065,-0.920948
member,13791,9,9,1,0.171143,0.842701,0.842701,0.707178,4.066453,2.873847,-0.707178
member,8617,6,3,0,1.228682,0.292678,0.451866,1.507758,2.253429,-0.434312,1.507758
member,4248,7,7,1,0.004495,0.995515,0.995515,0.034883,7.962929,6.068664,-0.034883
member,21720,1,1,1,0.162976,0.849611,0.849611,0.720820,3.765325,3.087746,-0.720820
member,26308,2,6,0,1.247563,0.287204,0.546192,1.293451,2.271181,-0.642779,1.293451
member,2515,4,4,1,0.041271,0.959569,0.959569,0.229363,5.749941,3.893533,-0.229363
member,2726,5,5,1,0.317281,0.728126,0.728126,0.812379,4.088102,1.194999,-0.812379
member,49876,8,8,1,0.023318,0.976952,0.976952,0.155727,5.501339,5.018019,-0.155727
member,22550,6,4,0,1.383234,0.250766,0.481248,1.423722,2.244647,-0.651861,1.423722
member,25561,3,5,0,1.022733,0.359611,0.559696,1.033154,3.222121,-0.442372,1.033154
member,46563,2,2,1,0.241662,0.785322,0.785322,0.868849,3.630072,1.980065,-0.868849
member,6585,3,3,1,0.717186,0.488124,0.488124,1.240706,2.911791,0.259795,-1.240706
member,40732,3,3,1,0.672296,0.510535,0.510535,1.624372,2.447834,1.393884,-1.624372
member,24851,0,0,1,0.076358,0.926485,0.926485,0.407425,4.466783,3.672507,-0.407425
member,29428,8,8,1,0.029533,0.970899,0.970899,0.187936,5.323168,4.510346,-0.187936
member,31803,2,2,1,0.653752,0.520091,0.520091,1.446830,3.108253,1.129966,-1.446830
member,43730,3,3,1,0.765745,0.464987,0.464987,1.598402,2.399229,0.815013,-1.598402
member,25704,6,6,1,0.395607,0.673271,0.673271,1.240438,3.012672,1.930191,-1.240438
member,30342,5,5,1,0.214130,0.807243,0.807243,0.635201,4.890152,1.637963,-0.635201
member,21073,1,1,1,0.054357,0.947093,0.947093,0.297923,4.954899,3.735973,-0.297923
member,16812,5,5,1,0.738135,0.478005,0.478005,1.485920,2.641959,0.648859,-1.485920
member,46204,3,3,1,0.454668,0.634659,0.634659,1.103838,3.544829,1.031823,-1.103838
member,32291,2,2,1,0.711966,0.490678,0.490678,0.994222,3.542311,0.091173,-0.994222
member,35505,8,8,1,0.034427,0.966159,0.966159,0.196400,5.738310,3.938249,-0.196400
member,29983,4,4,1,0.105829,0.899579,0.899579,0.493063,4.689505,3.373007,-0.493063
member,35083,3,3,1,0.179460,0.835721,0.835721,0.591388,4.859249,1.862516,-0.591388
member,14285,2,2,1,1.205878,0.299429,0.299429,1.854712,1.641820,0.125969,-1.854712
member,31623,2,2,1,0.874777,0.416955,0.416955,1.788911,1.982513,0.882282,-1.788911
member,37326,9,9,1,0.358373,0.698812,0.698812,1.075611,3.416155,1.623418,-1.075611
member,6793,7,7,1,0.022144,0.978099,0.978099,0.140441,6.171018,4.750601,-0.140441
member,2900,4,4,1,0.121535,0.885560,0.885560,0.540925,4.432824,3.035201,-0.540925
member,9743,8,8,1,0.381320,0.682960,0.682960,1.154119,3.112371,1.450096,-1.154119
member,15837,2,2,1,0.379082,0.684490,0.684490,1.125365,3.437781,1.640749,-1.125365
member,42211,1,1,1,0.178721,0.836339,0.836339,0.764152,3.681078,2.888911,-0.764152
member,4704,9,9,1,0.683338,0.504929,0.504929,1.168950,3.440462,0.337973,-1.168950
member,27325,2,2,1,0.360018,0.697664,0.697664,1.193313,3.082657,2.233685,-1.193313
member,29519,9,9,1,0.054860,0.946618,0.946618,0.313421,4.806706,4.180881,-0.313421
member,12524,6,2,0,1.030781,0.356728,0.488090,1.301029,2.476133,-0.313526,1.301029
member,936,1,1,1,0.247379,0.780844,0.780844,0.766228,3.936898,1.577685,-0.766228
member,38817,8,8,1,0.052778,0.948590,0.948590,0.271306,5.834085,3.657731,-0.271306
member,40298,6,6,1,0.813539,0.443286,0.443286,1.392084,2.770467,0.343253,-1.392084
member,30142,8,8,1,0.103592,0.901593,0.901593,0.468029,4.771123,3.141490,-0.468029
member,32193,6,6,1,0.041500,0.959349,0.959349,0.218253,5.793893,3.519520,-0.218253
member,40974,4,7,0,1.337799,0.262423,0.372552,1.780003,1.519264,-0.350421,1.780003
member,5748,7,7,1,0.047208,0.953889,0.953889,0.234653,5.803318,3.324225,-0.234653
member,21048,4,2,0,1.996565,0.135801,0.391898,1.764305,1.134240,-1.059811,1.764305
member,21973,2,2,1,0.455557,0.634094,0.634094,1.375754,2.836546,1.828388,-1.375754
member,14554,3,3,1,0.801360,0.448718,0.448718,1.688041,2.196330,0.746153,-1.688041
member,20562,5,5,1,0.049049,0.952135,0.952135,0.249227,5.857253,3.776642,-0.249227
member,48808,3,3,1,0.605018,0.546065,0.546065,1.452547,2.906661,1.202033,-1.452547
member,27159,5,7,0,1.748454,0.174043,0.742309,0.851378,2.730079,-1.450464,0.851378
member,31827,9,9,1,0.173162,0.841001,0.841001,0.695858,3.844138,2.293649,-0.695858
member,12622,1,1,1,0.091046,0.912976,0.912976,0.471524,4.249820,3.726294,-0.471524
member,5921,6,3,0,1.048628,0.350418,0.556506,1.057130,3.197746,-0.462552,1.057130
member,1720,8,8,1,0.115034,0.891336,0.891336,0.489318,4.638214,2.612035,-0.489318
member,581,4,4,1,0.106890,0.898624,0.898624,0.444644,4.885664,2.524387,-0.444644
member,24465,2,2,1,0.119180,0.887648,0.887648,0.558037,4.250613,3.319647,-0.558037
member,6143,8,8,1,0.962545,0.381920,0.381920,1.814737,1.908674,0.514191,-1.814737
member,47120,4,4,1,0.186341,0.829991,0.829991,0.792417,3.596344,3.008002,-0.792417
member,12662,9,9,1,0.015986,0.984141,0.984141,0.110841,6.002526,5.217170,-0.110841
member,6361,4,4,1,0.102575,0.902510,0.902510,0.515471,4.160634,3.640126,-0.515471
member,42201,0,0,1,0.183789,0.832111,0.832111,0.743137,3.976972,2.705096,-0.743137
member,34561,4,4,1,0.606343,0.545342,0.545342,1.492057,2.706831,1.353200,-1.492057
member,29123,6,6,1,0.797265,0.450559,0.450559,1.663660,2.436703,1.205681,-1.663660
member,20305,9,1,0,0.858085,0.423973,0.541991,0.868580,3.975190,-0.245579,0.868580
member,34088,2,2,1,0.501360,0.605706,0.605706,1.431982,2.679321,1.711547,-1.431982
member,10254,3,3,1,1.206154,0.299346,0.299346,1.921957,1.556347,0.243362,-1.921957
member,46735,8,8,1,0.507827,0.601802,0.601802,1.332224,2.788728,1.110308,-1.332224
member,28681,0,0,1,0.336710,0.714116,0.714116,1.106749,3.183749,2.042467,-1.106749
member,46606,5,5,1,0.048597,0.952565,0.952565,0.271074,5.059230,3.693379,-0.271074
member,7499,8,8,1,0.283870,0.752864,0.752864,1.007918,3.367486,2.086404,-1.007918
member,24975,1,1,1,0.242205,0.784895,0.784895,0.813372,4.152738,1.944270,-0.813372
member,16000,7,7,1,0.095391,0.909018,0.909018,0.396606,5.100010,2.576102,-0.396606
member,40862,4,4,1,0.356388,0.700201,0.700201,1.195020,3.040308,2.011047,-1.195020
member,23013,4,4,1,0.077008,0.925883,0.925883,0.412580,4.496230,4.108487,-0.412580
member,770,6,6,1,0.382167,0.682381,0.682381,1.247602,2.910484,1.920021,-1.247602
member,4091,2,3,0,1.486839,0.226086,0.421004,1.710433,1.526746,-0.621725,1.710433
member,47648,9,9,1,0.039690,0.961087,0.961087,0.228904,5.423979,4.126536,-0.228904
member,30053,7,7,1,0.084206,0.919241,0.919241,0.435813,4.580044,3.727440,-0.435813
member,48858,7,7,1,0.016041,0.984087,0.984087,0.112500,5.982987,5.378899,-0.112500
member,19580,3,3,1,0.143561,0.866268,0.866268,0.623329,4.300989,3.128535,-0.623329
member,30107,5,5,1,0.197552,0.820738,0.820738,0.673249,4.378602,1.894977,-0.673249
member,42970,3,3,1,0.588883,0.554947,0.554947,0.964899,3.683695,0.357877,-0.964899
member,43109,8,8,1,0.016268,0.983864,0.983864,0.115048,5.794742,5.382613,-0.115048
member,35980,7,7,1,0.000409,0.999591,0.999591,0.004322,9.583453,8.692557,-0.004322
member,16313,0,0,1,0.037888,0.962821,0.962821,0.231015,5.188849,4.615257,-0.231015
member,38042,7,7,1,0.069370,0.932982,0.932982,0.371675,4.777654,3.811361,-0.371675
member,45022,4,4,1,0.062894,0.939043,0.939043,0.317814,5.441489,3.584844,-0.317814
member,14356,7,7,1,0.024629,0.975672,0.975672,0.144063,6.499834,4.513359,-0.144063
member,297,5,5,1,0.338308,0.712976,0.712976,0.874792,3.854253,1.162796,-0.874792
member,33784,9,9,1,0.242211,0.784890,0.784890,0.741511,4.118232,1.577193,-0.741511
member,34173,0,0,1,0.018817,0.981359,0.981359,0.113671,6.548250,4.330600,-0.113671
member,23494,5,5,1,0.244865,0.782810,0.782810,0.869355,3.715005,2.005398,-0.869355
member,43719,9,9,1,0.085521,0.918034,0.918034,0.441893,4.409291,3.752040,-0.441893
member,40396,6,6,1,0.067037,0.935160,0.935160,0.349874,5.088173,3.495308,-0.349874
member,21600,9,9,1,0.291452,0.747178,0.747178,1.085212,3.129137,2.528976,-1.085212
member,12395,8,8,1,0.111364,0.894613,0.894613,0.521149,4.345530,2.931513,-0.521149
member,34845,1,1,1,0.740401,0.476923,0.476923,1.429133,2.547160,0.403258,-1.429133
member,13995,4,4,1,0.138888,0.870325,0.870325,0.613536,4.144363,2.815983,-0.613536
member,45699,7,7,1,0.004661,0.995350,0.995350,0.035840,8.037486,6.020951,-0.035840
member,1278,0,0,1,0.023268,0.977000,0.977000,0.156820,5.528638,5.203791,-0.156820
member,42635,5,5,1,0.163078,0.849525,0.849525,0.539978,5.016296,1.940623,-0.539978
member,4724,8,8,1,0.158441,0.853473,0.853473,0.581523,4.397572,2.071766,-0.581523
member,32825,3,6,0,2.255899,0.104779,0.495961,1.690674,0.678256,-1.554641,1.690674
member,26812,4,4,1,0.057766,0.943871,0.943871,0.321945,4.896291,4.010310,-0.321945
member,20222,1,1,1,0.031471,0.969019,0.969019,0.166737,6.681463,3.950706,-0.166737
member,42964,7,7,1,0.523322,0.592549,0.592549,1.416090,2.808234,1.655138,-1.416090
member,27613,4,4,1,0.040999,0.959830,0.959830,0.225189,5.566831,3.784696,-0.225189
member,19361,7,7,1,0.132137,0.876221,0.876221,0.608566,4.097624,3.185874,-0.608566
member,18370,6,6,1,0.015469,0.984650,0.984650,0.102478,6.695304,4.883637,-0.102478
member,46231,3,3,1,0.601725,0.547866,0.547866,1.438221,2.597895,0.903066,-1.438221
member,45629,5,5,1,0.709642,0.491820,0.491820,1.636630,2.292468,0.910190,-1.636630
member,37760,7,7,1,0.094700,0.909645,0.909645,0.473530,4.435063,3.463309,-0.473530
member,43166,6,6,1,0.083320,0.920056,0.920056,0.415532,4.694384,3.301119,-0.415532
member,28121,3,3,1,1.045020,0.351685,0.351685,1.569511,2.547930,0.290035,-1.569511
member,3308,4,4,1,0.909935,0.402550,0.402550,1.580739,2.160637,0.211481,-1.580739
member,17681,4,4,1,0.170478,0.843262,0.843262,0.713892,4.034385,2.824311,-0.713892
member,29102,4,4,1,0.371137,0.689950,0.689950,1.151654,3.131653,1.672158,-1.151654
member,12104,9,1,0,1.225041,0.293746,0.430133,1.620620,1.734587,-0.381380,1.620620
member,17486,0,0,1,0.247701,0.780593,0.780593,0.905028,3.656166,2.494247,-0.905028
member,38603,4,7,0,1.433004,0.238591,0.552506,1.340340,2.083652,-0.839712,1.340340
member,38485,3,3,1,0.796057,0.451104,0.451104,1.727466,2.115547,1.028447,-1.727466
member,34691,8,8,1,0.145298,0.864764,0.864764,0.646003,3.996614,3.135898,-0.646003
member,14061,1,1,1,0.094718,0.909629,0.909629,0.468224,4.429404,3.439075,-0.468224
member,31026,2,2,1,0.039239,0.961521,0.961521,0.226419,5.452428,3.933784,-0.226419
member,9925,0,0,1,0.322866,0.724071,0.724071,1.062753,3.274315,1.722350,-1.062753
member,3401,6,6,1,0.500034,0.606510,0.606510,1.471803,2.553357,2.031126,-1.471803
member,43023,6,6,1,0.895881,0.408248,0.408248,1.601066,2.229105,0.415949,-1.601066
member,15296,7,7,1,0.078841,0.924187,0.924187,0.408868,4.765453,3.793036,-0.408868
member,18674,2,8,0,1.411451,0.243789,0.454913,1.536275,1.794317,-0.623801,1.536275
member,47623,4,4,1,0.363087,0.695526,0.695526,1.123549,3.315460,1.617821,-1.123549
member,23614,5,5,1,0.042200,0.958678,0.958678,0.218133,5.896133,3.488801,-0.218133
member,26362,1,1,1,0.011008,0.989053,0.989053,0.075964,6.727157,5.135577,-0.075964
member,37636,7,7,1,0.775526,0.460462,0.460462,1.338965,2.666308,0.218283,-1.338965
member,30887,2,2,1,0.369041,0.691397,0.691397,1.164324,3.219059,1.822356,-1.164324
member,46315,2,2,1,0.338544,0.712808,0.712808,1.036906,3.636753,1.708060,-1.036906
member,9381,6,6,1,0.721130,0.486202,0.486202,1.485761,2.785843,0.795756,-1.485761
member,22702,2,2,1,0.881168,0.414299,0.414299,1.552676,2.314244,0.199927,-1.552676
member,43632,4,4,1,0.773167,0.461549,0.461549,1.399470,2.837183,0.414683,-1.399470
member,27561,8,8,1,0.094529,0.909801,0.909801,0.456685,4.493438,3.056954,-0.456685
member,33624,1,1,1,0.054056,0.947379,0.947379,0.217973,6.955181,2.926944,-0.217973
member,47596,8,8,1,0.060898,0.940919,0.940919,0.345240,4.636940,4.191869,-0.345240
member,21935,6,6,1,0.300995,0.740082,0.740082,0.853870,4.205842,1.399400,-0.853870
member,18169,3,5,0,1.750168,0.173745,0.476657,1.660465,1.172348,-1.009209,1.660465
member,29419,4,4,1,0.064783,0.937270,0.937270,0.348872,4.745305,3.626159,-0.348872
member,36616,2,2,1,0.398777,0.671140,0.671140,0.872937,4.038516,0.885343,-0.872937
member,10593,4,4,1,0.277605,0.757596,0.757596,0.915811,3.700022,1.900291,-0.915811
member,37423,7,7,1,0.090591,0.913391,0.913391,0.460632,4.403616,3.521956,-0.460632
member,16674,4,4,1,0.091412,0.912642,0.912642,0.462826,4.444145,3.771139,-0.462826
member,21393,0,0,1,0.387989,0.678420,0.678420,1.085158,3.437452,1.317178,-1.085158
member,44422,6,2,0,1.108720,0.329981,0.410473,1.509037,2.342494,-0.218273,1.509037
member,6293,9,9,1,0.075240,0.927520,0.927520,0.379002,4.979709,3.621373,-0.379002
member,37181,0,0,1,0.877320,0.415896,0.415896,1.602985,2.321106,0.596463,-1.602985
member,18587,5,5,1,0.166351,0.846749,0.846749,0.687123,4.122084,2.934042,-0.687123
member,3425,8,8,1,0.091840,0.912251,0.912251,0.457945,4.457160,3.624866,-0.457945
member,3230,1,1,1,0.032196,0.968317,0.968317,0.174735,5.865668,3.715255,-0.174735
member,41878,4,4,1,0.163296,0.849339,0.849339,0.609625,4.232916,2.090960,-0.609625
member,14463,2,0,0,1.080707,0.339356,0.353727,1.611268,2.043520,-0.041478,1.611268
member,15353,0,0,1,0.082252,0.921040,0.921040,0.415138,4.703465,3.502047,-0.415138
member,42730,8,8,1,1.411824,0.243698,0.243698,2.053472,1.223452,0.370022,-2.053472
member,17786,2,2,1,0.457529,0.632846,0.632846,0.964324,3.826184,0.768882,-0.964324
member,46330,1,1,1,0.014320,0.985782,0.985782,0.099402,6.205709,5.028603,-0.099402
member,16392,0,0,1,0.218622,0.803625,0.803625,0.807098,3.904949,2.044967,-0.807098
member,16852,5,5,1,1.258174,0.284172,0.284172,1.849981,1.590444,0.030006,-1.849981
member,34834,8,8,1,0.313193,0.731109,0.731109,0.897334,3.795037,1.373842,-0.897334
member,32529,5,5,1,0.019411,0.980776,0.980776,0.113921,6.696450,4.224263,-0.113921
member,43523,2,2,1,0.666906,0.513294,0.513294,1.541754,2.602640,1.130819,-1.541754
member,41557,0,6,0,2.563296,0.077050,0.248688,2.137476,-0.006607,-1.171739,2.137476
member,16581,2,2,1,0.727257,0.483233,0.483233,1.764700,2.045628,1.424895,-1.764700
member,17555,6,6,1,0.633308,0.530833,0.530833,1.495258,2.620544,1.047015,-1.495258
member,30229,2,2,1,0.313221,0.731088,0.731088,1.032682,3.588901,1.958952,-1.032682
member,4130,6,6,1,0.036425,0.964231,0.964231,0.195902,5.863630,3.627739,-0.195902
member,38306,5,5,1,0.012829,0.987253,0.987253,0.089535,6.419283,5.377397,-0.089535
member,26808,5,7,0,1.474823,0.228819,0.446620,1.672072,1.484984,-0.668775,1.672072
member,37061,0,8,0,1.758838,0.172245,0.305414,1.963579,0.920173,-0.572752,1.963579
member,17362,2,2,1,0.364640,0.694447,0.694447,1.179089,3.050392,1.726826,-1.179089
member,48397,5,5,1,0.696491,0.498331,0.498331,1.571566,2.582422,1.382745,-1.571566
member,1077,2,2,1,0.076469,0.926382,0.926382,0.417412,4.449215,4.108317,-0.417412
member,47206,8,8,1,0.080997,0.922196,0.922196,0.438916,4.234279,4.088727,-0.438916
member,41033,4,5,0,2.502462,0.081883,0.328399,2.019607,0.044291,-1.388935,2.019607
member,5501,4,4,1,0.470830,0.624484,0.624484,1.385710,2.681408,1.755736,-1.385710
member,4413,4,4,1,0.394212,0.674211,0.674211,1.221356,3.051344,1.790323,-1.221356
member,23802,5,5,1,0.180660,0.834719,0.834719,0.705341,4.056780,2.304931,-0.705341
member,34528,7,7,1,0.509898,0.600557,0.600557,1.392662,2.705686,1.351120,-1.392662
member,21244,7,7,1,0.001849,0.998153,0.998153,0.016517,8.462764,7.473224,-0.016517
member,3000,3,7,0,1.472418,0.229370,0.429404,1.721880,1.504483,-0.627061,1.721880
member,39703,4,4,1,1.108687,0.329992,0.329992,1.824365,1.664283,0.130718,-1.824365
member,47444,0,0,1,0.141925,0.867687,0.867687,0.560683,4.691442,2.684669,-0.560683
member,4759,0,0,1,0.052941,0.948436,0.948436,0.260530,6.192345,3.495298,-0.260530
member,49276,0,0,1,0.265512,0.766813,0.766813,0.963724,3.376343,1.993906,-0.963724
member,44282,1,1,1,0.129060,0.878921,0.878921,0.601070,4.003572,3.242962,-0.601070
member,16539,6,6,1,0.161950,0.850484,0.850484,0.676498,3.917721,2.452713,-0.676498
member,43800,3,3,1,0.636168,0.529317,0.529317,1.462713,2.536144,0.776204,-1.462713
member,25151,1,1,1,0.431369,0.649619,0.649619,1.393310,2.575301,2.276997,-1.393310
member,8322,2,2,1,0.497604,0.607986,0.607986,1.397718,2.878690,1.574789,-1.397718
member,38150,2,2,1,0.438024,0.645310,0.645310,1.354762,2.806009,2.030556,-1.354762
member,47904,2,2,1,0.521518,0.593619,0.593619,1.385557,2.920731,1.432834,-1.385557
member,14946,2,2,1,1.148495,0.317114,0.317114,2.011380,1.485933,0.552177,-2.011380
member,48620,7,7,1,0.427759,0.651969,0.651969,1.269055,3.023496,1.786199,-1.269055
member,43422,2,2,1,0.014872,0.985238,0.985238,0.101367,6.781896,5.221265,-0.101367
member,9468,6,6,1,0.113506,0.892699,0.892699,0.507492,4.454390,2.780959,-0.507492
member,5308,6,6,1,0.613094,0.541673,0.541673,1.540085,2.417818,1.117716,-1.540085
member,24988,7,7,1,0.699122,0.497022,0.497022,1.577250,2.341384,0.775940,-1.577250
member,34482,2,2,1,0.270003,0.763377,0.763377,0.927298,3.656566,2.145522,-0.927298
member,31680,8,8,1,0.084803,0.918694,0.918694,0.405931,4.907022,3.188514,-0.405931
member,4475,3,3,1,0.226375,0.797419,0.797419,0.753397,4.138474,1.782753,-0.753397
member,23090,5,5,1,0.334880,0.715424,0.715424,1.031758,3.515152,1.631474,-1.031758
member,12261,4,7,0,0.901469,0.405973,0.565114,0.833233,4.294495,-0.330741,0.833233
member,2417,8,8,1,0.035466,0.965155,0.965155,0.211116,5.524142,4.520782,-0.211116
member,10214,7,7,1,0.243016,0.784259,0.784259,0.841917,3.802256,1.835714,-0.841917
member,42119,1,1,1,0.249882,0.778893,0.778893,0.728820,4.800428,1.563487,-0.728820
member,6985,4,4,1,0.342625,0.709905,0.709905,1.142080,3.126031,2.054790,-1.142080
member,4120,5,5,1,0.498170,0.607642,0.607642,1.238917,3.120735,1.217349,-1.238917
member,34896,2,2,1,0.288492,0.749393,0.749393,0.851064,3.972012,1.450747,-0.851064
member,26495,0,0,1,0.361269,0.696791,0.696791,1.115926,3.371503,1.622118,-1.115926
member,49744,8,8,1,0.080966,0.922225,0.922225,0.392895,4.776792,3.104991,-0.392895
member,5794,8,8,1,0.071482,0.931013,0.931013,0.357100,4.867414,3.208399,-0.357100
member,32817,5,5,1,0.292747,0.746211,0.746211,0.865019,4.164274,1.834482,-0.865019
member,38894,3,3,1,0.296367,0.743514,0.743514,0.739100,4.385657,1.215501,-0.739100
member,24905,8,8,1,0.087823,0.915923,0.915923,0.444070,4.495105,3.380898,-0.444070
member,10163,9,9,1,0.979452,0.375517,0.375517,1.924967,1.654964,0.829240,-1.924967
member,2829,9,9,1,0.840631,0.431438,0.431438,1.280082,3.049659,0.115414,-1.280082
member,46556,7,7,1,0.012080,0.987992,0.987992,0.080829,6.928774,4.993243,-0.080829
member,37519,0,0,1,0.298956,0.741592,0.741592,1.071821,3.158018,2.078594,-1.071821
member,13826,3,3,1,0.862140,0.422257,0.422257,1.889161,1.835856,1.283106,-1.889161
member,30760,7,7,1,0.078215,0.924766,0.924766,0.398125,4.733159,3.574944,-0.398125
member,32271,8,8,1,0.008423,0.991613,0.991613,0.066465,6.328617,6.548285,-0.066465
member,23115,9,9,1,0.284341,0.752510,0.752510,1.023719,3.281531,2.375848,-1.023719
member,22683,4,0,0,2.339610,0.096365,0.631561,1.280596,1.137095,-1.880050,1.280596
member,28907,9,9,1,0.574636,0.562910,0.562910,1.505877,2.544394,1.326542,-1.505877
member,441,8,8,1,0.300772,0.740247,0.740247,1.033856,3.349555,1.908185,-1.033856
member,35276,4,4,1,0.280508,0.755400,0.755400,1.014534,3.282369,2.158107,-1.014534
member,38708,4,4,1,0.275320,0.759329,0.759329,0.990028,3.395606,2.372481,-0.990028
member,34543,6,6,1,0.979901,0.375348,0.375348,1.756786,1.937293,0.231068,-1.756786
member,15364,7,7,1,0.029187,0.971235,0.971235,0.157955,6.477002,3.818718,-0.157955
member,33648,7,7,1,0.342577,0.709939,0.709939,0.969367,3.921343,1.549957,-0.969367
member,195,5,5,1,0.342123,0.710261,0.710261,1.125710,3.122238,1.808413,-1.125710
member,2705,4,7,0,1.343121,0.261030,0.492278,1.520639,1.826990,-0.634409,1.520639
member,16460,0,0,1,0.058797,0.942898,0.942898,0.333257,4.790760,4.160510,-0.333257
member,42389,8,8,1,0.162486,0.850028,0.850028,0.578266,4.527578,2.016007,-0.578266
member,32667,5,5,1,0.257576,0.772923,0.772923,0.919808,3.516879,2.011431,-0.919808
member,31902,4,4,1,0.178122,0.836840,0.836840,0.659985,4.343847,2.088116,-0.659985
member,24319,0,0,1,0.240659,0.786110,0.786110,0.944324,3.527636,2.838135,-0.944324
member,27515,8,8,1,0.488101,0.613791,0.613791,1.378507,2.786433,1.520596,-1.378507
member,39162,4,4,1,1.308583,0.270203,0.270203,2.047022,1.300610,0.428884,-2.047022
member,16914,7,7,1,0.610014,0.543343,0.543343,1.496497,2.503322,1.068299,-1.496497
member,40617,6,6,1,0.283717,0.752980,0.752980,0.986600,3.615931,2.219243,-0.986600
member,44155,9,9,1,0.531569,0.587682,0.587682,1.163644,3.159014,0.723814,-1.163644
member,32384,4,4,1,0.503919,0.604158,0.604158,1.246713,2.894882,0.923070,-1.246713
member,29601,8,8,1,0.137915,0.871173,0.871173,0.523073,4.540712,2.216463,-0.523073
member,34541,5,5,1,0.370963,0.690070,0.690070,1.097740,3.436129,1.596399,-1.097740
member,6653,7,7,1,0.215488,0.806148,0.806148,0.892293,3.454556,2.910420,-0.892293
member,46468,3,3,1,1.348362,0.259665,0.259665,1.914453,1.505998,0.193188,-1.914453
member,1470,0,1,0,1.489229,0.225546,0.484187,1.465955,2.051857,-0.763945,1.465955
member,10907,5,5,1,0.389843,0.677163,0.677163,1.040144,3.755751,1.303338,-1.040144
member,41441,4,4,1,0.286916,0.750574,0.750574,1.050784,3.157572,2.205797,-1.050784
member,43321,5,5,1,0.163412,0.849241,0.849241,0.676753,4.230683,2.747004,-0.676753
member,6392,2,2,1,0.403989,0.667651,0.667651,1.007093,3.737339,1.074277,-1.007093
member,28953,3,2,0,1.340263,0.261777,0.321045,1.789026,1.603277,-0.204089,1.789026
member,16656,3,3,1,0.386952,0.679124,0.679124,1.110225,3.538380,1.622756,-1.110225
member,17922,8,8,1,0.425988,0.653124,0.653124,0.850989,4.162572,0.768340,-0.850989
member,19588,6,6,1,0.253326,0.776214,0.776214,0.827884,3.889149,1.685941,-0.827884
member,32631,0,0,1,0.181800,0.833768,0.833768,0.738492,3.914135,2.454457,-0.738492
member,22897,2,2,1,0.332021,0.717472,0.717472,1.161431,3.070553,2.418777,-1.161431
member,6340,5,5,1,0.322785,0.724130,0.724130,1.059957,3.322468,1.938366,-1.059957
member,23905,2,2,1,0.068745,0.933565,0.933565,0.371974,4.749758,4.033172,-0.371974
member,38422,7,7,1,0.844742,0.429668,0.429668,1.617720,2.402769,0.768098,-1.617720
member,18916,7,7,1,0.269745,0.763574,0.763574,0.913641,3.568893,1.787728,-0.913641
member,25895,7,7,1,1.149292,0.316861,0.316861,1.788815,1.766571,0.113218,-1.788815
member,12955,9,9,1,0.338094,0.713128,0.713128,0.816757,4.098708,1.091249,-0.816757
member,29065,4,4,1,0.653727,0.520104,0.520104,1.535676,2.463540,0.943644,-1.535676
member,45251,3,3,1,0.879870,0.414837,0.414837,1.803483,2.125508,0.770555,-1.803483
member,35182,0,0,1,0.167720,0.845590,0.845590,0.705794,3.940622,2.772038,-0.705794
member,31470,4,4,1,1.194390,0.302889,0.302889,1.873578,1.533027,0.056954,-1.873578
member,1157,5,5,1,0.394065,0.674310,0.674310,0.921924,3.743147,0.952496,-0.921924
member,18107,8,8,1,0.009076,0.990965,0.990965,0.066739,6.663085,5.516834,-0.066739
member,28858,1,1,1,0.044739,0.956247,0.956247,0.238555,5.564635,3.651324,-0.238555
member,16051,9,9,1,0.203576,0.815808,0.815808,0.811767,3.752410,2.511795,-0.811767
member,17287,6,6,1,0.032667,0.967861,0.967861,0.200073,5.464041,4.306145,-0.200073
member,29982,3,5,0,1.040908,0.353134,0.580124,0.973901,3.310961,-0.496394,0.973901
member,578,1,1,1,0.259531,0.771413,0.771413,0.982287,3.377147,2.521263,-0.982287
member,5692,9,9,1,0.124097,0.883295,0.883295,0.521323,4.662394,2.817842,-0.521323
member,25472,8,8,1,0.439674,0.644246,0.644246,1.367091,2.706688,1.815602,-1.367091
member,40199,7,7,1,0.123750,0.883601,0.883601,0.452877,5.285328,2.235770,-0.452877
member,8960,5,3,0,0.922777,0.397414,0.455445,1.296288,2.568366,-0.136297,1.296288
member,3858,9,9,1,0.019894,0.980302,0.980302,0.131709,5.865074,4.764513,-0.131709
member,32561,7,7,1,0.309687,0.733677,0.733677,1.011666,3.364708,1.748987,-1.011666
member,38792,5,5,1,0.797292,0.450547,0.450547,1.634702,2.336395,0.944304,-1.634702
member,8445,8,8,1,0.037650,0.963049,0.963049,0.227193,5.280888,4.394303,-0.227193
member,7772,0,0,1,0.304647,0.737383,0.737383,1.043805,3.341940,1.968890,-1.043805
member,10869,3,3,1,0.648224,0.522974,0.522974,1.571123,2.463391,1.233964,-1.571123
member,46360,5,5,1,0.424811,0.653894,0.653894,1.195982,3.252935,1.579451,-1.195982
member,48806,1,1,1,0.163259,0.849371,0.849371,0.650917,4.146503,2.353136,-0.650917
member,29174,0,0,1,0.143596,0.866237,0.866237,0.564300,4.589075,2.400317,-0.564300
member,41828,5,3,0,1.295426,0.273781,0.624145,1.053433,2.738992,-0.824054,1.053433
member,29273,3,7,0,1.544258,0.213470,0.421914,1.434630,2.051061,-0.681305,1.434630
member,16739,2,2,1,0.211439,0.809419,0.809419,0.854187,3.662510,2.797293,-0.854187
member,43132,1,1,1,0.010869,0.989190,0.989190,0.074411,6.911318,5.042192,-0.074411
member,26968,2,2,1,0.215956,0.805771,0.805771,0.741296,4.140149,1.855850,-0.741296
member,21535,7,7,1,0.013094,0.986991,0.986991,0.094009,6.302650,5.767661,-0.094009
member,30281,1,1,1,0.088713,0.915108,0.915108,0.428630,4.617339,3.051863,-0.428630
member,29013,9,9,1,0.021913,0.978326,0.978326,0.143486,5.801939,4.978826,-0.143486
member,43840,5,5,1,0.224770,0.798700,0.798700,0.812872,3.776396,2.016751,-0.812872
member,48722,3,3,1,0.661555,0.516048,0.516048,0.986659,3.784163,0.205248,-0.986659
member,32477,2,2,1,0.405435,0.666687,0.666687,1.208023,3.260979,1.821786,-1.208023
member,15041,6,6,1,0.025990,0.974344,0.974344,0.142918,6.400765,3.870734,-0.142918
member,2740,8,8,1,0.100055,0.904788,0.904788,0.419357,5.138309,2.633635,-0.419357
member,48417,2,2,1,0.625177,0.535167,0.535167,1.305143,3.236302,0.740514,-1.305143
member,6128,4,4,1,0.117798,0.888876,0.888876,0.504704,4.848422,2.997585,-0.504704
member,11575,5,4,0,2.776546,0.062253,0.839350,0.715748,1.456632,-2.601419,0.715748
member,26970,9,9,1,0.311886,0.732065,0.732065,0.890317,4.170554,1.628131,-0.890317
member,48528,1,1,1,1.438916,0.237185,0.237185,2.090228,1.049622,0.025635,-2.090228
member,25631,9,9,1,0.129510,0.878525,0.878525,0.585957,4.204114,3.029012,-0.585957
member,4034,2,2,1,0.013309,0.986779,0.986779,0.090278,6.613909,4.923056,-0.090278
member,16729,8,8,1,0.331956,0.717519,0.717519,0.924275,3.793528,1.332932,-0.924275
member,26041,9,9,1,0.330023,0.718907,0.718907,1.146057,3.010943,2.372422,-1.146057
member,42858,6,6,1,1.157554,0.314254,0.314254,2.112165,1.275604,1.104860,-2.112165
member,41754,7,7,1,0.082119,0.921162,0.921162,0.380569,5.246902,3.001408,-0.380569
member,29995,2,2,1,0.508186,0.601586,0.601586,0.877087,4.347024,0.524051,-0.877087
member,19792,1,1,1,0.015919,0.984207,0.984207,0.109784,5.973525,4.991626,-0.109784
member,40178,1,5,0,1.456135,0.233135,0.281966,1.778056,1.617815,-0.190168,1.778056
member,20210,3,3,1,0.641392,0.526559,0.526559,1.067558,3.327427,0.295548,-1.067558
member,13964,0,0,1,0.056915,0.944674,0.944674,0.306199,5.154925,3.764161,-0.306199
member,27919,8,8,1,0.071142,0.931330,0.931330,0.389378,4.511907,4.072333,-0.389378
member,18137,5,5,1,0.875380,0.416704,0.416704,1.800828,1.955012,0.666586,-1.800828
member,30113,3,3,1,1.391667,0.248661,0.248661,2.068283,1.209491,0.094497,-2.068283
member,37767,7,7,1,0.248797,0.779738,0.779738,0.920958,3.569778,2.347466,-0.920958
member,49316,5,4,0,1.816062,0.162665,0.500599,1.478464,1.484580,-1.124112,1.478464
member,24249,6,3,0,1.262486,0.282950,0.322581,1.797379,1.653137,-0.131084,1.797379
member,17353,0,0,1,0.290983,0.747529,0.747529,0.894714,4.007454,1.740040,-0.894714
member,2081,5,5,1,0.384912,0.680511,0.680511,1.108368,3.463971,1.666821,-1.108368
member,41681,2,7,0,2.537185,0.079089,0.477560,1.701275,0.404485,-1.798118,1.701275
member,43416,1,1,1,0.087363,0.916344,0.916344,0.433019,4.568430,3.351102,-0.433019
member,30365,2,2,1,0.335016,0.715326,0.715326,1.088923,3.360558,1.807548,-1.088923
member,41711,4,2,0,1.735634,0.176288,0.234808,1.986298,1.069780,-0.286648,1.986298
member,40155,3,3,1,1.141291,0.319406,0.319406,1.867746,1.691624,0.254146,-1.867746
member,42810,8,9,0,1.592412,0.203434,0.237780,2.095545,0.941431,-0.156003,2.095545
member,30364,9,9,1,0.275697,0.759043,0.759043,0.911335,3.777609,1.914370,-0.911335
member,42192,3,3,1,1.257092,0.284480,0.284480,1.968460,1.535735,0.537159,-1.968460
member,6850,7,7,1,1.080479,0.339433,0.339433,1.596954,2.396993,0.072143,-1.596954
member,12065,8,8,1,0.010642,0.989414,0.989414,0.075599,6.724017,5.363772,-0.075599
member,11220,2,2,1,0.691077,0.501036,0.501036,1.560348,2.573179,0.957193,-1.560348
member,15944,2,2,1,0.125266,0.882262,0.882262,0.556981,4.489569,3.051945,-0.556981
member,523,7,7,1,0.313058,0.731207,0.731207,1.026139,3.470803,1.728332,-1.026139
member,38823,0,0,1,0.134636,0.874034,0.874034,0.589079,4.171523,2.636789,-0.589079
member,40945,0,0,1,0.405348,0.666745,0.666745,1.200350,3.253634,1.651510,-1.200350
member,35689,7,7,1,0.039405,0.961361,0.961361,0.236317,5.295700,4.531893,-0.236317
member,30837,0,0,1,0.671693,0.510843,0.510843,1.682206,2.252449,1.415446,-1.682206
member,11987,6,6,1,0.051577,0.949731,0.949731,0.280969,5.214421,3.743319,-0.280969
member,38202,5,5,1,0.847360,0.428545,0.428545,1.682768,2.083589,0.565333,-1.682768
member,38003,0,0,1,0.037114,0.963566,0.963566,0.224652,5.346266,4.513905,-0.224652
member,18480,1,1,1,0.601631,0.547917,0.547917,1.448728,2.714963,0.994232,-1.448728
member,44013,9,9,1,0.200615,0.818228,0.818228,0.853494,3.472821,3.143259,-0.853494
member,30036,7,7,1,0.702681,0.495256,0.495256,1.696346,2.249461,1.451397,-1.696346
member,46035,5,4,0,1.599524,0.201993,0.217826,1.996616,1.146363,-0.075466,1.996616
member,36924,0,0,1,0.453983,0.635093,0.635093,1.341148,2.816346,1.627559,-1.341148
member,29624,5,5,1,0.732298,0.480803,0.480803,1.398247,2.904427,0.493754,-1.398247
member,30693,1,1,1,0.273818,0.760470,0.760470,0.987474,3.369380,2.370126,-0.987474
member,36550,1,1,1,0.181865,0.833714,0.833714,0.565701,4.890112,1.775615,-0.565701
member,24993,2,2,1,0.131004,0.877214,0.877214,0.607716,4.147813,3.282888,-0.607716
member,47109,1,1,1,0.130541,0.877621,0.877621,0.552666,4.515234,2.695100,-0.552666
member,23986,3,3,1,0.422163,0.655627,0.655627,1.238604,3.030313,1.563795,-1.238604
member,3068,2,2,1,1.304452,0.271321,0.271321,2.127309,1.195861,0.484600,-2.127309
member,40642,4,4,1,0.690823,0.501163,0.501163,1.545418,2.640858,0.963627,-1.545418
member,40698,9,9,1,0.237454,0.788633,0.788633,0.905732,3.384815,2.241832,-0.905732
member,23263,1,1,1,0.087824,0.915922,0.915922,0.413723,4.861040,3.060784,-0.413723
member,44116,0,0,1,0.043022,0.957890,0.957890,0.250501,5.202583,4.028671,-0.250501
member,33421,0,7,0,1.091922,0.335571,0.524537,1.183280,2.972610,-0.446682,1.183280
member,38747,6,6,1,0.594993,0.551567,0.551567,1.496486,2.585124,1.254304,-1.496486
member,27449,8,8,1,0.201411,0.817577,0.817577,0.647946,4.474423,1.751598,-0.647946
member,5396,7,7,1,0.016957,0.983186,0.983186,0.114405,6.322874,5.121459,-0.114405
member,19168,4,2,0,1.259899,0.283683,0.462542,1.522498,1.874187,-0.488881,1.522498
member,3759,4,4,1,0.645194,0.524561,0.524561,1.622877,2.249266,1.402472,-1.622877
member,15703,4,4,1,0.593052,0.552638,0.552638,1.302854,3.602735,1.204743,-1.302854
member,18829,4,4,1,0.482468,0.617258,0.617258,1.397214,2.669667,1.570259,-1.397214
member,43811,0,0,1,0.045301,0.955710,0.955710,0.262286,5.151399,4.153965,-0.262286
member,19224,2,2,1,1.004039,0.366397,0.366397,1.675692,2.218630,0.567726,-1.675692
member,25162,1,1,1,0.169251,0.844297,0.844297,0.709204,3.945022,2.705754,-0.709204
member,29247,3,3,1,0.378528,0.684869,0.684869,1.277549,2.861937,2.264359,-1.277549
member,5491,4,4,1,0.943982,0.389076,0.389076,1.573815,2.356561,0.219748,-1.573815
member,49787,1,1,1,0.067384,0.934836,0.934836,0.301930,5.715449,2.996014,-0.301930
member,30973,9,9,1,0.446223,0.640041,0.640041,0.807377,4.267014,0.659671,-0.807377
member,48781,4,4,1,0.232971,0.792176,0.792176,0.896576,3.556541,2.312677,-0.896576
member,17196,0,0,1,0.041609,0.959245,0.959245,0.238421,5.382909,4.128383,-0.238421
member,36608,7,7,1,1.233974,0.291133,0.291133,2.066883,1.376224,0.669208,-2.066883
member,47878,6,6,1,0.147377,0.862968,0.862968,0.595902,4.582666,2.424365,-0.595902
member,25284,5,5,1,0.056450,0.945114,0.945114,0.255665,5.810415,3.036926,-0.255665
member,23074,2,2,1,0.042545,0.958348,0.958348,0.242533,5.570679,4.036590,-0.242533
member,42737,3,3,1,0.060367,0.941419,0.941419,0.292352,5.472712,3.153523,-0.292352
member,10742,2,2,1,0.499284,0.606965,0.606965,1.375972,2.831773,1.515580,-1.375972
member,30601,8,8,1,0.034565,0.966026,0.966026,0.197562,5.681812,3.889466,-0.197562
member,38275,3,5,0,1.002188,0.367076,0.508091,1.188272,2.875146,-0.325093,1.188272
member,32738,8,8,1,0.117984,0.888711,0.888711,0.574483,4.002169,3.274649,-0.574483
member,44093,3,3,1,0.942452,0.389671,0.389671,1.516890,2.520020,0.382585,-1.516890
member,41104,2,2,1,0.166343,0.846756,0.846756,0.665446,4.312325,2.460860,-0.665446
member,1182,4,4,1,0.126901,0.880821,0.880821,0.594496,4.018635,3.161116,-0.594496
member,34647,3,3,1,0.994425,0.369936,0.369936,1.882425,1.714345,0.562959,-1.882425
member,12240,6,6,1,0.716448,0.488484,0.488484,1.684628,2.160364,1.218912,-1.684628
member,21564,0,0,1,0.187821,0.828763,0.828763,0.730481,4.037733,2.346244,-0.730481
member,48811,7,7,1,0.075693,0.927101,0.927101,0.381256,4.863335,3.579464,-0.381256
member,38782,0,0,1,0.736019,0.479017,0.479017,1.521032,2.377493,0.528264,-1.521032
member,41808,8,8,1,0.399011,0.670984,0.670984,0.956570,4.034853,1.026199,-0.956570
member,17095,7,7,1,0.121715,0.885400,0.885400,0.504079,4.921150,2.816340,-0.504079
member,30582,1,1,1,0.093199,0.911012,0.911012,0.453601,4.655774,3.489032,-0.453601
member,16749,4,4,1,0.164007,0.848736,0.848736,0.558737,4.779694,1.960440,-0.558737
member,27752,9,1,0,1.287176,0.276049,0.674711,0.865337,3.011155,-0.893705,0.865337
member,16776,0,0,1,0.197170,0.821051,0.821051,0.782335,3.781891,2.372928,-0.782335
member,5711,6,6,1,0.655399,0.519235,0.519235,1.484240,2.596491,0.770291,-1.484240
member,36440,3,5,0,2.300563,0.100202,0.712785,0.890799,2.407975,-1.961988,0.890799
member,48137,2,2,1,0.287672,0.750007,0.750007,1.001657,3.513272,2.136029,-1.001657
member,6201,9,9,1,0.090017,0.913915,0.913915,0.464654,4.182176,3.532594,-0.464654
member,31965,7,7,1,0.293319,0.745784,0.745784,0.681354,5.029881,1.173069,-0.681354
member,42772,5,5,1,0.289383,0.748726,0.748726,1.015020,3.506225,2.186522,-1.015020
member,3461,3,3,1,0.187180,0.829294,0.829294,0.726270,4.128413,2.527119,-0.726270
member,22960,2,2,1,0.082737,0.920593,0.920593,0.408618,4.793366,3.331197,-0.408618
member,33520,9,4,0,2.241211,0.106330,0.155916,2.190500,0.191009,-0.382770,2.190500
member,32338,6,6,1,0.229639,0.794820,0.794820,0.914550,3.451852,2.785480,-0.914550
member,41590,4,4,1,0.225564,0.798066,0.798066,0.845075,3.757196,2.488588,-0.845075
member,35238,7,7,1,0.488428,0.613590,0.613590,1.331679,2.831011,1.221346,-1.331679
member,2527,3,3,1,0.612803,0.541830,0.541830,0.811324,4.350272,0.211601,-0.811324
member,18881,7,7,1,0.966618,0.380367,0.380367,1.474572,2.483307,0.066766,-1.474572
member,1484,6,6,1,0.132627,0.875792,0.875792,0.614765,4.012637,3.201241,-0.614765
member,29708,8,8,1,0.025879,0.974453,0.974453,0.158172,5.777666,4.260872,-0.158172
member,3270,5,5,1,0.202469,0.816711,0.816711,0.667599,4.482213,1.819845,-0.667599
member,3610,2,2,1,0.407888,0.665053,0.665053,1.180555,3.349867,1.684354,-1.180555
member,11846,7,7,1,0.011881,0.988190,0.988190,0.082687,6.659152,5.101909,-0.082687
member,24066,9,9,1,0.164133,0.848629,0.848629,0.546033,4.662900,1.915344,-0.546033
member,8760,3,3,1,0.695819,0.498666,0.498666,1.595401,2.416661,0.921288,-1.595401
member,35552,5,5,1,0.093412,0.910818,0.910818,0.449130,4.569318,3.091689,-0.449130
member,10369,8,8,1,0.060327,0.941456,0.941456,0.301317,5.249111,3.216332,-0.301317
member,2464,8,8,1,0.573653,0.563464,0.563464,1.322737,2.812846,0.815624,-1.322737
member,48582,6,6,1,0.083018,0.920335,0.920335,0.411188,4.698870,3.267867,-0.411188
member,28499,8,8,1,0.182145,0.833481,0.833481,0.718495,4.082155,2.562376,-0.718495
member,22039,6,6,1,0.291920,0.746828,0.746828,1.055302,3.291049,2.519070,-1.055302
member,42171,1,1,1,0.358440,0.698765,0.698765,1.119318,3.289904,1.660625,-1.119318
member,35906,5,5,1,0.589913,0.554376,0.554376,0.946394,4.008960,0.357979,-0.946394
member,9389,4,4,1,0.664602,0.514478,0.514478,1.410126,2.888099,0.860238,-1.410126
member,28175,1,1,1,0.935796,0.392273,0.392273,1.772689,2.015069,0.903869,-1.772689
member,46339,4,4,1,0.457595,0.632804,0.632804,0.971365,3.717768,0.758004,-0.971365
member,11163,1,1,1,0.201804,0.817255,0.817255,0.642121,4.388617,1.742825,-0.642121
member,48266,0,0,1,0.109159,0.896587,0.896587,0.445419,4.965239,2.489857,-0.445419
member,46900,1,1,1,0.193198,0.824318,0.824318,0.694940,4.030823,1.974142,-0.694940
member,10758,5,5,1,1.023876,0.359200,0.359200,1.941276,1.672982,0.843093,-1.941276
member,45754,3,6,0,1.659800,0.190177,0.313056,1.734437,1.597152,-0.498428,1.734437
member,37078,0,0,1,0.005656,0.994360,0.994360,0.046525,6.782691,6.779918,-0.046525
member,23502,6,6,1,0.043060,0.957854,0.957854,0.230114,5.787877,3.633809,-0.230114
member,38332,8,8,1,0.985426,0.373280,0.373280,1.780795,1.995405,0.337927,-1.780795
member,38057,7,7,1,0.062059,0.939827,0.939827,0.304485,5.588801,3.607411,-0.304485
member,42243,5,5,1,0.271346,0.762353,0.762353,0.854797,4.097950,1.786832,-0.854797
member,28617,1,1,1,0.018417,0.981752,0.981752,0.126786,5.778350,5.388563,-0.126786
member,37794,8,8,1,0.032810,0.967723,0.967723,0.201557,5.405239,4.304626,-0.201557
member,5564,7,7,1,0.026756,0.973599,0.973599,0.157857,6.394325,4.307756,-0.157857
member,5907,6,6,1,0.067200,0.935009,0.935009,0.360904,4.866408,3.895817,-0.360904
member,31304,7,7,1,0.006900,0.993124,0.993124,0.048936,7.583373,5.341725,-0.048936
member,23181,2,2,1,0.510930,0.599938,0.599938,1.382372,2.787499,1.355760,-1.382372
member,37739,9,9,1,0.129788,0.878281,0.878281,0.618307,3.971869,3.596612,-0.618307
member,41690,1,1,1,0.068059,0.934206,0.934206,0.275083,6.161074,2.761029,-0.275083
member,23372,3,4,0,2.268409,0.103477,0.451391,1.587988,0.940112,-1.472989,1.587988
member,33789,3,3,1,0.704547,0.494332,0.494332,1.619428,2.326017,1.178106,-1.619428
member,7442,1,1,1,0.240437,0.786284,0.786284,0.859350,3.532889,1.882228,-0.859350
member,7474,3,2,0,1.319696,0.267217,0.357878,1.743301,1.769886,-0.292132,1.743301
member,24963,1,1,1,0.648869,0.522636,0.522636,1.389979,2.506394,0.586848,-1.389979
member,41065,7,7,1,0.112206,0.893860,0.893860,0.491542,4.889499,2.925778,-0.491542
member,49171,6,6,1,0.931666,0.393897,0.393897,1.863904,1.928344,0.963369,-1.863904
member,35527,7,7,1,0.398618,0.671247,0.671247,1.138433,3.219438,1.346017,-1.138433
member,20376,1,1,1,0.271614,0.762148,0.762148,0.933454,3.473919,1.790253,-0.933454
member,46010,5,5,1,0.501530,0.605603,0.605603,1.019772,3.413651,0.645806,-1.019772
member,41547,4,7,0,1.486617,0.226136,0.371179,1.826438,1.385778,-0.495546,1.826438
member,26458,9,9,1,0.097514,0.907090,0.907090,0.328635,6.559733,2.312333,-0.328635
member,20873,8,8,1,0.087314,0.916390,0.916390,0.457209,4.303364,3.718435,-0.457209
member,20483,5,4,0,2.687367,0.068060,0.541420,1.424846,0.709477,-2.073807,1.424846
member,23498,3,5,0,1.303425,0.271600,0.417610,1.694857,1.593218,-0.430217,1.694857
member,640,6,2,0,1.690272,0.184469,0.246929,2.129953,0.814503,-0.291617,2.129953
member,44855,3,3,1,0.209693,0.810833,0.810833,0.603614,4.868567,1.593608,-0.603614
member,14761,2,2,1,0.259408,0.771508,0.771508,0.913790,3.880716,2.149724,-0.913790
member,10445,8,8,1,0.803441,0.447786,0.447786,1.582456,2.436257,0.780749,-1.582456
member,44157,9,9,1,0.247605,0.780668,0.780668,0.936599,3.366225,2.322940,-0.936599
member,2875,2,2,1,0.957501,0.383851,0.383851,1.347463,2.815809,0.022857,-1.347463
member,47177,9,9,1,0.188326,0.828344,0.828344,0.809851,3.598337,2.899957,-0.809851
member,31531,2,2,1,0.550620,0.576592,0.576592,1.516326,2.549720,1.636882,-1.516326
member,25678,6,6,1,0.109013,0.896719,0.896719,0.456631,5.350389,2.720922,-0.456631
member,9848,4,0,0,1.179063,0.307567,0.422362,1.555166,2.034680,-0.317170,1.555166
member,10598,7,7,1,0.271994,0.761859,0.761859,0.751512,4.323168,1.384234,-0.751512
member,4524,0,0,1,0.626540,0.534438,0.534438,1.678427,2.166897,1.655665,-1.678427
member,46200,0,1,0,1.867975,0.154436,0.468630,1.741889,1.034914,-1.110034,1.741889
member,48139,5,3,0,1.541374,0.214087,0.483012,1.560608,1.705249,-0.813660,1.560608
member,6515,1,1,1,0.021947,0.978292,0.978292,0.143897,5.702634,4.814628,-0.143897
member,25694,8,8,1,0.024219,0.976072,0.976072,0.162609,5.491814,5.394231,-0.162609
member,1508,8,8,1,0.025220,0.975095,0.975095,0.160969,5.653812,4.554985,-0.160969
member,42357,3,5,0,0.909059,0.402903,0.502709,1.111999,3.063257,-0.221315,1.111999
member,12285,4,7,0,0.802968,0.447997,0.509107,0.899122,3.989104,-0.127871,0.899122
member,11015,2,2,1,0.012888,0.987194,0.987194,0.092326,6.402736,5.584428,-0.092326
member,46615,8,8,1,0.035495,0.965127,0.965127,0.190397,6.053180,3.677305,-0.190397
member,27600,7,7,1,0.375728,0.686789,0.686789,1.177984,3.104313,1.909391,-1.177984
member,40771,5,5,1,0.614934,0.540677,0.540677,1.512797,2.559050,1.194745,-1.512797
member,46864,0,0,1,0.097501,0.907102,0.907102,0.485675,4.484571,3.657667,-0.485675
member,29801,1,1,1,0.028330,0.972067,0.972067,0.167293,5.928575,4.448505,-0.167293
member,18875,4,4,1,0.353741,0.702057,0.702057,1.083483,3.267770,1.529923,-1.083483
member,12793,9,9,1,0.106849,0.898662,0.898662,0.493954,4.632079,3.231696,-0.493954
member,5739,4,4,1,0.547468,0.578413,0.578413,1.530927,2.510516,1.676461,-1.530927
member,736,8,8,1,0.469787,0.625135,0.625135,1.365402,2.730600,1.451325,-1.365402
member,3607,0,0,1,0.290526,0.747870,0.747870,1.042617,3.336895,2.210240,-1.042617
member,25429,4,4,1,0.157409,0.854354,0.854354,0.695147,3.872167,3.032374,-0.695147
member,30965,5,5,1,0.408893,0.664386,0.664386,1.179277,3.176866,1.732483,-1.179277
member,19706,8,8,1,0.486696,0.614654,0.614654,1.427795,2.569340,1.596754,-1.427795
member,19970,6,6,1,0.105355,0.900005,0.900005,0.474410,4.661983,2.850487,-0.474410
member,17457,1,1,1,0.022392,0.977857,0.977857,0.141164,6.042630,4.616324,-0.141164
member,24792,0,0,1,1.361931,0.256166,0.256166,2.057795,1.273784,0.384413,-2.057795
member,46483,5,5,1,0.219763,0.802709,0.802709,0.749899,4.268748,2.197170,-0.749899
member,49631,8,8,1,0.048482,0.952675,0.952675,0.279674,4.994625,4.053712,-0.279674
member,25083,0,0,1,0.252366,0.776960,0.776960,0.878960,3.709754,1.912910,-0.878960
member,2624,9,9,1,0.144767,0.865224,0.865224,0.648424,3.973539,3.234370,-0.648424
member,6954,0,0,1,0.751158,0.471820,0.471820,1.534540,2.447009,0.665004,-1.534540
member,28739,4,4,1,0.290400,0.747964,0.747964,0.891245,4.069366,1.857675,-0.891245
member,27656,1,1,1,0.378039,0.685204,0.685204,1.197049,2.991190,1.666038,-1.197049
member,20367,3,3,1,0.428724,0.651340,0.651340,0.868228,4.234821,0.769071,-0.868228
member,23477,1,1,1,0.540958,0.582190,0.582190,1.499322,2.526012,1.742228,-1.499322
member,27623,0,0,1,0.203964,0.815491,0.815491,0.751497,4.123578,2.300622,-0.751497
member,19339,0,0,1,0.388773,0.677888,0.677888,0.849498,4.487160,0.954909,-0.849498
member,21492,4,5,0,2.336719,0.096644,0.651703,1.303998,0.953660,-1.908552,1.303998
member,37082,7,7,1,0.807038,0.446178,0.446178,1.581760,2.477283,0.851826,-1.581760
member,37057,3,3,1,0.957334,0.383915,0.383915,1.506952,2.556176,0.161963,-1.506952
member,11546,1,1,1,0.381603,0.682766,0.682766,0.787240,4.665047,0.890944,-0.787240
member,13095,8,8,1,0.000236,0.999764,0.999764,0.002635,9.765483,9.148577,-0.002635
member,42857,9,1,0,0.816787,0.441849,0.519582,0.896601,3.773555,-0.162057,0.896601
member,29728,2,2,1,0.613962,0.541202,0.541202,1.442531,2.644682,0.855191,-1.442531
member,9987,5,5,1,0.233943,0.791407,0.791407,0.681504,4.452094,1.537389,-0.681504
member,8477,2,2,1,0.112919,0.893223,0.893223,0.443437,5.104380,2.410628,-0.443437
member,30169,8,8,1,0.071534,0.930964,0.930964,0.384122,4.570096,3.765259,-0.384122
member,18972,7,7,1,0.478364,0.619796,0.619796,1.382267,2.765929,1.762265,-1.382267
member,39470,4,4,1,1.086691,0.337331,0.337331,1.707501,2.223288,0.362885,-1.707501
member,10734,7,7,1,0.419771,0.657197,0.657197,1.045071,3.527022,1.027633,-1.045071
member,2211,7,7,1,0.240726,0.786057,0.786057,0.939054,3.457582,2.731096,-0.939054
member,38741,2,7,0,1.665740,0.189051,0.273692,1.957180,1.033490,-0.369988,1.957180
member,25387,9,9,1,0.132162,0.876199,0.876199,0.596355,4.177495,3.095231,-0.596355
member,27451,7,7,1,1.039086,0.353778,0.353778,1.802954,1.828861,0.201045,-1.802954
member,31210,9,9,1,0.427348,0.652237,0.652237,1.330698,2.697639,1.982558,-1.330698
member,32077,8,8,1,0.032470,0.968052,0.968052,0.202179,5.401195,4.566981,-0.202179
member,18304,4,4,1,0.610753,0.542942,0.542942,1.515241,2.524523,1.030166,-1.515241
member,36450,2,2,1,0.037749,0.962955,0.962955,0.222143,5.535446,4.277871,-0.222143
member,13670,9,9,1,0.010761,0.989297,0.989297,0.067679,7.488713,4.758072,-0.067679
member,8193,3,3,1,1.414382,0.243076,0.243076,2.024590,1.311277,0.358669,-2.024590
member,3288,4,4,1,0.630567,0.532290,0.532290,1.556603,2.459948,1.396855,-1.556603
member,47082,7,7,1,0.133199,0.875291,0.875291,0.614653,4.083386,3.235821,-0.614653
member,31429,4,4,1,0.178369,0.836634,0.836634,0.691255,4.345823,2.479015,-0.691255
member,48363,0,0,1,0.230459,0.794169,0.794169,0.810381,3.879526,1.902675,-0.810381
member,31992,7,7,1,0.035748,0.964883,0.964883,0.205575,5.682064,3.968070,-0.205575
member,36436,2,2,1,0.429710,0.650698,0.650698,1.198296,3.093318,1.228358,-1.198296
member,21628,9,9,1,0.078230,0.924752,0.924752,0.400412,4.517624,3.384858,-0.400412
member,38020,6,6,1,0.244384,0.783187,0.783187,0.901847,3.771837,2.496692,-0.901847
member,26164,0,0,1,0.254680,0.775165,0.775165,0.945106,3.538348,2.450870,-0.945106
member,12532,5,3,0,0.827839,0.436993,0.516518,0.920609,3.889438,-0.167194,0.920609
member,407,0,0,1,0.217709,0.804359,0.804359,0.861067,3.650697,2.729443,-0.861067
member,48607,6,6,1,0.059351,0.942376,0.942376,0.334480,4.796578,4.199276,-0.334480
member,26366,6,6,1,0.568073,0.566616,0.566616,1.533063,2.489945,1.383314,-1.533063
member,10743,9,9,1,0.039724,0.961055,0.961055,0.223674,5.440960,3.960579,-0.223674
member,33089,9,9,1,0.275972,0.758834,0.758834,0.953655,3.618851,2.359148,-0.953655
member,10157,1,1,1,0.225299,0.798278,0.798278,0.880790,3.492591,2.349666,-0.880790
member,17164,3,3,1,0.893157,0.409361,0.409361,1.573717,2.276980,0.263369,-1.573717
member,43183,8,8,1,0.030824,0.969647,0.969647,0.187594,5.541699,4.227868,-0.187594
member,2915,6,6,1,1.118355,0.326817,0.326817,1.797483,1.947362,0.245282,-1.797483
member,27175,0,0,1,0.434110,0.647841,0.647841,1.268017,2.957719,1.501039,-1.268017
member,17897,3,3,1,0.969812,0.379154,0.379154,1.898590,1.755518,0.957809,-1.898590
member,22472,1,1,1,0.097706,0.906915,0.906915,0.485373,4.322566,3.336547,-0.485373
member,5228,9,9,1,0.015228,0.984887,0.984887,0.108596,5.987833,5.502567,-0.108596
member,44790,4,7,0,0.944213,0.388986,0.471994,1.236788,2.742864,-0.193424,1.236788
member,343,4,4,1,0.041986,0.958884,0.958884,0.197980,6.256099,3.290539,-0.197980
member,49310,7,7,1,0.330498,0.718566,0.718566,1.167231,2.993610,2.302796,-1.167231
member,48979,0,0,1,0.109030,0.896704,0.896704,0.466182,4.986096,3.028401,-0.466182
member,14584,4,4,1,0.070093,0.932308,0.932308,0.371541,4.718706,3.567728,-0.371541
member,20216,2,2,1,0.436424,0.646344,0.646344,1.267856,2.990048,1.673250,-1.267856
member,23413,6,6,1,0.855599,0.425028,0.425028,1.611487,2.349028,0.714436,-1.611487
member,37273,7,7,1,0.036481,0.964176,0.964176,0.214219,5.580832,4.240342,-0.214219
member,47946,0,0,1,0.071463,0.931031,0.931031,0.336315,5.098423,3.002452,-0.336315
member,42105,0,0,1,0.724016,0.484801,0.484801,1.766235,2.107637,1.494758,-1.766235
member,7237,8,8,1,0.050252,0.950989,0.950989,0.267587,5.303133,3.537371,-0.267587
member,31866,4,4,1,0.372470,0.689030,0.689030,1.025743,3.705710,1.357626,-1.025743
member,39265,4,0,0,1.083126,0.338536,0.343126,1.618314,2.041208,-0.013468,1.618314
member,45051,5,3,0,1.019289,0.360851,0.447369,1.347803,2.509068,-0.214917,1.347803
member,47974,8,8,1,0.429029,0.651141,0.651141,1.191698,3.112569,1.239824,-1.191698
member,27393,2,2,1,1.202670,0.300391,0.300391,1.873508,1.630692,0.111812,-1.873508
member,22776,8,8,1,0.059381,0.942348,0.942348,0.320007,4.932079,3.920426,-0.320007
member,17377,7,7,1,0.047015,0.954073,0.954073,0.269369,5.054972,3.890804,-0.269369
member,26294,1,1,1,0.064169,0.937847,0.937847,0.334852,5.060051,3.579732,-0.334852
member,7251,0,0,1,0.039637,0.961139,0.961139,0.224696,5.498452,3.884076,-0.224696
member,25224,1,1,1,0.418980,0.657717,0.657717,1.333635,2.748364,2.150063,-1.333635
member,26540,4,3,0,1.368937,0.254377,0.340767,1.596001,1.963032,-0.292380,1.596001
member,7431,8,8,1,0.020521,0.979688,0.979688,0.139580,5.710768,5.144574,-0.139580
member,1048,3,3,1,0.815676,0.442340,0.442340,1.300204,2.799664,0.098565,-1.300204
member,44159,2,2,1,0.307393,0.735361,0.735361,0.916422,3.817494,1.466432,-0.916422
member,9118,1,1,1,0.088250,0.915532,0.915532,0.463024,4.292938,3.832119,-0.463024
member,32804,5,2,0,2.857341,0.057421,0.279796,1.950871,0.005830,-1.583646,1.950871
member,45949,3,3,1,0.247884,0.780450,0.780450,0.892085,3.809206,2.116370,-0.892085
member,34107,7,7,1,0.485516,0.615380,0.615380,1.139765,3.760142,1.246334,-1.139765
member,19721,4,4,1,0.259110,0.771738,0.771738,0.952396,3.460554,2.472392,-0.952396
member,38370,9,9,1,0.661090,0.516289,0.516289,1.568145,2.350658,0.921940,-1.568145
member,42959,7,7,1,0.890603,0.410408,0.410408,1.771931,2.028147,0.881794,-1.771931
member,12556,5,5,1,0.007041,0.992984,0.992984,0.054633,6.883352,6.140823,-0.054633
member,36316,2,2,1,0.067082,0.935118,0.935118,0.366135,4.728614,3.913777,-0.366135
member,27204,2,2,1,1.255164,0.285029,0.285029,1.942122,1.483536,0.364385,-1.942122
member,39089,8,0,0,0.969603,0.379234,0.437540,1.397920,2.310982,-0.143015,1.397920
member,8191,1,1,1,0.077396,0.925524,0.925524,0.341981,5.363548,2.849353,-0.341981
member,14279,9,9,1,0.554093,0.574593,0.574593,1.550807,2.461326,1.856142,-1.550807
member,38463,1,1,1,0.179992,0.835277,0.835277,0.714099,3.918858,2.285540,-0.714099
member,7672,7,7,1,0.205975,0.813853,0.813853,0.838957,3.608041,2.853297,-0.838957
member,26391,0,0,1,0.206276,0.813608,0.813608,0.803443,3.803045,2.343136,-0.803443
member,39900,6,2,0,1.567730,0.208518,0.694595,0.935148,2.860790,-1.203304,0.935148
member,36778,2,2,1,0.468692,0.625820,0.625820,1.220746,3.168683,1.147848,-1.220746
member,43652,9,9,1,0.373935,0.688022,0.688022,1.163041,3.087360,1.779842,-1.163041
member,17759,6,6,1,0.210832,0.809910,0.809910,0.700686,4.313873,1.777132,-0.700686
member,48383,5,5,1,0.124994,0.882502,0.882502,0.565599,4.222401,3.074052,-0.565599
member,862,6,0,0,2.427191,0.088284,0.279403,1.880991,0.535794,-1.152091,1.880991
member,19261,4,4,1,0.238161,0.788076,0.788076,0.748125,4.178700,1.638674,-0.748125
member,45075,3,3,1,0.174418,0.839946,0.839946,0.573687,4.703977,1.864060,-0.573687
member,19557,8,8,1,0.058952,0.942752,0.942752,0.335518,4.688504,4.261157,-0.335518
member,23428,1,1,1,0.184504,0.831517,0.831517,0.584064,4.853134,1.793074,-0.584064
member,19272,6,6,1,1.042847,0.352450,0.352450,1.447543,3.126198,0.046746,-1.447543
member,40676,9,9,1,0.846427,0.428945,0.428945,1.768185,1.954110,0.855243,-1.768185
member,5568,1,1,1,0.505818,0.603012,0.603012,1.007639,3.764434,0.644272,-1.007639
member,19284,4,4,1,1.107691,0.330321,0.330321,1.931811,1.585903,0.341964,-1.931811
member,17874,8,0,0,1.058554,0.346957,0.473696,1.386281,2.255508,-0.311363,1.386281
member,3161,2,2,1,0.825091,0.438195,0.438195,1.730514,2.151080,1.091245,-1.730514
member,24545,7,5,0,1.732348,0.176869,0.356888,1.763504,1.316378,-0.702015,1.763504
member,49217,9,9,1,0.395442,0.673382,0.673382,1.200630,3.238004,1.711751,-1.200630
member,31791,5,5,1,0.191059,0.826084,0.826084,0.617875,4.537880,1.789104,-0.617875
member,1131,6,0,0,1.414740,0.242989,0.380668,1.684018,1.670647,-0.448912,1.684018
member,24564,8,8,1,0.121730,0.885387,0.885387,0.587943,4.025934,3.390652,-0.587943
member,31148,3,3,1,0.072803,0.929784,0.929784,0.336294,5.395276,2.994973,-0.336294
member,31491,7,7,1,0.001556,0.998446,0.998446,0.013847,8.738273,7.082042,-0.013847
member,37516,8,8,1,0.068086,0.934181,0.934181,0.350222,4.920488,3.555434,-0.350222
member,43063,5,5,1,0.081417,0.921809,0.921809,0.362089,5.210691,2.823748,-0.362089
member,9401,0,0,1,0.210429,0.810237,0.810237,0.829965,3.647003,2.440173,-0.829965
member,35419,8,8,1,0.518992,0.595120,0.595120,1.492529,2.517857,1.843658,-1.492529
member,7340,2,2,1,1.046072,0.351315,0.351315,1.977271,1.605164,0.965584,-1.977271
member,24869,3,3,1,0.883826,0.413199,0.413199,1.478451,2.324610,0.079404,-1.478451
member,48943,8,8,1,0.224539,0.798884,0.798884,0.736675,4.370459,1.907491,-0.736675
member,27524,9,8,0,0.987860,0.372373,0.417566,1.479107,2.188457,-0.114547,1.479107
member,28195,7,5,0,1.290060,0.275254,0.365212,1.588552,2.060877,-0.282784,1.588552
member,15951,8,8,1,0.270732,0.762821,0.762821,0.976741,3.370786,2.132957,-0.976741
member,25030,2,2,1,0.278193,0.757150,0.757150,0.945451,3.581232,1.925226,-0.945451
member,23400,9,9,1,0.716439,0.488488,0.488488,1.634148,2.331660,1.156797,-1.634148
member,22730,7,7,1,0.178001,0.836942,0.836942,0.639745,4.388576,2.016430,-0.639745
member,29415,2,2,1,0.093196,0.911015,0.911015,0.466907,4.542813,3.553713,-0.466907
member,39273,2,4,0,1.007055,0.365293,0.569368,0.992576,3.146312,-0.443828,0.992576
member,49188,5,5,1,0.361007,0.696974,0.696974,1.136193,3.268515,1.780647,-1.136193
member,34883,9,9,1,0.140916,0.868562,0.868562,0.600349,4.177937,2.822518,-0.600349
member,18967,9,9,1,0.191764,0.825502,0.825502,0.680668,4.595698,2.355452,-0.680668
member,47710,2,8,0,1.941340,0.143511,0.441434,1.601624,1.389326,-1.123613,1.601624
member,31660,6,6,1,0.535128,0.585594,0.585594,1.285831,3.029260,0.954276,-1.285831
member,26753,5,3,0,1.614419,0.199006,0.453374,1.693810,1.401870,-0.823382,1.693810
member,36417,7,7,1,0.012934,0.987149,0.987149,0.091221,6.614377,5.450614,-0.091221
member,40652,0,0,1,0.804145,0.447470,0.447470,1.354825,2.606194,0.150045,-1.354825
member,2742,2,2,1,0.279640,0.756056,0.756056,1.006438,3.369258,2.259938,-1.006438
member,3049,0,0,1,0.322161,0.724582,0.724582,1.108599,3.115949,2.051820,-1.108599
member,49,0,0,1,0.101733,0.903270,0.903270,0.501227,4.381242,3.494828,-0.501227
member,39859,9,9,1,0.909363,0.402781,0.402781,1.458525,2.444941,0.137469,-1.458525
member,8745,7,7,1,0.186288,0.830035,0.830035,0.749621,3.922381,2.722714,-0.749621
member,4745,3,5,0,1.416940,0.242455,0.694890,0.872132,3.089989,-1.052938,0.872132
member,9194,2,2,1,1.209876,0.298234,0.298234,1.850977,1.612004,0.188149,-1.850977
member,7613,7,7,1,0.073017,0.929585,0.929585,0.343752,5.352790,3.041916,-0.343752
member,46147,1,1,1,0.423475,0.654768,0.654768,1.199849,3.055109,1.425958,-1.199849
member,20015,0,0,1,0.718089,0.487683,0.487683,1.559249,2.457680,0.873433,-1.559249
member,44978,4,2,0,1.330478,0.264351,0.325565,1.719777,2.009946,-0.208286,1.719777
member,15170,4,4,1,0.628153,0.533576,0.533576,1.452800,2.642771,1.049149,-1.452800
member,17972,2,2,1,0.684999,0.504091,0.504091,1.505089,2.523467,0.692200,-1.505089
member,22512,3,5,0,2.222062,0.108385,0.628212,1.311083,1.262986,-1.757185,1.311083
member,24393,4,5,0,1.616368,0.198619,0.259532,1.778509,1.511023,-0.267493,1.778509
member,28354,0,0,1,0.413821,0.661119,0.661119,1.136482,3.335567,1.309651,-1.136482
member,7003,6,6,1,0.579699,0.560067,0.560067,1.525383,2.527949,1.350026,-1.525383
member,35263,0,0,1,0.480631,0.618393,0.618393,1.379950,2.791046,1.679805,-1.379950
member,39995,0,0,1,0.097720,0.906903,0.906903,0.487775,4.332665,3.663126,-0.487775
member,173,5,5,1,0.564749,0.568503,0.568503,1.383661,2.944188,1.397083,-1.383661
member,19901,2,2,1,0.904248,0.404846,0.404846,1.568396,2.260627,0.226979,-1.568396
member,46793,5,5,1,0.889394,0.410905,0.410905,1.373743,2.480715,0.001163,-1.373743
member,13013,3,3,1,0.923025,0.397315,0.397315,1.920986,1.726755,1.234673,-1.920986
member,34513,2,2,1,0.399317,0.670778,0.670778,1.310446,2.822721,2.284613,-1.310446
member,15800,6,6,1,0.260684,0.770524,0.770524,0.932035,3.537908,2.005603,-0.932035
member,45750,6,6,1,0.187464,0.829059,0.829059,0.657083,4.537952,2.040901,-0.657083
member,419,9,9,1,0.376033,0.686580,0.686580,1.006845,3.363577,1.149003,-1.006845
member,16295,3,3,1,0.352702,0.702787,0.702787,0.718510,4.813159,0.928970,-0.718510
member,29307,0,0,1,0.038709,0.962031,0.962031,0.228240,5.282498,4.044484,-0.228240
member,22177,8,8,1,0.924103,0.396887,0.396887,1.862322,1.776550,0.764634,-1.862322
member,16751,3,3,1,0.456645,0.633405,0.633405,1.292827,3.002715,1.606280,-1.292827
member,18698,1,1,1,0.196038,0.821981,0.821981,0.716169,4.212197,2.229370,-0.716169
member,39387,1,1,1,0.034415,0.966170,0.966170,0.205580,5.446198,4.196747,-0.205580
member,32976,5,5,1,0.556928,0.572966,0.572966,1.339623,3.058765,1.135074,-1.339623
member,5836,2,2,1,0.015929,0.984197,0.984197,0.110461,6.266175,5.201604,-0.110461
member,39624,5,5,1,0.234916,0.790638,0.790638,0.676101,4.940555,1.556556,-0.676101
member,30504,8,8,1,0.064369,0.937659,0.937659,0.356195,4.603315,3.962912,-0.356195
member,40915,9,9,1,0.363684,0.695111,0.695111,1.214118,2.882473,1.896675,-1.214118
member,40653,6,6,1,0.004045,0.995964,0.995964,0.032833,7.648398,6.369052,-0.032833
member,24105,5,5,1,0.277870,0.757395,0.757395,0.804907,4.904227,1.838082,-0.804907
member,30534,1,1,1,0.152493,0.858565,0.858565,0.673300,3.867029,2.843087,-0.673300
member,28396,8,8,1,0.033151,0.967392,0.967392,0.209015,5.267992,4.741047,-0.209015
member,3243,6,6,1,0.448145,0.638812,0.638812,0.941855,4.048165,0.776600,-0.941855
member,800,2,2,1,0.354039,0.701848,0.701848,0.924376,3.836150,1.161873,-0.924376
member,34940,1,1,1,0.216956,0.804965,0.804965,0.811047,3.760888,2.150995,-0.811047
member,40231,2,2,1,0.532752,0.586987,0.586987,1.464336,2.557322,1.421766,-1.464336
member,10413,5,5,1,0.180671,0.834710,0.834710,0.670500,4.114187,2.100589,-0.670500
member,17971,5,3,0,1.188110,0.304797,0.478327,1.387476,2.249623,-0.450650,1.387476
member,44276,3,3,1,0.203954,0.815500,0.815500,0.664794,4.456875,1.792394,-0.664794
member,42493,0,0,1,0.556357,0.573294,0.573294,1.436518,2.735565,1.354125,-1.436518
member,23553,3,3,1,0.178815,0.836260,0.836260,0.604968,4.528117,1.882261,-0.604968
member,32691,8,8,1,1.166083,0.311585,0.311585,1.659851,2.103068,0.082995,-1.659851
member,43113,8,8,1,0.100423,0.904455,0.904455,0.473871,4.630192,3.346105,-0.473871
member,10945,5,5,1,0.339035,0.712457,0.712457,1.010858,3.553566,1.497560,-1.010858
member,19822,4,4,1,1.000187,0.367811,0.367811,1.608752,2.677656,0.384979,-1.608752
member,44729,4,4,1,0.035584,0.965042,0.965042,0.189131,5.973294,3.639342,-0.189131
member,38933,9,9,1,0.224544,0.798881,0.798881,0.860979,3.713275,2.427756,-0.860979
member,17227,2,7,0,1.631283,0.195678,0.266833,1.947548,1.134800,-0.310151,1.947548
member,26565,0,0,1,0.335656,0.714869,0.714869,1.045711,3.395971,1.668161,-1.045711
member,7560,5,5,1,0.612269,0.542120,0.542120,1.441201,2.591720,0.924173,-1.441201
member,41019,0,0,1,0.162080,0.850373,0.850373,0.729725,3.744528,3.307101,-0.729725
member,3663,2,2,1,1.056100,0.347810,0.347810,1.786351,1.810284,0.318513,-1.786351
member,28956,6,6,1,0.186083,0.830205,0.830205,0.736159,3.985435,2.316931,-0.736159
member,40154,5,5,1,0.774811,0.460791,0.460791,1.654177,2.531680,1.235901,-1.654177
member,41552,6,6,1,0.673766,0.509785,0.509785,1.639046,2.342545,1.229334,-1.639046
member,6365,9,9,1,0.021767,0.978468,0.978468,0.137276,5.990133,4.445075,-0.137276
member,3707,6,6,1,0.044461,0.956513,0.956513,0.253316,5.293209,3.835241,-0.253316
member,35385,7,7,1,0.006851,0.993173,0.993173,0.048782,7.710367,5.448432,-0.048782
member,27612,8,8,1,0.592941,0.552699,0.552699,1.457946,2.694061,1.146111,-1.457946
member,14217,9,9,1,0.098799,0.905925,0.905925,0.445566,4.609989,2.755291,-0.445566
member,71,9,9,1,0.432662,0.648780,0.648780,1.317493,2.830045,1.685451,-1.317493
member,4280,4,4,1,1.041024,0.353093,0.353093,1.678845,2.310013,0.245839,-1.678845
member,3555,1,1,1,0.130312,0.877822,0.877822,0.498055,4.801763,2.271356,-0.498055
member,8468,8,8,1,0.057298,0.944313,0.944313,0.299741,5.071403,3.397346,-0.299741
member,44320,0,0,1,0.134860,0.873838,0.873838,0.601340,4.187917,2.797326,-0.601340
member,21920,5,5,1,0.539590,0.582987,0.582987,1.316684,2.798449,0.902871,-1.316684
member,9598,9,9,1,0.663126,0.515238,0.515238,1.286880,2.734383,0.424080,-1.286880
member,33698,7,7,1,0.022181,0.978064,0.978064,0.146038,5.891789,4.974438,-0.146038
member,11014,0,0,1,0.541019,0.582155,0.582155,1.119800,3.252387,0.619966,-1.119800
member,28713,9,9,1,0.415042,0.660313,0.660313,1.346241,2.747751,2.099032,-1.346241
member,46973,5,5,1,0.409798,0.663784,0.663784,1.222852,3.032739,1.595484,-1.222852
member,29678,2,2,1,0.036752,0.963915,0.963915,0.205716,5.995361,3.970765,-0.205716
member,45563,7,7,1,0.000100,0.999900,0.999900,0.001167,11.335988,9.953056,-0.001167
member,31178,3,3,1,0.995941,0.369376,0.369376,1.688608,2.021061,0.245777,-1.688608
member,21609,9,9,1,0.349422,0.705095,0.705095,0.958756,3.679840,1.247015,-0.958756
member,25408,5,5,1,0.143497,0.866324,0.866324,0.626577,4.139208,2.881056,-0.626577
member,43344,8,8,1,0.095507,0.908912,0.908912,0.450931,4.582664,2.951047,-0.450931
member,49196,1,1,1,0.093137,0.911069,0.911069,0.448453,4.564462,3.223888,-0.448453
member,26733,7,7,1,0.097355,0.907234,0.907234,0.498881,4.229537,3.622944,-0.498881
member,48428,0,0,1,0.019054,0.981126,0.981126,0.131396,5.752628,5.378654,-0.131396
member,18686,7,7,1,0.652564,0.520709,0.520709,1.558392,2.576885,1.060453,-1.558392
member,16649,8,8,1,0.375657,0.686838,0.686838,1.056233,3.562049,1.333710,-1.056233
member,24775,3,3,1,0.099803,0.905016,0.905016,0.416474,5.037415,2.568083,-0.416474
member,24569,2,2,1,0.071872,0.930650,0.930650,0.376971,4.847073,3.606922,-0.376971
member,42825,3,3,1,0.190802,0.826296,0.826296,0.500266,5.971418,1.596054,-0.500266
member,25403,4,4,1,0.237379,0.788693,0.788693,0.671652,4.619859,1.502450,-0.671652
member,24602,1,1,1,0.076579,0.926280,0.926280,0.384154,4.966660,3.442652,-0.384154
member,49697,8,8,1,0.110096,0.895748,0.895748,0.537322,4.186452,3.401181,-0.537322
member,13847,6,6,1,0.730695,0.481574,0.481574,1.283414,2.781490,0.249850,-1.283414
member,49246,7,7,1,0.077976,0.924987,0.924987,0.363369,5.203729,2.958367,-0.363369
member,42942,2,2,1,0.211818,0.809112,0.809112,0.845310,3.701318,2.625003,-0.845310
member,39967,5,5,1,0.387724,0.678599,0.678599,0.708017,5.282568,0.793524,-0.708017
member,28980,6,6,1,0.220021,0.802502,0.802502,0.808419,3.949310,2.206887,-0.808419
member,2799,2,2,1,0.119042,0.887771,0.887771,0.547761,4.542261,3.250096,-0.547761
member,30334,6,2,0,2.713395,0.066311,0.522127,1.572236,0.446441,-2.063551,1.572236
member,5275,9,9,1,0.245328,0.782448,0.782448,0.704858,4.439637,1.494022,-0.704858
member,10820,5,5,1,0.322685,0.724202,0.724202,0.851715,3.988997,1.221253,-0.851715
member,31365,4,5,0,1.450021,0.234565,0.249305,1.978848,1.212947,-0.060942,1.978848
member,24808,6,6,1,0.458327,0.632341,0.632341,1.356273,2.771278,1.802482,-1.356273
member,44596,5,5,1,0.505084,0.603455,0.603455,1.164267,3.909456,1.094036,-1.164267
member,21154,1,1,1,0.378437,0.684931,0.684931,1.063318,3.616223,1.505896,-1.063318
member,45054,7,7,1,0.047344,0.953759,0.953759,0.255727,5.487767,3.615852,-0.255727
member,21131,2,2,1,0.177378,0.837463,0.837463,0.743548,3.942667,2.914585,-0.743548
member,11601,9,9,1,0.115633,0.890802,0.890802,0.542139,4.364635,3.506919,-0.542139
member,3788,9,9,1,0.089227,0.914638,0.914638,0.466192,4.220589,3.805665,-0.466192
member,22892,7,7,1,0.002793,0.997211,0.997211,0.023589,7.921209,6.584650,-0.023589
member,33901,2,2,1,0.246953,0.781177,0.781177,0.861465,3.983658,1.993525,-0.861465
member,13618,5,3,0,1.379454,0.251716,0.548222,1.366297,1.999680,-0.778379,1.366297
member,26683,7,4,0,2.265569,0.103771,0.835023,0.645536,2.333354,-2.085273,0.645536
member,46296,9,1,0,1.315041,0.268463,0.585667,1.204363,2.266281,-0.780037,1.204363
member,18496,2,2,1,0.032182,0.968330,0.968330,0.198670,5.706011,4.849400,-0.198670
member,48625,5,5,1,0.326317,0.721576,0.721576,0.951262,3.617466,1.409785,-0.951262
member,36287,0,0,1,0.260934,0.770332,0.770332,0.937927,3.603403,2.432529,-0.937927
member,45451,2,2,1,0.117091,0.889504,0.889504,0.513573,4.496688,2.636956,-0.513573
member,29833,6,6,1,0.275124,0.759478,0.759478,0.987922,3.447893,2.259707,-0.987922
member,1668,0,0,1,0.030623,0.969841,0.969841,0.189234,5.513779,4.519513,-0.189234
member,8247,4,4,1,0.916424,0.399947,0.399947,1.697070,2.147580,0.683743,-1.697070
member,23292,7,7,1,0.014675,0.985432,0.985432,0.101081,6.322136,5.280381,-0.101081
member,15798,5,5,1,0.080177,0.922953,0.922953,0.375487,4.820220,2.913393,-0.375487
member,31328,8,8,1,0.042071,0.958802,0.958802,0.249401,5.190181,4.511300,-0.249401
member,21043,0,0,1,0.359969,0.697698,0.697698,1.183438,3.045954,1.878398,-1.183438
member,29167,9,9,1,0.099418,0.905365,0.905365,0.364998,5.394732,2.370971,-0.364998
member,48245,5,5,1,0.127884,0.879956,0.879956,0.435334,6.746724,2.229649,-0.435334
member,34522,8,8,1,0.013671,0.986422,0.986422,0.098425,6.040302,5.471726,-0.098425
member,32503,7,7,1,0.122711,0.884520,0.884520,0.553712,4.252401,2.749315,-0.553712
member,32999,5,9,0,1.678869,0.186585,0.450932,1.640530,1.345465,-0.882430,1.640530
member,49895,4,4,1,0.733379,0.480283,0.480283,1.366855,2.821589,0.413408,-1.366855
member,26876,3,3,1,0.227822,0.796266,0.796266,0.644064,4.895715,1.531481,-0.644064
member,14499,0,0,1,0.297645,0.742565,0.742565,0.834507,4.319196,1.453662,-0.834507
member,36251,1,1,1,0.489828,0.612732,0.612732,1.250321,2.915368,1.051551,-1.250321
member,29574,9,9,1,0.348386,0.705826,0.705826,1.072026,3.166538,1.508762,-1.072026
member,39973,5,5,1,0.443146,0.642013,0.642013,0.926018,4.163829,0.819168,-0.926018
member,22952,1,1,1,0.080120,0.923005,0.923005,0.365754,4.934029,2.863530,-0.365754
member,44578,7,7,1,0.045578,0.955445,0.955445,0.238905,5.810400,3.607313,-0.238905
member,3486,3,3,1,0.969209,0.379383,0.379383,1.496969,2.420678,0.050579,-1.496969
member,48172,4,4,1,0.212213,0.808792,0.808792,0.825202,3.700475,2.534280,-0.825202
member,48696,9,9,1,0.428721,0.651341,0.651341,1.293031,2.777489,1.545672,-1.293031
member,20705,8,8,1,0.033430,0.967122,0.967122,0.207197,5.263251,4.404513,-0.207197
member,354,1,1,1,0.020671,0.979541,0.979541,0.133860,5.879546,4.644515,-0.133860
member,7852,3,3,1,0.740888,0.476690,0.476690,1.558833,2.541916,0.912289,-1.558833
member,40565,6,6,1,0.010374,0.989679,0.989679,0.076131,6.725733,5.665979,-0.076131
member,10064,0,0,1,0.131583,0.876706,0.876706,0.588591,4.183386,2.768031,-0.588591
member,30768,1,1,1,0.081599,0.921641,0.921641,0.362735,5.164839,2.812665,-0.362735
member,46182,3,6,0,0.990668,0.371329,0.547424,0.991956,3.895000,-0.388136,0.991956
member,30621,6,6,1,0.492310,0.611213,0.611213,1.464889,2.557947,1.712809,-1.464889
member,25406,6,4,0,1.494332,0.224398,0.458501,1.537636,1.890718,-0.714540,1.537636
member,17104,3,7,0,1.905797,0.148704,0.218210,2.151253,0.605499,-0.383501,2.151253
member,10476,1,1,1,0.090032,0.913902,0.913902,0.466033,4.269169,3.780183,-0.466033
member,38294,4,4,1,0.345224,0.708062,0.708062,1.070660,3.533478,1.692097,-1.070660
member,40254,9,9,1,0.281032,0.755004,0.755004,1.030851,3.205064,2.210477,-1.030851
member,7379,1,1,1,0.327251,0.720903,0.720903,1.014427,3.522680,1.617601,-1.014427
member,19496,3,3,1,0.447528,0.639207,0.639207,1.082866,3.299308,0.934501,-1.082866
member,39588,4,4,1,0.625894,0.534783,0.534783,1.388018,2.819497,0.871507,-1.388018
member,48062,3,3,1,0.514537,0.597777,0.597777,1.058663,3.661595,0.686686,-1.058663
member,48295,0,0,1,0.025119,0.975194,0.975194,0.158917,5.754134,4.491496,-0.158917
member,22264,0,0,1,0.178975,0.836127,0.836127,0.722566,3.943960,2.425687,-0.722566
member,37821,2,2,1,0.291869,0.746866,0.746866,0.911752,3.968571,1.585802,-0.911752
member,44338,7,2,0,1.632208,0.195497,0.296119,1.898293,1.133293,-0.415214,1.898293
member,2652,0,0,1,0.154410,0.856921,0.856921,0.655958,4.151810,2.925011,-0.655958
member,36786,0,0,1,1.085332,0.337790,0.337790,1.974703,1.543401,0.655220,-1.974703
member,32690,6,6,1,0.650480,0.521795,0.521795,1.233396,3.196695,0.522508,-1.233396
member,39699,9,9,1,0.219514,0.802909,0.802909,0.630199,4.830183,1.569686,-0.630199
member,49031,9,9,1,0.074145,0.928537,0.928537,0.363414,4.887591,3.192288,-0.363414
member,14169,0,0,1,0.071046,0.931419,0.931419,0.310005,5.674746,2.847120,-0.310005
member,9400,1,1,1,0.337685,0.713420,0.713420,0.958615,3.879034,1.394316,-0.958615
member,38877,4,4,1,0.648773,0.522687,0.522687,1.537612,2.483420,1.046404,-1.537612
member,22779,5,5,1,0.357600,0.699353,0.699353,0.725848,5.186891,0.929691,-0.725848
member,29903,8,8,1,0.432099,0.649145,0.649145,1.288405,2.889955,1.761226,-1.288405
member,21296,8,8,1,0.005107,0.994906,0.994906,0.039329,7.571667,6.054947,-0.039329
member,28773,3,3,1,1.184908,0.305774,0.305774,1.827291,1.775192,0.340002,-1.827291
member,5045,9,9,1,0.305872,0.736481,0.736481,0.910987,3.656446,1.465957,-0.910987
member,25598,7,7,1,0.056624,0.944949,0.944949,0.311418,5.014737,3.744452,-0.311418
member,15158,4,4,1,0.744840,0.474810,0.474810,1.577353,2.392568,0.734351,-1.577353
member,42212,5,5,1,0.405847,0.666412,0.666412,0.853168,4.468764,0.871091,-0.853168
member,27619,3,3,1,1.054517,0.348361,0.348361,1.781893,1.850931,0.185791,-1.781893
member,38002,8,8,1,0.215601,0.806057,0.806057,0.844185,3.602308,2.439756,-0.844185
member,22654,6,6,1,0.399216,0.670846,0.670846,1.046669,3.502040,1.234607,-1.046669
member,24317,3,3,1,0.303951,0.737897,0.737897,0.935586,3.674377,1.522324,-0.935586
member,38925,8,8,1,0.114451,0.891856,0.891856,0.552037,4.134634,3.382586,-0.552037
member,11729,6,6,1,0.757690,0.468748,0.468748,1.688392,2.284709,1.112689,-1.688392
member,36599,3,6,0,1.644523,0.193105,0.256152,1.922274,1.254180,-0.282537,1.922274
member,37315,2,9,0,2.925630,0.053631,0.326413,1.892817,-0.223751,-1.806038,1.892817
member,40983,8,8,1,0.014247,0.985854,0.985854,0.100106,6.128983,5.217743,-0.100106
member,26822,9,9,1,0.184784,0.831284,0.831284,0.769197,3.683138,2.526779,-0.769197
member,44654,6,6,1,0.770755,0.462663,0.462663,1.596997,2.489481,0.903754,-1.596997
member,28580,1,1,1,0.041730,0.959129,0.959129,0.233463,5.528346,4.071332,-0.233463
member,34976,6,6,1,0.105595,0.899789,0.899789,0.510002,4.481735,3.425135,-0.510002
member,22651,9,0,0,2.097689,0.122740,0.455335,1.304371,1.790552,-1.310967,1.304371
member,41112,8,8,1,0.091958,0.912144,0.912144,0.453958,4.503764,3.236958,-0.453958
member,19151,3,3,1,0.688109,0.502525,0.502525,1.465295,2.535794,0.648341,-1.465295
member,41977,9,9,1,0.218411,0.803795,0.803795,0.844109,3.621161,2.464023,-0.844109
member,2000,7,7,1,0.177335,0.837499,0.837499,0.699023,4.023322,2.282450,-0.699023
member,18219,7,7,1,0.007800,0.992230,0.992230,0.060499,6.635378,6.070485,-0.060499
member,36112,2,3,0,3.583514,0.027778,0.586862,1.337654,-0.102643,-3.050548,1.337654
member,46234,4,4,1,1.036746,0.354607,0.354607,1.831695,1.776759,0.476181,-1.831695
member,29244,0,0,1,0.060247,0.941532,0.941532,0.326428,4.921525,4.033674,-0.326428
member,25673,3,3,1,0.935390,0.392433,0.392433,1.729457,2.169819,0.619911,-1.729457
member,41396,9,9,1,0.124018,0.883364,0.883364,0.464949,4.833471,2.246678,-0.464949
member,14402,8,8,1,0.102844,0.902267,0.902267,0.504188,4.259629,3.296024,-0.504188
member,45849,2,2,1,0.613358,0.541529,0.541529,1.526844,2.556192,1.241755,-1.526844
member,21377,8,8,1,0.031434,0.969055,0.969055,0.200398,5.252700,4.724282,-0.200398
member,21538,1,2,0,2.117004,0.120392,0.271092,2.019290,0.593495,-0.811707,2.019290
member,9036,9,8,0,1.073830,0.341697,0.406895,1.403075,2.605256,-0.174629,1.403075
member,44531,7,7,1,0.466171,0.627400,0.627400,1.335638,2.983218,1.671287,-1.335638
member,15075,6,6,1,0.223594,0.799640,0.799640,0.881022,3.521936,2.672702,-0.881022
member,26330,5,5,1,0.053381,0.948018,0.948018,0.222038,6.718234,2.965753,-0.222038
member,9986,2,2,1,0.043106,0.957810,0.957810,0.247444,5.381363,4.024006,-0.247444
member,49731,7,7,1,0.672929,0.510212,0.510212,1.479523,2.522072,0.670975,-1.479523
member,19499,1,1,1,0.129783,0.878286,0.878286,0.587575,4.252525,3.143640,-0.587575
member,41632,6,6,1,0.032133,0.968378,0.968378,0.184646,6.006238,4.121472,-0.184646
member,38805,4,4,1,0.990929,0.371232,0.371232,1.753810,1.937719,0.516658,-1.753810
member,34613,7,7,1,0.378742,0.684722,0.684722,1.163074,3.260965,1.782144,-1.163074
member,42775,2,4,0,1.669681,0.188307,0.463113,1.568931,1.662777,-0.899896,1.568931
member,6268,9,9,1,0.011322,0.988742,0.988742,0.084476,6.148749,5.956888,-0.084476
member,34191,7,7,1,0.313846,0.730632,0.730632,1.143295,3.028066,2.611142,-1.143295
member,15207,5,5,1,0.650397,0.521838,0.521838,1.595387,2.347839,1.222187,-1.595387
member,46263,6,6,1,0.783200,0.456941,0.456941,1.286525,2.882990,0.170422,-1.286525
member,38381,8,8,1,0.400950,0.669683,0.669683,1.249748,3.027476,2.008744,-1.249748
member,6567,3,3,1,0.252327,0.776991,0.776991,0.661374,4.774384,1.376179,-0.661374
member,12994,7,7,1,0.200710,0.818149,0.818149,0.656626,4.544625,1.796301,-0.656626
member,35406,1,1,1,0.214420,0.807009,0.807009,0.864401,3.486103,2.620636,-0.864401
member,45301,0,0,1,0.455365,0.634216,0.634216,1.392250,2.696249,2.108432,-1.392250
member,27249,9,9,1,0.035809,0.964825,0.964825,0.224412,5.074355,4.920367,-0.224412
member,49644,5,5,1,0.499361,0.606919,0.606919,1.198014,3.168683,0.916768,-1.198014
member,37083,0,2,0,2.076771,0.125334,0.395438,1.688454,0.929897,-1.149010,1.688454
member,14128,0,0,1,0.023282,0.976987,0.976987,0.155910,5.518667,5.111583,-0.155910
member,22016,9,9,1,0.422479,0.655420,0.655420,1.314428,2.737220,1.791857,-1.314428
member,5089,0,0,1,0.692329,0.500409,0.500409,1.655792,2.292527,1.327339,-1.655792
member,26768,2,2,1,0.708036,0.492611,0.492611,1.207658,3.023150,0.239666,-1.207658
member,7615,3,3,1,0.729705,0.482051,0.482051,1.711063,2.113146,1.205671,-1.711063
member,32447,8,8,1,0.783363,0.456867,0.456867,1.405173,2.875026,0.394268,-1.405173
member,43832,3,3,1,0.545785,0.579387,0.579387,1.292878,3.178209,1.136559,-1.292878
member,15286,1,1,1,0.230517,0.794123,0.794123,0.892589,3.433405,2.462301,-0.892589
member,40804,6,6,1,0.144101,0.865801,0.865801,0.620072,4.247792,2.766577,-0.620072
member,24784,7,7,1,0.002661,0.997343,0.997343,0.022792,8.039603,6.788670,-0.022792
member,26357,3,7,0,1.315386,0.268371,0.309393,1.640330,1.944328,-0.142242,1.640330
member,13290,2,2,1,0.023314,0.976956,0.976956,0.151609,5.906409,5.088748,-0.151609
member,15134,2,2,1,0.087464,0.916252,0.916252,0.431920,4.717211,3.292146,-0.431920
member,11827,6,6,1,0.474041,0.622482,0.622482,1.397687,2.675773,1.779585,-1.397687
member,14403,7,7,1,0.035263,0.965351,0.965351,0.219359,5.274574,4.678997,-0.219359
member,33492,6,6,1,0.061393,0.940454,0.940454,0.316712,5.199662,3.518205,-0.316712
member,9254,4,4,1,0.734531,0.479730,0.479730,1.641043,2.258962,0.939896,-1.641043
member,37765,3,4,0,2.769254,0.062709,0.309813,1.759258,0.254492,-1.597467,1.759258
member,1487,3,3,1,0.536516,0.584782,0.584782,0.832744,4.604925,0.416691,-0.832744
member,22898,9,9,1,0.330091,0.718858,0.718858,1.135202,3.081783,2.060217,-1.135202
member,23327,4,4,1,0.167806,0.845518,0.845518,0.721868,3.813277,2.931844,-0.721868
member,21419,4,4,1,0.582491,0.558505,0.558505,1.416697,3.028598,1.268636,-1.416697
member,29045,9,9,1,0.366594,0.693091,0.693091,1.217989,2.898469,2.159592,-1.217989
member,4336,3,3,1,0.176150,0.838492,0.838492,0.722378,4.027359,2.698770,-0.722378
member,26314,7,7,1,0.438188,0.645205,0.645205,1.205862,3.076800,1.245986,-1.205862
member,15452,0,0,1,0.160994,0.851297,0.851297,0.698185,3.931766,2.917377,-0.698185
member,22532,1,1,1,0.226980,0.796937,0.796937,0.760367,4.038222,1.780838,-0.760367
member,15157,7,7,1,0.332505,0.717125,0.717125,1.060517,3.404473,1.911309,-1.060517
member,17990,9,9,1,0.744747,0.474855,0.474855,1.744975,2.100245,1.213755,-1.744975
member,48344,2,0,0,1.355615,0.257789,0.366966,1.844381,1.359213,-0.353131,1.844381
member,35316,7,7,1,0.017939,0.982221,0.982221,0.109922,6.594885,4.372605,-0.109922
member,29156,2,2,1,0.899610,0.406728,0.406728,1.637913,2.247473,0.451789,-1.637913
member,12362,2,2,1,0.212842,0.808284,0.808284,0.805301,3.842366,2.282757,-0.805301
member,10259,7,7,1,0.971150,0.378648,0.378648,1.792565,1.967757,0.751815,-1.792565
member,33011,0,0,1,0.062533,0.939382,0.939382,0.318442,5.060523,3.339807,-0.318442
member,13700,3,3,1,0.602550,0.547414,0.547414,0.824521,4.480974,0.243687,-0.824521
member,45947,3,3,1,0.284189,0.752625,0.752625,0.837270,4.077317,1.499945,-0.837270
member,37452,9,9,1,0.245881,0.782015,0.782015,0.751126,4.710715,1.804852,-0.751126
member,1703,3,3,1,0.178990,0.836114,0.836114,0.696696,4.119339,2.260503,-0.696696
member,11327,8,8,1,0.093384,0.910844,0.910844,0.478273,4.247557,3.551357,-0.478273
member,16731,3,3,1,0.853908,0.425748,0.425748,1.736002,2.086216,0.665750,-1.736002
member,3994,6,6,1,0.082673,0.920653,0.920653,0.405805,4.901370,3.252791,-0.405805
member,25485,7,7,1,0.030432,0.970026,0.970026,0.192783,5.514984,4.815468,-0.192783
member,5265,5,5,1,0.455338,0.634234,0.634234,1.144681,3.304744,1.036206,-1.144681
member,7743,4,7,0,1.541159,0.214133,0.501001,1.434618,1.893492,-0.850012,1.434618
member,3912,6,6,1,0.025655,0.974671,0.974671,0.150601,6.135633,4.062472,-0.150601
member,38490,6,6,1,0.729950,0.481933,0.481933,1.556594,2.460652,0.609356,-1.556594
member,7984,4,4,1,0.896634,0.407941,0.407941,1.556386,2.442464,0.249877,-1.556386
member,15529,2,2,1,1.253391,0.285535,0.285535,1.908120,1.551358,0.052962,-1.908120
member,930,4,4,1,0.262671,0.768995,0.768995,0.959362,3.532238,2.409847,-0.959362
member,39238,9,9,1,0.189272,0.827561,0.827561,0.771311,3.729612,2.528778,-0.771311
member,13889,9,9,1,0.079179,0.923874,0.923874,0.390751,4.628525,3.115165,-0.390751
member,37007,1,1,1,0.020196,0.980006,0.980006,0.116589,6.685472,4.161506,-0.116589
member,30385,7,7,1,0.069423,0.932932,0.932932,0.373478,4.731357,4.028919,-0.373478
member,45237,5,5,1,0.360050,0.697642,0.697642,0.780867,4.477148,0.958285,-0.780867
member,861,3,3,1,0.219968,0.802545,0.802545,0.651725,4.827021,1.613535,-0.651725
member,40815,1,1,1,0.325456,0.722198,0.722198,0.907093,4.086407,1.357485,-0.907093
member,13000,9,9,1,0.294082,0.745216,0.745216,0.837923,3.810141,1.371975,-0.837923
member,32420,2,2,1,0.470388,0.624760,0.624760,1.235729,3.296610,1.341578,-1.235729
member,1594,0,0,1,0.085036,0.918479,0.918479,0.404452,4.929052,3.084525,-0.404452
member,10239,4,4,1,0.260201,0.770897,0.770897,0.818683,3.865140,1.591929,-0.818683
member,32878,9,9,1,0.138966,0.870258,0.870258,0.592635,4.180028,2.526239,-0.592635
member,19487,5,3,0,1.145461,0.318077,0.450600,1.498905,2.087885,-0.348285,1.498905
member,21842,8,8,1,0.044134,0.956825,0.956825,0.262958,5.011877,4.316419,-0.262958
member,41171,4,4,1,0.071310,0.931174,0.931174,0.363161,4.790863,3.303272,-0.363161
member,5975,1,1,1,0.153398,0.857789,0.857789,0.626749,4.339678,2.507473,-0.626749
member,29288,1,1,1,0.265048,0.767169,0.767169,0.891715,3.647893,1.805646,-0.891715
member,46380,0,0,1,0.447929,0.638950,0.638950,1.208954,3.014014,1.135380,-1.208954
member,24461,2,2,1,0.742904,0.475731,0.475731,1.681973,2.228132,1.218688,-1.681973
member,36301,5,5,1,0.168429,0.844991,0.844991,0.628009,4.562268,2.235026,-0.628009
member,11275,9,9,1,0.313327,0.731011,0.731011,1.045416,3.331130,1.900234,-1.045416
member,44648,2,2,1,0.276247,0.758626,0.758626,0.989259,3.523634,2.352447,-0.989259
member,25642,3,3,1,1.202666,0.300392,0.300392,1.874847,1.631354,0.203799,-1.874847
member,26323,3,3,1,1.135578,0.321236,0.321236,2.020120,1.464111,0.570244,-2.020120
member,42086,3,3,1,0.571032,0.564942,0.564942,1.429012,2.651421,1.025925,-1.429012
member,25882,3,3,1,1.161070,0.313151,0.313151,1.985650,1.562813,0.497526,-1.985650
member,11597,9,9,1,0.456308,0.633618,0.633618,1.314611,2.902167,1.722586,-1.314611
member,14577,7,7,1,0.185177,0.830957,0.830957,0.780812,3.652927,2.788236,-0.780812
member,49204,4,4,1,0.919595,0.398680,0.398680,1.854979,1.969585,1.000867,-1.854979
member,26364,6,6,1,0.294082,0.745216,0.745216,0.965242,3.676533,1.868429,-0.965242
member,18501,8,8,1,0.153622,0.857596,0.857596,0.659583,3.992025,2.704116,-0.659583
member,45267,6,6,1,1.021560,0.360033,0.360033,1.858035,1.824034,0.545136,-1.858035
member,14495,5,5,1,0.894561,0.408787,0.408787,1.470080,2.359072,0.078171,-1.470080
member,29568,6,6,1,0.994433,0.369933,0.369933,1.800799,1.877894,0.642752,-1.800799
member,43607,2,2,1,0.227718,0.796349,0.796349,0.811976,3.899471,2.129836,-0.811976
member,23702,3,3,1,0.649627,0.522241,0.522241,1.401327,3.030722,0.980917,-1.401327
member,19392,2,2,1,0.057959,0.943688,0.943688,0.323099,4.968031,3.961507,-0.323099
member,38551,0,0,1,0.094638,0.909702,0.909702,0.491025,4.208534,3.829813,-0.491025
member,10814,3,3,1,0.204585,0.814986,0.814986,0.751405,4.409045,2.419152,-0.751405
member,32141,2,2,1,0.079210,0.923846,0.923846,0.347665,5.314753,2.773402,-0.347665
member,8869,1,1,1,0.038551,0.962182,0.962182,0.236466,5.158276,4.577667,-0.236466
member,225,9,9,1,0.438434,0.645046,0.645046,1.126742,3.384835,1.207929,-1.126742
member,17395,0,0,1,0.350782,0.704137,0.704137,1.065270,3.273179,1.471427,-1.065270
member,34081,1,1,1,0.106945,0.898575,0.898575,0.434647,5.146837,2.522876,-0.434647
member,42030,4,4,1,0.876451,0.416258,0.416258,1.786038,2.014934,0.899066,-1.786038
member,19888,2,2,1,0.801134,0.448820,0.448820,1.644315,2.235142,0.672954,-1.644315
member,19395,0,0,1,0.020118,0.980083,0.980083,0.135279,6.014562,5.200315,-0.135279
member,20634,9,9,1,0.710315,0.491489,0.491489,1.172577,3.068009,0.210551,-1.172577
member,37421,3,3,1,0.324544,0.722857,0.722857,1.074788,3.384339,1.830264,-1.074788
member,2761,9,9,1,0.028815,0.971596,0.971596,0.184337,5.359982,4.741514,-0.184337
member,33479,4,4,1,0.805290,0.446958,0.446958,1.626960,2.263820,0.595100,-1.626960
member,10926,2,2,1,0.958300,0.383544,0.383544,1.892235,1.794097,0.753772,-1.892235
member,46030,5,3,0,1.080018,0.339589,0.353815,1.677025,1.928578,-0.041036,1.677025
member,4538,9,9,1,1.039355,0.353683,0.353683,1.932577,1.611377,0.573682,-1.932577
member,41714,8,8,1,0.095855,0.908596,0.908596,0.467889,4.437043,3.386088,-0.467889
member,19512,4,4,1,0.663166,0.515217,0.515217,1.047740,3.553480,0.242836,-1.047740
member,39211,3,2,0,2.551362,0.077975,0.323804,1.932940,0.107085,-1.423745,1.932940
member,29266,5,5,1,0.024693,0.975609,0.975609,0.158458,5.782096,4.933798,-0.158458
member,45845,0,0,1,0.060197,0.941579,0.941579,0.291546,5.535949,3.234468,-0.291546
member,39438,3,2,0,1.278388,0.278486,0.279456,1.896752,1.536579,-0.003477,1.896752
member,44431,6,3,0,1.500975,0.222913,0.344735,1.915848,1.230302,-0.435996,1.915848
member,22522,1,1,1,0.030726,0.969741,0.969741,0.192157,5.447402,4.602400,-0.192157
member,21656,2,2,1,1.038270,0.354067,0.354067,1.951412,1.624848,0.638708,-1.951412
member,49584,6,6,1,0.338639,0.712740,0.712740,1.118347,3.162227,1.753773,-1.118347
member,14459,2,2,1,0.215737,0.805947,0.805947,0.704817,4.221710,1.745156,-0.704817
member,14409,1,1,1,0.064382,0.937646,0.937646,0.303541,5.192686,3.030630,-0.303541
member,33227,8,8,1,0.010857,0.989201,0.989201,0.079715,6.505885,5.708258,-0.079715
member,7212,0,0,1,0.071293,0.931189,0.931189,0.394872,4.403513,4.104518,-0.394872
member,14580,3,5,0,0.820709,0.440120,0.445624,1.191321,2.866430,-0.012429,1.191321
member,14836,1,1,1,0.008852,0.991188,0.991188,0.061372,7.146500,5.196008,-0.061372
member,40778,8,8,1,0.251704,0.777475,0.777475,0.918930,3.596963,2.153355,-0.918930
member,23969,1,1,1,0.143871,0.865999,0.865999,0.466975,5.292871,1.979100,-0.466975
member,16274,2,2,1,0.155457,0.856024,0.856024,0.651733,4.168216,2.633500,-0.651733
member,37445,3,3,1,0.614073,0.541142,0.541142,1.223977,3.759610,0.633273,-1.223977
member,29638,3,3,1,0.726183,0.483752,0.483752,1.532521,2.406545,0.583932,-1.532521
member,1397,8,8,1,0.040422,0.960384,0.960384,0.230533,5.377169,3.891891,-0.230533
member,46410,2,2,1,0.085150,0.918375,0.918375,0.395009,5.694380,3.245495,-0.395009
member,45749,4,4,1,0.622769,0.536457,0.536457,1.304950,3.076829,0.658737,-1.304950
member,15952,5,5,1,1.011041,0.363840,0.363840,1.580081,2.370272,0.051790,-1.580081
member,19820,3,3,1,0.793980,0.452042,0.452042,1.745250,2.089886,1.001417,-1.745250
member,38359,5,5,1,1.109520,0.329717,0.329717,2.015553,1.457171,0.817200,-2.015553
member,17309,1,1,1,0.024980,0.975329,0.975329,0.145576,6.091692,4.051789,-0.145576
member,16599,9,9,1,0.071373,0.931115,0.931115,0.351812,4.929181,3.169745,-0.351812
member,46341,3,3,1,0.914275,0.400807,0.400807,1.727124,2.040390,0.472080,-1.727124
member,1246,6,6,1,0.133306,0.875197,0.875197,0.604346,4.241880,3.103562,-0.604346
member,16030,2,2,1,0.244225,0.783311,0.783311,0.874007,3.846130,2.069150,-0.874007
member,26644,0,0,1,0.075312,0.927454,0.927454,0.377023,4.880638,3.344245,-0.377023
member,45566,4,4,1,0.546209,0.579141,0.579141,1.467402,2.480585,1.412794,-1.467402
member,27674,8,8,1,0.085892,0.917693,0.917693,0.444749,4.392252,3.696249,-0.444749
member,20958,8,8,1,0.080025,0.923094,0.923094,0.436732,4.275113,4.298132,-0.436732
member,43024,4,4,1,0.413728,0.661181,0.661181,1.065020,4.311156,1.564986,-1.065020
member,33713,8,8,1,0.264876,0.767301,0.767301,0.994476,3.299214,2.238414,-0.994476
member,6939,7,7,1,0.443188,0.641986,0.641986,1.341824,2.781066,1.981145,-1.341824
member,45126,1,1,1,0.496242,0.608814,0.608814,1.217358,3.038570,0.914536,-1.217358
member,13924,1,9,0,1.048849,0.350341,0.553729,1.052447,3.183429,-0.457770,1.052447
member,3241,6,6,1,0.093764,0.910498,0.910498,0.457230,4.559380,3.228223,-0.457230
member,11150,6,6,1,0.026583,0.973767,0.973767,0.169802,5.695939,4.603899,-0.169802
member,48319,5,5,1,0.619765,0.538071,0.538071,1.519248,2.624677,1.419103,-1.519248
member,19671,9,0,0,1.500467,0.223026,0.277465,1.882185,1.524654,-0.218405,1.882185
member,1413,1,8,0,1.005750,0.365770,0.428512,1.286211,3.232934,-0.158313,1.286211
member,28282,5,5,1,0.501540,0.605597,0.605597,1.421232,2.615973,1.601786,-1.421232
member,41012,3,3,1,0.810832,0.444488,0.444488,1.734549,2.151759,1.101467,-1.734549
member,34240,7,7,1,0.308496,0.734551,0.734551,1.103220,3.151366,2.332788,-1.103220
member,29575,5,5,1,0.316456,0.728727,0.728727,1.122152,3.062195,2.278015,-1.122152
member,41270,4,4,1,0.466943,0.626916,0.626916,1.268606,3.169765,1.351737,-1.268606
member,8257,4,4,1,0.260138,0.770945,0.770945,0.757621,4.239895,1.468998,-0.757621
member,26852,9,9,1,0.499478,0.606848,0.606848,1.172985,3.362334,0.948118,-1.172985
member,8880,3,3,1,0.361203,0.696838,0.696838,1.155255,3.201229,1.687543,-1.155255
member,22078,7,7,1,0.415799,0.659813,0.659813,1.177922,3.176175,1.364892,-1.177922
member,47730,2,2,1,0.242057,0.785012,0.785012,0.923725,3.583524,2.542034,-0.923725
member,19349,7,7,1,0.120197,0.886746,0.886746,0.578733,4.115330,3.474976,-0.578733
member,32181,2,2,1,0.018446,0.981724,0.981724,0.113201,6.601542,4.397600,-0.113201
member,16954,0,0,1,0.154145,0.857148,0.857148,0.653878,4.174736,2.684662,-0.653878
member,39246,7,7,1,0.020889,0.979328,0.979328,0.139724,5.776028,5.093424,-0.139724
member,1621,1,1,1,0.038684,0.962055,0.962055,0.183165,6.397887,3.355919,-0.183165
member,47756,6,3,0,1.778038,0.168969,0.413690,1.759681,1.191333,-0.895399,1.759681
member,45675,1,1,1,0.751345,0.471732,0.471732,1.554986,2.468194,0.688142,-1.554986
member,2404,3,3,1,0.601365,0.548063,0.548063,1.461208,2.998191,1.488746,-1.461208
member,30796,9,9,1,0.266244,0.766252,0.766252,0.924879,3.490874,1.917421,-0.924879
member,37586,2,2,1,0.233727,0.791578,0.791578,0.857332,4.009915,2.218961,-0.857332
member,23317,1,1,1,0.034745,0.965852,0.965852,0.212474,5.283680,4.473674,-0.212474
member,12830,8,8,1,0.037817,0.962889,0.962889,0.236143,5.049410,4.886868,-0.236143
member,33557,6,6,1,0.764119,0.465744,0.465744,1.106570,3.395709,0.063732,-1.106570
member,29557,7,7,1,0.000896,0.999104,0.999104,0.008037,9.695603,7.317376,-0.008037
member,43986,6,6,1,0.181656,0.833888,0.833888,0.742118,4.040090,2.769650,-0.742118
member,27893,5,5,1,0.134021,0.874571,0.874571,0.531656,4.617694,2.355724,-0.531656
member,5294,2,2,1,0.137954,0.871139,0.871139,0.548173,4.706923,2.412321,-0.548173
member,24913,7,7,1,0.010285,0.989768,0.989768,0.066925,7.579537,4.881658,-0.066925
member,34659,5,5,1,0.384885,0.680529,0.680529,1.054262,3.740244,1.506713,-1.054262
member,1784,4,4,1,1.070144,0.342959,0.342959,1.680499,2.077222,0.146609,-1.680499
member,39885,3,3,1,0.346017,0.707500,0.707500,1.126457,3.348899,2.082331,-1.126457
member,17566,6,6,1,0.502424,0.605062,0.605062,1.223103,3.130580,0.930383,-1.223103
member,16062,6,6,1,0.444688,0.641024,0.641024,1.261708,3.008231,1.642711,-1.261708
member,48445,8,8,1,0.367657,0.692355,0.692355,1.138024,3.113678,1.503449,-1.138024
member,20382,5,5,1,0.275354,0.759303,0.759303,0.776559,4.230693,1.405699,-0.776559
member,40877,3,3,1,0.311123,0.732624,0.732624,0.940823,3.667162,1.486804,-0.940823
member,18057,1,1,1,0.069580,0.932786,0.932786,0.383632,4.482573,4.004066,-0.383632
member,19066,0,0,1,0.008725,0.991313,0.991313,0.066480,6.623142,6.057289,-0.066480
member,20525,3,3,1,1.196807,0.302157,0.302157,2.061811,1.332868,0.769201,-2.061811
member,5847,2,2,1,0.530213,0.588480,0.588480,1.337717,2.883136,1.086370,-1.337717
member,18622,4,4,1,0.199654,0.819014,0.819014,0.808004,3.577674,2.447859,-0.808004
member,45473,5,5,1,0.409754,0.663813,0.663813,1.078285,3.544542,1.244287,-1.078285
member,31760,9,9,1,0.410109,0.663578,0.663578,1.015917,3.633929,1.055808,-1.015917
member,5211,1,1,1,0.281478,0.754668,0.754668,1.039843,3.161731,2.459220,-1.039843
member,25730,5,5,1,0.803637,0.447698,0.447698,1.595303,2.378299,0.639427,-1.595303
member,6373,0,0,1,0.510136,0.600414,0.600414,1.347865,2.888465,1.292880,-1.347865
member,30197,7,7,1,0.305234,0.736951,0.736951,1.044932,3.357174,1.966958,-1.044932
member,23945,6,6,1,0.074163,0.928520,0.928520,0.398049,4.612994,3.962285,-0.398049
member,36934,4,4,1,0.624929,0.535300,0.535300,1.592623,2.371657,1.393496,-1.592623
member,34847,7,7,1,0.003876,0.996131,0.996131,0.029825,8.131390,5.945558,-0.029825
member,15292,7,7,1,0.524265,0.591990,0.591990,1.312801,3.329251,1.473267,-1.312801
member,1851,4,4,1,0.695159,0.498995,0.498995,1.473558,2.480608,0.591527,-1.473558
member,18432,8,8,1,0.860026,0.423151,0.423151,1.571099,2.454276,0.711859,-1.571099
member,28970,2,2,1,0.223383,0.799809,0.799809,0.691944,4.565224,1.641245,-0.691944
member,17039,4,4,1,1.470996,0.229697,0.229697,1.954690,1.314352,0.204530,-1.954690
member,6687,0,0,1,1.032187,0.356227,0.356227,1.655809,2.085464,0.189658,-1.655809
member,40938,5,5,1,0.116284,0.890222,0.890222,0.462235,4.848128,2.393217,-0.462235
member,42181,2,3,0,1.283963,0.276938,0.286902,1.685561,1.892473,-0.035349,1.685561
member,25252,5,5,1,0.427981,0.651824,0.651824,1.273262,2.978201,1.655345,-1.273262
member,18841,4,0,0,2.005490,0.134594,0.342919,1.802234,0.897940,-0.935228,1.802234
member,15806,7,7,1,0.103645,0.901545,0.901545,0.482611,4.829562,3.218892,-0.482611
member,4181,6,6,1,0.354852,0.701277,0.701277,1.173801,3.108934,2.166775,-1.173801
member,13862,3,3,1,0.407398,0.665379,0.665379,1.196365,3.020106,1.377741,-1.196365
member,20189,2,2,1,1.098433,0.333393,0.333393,1.934631,1.605926,0.543883,-1.934631
member,8784,4,4,1,0.177725,0.837172,0.837172,0.743849,3.705621,2.523896,-0.743849
member,3705,9,9,1,0.027858,0.972526,0.972526,0.181059,5.293056,4.886754,-0.181059
member,24445,0,0,1,0.005915,0.994103,0.994103,0.047704,6.907819,6.517468,-0.047704
member,37771,8,8,1,0.532509,0.587130,0.587130,1.063830,3.374158,0.602573,-1.063830
member,5158,7,7,1,0.005039,0.994974,0.994974,0.040316,7.431496,6.444021,-0.040316
member,29836,5,5,1,0.778052,0.459300,0.459300,1.447254,2.465076,0.331470,-1.447254
member,6129,9,9,1,0.080758,0.922417,0.922417,0.416216,4.497615,3.491654,-0.416216
member,11029,0,0,1,0.013034,0.987050,0.987050,0.088745,6.584754,5.288333,-0.088745
member,47338,9,9,1,0.156963,0.854736,0.854736,0.657799,4.229765,2.691541,-0.657799
member,36029,9,9,1,0.598946,0.549390,0.549390,1.097915,3.253391,0.424394,-1.097915
member,33446,8,8,1,0.066409,0.935748,0.935748,0.372776,4.485559,4.326124,-0.372776
member,4116,2,2,1,0.631637,0.531721,0.531721,1.535509,2.528418,0.998611,-1.535509
member,11756,6,6,1,0.070180,0.932226,0.932226,0.371998,4.811212,3.686325,-0.371998
member,27123,7,7,1,0.289223,0.748845,0.748845,0.885844,3.974584,1.931812,-0.885844
member,5369,5,5,1,1.046317,0.351229,0.351229,1.699759,2.022368,0.147324,-1.699759
member,15978,9,9,1,0.610614,0.543018,0.543018,1.605509,2.376267,1.644757,-1.605509
member,9134,5,5,1,0.468428,0.625986,0.625986,1.430103,2.554709,2.023249,-1.430103
member,11061,5,5,1,0.759486,0.467907,0.467907,1.443850,2.658925,0.662148,-1.443850
member,4550,6,2,0,1.382177,0.251032,0.411663,1.600724,1.860425,-0.494626,1.600724
member,35858,0,0,1,0.128168,0.879706,0.879706,0.561594,4.408413,3.016927,-0.561594
member,46856,6,6,1,0.645852,0.524216,0.524216,1.493031,2.753679,1.264532,-1.493031
member,43900,9,9,1,0.335347,0.715090,0.715090,0.928128,4.141814,1.418835,-0.928128
member,17577,6,6,1,0.026474,0.973873,0.973873,0.171924,5.654133,5.169250,-0.171924
member,2746,7,7,1,0.303566,0.738181,0.738181,1.059357,3.317545,2.247062,-1.059357
member,21850,1,1,1,0.275647,0.759081,0.759081,1.010665,3.305171,2.145083,-1.010665
member,25747,6,6,1,0.109182,0.896567,0.896567,0.530347,4.289923,3.478735,-0.530347
member,6072,7,0,0,0.771039,0.462532,0.468135,1.017797,3.484879,-0.012040,1.017797
member,23920,4,4,1,0.039870,0.960914,0.960914,0.232560,5.312899,4.004402,-0.232560
member,12933,6,6,1,0.386542,0.679402,0.679402,1.267578,2.913594,2.075535,-1.267578
member,36180,0,0,1,0.928736,0.395053,0.395053,1.641772,2.191204,0.311312,-1.641772
member,34380,7,7,1,0.320325,0.725913,0.725913,1.092701,3.213784,2.090441,-1.092701
member,28996,3,3,1,0.331221,0.718047,0.718047,1.086344,3.454136,2.107510,-1.086344
member,38260,1,1,1,0.226405,0.797395,0.797395,0.732679,4.301619,1.811849,-0.732679
member,512,9,9,1,0.053884,0.947542,0.947542,0.310467,4.861303,4.280778,-0.310467
member,16134,5,5,1,0.041806,0.959056,0.959056,0.213913,6.124067,3.522184,-0.213913
member,35633,0,0,1,0.604127,0.546551,0.546551,1.379861,3.062312,1.178365,-1.379861
member,8088,3,3,1,0.389436,0.677439,0.677439,0.809312,4.420092,0.862550,-0.809312
member,36092,2,2,1,0.471212,0.624245,0.624245,1.336253,2.923697,1.540232,-1.336253
member,31391,0,5,0,1.851776,0.156958,0.484720,1.469972,1.413092,-1.127592,1.469972
member,33042,2,2,1,0.820881,0.440044,0.440044,1.687041,2.325377,0.701092,-1.687041
member,34308,7,7,1,0.693049,0.500049,0.500049,1.158961,3.365512,0.300180,-1.158961
member,12627,7,3,0,2.860779,0.057224,0.522418,1.412879,0.610891,-2.211492,1.412879
member,1976,5,5,1,0.732144,0.480877,0.480877,1.727093,2.111447,1.372333,-1.727093
member,7337,9,9,1,0.041324,0.959518,0.959518,0.217228,5.677567,3.524965,-0.217228
member,42452,9,9,1,0.618720,0.538633,0.538633,1.562328,2.533340,1.456976,-1.562328
member,22971,4,4,1,0.058398,0.943275,0.943275,0.297070,5.235367,3.364177,-0.297070
member,37307,8,7,0,1.547545,0.212770,0.375808,1.613215,1.948698,-0.568867,1.613215
member,44971,1,1,1,0.362151,0.696177,0.696177,1.127272,3.143215,1.549899,-1.127272
member,5216,0,0,1,0.222877,0.800213,0.800213,0.778910,3.869388,1.865093,-0.778910
member,23622,3,3,1,0.842840,0.430486,0.430486,1.754135,2.050754,0.884328,-1.754135
member,41399,6,6,1,0.319617,0.726427,0.726427,1.083413,3.309717,2.186410,-1.083413
member,20310,6,6,1,0.008509,0.991527,0.991527,0.062613,7.148988,5.826522,-0.062613
member,657,9,9,1,0.256971,0.773391,0.773391,0.932473,3.488076,2.042418,-0.932473
member,35037,1,1,1,0.669883,0.511768,0.511768,1.093251,3.283932,0.254982,-1.093251
member,44827,1,1,1,0.324464,0.722915,0.722915,0.971463,3.764584,1.818779,-0.971463
member,15943,5,6,0,2.248793,0.105526,0.235684,2.069334,0.374046,-0.803531,2.069334
member,42013,6,6,1,0.098448,0.906243,0.906243,0.456369,4.935681,2.974502,-0.456369
member,28057,2,2,1,1.173337,0.309333,0.309333,1.761348,1.751026,0.160289,-1.761348
member,21871,1,1,1,0.012812,0.987270,0.987270,0.077988,7.376487,4.553069,-0.077988
member,7027,7,7,1,0.386330,0.679546,0.679546,1.023758,3.403901,1.122989,-1.023758
member,49785,9,1,0,3.829308,0.021725,0.913984,0.418539,1.328533,-3.739366,0.418539
member,30812,6,2,0,1.747818,0.174154,0.265464,1.946940,0.994027,-0.421540,1.946940
member,35601,4,4,1,0.674937,0.509188,0.509188,1.481552,2.619375,1.081236,-1.481552
member,21546,8,8,1,0.600403,0.548591,0.548591,1.531828,2.460097,1.452366,-1.531828
member,14794,3,3,1,0.119953,0.886962,0.886962,0.489898,4.696424,2.496013,-0.489898
member,45053,3,3,1,0.204996,0.814651,0.814651,0.778178,3.876546,2.362055,-0.778178
member,3899,1,1,1,0.094048,0.910239,0.910239,0.474460,4.285615,3.416971,-0.474460
member,29368,4,4,1,0.891719,0.409951,0.409951,1.894482,1.733851,1.149713,-1.894482
member,15625,4,4,1,0.180917,0.834505,0.834505,0.777840,3.662710,3.055656,-0.777840
member,46648,4,4,1,0.027153,0.973213,0.973213,0.168098,5.707246,4.615876,-0.168098
member,10284,8,8,1,0.093246,0.910969,0.910969,0.470394,4.364472,3.544139,-0.470394
member,25873,7,7,1,0.134717,0.873963,0.873963,0.492316,5.491781,2.231296,-0.492316
member,18719,1,1,1,1.545528,0.213199,0.213199,2.170137,0.843372,0.126232,-2.170137
member,14948,0,0,1,0.291893,0.746848,0.746848,0.895501,3.794031,1.554784,-0.895501
member,38343,5,5,1,0.164730,0.848122,0.848122,0.648461,4.243924,2.484887,-0.648461
member,31303,5,5,1,1.017980,0.361324,0.361324,1.786960,1.859873,0.336201,-1.786960
member,6542,2,2,1,0.235588,0.790106,0.790106,0.815134,4.014578,2.014779,-0.815134
member,42690,6,6,1,0.115483,0.890936,0.890936,0.525319,4.328879,2.796247,-0.525319
member,5876,3,2,0,2.491516,0.082784,0.304646,1.832615,0.510007,-1.302910,1.832615
member,49324,5,5,1,0.312529,0.731595,0.731595,1.030630,3.529540,1.959733,-1.030630
member,15602,5,7,0,1.990331,0.136650,0.204650,2.100639,0.595129,-0.403876,2.100639
member,23357,1,1,1,0.181909,0.833677,0.833677,0.709202,3.789758,2.211182,-0.709202
member,46342,6,6,1,0.211846,0.809089,0.809089,0.809618,3.851898,2.502635,-0.809618
member,19127,0,0,1,0.041298,0.959543,0.959543,0.229759,5.676267,4.067748,-0.229759
member,34791,1,1,1,0.188376,0.828303,0.828303,0.817995,3.477782,3.157807,-0.817995
member,36359,1,1,1,0.366917,0.692867,0.692867,1.147224,3.166449,1.927522,-1.147224
member,18143,2,2,1,0.082794,0.920541,0.920541,0.416845,4.629813,3.328854,-0.416845
member,316,9,9,1,0.035151,0.965459,0.965459,0.211434,5.380059,4.380938,-0.211434
member,729,5,5,1,0.456579,0.633447,0.633447,1.117607,4.091123,1.360816,-1.117607
member,45882,5,7,0,1.576594,0.206678,0.359908,1.751044,1.418545,-0.554688,1.751044
member,6215,5,5,1,0.127370,0.880408,0.880408,0.516185,5.111189,2.760299,-0.516185
member,17298,7,7,1,0.270503,0.762996,0.762996,1.025717,3.290896,2.696238,-1.025717
member,1841,3,3,1,0.023717,0.976562,0.976562,0.152204,6.029645,5.004885,-0.152204
member,2386,3,3,1,0.829033,0.436471,0.436471,1.620460,2.383332,0.693813,-1.620460
member,21345,0,0,1,0.273037,0.761065,0.761065,0.793745,4.225899,1.475838,-0.793745
member,22114,2,2,1,0.940420,0.390464,0.390464,1.550932,2.342923,0.278503,-1.550932
member,43745,2,3,0,1.877966,0.152901,0.191172,2.128098,0.687623,-0.223385,2.128098
member,5466,9,9,1,0.121451,0.885634,0.885634,0.575243,4.024712,3.141499,-0.575243
member,38365,2,2,1,0.407143,0.665549,0.665549,1.084991,3.483501,1.250935,-1.084991
member,46719,7,7,1,0.088784,0.915043,0.915043,0.442567,4.629694,3.655784,-0.442567
member,5540,2,2,1,0.345055,0.708181,0.708181,0.767655,4.677824,1.014933,-0.767655
member,23562,9,9,1,0.120211,0.886733,0.886733,0.569444,4.267798,3.364916,-0.569444
member,23012,1,1,1,0.027035,0.973327,0.973327,0.157495,5.995388,4.043058,-0.157495
member,32741,2,2,1,0.031962,0.968543,0.968543,0.193834,5.603214,4.330929,-0.193834
member,14163,6,6,1,0.800156,0.449259,0.449259,1.490026,2.509004,0.330853,-1.490026
member,9062,0,0,1,0.039587,0.961186,0.961186,0.242111,5.165911,4.623256,-0.242111
member,28697,3,3,1,0.368373,0.691859,0.691859,1.155405,3.301216,1.981529,-1.155405
member,18490,4,4,1,0.406687,0.665852,0.665852,1.197945,3.052182,1.442781,-1.197945
member,14825,9,9,1,0.123264,0.884030,0.884030,0.586541,3.956675,3.224532,-0.586541
member,49827,8,8,1,0.187457,0.829065,0.829065,0.812032,3.463716,3.058861,-0.812032
member,15679,7,7,1,0.360076,0.697623,0.697623,1.182351,3.111886,2.064136,-1.182351
member,7932,3,3,1,0.735121,0.479447,0.479447,1.612167,2.314122,0.813220,-1.612167
member,38880,3,3,1,0.189793,0.827131,0.827131,0.682506,4.277558,2.056040,-0.682506
member,3002,5,3,0,1.581722,0.205621,0.315607,1.901916,1.146727,-0.428464,1.901916
member,31443,8,8,1,0.020701,0.979512,0.979512,0.141153,5.696737,5.218534,-0.141153
member,6262,6,6,1,0.492174,0.611296,0.611296,1.118065,3.377072,0.859213,-1.118065
member,3953,7,7,1,0.166347,0.846753,0.846753,0.656842,4.511642,2.554031,-0.656842
member,45134,5,5,1,0.200695,0.818162,0.818162,0.617895,4.548515,1.691725,-0.617895
member,33478,0,0,1,0.220638,0.802007,0.802007,0.672275,4.714184,1.665937,-0.672275
member,18553,4,1,0,1.580410,0.205891,0.305446,1.957422,1.135121,-0.394429,1.957422
member,24223,2,2,1,0.666087,0.513715,0.513715,1.636065,2.276923,1.412936,-1.636065
member,32041,9,9,1,0.018602,0.981570,0.981570,0.125687,5.910201,5.163200,-0.125687
member,26218,9,9,1,0.061101,0.940729,0.940729,0.327539,4.810552,3.550313,-0.327539
member,14632,5,7,0,2.002278,0.135027,0.248067,2.116987,0.523439,-0.608220,2.116987
member,17090,9,9,1,0.428622,0.651406,0.651406,1.283858,2.910557,1.747138,-1.283858
member,34426,1,1,1,0.078742,0.924278,0.924278,0.392206,4.712957,3.271762,-0.392206
member,9376,9,9,1,0.944484,0.388880,0.388880,1.835067,1.879643,0.627207,-1.835067
member,17780,5,3,0,0.783246,0.456921,0.469469,1.040694,3.344801,-0.027093,1.040694
member,10436,2,2,1,0.326745,0.721268,0.721268,0.839027,3.992994,1.184584,-0.839027
member,7568,7,7,1,0.010932,0.989127,0.989127,0.081235,6.342544,5.690135,-0.081235
member,23549,6,6,1,0.593115,0.552603,0.552603,1.483309,2.639579,1.196717,-1.483309
member,1458,2,2,1,0.958813,0.383348,0.383348,1.906964,1.891968,1.066443,-1.906964
member,42296,4,4,1,0.045993,0.955048,0.955048,0.255392,5.500902,3.975965,-0.255392
member,34365,4,4,1,0.222335,0.800647,0.800647,0.721539,4.005728,1.705393,-0.721539
member,29308,1,1,1,0.009618,0.990428,0.990428,0.069339,6.695657,5.426178,-0.069339
member,4845,9,9,1,0.250700,0.778256,0.778256,0.980456,3.263328,2.652823,-0.980456
member,41960,0,0,1,0.432184,0.649090,0.649090,1.245422,3.042964,1.656005,-1.245422
member,38152,1,1,1,0.064445,0.937588,0.937588,0.343506,4.757968,3.695392,-0.343506
member,24380,5,5,1,0.305561,0.736710,0.736710,1.041327,3.370588,2.102118,-1.041327
member,38921,0,0,1,0.608001,0.544438,0.544438,0.946460,3.858661,0.301973,-0.946460
member,26538,8,8,1,0.112523,0.893577,0.893577,0.503278,4.480304,2.810356,-0.503278
member,5936,7,7,1,0.012853,0.987229,0.987229,0.090806,6.542829,5.688818,-0.090806
member,7673,1,1,1,0.116411,0.890110,0.890110,0.559162,4.092669,3.385363,-0.559162
member,40436,6,6,1,1.175552,0.308649,0.308649,1.963663,1.542350,0.529456,-1.963663
member,35494,4,4,1,0.186493,0.829865,0.829865,0.693426,4.130443,2.111153,-0.693426
member,39591,5,5,1,1.018457,0.361152,0.361152,1.835612,1.881253,0.477116,-1.835612
member,14174,2,4,0,1.228285,0.292794,0.466741,1.510770,1.969168,-0.466304,1.510770
member,40381,9,9,1,0.527756,0.589927,0.589927,1.032753,3.549210,0.588161,-1.032753
member,23137,9,9,1,0.122482,0.884721,0.884721,0.484919,4.903538,2.461460,-0.484919
member,29628,9,9,1,1.076232,0.340877,0.340877,1.778079,1.907842,0.270077,-1.778079
member,32308,2,2,1,0.114124,0.892148,0.892148,0.505264,4.717796,2.794505,-0.505264
member,30871,5,5,1,0.035480,0.965142,0.965142,0.199730,5.809910,4.004066,-0.199730
member,28092,0,0,1,0.635701,0.529564,0.529564,1.592307,2.310308,1.175195,-1.592307
member,32484,0,0,1,0.363931,0.694939,0.694939,1.097759,3.479723,1.816010,-1.097759
member,32812,6,6,1,0.894091,0.408979,0.408979,1.668438,2.236855,0.472039,-1.668438
member,25154,7,7,1,0.306827,0.735778,0.735778,1.057382,3.222111,1.889942,-1.057382
member,10153,1,1,1,0.309355,0.733920,0.733920,1.033329,3.343538,1.837705,-1.033329
member,25866,6,6,1,0.459260,0.631751,0.631751,1.306791,2.865664,1.426822,-1.306791
member,15443,2,2,1,0.458461,0.632256,0.632256,1.406417,2.699511,1.754060,-1.406417
member,14192,2,2,1,1.435474,0.238002,0.238002,2.067578,1.135250,0.165179,-2.067578
member,13717,9,9,1,0.965300,0.380869,0.380869,1.839261,1.862193,0.746416,-1.839261
member,17348,8,0,0,0.848578,0.428023,0.445405,1.233001,2.771831,-0.039807,1.233001
member,6420,1,1,1,0.134696,0.873981,0.873981,0.572890,4.284089,2.557762,-0.572890
member,38690,6,6,1,0.149011,0.861559,0.861559,0.643452,4.140014,2.832376,-0.643452
member,47430,8,8,1,0.349368,0.705133,0.705133,1.099861,3.173174,1.580111,-1.099861
member,34114,4,4,1,0.347500,0.706452,0.706452,1.076857,3.453043,1.672293,-1.076857
member,816,4,4,1,0.290748,0.747704,0.747704,0.943686,3.682284,1.830596,-0.943686
member,13863,4,3,0,1.312321,0.269194,0.282530,1.833620,1.604639,-0.048352,1.833620
member,49436,1,1,1,0.081370,0.921852,0.921852,0.407828,4.741205,3.325329,-0.407828
member,10587,3,3,1,0.307160,0.735533,0.735533,1.025188,3.714380,2.074094,-1.025188
member,49497,0,0,1,0.217039,0.804899,0.804899,0.838532,3.642882,2.253824,-0.838532
member,26517,6,6,1,0.040361,0.960443,0.960443,0.236764,5.465977,4.346388,-0.236764
member,5245,8,8,1,0.079654,0.923435,0.923435,0.431643,4.325602,4.246530,-0.431643
member,38331,9,9,1,0.423822,0.654541,0.654541,1.245032,3.052802,1.840559,-1.245032
member,48332,9,9,1,0.128474,0.879436,0.879436,0.586429,4.148013,3.250752,-0.586429
member,14926,2,2,1,0.109806,0.896008,0.896008,0.531538,4.392696,3.499838,-0.531538
member,49065,9,9,1,0.049768,0.951451,0.951451,0.284387,4.958797,4.020931,-0.284387
member,37864,9,9,1,0.125057,0.882447,0.882447,0.482800,4.847910,2.308520,-0.482800
member,23346,2,3,0,2.261596,0.104184,0.327971,1.559464,1.266471,-1.146766,1.559464
member,27036,7,7,1,0.615196,0.540535,0.540535,0.925105,4.358606,0.287389,-0.925105
member,40418,0,0,1,0.347140,0.706706,0.706706,1.177063,3.025659,2.139349,-1.177063
member,28961,5,5,1,0.360394,0.697401,0.697401,1.103288,3.497528,1.784728,-1.103288
member,23034,7,7,1,0.324687,0.722753,0.722753,1.144155,3.052010,2.318201,-1.144155
member,17324,7,7,1,0.560358,0.571005,0.571005,1.503715,2.526424,1.489015,-1.503715
member,44927,8,8,1,0.114990,0.891375,0.891375,0.443563,5.014720,2.347722,-0.443563
member,18246,1,1,1,0.010556,0.989500,0.989500,0.066858,7.316540,4.761346,-0.066858
member,21403,2,2,1,0.348177,0.705974,0.705974,1.067778,3.462221,1.721574,-1.067778
member,47287,4,4,1,0.617402,0.539344,0.539344,1.204405,3.093679,0.500114,-1.204405
member,14710,8,8,1,0.066556,0.935611,0.935611,0.362911,4.621217,3.781386,-0.362911
member,6367,6,6,1,0.292723,0.746228,0.746228,1.008061,3.473398,2.081054,-1.008061
member,48395,5,5,1,0.064164,0.937851,0.937851,0.316711,5.178595,3.209743,-0.316711
member,42363,5,5,1,0.084309,0.919147,0.919147,0.388909,4.933171,2.890595,-0.388909
member,40888,3,5,0,1.081889,0.338955,0.482977,1.387140,2.238819,-0.354103,1.387140
member,31706,6,6,1,0.044246,0.956719,0.956719,0.244797,5.512315,4.053535,-0.244797
member,3378,1,1,1,0.535517,0.585367,0.585367,1.159495,3.069193,0.685834,-1.159495
member,39487,5,5,1,0.251439,0.777681,0.777681,0.853282,3.792404,1.817193,-0.853282
member,13702,8,8,1,0.517148,0.596219,0.596219,1.337787,2.938347,1.307267,-1.337787
member,16883,6,6,1,0.657284,0.518257,0.518257,1.702883,2.169028,1.739394,-1.702883
member,9656,3,3,1,0.842524,0.430622,0.430622,1.768242,2.083559,1.048465,-1.768242
member,40354,3,3,1,0.957357,0.383906,0.383906,1.619717,2.392624,0.567035,-1.619717
member,31378,9,9,1,0.017902,0.982257,0.982257,0.124078,5.832650,5.398856,-0.124078
member,28458,2,2,1,0.377182,0.685791,0.685791,1.266492,2.853539,2.334766,-1.266492
member,28446,7,7,1,1.102233,0.332129,0.332129,1.597139,2.176505,0.128442,-1.597139
member,26889,5,5,1,0.521890,0.593398,0.593398,1.005541,3.632048,0.587481,-1.005541
member,20715,5,5,1,1.011910,0.363524,0.363524,1.651409,2.369076,0.482299,-1.651409
member,40604,7,7,1,0.048488,0.952668,0.952668,0.260715,5.426036,3.605197,-0.260715
member,45281,7,7,1,0.142888,0.866851,0.866851,0.626530,4.110943,2.781749,-0.626530
member,32111,8,8,1,0.004212,0.995797,0.995797,0.035842,7.001607,7.029864,-0.035842
member,34348,9,9,1,0.150336,0.860418,0.860418,0.586005,4.309236,2.234388,-0.586005
member,15204,9,9,1,0.227802,0.796282,0.796282,0.914191,3.450691,2.870023,-0.914191
member,6892,7,7,1,0.436200,0.646488,0.646488,1.203266,3.152614,1.380504,-1.203266
member,22134,9,1,0,1.649937,0.192062,0.418769,1.631974,1.518675,-0.779501,1.631974
member,44141,0,0,1,0.047451,0.953657,0.953657,0.271697,5.072173,3.920007,-0.271697
member,3028,5,5,1,0.336295,0.714412,0.714412,1.116799,3.223712,2.116013,-1.116799
member,16297,0,0,1,0.124371,0.883052,0.883052,0.447395,5.095047,2.188287,-0.447395
member,32721,0,0,1,0.042316,0.958567,0.958567,0.253811,5.050416,4.333766,-0.253811
member,25134,6,6,1,0.103518,0.901660,0.901660,0.511865,4.316069,3.544467,-0.511865
member,9055,8,8,1,0.132564,0.875847,0.875847,0.633658,3.851000,3.531277,-0.633658
member,34885,2,5,0,1.299526,0.272661,0.394614,1.616905,1.990955,-0.369679,1.616905
member,16228,3,2,0,2.357671,0.094640,0.400865,1.794206,0.623828,-1.443540,1.794206
member,11281,7,7,1,0.020031,0.980168,0.980168,0.110115,7.316088,4.049197,-0.110115
member,25573,8,8,1,0.125371,0.882170,0.882170,0.585047,4.176695,3.380906,-0.585047
member,36501,0,0,1,0.107523,0.898056,0.898056,0.512228,4.296854,3.101243,-0.512228
member,48210,9,9,1,0.062420,0.939488,0.939488,0.350986,4.534441,4.104864,-0.350986
member,43417,1,1,1,0.283854,0.752877,0.752877,1.025100,3.195410,2.176646,-1.025100
member,46464,8,8,1,0.067951,0.934306,0.934306,0.307268,5.392134,2.928450,-0.307268
member,16703,3,3,1,0.395118,0.673600,0.673600,1.244036,3.133195,2.000961,-1.244036
member,32458,1,1,1,0.860094,0.423122,0.423122,1.824775,1.987473,1.179834,-1.824775
member,6161,1,1,1,0.133057,0.875415,0.875415,0.592647,4.062722,2.685576,-0.592647
member,42991,1,1,1,0.270076,0.763321,0.763321,0.891871,3.668802,1.832359,-0.891871
member,19306,7,7,1,0.164480,0.848335,0.848335,0.665624,4.343657,2.618814,-0.665624
member,48551,7,7,1,0.580973,0.559354,0.559354,1.541757,2.417920,1.588611,-1.541757
member,40377,4,4,1,0.167072,0.846138,0.846138,0.627982,4.436875,2.253099,-0.627982
member,39953,1,8,0,1.901590,0.149331,0.439909,1.812799,0.860258,-1.080402,1.812799
member,4988,8,8,1,0.018783,0.981393,0.981393,0.129873,5.721189,5.273397,-0.129873
member,19075,3,0,0,1.649712,0.192105,0.283853,1.835547,1.481203,-0.390411,1.835547
member,20182,8,8,1,0.022445,0.977805,0.977805,0.122745,6.926166,3.970915,-0.122745
member,38819,5,5,1,0.291236,0.747340,0.747340,0.936686,3.481452,1.598050,-0.936686
member,19432,9,9,1,0.046512,0.954553,0.954553,0.245493,5.640833,3.518190,-0.245493
member,36918,9,9,1,0.436580,0.646243,0.646243,0.752457,4.704682,0.652023,-0.752457
member,19482,6,6,1,0.838722,0.432263,0.432263,1.648329,2.234215,0.644825,-1.648329
member,39058,1,1,1,0.107940,0.897681,0.897681,0.512332,4.352454,3.133732,-0.512332
member,39446,5,5,1,0.822104,0.439506,0.439506,1.240953,2.885967,0.033994,-1.240953
member,22156,9,9,1,0.701808,0.495688,0.495688,1.643864,2.311984,1.152904,-1.643864
member,37811,2,4,0,1.248710,0.286875,0.305815,1.713891,1.871173,-0.063935,1.713891
member,12290,5,5,1,0.308441,0.734591,0.734591,0.942874,3.482661,1.465080,-0.942874
member,36128,1,1,1,0.093828,0.910440,0.910440,0.473856,4.379460,3.724835,-0.473856
member,2296,6,6,1,0.548099,0.578048,0.578048,1.529906,2.470022,1.805279,-1.529906
member,3831,0,0,1,0.092483,0.911664,0.911664,0.478344,4.266160,3.844068,-0.478344
member,33222,4,4,1,0.648992,0.522572,0.522572,1.529682,2.484195,0.943315,-1.529682
member,11494,5,5,1,0.591839,0.553309,0.553309,1.581973,2.306056,1.522155,-1.581973
member,20790,0,0,1,0.553999,0.574647,0.574647,1.227096,3.288213,0.871664,-1.227096
member,44315,9,9,1,0.304094,0.737792,0.737792,0.866528,4.080240,1.402354,-0.866528
member,38884,7,7,1,0.220279,0.802295,0.802295,0.855540,3.717451,2.391778,-0.855540
member,3434,7,7,1,0.329113,0.719562,0.719562,0.943507,3.663292,1.358278,-0.943507
member,38207,1,1,1,0.255455,0.774564,0.774564,0.931694,3.524852,2.405813,-0.931694
member,3077,4,4,1,0.297960,0.742331,0.742331,1.037134,3.308896,2.198536,-1.037134
member,1107,2,2,1,0.943854,0.389125,0.389125,1.869374,1.853223,0.875949,-1.869374
member,16655,9,9,1,0.017008,0.983136,0.983136,0.119244,5.884733,5.564482,-0.119244
member,45226,4,4,1,0.551788,0.575919,0.575919,1.477798,2.577282,1.601573,-1.477798
member,25830,2,2,1,0.472768,0.623274,0.623274,1.301058,2.861883,1.248483,-1.301058
member,21503,8,8,1,0.053820,0.947603,0.947603,0.289644,5.058475,3.530967,-0.289644
member,46860,7,7,1,0.002711,0.997293,0.997293,0.022060,8.581903,6.468634,-0.022060
member,2146,6,6,1,0.411432,0.662701,0.662701,1.311774,2.833266,1.820376,-1.311774
member,36814,5,5,1,0.359557,0.697985,0.697985,1.026687,3.440838,1.322162,-1.026687
member,25283,7,7,1,0.147835,0.862573,0.862573,0.607926,4.606070,2.853475,-0.607926
member,27040,9,9,1,0.197090,0.821117,0.821117,0.756830,4.015788,2.439194,-0.756830
member,46778,4,4,1,0.589026,0.554868,0.554868,0.863001,4.212458,0.295048,-0.863001
member,45189,4,4,1,1.090753,0.335964,0.335964,1.934453,1.610894,0.503810,-1.934453
member,18145,8,8,1,0.107215,0.898332,0.898332,0.489139,4.411808,2.772075,-0.489139
member,27707,9,9,1,0.056996,0.944598,0.944598,0.314279,4.902053,4.052706,-0.314279
member,46651,9,9,1,0.028812,0.971599,0.971599,0.171227,5.734362,4.092156,-0.171227
member,7762,6,6,1,1.168795,0.310741,0.310741,1.782853,1.754293,0.139829,-1.782853
member,29632,4,0,0,1.835546,0.159526,0.309521,1.865175,0.916079,-0.662817,1.865175
member,8145,9,9,1,0.017916,0.982244,0.982244,0.121957,5.914478,5.203596,-0.121957
member,40439,7,7,1,0.006630,0.993392,0.993392,0.051002,7.085214,5.861476,-0.051002
member,13039,7,7,1,0.236515,0.789374,0.789374,0.855028,3.833338,2.069753,-0.855028
member,34037,0,0,1,0.069987,0.932406,0.932406,0.390302,4.478149,4.463462,-0.390302
member,36290,6,6,1,0.345728,0.707705,0.707705,1.134718,3.291160,2.338559,-1.134718
member,27907,9,9,1,0.152726,0.858365,0.858365,0.685687,3.843976,3.345551,-0.685687
member,24656,5,5,1,0.109974,0.895858,0.895858,0.392524,5.722326,2.278929,-0.392524
member,16993,9,9,1,0.148550,0.861957,0.861957,0.583802,4.836839,2.661469,-0.583802
member,5345,4,4,1,0.407453,0.665343,0.665343,1.209112,3.122077,1.795320,-1.209112
member,5165,2,2,1,0.100597,0.904298,0.904298,0.495315,4.367500,3.274473,-0.495315
member,34825,8,8,1,0.440704,0.643583,0.643583,1.399672,2.648360,2.311710,-1.399672
member,1675,2,2,1,0.742078,0.476123,0.476123,1.429711,2.718563,0.489238,-1.429711
member,31689,4,4,1,0.803424,0.447793,0.447793,1.397714,2.800187,0.299347,-1.397714
member,4146,3,3,1,0.762146,0.466664,0.466664,1.629103,2.316751,0.797930,-1.629103
member,31935,1,1,1,0.125859,0.881739,0.881739,0.521879,4.487201,2.456475,-0.521879
member,18393,3,3,1,0.536744,0.584648,0.584648,1.253181,3.388534,1.017890,-1.253181
member,4707,4,4,1,0.775540,0.460455,0.460455,1.309807,3.115063,0.285537,-1.309807
member,2585,9,9,1,0.609614,0.543561,0.543561,1.247721,2.907587,0.554296,-1.247721
member,28117,7,7,1,0.005237,0.994777,0.994777,0.042593,7.102307,6.598870,-0.042593
member,42179,0,0,1,0.050490,0.950763,0.950763,0.280582,5.202195,4.123656,-0.280582
member,31618,9,9,1,0.622280,0.536719,0.536719,1.482665,2.589687,1.001380,-1.482665
member,35763,0,0,1,0.645094,0.524613,0.524613,0.899002,4.165587,0.195115,-0.899002
member,22581,8,8,1,0.097772,0.906856,0.906856,0.502907,4.158422,3.807019,-0.502907
member,13835,0,0,1,0.233928,0.791419,0.791419,0.879082,3.741546,2.576641,-0.879082
member,12044,2,2,1,0.144964,0.865053,0.865053,0.635787,4.240179,3.020296,-0.635787
member,30767,2,0,0,1.055353,0.348070,0.416122,1.499269,2.278083,-0.178575,1.499269
member,7128,3,3,1,0.550877,0.576444,0.576444,1.210267,3.334286,0.936646,-1.210267
member,22783,4,4,1,0.290248,0.748078,0.748078,0.876171,3.932283,1.513060,-0.876171
member,23250,3,3,1,0.465086,0.628081,0.628081,1.399564,2.732769,1.748324,-1.399564
member,23885,3,3,1,0.812562,0.443720,0.443720,1.599671,2.488308,0.869254,-1.599671
member,40093,8,8,1,0.003991,0.996017,0.996017,0.031115,7.812015,6.045560,-0.031115
member,31011,1,1,1,0.206438,0.813477,0.813477,0.757849,4.153665,2.329345,-0.757849
member,12082,5,5,1,0.194734,0.823054,0.823054,0.633927,4.515819,1.796640,-0.633927
member,7786,9,9,1,0.058170,0.943489,0.943489,0.325095,4.745591,4.060039,-0.325095
member,5729,5,2,0,2.549891,0.078090,0.290440,1.976219,0.153460,-1.313534,1.976219
member,13963,9,9,1,0.390780,0.676529,0.676529,0.971976,3.921006,1.152174,-0.971976
member,49261,6,6,1,0.520123,0.594448,0.594448,1.119273,3.487971,0.769276,-1.119273
member,5121,7,7,1,1.248333,0.286983,0.286983,1.849861,1.822608,0.350909,-1.849861
member,10339,7,7,1,0.035585,0.965040,0.965040,0.206919,5.634844,4.042917,-0.206919
member,2820,8,8,1,0.019827,0.980368,0.980368,0.137725,5.640813,5.568397,-0.137725
member,32607,3,3,1,0.611624,0.542469,0.542469,1.448166,2.625788,1.050740,-1.448166
member,1034,9,9,1,0.305656,0.736640,0.736640,1.006152,3.453980,1.949271,-1.006152
member,233,0,0,1,0.137607,0.871441,0.871441,0.576290,4.333354,2.517727,-0.576290
member,20696,2,2,1,0.303683,0.738095,0.738095,0.941255,3.530077,1.500295,-0.941255
member,45286,4,4,1,0.467386,0.626638,0.626638,1.351711,2.774934,1.467855,-1.351711
member,29064,7,7,1,1.038964,0.353821,0.353821,1.563676,2.343483,0.184654,-1.563676
member,16381,8,8,1,0.007076,0.992949,0.992949,0.056774,6.541071,6.715158,-0.056774
member,36641,1,1,1,0.063538,0.938438,0.938438,0.301762,5.259811,3.059583,-0.301762
member,11933,5,5,1,0.226054,0.797675,0.797675,0.713709,4.246980,1.664443,-0.713709
member,49557,0,0,1,0.386648,0.679330,0.679330,1.293264,2.825976,2.314867,-1.293264
member,1319,0,0,1,0.097777,0.906851,0.906851,0.476898,4.420348,3.156978,-0.476898
member,19421,6,2,0,2.420237,0.088901,0.612512,1.237213,1.251797,-1.930051,1.237213
member,14194,0,0,1,0.852788,0.426225,0.426225,1.423412,2.663258,0.292790,-1.423412
member,27211,0,0,1,0.269176,0.764009,0.764009,0.865220,3.770596,1.649566,-0.865220
member,23943,4,4,1,0.312520,0.731601,0.731601,1.047034,3.344108,2.026941,-1.047034
member,30570,1,1,1,0.032709,0.967820,0.967820,0.185945,5.856583,3.990861,-0.185945
member,24191,1,1,1,0.158968,0.853024,0.853024,0.661995,4.054299,2.452451,-0.661995
member,42795,4,6,0,1.317576,0.267784,0.443826,1.366519,2.325537,-0.505254,1.366519
member,23407,1,1,1,0.742398,0.475971,0.475971,1.557680,2.493791,0.864026,-1.557680
member,756,9,9,1,0.629403,0.532910,0.532910,1.428979,2.811829,0.936953,-1.428979
member,27669,8,8,1,0.157668,0.854133,0.854133,0.682684,3.894613,2.707519,-0.682684
member,5553,3,3,1,0.435138,0.647175,0.647175,1.263707,3.017558,1.579336,-1.263707
member,33456,8,8,1,0.253853,0.775806,0.775806,0.978715,3.307606,2.562993,-0.978715
member,41063,1,1,1,0.194231,0.823468,0.823468,0.792373,3.680835,2.678482,-0.792373
member,18337,9,9,1,0.745203,0.474638,0.474638,1.664151,2.183092,1.257680,-1.664151
member,5042,4,2,0,1.313780,0.268802,0.360582,1.698048,1.891862,-0.293745,1.698048
member,20135,6,6,1,0.492818,0.610902,0.610902,1.233259,3.324550,1.324018,-1.233259
member,6491,3,3,1,1.360139,0.256625,0.256625,2.156894,1.062705,0.718230,-2.156894
member,18129,6,6,1,0.146912,0.863370,0.863370,0.561021,4.767490,2.303029,-0.561021
member,30128,6,4,0,1.945457,0.142922,0.286937,1.848419,0.992797,-0.696963,1.848419
member,38903,3,3,1,0.329624,0.719194,0.719194,1.006894,3.555758,1.610281,-1.006894
member,14129,1,1,1,0.042490,0.958400,0.958400,0.231873,5.491834,3.673828,-0.231873
member,28147,5,5,1,0.892567,0.409603,0.409603,1.636314,2.318466,0.461360,-1.636314
member,6689,5,3,0,1.568860,0.208282,0.245954,1.888523,1.413983,-0.166248,1.888523
member,9693,8,8,1,0.088081,0.915686,0.915686,0.451794,4.410100,3.579349,-0.451794
member,39652,1,1,1,0.066393,0.935763,0.935763,0.331171,5.065306,3.576343,-0.331171
member,811,8,8,1,0.123121,0.884157,0.884157,0.572799,4.174610,2.981800,-0.572799
member,28624,9,9,1,0.148560,0.861949,0.861949,0.586149,4.426386,2.358133,-0.586149
member,27745,1,1,1,0.176886,0.837875,0.837875,0.692897,3.960364,2.220239,-0.692897
member,23713,9,9,1,0.144044,0.865849,0.865849,0.622480,4.184132,2.932542,-0.622480
member,13504,8,8,1,0.738518,0.477822,0.477822,1.245656,2.874567,0.206649,-1.245656
member,13797,6,6,1,1.077893,0.340312,0.340312,1.897467,1.674737,0.508630,-1.897467
member,33256,6,6,1,0.804909,0.447128,0.447128,1.670549,2.302112,0.864357,-1.670549
member,9720,3,3,1,0.877486,0.415827,0.415827,1.750942,2.106695,0.674600,-1.750942
member,44136,0,0,1,0.047016,0.954072,0.954072,0.273441,5.043535,4.097283,-0.273441
member,8317,9,9,1,0.030286,0.970168,0.970168,0.188770,5.558141,4.930475,-0.188770
member,36325,0,0,1,0.052097,0.949237,0.949237,0.280178,5.206419,3.564494,-0.280178
member,48421,5,5,1,0.461743,0.630184,0.630184,1.052503,3.834660,0.966745,-1.052503
member,39927,0,0,1,0.039660,0.961116,0.961116,0.229521,5.388660,4.098258,-0.229521
member,2630,1,1,1,0.176251,0.838407,0.838407,0.727576,3.945266,2.796544,-0.727576
member,18014,4,4,1,0.507619,0.601927,0.601927,1.130265,3.339432,0.786926,-1.130265
member,24531,6,6,1,0.074546,0.928165,0.928165,0.332144,5.928010,3.051602,-0.332144
member,8677,4,2,0,1.756175,0.172704,0.200219,2.060420,0.954971,-0.147829,2.060420
member,1618,5,5,1,1.188558,0.304660,0.304660,1.800411,1.837604,0.419531,-1.800411
member,21723,0,0,1,0.409585,0.663926,0.663926,1.109019,3.438433,1.434910,-1.109019
member,20564,4,4,1,0.803988,0.447541,0.447541,1.733668,2.148981,1.286794,-1.733668
member,16171,7,7,1,0.006305,0.993715,0.993715,0.049493,7.184066,6.459855,-0.049493
member,8489,8,8,1,0.059749,0.942001,0.942001,0.337682,4.743052,4.295975,-0.337682
member,16338,1,1,1,0.645869,0.524207,0.524207,1.301268,2.772082,0.531071,-1.301268
member,5455,3,3,1,0.415620,0.659931,0.659931,1.075108,3.615436,1.280074,-1.075108
member,35813,9,9,1,0.237098,0.788914,0.788914,0.873388,3.652706,2.095700,-0.873388
member,48471,9,9,1,0.383537,0.681447,0.681447,1.076946,3.514259,1.354354,-1.076946
member,22750,4,4,1,0.811791,0.444062,0.444062,1.772404,1.993197,1.018301,-1.772404
member,7831,7,7,1,0.019944,0.980253,0.980253,0.132729,6.072062,5.063954,-0.132729
member,16694,2,2,1,0.362219,0.696130,0.696130,1.140060,3.218398,1.631758,-1.140060
member,23467,9,9,1,0.013211,0.986876,0.986876,0.093086,6.286034,5.417101,-0.093086
member,5627,1,1,1,0.089228,0.914637,0.914637,0.456688,4.327153,3.777550,-0.456688
member,4222,8,8,1,0.105009,0.900316,0.900316,0.507543,4.250309,3.066382,-0.507543
member,35609,5,5,1,0.714120,0.489623,0.489623,1.538387,2.501601,0.749712,-1.538387
member,21130,5,3,0,1.176745,0.308280,0.387441,1.638541,1.923854,-0.228554,1.638541
member,18856,5,5,1,0.630570,0.532288,0.532288,1.592104,2.351912,1.226658,-1.592104
member,42678,0,0,1,0.650150,0.521968,0.521968,1.271883,3.131670,0.597057,-1.271883
member,10639,8,9,0,1.060790,0.346182,0.482303,1.304376,2.524915,-0.331608,1.304376
member,10613,8,8,1,0.131769,0.876543,0.876543,0.628192,3.865052,3.589628,-0.628192
member,45809,8,8,1,0.151288,0.859600,0.859600,0.581477,4.437215,2.225155,-0.581477
member,18478,5,5,1,0.788734,0.454420,0.454420,1.563424,2.488076,0.634805,-1.563424
member,5762,2,2,1,0.433706,0.648103,0.648103,1.160211,3.226555,1.164198,-1.160211
member,26689,3,0,0,1.510128,0.220882,0.237635,2.014431,1.178400,-0.073107,2.014431
member,44532,5,5,1,0.556788,0.573047,0.573047,1.134521,3.587292,0.812049,-1.134521
member,45317,1,1,1,0.120918,0.886107,0.886107,0.581559,3.984276,3.294466,-0.581559
member,44236,8,8,1,0.357557,0.699383,0.699383,1.226207,2.893096,2.314119,-1.226207
member,17596,6,6,1,0.729870,0.481972,0.481972,0.895499,4.072797,0.008300,-0.895499
member,45087,7,7,1,0.782100,0.457444,0.457444,1.368504,2.851693,0.364634,-1.368504
member,40910,0,0,1,0.067560,0.934671,0.934671,0.361969,4.632559,3.513064,-0.361969
member,22038,9,0,0,1.428270,0.239723,0.377150,1.774054,1.497969,-0.453156,1.774054
member,23254,0,0,1,0.389033,0.677712,0.677712,0.804820,4.238455,0.854649,-0.804820
member,45133,4,4,1,0.123296,0.884002,0.884002,0.535681,4.596831,2.842340,-0.535681
member,27771,5,5,1,0.073961,0.928708,0.928708,0.342429,5.452805,3.072413,-0.342429
member,10276,1,1,1,0.059725,0.942023,0.942023,0.331563,4.786291,4.163592,-0.331563
member,10241,2,2,1,0.041420,0.959426,0.959426,0.231309,5.706188,3.888371,-0.231309
member,210,6,6,1,0.029706,0.970731,0.970731,0.180181,5.794196,4.574357,-0.180181
member,28976,5,5,1,0.765029,0.465320,0.465320,1.394809,2.571325,0.290018,-1.394809
member,39435,0,0,1,0.874659,0.417004,0.417004,1.780086,2.018376,0.968296,-1.780086
member,43447,1,1,1,0.172650,0.841432,0.841432,0.739819,3.723603,2.938760,-0.739819
member,43061,1,0,0,1.398238,0.247032,0.361450,1.846677,1.389950,-0.380605,1.846677
member,36050,9,9,1,0.413720,0.661186,0.661186,1.178249,3.104412,1.290561,-1.178249
member,13687,6,6,1,1.045294,0.351588,0.351588,1.847403,1.824483,0.435606,-1.847403
member,26071,5,5,1,0.613896,0.541238,0.541238,0.825037,4.491755,0.218934,-0.825037
member,3022,5,5,1,0.153393,0.857792,0.857792,0.605513,4.428077,2.377327,-0.605513
member,4110,3,5,0,2.254133,0.104965,0.596727,1.183891,1.499599,-1.737837,1.183891
member,19011,0,0,1,0.371393,0.689773,0.689773,1.260383,2.864771,2.410640,-1.260383
member,15838,9,3,0,2.043406,0.129587,0.308628,1.957546,0.685744,-0.867787,1.957546
member,46039,9,9,1,0.246957,0.781174,0.781174,0.621463,4.936484,1.359109,-0.621463
member,6756,8,8,1,0.347327,0.706574,0.706574,1.156341,3.057316,1.956708,-1.156341
member,18806,8,9,0,0.983188,0.374116,0.413721,1.425905,2.374603,-0.100626,1.425905
member,32676,8,8,1,0.191869,0.825415,0.825415,0.775196,3.762841,2.706565,-0.775196
member,42726,1,1,1,0.010583,0.989472,0.989472,0.070110,6.800986,4.862593,-0.070110
member,11065,7,7,1,0.365349,0.693955,0.693955,0.865517,4.056567,1.032235,-0.865517
member,17179,4,4,1,0.592161,0.553131,0.553131,1.441136,2.545722,0.925721,-1.441136
member,27737,2,2,1,0.016424,0.983710,0.983710,0.111721,6.304400,5.151345,-0.111721
member,24456,8,8,1,0.016073,0.984055,0.984055,0.115480,5.790934,5.886895,-0.115480
member,36004,0,0,1,0.285410,0.751706,0.751706,0.963899,3.542944,1.865917,-0.963899
member,36082,5,5,1,0.508947,0.601128,0.601128,1.032213,3.718923,0.696234,-1.032213
member,41990,2,2,1,0.109284,0.896476,0.896476,0.519678,4.324598,3.026933,-0.519678
member,14411,6,6,1,0.264728,0.767415,0.767415,0.945356,3.453228,1.967530,-0.945356
member,8530,2,2,1,0.076454,0.926395,0.926395,0.392161,4.653502,3.295368,-0.392161
member,33306,5,5,1,0.444455,0.641174,0.641174,1.062488,3.359759,0.912624,-1.062488
member,23783,9,9,1,0.275171,0.759443,0.759443,0.968024,3.434385,2.003796,-0.968024
member,14337,5,5,1,0.804682,0.447230,0.447230,1.456955,2.468621,0.289676,-1.456955
member,22954,8,8,1,0.005442,0.994572,0.994572,0.045240,6.762897,7.003638,-0.045240
member,36823,6,6,1,0.090378,0.913585,0.913585,0.412463,5.001870,2.901223,-0.412463
member,11450,5,5,1,0.938547,0.391196,0.391196,1.795085,1.882641,0.621413,-1.795085
member,7258,2,2,1,0.429116,0.651084,0.651084,1.290063,2.920947,1.773901,-1.290063
member,42764,9,9,1,0.115855,0.890604,0.890604,0.554358,4.137465,3.382815,-0.554358
member,49141,7,7,1,0.782389,0.457312,0.457312,1.151239,3.055909,0.040874,-1.151239
member,18603,0,0,1,0.046830,0.954249,0.954249,0.259831,5.222463,3.693499,-0.259831
member,3031,5,5,1,0.751599,0.471612,0.471612,1.456237,2.486655,0.409284,-1.456237
member,46317,6,6,1,0.220558,0.802071,0.802071,0.705155,4.298131,1.701282,-0.705155
member,7229,5,5,1,0.019116,0.981066,0.981066,0.112579,6.819949,4.244378,-0.112579
member,116,0,0,1,0.347299,0.706594,0.706594,1.205344,2.954374,2.412205,-1.205344
member,9246,6,6,1,0.303355,0.738337,0.738337,1.003387,3.663150,2.062417,-1.003387
member,19475,4,4,1,0.180328,0.834996,0.834996,0.770217,3.673704,2.734894,-0.770217
member,18809,6,6,1,0.984970,0.373450,0.373450,1.533268,2.382499,0.063410,-1.533268
member,24556,6,6,1,0.805529,0.446851,0.446851,1.670855,2.290223,0.981776,-1.670855
member,3795,3,5,0,1.406823,0.244920,0.477252,1.504853,1.984553,-0.667113,1.504853
member,46265,3,3,1,0.535104,0.585608,0.585608,1.020212,3.663923,0.567500,-1.020212
member,47402,0,0,1,0.085028,0.918487,0.918487,0.452555,4.292612,3.921977,-0.452555
member,12414,0,0,1,0.582432,0.558538,0.558538,1.027208,3.981970,0.452991,-1.027208
member,5879,6,3,0,1.485251,0.226445,0.356466,1.885132,1.288711,-0.453734,1.885132
member,13396,3,3,1,0.500948,0.605956,0.605956,1.445376,2.707347,1.764451,-1.445376
member,30392,9,9,1,0.267348,0.765407,0.765407,1.001867,3.324521,2.495307,-1.001867
member,38491,1,1,1,0.039085,0.961669,0.961669,0.229842,5.383502,4.306420,-0.229842
member,6802,2,2,1,0.368714,0.691623,0.691623,1.179570,3.191776,2.023136,-1.179570
member,25304,7,7,1,0.653236,0.520359,0.520359,1.626222,2.299879,1.445994,-1.626222
member,34697,1,1,1,0.019675,0.980517,0.980517,0.133598,5.813952,5.312473,-0.133598
member,8586,5,3,0,1.384030,0.250567,0.288987,1.668676,1.934283,-0.142656,1.668676
member,45078,6,6,1,0.152143,0.858865,0.858865,0.645036,4.344624,2.743287,-0.645036
member,48407,4,4,1,0.347932,0.706147,0.706147,0.988360,4.203267,1.453769,-0.988360
member,5625,4,4,1,0.607537,0.544691,0.544691,1.481769,2.595616,1.092214,-1.481769
member,10342,9,9,1,0.314944,0.729829,0.729829,1.093847,3.190269,2.272460,-1.093847
member,15695,2,2,1,0.334275,0.715857,0.715857,0.976099,3.739595,1.762455,-0.976099
member,17258,9,9,1,0.036362,0.964291,0.964291,0.221801,5.376735,4.630132,-0.221801
member,34824,4,4,1,1.045265,0.351599,0.351599,1.584440,2.440530,0.374231,-1.584440
member,39719,0,0,1,0.028445,0.971956,0.971956,0.176282,5.592783,4.598676,-0.176282
member,47284,3,3,1,0.694850,0.499149,0.499149,1.648852,2.318171,1.170089,-1.648852
member,35249,8,8,1,0.206176,0.813690,0.813690,0.856361,3.440555,2.754233,-0.856361
member,5920,5,5,1,0.352526,0.702910,0.702910,0.951513,4.369115,1.537249,-0.951513
member,14625,6,6,1,0.356841,0.699884,0.699884,1.120666,3.248858,1.766044,-1.120666
member,16113,0,0,1,0.045930,0.955109,0.955109,0.225356,5.875855,3.303956,-0.225356
member,7266,5,4,0,1.801610,0.165033,0.439241,1.756908,1.154648,-0.978903,1.756908
member,36754,9,9,1,0.918233,0.399224,0.399224,1.770586,1.947713,0.632331,-1.770586
member,14982,8,8,1,0.090177,0.913769,0.913769,0.404816,4.859056,2.774462,-0.404816
member,75,1,1,1,0.271732,0.762059,0.762059,0.990492,3.373615,2.314793,-0.990492
member,35250,4,4,1,0.293946,0.745317,0.745317,0.951312,3.487872,1.600533,-0.951312
member,26830,4,4,1,0.064175,0.937841,0.937841,0.332590,5.000590,3.408357,-0.332590
member,44839,7,7,1,0.035372,0.965246,0.965246,0.199922,5.675261,3.818434,-0.199922
member,1124,3,3,1,0.786750,0.455322,0.455322,1.673845,2.140360,0.637752,-1.673845
member,25981,5,3,0,1.293465,0.274319,0.633168,1.033014,2.665020,-0.836445,1.033014
member,42314,4,4,1,0.517290,0.596134,0.596134,1.327237,3.015372,1.410875,-1.327237
member,16454,9,9,1,0.173034,0.841109,0.841109,0.715779,3.831191,2.541026,-0.715779
member,45755,9,9,1,0.075259,0.927503,0.927503,0.343396,5.126206,2.895433,-0.343396
member,6427,2,2,1,0.892674,0.409559,0.409559,1.611943,2.294205,0.326058,-1.611943
member,27934,0,0,1,0.151065,0.859791,0.859791,0.690796,3.755512,3.379228,-0.690796
member,30843,9,9,1,0.124267,0.883144,0.883144,0.586905,4.039276,3.311546,-0.586905
member,30081,2,2,1,0.520672,0.594121,0.594121,1.284838,3.015957,0.939968,-1.284838
member,15006,5,5,1,0.279831,0.755912,0.755912,0.981821,3.490183,2.279498,-0.981821
member,34082,4,4,1,0.205708,0.814071,0.814071,0.647801,4.653693,1.757041,-0.647801
member,40402,8,8,1,0.193090,0.824408,0.824408,0.816645,3.525709,2.655348,-0.816645
member,47394,3,3,1,1.071335,0.342551,0.342551,1.764794,1.911952,0.240641,-1.764794
member,28703,0,0,1,0.068574,0.933725,0.933725,0.370881,4.634747,3.711759,-0.370881
member,35848,6,6,1,0.169807,0.843828,0.843828,0.721027,3.985271,2.925800,-0.721027
member,47720,5,5,1,0.849773,0.427512,0.427512,1.314757,2.558125,0.012732,-1.314757
member,29395,3,3,1,0.790697,0.453529,0.453529,1.752425,2.120548,1.094869,-1.752425
member,14579,5,5,1,0.545376,0.579624,0.579624,1.085818,3.298460,0.574102,-1.085818
member,17900,2,5,0,2.407941,0.090000,0.532270,1.332724,1.091648,-1.777337,1.332724
member,194,2,2,1,0.040285,0.960515,0.960515,0.236738,5.436584,4.228160,-0.236738
member,48182,1,1,1,0.591046,0.553748,0.553748,1.257507,3.173414,0.709267,-1.257507
member,30799,4,8,0,2.012890,0.133602,0.259256,2.020049,0.662134,-0.662950,2.020049
member,19219,8,8,1,0.508474,0.601413,0.601413,1.497032,2.495044,2.003789,-1.497032
member,46098,7,7,1,0.006062,0.993956,0.993956,0.042779,7.999916,5.389316,-0.042779
member,2813,7,7,1,0.595947,0.551040,0.551040,1.318959,3.096277,0.818541,-1.318959
member,20370,8,8,1,0.244655,0.782975,0.782975,0.873528,3.596308,1.920420,-0.873528
member,6537,6,6,1,0.013631,0.986461,0.986461,0.095485,6.271206,5.218255,-0.095485
member,2664,9,9,1,0.018725,0.981449,0.981449,0.128715,5.870564,5.529541,-0.128715
member,22856,9,9,1,0.000446,0.999554,0.999554,0.004656,9.380559,8.523764,-0.004656
member,11617,3,5,0,1.284872,0.276686,0.536330,1.360813,2.065204,-0.661866,1.360813
member,2952,8,8,1,0.056273,0.945281,0.945281,0.311078,4.965121,3.894027,-0.311078
member,45701,4,3,0,0.990598,0.371355,0.519514,1.128936,3.062742,-0.335737,1.128936
member,12058,2,4,0,1.315060,0.268458,0.310297,1.819659,1.615210,-0.144835,1.819659
member,29338,0,0,1,0.151589,0.859342,0.859342,0.695885,3.696097,3.295025,-0.695885
member,45490,7,7,1,0.114790,0.891553,0.891553,0.532498,4.468344,3.257711,-0.532498
member,26378,4,7,0,1.423954,0.240760,0.649263,1.032243,2.754616,-0.992036,1.032243
member,27861,8,8,1,0.415137,0.660250,0.660250,1.275908,2.868358,1.615660,-1.275908
member,10533,9,9,1,0.064984,0.937083,0.937083,0.332469,5.042926,3.376194,-0.332469
member,15458,6,6,1,0.192258,0.825094,0.825094,0.740085,4.109413,2.414589,-0.740085
member,49676,1,1,1,0.279975,0.755803,0.755803,0.894112,3.732130,1.661777,-0.894112
member,45504,5,2,0,2.545851,0.078406,0.895368,0.440891,2.667915,-2.435330,0.440891
member,43501,6,6,1,0.267112,0.765587,0.765587,0.941771,3.582147,1.956678,-0.941771
member,34623,3,3,1,0.617319,0.539389,0.539389,1.439386,2.634694,0.823223,-1.439386
member,5504,5,5,1,0.597704,0.550073,0.550073,1.212545,3.212327,0.622228,-1.212545
member,16256,1,1,1,0.969210,0.379383,0.379383,1.953785,1.657037,0.941035,-1.953785
member,9237,6,6,1,0.985901,0.373103,0.373103,1.821852,1.897649,0.528257,-1.821852
member,45502,3,3,1,0.247897,0.780440,0.780440,0.762959,4.536249,1.666666,-0.762959
member,7950,6,6,1,0.446592,0.639805,0.639805,1.317526,2.879436,1.773230,-1.317526
member,13683,6,6,1,0.060326,0.941458,0.941458,0.329489,4.926786,3.747499,-0.329489
member,15632,1,1,1,0.709490,0.491895,0.491895,1.575653,2.383234,0.771219,-1.575653
member,26306,8,8,1,0.599293,0.549200,0.549200,1.396066,2.604979,0.774292,-1.396066
member,22071,3,3,1,0.448444,0.638621,0.638621,1.328496,2.786115,1.542581,-1.328496
member,36752,2,2,1,0.056019,0.945521,0.945521,0.255328,6.038448,3.058271,-0.255328
member,48320,8,8,1,0.326676,0.721317,0.721317,0.861336,3.870442,1.203089,-0.861336
member,29278,4,4,1,0.260877,0.770376,0.770376,0.964345,3.377228,2.185003,-0.964345
member,1631,1,1,1,0.040072,0.960721,0.960721,0.220362,5.635295,3.924395,-0.220362
member,6108,3,3,1,1.453854,0.233668,0.233668,2.118456,1.163014,0.374540,-2.118456
member,24339,5,5,1,0.364447,0.694581,0.694581,1.112457,3.263027,1.726379,-1.112457
member,15814,1,1,1,0.087286,0.916415,0.916415,0.401015,5.068728,2.937623,-0.401015
member,24383,0,0,1,0.032479,0.968043,0.968043,0.195113,5.644629,4.244810,-0.195113
member,26607,0,0,1,0.139380,0.869897,0.869897,0.606080,4.150939,2.617664,-0.606080
member,839,5,5,1,0.202911,0.816351,0.816351,0.694844,4.174164,1.848323,-0.694844
member,11475,0,0,1,0.023478,0.976795,0.976795,0.144600,6.220266,4.346351,-0.144600
member,20626,3,3,1,0.163870,0.848852,0.848852,0.709083,3.988470,3.183589,-0.709083
member,8279,4,4,1,1.433753,0.238413,0.238413,2.043822,1.212780,0.197316,-2.043822
member,30633,8,8,1,0.215048,0.806503,0.806503,0.899224,3.382984,2.852707,-0.899224
member,49340,0,0,1,0.360026,0.697658,0.697658,1.051455,3.530864,1.517154,-1.051455
member,42844,0,0,1,0.193353,0.824191,0.824191,0.780671,3.726642,2.482825,-0.780671
member,31544,3,3,1,0.163605,0.849078,0.849078,0.686943,3.903133,2.515014,-0.686943
member,29500,8,8,1,0.138018,0.871083,0.871083,0.601726,4.077884,2.659581,-0.601726
member,47762,8,8,1,0.731629,0.481125,0.481125,1.551663,2.438125,0.641508,-1.551663
member,8875,1,9,0,1.630171,0.195896,0.324493,1.848025,1.309005,-0.504679,1.848025
member,43097,4,4,1,0.168184,0.845199,0.845199,0.674851,4.258263,2.612676,-0.674851
member,30914,0,0,1,0.091586,0.912483,0.912483,0.392868,5.300402,2.730246,-0.392868
member,5685,1,1,1,0.070425,0.931998,0.931998,0.352058,5.083034,3.420183,-0.352058
member,5733,3,3,1,0.175131,0.839347,0.839347,0.746341,3.792559,2.904046,-0.746341
member,30292,6,6,1,0.318865,0.726974,0.726974,0.889278,3.806274,1.304511,-0.889278
member,11300,7,7,1,0.202402,0.816767,0.816767,0.754871,4.012614,2.140700,-0.754871
member,5598,3,3,1,0.464232,0.628618,0.628618,1.129508,3.469601,1.052372,-1.129508
member,2517,6,6,1,0.122114,0.885048,0.885048,0.562957,4.286602,2.897939,-0.562957
member,25779,4,4,1,0.918779,0.399006,0.399006,1.754590,1.972723,0.426552,-1.754590
member,19825,5,5,1,0.710534,0.491382,0.491382,1.310064,2.848794,0.380586,-1.310064
member,35669,3,3,1,0.608542,0.544143,0.544143,1.364888,2.691898,0.702865,-1.364888
member,47048,0,0,1,0.532612,0.587069,0.587069,1.385989,2.749053,1.145267,-1.385989
member,18331,1,1,1,0.209097,0.811316,0.811316,0.781189,3.951611,2.423566,-0.781189
member,1846,3,7,0,1.912493,0.147712,0.255592,1.822647,1.099537,-0.548322,1.822647
member,18502,4,4,1,0.675109,0.509101,0.509101,1.272625,3.030851,0.459291,-1.272625
member,20217,0,0,1,0.282891,0.753602,0.753602,0.989448,3.424910,1.966484,-0.989448
member,40292,8,8,1,0.145677,0.864437,0.864437,0.545398,4.747719,2.277119,-0.545398
member,34983,8,8,1,0.369462,0.691106,0.691106,1.268242,2.756555,2.508056,-1.268242
member,27970,1,1,1,0.599979,0.548823,0.548823,1.527698,2.599503,1.386134,-1.527698
member,28359,9,9,1,0.240693,0.786083,0.786083,0.921513,3.532001,2.425162,-0.921513
member,17901,1,1,1,0.342505,0.709989,0.709989,0.827819,4.147596,1.090858,-0.827819
member,27087,6,3,0,1.081339,0.339141,0.376495,1.659733,1.885521,-0.104489,1.659733
member,12440,3,3,1,0.141345,0.868189,0.868189,0.542883,4.890446,2.628233,-0.542883
member,12594,1,1,1,0.718340,0.487561,0.487561,1.689464,2.136973,1.006446,-1.689464
member,3197,0,0,1,0.260654,0.770547,0.770547,0.994934,3.288692,2.440338,-0.994934
member,2865,3,4,0,1.117732,0.327021,0.331926,1.716430,1.878068,-0.014889,1.716430
member,23311,1,1,1,0.048925,0.952252,0.952252,0.233829,5.822879,3.223706,-0.233829
member,19741,0,0,1,0.351631,0.703540,0.703540,1.187991,3.042978,2.193559,-1.187991
member,9452,4,0,0,1.679224,0.186519,0.417977,1.554962,1.589034,-0.806896,1.554962
member,34236,3,3,1,0.823708,0.438801,0.438801,1.470905,2.521626,0.334813,-1.470905
member,1736,1,1,1,0.233228,0.791973,0.791973,0.912004,3.450535,2.613433,-0.912004
member,45115,8,8,1,0.863256,0.421787,0.421787,1.295246,2.711810,0.006447,-1.295246
member,28334,4,4,1,0.291165,0.747392,0.747392,1.004374,3.404312,1.935003,-1.004374
member,11757,4,4,1,0.083503,0.919888,0.919888,0.405546,4.773366,3.139993,-0.405546
member,34580,2,2,1,0.019774,0.980420,0.980420,0.127846,6.248006,4.763600,-0.127846
member,7029,8,8,1,0.612675,0.541899,0.541899,1.449230,2.834152,1.469553,-1.449230
member,23578,1,1,1,0.490905,0.612072,0.612072,1.375780,2.731184,1.702078,-1.375780
member,10859,9,9,1,0.547005,0.578680,0.578680,1.135990,3.278874,0.639742,-1.135990
member,38468,7,7,1,0.189556,0.827327,0.827327,0.787093,3.714719,2.667307,-0.787093
member,16372,2,6,0,2.853075,0.057667,0.576666,1.396990,0.579663,-2.302583,1.396990
member,14054,8,8,1,0.095192,0.909199,0.909199,0.463825,4.416152,3.099247,-0.463825
member,38564,5,5,1,0.137813,0.871262,0.871262,0.516058,4.779320,2.204843,-0.516058
member,34913,1,1,1,0.114474,0.891835,0.891835,0.540990,4.238090,3.222703,-0.540990
member,49084,1,1,1,0.234877,0.790668,0.790668,0.789216,3.813155,1.739937,-0.789216
member,1930,7,7,1,0.008745,0.991294,0.991294,0.058892,7.351753,5.029805,-0.058892
member,46498,8,8,1,1.458860,0.232501,0.232501,1.926224,1.414721,0.027275,-1.926224
member,1126,6,6,1,0.052757,0.948610,0.948610,0.299590,4.982563,4.001619,-0.299590
member,14233,7,7,1,0.080653,0.922513,0.922513,0.419674,4.579328,3.779664,-0.419674
member,44700,5,5,1,0.294712,0.744746,0.744746,1.055475,3.259714,2.262662,-1.055475
member,30321,0,0,1,0.491375,0.611785,0.611785,1.352991,2.740086,1.222788,-1.352991
member,42697,1,1,1,0.122658,0.884566,0.884566,0.502969,4.814461,2.608632,-0.502969
member,7479,9,9,1,0.028085,0.972306,0.972306,0.183490,5.313825,4.921494,-0.183490
member,29036,7,7,1,0.873601,0.417446,0.417446,1.794430,1.926339,0.693350,-1.794430
member,12589,2,2,1,0.861112,0.422692,0.422692,1.796641,1.989513,1.063242,-1.796641
member,44510,2,2,1,0.087056,0.916626,0.916626,0.438559,4.710191,3.561062,-0.438559
member,13588,9,9,1,0.760882,0.467254,0.467254,1.534361,2.414170,0.543639,-1.534361
member,17306,5,7,0,1.615059,0.198879,0.426008,1.398560,2.097651,-0.761761,1.398560
member,2888,6,6,1,0.113219,0.892955,0.892955,0.547594,4.178599,3.625465,-0.547594
member,46393,5,5,1,0.114235,0.892049,0.892049,0.497149,4.623456,2.692914,-0.497149
member,22034,0,0,1,0.064177,0.937839,0.937839,0.343974,4.823429,3.614848,-0.343974
member,20137,4,4,1,0.196198,0.821849,0.821849,0.661016,4.452894,1.873772,-0.661016
member,36454,5,4,0,1.324565,0.265919,0.316979,1.741363,1.854677,-0.175644,1.741363
member,8877,6,6,1,0.130788,0.877404,0.877404,0.579763,4.320844,2.713081,-0.579763
member,30442,4,4,1,0.540349,0.582545,0.582545,1.492197,2.560940,1.821979,-1.492197
member,29915,8,8,1,0.127575,0.880227,0.880227,0.613117,3.924512,3.384544,-0.613117
member,48715,5,5,1,0.065131,0.936945,0.936945,0.285748,6.027660,2.917203,-0.285748
member,36947,6,6,1,0.042440,0.958448,0.958448,0.231486,5.687041,3.715633,-0.231486
member,8668,8,8,1,0.006312,0.993708,0.993708,0.051320,6.561014,6.677310,-0.051320
member,31394,2,2,1,1.326095,0.265512,0.265512,1.973984,1.448058,0.490064,-1.973984
member,41419,9,9,1,0.700841,0.496168,0.496168,1.552351,2.490888,0.971118,-1.552351
member,10240,2,2,1,0.587934,0.555474,0.555474,1.441678,2.777787,1.114001,-1.441678
member,7596,2,2,1,0.350944,0.704023,0.704023,1.009157,3.836944,1.637214,-1.009157
member,43330,5,5,1,0.589569,0.554566,0.554566,1.406318,2.773603,1.217865,-1.406318
member,8870,8,8,1,0.030921,0.969552,0.969552,0.194921,5.327249,4.536780,-0.194921
member,7800,7,7,1,0.012309,0.987767,0.987767,0.088867,6.384238,5.568986,-0.088867
member,20999,8,8,1,1.532408,0.216015,0.216015,2.114112,0.979316,0.140072,-2.114112
member,13035,2,0,0,2.090266,0.123654,0.721252,1.072209,1.482256,-1.763500,1.072209
member,19849,7,7,1,0.046442,0.954619,0.954619,0.245796,5.721163,3.630579,-0.245796
member,5200,7,4,0,1.082598,0.338714,0.475980,1.307706,2.560308,-0.340219,1.307706
member,38426,9,9,1,0.230404,0.794213,0.794213,0.886012,3.654677,2.411932,-0.886012
member,45463,9,9,1,0.569062,0.566056,0.566056,1.434980,2.546807,1.070010,-1.434980
member,33669,4,4,1,0.155510,0.855979,0.855979,0.661621,3.953197,2.822766,-0.661621
member,40488,2,3,0,1.720572,0.178964,0.212438,2.110260,0.805931,-0.171468,2.110260
member,13160,9,9,1,0.680196,0.506518,0.506518,1.600055,2.330198,1.206770,-1.600055
member,5662,9,9,1,0.123328,0.883973,0.883973,0.605763,3.836741,3.711698,-0.605763
member,44310,8,8,1,0.834617,0.434041,0.434041,1.669990,2.156964,0.623238,-1.669990
member,34267,4,4,1,0.909816,0.402598,0.402598,1.560657,2.268858,0.231030,-1.560657
member,7955,7,0,0,0.957598,0.383814,0.391135,1.308732,2.895674,-0.018895,1.308732
member,12968,4,2,0,1.501494,0.222797,0.270545,2.056612,1.007465,-0.194176,2.056612
member,49696,8,8,1,0.150453,0.860319,0.860319,0.675114,3.851095,2.865350,-0.675114
member,42655,1,1,1,0.071913,0.930612,0.930612,0.380917,4.670700,3.555625,-0.380917
member,30691,8,8,1,0.059192,0.942526,0.942526,0.317496,5.043832,3.763767,-0.317496
member,61,1,1,1,0.110315,0.895552,0.895552,0.541326,4.076256,3.324151,-0.541326
member,33594,6,2,0,1.534591,0.215544,0.236958,1.994107,1.115149,-0.094718,1.994107
member,12909,7,7,1,0.324844,0.722640,0.722640,1.092371,3.290194,2.068294,-1.092371
member,27717,9,9,1,0.421658,0.655959,0.655959,1.300111,2.848232,1.786645,-1.300111
member,10827,9,9,1,0.458643,0.632141,0.632141,0.772949,4.644866,0.597196,-0.772949
member,26231,6,6,1,0.010902,0.989157,0.989157,0.079493,6.547626,5.460097,-0.079493
member,7779,5,5,1,0.510578,0.600149,0.600149,1.307774,2.940939,1.254918,-1.307774
member,40065,4,4,1,1.199721,0.301278,0.301278,1.771289,1.738891,0.003315,-1.771289
member,10202,0,8,0,1.263966,0.282531,0.473967,1.458540,2.073879,-0.517349,1.458540
member,1808,7,7,1,0.056735,0.944845,0.944845,0.292201,5.233059,3.364373,-0.292201
member,37577,4,4,1,0.429456,0.650863,0.650863,1.254565,3.081041,1.692900,-1.254565
member,42763,8,8,1,0.008712,0.991326,0.991326,0.066713,6.516726,5.850432,-0.066713
member,22281,2,2,1,0.075134,0.927619,0.927619,0.401877,4.552956,3.850404,-0.401877
member,31942,6,3,0,1.632053,0.195528,0.232330,2.000497,1.041309,-0.172457,2.000497
member,41614,9,9,1,0.117608,0.889045,0.889045,0.567617,4.103696,3.432692,-0.567617
member,10424,5,5,1,0.059638,0.942106,0.942106,0.258479,6.130980,2.936811,-0.258479
member,13614,8,8,1,0.744988,0.474740,0.474740,1.180447,2.999813,0.148312,-1.180447
member,27269,5,5,1,0.416932,0.659066,0.659066,1.101680,3.500665,1.175447,-1.101680
member,8420,3,3,1,0.640987,0.526772,0.526772,1.527890,2.460492,0.992021,-1.527890
member,33890,2,2,1,1.079605,0.339730,0.339730,1.927155,1.644586,0.709353,-1.927155
member,32671,8,8,1,0.056617,0.944955,0.944955,0.300810,5.310498,3.835070,-0.300810
member,10632,5,5,1,1.215440,0.296579,0.296579,1.903235,1.613642,0.427262,-1.903235
member,30902,1,1,1,0.043484,0.957447,0.957447,0.240131,5.307236,3.706394,-0.240131
member,3489,9,9,1,0.431800,0.649339,0.649339,1.216667,3.078821,1.687638,-1.216667
member,45940,2,2,1,0.284747,0.752204,0.752204,0.943236,3.623112,1.736390,-0.943236
member,13958,8,8,1,0.739742,0.477237,0.477237,1.757174,2.087188,1.434241,-1.757174
member,12203,6,6,1,0.616796,0.539671,0.539671,1.610745,2.386020,1.723666,-1.610745
member,28964,3,5,0,1.182736,0.306439,0.398774,1.484331,2.380695,-0.263375,1.484331
member,25286,4,4,1,0.384680,0.680668,0.680668,1.083215,3.450505,1.396559,-1.083215
member,9186,7,7,1,0.645357,0.524476,0.524476,1.544611,2.448755,1.398066,-1.544611
member,17150,4,4,1,0.410486,0.663328,0.663328,0.969294,3.633068,0.962915,-0.969294
member,43189,5,5,1,0.074388,0.928312,0.928312,0.359124,5.558800,3.349807,-0.359124
member,15650,6,2,0,2.773073,0.062470,0.407787,1.896853,-0.045624,-1.876063,1.896853
member,6658,3,3,1,0.573635,0.563473,0.563473,1.472340,2.678395,1.097948,-1.472340
member,28374,6,6,1,0.086626,0.917020,0.917020,0.345246,6.111546,2.629116,-0.345246
member,23879,4,4,1,0.191556,0.825673,0.825673,0.779610,3.748387,2.719193,-0.779610
member,45458,3,3,1,0.897714,0.407500,0.407500,1.859609,1.852525,1.008111,-1.859609
member,35087,6,4,0,1.310821,0.269599,0.337774,1.757146,1.665092,-0.225442,1.757146
member,41987,4,4,1,0.094604,0.909733,0.909733,0.456192,4.673187,3.338490,-0.456192
member,32266,9,9,1,0.171297,0.842571,0.842571,0.742518,3.796965,3.119244,-0.742518
member,42973,9,9,1,0.458634,0.632147,0.632147,1.336120,2.750332,1.588088,-1.336120
member,1572,9,9,1,0.263114,0.768654,0.768654,0.980869,3.313057,2.364255,-0.980869
member,32569,6,6,1,0.249990,0.778809,0.778809,0.829999,3.891239,1.738204,-0.829999
member,35279,0,0,1,0.301176,0.739947,0.739947,1.118440,3.030447,2.475327,-1.118440
member,46451,2,2,1,0.052192,0.949147,0.949147,0.294315,4.962110,3.821423,-0.294315
member,16124,6,6,1,0.311739,0.732173,0.732173,0.791152,4.149909,1.187812,-0.791152
member,13431,2,0,0,1.065439,0.344576,0.475814,1.311122,2.550596,-0.322711,1.311122
member,6179,6,6,1,0.563759,0.569066,0.569066,1.015438,3.851663,0.516646,-1.015438
member,32679,1,1,1,0.240715,0.786066,0.786066,0.927715,3.345886,2.293998,-0.927715
member,939,4,4,1,0.412859,0.661756,0.661756,1.081434,3.198991,1.084324,-1.081434
member,29188,1,1,1,0.125909,0.881695,0.881695,0.591162,3.955491,3.065677,-0.591162
member,34755,5,5,1,0.686084,0.503544,0.503544,1.688381,2.153374,1.270495,-1.688381
member,49311,6,6,1,1.201462,0.300754,0.300754,1.936349,1.490816,0.403159,-1.936349
member,8825,1,1,1,0.103440,0.901730,0.901730,0.472011,4.600584,2.992107,-0.472011
member,31072,1,1,1,0.003010,0.996994,0.996994,0.024513,8.117908,6.533089,-0.024513
member,35210,8,8,1,0.024892,0.975415,0.975415,0.159920,5.692854,4.576246,-0.159920
member,15255,0,3,0,1.898452,0.149800,0.483850,1.693746,1.149429,-1.172472,1.693746
member,42004,8,8,1,0.723525,0.485040,0.485040,1.544335,2.500286,0.636794,-1.544335
member,22853,5,5,1,0.572510,0.564108,0.564108,1.269927,3.361703,0.880950,-1.269927
member,46718,1,1,1,0.051038,0.950243,0.950243,0.258216,5.416384,3.311971,-0.258216
member,3460,4,4,1,0.155765,0.855761,0.855761,0.624463,4.665278,2.682328,-0.624463
member,49939,7,7,1,0.070755,0.931690,0.931690,0.373110,4.851186,3.719729,-0.373110
member,6832,6,6,1,0.366025,0.693485,0.693485,1.128096,3.202931,1.655671,-1.128096
member,33010,9,9,1,0.099419,0.905363,0.905363,0.428051,5.319031,2.802931,-0.428051
member,11306,8,8,1,0.307982,0.734928,0.734928,1.115124,3.091001,2.334719,-1.115124
member,48619,6,6,1,1.199540,0.301333,0.301333,1.816136,1.766911,0.058254,-1.816136
member,36073,5,5,1,0.810575,0.444602,0.444602,1.531934,2.615927,0.588088,-1.531934
member,28455,7,7,1,0.729958,0.481929,0.481929,1.667559,2.254295,1.158814,-1.667559
member,27963,3,3,1,0.787412,0.455021,0.455021,1.468769,2.394278,0.314275,-1.468769
member,34854,5,3,0,1.688588,0.184780,0.410579,1.772965,1.162153,-0.798400,1.772965
member,35412,6,6,1,0.332881,0.716855,0.716855,1.172154,2.986163,2.477427,-1.172154
member,27700,1,1,1,0.144715,0.865269,0.865269,0.569085,4.415026,2.296016,-0.569085
member,38261,1,4,0,1.852044,0.156916,0.336645,2.005689,0.782136,-0.763317,2.005689
member,41279,1,1,1,0.199295,0.819308,0.819308,0.827883,3.510746,2.839447,-0.827883
member,49225,1,1,1,0.046191,0.954860,0.954860,0.252066,5.446321,3.808811,-0.252066
member,3021,5,5,1,1.137512,0.320616,0.320616,1.889288,1.755171,0.528661,-1.889288
member,3220,3,3,1,0.791915,0.452976,0.452976,1.325276,2.915644,0.211841,-1.325276
member,17937,4,4,1,0.100613,0.904283,0.904283,0.468462,4.603314,3.262147,-0.468462
member,23712,5,5,1,0.428280,0.651629,0.651629,0.997838,3.768471,0.928419,-0.997838
member,150,3,3,1,0.076797,0.926078,0.926078,0.378731,5.179348,3.520751,-0.378731
member,12613,9,9,1,0.184597,0.831439,0.831439,0.735263,4.148508,2.536257,-0.735263
member,18554,6,6,1,0.435491,0.646947,0.646947,1.195728,3.291225,1.322808,-1.195728
member,35927,0,0,1,0.196054,0.821968,0.821968,0.814663,3.622709,3.023359,-0.814663
member,31350,7,7,1,0.067616,0.934619,0.934619,0.356381,4.950094,3.746289,-0.356381
member,46958,3,3,1,0.079068,0.923977,0.923977,0.325737,5.680201,2.680359,-0.325737
member,42916,1,1,1,0.087947,0.915809,0.915809,0.377407,5.151167,2.687383,-0.377407
member,4678,6,6,1,0.023876,0.976407,0.976407,0.149873,6.034542,4.435125,-0.149873
member,31150,3,3,1,0.223861,0.799426,0.799426,0.880231,3.550507,2.324129,-0.880231
member,48472,2,2,1,0.190094,0.826881,0.826881,0.592540,5.195039,1.769125,-0.592540
member,9731,4,4,1,0.683699,0.504747,0.504747,1.440286,2.719236,0.898473,-1.440286
member,36352,7,7,1,0.002563,0.997440,0.997440,0.022061,7.891323,6.666048,-0.022061
member,42834,1,1,1,0.959826,0.382959,0.382959,1.917197,1.715614,1.028629,-1.917197
member,26348,9,9,1,0.076069,0.926752,0.926752,0.383251,4.676105,3.313523,-0.383251
member,29573,6,3,0,1.213340,0.297203,0.333607,1.790099,1.764205,-0.115549,1.790099
member,45329,1,1,1,0.027543,0.972833,0.972833,0.177277,5.437862,4.635635,-0.177277
member,3929,9,9,1,0.500782,0.606057,0.606057,1.401868,2.671862,1.595961,-1.401868
member,18455,4,4,1,0.317721,0.727806,0.727806,0.971747,3.637321,1.528843,-0.971747
member,19451,6,6,1,1.130843,0.322761,0.322761,1.981554,1.573252,0.662014,-1.981554
member,3298,9,9,1,0.031445,0.969044,0.969044,0.197905,5.265012,4.522044,-0.197905
member,40426,7,7,1,1.462921,0.231559,0.231559,2.101413,1.082626,0.111987,-2.101413
member,43438,3,3,1,0.486899,0.614529,0.614529,1.130323,3.366523,0.895286,-1.130323
member,1489,7,7,1,1.004327,0.366291,0.366291,1.726297,1.971824,0.314203,-1.726297
member,34590,3,7,0,3.636734,0.026338,0.403500,1.744816,-0.577692,-2.729156,1.744816
member,28459,9,9,1,0.056017,0.945523,0.945523,0.307050,4.954776,3.826773,-0.307050
member,31611,5,5,1,0.170622,0.843140,0.843140,0.622798,4.478658,2.115944,-0.622798
member,46538,8,8,1,0.096529,0.907983,0.907983,0.485567,4.298125,3.428260,-0.485567
member,21750,2,3,0,1.376574,0.252442,0.343247,1.874791,1.452854,-0.307268,1.874791
member,10881,9,9,1,0.879562,0.414965,0.414965,1.530766,2.592669,0.391976,-1.530766
member,14673,5,5,1,0.671971,0.510701,0.510701,1.270337,2.904158,0.401234,-1.270337
member,8478,0,0,1,0.340160,0.711656,0.711656,1.054111,3.474928,1.927209,-1.054111
member,27545,1,1,1,0.456734,0.633349,0.633349,1.108287,3.598409,1.372678,-1.108287
member,33254,7,7,1,0.035367,0.965251,0.965251,0.216832,5.397456,4.817214,-0.216832
member,32423,3,3,1,0.536466,0.584811,0.584811,1.168139,3.573410,0.844269,-1.168139
member,36418,3,3,1,0.317174,0.728204,0.728204,1.004857,3.608613,1.745329,-1.004857
member,31165,0,0,1,0.179558,0.835639,0.835639,0.521523,5.374625,1.718371,-0.521523
member,37800,7,7,1,0.028620,0.971786,0.971786,0.178311,5.598142,4.425612,-0.178311
member,20532,0,0,1,0.198209,0.820199,0.820199,0.664691,4.340175,1.837639,-0.664691
member,33936,7,7,1,0.081228,0.921984,0.921984,0.398795,4.901635,3.471735,-0.398795
member,22468,4,4,1,0.721714,0.485918,0.485918,1.618294,2.418168,1.157198,-1.618294
member,20916,0,0,1,0.175790,0.838794,0.838794,0.710066,4.136327,2.766538,-0.710066
member,46457,2,6,0,0.826404,0.437620,0.475631,1.082978,3.329636,-0.083292,1.082978
member,47693,0,0,1,0.209488,0.811000,0.811000,0.624308,4.679499,1.635956,-0.624308
member,283,2,2,1,0.972319,0.378205,0.378205,1.937463,1.697746,0.973358,-1.937463
member,9410,8,8,1,0.139739,0.869585,0.869585,0.617624,3.990669,2.670161,-0.617624
member,5070,1,1,1,0.550220,0.576823,0.576823,1.519582,2.483335,1.586740,-1.519582
member,45662,2,5,0,3.063762,0.046712,0.390425,1.653330,0.097356,-2.123242,1.653330
member,40845,9,9,1,0.834828,0.433949,0.433949,1.711318,2.112717,0.957853,-1.711318
member,23542,6,6,1,0.038615,0.962121,0.962121,0.211145,5.768168,3.731257,-0.211145
member,3633,9,9,1,0.993258,0.370368,0.370368,1.831310,1.727346,0.389254,-1.831310
member,30494,6,6,1,0.010395,0.989659,0.989659,0.074897,6.719147,5.525738,-0.074897
member,35042,0,0,1,0.001187,0.998813,0.998813,0.010926,9.137112,7.556956,-0.010926
member,28958,1,1,1,0.202449,0.816728,0.816728,0.860893,3.422903,3.031681,-0.860893
member,46491,2,2,1,0.035694,0.964935,0.964935,0.218270,5.386284,4.430164,-0.218270
member,9501,9,0,0,1.188609,0.304645,0.309826,1.747993,1.830955,-0.016866,1.747993
member,8642,7,7,1,0.520273,0.594358,0.594358,1.358423,2.958781,1.314119,-1.358423
member,37786,8,8,1,0.003972,0.996036,0.996036,0.031640,7.660055,6.084397,-0.031640
member,34861,6,6,1,0.047767,0.953356,0.953356,0.271533,5.130064,3.841955,-0.271533
member,12088,5,5,1,0.926144,0.396078,0.396078,1.640230,2.219691,0.356112,-1.640230
member,33903,3,3,1,0.561157,0.570548,0.570548,1.437083,2.732603,1.569312,-1.437083
member,9011,2,2,1,0.516621,0.596533,0.596533,1.412450,2.679545,1.248343,-1.412450
member,16382,9,9,1,0.387719,0.678603,0.678603,1.180519,3.099504,1.649239,-1.180519
member,4036,8,8,1,0.046696,0.954378,0.954378,0.273737,4.921582,4.042818,-0.273737
member,6804,6,6,1,0.017514,0.982639,0.982639,0.106860,6.720558,4.402897,-0.106860
member,46392,8,8,1,0.062400,0.939507,0.939507,0.357550,4.557117,4.261730,-0.357550
member,4609,1,1,1,0.157510,0.854268,0.854268,0.695125,3.860713,2.973128,-0.695125
member,48876,4,4,1,0.497101,0.608292,0.608292,1.428116,2.712224,1.896602,-1.428116
member,31257,6,6,1,0.208788,0.811567,0.811567,0.772204,4.039598,2.181489,-0.772204
member,586,2,2,1,0.091852,0.912240,0.912240,0.412195,5.018981,2.810292,-0.412195
member,34495,2,2,1,0.267088,0.765606,0.765606,0.749389,4.377090,1.424611,-0.749389
member,31732,8,8,1,0.790511,0.453613,0.453613,1.131691,3.017602,0.005636,-1.131691
member,3789,0,0,1,0.178552,0.836480,0.836480,0.651660,4.189961,2.008771,-0.651660
member,47185,7,4,0,1.547249,0.212833,0.227125,2.039597,1.024154,-0.064993,2.039597
member,1697,9,9,1,0.099944,0.904888,0.904888,0.450592,4.837629,3.160159,-0.450592
member,42440,7,7,1,0.775065,0.460674,0.460674,1.473897,2.468170,0.354490,-1.473897
member,33728,0,0,1,0.768617,0.463654,0.463654,1.347473,2.624743,0.231745,-1.347473
member,48480,2,2,1,0.130360,0.877780,0.877780,0.578417,4.483716,3.215411,-0.578417
member,30689,5,7,0,1.755782,0.172772,0.737657,0.863560,2.730254,-1.451506,0.863560
member,36691,7,7,1,0.116569,0.889969,0.889969,0.543931,4.426754,3.392695,-0.543931
member,49990,4,4,1,0.650212,0.521935,0.521935,1.528843,2.583805,1.047370,-1.528843
member,22132,8,8,1,0.011067,0.988994,0.988994,0.082195,6.290533,5.851603,-0.082195
member,7598,7,7,1,0.281503,0.754648,0.754648,1.067021,3.108965,2.582884,-1.067021
member,38399,2,2,1,0.115840,0.890618,0.890618,0.476117,5.014486,2.540697,-0.476117
member,36521,9,9,1,0.145591,0.864511,0.864511,0.687082,3.682676,3.537205,-0.687082
member,45535,1,1,1,0.142048,0.867580,0.867580,0.630705,3.989136,3.008402,-0.630705
member,12010,0,0,1,0.051274,0.950018,0.950018,0.280971,5.251707,3.791418,-0.280971
member,11010,8,8,1,0.159988,0.852154,0.852154,0.710977,3.780032,3.095094,-0.710977
member,27887,8,8,1,0.964853,0.381039,0.381039,1.807092,1.910968,0.838014,-1.807092
member,16164,3,5,0,1.215452,0.296576,0.584724,1.136523,2.643990,-0.678837,1.136523
member,17549,7,7,1,0.779692,0.458547,0.458547,1.558625,2.578626,0.695152,-1.558625
member,16409,6,6,1,0.009948,0.990102,0.990102,0.071908,6.987769,5.702202,-0.071908
member,15731,2,2,1,0.067980,0.934279,0.934279,0.352304,4.918382,3.703179,-0.352304
member,41673,3,3,1,0.921851,0.397782,0.397782,1.827033,2.044891,0.960606,-1.827033
member,5990,2,2,1,0.400532,0.669963,0.669963,0.799279,4.722901,0.826395,-0.799279
member,43890,5,5,1,0.032953,0.967584,0.967584,0.200585,5.471079,4.427614,-0.200585
member,35691,1,1,1,0.502933,0.604754,0.604754,1.516707,2.377583,2.247811,-1.516707
member,25940,6,6,1,0.850076,0.427382,0.427382,1.497155,2.678879,0.540595,-1.497155
member,18849,0,0,1,0.180516,0.834839,0.834839,0.577098,4.778404,1.807665,-0.577098
member,6974,8,8,1,0.093779,0.910484,0.910484,0.481470,4.265753,3.533357,-0.481470
member,17319,1,1,1,0.068627,0.933675,0.933675,0.356542,4.935799,3.511349,-0.356542
member,10089,2,2,1,0.553238,0.575085,0.575085,1.385844,2.800642,1.086504,-1.385844
member,43034,3,3,1,0.389182,0.677611,0.677611,1.221803,2.977635,1.870173,-1.221803
member,8238,7,7,1,0.018366,0.981802,0.981802,0.103949,7.317800,4.174550,-0.103949
member,36342,7,7,1,0.244382,0.783189,0.783189,0.867572,3.846472,2.259472,-0.867572
member,3504,6,6,1,0.111107,0.894843,0.894843,0.473111,4.761582,2.592635,-0.473111
member,36285,6,6,1,0.662251,0.515689,0.515689,1.495641,2.650022,1.009274,-1.495641
member,44129,8,8,1,0.007617,0.992412,0.992412,0.058799,6.678525,6.176859,-0.058799
member,8961,8,8,1,0.038035,0.962679,0.962679,0.219973,5.281170,3.906533,-0.219973
member,5329,3,3,1,0.582515,0.558492,0.558492,1.286974,3.123647,1.023971,-1.286974
member,43091,7,7,1,0.929836,0.394618,0.394618,1.848582,1.910340,0.678073,-1.848582
member,44454,0,0,1,0.311139,0.732612,0.732612,1.079716,3.214684,1.971948,-1.079716
member,27392,5,5,1,0.751906,0.471467,0.471467,1.410249,2.568479,0.350554,-1.410249
member,40295,7,7,1,0.138446,0.870710,0.870710,0.643693,3.900670,3.238629,-0.643693
member,6660,2,2,1,0.262410,0.769195,0.769195,0.931841,3.577489,1.963313,-0.931841
member,22761,3,3,1,0.696399,0.498377,0.498377,1.556288,2.612221,1.073742,-1.556288
member,21430,7,7,1,0.166190,0.846885,0.846885,0.685754,4.145809,2.553241,-0.685754
member,9284,5,5,1,1.037070,0.354492,0.354492,1.798905,2.053767,0.614262,-1.798905
member,7289,1,1,1,0.055726,0.945798,0.945798,0.291555,5.216574,3.461958,-0.291555
member,45319,3,3,1,0.892490,0.409634,0.409634,1.739931,2.092026,0.621302,-1.739931
member,36250,9,9,1,0.138595,0.870581,0.870581,0.616668,4.201738,2.853623,-0.616668
member,3189,4,4,1,1.334828,0.263203,0.263203,1.954159,1.462220,0.284272,-1.954159
member,37042,8,8,1,0.075202,0.927556,0.927556,0.403093,4.472476,3.941097,-0.403093
member,46572,7,7,1,0.937654,0.391545,0.391545,1.773817,1.932784,0.430182,-1.773817
member,47823,3,3,1,0.291656,0.747025,0.747025,0.983360,3.507268,1.882604,-0.983360
member,29949,8,8,1,0.382475,0.682171,0.682171,1.239709,2.946609,1.971533,-1.239709
member,5260,3,3,1,0.321301,0.725205,0.725205,1.048219,3.440237,1.911671,-1.048219
member,16157,3,5,0,1.799250,0.165423,0.404510,1.463279,1.689338,-0.894171,1.463279
member,44711,8,8,1,0.157270,0.854473,0.854473,0.558894,4.807924,2.069390,-0.558894
member,16115,0,0,1,0.167952,0.845395,0.845395,0.530172,5.288533,1.856843,-0.530172
member,22022,8,8,1,0.005975,0.994042,0.994042,0.049262,6.631639,6.893819,-0.049262
member,2265,8,8,1,0.260923,0.770340,0.770340,0.733337,4.265917,1.424185,-0.733337
member,47343,9,9,1,0.124743,0.882724,0.882724,0.573327,4.175267,3.033825,-0.573327
member,35302,8,8,1,0.024163,0.976126,0.976126,0.151810,5.783067,4.423256,-0.151810
member,32434,6,7,0,2.451667,0.086150,0.297319,2.019115,0.244874,-1.238717,2.019115
member,6752,7,7,1,0.377061,0.685874,0.685874,1.142523,3.183023,1.534755,-1.142523
member,10801,2,2,1,1.137912,0.320488,0.320488,1.827795,1.865345,0.475501,-1.827795
member,31586,0,0,1,0.103461,0.901711,0.901711,0.463374,4.786386,2.836515,-0.463374
member,13933,4,0,0,2.000439,0.135276,0.695690,1.026565,2.273906,-1.637587,1.026565
member,29141,6,6,1,0.019157,0.981026,0.981026,0.129157,6.027612,5.188335,-0.129157
member,8781,3,7,0,1.507671,0.221425,0.356581,1.822522,1.440154,-0.476476,1.822522
member,15211,6,6,1,0.460228,0.631140,0.631140,1.210233,3.164870,1.296633,-1.210233
member,25850,6,6,1,0.041875,0.958990,0.958990,0.243453,5.337584,4.139670,-0.243453
member,24835,2,2,1,0.514471,0.597816,0.597816,1.049209,3.679443,0.695277,-1.049209
member,38857,8,8,1,0.536105,0.585023,0.585023,1.419187,2.703468,1.438375,-1.419187
member,11265,8,8,1,0.038737,0.962003,0.962003,0.240137,5.024801,4.577971,-0.240137
member,29658,2,2,1,0.741631,0.476337,0.476337,1.455359,2.601747,0.545677,-1.455359
member,30481,6,6,1,0.340358,0.711516,0.711516,0.909477,4.013639,1.263717,-0.909477
member,34392,7,7,1,0.613738,0.541324,0.541324,1.527016,2.519369,1.331822,-1.527016
member,34176,1,1,1,0.292055,0.746728,0.746728,1.007247,3.266012,1.830367,-1.007247
member,35244,8,8,1,0.047334,0.953769,0.953769,0.269019,5.081802,3.893691,-0.269019
member,6199,3,3,1,0.533678,0.586444,0.586444,1.019887,3.945394,0.628687,-1.019887
member,18508,0,0,1,0.848558,0.428032,0.428032,1.847419,1.989430,1.386050,-1.847419
member,6887,9,3,0,1.295201,0.273843,0.349933,1.729452,1.665151,-0.245186,1.729452
member,28985,8,8,1,0.270584,0.762933,0.762933,1.034998,3.085842,2.536576,-1.034998
member,19101,3,3,1,0.651505,0.521261,0.521261,1.098654,3.919734,0.366995,-1.098654
member,31456,8,8,1,0.206095,0.813756,0.813756,0.831388,3.591466,2.510604,-0.831388
member,15121,2,2,1,1.685579,0.185337,0.185337,2.193996,0.722123,0.235017,-2.193996
member,12141,2,2,1,1.438638,0.237251,0.237251,2.046190,1.239350,0.081787,-2.046190
member,21549,3,3,1,0.664655,0.514451,0.514451,1.582482,2.493155,1.388013,-1.582482
member,13069,0,0,1,1.006030,0.365668,0.365668,1.901849,1.750457,0.876626,-1.901849
member,24994,2,2,1,0.308357,0.734653,0.734653,0.949698,4.128191,1.669719,-0.949698
member,36638,6,6,1,0.115568,0.890860,0.890860,0.560563,4.156586,3.338470,-0.560563
member,42270,8,8,1,0.397223,0.672184,0.672184,1.168471,3.152614,1.474346,-1.168471
member,48931,3,3,1,0.991664,0.370959,0.370959,1.816146,1.950291,0.835191,-1.816146
member,45737,0,0,1,0.558321,0.572169,0.572169,1.460196,2.717411,1.270851,-1.460196
member,23141,9,9,1,0.122499,0.884707,0.884707,0.574101,4.067901,3.208648,-0.574101
member,9267,1,1,1,0.255738,0.774345,0.774345,0.708057,4.569783,1.435184,-0.708057
member,17299,4,4,1,0.660814,0.516431,0.516431,1.633649,2.224498,1.098979,-1.633649
member,42535,4,4,1,0.715523,0.488936,0.488936,1.452625,2.740297,0.732763,-1.452625
member,43655,1,1,1,0.764263,0.465677,0.465677,1.791564,1.969273,1.299766,-1.791564
member,19386,0,0,1,0.294644,0.744797,0.744797,1.115677,3.005479,2.765819,-1.115677
member,24181,7,7,1,0.133495,0.875032,0.875032,0.619760,4.092480,3.394807,-0.619760
member,21110,9,9,1,0.146256,0.863936,0.863936,0.684529,3.757429,3.562768,-0.684529
member,28191,4,4,1,0.928043,0.395327,0.395327,1.670208,2.397285,0.856322,-1.670208
member,42740,3,2,0,2.243093,0.106130,0.371431,1.900850,0.472039,-1.252700,1.900850
member,30224,2,2,1,0.159273,0.852763,0.852763,0.673635,4.119457,2.757058,-0.673635
member,23271,9,9,1,0.542940,0.581038,0.581038,1.427778,2.698066,1.300351,-1.427778
member,2582,1,1,1,0.053844,0.947580,0.947580,0.292733,5.187598,3.978293,-0.292733
member,12903,1,1,1,0.022002,0.978239,0.978239,0.144035,5.730904,4.718901,-0.144035
member,23861,9,9,1,0.105049,0.900280,0.900280,0.488625,4.416953,3.106463,-0.488625
member,31943,6,6,1,1.154918,0.315084,0.315084,1.805940,1.802037,0.197289,-1.805940
member,48327,0,0,1,0.452512,0.636028,0.636028,1.370512,2.715373,1.741268,-1.370512
member,11863,8,8,1,0.164460,0.848351,0.848351,0.545563,4.752667,1.907759,-0.545563
member,35910,1,1,1,0.019630,0.980561,0.980561,0.130631,5.807046,5.041399,-0.130631
member,25264,1,1,1,0.116863,0.889707,0.889707,0.479087,5.017081,2.867689,-0.479087
member,41826,3,3,1,0.444729,0.640998,0.640998,1.346852,2.908721,2.029241,-1.346852
member,6921,2,2,1,0.856396,0.424690,0.424690,1.719678,2.155462,0.613158,-1.719678
member,42059,4,4,1,0.908038,0.403315,0.403315,1.689485,2.109090,0.635535,-1.689485
member,26545,5,3,0,1.250458,0.286373,0.505958,1.363228,2.333048,-0.569158,1.363228
member,38594,2,2,1,0.037075,0.963604,0.963604,0.219310,5.491076,4.396844,-0.219310
member,25082,0,0,1,0.008450,0.991585,0.991585,0.064069,6.669960,5.886614,-0.064069
member,42710,1,1,1,0.056609,0.944964,0.944964,0.279944,5.638526,3.318974,-0.279944
member,30405,2,2,1,1.105492,0.331048,0.331048,2.003679,1.549046,0.788226,-2.003679
member,21095,0,0,1,0.555231,0.573940,0.573940,1.330694,2.885605,0.887287,-1.330694
member,39723,0,0,1,0.099807,0.905012,0.905012,0.435940,4.867469,2.694098,-0.435940
member,21640,3,3,1,0.340800,0.711201,0.711201,1.138036,3.150104,1.926432,-1.138036
member,7112,8,8,1,0.096929,0.907620,0.907620,0.421835,4.894010,2.681250,-0.421835
member,43711,1,1,1,0.100099,0.904747,0.904747,0.486978,4.277387,3.211976,-0.486978
member,36676,3,3,1,0.362696,0.695798,0.695798,0.714753,5.313541,0.891424,-0.714753
member,46805,3,3,1,0.101006,0.903927,0.903927,0.438132,4.808858,2.656899,-0.438132
member,37628,0,0,1,0.370265,0.690551,0.690551,1.111768,3.315050,1.629403,-1.111768
member,31994,5,5,1,0.159483,0.852585,0.852585,0.617485,4.272574,2.259206,-0.617485
member,35831,6,6,1,0.056386,0.945174,0.945174,0.309942,5.000311,3.983835,-0.309942
member,27983,9,9,1,0.532608,0.587072,0.587072,1.228074,3.137799,0.894272,-1.228074
member,27368,2,2,1,0.630983,0.532069,0.532069,1.641221,2.300538,1.685857,-1.641221
member,39706,5,5,1,0.798175,0.450150,0.450150,1.549488,2.415081,0.502188,-1.549488
member,8971,0,0,1,0.291173,0.747386,0.747386,1.055925,3.207867,2.336179,-1.055925
member,48550,8,8,1,0.475042,0.621859,0.621859,1.216167,3.425870,1.289790,-1.216167
member,30710,0,0,1,0.293213,0.745863,0.745863,1.086950,3.056352,2.465673,-1.086950
member,27310,8,8,1,0.049765,0.951453,0.951453,0.283589,4.959059,3.901582,-0.283589
member,36697,9,9,1,0.132288,0.876089,0.876089,0.622912,3.880208,3.418239,-0.622912
member,18736,6,6,1,0.119993,0.886926,0.886926,0.522913,4.406726,2.612175,-0.522913
member,1534,3,3,1,0.768113,0.463887,0.463887,1.440099,2.492040,0.347930,-1.440099
member,24296,9,9,1,0.041973,0.958896,0.958896,0.250489,5.053125,4.286483,-0.250489
member,14712,0,0,1,1.344984,0.260544,0.260544,2.035485,1.257333,0.069070,-2.035485
member,35688,1,1,1,0.196584,0.821532,0.821532,0.771575,3.894752,2.504930,-0.771575
member,18769,3,3,1,0.344849,0.708328,0.708328,1.110556,3.156548,1.747098,-1.110556
member,29762,8,8,1,0.249413,0.779258,0.779258,0.928092,3.462059,2.080545,-0.928092
member,40160,3,5,0,0.940442,0.390455,0.424674,1.335488,2.759172,-0.084008,1.335488
member,33904,7,7,1,0.321982,0.724711,0.724711,1.064507,3.383545,2.008991,-1.064507
member,8546,7,7,1,0.903004,0.405350,0.405350,1.529642,2.327278,0.161951,-1.529642
member,43971,3,3,1,0.800654,0.449035,0.449035,1.646470,2.320738,0.885143,-1.646470
member,19326,7,7,1,0.055349,0.946155,0.946155,0.308999,4.898298,4.014710,-0.308999
member,32466,9,1,0,1.516655,0.219445,0.266737,2.022276,1.117130,-0.195161,2.022276
member,19495,6,6,1,0.035044,0.965563,0.965563,0.215951,5.355813,4.647251,-0.215951
member,37023,8,8,1,0.228168,0.795990,0.795990,0.848902,3.655186,2.120758,-0.848902
member,1139,2,2,1,0.091559,0.912507,0.912507,0.445505,4.742090,3.354426,-0.445505
member,37414,3,3,1,0.186664,0.829723,0.829723,0.582526,5.148628,1.790175,-0.582526
member,34473,8,8,1,0.091816,0.912273,0.912273,0.484122,4.150578,3.947114,-0.484122
member,22675,1,9,0,1.453877,0.233663,0.315922,1.860745,1.499841,-0.301617,1.860745
member,12505,4,4,1,0.953164,0.385519,0.385519,1.699702,2.078199,0.363494,-1.699702
member,45056,9,9,1,0.068362,0.933922,0.933922,0.340804,5.103717,3.250963,-0.340804
member,3618,0,0,1,0.297950,0.742338,0.742338,0.937861,3.568722,1.557851,-0.937861
member,39606,0,0,1,0.444654,0.641046,0.641046,1.239022,3.025373,1.304331,-1.239022
member,34857,6,6,1,0.039423,0.961344,0.961344,0.197739,6.245929,3.462147,-0.197739
member,49110,6,6,1,0.203494,0.815875,0.815875,0.812873,3.792351,2.700413,-0.812873
member,7324,1,1,1,0.050856,0.950415,0.950415,0.279396,4.995772,3.634657,-0.279396
member,962,1,1,1,0.078414,0.924581,0.924581,0.337944,5.555127,2.797995,-0.337944
member,35313,3,3,1,0.837679,0.432714,0.432714,1.280064,2.795275,0.028969,-1.280064
member,30515,8,8,1,0.122202,0.884970,0.884970,0.529965,4.381547,2.595249,-0.529965
member,25548,9,9,1,0.186438,0.829910,0.829910,0.803946,3.517532,3.020260,-0.803946
member,10835,5,5,1,0.405108,0.666905,0.666905,1.039294,3.725264,1.146931,-1.039294
member,1975,9,9,1,0.094387,0.909931,0.909931,0.491031,4.055285,3.766526,-0.491031
member,14765,9,9,1,0.462527,0.629690,0.629690,1.252317,3.032836,1.316931,-1.252317
member,48448,6,6,1,0.284514,0.752380,0.752380,0.970035,3.619510,1.937316,-0.970035
member,37970,6,6,1,0.049973,0.951255,0.951255,0.288427,4.906914,4.099716,-0.288427
member,39241,0,0,1,0.189049,0.827746,0.827746,0.623427,4.459858,1.815831,-0.623427
member,40229,9,9,1,0.264659,0.767467,0.767467,0.974111,3.374364,2.415329,-0.974111
nonmember,3277,0,2,0,1.273061,0.279973,0.346126,1.726779,1.662771,-0.212110,1.726779
nonmember,31411,2,2,1,0.163495,0.849170,0.849170,0.707143,3.864082,3.075385,-0.707143
nonmember,29512,1,1,1,0.137229,0.871771,0.871771,0.624847,3.981912,3.001321,-0.624847
nonmember,14889,6,6,1,0.287835,0.749886,0.749886,0.895673,3.766047,1.580792,-0.895673
nonmember,31593,0,0,1,0.036399,0.964255,0.964255,0.214934,5.452825,4.203911,-0.214934
nonmember,10676,6,6,1,0.342697,0.709854,0.709854,1.082217,3.352679,1.862525,-1.082217
nonmember,12671,3,3,1,0.451265,0.636822,0.636822,1.188616,3.226993,1.275689,-1.188616
nonmember,32138,8,8,1,0.008222,0.991811,0.991811,0.064541,6.420948,6.443998,-0.064541
nonmember,33655,8,8,1,0.516945,0.596339,0.596339,1.316641,2.975500,1.027163,-1.316641
nonmember,31654,0,0,1,0.042811,0.958092,0.958092,0.253920,5.114114,4.456595,-0.253920
nonmember,19253,8,8,1,0.060610,0.941190,0.941190,0.319326,4.991258,3.757514,-0.319326
nonmember,14362,4,4,1,0.778824,0.458945,0.458945,1.413893,2.608085,0.284983,-1.413893
nonmember,12184,5,2,0,2.360885,0.094337,0.263466,2.002725,0.357095,-1.027054,2.002725
nonmember,32091,0,2,0,1.644287,0.193150,0.385271,1.796061,1.162102,-0.690478,1.796061
nonmember,29406,7,7,1,0.370666,0.690274,0.690274,0.809472,4.786238,0.978321,-0.809472
nonmember,17012,8,8,1,0.593242,0.552533,0.552533,1.102771,3.225453,0.447635,-1.102771
nonmember,46050,6,6,1,0.333830,0.716175,0.716175,1.117667,3.249274,1.866369,-1.117667
nonmember,15394,1,1,1,0.036085,0.964558,0.964558,0.206503,5.568388,4.082449,-0.206503
nonmember,304,1,8,0,0.900961,0.406179,0.536081,0.980492,3.296180,-0.277491,0.980492
nonmember,10883,3,8,0,3.506810,0.029992,0.331053,1.943646,-0.793921,-2.401332,1.943646
nonmember,25250,4,4,1,0.548475,0.577830,0.577830,1.584230,2.318707,2.138992,-1.584230
nonmember,22756,9,9,1,0.127785,0.880042,0.880042,0.534610,4.393699,2.519085,-0.534610
nonmember,152,7,7,1,0.183896,0.832022,0.832022,0.743580,3.922539,2.475655,-0.743580
nonmember,5862,2,2,1,0.705405,0.493909,0.493909,1.455152,2.993034,0.972934,-1.455152
nonmember,32856,6,6,1,0.086019,0.917577,0.917577,0.407960,5.035468,3.144488,-0.407960
nonmember,3445,4,4,1,0.938454,0.391232,0.391232,1.522686,2.416339,0.303023,-1.522686
nonmember,18673,3,3,1,0.840939,0.431305,0.431305,1.096582,3.863916,0.042892,-1.096582
nonmember,16420,0,0,1,0.922740,0.397429,0.397429,1.690076,2.166990,0.426602,-1.690076
nonmember,43749,3,7,0,1.872488,0.153741,0.194325,2.124722,0.664792,-0.234266,2.124722
nonmember,1418,9,9,1,0.248140,0.780251,0.780251,0.875798,3.589005,1.918476,-0.875798
nonmember,4702,5,5,1,0.492786,0.610922,0.610922,1.361642,2.778939,1.460608,-1.361642
nonmember,15483,0,0,1,0.212781,0.808333,0.808333,0.632958,4.648965,1.626981,-0.632958
nonmember,45564,0,0,1,0.010371,0.989682,0.989682,0.075754,6.582756,5.488667,-0.075754
nonmember,5561,5,5,1,0.459003,0.631913,0.631913,0.815820,4.624856,0.635575,-0.815820
nonmember,31564,6,6,1,0.014116,0.985983,0.985983,0.097930,6.467565,5.189186,-0.097930
nonmember,7374,1,1,1,0.709557,0.491862,0.491862,1.342451,3.383018,0.922998,-1.342451
nonmember,21023,0,0,1,0.962529,0.381926,0.381926,1.602599,2.235234,0.201222,-1.602599
nonmember,22201,7,7,1,0.008272,0.991762,0.991762,0.062651,6.805525,5.770737,-0.062651
nonmember,30610,6,3,0,1.483952,0.226740,0.391733,1.638814,1.772959,-0.546779,1.638814
nonmember,27653,5,5,1,0.401915,0.669037,0.669037,1.045696,3.564053,1.257761,-1.045696
nonmember,22639,2,3,0,3.539525,0.029027,0.429669,1.486124,0.033010,-2.694784,1.486124
nonmember,17802,1,1,1,0.334618,0.715612,0.715612,0.761914,4.336953,1.043997,-0.761914
nonmember,13729,8,8,1,0.162428,0.850077,0.850077,0.688882,3.895561,2.551335,-0.688882
nonmember,39059,0,0,1,0.131493,0.876785,0.876785,0.562216,4.399321,2.762806,-0.562216
nonmember,40751,1,1,1,0.068044,0.934219,0.934219,0.314918,5.183301,2.956356,-0.314918
nonmember,20412,4,4,1,0.854040,0.425692,0.425692,1.671559,2.183863,0.675871,-1.671559
nonmember,35197,9,9,1,0.204179,0.815316,0.815316,0.836903,3.512558,2.719257,-0.836903
nonmember,30272,0,0,1,1.397455,0.247225,0.247225,2.097476,1.120010,0.122898,-2.097476
nonmember,7815,5,5,1,0.040887,0.959938,0.959938,0.217714,5.779327,3.617003,-0.217714
nonmember,41110,1,1,1,0.130366,0.877774,0.877774,0.547631,4.710948,2.729005,-0.547631
nonmember,28081,1,1,1,0.018983,0.981196,0.981196,0.109879,6.741636,4.196582,-0.109879
nonmember,10630,1,1,1,0.613860,0.541258,0.541258,1.424681,2.843036,1.143822,-1.424681
nonmember,27918,5,5,1,0.302978,0.738616,0.738616,0.875860,3.896661,1.417071,-0.875860
nonmember,10417,2,3,0,2.171821,0.113970,0.563445,1.198665,1.744609,-1.598135,1.198665
nonmember,42728,5,3,0,2.384531,0.092132,0.329536,1.786389,0.482651,-1.274461,1.786389
nonmember,8256,6,5,0,3.184021,0.041419,0.538777,1.227895,0.622738,-2.565567,1.227895
nonmember,44677,3,6,0,1.109769,0.329635,0.378513,1.410448,3.043824,-0.138264,1.410448
nonmember,8694,7,5,0,3.012660,0.049161,0.432953,1.794190,-0.117013,-2.175533,1.794190
nonmember,6851,1,1,1,0.174837,0.839594,0.839594,0.724687,3.876913,2.663230,-0.724687
nonmember,4726,0,0,1,0.874371,0.417124,0.417124,1.408685,2.631032,0.173091,-1.408685
nonmember,3257,1,1,1,0.179358,0.835806,0.835806,0.754190,3.772303,3.061322,-0.754190
nonmember,45476,7,7,1,0.003205,0.996800,0.996800,0.026791,7.860304,6.576647,-0.026791
nonmember,24985,9,1,0,2.217479,0.108883,0.317311,2.031494,0.390267,-1.069606,2.031494
nonmember,46198,3,3,1,0.357535,0.699399,0.699399,1.021687,3.643793,1.408473,-1.021687
nonmember,14443,6,6,1,0.190075,0.826898,0.826898,0.761057,3.879639,2.358335,-0.761057
nonmember,46266,7,7,1,0.008518,0.991519,0.991519,0.065092,6.632992,6.080768,-0.065092
nonmember,37024,1,1,1,0.078224,0.924757,0.924757,0.408466,4.565378,3.536745,-0.408466
nonmember,31723,7,7,1,0.144867,0.865137,0.865137,0.621527,4.169483,2.638341,-0.621527
nonmember,4832,8,8,1,0.661273,0.516194,0.516194,1.184885,3.268214,0.430932,-1.184885
nonmember,9317,1,1,1,0.999572,0.368037,0.368037,1.841670,1.809094,0.887525,-1.841670
nonmember,6133,2,2,1,0.014448,0.985656,0.985656,0.101674,6.342754,5.418320,-0.101674
nonmember,28815,7,7,1,0.255940,0.774188,0.774188,0.854892,3.825320,1.870362,-0.854892
nonmember,4500,1,1,1,0.205540,0.814207,0.814207,0.739300,4.250328,2.191345,-0.739300
nonmember,11500,2,2,1,0.894360,0.408869,0.408869,1.613167,2.266843,0.294726,-1.613167
nonmember,2942,8,8,1,0.231654,0.793220,0.793220,0.888009,3.429755,2.185746,-0.888009
nonmember,12591,4,6,0,1.687121,0.185051,0.664117,1.090301,2.273354,-1.277824,1.090301
nonmember,29551,9,9,1,0.125405,0.882139,0.882139,0.581894,4.240283,3.212543,-0.581894
nonmember,6872,3,6,0,1.536652,0.215100,0.241893,2.032423,1.174251,-0.117394,2.032423
nonmember,7397,2,6,0,1.120588,0.326088,0.461087,1.411841,2.268602,-0.346420,1.411841
nonmember,26769,9,9,1,0.406828,0.665759,0.665759,1.261559,2.928625,1.636016,-1.261559
nonmember,44436,1,1,1,0.080918,0.922269,0.922269,0.388083,4.797218,3.024710,-0.388083
nonmember,39101,3,3,1,0.646588,0.523830,0.523830,1.274920,3.071823,0.634425,-1.274920
nonmember,41671,6,6,1,0.291177,0.747383,0.747383,0.909651,4.080062,1.844612,-0.909651
nonmember,23403,9,9,1,0.056481,0.945085,0.945085,0.293811,5.013837,3.359493,-0.293811
nonmember,37369,5,5,1,0.888583,0.411238,0.411238,1.695491,2.160307,0.657539,-1.695491
nonmember,42943,5,5,1,0.684964,0.504108,0.504108,1.260708,3.078380,0.376889,-1.260708
nonmember,10981,3,3,1,1.122069,0.325606,0.325606,1.615928,2.226337,0.042399,-1.615928
nonmember,5020,6,8,0,3.511045,0.029866,0.297404,1.880328,-0.704735,-2.298381,1.880328
nonmember,14828,6,6,1,0.399239,0.670830,0.670830,1.294004,2.897935,2.156991,-1.294004
nonmember,9826,8,0,0,0.942387,0.389697,0.456915,1.303809,2.559826,-0.159128,1.303809
nonmember,38296,4,6,0,2.349810,0.095387,0.267094,2.022901,0.298116,-1.029654,2.022901
nonmember,37918,6,6,1,0.369535,0.691056,0.691056,1.156527,3.266538,1.988484,-1.156527
nonmember,35350,2,2,1,1.587751,0.204385,0.204385,2.119440,0.984823,0.193281,-2.119440
nonmember,11107,0,1,0,1.162900,0.312578,0.366036,1.694090,1.828712,-0.157876,1.694090
nonmember,45131,2,2,1,0.450861,0.637079,0.637079,1.330267,2.936959,1.711697,-1.330267
nonmember,21421,5,3,0,1.122445,0.325483,0.624904,0.897617,3.304689,-0.652287,0.897617
nonmember,19353,9,9,1,0.322681,0.724205,0.724205,1.061050,3.434180,2.277315,-1.061050
nonmember,12936,0,8,0,1.518191,0.219108,0.375449,1.881293,1.231340,-0.538557,1.881293
nonmember,41333,2,3,0,3.529648,0.029315,0.479804,1.319305,0.282781,-2.795269,1.319305
nonmember,2901,5,3,0,1.842975,0.158346,0.559583,1.481252,1.285214,-1.262412,1.481252
nonmember,5352,9,9,1,0.504256,0.603954,0.603954,1.314623,2.811769,1.098282,-1.314623
nonmember,20582,6,6,1,0.166690,0.846462,0.846462,0.525096,5.888088,1.903883,-0.525096
nonmember,3628,9,9,1,0.791829,0.453016,0.453016,1.685124,2.116186,1.043086,-1.685124
nonmember,19433,3,5,0,1.848759,0.157432,0.714238,0.991651,2.387260,-1.512220,0.991651
nonmember,25948,7,7,1,0.391854,0.675803,0.675803,1.003852,3.771928,1.145822,-1.003852
nonmember,43277,0,0,1,0.464455,0.628477,0.628477,0.989829,3.859217,0.780456,-0.989829
nonmember,25586,9,9,1,0.068933,0.933389,0.933389,0.356488,4.861811,3.489390,-0.356488
nonmember,41675,4,4,1,0.646905,0.523664,0.523664,1.481295,2.700754,1.148060,-1.481295
nonmember,9861,8,1,0,1.489911,0.225393,0.735081,0.752358,3.350523,-1.182137,0.752358
nonmember,4201,6,6,1,0.298937,0.741606,0.741606,0.984208,3.684184,2.104031,-0.984208
nonmember,11823,6,6,1,0.684227,0.504480,0.504480,1.075469,3.665776,0.284958,-1.075469
nonmember,15257,5,5,1,0.643002,0.525712,0.525712,1.365872,3.194823,1.046727,-1.365872
nonmember,24607,1,1,1,0.017514,0.982638,0.982638,0.113171,6.271861,4.651273,-0.113171
nonmember,35942,4,0,0,1.972906,0.139052,0.431565,1.763236,0.899515,-1.132569,1.763236
nonmember,38874,5,5,1,0.254159,0.775569,0.775569,0.621187,5.467500,1.324800,-0.621187
nonmember,35678,8,8,1,0.639848,0.527373,0.527373,1.456591,2.738106,1.178803,-1.456591
nonmember,33749,4,4,1,0.925168,0.396465,0.396465,1.543023,2.492006,0.533489,-1.543023
nonmember,6535,4,7,0,1.207499,0.298944,0.617466,1.003025,3.002855,-0.725368,1.003025
nonmember,25900,6,6,1,0.830736,0.435728,0.435728,1.648061,2.118025,0.483524,-1.648061
nonmember,39108,3,3,1,0.396477,0.672686,0.672686,0.930463,3.962004,0.978294,-0.930463
nonmember,42867,0,0,1,0.228709,0.795560,0.795560,0.827768,3.690601,1.945523,-0.827768
nonmember,34789,2,2,1,0.227177,0.796780,0.796780,0.822300,4.001733,2.220569,-0.822300
nonmember,2240,5,5,1,0.148687,0.861839,0.861839,0.562160,4.625809,2.214262,-0.562160
nonmember,30026,8,8,1,0.039526,0.961245,0.961245,0.242862,5.057469,4.609319,-0.242862
nonmember,16178,8,8,1,0.574687,0.562881,0.562881,0.818509,4.422669,0.306334,-0.818509
nonmember,32056,0,0,1,0.814667,0.442787,0.442787,1.560874,2.336246,0.427222,-1.560874
nonmember,40070,8,8,1,0.162043,0.850404,0.850404,0.710025,3.764226,2.803959,-0.710025
nonmember,23406,6,6,1,0.594378,0.551906,0.551906,1.470251,2.560879,0.973441,-1.470251
nonmember,34354,3,3,1,1.122174,0.325571,0.325571,2.030585,1.441983,0.671531,-2.030585
nonmember,16470,5,5,1,0.927148,0.395680,0.395680,1.730392,2.066364,0.762169,-1.730392
nonmember,13623,8,8,1,0.086191,0.917419,0.917419,0.419141,4.564318,3.048215,-0.419141
nonmember,2237,2,2,1,1.318942,0.267418,0.267418,2.002970,1.251530,0.044122,-2.002970
nonmember,22279,2,2,1,0.606536,0.545236,0.545236,1.540455,2.488836,1.252030,-1.540455
nonmember,11444,1,1,1,0.274518,0.759939,0.759939,0.787680,4.077870,1.444843,-0.787680
nonmember,6902,3,2,0,1.923718,0.146063,0.403249,1.785360,0.996895,-1.015516,1.785360
nonmember,45700,3,3,1,0.687984,0.502588,0.502588,1.102043,3.166881,0.211886,-1.102043
nonmember,33150,7,7,1,0.946562,0.388073,0.388073,1.758893,1.964767,0.475247,-1.758893
nonmember,22775,5,5,1,0.216697,0.805174,0.805174,0.833114,3.704577,2.390532,-0.833114
nonmember,25686,3,4,0,3.662330,0.025673,0.361731,1.587756,-0.457352,-2.645474,1.587756
nonmember,6274,4,4,1,0.406119,0.666231,0.666231,1.246813,2.894195,1.732742,-1.246813
nonmember,18461,8,8,1,0.033109,0.967433,0.967433,0.201521,5.407303,4.240826,-0.201521
nonmember,21339,8,8,1,0.026909,0.973450,0.973450,0.171987,5.529665,4.512966,-0.171987
nonmember,11562,4,6,0,1.639409,0.194095,0.452309,1.603835,1.508456,-0.846019,1.603835
nonmember,4203,5,5,1,0.649902,0.522097,0.522097,1.002408,3.671195,0.246270,-1.002408
nonmember,47782,8,0,0,1.882490,0.152211,0.575782,1.498445,1.175289,-1.330464,1.498445
nonmember,36879,1,1,1,0.023541,0.976734,0.976734,0.128109,6.717844,3.927483,-0.128109
nonmember,38916,9,9,1,0.503951,0.604139,0.604139,0.755299,5.498888,0.462901,-0.755299
nonmember,18112,8,8,1,0.013693,0.986400,0.986400,0.097000,6.076843,5.152815,-0.097000
nonmember,46785,5,5,1,0.021680,0.978553,0.978553,0.132317,6.511139,4.495354,-0.132317
nonmember,17474,1,1,1,0.078295,0.924692,0.924692,0.353739,5.543378,3.131668,-0.353739
nonmember,12347,9,9,1,0.069486,0.932873,0.932873,0.341098,5.258403,3.545211,-0.341098
nonmember,45021,2,2,1,0.199134,0.819440,0.819440,0.786993,3.866073,2.423945,-0.786993
nonmember,41647,8,9,0,1.899913,0.149582,0.628926,1.294396,1.428051,-1.436172,1.294396
nonmember,30882,8,8,1,0.005391,0.994624,0.994624,0.043418,6.988574,6.380033,-0.043418
nonmember,49485,7,3,0,2.339200,0.096405,0.610603,1.361350,1.131934,-1.845892,1.361350
nonmember,28579,7,7,1,1.027848,0.357776,0.357776,1.637242,2.185840,0.192408,-1.637242
nonmember,45911,4,4,1,1.588152,0.204303,0.204303,2.050368,1.079107,0.103111,-2.050368
nonmember,35002,7,7,1,0.073679,0.928970,0.928970,0.322647,5.698317,2.851856,-0.322647
nonmember,13005,4,3,0,1.322332,0.266513,0.307958,1.779632,1.734483,-0.144542,1.779632
nonmember,14957,4,4,1,0.146032,0.864130,0.864130,0.626457,4.412979,2.958010,-0.626457
nonmember,47921,4,4,1,0.319046,0.726842,0.726842,1.031505,3.471745,1.913561,-1.031505
nonmember,491,5,3,0,0.806766,0.446299,0.493205,0.996442,3.363946,-0.099935,0.996442
nonmember,31120,5,5,1,0.084916,0.918589,0.918589,0.414037,4.688835,3.336449,-0.414037
nonmember,20352,8,8,1,0.006111,0.993907,0.993907,0.047714,6.963746,5.923398,-0.047714
nonmember,16930,8,8,1,0.295240,0.744353,0.744353,1.102712,3.040842,2.630766,-1.102712
nonmember,28898,8,8,1,0.256890,0.773453,0.773453,0.743575,4.226208,1.468016,-0.743575
nonmember,40584,3,3,1,1.489676,0.225446,0.225446,2.095621,1.008085,0.123583,-2.095621
nonmember,11024,5,5,1,0.259658,0.771315,0.771315,0.908139,3.680970,2.092810,-0.908139
nonmember,38289,0,0,1,0.077136,0.925764,0.925764,0.395248,4.673567,3.367289,-0.395248
nonmember,43659,0,0,1,0.173864,0.840411,0.840411,0.666196,4.110725,2.186636,-0.666196
nonmember,13126,7,7,1,0.184394,0.831608,0.831608,0.734598,4.040394,2.495875,-0.734598
nonmember,26263,2,5,0,0.987030,0.372682,0.512403,1.142235,3.109396,-0.318386,1.142235
nonmember,32666,9,1,0,2.144978,0.117071,0.210799,2.105428,0.467354,-0.588127,2.105428
nonmember,31832,8,8,1,0.051938,0.949388,0.949388,0.276737,5.168978,3.497610,-0.276737
nonmember,25660,8,8,1,0.100645,0.904254,0.904254,0.465404,4.591795,2.916796,-0.465404
nonmember,35491,8,8,1,0.002337,0.997666,0.997666,0.020873,7.747884,7.390295,-0.020873
nonmember,31004,0,0,1,0.735607,0.479214,0.479214,1.300275,3.031911,0.424715,-1.300275
nonmember,37091,3,7,0,2.533900,0.079349,0.412187,1.838452,0.272163,-1.647622,1.838452
nonmember,18117,1,1,1,0.584484,0.557393,0.557393,1.472237,2.635067,1.338910,-1.472237
nonmember,35352,8,0,0,3.625145,0.026645,0.607295,1.246768,-0.049676,-3.126404,1.246768
nonmember,42153,3,3,1,1.030351,0.356882,0.356882,1.703822,1.955681,0.108956,-1.703822
nonmember,7718,1,0,0,1.153822,0.315429,0.441799,1.547019,1.985503,-0.336921,1.547019
nonmember,49030,4,4,1,0.280767,0.755204,0.755204,0.824658,3.929955,1.438849,-0.824658
nonmember,38700,8,8,1,0.006602,0.993420,0.993420,0.051263,6.966873,5.849219,-0.051263
nonmember,19052,2,0,0,2.149225,0.116575,0.634622,1.361995,1.092443,-1.694499,1.361995
nonmember,2718,0,0,1,0.902284,0.405642,0.405642,1.472560,2.648911,0.237878,-1.472560
nonmember,42983,4,4,1,0.019962,0.980236,0.980236,0.135392,5.739382,5.041003,-0.135392
nonmember,7557,4,7,0,1.635881,0.194781,0.457124,1.614147,1.432710,-0.853080,1.614147
nonmember,5726,4,4,1,0.032871,0.967664,0.967664,0.192015,5.563871,3.983118,-0.192015
nonmember,22012,2,0,0,3.925852,0.019725,0.814875,0.828620,-0.114364,-3.721131,0.828620
nonmember,12157,7,7,1,0.821642,0.439709,0.439709,1.294115,2.938281,0.116565,-1.294115
nonmember,29623,0,1,0,1.181616,0.306783,0.315575,1.646656,2.045408,-0.028256,1.646656
nonmember,7870,5,5,1,0.189435,0.827426,0.827426,0.774688,3.702618,2.521506,-0.774688
nonmember,49192,6,6,1,0.178107,0.836853,0.836853,0.730942,3.887089,2.430087,-0.730942
nonmember,18739,4,3,0,1.433722,0.238420,0.453465,1.483332,2.104855,-0.642884,1.483332
nonmember,4364,9,9,1,0.090925,0.913086,0.913086,0.464455,4.254929,3.492729,-0.464455
nonmember,47547,3,2,0,2.825880,0.059256,0.578373,1.483729,0.403388,-2.278344,1.483729
nonmember,19713,8,8,1,0.023471,0.976802,0.976802,0.158033,5.453201,5.262654,-0.158033
nonmember,33035,5,5,1,0.480332,0.618578,0.618578,1.324961,2.942899,1.569500,-1.324961
nonmember,42425,1,1,1,0.097632,0.906982,0.906982,0.469774,4.485264,3.411366,-0.469774
nonmember,42098,2,2,1,0.022242,0.978003,0.978003,0.145599,5.926620,4.827532,-0.145599
nonmember,34719,7,7,1,1.152093,0.315975,0.315975,1.849265,1.683927,0.035656,-1.849265
nonmember,35332,6,6,1,0.712686,0.490325,0.490325,1.468644,2.578708,0.593809,-1.468644
nonmember,5170,9,9,1,1.146759,0.317665,0.317665,1.821027,1.745797,0.253353,-1.821027
nonmember,13602,3,5,0,1.320426,0.267022,0.525711,1.428890,1.856403,-0.677421,1.428890
nonmember,791,9,9,1,0.047492,0.953618,0.953618,0.279759,4.959840,4.322055,-0.279759
nonmember,30994,5,2,0,2.023232,0.132227,0.544720,1.448097,1.574523,-1.415748,1.448097
nonmember,25758,8,8,1,0.579160,0.560369,0.560369,1.080034,3.560882,0.508052,-1.080034
nonmember,41294,4,3,0,1.380638,0.251418,0.288042,1.773196,1.638927,-0.135990,1.773196
nonmember,14858,4,4,1,0.500158,0.606435,0.606435,1.366965,2.767848,1.300519,-1.366965
nonmember,32061,7,7,1,0.104760,0.900540,0.900540,0.509080,4.266075,3.232268,-0.509080
nonmember,35056,7,7,1,0.512176,0.599190,0.599190,0.995428,3.836085,0.611704,-0.995428
nonmember,12117,4,4,1,0.314067,0.730470,0.730470,1.097569,3.198508,2.217132,-1.097569
nonmember,47901,3,5,0,1.279455,0.278189,0.684219,0.805441,3.498584,-0.899978,0.805441
nonmember,1285,2,2,1,0.266407,0.766127,0.766127,0.753870,4.420206,1.422330,-0.753870
nonmember,16773,9,9,1,0.279513,0.756152,0.756152,0.927232,3.803665,2.006147,-0.927232
nonmember,16618,7,7,1,0.787156,0.455137,0.455137,1.415379,2.652239,0.297315,-1.415379
nonmember,13297,3,3,1,1.068109,0.343658,0.343658,1.461454,2.489179,0.187991,-1.461454
nonmember,27957,9,9,1,0.457668,0.632758,0.632758,1.302278,2.820334,1.315970,-1.302278
nonmember,39916,8,8,1,0.005874,0.994143,0.994143,0.043990,7.574664,5.983744,-0.043990
nonmember,1043,9,9,1,0.265034,0.767180,0.767180,0.932175,3.504668,1.900357,-0.932175
nonmember,27101,1,1,1,0.093826,0.910441,0.910441,0.429376,4.777052,2.867340,-0.429376
nonmember,39076,0,2,0,2.191777,0.111718,0.617359,1.357496,1.132928,-1.709473,1.357496
nonmember,41677,0,2,0,1.082291,0.338818,0.496251,1.299877,2.595979,-0.381618,1.299877
nonmember,29912,2,0,0,1.308005,0.270359,0.587972,1.161670,2.571295,-0.776929,1.161670
nonmember,17515,1,1,1,0.525420,0.591307,0.591307,1.406717,2.757367,1.370169,-1.406717
nonmember,41443,6,3,0,2.571872,0.076392,0.555353,1.474988,0.766784,-1.983720,1.474988
nonmember,15884,0,0,1,0.595513,0.551280,0.551280,1.399505,2.640158,0.794704,-1.399505
nonmember,3169,8,8,1,0.075004,0.927740,0.927740,0.371903,4.825995,3.170035,-0.371903
nonmember,28638,7,7,1,0.721224,0.486157,0.486157,1.722904,2.121984,1.539111,-1.722904
nonmember,36152,2,2,1,0.671718,0.510830,0.510830,0.797049,5.167369,0.079423,-0.797049
nonmember,426,5,5,1,0.077915,0.925044,0.925044,0.336619,5.542729,2.805165,-0.336619
nonmember,32715,3,5,0,2.539726,0.078888,0.758390,1.009736,0.959659,-2.263169,1.009736
nonmember,39430,4,4,1,0.472462,0.623465,0.623465,0.986106,3.681593,0.722897,-0.986106
nonmember,44334,2,4,0,1.335672,0.262981,0.402818,1.668136,1.701995,-0.426401,1.668136
nonmember,34402,9,9,1,0.181095,0.834356,0.834356,0.783733,3.643252,3.054714,-0.783733
nonmember,42188,1,1,1,0.065864,0.936258,0.936258,0.360799,4.618958,3.842549,-0.360799
nonmember,20436,7,7,1,0.429937,0.650550,0.650550,1.249503,3.046642,1.623446,-1.249503
nonmember,15188,9,1,0,1.950116,0.142258,0.330478,1.637310,1.413561,-0.842902,1.637310
nonmember,1190,9,9,1,0.028934,0.971481,0.971481,0.146097,6.794111,3.654319,-0.146097
nonmember,3229,5,3,0,1.905972,0.148678,0.382757,1.448500,1.610375,-0.945616,1.448500
nonmember,30790,4,7,0,1.693792,0.183821,0.803373,0.559833,4.511809,-1.474855,0.559833
nonmember,30248,5,5,1,0.107151,0.898390,0.898390,0.494848,4.697301,3.355218,-0.494848
nonmember,26268,6,3,0,1.489909,0.225393,0.330305,1.878037,1.379192,-0.382169,1.878037
nonmember,932,5,3,0,1.213790,0.297069,0.575956,1.168050,2.473706,-0.662066,1.168050
nonmember,40824,6,6,1,0.222912,0.800185,0.800185,0.858724,3.651375,2.496610,-0.858724
nonmember,5356,1,1,1,0.055164,0.946330,0.946330,0.271008,5.598907,3.298337,-0.271008
nonmember,33566,6,6,1,0.197276,0.820964,0.820964,0.712017,4.275320,2.205671,-0.712017
nonmember,35329,7,7,1,0.140213,0.869173,0.869173,0.585662,4.295529,2.462934,-0.585662
nonmember,41540,3,3,1,0.589932,0.554365,0.554365,1.243958,3.642329,1.078417,-1.243958
nonmember,30331,0,0,1,0.206132,0.813726,0.813726,0.839643,3.578675,2.502580,-0.839643
nonmember,41917,3,5,0,1.011519,0.363666,0.534628,1.082795,3.152166,-0.385334,1.082795
nonmember,14768,2,2,1,0.904741,0.404646,0.404646,1.572648,2.268702,0.280055,-1.572648
nonmember,4530,3,3,1,1.020537,0.360401,0.360401,1.603993,2.309498,0.194674,-1.603993
nonmember,2141,3,7,0,2.548440,0.078204,0.355415,1.885732,0.233893,-1.513972,1.885732
nonmember,37331,5,5,1,0.439118,0.644605,0.644605,1.185243,2.993429,1.154450,-1.185243
nonmember,21221,9,9,1,0.131572,0.876716,0.876716,0.535085,4.549427,2.425565,-0.535085
nonmember,20207,5,5,1,0.635369,0.529740,0.529740,1.009573,3.490040,0.271619,-1.009573
nonmember,46467,2,6,0,2.354543,0.094937,0.751031,0.992813,1.423318,-2.068234,0.992813
nonmember,45541,4,6,0,1.341440,0.261469,0.283180,1.797003,1.655630,-0.079767,1.797003
nonmember,9324,8,8,1,0.127918,0.879926,0.879926,0.619945,3.918749,3.652231,-0.619945
nonmember,32988,1,9,0,1.430744,0.239131,0.704260,0.863612,2.713685,-1.080136,0.863612
nonmember,41728,5,5,1,0.152607,0.858467,0.858467,0.599564,4.628427,2.694618,-0.599564
nonmember,37154,4,7,0,1.841222,0.158624,0.313135,1.719003,1.250942,-0.680099,1.719003
nonmember,25713,3,3,1,0.654820,0.519536,0.519536,1.508045,2.546430,0.937027,-1.508045
nonmember,20018,7,4,0,1.505699,0.221862,0.403123,1.718308,1.525891,-0.597185,1.718308
nonmember,18924,6,6,1,1.491067,0.225132,0.225132,1.925655,1.345369,0.007749,-1.925655
nonmember,2558,8,8,1,0.503038,0.604691,0.604691,1.155100,3.255131,0.821679,-1.155100
nonmember,20091,3,3,1,0.197733,0.820589,0.820589,0.621837,4.596540,1.731593,-0.621837
nonmember,37105,3,3,1,0.816998,0.441756,0.441756,1.228558,3.121619,0.078572,-1.228558
nonmember,14168,1,8,0,0.937256,0.391701,0.423965,1.378630,2.436302,-0.079151,1.378630
nonmember,11270,2,2,1,0.867830,0.419862,0.419862,1.729897,1.949302,0.539930,-1.729897
nonmember,16570,2,2,1,0.803346,0.447828,0.447828,1.155950,3.024123,0.009567,-1.155950
nonmember,48307,7,2,0,1.692713,0.184020,0.457827,1.696224,1.250232,-0.911450,1.696224
nonmember,21399,2,2,1,0.706583,0.493327,0.493327,0.861737,4.086142,0.033146,-0.861737
nonmember,24742,2,0,0,1.432601,0.238687,0.326608,1.929311,1.269112,-0.313607,1.929311
nonmember,33636,7,7,1,0.459491,0.631605,0.631605,1.291401,2.909106,1.276898,-1.291401
nonmember,6885,1,1,1,0.393921,0.674407,0.674407,1.223598,2.938247,1.753229,-1.223598
nonmember,35569,2,2,1,0.103171,0.901973,0.901973,0.505416,4.496130,3.559692,-0.505416
nonmember,46904,1,1,1,0.224004,0.799312,0.799312,0.639878,4.548383,1.535199,-0.639878
nonmember,40450,9,9,1,0.289253,0.748823,0.748823,0.964842,3.785499,2.100298,-0.964842
nonmember,9002,2,2,1,0.229268,0.795115,0.795115,0.564538,5.636075,1.404807,-0.564538
nonmember,957,2,2,1,0.187340,0.829162,0.829162,0.749023,3.942878,2.360698,-0.749023
nonmember,27072,2,2,1,0.332689,0.716993,0.716993,0.942074,3.660076,1.317361,-0.942074
nonmember,2760,2,2,1,0.488487,0.613554,0.613554,1.417849,2.684450,1.813870,-1.417849
nonmember,48918,7,7,1,0.850989,0.426992,0.426992,1.592463,2.183650,0.338928,-1.592463
nonmember,31009,9,9,1,0.027090,0.973273,0.973273,0.177504,5.315070,4.996621,-0.177504
nonmember,6314,4,5,0,2.268110,0.103508,0.188468,2.216948,0.090679,-0.599285,2.216948
nonmember,10894,9,9,1,0.181237,0.834238,0.834238,0.676782,4.287693,2.112076,-0.676782
nonmember,42967,4,4,1,0.956198,0.384352,0.384352,1.930823,1.732702,0.984367,-1.930823
nonmember,369,9,1,0,0.948310,0.387395,0.496534,1.152280,3.047519,-0.248207,1.152280
nonmember,39397,0,0,1,0.340852,0.711164,0.711164,1.119749,3.211325,1.999122,-1.119749
nonmember,12691,4,3,0,0.960479,0.382709,0.426067,1.349349,2.845583,-0.107320,1.349349
nonmember,18473,4,7,0,1.999383,0.135419,0.337848,2.005068,0.630360,-0.914223,2.005068
nonmember,34931,5,5,1,0.162631,0.849905,0.849905,0.693165,3.893130,2.669693,-0.693165
nonmember,34218,2,2,1,0.411609,0.662584,0.662584,1.281489,2.987148,1.970630,-1.281489
nonmember,14532,4,4,1,0.023495,0.976779,0.976779,0.149482,5.887258,4.704899,-0.149482
nonmember,47601,2,2,1,0.566419,0.567554,0.567554,1.546765,2.495811,1.517915,-1.546765
nonmember,8871,2,3,0,2.234338,0.107063,0.374691,1.829840,0.699846,-1.252684,1.829840
nonmember,16941,7,7,1,0.057215,0.944391,0.944391,0.301527,5.309010,3.615375,-0.301527
nonmember,46435,8,8,1,0.003641,0.996366,0.996366,0.031301,7.230329,6.955167,-0.031301
nonmember,36524,2,2,1,0.210718,0.810003,0.810003,0.796818,3.841267,2.269630,-0.796818
nonmember,36206,5,5,1,0.213987,0.807359,0.807359,0.841905,3.790174,2.719239,-0.841905
nonmember,29249,2,2,1,0.258918,0.771886,0.771886,0.794679,4.110000,1.592558,-0.794679
nonmember,24096,0,0,1,0.355339,0.700936,0.700936,1.072920,3.536398,1.795656,-1.072920
nonmember,7886,8,8,1,0.070150,0.932254,0.932254,0.390143,4.420540,4.391872,-0.390143
nonmember,46149,3,3,1,0.262516,0.769114,0.769114,0.911107,3.982992,2.173241,-0.911107
nonmember,43622,8,8,1,0.206265,0.813618,0.813618,0.777901,3.854573,2.131097,-0.777901
nonmember,16425,8,8,1,0.021265,0.978959,0.978959,0.145241,5.569997,5.220164,-0.145241
nonmember,21092,0,0,1,0.119316,0.887527,0.887527,0.442537,5.146524,2.263879,-0.442537
nonmember,22188,5,5,1,0.506401,0.602661,0.602661,1.209844,3.222039,1.112154,-1.209844
nonmember,45537,8,8,1,0.031116,0.969363,0.969363,0.197395,5.275836,4.637075,-0.197395
nonmember,5661,6,6,1,0.022352,0.977896,0.977896,0.146355,6.029919,5.124223,-0.146355
nonmember,3309,2,2,1,0.659780,0.516965,0.516965,1.555043,2.533380,1.240137,-1.555043
nonmember,19148,6,6,1,0.199128,0.819445,0.819445,0.804821,3.665990,2.678724,-0.804821
nonmember,3056,8,1,0,1.263716,0.282602,0.550932,1.318367,2.091914,-0.667573,1.318367
nonmember,1905,7,7,1,0.045262,0.955747,0.955747,0.213237,6.205279,3.242713,-0.213237
nonmember,36956,5,5,1,0.933766,0.393071,0.393071,1.463565,2.556193,0.067305,-1.463565
nonmember,4156,4,4,1,0.828569,0.436674,0.436674,1.689456,2.236504,1.023789,-1.689456
nonmember,943,8,8,1,0.229700,0.794772,0.794772,0.841716,3.803816,2.271674,-0.841716
nonmember,27436,8,8,1,0.696904,0.498125,0.498125,1.761292,2.022761,1.676948,-1.761292
nonmember,46777,9,9,1,0.026382,0.973963,0.973963,0.171184,5.466285,4.877036,-0.171184
nonmember,38241,5,5,1,0.243458,0.783912,0.783912,0.886881,3.591932,2.110484,-0.886881
nonmember,12052,0,0,1,0.008501,0.991535,0.991535,0.065109,6.564257,5.908532,-0.065109
nonmember,2294,5,5,1,0.220775,0.801897,0.801897,0.816911,3.771711,2.199342,-0.816911
nonmember,6803,8,8,1,0.125303,0.882230,0.882230,0.549937,4.348042,2.829290,-0.549937
nonmember,13659,2,2,1,0.678866,0.507192,0.507192,1.316618,3.051635,0.823680,-1.316618
nonmember,25023,0,2,0,3.071199,0.046366,0.636788,1.338268,0.260061,-2.619880,1.338268
nonmember,45621,0,0,1,0.858756,0.423689,0.423689,1.716882,2.072803,0.579096,-1.716882
nonmember,24891,1,1,1,0.015923,0.984203,0.984203,0.107325,6.212502,4.873787,-0.107325
nonmember,40376,8,8,1,0.033387,0.967165,0.967165,0.208574,5.287718,4.715319,-0.208574
nonmember,44401,9,9,1,0.204537,0.815025,0.815025,0.703569,4.114765,1.850077,-0.703569
nonmember,32279,8,8,1,0.004054,0.995954,0.995954,0.031939,7.589059,5.987267,-0.031939
nonmember,36411,5,3,0,2.054822,0.128116,0.440716,1.856217,0.722282,-1.235467,1.856217
nonmember,44303,0,8,0,1.786454,0.167553,0.284455,1.937863,0.978551,-0.529276,1.937863
nonmember,289,7,7,1,0.035367,0.965251,0.965251,0.207334,5.493809,4.001512,-0.207334
nonmember,30829,0,0,1,0.719696,0.486900,0.486900,1.534757,2.519221,0.713118,-1.534757
nonmember,45551,8,8,1,0.014196,0.985905,0.985905,0.103670,5.925689,5.801312,-0.103670
nonmember,9571,7,2,0,1.168677,0.310778,0.454938,1.451623,2.328128,-0.381083,1.451623
nonmember,8822,3,5,0,1.119133,0.326563,0.587396,1.021371,3.121588,-0.587076,1.021371
nonmember,27477,2,2,1,0.904803,0.404622,0.404622,1.605661,2.247680,0.228936,-1.605661
nonmember,45185,8,8,1,0.165631,0.847359,0.847359,0.589334,4.450987,2.002859,-0.589334
nonmember,17707,4,4,1,1.193206,0.303248,0.303248,1.807902,1.648221,0.061528,-1.807902
nonmember,5116,7,7,1,0.114081,0.892186,0.892186,0.458398,4.890727,2.427516,-0.458398
nonmember,29081,7,5,0,1.258533,0.284070,0.386240,1.666551,1.908693,-0.307237,1.666551
nonmember,37137,2,2,1,0.308982,0.734194,0.734194,1.081480,3.214549,2.315923,-1.081480
nonmember,22478,5,5,1,0.932134,0.393713,0.393713,1.388013,2.633023,0.013334,-1.388013
nonmember,11636,5,3,0,1.275670,0.279244,0.517382,1.373467,2.288392,-0.616695,1.373467
nonmember,36696,6,9,0,2.553171,0.077834,0.558903,1.563756,0.387250,-1.971391,1.563756
nonmember,32687,2,2,1,0.328809,0.719781,0.719781,1.126355,3.105907,2.047328,-1.126355
nonmember,23573,8,2,0,1.540254,0.214327,0.237263,2.056828,1.090338,-0.101669,2.056828
nonmember,38954,5,3,0,1.689656,0.184583,0.274349,1.975080,1.023394,-0.396302,1.975080
nonmember,22968,6,6,1,0.080578,0.922583,0.922583,0.416284,4.655183,3.620772,-0.416284
nonmember,27142,3,3,1,0.751424,0.471694,0.471694,1.356500,2.794699,0.321094,-1.356500
nonmember,31877,5,8,0,1.753402,0.173184,0.404153,1.744940,1.326297,-0.847440,1.744940
nonmember,24551,3,6,0,1.741943,0.175180,0.463428,1.721648,1.164045,-0.972840,1.721648
nonmember,40283,1,1,1,0.024801,0.975504,0.975504,0.155040,5.878157,4.489843,-0.155040
nonmember,14922,8,0,0,2.820239,0.059592,0.394812,1.783332,0.008131,-1.890895,1.783332
nonmember,43230,7,7,1,0.190229,0.826770,0.826770,0.655331,4.532478,1.940999,-0.655331
nonmember,39694,5,6,0,2.592739,0.074815,0.436688,1.838375,0.176127,-1.764202,1.838375
nonmember,46747,7,7,1,0.030277,0.970177,0.970177,0.184701,5.701956,4.261849,-0.184701
nonmember,43767,3,5,0,1.011554,0.363654,0.450238,1.270378,3.040817,-0.213575,1.270378
nonmember,26842,0,0,1,0.344005,0.708926,0.708926,1.192496,2.955238,2.350982,-1.192496
nonmember,30178,9,1,0,0.941591,0.390007,0.560788,0.933548,3.466424,-0.363178,0.933548
nonmember,9580,2,2,1,0.815176,0.442561,0.442561,1.655761,2.210156,0.649014,-1.655761
nonmember,28679,5,5,1,1.466886,0.230643,0.230643,2.100427,1.064859,0.001271,-2.100427
nonmember,32823,8,8,1,0.374172,0.687859,0.687859,1.203588,3.032345,1.731445,-1.203588
nonmember,46875,7,7,1,0.007533,0.992495,0.992495,0.056647,6.930544,5.600348,-0.056647
nonmember,38983,4,4,1,0.526525,0.590654,0.590654,1.237413,3.107226,0.898288,-1.237413
nonmember,49187,4,7,0,1.119403,0.326475,0.518197,1.297328,2.385467,-0.462002,1.297328
nonmember,6081,2,3,0,3.528356,0.029353,0.410193,1.724768,-0.429854,-2.637228,1.724768
nonmember,38419,0,2,0,1.562580,0.209595,0.588104,1.165257,2.614737,-1.031729,1.165257
nonmember,19492,0,0,1,0.312483,0.731628,0.731628,1.090260,3.114008,2.026072,-1.090260
nonmember,1127,3,3,1,0.833956,0.434328,0.434328,1.691318,2.196879,0.824988,-1.691318
nonmember,27133,9,9,1,0.542609,0.581230,0.581230,0.967812,3.561960,0.479722,-0.967812
nonmember,27720,5,3,0,1.650918,0.191874,0.695487,1.022490,2.145785,-1.287775,1.022490
nonmember,36052,0,1,0,1.803734,0.164683,0.310637,1.879638,1.040975,-0.634604,1.879638
nonmember,46372,4,8,0,5.055592,0.006374,0.891425,0.547225,-0.632346,-4.940657,0.547225
nonmember,16413,9,9,1,0.045041,0.955958,0.955958,0.267303,4.916727,4.424644,-0.267303
nonmember,39879,9,9,1,0.062353,0.939551,0.939551,0.345540,4.585069,3.718708,-0.345540
nonmember,30451,2,5,0,1.817436,0.162442,0.360330,1.733385,1.236858,-0.796702,1.733385
nonmember,15022,8,9,0,2.313724,0.098892,0.422007,1.268988,1.445337,-1.450991,1.268988
nonmember,9235,5,7,0,6.867053,0.001042,0.994880,0.040116,0.644987,-6.861920,0.040116
nonmember,9845,4,4,1,1.000913,0.367544,0.367544,1.619548,2.301127,0.365779,-1.619548
nonmember,10020,0,0,1,0.291257,0.747324,0.747324,0.945384,3.671397,1.768007,-0.945384
nonmember,47256,1,1,1,0.240331,0.786368,0.786368,0.675428,4.790727,1.522794,-0.675428
nonmember,4851,8,8,1,0.266833,0.765801,0.765801,0.971239,3.388489,2.053238,-0.971239
nonmember,20296,9,9,1,0.311992,0.731987,0.731987,1.009691,3.298194,1.707944,-1.009691
nonmember,4093,8,8,1,0.059181,0.942536,0.942536,0.335183,4.733811,4.309642,-0.335183
nonmember,38449,3,5,0,0.999378,0.368108,0.549941,1.017153,3.468350,-0.401434,1.017153
nonmember,26262,9,9,1,0.822264,0.439435,0.439435,1.822676,1.877300,1.196766,-1.822676
nonmember,48309,4,4,1,0.073773,0.928882,0.928882,0.386634,4.622803,3.603666,-0.386634
nonmember,6245,9,9,1,0.026468,0.973879,0.973879,0.172920,5.368105,5.025710,-0.172920
nonmember,43656,7,7,1,0.284029,0.752745,0.752745,0.983091,3.588424,2.015103,-0.983091
nonmember,42308,6,3,0,1.522475,0.218171,0.375755,1.847263,1.260203,-0.543656,1.847263
nonmember,1464,1,1,1,0.307555,0.735242,0.735242,0.829904,4.702859,1.704434,-0.829904
nonmember,45436,5,5,1,0.123616,0.883719,0.883719,0.518702,4.439896,2.497396,-0.518702
nonmember,40348,2,2,1,0.486476,0.614789,0.614789,1.300516,2.848611,1.140585,-1.300516
nonmember,24131,8,0,0,1.727980,0.177643,0.352366,1.942164,0.940988,-0.684896,1.942164
nonmember,33945,7,3,0,1.499412,0.223261,0.297131,1.874783,1.486056,-0.285832,1.874783
nonmember,23638,4,4,1,0.555478,0.573798,0.573798,1.385219,2.840504,1.089374,-1.385219
nonmember,18389,3,6,0,1.298788,0.272862,0.413208,1.658649,1.797835,-0.414985,1.658649
nonmember,38292,3,3,1,0.367681,0.692338,0.692338,1.066003,3.409689,1.360584,-1.066003
nonmember,5286,9,9,1,0.110418,0.895460,0.895460,0.556231,3.948103,3.725150,-0.556231
nonmember,10591,2,2,1,0.252254,0.777047,0.777047,0.777389,4.390885,1.642827,-0.777389
nonmember,41190,5,5,1,0.769551,0.463221,0.463221,1.554767,2.414316,0.756024,-1.554767
nonmember,38837,7,7,1,0.001581,0.998420,0.998420,0.014427,8.599593,7.825053,-0.014427
nonmember,19080,3,5,0,1.641388,0.193711,0.769161,0.705470,3.088559,-1.378932,0.705470
nonmember,38550,7,7,1,0.098805,0.905919,0.905919,0.438283,5.178401,2.984786,-0.438283
nonmember,31540,9,9,1,0.353275,0.702384,0.702384,0.841660,4.291500,1.082007,-0.841660
nonmember,42498,1,1,1,0.631624,0.531728,0.531728,1.223700,2.998010,0.477938,-1.223700
nonmember,38976,3,3,1,0.866461,0.420437,0.420437,1.500445,2.515040,0.370404,-1.500445
nonmember,30671,7,7,1,0.070718,0.931725,0.931725,0.299168,6.177928,2.824804,-0.299168
nonmember,43518,1,1,1,0.146008,0.864151,0.864151,0.606724,4.382167,2.563851,-0.606724
nonmember,20385,9,0,0,1.748292,0.174071,0.790523,0.667373,3.222624,-1.513231,0.667373
nonmember,14865,7,7,1,0.148739,0.861794,0.861794,0.660810,3.950603,2.990083,-0.660810
nonmember,37974,6,2,0,1.215141,0.296668,0.357149,1.702501,1.860162,-0.185539,1.702501
nonmember,8879,8,8,1,0.276906,0.758126,0.758126,0.915735,3.894681,2.080053,-0.915735
nonmember,26744,0,0,1,0.020702,0.979511,0.979511,0.136431,5.875847,4.966386,-0.136431
nonmember,32880,6,6,1,0.218069,0.804070,0.804070,0.815198,3.812335,2.137037,-0.815198
nonmember,42082,7,7,1,0.070261,0.932150,0.932150,0.362104,4.935594,3.508588,-0.362104
nonmember,38487,1,9,0,1.756478,0.172652,0.555785,1.489982,1.407054,-1.169105,1.489982
nonmember,46470,4,4,1,0.932667,0.393503,0.393503,1.640000,2.282514,0.761406,-1.640000
nonmember,22956,9,9,1,0.129196,0.878802,0.878802,0.510599,4.576089,2.368516,-0.510599
nonmember,10407,5,3,0,1.316180,0.268158,0.517820,1.434596,1.941817,-0.658053,1.434596
nonmember,38873,9,9,1,0.115970,0.890502,0.890502,0.493243,4.438848,2.537340,-0.493243
nonmember,40120,7,7,1,0.303022,0.738583,0.738583,0.871600,3.979891,1.388725,-0.871600
nonmember,32681,1,1,1,0.059201,0.942517,0.942517,0.291087,5.424510,3.224058,-0.291087
nonmember,28534,9,9,1,0.309710,0.733659,0.733659,0.967871,3.528108,1.592053,-0.967871
nonmember,27562,0,0,1,0.091061,0.912962,0.912962,0.464288,4.406285,3.588060,-0.464288
nonmember,22265,1,1,1,0.461803,0.630147,0.630147,1.217669,3.438473,1.641198,-1.217669
nonmember,8326,5,3,0,1.612390,0.199410,0.556347,1.374587,1.905227,-1.026028,1.374587
nonmember,10263,2,2,1,1.015625,0.362176,0.362176,1.771289,1.948164,0.387951,-1.771289
nonmember,38998,9,9,1,0.155365,0.856103,0.856103,0.628446,4.209506,2.417182,-0.628446
nonmember,14854,8,0,0,1.036728,0.354613,0.440229,1.386526,2.461900,-0.216268,1.386526
nonmember,31699,4,2,0,1.684705,0.185499,0.466411,1.486975,1.715923,-0.922017,1.486975
nonmember,15486,1,1,1,0.313501,0.730884,0.730884,1.093462,3.200382,2.324824,-1.093462
nonmember,18188,3,3,1,0.342684,0.709863,0.709863,0.858860,4.230752,1.143205,-0.858860
nonmember,18685,5,5,1,1.125170,0.324597,0.324597,1.764392,1.778937,0.177256,-1.764392
nonmember,36874,8,8,1,0.287051,0.750474,0.750474,0.713945,4.443880,1.236377,-0.713945
nonmember,19231,2,2,1,1.020124,0.360550,0.360550,1.759886,2.053218,0.618861,-1.759886
nonmember,2299,6,6,1,0.203191,0.816122,0.816122,0.772466,3.924065,2.365502,-0.772466
nonmember,26383,6,6,1,0.476209,0.621134,0.621134,1.413146,2.738663,2.057106,-1.413146
nonmember,39380,0,0,1,0.140088,0.869282,0.869282,0.627476,4.026060,3.075448,-0.627476
nonmember,2186,1,4,0,2.053293,0.128312,0.193276,2.104422,0.519854,-0.409655,2.104422
nonmember,46633,2,2,1,0.732445,0.480732,0.480732,1.479706,2.726820,0.936813,-1.479706
nonmember,13676,5,5,1,0.139945,0.869406,0.869406,0.459029,5.415188,2.014019,-0.459029
nonmember,14657,5,5,1,0.500642,0.606141,0.606141,0.871351,4.173653,0.539533,-0.871351
nonmember,26932,9,9,1,0.068915,0.933406,0.933406,0.314436,5.398874,2.950514,-0.314436
nonmember,22808,2,3,0,2.006413,0.134470,0.404470,1.750032,1.047703,-1.101236,1.750032
nonmember,41468,9,9,1,0.179303,0.835853,0.835853,0.703860,3.970544,2.285540,-0.703860
nonmember,22747,1,1,1,0.611700,0.542428,0.542428,1.442647,2.691544,1.034440,-1.442647
nonmember,29253,6,6,1,0.081037,0.922160,0.922160,0.413296,4.479124,3.321125,-0.413296
nonmember,21799,9,9,1,1.008396,0.364804,0.364804,1.700236,2.107441,0.483269,-1.700236
nonmember,4660,4,4,1,0.570427,0.565284,0.565284,1.584586,2.335435,1.601951,-1.584586
nonmember,6394,3,3,1,0.244823,0.782843,0.782843,0.938323,3.537456,2.465270,-0.938323
nonmember,648,2,7,0,1.569470,0.208155,0.312081,1.832302,1.446837,-0.404979,1.832302
nonmember,48364,2,2,1,0.006108,0.993911,0.993911,0.048119,7.239336,6.355961,-0.048119
nonmember,15311,3,3,1,0.201097,0.817833,0.817833,0.654259,4.726858,1.820969,-0.654259
nonmember,1392,8,8,1,0.010529,0.989526,0.989526,0.080611,6.130712,6.322031,-0.080611
nonmember,6014,3,4,0,1.416883,0.242469,0.343269,1.807546,1.494959,-0.347643,1.807546
nonmember,24636,2,5,0,2.281172,0.102164,0.554080,1.414552,1.291218,-1.690725,1.414552
nonmember,13118,1,0,0,1.685780,0.185300,0.438208,1.785995,1.186193,-0.860718,1.785995
nonmember,4548,5,5,1,0.565535,0.568056,0.568056,1.070303,3.610013,0.539467,-1.070303
nonmember,44160,5,5,1,0.014550,0.985555,0.985555,0.102907,6.101085,5.504786,-0.102907
nonmember,13298,9,9,1,0.143101,0.866667,0.866667,0.633458,4.164019,2.968760,-0.633458
nonmember,6882,8,2,0,2.074327,0.125641,0.222704,2.111086,0.440876,-0.572416,2.111086
nonmember,38572,6,6,1,0.007283,0.992744,0.992744,0.052896,7.397881,5.480473,-0.052896
nonmember,13153,6,5,0,2.176227,0.113469,0.205043,2.196271,0.257819,-0.591692,2.196271
nonmember,44607,7,7,1,0.160184,0.851987,0.851987,0.656086,4.163580,2.411905,-0.656086
nonmember,28974,9,9,1,0.222522,0.800497,0.800497,0.861649,3.526480,2.318055,-0.861649
nonmember,42386,7,7,1,0.138514,0.870651,0.870651,0.622057,4.082865,3.135839,-0.622057
nonmember,6988,1,1,1,0.389931,0.677104,0.677104,0.984432,4.133062,1.236157,-0.984432
nonmember,9123,0,0,1,0.221502,0.801314,0.801314,0.848642,3.676246,2.335640,-0.848642
nonmember,6205,3,5,0,1.645808,0.192857,0.480810,1.634025,1.335242,-0.913525,1.634025
nonmember,4402,3,5,0,1.101966,0.332217,0.455957,1.433612,2.281634,-0.316608,1.433612
nonmember,16796,3,3,1,0.204437,0.815106,0.815106,0.869906,3.442221,3.127004,-0.869906
nonmember,6233,1,1,1,0.013195,0.986892,0.986892,0.087072,6.547075,4.755411,-0.087072
nonmember,6253,5,8,0,2.290697,0.101196,0.203583,2.163843,0.217952,-0.699015,2.163843
nonmember,11912,0,0,1,1.325638,0.265633,0.265633,1.970038,1.394974,0.129112,-1.970038
nonmember,2990,4,4,1,0.593049,0.552640,0.552640,1.572498,2.332869,1.320760,-1.572498
nonmember,25201,1,1,1,0.216276,0.805513,0.805513,0.839741,3.642473,2.297283,-0.839741
nonmember,20076,5,5,1,0.165017,0.847879,0.847879,0.506226,5.169803,1.826231,-0.506226
nonmember,6739,7,7,1,0.004867,0.995145,0.995145,0.036219,7.965414,5.712574,-0.036219
nonmember,34053,2,0,0,2.574142,0.076219,0.902905,0.406976,2.780815,-2.472003,0.406976
nonmember,46607,2,2,1,0.216357,0.805447,0.805447,0.836762,3.693179,2.306523,-0.836762
nonmember,49294,5,3,0,1.177718,0.307981,0.412394,1.545946,2.206164,-0.291941,1.545946
nonmember,5262,8,8,1,0.312964,0.731276,0.731276,1.145954,3.039584,2.518281,-1.145954
nonmember,38018,9,2,0,3.451854,0.031687,0.487477,1.751656,-0.629764,-2.733342,1.751656
nonmember,36690,4,4,1,0.253252,0.776272,0.776272,0.905071,3.572388,1.966983,-0.905071
nonmember,26471,1,0,0,1.706514,0.181497,0.282978,1.828614,1.194750,-0.444128,1.828614
nonmember,9264,5,5,1,0.137148,0.871841,0.871841,0.560796,4.510718,2.508680,-0.560796
nonmember,17534,1,1,1,0.167009,0.846192,0.846192,0.721373,3.804857,2.899443,-0.721373
nonmember,29469,1,1,1,0.540640,0.582375,0.582375,1.399584,2.787722,1.424630,-1.399584
nonmember,33516,0,3,0,1.890870,0.150940,0.340748,1.696693,1.300278,-0.814259,1.696693
nonmember,39997,6,6,1,0.100336,0.904533,0.904533,0.369087,5.849978,2.375060,-0.369087
nonmember,10565,3,3,1,0.491710,0.611580,0.611580,0.904034,3.886122,0.582622,-0.904034
nonmember,17815,1,1,1,0.091849,0.912243,0.912243,0.460235,4.479228,3.711405,-0.460235
nonmember,22824,1,1,1,0.030851,0.969620,0.969620,0.178173,5.920248,4.023776,-0.178173
nonmember,19869,1,1,1,0.476360,0.621040,0.621040,1.336677,2.886814,1.467774,-1.336677
nonmember,26085,6,6,1,0.434720,0.647446,0.647446,1.048470,3.620625,1.014116,-1.048470
nonmember,25115,2,2,1,0.011875,0.988195,0.988195,0.086932,6.409532,5.770840,-0.086932
nonmember,33596,0,0,1,0.015223,0.984893,0.984893,0.101518,6.361344,4.788171,-0.101518
nonmember,24411,3,5,0,1.867804,0.154463,0.762122,0.839604,2.479804,-1.596155,0.839604
nonmember,25528,2,3,0,3.505275,0.030039,0.413713,1.798957,-0.739093,-2.622691,1.798957
nonmember,10552,7,7,1,0.286764,0.750689,0.750689,0.905314,3.934751,1.836656,-0.905314
nonmember,1442,7,2,0,2.575512,0.076115,0.239924,2.054732,0.075783,-1.148079,2.054732
nonmember,45177,9,9,1,0.114110,0.892160,0.892160,0.532493,4.248793,2.955844,-0.532493
nonmember,49014,5,7,0,3.531026,0.029275,0.615531,1.288954,-0.092566,-3.045755,1.288954
nonmember,19658,8,8,1,0.012078,0.987994,0.987994,0.088097,6.173859,5.500379,-0.088097
nonmember,26003,0,0,1,0.322429,0.724388,0.724388,1.058826,3.303880,1.711315,-1.058826
nonmember,44576,3,5,0,1.615206,0.198850,0.257101,1.953307,1.168380,-0.256921,1.953307
nonmember,37648,0,8,0,2.608535,0.073642,0.826676,0.749764,1.512202,-2.418192,0.749764
nonmember,47240,6,3,0,1.755193,0.172874,0.637102,1.199171,1.972540,-1.304368,1.199171
nonmember,11077,5,5,1,1.207443,0.298961,0.298961,1.946589,1.508863,0.189530,-1.946589
nonmember,9793,5,5,1,0.261568,0.769843,0.769843,0.560559,6.408474,1.219938,-0.560559
nonmember,21124,5,3,0,1.925682,0.145776,0.377800,1.679038,1.401488,-0.952293,1.679038
nonmember,13585,2,2,1,0.286002,0.751261,0.751261,1.027514,3.297013,2.299723,-1.027514
nonmember,30749,0,0,1,1.225916,0.293489,0.293489,2.034076,1.402170,0.650674,-2.034076
nonmember,48932,6,6,1,0.518773,0.595250,0.595250,1.423168,2.685489,1.371143,-1.423168
nonmember,36190,7,7,1,0.086042,0.917555,0.917555,0.375813,5.225679,2.754516,-0.375813
nonmember,25806,4,4,1,0.102855,0.902258,0.902258,0.476967,4.572207,2.951378,-0.476967
nonmember,8761,3,4,0,1.748477,0.174039,0.533350,1.491422,1.505990,-1.119900,1.491422
nonmember,41818,0,8,0,4.097749,0.016610,0.952813,0.274887,1.035770,-4.049412,0.274887
nonmember,5438,1,1,1,0.186874,0.829548,0.829548,0.747630,3.807865,2.367773,-0.747630
nonmember,10229,1,1,1,0.041517,0.959333,0.959333,0.232311,5.676455,4.157028,-0.232311
nonmember,44192,3,9,0,0.974343,0.377440,0.387263,1.471545,2.326000,-0.025692,1.471545
nonmember,7462,0,2,0,0.960435,0.382726,0.600394,0.765527,4.789649,-0.450266,0.765527
nonmember,23381,7,7,1,0.053981,0.947451,0.947451,0.279472,5.448398,3.490407,-0.279472
nonmember,42102,9,9,1,0.533818,0.586362,0.586362,1.549591,2.369221,2.027847,-1.549591
nonmember,32791,2,7,0,1.832606,0.159996,0.281411,1.802522,1.247091,-0.564668,1.802522
nonmember,911,0,2,0,0.951021,0.386346,0.487996,1.207100,2.822752,-0.233572,1.207100
nonmember,2772,2,2,1,0.223279,0.799892,0.799892,0.821240,3.899570,2.312929,-0.821240
nonmember,36532,5,5,1,0.628272,0.533513,0.533513,0.989225,3.627192,0.274505,-0.989225
nonmember,2351,9,9,1,0.093207,0.911005,0.911005,0.482645,4.235142,4.009346,-0.482645
nonmember,23048,3,7,0,3.037231,0.047968,0.847883,0.637086,1.611564,-2.872218,0.637086
nonmember,35578,8,8,1,0.578855,0.560540,0.560540,1.520528,2.400304,1.176407,-1.520528
nonmember,28299,5,5,1,0.195277,0.822607,0.822607,0.780468,3.806646,2.520556,-0.780468
nonmember,49928,6,6,1,0.055674,0.945847,0.945847,0.294403,5.166061,3.475311,-0.294403
nonmember,27824,7,7,1,1.529529,0.216638,0.216638,2.039206,1.140997,0.031896,-2.039206
nonmember,3942,6,6,1,0.012166,0.987907,0.987907,0.079756,6.985282,4.781750,-0.079756
nonmember,10079,1,1,1,0.199341,0.819270,0.819270,0.658055,4.411390,1.813890,-0.658055
nonmember,30166,1,1,1,0.253698,0.775926,0.775926,0.962070,3.386306,2.409046,-0.962070
nonmember,12038,1,1,1,0.131743,0.876567,0.876567,0.630937,3.848506,3.667265,-0.630937
nonmember,2595,2,4,0,1.822141,0.161679,0.733435,0.941185,2.352921,-1.512125,0.941185
nonmember,17704,9,9,1,0.724218,0.484703,0.484703,1.413698,2.664823,0.445868,-1.413698
nonmember,2442,4,0,0,1.249026,0.286784,0.363075,1.599147,2.018944,-0.235880,1.599147
nonmember,1295,2,2,1,0.493404,0.610544,0.610544,1.492109,2.525234,2.122133,-1.492109
nonmember,34821,1,1,1,0.335567,0.714933,0.714933,1.061916,3.450383,1.818867,-1.061916
nonmember,2649,3,6,0,1.663076,0.189555,0.453570,1.627666,1.530815,-0.872470,1.627666
nonmember,1807,6,6,1,1.066112,0.344345,0.344345,1.917120,1.738837,0.505355,-1.917120
nonmember,23935,3,4,0,1.920699,0.146504,0.295032,1.801195,1.013570,-0.700028,1.801195
nonmember,2861,0,0,1,0.116827,0.889739,0.889739,0.574851,4.003812,3.409388,-0.574851
nonmember,11168,2,2,1,0.147690,0.862698,0.862698,0.672688,3.928329,3.029095,-0.672688
nonmember,12993,0,8,0,1.101741,0.332292,0.539605,1.197056,2.586120,-0.484823,1.197056
nonmember,8897,7,7,1,0.440660,0.643612,0.643612,1.324137,2.794931,1.946192,-1.324137
nonmember,9311,3,3,1,1.022840,0.359572,0.359572,1.813057,1.921724,0.528802,-1.813057
nonmember,30398,8,8,1,0.094642,0.909699,0.909699,0.487320,4.185064,3.569425,-0.487320
nonmember,31022,3,3,1,0.476692,0.620834,0.620834,1.264054,3.058224,1.190985,-1.264054
nonmember,32132,8,8,1,0.546000,0.579262,0.579262,1.356055,2.879488,1.319178,-1.356055
nonmember,1748,9,9,1,0.422422,0.655457,0.655457,1.077936,3.260616,1.037560,-1.077936
nonmember,48915,1,1,1,0.196078,0.821948,0.821948,0.579325,4.979781,1.673917,-0.579325
nonmember,18980,8,8,1,1.058318,0.347039,0.347039,1.692189,2.161252,0.393608,-1.692189
nonmember,18937,9,3,0,1.751003,0.173600,0.545434,1.317924,2.052826,-1.144830,1.317924
nonmember,9654,9,9,1,0.367714,0.692315,0.692315,1.217255,2.941006,2.056185,-1.217255
nonmember,28146,4,2,0,1.251072,0.286198,0.562556,1.217195,2.493962,-0.675807,1.217195
nonmember,20944,9,9,1,0.264291,0.767750,0.767750,0.760741,4.149426,1.445539,-0.760741
nonmember,4563,0,0,1,0.506262,0.602744,0.602744,1.316291,2.849046,1.102299,-1.316291
nonmember,15259,4,4,1,0.745156,0.474660,0.474660,1.638645,2.341927,1.097669,-1.638645
nonmember,4619,0,0,1,0.507844,0.601792,0.601792,1.208241,3.241543,0.939578,-1.208241
nonmember,8153,3,5,0,1.085431,0.337756,0.382593,1.532642,2.123534,-0.124649,1.532642
nonmember,7811,4,4,1,0.571854,0.564478,0.564478,1.514255,2.524640,1.337388,-1.514255
nonmember,9270,9,9,1,0.014679,0.985428,0.985428,0.104204,6.071736,5.348742,-0.104204
nonmember,12865,1,9,0,1.578217,0.206343,0.460812,1.647600,1.459900,-0.803452,1.647600
nonmember,2158,9,9,1,0.434355,0.647682,0.647682,1.303885,2.816727,1.650643,-1.303885
nonmember,48336,8,8,1,0.792514,0.452705,0.452705,1.697835,2.285189,0.958148,-1.697835
nonmember,19227,8,8,1,0.355534,0.700799,0.700799,1.199646,2.876906,2.006396,-1.199646
nonmember,49307,6,2,0,2.979369,0.050825,0.778884,0.921070,1.022643,-2.729476,0.921070
nonmember,32248,6,6,1,0.202141,0.816980,0.816980,0.717465,4.147525,1.933091,-0.717465
nonmember,14335,0,2,0,2.765066,0.062972,0.908162,0.399912,2.957284,-2.668733,0.399912
nonmember,47572,7,7,1,0.553316,0.575040,0.575040,1.224421,3.224290,0.800892,-1.224421
nonmember,12750,3,5,0,1.697406,0.183158,0.754740,0.796833,2.864477,-1.416024,0.796833
nonmember,34667,9,0,0,1.729543,0.177365,0.598412,1.265809,1.950490,-1.216067,1.265809
nonmember,31439,5,5,1,0.520209,0.594396,0.594396,1.274095,3.132592,1.053778,-1.274095
nonmember,16466,8,8,1,0.779080,0.458828,0.458828,1.763014,1.983387,1.028652,-1.763014
nonmember,12296,0,0,1,0.578730,0.560610,0.560610,1.160262,3.164191,0.559669,-1.160262
nonmember,7062,4,6,0,3.767215,0.023116,0.551485,1.247029,0.271545,-3.172074,1.247029
nonmember,28494,6,6,1,0.798824,0.449858,0.449858,1.214864,2.971432,0.054418,-1.214864
nonmember,11921,2,5,0,1.541944,0.213965,0.459641,1.572332,1.689586,-0.764633,1.572332
nonmember,8568,9,9,1,0.034473,0.966114,0.966114,0.213440,5.223132,4.620069,-0.213440
nonmember,3269,8,8,1,0.655992,0.518927,0.518927,1.450191,2.747501,1.018767,-1.450191
nonmember,22466,9,9,1,0.026858,0.973499,0.973499,0.167402,5.523579,4.295789,-0.167402
nonmember,49641,0,0,1,0.135167,0.873570,0.873570,0.602652,4.244261,3.144051,-0.602652
nonmember,8402,9,9,1,0.148654,0.861867,0.861867,0.665864,3.843250,3.157168,-0.665864
nonmember,12481,8,8,1,0.425315,0.653564,0.653564,1.050851,3.329371,0.968560,-1.050851
nonmember,10146,0,0,1,0.572280,0.564237,0.564237,1.527531,2.559168,1.458282,-1.527531
nonmember,5861,9,9,1,0.298068,0.742251,0.742251,1.102271,3.023011,2.439318,-1.102271
nonmember,37202,7,7,1,0.364576,0.694491,0.694491,1.038141,3.521761,1.474464,-1.038141
nonmember,34798,6,6,1,0.296158,0.743670,0.743670,1.092019,3.158129,2.594234,-1.092019
nonmember,7936,1,1,1,0.121743,0.885376,0.885376,0.575161,4.034203,3.161347,-0.575161
nonmember,41966,1,1,1,0.019594,0.980597,0.980597,0.126372,6.078301,4.610800,-0.126372
nonmember,10378,2,5,0,1.785338,0.167740,0.622622,1.299489,1.601760,-1.311522,1.299489
nonmember,13177,2,7,0,2.223772,0.108200,0.514030,1.661729,0.678125,-1.558298,1.661729
nonmember,19364,2,2,1,0.922567,0.397497,0.397497,1.561034,2.195484,0.141091,-1.561034
nonmember,12732,1,1,1,0.071474,0.931021,0.931021,0.310307,5.544307,2.815718,-0.310307
nonmember,15217,3,3,1,0.220949,0.801757,0.801757,0.808653,4.142180,2.474368,-0.808653
nonmember,26982,2,2,1,0.934492,0.392785,0.392785,1.828544,1.904604,0.875903,-1.828544
nonmember,20450,4,4,1,0.183872,0.832043,0.832043,0.763670,3.773498,2.783426,-0.763670
nonmember,33352,4,4,1,0.482423,0.617286,0.617286,1.394801,2.754075,1.713004,-1.394801
nonmember,22878,6,6,1,0.130010,0.878087,0.878087,0.609192,4.038612,3.181942,-0.609192
nonmember,21712,3,3,1,0.467346,0.626663,0.626663,1.299514,3.105252,1.688789,-1.299514
nonmember,32382,7,7,1,0.458975,0.631931,0.631931,1.192609,3.244199,1.249380,-1.192609
nonmember,32321,2,2,1,1.380285,0.251507,0.251507,1.951734,1.395915,0.120358,-1.951734
nonmember,35902,5,7,0,1.819547,0.162099,0.468362,1.610057,1.348144,-1.061032,1.610057
nonmember,5904,8,1,0,1.478849,0.227900,0.381146,1.762718,1.435852,-0.514275,1.762718
nonmember,42164,4,7,0,1.775473,0.169403,0.681059,1.116667,1.900439,-1.391366,1.116667
nonmember,33201,6,6,1,0.109482,0.896298,0.896298,0.513617,4.384445,3.240109,-0.513617
nonmember,26452,1,1,1,0.080351,0.922792,0.922792,0.403989,4.757507,3.337645,-0.403989
nonmember,38924,5,5,1,0.618392,0.538810,0.538810,1.418738,2.894952,1.164771,-1.418738
nonmember,14321,3,2,0,2.164897,0.114762,0.517699,1.596889,0.910265,-1.506535,1.596889
nonmember,48606,9,0,0,3.033434,0.048150,0.445551,1.627228,0.119778,-2.224992,1.627228
nonmember,39511,6,6,1,0.064460,0.937574,0.937574,0.339227,5.181355,3.661988,-0.339227
nonmember,8932,1,1,1,0.500038,0.606508,0.606508,1.360277,2.782927,1.364997,-1.360277
nonmember,6463,6,6,1,0.555058,0.574039,0.574039,1.557216,2.436797,1.750994,-1.557216
nonmember,12372,8,8,1,0.103151,0.901991,0.901991,0.518664,4.161532,3.567337,-0.518664
nonmember,28113,0,0,1,0.289954,0.748298,0.748298,0.926649,3.680109,1.664414,-0.926649
nonmember,31741,2,5,0,1.738243,0.175829,0.780335,0.715856,2.829337,-1.490211,0.715856
nonmember,16935,5,5,1,0.089946,0.913980,0.913980,0.431349,4.872498,3.235697,-0.431349
nonmember,24999,1,1,1,0.053109,0.948277,0.948277,0.257456,5.761860,3.248639,-0.257456
nonmember,26529,5,5,1,0.850230,0.427317,0.427317,1.802595,1.995920,1.044407,-1.802595
nonmember,41234,0,0,1,0.130099,0.878008,0.878008,0.565203,4.495366,2.863679,-0.565203
nonmember,16728,9,0,0,1.215519,0.296556,0.491731,1.392571,2.299755,-0.505694,1.392571
nonmember,20549,1,1,1,0.138223,0.870904,0.870904,0.619392,4.069322,2.930151,-0.619392
nonmember,34709,7,7,1,0.003108,0.996896,0.996896,0.025981,7.917554,6.550279,-0.025981
nonmember,18173,6,6,1,0.408268,0.664801,0.664801,0.939130,4.180216,0.977609,-0.939130
nonmember,11119,3,6,0,2.088273,0.123901,0.413433,1.708933,0.845197,-1.205013,1.708933
nonmember,17644,3,5,0,1.481441,0.227310,0.294395,1.846668,1.359233,-0.258609,1.846668
nonmember,48333,8,8,1,0.265584,0.766758,0.766758,1.005624,3.241093,2.518432,-1.005624
nonmember,26939,3,2,0,3.405880,0.033178,0.683817,1.103008,0.521713,-3.025816,1.103008
nonmember,15505,2,2,1,1.417154,0.242403,0.242403,2.081494,1.147762,0.259762,-2.081494
nonmember,12407,6,6,1,0.207186,0.812868,0.812868,0.839395,3.689921,2.922345,-0.839395
nonmember,15520,8,0,0,1.400584,0.246453,0.414583,1.699867,1.589494,-0.520101,1.699867
nonmember,25340,6,6,1,1.445865,0.235542,0.235542,2.105990,1.088307,0.318064,-2.105990
nonmember,3126,9,9,1,0.852945,0.426158,0.426158,1.751068,2.090615,0.786084,-1.751068
nonmember,19489,6,3,0,2.504287,0.081734,0.410937,1.829772,0.278305,-1.614970,1.829772
nonmember,35567,1,1,1,0.823941,0.438699,0.438699,1.532678,2.397930,0.384444,-1.532678
nonmember,45031,7,7,1,0.318185,0.727468,0.727468,1.090909,3.242877,2.269855,-1.090909
nonmember,30387,5,5,1,0.780588,0.458137,0.458137,1.542960,2.528129,0.641628,-1.542960
nonmember,27865,2,2,1,0.622345,0.536684,0.536684,1.452187,2.707905,0.977852,-1.452187
nonmember,16100,0,0,1,0.662594,0.515512,0.515512,1.544370,2.412211,0.836330,-1.544370
nonmember,36781,3,3,1,0.198050,0.820329,0.820329,0.571210,5.098777,1.638214,-0.571210
nonmember,30512,6,6,1,0.033459,0.967095,0.967095,0.198709,5.603810,4.101257,-0.198709
nonmember,15572,0,0,1,0.284555,0.752349,0.752349,0.861329,4.050312,1.612423,-0.861329
nonmember,45356,9,9,1,0.028422,0.971978,0.971978,0.174978,5.967684,4.849485,-0.174978
nonmember,10583,7,7,1,0.869779,0.419044,0.419044,1.777474,2.056300,0.842018,-1.777474
nonmember,8842,0,0,1,0.032754,0.967776,0.967776,0.196349,5.566531,4.453306,-0.196349
nonmember,11380,2,2,1,0.055322,0.946181,0.946181,0.295419,5.379028,3.665977,-0.295419
nonmember,17880,5,5,1,0.198756,0.819750,0.819750,0.510080,5.976868,1.549371,-0.510080
nonmember,4520,9,9,1,0.022249,0.977996,0.977996,0.150561,5.418302,5.407254,-0.150561
nonmember,35373,0,0,1,0.727401,0.483163,0.483163,1.713171,2.125117,1.176991,-1.713171
nonmember,16054,9,9,1,0.395279,0.673492,0.673492,1.293940,2.846880,2.234827,-1.293940
nonmember,35705,1,1,1,1.158690,0.313897,0.313897,2.019459,1.398065,0.841244,-2.019459
nonmember,21402,3,3,1,0.737867,0.478133,0.478133,1.130863,3.282190,0.135850,-1.130863
nonmember,11335,2,2,1,0.049916,0.951310,0.951310,0.271491,5.333186,3.817910,-0.271491
nonmember,36197,2,2,1,0.705285,0.493968,0.493968,1.350928,3.087379,0.627883,-1.350928
nonmember,1289,8,0,0,3.371087,0.034352,0.414914,1.669741,-0.244300,-2.491403,1.669741
nonmember,11426,7,7,1,0.826047,0.437776,0.437776,1.618273,2.363292,0.825723,-1.618273
nonmember,39990,1,1,1,1.100966,0.332550,0.332550,1.744534,1.909024,0.126959,-1.744534
nonmember,3935,1,9,0,1.465465,0.230971,0.366141,1.850160,1.278698,-0.460728,1.850160
nonmember,45617,8,9,0,3.108831,0.044653,0.567132,1.547841,-0.109520,-2.541668,1.547841
nonmember,42345,2,2,1,1.073451,0.341827,0.341827,1.904319,1.713506,0.466215,-1.904319
nonmember,37520,7,7,1,0.280975,0.755047,0.755047,1.018132,3.317333,2.355652,-1.018132
nonmember,21072,6,5,0,2.789373,0.061460,0.612711,1.355610,0.548135,-2.299511,1.355610
nonmember,48684,7,7,1,0.595215,0.551444,0.551444,1.309103,3.130757,0.902649,-1.309103
nonmember,1451,4,3,0,7.716603,0.000445,0.981746,0.099791,-0.280070,-7.698180,0.099791
nonmember,1501,2,2,1,0.211961,0.808996,0.808996,0.701777,4.603774,1.831877,-0.701777
nonmember,42278,9,9,1,1.320817,0.266917,0.266917,1.919081,1.500316,0.248471,-1.919081
nonmember,35532,3,8,0,2.312792,0.098985,0.313667,1.898652,0.595472,-1.153370,1.898652
nonmember,42305,1,1,1,0.115900,0.890564,0.890564,0.523463,4.402220,3.098993,-0.523463
nonmember,2635,8,8,1,0.505434,0.603244,0.603244,1.309971,2.909243,1.154612,-1.309971
nonmember,31111,5,5,1,0.207819,0.812354,0.812354,0.527436,6.112656,1.507981,-0.527436
nonmember,37913,1,1,1,0.268695,0.764377,0.764377,0.764562,4.425582,1.509989,-0.764562
nonmember,44287,9,9,1,0.244864,0.782811,0.782811,0.963702,3.289272,2.835792,-0.963702
nonmember,43929,7,7,1,0.199983,0.818745,0.818745,0.792968,3.902513,2.633181,-0.792968
nonmember,47508,2,2,1,0.059239,0.942482,0.942482,0.307838,5.413709,3.558031,-0.307838
nonmember,45358,0,0,1,0.028421,0.971979,0.971979,0.183428,5.428948,4.982132,-0.183428
nonmember,45669,7,7,1,0.117759,0.888910,0.888910,0.397762,5.839707,2.167592,-0.397762
nonmember,13451,4,7,0,1.201704,0.300681,0.339832,1.757205,1.709909,-0.122401,1.757205
nonmember,25950,3,3,1,0.471955,0.623782,0.623782,1.096485,3.670119,1.140661,-1.096485
nonmember,19577,3,2,0,2.280383,0.102245,0.576631,1.432770,1.249174,-1.729830,1.432770
nonmember,48564,1,1,1,0.086814,0.916848,0.916848,0.412640,4.707201,2.971192,-0.412640
nonmember,31014,9,7,0,1.874662,0.153407,0.405103,1.801394,1.019639,-0.971047,1.801394
nonmember,40490,5,2,0,3.193119,0.041044,0.317039,1.979549,-0.578349,-2.044390,1.979549
nonmember,27754,4,7,0,1.866836,0.154612,0.766655,0.820797,2.635352,-1.601117,0.820797
nonmember,41666,1,1,1,0.004872,0.995140,0.995140,0.038867,7.175488,6.080118,-0.038867
nonmember,20685,3,3,1,0.262143,0.769401,0.769401,0.703744,4.880375,1.397211,-0.703744
nonmember,40507,9,9,1,0.913063,0.401293,0.401293,1.530098,2.522238,0.356876,-1.530098
nonmember,42384,5,4,0,3.065901,0.046612,0.448634,1.176371,0.783938,-2.264354,1.176371
nonmember,37754,2,2,1,0.234945,0.790614,0.790614,0.859030,3.883480,2.438712,-0.859030
nonmember,14293,6,6,1,0.008676,0.991361,0.991361,0.062971,6.947401,5.478756,-0.062971
nonmember,27402,1,9,0,1.861892,0.155378,0.465444,1.689866,1.037384,-1.097130,1.689866
nonmember,16875,2,7,0,1.337435,0.262518,0.461005,1.543549,1.815941,-0.563089,1.543549
nonmember,48253,8,8,1,0.128595,0.879330,0.879330,0.505233,4.597480,2.307969,-0.505233
nonmember,5175,5,3,0,1.328565,0.264857,0.366349,1.664682,1.837368,-0.324397,1.664682
nonmember,3315,1,1,1,0.315270,0.729592,0.729592,0.846811,4.318626,1.357718,-0.846811
nonmember,46335,9,7,0,2.149154,0.116583,0.475946,1.731709,0.675763,-1.406704,1.731709
nonmember,8413,9,9,1,0.014658,0.985449,0.985449,0.101493,6.078639,5.051983,-0.101493
nonmember,11196,1,1,1,0.047326,0.953776,0.953776,0.262835,5.321022,4.098017,-0.262835
nonmember,21412,2,2,1,0.003241,0.996764,0.996764,0.027468,7.852726,6.770723,-0.027468
nonmember,13657,9,9,1,0.147549,0.862820,0.862820,0.591251,4.176806,2.304191,-0.591251
nonmember,2231,5,5,1,0.878634,0.415350,0.415350,1.720551,2.114263,0.638240,-1.720551
nonmember,4466,8,0,0,1.269175,0.281063,0.529165,1.370113,2.084183,-0.632720,1.370113
nonmember,49106,2,2,1,0.127716,0.880104,0.880104,0.578921,4.233318,2.975678,-0.578921
nonmember,18592,4,4,1,0.618004,0.539019,0.539019,1.575284,2.359822,1.157403,-1.575284
nonmember,3703,3,6,0,1.810997,0.163491,0.417363,1.433558,1.822820,-0.937198,1.433558
nonmember,11100,0,0,1,0.204310,0.815209,0.815209,0.869720,3.404283,3.308395,-0.869720
nonmember,26594,8,8,1,0.381013,0.683169,0.683169,0.967129,3.770979,1.108142,-0.967129
nonmember,30490,3,0,0,2.577635,0.075953,0.285403,1.971083,0.136756,-1.323783,1.971083
nonmember,47846,2,2,1,0.473492,0.622823,0.622823,1.322117,2.911467,1.517654,-1.322117
nonmember,44174,2,7,0,1.888077,0.151363,0.491301,1.604076,1.285667,-1.177379,1.604076
nonmember,1884,2,7,0,1.994872,0.136031,0.524506,1.458320,1.641883,-1.349575,1.458320
nonmember,457,0,0,1,0.225351,0.798236,0.798236,0.804682,3.840269,1.974936,-0.804682
nonmember,32348,1,9,0,1.279561,0.278159,0.654071,0.934918,2.985109,-0.855021,0.934918
nonmember,20832,4,4,1,0.729608,0.482098,0.482098,1.486614,2.435603,0.518867,-1.486614
nonmember,16620,8,8,1,0.008644,0.991393,0.991393,0.064175,6.847694,5.977036,-0.064175
nonmember,588,6,6,1,0.023605,0.976672,0.976672,0.150438,5.963886,4.702433,-0.150438
nonmember,42770,8,8,1,0.810796,0.444504,0.444504,1.609357,2.373810,0.858368,-1.609357
nonmember,16179,4,2,0,1.023178,0.359451,0.513966,1.211870,2.706049,-0.357579,1.211870
nonmember,22876,5,7,0,4.223765,0.014643,0.857892,0.653744,-0.059444,-4.070488,0.653744
nonmember,30704,3,3,1,0.638695,0.527981,0.527981,1.264982,3.076127,0.549939,-1.264982
nonmember,6098,0,0,1,0.308094,0.734846,0.734846,1.028002,3.377393,1.809049,-1.028002
nonmember,45925,6,6,1,0.071283,0.931198,0.931198,0.362205,5.137601,3.406709,-0.362205
nonmember,1344,5,5,1,0.422778,0.655224,0.655224,0.918711,3.910169,0.848072,-0.918711
nonmember,468,0,0,1,0.007894,0.992137,0.992137,0.062129,6.510991,6.180748,-0.062129
nonmember,47123,2,4,0,1.460144,0.232203,0.365058,1.769366,1.429356,-0.452444,1.769366
nonmember,49007,8,8,1,0.489545,0.612905,0.612905,1.157863,3.117972,0.850859,-1.157863
nonmember,43701,3,1,0,3.559170,0.028462,0.489318,1.514948,-0.282516,-2.844426,1.514948
nonmember,12353,8,8,1,0.128052,0.879807,0.879807,0.533854,4.550876,2.479893,-0.533854
nonmember,6301,7,4,0,1.402470,0.245989,0.319657,1.707813,1.704403,-0.261962,1.707813
nonmember,44275,0,8,0,2.160540,0.115263,0.436719,1.842897,0.557515,-1.332074,1.842897
nonmember,15666,4,4,1,0.152544,0.858522,0.858522,0.661362,4.015507,2.746057,-0.661362
nonmember,16298,7,7,1,0.003275,0.996730,0.996730,0.027947,7.570220,6.818261,-0.027947
nonmember,20585,4,4,1,0.197057,0.821144,0.821144,0.799027,3.705856,2.545723,-0.799027
nonmember,3289,3,8,0,1.858966,0.155834,0.533649,1.575524,1.207800,-1.230948,1.575524
nonmember,42103,0,0,1,0.004902,0.995110,0.995110,0.040208,7.084383,6.406877,-0.040208
nonmember,4401,7,5,0,1.921088,0.146448,0.317210,1.810997,1.158089,-0.772897,1.810997
nonmember,10123,9,9,1,0.088776,0.915051,0.915051,0.466533,4.120917,3.922293,-0.466533
nonmember,27227,4,5,0,2.212524,0.109424,0.273012,1.990405,0.450617,-0.914285,1.990405
nonmember,13399,9,9,1,0.391580,0.675988,0.675988,1.220120,3.051339,1.738258,-1.220120
nonmember,15697,2,9,0,3.186766,0.041305,0.480151,1.505693,0.107771,-2.453112,1.505693
nonmember,19676,6,6,1,0.470720,0.624552,0.624552,1.388915,2.704856,1.801152,-1.388915
nonmember,10390,9,1,0,1.936635,0.144188,0.364799,1.903929,0.795519,-0.928226,1.903929
nonmember,16266,2,2,1,0.406162,0.666202,0.666202,1.234864,3.143742,1.886203,-1.234864
nonmember,2826,2,4,0,1.800858,0.165157,0.487418,1.686616,1.065054,-1.082225,1.686616
nonmember,20574,0,8,0,1.425956,0.240279,0.463401,1.619818,1.536728,-0.656793,1.619818
nonmember,8374,1,1,1,0.368175,0.691996,0.691996,1.280553,2.679929,2.562051,-1.280553
nonmember,27512,1,1,1,0.382105,0.682423,0.682423,1.105131,3.326856,1.371726,-1.105131
nonmember,40580,4,4,1,1.202913,0.300318,0.300318,1.911702,1.638031,0.333873,-1.911702
nonmember,30658,9,9,1,0.925127,0.396481,0.396481,1.792333,1.943404,0.728364,-1.792333
nonmember,29871,3,5,0,0.980471,0.375134,0.412808,1.433134,2.369503,-0.095699,1.433134
nonmember,16323,4,4,1,1.197778,0.301864,0.301864,1.614232,2.001387,0.078310,-1.614232
nonmember,35542,9,9,1,0.952341,0.385837,0.385837,1.868035,1.793425,0.915502,-1.868035
nonmember,24901,7,3,0,1.991176,0.136535,0.263006,1.982924,0.800961,-0.655597,1.982924
nonmember,2993,2,2,1,0.144659,0.865317,0.865317,0.627295,4.160731,2.805135,-0.627295
nonmember,48980,5,5,1,0.431401,0.649599,0.649599,0.968460,3.699819,0.853786,-0.968460
nonmember,11574,1,1,1,0.660231,0.516732,0.516732,0.943540,4.211406,0.189753,-0.943540
nonmember,2088,4,7,0,2.036917,0.130430,0.862200,0.443624,4.016151,-1.888649,0.443624
nonmember,26152,9,9,1,0.012193,0.987881,0.987881,0.084461,6.506336,5.249458,-0.084461
nonmember,27735,3,3,1,1.286507,0.276234,0.276234,1.804723,1.763446,0.067859,-1.804723
nonmember,29094,9,1,0,1.161051,0.313157,0.458392,1.491079,1.963638,-0.381020,1.491079
nonmember,23837,1,1,1,0.039458,0.961311,0.961311,0.219256,5.431623,3.709444,-0.219256
nonmember,35979,1,1,1,0.418740,0.657875,0.657875,1.174212,3.121061,1.319686,-1.174212
nonmember,22917,9,9,1,0.733564,0.480195,0.480195,1.613898,2.244055,0.754199,-1.613898
nonmember,26463,8,8,1,0.098093,0.906565,0.906565,0.448508,4.691687,2.937566,-0.448508
nonmember,29356,9,9,1,0.044713,0.956272,0.956272,0.254470,5.249171,3.901226,-0.254470
nonmember,12945,2,2,1,0.309015,0.734170,0.734170,1.130033,3.092582,2.696330,-1.130033
nonmember,9113,1,1,1,0.051115,0.950169,0.950169,0.299488,4.787532,4.447130,-0.299488
nonmember,23825,0,0,1,0.083637,0.919765,0.919765,0.430907,4.581841,3.829175,-0.430907
nonmember,20186,7,9,0,1.098214,0.333466,0.354924,1.623511,2.074592,-0.062361,1.623511
nonmember,36619,7,7,1,0.078755,0.924266,0.924266,0.309746,6.340658,2.641862,-0.309746
nonmember,10761,0,0,1,0.384287,0.680936,0.680936,0.891970,4.008373,0.968866,-0.891970
nonmember,12946,1,1,1,0.037360,0.963330,0.963330,0.227054,5.164802,4.376297,-0.227054
nonmember,49637,9,9,1,0.158171,0.853704,0.853704,0.681510,3.983405,2.957188,-0.681510
nonmember,29285,1,1,1,0.033144,0.967399,0.967399,0.196929,5.596839,4.136780,-0.196929
nonmember,25336,8,1,0,2.424348,0.088536,0.829988,0.657719,2.464005,-2.238004,0.657719
nonmember,3547,5,5,1,0.574679,0.562886,0.562886,1.269829,2.955274,0.706499,-1.269829
nonmember,10648,1,1,1,0.163166,0.849450,0.849450,0.555895,4.602259,1.952456,-0.555895
nonmember,27218,6,6,1,0.015631,0.984490,0.984490,0.104522,6.472137,5.057620,-0.104522
nonmember,20831,0,0,1,0.083972,0.919457,0.919457,0.374766,5.262397,2.849844,-0.374766
nonmember,29279,6,4,0,2.538380,0.078994,0.658724,1.303152,0.772852,-2.120929,1.303152
nonmember,21666,4,2,0,1.191960,0.303625,0.336531,1.665422,1.888077,-0.102895,1.665422
nonmember,33797,0,0,1,0.167656,0.845645,0.845645,0.692736,4.186857,2.829871,-0.692736
nonmember,13539,7,7,1,0.319534,0.726487,0.726487,0.986565,3.516834,1.513284,-0.986565
nonmember,24196,5,5,1,0.763357,0.466099,0.466099,1.241647,3.132680,0.242007,-1.241647
nonmember,20755,6,6,1,0.563383,0.569280,0.569280,1.516590,2.504225,1.400843,-1.516590
nonmember,13315,8,8,1,0.720193,0.486658,0.486658,1.690889,2.217525,1.178601,-1.690889
nonmember,11806,9,9,1,0.061925,0.939953,0.939953,0.329951,5.037293,3.778349,-0.329951
nonmember,21167,2,3,0,1.211199,0.297840,0.475865,1.449930,2.204771,-0.468579,1.449930
nonmember,32801,5,5,1,0.260158,0.770930,0.770930,0.834139,4.116993,1.754981,-0.834139
nonmember,20292,5,5,1,0.980388,0.375165,0.375165,1.546148,2.173425,0.042990,-1.546148
nonmember,36204,4,5,0,1.528475,0.216866,0.246274,1.964297,1.264764,-0.127163,1.964297
nonmember,10609,4,4,1,0.585554,0.556797,0.556797,1.545092,2.411565,1.387160,-1.545092
nonmember,12783,3,6,0,2.445390,0.086692,0.414366,1.716852,0.528386,-1.564385,1.716852
nonmember,15566,9,1,0,1.499701,0.223197,0.418416,1.680464,1.581243,-0.628422,1.680464
nonmember,36995,6,6,1,0.302554,0.738928,0.738928,1.126109,3.032766,2.586073,-1.126109
nonmember,24501,8,8,1,0.012309,0.987767,0.987767,0.090242,6.166696,5.566558,-0.090242
nonmember,27951,7,3,0,2.144373,0.117141,0.390574,1.637899,0.885507,-1.204235,1.637899
nonmember,12124,4,6,0,2.880760,0.056092,0.611944,1.166144,0.796824,-2.389645,1.166144
nonmember,16886,5,5,1,0.198252,0.820163,0.820163,0.541657,5.476120,1.594889,-0.541657
nonmember,13497,0,7,0,3.299149,0.036915,0.889253,0.475101,2.862776,-3.181775,0.475101
nonmember,4010,3,3,1,0.746167,0.474181,0.474181,1.591497,2.539071,0.894929,-1.591497
nonmember,15805,6,6,1,0.517828,0.595813,0.595813,1.222288,3.215986,0.873634,-1.222288
nonmember,7496,8,8,1,0.020134,0.980067,0.980067,0.133375,5.889474,5.037178,-0.133375
nonmember,41524,0,0,1,0.508500,0.601397,0.601397,1.291903,3.025416,1.034183,-1.291903
nonmember,15480,9,9,1,0.067657,0.934581,0.934581,0.360899,4.769923,3.560681,-0.360899
nonmember,45668,4,4,1,0.579301,0.560290,0.560290,1.505003,2.462380,1.214072,-1.505003
nonmember,1992,4,4,1,0.729461,0.482169,0.482169,1.521398,2.551370,0.602255,-1.521398
nonmember,40968,2,0,0,1.082414,0.338777,0.620260,0.874592,3.451709,-0.604797,0.874592
nonmember,9097,9,9,1,0.574880,0.562772,0.562772,1.497820,2.488452,1.185105,-1.497820
nonmember,27847,4,4,1,0.176893,0.837869,0.837869,0.675242,4.210523,2.200376,-0.675242
nonmember,21127,5,0,0,2.939954,0.052868,0.262203,1.899001,-0.135599,-1.601317,1.899001
nonmember,19682,0,6,0,3.270985,0.037969,0.385578,1.633718,-0.051173,-2.317974,1.633718
nonmember,26055,8,8,1,0.555525,0.573771,0.573771,1.208311,3.108264,0.697990,-1.208311
nonmember,18521,5,5,1,0.251598,0.777557,0.777557,0.698095,4.575960,1.443476,-0.698095
nonmember,5579,7,7,1,0.433189,0.648438,0.648438,1.362564,2.783957,2.064302,-1.362564
nonmember,45818,2,2,1,0.801259,0.448764,0.448764,1.211822,3.148060,0.077832,-1.211822
nonmember,8891,6,6,1,0.084459,0.919009,0.919009,0.433677,4.549454,3.649878,-0.433677
nonmember,30235,5,5,1,0.885297,0.412592,0.412592,1.818592,1.881694,0.686448,-1.818592
nonmember,8249,0,1,0,1.412369,0.243566,0.292091,1.910506,1.350497,-0.181678,1.910506
nonmember,21837,9,1,0,1.229833,0.292341,0.664968,0.842450,3.257954,-0.821816,0.842450
nonmember,34009,0,0,1,0.400103,0.670251,0.670251,1.178042,3.115749,1.418686,-1.178042
nonmember,28124,2,2,1,0.995324,0.369604,0.369604,1.618902,2.161968,0.179790,-1.618902
nonmember,1423,5,5,1,1.000178,0.367814,0.367814,1.847415,1.848348,0.881709,-1.847415
nonmember,436,0,0,1,0.258329,0.772341,0.772341,0.887956,3.731191,2.112405,-0.887956
nonmember,13084,0,0,1,0.311112,0.732632,0.732632,1.026589,3.554464,1.824307,-1.026589
nonmember,45221,4,4,1,0.037623,0.963076,0.963076,0.221712,5.469218,4.445490,-0.221712
nonmember,33978,3,0,0,1.657568,0.190602,0.318981,1.880635,1.168123,-0.514943,1.880635
nonmember,37188,6,6,1,0.301913,0.739402,0.739402,1.033370,3.480188,2.233160,-1.033370
nonmember,31524,9,9,1,0.654065,0.519928,0.519928,1.609639,2.307158,1.149761,-1.609639
nonmember,14339,1,1,1,0.223576,0.799654,0.799654,0.827775,3.622504,2.096762,-0.827775
nonmember,41221,5,3,0,2.691554,0.067776,0.425716,1.450409,0.619819,-1.837571,1.450409
nonmember,7238,1,1,1,0.784350,0.456416,0.456416,1.458148,2.571352,0.560856,-1.458148
nonmember,44196,5,5,1,0.091601,0.912469,0.912469,0.443674,4.691534,3.177870,-0.443674
nonmember,20912,9,9,1,0.108192,0.897455,0.897455,0.542650,4.068097,3.685519,-0.542650
nonmember,23964,0,0,1,0.025637,0.974689,0.974689,0.166433,5.488918,4.656076,-0.166433
nonmember,34113,7,7,1,0.046376,0.954683,0.954683,0.273958,5.046764,4.454280,-0.273958
nonmember,43168,7,7,1,0.072892,0.929701,0.929701,0.382209,4.703865,3.527068,-0.382209
nonmember,43761,6,5,0,2.032681,0.130984,0.177695,2.186755,0.381865,-0.304995,2.186755
nonmember,43060,7,7,1,0.834481,0.434100,0.434100,1.751089,2.006742,0.668656,-1.751089
nonmember,5642,0,0,1,0.050388,0.950860,0.950860,0.255350,5.550146,3.364560,-0.255350
nonmember,2743,8,0,0,2.273506,0.102951,0.499990,1.580749,0.891823,-1.580338,1.580749
nonmember,7247,6,6,1,0.143510,0.866312,0.866312,0.660835,3.961541,3.319319,-0.660835
nonmember,26374,9,9,1,0.338165,0.713078,0.713078,1.173035,3.002248,2.194713,-1.173035
nonmember,26126,3,3,1,1.105573,0.331021,0.331021,1.886916,1.668467,0.372931,-1.886916
nonmember,24347,8,8,1,0.248068,0.780307,0.780307,0.805507,4.205419,1.991356,-0.805507
nonmember,32555,3,0,0,2.707509,0.066703,0.254737,2.088102,-0.120300,-1.339983,2.088102
nonmember,30909,0,0,1,0.094014,0.910270,0.910270,0.457523,4.505257,3.346285,-0.457523
nonmember,31675,8,8,1,0.231864,0.793054,0.793054,0.831553,3.824381,2.080227,-0.831553
nonmember,22237,6,6,1,0.637315,0.528710,0.528710,1.241628,3.032959,0.466883,-1.241628
nonmember,1565,1,1,1,0.085392,0.918152,0.918152,0.378321,5.000829,2.769733,-0.378321
nonmember,16181,4,4,1,0.064749,0.937303,0.937303,0.334460,5.175895,3.461945,-0.334460
nonmember,12229,7,7,1,0.495282,0.609399,0.609399,1.442022,2.690046,1.740933,-1.442022
nonmember,49329,2,3,0,5.013694,0.006646,0.758949,0.961464,-1.100628,-4.737874,0.961464
nonmember,42007,1,1,1,0.318031,0.727580,0.727580,1.033731,3.424094,1.958355,-1.033731
nonmember,18848,8,8,1,0.283685,0.753004,0.753004,0.917998,3.582500,1.621537,-0.917998
nonmember,21194,4,4,1,0.137266,0.871739,0.871739,0.542494,4.437493,2.291847,-0.542494
nonmember,3772,3,3,1,0.350504,0.704333,0.704333,0.950916,3.846980,1.260507,-0.950916
nonmember,5853,5,3,0,2.922087,0.053821,0.293025,2.024506,-0.233008,-1.694589,2.024506
nonmember,11541,9,9,1,0.330702,0.718419,0.718419,1.079724,3.183912,1.663182,-1.079724
nonmember,35462,7,7,1,0.009084,0.990957,0.990957,0.065752,6.897301,5.463990,-0.065752
nonmember,26678,8,8,1,0.187228,0.829255,0.829255,0.746812,3.909223,2.442512,-0.746812
nonmember,33420,6,6,1,1.471871,0.229496,0.229496,2.094092,1.022215,0.191675,-2.094092
nonmember,30409,7,7,1,0.940712,0.390350,0.390350,1.710666,2.214182,0.548189,-1.710666
nonmember,11812,0,0,1,0.022161,0.978082,0.978082,0.147803,5.667584,4.989310,-0.147803
nonmember,45919,0,0,1,0.247126,0.781043,0.781043,0.971467,3.242867,2.536098,-0.971467
nonmember,7725,7,7,1,0.068377,0.933908,0.933908,0.366373,4.781006,3.831599,-0.366373
nonmember,21333,1,1,1,1.050342,0.349818,0.349818,1.832826,1.819124,0.337201,-1.832826
nonmember,31591,0,0,1,0.134018,0.874575,0.874575,0.524943,4.594188,2.295119,-0.524943
nonmember,49064,9,9,1,0.207120,0.812922,0.812922,0.733120,4.023928,1.939863,-0.733120
nonmember,37565,8,8,1,0.044974,0.956023,0.956023,0.262540,5.101924,4.059654,-0.262540
nonmember,22902,4,0,0,2.383715,0.092207,0.348930,1.940580,0.286222,-1.330831,1.940580
nonmember,48301,5,5,1,0.707892,0.492682,0.492682,1.416227,2.705685,0.591769,-1.416227
nonmember,15517,6,6,1,1.052153,0.349185,0.349185,1.669190,1.987726,0.087595,-1.669190
nonmember,47999,8,8,1,0.277380,0.757767,0.757767,1.049566,3.179856,2.548630,-1.049566
nonmember,30606,3,3,1,0.962084,0.382096,0.382096,1.435599,2.537108,0.067518,-1.435599
nonmember,13976,3,3,1,0.669015,0.512213,0.512213,1.419823,2.639895,0.578497,-1.419823
nonmember,29923,3,5,0,2.484202,0.083392,0.330347,1.882156,0.360634,-1.376589,1.882156
nonmember,26787,1,1,1,0.007686,0.992343,0.992343,0.049583,7.880247,4.999266,-0.049583
nonmember,43809,5,7,0,1.497880,0.223604,0.353208,1.831797,1.362626,-0.457181,1.831797
nonmember,18192,0,8,0,3.528065,0.029362,0.889197,0.548879,0.836554,-3.410628,0.548879
nonmember,37484,5,4,0,1.780915,0.168484,0.336883,1.618915,1.514120,-0.692894,1.618915
nonmember,5129,3,3,1,1.072672,0.342093,0.342093,1.838108,1.763993,0.237599,-1.838108
nonmember,47288,1,1,1,0.150723,0.860086,0.860086,0.644774,4.100056,2.681220,-0.644774
nonmember,32350,3,3,1,0.870528,0.418731,0.418731,1.708244,2.424131,0.952154,-1.708244
nonmember,38061,6,6,1,0.237096,0.788916,0.788916,0.873516,3.716132,2.304990,-0.873516
nonmember,18555,1,1,1,0.320406,0.725854,0.725854,0.896699,3.868434,1.367436,-0.896699
nonmember,3242,3,3,1,0.947083,0.387871,0.387871,1.688729,2.213999,0.679986,-1.688729
nonmember,41267,9,9,1,0.069475,0.932884,0.932884,0.356606,4.891701,3.478167,-0.356606
nonmember,29681,2,1,0,3.131598,0.043648,0.278225,2.009782,-0.477917,-1.852273,2.009782
nonmember,49869,0,9,0,3.381505,0.033996,0.588224,1.470049,-0.309937,-2.850857,1.470049
nonmember,45870,5,5,1,0.494814,0.609685,0.609685,1.231190,3.084967,1.002122,-1.231190
nonmember,5144,1,1,1,0.019456,0.980732,0.980732,0.125698,6.272792,4.983592,-0.125698
nonmember,31332,8,8,1,0.072331,0.930223,0.930223,0.344941,5.039199,3.001100,-0.344941
nonmember,23796,0,0,1,0.450982,0.637002,0.637002,1.114092,3.259769,0.964388,-1.114092
nonmember,979,4,4,1,0.944959,0.388696,0.388696,1.523974,2.333300,0.107598,-1.523974
nonmember,28745,6,4,0,1.555828,0.211015,0.374741,1.776654,1.397515,-0.574309,1.776654
nonmember,37009,2,5,0,3.196917,0.040888,0.436898,1.598406,0.040185,-2.368861,1.598406
nonmember,11915,2,2,1,0.907490,0.403536,0.403536,1.737504,2.153395,0.696870,-1.737504
nonmember,46558,6,5,0,3.044869,0.047603,0.541383,1.490134,0.234918,-2.431241,1.490134
nonmember,43680,2,3,0,1.639489,0.194079,0.246252,2.029283,0.974245,-0.238091,2.029283
nonmember,6282,9,1,0,1.116049,0.327571,0.328603,1.720515,1.844896,-0.003144,1.720515
nonmember,15971,6,6,1,0.828103,0.436877,0.436877,1.587009,2.331362,0.575081,-1.587009
nonmember,29449,3,3,1,0.585749,0.556689,0.556689,1.426752,2.684531,0.955611,-1.426752
nonmember,18453,9,9,1,0.045900,0.955137,0.955137,0.274136,4.888939,4.514637,-0.274136
nonmember,41299,2,2,1,1.088031,0.336879,0.336879,1.748098,1.965538,0.449380,-1.748098
nonmember,5672,8,9,0,1.762377,0.171636,0.566044,1.345985,1.766773,-1.193293,1.345985
nonmember,9976,3,5,0,1.059769,0.346536,0.510877,1.244401,2.663371,-0.388143,1.244401
nonmember,29214,6,6,1,0.142142,0.867498,0.867498,0.587495,4.352595,2.510252,-0.587495
nonmember,11619,1,1,1,0.331522,0.717831,0.717831,1.004437,3.563726,1.709834,-1.004437
nonmember,7586,2,6,0,1.807963,0.163988,0.339539,1.746870,1.256120,-0.727797,1.746870
nonmember,20345,3,3,1,0.488331,0.613650,0.613650,1.065455,3.425886,0.748665,-1.065455
nonmember,47400,8,8,1,0.077620,0.925315,0.925315,0.415320,4.427484,3.641273,-0.415320
nonmember,45691,3,3,1,0.115535,0.890889,0.890889,0.497137,4.770464,2.709364,-0.497137
nonmember,31057,2,2,1,0.441773,0.642896,0.642896,1.295443,2.948509,1.547462,-1.295443
nonmember,45526,6,6,1,1.074338,0.341524,0.341524,1.798084,1.729732,0.193007,-1.798084
nonmember,11262,5,5,1,0.052899,0.948476,0.948476,0.231907,6.593448,3.061510,-0.231907
nonmember,21489,9,9,1,0.582474,0.558515,0.558515,1.545095,2.445494,1.683548,-1.545095
nonmember,16079,5,5,1,0.403318,0.668100,0.668100,1.146160,3.351475,1.435646,-1.146160
nonmember,20986,6,0,0,1.260216,0.283593,0.357541,1.647507,2.091670,-0.231711,1.647507
nonmember,32108,3,4,0,2.215181,0.109134,0.552032,1.519942,0.905083,-1.621032,1.519942
nonmember,28189,9,9,1,0.307407,0.735351,0.735351,0.975719,3.584329,1.572420,-0.975719
nonmember,12000,6,6,1,1.308663,0.270181,0.270181,1.893052,1.499330,0.183263,-1.893052
nonmember,18285,2,7,0,1.420351,0.241629,0.398595,1.726154,1.554320,-0.500541,1.726154
nonmember,3074,2,2,1,0.509358,0.600881,0.600881,1.297297,2.916442,1.097161,-1.297297
nonmember,1078,9,6,0,1.734112,0.176557,0.221249,2.064358,0.866549,-0.225647,2.064358
nonmember,10499,0,0,1,0.140022,0.869339,0.869339,0.540285,4.764990,2.289522,-0.540285
nonmember,17370,6,6,1,0.083227,0.920142,0.920142,0.424892,4.550521,3.626672,-0.424892
nonmember,48766,9,9,1,0.068368,0.933916,0.933916,0.357828,4.820654,3.636734,-0.357828
nonmember,5665,0,2,0,2.067843,0.126458,0.395703,1.484946,1.224671,-1.140752,1.484946
nonmember,2989,6,6,1,0.176690,0.838040,0.838040,0.736436,3.862615,2.739659,-0.736436
nonmember,28735,7,7,1,0.222293,0.800681,0.800681,0.863101,3.681399,2.614934,-0.863101
nonmember,45554,5,3,0,1.258902,0.283966,0.588275,1.125366,2.937241,-0.728340,1.125366
nonmember,12487,8,0,0,1.337143,0.262595,0.264482,1.902113,1.415502,-0.007162,1.902113
nonmember,2814,7,7,1,0.191154,0.826005,0.826005,0.810725,3.688229,3.013162,-0.810725
nonmember,7516,6,6,1,0.568130,0.566584,0.566584,1.441915,2.773113,1.331951,-1.441915
nonmember,18679,3,8,0,2.063366,0.127026,0.252333,1.952263,0.709330,-0.686361,1.952263
nonmember,17954,2,2,1,0.194766,0.823027,0.823027,0.738161,4.255693,2.205790,-0.738161
nonmember,961,6,6,1,0.676774,0.508254,0.508254,1.257834,3.016900,0.371913,-1.257834
nonmember,30928,7,7,1,0.039437,0.961331,0.961331,0.220601,5.656867,3.919533,-0.220601
nonmember,1791,4,4,1,0.431858,0.649302,0.649302,1.323122,2.839783,2.144909,-1.323122
nonmember,48390,3,3,1,0.392503,0.675364,0.675364,1.274986,2.913198,2.016008,-1.274986
nonmember,4393,7,7,1,0.040014,0.960776,0.960776,0.229401,5.446924,3.989707,-0.229401
nonmember,22823,4,0,0,2.367979,0.093670,0.347466,1.984146,0.293279,-1.310890,1.984146
nonmember,40143,0,9,0,2.316798,0.098589,0.439301,1.740949,0.499360,-1.494227,1.740949
nonmember,24015,5,5,1,0.419415,0.657432,0.657432,1.216564,3.035310,1.547478,-1.216564
nonmember,25804,7,7,1,0.084565,0.918912,0.918912,0.349699,5.777693,2.680929,-0.349699
nonmember,5749,5,7,0,2.847789,0.057972,0.345431,1.697678,0.144461,-1.784826,1.697678
nonmember,35437,3,3,1,0.553342,0.575025,0.575025,1.311140,3.086514,0.990255,-1.311140
nonmember,25374,8,8,1,0.150236,0.860505,0.860505,0.663283,3.978512,2.788117,-0.663283
nonmember,11547,9,9,1,0.407897,0.665048,0.665048,1.270236,2.934600,1.731637,-1.270236
nonmember,32996,2,2,1,0.167422,0.845843,0.845843,0.694160,4.034696,2.457461,-0.694160
nonmember,39908,8,8,1,0.023446,0.976827,0.976827,0.151338,5.639704,4.520732,-0.151338
nonmember,18314,4,4,1,0.664808,0.514372,0.514372,1.543067,2.520679,1.227395,-1.543067
nonmember,49925,7,2,0,2.249105,0.105494,0.399190,1.777060,0.604430,-1.330788,1.777060
nonmember,4262,4,4,1,0.115554,0.890872,0.890872,0.558303,4.116276,3.323899,-0.558303
nonmember,46756,0,0,1,0.805449,0.446887,0.446887,1.393081,2.548386,0.190764,-1.393081
nonmember,1800,2,2,1,0.023773,0.976507,0.976507,0.147756,6.355794,4.548237,-0.147756
nonmember,18519,7,7,1,0.335525,0.714962,0.714962,0.950000,3.699598,1.371333,-0.950000
nonmember,35824,2,2,1,0.085968,0.917623,0.917623,0.416130,4.997310,3.250650,-0.416130
nonmember,40151,5,5,1,0.299128,0.741465,0.741465,0.977990,3.446638,1.709786,-0.977990
nonmember,22328,6,6,1,0.169216,0.844327,0.844327,0.645576,4.239963,2.186257,-0.645576
nonmember,49239,1,8,0,0.878778,0.415290,0.519102,1.011666,3.298426,-0.223124,1.011666
nonmember,33673,4,4,1,0.816488,0.441981,0.441981,1.718956,2.020692,0.835850,-1.718956
nonmember,32273,9,9,1,0.026443,0.973904,0.973904,0.160533,5.877032,4.376716,-0.160533
nonmember,34145,1,1,1,0.765057,0.465307,0.465307,1.677070,2.261898,1.178299,-1.677070
nonmember,9233,6,6,1,0.149907,0.860788,0.860788,0.608733,4.282279,2.375340,-0.608733
nonmember,44244,6,5,0,1.729965,0.177291,0.430462,1.542505,1.861338,-0.887070,1.542505
nonmember,29239,8,0,0,0.993247,0.370372,0.390163,1.502649,2.297895,-0.052056,1.502649
nonmember,17202,7,2,0,2.236969,0.106782,0.338977,2.037298,0.352868,-1.155145,2.037298
nonmember,42408,3,4,0,2.091338,0.123522,0.414921,1.693317,1.028783,-1.211671,1.693317
nonmember,46840,1,1,1,0.129650,0.878403,0.878403,0.524981,4.498935,2.400477,-0.524981
nonmember,40110,8,8,1,0.406511,0.665970,0.665970,1.217649,3.137164,1.691950,-1.217649
nonmember,48482,2,2,1,1.186697,0.305228,0.305228,1.946559,1.631381,0.487366,-1.946559
nonmember,38854,5,5,1,0.664906,0.514322,0.514322,1.240364,3.065882,0.422858,-1.240364
nonmember,6942,8,8,1,0.176999,0.837781,0.837781,0.745917,3.842478,2.723935,-0.745917
nonmember,35047,9,9,1,0.041754,0.959105,0.959105,0.250923,5.069261,4.531016,-0.250923
nonmember,29507,9,9,1,0.004736,0.995275,0.995275,0.036000,7.668519,5.833651,-0.036000
nonmember,33984,2,2,1,0.772592,0.461815,0.461815,1.708100,2.112025,1.078056,-1.708100
nonmember,47733,8,0,0,1.469417,0.230060,0.706618,0.853348,3.158535,-1.122152,0.853348
nonmember,5325,7,4,0,2.277390,0.102552,0.771367,0.904181,1.631342,-2.017799,0.904181
nonmember,29598,8,8,1,0.040537,0.960274,0.960274,0.233396,5.354517,3.930899,-0.233396
nonmember,43515,7,7,1,0.071181,0.931293,0.931293,0.348035,5.004431,3.112345,-0.348035
nonmember,15832,1,1,1,0.619880,0.538009,0.538009,1.420885,2.560459,0.759188,-1.420885
nonmember,37692,8,1,0,2.027827,0.131621,0.709227,1.047170,1.784265,-1.684247,1.047170
nonmember,26859,3,3,1,0.693125,0.500011,0.500011,1.574350,2.426497,0.993810,-1.574350
nonmember,28567,9,9,1,0.053823,0.947600,0.947600,0.288647,5.153943,3.534487,-0.288647
nonmember,25079,7,2,0,2.306213,0.099638,0.374792,1.700509,0.644814,-1.324828,1.700509
nonmember,18707,8,8,1,0.368757,0.691593,0.691593,1.188588,3.063874,1.861616,-1.188588
nonmember,15200,2,4,0,3.582236,0.027813,0.819152,0.821376,0.321856,-3.382751,0.821376
nonmember,5857,6,6,1,0.337222,0.713750,0.713750,1.078685,3.406733,1.791317,-1.078685
nonmember,39087,6,6,1,0.553815,0.574753,0.574753,1.496755,2.529085,1.623497,-1.496755
nonmember,30893,2,2,1,0.731616,0.481131,0.481131,1.360864,2.771384,0.368599,-1.360864
nonmember,45278,5,5,1,1.523611,0.217924,0.217924,2.091808,1.035207,0.137379,-2.091808
nonmember,16398,6,6,1,0.855592,0.425031,0.425031,1.524832,2.535285,0.636411,-1.524832
nonmember,13653,3,3,1,0.090784,0.913215,0.913215,0.381598,5.587126,2.709291,-0.381598
nonmember,13748,3,3,1,0.975406,0.377039,0.377039,1.761668,1.980756,0.544003,-1.761668
nonmember,23965,8,1,0,2.758852,0.063365,0.787020,0.928981,0.825574,-2.519350,0.928981
nonmember,45552,3,2,0,2.382130,0.092354,0.347374,1.986653,0.252821,-1.324775,1.986653
nonmember,30219,3,3,1,1.333121,0.263653,0.263653,1.968549,1.436339,0.369474,-1.968549
nonmember,24079,0,1,0,1.327716,0.265082,0.533266,1.344820,2.181327,-0.698982,1.344820
nonmember,12181,0,0,1,0.010939,0.989121,0.989121,0.079936,6.364284,5.445461,-0.079936
nonmember,21848,1,0,0,2.329393,0.097355,0.482441,1.553350,0.959337,-1.600496,1.553350
nonmember,14290,7,7,1,0.013850,0.986245,0.986245,0.094103,6.691114,5.070160,-0.094103
nonmember,24755,0,0,1,0.219280,0.803097,0.803097,0.791070,3.924640,2.051141,-0.791070
nonmember,35013,8,8,1,0.062442,0.939467,0.939467,0.328554,4.866663,3.400441,-0.328554
nonmember,15361,3,3,1,0.685739,0.503718,0.503718,1.354972,2.724427,0.448445,-1.354972
nonmember,48038,4,7,0,1.277788,0.278653,0.570022,1.265523,2.148514,-0.715708,1.265523
nonmember,36311,0,0,1,0.443071,0.642062,0.642062,0.776497,4.910199,0.654902,-0.776497
nonmember,30239,2,2,1,0.211780,0.809142,0.809142,0.827576,3.869632,2.386052,-0.827576
nonmember,7195,5,2,0,2.240074,0.106451,0.323259,1.833147,0.637770,-1.110773,1.833147
nonmember,3579,8,8,1,0.517292,0.596132,0.596132,1.346479,2.855242,1.109356,-1.346479
nonmember,36147,6,6,1,0.128789,0.879159,0.879159,0.572421,4.401793,2.791656,-0.572421
nonmember,34095,5,5,1,0.052283,0.949060,0.949060,0.280014,5.414625,3.866024,-0.280014
nonmember,10441,3,2,0,1.268159,0.281349,0.379828,1.616644,1.990043,-0.300121,1.616644
nonmember,16307,9,9,1,0.273190,0.760948,0.760948,0.986521,3.400834,2.315475,-0.986521
nonmember,4204,8,1,0,2.069208,0.126286,0.443661,1.780189,0.788270,-1.256513,1.780189
nonmember,6957,5,5,1,0.296675,0.743286,0.743286,0.764942,4.941631,1.378894,-0.764942
nonmember,9163,3,3,1,0.073463,0.929170,0.929170,0.326018,5.648818,2.950722,-0.326018
nonmember,20627,5,7,0,1.668512,0.188527,0.360979,1.667641,1.566008,-0.649575,1.667641
nonmember,17567,3,0,0,3.089270,0.045535,0.456152,1.789424,-0.289496,-2.304339,1.789424
nonmember,14832,8,8,1,0.029109,0.971311,0.971311,0.189879,5.281782,4.964813,-0.189879
nonmember,27029,4,4,1,0.642006,0.526236,0.526236,0.862283,4.048181,0.170566,-0.862283
nonmember,44197,3,3,1,1.012030,0.363480,0.363480,1.766685,1.970254,0.458169,-1.766685
nonmember,1,9,9,1,0.044362,0.956608,0.956608,0.251827,5.225236,4.033043,-0.251827
nonmember,35449,3,5,0,1.397467,0.247222,0.699754,0.847083,3.009130,-1.040441,0.847083
nonmember,30903,9,9,1,0.469329,0.625422,0.625422,1.378651,2.675724,1.818098,-1.378651
nonmember,7648,6,9,0,1.912267,0.147745,0.246291,2.019260,0.743480,-0.511025,2.019260
nonmember,4217,6,6,1,0.188398,0.828285,0.828285,0.734695,4.027438,2.340802,-0.734695
nonmember,10474,2,2,1,0.162936,0.849645,0.849645,0.554172,4.918082,1.998869,-0.554172
nonmember,1185,0,0,1,0.241014,0.785830,0.785830,0.812601,4.024671,1.940295,-0.812601
nonmember,46701,0,9,0,1.121115,0.325916,0.357204,1.591125,2.179772,-0.091668,1.591125
nonmember,26826,7,2,0,1.625458,0.196821,0.252446,2.049617,1.042715,-0.248901,2.049617
nonmember,12090,8,8,1,0.047827,0.953299,0.953299,0.256819,5.351581,3.508384,-0.256819
nonmember,5386,2,9,0,7.330812,0.000655,0.937764,0.331892,-2.320632,-7.266555,0.331892
nonmember,17351,6,3,0,1.440450,0.236821,0.309370,1.894235,1.358464,-0.267232,1.894235
nonmember,18844,1,1,1,0.051448,0.949853,0.949853,0.264262,5.520535,3.426787,-0.264262
nonmember,28816,6,3,0,1.141480,0.319346,0.325191,1.780267,1.736515,-0.018136,1.780267
nonmember,43052,3,5,0,1.062961,0.345432,0.503962,1.294732,2.364665,-0.377707,1.294732
nonmember,11347,5,3,0,1.251408,0.286102,0.671536,0.837988,3.361533,-0.853220,0.837988
nonmember,42802,1,1,1,0.402655,0.668543,0.668543,1.047505,3.736077,1.231842,-1.047505
nonmember,3979,0,0,1,0.302447,0.739008,0.739008,1.013225,3.351058,1.831885,-1.013225
nonmember,7090,5,5,1,1.164962,0.311935,0.311935,1.781286,1.907592,0.291844,-1.781286
nonmember,21599,7,7,1,0.012586,0.987493,0.987493,0.087732,6.724574,5.144433,-0.087732
nonmember,34264,6,6,1,0.055377,0.946128,0.946128,0.303275,5.143561,4.058805,-0.303275
nonmember,17930,3,6,0,1.064395,0.344937,0.533066,1.162298,3.015929,-0.435284,1.162298
nonmember,41958,4,4,1,0.839993,0.431713,0.431713,1.382292,2.509729,0.121373,-1.382292
nonmember,25484,2,2,1,0.391202,0.676244,0.676244,0.915412,4.278312,1.021085,-0.915412
nonmember,21027,1,1,1,0.070038,0.932359,0.932359,0.378506,4.486800,3.990236,-0.378506
nonmember,29093,6,6,1,0.283688,0.753001,0.753001,0.944143,3.604534,1.786128,-0.944143
nonmember,24608,8,8,1,0.273156,0.760974,0.760974,0.974974,3.362351,2.017712,-0.974974
nonmember,44987,3,0,0,2.983677,0.050606,0.351425,1.990927,-0.374326,-1.937917,1.990927
nonmember,24542,9,9,1,0.726178,0.483754,0.483754,1.304772,3.223413,0.499805,-1.304772
nonmember,24878,8,8,1,0.008217,0.991816,0.991816,0.062153,6.692093,5.740659,-0.062153
nonmember,18528,7,7,1,0.657087,0.518359,0.518359,1.439381,2.752362,0.841640,-1.439381
nonmember,40247,5,5,1,0.289720,0.748473,0.748473,0.783771,4.521005,1.392862,-0.783771
nonmember,7104,8,8,1,0.050514,0.950741,0.950741,0.292716,4.941835,4.249390,-0.292716
nonmember,11489,6,6,1,1.233804,0.291183,0.291183,1.763793,1.789128,0.044712,-1.763793
nonmember,16072,8,8,1,0.030028,0.970419,0.970419,0.190203,5.377288,4.453676,-0.190203
nonmember,4056,2,2,1,0.415884,0.659757,0.659757,1.076681,3.357277,1.071470,-1.076681
nonmember,42723,6,3,0,1.234596,0.290952,0.452461,1.498011,2.133455,-0.441541,1.498011
nonmember,24037,5,5,1,0.209931,0.810640,0.810640,0.785720,3.843462,2.214559,-0.785720
nonmember,7191,7,7,1,0.140218,0.869169,0.869169,0.637941,4.047650,3.147714,-0.637941
nonmember,35650,7,7,1,0.219387,0.803011,0.803011,0.748571,4.452329,1.951848,-0.748571
nonmember,938,0,8,0,3.212957,0.040237,0.923330,0.396225,1.532793,-3.133189,0.396225
nonmember,19424,9,3,0,1.304943,0.271188,0.280979,1.747671,1.806437,-0.035466,1.747671
nonmember,18115,4,0,0,2.060984,0.127329,0.578103,1.483739,1.053618,-1.512981,1.483739
nonmember,31659,7,7,1,0.047505,0.953606,0.953606,0.258852,5.395928,3.663770,-0.258852
nonmember,1072,5,5,1,0.889832,0.410725,0.410725,1.777330,1.934207,0.767052,-1.777330
nonmember,43347,5,3,0,1.775708,0.169363,0.216119,1.986941,0.969832,-0.243784,1.986941
nonmember,35156,4,4,1,0.297334,0.742796,0.742796,1.008376,3.391929,1.930086,-1.008376
nonmember,30665,2,2,1,1.062348,0.345643,0.345643,1.748566,1.796487,0.100678,-1.748566
nonmember,44882,8,8,1,0.911397,0.401962,0.401962,1.431905,2.368845,0.000291,-1.431905
nonmember,40153,6,6,1,0.096877,0.907667,0.907667,0.479126,4.548965,3.534259,-0.479126
nonmember,42523,2,2,1,0.071805,0.930713,0.930713,0.371674,4.941927,3.500559,-0.371674
nonmember,16063,1,6,0,2.495587,0.082448,0.385785,1.533130,0.991677,-1.543113,1.533130
nonmember,34408,2,2,1,1.006245,0.365589,0.365589,1.807421,1.871907,0.495748,-1.807421
nonmember,13655,2,3,0,2.259193,0.104435,0.553282,1.497540,0.937584,-1.667306,1.497540
nonmember,45250,3,5,0,3.618974,0.026810,0.696901,1.118552,0.098129,-3.257861,1.118552
nonmember,28135,3,3,1,0.585020,0.557095,0.557095,1.547922,2.472427,1.291856,-1.547922
nonmember,17267,2,2,1,0.380112,0.683785,0.683785,1.172773,3.075230,1.511187,-1.172773
nonmember,29671,7,7,1,0.009751,0.990296,0.990296,0.068861,7.085808,5.343857,-0.068861
nonmember,28772,3,5,0,1.359758,0.256723,0.720072,0.715121,3.668382,-1.031355,0.715121
nonmember,90,2,2,1,0.558253,0.572208,0.572208,1.455524,2.790534,1.421758,-1.455524
nonmember,44127,3,2,0,1.658781,0.190371,0.549632,1.433360,1.738851,-1.060274,1.433360
nonmember,26459,4,4,1,0.264984,0.767219,0.767219,0.923070,3.651017,2.251908,-0.923070
nonmember,49622,4,4,1,0.978428,0.375901,0.375901,1.595580,2.107897,0.049361,-1.595580
nonmember,41140,6,6,1,0.916627,0.399866,0.399866,1.699318,2.242306,0.723108,-1.699318
nonmember,11416,0,8,0,1.448879,0.234833,0.440229,1.698887,1.429305,-0.628418,1.698887
nonmember,35988,7,7,1,1.300879,0.272292,0.272292,2.008335,1.299382,0.264882,-2.008335
nonmember,498,1,1,1,0.992272,0.370733,0.370733,1.654126,2.096446,0.141641,-1.654126
nonmember,22364,3,5,0,0.979893,0.375351,0.470793,1.294659,2.585843,-0.226555,1.294659
nonmember,35936,2,2,1,0.891040,0.410229,0.410229,1.567281,2.456354,0.296353,-1.567281
nonmember,28243,7,2,0,1.926380,0.145675,0.342562,1.947205,0.832156,-0.855076,1.947205
nonmember,37229,5,5,1,1.252062,0.285915,0.285915,1.853326,1.617084,0.110780,-1.853326
nonmember,15910,2,3,0,3.080955,0.045915,0.595304,1.368500,0.469168,-2.562271,1.368500
nonmember,20850,2,4,0,1.471921,0.229484,0.332285,1.788499,1.450249,-0.370158,1.788499
nonmember,46505,8,8,1,0.825488,0.438021,0.438021,1.543697,2.526460,0.721941,-1.543697
nonmember,29291,4,4,1,0.509058,0.601061,0.601061,1.475843,2.537987,1.959008,-1.475843
nonmember,30501,4,7,0,3.381281,0.034004,0.321320,1.848666,-0.469791,-2.245962,1.848666
nonmember,5145,9,9,1,0.065733,0.936381,0.936381,0.356005,4.686555,3.874684,-0.356005
nonmember,36137,2,2,1,0.157130,0.854593,0.854593,0.637078,4.316767,2.511448,-0.637078
nonmember,27390,4,4,1,0.574771,0.562833,0.562833,1.570493,2.428161,1.620603,-1.570493
nonmember,7487,3,3,1,0.474393,0.622263,0.622263,1.403871,2.766786,1.813531,-1.403871
nonmember,33923,0,8,0,1.870159,0.154099,0.412873,1.793861,0.947500,-0.985543,1.793861
nonmember,24786,7,5,0,1.734579,0.176474,0.306355,1.753290,1.434439,-0.551568,1.753290
nonmember,12488,5,7,0,1.452384,0.234012,0.407240,1.587101,1.968352,-0.554031,1.587101
nonmember,27743,2,2,1,0.169977,0.843684,0.843684,0.729736,3.893056,3.031044,-0.729736
nonmember,12956,3,3,1,0.132418,0.875975,0.875975,0.545089,4.391201,2.405985,-0.545089
nonmember,21463,6,6,1,0.827940,0.436948,0.436948,1.635006,2.354879,0.558498,-1.635006
nonmember,6493,3,6,0,4.240741,0.014397,0.932100,0.362803,0.732450,-4.170426,0.362803
nonmember,29115,9,6,0,1.702158,0.182290,0.215455,2.074252,0.879024,-0.167155,2.074252
nonmember,47310,1,1,1,0.153995,0.857276,0.857276,0.597272,4.384710,2.277020,-0.597272
nonmember,37858,8,8,1,0.052091,0.949243,0.949243,0.282582,5.115487,3.546151,-0.282582
nonmember,31565,8,8,1,0.159300,0.852740,0.852740,0.639929,4.439478,2.471597,-0.639929
nonmember,41201,8,8,1,0.160852,0.851418,0.851418,0.619501,4.217832,2.178953,-0.619501
nonmember,28826,0,0,1,0.037562,0.963135,0.963135,0.212797,5.750906,4.096296,-0.212797
nonmember,4645,0,0,1,0.276989,0.758063,0.758063,1.039178,3.193305,2.562437,-1.039178
nonmember,27091,2,2,1,0.504803,0.603624,0.603624,1.175477,3.318311,0.889815,-1.175477
nonmember,25639,3,3,1,0.690916,0.501117,0.501117,1.708025,2.172087,1.610607,-1.708025
nonmember,31244,8,0,0,2.740673,0.064527,0.831699,0.759759,1.243531,-2.556388,0.759759
nonmember,48649,7,7,1,0.642284,0.526089,0.526089,1.561139,2.538979,1.532439,-1.561139
nonmember,5757,0,0,1,0.628914,0.533171,0.533171,1.339814,2.765498,0.600956,-1.339814
nonmember,41435,0,8,0,2.755304,0.063590,0.831521,0.757221,1.189706,-2.570805,0.757221
nonmember,28800,8,8,1,0.363003,0.695584,0.695584,0.902415,3.913609,1.074405,-0.902415
nonmember,19882,4,6,0,1.580822,0.205806,0.247602,1.989978,1.166188,-0.184889,1.989978
nonmember,6140,5,5,1,0.128018,0.879837,0.879837,0.453402,5.041872,2.152492,-0.453402
nonmember,6912,8,8,1,0.117613,0.889040,0.889040,0.499826,4.717278,2.683923,-0.499826
nonmember,10520,9,9,1,0.031724,0.968774,0.968774,0.196704,5.372471,4.713978,-0.196704
nonmember,11532,1,1,1,0.834980,0.433883,0.433883,1.674105,2.048693,0.539153,-1.674105
nonmember,48956,6,6,1,0.038197,0.962524,0.962524,0.212870,5.724051,3.800168,-0.212870
nonmember,40406,7,7,1,0.254788,0.775081,0.775081,0.951933,3.527789,2.633195,-0.951933
nonmember,20589,2,2,1,0.384803,0.680585,0.680585,1.196405,3.148439,1.838233,-1.196405
nonmember,46432,3,0,0,1.480329,0.227563,0.343525,1.590880,2.096384,-0.411833,1.590880
nonmember,7361,8,8,1,0.611988,0.542272,0.542272,1.631183,2.297210,1.600138,-1.631183
nonmember,20072,7,7,1,0.013293,0.986795,0.986795,0.086304,6.955708,4.720281,-0.086304
nonmember,1457,4,0,0,2.879138,0.056183,0.512422,1.256456,0.873686,-2.210530,1.256456
nonmember,5201,5,5,1,0.796665,0.450830,0.450830,1.514947,2.893361,0.799681,-1.514947
nonmember,42216,4,4,1,0.892070,0.409806,0.409806,1.771962,2.045061,0.818572,-1.771962
nonmember,14511,3,3,1,0.623147,0.536254,0.536254,0.823895,4.732028,0.199757,-0.823895
nonmember,36415,0,1,0,3.026698,0.048475,0.298614,2.075559,-0.466320,-1.818094,2.075559
nonmember,45530,7,7,1,0.227380,0.796618,0.796618,0.874458,3.567249,2.220147,-0.874458
nonmember,32440,7,7,1,0.431036,0.649835,0.649835,0.942203,3.951018,0.830899,-0.942203
nonmember,29016,7,7,1,0.150645,0.860153,0.860153,0.609959,4.294526,2.401784,-0.609959
nonmember,1796,9,9,1,0.183765,0.832132,0.832132,0.788547,3.583823,2.746027,-0.788547
nonmember,21749,3,3,1,0.231737,0.793155,0.793155,0.798525,3.997349,1.879631,-0.798525
nonmember,46577,6,2,0,2.111459,0.121061,0.218230,1.910876,0.913796,-0.589254,1.910876
nonmember,3018,6,3,0,2.372083,0.093286,0.659295,1.196798,1.212766,-1.955499,1.196798
nonmember,33436,6,6,1,0.055246,0.946253,0.946253,0.290883,5.302300,3.554541,-0.290883
nonmember,13371,3,3,1,0.405561,0.666603,0.666603,1.148728,3.435952,1.381566,-1.148728
nonmember,15647,7,7,1,0.123210,0.884078,0.884078,0.489722,4.835055,2.385274,-0.489722
nonmember,19258,2,2,1,0.088044,0.915721,0.915721,0.446942,4.491059,3.424388,-0.446942
nonmember,17432,0,0,1,0.099436,0.905348,0.905348,0.500663,4.266221,3.536152,-0.500663
nonmember,21368,3,8,0,2.177024,0.113378,0.507393,1.670041,0.754375,-1.498555,1.670041
nonmember,32827,1,1,1,0.157294,0.854453,0.854453,0.604632,4.280137,2.241580,-0.604632
nonmember,12212,2,2,1,0.437097,0.645909,0.645909,1.362643,2.732480,2.048319,-1.362643
nonmember,6703,1,8,0,1.699826,0.182715,0.563583,1.427744,1.546457,-1.126385,1.427744
nonmember,35536,8,8,1,0.111403,0.894578,0.894578,0.538422,4.110182,3.111117,-0.538422
nonmember,44950,3,3,1,0.819085,0.440835,0.440835,1.517803,2.542997,0.393089,-1.517803
nonmember,15030,0,0,1,0.276356,0.758543,0.758543,0.860310,3.884117,1.600583,-0.860310
nonmember,2645,9,9,1,0.240101,0.786549,0.786549,0.939948,3.268440,2.520754,-0.939948
nonmember,21794,4,5,0,2.229596,0.107572,0.459092,1.621706,0.946310,-1.451091,1.621706
nonmember,15780,8,8,1,0.033423,0.967129,0.967129,0.210785,5.250990,4.923515,-0.210785
nonmember,186,9,9,1,0.184283,0.831701,0.831701,0.702980,4.029553,2.157977,-0.702980
nonmember,43430,3,3,1,0.683498,0.504848,0.504848,1.570457,2.653165,1.148095,-1.570457
nonmember,8106,7,5,0,4.771139,0.008471,0.964289,0.200099,1.187001,-4.734776,0.200099
nonmember,2166,8,8,1,0.006867,0.993156,0.993156,0.051454,7.011185,5.547929,-0.051454
nonmember,6316,8,8,1,0.155228,0.856220,0.856220,0.689683,3.825437,3.132066,-0.689683
nonmember,32534,6,6,1,0.147740,0.862655,0.862655,0.617796,4.348590,2.655901,-0.617796
nonmember,11398,4,4,1,0.561796,0.570184,0.570184,1.344743,3.036189,1.144714,-1.344743
nonmember,13130,2,3,0,1.769963,0.170339,0.325597,1.651463,1.612082,-0.647869,1.651463
nonmember,49384,3,6,0,1.917590,0.146961,0.429227,1.799802,0.845716,-1.071820,1.799802
nonmember,30282,4,2,0,2.001692,0.135107,0.316188,1.771326,0.959782,-0.850272,1.771326
nonmember,24128,5,5,1,0.056695,0.944882,0.944882,0.216467,8.248207,2.848849,-0.216467
nonmember,45628,1,1,1,0.495261,0.609412,0.609412,1.384031,2.753823,1.479571,-1.384031
nonmember,49152,8,8,1,0.035554,0.965070,0.965070,0.216016,5.349532,4.435291,-0.216016
nonmember,27557,2,2,1,0.412370,0.662079,0.662079,1.341461,2.718905,2.286255,-1.341461
nonmember,4932,1,1,1,0.819968,0.440446,0.440446,1.690438,2.214988,0.763037,-1.690438
nonmember,280,8,8,1,0.025227,0.975089,0.975089,0.159756,5.743497,4.586127,-0.159756
nonmember,20966,4,4,1,0.340604,0.711341,0.711341,0.982524,3.638025,1.392242,-0.982524
nonmember,20094,7,7,1,0.018276,0.981890,0.981890,0.119650,6.242191,4.949968,-0.119650
nonmember,28565,6,3,0,0.870903,0.418573,0.480917,1.148892,2.910713,-0.138842,1.148892
nonmember,39718,5,3,0,1.855995,0.156297,0.463082,1.633831,1.345077,-1.086144,1.633831
nonmember,11097,5,3,0,1.605456,0.200798,0.399491,1.509309,1.743037,-0.687891,1.509309
nonmember,29137,7,7,1,0.313639,0.730783,0.730783,1.079006,3.229351,2.148938,-1.079006
nonmember,39067,4,3,0,1.477488,0.228210,0.228967,1.973245,1.305028,-0.003310,1.973245
nonmember,28486,7,7,1,0.555076,0.574029,0.574029,1.299676,2.948757,0.851943,-1.299676
nonmember,3723,4,7,0,1.797173,0.165767,0.527157,1.234470,2.351099,-1.156916,1.234470
nonmember,24959,5,5,1,0.183910,0.832011,0.832011,0.536207,5.252558,1.701528,-0.536207
nonmember,33350,2,3,0,1.727614,0.177708,0.498535,1.378798,2.038355,-1.031533,1.378798
nonmember,30775,9,9,1,0.236149,0.789663,0.789663,0.914678,3.477970,2.420208,-0.914678
nonmember,3281,2,2,1,0.273900,0.760408,0.760408,0.907325,3.544501,1.672371,-0.907325
nonmember,44437,5,5,1,0.618225,0.538900,0.538900,0.820423,4.378543,0.204401,-0.820423
nonmember,10491,1,1,1,0.178748,0.836316,0.836316,0.727090,3.837564,2.473307,-0.727090
nonmember,12539,4,4,1,0.358455,0.698755,0.698755,0.955851,3.687307,1.198992,-0.955851
nonmember,7732,6,6,1,0.613403,0.541505,0.541505,1.078951,3.724548,0.401101,-1.078951
nonmember,43645,6,6,1,0.125082,0.882425,0.882425,0.513995,4.552219,2.432703,-0.513995
nonmember,31386,8,8,1,0.257113,0.773281,0.773281,0.985637,3.255050,2.370084,-0.985637
nonmember,9701,9,9,1,1.081175,0.339197,0.339197,1.637230,2.263680,0.058008,-1.637230
nonmember,25421,9,9,1,0.024402,0.975893,0.975893,0.152299,5.795056,4.384215,-0.152299
nonmember,16948,4,4,1,1.455143,0.233367,0.233367,2.034015,1.189713,0.135791,-2.034015
nonmember,6319,3,4,0,3.495529,0.030333,0.577532,1.218835,0.103195,-2.946538,1.218835
nonmember,10118,9,9,1,0.079749,0.923348,0.923348,0.401231,4.676783,3.403070,-0.401231
nonmember,17816,9,1,0,1.364439,0.255524,0.456337,1.449852,2.321914,-0.579916,1.449852
nonmember,2845,9,1,0,2.783157,0.061843,0.785820,0.944274,0.851978,-2.542130,0.944274
nonmember,20870,4,6,0,1.592674,0.203381,0.259183,2.010176,1.062728,-0.242453,2.010176
nonmember,15541,0,0,1,0.476277,0.621092,0.621092,1.347397,2.781955,1.700536,-1.347397
nonmember,41229,3,7,0,2.005733,0.134562,0.346002,1.919738,0.703277,-0.944422,1.919738
nonmember,3578,7,5,0,2.049160,0.128843,0.710594,0.964327,2.286508,-1.707506,0.964327
nonmember,30923,1,1,1,0.075149,0.927606,0.927606,0.410538,4.403958,4.180957,-0.410538
nonmember,38040,3,8,0,1.675591,0.187198,0.480164,1.643050,1.351731,-0.941963,1.643050
nonmember,14023,0,0,1,0.252906,0.776541,0.776541,0.907983,3.505390,2.021226,-0.907983
nonmember,41880,0,0,1,0.220521,0.802101,0.802101,0.824330,3.760230,2.447806,-0.824330
nonmember,29880,0,0,1,0.733217,0.480361,0.480361,1.608970,2.342993,1.053422,-1.608970
nonmember,682,6,2,0,2.227307,0.107818,0.746570,0.969779,1.812071,-1.935040,0.969779
nonmember,25618,8,8,1,0.004328,0.995681,0.995681,0.036241,7.108678,6.669709,-0.036241
nonmember,4230,1,1,1,1.084010,0.338236,0.338236,2.022496,1.565164,0.863202,-2.022496
nonmember,5935,7,7,1,0.234701,0.790807,0.790807,0.869979,3.593439,2.083553,-0.869979
nonmember,30233,0,0,1,0.012107,0.987966,0.987966,0.078393,7.070480,4.776695,-0.078393
nonmember,12899,7,5,0,1.834309,0.159724,0.385488,1.880244,0.885869,-0.881064,1.880244
nonmember,16284,3,5,0,1.033177,0.355874,0.591521,0.874575,5.008805,-0.508120,0.874575
nonmember,5001,7,7,1,0.609111,0.543834,0.543834,1.603930,2.357333,1.612467,-1.603930
nonmember,2923,8,8,1,0.082923,0.920422,0.920422,0.382835,4.880156,2.883498,-0.382835
nonmember,21240,2,4,0,3.332115,0.035717,0.907075,0.473613,1.225623,-3.234585,0.473613
nonmember,18094,9,9,1,0.000798,0.999203,0.999203,0.007935,8.623638,8.023458,-0.007935
nonmember,49718,4,8,0,1.923098,0.146154,0.328516,1.767542,0.970463,-0.809929,1.767542
nonmember,2691,4,4,1,0.266285,0.766221,0.766221,0.836797,3.983682,1.680714,-0.836797
nonmember,7827,1,1,1,0.691504,0.500822,0.500822,1.599689,2.447715,1.193635,-1.599689
nonmember,4811,2,4,0,2.142420,0.117370,0.624503,1.323960,1.325935,-1.671620,1.323960
nonmember,36510,2,2,1,0.032349,0.968169,0.968169,0.190083,6.108647,4.352363,-0.190083
nonmember,3446,2,4,0,1.688617,0.184775,0.378423,1.872476,1.123427,-0.716874,1.872476
nonmember,28346,4,3,0,1.401375,0.246258,0.252358,1.920198,1.422476,-0.024467,1.920198
nonmember,41778,6,6,1,0.007305,0.992722,0.992722,0.056106,6.924863,5.994032,-0.056106
nonmember,8156,5,3,0,1.768752,0.170546,0.778601,0.732217,2.912029,-1.518495,0.732217
nonmember,18765,0,0,1,0.235971,0.789803,0.789803,0.717181,4.380862,1.594302,-0.717181
nonmember,17473,7,7,1,0.016745,0.983394,0.983394,0.117650,5.962782,5.510561,-0.117650
nonmember,27183,6,6,1,0.074262,0.928428,0.928428,0.341391,5.188853,2.901778,-0.341391
nonmember,39559,6,6,1,0.596882,0.550526,0.550526,1.336053,3.014948,0.968511,-1.336053
nonmember,44924,0,0,1,0.686461,0.503354,0.503354,1.316761,3.081382,0.496253,-1.316761
nonmember,44414,8,8,1,0.239043,0.787381,0.787381,0.908664,3.538992,2.516361,-0.908664
nonmember,48323,2,2,1,0.013340,0.986749,0.986749,0.093000,6.718864,5.390221,-0.093000
nonmember,28781,9,9,1,0.041456,0.959392,0.959392,0.241211,5.128395,4.093718,-0.241211
nonmember,44439,5,3,0,1.020877,0.360279,0.375177,1.544629,2.262438,-0.040521,1.544629
nonmember,44113,2,3,0,1.900348,0.149517,0.357155,1.813901,0.987500,-0.870761,1.813901
nonmember,48929,6,6,1,0.269968,0.763404,0.763404,0.968698,3.413565,2.040776,-0.968698
nonmember,1231,9,9,1,0.417140,0.658929,0.658929,1.176116,3.207123,1.413393,-1.176116
nonmember,7751,4,7,0,1.133589,0.321876,0.563127,1.071189,3.250738,-0.559340,1.071189
nonmember,108,2,2,1,0.679331,0.506956,0.506956,1.380607,2.981252,0.759313,-1.380607
nonmember,40330,7,0,0,2.018413,0.132866,0.478503,1.594062,1.075671,-1.281321,1.594062
nonmember,22514,8,8,1,0.035999,0.964642,0.964642,0.223796,5.137756,4.464162,-0.223796
nonmember,14146,2,2,1,0.214354,0.807063,0.807063,0.683507,4.805925,1.870314,-0.683507
nonmember,16839,7,5,0,0.809285,0.445176,0.478797,1.039698,3.372138,-0.072807,1.039698
nonmember,48569,8,8,1,0.413520,0.661319,0.661319,1.327706,2.722447,1.918383,-1.327706
nonmember,3529,8,8,1,0.013584,0.986508,0.986508,0.086548,6.744454,4.622146,-0.086548
nonmember,3110,3,3,1,0.986295,0.372956,0.372956,1.748220,1.993338,0.592236,-1.748220
nonmember,23597,2,5,0,2.343879,0.095955,0.301647,1.931574,0.424884,-1.145380,1.931574
nonmember,19753,0,0,1,0.452810,0.635839,0.635839,1.204923,3.075251,1.151487,-1.204923
nonmember,23129,9,9,1,0.029152,0.971269,0.971269,0.185332,5.380775,4.558004,-0.185332
nonmember,45215,5,5,1,0.405738,0.666485,0.666485,0.935629,3.815318,0.925696,-0.935629
nonmember,24899,5,5,1,1.320575,0.266982,0.266982,1.829322,1.645569,0.005324,-1.829322
nonmember,38977,0,0,1,0.053284,0.948111,0.948111,0.305998,4.874364,4.255271,-0.305998
nonmember,35827,1,1,1,0.140108,0.869264,0.869264,0.532907,4.709558,2.268895,-0.532907
nonmember,48852,0,0,1,0.033194,0.967351,0.967351,0.199646,5.724147,4.528666,-0.199646
nonmember,33472,9,9,1,0.193106,0.824394,0.824394,0.815542,3.530529,2.753342,-0.815542
nonmember,37983,3,3,1,1.041193,0.353033,0.353033,1.379313,2.949103,0.022510,-1.379313
nonmember,12498,8,1,0,1.548190,0.212633,0.684705,1.013189,2.349133,-1.169422,1.013189
nonmember,37632,5,5,1,0.100777,0.904135,0.904135,0.355007,5.924784,2.323210,-0.355007
nonmember,1396,4,4,1,0.372553,0.688973,0.688973,1.207528,2.961490,2.054337,-1.207528
nonmember,12358,9,9,1,0.066194,0.935949,0.935949,0.308535,5.714598,3.394550,-0.308535
nonmember,44374,7,7,1,0.388583,0.678017,0.678017,1.185660,3.117589,1.699853,-1.185660
nonmember,47996,7,7,1,0.006919,0.993105,0.993105,0.050324,7.556195,5.588509,-0.050324
nonmember,18421,8,8,1,0.078709,0.924308,0.924308,0.407375,4.642951,3.569769,-0.407375
nonmember,15557,1,1,1,0.166755,0.846407,0.846407,0.655526,4.215433,2.479278,-0.655526
nonmember,3141,4,2,0,1.854611,0.156514,0.354361,1.746543,1.280505,-0.817172,1.746543
nonmember,49218,3,6,0,2.565976,0.076844,0.317534,1.986366,0.110207,-1.418806,1.986366
nonmember,49182,8,8,1,0.135929,0.872904,0.872904,0.624747,4.009892,3.106941,-0.624747
nonmember,46545,6,6,1,0.573972,0.563284,0.563284,1.438179,2.599277,1.066997,-1.438179
nonmember,16864,3,0,0,1.859543,0.155744,0.238955,2.064574,0.832839,-0.428061,2.064574
nonmember,7336,2,0,0,2.472389,0.084383,0.212860,2.186632,-0.065594,-0.925267,2.186632
nonmember,25145,2,7,0,2.156635,0.115714,0.244621,2.167207,0.274120,-0.748590,2.167207
nonmember,34437,3,3,1,0.158934,0.853052,0.853052,0.489635,5.531104,1.861694,-0.489635
nonmember,4289,9,9,1,0.004421,0.995589,0.995589,0.034872,7.540013,6.254697,-0.034872
nonmember,38065,8,8,1,1.049934,0.349961,0.349961,1.800752,1.927916,0.508596,-1.800752
nonmember,6663,0,0,1,0.092748,0.911423,0.911423,0.482458,4.223872,3.932649,-0.482458
nonmember,36962,5,5,1,0.394541,0.673989,0.673989,1.258280,2.876283,1.896783,-1.258280
nonmember,36710,2,0,0,3.117620,0.044262,0.189511,2.133006,-0.635681,-1.454314,2.133006
nonmember,17736,8,8,1,0.224078,0.799253,0.799253,0.880130,3.487346,2.613113,-0.880130
nonmember,3202,9,7,0,1.622956,0.197315,0.425570,1.786430,1.219537,-0.768630,1.786430
nonmember,45847,2,7,0,1.843222,0.158306,0.583769,1.425826,1.482937,-1.304972,1.425826
nonmember,46888,8,8,1,0.010083,0.989968,0.989968,0.077273,6.177888,6.207162,-0.077273
nonmember,41453,4,4,1,1.034316,0.355469,0.355469,1.870698,1.764332,0.872345,-1.870698
nonmember,28055,3,3,1,1.022344,0.359751,0.359751,1.571402,2.302449,0.198649,-1.571402
nonmember,36871,5,5,1,1.258893,0.283968,0.283968,1.825394,1.654548,0.097219,-1.825394
nonmember,30375,5,5,1,0.795365,0.451416,0.451416,1.346271,2.615968,0.169441,-1.346271
nonmember,8288,3,5,0,1.197649,0.301903,0.581970,1.072531,2.992078,-0.656313,1.072531
nonmember,33597,4,4,1,0.198397,0.820044,0.820044,0.806577,3.526140,2.420619,-0.806577
nonmember,17834,2,2,1,0.068790,0.933523,0.933523,0.346976,5.540872,3.774690,-0.346976
nonmember,35232,5,3,0,1.861589,0.155425,0.479898,1.320877,2.116810,-1.127408,1.320877
nonmember,2323,8,8,1,0.651715,0.521151,0.521151,1.583347,2.322773,1.029051,-1.583347
nonmember,34822,3,3,1,1.228514,0.292727,0.292727,1.902897,1.618904,0.376105,-1.902897
nonmember,31488,0,0,1,0.041318,0.959524,0.959524,0.224616,5.584115,3.617078,-0.224616
nonmember,38008,8,8,1,0.786489,0.455441,0.455441,1.467452,2.942314,0.609459,-1.467452
nonmember,36663,1,1,1,0.266784,0.765839,0.765839,0.994945,3.285937,2.339102,-0.994945
nonmember,39035,8,8,1,0.658291,0.517736,0.517736,1.516658,2.625717,1.180423,-1.516658
nonmember,37972,2,6,0,2.851363,0.057766,0.330476,1.933881,-0.143922,-1.744141,1.933881
nonmember,24735,0,0,1,0.198939,0.819600,0.819600,0.816157,3.593930,2.620453,-0.816157
nonmember,6753,3,5,0,0.914839,0.400581,0.506748,1.103664,3.072140,-0.235097,1.103664
nonmember,8480,1,1,1,0.817911,0.441353,0.441353,1.724658,2.038143,0.748394,-1.724658
nonmember,10421,9,9,1,0.266555,0.766014,0.766014,0.943896,3.612961,2.083212,-0.943896
nonmember,42517,0,0,1,0.419761,0.657204,0.657204,1.290049,2.908849,1.719490,-1.290049
nonmember,19908,5,3,0,1.832771,0.159970,0.427949,1.807376,1.044354,-0.984020,1.807376
nonmember,16170,9,0,0,3.617985,0.026837,0.833671,0.762104,0.298884,-3.436069,0.762104
nonmember,46873,0,0,1,0.264319,0.767729,0.767729,0.914866,3.788188,2.121765,-0.914866
nonmember,15381,1,1,1,1.036342,0.354750,0.354750,1.729589,1.871120,0.361367,-1.729589
nonmember,42217,2,2,1,0.545518,0.579541,0.579541,1.335444,2.836035,1.017437,-1.335444
nonmember,42370,3,8,0,1.851919,0.156936,0.261364,1.997298,0.920890,-0.510077,1.997298
nonmember,24856,7,7,1,0.060308,0.941475,0.941475,0.324723,4.993021,3.846741,-0.324723
nonmember,26699,7,4,0,0.987432,0.372532,0.579223,0.908453,3.671552,-0.441365,0.908453
nonmember,35397,4,4,1,0.341393,0.710780,0.710780,1.085319,3.359697,1.964388,-1.085319
nonmember,34127,4,2,0,1.406450,0.245012,0.493241,1.248767,2.723657,-0.699692,1.248767
nonmember,4546,6,6,1,0.029418,0.971010,0.971010,0.183881,5.737745,4.859764,-0.183881
nonmember,43236,6,6,1,0.065332,0.936757,0.936757,0.364600,4.624461,4.023451,-0.364600
nonmember,33281,9,9,1,0.104004,0.901222,0.901222,0.522798,4.233769,3.857959,-0.522798
nonmember,43743,4,4,1,0.537480,0.584219,0.584219,1.470191,2.641549,1.800242,-1.470191
nonmember,6149,9,1,0,1.397540,0.247204,0.364201,1.857614,1.319479,-0.387491,1.857614
nonmember,10688,8,8,1,0.011374,0.988691,0.988691,0.080294,6.469689,5.146935,-0.080294
nonmember,42707,1,1,1,0.012128,0.987945,0.987945,0.085372,6.585179,5.586010,-0.085372
nonmember,44465,4,7,0,2.159714,0.115358,0.470724,1.608950,1.031052,-1.406230,1.608950
nonmember,38932,3,7,0,1.454399,0.233541,0.323965,1.784991,1.559681,-0.327280,1.784991
nonmember,8632,9,9,1,0.009605,0.990441,0.990441,0.073167,6.292150,6.023370,-0.073167
nonmember,49279,6,5,0,2.192610,0.111625,0.179591,2.144058,0.340685,-0.475535,2.144058
nonmember,19334,5,5,1,0.050727,0.950538,0.950538,0.267088,5.446308,3.721954,-0.267088
nonmember,34664,0,0,1,0.369417,0.691137,0.691137,1.006807,3.526256,1.212889,-1.006807
nonmember,13047,2,7,0,4.792026,0.008296,0.933853,0.355957,0.143737,-4.723590,0.355957
nonmember,17595,5,5,1,0.331620,0.717760,0.717760,0.639303,5.753862,0.957884,-0.639303
nonmember,24013,7,7,1,0.747523,0.473538,0.473538,1.538258,2.595551,0.844551,-1.538258
nonmember,33192,6,6,1,0.613122,0.541657,0.541657,1.079192,3.437520,0.382557,-1.079192
nonmember,39495,4,4,1,0.635271,0.529792,0.529792,1.483197,2.630255,1.070350,-1.483197
nonmember,42392,1,1,1,0.074561,0.928151,0.928151,0.361086,5.150339,3.511914,-0.361086
nonmember,27205,4,4,1,0.478460,0.619737,0.619737,1.291405,2.987924,1.445857,-1.291405
nonmember,19327,3,3,1,0.160370,0.851828,0.851828,0.718384,3.789284,3.204877,-0.718384
nonmember,1323,8,8,1,0.024121,0.976168,0.976168,0.162615,5.454591,5.358821,-0.162615
nonmember,17082,0,0,1,0.063551,0.938426,0.938426,0.351512,4.751064,4.251191,-0.351512
nonmember,34621,6,6,1,0.426247,0.652955,0.652955,1.091473,3.459059,1.078685,-1.091473
nonmember,29780,3,6,0,1.702156,0.182290,0.307202,1.953012,0.980619,-0.521907,1.953012
nonmember,41952,3,3,1,0.920033,0.398506,0.398506,1.765177,1.939823,0.522543,-1.765177
nonmember,24595,1,1,1,0.023456,0.976817,0.976817,0.126059,6.786049,3.901740,-0.126059
nonmember,10351,9,9,1,0.139756,0.869570,0.869570,0.648112,3.835042,3.133750,-0.648112
nonmember,14076,5,5,1,0.096916,0.907632,0.907632,0.433108,4.903887,2.984991,-0.433108
nonmember,608,0,2,0,2.181631,0.112857,0.478240,1.781745,0.565136,-1.443988,1.781745
nonmember,49583,9,9,1,0.428374,0.651568,0.651568,1.226638,3.099754,1.663671,-1.226638
nonmember,41118,0,0,1,0.183019,0.832752,0.832752,0.789184,3.644828,3.159202,-0.789184
nonmember,15258,0,0,1,1.240439,0.289257,0.289257,1.757811,1.900044,0.066002,-1.757811
nonmember,41762,0,0,1,0.930614,0.394312,0.394312,1.619238,2.112977,0.197594,-1.619238
nonmember,16790,2,2,1,0.164439,0.848369,0.848369,0.692572,4.069540,2.826952,-0.692572
nonmember,32310,2,2,1,0.578090,0.560969,0.560969,1.405661,2.802064,1.125467,-1.405661
nonmember,30070,2,8,0,1.779957,0.168645,0.268191,1.918502,1.003550,-0.463901,1.918502
nonmember,37429,3,3,1,1.210114,0.298163,0.298163,1.920828,1.537224,0.346966,-1.920828
nonmember,17919,3,2,0,1.295725,0.273699,0.445723,1.419107,2.412773,-0.487667,1.419107
nonmember,49005,5,3,0,1.829742,0.160455,0.622006,1.302426,1.717273,-1.354937,1.302426
nonmember,383,2,2,1,0.029339,0.971088,0.971088,0.185202,5.526494,4.599157,-0.185202
nonmember,15331,9,9,1,0.882638,0.413690,0.413690,1.796600,1.905363,0.620333,-1.796600
nonmember,39309,2,0,0,1.135797,0.321166,0.371239,1.472293,2.583930,-0.144887,1.472293
nonmember,22848,5,2,0,2.202217,0.110558,0.266655,2.073080,0.411682,-0.880417,2.073080
nonmember,12781,6,6,1,0.083652,0.919751,0.919751,0.403745,5.030985,3.350968,-0.403745
nonmember,14524,1,1,1,0.047824,0.953301,0.953301,0.267289,5.278651,3.951755,-0.267289
nonmember,29005,2,5,0,1.125280,0.324562,0.336311,1.571232,2.338513,-0.035561,1.571232
nonmember,24639,0,0,1,0.154667,0.856700,0.856700,0.620393,4.257955,2.319320,-0.620393
nonmember,13832,4,4,1,0.440623,0.643636,0.643636,1.350722,2.774962,1.956919,-1.350722
nonmember,42399,0,0,1,0.012982,0.987102,0.987102,0.094997,6.098894,5.872721,-0.094997
nonmember,475,8,8,1,0.150277,0.860470,0.860470,0.666143,3.920718,2.849256,-0.666143
nonmember,36800,3,2,0,1.458334,0.232624,0.419296,1.742205,1.503614,-0.589155,1.742205
nonmember,18372,2,2,1,0.631298,0.531901,0.531901,1.259074,3.248047,0.551917,-1.259074
nonmember,24106,3,5,0,1.999308,0.135429,0.692510,1.164662,1.389093,-1.631875,1.164662
nonmember,26758,2,2,1,0.116265,0.890239,0.890239,0.500109,4.664023,2.750037,-0.500109
nonmember,1467,9,9,1,0.288125,0.749668,0.749668,1.050908,3.258530,2.490711,-1.050908
nonmember,46223,8,8,1,0.433088,0.648504,0.648504,1.197957,3.013254,1.229544,-1.197957
nonmember,6724,3,8,0,2.519075,0.080534,0.621331,1.417333,0.578802,-2.043185,1.417333
nonmember,14018,3,3,1,0.393704,0.674554,0.674554,1.055021,3.462980,1.193262,-1.055021
nonmember,14019,4,4,1,0.156366,0.855246,0.855246,0.688204,3.971853,3.224559,-0.688204
nonmember,37664,0,0,1,0.077926,0.925033,0.925033,0.415519,4.439633,3.664359,-0.415519
nonmember,17462,7,7,1,0.591776,0.553344,0.553344,1.516514,2.534348,1.408864,-1.516514
nonmember,34018,0,0,1,0.015105,0.985009,0.985009,0.098565,6.613115,4.756851,-0.098565
nonmember,8122,3,4,0,0.984417,0.373657,0.373933,1.515246,2.477290,-0.000737,1.515246
nonmember,14400,7,7,1,0.038681,0.962058,0.962058,0.212895,5.683640,3.741664,-0.212895
nonmember,7600,1,1,1,0.210757,0.809971,0.809971,0.783880,3.904296,2.126751,-0.783880
nonmember,36897,7,7,1,0.336728,0.714103,0.714103,1.148596,3.170572,2.140256,-1.148596
nonmember,44429,3,3,1,0.287207,0.750357,0.750357,0.963276,3.619066,1.841297,-0.963276
nonmember,47765,9,9,1,0.144705,0.865278,0.865278,0.634669,4.159326,3.115578,-0.634669
nonmember,3303,8,8,1,0.004939,0.995073,0.995073,0.041168,6.931206,6.648683,-0.041168
nonmember,6342,8,8,1,0.008336,0.991698,0.991698,0.065477,6.394936,6.248064,-0.065477
nonmember,23556,5,5,1,0.425531,0.653422,0.653422,1.189325,3.186250,1.467332,-1.189325
nonmember,15464,2,2,1,0.344109,0.708852,0.708852,1.148378,3.119789,2.122617,-1.148378
nonmember,923,6,2,0,1.779484,0.168725,0.443451,1.736213,1.200137,-0.966315,1.736213
nonmember,20458,0,8,0,1.585754,0.204793,0.788056,0.560938,4.550446,-1.347567,0.560938
nonmember,3601,1,1,1,0.347379,0.706538,0.706538,0.988232,4.001289,1.497110,-0.988232
nonmember,39664,0,0,1,0.119616,0.887261,0.887261,0.553811,4.381290,3.324774,-0.553811
nonmember,3875,3,3,1,0.072493,0.930072,0.930072,0.347628,5.238225,3.140730,-0.347628
nonmember,6868,3,3,1,0.610289,0.543194,0.543194,1.147188,3.362077,0.457916,-1.147188
nonmember,7028,7,7,1,0.037015,0.963662,0.963662,0.226368,5.265902,4.393177,-0.226368
nonmember,34519,1,1,1,0.082963,0.920385,0.920385,0.413189,4.618184,3.264892,-0.413189
nonmember,4346,3,5,0,0.930840,0.394222,0.398765,1.454116,2.329935,-0.011456,1.454116
nonmember,42202,8,8,1,0.014867,0.985243,0.985243,0.100034,6.306964,4.906882,-0.100034
nonmember,20903,7,7,1,0.754190,0.470392,0.470392,1.340398,2.740447,0.302216,-1.340398
nonmember,41872,3,3,1,0.587464,0.555735,0.555735,1.095459,3.925533,0.541966,-1.095459
nonmember,8541,4,4,1,1.372088,0.253577,0.253577,2.081023,1.125022,0.396198,-2.081023
nonmember,6006,9,9,1,0.119792,0.887105,0.887105,0.527326,4.426624,2.765861,-0.527326
nonmember,15404,2,2,1,0.243560,0.783833,0.783833,0.803034,4.125754,1.804006,-0.803034
nonmember,23728,8,8,1,0.022108,0.978135,0.978135,0.148502,5.637423,4.958443,-0.148502
nonmember,39782,7,7,1,0.060965,0.940856,0.940856,0.317333,5.133748,3.435574,-0.317333
nonmember,11402,4,4,1,0.296350,0.743527,0.743527,0.908950,3.929949,1.741510,-0.908950
nonmember,40075,1,1,1,0.202484,0.816700,0.816700,0.822187,3.637195,2.768116,-0.822187
nonmember,30389,3,3,1,0.669821,0.511800,0.511800,0.862147,4.453787,0.116981,-0.862147
nonmember,2625,6,6,1,1.205700,0.299482,0.299482,1.784668,1.879322,0.184545,-1.784668
nonmember,40571,8,8,1,0.056666,0.944909,0.944909,0.320686,4.781498,4.217836,-0.320686
nonmember,16718,9,9,1,0.063383,0.938584,0.938584,0.319077,5.538396,3.488615,-0.319077
nonmember,39070,5,5,1,0.116810,0.889755,0.889755,0.358568,7.174001,2.103154,-0.358568
nonmember,14881,5,7,0,3.076844,0.046105,0.852720,0.621814,1.669991,-2.917519,0.621814
nonmember,24626,6,2,0,1.476475,0.228442,0.320859,1.742342,1.508353,-0.339721,1.742342
nonmember,45886,0,2,0,0.911378,0.401970,0.443705,1.288583,2.699736,-0.098783,1.288583
nonmember,39562,6,3,0,1.707383,0.181340,0.346746,1.537515,1.572939,-0.648220,1.537515
nonmember,39570,9,9,1,0.056529,0.945039,0.945039,0.301231,5.177207,3.643562,-0.301231
nonmember,22175,1,1,1,0.596675,0.550639,0.550639,1.512849,2.611793,1.326253,-1.512849
nonmember,14664,4,7,0,1.115525,0.327743,0.439981,1.482778,2.187979,-0.294502,1.482778
nonmember,20735,9,9,1,0.673136,0.510107,0.510107,1.556446,2.362286,0.926671,-1.556446
nonmember,18938,7,7,1,0.066044,0.936090,0.936090,0.356808,4.770257,4.021501,-0.356808
nonmember,33113,3,3,1,0.634660,0.530115,0.530115,1.285387,3.010023,0.541342,-1.285387
nonmember,41687,5,3,0,1.806325,0.164257,0.243087,1.887016,1.091351,-0.391989,1.887016
nonmember,47224,2,2,1,0.492380,0.611170,0.611170,1.155443,3.187194,0.835598,-1.155443
nonmember,18349,8,8,1,0.020117,0.980084,0.980084,0.138560,5.655882,5.379261,-0.138560
nonmember,32614,3,4,0,1.380503,0.251452,0.471646,1.454778,2.250867,-0.628976,1.454778
nonmember,41823,4,6,0,2.034927,0.130690,0.244620,2.105420,0.509176,-0.626876,2.105420
nonmember,5784,7,7,1,0.008391,0.991644,0.991644,0.062456,7.035149,6.061181,-0.062456
nonmember,47761,1,1,1,0.053400,0.948000,0.948000,0.290975,5.045950,3.741155,-0.290975
nonmember,43474,9,9,1,1.402301,0.246030,0.246030,2.086611,1.122561,0.227048,-2.086611
nonmember,27996,6,6,1,0.051147,0.950139,0.950139,0.253694,5.949496,3.401114,-0.253694
nonmember,7989,7,0,0,1.461772,0.231825,0.330644,1.700978,1.675881,-0.355058,1.700978
nonmember,24046,4,4,1,0.829446,0.436291,0.436291,1.878749,1.852091,1.554775,-1.878749
nonmember,37658,7,1,0,1.236110,0.290512,0.310155,1.802817,1.693817,-0.065426,1.802817
nonmember,2357,9,9,1,0.048829,0.952344,0.952344,0.260245,5.615707,3.904174,-0.260245
nonmember,48586,7,5,0,1.645938,0.192832,0.389571,1.637126,1.531123,-0.703229,1.637126
nonmember,49350,7,7,1,1.311514,0.269412,0.269412,1.942049,1.506190,0.295636,-1.942049
nonmember,1398,8,8,1,0.056034,0.945507,0.945507,0.290011,5.140471,3.366194,-0.290011
nonmember,30359,5,3,0,1.809831,0.163682,0.369521,1.416812,1.787267,-0.814283,1.416812
nonmember,15274,9,9,1,0.724970,0.484339,0.484339,1.533024,2.537333,0.639415,-1.533024
nonmember,43313,3,3,1,0.032759,0.967772,0.967772,0.183563,6.590675,4.175814,-0.183563
nonmember,13501,8,8,1,0.080329,0.922813,0.922813,0.410601,4.634018,3.468174,-0.410601
nonmember,9279,7,7,1,0.000781,0.999220,0.999220,0.007367,9.452609,7.618146,-0.007367
nonmember,38054,2,2,1,0.541437,0.581911,0.581911,1.452346,2.585665,1.401877,-1.452346
nonmember,35520,9,9,1,0.115360,0.891045,0.891045,0.500011,4.425341,2.592420,-0.500011
nonmember,41307,1,1,1,0.082548,0.920767,0.920767,0.433145,4.341381,3.605961,-0.433145
nonmember,48422,5,4,0,2.732108,0.065082,0.721048,0.954410,1.406453,-2.405058,0.954410
nonmember,38628,0,6,0,3.375524,0.034200,0.584780,1.364128,0.136435,-2.839004,1.364128
nonmember,37467,7,5,0,3.366527,0.034509,0.815650,0.689155,1.774668,-3.162757,0.689155
nonmember,16900,2,2,1,0.232295,0.792712,0.792712,0.894892,3.511940,2.271792,-0.894892
nonmember,18439,9,9,1,0.143472,0.866345,0.866345,0.639274,4.096449,3.012679,-0.639274
nonmember,40811,6,6,1,0.707935,0.492660,0.492660,1.147833,3.101512,0.202395,-1.147833
nonmember,470,7,7,1,0.583846,0.557749,0.557749,1.234729,3.000798,0.642901,-1.234729
nonmember,17018,3,5,0,0.827504,0.437139,0.512590,0.936229,3.823071,-0.159226,0.936229
nonmember,33441,8,0,0,1.690254,0.184473,0.216825,2.098351,0.878414,-0.161590,2.098351
nonmember,9038,2,2,1,0.007112,0.992913,0.992913,0.055727,6.800773,6.154369,-0.055727
nonmember,32850,2,2,1,1.265869,0.281994,0.281994,2.094494,1.230052,0.575307,-2.094494
nonmember,42367,8,8,1,0.074588,0.928126,0.928126,0.382514,4.730527,3.320065,-0.382514
nonmember,42219,4,2,0,1.135758,0.321178,0.411379,1.604208,1.914923,-0.247517,1.604208
nonmember,14971,8,0,0,2.311766,0.099086,0.759688,0.989808,1.289386,-2.036919,0.989808
nonmember,45349,0,0,1,0.040954,0.959873,0.959873,0.201436,6.179142,3.388856,-0.201436
nonmember,7969,7,7,1,0.327124,0.720995,0.720995,0.867271,4.014760,1.226424,-0.867271
nonmember,39257,7,7,1,0.136940,0.872023,0.872023,0.613075,4.089342,2.887352,-0.613075
nonmember,46278,9,9,1,0.056929,0.944661,0.944661,0.314484,4.838609,3.691079,-0.314484
nonmember,46592,1,1,1,0.616320,0.539928,0.539928,1.319008,2.799658,0.626710,-1.319008
nonmember,31454,2,2,1,0.461218,0.630515,0.630515,1.407425,2.697613,1.958863,-1.407425
nonmember,22417,4,4,1,0.704767,0.494224,0.494224,1.330195,3.226513,0.555995,-1.330195
nonmember,13926,5,5,1,0.639101,0.527766,0.527766,1.188336,2.929852,0.388901,-1.188336
nonmember,37401,1,9,0,1.870486,0.154049,0.396285,1.765885,1.127087,-0.944864,1.765885
nonmember,43737,3,3,1,0.905137,0.404486,0.404486,1.843503,1.882454,1.007478,-1.843503
nonmember,30779,3,5,0,1.284652,0.276747,0.717665,0.631878,5.338291,-0.952900,0.631878
nonmember,3643,9,9,1,0.014273,0.985828,0.985828,0.099024,6.201580,5.238081,-0.099024
nonmember,9724,4,4,1,0.195795,0.822181,0.822181,0.777047,3.799311,2.395692,-0.777047
nonmember,33614,4,4,1,0.834550,0.434070,0.434070,1.483828,2.395052,0.247413,-1.483828
nonmember,27844,5,2,0,1.789513,0.167041,0.483990,1.701000,1.093581,-1.063822,1.701000
nonmember,34914,3,2,0,2.475625,0.084110,0.184010,2.158737,-0.004596,-0.782860,2.158737
nonmember,8501,9,1,0,1.558738,0.210401,0.463990,1.638405,1.550683,-0.790846,1.638405
nonmember,9392,1,1,1,0.690316,0.501418,0.501418,1.364209,2.979002,0.885219,-1.364209
nonmember,3248,3,3,1,0.441328,0.643182,0.643182,1.277733,3.142093,1.571772,-1.277733
nonmember,8913,4,4,1,0.423336,0.654858,0.654858,1.047346,3.551008,1.027441,-1.047346
nonmember,10427,3,3,1,0.282829,0.753648,0.753648,1.017824,3.340353,2.104649,-1.017824
nonmember,27038,7,7,1,0.064982,0.937084,0.937084,0.356864,4.766153,4.200547,-0.356864
nonmember,25237,8,8,1,0.002988,0.997017,0.997017,0.026491,7.347623,7.267180,-0.026491
nonmember,25927,7,7,1,0.091609,0.912462,0.912462,0.440093,4.630734,3.341852,-0.440093
nonmember,38178,7,7,1,0.155648,0.855861,0.855861,0.590287,4.642440,2.265285,-0.590287
nonmember,17180,8,8,1,0.021819,0.978417,0.978417,0.142754,5.771883,4.774789,-0.142754
nonmember,10072,5,2,0,2.594661,0.074671,0.525052,1.659105,0.354340,-1.950402,1.659105
nonmember,32148,7,7,1,0.525908,0.591018,0.591018,1.451201,2.643122,1.715101,-1.451201
nonmember,33136,5,3,0,1.802131,0.164947,0.226105,2.037669,0.854422,-0.315376,2.037669
nonmember,41096,5,5,1,0.207315,0.812764,0.812764,0.815483,3.681406,2.364750,-0.815483
nonmember,11632,3,3,1,0.707692,0.492780,0.492780,0.949134,3.816309,0.078972,-0.949134
nonmember,18044,4,3,0,2.809337,0.060245,0.785310,0.890619,1.135254,-2.567661,0.890619
nonmember,181,7,5,0,1.274455,0.279583,0.378387,1.652442,1.870059,-0.302618,1.652442
nonmember,9206,8,8,1,0.137463,0.871567,0.871567,0.631938,3.978936,3.284135,-0.631938
nonmember,13660,0,0,1,0.011573,0.988493,0.988493,0.086437,6.180462,6.029896,-0.086437
nonmember,49198,7,7,1,0.030743,0.969724,0.969724,0.190810,5.533843,4.413795,-0.190810
nonmember,23923,1,1,1,0.104959,0.900361,0.900361,0.415181,5.331333,2.482993,-0.415181
nonmember,14766,8,0,0,1.245052,0.287926,0.313021,1.845095,1.599125,-0.083566,1.845095
nonmember,1143,4,4,1,0.921777,0.397812,0.397812,1.584473,2.316449,0.316210,-1.584473
nonmember,29225,0,0,1,0.513591,0.598343,0.598343,1.525729,2.525229,2.266466,-1.525729
nonmember,19485,1,8,0,1.821136,0.161842,0.306961,1.816715,1.138776,-0.640103,1.816715
nonmember,44866,0,0,1,0.031880,0.968623,0.968623,0.173718,6.438595,4.074609,-0.173718
nonmember,37958,5,3,0,1.045635,0.351469,0.427513,1.456345,2.271953,-0.195863,1.456345
nonmember,20021,6,6,1,0.664519,0.514521,0.514521,1.161605,3.186877,0.326922,-1.161605
nonmember,38219,2,2,1,0.389582,0.677340,0.677340,1.141140,3.301608,1.694354,-1.141140
nonmember,40063,9,9,1,0.405535,0.666620,0.666620,1.243594,2.871415,1.763640,-1.243594
nonmember,46917,8,8,1,0.135713,0.873093,0.873093,0.624685,3.916212,2.997664,-0.624685
nonmember,24697,8,8,1,0.734331,0.479826,0.479826,1.276656,2.818070,0.257663,-1.276656
nonmember,13645,7,7,1,0.135403,0.873363,0.873363,0.635805,3.971648,3.521193,-0.635805
nonmember,37893,7,7,1,0.022664,0.977591,0.977591,0.140301,6.112498,4.376184,-0.140301
nonmember,30388,8,8,1,0.049431,0.951770,0.951770,0.264419,5.368468,3.653004,-0.264419
nonmember,1008,2,5,0,2.231580,0.107359,0.482237,1.445437,1.153402,-1.502261,1.445437
nonmember,33452,1,1,1,0.808811,0.445387,0.445387,1.472963,2.707641,0.450858,-1.472963
nonmember,37175,3,3,1,0.287528,0.750116,0.750116,0.971618,3.801230,2.193698,-0.971618
nonmember,24362,8,8,1,0.367575,0.692411,0.692411,1.068877,3.496615,1.422797,-1.068877
nonmember,16064,6,6,1,0.726044,0.483819,0.483819,1.450479,2.794960,0.889699,-1.450479
nonmember,8147,0,0,1,0.161564,0.850812,0.850812,0.553179,4.783039,1.971070,-0.553179
nonmember,48371,9,0,0,1.697075,0.183219,0.458574,1.522859,1.910907,-0.917440,1.522859
nonmember,18821,4,4,1,0.094440,0.909883,0.909883,0.457961,4.575685,3.188268,-0.457961
nonmember,40309,4,4,1,0.833921,0.434343,0.434343,1.425511,2.487481,0.148149,-1.425511
nonmember,25098,4,3,0,1.263689,0.282610,0.307098,1.724214,1.849752,-0.083099,1.724214
nonmember,10308,7,7,1,0.449635,0.637861,0.637861,1.359466,2.748406,1.844411,-1.359466
nonmember,41325,2,0,0,1.910868,0.147952,0.286156,1.940839,0.856044,-0.659649,1.940839
nonmember,23587,5,3,0,1.232120,0.291674,0.453089,1.491581,2.107730,-0.440453,1.491581
nonmember,13443,3,5,0,1.401207,0.246300,0.628068,1.080704,2.651054,-0.936100,1.080704
nonmember,46795,2,2,1,0.682431,0.505387,0.505387,1.625780,2.342455,1.052260,-1.625780
nonmember,35823,2,4,0,2.452160,0.086107,0.356471,1.736487,0.736549,-1.420657,1.736487
nonmember,45302,9,9,1,0.475586,0.621521,0.621521,1.368524,2.793448,1.490466,-1.368524
nonmember,20667,1,1,1,0.123343,0.883960,0.883960,0.593908,3.945115,3.425405,-0.593908
nonmember,35110,7,7,1,0.009884,0.990165,0.990165,0.073027,6.733911,5.900939,-0.073027
nonmember,33504,5,3,0,1.777755,0.169017,0.434461,1.452884,1.730380,-0.944107,1.452884
nonmember,37964,3,3,1,0.757950,0.468626,0.468626,1.443220,2.647565,0.427960,-1.443220
nonmember,12736,6,6,1,0.774199,0.461073,0.461073,1.662118,2.343498,1.111763,-1.662118
nonmember,10608,2,2,1,0.258574,0.772152,0.772152,0.768996,4.450962,1.547591,-0.768996
nonmember,21453,4,4,1,1.054227,0.348462,0.348462,1.870355,1.704352,0.333432,-1.870355
nonmember,4285,7,7,1,0.046717,0.954358,0.954358,0.246996,5.698309,3.631140,-0.246996
nonmember,37495,0,0,1,0.565587,0.568026,0.568026,1.129615,3.169551,0.547747,-1.129615
nonmember,41499,5,7,0,1.707064,0.181398,0.315406,1.955775,1.039254,-0.553169,1.955775
nonmember,37440,1,1,1,0.487874,0.613930,0.613930,1.268729,2.912887,1.086558,-1.268729
nonmember,33207,1,1,1,0.808226,0.445648,0.445648,1.819580,1.997817,1.242189,-1.819580
nonmember,1623,4,4,1,1.061086,0.346080,0.346080,1.790440,1.836359,0.164164,-1.790440
nonmember,38430,9,9,1,0.553023,0.575208,0.575208,1.084358,3.317553,0.568704,-1.084358
nonmember,43778,4,4,1,0.399490,0.670662,0.670662,1.192243,3.162716,1.693345,-1.192243
nonmember,8134,5,5,1,0.103662,0.901530,0.901530,0.344111,6.527985,2.252829,-0.344111
nonmember,29537,8,8,1,0.885101,0.412673,0.412673,1.390880,2.647936,0.062496,-1.390880
nonmember,9737,3,5,0,2.043671,0.129552,0.538616,1.558105,1.034274,-1.424919,1.558105
nonmember,17210,8,8,1,0.202025,0.817075,0.817075,0.836720,3.534685,2.897873,-0.836720
nonmember,7609,7,7,1,0.045216,0.955791,0.955791,0.268617,4.965721,4.260687,-0.268617
nonmember,20623,6,6,1,0.104687,0.900606,0.900606,0.372314,5.994254,2.307398,-0.372314
nonmember,31347,5,3,0,2.079245,0.125025,0.515546,1.506353,1.210803,-1.416717,1.506353
nonmember,16467,7,7,1,0.317961,0.727631,0.727631,0.991092,3.740389,1.621221,-0.991092
nonmember,25417,6,6,1,0.315675,0.729296,0.729296,1.071229,3.213684,1.902954,-1.071229
nonmember,26559,3,3,1,0.446268,0.640013,0.640013,1.251625,2.931843,1.258429,-1.251625
nonmember,2877,5,5,1,0.549145,0.577444,0.577444,1.265563,2.887517,0.772978,-1.265563
nonmember,24433,5,5,1,0.381430,0.682884,0.682884,0.771762,5.482139,0.910159,-0.771762
nonmember,43714,4,4,1,0.072817,0.929771,0.929771,0.366663,5.029862,3.677228,-0.366663
nonmember,44228,7,7,1,0.068948,0.933375,0.933375,0.352043,4.854881,3.280381,-0.352043
nonmember,34575,4,2,0,2.335135,0.096797,0.393532,1.955378,0.257908,-1.402543,1.955378
nonmember,40894,6,6,1,0.199172,0.819409,0.819409,0.815031,3.705324,2.743103,-0.815031
nonmember,6110,4,4,1,0.116939,0.889640,0.889640,0.555167,4.075900,3.036186,-0.555167
nonmember,30071,8,8,1,0.003598,0.996408,0.996408,0.030834,7.216933,6.710502,-0.030834
nonmember,4919,0,0,1,1.038168,0.354103,0.354103,1.945880,1.593459,0.704175,-1.945880
nonmember,23602,0,0,1,0.137668,0.871388,0.871388,0.625751,3.987695,2.934602,-0.625751
nonmember,38566,0,0,1,0.085406,0.918139,0.918139,0.402316,4.791616,2.983116,-0.402316
nonmember,38519,0,0,1,0.443477,0.641801,0.641801,1.363302,2.744380,1.864901,-1.363302
nonmember,43735,3,3,1,1.173655,0.309235,0.309235,2.001436,1.497111,0.568426,-2.001436
nonmember,41048,8,8,1,0.589522,0.554592,0.554592,1.270286,2.948510,0.652448,-1.270286
nonmember,10178,9,1,0,2.260278,0.104321,0.454166,1.821030,0.455630,-1.470985,1.821030
nonmember,47491,2,2,1,0.695419,0.498866,0.498866,1.390559,2.733068,0.609638,-1.390559
nonmember,35019,9,9,1,0.688716,0.502221,0.502221,1.427501,2.702769,0.651152,-1.427501
nonmember,3704,9,9,1,0.007295,0.992732,0.992732,0.049750,7.505485,5.160044,-0.049750
nonmember,26848,9,9,1,0.322770,0.724140,0.724140,1.124657,3.168140,2.368654,-1.124657
nonmember,49626,3,6,0,2.285946,0.101678,0.659437,1.289400,1.067287,-1.869577,1.289400
nonmember,22254,0,2,0,2.487839,0.083089,0.617648,1.166144,1.402600,-2.006003,1.166144
nonmember,12838,7,7,1,0.006020,0.993999,0.993999,0.047252,7.074605,6.157058,-0.047252
nonmember,39269,2,2,1,0.375233,0.687129,0.687129,0.897799,4.141441,1.036007,-0.897799
nonmember,31341,7,5,0,1.715262,0.179917,0.336259,1.818267,1.144664,-0.625389,1.818267
nonmember,33036,7,4,0,1.377008,0.252332,0.545559,1.343231,2.135641,-0.771064,1.343231
nonmember,31227,4,4,1,0.138615,0.870564,0.870564,0.614045,4.129267,2.845078,-0.614045
nonmember,2259,1,1,1,0.217853,0.804244,0.804244,0.862395,3.475734,2.342055,-0.862395
nonmember,1335,0,0,1,0.562665,0.569689,0.569689,1.176617,3.095738,0.607914,-1.176617
nonmember,44090,2,2,1,0.125606,0.881963,0.881963,0.584453,4.213034,3.213144,-0.584453
nonmember,12573,5,3,0,1.139185,0.320080,0.374409,1.672431,1.871150,-0.156779,1.672431
nonmember,9232,1,9,0,2.696380,0.067449,0.502663,1.113119,1.445194,-2.008545,1.113119
nonmember,13420,0,0,1,0.047774,0.953349,0.953349,0.231257,5.930510,3.259287,-0.231257
nonmember,26637,1,1,1,1.036754,0.354604,0.354604,1.924114,1.652610,0.521253,-1.924114
nonmember,47827,8,8,1,0.297347,0.742786,0.742786,1.097653,3.065094,2.672913,-1.097653
nonmember,27522,0,0,1,0.291450,0.747179,0.747179,0.981426,3.429835,1.775654,-0.981426
nonmember,2453,0,0,1,0.013579,0.986512,0.986512,0.090715,6.583242,4.880989,-0.090715
nonmember,13999,1,1,1,0.078193,0.924786,0.924786,0.406224,4.561138,3.705711,-0.406224
nonmember,22598,9,9,1,0.016756,0.983384,0.983384,0.118436,5.719714,5.351923,-0.118436
nonmember,42516,4,4,1,0.373697,0.688185,0.688185,1.128427,3.267265,1.619798,-1.128427
nonmember,34071,2,2,1,0.026456,0.973891,0.973891,0.166774,5.843058,4.598938,-0.166774
nonmember,47039,7,7,1,0.962191,0.382055,0.382055,1.583319,2.682884,0.417618,-1.583319
nonmember,37894,5,5,1,0.478487,0.619721,0.619721,1.202247,3.058682,0.975077,-1.202247
nonmember,18326,7,7,1,0.349167,0.705275,0.705275,0.973422,3.623027,1.294750,-0.973422
nonmember,35565,6,6,1,0.106105,0.899330,0.899330,0.511560,4.433642,3.289557,-0.511560
nonmember,18596,6,6,1,0.311564,0.732301,0.732301,1.080821,3.357064,2.098033,-1.080821
nonmember,44018,6,6,1,0.392112,0.675628,0.675628,1.268210,2.884555,1.941611,-1.268210
nonmember,28852,5,5,1,0.033083,0.967458,0.967458,0.203190,5.360053,4.350884,-0.203190
nonmember,5038,4,4,1,0.222141,0.800803,0.800803,0.876139,3.444189,2.424705,-0.876139
nonmember,28822,1,1,1,0.352462,0.702956,0.702956,1.176650,2.977605,2.070725,-1.176650
nonmember,23787,6,3,0,1.322049,0.266589,0.315115,1.727591,1.854236,-0.167230,1.727591
nonmember,46905,6,6,1,0.193315,0.824222,0.824222,0.836085,3.477426,3.148765,-0.836085
nonmember,29223,6,6,1,0.014251,0.985850,0.985850,0.095457,6.803725,5.062036,-0.095457
nonmember,33531,2,2,1,0.991397,0.371058,0.371058,1.756259,1.884299,0.247814,-1.756259
nonmember,19409,0,0,1,0.232558,0.792504,0.792504,0.873645,3.735311,2.537111,-0.873645
nonmember,36193,2,2,1,0.039866,0.960918,0.960918,0.235087,5.412459,4.494277,-0.235087
nonmember,44585,3,3,1,0.235467,0.790202,0.790202,0.818367,3.952788,1.900220,-0.818367
nonmember,29686,7,7,1,0.257777,0.772768,0.772768,0.777300,4.107600,1.536467,-0.777300
nonmember,4400,4,4,1,0.066094,0.936042,0.936042,0.361469,4.688271,3.834647,-0.361469
nonmember,29560,6,6,1,0.650479,0.521796,0.521796,1.178556,3.135422,0.372515,-1.178556
nonmember,42632,9,9,1,0.088640,0.915175,0.915175,0.437104,4.588085,3.249451,-0.437104
nonmember,15998,7,5,0,2.879346,0.056171,0.543767,1.488312,0.297661,-2.270111,1.488312
nonmember,25919,5,5,1,0.416640,0.659259,0.659259,1.098084,3.357141,1.129667,-1.098084
nonmember,38096,2,2,1,1.427912,0.239809,0.239809,2.005720,1.332173,0.135234,-2.005720
nonmember,8672,8,8,1,0.335651,0.714873,0.714873,1.026697,3.378041,1.550871,-1.026697
nonmember,36699,2,4,0,3.171362,0.041946,0.316021,1.793344,-0.278500,-2.019415,1.793344
nonmember,46166,9,9,1,0.040218,0.960580,0.960580,0.229369,5.409018,4.078787,-0.229369
nonmember,40051,5,8,0,3.658102,0.025781,0.512493,1.481772,-0.473127,-2.989634,1.481772
nonmember,28631,3,3,1,0.698128,0.497516,0.497516,1.021186,3.597463,0.140006,-1.021186
nonmember,3833,6,6,1,0.724439,0.484597,0.484597,1.804087,1.991660,1.607860,-1.804087
nonmember,22019,7,7,1,0.802911,0.448023,0.448023,1.553836,2.327571,0.412067,-1.553836
nonmember,49427,9,0,0,5.535732,0.003943,0.448727,1.431675,-1.910099,-4.734392,1.431675
nonmember,10059,4,4,1,0.164780,0.848080,0.848080,0.532899,4.938952,1.883018,-0.532899
nonmember,36529,9,9,1,0.794816,0.451664,0.451664,1.813063,1.866890,1.139663,-1.813063
nonmember,18832,1,1,1,0.152773,0.858325,0.858325,0.684272,3.768995,3.098627,-0.684272
nonmember,47779,1,1,1,0.033393,0.967159,0.967159,0.174755,6.148449,3.630276,-0.174755
nonmember,38746,2,5,0,1.714308,0.180088,0.356803,1.829669,1.123346,-0.683738,1.829669
nonmember,35243,2,2,1,0.605380,0.545867,0.545867,1.473352,2.707795,1.237085,-1.473352
nonmember,35417,0,0,1,1.011883,0.363534,0.363534,1.813328,1.859873,0.352968,-1.813328
nonmember,27945,5,3,0,0.843379,0.430254,0.552891,0.787231,4.592257,-0.250784,0.787231
nonmember,30291,4,4,1,1.035619,0.355006,0.355006,1.884176,1.786403,0.536341,-1.884176
nonmember,1284,4,2,0,2.234643,0.107030,0.444225,1.732494,0.746614,-1.423218,1.732494
nonmember,15532,4,4,1,0.592670,0.552849,0.552849,1.420202,2.668151,0.913072,-1.420202
nonmember,46283,7,7,1,0.550247,0.576807,0.576807,1.198886,3.178900,0.707217,-1.198886
nonmember,26891,2,0,0,1.000745,0.367606,0.425229,1.438131,2.306558,-0.145618,1.438131
nonmember,36066,3,3,1,0.299356,0.741295,0.741295,0.741639,4.338142,1.201483,-0.741639
nonmember,11947,5,5,1,0.494333,0.609977,0.609977,1.080236,3.636512,0.788928,-1.080236
nonmember,18650,2,2,1,0.545670,0.579454,0.579454,1.290665,3.212389,1.010571,-1.290665
nonmember,45147,7,7,1,0.056878,0.944709,0.944709,0.305219,5.050750,3.607050,-0.305219
nonmember,1023,6,6,1,0.030298,0.970157,0.970157,0.180622,5.841064,4.282362,-0.180622
nonmember,17541,3,3,1,0.367658,0.692354,0.692354,1.180762,3.133790,2.013862,-1.180762
nonmember,34366,9,9,1,0.198424,0.820022,0.820022,0.820331,3.513807,2.620239,-0.820331
nonmember,32622,8,8,1,0.838788,0.432234,0.432234,1.337103,2.772759,0.122863,-1.337103
nonmember,34336,1,1,1,0.349646,0.704937,0.704937,1.145352,3.113554,2.036732,-1.145352
nonmember,7275,2,2,1,0.316088,0.728996,0.728996,0.989342,3.565691,1.601578,-0.989342
nonmember,23982,1,1,1,0.256297,0.773912,0.773912,0.826787,3.950308,1.686974,-0.826787
nonmember,44485,5,5,1,1.160155,0.313437,0.313437,2.023928,1.386141,0.481375,-2.023928
nonmember,20807,5,5,1,1.396240,0.247526,0.247526,2.012282,1.263260,0.062450,-2.012282
nonmember,38767,7,7,1,0.468500,0.625941,0.625941,1.188837,3.083418,1.010650,-1.188837
nonmember,46141,3,5,0,1.507654,0.221429,0.274065,1.988139,1.189740,-0.213265,1.988139
nonmember,26625,9,0,0,3.457688,0.031503,0.269400,1.980638,-0.779993,-2.146128,1.980638
nonmember,42067,6,6,1,0.133576,0.874961,0.874961,0.578541,4.360632,2.735578,-0.578541
nonmember,6197,7,3,0,2.506579,0.081547,0.283431,2.008996,0.119867,-1.245791,2.008996
nonmember,48227,8,8,1,0.015310,0.984807,0.984807,0.110294,5.890847,5.641484,-0.110294
nonmember,26507,0,0,1,0.046983,0.954104,0.954104,0.279501,4.922149,4.460642,-0.279501
nonmember,15083,3,3,1,0.510867,0.599975,0.599975,1.510770,2.497711,2.033394,-1.510770
nonmember,10890,4,4,1,1.068993,0.343354,0.343354,1.830924,1.852204,0.332227,-1.830924
nonmember,43640,4,4,1,0.931665,0.393898,0.393898,1.853147,1.842323,0.935256,-1.853147
nonmember,4160,5,8,0,1.998504,0.135538,0.177107,2.172592,0.475496,-0.267506,2.172592
nonmember,19469,9,1,0,1.535372,0.215376,0.516916,1.544317,1.446804,-0.875497,1.544317
nonmember,32270,4,4,1,0.904830,0.404611,0.404611,1.469327,2.391675,0.137177,-1.469327
nonmember,37558,0,8,0,1.407315,0.244800,0.677262,0.957305,2.715801,-1.017618,0.957305
nonmember,40988,8,8,1,0.177642,0.837242,0.837242,0.676009,4.110755,2.169981,-0.676009
nonmember,18142,4,4,1,0.144145,0.865762,0.865762,0.563245,4.482128,2.268172,-0.563245
nonmember,45202,1,1,1,0.184931,0.831162,0.831162,0.651488,4.220537,1.932382,-0.651488
nonmember,2633,0,0,1,0.103597,0.901588,0.901588,0.519877,4.175335,3.662920,-0.519877
nonmember,26124,0,1,0,2.742346,0.064419,0.533945,1.556183,0.290852,-2.114884,1.556183
nonmember,32213,8,8,1,0.018602,0.981570,0.981570,0.123279,5.942971,4.710230,-0.123279
nonmember,34405,8,8,1,0.015384,0.984734,0.984734,0.104450,6.156611,4.848073,-0.104450
nonmember,9137,2,2,1,0.104524,0.900753,0.900753,0.500778,4.449692,3.264270,-0.500778
nonmember,31372,8,8,1,0.153998,0.857274,0.857274,0.662320,3.953780,2.641985,-0.662320
nonmember,11900,8,8,1,0.528340,0.589583,0.589583,1.112743,3.345898,0.685241,-1.112743
nonmember,4178,7,7,1,0.597441,0.550218,0.550218,1.142971,3.449950,0.520562,-1.142971
nonmember,44058,9,9,1,0.903360,0.405206,0.405206,1.556838,2.259081,0.474127,-1.556838
nonmember,20924,0,8,0,1.304175,0.271396,0.659661,0.941259,2.872331,-0.888146,0.941259
nonmember,32986,3,4,0,3.391844,0.033647,0.626547,1.363467,-0.149348,-2.924312,1.363467
nonmember,550,3,3,1,0.303077,0.738542,0.738542,0.611640,5.918240,1.060016,-0.611640
nonmember,42999,3,3,1,0.903159,0.405287,0.405287,1.697740,2.099303,0.401169,-1.697740
nonmember,41261,9,1,0,1.417812,0.242243,0.445555,1.676157,1.452534,-0.609378,1.676157
nonmember,45854,3,4,0,2.758845,0.063365,0.266803,2.126777,-0.234738,-1.437599,2.126777
nonmember,39403,5,2,0,2.049587,0.128788,0.289956,2.004876,0.611007,-0.811560,2.004876
nonmember,47793,8,8,1,0.041743,0.959117,0.959117,0.205657,6.090512,3.378669,-0.205657
nonmember,11463,5,5,1,0.095038,0.909338,0.909338,0.385509,5.985621,2.949810,-0.385509
nonmember,37092,1,1,1,0.149510,0.861130,0.861130,0.493168,5.141183,1.973582,-0.493168
nonmember,20295,0,0,1,0.674940,0.509187,0.509187,1.465494,2.783356,1.046401,-1.465494
nonmember,34463,2,2,1,0.544122,0.580351,0.580351,1.310520,2.857443,0.939249,-1.310520
nonmember,28811,3,5,0,1.417591,0.242297,0.498180,1.374476,2.191777,-0.720798,1.374476
nonmember,29383,6,6,1,0.900094,0.406531,0.406531,1.510828,2.348265,0.106342,-1.510828
nonmember,13424,2,2,1,0.437785,0.645465,0.645465,1.342833,2.819260,2.035864,-1.342833
nonmember,4949,1,1,1,0.103732,0.901467,0.901467,0.452948,4.937820,2.755450,-0.452948
nonmember,18730,4,4,1,0.423893,0.654494,0.654494,1.195477,3.042165,1.479756,-1.195477
nonmember,3316,9,9,1,0.678321,0.507468,0.507468,1.588450,2.467137,1.171287,-1.588450
nonmember,31664,9,9,1,0.275293,0.759350,0.759350,1.028841,3.181369,2.403090,-1.028841
nonmember,37317,5,5,1,0.199444,0.819186,0.819186,0.631870,4.502133,1.733157,-0.631870
nonmember,21579,8,8,1,0.165742,0.847265,0.847265,0.653356,4.143111,2.349816,-0.653356
nonmember,25922,3,3,1,0.837451,0.432812,0.432812,1.719318,2.129030,0.721429,-1.719318
nonmember,41241,1,1,1,0.027964,0.972423,0.972423,0.179692,5.410720,4.891909,-0.179692
nonmember,13462,1,1,1,0.040073,0.960719,0.960719,0.228552,5.521034,3.982258,-0.228552
nonmember,48501,2,0,0,1.292107,0.274691,0.601093,1.056011,3.216012,-0.783101,1.056011
nonmember,43223,7,2,0,2.309309,0.099330,0.303720,2.052109,0.230363,-1.117659,2.052109
nonmember,47155,4,4,1,0.338976,0.712499,0.712499,0.874537,3.975586,1.180295,-0.874537
nonmember,29352,9,9,1,0.310620,0.732992,0.732992,1.099431,3.155465,2.420919,-1.099431
nonmember,6237,9,9,1,0.041509,0.959341,0.959341,0.240360,5.198946,3.899931,-0.240360
nonmember,31908,3,2,0,2.366869,0.093774,0.293472,2.101490,0.128845,-1.140897,2.101490
nonmember,13464,4,4,1,1.171716,0.309835,0.309835,2.008072,1.389740,0.676102,-2.008072
nonmember,3524,3,3,1,0.466780,0.627018,0.627018,1.359962,2.819638,1.812871,-1.359962
nonmember,40671,8,8,1,0.048879,0.952296,0.952296,0.284295,4.934411,4.237899,-0.284295
nonmember,11153,5,5,1,1.247381,0.287256,0.287256,2.072721,1.248167,0.698667,-2.072721
nonmember,48286,8,8,1,0.045952,0.955088,0.955088,0.259059,5.203532,3.943235,-0.259059
nonmember,44601,1,1,1,0.038098,0.962619,0.962619,0.199209,5.959578,3.567444,-0.199209
nonmember,24588,8,8,1,0.061265,0.940574,0.940574,0.334522,4.840651,3.767058,-0.334522
nonmember,42052,7,5,0,1.434188,0.238309,0.445431,1.338249,2.356690,-0.625474,1.338249
nonmember,30094,4,4,1,0.824848,0.438302,0.438302,1.779969,2.028908,1.001152,-1.779969
nonmember,29957,7,7,1,0.138773,0.870425,0.870425,0.652197,3.929061,3.468235,-0.652197
nonmember,41218,8,8,1,0.041600,0.959253,0.959253,0.229786,5.408860,3.683859,-0.229786
nonmember,10343,0,0,1,0.171815,0.842135,0.842135,0.758431,3.682755,3.286409,-0.758431
nonmember,41793,5,5,1,1.168230,0.310917,0.310917,2.051025,1.347668,0.760161,-2.051025
nonmember,41582,4,6,0,2.476326,0.084051,0.356466,1.841322,0.462255,-1.444809,1.841322
nonmember,10842,2,2,1,0.966979,0.380230,0.380230,1.773408,2.005754,0.521396,-1.773408
nonmember,43606,3,3,1,0.760082,0.467628,0.467628,1.574450,2.385821,0.694398,-1.574450
nonmember,3719,9,9,1,0.055320,0.946182,0.946182,0.307860,5.041259,4.018214,-0.307860
nonmember,6355,5,5,1,0.805032,0.447074,0.447074,1.218599,2.868602,0.040874,-1.218599
nonmember,6521,6,6,1,0.097054,0.907507,0.907507,0.441283,4.924129,3.107039,-0.441283
nonmember,9288,5,5,1,0.773153,0.461555,0.461555,1.582150,2.455478,0.757786,-1.582150
nonmember,45561,7,7,1,0.006744,0.993279,0.993279,0.042404,8.852771,5.053179,-0.042404
nonmember,33315,0,6,0,1.666564,0.188895,0.266136,2.036442,0.992155,-0.342817,2.036442
nonmember,18398,4,4,1,0.591171,0.553679,0.553679,1.452876,2.601162,1.004034,-1.452876
nonmember,2284,8,0,0,1.507953,0.221363,0.387839,1.797273,1.424447,-0.560789,1.797273
nonmember,49851,8,8,1,0.488039,0.613829,0.613829,1.077795,3.326537,0.759678,-1.077795
nonmember,34996,2,2,1,0.492627,0.611019,0.611019,1.288859,3.070428,1.215678,-1.288859
nonmember,40965,2,7,0,1.339513,0.261973,0.382328,1.735880,1.674107,-0.378036,1.735880
nonmember,3503,8,8,1,0.299106,0.741481,0.741481,1.049864,3.290730,2.078980,-1.049864
nonmember,12712,9,9,1,0.471122,0.624301,0.624301,1.400891,2.680024,1.794689,-1.400891
nonmember,49874,6,6,1,1.031706,0.356398,0.356398,1.776689,1.902049,0.247809,-1.776689
nonmember,28796,4,2,0,3.041725,0.047752,0.608648,1.287390,0.713017,-2.545210,1.287390
nonmember,35541,3,6,0,1.841196,0.158628,0.574532,1.437006,1.466506,-1.286996,1.437006
nonmember,31609,4,4,1,0.821274,0.439871,0.439871,1.719090,2.194862,0.872911,-1.719090
nonmember,24139,8,8,1,0.008392,0.991643,0.991643,0.064426,6.549798,5.801363,-0.064426
nonmember,41456,0,0,1,0.155557,0.855939,0.855939,0.644449,4.114671,2.446810,-0.644449
nonmember,27572,4,3,0,2.382284,0.092339,0.403509,1.665247,0.629220,-1.474727,1.665247
nonmember,26180,1,1,1,0.096806,0.907732,0.907732,0.481306,4.265866,3.324713,-0.481306
nonmember,10252,9,1,0,2.449894,0.086303,0.817451,0.783632,1.518496,-2.248330,0.783632
nonmember,44408,3,6,0,1.370355,0.254017,0.358889,1.754687,1.596352,-0.345612,1.754687
nonmember,19886,1,8,0,1.423741,0.240811,0.507423,1.454034,2.001328,-0.745330,1.454034
nonmember,34705,0,0,1,0.687239,0.502963,0.502963,1.569193,2.476089,0.838935,-1.569193
nonmember,32331,8,8,1,0.168869,0.844620,0.844620,0.574124,4.576044,1.926342,-0.574124
nonmember,3287,3,5,0,1.901715,0.149312,0.421370,1.494749,1.561568,-1.037470,1.494749
nonmember,8661,0,0,1,0.482469,0.617257,0.617257,0.962597,3.749588,0.660818,-0.962597
nonmember,5394,9,1,0,1.515834,0.219625,0.633490,1.091007,2.462950,-1.059323,1.091007
nonmember,31013,3,5,0,1.509788,0.220957,0.339257,1.856769,1.385460,-0.428792,1.856769
nonmember,10829,9,9,1,0.064433,0.937599,0.937599,0.319548,5.412194,3.427187,-0.319548
nonmember,4159,8,8,1,0.164928,0.847955,0.847955,0.731728,3.680008,2.927300,-0.731728
nonmember,1240,1,1,1,0.156510,0.855123,0.855123,0.494714,5.307401,1.901626,-0.494714
nonmember,38049,2,2,1,0.024483,0.975814,0.975814,0.145022,6.410554,4.297384,-0.145022
nonmember,267,7,7,1,0.851526,0.426763,0.426763,1.692833,2.136668,0.851548,-1.692833
nonmember,46233,1,9,0,1.727113,0.177797,0.792084,0.643060,3.484230,-1.494026,0.643060
nonmember,23454,8,8,1,0.008593,0.991444,0.991444,0.066703,6.436689,6.240520,-0.066703
nonmember,30681,4,4,1,0.478040,0.619998,0.619998,1.004133,3.565540,0.718159,-1.004133
nonmember,48635,0,0,1,0.292214,0.746609,0.746609,1.059038,3.195758,2.253468,-1.059038
nonmember,8091,6,6,1,0.992506,0.370647,0.370647,1.733840,1.968364,0.413396,-1.733840
nonmember,36130,2,2,1,0.130743,0.877443,0.877443,0.504154,4.940866,2.301966,-0.504154
nonmember,12009,0,0,1,0.459439,0.631638,0.631638,1.325542,2.796115,1.406439,-1.325542
nonmember,39991,2,6,0,1.704629,0.181840,0.385100,1.668257,1.447718,-0.750376,1.668257
nonmember,36670,8,8,1,0.185681,0.830539,0.830539,0.615090,4.588545,1.846347,-0.615090
nonmember,7611,7,7,1,0.238933,0.787468,0.787468,0.852382,3.877177,2.225675,-0.852382
nonmember,15215,9,1,0,1.415423,0.242823,0.409403,1.703103,1.585511,-0.522368,1.703103
nonmember,19490,1,1,1,0.100126,0.904724,0.904724,0.447828,4.591640,2.724583,-0.447828
nonmember,6543,0,8,0,1.083131,0.338534,0.464287,1.444993,2.099931,-0.315879,1.444993
nonmember,18397,8,8,1,0.683763,0.504714,0.504714,1.470508,2.638816,0.747177,-1.470508
nonmember,33259,5,2,0,1.986870,0.137124,0.549845,1.243060,2.358931,-1.388751,1.243060
nonmember,6860,0,9,0,1.483434,0.226857,0.279493,2.014835,1.078275,-0.208657,2.014835
nonmember,39945,4,4,1,0.544119,0.580353,0.580353,1.478773,2.560055,1.328222,-1.478773
nonmember,43870,4,4,1,0.568355,0.566457,0.566457,1.351233,3.095665,1.263582,-1.351233
nonmember,21245,1,1,1,0.047404,0.953702,0.953702,0.245995,5.545403,3.460118,-0.245995
nonmember,18911,7,7,1,0.818385,0.441144,0.441144,1.637704,2.324443,0.780820,-1.637704
nonmember,21480,4,5,0,1.808344,0.163925,0.286979,1.915001,0.956094,-0.559999,1.915001
nonmember,27501,4,4,1,0.905311,0.404416,0.404416,1.681854,2.099925,0.431827,-1.681854
nonmember,10250,4,4,1,0.598512,0.549629,0.549629,1.504729,2.579091,1.216744,-1.504729
nonmember,37318,8,8,1,0.034708,0.965888,0.965888,0.205375,5.500208,4.183324,-0.205375
nonmember,31294,2,2,1,0.054971,0.946513,0.946513,0.316780,4.855298,4.319878,-0.316780
nonmember,48037,3,3,1,0.934888,0.392630,0.392630,1.551583,2.612745,0.495027,-1.551583
nonmember,25273,3,5,0,0.967280,0.380116,0.423986,1.428840,2.304534,-0.109224,1.428840
nonmember,38943,0,0,1,0.060873,0.940943,0.940943,0.319211,4.960249,3.464444,-0.319211
nonmember,14065,6,5,0,2.482474,0.083536,0.254216,1.901401,0.396068,-1.112903,1.901401
nonmember,18551,1,6,0,4.318780,0.013316,0.787662,0.869263,-0.295935,-4.080095,0.869263
nonmember,29205,1,1,1,0.082907,0.920436,0.920436,0.432320,4.465225,3.683199,-0.432320
nonmember,40793,4,7,0,2.225447,0.108019,0.745687,0.860848,2.351892,-1.931998,0.860848
nonmember,24095,8,8,1,0.259021,0.771807,0.771807,0.999328,3.184868,2.398904,-0.999328
nonmember,9398,3,3,1,0.857902,0.424051,0.424051,1.496185,2.538314,0.340282,-1.496185
nonmember,45519,5,2,0,1.011781,0.363571,0.386590,1.348507,2.921016,-0.061391,1.348507
nonmember,39783,5,6,0,1.392920,0.248349,0.287177,1.720631,2.083806,-0.145263,1.720631
nonmember,36306,7,7,1,0.038488,0.962243,0.962243,0.229576,5.389526,4.597872,-0.229576
nonmember,20248,9,7,0,1.065414,0.344585,0.587476,0.977158,3.257097,-0.533495,0.977158
nonmember,39966,0,0,1,0.035110,0.965499,0.965499,0.215187,5.323979,4.561676,-0.215187
nonmember,46349,3,5,0,1.283200,0.277149,0.279828,1.828594,1.571853,-0.009618,1.828594
nonmember,42238,7,4,0,2.301765,0.100082,0.748809,0.973083,1.558336,-2.012495,0.973083
nonmember,20879,7,7,1,0.589984,0.554336,0.554336,1.548121,2.521092,1.307830,-1.548121
nonmember,9562,4,4,1,1.485356,0.226422,0.226422,2.053695,1.124071,0.055390,-2.053695
nonmember,41720,5,5,1,0.048732,0.952437,0.952437,0.252851,5.834766,3.835813,-0.252851
nonmember,7080,9,9,1,0.384585,0.680733,0.680733,0.957156,3.635549,1.047348,-0.957156
nonmember,15871,0,0,1,0.029685,0.970751,0.970751,0.185827,5.452823,4.406753,-0.185827
nonmember,12335,1,1,1,0.007669,0.992360,0.992360,0.055125,7.088909,5.372254,-0.055125
nonmember,32616,6,6,1,0.111612,0.894391,0.894391,0.528107,4.343853,3.382257,-0.528107
nonmember,36109,9,9,1,0.045322,0.955690,0.955690,0.248013,5.618237,3.853046,-0.248013
nonmember,26610,9,9,1,0.141463,0.868087,0.868087,0.622631,3.966902,2.913068,-0.622631
nonmember,25044,1,1,1,0.491995,0.611406,0.611406,1.390801,2.746108,1.693550,-1.390801
nonmember,11667,8,8,1,0.131142,0.877093,0.877093,0.596699,4.085681,2.980885,-0.596699
nonmember,29518,0,8,0,2.741900,0.064448,0.769419,0.987794,0.832569,-2.479780,0.987794
nonmember,4029,8,8,1,0.442592,0.642369,0.642369,1.361882,2.777546,2.051172,-1.361882
nonmember,16269,5,5,1,0.186388,0.829952,0.829952,0.647900,4.295045,1.920302,-0.647900
nonmember,26759,9,9,1,0.188628,0.828095,0.828095,0.800411,3.542965,2.696774,-0.800411
nonmember,17723,6,6,1,0.121713,0.885402,0.885402,0.585075,4.105677,3.267342,-0.585075
nonmember,48742,3,3,1,0.541813,0.581692,0.581692,1.277096,3.111582,0.873096,-1.277096
nonmember,10999,3,7,0,2.494863,0.082508,0.523573,1.374846,1.180697,-1.847784,1.374846
nonmember,36774,1,1,1,0.170740,0.843041,0.843041,0.761422,3.626563,3.104474,-0.761422
nonmember,42055,9,9,1,0.102988,0.902138,0.902138,0.521158,4.094430,3.854217,-0.521158
nonmember,39221,4,4,1,0.224345,0.799039,0.799039,0.855494,3.723025,2.411721,-0.855494
nonmember,49413,7,7,1,0.240906,0.785916,0.785916,0.901925,3.563894,2.545210,-0.901925
nonmember,17295,6,6,1,0.991712,0.370941,0.370941,1.709924,2.044335,0.330235,-1.709924
nonmember,33670,0,0,1,1.102948,0.331891,0.331891,1.876603,1.701421,0.513968,-1.876603
nonmember,31737,1,1,1,0.158186,0.853691,0.853691,0.694639,3.878485,2.907880,-0.694639
nonmember,16424,6,2,0,2.043837,0.129531,0.376207,1.731918,1.003083,-1.066222,1.731918
nonmember,36726,2,2,1,0.289195,0.748866,0.748866,0.848462,4.016783,1.447383,-0.848462
nonmember,19460,4,4,1,1.269649,0.280930,0.280930,1.772010,1.739510,0.028523,-1.772010
nonmember,49781,2,2,1,0.204355,0.815173,0.815173,0.829985,3.694089,2.848371,-0.829985
nonmember,39931,2,2,1,0.153926,0.857335,0.857335,0.677235,3.945490,3.118942,-0.677235
nonmember,15363,1,1,1,1.077382,0.340486,0.340486,1.948531,1.652046,0.956905,-1.948531
nonmember,10951,4,4,1,0.349279,0.705196,0.705196,1.110828,3.243544,1.841972,-1.110828
nonmember,46802,0,0,1,0.010094,0.989957,0.989957,0.075700,6.437950,6.095894,-0.075700
nonmember,20604,8,8,1,0.030401,0.970057,0.970057,0.191370,5.368415,4.398157,-0.191370
nonmember,21104,1,1,1,0.081722,0.921528,0.921528,0.426553,4.383312,3.587031,-0.426553
nonmember,25013,8,8,1,0.324226,0.723087,0.723087,0.830302,4.211485,1.217369,-0.830302
nonmember,2149,1,1,1,0.051807,0.949512,0.949512,0.285377,5.046484,3.782199,-0.285377
nonmember,16666,7,7,1,0.068371,0.933914,0.933914,0.373873,4.571113,3.991918,-0.373873
nonmember,33565,6,2,0,3.251289,0.038724,0.442445,1.730463,-0.404371,-2.435850,1.730463
nonmember,35158,7,7,1,0.027831,0.972553,0.972553,0.173527,5.840783,4.652947,-0.173527
nonmember,17224,0,0,1,0.087848,0.915900,0.915900,0.434586,4.628135,3.263122,-0.434586
nonmember,34751,4,7,0,2.142490,0.117362,0.248178,1.841991,0.882305,-0.748881,1.841991
nonmember,2374,5,2,0,2.231911,0.107323,0.317111,1.839971,0.779313,-1.083409,1.839971
nonmember,29066,1,1,1,0.791820,0.453020,0.453020,1.694323,2.108353,0.689995,-1.694323
nonmember,43247,7,4,0,1.156075,0.314719,0.425815,1.545144,2.096270,-0.302326,1.545144
nonmember,17726,1,1,1,0.188938,0.827838,0.827838,0.799939,3.614710,2.839319,-0.799939
nonmember,2097,9,9,1,0.132691,0.875735,0.875735,0.580410,4.216265,2.764485,-0.580410
nonmember,34435,9,9,1,0.271777,0.762024,0.762024,0.978902,3.324549,2.003655,-0.978902
nonmember,24864,6,6,1,0.047377,0.953727,0.953727,0.254736,5.652304,3.677924,-0.254736
nonmember,45117,3,3,1,0.398855,0.671088,0.671088,1.175304,3.378033,1.720608,-1.175304
nonmember,15975,2,4,0,2.272355,0.103069,0.625664,1.321939,1.078514,-1.803412,1.321939
nonmember,10037,7,5,0,2.089944,0.123694,0.604409,1.266928,1.586704,-1.586439,1.266928
nonmember,4764,1,1,1,0.857519,0.424213,0.424213,1.698365,2.123753,0.597508,-1.698365
nonmember,1410,1,1,1,0.027976,0.972412,0.972412,0.169245,5.709280,4.201831,-0.169245
nonmember,20177,6,6,1,0.235778,0.789956,0.789956,0.770568,4.168959,1.720600,-0.770568
nonmember,19058,7,4,0,2.425143,0.088465,0.219051,2.131343,0.008579,-0.906690,2.131343
nonmember,34220,5,5,1,0.642980,0.525724,0.525724,1.281250,2.903610,0.524362,-1.281250
nonmember,10007,6,6,1,0.275266,0.759370,0.759370,1.038084,3.218520,2.424339,-1.038084
nonmember,16366,3,8,0,1.787448,0.167387,0.366437,1.932732,0.907563,-0.783519,1.932732
nonmember,13511,6,6,1,0.022483,0.977768,0.977768,0.145007,5.891600,4.921700,-0.145007
nonmember,10802,2,2,1,0.966396,0.380452,0.380452,1.494578,2.598394,0.234526,-1.494578
nonmember,45252,2,4,0,1.968839,0.139619,0.572232,1.407816,1.440330,-1.410628,1.407816
nonmember,226,1,1,1,0.006342,0.993678,0.993678,0.043614,8.093808,5.335498,-0.043614
nonmember,32660,7,7,1,0.015149,0.984966,0.984966,0.094208,7.288999,4.716331,-0.094208
nonmember,46343,0,0,1,0.492069,0.611360,0.611360,1.180950,3.340934,1.323199,-1.180950
nonmember,14036,4,7,0,2.198820,0.110934,0.748513,0.968456,1.682669,-1.909154,0.968456
nonmember,5128,3,4,0,2.284919,0.101782,0.219744,2.142761,0.166425,-0.769628,2.142761
nonmember,10337,8,8,1,0.020448,0.979760,0.979760,0.140716,5.602973,5.282313,-0.140716
nonmember,49909,6,6,1,0.032113,0.968397,0.968397,0.190772,5.866349,4.388598,-0.190772
nonmember,21882,3,9,0,3.554398,0.028599,0.702222,1.045569,0.352139,-3.200892,1.045569
nonmember,27163,2,4,0,1.095787,0.334276,0.347598,1.669767,1.938547,-0.039077,1.669767
nonmember,48436,7,7,1,0.001597,0.998405,0.998405,0.014553,8.451000,7.405517,-0.014553
nonmember,8628,1,1,1,0.079201,0.923854,0.923854,0.378871,4.849850,3.067732,-0.378871
nonmember,12896,4,4,1,0.248917,0.779644,0.779644,0.771915,4.174069,1.624643,-0.771915
nonmember,2949,0,1,0,1.574718,0.207066,0.398765,1.617719,1.701136,-0.655336,1.617719
nonmember,1174,8,2,0,4.642077,0.009638,0.382337,1.692543,-1.560329,-3.680624,1.692543
nonmember,7901,5,3,0,1.396601,0.247437,0.492463,1.405102,2.209042,-0.688266,1.405102
nonmember,23980,3,7,0,1.592664,0.203383,0.257544,1.788531,1.391298,-0.236101,1.788531
nonmember,44826,7,7,1,0.037964,0.962747,0.962747,0.222970,5.482809,4.306484,-0.222970
nonmember,44161,2,5,0,2.385374,0.092055,0.310766,1.825880,0.577353,-1.216657,1.825880
nonmember,20482,6,6,1,1.027796,0.357795,0.357795,1.740512,2.008394,0.559309,-1.740512
nonmember,2891,7,7,1,0.754592,0.470202,0.470202,1.748901,2.096999,1.250247,-1.748901
nonmember,37874,5,2,0,3.473174,0.031018,0.442127,1.717875,-0.586680,-2.657017,1.717875
nonmember,12033,3,2,0,5.426252,0.004400,0.439285,1.151495,-1.407468,-4.603644,1.151495
nonmember,47584,2,2,1,1.015201,0.362329,0.362329,1.943064,1.711503,0.979455,-1.943064
nonmember,29653,0,3,0,1.949440,0.142354,0.239017,2.004024,0.731674,-0.518220,2.004024
nonmember,24621,7,7,1,0.000221,0.999779,0.999779,0.002412,10.375916,9.084987,-0.002412
nonmember,32010,6,4,0,1.608124,0.200263,0.450031,1.385822,2.077648,-0.809685,1.385822
nonmember,34472,5,5,1,0.899769,0.406664,0.406664,1.718036,2.149538,0.600222,-1.718036
nonmember,35164,7,7,1,0.069097,0.933237,0.933237,0.360316,4.794034,3.457901,-0.360316
nonmember,49630,7,7,1,0.540386,0.582524,0.582524,1.533755,2.414989,1.848419,-1.533755
nonmember,32258,1,1,1,0.353963,0.701901,0.701901,1.152683,3.027880,1.777794,-1.152683
nonmember,18896,3,3,1,0.584660,0.557295,0.557295,1.497908,2.557359,1.170494,-1.497908
nonmember,21539,0,0,1,0.067987,0.934273,0.934273,0.343780,5.195132,3.611511,-0.343780
nonmember,21441,7,4,0,0.965757,0.380695,0.526395,1.108337,2.916251,-0.324054,1.108337
nonmember,37709,9,9,1,0.211697,0.809210,0.809210,0.811938,3.861913,2.447780,-0.811938
nonmember,48761,3,5,0,0.992450,0.370668,0.430095,1.405831,2.620424,-0.148700,1.405831
nonmember,48209,0,0,1,0.066292,0.935858,0.935858,0.364616,4.604526,3.907446,-0.364616
nonmember,19045,4,4,1,0.243045,0.784236,0.784236,0.912402,3.603935,2.338727,-0.912402
nonmember,43552,9,9,1,0.013381,0.986708,0.986708,0.096842,6.020886,5.741661,-0.096842
nonmember,42199,0,8,0,1.158018,0.314108,0.427283,1.504836,2.139083,-0.307710,1.504836
nonmember,17951,7,7,1,0.025737,0.974592,0.974592,0.149722,6.141121,4.045810,-0.149722
nonmember,6551,6,2,0,1.254773,0.285141,0.369839,1.742634,1.632408,-0.260084,1.742634
nonmember,35402,9,9,1,0.060753,0.941056,0.941056,0.316646,4.907588,3.381339,-0.316646
nonmember,47104,0,0,1,0.490678,0.612211,0.612211,1.130253,3.552980,0.882005,-1.130253
nonmember,49362,1,1,1,0.478854,0.619493,0.619493,1.222701,3.005756,0.996084,-1.222701
nonmember,41731,0,0,1,0.565609,0.568014,0.568014,1.400817,2.740824,1.050369,-1.400817
nonmember,1698,7,2,0,2.767685,0.062807,0.247764,2.010578,-0.041030,-1.372408,2.010578
nonmember,19444,0,0,1,1.090473,0.336057,0.336057,1.783418,1.759886,0.210297,-1.783418
nonmember,27271,8,8,1,0.316620,0.728608,0.728608,1.057094,3.450785,2.327903,-1.057094
nonmember,5549,0,0,1,0.339729,0.711963,0.711963,0.980597,3.816288,1.522830,-0.980597
nonmember,26612,4,4,1,0.938037,0.391396,0.391396,1.836487,1.851423,0.585840,-1.836487
nonmember,7656,4,4,1,0.768398,0.463755,0.463755,1.670573,2.136817,0.724841,-1.670573
nonmember,47784,8,8,1,0.167900,0.845439,0.845439,0.665058,4.071828,2.288455,-0.665058
nonmember,49328,2,7,0,2.818035,0.059723,0.360761,1.877977,0.020656,-1.798497,1.877977
nonmember,11487,0,2,0,0.815844,0.442266,0.507409,0.950412,3.576966,-0.137406,0.950412
nonmember,25588,5,7,0,1.963412,0.140379,0.283921,2.036989,0.682181,-0.704354,2.036989
nonmember,48718,9,1,0,1.731428,0.177031,0.593413,1.353061,1.578031,-1.209564,1.353061
nonmember,34150,0,0,1,0.063681,0.938304,0.938304,0.352489,4.695694,3.970662,-0.352489
nonmember,42155,2,3,0,2.922267,0.053812,0.382474,1.470085,0.689585,-1.961172,1.470085
nonmember,35162,0,0,1,0.693054,0.500046,0.500046,0.937258,3.843830,0.100793,-0.937258
nonmember,47371,2,2,1,0.039779,0.961001,0.961001,0.217482,5.630884,3.654382,-0.217482
nonmember,20554,1,8,0,1.334659,0.263248,0.516528,1.356720,2.275606,-0.674033,1.356720
nonmember,12802,0,0,1,0.316881,0.728417,0.728417,0.988183,3.726200,1.732451,-0.988183
nonmember,34279,0,0,1,0.379818,0.683986,0.683986,1.108539,3.389121,1.723096,-1.108539
nonmember,44373,8,8,1,0.659515,0.517102,0.517102,1.421813,2.804431,0.895356,-1.421813
nonmember,25249,5,3,0,1.333131,0.263650,0.405323,1.371166,2.456634,-0.430060,1.371166
nonmember,31638,9,9,1,0.881619,0.414112,0.414112,1.450423,2.247038,0.063510,-1.450423
nonmember,32304,3,2,0,3.273627,0.037869,0.417205,1.737673,-0.343953,-2.399450,1.737673
nonmember,27308,2,2,1,0.436385,0.646369,0.646369,1.285956,2.927130,1.705125,-1.285956
nonmember,6036,9,9,1,0.234530,0.790943,0.790943,0.687865,4.316339,1.538932,-0.687865
nonmember,24441,1,1,1,0.081198,0.922011,0.922011,0.406533,4.662675,3.265607,-0.406533
nonmember,1497,2,2,1,0.158574,0.853360,0.853360,0.650423,4.149512,2.611004,-0.650423
nonmember,39193,8,7,0,2.749421,0.063965,0.343567,1.947899,-0.062793,-1.681047,1.947899
nonmember,11821,6,6,1,0.810630,0.444578,0.444578,1.779603,2.022229,0.887190,-1.779603
nonmember,27173,4,2,0,2.093637,0.123238,0.520703,1.627312,0.914699,-1.441062,1.627312
nonmember,16156,8,8,1,0.235438,0.790225,0.790225,0.883128,3.557374,2.204581,-0.883128
nonmember,18962,5,2,0,1.705235,0.181730,0.469838,1.612503,1.447894,-0.949868,1.612503
nonmember,25569,6,6,1,0.983335,0.374061,0.374061,1.725883,2.033671,0.355735,-1.725883
nonmember,3282,5,6,0,2.509948,0.081272,0.543890,1.492005,0.856273,-1.900940,1.492005
nonmember,31627,4,4,1,0.015111,0.985003,0.985003,0.090889,7.163300,4.450587,-0.090889
nonmember,39055,2,2,1,0.010403,0.989651,0.989651,0.074722,6.783883,5.379113,-0.074722
nonmember,30506,5,7,0,2.189467,0.111976,0.271263,2.038662,0.364992,-0.884800,2.038662
nonmember,32127,2,2,1,1.123457,0.325154,0.325154,1.608129,2.107349,0.147997,-1.608129
nonmember,19408,7,7,1,1.448239,0.234984,0.234984,2.181693,1.014552,0.468825,-2.181693
nonmember,29185,7,7,1,0.095206,0.909186,0.909186,0.438807,4.619610,2.835054,-0.438807
nonmember,12370,3,3,1,0.123582,0.883749,0.883749,0.525997,4.483689,2.553628,-0.525997
nonmember,38770,0,0,1,0.917249,0.399617,0.399617,1.873580,1.790124,0.987158,-1.873580
nonmember,750,5,3,0,1.403928,0.245630,0.281421,1.775383,1.735306,-0.136026,1.775383
nonmember,41599,2,2,1,0.561223,0.570511,0.570511,1.333740,3.144673,1.144562,-1.333740
nonmember,20516,9,1,0,1.082445,0.338766,0.372619,1.600115,2.169771,-0.095247,1.600115
nonmember,28326,1,1,1,0.005115,0.994898,0.994898,0.041321,7.001811,6.204098,-0.041321
nonmember,19110,2,3,0,3.369736,0.034399,0.539308,1.260071,0.460143,-2.752267,1.260071
nonmember,11297,0,0,1,0.462707,0.629577,0.629577,1.329660,2.815510,1.462297,-1.329660
nonmember,39633,7,7,1,0.382308,0.682285,0.682285,1.284386,2.783357,2.513543,-1.284386
nonmember,24573,7,7,1,0.001273,0.998728,0.998728,0.011734,8.815484,7.409305,-0.011734
nonmember,311,1,1,1,0.194311,0.823402,0.823402,0.711974,4.163228,2.171478,-0.711974
nonmember,21908,6,4,0,1.456962,0.232943,0.676459,0.994118,2.547397,-1.066078,0.994118
nonmember,19587,8,8,1,0.038879,0.961867,0.961867,0.240999,5.002018,4.773223,-0.240999
nonmember,29744,1,1,1,0.543661,0.580619,0.580619,1.509325,2.529769,1.619099,-1.509325
nonmember,4665,9,7,0,2.497099,0.082323,0.359713,1.904495,0.320519,-1.474650,1.904495
nonmember,35750,0,0,1,0.776919,0.459820,0.459820,1.589993,2.392093,0.835958,-1.589993
nonmember,39147,5,5,1,0.240706,0.786072,0.786072,0.877913,3.652977,2.089017,-0.877913
nonmember,22128,7,7,1,0.141720,0.867864,0.867864,0.584082,4.440508,2.495607,-0.584082
nonmember,1696,3,3,1,0.668289,0.512585,0.512585,1.142340,3.447952,0.329482,-1.142340
nonmember,7416,7,2,0,4.469475,0.011453,0.516869,1.446530,-0.745338,-3.809510,1.446530
nonmember,12640,0,0,1,0.016038,0.984090,0.984090,0.104759,6.446160,4.804695,-0.104759
nonmember,6865,7,7,1,0.170996,0.842825,0.842825,0.581739,5.186934,2.095615,-0.581739
nonmember,28385,7,7,1,0.014561,0.985544,0.985544,0.098648,6.349120,4.889338,-0.098648
nonmember,19649,3,6,0,1.282182,0.277431,0.585147,1.200866,2.332357,-0.746291,1.200866
nonmember,5053,3,3,1,0.350632,0.704243,0.704243,0.765617,4.508350,0.984226,-0.765617
nonmember,49769,1,1,1,0.242100,0.784978,0.784978,0.840175,3.729503,1.851511,-0.840175
nonmember,23635,1,1,1,0.099659,0.905146,0.905146,0.478744,4.430276,3.059025,-0.478744
nonmember,33249,0,0,1,0.211793,0.809132,0.809132,0.846556,3.647095,2.779816,-0.846556
nonmember,7599,0,0,1,0.431043,0.649831,0.649831,1.395389,2.534869,2.364100,-1.395389
nonmember,43392,6,8,0,2.694722,0.067561,0.689229,1.171740,0.799797,-2.322541,1.171740
nonmember,43456,3,3,1,0.988823,0.372014,0.372014,1.466506,2.658167,0.282799,-1.466506
nonmember,37407,9,9,1,0.243874,0.783586,0.783586,0.943559,3.397515,2.555634,-0.943559
nonmember,41024,2,2,1,1.201574,0.300720,0.300720,1.767585,1.825463,0.237639,-1.767585
nonmember,47278,9,3,0,1.835601,0.159518,0.168226,2.133228,0.687391,-0.053152,2.133228
nonmember,48263,1,9,0,1.502034,0.222677,0.502448,1.330131,2.182629,-0.813771,1.330131
nonmember,11072,5,3,0,1.771190,0.170130,0.313685,1.923301,1.046303,-0.611822,1.923301
nonmember,12169,1,1,1,0.019986,0.980213,0.980213,0.123663,6.244172,4.338503,-0.123663
nonmember,39201,0,0,1,0.534926,0.585713,0.585713,1.371597,2.730383,1.064166,-1.371597
nonmember,8304,2,2,1,0.199617,0.819045,0.819045,0.599327,5.012901,1.678747,-0.599327
nonmember,48481,8,8,1,0.227116,0.796829,0.796829,0.790977,3.992191,1.970785,-0.790977
nonmember,47649,6,6,1,0.226136,0.797609,0.797609,0.892439,3.609720,2.590096,-0.892439
nonmember,2489,8,8,1,0.495725,0.609129,0.609129,1.356504,2.906184,1.606010,-1.356504
nonmember,22070,1,1,1,0.325744,0.721990,0.721990,1.135252,3.057683,2.158522,-1.135252
nonmember,45536,8,8,1,0.424391,0.654168,0.654168,1.343333,2.756967,1.887261,-1.343333
nonmember,15181,3,3,1,1.309471,0.269963,0.269963,1.923905,1.464885,0.215855,-1.923905
nonmember,4593,9,9,1,0.887909,0.411515,0.411515,1.758680,2.025803,0.702641,-1.758680
nonmember,47825,8,8,1,0.115546,0.890880,0.890880,0.493830,4.596891,2.626895,-0.493830
nonmember,14399,2,2,1,0.319957,0.726181,0.726181,1.134190,3.113396,2.215830,-1.134190
nonmember,31833,5,5,1,0.097269,0.907312,0.907312,0.371665,5.549533,2.442309,-0.371665
nonmember,1326,9,9,1,0.518417,0.595462,0.595462,1.376659,2.799187,1.301102,-1.376659
nonmember,28886,9,9,1,0.297601,0.742597,0.742597,1.017855,3.293676,1.842653,-1.017855
nonmember,5756,4,7,0,1.834448,0.159702,0.282138,1.750778,1.402582,-0.569089,1.750778
nonmember,34205,9,9,1,0.104081,0.901152,0.901152,0.518805,4.141504,3.522183,-0.518805
nonmember,36153,1,1,1,0.014791,0.985318,0.985318,0.106447,5.886759,5.668118,-0.106447
nonmember,20723,0,0,1,0.295360,0.744264,0.744264,0.998550,3.521515,1.936452,-0.998550
nonmember,36994,2,5,0,2.091948,0.123446,0.651704,1.284326,1.255081,-1.663784,1.284326
nonmember,3350,8,8,1,0.128644,0.879287,0.879287,0.587911,4.062999,2.904090,-0.587911
nonmember,25393,9,9,1,0.171667,0.842260,0.842260,0.557250,4.855693,1.875017,-0.557250
nonmember,49488,4,2,0,0.906540,0.403919,0.446707,1.277499,2.799180,-0.100687,1.277499
nonmember,20024,9,1,0,1.636424,0.194675,0.222118,2.101146,0.911139,-0.131877,2.101146
nonmember,49725,2,2,1,0.856066,0.424830,0.424830,1.459080,2.447152,0.155480,-1.459080
nonmember,438,9,9,1,0.133167,0.875319,0.875319,0.617916,3.999601,3.243467,-0.617916
nonmember,24876,8,8,1,0.248481,0.779985,0.779985,0.920801,3.609762,2.481212,-0.920801
nonmember,6740,8,8,1,0.511970,0.599314,0.599314,1.458747,2.534366,1.894546,-1.458747
nonmember,15253,4,2,0,1.242021,0.288800,0.351649,1.820035,1.563550,-0.196898,1.820035
nonmember,29977,0,0,1,0.082170,0.921115,0.921115,0.361191,5.739295,2.937686,-0.361191
nonmember,5684,0,0,1,0.528896,0.589255,0.589255,1.333082,3.109265,1.389106,-1.333082
nonmember,42438,1,1,1,0.028320,0.972077,0.972077,0.176026,5.620363,4.479309,-0.176026
nonmember,46100,8,8,1,0.519308,0.594932,0.594932,1.514011,2.433982,1.839850,-1.514011
nonmember,1188,0,4,0,2.528944,0.079743,0.403131,1.956191,0.033216,-1.620449,1.956191
nonmember,9994,6,6,1,0.456153,0.633717,0.633717,1.308695,2.881542,1.587027,-1.308695
nonmember,44370,4,4,1,0.504359,0.603893,0.603893,1.246834,3.154664,1.023856,-1.246834
nonmember,31231,2,2,1,0.259445,0.771480,0.771480,0.715016,4.716635,1.446100,-0.715016
nonmember,41572,8,8,1,0.028042,0.972348,0.972348,0.172845,5.663607,4.316352,-0.172845
nonmember,41159,3,3,1,0.836029,0.433428,0.433428,1.818915,2.001530,1.060786,-1.818915
nonmember,33061,8,0,0,0.927874,0.395393,0.560437,0.916178,3.552771,-0.348836,0.916178
nonmember,43388,6,2,0,2.040884,0.129914,0.750584,0.903677,2.073827,-1.753980,0.903677
nonmember,33376,9,0,0,2.257544,0.104607,0.354753,1.981037,0.361569,-1.221211,1.981037
nonmember,6649,3,3,1,0.656805,0.518505,0.518505,1.431902,2.820041,0.816687,-1.431902
nonmember,46927,5,5,1,0.274440,0.759997,0.759997,0.904475,3.792563,1.967015,-0.904475
nonmember,25932,6,2,0,2.912850,0.054321,0.573739,1.538403,0.212605,-2.357269,1.538403
nonmember,47239,4,4,1,0.016527,0.983609,0.983609,0.111982,6.191093,5.101039,-0.111982
nonmember,21569,5,5,1,0.757650,0.468767,0.468767,1.474496,2.373736,0.406396,-1.474496
nonmember,33865,9,9,1,0.061239,0.940598,0.940598,0.326875,4.922182,3.823023,-0.326875
nonmember,7981,5,3,0,0.821858,0.439614,0.494502,0.995523,3.696364,-0.117654,0.995523
nonmember,9595,1,1,1,0.695413,0.498869,0.498869,1.104620,3.415886,0.208131,-1.104620
nonmember,44735,6,2,0,1.623038,0.197298,0.266043,1.990374,1.157751,-0.298941,1.990374
nonmember,27132,1,8,0,1.689816,0.184553,0.781235,0.685381,2.977010,-1.442938,0.685381
nonmember,47507,5,1,0,3.223559,0.039813,0.275723,2.033241,-0.621833,-1.935202,2.033241
nonmember,773,8,8,1,0.083160,0.920204,0.920204,0.444089,4.294081,3.819613,-0.444089
nonmember,46076,4,4,1,0.556779,0.573052,0.573052,1.250352,3.177829,1.063089,-1.250352
nonmember,3394,5,5,1,0.249873,0.778900,0.778900,0.676859,4.640134,1.419281,-0.676859
nonmember,25869,8,8,1,0.909879,0.402573,0.402573,1.720784,1.989838,0.574772,-1.720784
nonmember,45167,9,9,1,0.004184,0.995825,0.995825,0.034880,7.129788,6.427396,-0.034880
nonmember,21565,8,8,1,0.807736,0.445866,0.445866,1.617279,2.215254,0.529013,-1.617279
nonmember,32116,7,7,1,0.055373,0.946132,0.946132,0.256115,5.853689,3.094916,-0.256115
nonmember,38369,5,5,1,1.109148,0.329840,0.329840,1.542748,2.287750,0.062379,-1.542748
nonmember,21115,2,0,0,0.997835,0.368677,0.390999,1.500627,2.300127,-0.058785,1.500627
nonmember,32564,1,1,1,0.633299,0.530838,0.530838,1.623676,2.234330,1.301236,-1.623676
nonmember,10709,5,5,1,0.191025,0.826112,0.826112,0.653906,4.424756,1.968820,-0.653906
nonmember,40748,6,6,1,0.198969,0.819576,0.819576,0.786549,3.988222,2.612084,-0.786549
nonmember,25915,1,1,1,0.691234,0.500958,0.500958,1.602668,2.396170,1.276302,-1.602668
nonmember,11592,9,9,1,0.188424,0.828264,0.828264,0.711541,3.973875,2.129469,-0.711541
nonmember,23815,3,3,1,0.946527,0.388087,0.388087,1.690679,2.040582,0.266356,-1.690679
nonmember,28597,3,6,0,1.198414,0.301672,0.634374,0.929673,3.275226,-0.743297,0.929673
nonmember,15507,9,9,1,0.294068,0.745226,0.745226,0.959016,3.544105,1.780354,-0.959016
nonmember,28891,3,3,1,1.219944,0.295247,0.295247,1.907932,1.597058,0.300226,-1.907932
nonmember,11296,9,9,1,0.111059,0.894886,0.894886,0.457321,5.140070,2.606556,-0.457321
nonmember,5809,7,7,1,0.543449,0.580742,0.580742,1.437034,2.704361,1.402045,-1.437034
nonmember,22792,7,7,1,0.003144,0.996861,0.996861,0.024324,8.781569,6.118163,-0.024324
nonmember,47773,5,4,0,1.110272,0.329469,0.398845,1.528595,2.127245,-0.191088,1.528595
nonmember,31787,8,8,1,0.949013,0.387123,0.387123,1.563545,2.536341,0.603702,-1.563545
nonmember,22014,2,2,1,0.194315,0.823399,0.823399,0.637883,4.700553,1.818161,-0.637883
nonmember,49483,1,1,1,0.089377,0.914501,0.914501,0.426748,4.688244,3.080921,-0.426748
nonmember,48674,5,0,0,1.656495,0.190807,0.312909,1.984501,0.944544,-0.494653,1.984501
nonmember,29707,2,2,1,0.346712,0.707009,0.707009,1.048063,3.470314,1.590982,-1.048063
nonmember,6222,5,3,0,2.264846,0.103846,0.566873,1.539081,0.945659,-1.697226,1.539081
nonmember,43297,1,1,1,0.020255,0.979949,0.979949,0.135133,5.757486,4.850306,-0.135133
nonmember,43999,5,3,0,1.015598,0.362186,0.585920,0.907575,3.785587,-0.481026,0.907575
nonmember,18647,3,3,1,0.728896,0.482441,0.482441,1.306066,2.931722,0.315098,-1.306066
nonmember,1426,3,3,1,0.858386,0.423845,0.423845,1.810397,1.971978,1.017844,-1.810397
nonmember,8101,3,3,1,1.232896,0.291447,0.291447,1.904019,1.549060,0.056945,-1.904019
nonmember,41476,6,6,1,0.094784,0.909570,0.909570,0.428529,4.988211,2.868852,-0.428529
nonmember,2754,8,8,1,0.963825,0.381431,0.381431,1.677865,2.085224,0.291717,-1.677865
nonmember,2617,0,0,1,0.660196,0.516750,0.516750,1.457829,2.610741,0.753690,-1.457829
nonmember,10880,5,9,0,1.906723,0.148567,0.230820,1.962740,0.941328,-0.440606,1.962740
nonmember,12815,3,7,0,1.567967,0.208469,0.301407,1.976917,1.149955,-0.368672,1.976917
nonmember,32765,8,4,0,1.675492,0.187216,0.274725,1.929347,1.006492,-0.383506,1.929347
nonmember,17895,9,9,1,0.765288,0.465200,0.465200,1.465809,2.803475,0.541580,-1.465809
nonmember,36937,4,4,1,0.911689,0.401845,0.401845,1.578687,2.336269,0.267798,-1.578687
nonmember,47654,3,8,0,2.007021,0.134388,0.393672,1.914870,0.707229,-1.074783,1.914870
nonmember,37619,0,0,1,1.007151,0.365258,0.365258,1.702936,1.888480,0.116194,-1.702936
nonmember,1763,8,8,1,0.247742,0.780561,0.780561,0.878228,3.614117,1.880281,-0.878228
nonmember,26653,4,4,1,0.041475,0.959373,0.959373,0.222599,5.518507,3.567874,-0.222599
nonmember,28644,6,4,0,1.866032,0.154736,0.176632,2.098188,0.709605,-0.132347,2.098188
nonmember,1656,5,5,1,0.786847,0.455278,0.455278,1.633488,2.157650,0.569359,-1.633488
nonmember,8202,7,7,1,1.184770,0.305816,0.305816,1.865750,1.812557,0.601642,-1.865750
nonmember,2277,0,0,1,0.244057,0.783443,0.783443,0.849622,3.789257,2.159755,-0.849622
nonmember,49716,1,0,0,1.505574,0.221890,0.596908,1.275406,2.065392,-0.989581,1.275406
nonmember,11247,5,6,0,3.485842,0.030628,0.511291,1.348962,-0.075768,-2.815026,1.348962
nonmember,43728,1,1,1,0.100119,0.904730,0.904730,0.444222,4.967493,2.793802,-0.444222
nonmember,23389,3,3,1,1.309953,0.269833,0.269833,1.889655,1.593737,0.119105,-1.889655
nonmember,37128,2,5,0,1.350360,0.259147,0.277401,1.986577,1.257806,-0.068069,1.986577
nonmember,7747,0,0,1,0.598844,0.549446,0.549446,1.453907,2.842407,1.196021,-1.453907
nonmember,4559,0,0,1,0.172861,0.841255,0.841255,0.724552,3.921146,2.668025,-0.724552
nonmember,23643,7,7,1,0.700315,0.496429,0.496429,1.724847,2.173879,1.488029,-1.724847
nonmember,47263,7,7,1,0.000776,0.999224,0.999224,0.007566,9.282703,7.982082,-0.007566
nonmember,33218,2,6,0,1.433997,0.238354,0.348283,1.582869,1.858772,-0.379257,1.582869
nonmember,896,6,4,0,1.569124,0.208228,0.318443,1.653673,1.719401,-0.424811,1.653673
nonmember,37604,9,9,1,0.102897,0.902220,0.902220,0.517070,4.124918,3.691987,-0.517070
nonmember,16530,2,0,0,1.182292,0.306575,0.516969,1.329224,2.293893,-0.522519,1.329224
nonmember,2927,2,2,1,1.089719,0.336311,0.336311,1.859528,1.786415,0.583600,-1.859528
nonmember,47993,8,8,1,0.001415,0.998586,0.998586,0.011755,9.164398,6.735496,-0.011755
nonmember,16591,9,9,1,0.461790,0.630155,0.630155,1.339062,2.812818,1.608256,-1.339062
nonmember,43378,0,0,1,0.129645,0.878407,0.878407,0.548655,4.416162,2.499343,-0.548655
nonmember,6561,5,5,1,1.163165,0.312496,0.312496,1.806486,1.826094,0.331305,-1.806486
nonmember,35922,7,7,1,0.727262,0.483230,0.483230,1.607965,2.623585,1.235512,-1.607965
nonmember,10243,0,0,1,0.130236,0.877889,0.877889,0.555495,4.504451,2.635411,-0.555495
nonmember,42536,2,5,0,1.428328,0.239709,0.257602,1.802082,1.623031,-0.071987,1.802082
nonmember,39548,9,9,1,0.368003,0.692115,0.692115,1.235129,2.961951,2.281322,-1.235129
nonmember,15726,6,9,0,2.260199,0.104330,0.569836,1.350827,1.161665,-1.697792,1.350827
nonmember,32176,9,9,1,0.017454,0.982697,0.982697,0.115072,6.254834,4.854104,-0.115072
nonmember,33310,2,2,1,0.036692,0.963973,0.963973,0.222653,5.308314,4.616056,-0.222653
nonmember,49117,3,3,1,0.921942,0.397746,0.397746,1.725464,2.186396,0.813038,-1.725464
nonmember,6401,7,7,1,0.112512,0.893586,0.893586,0.540285,4.190619,3.194260,-0.540285
nonmember,39704,8,8,1,0.131711,0.876594,0.876594,0.458010,5.157124,2.112799,-0.458010
nonmember,41027,3,7,0,2.116894,0.120405,0.182371,2.145466,0.364357,-0.415183,2.145466
nonmember,33138,5,5,1,0.391126,0.676295,0.676295,1.009689,3.798782,1.174158,-1.009689
nonmember,44169,7,7,1,0.084072,0.919365,0.919365,0.416192,5.113380,3.629881,-0.416192
nonmember,28219,4,4,1,0.313654,0.730772,0.730772,0.879846,4.396544,1.582253,-0.879846
nonmember,37111,2,2,1,0.035613,0.965013,0.965013,0.208496,5.681324,4.189994,-0.208496
nonmember,21396,7,3,0,2.629606,0.072107,0.476994,1.484370,0.768310,-1.889355,1.484370
nonmember,40126,2,2,1,0.283046,0.753486,0.753486,1.047754,3.291799,2.352696,-1.047754
nonmember,34453,1,1,1,0.016580,0.983557,0.983557,0.112580,5.986197,4.909038,-0.112580
nonmember,24056,5,5,1,0.135159,0.873577,0.873577,0.435540,5.613429,2.020109,-0.435540
nonmember,18778,9,9,1,0.364991,0.694203,0.694203,1.209663,2.961116,2.063771,-1.209663
nonmember,26005,3,3,1,0.594525,0.551824,0.551824,1.430097,2.784464,1.055905,-1.430097
nonmember,36028,1,1,1,0.002073,0.997929,0.997929,0.018232,8.043356,6.883473,-0.018232
nonmember,31123,7,7,1,1.315830,0.268251,0.268251,1.853977,1.626949,0.153164,-1.853977
nonmember,4679,2,2,1,0.866066,0.420603,0.420603,1.679386,2.287655,0.848621,-1.679386
nonmember,5771,7,7,1,0.016395,0.983739,0.983739,0.114594,6.046827,5.609943,-0.114594
nonmember,22909,6,6,1,0.582877,0.558290,0.558290,1.550973,2.479567,1.545525,-1.550973
nonmember,38535,2,2,1,0.315167,0.729667,0.729667,1.036135,3.524827,1.824052,-1.036135
nonmember,42407,9,9,1,0.430824,0.649973,0.649973,1.348690,2.665375,2.059510,-1.348690
nonmember,32918,6,6,1,0.067068,0.935132,0.935132,0.321160,5.633243,3.361557,-0.321160
nonmember,180,4,4,1,0.419178,0.657587,0.657587,0.968006,3.654217,0.912419,-0.968006
nonmember,47905,5,8,0,2.691382,0.067787,0.322952,1.879927,0.081257,-1.561131,1.879927
nonmember,21581,6,6,1,0.570752,0.565100,0.565100,1.068051,3.688462,0.502669,-1.068051
nonmember,15938,4,4,1,1.248052,0.287064,0.287064,1.996277,1.370125,0.450798,-1.996277
nonmember,20679,9,9,1,0.015363,0.984755,0.984755,0.107582,5.888223,5.325248,-0.107582
nonmember,10035,1,1,1,0.955375,0.384668,0.384668,1.618224,2.133759,0.135121,-1.618224
nonmember,10423,5,5,1,1.037984,0.354168,0.354168,1.544060,2.400129,0.030574,-1.544060
nonmember,46450,2,2,1,0.021771,0.978464,0.978464,0.139358,6.086910,4.756871,-0.139358
nonmember,8090,1,8,0,1.600002,0.201896,0.384086,1.788060,1.268698,-0.643115,1.788060
nonmember,11751,6,6,1,0.210319,0.810326,0.810326,0.814224,3.793183,2.306020,-0.814224
nonmember,35100,3,9,0,3.953381,0.019190,0.518856,1.270163,-0.473604,-3.297251,1.270163
nonmember,21667,8,9,0,2.087615,0.123982,0.310636,1.974120,0.574805,-0.918481,1.974120
nonmember,22095,9,8,0,2.889206,0.055620,0.562786,1.343268,0.521769,-2.314351,1.343268
nonmember,15612,6,0,0,5.434775,0.004362,0.575734,1.078964,-1.436276,-4.882665,1.078964
nonmember,13,2,1,0,1.548871,0.212488,0.221436,2.059528,1.114289,-0.041250,2.059528
nonmember,4251,7,7,1,0.487176,0.614359,0.614359,1.373138,2.792591,1.573994,-1.373138
nonmember,8494,5,6,0,1.368018,0.254611,0.314036,1.723662,1.739621,-0.209771,1.723662
nonmember,3674,0,0,1,0.221459,0.801349,0.801349,0.602814,5.210368,1.506471,-0.602814
nonmember,8721,8,8,1,0.294146,0.745168,0.745168,1.106007,3.002484,2.728358,-1.106007
nonmember,13556,2,2,1,0.397378,0.672080,0.672080,1.031580,3.613785,1.225374,-1.031580
nonmember,37676,5,5,1,0.925575,0.396303,0.396303,1.538879,2.353979,0.157657,-1.538879
nonmember,7671,3,5,0,1.780751,0.168512,0.742336,0.892379,2.299365,-1.482797,0.892379
nonmember,29353,4,4,1,0.766422,0.464673,0.464673,1.779858,1.974191,1.374051,-1.779858
nonmember,17080,0,0,1,0.130510,0.877648,0.877648,0.572125,4.298930,2.666291,-0.572125
nonmember,18741,8,8,1,0.652010,0.520998,0.520998,1.469185,2.498660,0.740956,-1.469185
nonmember,21121,9,1,0,1.034657,0.355348,0.392750,1.548179,2.078849,-0.100074,1.548179
nonmember,40855,9,9,1,0.795432,0.451386,0.451386,1.791764,1.901398,1.139459,-1.791764
nonmember,40948,9,9,1,0.134611,0.874056,0.874056,0.605827,4.024442,2.826588,-0.605827
nonmember,47824,1,1,1,0.369386,0.691158,0.691158,0.770578,4.630317,0.909366,-0.770578
nonmember,4496,1,1,1,0.080287,0.922852,0.922852,0.413507,4.543430,3.577257,-0.413507
nonmember,47470,1,1,1,0.026437,0.973909,0.973909,0.171641,5.482275,4.876039,-0.171641
nonmember,5460,1,1,1,0.642744,0.525848,0.525848,1.572683,2.445189,1.063662,-1.572683
nonmember,11789,2,6,0,1.351345,0.258892,0.641758,1.053129,2.630956,-0.907802,1.053129
nonmember,33240,8,4,0,1.613725,0.199144,0.210890,2.074957,1.003581,-0.057306,2.074957
nonmember,11742,7,7,1,0.014511,0.985594,0.985594,0.089693,7.193686,4.529109,-0.089693
nonmember,13552,3,5,0,1.932359,0.144806,0.800120,0.706114,2.653626,-1.709367,0.706114
nonmember,23518,5,5,1,0.068885,0.933434,0.933434,0.370073,4.732535,3.798506,-0.370073
nonmember,13053,3,3,1,0.058344,0.943326,0.943326,0.287753,5.547785,3.247224,-0.287753
nonmember,13814,2,2,1,0.056710,0.944868,0.944868,0.310833,5.025683,3.917849,-0.310833
nonmember,30269,1,1,1,0.677315,0.507979,0.507979,1.611821,2.257266,0.959739,-1.611821
nonmember,38469,8,8,1,0.153974,0.857295,0.857295,0.687073,3.861220,3.321220,-0.687073
nonmember,10077,7,7,1,0.791480,0.453173,0.453173,1.715397,2.127430,1.054830,-1.715397
nonmember,23458,6,3,0,3.416229,0.032836,0.495129,1.601365,-0.430599,-2.713292,1.601365
nonmember,23068,3,3,1,0.519120,0.595044,0.595044,1.255505,3.130549,0.949976,-1.255505
nonmember,30637,9,9,1,0.277439,0.757722,0.757722,1.031730,3.237447,2.460401,-1.031730
nonmember,24017,3,3,1,0.653970,0.519977,0.519977,1.549973,2.645378,1.249102,-1.549973
nonmember,38433,0,0,1,0.773280,0.461497,0.461497,1.692036,2.144194,0.941003,-1.692036
nonmember,38820,9,9,1,0.052181,0.949157,0.949157,0.275854,5.219294,3.468154,-0.275854
nonmember,1213,9,9,1,0.867928,0.419821,0.419821,1.841299,1.863081,1.197707,-1.841299
nonmember,19211,5,5,1,1.376642,0.252425,0.252425,1.965400,1.394859,0.236129,-1.965400
nonmember,10329,3,8,0,2.907912,0.054590,0.680580,1.161876,0.682334,-2.523102,1.161876
nonmember,12790,2,2,1,0.349406,0.705107,0.705107,1.115685,3.321737,1.835480,-1.115685
nonmember,29688,7,3,0,2.121974,0.119795,0.451208,1.604689,0.952286,-1.326149,1.604689
nonmember,33869,8,8,1,0.570037,0.565504,0.565504,1.030628,3.610966,0.462384,-1.030628
nonmember,3683,6,6,1,0.518722,0.595281,0.595281,1.307746,2.967411,1.132148,-1.307746
nonmember,30901,9,1,0,1.374219,0.253037,0.610157,1.165033,2.341049,-0.880180,1.165033
nonmember,10237,4,4,1,0.281667,0.754525,0.754525,1.072251,3.075324,2.782835,-1.072251
nonmember,37470,5,6,0,2.183815,0.112611,0.475234,1.655296,0.817294,-1.439867,1.655296
nonmember,15662,1,9,0,1.714061,0.180133,0.586392,1.398769,1.557698,-1.180293,1.398769
nonmember,19166,1,1,1,0.038550,0.962184,0.962184,0.206029,5.765284,3.612022,-0.206029
nonmember,11550,4,4,1,0.801785,0.448528,0.448528,1.547162,2.583241,0.824667,-1.547162
nonmember,10287,9,9,1,1.200627,0.301006,0.301006,1.681793,2.034950,0.046565,-1.681793
nonmember,36474,3,4,0,2.776069,0.062283,0.475353,1.529469,0.720746,-2.032371,1.529469
nonmember,31200,5,5,1,0.814142,0.443019,0.443019,1.687688,2.274132,1.071502,-1.687688
nonmember,39959,0,0,1,1.031610,0.356433,0.356433,1.714956,2.074861,0.252648,-1.714956
nonmember,3914,7,3,0,2.657812,0.070101,0.322846,1.975106,0.010394,-1.527233,1.975106
nonmember,26611,6,6,1,0.119148,0.887676,0.887676,0.507194,4.818292,2.912381,-0.507194
nonmember,33231,8,8,1,0.298164,0.742180,0.742180,1.054902,3.207022,2.069815,-1.054902
nonmember,40141,7,7,1,0.232667,0.792417,0.792417,0.912988,3.448756,2.580893,-0.912988
nonmember,17003,3,6,0,1.085444,0.337752,0.527569,1.234393,2.574024,-0.445968,1.234393
nonmember,41831,3,3,1,0.191818,0.825457,0.825457,0.641881,5.389770,2.014361,-0.641881
nonmember,14045,8,8,1,0.122349,0.884839,0.884839,0.536130,4.381678,2.630286,-0.536130
nonmember,47192,5,5,1,0.514839,0.597597,0.597597,1.320626,2.960976,1.243394,-1.320626
nonmember,23210,1,1,1,0.330181,0.718794,0.718794,1.074043,3.390876,1.968808,-1.074043
nonmember,41782,3,6,0,3.997912,0.018354,0.426810,1.667458,-0.800256,-3.146495,1.667458
nonmember,48878,4,4,1,0.845292,0.429432,0.429432,1.269790,3.164953,0.066254,-1.269790
nonmember,39266,7,7,1,0.047075,0.954016,0.954016,0.249018,6.021832,3.985522,-0.249018
nonmember,32124,5,3,0,0.817654,0.441466,0.458042,1.140194,3.001976,-0.036860,1.140194
nonmember,44794,0,2,0,1.619878,0.197923,0.402184,1.792673,1.268461,-0.709033,1.792673
nonmember,44891,4,4,1,1.065939,0.344404,0.344404,1.690727,2.356549,0.612733,-1.690727
nonmember,44997,1,1,1,0.246830,0.781273,0.781273,0.885311,3.695964,2.156655,-0.885311
nonmember,45399,1,1,1,0.103972,0.901250,0.901250,0.533242,4.018489,3.837399,-0.533242
nonmember,45146,9,0,0,1.907753,0.148414,0.361262,1.956318,0.728055,-0.889602,1.956318
nonmember,44336,4,4,1,0.328381,0.720089,0.720089,1.122754,3.205332,2.314620,-1.122754
nonmember,25549,0,8,0,3.472016,0.031054,0.311061,1.956583,-0.755286,-2.304251,1.956583
nonmember,22204,7,7,1,0.033109,0.967433,0.967433,0.203944,5.446510,4.574232,-0.203944
nonmember,24567,0,0,1,0.009685,0.990361,0.990361,0.071803,6.558871,5.806036,-0.071803
nonmember,39154,8,8,1,0.287330,0.750264,0.750264,0.800591,4.211668,1.390778,-0.800591
nonmember,48670,8,0,0,1.714366,0.180078,0.437751,1.738025,1.189258,-0.888262,1.738025
nonmember,18388,1,1,1,0.122599,0.884618,0.884618,0.534395,4.348684,2.686531,-0.534395
nonmember,32523,4,4,1,0.498783,0.607270,0.607270,1.031313,3.568365,0.683712,-1.031313
nonmember,11225,9,5,0,2.599703,0.074296,0.173622,2.213494,-0.191976,-0.848831,2.213494
nonmember,7020,6,6,1,0.282145,0.754164,0.754164,1.026000,3.261806,2.280855,-1.026000
nonmember,40071,4,4,1,0.572770,0.563961,0.563961,1.307743,2.886077,0.785305,-1.307743
nonmember,3442,4,4,1,0.426267,0.652942,0.652942,1.170468,3.203176,1.247590,-1.170468
nonmember,631,8,8,1,0.001518,0.998484,0.998484,0.014431,7.932368,7.823677,-0.014431
nonmember,26317,7,7,1,0.003050,0.996955,0.996955,0.026145,7.851283,6.942773,-0.026145
nonmember,49898,4,2,0,1.270360,0.280731,0.478203,1.497289,1.948497,-0.532639,1.497289
nonmember,37247,2,0,0,2.115795,0.120537,0.662902,1.170212,1.714244,-1.704667,1.170212
nonmember,20194,3,3,1,0.870143,0.418892,0.418892,1.545115,2.226577,0.196966,-1.545115
nonmember,27568,7,2,0,2.123573,0.119604,0.525698,1.470053,1.180219,-1.480545,1.470053
nonmember,600,0,0,1,0.074185,0.928500,0.928500,0.397818,4.520953,3.685305,-0.397818
nonmember,38876,4,4,1,0.109277,0.896482,0.896482,0.521005,4.292770,3.342090,-0.521005
nonmember,47884,5,5,1,0.140400,0.869010,0.869010,0.434195,5.710299,1.955637,-0.434195
nonmember,9545,8,8,1,0.124537,0.882905,0.882905,0.549390,4.342760,2.675886,-0.549390
nonmember,26012,9,9,1,0.163770,0.848937,0.848937,0.664812,4.226705,2.717291,-0.664812
nonmember,17233,0,0,1,0.385518,0.680098,0.680098,1.088381,3.306202,1.262451,-1.088381
nonmember,44511,9,9,1,0.287253,0.750322,0.750322,1.038771,3.228117,2.242959,-1.038771
nonmember,39581,9,9,1,0.122321,0.884864,0.884864,0.487456,4.669130,2.385340,-0.487456
nonmember,7945,7,7,1,0.033433,0.967120,0.967120,0.189362,5.977960,4.219875,-0.189362
nonmember,45503,5,3,0,2.902143,0.054905,0.815663,0.812180,1.073483,-2.698389,0.812180
nonmember,24352,5,5,1,0.529295,0.589020,0.589020,1.116323,3.517425,0.698786,-1.116323
nonmember,25893,4,4,1,0.705998,0.493616,0.493616,1.342032,2.768920,0.385345,-1.342032
nonmember,20037,5,5,1,0.911683,0.401847,0.401847,1.894146,1.726167,1.161515,-1.894146
nonmember,17712,2,4,0,1.785568,0.167702,0.205340,2.117582,0.729165,-0.202482,2.117582
nonmember,18180,3,3,1,1.072583,0.342124,0.342124,1.594204,2.327192,0.023720,-1.594204
nonmember,31857,6,6,1,0.068786,0.933527,0.933527,0.366542,4.702056,3.639750,-0.366542
nonmember,4219,4,7,0,1.806516,0.164225,0.809390,0.604773,3.753792,-1.595042,0.604773
nonmember,33197,4,4,1,0.499160,0.607041,0.607041,1.355029,2.798319,1.425743,-1.355029
nonmember,919,5,5,1,0.056008,0.945531,0.945531,0.289980,5.359417,3.434150,-0.289980
nonmember,15526,4,4,1,0.356913,0.699833,0.699833,1.088405,3.296453,1.579084,-1.088405
nonmember,12348,1,1,1,0.010389,0.989664,0.989664,0.076991,6.348969,5.752886,-0.076991
nonmember,8854,8,8,1,0.000808,0.999192,0.999192,0.008067,8.701939,8.329907,-0.008067
nonmember,18998,3,3,1,0.517046,0.596279,0.596279,1.139982,3.359876,0.793072,-1.139982
nonmember,9426,8,8,1,0.008127,0.991906,0.991906,0.062225,6.589855,5.767939,-0.062225
nonmember,8943,3,7,0,2.309520,0.099309,0.193424,2.138886,0.174705,-0.666653,2.138886
nonmember,32235,1,1,1,0.011485,0.988581,0.988581,0.078135,6.864737,5.055690,-0.078135
nonmember,35581,3,3,1,1.066298,0.344281,0.344281,1.886626,1.682709,0.404390,-1.886626
nonmember,39117,9,9,1,0.288030,0.749739,0.749739,1.036836,3.260277,2.175766,-1.036836
nonmember,27628,3,3,1,0.951238,0.386262,0.386262,1.604057,2.241249,0.338439,-1.604057
nonmember,39360,2,9,0,3.957116,0.019118,0.317400,1.871539,-1.175676,-2.809523,1.871539
nonmember,904,4,3,0,1.391891,0.248605,0.268585,1.837868,1.477147,-0.077304,1.837868
nonmember,17411,7,7,1,0.085704,0.917866,0.917866,0.431181,4.516644,3.305312,-0.431181
nonmember,32071,2,7,0,2.333526,0.096953,0.517356,1.586199,0.716857,-1.674501,1.586199
nonmember,26433,1,1,1,0.937795,0.391490,0.391490,1.774449,2.109526,0.855464,-1.774449
nonmember,42024,8,8,1,0.125103,0.882406,0.882406,0.501761,4.628664,2.360773,-0.501761
nonmember,8957,2,6,0,2.331895,0.097112,0.310950,1.907672,0.325154,-1.163772,1.907672
nonmember,29131,4,2,0,1.752366,0.173363,0.357804,1.595901,1.533196,-0.724596,1.595901
nonmember,44496,5,2,0,3.646377,0.026085,0.761022,0.980411,0.107852,-3.373283,0.980411
nonmember,10538,7,7,1,0.213451,0.807792,0.807792,0.886421,3.412210,2.886916,-0.886421
nonmember,31183,8,8,1,1.305651,0.270996,0.270996,2.039051,1.248254,0.321117,-2.039051
nonmember,3318,0,0,1,0.421771,0.655884,0.655884,1.094848,3.593403,1.292851,-1.094848
nonmember,34638,4,4,1,0.333856,0.716157,0.716157,1.118351,3.221115,2.148258,-1.118351
nonmember,157,5,3,0,1.432610,0.238685,0.287057,1.733466,1.721659,-0.184536,1.733466
nonmember,46258,2,2,1,0.700766,0.496205,0.496205,1.404923,2.708438,0.561091,-1.404923
nonmember,4325,7,7,1,0.516966,0.596327,0.596327,1.328352,2.855446,1.068261,-1.328352
nonmember,18623,8,8,1,0.422714,0.655266,0.655266,1.249758,2.971316,1.515192,-1.249758
nonmember,26951,8,8,1,0.005522,0.994493,0.994493,0.044744,6.908895,6.234713,-0.044744
nonmember,5073,8,8,1,0.305046,0.737090,0.737090,1.008380,3.418770,1.943439,-1.008380
nonmember,596,8,8,1,0.151776,0.859181,0.859181,0.669214,3.964202,2.827153,-0.669214
nonmember,33831,0,0,1,0.950092,0.386706,0.386706,1.815224,1.831938,0.589341,-1.815224
nonmember,8339,1,1,1,0.391584,0.675985,0.675985,1.246988,2.917139,1.994309,-1.246988
nonmember,22081,6,6,1,1.191935,0.303633,0.303633,1.763707,1.814266,0.046765,-1.763707
nonmember,23883,8,8,1,0.043605,0.957332,0.957332,0.259613,5.031291,4.141821,-0.259613
nonmember,5434,4,3,0,4.488710,0.011235,0.570919,1.403238,-1.026867,-3.928202,1.403238
nonmember,27646,0,0,1,0.084671,0.918815,0.918815,0.393811,4.849927,2.923691,-0.393811
nonmember,37436,5,5,1,0.303705,0.738079,0.738079,0.673501,4.884260,1.104657,-0.673501
nonmember,16468,7,7,1,0.000488,0.999512,0.999512,0.005103,9.377911,8.879827,-0.005103
nonmember,12923,1,1,1,0.653937,0.519994,0.519994,1.338042,3.015741,0.628599,-1.338042
nonmember,48134,3,3,1,1.338589,0.262215,0.262215,2.007438,1.302081,0.279803,-2.007438
nonmember,10544,1,1,1,0.186101,0.830190,0.830190,0.728150,3.848818,2.207486,-0.728150
nonmember,1478,2,4,0,2.748876,0.064000,0.716261,1.051998,1.329106,-2.415164,1.051998
nonmember,47979,6,6,1,0.392031,0.675683,0.675683,1.203938,3.015897,1.648646,-1.203938
nonmember,22306,1,1,1,0.009157,0.990885,0.990885,0.065721,6.907966,5.484294,-0.065721
nonmember,32497,6,6,1,0.004340,0.995669,0.995669,0.035850,7.420180,6.675700,-0.035850
nonmember,10113,6,6,1,0.115798,0.890656,0.890656,0.491589,5.079678,2.658312,-0.491589
nonmember,12680,9,9,1,0.021627,0.978605,0.978605,0.129842,6.506066,4.295607,-0.129842
nonmember,7707,1,1,1,0.147647,0.862736,0.862736,0.620041,4.381132,2.830662,-0.620041
nonmember,33179,0,0,1,0.447412,0.639281,0.639281,0.715484,5.520262,0.600400,-0.715484
nonmember,22197,9,9,1,0.162583,0.849945,0.849945,0.580106,5.329935,2.213191,-0.580106
nonmember,308,0,0,1,0.156697,0.854963,0.854963,0.699823,3.805683,2.967546,-0.699823
nonmember,39878,4,4,1,0.118879,0.887915,0.887915,0.568243,4.065719,3.246949,-0.568243
nonmember,471,5,7,0,1.527597,0.217057,0.542909,1.261626,2.210062,-0.916783,1.261626
nonmember,41682,0,0,1,0.111207,0.894754,0.894754,0.531280,4.187604,3.128370,-0.531280
nonmember,18335,3,3,1,0.834000,0.434309,0.434309,1.600535,2.269445,0.497276,-1.600535
nonmember,13360,5,5,1,0.258049,0.772558,0.772558,0.780886,4.494290,1.671225,-0.780886
nonmember,42883,0,0,1,1.108281,0.330126,0.330126,2.038010,1.453590,0.774350,-2.038010
nonmember,16614,9,9,1,0.784443,0.456374,0.456374,1.699377,2.224889,0.866097,-1.699377
nonmember,45198,9,9,1,0.012816,0.987265,0.987265,0.092180,6.163729,5.491510,-0.092180
nonmember,24478,6,6,1,0.293835,0.745399,0.745399,0.967677,3.591741,1.993945,-0.967677
nonmember,9240,2,2,1,0.139866,0.869474,0.869474,0.616919,4.286520,3.066648,-0.616919
nonmember,30459,3,3,1,0.089544,0.914348,0.914348,0.432340,4.866023,3.267808,-0.432340
nonmember,37830,1,1,1,0.278612,0.756833,0.756833,0.741476,4.298381,1.317738,-0.741476
nonmember,13480,0,2,0,3.444237,0.031929,0.455338,1.379635,0.095821,-2.657522,1.379635
nonmember,41062,5,5,1,0.015565,0.984556,0.984556,0.095801,7.188331,4.736263,-0.095801
nonmember,15278,3,5,0,1.345004,0.260539,0.288445,1.937747,1.374687,-0.101751,1.937747
nonmember,5082,0,0,1,0.256060,0.774095,0.774095,0.975672,3.341327,2.551744,-0.975672
nonmember,17687,9,9,1,0.275852,0.758925,0.758925,0.827089,3.906446,1.477214,-0.827089
nonmember,36542,1,1,1,0.581630,0.558986,0.558986,1.535579,2.386834,1.303856,-1.535579
nonmember,38416,8,8,1,0.574313,0.563091,0.563091,1.100221,3.324434,0.500623,-1.100221
nonmember,9565,1,1,1,0.006050,0.993968,0.993968,0.046477,7.262424,5.821665,-0.046477
nonmember,9687,0,4,0,1.674067,0.187483,0.240019,1.970443,1.097400,-0.247030,1.970443
nonmember,20258,6,6,1,0.237394,0.788680,0.788680,0.889492,3.595030,2.167247,-0.889492
nonmember,12233,8,8,1,0.016794,0.983346,0.983346,0.119430,5.733256,5.824472,-0.119430
nonmember,28536,5,5,1,0.860955,0.422758,0.422758,1.648299,2.283261,0.597167,-1.648299
nonmember,1270,0,8,0,1.584552,0.205040,0.723863,0.872347,2.641615,-1.261399,0.872347
nonmember,42365,3,2,0,2.252521,0.105134,0.313664,2.049438,0.324985,-1.093087,2.049438
nonmember,32418,1,1,1,0.077650,0.925288,0.925288,0.414033,4.520557,4.070356,-0.414033
nonmember,16224,7,7,1,0.117942,0.888748,0.888748,0.536364,4.433702,3.123942,-0.536364
nonmember,46619,0,0,1,0.462400,0.629770,0.629770,1.174597,3.180138,1.020841,-1.174597
nonmember,14198,9,9,1,0.200830,0.818051,0.818051,0.634492,4.536295,1.746289,-0.634492
nonmember,9806,1,1,1,0.831051,0.435591,0.435591,1.791219,1.971757,0.891775,-1.791219
nonmember,15742,1,1,1,0.027388,0.972984,0.972984,0.165318,5.713614,4.229227,-0.165318
nonmember,48598,2,4,0,1.900805,0.149448,0.336158,1.647817,1.662406,-0.810630,1.647817
nonmember,18056,4,4,1,0.369128,0.691337,0.691337,1.231457,2.926873,2.174830,-1.231457
nonmember,1339,4,4,1,0.394638,0.673924,0.673924,1.222807,2.980768,1.600608,-1.222807
nonmember,48283,7,7,1,0.559400,0.571552,0.571552,1.380769,2.721758,0.953556,-1.380769
nonmember,23931,9,4,0,3.032026,0.048218,0.316025,1.843019,-0.191852,-1.880093,1.843019
nonmember,27138,3,5,0,1.216147,0.296370,0.298452,1.719271,1.910805,-0.007000,1.719271
nonmember,16419,5,5,1,0.148432,0.862059,0.862059,0.470361,5.574049,1.939725,-0.470361
nonmember,49257,8,8,1,0.013301,0.986787,0.986787,0.096870,6.025382,5.792294,-0.096870
nonmember,32896,8,8,1,0.613512,0.541446,0.541446,1.477567,2.567422,1.043562,-1.477567
nonmember,14788,7,7,1,0.088822,0.915009,0.915009,0.371371,5.540694,2.687520,-0.371371
nonmember,19260,9,9,1,0.362784,0.695737,0.695737,1.174870,3.062671,2.174593,-1.174870
nonmember,8620,7,7,1,0.023352,0.976919,0.976919,0.149424,5.945787,4.647158,-0.149424
nonmember,23540,8,8,1,0.155206,0.856239,0.856239,0.679819,3.925834,2.953633,-0.679819
nonmember,31886,3,3,1,0.959904,0.382930,0.382930,1.814551,1.932904,0.595340,-1.814551
nonmember,38390,3,3,1,0.038453,0.962277,0.962277,0.225154,5.506166,4.223391,-0.225154
nonmember,40081,1,1,1,0.185505,0.830685,0.830685,0.620611,4.508311,1.888238,-0.620611
nonmember,37832,8,0,0,1.495749,0.224081,0.639058,1.148075,2.155352,-1.047988,1.148075
nonmember,5401,7,7,1,0.315577,0.729368,0.729368,1.133719,3.110431,2.400521,-1.133719
nonmember,47220,0,0,1,0.359004,0.698372,0.698372,1.227895,2.860127,2.400356,-1.227895
nonmember,96,1,1,1,0.062276,0.939624,0.939624,0.325460,5.052926,3.470819,-0.325460
nonmember,37192,4,7,0,2.377751,0.092759,0.863154,0.566943,2.313935,-2.230589,0.566943
nonmember,18004,5,5,1,0.455109,0.634379,0.634379,1.239270,3.065230,1.426778,-1.239270
nonmember,24628,5,5,1,0.248567,0.779917,0.779917,0.871718,3.798781,2.041280,-0.871718
nonmember,4913,9,9,1,0.212073,0.808906,0.808906,0.755624,4.411729,2.349267,-0.755624
nonmember,5628,7,7,1,0.914994,0.400519,0.400519,1.846908,1.827952,0.841297,-1.846908
nonmember,49792,3,3,1,0.815429,0.442449,0.442449,1.641688,2.410289,0.919620,-1.641688
nonmember,43119,8,8,1,0.088264,0.915519,0.915519,0.428295,4.656057,3.142566,-0.428295
nonmember,24055,9,9,1,0.082617,0.920704,0.920704,0.418353,4.477696,3.553661,-0.418353
nonmember,45533,2,6,0,2.522067,0.080293,0.693581,1.091903,1.428527,-2.156181,1.091903
nonmember,14522,5,5,1,1.167196,0.311238,0.311238,1.928080,1.572970,0.348039,-1.928080
nonmember,49288,5,5,1,0.217761,0.804318,0.804318,0.535740,5.985890,1.449402,-0.535740
nonmember,1771,8,8,1,0.094681,0.909663,0.909663,0.472708,4.383001,3.202246,-0.472708
nonmember,34596,1,5,0,2.329594,0.097335,0.293878,1.951968,0.622263,-1.105005,1.951968
nonmember,42945,0,8,0,1.620133,0.197872,0.664097,1.107035,2.124399,-1.210807,1.107035
nonmember,47434,6,6,1,1.140922,0.319524,0.319524,1.820408,1.747958,0.135069,-1.820408
nonmember,34000,3,5,0,1.007253,0.365221,0.381122,1.539761,2.241329,-0.042618,1.539761
nonmember,26656,0,0,1,0.623171,0.536241,0.536241,0.940745,4.212727,0.274191,-0.940745
nonmember,3349,2,2,1,0.924940,0.396555,0.396555,1.781896,2.075459,0.892451,-1.781896
nonmember,42085,1,1,1,0.005403,0.994612,0.994612,0.041233,7.336230,5.792878,-0.041233
nonmember,29088,1,1,1,0.763013,0.466260,0.466260,1.820425,1.915115,1.548130,-1.820425
nonmember,14050,7,7,1,0.286799,0.750663,0.750663,1.006777,3.455059,2.291061,-1.006777
nonmember,37988,8,8,1,0.019616,0.980575,0.980575,0.130375,5.904857,5.081377,-0.130375
nonmember,21582,4,7,0,1.838935,0.158987,0.801552,0.668864,2.828100,-1.617729,0.668864
nonmember,48646,9,9,1,0.045982,0.955059,0.955059,0.228679,6.059546,3.459324,-0.228679
nonmember,43244,2,2,1,1.418160,0.242159,0.242159,2.030123,1.241925,0.037625,-2.030123
nonmember,24482,5,4,0,3.666761,0.025559,0.691747,1.207555,-0.321044,-3.298225,1.207555
nonmember,14009,6,6,1,0.040929,0.959897,0.959897,0.240459,5.387915,4.198581,-0.240459
nonmember,1491,4,4,1,0.564777,0.568487,0.568487,1.407362,2.821935,1.360029,-1.407362
nonmember,18805,9,9,1,0.351557,0.703592,0.703592,1.224802,2.867782,2.390941,-1.224802
nonmember,49504,4,7,0,1.849961,0.157243,0.615260,1.379363,1.373017,-1.364252,1.379363
nonmember,3113,0,0,1,0.035318,0.965299,0.965299,0.207413,5.515130,4.023654,-0.207413
nonmember,36708,8,8,1,1.041746,0.352838,0.352838,1.694911,2.008134,0.120242,-1.694911
nonmember,12179,4,2,0,1.306158,0.270859,0.386696,1.651179,1.950353,-0.356041,1.651179
nonmember,27166,4,6,0,1.431076,0.239052,0.279433,1.844043,1.424162,-0.156084,1.844043
nonmember,15232,6,6,1,0.484754,0.615849,0.615849,1.177870,3.442963,1.282491,-1.177870
nonmember,12103,4,4,1,0.699480,0.496844,0.496844,1.469301,2.590163,0.662952,-1.469301
nonmember,49418,6,6,1,0.501189,0.605810,0.605810,1.394460,2.785743,1.796550,-1.394460
nonmember,32468,5,5,1,0.734730,0.479635,0.479635,1.441033,2.571169,0.483541,-1.441033
nonmember,29913,6,6,1,1.003687,0.366526,0.366526,1.864064,1.845982,0.734278,-1.864064
nonmember,6666,9,9,1,0.034167,0.966410,0.966410,0.200400,5.553288,4.339993,-0.200400
nonmember,42851,9,9,1,0.866713,0.420331,0.420331,1.658783,2.134740,0.493402,-1.658783
nonmember,15597,9,1,0,1.018923,0.360983,0.576335,0.959779,3.441864,-0.467856,0.959779
nonmember,44358,5,5,1,1.709811,0.180900,0.180900,2.230470,0.658281,0.159995,-2.230470
nonmember,27595,6,6,1,0.010114,0.989937,0.989937,0.074662,6.648703,5.891916,-0.074662
nonmember,12223,5,4,0,1.263341,0.282708,0.358679,1.714534,1.709956,-0.238013,1.714534
nonmember,39735,1,1,1,0.162264,0.850217,0.850217,0.614060,4.289237,2.189505,-0.614060
nonmember,3835,7,7,1,0.455126,0.634368,0.634368,1.267942,3.024662,1.569947,-1.267942
nonmember,38240,5,5,1,1.037693,0.354271,0.354271,1.743564,1.985766,0.264574,-1.743564
nonmember,23846,9,9,1,0.329754,0.719101,0.719101,1.068607,3.306301,1.762385,-1.068607
nonmember,285,5,5,1,0.525615,0.591191,0.591191,1.026113,3.847679,0.618526,-1.026113
nonmember,17041,3,3,1,0.998111,0.368575,0.368575,1.834445,1.790093,0.448192,-1.834445
nonmember,18575,5,2,0,1.274598,0.279543,0.488213,1.483223,1.976524,-0.557595,1.483223
nonmember,25636,4,4,1,0.238984,0.787428,0.787428,0.761268,4.283438,1.733810,-0.761268
nonmember,33392,1,1,1,1.290275,0.275195,0.275195,2.112096,1.165563,0.701911,-2.112096
nonmember,19660,9,9,1,0.162401,0.850100,0.850100,0.718917,3.689993,3.002355,-0.718917
nonmember,17005,7,7,1,0.002566,0.997437,0.997437,0.021203,8.687988,6.823728,-0.021203
nonmember,447,4,6,0,3.452934,0.031653,0.394534,1.706678,-0.504227,-2.522883,1.706678
nonmember,4291,9,9,1,0.256220,0.773972,0.773972,0.927784,3.507516,2.348572,-0.927784
nonmember,17891,8,8,1,0.081914,0.921351,0.921351,0.390717,4.732754,2.954401,-0.390717
nonmember,34151,7,7,1,0.002800,0.997204,0.997204,0.023082,8.358782,6.451312,-0.023082
nonmember,20602,0,1,0,1.227877,0.292914,0.293807,1.577691,2.417805,-0.003046,1.577691
nonmember,28165,4,2,0,1.682167,0.185971,0.733484,0.897403,2.368385,-1.372217,0.897403
nonmember,8246,3,2,0,1.244991,0.287944,0.291467,1.761661,1.732985,-0.012163,1.761661
nonmember,18248,2,2,1,0.390930,0.676427,0.676427,1.252728,2.961488,1.811444,-1.252728
nonmember,15382,9,9,1,0.210054,0.810541,0.810541,0.864546,3.428910,2.789728,-0.864546
nonmember,45527,7,7,1,0.185025,0.831083,0.831083,0.797895,3.585003,3.005666,-0.797895
nonmember,27673,3,0,0,1.938214,0.143961,0.264637,1.936397,1.010655,-0.608819,1.936397
nonmember,10398,2,2,1,0.270169,0.763250,0.763250,0.954075,3.593125,2.184919,-0.954075
nonmember,44067,0,0,1,0.457207,0.633049,0.633049,1.340957,2.774291,1.548026,-1.340957
nonmember,44938,2,5,0,3.734218,0.023892,0.940600,0.318400,1.447845,-3.672981,0.318400
nonmember,21080,1,1,1,0.042135,0.958740,0.958740,0.253894,4.936126,4.269126,-0.253894
nonmember,16707,9,9,1,0.546191,0.579152,0.579152,1.388160,2.798744,1.081821,-1.388160
nonmember,40188,4,4,1,0.768142,0.463874,0.463874,1.607726,2.227603,0.643644,-1.607726
nonmember,34195,6,2,0,1.074822,0.341359,0.563392,1.098244,2.852509,-0.501041,1.098244
nonmember,36795,3,4,0,2.051018,0.128604,0.550699,1.583903,0.877666,-1.454451,1.583903
nonmember,39052,6,3,0,0.994415,0.369940,0.469137,1.246901,2.863340,-0.237554,1.246901
nonmember,4737,3,5,0,1.242095,0.288779,0.332822,1.455845,2.296585,-0.141948,1.455845
nonmember,39398,3,3,1,1.399873,0.246628,0.246628,2.098006,1.168543,0.424584,-2.098006
nonmember,30727,6,6,1,0.271156,0.762497,0.762497,0.975496,3.450108,2.078148,-0.975496
nonmember,7049,3,3,1,0.224171,0.799178,0.799178,0.725422,4.441514,1.829675,-0.725422
nonmember,27975,9,3,0,1.461145,0.231971,0.373138,1.741377,1.521805,-0.475338,1.741377
nonmember,35943,9,9,1,0.750224,0.472261,0.472261,1.495340,2.562030,0.492480,-1.495340
nonmember,204,6,6,1,0.100917,0.904008,0.904008,0.501506,4.337632,3.577859,-0.501506
nonmember,30487,0,0,1,0.878465,0.415420,0.415420,1.466612,2.524139,0.188740,-1.466612
nonmember,18451,0,0,1,0.123128,0.884151,0.884151,0.577927,4.139957,3.227664,-0.577927
nonmember,20731,1,8,0,1.698828,0.182898,0.469742,1.594842,1.459725,-0.943256,1.594842
nonmember,31343,2,2,1,0.470407,0.624748,0.624748,1.425069,2.768263,2.162885,-1.425069
nonmember,9981,7,7,1,0.289299,0.748788,0.748788,0.704197,4.712543,1.215128,-0.704197
nonmember,10277,7,7,1,0.062571,0.939347,0.939347,0.253835,6.452729,2.819633,-0.253835
nonmember,1562,7,7,1,0.115330,0.891072,0.891072,0.553838,4.267664,3.515962,-0.553838
nonmember,41849,1,1,1,0.068718,0.933590,0.933590,0.371721,4.659992,3.957810,-0.371721
nonmember,33628,5,5,1,0.261546,0.769861,0.769861,0.981166,3.301041,2.315372,-0.981166
nonmember,25795,6,6,1,0.096372,0.908126,0.908126,0.454991,4.733501,3.402514,-0.454991
nonmember,20646,7,7,1,0.524590,0.591798,0.591798,1.302348,2.886220,1.003888,-1.302348
nonmember,21701,2,2,1,0.093467,0.910768,0.910768,0.378796,5.336289,2.544826,-0.378796
nonmember,38696,5,5,1,0.466565,0.627153,0.627153,1.175934,3.399915,1.107191,-1.175934
nonmember,1968,4,6,0,2.412083,0.089628,0.319796,1.644173,0.987675,-1.272012,1.644173
nonmember,35756,1,1,1,0.071546,0.930953,0.930953,0.385344,4.604211,3.954032,-0.385344
nonmember,7350,1,1,1,0.535150,0.585581,0.585581,1.419979,2.668451,1.280308,-1.419979
nonmember,34688,7,3,0,2.670803,0.069197,0.345231,1.911443,0.059315,-1.607262,1.911443
nonmember,24768,7,7,1,1.032175,0.356231,0.356231,1.931868,1.667937,0.922536,-1.931868
nonmember,8410,0,0,1,1.104128,0.331500,0.331500,1.844793,1.643572,0.193578,-1.844793
nonmember,30427,6,4,0,1.670657,0.188123,0.323578,1.642404,1.464438,-0.542341,1.642404
nonmember,11187,2,0,0,1.083069,0.338555,0.598681,0.946795,3.350606,-0.570042,0.946795
nonmember,38021,5,4,0,3.028779,0.048375,0.794812,0.894250,0.763513,-2.799129,0.894250
nonmember,14763,5,5,1,0.295958,0.743818,0.743818,0.895745,3.877455,1.694557,-0.895745
nonmember,38684,3,3,1,0.706681,0.493279,0.493279,1.346194,2.825933,0.427094,-1.346194
nonmember,21816,7,7,1,0.336660,0.714151,0.714151,1.121782,3.314049,2.075123,-1.121782
nonmember,47820,5,5,1,0.574184,0.563164,0.563164,1.433579,2.766216,1.267604,-1.433579
nonmember,14354,8,8,1,0.572946,0.563862,0.563862,0.996832,4.245051,0.486752,-0.996832
nonmember,14200,6,6,1,0.031889,0.968614,0.968614,0.184432,5.927516,4.084922,-0.184432
nonmember,6042,5,5,1,1.153787,0.315440,0.315440,1.759903,2.045665,0.147860,-1.759903
nonmember,42323,5,5,1,0.447663,0.639120,0.639120,1.215742,3.064013,1.222186,-1.215742
nonmember,21974,0,0,1,0.781682,0.457636,0.457636,1.781336,1.980468,0.991646,-1.781336
nonmember,3922,1,1,1,0.015483,0.984636,0.984636,0.105900,6.181372,5.242280,-0.105900
nonmember,44566,6,6,1,0.775834,0.460320,0.460320,1.764844,2.013155,1.007052,-1.764844
nonmember,25880,0,0,1,0.583857,0.557743,0.557743,1.540024,2.411046,1.392152,-1.540024
nonmember,22336,5,5,1,1.307955,0.270372,0.270372,1.958773,1.486275,0.204022,-1.958773
nonmember,30357,8,8,1,0.166528,0.846599,0.846599,0.709307,3.901532,2.771491,-0.709307
nonmember,17185,2,2,1,0.595509,0.551282,0.551282,1.534706,2.553581,1.609945,-1.534706
nonmember,33694,0,8,0,1.456298,0.233098,0.508549,1.511684,1.697859,-0.780105,1.511684
nonmember,4149,3,3,1,1.128230,0.323605,0.323605,1.899807,1.709791,0.538230,-1.899807
nonmember,32846,3,6,0,0.905685,0.404265,0.580456,0.773322,4.571580,-0.361743,0.773322
nonmember,21937,6,6,1,0.395770,0.673162,0.673162,1.251747,2.939339,1.752076,-1.251747
nonmember,86,4,4,1,0.192876,0.824584,0.824584,0.647483,4.558773,1.865886,-0.647483
nonmember,37413,9,9,1,0.432124,0.649129,0.649129,1.001069,3.824163,0.959472,-1.001069
nonmember,35887,2,5,0,1.613406,0.199208,0.249616,1.987374,1.142418,-0.225576,1.987374
nonmember,5273,8,0,0,1.010025,0.364210,0.453188,1.364349,2.395444,-0.218578,1.364349
nonmember,9633,4,4,1,0.202905,0.816356,0.816356,0.770275,4.150209,2.485265,-0.770275
nonmember,41868,0,0,1,0.874587,0.417034,0.417034,1.727840,2.241812,1.097779,-1.727840
nonmember,23835,7,7,1,0.618700,0.538644,0.538644,1.423774,2.678500,0.804218,-1.423774
nonmember,21707,5,5,1,0.510727,0.600059,0.600059,0.869902,4.626184,0.518898,-0.869902
nonmember,20356,7,7,1,0.010086,0.989965,0.989965,0.075869,6.452319,5.962398,-0.075869
nonmember,45040,1,1,1,0.800666,0.449030,0.449030,1.812584,1.904425,1.093024,-1.812584
nonmember,16657,8,8,1,0.272580,0.761412,0.761412,0.887473,3.756407,1.733566,-0.887473
nonmember,14608,6,6,1,0.612785,0.541840,0.541840,1.587762,2.434084,1.492941,-1.587762
nonmember,33080,4,4,1,0.510148,0.600407,0.600407,1.304171,3.303741,1.604192,-1.304171
nonmember,25263,2,2,1,0.359520,0.698011,0.698011,1.206299,3.038084,2.162810,-1.206299
nonmember,45466,1,9,0,2.733408,0.064997,0.430571,1.671871,0.195444,-1.890766,1.671871
nonmember,34211,6,2,0,1.082554,0.338729,0.531906,1.155788,3.035150,-0.451265,1.155788
nonmember,32488,1,1,1,0.110111,0.895734,0.895734,0.498484,4.640203,2.805852,-0.498484
nonmember,6690,3,7,0,1.977739,0.138382,0.437423,1.565614,1.178299,-1.150883,1.565614
nonmember,49132,7,2,0,1.928806,0.145322,0.302681,2.066281,0.597114,-0.733730,2.066281
nonmember,27800,2,2,1,0.868983,0.419378,0.419378,1.373104,2.593193,0.024568,-1.373104
nonmember,2715,7,7,1,0.650346,0.521865,0.521865,1.321281,2.939317,0.592968,-1.321281
nonmember,11309,8,8,1,0.065833,0.936287,0.936287,0.353841,4.758993,3.597134,-0.353841
nonmember,44044,4,4,1,0.188281,0.828382,0.828382,0.637052,4.497618,1.892047,-0.637052
nonmember,42979,4,4,1,0.093467,0.910768,0.910768,0.468236,4.356325,3.269101,-0.468236
nonmember,32067,2,0,0,1.321987,0.266605,0.310737,1.852132,1.577756,-0.153178,1.852132
nonmember,46812,3,5,0,1.619303,0.198037,0.473844,1.579956,1.559104,-0.872426,1.579956
nonmember,23933,1,1,1,0.114457,0.891850,0.891850,0.537104,4.349757,3.313684,-0.537104
nonmember,32740,7,7,1,0.706632,0.493303,0.493303,1.364742,2.759407,0.451213,-1.364742
nonmember,26977,8,8,1,0.036734,0.963933,0.963933,0.228331,5.073665,4.601059,-0.228331
nonmember,37482,7,7,1,0.027133,0.973232,0.973232,0.155133,6.328022,4.030685,-0.155133
nonmember,39923,5,5,1,0.415499,0.660011,0.660011,1.149224,3.157869,1.226955,-1.149224
nonmember,15538,4,4,1,1.023998,0.359156,0.359156,1.958729,1.643136,0.975784,-1.958729
nonmember,41363,9,9,1,0.151886,0.859086,0.859086,0.562498,4.717044,2.154059,-0.562498
nonmember,11834,9,1,0,2.615881,0.073103,0.840514,0.715043,1.357483,-2.442139,0.715043
nonmember,44916,4,4,1,1.257743,0.284295,0.284295,1.960501,1.515499,0.452126,-1.960501
nonmember,15484,6,6,1,0.627496,0.533927,0.533927,1.087414,3.388231,0.354840,-1.087414
nonmember,41469,2,2,1,0.228714,0.795556,0.795556,0.800128,4.012006,2.018912,-0.800128
nonmember,15760,4,3,0,1.706628,0.181477,0.310066,1.884731,1.101885,-0.535656,1.884731
nonmember,15028,6,6,1,0.233965,0.791389,0.791389,0.878560,3.630916,2.222693,-0.878560
nonmember,464,6,6,1,0.004517,0.995493,0.995493,0.036435,7.535016,6.257330,-0.036435
nonmember,9087,6,6,1,0.032450,0.968071,0.968071,0.195568,5.804891,4.413046,-0.195568
nonmember,3622,7,7,1,0.385101,0.680382,0.680382,1.126864,3.512516,1.589845,-1.126864
nonmember,24488,0,8,0,2.776870,0.062233,0.561108,1.617297,0.150036,-2.199028,1.617297
nonmember,22136,7,7,1,0.090627,0.913358,0.913358,0.444711,4.575641,3.328107,-0.444711
nonmember,17933,8,8,1,0.033931,0.966638,0.966638,0.204267,5.340093,4.212717,-0.204267
nonmember,47568,1,1,1,0.450733,0.637161,0.637161,1.132746,3.442968,1.150492,-1.132746
nonmember,41670,7,7,1,0.019530,0.980660,0.980660,0.117168,6.777866,4.290706,-0.117168
nonmember,20031,5,5,1,0.023909,0.976375,0.976375,0.143439,6.292836,4.556281,-0.143439
nonmember,25456,6,4,0,4.075545,0.016983,0.589480,1.426065,-0.901778,-3.547029,1.426065
nonmember,9572,8,8,1,0.152862,0.858248,0.858248,0.687951,3.826497,2.920933,-0.687951
nonmember,24582,4,4,1,0.175895,0.838706,0.838706,0.772213,3.610300,2.961799,-0.772213
nonmember,23998,3,3,1,0.799644,0.449489,0.449489,1.781139,2.024701,1.089435,-1.781139
nonmember,8765,4,4,1,0.226049,0.797679,0.797679,0.893009,3.565518,2.648405,-0.893009
nonmember,44854,1,1,1,0.056808,0.944775,0.944775,0.309342,4.869479,3.721499,-0.309342
nonmember,3200,6,6,1,0.324639,0.722788,0.722788,0.791807,4.533050,1.162115,-0.791807
nonmember,37522,0,0,1,0.816620,0.441923,0.441923,1.416273,3.020539,0.451089,-1.416273
nonmember,40914,3,3,1,0.203343,0.815998,0.815998,0.602798,4.840194,1.650134,-0.602798
nonmember,5014,1,1,1,0.003500,0.996506,0.996506,0.027170,7.866369,5.994701,-0.027170
nonmember,21454,4,4,1,0.471651,0.623971,0.623971,1.327202,2.815224,1.370582,-1.327202
nonmember,30588,6,6,1,0.497762,0.607890,0.607890,1.317496,3.001709,1.336393,-1.317496
nonmember,39630,6,7,0,3.384826,0.033884,0.246379,1.950925,-0.500518,-1.983940,1.950925
nonmember,30167,7,7,1,0.592663,0.552853,0.552853,1.333123,2.814889,0.727285,-1.333123
nonmember,26522,0,0,1,0.115477,0.890942,0.890942,0.565877,4.029287,3.558568,-0.565877
nonmember,26647,9,1,0,1.373461,0.253229,0.708443,0.787737,3.235642,-1.028775,0.787737
nonmember,46515,3,3,1,0.727187,0.483266,0.483266,1.072057,3.529989,0.121563,-1.072057
nonmember,33580,2,2,1,0.596163,0.550922,0.550922,1.535181,2.451281,1.247127,-1.535181
nonmember,44084,3,7,0,1.481310,0.227340,0.227441,1.920798,1.270197,-0.000446,1.920798
nonmember,46841,3,0,0,2.191756,0.111720,0.231381,2.080696,0.429178,-0.728065,2.080696
nonmember,39103,5,5,1,0.261781,0.769680,0.769680,0.799710,4.387454,1.873334,-0.799710
nonmember,37780,9,9,1,0.352593,0.702863,0.702863,1.004295,3.688913,1.448879,-1.004295
nonmember,9172,2,2,1,0.042238,0.958642,0.958642,0.225495,5.722242,3.624038,-0.225495
nonmember,29773,8,8,1,1.313442,0.268893,0.268893,1.909893,1.581983,0.212897,-1.909893
nonmember,28711,4,7,0,1.288204,0.275766,0.349817,1.662730,1.879753,-0.237860,1.662730
nonmember,47436,4,4,1,0.084549,0.918926,0.918926,0.415091,4.667080,3.217826,-0.415091
nonmember,28450,8,8,1,0.063659,0.938325,0.938325,0.334075,4.886328,3.434756,-0.334075
nonmember,32388,4,4,1,0.081477,0.921754,0.921754,0.405168,4.845615,3.407973,-0.405168
nonmember,31851,7,7,1,0.098825,0.905901,0.905901,0.422592,5.361884,2.741881,-0.422592
nonmember,26782,6,6,1,0.902528,0.405543,0.405543,1.775572,1.936487,0.964618,-1.775572
nonmember,19828,0,0,1,0.358105,0.699000,0.699000,1.174984,2.976857,1.755101,-1.174984
nonmember,12248,9,9,1,0.044229,0.956735,0.956735,0.240571,5.396320,3.602371,-0.240571
nonmember,42347,1,0,0,3.124120,0.043976,0.686681,1.058462,0.609335,-2.748235,1.058462
nonmember,6118,6,6,1,0.113069,0.893089,0.893089,0.521450,4.457431,3.010025,-0.521450
nonmember,49746,8,8,1,0.004132,0.995877,0.995877,0.033535,7.374350,6.138740,-0.033535
nonmember,47953,6,2,0,1.274235,0.279645,0.327940,1.769893,1.738565,-0.159312,1.769893
nonmember,28387,4,4,1,1.195475,0.302560,0.302560,1.843758,1.701226,0.226539,-1.843758
nonmember,3876,9,9,1,0.320312,0.725922,0.725922,1.076889,3.252706,2.089458,-1.076889
nonmember,48290,2,5,0,3.385164,0.033872,0.626918,1.306172,-0.039180,-2.918224,1.306172
nonmember,24385,1,1,1,0.573980,0.563279,0.563279,1.288892,2.871629,0.713465,-1.288892
nonmember,1303,4,4,1,0.183628,0.832246,0.832246,0.708874,4.075998,2.210739,-0.708874
nonmember,46522,2,2,1,0.034982,0.965623,0.965623,0.196845,5.666774,3.785783,-0.196845
nonmember,40057,3,3,1,0.397764,0.671820,0.671820,1.246918,3.035698,1.878646,-1.246918
nonmember,46627,3,6,0,3.881609,0.020618,0.916885,0.435327,0.883389,-3.794836,0.435327
nonmember,2650,6,6,1,0.035770,0.964862,0.964862,0.211189,5.565696,4.239125,-0.211189
nonmember,47759,9,6,0,1.670522,0.188149,0.245907,2.102505,0.820010,-0.267719,2.102505
nonmember,25828,6,6,1,0.125097,0.882411,0.882411,0.556758,4.414333,2.934019,-0.556758
nonmember,6686,6,6,1,0.340135,0.711674,0.711674,0.770408,4.447173,1.029662,-0.770408
nonmember,40625,2,2,1,0.088648,0.915167,0.915167,0.458881,4.406900,3.984095,-0.458881
nonmember,6346,8,8,1,0.015235,0.984880,0.984880,0.106466,6.212708,5.636276,-0.106466
nonmember,33023,2,4,0,1.016148,0.361987,0.508001,1.216293,2.624389,-0.338877,1.216293
nonmember,47139,4,5,0,2.181564,0.112865,0.476382,1.394297,1.405707,-1.440028,1.394297
nonmember,27639,0,0,1,0.080057,0.923063,0.923063,0.400398,4.879519,3.674641,-0.400398
nonmember,3441,0,8,0,1.625503,0.196813,0.499652,1.601509,1.426526,-0.931659,1.601509
nonmember,40079,9,9,1,0.199253,0.819343,0.819343,0.686251,4.237813,1.882829,-0.686251
nonmember,33530,0,0,1,0.177069,0.837722,0.837722,0.721350,4.001343,2.757161,-0.721350
nonmember,27837,9,9,1,0.093023,0.911173,0.911173,0.445529,4.659902,3.151996,-0.445529
nonmember,14981,6,6,1,0.569133,0.566016,0.566016,1.536496,2.590224,1.649551,-1.536496
nonmember,35319,2,3,0,1.461266,0.231942,0.593615,1.222873,2.466329,-0.939742,1.222873
nonmember,45387,0,0,1,0.110428,0.895450,0.895450,0.517117,4.368278,3.033189,-0.517117
nonmember,24057,0,0,1,1.428791,0.239598,0.239598,2.050025,1.184460,0.102554,-2.050025
nonmember,17904,3,3,1,1.101514,0.332368,0.332368,1.824305,1.915499,0.514916,-1.824305
nonmember,30407,1,1,1,0.263046,0.768707,0.768707,0.901164,3.582326,1.877098,-0.901164
nonmember,2133,2,2,1,0.502899,0.604775,0.604775,1.428952,2.654973,1.401756,-1.428952
nonmember,13758,5,3,0,1.776670,0.169201,0.782333,0.733136,2.727743,-1.531195,0.733136
nonmember,10333,7,5,0,1.595874,0.202731,0.471067,1.417944,1.875247,-0.843120,1.417944
nonmember,14857,4,4,1,1.077657,0.340392,0.340392,1.570560,2.434769,0.119699,-1.570560
nonmember,5117,7,0,0,1.898432,0.149803,0.179134,2.144794,0.620551,-0.178812,2.144794
nonmember,41436,9,9,1,0.481432,0.617898,0.617898,1.374650,2.701976,1.697082,-1.374650
nonmember,41794,1,1,1,0.068341,0.933942,0.933942,0.377634,4.489125,4.097460,-0.377634
nonmember,18153,8,8,1,0.856329,0.424718,0.424718,1.429414,2.455329,0.116288,-1.429414
nonmember,29421,8,8,1,0.003150,0.996855,0.996855,0.027836,7.207385,7.146586,-0.027836
nonmember,4990,5,5,1,0.743734,0.475335,0.475335,1.367818,3.120111,0.737438,-1.367818
nonmember,6146,2,2,1,0.827051,0.437337,0.437337,1.457414,2.576773,0.296543,-1.457414
nonmember,18191,2,2,1,0.273581,0.760650,0.760650,1.012948,3.314043,2.274921,-1.012948
nonmember,15551,7,7,1,0.103391,0.901774,0.901774,0.426670,5.035411,2.537987,-0.426670
nonmember,28915,9,9,1,0.556192,0.573388,0.573388,1.183133,3.248040,0.701184,-1.183133
nonmember,31196,8,8,1,0.120769,0.886239,0.886239,0.533079,4.556579,3.058052,-0.533079
nonmember,32811,1,1,1,0.032071,0.968438,0.968438,0.182769,5.736697,3.891345,-0.182769
nonmember,39171,3,3,1,0.389427,0.677445,0.677445,1.086515,3.688029,1.556735,-1.086515
nonmember,42304,7,7,1,0.031592,0.968902,0.968902,0.199508,5.327580,4.548065,-0.199508
nonmember,20230,7,2,0,1.660978,0.189953,0.304851,1.912609,1.180699,-0.473046,1.912609
nonmember,29462,9,9,1,0.641104,0.526711,0.526711,1.141892,3.408163,0.440212,-1.141892
nonmember,2258,0,0,1,0.697954,0.497602,0.497602,1.503016,2.447195,0.655061,-1.503016
nonmember,15125,2,6,0,1.691808,0.184186,0.461518,1.715487,1.269080,-0.918575,1.715487
nonmember,33360,0,0,1,0.151703,0.859244,0.859244,0.574674,4.705314,2.245088,-0.574674
nonmember,48554,0,0,1,0.620184,0.537846,0.537846,1.163004,3.791000,0.763068,-1.163004
nonmember,4420,0,0,1,0.164765,0.848093,0.848093,0.665846,4.086972,2.426387,-0.665846
nonmember,25769,3,3,1,0.540150,0.582661,0.582661,1.538708,2.447972,1.697678,-1.538708
nonmember,48049,6,6,1,0.631351,0.531873,0.531873,1.253263,2.813509,0.479950,-1.253263
nonmember,28235,9,9,1,0.339942,0.711812,0.711812,1.173681,2.980110,2.053963,-1.173681
nonmember,31701,4,4,1,0.619170,0.538391,0.538391,1.314060,3.318367,0.849709,-1.314060
nonmember,20972,6,6,1,0.040649,0.960166,0.960166,0.220720,5.657559,3.685198,-0.220720
nonmember,48975,1,0,0,0.875586,0.416618,0.435478,1.298600,2.690289,-0.044274,1.298600
nonmember,18666,9,9,1,0.175735,0.838841,0.838841,0.752946,3.711964,2.695840,-0.752946
nonmember,2052,1,1,1,0.055706,0.945817,0.945817,0.315384,4.816242,4.149672,-0.315384
nonmember,45321,5,3,0,1.668984,0.188438,0.552211,1.466126,1.556190,-1.075158,1.466126
nonmember,15093,6,6,1,0.191356,0.825838,0.825838,0.811278,3.604618,2.812103,-0.811278
nonmember,263,4,4,1,0.270360,0.763105,0.763105,0.846359,4.179144,1.721617,-0.846359
nonmember,26927,8,2,0,3.291667,0.037192,0.417309,1.572237,0.064873,-2.417739,1.572237
nonmember,45066,3,3,1,1.234874,0.290871,0.290871,1.991943,1.397242,0.372051,-1.991943
nonmember,46858,1,1,1,0.293284,0.745810,0.745810,1.027986,3.180233,1.875267,-1.027986
nonmember,28665,0,0,1,0.251338,0.777759,0.777759,0.976048,3.295149,2.454046,-0.976048
nonmember,12792,8,8,1,0.946697,0.388020,0.388020,1.827353,1.875353,0.814966,-1.827353
nonmember,21289,9,9,1,0.008030,0.992002,0.992002,0.060673,6.678764,5.898120,-0.060673
nonmember,1194,6,2,0,0.849036,0.427827,0.544230,0.846169,4.075043,-0.240653,0.846169
nonmember,45404,2,2,1,0.332116,0.717404,0.717404,0.950685,4.009581,1.514569,-0.950685
nonmember,49643,1,1,1,0.056252,0.945301,0.945301,0.285197,5.412507,3.512648,-0.285197
nonmember,3177,3,2,0,1.181591,0.306790,0.533596,1.206407,3.041869,-0.553474,1.206407
nonmember,34278,1,1,1,0.076326,0.926514,0.926514,0.391868,4.687718,3.407696,-0.391868
nonmember,26100,4,4,1,0.853268,0.426021,0.426021,1.815376,1.922957,1.117941,-1.815376
nonmember,13004,8,8,1,0.991136,0.371155,0.371155,1.424226,2.727320,0.171241,-1.424226
nonmember,1817,4,4,1,0.904210,0.404862,0.404862,1.705474,2.096723,0.413654,-1.705474
nonmember,37113,6,2,0,3.331405,0.035743,0.482335,1.461618,0.023880,-2.602288,1.461618
nonmember,38942,3,3,1,0.500172,0.606426,0.606426,1.221728,3.131161,0.950445,-1.221728
nonmember,19316,5,3,0,1.815125,0.162818,0.585778,1.271210,1.983815,-1.280310,1.271210
nonmember,24308,4,4,1,0.690681,0.501235,0.501235,1.372462,2.904444,0.750905,-1.372462
nonmember,8902,5,7,0,1.374304,0.253016,0.350746,1.695936,1.783836,-0.326611,1.695936
nonmember,33991,9,9,1,0.298479,0.741946,0.741946,1.095788,3.025837,2.314783,-1.095788
nonmember,40518,1,1,1,0.257296,0.773139,0.773139,0.696095,4.442880,1.394380,-0.696095
nonmember,38023,0,0,1,0.250575,0.778353,0.778353,0.987625,3.192720,2.855942,-0.987625
nonmember,15165,6,4,0,1.807797,0.164015,0.185619,2.040282,0.906929,-0.123735,2.040282
nonmember,31550,2,2,1,0.679413,0.506914,0.506914,1.363066,2.824756,0.540843,-1.363066
nonmember,38949,8,8,1,0.060593,0.941206,0.941206,0.310185,5.022985,3.277791,-0.310185
nonmember,18367,8,8,1,0.252965,0.776495,0.776495,0.700095,4.521770,1.429816,-0.700095
nonmember,44513,3,5,0,1.658977,0.190334,0.400824,1.551834,1.702975,-0.744743,1.551834
nonmember,15845,5,5,1,0.994658,0.369850,0.369850,1.917327,1.719096,1.020183,-1.917327
nonmember,34204,3,3,1,0.611018,0.542798,0.542798,1.435291,2.689562,1.187266,-1.435291
nonmember,38438,6,3,0,1.712065,0.180493,0.391401,1.598752,2.014954,-0.774042,1.598752
nonmember,18138,2,2,1,0.077268,0.925642,0.925642,0.398007,4.708877,3.438584,-0.398007
nonmember,3886,1,1,1,0.277025,0.758036,0.758036,0.961909,3.619707,2.382041,-0.961909
nonmember,25648,9,1,0,1.431322,0.238993,0.362331,1.874008,1.225322,-0.416126,1.874008
nonmember,494,3,3,1,0.620488,0.537682,0.537682,0.989450,3.674658,0.298254,-0.989450
nonmember,41255,2,2,1,0.789144,0.454233,0.454233,1.540249,2.531165,0.802922,-1.540249
nonmember,44570,8,8,1,0.620724,0.537555,0.537555,1.516466,2.435610,0.936546,-1.516466
nonmember,44746,0,0,1,0.016839,0.983302,0.983302,0.110664,6.289263,4.734830,-0.110664
nonmember,44497,5,7,0,1.776024,0.169310,0.490591,1.598685,1.314075,-1.063880,1.598685
nonmember,46971,6,6,1,1.561462,0.209829,0.209829,2.115594,0.960624,0.156372,-2.115594
nonmember,34538,9,3,0,3.001059,0.049734,0.401893,1.651600,0.027830,-2.089489,1.651600
nonmember,36470,0,0,1,0.024853,0.975454,0.975454,0.149426,6.054723,4.168847,-0.149426
nonmember,1274,5,5,1,0.562913,0.569547,0.569547,1.064435,4.037051,0.713084,-1.064435
nonmember,20430,9,9,1,0.029475,0.970956,0.970956,0.180086,5.611010,4.436070,-0.180086
nonmember,46255,4,4,1,0.274572,0.759897,0.759897,0.975903,3.479669,2.314775,-0.975903
nonmember,11986,8,8,1,0.103162,0.901981,0.901981,0.488618,4.418820,3.069768,-0.488618
nonmember,38766,2,2,1,0.619601,0.538159,0.538159,1.549833,2.553124,1.518051,-1.549833
nonmember,42236,8,8,1,0.061541,0.940315,0.940315,0.353097,4.525482,4.346707,-0.353097
nonmember,21273,9,3,0,1.677355,0.186868,0.230880,2.032185,0.939343,-0.211499,2.032185
nonmember,26103,6,6,1,0.445641,0.640414,0.640414,1.385626,2.730120,1.939521,-1.385626
nonmember,45569,1,1,1,0.084152,0.919291,0.919291,0.392912,5.197415,3.179403,-0.392912
nonmember,42099,6,6,1,0.561091,0.570586,0.570586,1.557582,2.468113,1.601839,-1.557582
nonmember,23974,3,3,1,0.164935,0.847949,0.847949,0.653791,4.369944,2.711828,-0.653791
nonmember,4439,3,3,1,0.779648,0.458567,0.458567,1.336521,2.841189,0.220589,-1.336521
nonmember,28111,7,7,1,0.680127,0.506553,0.506553,1.532749,2.517232,0.954311,-1.532749
nonmember,41761,8,8,1,0.126092,0.881534,0.881534,0.589068,4.054516,3.071346,-0.589068
nonmember,7908,5,4,0,2.476570,0.084031,0.511031,1.674606,0.479251,-1.805245,1.674606
nonmember,25026,5,5,1,0.174514,0.839865,0.839865,0.622060,4.693481,2.082350,-0.622060
nonmember,8268,0,0,1,0.138740,0.870454,0.870454,0.608090,4.279968,3.012326,-0.608090
nonmember,810,2,5,0,1.875480,0.153281,0.206640,2.172390,0.572279,-0.298704,2.172390
nonmember,41543,8,8,1,0.508749,0.601247,0.601247,1.495529,2.497011,1.969651,-1.495529
nonmember,9294,7,7,1,0.447491,0.639230,0.639230,1.185135,3.282657,1.175672,-1.185135
nonmember,2308,9,9,1,0.453521,0.635387,0.635387,1.260342,2.992332,1.414746,-1.260342
nonmember,30993,7,3,0,3.522989,0.029511,0.505188,1.638302,-0.564810,-2.840165,1.638302
nonmember,10781,9,9,1,0.412772,0.661813,0.661813,1.316775,2.853657,2.129586,-1.316775
nonmember,26901,7,7,1,0.640453,0.527054,0.527054,0.973945,3.588151,0.233777,-0.973945
nonmember,19273,0,0,1,0.514178,0.597992,0.597992,1.337490,2.838843,1.158067,-1.337490
nonmember,5218,3,7,0,4.344354,0.012980,0.568171,1.378351,-0.892447,-3.779021,1.378351
nonmember,10646,8,8,1,0.028087,0.972304,0.972304,0.183704,5.272657,4.897306,-0.183704
nonmember,517,3,7,0,2.073009,0.125807,0.425271,1.681589,1.146139,-1.217981,1.681589
nonmember,5795,8,0,0,1.312813,0.269062,0.348555,1.513322,2.259140,-0.258852,1.513322
nonmember,24720,0,2,0,1.369783,0.254162,0.649033,1.027868,2.652334,-0.937511,1.027868
nonmember,30853,9,9,1,0.028869,0.971544,0.971544,0.166309,5.832866,3.957717,-0.166309
nonmember,6482,3,3,1,0.544979,0.579854,0.579854,1.408876,2.794860,1.338492,-1.408876
nonmember,11118,4,3,0,1.952468,0.141923,0.251804,2.088430,0.606053,-0.573365,2.088430
nonmember,14095,7,7,1,0.009016,0.991025,0.991025,0.067751,6.676253,5.770696,-0.067751
nonmember,24870,6,6,1,0.073807,0.928851,0.928851,0.387858,4.716413,3.932273,-0.387858
nonmember,24076,9,9,1,0.258007,0.772590,0.772590,0.956421,3.399753,2.192450,-0.956421
nonmember,14090,4,4,1,1.313137,0.268975,0.268975,1.948368,1.507250,0.208913,-1.948368
nonmember,14311,1,0,0,1.229984,0.292297,0.419379,1.511338,2.087190,-0.361004,1.511338
nonmember,34187,2,2,1,0.225410,0.798189,0.798189,0.722844,4.250328,1.691564,-0.722844
nonmember,5388,9,9,1,0.011720,0.988348,0.988348,0.084351,6.426321,5.467758,-0.084351
nonmember,48152,9,9,1,0.083708,0.919700,0.919700,0.389637,4.836473,2.898226,-0.389637
nonmember,48966,3,3,1,1.323344,0.266244,0.266244,1.979831,1.381626,0.105519,-1.979831
nonmember,17496,3,1,0,2.442386,0.086953,0.289197,1.989653,0.286779,-1.201737,1.989653
nonmember,2898,6,6,1,0.517572,0.595966,0.595966,1.473298,2.577654,1.751827,-1.473298
nonmember,10610,8,8,1,0.349622,0.704955,0.704955,0.850260,4.148421,1.103364,-0.850260
nonmember,46773,4,4,1,0.446586,0.639809,0.639809,0.872391,4.623269,0.738590,-0.872391
nonmember,30937,8,8,1,0.550037,0.576929,0.576929,1.517087,2.520271,1.772865,-1.517087
nonmember,38030,2,6,0,2.286710,0.101600,0.440580,1.814313,0.502859,-1.467046,1.814313
nonmember,14872,8,8,1,0.022968,0.977294,0.977294,0.146364,5.790213,4.449559,-0.146364
nonmember,27346,6,6,1,0.384379,0.680873,0.680873,1.017165,3.597882,1.150513,-1.017165
nonmember,35749,9,9,1,0.118261,0.888464,0.888464,0.481166,4.478384,2.412152,-0.481166
nonmember,48744,8,8,1,0.517657,0.595915,0.595915,1.178154,3.062479,0.762649,-1.178154
nonmember,40659,7,3,0,2.526469,0.079941,0.179388,2.210863,-0.125060,-0.808262,2.210863
nonmember,3615,3,8,0,2.511528,0.081144,0.222751,2.171587,-0.077063,-1.009827,2.171587
nonmember,28819,3,3,1,0.485511,0.615383,0.615383,1.409762,2.782458,1.849525,-1.409762
nonmember,27372,4,4,1,0.277912,0.757363,0.757363,1.049517,3.203894,2.695949,-1.049517
nonmember,35671,8,8,1,0.376888,0.685993,0.685993,1.066659,3.342939,1.257929,-1.066659
nonmember,42400,0,0,1,0.500788,0.606053,0.606053,1.371574,2.732815,1.267175,-1.371574
nonmember,44214,5,5,1,0.159721,0.852382,0.852382,0.553058,4.729511,1.996046,-0.553058
nonmember,4185,1,1,1,0.210843,0.809901,0.809901,0.805033,3.894783,2.479036,-0.805033
nonmember,9037,8,8,1,0.320486,0.725797,0.725797,1.082893,3.151217,1.845734,-1.082893
nonmember,34421,0,0,1,0.079842,0.923262,0.923262,0.346595,5.670292,2.890914,-0.346595
nonmember,5489,6,6,1,1.162119,0.312823,0.312823,1.941046,1.566708,0.293886,-1.941046
nonmember,12492,0,0,1,0.199975,0.818751,0.818751,0.775551,3.896556,2.442229,-0.775551
nonmember,8124,1,1,1,0.160222,0.851954,0.851954,0.581651,4.407579,2.055133,-0.581651
nonmember,43228,4,4,1,0.414329,0.660784,0.660784,1.248204,2.872659,1.456628,-1.248204
nonmember,37155,9,7,0,1.826029,0.161052,0.274345,1.997169,0.887339,-0.532660,1.997169
nonmember,23109,8,8,1,0.038085,0.962631,0.962631,0.226050,5.266050,4.085208,-0.226050
nonmember,27118,3,3,1,0.749901,0.472413,0.472413,1.251122,3.437047,0.412452,-1.251122
nonmember,43508,0,0,1,0.105620,0.899766,0.899766,0.465988,4.743297,2.774895,-0.465988
nonmember,48196,9,9,1,0.017065,0.983080,0.983080,0.119486,5.873376,5.562558,-0.119486
nonmember,35086,1,1,1,0.225523,0.798099,0.798099,0.837926,3.680443,2.135209,-0.837926
nonmember,20218,7,7,1,0.427655,0.652036,0.652036,1.228967,3.143759,1.574459,-1.228967
nonmember,4540,0,8,0,2.167155,0.114503,0.738797,1.000717,1.651313,-1.864423,1.000717
nonmember,11583,0,0,1,0.042015,0.958856,0.958856,0.240544,5.410797,4.121987,-0.240544
nonmember,17155,3,3,1,0.279508,0.756156,0.756156,0.628457,5.400128,1.185359,-0.628457
nonmember,30797,7,7,1,0.131857,0.876466,0.876466,0.592080,4.319381,3.190413,-0.592080
nonmember,45372,8,8,1,0.012380,0.987696,0.987696,0.092271,6.086282,5.996981,-0.092271
nonmember,44630,0,8,0,2.311845,0.099078,0.457776,1.570539,1.056497,-1.530469,1.570539
nonmember,48854,6,6,1,0.232588,0.792480,0.792480,0.835854,4.000015,2.382713,-0.835854
nonmember,18817,9,9,1,0.177636,0.837247,0.837247,0.661095,4.130217,2.105576,-0.661095
nonmember,35911,8,8,1,0.199220,0.819370,0.819370,0.766363,3.795090,2.188782,-0.766363
nonmember,20237,8,2,0,1.655533,0.190990,0.369242,1.773529,1.230277,-0.659229,1.773529
nonmember,42836,6,6,1,0.274854,0.759683,0.759683,0.937650,3.700332,1.954831,-0.937650
nonmember,4939,7,7,1,0.160932,0.851350,0.851350,0.696035,4.022050,2.907707,-0.696035
nonmember,5189,2,4,0,1.001082,0.367481,0.377892,1.412278,2.630596,-0.027935,1.412278
nonmember,35707,8,0,0,1.895809,0.150197,0.368836,1.820307,0.941516,-0.898406,1.820307
nonmember,16814,3,3,1,0.692024,0.500562,0.500562,1.712089,2.176339,1.470788,-1.712089
nonmember,5989,7,7,1,0.047571,0.953542,0.953542,0.281683,4.899894,4.238634,-0.281683
nonmember,38558,2,2,1,0.294421,0.744963,0.744963,1.066312,3.313555,2.528448,-1.066312
nonmember,47042,0,0,1,0.050692,0.950572,0.950572,0.271469,5.262233,3.550650,-0.271469
nonmember,31327,8,8,1,0.552505,0.575506,0.575506,1.523323,2.473867,1.603027,-1.523323
nonmember,45935,4,8,0,2.844323,0.058174,0.239319,2.115847,-0.321062,-1.414363,2.115847
nonmember,8341,2,3,0,1.661898,0.189778,0.212584,2.036800,1.030565,-0.113481,2.036800
nonmember,33833,3,3,1,1.011943,0.363512,0.363512,1.625258,2.297922,0.336702,-1.625258
nonmember,42083,0,0,1,0.052440,0.948911,0.948911,0.297902,4.948411,4.120233,-0.297902
nonmember,21963,7,7,1,0.351161,0.703871,0.703871,1.185346,2.998044,2.109774,-1.185346
nonmember,26640,5,5,1,1.049297,0.350184,0.350184,1.957521,1.622219,0.819511,-1.957521
nonmember,6070,3,5,0,1.486486,0.226166,0.751012,0.672801,3.886303,-1.200153,0.672801
nonmember,25584,7,3,0,2.075949,0.125437,0.308196,1.872070,0.767316,-0.898929,1.872070
nonmember,28348,2,4,0,1.437233,0.237584,0.286670,1.863929,1.464782,-0.187809,1.863929
nonmember,36138,2,3,0,2.923644,0.053738,0.294424,2.039334,-0.288006,-1.700910,2.039334
nonmember,3500,6,6,1,1.134365,0.321626,0.321626,1.867945,1.724243,0.603599,-1.867945
nonmember,7164,5,3,0,1.608354,0.200217,0.324541,1.807354,1.382713,-0.483011,1.807354
nonmember,23200,4,5,0,3.433250,0.032282,0.673745,0.957228,0.661968,-3.038347,0.957228
nonmember,17725,4,4,1,0.666740,0.513380,0.513380,1.584123,2.403008,1.238265,-1.584123
nonmember,35925,4,4,1,0.862675,0.422032,0.422032,1.644014,2.147808,0.387419,-1.644014
nonmember,11713,2,5,0,1.202051,0.300577,0.490173,1.339915,2.496077,-0.489053,1.339915
nonmember,27519,4,4,1,0.256766,0.773549,0.773549,0.908464,3.716000,2.328633,-0.908464
nonmember,47661,5,5,1,0.195161,0.822702,0.822702,0.676865,4.447265,1.939079,-0.676865
nonmember,30210,8,8,1,0.066015,0.936116,0.936116,0.358800,4.711677,3.712831,-0.358800
nonmember,23818,8,8,1,0.120188,0.886754,0.886754,0.557401,4.248785,3.392527,-0.557401
nonmember,45831,5,5,1,0.039176,0.961582,0.961582,0.180296,7.084331,3.317633,-0.180296
nonmember,23280,1,1,1,0.524131,0.592070,0.592070,1.509404,2.502759,1.879779,-1.509404
nonmember,509,8,8,1,0.042364,0.958521,0.958521,0.238037,5.275275,3.715631,-0.238037
nonmember,4416,9,9,1,0.064523,0.937515,0.937515,0.360281,4.605780,4.220850,-0.360281
nonmember,16270,5,6,0,2.270307,0.103280,0.698713,1.096434,1.439146,-1.911792,1.096434
nonmember,30410,7,7,1,0.061581,0.940277,0.940277,0.307745,5.105535,3.197898,-0.307745
nonmember,16290,2,4,0,1.257214,0.284445,0.447562,1.556734,1.926577,-0.453274,1.556734
nonmember,107,5,3,0,0.800209,0.449235,0.499558,0.940447,3.899527,-0.106177,0.940447
nonmember,28485,4,4,1,0.257377,0.773076,0.773076,0.912796,3.714674,2.010876,-0.912796
nonmember,13858,1,9,0,1.711524,0.180590,0.542245,1.540738,1.299854,-1.099487,1.540738
nonmember,34259,0,2,0,1.766873,0.170866,0.427382,1.640430,1.376221,-0.916796,1.640430
nonmember,966,4,4,1,0.640898,0.526819,0.526819,1.536695,2.613991,1.382372,-1.536695
nonmember,16106,6,6,1,0.158209,0.853672,0.853672,0.568851,4.964467,2.135325,-0.568851
nonmember,31146,3,5,0,2.241802,0.106267,0.849147,0.577859,2.929855,-2.078279,0.577859
nonmember,21417,4,3,0,1.055932,0.347868,0.459112,1.342373,2.620355,-0.277470,1.342373
nonmember,17002,1,1,1,0.077109,0.925789,0.925789,0.387828,4.711595,3.353889,-0.387828
nonmember,44375,8,8,1,0.030416,0.970042,0.970042,0.177065,5.789331,4.032362,-0.177065
nonmember,46610,1,1,1,0.049733,0.951483,0.951483,0.265003,5.158216,3.483969,-0.265003
nonmember,38836,9,9,1,0.578950,0.560487,0.560487,1.376398,2.634602,0.853383,-1.376398
nonmember,30773,9,0,0,2.059339,0.127538,0.367090,1.958434,0.675387,-1.057191,1.958434
nonmember,4608,2,2,1,0.195014,0.822823,0.822823,0.715708,4.140082,2.070060,-0.715708
nonmember,44260,5,4,0,1.757059,0.172552,0.383921,1.788638,1.150634,-0.799740,1.788638
nonmember,2548,9,9,1,0.119686,0.887199,0.887199,0.588292,3.903546,3.475150,-0.588292
nonmember,17537,7,7,1,0.439003,0.644679,0.644679,1.136052,3.267692,1.121786,-1.136052
nonmember,39847,2,6,0,1.534806,0.215497,0.366065,1.861838,1.315036,-0.529863,1.861838
nonmember,30052,0,0,1,0.821003,0.439990,0.439990,1.782068,2.074808,1.190881,-1.782068
nonmember,29193,9,9,1,0.021010,0.979210,0.979210,0.142977,5.572280,5.122827,-0.142977
nonmember,29073,9,9,1,0.013534,0.986558,0.986558,0.095955,6.176196,5.300572,-0.095955
nonmember,18906,0,0,1,0.632671,0.531171,0.531171,1.468245,2.729294,1.149772,-1.468245
nonmember,25777,5,4,0,3.120605,0.044130,0.195695,2.133143,-0.622279,-1.489404,2.133143
nonmember,41741,0,0,1,0.060556,0.941241,0.941241,0.342183,4.674959,4.086837,-0.342183
nonmember,11242,1,1,1,0.097058,0.907504,0.907504,0.464967,4.520687,3.264451,-0.464967
nonmember,1516,4,4,1,1.692439,0.184070,0.184070,2.164469,0.707147,0.041366,-2.164469
nonmember,47585,0,0,1,0.294895,0.744610,0.744610,1.086650,3.078935,2.274159,-1.086650
nonmember,1463,0,0,1,0.151435,0.859474,0.859474,0.634789,4.161438,2.563864,-0.634789
nonmember,33242,0,0,1,0.919404,0.398757,0.398757,1.860469,1.875377,0.985000,-1.860469
nonmember,11031,0,1,0,1.096898,0.333905,0.483415,1.334752,2.390368,-0.370019,1.334752
nonmember,29105,9,9,1,0.127773,0.880053,0.880053,0.555639,4.128383,2.572806,-0.555639
nonmember,39325,3,0,0,1.472076,0.229449,0.249851,1.757887,1.694693,-0.085188,1.757887
nonmember,18885,1,3,0,6.099495,0.002244,0.788760,0.617900,-0.739187,-5.862201,0.617900
nonmember,43788,9,9,1,0.036605,0.964057,0.964057,0.214817,5.442372,4.034149,-0.214817
nonmember,5941,8,8,1,0.089343,0.914532,0.914532,0.437441,4.562869,3.137736,-0.437441
nonmember,44749,0,8,0,1.700510,0.182590,0.633925,1.239733,1.831641,-1.244685,1.239733
nonmember,27776,5,5,1,0.149587,0.861063,0.861063,0.518351,4.824751,2.033554,-0.518351
nonmember,23568,8,8,1,0.063849,0.938146,0.938146,0.349625,4.662116,3.650131,-0.349625
nonmember,38453,8,8,1,0.162548,0.849975,0.849975,0.540809,4.859573,1.919232,-0.540809
nonmember,377,3,5,0,1.171192,0.309997,0.333413,1.824801,1.580093,-0.072818,1.824801
nonmember,5652,7,7,1,0.278406,0.756989,0.756989,0.986342,3.662159,2.368000,-0.986342
nonmember,23571,7,7,1,0.302075,0.739283,0.739283,1.032712,3.515264,2.099700,-1.032712
nonmember,5298,4,4,1,0.691395,0.500877,0.500877,1.366896,2.748015,0.491745,-1.366896
nonmember,35229,3,8,0,1.442519,0.236332,0.660828,1.025671,2.589933,-1.028258,1.025671
nonmember,42486,4,3,0,2.941708,0.052776,0.245699,1.904366,-0.107478,-1.538058,1.904366
nonmember,20433,7,7,1,0.046528,0.954538,0.954538,0.263806,5.248933,3.852313,-0.263806
nonmember,14143,7,7,1,0.100464,0.904418,0.904418,0.405141,5.396007,2.526253,-0.405141
nonmember,12004,6,5,0,2.010648,0.133902,0.358908,1.637885,1.214355,-0.985959,1.637885
nonmember,25803,4,4,1,0.940607,0.390391,0.390391,1.449594,2.811560,0.325506,-1.449594
nonmember,47300,4,4,1,0.576869,0.561654,0.561654,1.475615,2.628750,1.302933,-1.475615
nonmember,2867,2,0,0,2.123522,0.119610,0.299782,1.932336,0.768150,-0.918823,1.932336
nonmember,40004,5,7,0,1.707309,0.181353,0.226251,2.036966,0.938660,-0.221198,2.036966
nonmember,27804,5,5,1,1.230722,0.292082,0.292082,2.048794,1.349460,0.486727,-2.048794
nonmember,31557,5,5,1,0.449429,0.637992,0.637992,0.987363,3.615733,0.816280,-0.987363
nonmember,32460,0,4,0,2.083435,0.124502,0.263809,2.128991,0.386770,-0.750907,2.128991
nonmember,10385,4,4,1,0.791249,0.453279,0.453279,1.593838,2.414150,0.705904,-1.593838
nonmember,26961,2,6,0,1.075182,0.341236,0.600753,0.944842,3.305849,-0.565611,0.944842
nonmember,18352,7,7,1,0.056171,0.945378,0.945378,0.311835,4.979771,3.802510,-0.311835
nonmember,25478,2,3,0,2.906535,0.054665,0.341944,1.899739,-0.087439,-1.833426,1.899739
nonmember,15081,7,7,1,0.197195,0.821030,0.821030,0.810969,3.791329,2.972195,-0.810969
nonmember,34895,4,4,1,1.552972,0.211618,0.211618,2.052265,1.023440,0.129425,-2.052265
nonmember,44731,0,0,1,0.688075,0.502543,0.502543,1.473905,2.569880,0.735557,-1.473905
nonmember,15771,6,6,1,0.721130,0.486202,0.486202,1.559247,2.676214,1.127906,-1.559247
nonmember,28443,2,2,1,0.275822,0.758948,0.758948,0.965777,3.650454,2.052351,-0.965777
nonmember,37100,7,7,1,0.487591,0.614104,0.614104,1.427366,2.765131,2.080715,-1.427366
nonmember,21450,5,5,1,0.395987,0.673016,0.673016,1.176119,3.121909,1.491148,-1.176119
nonmember,49134,8,8,1,0.078304,0.924684,0.924684,0.405593,4.613337,3.544277,-0.405593
nonmember,14576,4,4,1,0.496886,0.608422,0.608422,1.338182,2.859747,1.391072,-1.338182
nonmember,46216,2,2,1,0.526407,0.590724,0.590724,1.344607,2.921285,1.176319,-1.344607
nonmember,9298,3,5,0,1.267230,0.281611,0.589563,1.165125,2.449647,-0.738856,1.165125
nonmember,6112,0,0,1,0.054316,0.947132,0.947132,0.258817,5.655365,3.146026,-0.258817
nonmember,42446,0,8,0,1.178486,0.307744,0.604223,1.049979,2.776106,-0.674673,1.049979
nonmember,8372,7,7,1,0.088234,0.915547,0.915547,0.426631,4.829885,3.175641,-0.426631
nonmember,47325,7,7,1,0.050546,0.950710,0.950710,0.245730,6.391048,3.445857,-0.245730
nonmember,46340,6,6,1,0.029960,0.970484,0.970484,0.189162,5.525638,4.889138,-0.189162
nonmember,30311,3,3,1,0.134555,0.874105,0.874105,0.428114,6.634565,2.029499,-0.428114
nonmember,41414,0,0,1,0.034189,0.966388,0.966388,0.210193,5.275127,4.283135,-0.210193
nonmember,41531,5,3,0,1.815702,0.162724,0.572325,1.409173,1.646271,-1.257653,1.409173
nonmember,10930,9,9,1,0.030310,0.970144,0.970144,0.191461,5.335884,4.586936,-0.191461
nonmember,12472,2,2,1,0.919961,0.398535,0.398535,1.865990,1.884662,0.891430,-1.865990
nonmember,46842,5,5,1,0.368492,0.691777,0.691777,1.137364,3.092508,1.713526,-1.137364
nonmember,16541,0,0,1,0.585674,0.556731,0.556731,1.286243,2.885008,0.672024,-1.286243
nonmember,48305,4,4,1,0.243552,0.783839,0.783839,0.850852,4.061956,2.287410,-0.850852
nonmember,8357,7,7,1,1.321553,0.266721,0.266721,1.950489,1.458755,0.184149,-1.950489
nonmember,1179,7,7,1,0.305420,0.736814,0.736814,0.905202,3.696019,1.412927,-0.905202
nonmember,18948,2,2,1,0.558185,0.572247,0.572247,1.175961,3.149653,0.632623,-1.175961
nonmember,29360,6,2,0,1.882093,0.152271,0.300591,1.657922,1.392619,-0.680088,1.657922
nonmember,1801,5,3,0,1.767868,0.170697,0.313740,1.724308,1.591986,-0.608677,1.724308
nonmember,20485,4,4,1,0.330125,0.718834,0.718834,0.845970,4.159359,1.181252,-0.845970
nonmember,42680,7,7,1,0.087021,0.916658,0.916658,0.439922,4.546261,3.352093,-0.439922
nonmember,37227,6,6,1,0.552330,0.575607,0.575607,1.480574,2.674969,1.568768,-1.480574
nonmember,31233,9,9,1,0.124065,0.883322,0.883322,0.587318,4.087120,3.447449,-0.587318
nonmember,19780,3,2,0,2.515013,0.080862,0.517927,1.611635,0.614730,-1.857092,1.611635
nonmember,17354,5,3,0,1.793423,0.166390,0.468887,1.751086,1.028947,-1.036030,1.751086
nonmember,46023,3,3,1,0.337142,0.713807,0.713807,1.017841,3.651452,1.514532,-1.017841
nonmember,16841,6,2,0,1.165320,0.311823,0.522644,1.254908,2.645853,-0.516465,1.254908
nonmember,42748,6,3,0,1.368015,0.254612,0.447058,1.637554,1.624975,-0.562949,1.637554
nonmember,22390,5,5,1,0.644482,0.524934,0.524934,1.480810,2.573782,0.812907,-1.480810
nonmember,19813,4,4,1,0.536927,0.584542,0.584542,1.258884,3.295776,0.965220,-1.258884
nonmember,14880,9,9,1,1.098511,0.333367,0.333367,1.942624,1.541862,0.460568,-1.942624
nonmember,33075,9,9,1,0.215241,0.806347,0.806347,0.879954,3.435492,2.827109,-0.879954
nonmember,2043,6,6,1,0.145383,0.864691,0.864691,0.530593,4.844498,2.126749,-0.530593
nonmember,42923,6,6,1,0.262273,0.769301,0.769301,0.709391,4.515795,1.377598,-0.709391
nonmember,49502,9,9,1,0.047465,0.953644,0.953644,0.262512,5.333390,3.736493,-0.262512
nonmember,39426,2,4,0,0.881121,0.414318,0.479978,1.167419,2.832582,-0.147106,1.167419
nonmember,12597,6,6,1,0.179375,0.835792,0.835792,0.771234,3.704172,2.861762,-0.771234
nonmember,42394,2,2,1,0.573921,0.563313,0.563313,1.338895,2.880792,0.850909,-1.338895
nonmember,26764,0,2,0,1.620650,0.197770,0.212113,1.902988,1.304970,-0.070014,1.902988
nonmember,40919,8,8,1,1.416521,0.242556,0.242556,2.090151,1.124328,0.405593,-2.090151
nonmember,45953,2,7,0,2.144485,0.117128,0.644999,1.350500,1.052797,-1.705979,1.350500
nonmember,30876,7,7,1,0.036970,0.963705,0.963705,0.207906,5.800019,3.979479,-0.207906
nonmember,47743,9,9,1,0.271042,0.762585,0.762585,1.028221,3.224338,2.860945,-1.028221
nonmember,29274,0,0,1,0.072789,0.929797,0.929797,0.289107,6.182674,2.691824,-0.289107
nonmember,2858,4,8,0,2.167484,0.114465,0.405307,1.763017,0.709311,-1.264372,1.763017
nonmember,40621,0,0,1,0.119317,0.887526,0.887526,0.565086,4.149279,3.093625,-0.565086
nonmember,9739,9,0,0,2.625222,0.072424,0.711474,1.157686,0.924770,-2.284805,1.157686
nonmember,13755,1,1,1,0.111398,0.894583,0.894583,0.432937,5.005999,2.370902,-0.432937
nonmember,12668,0,0,1,0.096671,0.907854,0.907854,0.463490,4.457840,2.993057,-0.463490
nonmember,28007,5,4,0,1.916229,0.147161,0.200401,2.109810,0.588197,-0.308796,2.109810
nonmember,18868,6,6,1,0.342264,0.710161,0.710161,0.876405,3.924168,1.143617,-0.876405
nonmember,16670,6,6,1,1.014286,0.362661,0.362661,1.864766,1.805385,0.583147,-1.864766
nonmember,1346,5,5,1,0.871462,0.418340,0.418340,1.398698,2.689338,0.122528,-1.398698
nonmember,43232,1,1,1,0.425314,0.653565,0.653565,0.864138,4.276481,0.787271,-0.864138
nonmember,27023,4,0,0,2.448910,0.086388,0.480025,1.568744,0.802222,-1.714992,1.568744
nonmember,9377,5,7,0,3.227565,0.039654,0.477441,1.700457,-0.286665,-2.488250,1.700457
nonmember,3102,0,0,1,1.045395,0.351553,0.351553,1.890748,1.702960,0.693814,-1.890748
nonmember,5613,5,5,1,0.065239,0.936844,0.936844,0.304062,5.323703,3.017784,-0.304062
nonmember,1427,3,5,0,1.238352,0.289862,0.382383,1.668252,1.831048,-0.277018,1.668252
nonmember,23037,7,4,0,2.506186,0.081579,0.471211,1.525847,0.850004,-1.753738,1.525847
nonmember,29159,3,4,0,3.174831,0.041801,0.385161,1.851075,-0.418893,-2.220736,1.851075
nonmember,49552,5,5,1,0.407598,0.665246,0.665246,1.219448,2.969388,1.453635,-1.219448
nonmember,44069,6,6,1,0.239194,0.787262,0.787262,0.908208,3.518023,2.334392,-0.908208
nonmember,16742,2,2,1,0.969759,0.379175,0.379175,1.861717,1.835684,0.664627,-1.861717
nonmember,14558,3,4,0,2.203373,0.110430,0.335449,2.014266,0.404353,-1.111089,2.014266
nonmember,33889,5,5,1,0.803766,0.447640,0.447640,1.632989,2.234607,0.581179,-1.632989
nonmember,18273,0,0,1,0.080534,0.922623,0.922623,0.421959,4.511262,3.572506,-0.421959
nonmember,32025,0,0,1,1.213111,0.297271,0.297271,1.935525,1.448048,0.146942,-1.935525
nonmember,20318,2,2,1,0.163815,0.848899,0.848899,0.672373,4.303987,2.526359,-0.672373
nonmember,9842,3,3,1,0.327472,0.720743,0.720743,0.976390,3.572412,1.432725,-0.976390
nonmember,12151,6,6,1,0.094723,0.909625,0.909625,0.449072,4.625618,2.974830,-0.449072
nonmember,31993,4,4,1,0.113055,0.893101,0.893101,0.555240,4.109884,3.670421,-0.555240
nonmember,45180,6,3,0,1.406633,0.244967,0.369404,1.357139,2.411534,-0.410769,1.357139
nonmember,22719,9,9,1,0.922734,0.397431,0.397431,1.737337,1.998339,0.755066,-1.737337
nonmember,13557,2,2,1,0.402633,0.668557,0.668557,1.101007,3.336527,1.203035,-1.101007
nonmember,6136,1,1,1,0.065922,0.936203,0.936203,0.362137,4.743037,4.206409,-0.362137
nonmember,48215,1,1,1,0.039624,0.961151,0.961151,0.214000,5.770019,3.707093,-0.214000
nonmember,5288,5,5,1,0.352496,0.702931,0.702931,0.966817,3.803224,1.271478,-0.966817
nonmember,46935,0,0,1,0.372125,0.689268,0.689268,0.886388,4.049023,1.032236,-0.886388
nonmember,27443,5,2,0,1.494348,0.224395,0.456968,1.461480,1.979434,-0.711205,1.461480
nonmember,21203,9,6,0,3.240391,0.039149,0.469646,1.552949,-0.036673,-2.484614,1.552949
nonmember,14014,3,3,1,0.224746,0.798719,0.798719,0.844170,3.815547,2.584211,-0.844170
nonmember,32342,5,2,0,2.181149,0.112912,0.243780,1.965022,0.560372,-0.769661,1.965022
nonmember,7653,2,3,0,1.608024,0.200283,0.509326,1.531509,1.633103,-0.933358,1.531509
nonmember,37575,9,1,0,1.885536,0.151748,0.289762,1.925748,0.846917,-0.646840,1.925748
nonmember,10772,7,7,1,0.145235,0.864819,0.864819,0.595984,4.853012,2.570429,-0.595984
nonmember,23700,3,6,0,2.561066,0.077222,0.597347,1.531635,0.418150,-2.045809,1.531635
nonmember,23665,5,5,1,0.409566,0.663938,0.663938,0.936586,4.127539,1.028447,-0.936586
nonmember,7900,8,8,1,0.053314,0.948083,0.948083,0.299121,4.899938,3.792250,-0.299121
nonmember,17894,8,8,1,0.131951,0.876384,0.876384,0.579273,4.336915,2.942500,-0.579273
nonmember,43065,3,3,1,1.022330,0.359756,0.359756,1.606261,2.264027,0.097697,-1.606261
nonmember,22910,6,6,1,0.024389,0.975906,0.975906,0.146858,6.551020,4.349401,-0.146858
nonmember,49811,7,5,0,2.448591,0.086415,0.188337,2.144342,0.030797,-0.779070,2.144342
nonmember,41998,3,8,0,2.849265,0.057887,0.834591,0.757546,1.061734,-2.668451,0.757546
nonmember,25066,0,8,0,0.963898,0.381403,0.451298,1.317603,2.611623,-0.168272,1.317603
nonmember,31716,5,7,0,1.656301,0.190844,0.234335,2.034699,0.963361,-0.205299,2.034699
nonmember,45600,1,1,1,0.939054,0.390998,0.390998,1.541214,2.313416,0.086670,-1.541214
nonmember,2935,9,9,1,0.907212,0.403648,0.403648,1.891845,1.803108,1.171782,-1.891845
nonmember,16584,6,6,1,0.797645,0.450388,0.450388,1.802201,1.986915,1.336079,-1.802201
nonmember,2232,8,4,0,1.642206,0.193553,0.418660,1.652912,1.399129,-0.771510,1.652912
nonmember,3592,7,3,0,1.588143,0.204305,0.340026,1.871199,1.336530,-0.509411,1.871199
nonmember,42985,4,7,0,1.803600,0.164705,0.189715,2.187861,0.576366,-0.141367,2.187861
nonmember,36155,0,0,1,0.283710,0.752985,0.752985,0.922603,3.752296,1.943563,-0.922603
nonmember,47066,9,9,1,0.039744,0.961035,0.961035,0.229734,5.466774,3.996423,-0.229734
nonmember,38474,7,7,1,0.019029,0.981151,0.981151,0.125715,6.041553,4.767423,-0.125715
nonmember,46637,0,0,1,0.009988,0.990061,0.990061,0.075898,6.293657,5.918764,-0.075898
nonmember,35025,7,7,1,0.300024,0.740800,0.740800,1.015692,3.463164,2.092966,-1.015692
nonmember,4216,7,7,1,0.448288,0.638720,0.638720,1.360088,2.726591,1.857732,-1.360088
nonmember,20814,6,6,1,0.261100,0.770204,0.770204,0.806501,3.927088,1.559900,-0.806501
nonmember,8508,7,7,1,0.308520,0.734533,0.734533,1.004015,3.446879,1.713725,-1.004015
nonmember,30144,2,2,1,1.616937,0.198506,0.198506,2.134553,0.908308,0.000539,-2.134553
nonmember,7279,2,2,1,0.716082,0.488663,0.488663,1.705951,2.178071,1.297846,-1.705951
nonmember,31211,4,4,1,0.065574,0.936530,0.936530,0.359775,4.667726,3.839406,-0.359775
nonmember,45193,2,4,0,1.709895,0.180885,0.366514,1.867659,1.022500,-0.706177,1.867659
nonmember,43540,8,8,1,1.416318,0.242606,0.242606,2.010178,1.301441,0.115848,-2.010178
nonmember,34182,4,4,1,0.508185,0.601586,0.601586,1.295138,2.945043,1.143369,-1.295138
nonmember,43808,4,4,1,0.145380,0.864693,0.864693,0.664739,3.845292,3.060566,-0.664739
nonmember,33601,3,2,0,1.039899,0.353490,0.391454,1.475627,2.592208,-0.102012,1.475627
nonmember,30265,7,4,0,1.960435,0.140797,0.410942,1.744987,1.117873,-1.071131,1.744987
nonmember,21327,4,4,1,0.007143,0.992882,0.992882,0.053083,7.274705,5.817761,-0.053083
nonmember,1332,9,9,1,0.190661,0.826413,0.826413,0.803469,3.659071,2.851773,-0.803469
nonmember,22872,6,5,0,1.754202,0.173045,0.264762,1.777308,1.396947,-0.425278,1.777308
nonmember,15159,9,9,1,0.412528,0.661975,0.661975,1.182146,3.146807,1.563990,-1.182146
nonmember,46012,8,8,1,0.273797,0.760486,0.760486,0.997468,3.317393,2.077603,-0.997468
nonmember,278,9,9,1,0.020980,0.979239,0.979239,0.135127,5.933238,4.525426,-0.135127
nonmember,6646,8,8,1,0.246398,0.781611,0.781611,0.960716,3.360833,2.662475,-0.960716
nonmember,26413,6,6,1,0.330613,0.718483,0.718483,1.150911,3.105380,2.473073,-1.150911
nonmember,13902,0,0,1,0.221878,0.801013,0.801013,0.854338,3.678407,2.407205,-0.854338
nonmember,6352,5,5,1,0.395263,0.673503,0.673503,0.815106,4.789094,0.870709,-0.815106
nonmember,23335,5,5,1,0.156170,0.855413,0.855413,0.528540,4.811485,1.969095,-0.528540
nonmember,49537,6,6,1,0.351126,0.703895,0.703895,1.127486,3.295547,1.960996,-1.127486
nonmember,37824,9,9,1,0.026922,0.973437,0.973437,0.168803,5.787100,4.596846,-0.168803
nonmember,6275,9,9,1,0.026831,0.973525,0.973525,0.164702,5.765757,4.389208,-0.164702
nonmember,15599,7,7,1,0.223821,0.799458,0.799458,0.840960,3.862194,2.244758,-0.840960
