true_member,predicted_member,attack_score,true_class
1,1,0.588058,7
1,1,0.571878,8
1,1,0.546513,0
1,1,0.545158,6
1,0,0.472796,1
1,1,0.560964,6
1,1,0.571285,8
1,0,0.249430,0
1,1,0.555383,6
1,0,0.464318,5
1,1,0.597876,2
1,1,0.590769,5
1,1,0.549759,0
1,1,0.548141,7
1,0,0.393212,1
1,1,0.558721,6
1,0,0.325238,5
1,1,0.547103,6
1,1,0.529575,6
1,1,0.612316,5
1,0,0.402070,0
1,1,0.522412,5
1,1,0.595550,7
1,1,0.575882,2
1,1,0.555463,4
1,1,0.615300,4
1,0,0.292209,5
1,0,0.413004,5
1,1,0.621986,4
1,1,0.571247,8
1,0,0.479739,4
1,1,0.680601,3
1,1,0.529822,5
1,1,0.566126,0
1,1,0.582422,0
1,1,0.554742,8
1,0,0.164435,0
1,1,0.563568,1
1,1,0.564823,8
1,1,0.550750,0
1,1,0.505178,3
1,1,0.536605,0
1,1,0.536435,0
1,1,0.549976,0
1,1,0.554227,9
1,0,0.202564,4
1,0,0.257942,4
1,1,0.560487,6
1,1,0.589345,7
1,1,0.547973,6
1,1,0.561522,9
1,1,0.570641,0
1,1,0.561326,9
1,1,0.561624,9
1,1,0.547836,4
1,0,0.182280,3
1,0,0.481167,6
1,1,0.661428,2
1,0,0.078662,9
1,1,0.532619,9
1,1,0.569370,8
1,0,0.253329,4
1,0,0.454907,4
1,1,0.566175,8
1,1,0.544823,1
1,1,0.561112,1
1,1,0.675063,3
1,1,0.527909,9
1,1,0.531641,1
1,1,0.621524,5
1,1,0.536844,0
1,1,0.548882,3
1,1,0.526490,0
1,1,0.546084,2
1,1,0.650481,2
1,1,0.543095,7
1,1,0.576000,8
1,1,0.633581,3
1,0,0.492245,1
1,0,0.491278,8
1,1,0.607778,7
1,0,0.273077,5
1,1,0.556397,4
1,1,0.607843,0
1,1,0.632632,5
1,1,0.558842,7
1,1,0.570014,8
1,1,0.555950,1
1,0,0.429687,1
1,0,0.386283,4
1,1,0.571569,8
1,1,0.682645,3
1,1,0.619559,2
1,1,0.501435,2
1,1,0.620440,5
1,1,0.561036,9
1,1,0.572451,7
1,1,0.572253,7
1,0,0.461426,8
1,0,0.252684,8
1,0,0.131856,3
1,1,0.500097,4
1,1,0.547413,6
1,1,0.561887,1
1,1,0.566292,7
1,1,0.576503,8
1,1,0.511231,3
1,0,0.418699,7
1,1,0.560398,1
1,1,0.580097,7
1,1,0.553942,6
1,1,0.536369,4
1,1,0.572483,3
1,1,0.529385,0
1,1,0.614699,4
1,1,0.549896,6
1,0,0.463946,0
1,1,0.571081,8
1,0,0.497222,3
1,1,0.505317,3
1,1,0.506867,8
1,1,0.561614,9
1,1,0.552620,6
1,1,0.625668,5
1,1,0.548307,1
1,1,0.519248,4
1,1,0.530226,9
1,1,0.558388,2
1,1,0.613207,4
1,0,0.304726,3
1,1,0.587583,2
1,0,0.417835,4
1,1,0.562582,1
1,1,0.567379,0
1,1,0.554856,1
1,1,0.547970,6
1,0,0.488917,4
1,1,0.596433,2
1,0,0.343112,8
1,0,0.425832,2
1,1,0.572521,7
1,1,0.563956,1
1,0,0.271851,3
1,0,0.322087,6
1,1,0.635665,5
1,1,0.565432,8
1,1,0.570261,8
1,0,0.384984,5
1,0,0.413366,4
1,0,0.392661,6
1,1,0.625314,4
1,0,0.461215,1
1,1,0.626999,3
1,1,0.573192,7
1,1,0.553032,1
1,1,0.580586,7
1,1,0.571703,8
1,1,0.573468,7
1,0,0.362202,1
1,1,0.556463,1
1,0,0.438363,2
1,0,0.301194,5
1,1,0.529809,9
1,1,0.543989,1
1,1,0.546639,9
1,1,0.618850,2
1,1,0.509058,4
1,0,0.478052,5
1,1,0.597624,5
1,0,0.462650,2
1,1,0.600571,2
1,0,0.480498,3
1,0,0.316844,6
1,0,0.469114,3
1,1,0.557528,5
1,0,0.379800,6
1,1,0.635916,5
1,1,0.569827,8
1,0,0.391193,4
1,0,0.437779,8
1,1,0.630243,5
1,1,0.588673,7
1,0,0.400400,3
1,0,0.308802,9
1,1,0.622324,2
1,0,0.206224,1
1,1,0.571343,8
1,1,0.554915,6
1,0,0.279064,5
1,1,0.572362,7
1,1,0.591354,2
1,1,0.635607,5
1,1,0.509857,1
1,1,0.632952,3
1,0,0.484557,9
1,1,0.593298,4
1,1,0.572789,0
1,1,0.500178,8
1,0,0.362564,1
1,1,0.559052,1
1,0,0.455413,5
1,1,0.566290,1
1,1,0.590502,0
1,1,0.521518,9
1,1,0.546235,0
1,0,0.171992,4
1,1,0.545991,3
1,0,0.123227,5
1,1,0.624251,4
1,1,0.556847,6
1,0,0.431873,5
1,1,0.552566,9
1,1,0.591063,5
1,1,0.574953,8
1,1,0.565588,1
1,1,0.568742,0
1,1,0.583336,0
1,0,0.497141,2
1,1,0.556697,2
1,1,0.560471,1
1,1,0.579525,8
1,0,0.470418,5
1,1,0.547848,6
1,1,0.544191,0
1,1,0.571777,8
1,1,0.573846,2
1,1,0.525255,9
1,1,0.560266,9
1,0,0.337645,4
1,1,0.549527,6
1,1,0.519989,9
1,1,0.504932,4
1,1,0.585810,7
1,0,0.269810,4
1,1,0.613328,5
1,1,0.576975,7
1,1,0.624414,3
1,1,0.546508,6
1,1,0.597626,4
1,1,0.572953,7
1,1,0.505269,2
1,1,0.555501,6
1,0,0.234196,4
1,1,0.625424,5
1,1,0.561092,9
1,1,0.564682,7
1,1,0.573024,7
1,1,0.531641,3
1,1,0.525800,0
1,1,0.569320,7
1,1,0.572115,2
1,1,0.572407,7
1,1,0.623207,7
1,1,0.600114,4
1,1,0.510985,9
1,1,0.556937,4
1,1,0.569253,8
1,1,0.561655,1
1,0,0.451673,4
1,0,0.444831,1
1,1,0.590894,4
1,1,0.574701,7
1,0,0.400955,5
1,1,0.551144,6
1,1,0.549037,6
1,1,0.566145,0
1,1,0.630807,5
1,0,0.221783,9
1,1,0.561549,1
1,1,0.526309,9
1,1,0.503580,8
1,1,0.594628,2
1,1,0.539328,1
1,1,0.533615,5
1,1,0.542679,9
1,1,0.596056,4
1,1,0.600414,4
1,0,0.385198,4
1,1,0.573454,7
1,1,0.559328,9
1,1,0.560910,9
1,1,0.632793,0
1,1,0.599723,3
1,1,0.680092,2
1,1,0.573707,7
1,1,0.564507,8
1,1,0.531503,4
1,1,0.553170,9
1,1,0.534864,1
1,1,0.556366,2
1,1,0.572186,2
1,1,0.580869,7
1,1,0.565039,1
1,0,0.336190,3
1,1,0.566024,9
1,1,0.581472,7
1,1,0.623974,5
1,1,0.546304,6
1,1,0.555270,9
1,1,0.563024,5
1,1,0.551610,6
1,1,0.563752,3
1,1,0.613093,4
1,0,0.476196,8
1,1,0.572714,7
1,0,0.465224,3
1,1,0.530909,1
1,1,0.521932,8
1,1,0.577038,7
1,1,0.552631,6
1,1,0.559823,9
1,1,0.596275,0
1,1,0.573161,7
1,0,0.155870,4
1,0,0.203365,4
1,0,0.259376,9
1,1,0.574199,7
1,1,0.584265,3
1,1,0.564258,7
1,1,0.564101,1
1,1,0.543067,9
1,0,0.172771,3
1,1,0.612590,5
1,1,0.560390,9
1,1,0.516204,2
1,1,0.500210,3
1,1,0.501979,8
1,0,0.433366,3
1,1,0.673233,3
1,0,0.060691,3
1,1,0.512193,9
1,1,0.560240,9
1,1,0.547242,6
1,0,0.175255,8
1,1,0.546823,8
1,1,0.578102,2
1,1,0.509664,0
1,0,0.461553,4
1,0,0.405632,2
1,1,0.560410,9
1,1,0.566340,1
1,1,0.637495,5
1,0,0.179785,3
1,0,0.128959,0
1,1,0.594167,4
1,1,0.609971,2
1,1,0.569754,7
1,0,0.286446,0
1,0,0.444815,5
1,1,0.502570,9
1,1,0.555663,8
1,0,0.053264,6
1,0,0.493915,2
1,0,0.470699,1
1,0,0.136123,6
1,0,0.441506,6
1,1,0.526859,7
1,0,0.401421,2
1,0,0.296839,0
1,1,0.564856,2
1,0,0.237629,0
1,1,0.560779,9
1,1,0.554844,6
1,1,0.598096,3
1,1,0.546156,1
1,1,0.559166,1
1,1,0.571971,7
1,1,0.585273,3
1,0,0.483887,7
1,1,0.572040,0
1,1,0.573472,7
1,1,0.561743,8
1,0,0.335454,7
1,1,0.596235,2
1,1,0.566696,8
1,1,0.543210,6
1,1,0.568752,8
1,1,0.554378,6
1,1,0.547235,1
1,1,0.634139,5
1,0,0.260516,4
1,1,0.586959,7
1,0,0.498931,8
1,0,0.466619,9
1,0,0.400274,4
1,1,0.560893,9
1,1,0.546749,8
1,1,0.619879,4
1,1,0.534945,3
1,1,0.573131,7
1,1,0.604601,2
1,1,0.570814,3
1,1,0.593242,3
1,0,0.492453,7
1,0,0.454148,1
1,1,0.550127,6
1,0,0.355379,1
1,1,0.556223,6
1,0,0.485124,5
1,1,0.584945,3
1,1,0.571618,8
1,1,0.566936,3
1,1,0.653484,3
1,1,0.594939,3
1,1,0.700197,2
1,0,0.047178,0
1,1,0.574456,7
1,1,0.555436,9
1,0,0.441326,1
1,0,0.487487,2
1,0,0.011206,7
1,1,0.585726,0
1,1,0.591189,3
1,0,0.401320,0
1,1,0.542422,2
1,1,0.553526,0
1,1,0.558156,1
1,0,0.442728,6
1,1,0.636486,5
1,1,0.579814,7
1,1,0.600340,2
1,1,0.540841,9
1,0,0.380623,5
1,0,0.484173,6
1,0,0.327074,2
1,0,0.199061,3
1,1,0.574018,7
1,0,0.321087,2
1,1,0.569478,8
1,1,0.561714,7
1,1,0.545063,3
1,0,0.319510,5
1,1,0.623539,2
1,1,0.572115,7
1,0,0.401956,5
1,0,0.485332,3
1,0,0.487787,9
1,1,0.600203,2
1,1,0.521194,1
1,1,0.594358,7
1,0,0.492511,1
1,1,0.561101,9
1,1,0.560278,1
1,1,0.609917,3
1,1,0.573182,7
1,1,0.583674,7
1,1,0.551349,0
1,0,0.283299,3
1,1,0.560729,9
1,1,0.503552,7
1,1,0.571496,8
1,1,0.517574,4
1,0,0.394578,6
1,1,0.565176,8
1,0,0.322683,6
1,1,0.572581,0
1,1,0.569504,3
1,1,0.570102,8
1,1,0.524151,4
1,1,0.547734,6
1,1,0.505976,3
1,0,0.442476,4
1,1,0.574631,7
1,1,0.560350,9
1,1,0.547642,6
1,1,0.569493,8
1,1,0.557046,9
1,1,0.558106,9
1,0,0.483538,7
1,1,0.571841,8
1,1,0.577716,7
1,1,0.561217,4
1,1,0.573510,5
1,1,0.543731,3
1,1,0.555441,9
1,1,0.517877,5
1,0,0.242085,2
1,1,0.584989,7
1,1,0.637277,5
1,1,0.561432,9
1,0,0.124327,5
1,1,0.560879,1
1,1,0.572537,8
1,1,0.563905,7
1,1,0.569103,8
1,1,0.596978,7
1,1,0.559769,8
1,1,0.558589,6
1,0,0.345740,3
1,0,0.472842,6
1,1,0.584713,2
1,1,0.539283,0
1,1,0.680192,2
1,1,0.543889,9
1,1,0.691837,3
1,1,0.537348,3
1,1,0.594003,3
1,1,0.568490,8
1,0,0.246283,7
1,0,0.374812,3
1,1,0.562630,1
1,0,0.495301,4
1,1,0.562331,1
1,1,0.563600,0
1,0,0.464353,5
1,1,0.565350,8
1,1,0.510369,9
1,1,0.604959,3
1,1,0.556952,6
1,1,0.559251,9
1,0,0.372494,4
1,1,0.552579,9
1,1,0.555364,6
1,1,0.556651,1
1,1,0.528981,4
1,1,0.556115,6
1,0,0.478779,2
1,0,0.352895,4
1,1,0.604535,0
1,1,0.571469,8
1,1,0.573378,7
1,1,0.617722,4
1,0,0.347073,1
1,0,0.477440,4
1,0,0.284478,3
1,1,0.507307,3
1,1,0.571860,8
1,0,0.447732,1
1,0,0.248104,0
1,1,0.560558,9
1,1,0.503179,4
1,0,0.474560,1
1,1,0.573398,7
1,1,0.546660,6
1,1,0.587452,0
1,1,0.558114,1
1,0,0.492366,2
1,1,0.573702,7
1,1,0.571550,8
1,1,0.568170,0
1,0,0.386800,4
1,0,0.421824,5
1,1,0.571782,8
1,0,0.412285,4
1,0,0.239750,3
1,1,0.570528,8
1,0,0.214045,5
1,1,0.571672,7
1,0,0.478654,0
1,0,0.457796,1
1,1,0.570207,8
1,1,0.564776,1
1,1,0.601669,4
1,1,0.553959,6
1,1,0.569323,0
1,1,0.588414,7
1,1,0.537916,0
1,0,0.177763,8
1,0,0.222558,5
1,1,0.554132,3
1,1,0.562185,3
1,1,0.637308,5
1,1,0.505792,4
1,1,0.566441,8
1,0,0.444710,5
1,1,0.708615,3
1,1,0.573424,2
1,1,0.567873,3
1,1,0.563443,1
1,0,0.245233,8
1,1,0.636214,5
1,1,0.571501,8
1,1,0.571667,8
1,0,0.416888,5
1,1,0.572625,7
1,1,0.570266,9
1,0,0.083328,0
1,1,0.571026,8
1,1,0.563231,5
1,0,0.436578,3
1,1,0.562986,1
1,0,0.375247,7
1,1,0.551352,5
1,0,0.348372,9
1,0,0.240899,5
1,0,0.226519,7
1,1,0.577099,7
1,1,0.573559,2
1,1,0.561694,9
1,1,0.569313,9
1,0,0.245551,5
1,1,0.526659,9
1,1,0.623811,3
1,0,0.332151,6
1,0,0.497747,5
1,1,0.565209,0
1,1,0.533038,3
1,0,0.227529,2
1,0,0.437174,4
1,1,0.634985,5
1,1,0.509918,7
1,1,0.550907,6
1,1,0.541916,6
1,0,0.258401,9
1,0,0.447772,1
1,1,0.561090,9
1,0,0.336733,0
1,1,0.556493,9
1,1,0.572794,7
1,1,0.551234,6
1,1,0.538144,8
1,1,0.566184,7
1,1,0.571172,7
1,1,0.545932,9
1,1,0.584574,2
1,1,0.571821,8
1,1,0.608535,5
1,0,0.389815,5
1,1,0.506531,4
1,1,0.535857,2
1,1,0.627945,5
1,1,0.526837,4
1,1,0.551023,9
1,1,0.506193,9
1,1,0.591558,4
1,0,0.474535,4
1,0,0.346139,0
1,1,0.580083,7
1,1,0.510245,0
1,0,0.493732,0
1,0,0.338909,1
1,1,0.561152,9
1,0,0.482913,5
1,0,0.496319,4
1,1,0.584629,4
1,1,0.554519,9
1,1,0.560509,9
1,1,0.554071,5
1,1,0.533954,9
1,1,0.578017,7
1,1,0.563376,1
1,1,0.595362,7
1,1,0.627176,5
1,1,0.560573,9
1,1,0.702674,3
1,1,0.534406,4
1,1,0.559908,6
1,1,0.571767,8
1,1,0.586310,3
1,1,0.561268,8
1,1,0.558034,9
1,1,0.563452,0
1,1,0.579035,5
1,1,0.561452,9
1,1,0.622997,5
1,1,0.553333,6
1,0,0.467779,1
1,1,0.525601,2
1,1,0.551926,9
1,0,0.337915,5
1,0,0.418688,4
1,0,0.320188,6
1,1,0.576856,3
1,0,0.490709,6
1,1,0.543604,2
1,1,0.547142,6
1,1,0.523543,5
1,1,0.570816,8
1,0,0.426011,5
1,0,0.256500,3
1,1,0.561259,1
1,1,0.569177,5
1,1,0.601866,2
1,1,0.561668,8
1,1,0.545450,1
1,1,0.560993,9
1,1,0.620155,2
1,1,0.531581,4
1,0,0.394928,4
1,1,0.595841,7
1,1,0.577053,7
1,1,0.618853,5
1,1,0.563935,0
1,0,0.302473,8
1,1,0.585063,3
1,1,0.561329,9
1,1,0.537374,1
1,1,0.567138,1
1,0,0.405947,2
1,1,0.536108,0
1,1,0.641651,3
1,1,0.589893,4
1,1,0.536592,9
1,1,0.583283,4
1,1,0.558491,8
1,1,0.551522,6
1,1,0.563822,1
1,1,0.573301,7
1,0,0.474496,5
1,1,0.580008,5
1,1,0.535008,1
1,1,0.544130,9
1,1,0.564811,7
1,1,0.571735,8
1,1,0.691011,2
1,0,0.347227,4
1,1,0.607066,7
1,1,0.548005,6
1,0,0.490882,4
1,1,0.576513,7
1,1,0.573391,7
1,1,0.572543,7
1,1,0.599015,4
1,1,0.590243,7
1,1,0.501220,6
1,0,0.399842,3
1,1,0.556424,9
1,1,0.570303,3
1,1,0.613865,5
1,0,0.375924,2
1,0,0.323992,3
1,0,0.121443,6
1,1,0.574318,2
1,1,0.566830,1
1,1,0.559164,9
1,0,0.246190,2
1,1,0.536621,8
1,1,0.656869,3
1,1,0.588582,2
1,1,0.557670,1
1,1,0.557927,1
1,1,0.564186,0
1,1,0.650997,3
1,1,0.628693,5
1,1,0.558918,9
1,1,0.631686,2
1,1,0.520969,5
1,0,0.432775,5
1,1,0.544111,1
1,1,0.511533,4
1,1,0.556383,6
1,1,0.551330,8
1,1,0.559460,7
1,0,0.433485,2
1,1,0.527211,5
1,0,0.299996,2
1,1,0.562748,2
1,0,0.495767,1
1,1,0.515031,5
1,1,0.590990,2
1,1,0.538209,5
1,1,0.599626,5
1,1,0.571862,7
1,1,0.514288,9
1,1,0.570495,8
1,1,0.561529,9
1,0,0.048931,5
1,1,0.581074,0
1,0,0.297741,4
1,1,0.573029,7
1,1,0.517761,1
1,1,0.568664,0
1,1,0.565954,1
1,1,0.626343,3
1,0,0.477122,1
1,1,0.549449,6
1,0,0.397288,1
1,0,0.465770,6
1,1,0.569063,8
1,1,0.554936,8
1,1,0.559004,1
1,1,0.553276,8
1,1,0.524021,4
1,1,0.551566,6
1,1,0.569223,5
1,0,0.475277,5
1,1,0.575351,0
1,1,0.684203,2
1,1,0.623270,5
1,0,0.465687,1
1,1,0.563739,0
1,1,0.577189,7
1,1,0.556793,8
1,1,0.561378,2
1,0,0.353430,6
1,1,0.605835,5
1,0,0.383516,6
1,1,0.561319,8
1,1,0.556133,2
1,0,0.224456,9
1,1,0.562708,9
1,1,0.561183,1
1,1,0.534175,2
1,1,0.572166,0
1,1,0.587706,5
1,0,0.197214,0
1,0,0.351439,8
1,1,0.557504,9
1,1,0.565964,2
1,1,0.510279,5
1,1,0.689429,3
1,1,0.570624,8
1,1,0.569058,7
1,1,0.547103,6
1,0,0.468434,7
1,1,0.500103,8
1,1,0.636312,5
1,1,0.549273,6
1,1,0.609921,5
1,1,0.601344,2
1,1,0.572598,7
1,1,0.565891,1
1,0,0.428303,1
1,1,0.558553,9
1,0,0.464705,5
1,1,0.571744,8
1,1,0.569902,7
1,1,0.589622,0
1,1,0.611864,2
1,1,0.528420,9
1,0,0.367878,6
1,1,0.572846,7
1,1,0.570161,3
1,1,0.501033,3
1,1,0.564731,7
1,1,0.657080,3
1,1,0.590582,2
1,1,0.573043,7
1,1,0.523645,2
1,1,0.651528,3
1,1,0.617545,5
1,1,0.631605,5
1,1,0.540507,3
1,1,0.525674,1
1,1,0.626009,5
1,1,0.587068,2
1,1,0.583360,2
1,1,0.556867,4
1,1,0.569927,8
1,0,0.059712,7
1,1,0.529779,5
1,0,0.327294,4
1,1,0.595851,2
1,1,0.565850,9
1,1,0.570446,8
1,1,0.537831,4
1,1,0.562814,1
1,0,0.371810,5
1,1,0.617535,0
1,1,0.536659,3
1,1,0.588581,2
1,1,0.547545,1
1,1,0.591309,2
1,0,0.343016,0
1,1,0.583307,7
1,1,0.564676,1
1,0,0.243221,0
1,1,0.534057,0
1,1,0.562140,3
1,1,0.571482,0
1,1,0.581242,7
1,0,0.150207,0
1,1,0.634499,5
1,0,0.482819,1
1,0,0.432588,9
1,1,0.551155,7
1,0,0.402045,1
1,1,0.581025,2
1,0,0.419654,1
1,1,0.592270,0
1,1,0.587588,7
1,1,0.569060,7
1,0,0.259059,9
1,1,0.555994,6
1,1,0.624406,4
1,1,0.546418,6
1,0,0.418414,3
1,1,0.625381,7
1,1,0.565760,1
1,0,0.467916,6
1,1,0.559438,2
1,1,0.525681,2
1,1,0.516644,3
1,0,0.480989,3
1,1,0.559659,9
1,0,0.492314,9
1,1,0.632780,5
1,0,0.266102,6
1,1,0.555366,0
1,1,0.562347,0
1,1,0.533778,8
1,1,0.553136,1
1,1,0.564131,3
1,0,0.113791,5
1,1,0.556159,1
1,1,0.602354,4
1,1,0.568307,8
1,1,0.537496,9
1,1,0.562347,0
1,0,0.496831,1
1,1,0.500885,6
1,1,0.529856,7
1,1,0.509385,9
1,0,0.345621,9
1,1,0.558326,9
1,0,0.385877,5
1,1,0.596874,2
1,1,0.580540,0
1,1,0.538492,9
1,0,0.396022,1
1,1,0.567675,9
1,1,0.629088,3
1,1,0.560362,9
1,1,0.554375,9
1,0,0.105720,4
1,1,0.555548,8
1,1,0.614377,0
1,1,0.571021,8
1,1,0.587782,2
1,0,0.329453,3
1,1,0.546380,6
1,1,0.535685,0
1,1,0.573820,7
1,1,0.555572,4
1,0,0.484139,3
1,0,0.472275,2
1,0,0.472533,4
1,1,0.583640,4
1,1,0.573407,7
1,1,0.564778,8
1,0,0.169194,3
1,1,0.585173,2
1,1,0.611051,4
1,1,0.547017,6
1,0,0.467293,0
1,1,0.557637,6
1,0,0.483148,2
1,1,0.562576,1
1,1,0.539834,9
1,1,0.554235,6
1,1,0.638863,3
1,1,0.674990,3
1,1,0.631251,5
1,1,0.612650,0
1,1,0.613458,4
1,1,0.559425,9
1,0,0.467895,2
1,1,0.555968,6
1,0,0.486133,3
1,1,0.618160,4
1,1,0.565284,1
1,1,0.544903,3
1,1,0.565164,9
1,1,0.564842,1
1,1,0.534681,5
1,1,0.562247,6
1,0,0.395711,7
1,1,0.572641,0
1,1,0.546986,9
1,1,0.535310,5
1,1,0.580416,7
1,1,0.554567,6
1,1,0.546757,6
1,1,0.582280,2
1,1,0.569508,0
1,1,0.511507,0
1,1,0.547844,6
1,1,0.571710,8
1,1,0.615404,2
1,1,0.558206,1
1,1,0.555654,1
1,0,0.292656,0
1,1,0.520503,2
1,1,0.575650,8
1,1,0.571910,9
1,1,0.534745,1
1,1,0.557605,6
1,1,0.550003,6
1,0,0.269562,7
1,0,0.378560,6
1,1,0.562881,1
1,1,0.576739,7
1,1,0.569982,9
1,0,0.193816,9
1,1,0.547905,9
1,1,0.550811,5
1,1,0.569950,8
1,1,0.564404,1
1,1,0.612916,3
1,0,0.330259,4
1,1,0.559641,1
1,0,0.335553,1
1,1,0.528422,9
1,1,0.584678,5
1,1,0.604847,3
1,1,0.573395,7
1,1,0.706092,3
1,1,0.558592,1
1,1,0.571577,5
1,0,0.325320,4
1,1,0.524541,9
1,1,0.570556,0
1,1,0.549207,6
1,1,0.601858,2
1,0,0.472418,0
1,0,0.385809,3
1,0,0.482261,9
1,1,0.555792,6
1,0,0.149848,0
1,0,0.435170,9
1,0,0.391153,1
1,1,0.571090,7
1,1,0.572160,0
1,1,0.632528,5
1,0,0.456463,3
1,0,0.238933,4
1,1,0.563579,0
1,1,0.519095,3
1,1,0.580579,4
1,0,0.280042,3
1,1,0.549096,6
1,1,0.628902,5
1,1,0.594639,7
1,1,0.624566,5
1,1,0.557080,1
1,1,0.573380,7
1,1,0.621625,2
1,1,0.546562,6
1,0,0.446714,5
1,0,0.258354,3
1,1,0.562438,3
1,1,0.561121,9
1,1,0.561221,9
1,1,0.568332,8
1,0,0.139442,5
1,1,0.575471,2
1,1,0.567849,7
1,1,0.624051,5
1,1,0.523696,0
1,1,0.556621,1
1,1,0.518786,5
1,0,0.099988,9
1,1,0.572898,7
1,1,0.664487,2
1,1,0.581643,2
1,1,0.622259,5
1,1,0.534547,0
1,1,0.597656,2
1,1,0.558402,2
1,1,0.547801,6
1,0,0.286680,2
1,1,0.572636,7
1,1,0.577901,9
1,1,0.575004,0
1,1,0.610191,3
1,0,0.495281,0
1,1,0.561663,9
1,1,0.616613,2
1,1,0.553310,3
1,0,0.473173,4
1,0,0.239002,6
1,1,0.705721,3
1,1,0.563477,1
1,1,0.573002,7
1,0,0.459673,8
1,1,0.564387,1
1,1,0.563613,8
1,1,0.548047,4
1,1,0.564759,2
1,1,0.573105,7
1,1,0.563406,1
1,0,0.325177,6
1,1,0.572635,0
1,0,0.450939,3
1,0,0.338825,1
1,1,0.506940,8
1,1,0.617719,3
1,1,0.595266,0
1,1,0.517916,4
1,0,0.342335,1
1,1,0.548204,0
1,1,0.599398,3
1,0,0.437956,6
1,0,0.366755,9
1,1,0.561195,1
1,1,0.616693,2
1,0,0.434934,0
1,1,0.570741,8
1,1,0.546811,6
1,1,0.563042,7
1,1,0.558142,8
1,1,0.566717,8
1,0,0.438450,2
1,1,0.569589,8
1,1,0.566692,5
1,1,0.551286,9
1,1,0.539989,0
1,1,0.604508,3
1,0,0.251897,2
1,1,0.608341,4
1,1,0.525454,2
1,0,0.394344,1
1,0,0.400272,6
1,1,0.581948,2
1,1,0.547285,4
1,1,0.555444,6
1,1,0.571210,8
1,1,0.534358,4
1,1,0.557053,6
1,1,0.559716,9
1,1,0.582806,7
1,1,0.570402,2
1,1,0.572313,7
1,1,0.624839,4
1,1,0.556125,9
1,0,0.486348,3
1,1,0.566674,1
1,1,0.567982,0
1,1,0.547815,6
1,1,0.546793,0
1,1,0.567067,2
1,1,0.570932,8
1,1,0.523521,8
1,1,0.629688,5
1,1,0.541415,8
1,1,0.572373,9
1,1,0.501151,9
1,0,0.454014,3
1,0,0.248389,3
1,1,0.559745,9
1,0,0.019194,0
1,1,0.556262,1
1,1,0.566779,1
1,1,0.656311,3
1,1,0.542696,7
1,0,0.499290,9
1,1,0.560901,9
1,1,0.530931,5
1,1,0.569991,8
1,1,0.535038,8
1,1,0.638193,2
1,1,0.575215,3
1,1,0.565004,7
1,0,0.318582,2
1,1,0.560010,1
1,0,0.424957,5
1,1,0.610318,0
1,1,0.559376,6
1,1,0.546819,6
1,1,0.541292,8
1,1,0.553400,4
1,1,0.594088,3
1,0,0.496316,1
1,0,0.220163,0
1,1,0.617451,4
1,1,0.564219,7
1,1,0.632683,0
1,1,0.630014,5
1,1,0.555008,6
1,1,0.644790,3
1,1,0.521634,2
1,1,0.669124,3
1,1,0.535796,3
1,1,0.564669,8
1,1,0.600554,7
1,0,0.256621,3
1,1,0.571846,8
1,1,0.622203,4
1,1,0.627450,5
1,1,0.545344,3
1,0,0.450225,4
1,1,0.560371,0
1,1,0.571221,8
1,1,0.541488,3
1,1,0.572636,0
1,1,0.559242,0
1,0,0.415200,4
1,1,0.605617,0
1,1,0.683987,3
1,1,0.591080,0
1,1,0.610390,4
1,1,0.535521,0
1,1,0.546494,6
1,1,0.574456,3
1,1,0.571101,8
1,1,0.553140,1
1,1,0.595528,0
1,1,0.573388,7
1,0,0.367273,4
1,1,0.598372,2
1,1,0.572139,0
1,1,0.585306,7
1,1,0.571170,0
1,0,0.452760,4
1,1,0.550556,9
1,1,0.572502,7
1,0,0.414594,0
1,0,0.309707,5
1,0,0.430025,9
1,0,0.488985,4
1,1,0.564227,1
1,1,0.557108,6
1,1,0.611017,0
1,0,0.482797,5
1,1,0.524219,1
1,1,0.565093,8
1,1,0.671671,3
1,1,0.562405,0
1,1,0.535433,9
1,1,0.508474,4
1,1,0.556737,8
1,1,0.615767,0
1,0,0.382570,6
1,1,0.575486,5
1,1,0.696017,3
1,1,0.528327,0
1,1,0.503355,9
1,0,0.494296,7
1,1,0.635519,5
1,1,0.576954,7
1,1,0.538150,1
1,1,0.574710,7
1,1,0.570110,8
1,1,0.633601,5
1,0,0.223596,1
1,1,0.540352,0
1,1,0.589596,2
1,0,0.475417,5
1,1,0.555493,6
1,1,0.576703,5
1,0,0.450308,6
1,1,0.590533,7
1,1,0.561789,1
1,1,0.551199,6
1,1,0.557215,2
1,1,0.561079,1
1,1,0.571775,8
1,1,0.548220,6
1,0,0.292240,0
1,0,0.416790,4
1,1,0.565325,1
1,0,0.483628,9
1,1,0.566801,1
1,1,0.554959,1
1,1,0.635408,5
1,1,0.574423,7
1,0,0.107601,3
1,0,0.331532,6
1,1,0.682122,3
1,1,0.606024,0
1,1,0.568032,8
1,0,0.400832,5
1,1,0.554897,5
1,1,0.587343,3
1,1,0.566260,1
1,0,0.365766,2
1,1,0.564827,9
1,1,0.549630,6
1,1,0.530596,8
1,1,0.557463,6
1,1,0.554531,9
1,1,0.564583,8
1,1,0.534858,6
1,0,0.495246,9
1,1,0.632310,5
1,1,0.597014,2
1,0,0.489907,5
1,0,0.417365,9
1,1,0.585818,3
1,1,0.566201,1
1,0,0.291486,1
1,1,0.514166,9
1,0,0.391530,4
1,1,0.588979,7
1,0,0.224592,8
1,0,0.477421,5
1,0,0.062028,5
1,1,0.538260,7
1,1,0.573465,7
1,1,0.547095,9
1,1,0.556617,1
1,1,0.703600,3
1,1,0.534030,0
1,1,0.550002,9
1,1,0.559367,1
1,0,0.355765,8
1,0,0.225989,5
1,1,0.572865,0
1,1,0.648320,3
1,1,0.572484,0
1,1,0.532936,4
1,1,0.558712,9
1,1,0.541736,9
1,1,0.605487,3
1,1,0.515872,9
1,1,0.567744,0
1,1,0.574737,7
1,1,0.556984,9
1,1,0.548064,6
1,1,0.582390,2
1,0,0.447417,1
1,1,0.608566,4
1,1,0.615981,2
1,1,0.564242,1
1,1,0.545685,9
1,1,0.557015,9
1,1,0.565914,8
1,0,0.457117,6
1,1,0.533643,9
1,0,0.216479,5
1,1,0.571656,8
1,0,0.412640,2
1,0,0.397257,4
1,1,0.519115,9
1,0,0.352191,3
1,1,0.524108,7
1,1,0.571788,8
1,1,0.628502,3
1,1,0.546353,6
1,1,0.593083,2
1,1,0.589378,2
1,0,0.410592,2
1,1,0.524099,3
1,1,0.558196,9
1,1,0.558346,6
1,0,0.451661,0
1,1,0.551965,6
1,1,0.527721,1
1,1,0.573451,0
1,1,0.507682,1
1,1,0.572845,0
1,1,0.571471,7
1,1,0.572692,0
1,1,0.594983,2
1,1,0.562195,8
1,1,0.663355,3
1,1,0.572210,0
1,1,0.572997,0
1,1,0.574816,8
1,0,0.103355,3
1,0,0.420922,0
1,1,0.620631,5
1,1,0.557102,3
1,0,0.436921,3
1,1,0.597038,5
1,1,0.572663,7
1,1,0.564805,1
1,1,0.569703,7
1,1,0.559861,6
1,0,0.458645,9
1,1,0.563072,2
1,0,0.437408,1
1,1,0.576904,0
1,1,0.606208,3
1,1,0.568016,8
1,0,0.462955,1
1,1,0.553731,9
1,1,0.525180,4
1,1,0.571879,8
1,1,0.569861,8
1,1,0.612852,5
1,1,0.581870,7
1,0,0.395332,2
1,1,0.626726,5
1,1,0.563321,0
1,0,0.256274,5
1,0,0.469298,5
1,1,0.584682,2
1,1,0.516833,5
1,1,0.611754,5
1,0,0.478919,3
1,1,0.587291,2
1,0,0.274221,5
1,0,0.455000,5
1,1,0.513206,1
1,1,0.596365,0
1,1,0.564695,4
1,1,0.617599,5
1,1,0.632818,5
1,1,0.573340,7
1,0,0.339090,0
1,1,0.594936,3
1,1,0.576422,3
1,1,0.568918,7
1,0,0.484094,5
1,1,0.570166,7
1,1,0.569578,7
1,1,0.571618,8
1,1,0.595427,2
1,1,0.584261,3
1,1,0.553494,8
1,1,0.561194,7
1,0,0.481408,5
1,1,0.576743,9
1,1,0.687129,2
1,1,0.537731,8
1,0,0.422706,4
1,1,0.538664,9
1,1,0.623959,5
1,1,0.607502,4
1,1,0.565672,1
1,0,0.346781,8
1,1,0.549727,6
1,0,0.409023,6
1,1,0.641992,3
1,1,0.543783,2
1,1,0.629048,2
1,1,0.559497,8
1,1,0.590207,7
1,1,0.555190,6
1,1,0.580173,2
1,0,0.188007,4
1,1,0.566738,1
1,0,0.203463,4
1,0,0.225122,4
1,1,0.572290,0
1,1,0.568711,0
1,1,0.539047,1
1,1,0.571863,8
1,0,0.477426,5
1,1,0.598640,4
1,0,0.423442,6
1,1,0.641139,3
1,1,0.590556,7
1,1,0.616212,2
1,1,0.553672,4
1,1,0.556225,1
1,0,0.309162,5
1,1,0.566323,0
1,1,0.569597,2
1,1,0.571741,0
1,1,0.562136,9
1,1,0.574354,7
1,1,0.575966,0
1,1,0.570568,8
1,0,0.312567,2
1,1,0.542715,0
1,0,0.451237,2
1,1,0.544089,9
1,1,0.624915,3
1,1,0.632454,3
1,0,0.349654,4
1,0,0.494122,1
1,1,0.573252,7
1,0,0.402994,4
1,1,0.560774,1
1,1,0.643650,3
1,1,0.553467,0
1,1,0.617182,4
1,1,0.598193,0
1,1,0.561133,9
1,1,0.554682,1
1,0,0.315636,5
1,1,0.534499,8
1,1,0.646869,0
1,1,0.573281,7
1,1,0.568352,0
1,1,0.633786,2
1,1,0.530573,1
1,1,0.503413,1
1,0,0.441300,8
1,0,0.408413,6
1,1,0.557318,1
1,1,0.531913,6
1,1,0.534296,4
1,1,0.582733,7
1,1,0.562092,0
1,0,0.398168,6
1,1,0.635342,5
1,1,0.624808,4
1,1,0.537845,9
1,1,0.581526,2
1,1,0.561819,9
1,0,0.403545,4
1,1,0.573957,7
1,1,0.628768,5
1,1,0.540936,3
1,1,0.549607,6
1,1,0.570821,8
1,1,0.528212,0
1,0,0.484299,0
1,1,0.613710,2
1,0,0.352837,5
1,1,0.602504,5
1,1,0.670050,2
1,0,0.259626,1
1,1,0.530424,4
1,0,0.385408,4
1,1,0.516107,2
1,0,0.118060,2
1,0,0.486945,7
1,1,0.566218,1
1,1,0.578186,7
1,0,0.325911,4
1,1,0.590801,2
1,1,0.502141,7
1,0,0.287471,3
1,1,0.571756,8
1,1,0.550488,6
1,0,0.499335,5
1,1,0.557609,1
1,1,0.563047,0
1,1,0.572412,8
1,0,0.153712,4
1,0,0.086182,9
1,1,0.671899,3
1,0,0.150582,3
1,0,0.221945,4
1,1,0.561200,0
1,1,0.532148,3
1,1,0.560003,9
1,1,0.563240,1
1,0,0.423903,6
1,1,0.559987,6
1,1,0.569982,8
1,1,0.571876,8
1,1,0.548762,6
1,1,0.555571,6
1,0,0.145650,0
1,1,0.571050,8
1,0,0.180269,3
1,0,0.375989,7
1,1,0.571690,8
1,0,0.484566,8
1,1,0.569868,7
1,1,0.541932,3
1,1,0.600647,5
1,1,0.584601,7
1,0,0.261815,7
1,1,0.565383,0
1,0,0.381459,6
1,0,0.195170,4
1,1,0.577741,7
1,0,0.096122,7
1,0,0.414192,4
1,1,0.624617,0
1,1,0.543506,6
1,0,0.488914,4
1,0,0.410984,8
1,0,0.136327,0
1,0,0.106056,5
1,1,0.574325,0
1,1,0.558237,9
1,1,0.541231,2
1,1,0.574401,7
1,0,0.493822,4
1,1,0.554681,1
1,1,0.692189,3
1,1,0.551800,5
1,0,0.425837,3
1,1,0.574187,3
1,0,0.406170,3
1,1,0.574715,7
1,1,0.599623,3
1,0,0.458464,1
1,0,0.320917,2
1,1,0.535395,3
1,1,0.511437,2
1,1,0.558549,9
1,1,0.505861,4
1,1,0.629268,5
1,1,0.571103,7
1,1,0.565651,1
1,1,0.556124,9
1,1,0.548991,6
1,0,0.410330,6
1,1,0.571825,8
1,1,0.571715,0
1,1,0.569502,8
1,1,0.566190,1
1,1,0.560620,9
1,0,0.432928,7
1,0,0.364313,6
1,1,0.609952,4
1,1,0.561290,9
1,1,0.617863,4
1,1,0.576654,5
1,1,0.535853,1
1,0,0.489311,4
1,0,0.405178,9
1,1,0.561651,9
1,1,0.611898,4
1,1,0.558455,9
1,1,0.572794,7
1,1,0.577805,2
1,1,0.501060,8
1,1,0.621856,2
1,1,0.552889,4
1,1,0.547607,6
1,1,0.570619,8
1,0,0.176301,8
1,1,0.627256,4
1,0,0.341575,4
1,0,0.356884,0
1,0,0.133993,5
1,1,0.572896,0
1,1,0.603127,2
1,1,0.593910,2
1,0,0.375108,2
1,1,0.546249,3
1,1,0.519124,2
1,1,0.553758,1
1,0,0.466716,4
1,1,0.605356,4
1,1,0.624382,2
1,1,0.550856,6
1,1,0.528472,9
1,1,0.582743,2
1,0,0.475670,4
1,1,0.556942,9
1,1,0.536591,8
1,1,0.562633,8
1,1,0.624697,5
1,1,0.549886,9
1,1,0.574160,7
1,1,0.622546,4
1,1,0.573992,0
1,1,0.570804,8
1,0,0.380669,6
1,1,0.561681,8
1,0,0.456871,2
1,1,0.571473,8
1,1,0.614813,4
1,1,0.558617,9
1,1,0.622699,4
1,1,0.551931,6
1,1,0.597600,2
1,1,0.502019,9
1,1,0.547472,2
1,1,0.566675,1
1,1,0.553239,1
1,1,0.612600,0
1,0,0.232754,4
1,1,0.573235,7
1,1,0.557362,9
1,0,0.477433,5
1,1,0.578629,4
1,1,0.557994,4
1,0,0.411428,0
1,1,0.572850,7
1,1,0.573526,7
1,1,0.514385,9
1,1,0.562207,2
1,1,0.532332,9
1,0,0.311847,4
1,1,0.548431,6
1,0,0.404969,5
1,1,0.584858,2
1,1,0.555483,1
1,1,0.565446,8
1,0,0.496526,4
1,1,0.560732,1
1,1,0.572600,0
1,1,0.552361,6
1,0,0.450965,8
1,1,0.517837,9
1,0,0.498962,8
1,0,0.242893,4
1,1,0.549452,1
1,1,0.566410,1
1,1,0.524906,5
1,1,0.581107,2
1,1,0.569078,0
1,1,0.596384,7
1,1,0.567190,9
1,1,0.571207,0
1,1,0.579394,7
1,0,0.461210,4
1,1,0.591505,5
1,1,0.551588,3
1,1,0.566317,8
1,1,0.564052,0
1,1,0.575339,8
1,0,0.092580,2
1,1,0.584342,2
1,1,0.561704,9
1,1,0.567855,8
1,1,0.585086,4
1,1,0.555081,4
1,1,0.523533,0
1,1,0.561532,9
1,1,0.565466,1
1,1,0.566185,1
1,1,0.627294,4
1,1,0.571275,8
1,1,0.571629,8
1,1,0.571484,8
1,0,0.466589,1
1,1,0.546472,4
1,1,0.544136,0
1,1,0.624518,5
1,1,0.614095,5
1,1,0.535155,1
1,0,0.319462,3
1,1,0.577516,5
1,1,0.552392,6
1,1,0.634101,3
1,1,0.573464,7
1,1,0.585270,2
1,1,0.607178,5
1,1,0.583354,7
1,1,0.560930,3
1,0,0.371747,6
1,1,0.635974,3
1,0,0.358309,3
1,1,0.556806,1
1,1,0.565978,7
1,1,0.617485,5
1,1,0.567544,4
1,1,0.550238,1
1,1,0.571208,0
1,1,0.529002,3
1,1,0.603024,2
1,1,0.569622,0
1,1,0.502987,9
1,0,0.481963,7
1,1,0.572897,0
1,1,0.574486,8
1,0,0.319549,8
1,1,0.595019,4
1,1,0.541176,4
1,0,0.193404,3
1,1,0.560701,1
1,1,0.542973,9
1,1,0.567177,8
1,1,0.579566,0
1,1,0.563700,8
1,1,0.566860,5
1,1,0.554196,1
1,0,0.268024,8
1,0,0.381574,4
1,1,0.557419,8
1,1,0.562892,9
1,1,0.540128,9
1,1,0.614881,5
1,1,0.570123,8
1,0,0.496261,1
1,0,0.454065,4
1,1,0.570663,8
1,1,0.563383,8
1,1,0.560001,9
1,1,0.546692,6
1,1,0.584563,0
1,0,0.394018,1
1,0,0.440056,3
1,0,0.365124,3
1,0,0.463232,1
1,1,0.555869,6
1,1,0.572096,7
1,1,0.593474,5
1,1,0.555959,6
1,1,0.571813,8
1,1,0.627951,5
1,1,0.571858,8
1,1,0.565965,1
1,1,0.569736,0
1,1,0.552860,1
1,1,0.559075,1
1,1,0.560123,6
1,0,0.311894,2
1,1,0.533145,5
1,1,0.567263,1
1,0,0.441860,5
1,1,0.566474,7
1,0,0.379138,3
1,1,0.561420,9
1,0,0.393461,5
1,1,0.566025,1
1,0,0.271419,2
1,1,0.571701,8
1,1,0.555982,8
1,0,0.115420,9
1,0,0.257999,9
1,0,0.406023,0
1,0,0.351661,4
1,1,0.559131,9
1,1,0.547000,6
1,1,0.552044,6
1,1,0.577302,7
1,1,0.548448,6
1,1,0.561013,7
1,0,0.493573,8
1,1,0.606031,2
1,1,0.514945,8
1,1,0.542732,4
1,0,0.390168,6
1,1,0.557753,9
1,1,0.553735,5
1,1,0.570294,7
1,1,0.551778,8
1,1,0.557696,6
1,0,0.430381,4
1,1,0.627771,0
1,1,0.607589,3
1,1,0.614048,4
1,1,0.552146,9
1,1,0.614411,4
1,1,0.571447,8
1,1,0.561109,6
1,0,0.367485,3
1,1,0.632901,5
1,1,0.550000,8
1,1,0.549033,6
1,1,0.588327,4
1,1,0.576584,2
1,1,0.576225,4
1,1,0.562313,8
1,1,0.625108,0
1,1,0.571875,8
1,1,0.605771,2
1,1,0.632556,5
1,1,0.588759,5
1,1,0.602153,2
1,0,0.360948,9
1,0,0.397185,0
1,1,0.534118,4
1,1,0.547533,6
1,1,0.544029,0
1,1,0.588165,5
1,1,0.631950,5
1,1,0.574062,4
1,0,0.396468,6
1,0,0.195533,4
1,0,0.112869,5
1,0,0.405585,5
1,1,0.551651,6
1,0,0.415950,4
1,0,0.498218,8
1,1,0.531948,4
1,1,0.596027,0
1,1,0.634088,5
1,0,0.438569,3
1,1,0.601832,4
1,1,0.573418,7
1,1,0.560423,0
1,1,0.564396,9
1,0,0.457603,7
1,0,0.446419,6
1,0,0.490194,5
1,1,0.556093,5
1,1,0.557889,6
1,1,0.560497,9
1,1,0.631170,3
1,1,0.547659,6
1,0,0.419105,3
1,1,0.547337,6
1,1,0.574032,7
1,0,0.372412,3
1,1,0.631850,5
1,1,0.577524,7
1,1,0.628569,4
1,1,0.546447,6
1,1,0.545573,6
1,0,0.117302,5
1,1,0.543900,8
1,1,0.575261,3
1,1,0.628821,5
1,1,0.563631,2
1,0,0.191432,3
1,0,0.348206,6
1,1,0.571885,8
1,1,0.565184,1
1,1,0.555347,9
1,0,0.283942,9
1,0,0.222436,4
1,1,0.571185,7
1,1,0.573552,7
1,0,0.456011,2
1,0,0.141951,3
1,0,0.372533,6
1,1,0.533499,2
1,1,0.548853,9
1,1,0.527232,5
1,0,0.240050,9
1,1,0.571864,8
1,1,0.548939,6
1,0,0.332863,3
1,1,0.505252,5
1,1,0.596342,7
1,1,0.558653,6
1,1,0.537488,7
1,0,0.237982,8
1,1,0.519107,1
1,1,0.619221,4
1,1,0.594375,3
1,1,0.566291,1
1,1,0.618076,2
1,0,0.446735,4
1,1,0.525047,3
1,1,0.546386,6
1,1,0.723069,2
1,0,0.382529,3
1,1,0.551301,6
1,1,0.575936,7
1,0,0.269440,4
1,1,0.561840,6
1,1,0.573324,7
1,1,0.505731,7
1,1,0.544875,1
1,0,0.348049,2
1,1,0.547292,6
1,1,0.573186,7
1,1,0.556600,6
1,1,0.571583,8
1,1,0.574010,2
1,0,0.391329,6
1,1,0.553945,9
1,0,0.458642,4
1,1,0.592996,7
1,1,0.540417,8
1,1,0.598836,2
1,1,0.522162,0
1,1,0.566759,8
1,0,0.416024,7
1,1,0.510008,3
1,0,0.152281,2
1,0,0.416400,0
1,1,0.504696,8
1,1,0.549936,6
1,1,0.561087,0
1,1,0.567774,8
1,1,0.583587,3
1,1,0.550871,6
1,1,0.579646,7
1,1,0.534368,1
1,1,0.569769,0
1,1,0.550127,9
1,1,0.556328,3
1,1,0.563198,1
1,0,0.299142,2
1,0,0.247273,6
1,1,0.559589,4
1,0,0.292707,1
1,1,0.548189,6
1,1,0.571718,8
1,1,0.550813,0
1,1,0.609619,2
1,1,0.561836,1
1,1,0.571586,7
1,1,0.502934,3
1,0,0.107592,5
1,1,0.527263,7
1,1,0.549853,2
1,1,0.518088,5
1,1,0.568738,3
1,0,0.449315,5
1,1,0.570133,0
1,1,0.553001,6
1,1,0.563407,1
1,1,0.627586,5
1,1,0.564578,1
1,1,0.555756,9
1,1,0.548184,6
1,1,0.573578,7
1,1,0.612915,0
1,1,0.564380,8
1,1,0.546729,6
1,0,0.084268,0
1,0,0.236622,6
1,1,0.575102,4
1,1,0.561160,8
1,1,0.571432,8
1,1,0.567266,1
1,1,0.584196,2
1,0,0.233851,6
1,1,0.563124,8
1,1,0.587650,2
1,1,0.526320,9
1,1,0.611379,3
1,1,0.546169,8
1,1,0.550002,2
1,0,0.391602,0
1,1,0.511682,8
1,0,0.071277,0
1,1,0.571693,0
1,1,0.573132,7
1,1,0.522329,0
1,1,0.557016,1
1,0,0.426428,5
1,1,0.571695,8
1,0,0.284418,4
1,0,0.478096,3
1,0,0.312990,7
1,1,0.517575,3
1,1,0.520937,4
1,1,0.559749,9
1,1,0.503123,5
1,1,0.568314,9
1,1,0.534681,0
1,1,0.559053,9
1,1,0.592130,0
1,1,0.570080,7
1,1,0.595733,7
1,0,0.157869,4
1,0,0.480119,3
1,1,0.502060,3
1,0,0.446322,4
1,1,0.571760,8
1,1,0.547555,1
1,1,0.569786,0
1,1,0.571490,8
1,1,0.532328,1
1,1,0.620577,4
1,1,0.557143,6
1,0,0.443413,5
1,0,0.257278,2
1,1,0.556568,9
1,1,0.546976,6
1,1,0.630356,0
1,1,0.571479,8
1,0,0.424180,1
1,0,0.145367,4
1,1,0.553075,6
1,0,0.488725,5
1,1,0.590216,7
1,1,0.571721,8
1,1,0.576061,8
1,0,0.364776,1
1,0,0.471527,2
1,0,0.364474,6
1,0,0.393747,4
1,1,0.572177,8
1,1,0.670670,2
1,0,0.494164,5
1,1,0.551534,2
1,0,0.274971,5
1,1,0.563710,3
1,1,0.567912,8
1,1,0.588491,4
1,0,0.204569,6
1,1,0.565326,3
1,0,0.251741,4
1,1,0.571449,8
1,1,0.540258,7
1,1,0.623215,4
1,0,0.407626,2
1,1,0.571883,8
1,0,0.315294,3
1,1,0.562636,7
1,1,0.553119,4
1,0,0.418926,1
1,0,0.409973,4
1,1,0.522256,9
1,1,0.554261,6
1,0,0.443696,4
1,1,0.631282,3
1,0,0.172749,0
1,1,0.620184,2
1,1,0.563225,8
1,1,0.571895,2
1,0,0.307838,8
1,1,0.562021,9
1,1,0.564770,1
1,1,0.634976,5
1,1,0.528930,2
1,0,0.073249,2
1,1,0.540516,2
1,1,0.546436,6
1,1,0.565615,7
1,1,0.573231,7
1,1,0.589716,7
1,1,0.577423,7
1,1,0.556709,3
1,1,0.623442,5
1,1,0.572128,0
1,1,0.546131,9
1,1,0.554419,6
1,1,0.546109,5
1,1,0.568990,7
1,0,0.345383,1
1,0,0.327925,5
1,0,0.386253,4
1,1,0.617091,4
1,1,0.527862,4
1,1,0.571715,8
1,0,0.479060,4
1,1,0.573381,7
1,1,0.565309,1
1,1,0.564188,1
1,0,0.410828,1
1,1,0.512213,5
1,0,0.418477,3
1,1,0.571852,8
1,1,0.632111,5
1,1,0.521460,3
1,0,0.499892,5
1,1,0.514104,2
1,1,0.555182,1
1,1,0.559610,9
1,1,0.573212,7
1,1,0.594561,2
1,1,0.627118,3
1,0,0.442194,3
1,0,0.488483,6
1,1,0.555405,9
1,1,0.560202,1
1,1,0.608753,2
1,1,0.548368,6
1,1,0.571565,0
1,1,0.553411,6
1,1,0.517681,3
1,1,0.591767,2
1,1,0.706278,3
1,1,0.573881,7
1,1,0.657521,2
1,1,0.616242,2
1,1,0.567309,2
1,0,0.212876,1
1,1,0.563345,1
1,1,0.571516,8
1,1,0.533816,0
1,1,0.570309,8
1,1,0.534626,9
1,1,0.589104,5
1,0,0.297674,0
1,1,0.570133,0
1,1,0.569287,0
1,1,0.535371,9
1,0,0.387774,8
1,1,0.561651,9
1,1,0.578102,0
1,1,0.558014,2
1,0,0.104452,5
1,1,0.547774,6
1,1,0.548523,1
1,1,0.611774,4
1,0,0.273046,2
1,0,0.403185,7
1,1,0.608304,7
1,1,0.612267,5
1,1,0.652949,2
1,0,0.224420,2
1,1,0.578942,3
1,1,0.559507,1
1,1,0.569644,7
1,1,0.547575,9
1,0,0.484904,4
1,1,0.547765,6
1,1,0.579445,7
1,1,0.570373,8
1,1,0.568812,3
1,0,0.479017,3
1,0,0.413360,3
1,0,0.405597,6
1,1,0.560564,9
1,1,0.655307,3
1,1,0.637385,5
1,1,0.517132,5
1,0,0.479721,3
1,0,0.328103,2
1,1,0.573879,7
1,1,0.558123,7
1,1,0.593032,0
1,1,0.574996,2
1,1,0.558083,0
1,1,0.563129,8
1,1,0.570718,8
1,1,0.527512,4
1,0,0.411093,3
1,1,0.569979,7
1,1,0.513630,0
1,1,0.530364,5
1,1,0.564751,1
1,1,0.516103,1
1,1,0.530250,8
1,1,0.571800,8
1,1,0.546600,2
1,1,0.571138,8
1,0,0.170884,0
1,1,0.633625,5
1,1,0.561026,2
1,1,0.591282,2
1,0,0.280446,9
1,1,0.553062,1
1,1,0.544095,3
1,1,0.565963,0
1,1,0.582164,3
1,1,0.603469,2
1,1,0.549828,6
1,0,0.491915,3
1,0,0.265967,3
1,0,0.461077,0
1,0,0.040173,0
1,1,0.565655,1
1,1,0.570810,7
1,1,0.571856,8
1,0,0.113338,2
1,1,0.640690,3
1,1,0.546502,6
1,1,0.579320,5
1,1,0.548038,6
1,1,0.563068,4
1,1,0.530417,9
1,1,0.571500,8
1,1,0.555783,1
1,1,0.550764,2
1,1,0.606357,2
1,1,0.573377,7
1,1,0.511094,3
1,1,0.518585,0
1,1,0.558364,9
1,1,0.541340,7
1,1,0.569204,0
1,0,0.471723,5
1,1,0.555791,6
1,0,0.175241,9
1,1,0.555837,6
1,1,0.549261,6
1,1,0.584944,2
1,1,0.532666,8
1,0,0.359176,8
1,1,0.570019,8
1,1,0.538372,2
1,1,0.626986,4
1,0,0.185352,0
1,1,0.546355,4
1,1,0.584617,4
1,1,0.526019,0
1,1,0.588353,4
1,1,0.571256,8
1,1,0.561475,9
1,0,0.429904,8
1,1,0.625679,2
1,0,0.455313,5
1,0,0.380459,2
1,1,0.608079,4
1,0,0.239006,1
1,1,0.559897,0
1,1,0.550719,3
1,0,0.413790,5
1,1,0.528280,9
1,0,0.259696,5
1,1,0.601108,2
1,0,0.348299,1
1,1,0.594327,7
1,1,0.503941,2
1,0,0.379673,3
1,1,0.500102,9
1,0,0.474512,4
1,1,0.568111,0
1,1,0.506792,1
1,1,0.628269,5
1,1,0.542557,5
1,1,0.546513,6
1,1,0.619619,5
1,1,0.576978,0
1,1,0.644872,3
1,0,0.485075,7
1,0,0.426058,2
1,0,0.263893,2
1,1,0.588563,9
1,1,0.561670,9
1,0,0.421760,3
1,1,0.596768,4
1,1,0.565780,1
1,1,0.571682,8
1,1,0.589702,0
1,0,0.344229,6
1,1,0.629188,0
1,0,0.416614,5
1,1,0.583175,0
1,1,0.648672,3
1,1,0.561574,9
1,0,0.379332,5
1,1,0.551910,1
1,1,0.519356,5
1,0,0.207765,0
1,1,0.534700,9
1,1,0.556535,0
1,1,0.625792,5
1,1,0.567602,2
1,1,0.554306,6
1,0,0.451542,8
1,1,0.569656,0
1,0,0.127907,3
1,1,0.547807,6
1,1,0.567761,8
1,1,0.570328,8
1,0,0.436464,3
1,0,0.490823,3
1,1,0.558340,4
1,1,0.534813,0
1,1,0.564459,1
1,1,0.574540,7
1,0,0.467648,3
1,1,0.566743,1
1,0,0.244312,6
1,1,0.516698,9
1,1,0.612418,2
1,0,0.499345,9
1,1,0.504135,3
1,0,0.334685,0
1,1,0.551511,6
1,1,0.565926,7
1,1,0.558975,0
1,1,0.547443,6
1,1,0.556794,6
1,0,0.410388,5
1,1,0.558436,6
1,1,0.544242,4
1,1,0.563928,2
1,0,0.292195,6
1,1,0.536078,8
1,1,0.648328,2
1,1,0.535234,1
1,0,0.369393,8
1,1,0.566637,1
1,1,0.559195,9
1,1,0.571761,8
1,1,0.556141,3
1,1,0.589522,4
1,1,0.542436,1
1,0,0.268658,3
1,1,0.564716,8
1,1,0.661461,3
1,1,0.535586,4
1,1,0.556937,1
1,1,0.552846,4
1,1,0.566707,9
1,1,0.639752,0
1,0,0.380491,9
1,1,0.550026,2
1,1,0.553607,9
1,1,0.560757,9
1,1,0.578383,4
1,1,0.612874,4
1,1,0.570443,3
1,1,0.557940,6
1,1,0.601555,4
1,0,0.470478,9
1,1,0.561147,3
1,1,0.565539,0
1,1,0.514713,9
1,1,0.558408,9
1,1,0.567803,4
1,1,0.624937,4
1,1,0.567142,1
1,1,0.571554,8
1,0,0.489598,6
1,1,0.555897,1
1,1,0.570329,0
1,1,0.686149,3
1,1,0.516175,7
1,0,0.410674,5
1,1,0.562316,1
1,1,0.500535,4
1,1,0.615209,2
1,1,0.569563,4
1,1,0.626131,2
1,0,0.404807,4
1,0,0.210567,9
1,1,0.565150,1
1,1,0.555335,1
1,1,0.598565,0
1,0,0.256175,6
1,1,0.562112,2
1,1,0.628676,5
1,1,0.574619,7
1,0,0.152089,4
1,1,0.617792,5
1,0,0.424944,6
1,1,0.561133,9
1,1,0.556886,9
1,1,0.622619,3
1,1,0.594522,2
1,0,0.483817,9
1,1,0.560401,9
1,0,0.385709,5
1,0,0.484589,4
1,1,0.571717,7
1,1,0.586977,3
1,0,0.269881,9
1,0,0.497225,3
1,1,0.584356,5
1,1,0.527508,3
1,1,0.545857,3
1,1,0.601747,2
1,1,0.584334,2
1,1,0.552535,6
1,1,0.567672,7
1,0,0.243362,6
1,0,0.436521,7
1,1,0.527091,6
1,1,0.668668,3
1,1,0.565960,9
1,1,0.571768,8
1,1,0.549167,9
1,0,0.334326,2
1,1,0.573316,7
1,1,0.558023,6
1,1,0.560194,0
1,0,0.398378,2
1,1,0.570476,8
1,1,0.536555,9
1,1,0.600311,2
1,1,0.557838,1
1,0,0.424172,7
1,1,0.547733,5
1,1,0.563756,1
1,0,0.450811,4
1,1,0.563038,1
1,0,0.467058,9
1,0,0.421557,4
1,1,0.555572,9
1,1,0.610576,2
1,1,0.583412,0
1,1,0.559544,9
1,0,0.420160,2
1,0,0.463532,8
1,1,0.555253,6
1,0,0.303522,5
1,0,0.453541,7
1,0,0.443300,4
1,1,0.565957,1
1,1,0.609317,0
1,1,0.572571,8
1,1,0.529964,3
1,0,0.301046,3
1,1,0.745293,2
1,0,0.454432,5
1,1,0.607409,4
1,1,0.577828,3
1,1,0.573405,3
1,1,0.613038,2
1,1,0.550246,6
1,1,0.553452,9
1,1,0.559474,6
1,0,0.287705,8
1,1,0.609718,2
1,0,0.412844,4
1,1,0.577954,2
1,0,0.253532,8
1,1,0.516820,9
1,0,0.490231,2
1,1,0.577784,2
1,1,0.550990,9
1,0,0.437545,4
1,1,0.613199,2
1,0,0.379420,3
1,1,0.547358,6
1,1,0.521642,4
1,1,0.505673,6
1,1,0.537491,0
1,0,0.146982,1
1,1,0.560528,1
1,1,0.573771,2
1,0,0.410959,5
1,1,0.612536,2
1,0,0.051424,2
1,1,0.560384,7
1,1,0.572670,7
1,1,0.629976,5
1,1,0.556596,6
1,1,0.610713,2
1,1,0.626624,5
1,1,0.623756,5
1,1,0.564401,4
1,1,0.622591,4
1,0,0.342478,7
1,1,0.536094,7
1,1,0.509872,9
1,0,0.398582,4
1,1,0.648126,3
1,0,0.035232,0
1,1,0.596539,7
1,1,0.564571,1
1,1,0.581323,2
1,1,0.550711,6
1,1,0.568487,2
1,1,0.573003,7
1,1,0.586285,7
1,1,0.550212,6
1,1,0.673206,0
1,1,0.556218,9
1,0,0.491211,5
1,1,0.564227,0
1,1,0.551681,6
1,1,0.531122,3
1,1,0.559433,6
1,1,0.584202,0
1,1,0.550734,8
1,1,0.551399,9
1,0,0.397589,4
1,1,0.562894,8
1,1,0.576275,7
1,1,0.601623,0
1,1,0.560797,9
1,1,0.568365,0
1,1,0.564062,1
1,1,0.569978,0
1,1,0.565674,8
1,1,0.551566,2
1,1,0.500449,5
1,1,0.565557,0
1,0,0.418910,8
1,1,0.615874,4
1,1,0.578402,0
1,1,0.520447,0
1,1,0.562398,1
1,0,0.394572,4
1,1,0.561128,1
1,1,0.559272,1
1,1,0.570404,2
1,1,0.501510,4
1,1,0.549516,6
1,1,0.528033,2
1,1,0.564157,8
1,1,0.530347,9
1,0,0.170293,2
1,1,0.530804,4
1,0,0.448750,9
1,0,0.489242,0
1,0,0.416529,1
1,0,0.379987,4
1,1,0.573377,7
1,0,0.128837,5
1,1,0.558122,9
1,1,0.576661,0
1,0,0.494077,2
1,1,0.601093,5
1,1,0.561515,9
1,0,0.485052,5
1,1,0.586039,0
1,1,0.576920,7
1,0,0.440070,6
1,1,0.541829,1
1,1,0.529255,2
1,0,0.117637,5
1,0,0.494914,1
1,1,0.591217,7
1,1,0.563042,1
1,0,0.201767,1
1,1,0.650401,3
1,0,0.239382,4
1,1,0.541275,9
1,1,0.538083,9
1,0,0.360668,0
1,1,0.584121,2
1,1,0.565712,8
1,1,0.556258,6
1,0,0.382417,8
1,1,0.599656,4
1,0,0.461601,4
1,0,0.311778,5
1,0,0.483856,1
1,0,0.304300,6
1,0,0.499119,2
1,1,0.619386,5
1,1,0.541741,2
1,1,0.606850,4
1,1,0.630093,5
1,1,0.559871,8
1,0,0.435347,7
1,1,0.558004,6
1,1,0.580925,0
1,0,0.456382,9
1,0,0.452067,1
1,1,0.606888,2
1,1,0.548158,6
1,1,0.574537,7
1,1,0.583302,2
1,1,0.564467,1
1,1,0.532022,4
1,1,0.613939,0
1,0,0.145668,3
1,1,0.566039,1
1,1,0.538376,9
1,0,0.240322,0
1,1,0.520726,9
1,1,0.566879,1
1,0,0.473551,4
1,0,0.495680,4
1,1,0.592107,2
1,0,0.488118,2
1,1,0.588141,5
1,1,0.571481,8
1,0,0.361918,2
1,1,0.519830,3
1,1,0.575942,7
1,1,0.535241,1
1,1,0.529612,7
1,1,0.553253,6
1,1,0.548815,6
1,1,0.576796,0
1,1,0.572963,7
1,1,0.629594,5
1,1,0.634249,5
1,1,0.601028,4
1,0,0.103419,3
1,1,0.549565,6
1,1,0.609164,5
1,1,0.564315,7
1,1,0.599054,2
1,1,0.615960,3
1,0,0.280421,3
1,1,0.514339,3
1,1,0.572291,0
1,1,0.571867,8
1,1,0.514466,4
1,1,0.626287,5
1,0,0.417802,2
1,1,0.531514,8
1,1,0.555465,6
1,0,0.468301,3
1,1,0.627081,5
1,1,0.573343,7
1,1,0.606047,2
1,1,0.573296,7
1,1,0.568774,0
1,1,0.578233,7
1,1,0.564883,3
1,1,0.547592,6
1,0,0.196360,9
1,1,0.647326,3
1,1,0.542081,6
1,1,0.554132,6
1,1,0.575516,7
1,1,0.577030,3
1,0,0.421169,6
1,1,0.606973,2
1,1,0.547210,6
1,0,0.120230,6
1,1,0.591673,4
1,1,0.554476,0
1,1,0.592528,2
1,0,0.214990,5
1,1,0.561652,9
1,1,0.563172,0
1,1,0.620847,3
1,1,0.569426,8
1,0,0.403691,6
1,1,0.559400,9
1,0,0.494921,5
1,1,0.610471,5
1,1,0.544650,4
1,1,0.647180,3
1,1,0.604151,2
1,0,0.139276,9
1,1,0.572488,7
1,1,0.545884,6
1,0,0.448111,0
1,0,0.418290,4
1,1,0.563145,2
1,0,0.484093,2
1,1,0.564680,1
1,0,0.433976,3
1,0,0.458126,8
1,1,0.566391,7
1,1,0.573393,7
1,1,0.612347,2
1,1,0.558484,0
1,1,0.572820,7
1,1,0.594281,0
1,1,0.573458,7
1,1,0.563435,8
1,1,0.591103,2
1,1,0.573461,7
1,1,0.521073,7
1,0,0.176694,5
1,0,0.294054,8
1,0,0.302717,4
1,1,0.611214,3
1,0,0.220146,5
1,0,0.429789,5
1,1,0.571587,8
1,1,0.614656,3
1,0,0.123935,7
1,1,0.576388,4
1,1,0.570291,8
1,1,0.526584,0
1,1,0.568836,9
1,1,0.569724,8
1,1,0.547219,9
1,1,0.611907,2
1,1,0.541704,1
1,1,0.581403,7
1,1,0.532740,5
1,0,0.301773,6
1,0,0.496058,1
1,1,0.553458,6
1,1,0.597874,4
1,1,0.519193,5
1,1,0.554357,6
1,1,0.576566,7
1,1,0.582705,2
1,1,0.559205,1
1,1,0.560137,9
1,1,0.561239,9
1,1,0.546841,7
1,0,0.473118,5
1,1,0.676222,3
1,0,0.262354,7
1,0,0.287665,2
1,1,0.551037,6
1,1,0.571540,8
1,1,0.567142,8
1,0,0.491410,1
1,1,0.557609,9
1,1,0.578155,4
1,1,0.562432,3
1,1,0.550381,4
1,1,0.571700,8
1,1,0.530622,8
1,1,0.548296,6
1,1,0.547529,6
1,0,0.379337,7
1,0,0.157804,9
1,1,0.568944,8
1,1,0.560738,6
1,1,0.546392,6
1,1,0.573406,7
1,1,0.542853,9
1,0,0.391453,1
1,1,0.573481,7
1,1,0.553042,8
1,1,0.658117,3
1,1,0.570416,8
1,1,0.551156,5
1,1,0.526563,4
1,1,0.582326,2
1,1,0.592280,2
1,1,0.565696,1
1,0,0.370163,3
1,1,0.547739,6
1,1,0.570340,7
1,0,0.497879,9
1,1,0.547319,6
1,1,0.562232,1
1,0,0.360105,6
1,0,0.046414,2
1,1,0.579833,4
1,1,0.568629,8
1,0,0.207571,3
1,0,0.459195,2
1,0,0.331082,2
1,1,0.556261,6
1,1,0.539028,9
1,1,0.578899,7
1,0,0.499091,8
1,1,0.573476,7
1,0,0.476205,3
1,1,0.588708,5
1,1,0.533808,0
1,0,0.388939,5
1,1,0.537504,4
1,1,0.532518,9
1,1,0.508217,7
1,1,0.604556,2
1,1,0.565878,1
1,0,0.397736,5
1,1,0.546374,6
1,1,0.659348,0
1,0,0.431719,0
1,1,0.570806,7
1,1,0.505650,9
1,1,0.571845,8
1,1,0.563768,7
1,0,0.428668,2
1,1,0.553813,6
1,1,0.529119,2
1,1,0.566800,4
1,1,0.546584,2
1,1,0.588851,3
1,1,0.576422,5
1,1,0.570941,8
1,0,0.433259,4
1,0,0.439803,0
1,0,0.347543,4
1,1,0.594694,7
1,1,0.568350,5
1,1,0.583455,0
1,0,0.329794,3
1,1,0.619093,5
1,1,0.510442,5
1,1,0.543121,1
1,1,0.541506,4
1,0,0.181889,9
1,0,0.275751,4
1,1,0.567440,1
1,1,0.572722,8
1,1,0.559907,7
1,0,0.393011,6
1,0,0.495109,6
1,0,0.222892,3
1,1,0.528274,5
1,0,0.462600,6
1,1,0.625820,5
1,0,0.462442,1
1,0,0.387401,3
1,1,0.546852,6
1,1,0.522080,3
1,1,0.572539,7
1,1,0.520659,9
1,1,0.504210,9
1,1,0.573276,7
1,1,0.567019,1
1,0,0.390124,6
1,0,0.374383,4
1,1,0.601074,0
1,1,0.508142,6
1,1,0.601735,0
1,1,0.608746,5
1,1,0.520842,1
1,1,0.630500,2
1,1,0.548451,6
1,1,0.565008,8
1,1,0.568167,9
1,1,0.539955,4
1,1,0.502938,5
1,1,0.573263,7
1,1,0.572788,7
1,1,0.619293,2
1,1,0.530760,1
1,1,0.553838,6
1,1,0.628751,5
1,1,0.570323,8
1,1,0.603353,3
1,1,0.601567,2
1,0,0.476218,2
1,1,0.649057,2
1,0,0.457518,9
1,1,0.628866,5
1,1,0.604282,2
1,0,0.343876,2
1,1,0.588128,5
1,1,0.527800,8
1,1,0.561078,9
1,1,0.530877,3
1,1,0.566313,1
1,1,0.548333,6
1,0,0.249722,5
1,0,0.479732,5
1,1,0.617594,3
1,0,0.465010,5
1,1,0.571653,7
1,1,0.573253,7
1,1,0.545146,9
1,0,0.082057,8
1,0,0.331317,4
1,1,0.622001,5
1,1,0.511480,5
1,0,0.211551,3
1,1,0.566628,1
1,1,0.545744,1
1,0,0.410748,6
1,1,0.574683,7
1,1,0.571842,8
1,0,0.225702,9
1,1,0.518818,3
1,0,0.330341,6
1,1,0.572780,0
1,1,0.518539,1
1,1,0.571827,0
1,1,0.556757,8
1,0,0.435488,6
1,0,0.379027,8
1,1,0.532116,9
1,1,0.565220,0
1,1,0.556679,6
1,1,0.557330,9
1,0,0.270179,3
1,1,0.556987,6
1,0,0.452971,8
1,0,0.360630,5
1,0,0.445631,1
1,1,0.571362,8
1,1,0.557187,6
1,0,0.262637,9
1,1,0.635136,3
1,0,0.166207,2
1,1,0.525609,7
1,1,0.557329,6
1,1,0.525575,3
1,0,0.440285,6
1,1,0.543720,0
1,1,0.573480,7
1,1,0.549671,6
1,1,0.551199,0
1,0,0.405460,8
1,1,0.573589,7
1,1,0.599964,2
1,1,0.559869,1
1,0,0.471363,3
1,1,0.642597,0
1,1,0.554996,9
1,1,0.547239,6
1,0,0.486287,1
1,1,0.567279,4
1,1,0.564853,1
1,1,0.593999,7
1,1,0.554974,1
1,1,0.565045,0
1,0,0.328390,6
1,1,0.536708,1
1,0,0.396352,2
1,0,0.133414,1
1,1,0.576756,7
1,1,0.567230,8
1,1,0.567556,7
1,1,0.556610,1
1,1,0.557541,9
1,0,0.427266,9
1,1,0.649099,0
1,1,0.533462,3
1,1,0.560840,2
1,1,0.569510,2
1,1,0.622744,7
1,1,0.570562,7
1,1,0.506947,1
1,1,0.519432,1
1,1,0.688283,3
1,1,0.566722,1
1,1,0.557772,6
1,1,0.580199,5
1,1,0.560412,1
1,1,0.616606,2
1,1,0.543358,9
1,0,0.373848,4
1,0,0.408040,4
1,0,0.404446,3
1,0,0.484773,1
1,1,0.560693,1
1,1,0.567862,7
1,0,0.346550,8
1,1,0.598814,2
1,1,0.609149,2
1,1,0.547974,1
1,1,0.540147,5
1,0,0.381252,9
1,1,0.547905,6
1,1,0.566823,1
1,1,0.540876,3
1,1,0.596865,3
1,1,0.542079,3
1,1,0.556137,6
1,1,0.546487,6
1,1,0.529824,0
1,1,0.549265,5
1,0,0.085554,3
1,0,0.495031,6
1,1,0.605532,5
1,0,0.462207,5
1,1,0.572816,0
1,1,0.561301,1
1,0,0.456660,4
1,1,0.616521,3
1,1,0.573440,7
1,0,0.409624,6
1,1,0.555368,6
1,1,0.534681,9
1,1,0.598309,2
1,1,0.611478,4
1,1,0.570147,3
1,1,0.571259,8
1,1,0.560605,1
1,1,0.548796,9
1,1,0.687364,3
1,1,0.509578,0
1,1,0.550463,6
1,0,0.418655,2
1,1,0.587267,5
1,1,0.545689,1
1,0,0.478488,3
1,1,0.519299,9
1,1,0.526066,3
1,0,0.276228,4
1,1,0.561533,8
1,1,0.608925,5
1,1,0.571648,8
1,1,0.571149,8
1,1,0.570156,8
1,0,0.128441,6
1,1,0.610960,5
1,0,0.468396,1
1,1,0.578522,5
1,1,0.582871,7
1,1,0.591993,4
1,0,0.248731,8
1,0,0.439444,2
1,0,0.135018,1
1,1,0.562193,1
1,1,0.615107,2
1,1,0.621712,2
1,0,0.140894,5
1,1,0.509008,4
1,1,0.572559,7
1,0,0.337155,4
1,1,0.501982,5
1,0,0.479657,1
1,1,0.571056,5
1,1,0.578764,4
1,0,0.499205,8
1,1,0.687011,3
1,1,0.571035,8
1,0,0.022076,0
1,1,0.547053,6
1,1,0.517188,9
1,1,0.516822,2
1,1,0.537538,1
1,1,0.557412,6
1,1,0.560001,9
1,1,0.605252,5
1,1,0.565103,8
1,0,0.481729,2
1,1,0.612980,4
1,1,0.558839,6
1,1,0.560792,0
1,1,0.571902,7
1,0,0.376801,3
1,1,0.557803,6
1,1,0.511926,4
1,1,0.569387,0
1,1,0.633314,5
1,0,0.262034,0
1,1,0.571076,7
1,1,0.544399,6
1,1,0.629997,4
1,1,0.561308,9
1,1,0.568283,7
1,0,0.326609,9
1,1,0.564147,1
1,1,0.552322,9
1,1,0.574071,7
1,1,0.536415,5
1,0,0.380077,5
1,1,0.577607,7
1,1,0.537876,3
1,1,0.549288,2
1,0,0.281752,4
1,0,0.207000,9
1,1,0.555599,9
1,1,0.609382,4
1,1,0.571601,8
1,1,0.594225,7
1,1,0.571738,8
1,1,0.590104,7
1,1,0.562944,9
1,1,0.594606,0
1,1,0.573417,7
1,0,0.378414,3
1,0,0.105050,5
1,1,0.528645,9
1,1,0.524642,4
1,1,0.551474,2
1,1,0.573042,0
1,0,0.408284,1
1,1,0.515829,8
1,1,0.535446,8
1,0,0.382003,4
1,0,0.418186,5
1,1,0.569113,8
1,1,0.546900,6
1,0,0.313113,9
1,1,0.571664,8
1,1,0.615111,5
1,0,0.387305,5
1,1,0.547229,6
1,1,0.564258,4
1,0,0.473367,1
1,1,0.554947,2
1,0,0.452133,3
1,1,0.510423,8
1,1,0.584258,3
1,1,0.560558,3
1,1,0.596835,4
1,1,0.553954,6
1,0,0.491348,8
1,1,0.554486,6
1,1,0.537494,5
1,1,0.585610,5
1,1,0.585014,5
1,0,0.381777,3
1,0,0.252703,0
1,1,0.594333,3
1,1,0.544166,2
1,1,0.569804,8
1,1,0.574786,4
1,0,0.263824,9
1,1,0.558375,9
1,0,0.371208,4
1,1,0.562520,9
1,1,0.546540,6
1,0,0.421866,5
1,1,0.563386,1
1,1,0.542737,9
1,1,0.650045,0
1,0,0.229212,3
1,1,0.609205,2
1,1,0.636943,3
1,0,0.490856,4
1,1,0.545613,1
1,1,0.573389,7
1,1,0.571862,8
1,1,0.558573,1
1,0,0.219997,4
1,1,0.547327,6
1,1,0.570516,9
1,0,0.282802,2
1,1,0.620415,2
1,1,0.564613,8
1,1,0.554906,6
1,0,0.445100,2
1,1,0.546348,9
1,0,0.451204,5
1,1,0.564542,9
1,1,0.566989,0
1,1,0.572449,7
1,1,0.614550,3
1,1,0.524845,0
1,1,0.509904,9
1,1,0.582541,7
1,1,0.564653,8
1,1,0.579683,3
1,1,0.559668,0
1,0,0.438302,5
1,1,0.521455,8
1,1,0.557757,1
1,1,0.532925,0
1,1,0.548897,6
1,1,0.576638,4
1,1,0.561519,3
1,1,0.546512,6
1,1,0.631287,5
1,1,0.516827,6
1,1,0.566495,7
1,1,0.552312,1
1,1,0.585591,0
1,1,0.553235,9
1,0,0.239414,6
1,1,0.551004,6
1,0,0.430182,7
1,1,0.594753,7
1,1,0.557570,1
1,1,0.566176,1
1,1,0.586739,3
1,1,0.557718,1
1,0,0.070072,8
1,0,0.312609,9
1,0,0.228468,5
1,0,0.356972,8
1,1,0.613209,5
1,1,0.561180,0
1,1,0.582058,5
1,1,0.507371,5
1,1,0.610802,4
1,1,0.529177,0
1,0,0.480509,1
1,0,0.320537,4
1,1,0.548091,1
1,1,0.570027,0
1,0,0.485998,4
1,0,0.143480,4
1,1,0.573458,7
1,1,0.571398,8
1,0,0.209409,2
1,1,0.649766,3
1,0,0.414878,4
1,1,0.579059,7
1,1,0.555116,3
1,0,0.470766,5
1,1,0.571326,8
1,1,0.598110,4
1,1,0.563015,4
1,1,0.570168,8
1,1,0.558730,9
1,1,0.504720,3
1,1,0.559845,9
1,1,0.548435,6
1,0,0.435797,6
1,0,0.333583,0
1,1,0.581058,7
1,1,0.636081,5
1,1,0.571615,8
1,1,0.584085,3
1,1,0.569940,7
1,1,0.614807,2
1,0,0.441838,5
1,1,0.567240,4
1,1,0.547081,6
1,1,0.511428,9
1,1,0.547936,6
1,0,0.358735,0
1,1,0.523020,0
1,1,0.570314,8
1,0,0.155224,4
1,1,0.593755,3
1,1,0.583877,5
1,1,0.580911,2
1,1,0.553253,1
1,1,0.563150,0
1,0,0.072942,7
1,1,0.502885,2
1,1,0.569147,0
1,1,0.559241,9
1,1,0.621952,3
1,1,0.573347,7
1,1,0.570027,0
1,1,0.636847,5
1,1,0.563782,1
1,1,0.573439,7
1,0,0.355946,6
1,0,0.459121,3
1,1,0.507888,1
1,1,0.569605,9
1,0,0.476270,9
1,0,0.174645,0
1,0,0.460222,2
1,1,0.564746,0
1,0,0.244889,6
1,1,0.584032,7
1,1,0.571883,8
1,1,0.574626,7
1,1,0.558924,1
1,0,0.119372,2
1,1,0.589995,7
1,1,0.529166,0
1,1,0.557688,1
1,0,0.374153,3
1,1,0.557277,8
1,1,0.523632,4
1,1,0.557829,0
1,1,0.572577,2
1,1,0.564080,0
1,1,0.631844,3
1,1,0.547196,6
1,1,0.565477,3
1,1,0.621306,7
1,0,0.375965,4
1,1,0.547509,7
1,1,0.627295,3
1,1,0.556247,4
1,0,0.490947,1
1,0,0.256875,4
1,1,0.549049,6
1,0,0.172638,5
1,0,0.485667,3
1,1,0.571447,7
1,1,0.588129,2
1,1,0.563098,1
1,1,0.557115,6
1,1,0.571067,8
1,1,0.551643,8
1,0,0.308411,5
1,1,0.570749,8
1,1,0.553441,9
1,1,0.585707,0
1,1,0.570700,8
1,1,0.569259,0
1,0,0.310961,7
1,0,0.163569,6
1,1,0.554176,6
1,1,0.548823,6
1,1,0.545053,7
1,0,0.488952,3
1,1,0.607878,0
1,1,0.581447,0
1,1,0.635124,4
1,1,0.526525,2
1,0,0.482322,0
1,1,0.629355,2
1,1,0.567846,8
1,1,0.595083,4
1,1,0.622126,7
1,0,0.350954,6
1,0,0.475794,4
1,1,0.574426,0
1,0,0.244405,5
1,1,0.588976,5
1,1,0.609481,4
1,0,0.231789,3
1,1,0.517569,5
1,1,0.545999,0
1,1,0.502991,2
1,1,0.609570,7
1,1,0.589969,2
1,1,0.544952,5
1,1,0.546520,6
1,1,0.554170,1
1,1,0.633442,0
1,1,0.635731,5
1,0,0.492720,1
1,1,0.631289,5
1,1,0.566067,1
1,1,0.586191,8
1,0,0.347217,1
1,0,0.479991,7
1,1,0.571772,0
1,0,0.436505,5
1,1,0.552309,6
1,1,0.567082,1
1,1,0.555710,1
1,0,0.243982,8
1,1,0.614139,2
1,1,0.550381,6
1,1,0.554761,6
1,1,0.566809,1
1,1,0.565680,1
1,1,0.608067,0
1,1,0.552772,6
1,1,0.579503,5
1,1,0.548622,6
1,1,0.571840,8
1,1,0.626160,2
1,1,0.571410,8
1,1,0.544975,6
1,1,0.512646,5
1,1,0.572770,0
1,1,0.663452,3
1,0,0.479302,1
1,1,0.546089,4
1,1,0.590897,4
1,1,0.573273,3
1,0,0.438857,2
1,0,0.470120,2
1,1,0.551755,6
1,1,0.621906,4
1,0,0.202313,8
1,1,0.572955,7
1,1,0.559006,1
1,1,0.598315,2
1,0,0.480133,4
1,1,0.547428,6
1,1,0.558646,6
1,1,0.560307,3
1,1,0.618947,2
1,0,0.071630,7
1,1,0.569735,0
1,1,0.572938,7
1,1,0.557142,9
1,1,0.558676,6
1,1,0.561269,9
1,0,0.261339,5
1,1,0.603066,7
1,1,0.676185,3
1,1,0.547085,6
1,1,0.625092,3
1,1,0.559583,1
1,1,0.566058,1
1,0,0.249134,7
1,1,0.554291,6
1,1,0.570861,8
1,1,0.569531,8
1,1,0.551707,8
1,1,0.551998,1
1,0,0.402027,5
1,1,0.558349,1
1,1,0.566033,1
1,1,0.565450,1
1,1,0.550033,6
1,1,0.571094,0
1,1,0.561525,9
1,1,0.549926,6
1,0,0.225558,2
1,1,0.620614,3
1,0,0.418966,2
1,1,0.573194,0
1,0,0.425701,5
1,1,0.536676,2
1,0,0.031064,6
1,1,0.564405,1
1,1,0.562826,7
1,0,0.497743,9
1,0,0.407131,3
1,1,0.573921,8
1,1,0.576163,7
1,0,0.446765,3
1,1,0.548211,6
1,1,0.701568,3
1,1,0.591475,4
1,1,0.548700,6
1,1,0.596802,7
1,1,0.569109,0
1,1,0.507288,7
1,1,0.582567,2
1,0,0.118174,2
1,1,0.552035,8
1,0,0.339593,4
1,0,0.479528,3
1,1,0.575763,3
1,0,0.468548,4
1,1,0.567300,9
1,0,0.187649,2
1,1,0.552382,6
1,1,0.691104,3
1,0,0.109895,7
1,1,0.543486,1
1,0,0.453699,5
1,0,0.482628,0
1,1,0.586118,2
1,1,0.571593,7
1,1,0.562689,4
1,1,0.555638,9
1,1,0.571027,8
1,0,0.347253,0
1,1,0.552400,8
1,0,0.328008,1
1,1,0.561532,9
1,1,0.637516,5
1,1,0.557619,5
1,0,0.441552,9
1,1,0.540339,4
1,0,0.460559,7
1,1,0.615022,2
1,1,0.571424,8
1,1,0.518287,2
1,1,0.559180,2
1,1,0.527699,1
1,0,0.499970,6
1,1,0.587959,5
1,1,0.550865,4
1,0,0.097022,6
1,1,0.614225,4
1,1,0.547645,0
1,1,0.548380,9
1,0,0.257977,2
1,1,0.627091,5
1,0,0.392666,6
1,1,0.551488,0
1,1,0.551811,6
1,1,0.668310,3
1,1,0.571107,8
1,1,0.620069,3
1,1,0.639675,3
1,0,0.474638,1
1,1,0.547493,9
1,1,0.558603,0
1,1,0.569399,9
1,1,0.565110,0
1,1,0.640068,2
1,0,0.467805,2
1,1,0.578582,3
1,0,0.260170,4
1,0,0.466730,3
1,1,0.572754,0
1,1,0.525589,9
1,1,0.568266,8
1,0,0.399254,2
1,1,0.585347,2
1,1,0.575118,5
1,0,0.127842,9
1,0,0.374859,9
1,1,0.547317,6
1,1,0.570929,7
1,0,0.405757,9
1,0,0.428140,7
1,1,0.553696,8
1,1,0.570701,8
1,1,0.560083,8
1,0,0.393680,7
1,1,0.663760,3
1,1,0.567099,1
1,1,0.551344,6
1,0,0.473914,3
1,0,0.446156,5
1,1,0.564843,1
1,1,0.566945,1
1,1,0.573554,7
1,1,0.566679,8
1,0,0.210183,4
1,1,0.630889,5
1,1,0.592432,3
1,1,0.567117,8
1,1,0.571691,8
1,0,0.467216,2
1,1,0.578208,0
1,1,0.563036,8
1,1,0.625735,5
1,1,0.574362,0
1,1,0.554910,9
1,1,0.544125,0
1,1,0.555910,1
1,1,0.559915,0
1,1,0.567533,3
1,1,0.624014,4
1,1,0.549834,6
1,1,0.547962,9
1,0,0.259278,8
1,1,0.511067,3
1,1,0.552081,2
1,1,0.567182,1
1,1,0.572077,0
1,1,0.560853,9
1,1,0.560170,1
1,0,0.314979,4
1,1,0.562758,1
1,1,0.612467,4
1,1,0.571906,8
1,1,0.579405,2
1,0,0.174071,1
1,1,0.566196,1
1,1,0.555034,9
1,0,0.447535,4
1,1,0.575229,7
1,1,0.554960,5
1,0,0.437360,1
1,1,0.562513,1
1,1,0.584834,2
1,1,0.632765,7
1,1,0.582159,2
1,1,0.573234,7
1,1,0.628477,5
1,0,0.460653,3
1,0,0.094022,3
1,0,0.154626,3
1,1,0.523897,0
1,1,0.617202,3
1,1,0.571458,8
1,1,0.531315,5
1,0,0.474674,4
1,0,0.383435,1
1,0,0.483126,1
1,1,0.595695,4
1,1,0.567609,4
1,0,0.234536,8
1,1,0.540251,5
1,0,0.252873,3
1,0,0.473797,1
1,1,0.569123,8
1,1,0.528618,0
1,1,0.578082,7
1,1,0.570951,8
1,1,0.539397,2
1,1,0.569522,8
1,1,0.569121,7
1,0,0.498510,1
1,1,0.639922,0
1,1,0.584445,7
1,1,0.689059,3
1,1,0.591136,2
1,1,0.530627,8
1,1,0.589931,2
1,1,0.580186,7
1,0,0.478093,2
1,1,0.517059,3
1,0,0.466278,8
1,1,0.524415,1
1,1,0.571459,8
1,1,0.611261,2
1,1,0.593102,2
1,0,0.464036,3
1,1,0.529724,8
1,0,0.329666,4
1,1,0.573756,7
1,1,0.560110,2
1,1,0.611480,2
1,1,0.599720,7
1,1,0.618953,2
1,1,0.571236,0
1,1,0.561524,1
1,0,0.240538,1
1,0,0.266744,4
1,1,0.619924,0
1,1,0.570047,8
1,0,0.215549,1
1,1,0.570289,8
1,1,0.511400,9
1,1,0.552464,0
1,1,0.544913,9
1,1,0.546345,6
1,1,0.550246,6
1,0,0.399567,4
1,0,0.399106,1
1,0,0.271295,0
1,1,0.562164,9
1,1,0.582436,3
1,1,0.585656,2
1,1,0.561619,9
1,1,0.566954,0
1,0,0.428713,8
1,1,0.528843,2
1,1,0.518719,5
1,1,0.552417,3
1,1,0.553291,6
1,0,0.451896,8
1,1,0.555382,9
1,1,0.564136,1
1,1,0.554272,1
1,1,0.641531,3
1,1,0.561192,9
1,1,0.597522,4
1,0,0.436054,5
1,1,0.622785,3
1,1,0.545869,8
1,1,0.565732,1
1,1,0.569256,8
1,1,0.561564,9
1,1,0.612730,5
1,1,0.545672,9
1,1,0.617795,5
1,1,0.519513,3
1,1,0.550476,9
1,1,0.572771,0
1,1,0.555068,6
1,1,0.589849,7
1,0,0.185591,9
1,0,0.414677,1
1,0,0.250272,3
1,1,0.573459,7
1,1,0.640043,3
1,1,0.624608,2
1,1,0.548248,6
1,1,0.569574,0
1,1,0.583138,2
1,1,0.549492,7
1,1,0.596628,3
1,1,0.508593,3
1,1,0.547539,6
1,1,0.549145,8
1,1,0.562691,8
1,1,0.519557,9
1,1,0.571884,8
1,1,0.572959,7
1,1,0.564230,9
1,1,0.563503,8
1,1,0.575928,7
1,1,0.556872,7
1,1,0.534785,1
1,0,0.221470,8
1,0,0.438771,5
1,1,0.556805,9
1,0,0.485682,6
1,0,0.443934,5
1,1,0.571747,8
1,0,0.197309,5
1,1,0.550341,6
1,1,0.563870,1
1,1,0.637807,2
1,0,0.475929,5
1,0,0.395371,5
1,1,0.564291,1
1,1,0.619747,3
1,1,0.572969,7
1,0,0.470433,4
1,1,0.648215,3
1,1,0.558638,0
1,1,0.527096,4
1,0,0.195845,9
1,0,0.058930,6
1,1,0.554436,6
1,1,0.583427,2
1,1,0.540202,0
1,1,0.690184,3
1,0,0.438278,0
1,1,0.613409,2
1,1,0.560434,0
1,0,0.369422,2
1,1,0.571861,8
1,1,0.557780,6
1,1,0.570883,8
1,0,0.493227,5
1,1,0.529994,0
1,1,0.568353,7
1,0,0.490420,9
1,1,0.602182,2
1,1,0.543711,0
1,1,0.516624,5
1,1,0.552425,6
1,1,0.519082,8
1,1,0.561419,7
1,1,0.591001,3
1,1,0.559471,9
1,0,0.483269,2
1,1,0.588027,2
1,1,0.507844,4
1,1,0.547006,6
1,1,0.562472,9
1,1,0.513489,9
1,1,0.571407,8
1,1,0.557353,9
1,1,0.602091,7
1,0,0.464314,4
1,1,0.573355,7
1,0,0.493521,5
1,1,0.501297,4
1,1,0.561653,4
1,0,0.383303,4
1,0,0.183560,3
1,1,0.554871,4
1,1,0.580069,8
1,0,0.396218,5
1,1,0.570647,8
1,1,0.559115,9
1,1,0.569088,0
1,1,0.520664,6
1,1,0.561749,1
1,1,0.560119,6
1,0,0.433969,3
1,1,0.583408,5
1,1,0.548350,1
1,1,0.572696,0
1,0,0.492321,5
1,1,0.561577,9
1,1,0.566138,8
1,1,0.571821,8
1,1,0.565676,1
1,1,0.604811,2
1,1,0.556248,0
1,0,0.478272,5
1,1,0.556634,6
1,0,0.478462,9
1,0,0.329077,3
1,1,0.595639,4
1,0,0.447980,4
1,1,0.575959,3
1,1,0.567941,7
1,1,0.556838,9
1,1,0.557584,6
1,1,0.573632,7
1,1,0.604722,5
1,1,0.562857,7
1,0,0.191234,5
1,0,0.439516,3
1,1,0.608905,4
1,1,0.508497,1
1,1,0.558228,1
1,1,0.504474,0
1,1,0.616143,7
1,1,0.604164,7
1,1,0.626123,5
1,1,0.567148,1
1,1,0.549004,9
1,1,0.562690,9
1,1,0.573093,7
1,1,0.526245,0
1,1,0.560914,9
1,1,0.552769,6
1,1,0.566059,1
1,1,0.536746,3
1,1,0.564268,7
1,1,0.506678,3
1,1,0.551878,6
1,1,0.561191,8
1,1,0.535661,4
1,1,0.557624,6
1,1,0.639669,3
1,1,0.598226,5
1,0,0.491878,3
1,1,0.559512,7
1,1,0.568002,3
1,1,0.591258,2
1,0,0.321534,4
1,1,0.535406,3
1,1,0.555822,0
1,1,0.582457,2
1,1,0.522774,1
1,1,0.558597,5
1,1,0.576176,7
1,1,0.555651,7
1,1,0.593759,7
1,0,0.294068,1
1,1,0.622147,5
1,1,0.572490,0
1,1,0.625314,2
1,1,0.557115,1
1,1,0.617487,3
1,1,0.569109,9
1,1,0.567390,3
1,1,0.602527,2
1,0,0.484714,5
1,1,0.595340,3
1,1,0.560715,5
1,1,0.618459,3
1,1,0.605590,7
1,1,0.584061,7
1,0,0.463951,9
1,1,0.509354,3
1,1,0.508645,9
1,1,0.541766,9
1,0,0.450715,4
1,1,0.548618,5
1,1,0.600809,5
1,1,0.548291,7
1,1,0.572132,0
1,1,0.564095,9
1,1,0.561135,9
1,1,0.571735,8
1,0,0.332662,6
1,1,0.504947,9
1,0,0.483728,5
1,0,0.490623,9
1,1,0.569609,8
1,1,0.524060,1
1,0,0.408896,2
1,1,0.715012,2
1,0,0.415573,3
1,0,0.192677,9
1,0,0.095376,5
1,0,0.416308,3
1,0,0.253156,5
1,1,0.618031,4
1,1,0.639141,0
1,1,0.570296,7
1,1,0.546100,1
1,1,0.617053,5
1,1,0.536781,8
1,1,0.505910,5
1,0,0.358048,1
1,1,0.500067,3
1,1,0.566170,8
1,1,0.587554,0
1,0,0.108382,9
1,1,0.512442,1
1,1,0.546033,2
1,1,0.616930,2
1,1,0.513982,9
1,1,0.546936,0
1,1,0.547357,6
1,1,0.639638,3
1,1,0.561544,9
1,1,0.609373,4
1,1,0.580271,7
1,0,0.450462,9
1,0,0.446327,2
1,0,0.345699,1
1,1,0.534523,8
1,1,0.545314,2
1,1,0.589575,3
1,1,0.550680,9
1,1,0.571183,8
1,0,0.186455,3
1,1,0.583977,7
1,1,0.567038,1
1,1,0.558399,6
1,0,0.474588,0
1,0,0.276878,4
1,0,0.468145,4
1,1,0.644647,0
1,1,0.565115,1
1,1,0.580976,5
1,0,0.288090,4
1,1,0.555411,1
1,1,0.624993,3
1,1,0.614117,2
1,1,0.537364,4
1,1,0.537888,2
1,1,0.528172,6
1,0,0.476477,6
1,1,0.627911,2
1,1,0.561312,9
1,1,0.561276,9
1,1,0.552758,3
1,0,0.435019,4
1,1,0.608339,4
1,1,0.536165,9
1,1,0.520123,2
1,1,0.603708,2
1,1,0.599894,7
1,0,0.467726,7
1,1,0.571849,8
1,0,0.476315,9
1,1,0.549340,6
1,1,0.570704,0
1,1,0.561074,9
1,1,0.583350,0
1,1,0.564416,2
1,1,0.592264,2
1,1,0.546841,6
1,1,0.558106,9
1,0,0.387503,4
1,0,0.448429,2
1,1,0.576704,0
1,1,0.572360,0
1,1,0.536453,3
1,1,0.553312,6
1,0,0.388146,4
1,0,0.404582,9
1,1,0.561180,9
1,1,0.570836,8
1,0,0.222287,0
1,1,0.607035,2
1,1,0.566919,7
1,1,0.526162,5
1,0,0.261269,1
1,1,0.532347,9
1,0,0.228109,5
1,0,0.313274,4
1,1,0.579860,2
1,1,0.568658,0
1,1,0.523387,8
1,1,0.696799,3
1,1,0.574089,7
1,1,0.573439,7
1,1,0.554126,6
1,0,0.439728,4
1,1,0.555857,6
1,1,0.569111,3
1,1,0.553742,6
1,1,0.520571,1
1,1,0.544435,2
1,1,0.554600,3
1,1,0.561360,9
1,0,0.195101,4
1,0,0.179943,4
1,1,0.547571,9
1,0,0.365383,5
1,1,0.570643,0
1,1,0.575066,3
1,1,0.566365,1
1,1,0.618641,3
1,1,0.522152,7
1,0,0.395020,9
1,0,0.351108,3
1,1,0.565692,8
1,1,0.546700,6
1,1,0.544842,2
1,1,0.572458,0
1,1,0.531791,7
1,1,0.556593,6
1,1,0.571038,0
1,1,0.605573,5
1,1,0.506428,0
1,1,0.531381,5
1,1,0.649030,3
1,1,0.545853,7
1,0,0.394734,4
1,1,0.563577,1
1,1,0.560255,7
1,1,0.591932,2
1,0,0.463407,8
1,1,0.538188,3
1,0,0.426150,5
1,1,0.550653,0
1,1,0.602503,5
1,1,0.546385,6
1,1,0.587048,8
1,0,0.276187,3
1,1,0.557928,1
1,0,0.497784,4
1,0,0.167996,9
1,0,0.364414,6
1,1,0.572021,7
1,1,0.550924,1
1,1,0.546640,2
1,1,0.630013,4
1,1,0.509116,5
1,1,0.571493,8
1,1,0.556118,6
1,1,0.589251,3
1,1,0.568799,2
1,1,0.561155,3
1,1,0.515990,3
1,1,0.579584,0
1,1,0.571472,8
1,1,0.558489,2
1,0,0.435853,3
1,1,0.553021,6
1,0,0.477039,5
1,1,0.560746,1
1,1,0.562855,5
1,0,0.490485,3
1,1,0.600395,2
1,1,0.574193,8
1,1,0.613853,4
1,1,0.627492,3
1,0,0.412830,2
1,0,0.454473,2
1,1,0.583481,9
1,1,0.573154,7
1,1,0.544903,4
1,0,0.465339,8
1,1,0.602453,2
1,1,0.564404,1
1,0,0.302219,9
1,0,0.468155,2
1,1,0.554268,9
1,0,0.256192,6
1,0,0.398491,1
1,1,0.570655,8
1,1,0.552048,6
1,1,0.569822,8
1,1,0.548696,6
1,0,0.435736,4
1,1,0.572667,7
1,0,0.275171,4
1,1,0.557574,2
1,1,0.545967,3
1,1,0.634431,5
1,0,0.432373,3
1,0,0.247211,5
1,0,0.488234,9
1,1,0.548217,1
1,0,0.184557,6
1,1,0.561236,8
1,1,0.604632,4
1,1,0.592775,2
1,0,0.345855,8
1,1,0.590636,4
1,1,0.561207,9
1,1,0.622836,4
1,1,0.599085,0
1,0,0.353535,4
1,0,0.224996,6
1,0,0.160304,9
1,1,0.605211,2
1,1,0.550859,3
1,1,0.519985,8
1,1,0.529893,0
1,1,0.623622,5
1,1,0.573198,8
1,1,0.520911,1
1,1,0.534764,7
1,1,0.575483,4
1,1,0.555169,4
1,1,0.553001,6
1,0,0.445648,2
1,1,0.560326,9
1,1,0.569084,7
1,1,0.573304,7
1,0,0.489954,3
1,1,0.635843,5
1,1,0.564483,3
1,1,0.570847,8
1,1,0.573456,7
1,1,0.571647,0
1,1,0.576876,7
1,1,0.593485,4
1,1,0.573441,7
1,1,0.622539,5
1,1,0.560349,9
1,1,0.572234,0
1,1,0.616416,5
1,1,0.544726,9
1,1,0.547270,6
1,1,0.561004,9
1,1,0.563588,8
1,1,0.549163,1
1,1,0.604712,4
1,1,0.563395,7
1,1,0.575761,0
1,1,0.616523,5
1,1,0.570523,8
1,0,0.222879,3
1,1,0.599919,4
1,1,0.561134,1
1,1,0.578656,7
1,1,0.518065,4
1,1,0.574769,7
1,1,0.547124,6
1,1,0.675102,3
1,0,0.128987,5
1,1,0.589328,7
1,1,0.547104,6
1,1,0.529370,3
1,0,0.336666,4
1,0,0.454014,4
1,1,0.604939,4
1,0,0.227750,9
1,0,0.488918,0
1,0,0.365500,4
1,1,0.541398,3
1,1,0.543606,8
1,1,0.552697,1
1,1,0.607601,2
1,1,0.549660,0
1,1,0.549828,6
1,1,0.553418,6
1,1,0.573441,7
1,0,0.324215,2
1,0,0.434879,4
1,1,0.618543,5
1,1,0.567241,1
1,1,0.540931,7
1,1,0.579195,2
1,1,0.562743,2
1,0,0.472856,6
1,1,0.550248,2
1,1,0.538224,4
1,1,0.530469,8
1,1,0.562021,1
1,1,0.571636,8
1,1,0.549309,6
1,0,0.429798,3
1,1,0.579017,4
1,1,0.529490,2
1,0,0.380368,4
1,1,0.573937,7
1,1,0.549029,4
1,0,0.452276,0
1,0,0.307596,6
1,1,0.561799,9
1,0,0.498534,0
1,1,0.631836,5
1,1,0.558231,8
1,0,0.443684,1
1,0,0.399757,4
1,0,0.331358,2
1,1,0.593470,0
1,1,0.588101,8
1,1,0.633028,2
1,1,0.566956,1
1,1,0.532601,0
1,0,0.450873,5
1,0,0.458216,8
1,1,0.636756,5
1,0,0.441777,2
1,0,0.252269,0
1,1,0.589547,2
1,1,0.554545,6
1,1,0.573554,2
1,1,0.547532,6
1,1,0.637285,5
1,0,0.425435,5
1,0,0.222082,0
1,1,0.583806,2
1,1,0.535197,5
1,1,0.599453,2
1,1,0.571755,8
1,0,0.312620,4
1,0,0.385722,4
1,1,0.541289,4
1,1,0.527008,5
1,1,0.576419,7
1,1,0.573197,7
1,0,0.210774,3
1,0,0.441674,4
1,1,0.549842,0
1,1,0.538726,0
1,1,0.562182,0
1,1,0.563988,1
1,1,0.556920,6
1,0,0.443934,3
1,1,0.517944,1
1,1,0.524346,2
1,1,0.590705,2
1,1,0.597640,2
1,0,0.154937,2
1,1,0.556621,7
1,1,0.583117,2
1,1,0.550040,6
1,0,0.415576,6
1,1,0.579960,7
1,1,0.555136,2
1,1,0.547023,8
1,1,0.586463,3
1,1,0.627375,5
1,1,0.583278,4
1,1,0.572478,8
1,1,0.572566,7
1,0,0.482713,1
1,1,0.512725,4
1,1,0.550243,5
1,0,0.439997,2
1,1,0.560655,0
1,1,0.571589,8
1,1,0.568812,8
1,1,0.635776,5
1,1,0.696371,3
1,1,0.571742,8
1,1,0.564620,9
1,1,0.559425,9
1,1,0.573449,7
1,1,0.573274,0
1,0,0.467189,3
1,1,0.571466,7
1,1,0.571884,8
1,1,0.564682,9
1,0,0.098024,4
1,1,0.530789,9
1,1,0.566776,8
1,1,0.603382,4
1,1,0.589737,4
1,0,0.348345,6
1,1,0.581360,7
1,1,0.565014,7
1,1,0.621431,5
1,0,0.437479,4
1,1,0.573045,0
1,1,0.549780,8
1,1,0.595815,5
1,1,0.527618,4
1,1,0.537090,0
1,1,0.551021,8
1,1,0.543076,4
1,1,0.614781,7
1,1,0.553482,6
1,1,0.550406,9
1,0,0.310689,4
1,1,0.563601,8
1,1,0.597820,5
1,1,0.576743,7
1,0,0.394857,3
1,0,0.181828,0
1,0,0.169945,5
1,1,0.612887,4
1,1,0.625987,5
1,0,0.323933,2
1,0,0.474998,3
1,1,0.605244,3
1,0,0.372942,8
1,1,0.556898,6
1,1,0.585539,0
1,1,0.605730,2
1,1,0.614989,5
1,1,0.604177,2
1,1,0.622999,7
1,1,0.568838,7
1,0,0.131802,7
1,0,0.246053,9
1,0,0.376842,4
1,1,0.628872,3
1,1,0.596500,0
1,0,0.489286,4
1,1,0.508173,5
1,1,0.571850,8
1,1,0.564334,1
1,1,0.561370,9
1,1,0.548287,6
1,0,0.450218,3
1,1,0.562771,1
1,1,0.559929,9
1,1,0.571020,8
1,1,0.570270,7
1,0,0.426788,5
1,1,0.561472,9
1,1,0.576371,7
1,1,0.523092,5
1,1,0.566020,8
1,1,0.554537,0
1,1,0.533542,3
1,0,0.379543,5
1,1,0.543006,1
1,1,0.565934,0
1,0,0.473891,5
1,0,0.433524,3
1,1,0.606607,2
1,1,0.566813,1
1,1,0.584340,2
1,1,0.573260,7
1,1,0.558873,1
1,1,0.558042,9
1,1,0.557469,5
1,1,0.565695,3
1,0,0.465921,2
1,1,0.546950,6
1,1,0.571877,8
1,1,0.571481,2
1,1,0.545230,4
1,0,0.159176,5
1,1,0.561502,9
1,0,0.262695,1
1,1,0.562170,9
1,1,0.596886,2
1,1,0.564434,8
1,1,0.552232,9
1,0,0.353133,6
1,1,0.575646,7
1,1,0.637523,2
1,1,0.565717,1
1,0,0.340686,1
1,1,0.637389,3
1,1,0.556530,0
1,1,0.569576,8
1,1,0.623358,5
1,0,0.401038,3
1,1,0.573136,7
1,0,0.472980,5
1,0,0.276775,6
1,1,0.531207,0
1,0,0.470203,5
1,0,0.118830,2
1,1,0.510117,1
1,1,0.579508,2
1,0,0.224836,4
1,0,0.449978,3
1,0,0.139355,8
1,1,0.557726,9
1,0,0.360511,3
1,0,0.361778,7
1,1,0.571827,8
1,1,0.533351,2
1,1,0.575971,2
1,1,0.571492,7
1,1,0.584033,0
1,0,0.359572,0
1,1,0.572535,7
1,1,0.582850,0
1,1,0.548137,6
1,1,0.512076,5
1,1,0.568768,0
1,1,0.544420,1
1,1,0.561384,9
1,1,0.589774,7
1,1,0.536771,5
1,1,0.592959,0
1,1,0.519222,5
1,0,0.475717,1
1,1,0.553531,1
1,1,0.558948,2
1,1,0.564862,1
1,0,0.454593,3
1,1,0.659373,2
1,0,0.434312,4
1,0,0.279026,9
1,1,0.545497,1
1,1,0.576203,0
1,0,0.018730,0
1,1,0.526528,6
1,1,0.517713,8
1,1,0.573316,7
1,0,0.388846,4
1,1,0.585815,4
1,1,0.506011,4
1,1,0.533644,4
1,1,0.595430,0
1,0,0.430470,2
1,1,0.519872,1
1,1,0.665811,3
1,0,0.154388,4
1,1,0.548199,1
1,1,0.515364,9
1,1,0.597491,4
1,1,0.573770,0
1,0,0.457846,7
1,1,0.554137,6
1,1,0.636939,5
1,1,0.597745,2
1,1,0.700353,3
1,1,0.559269,2
1,1,0.570954,8
1,1,0.557256,3
1,1,0.564656,8
1,1,0.645090,3
1,1,0.581495,2
1,1,0.631146,4
1,0,0.455285,3
1,0,0.385370,6
1,1,0.537395,0
1,1,0.569692,7
1,1,0.523159,0
1,1,0.529797,8
1,1,0.571510,7
1,1,0.550469,1
1,0,0.455517,4
1,1,0.518891,9
1,1,0.567773,0
1,1,0.532424,6
1,0,0.116345,3
1,1,0.508814,2
1,1,0.560697,9
1,1,0.569791,7
1,0,0.499227,5
1,1,0.703168,3
1,1,0.532522,2
1,0,0.270867,9
1,1,0.558156,6
1,1,0.528906,4
1,1,0.572559,7
1,1,0.537680,3
1,0,0.360561,7
1,1,0.549698,6
1,1,0.569156,8
1,0,0.467031,5
1,0,0.437979,2
1,1,0.573410,7
1,1,0.555665,9
1,1,0.681443,3
1,1,0.629315,5
1,1,0.569977,8
1,0,0.475815,8
1,1,0.548901,6
1,1,0.565674,8
1,1,0.548347,6
1,0,0.438984,1
1,0,0.332081,5
1,1,0.511966,4
1,0,0.399193,1
1,0,0.273613,4
1,1,0.560320,1
1,1,0.561501,0
1,0,0.408545,1
1,1,0.504882,5
1,1,0.537568,3
1,1,0.573325,0
1,1,0.548226,6
1,0,0.127957,8
1,1,0.573454,7
1,1,0.614769,5
1,1,0.565017,1
1,1,0.571274,8
1,1,0.573570,7
1,1,0.556019,6
1,1,0.573140,7
1,0,0.492260,2
1,1,0.542868,9
1,1,0.563128,1
1,0,0.229757,3
1,0,0.445188,3
1,0,0.418112,1
1,0,0.356514,3
1,0,0.458654,1
1,1,0.569221,7
1,0,0.432840,6
1,1,0.590193,7
1,1,0.545798,1
1,1,0.534288,5
1,1,0.501408,4
1,1,0.519552,9
1,1,0.571254,8
1,0,0.455396,5
1,1,0.568328,3
1,0,0.330485,6
1,1,0.695303,3
1,1,0.574837,2
1,1,0.519058,8
1,1,0.519962,9
1,1,0.578968,2
1,1,0.552343,9
1,1,0.532598,2
1,1,0.548920,6
1,0,0.169637,4
1,1,0.574006,7
1,1,0.620969,0
1,0,0.204147,0
1,0,0.384334,5
1,1,0.564907,1
1,1,0.571637,8
1,1,0.571631,8
1,1,0.571386,3
1,0,0.383532,4
1,1,0.576503,2
1,1,0.568763,8
1,1,0.610422,7
1,1,0.564830,5
1,1,0.567844,0
1,1,0.560579,1
1,1,0.511531,4
1,1,0.548067,9
1,1,0.596455,4
1,1,0.555727,8
1,1,0.583791,0
1,1,0.598047,4
1,1,0.563369,5
1,0,0.497384,8
1,1,0.560163,6
1,1,0.565026,1
1,0,0.155047,0
1,1,0.592896,5
1,1,0.571328,8
1,1,0.555565,0
1,1,0.501963,9
1,0,0.305239,0
1,1,0.623050,4
1,1,0.537024,1
1,1,0.672843,3
1,1,0.562241,1
1,1,0.611158,0
1,1,0.531981,0
1,0,0.439180,4
1,1,0.578371,7
1,0,0.499000,3
1,1,0.547503,1
1,1,0.571810,8
1,1,0.507216,9
1,1,0.590559,2
1,1,0.581378,5
1,1,0.601507,2
1,1,0.568199,8
1,0,0.277159,7
1,0,0.365932,4
1,1,0.615324,7
1,1,0.619031,7
1,1,0.605569,2
1,1,0.561808,9
1,1,0.632583,7
1,1,0.546400,9
1,1,0.569294,8
1,0,0.494222,4
1,1,0.601132,2
1,1,0.551793,9
1,0,0.459480,3
1,0,0.463772,4
1,1,0.572762,7
1,1,0.618167,4
1,1,0.650515,0
1,1,0.571038,7
1,1,0.579069,2
1,1,0.561238,9
1,1,0.548310,6
1,1,0.600186,0
1,0,0.228043,5
1,1,0.602083,0
1,1,0.560007,6
1,0,0.383624,6
1,1,0.560728,9
1,1,0.519662,9
1,1,0.536461,1
1,0,0.320871,3
1,1,0.570154,8
1,0,0.458497,6
1,1,0.539651,0
1,0,0.380537,3
1,1,0.564843,1
1,1,0.560982,9
1,1,0.521540,4
1,1,0.566532,4
1,1,0.595815,7
1,1,0.528003,0
1,1,0.556946,4
1,1,0.633755,2
1,1,0.539604,6
1,1,0.576793,7
1,1,0.544529,0
1,1,0.606705,0
1,1,0.570783,8
1,1,0.577070,4
1,0,0.439664,4
1,0,0.402003,5
1,1,0.592194,8
1,0,0.376236,2
1,1,0.572439,8
1,1,0.574135,7
1,1,0.566037,1
1,1,0.534098,0
1,1,0.557799,1
1,0,0.497339,4
1,1,0.571665,8
1,0,0.410008,3
1,1,0.610270,2
1,1,0.564094,1
1,0,0.485981,5
1,1,0.681549,3
1,1,0.591387,7
1,1,0.615247,4
1,1,0.517185,9
1,1,0.603302,7
1,1,0.635684,5
1,1,0.595266,2
1,1,0.549279,2
1,0,0.492921,8
1,1,0.565021,1
1,1,0.548800,9
1,1,0.548070,1
1,1,0.574262,7
1,1,0.630290,0
1,0,0.395300,6
1,0,0.300386,2
1,1,0.547642,9
1,1,0.552191,6
1,1,0.570947,5
1,0,0.272231,6
1,1,0.628106,4
1,1,0.625563,3
1,1,0.570526,8
1,0,0.440484,1
1,0,0.308553,6
1,1,0.539078,9
1,1,0.556968,1
1,0,0.261512,4
1,0,0.446154,8
1,1,0.575077,2
1,1,0.504125,7
1,1,0.559197,9
1,1,0.614849,5
1,0,0.250659,6
1,1,0.570579,8
1,1,0.652322,3
1,1,0.573452,7
1,1,0.538120,8
1,1,0.623047,5
1,1,0.568884,0
1,1,0.568804,8
1,0,0.418249,2
1,1,0.612698,3
1,1,0.564820,8
1,0,0.460210,9
1,1,0.605533,7
1,1,0.557022,8
1,1,0.564306,2
1,0,0.431149,9
1,1,0.573359,7
1,1,0.588947,2
1,1,0.507400,2
1,1,0.568786,5
1,1,0.563822,9
1,1,0.561564,9
1,0,0.481057,2
1,1,0.559235,6
1,0,0.432783,5
1,1,0.573654,7
1,0,0.487511,0
1,1,0.580545,2
1,1,0.549549,0
1,1,0.607928,0
1,0,0.172462,9
1,1,0.575787,7
1,0,0.298963,3
1,1,0.589874,2
1,1,0.573309,7
1,0,0.449783,1
1,0,0.427315,0
1,0,0.470895,4
1,0,0.286991,4
1,1,0.566894,2
1,0,0.140437,3
1,0,0.316902,4
1,0,0.297590,0
1,1,0.549970,6
1,1,0.594871,0
1,1,0.531101,0
1,1,0.606214,5
1,1,0.612663,2
1,0,0.338798,5
1,1,0.533488,3
1,1,0.707570,2
1,1,0.559923,6
1,1,0.553710,6
1,0,0.493104,9
1,1,0.639074,3
1,1,0.570178,0
1,1,0.556844,8
1,1,0.583657,3
1,1,0.563470,1
1,1,0.566809,1
1,1,0.521577,5
1,1,0.591595,2
1,1,0.621767,5
1,1,0.571168,8
1,1,0.575336,9
1,1,0.546420,6
1,1,0.581489,5
1,1,0.565033,1
1,1,0.559587,8
1,1,0.540853,6
1,1,0.616153,2
1,1,0.565475,1
1,1,0.586729,2
1,1,0.633426,5
1,1,0.558837,5
1,0,0.355926,3
1,0,0.301455,0
1,1,0.636667,3
1,0,0.470008,8
1,1,0.569732,8
1,1,0.531485,5
1,0,0.316509,4
1,1,0.624234,4
1,1,0.550795,9
1,1,0.547869,2
1,1,0.622930,0
1,1,0.532201,5
1,1,0.534565,0
1,1,0.525571,2
1,1,0.557393,6
1,1,0.612171,5
1,0,0.451962,6
1,1,0.558742,9
1,1,0.551635,6
1,1,0.573456,7
1,0,0.427871,8
1,1,0.561692,9
1,0,0.491306,9
1,0,0.244942,4
1,0,0.321231,1
1,1,0.570781,8
1,1,0.534085,0
1,1,0.526391,5
1,0,0.459758,9
1,1,0.579479,7
1,0,0.338802,0
1,1,0.558191,9
1,1,0.586996,5
1,1,0.619337,2
1,1,0.573427,7
1,0,0.350704,3
1,1,0.551826,9
1,1,0.598743,5
1,1,0.546460,8
1,1,0.549160,1
1,1,0.559957,7
1,1,0.572427,0
1,1,0.580442,7
1,1,0.507272,8
1,1,0.699955,3
1,1,0.609815,2
1,1,0.672845,3
1,1,0.592580,4
1,1,0.563196,1
1,1,0.534230,8
1,0,0.383226,6
1,1,0.573430,7
1,1,0.633334,2
1,1,0.593823,5
1,1,0.549676,6
1,1,0.576700,2
1,0,0.346388,6
1,1,0.559157,9
1,1,0.629645,5
1,0,0.382469,4
1,1,0.554643,6
1,0,0.495771,5
1,0,0.467519,1
1,1,0.572540,7
1,1,0.555034,2
1,0,0.444755,9
1,1,0.563717,9
1,1,0.571955,7
1,1,0.629480,2
1,0,0.358269,5
1,0,0.286048,7
1,0,0.477748,9
1,1,0.591497,2
1,1,0.607631,5
1,1,0.572565,0
1,1,0.555007,2
1,1,0.556937,6
1,1,0.572399,0
1,0,0.405184,4
1,1,0.573393,7
1,1,0.633518,5
1,1,0.557591,8
1,1,0.610252,0
1,1,0.560534,9
1,0,0.367659,5
1,1,0.571802,8
1,1,0.574433,7
1,0,0.316587,5
1,0,0.462944,4
1,1,0.657324,3
1,1,0.552994,0
1,1,0.531606,1
1,1,0.524628,9
1,1,0.525150,5
1,1,0.550272,1
1,1,0.558767,7
1,1,0.502894,3
1,1,0.513646,4
1,1,0.531517,9
1,1,0.571545,8
1,1,0.566409,1
1,0,0.458585,3
1,1,0.546651,6
1,1,0.562925,0
1,0,0.310599,1
1,0,0.272018,3
1,1,0.508575,6
1,0,0.474385,6
1,1,0.510308,3
1,1,0.565315,1
1,1,0.513162,4
1,1,0.554925,9
1,0,0.464666,1
1,1,0.536103,3
1,1,0.543789,4
1,1,0.563618,3
1,1,0.572540,0
1,1,0.575945,0
1,1,0.570934,2
1,0,0.145195,7
1,1,0.615575,0
1,0,0.493579,0
1,0,0.272709,6
1,1,0.556543,9
1,1,0.549058,9
1,1,0.565486,0
1,1,0.539374,1
1,0,0.235439,4
1,0,0.385929,5
1,0,0.228270,8
1,1,0.570294,8
1,0,0.457372,3
1,1,0.541222,9
1,1,0.572291,7
1,0,0.416232,4
1,0,0.491572,5
1,1,0.556809,3
1,1,0.566473,8
1,1,0.546903,6
1,1,0.646477,3
1,0,0.485478,8
1,0,0.482873,6
1,0,0.308017,3
1,0,0.153968,2
1,1,0.571633,8
1,0,0.497403,9
1,0,0.479460,6
1,0,0.347602,1
1,1,0.550742,6
1,0,0.264003,9
1,1,0.563071,8
1,1,0.561374,3
1,1,0.557664,9
1,1,0.554863,7
1,1,0.572757,7
1,0,0.158892,2
1,1,0.606048,4
1,1,0.568376,0
1,0,0.465169,3
1,1,0.562483,9
1,0,0.450674,8
1,1,0.524590,2
1,1,0.571832,8
1,0,0.167270,1
1,1,0.542502,9
1,1,0.571709,7
1,1,0.540380,6
1,1,0.636530,5
1,1,0.580400,2
1,1,0.561043,7
1,1,0.562256,1
1,1,0.548043,6
1,1,0.513639,4
1,1,0.568508,7
1,0,0.339475,2
1,1,0.561463,9
1,1,0.574243,7
1,1,0.609330,5
1,0,0.482159,6
1,1,0.557033,8
1,1,0.620537,3
1,1,0.516729,7
1,1,0.562782,1
1,1,0.533766,0
1,1,0.561679,9
1,0,0.427144,5
1,0,0.134686,0
1,1,0.569297,0
1,1,0.554910,9
1,0,0.298160,0
1,1,0.533336,2
1,0,0.431649,3
1,1,0.567397,8
1,1,0.583860,3
1,1,0.548637,1
1,1,0.551032,6
1,1,0.573027,7
1,1,0.508546,3
1,1,0.607462,2
1,1,0.609821,2
1,1,0.545116,6
1,1,0.573854,7
1,1,0.548094,6
1,0,0.327991,4
1,0,0.421706,3
1,1,0.658349,3
1,1,0.556740,9
1,1,0.548681,4
1,1,0.566760,4
1,1,0.560255,9
1,1,0.517606,3
1,1,0.572375,7
1,1,0.572635,0
1,1,0.557530,1
1,1,0.598737,7
1,0,0.428465,9
1,1,0.642402,2
1,1,0.573126,7
1,1,0.678187,2
1,1,0.551982,2
1,1,0.597890,7
1,1,0.570843,0
1,1,0.578831,3
1,1,0.674353,3
1,1,0.561712,9
1,1,0.575590,3
1,1,0.571755,8
1,1,0.568221,3
1,1,0.553603,6
1,1,0.573433,7
1,0,0.418405,5
1,0,0.194274,4
1,1,0.546349,6
1,0,0.327451,6
1,0,0.450466,4
1,0,0.283501,2
1,1,0.525012,4
1,1,0.511515,9
1,0,0.497964,9
1,1,0.551302,1
1,1,0.575967,7
1,1,0.570256,5
1,1,0.611158,3
1,0,0.361273,1
1,0,0.445783,9
1,1,0.543745,2
1,1,0.527525,0
1,1,0.517389,4
1,0,0.498148,9
1,0,0.096480,5
1,1,0.567578,8
1,0,0.425533,4
1,1,0.559661,1
1,0,0.454888,1
1,1,0.525435,0
1,0,0.194734,2
1,1,0.627082,5
1,1,0.550938,9
1,1,0.603962,2
1,1,0.665882,3
1,0,0.383014,3
1,1,0.731308,3
1,0,0.343360,3
1,0,0.477028,9
1,1,0.573628,7
1,0,0.353617,4
1,1,0.555018,6
1,1,0.571125,8
1,0,0.487763,6
1,1,0.502839,5
1,1,0.550011,6
1,1,0.588113,2
1,0,0.416680,3
1,1,0.611921,2
1,1,0.581401,0
1,1,0.705014,3
1,1,0.564588,2
1,1,0.566056,1
1,1,0.558729,9
1,1,0.565382,0
1,1,0.563657,1
1,1,0.603023,4
1,0,0.475968,2
1,1,0.578391,0
1,0,0.464612,9
1,1,0.502858,3
1,1,0.553394,9
1,0,0.488054,4
1,1,0.563635,2
1,0,0.159775,5
1,1,0.543905,9
1,1,0.569914,8
1,0,0.498869,4
1,0,0.296297,3
1,1,0.635808,5
1,1,0.560752,0
1,1,0.530138,3
1,0,0.388275,6
1,1,0.565875,1
1,0,0.496333,2
1,1,0.560335,6
1,1,0.561525,2
1,0,0.456136,1
1,1,0.570126,8
1,1,0.571800,0
1,0,0.467910,3
1,1,0.566004,1
1,1,0.538959,8
1,0,0.475727,1
1,1,0.576782,2
1,1,0.531335,3
1,0,0.383443,3
1,1,0.571302,8
1,1,0.606312,2
1,1,0.525160,4
1,0,0.345221,5
1,0,0.442480,3
1,1,0.560639,5
1,1,0.565436,1
1,1,0.549476,9
1,1,0.551349,3
1,1,0.547278,6
1,1,0.572056,2
1,1,0.572726,0
1,0,0.249792,4
1,1,0.568440,8
1,1,0.571700,8
1,1,0.555819,4
1,1,0.538688,8
1,1,0.598532,7
1,0,0.245577,1
1,0,0.261120,1
1,1,0.553076,6
1,1,0.547113,6
1,0,0.417276,5
1,0,0.340643,9
1,0,0.208707,1
1,1,0.513430,5
1,1,0.683574,3
1,1,0.575542,7
1,1,0.631392,5
1,1,0.573256,4
1,1,0.624597,4
1,1,0.555634,9
1,1,0.693818,3
1,1,0.600641,7
1,1,0.583206,2
1,1,0.572969,7
1,1,0.594123,2
1,1,0.650498,0
1,1,0.565829,7
1,0,0.446124,1
1,0,0.422512,6
1,0,0.401891,1
1,0,0.433450,3
1,1,0.559586,9
1,1,0.648829,2
1,1,0.564607,1
1,1,0.571163,8
1,1,0.550123,6
1,1,0.573407,7
1,1,0.547621,6
1,1,0.633168,5
1,1,0.544658,2
1,1,0.567269,7
1,1,0.609506,5
1,0,0.487230,4
1,1,0.602753,3
1,0,0.415926,6
1,1,0.555930,6
1,1,0.561946,8
1,1,0.635590,5
1,1,0.647104,3
1,1,0.566144,1
1,1,0.572538,0
1,0,0.274544,3
1,1,0.582767,2
1,0,0.433334,4
1,0,0.485716,5
1,1,0.511629,9
1,1,0.555020,1
1,1,0.527502,5
1,1,0.556828,0
1,1,0.571327,7
1,1,0.550442,6
1,0,0.484841,4
1,1,0.569957,7
1,1,0.589449,7
1,0,0.448687,4
1,0,0.246011,8
1,1,0.601443,2
1,0,0.234785,4
1,1,0.522962,0
1,1,0.629658,5
1,0,0.288440,2
1,1,0.518896,5
1,0,0.076852,4
1,1,0.573453,7
1,1,0.501120,6
1,1,0.618582,3
1,1,0.581578,2
1,1,0.546655,4
1,1,0.557011,9
1,1,0.572204,0
1,1,0.567145,8
1,1,0.573348,7
1,1,0.643680,5
1,1,0.561098,9
1,1,0.582086,0
1,1,0.567688,9
1,1,0.504702,9
1,1,0.571252,8
1,0,0.439607,2
1,1,0.549962,6
1,1,0.582427,7
1,0,0.470763,5
1,1,0.571459,9
1,0,0.460686,5
1,0,0.385222,5
1,0,0.375300,6
1,1,0.562665,0
1,1,0.527313,6
1,1,0.562619,9
1,1,0.546749,6
1,1,0.593388,7
1,1,0.562356,1
1,1,0.547055,6
1,1,0.569874,7
1,1,0.624605,4
1,1,0.554894,6
1,0,0.365462,0
1,1,0.573432,7
1,1,0.510475,3
1,1,0.559315,1
1,1,0.561711,9
1,1,0.635831,5
1,0,0.467511,0
1,1,0.598132,3
1,1,0.590346,2
1,1,0.518899,0
1,1,0.593164,2
1,1,0.579755,7
1,0,0.201807,7
1,1,0.648469,5
1,1,0.559693,9
1,1,0.548159,9
1,1,0.591066,4
1,1,0.533513,8
1,0,0.451773,1
1,1,0.558478,0
1,1,0.620256,3
1,0,0.466519,6
1,1,0.546624,6
1,1,0.559771,9
1,1,0.540705,1
1,1,0.563453,1
1,0,0.483246,5
1,1,0.547526,6
1,1,0.576114,2
1,1,0.565855,1
1,1,0.562676,7
1,0,0.070250,9
1,0,0.419348,6
1,0,0.480573,4
1,0,0.480104,8
1,1,0.686312,3
1,1,0.643071,3
1,1,0.558397,1
1,0,0.463504,4
1,1,0.573778,4
1,1,0.546359,4
1,1,0.566131,8
1,1,0.585216,7
1,0,0.249654,1
1,0,0.427595,0
1,1,0.591942,5
1,1,0.511049,5
1,0,0.216154,2
1,1,0.548376,6
1,0,0.474869,3
1,1,0.615271,5
1,0,0.387937,5
1,1,0.528729,1
1,1,0.554579,6
1,1,0.577717,0
1,1,0.508419,1
1,1,0.525861,1
1,1,0.681355,2
1,1,0.561596,9
1,0,0.287533,5
1,0,0.231229,5
1,1,0.504701,5
1,1,0.579656,7
1,1,0.697524,3
1,1,0.591382,3
1,0,0.485355,0
1,1,0.555801,2
1,0,0.384667,2
1,1,0.563247,9
1,1,0.553747,2
1,1,0.573631,7
1,1,0.635895,2
1,1,0.561620,9
1,1,0.555439,1
1,1,0.614866,2
1,0,0.497487,6
1,1,0.576508,0
1,1,0.659305,3
1,1,0.588343,4
1,1,0.559515,9
1,1,0.582599,8
1,1,0.578624,7
1,1,0.651395,3
1,0,0.490348,3
1,0,0.407999,5
1,1,0.570893,8
1,1,0.557252,6
1,1,0.587145,7
1,0,0.477851,5
1,1,0.656910,0
1,0,0.243551,4
1,1,0.628968,2
1,1,0.561206,9
1,1,0.553150,9
1,0,0.193836,5
1,0,0.415631,9
1,1,0.554704,1
1,1,0.541920,9
1,1,0.545208,5
1,1,0.586448,2
1,1,0.572463,7
1,1,0.550217,6
1,1,0.549328,2
1,1,0.621574,4
1,1,0.624669,4
1,1,0.562706,1
1,1,0.556984,9
1,0,0.301337,0
1,1,0.558664,1
1,1,0.600314,5
1,1,0.571724,0
1,1,0.571804,8
1,1,0.573469,7
1,1,0.567071,1
1,0,0.315290,6
1,1,0.561327,4
1,0,0.385382,5
1,0,0.349834,2
1,1,0.556816,9
1,1,0.533133,9
1,0,0.143139,9
1,1,0.575518,2
1,1,0.633621,5
1,0,0.468238,0
1,1,0.530679,0
1,1,0.540043,6
1,1,0.548922,7
1,1,0.552827,1
1,0,0.365030,6
1,1,0.543236,2
1,0,0.412672,2
1,1,0.513973,9
1,0,0.424790,8
1,1,0.564312,1
1,1,0.548342,6
1,1,0.566610,8
1,1,0.571453,4
1,1,0.589634,4
1,0,0.214858,4
1,1,0.565509,1
1,1,0.567512,3
1,1,0.546841,0
1,1,0.546658,6
1,1,0.560199,8
1,0,0.448492,9
1,1,0.559066,9
1,1,0.588224,2
1,1,0.561094,9
1,1,0.556121,9
1,0,0.399868,2
1,0,0.461740,7
1,1,0.585480,0
1,1,0.582377,5
1,1,0.576160,7
1,1,0.567608,7
1,1,0.560962,8
1,1,0.566976,1
1,1,0.512126,2
1,1,0.590568,4
1,1,0.550980,8
1,1,0.554468,6
1,1,0.634121,5
1,1,0.626630,5
1,1,0.566821,3
1,1,0.546734,6
1,0,0.337825,1
1,0,0.456092,5
1,1,0.567179,8
1,0,0.274665,6
1,1,0.590841,3
1,0,0.425151,3
1,1,0.560311,9
1,1,0.625337,2
1,0,0.256049,7
1,1,0.554259,5
1,1,0.508200,5
1,1,0.573759,7
1,1,0.569703,7
1,1,0.571835,8
1,1,0.553747,9
1,1,0.562761,9
1,1,0.579457,7
1,0,0.209144,9
1,1,0.570075,0
1,1,0.542941,5
1,1,0.503255,0
1,1,0.659644,0
1,1,0.547619,6
1,1,0.570555,8
1,0,0.434062,2
1,0,0.346117,3
1,1,0.573435,7
1,1,0.550773,8
1,1,0.570841,0
1,1,0.551555,9
1,1,0.561347,1
1,1,0.569329,8
1,1,0.587327,3
1,0,0.369513,1
1,1,0.566072,1
1,1,0.547194,1
1,1,0.573614,7
1,1,0.594018,7
1,1,0.577568,4
1,0,0.209470,1
1,1,0.571858,8
1,0,0.197759,3
1,1,0.571729,8
1,1,0.580622,5
1,1,0.560289,9
1,1,0.500351,9
1,1,0.554279,6
1,1,0.558447,1
1,1,0.625956,5
1,1,0.565770,9
1,0,0.427014,2
1,1,0.582246,5
1,1,0.564543,1
1,1,0.557500,6
1,1,0.572232,0
1,1,0.533491,4
1,1,0.616049,5
1,0,0.465432,0
1,1,0.559044,9
1,1,0.585724,7
1,1,0.571626,7
1,0,0.390477,1
1,0,0.496344,4
1,0,0.478918,2
1,1,0.561489,9
1,1,0.553454,4
1,0,0.485686,2
1,1,0.569705,8
1,1,0.573449,7
1,1,0.540541,6
1,1,0.518124,5
1,1,0.577577,7
1,1,0.559564,9
1,0,0.174321,4
1,0,0.456923,4
1,1,0.565864,8
1,1,0.556203,9
1,1,0.553392,9
1,0,0.390214,6
1,0,0.388486,4
1,1,0.559520,9
1,1,0.572338,7
1,1,0.541804,7
1,1,0.570312,0
1,1,0.557530,6
1,1,0.555877,9
1,1,0.622125,5
1,1,0.561939,9
1,1,0.517331,4
1,1,0.554638,2
1,1,0.568621,8
1,1,0.565248,2
1,1,0.591305,4
1,0,0.455968,3
1,1,0.565017,1
1,1,0.564604,3
1,1,0.590171,4
1,1,0.505112,9
1,1,0.573444,7
1,1,0.650097,0
1,0,0.457715,9
1,1,0.547277,0
1,1,0.565470,8
1,1,0.640518,0
1,1,0.614863,2
1,1,0.519864,2
1,1,0.556192,3
1,1,0.584581,4
1,1,0.590208,3
1,1,0.569670,3
1,1,0.571869,8
1,0,0.498583,1
1,1,0.631029,5
1,1,0.561223,9
1,0,0.301747,5
1,1,0.558796,9
1,1,0.549940,6
1,1,0.501121,7
1,1,0.580437,7
1,1,0.571020,8
1,0,0.468497,3
1,1,0.551968,9
1,1,0.597571,0
1,1,0.544378,2
1,0,0.457463,4
1,1,0.505887,7
1,1,0.571589,8
1,1,0.561319,1
1,0,0.496336,5
1,1,0.618010,0
1,1,0.572195,0
1,0,0.259577,6
1,0,0.148673,0
1,0,0.496106,0
1,0,0.449706,4
1,1,0.557356,1
1,1,0.555163,1
1,0,0.247319,4
1,0,0.445249,1
1,0,0.413436,9
1,1,0.571630,8
1,1,0.632162,3
1,0,0.492772,8
1,0,0.499165,1
1,1,0.551679,9
1,0,0.416782,4
1,1,0.551850,6
1,0,0.428616,3
1,1,0.548726,6
1,0,0.441593,6
1,1,0.558622,3
1,1,0.559714,1
1,0,0.428289,5
1,1,0.524473,5
1,1,0.567298,8
1,1,0.547744,1
1,1,0.571837,8
1,1,0.557243,9
1,0,0.452466,1
1,1,0.553200,9
1,0,0.339855,8
1,0,0.424256,6
1,1,0.552778,6
1,1,0.637611,3
1,1,0.569718,0
1,1,0.560246,9
1,1,0.603786,0
1,0,0.308468,5
1,1,0.572094,0
1,0,0.487782,1
1,0,0.263608,4
1,1,0.547121,6
1,0,0.236462,4
1,1,0.501585,5
1,0,0.485932,0
1,0,0.401394,4
1,1,0.573391,7
1,1,0.568573,8
1,0,0.150013,1
1,1,0.631418,3
1,1,0.528074,9
1,1,0.569377,9
1,0,0.445870,4
1,1,0.574329,7
1,1,0.551411,2
1,1,0.560981,9
1,1,0.524975,1
1,1,0.566675,8
1,0,0.478606,5
1,0,0.496976,5
1,1,0.566123,5
1,0,0.115353,0
1,1,0.528386,8
1,1,0.569896,8
1,1,0.569076,8
1,0,0.410184,5
1,1,0.592229,2
1,0,0.317487,3
1,1,0.602776,5
1,1,0.566226,1
1,1,0.568473,8
1,1,0.553354,6
1,0,0.454535,7
1,1,0.573785,0
1,1,0.548816,9
1,0,0.379907,0
1,1,0.609686,4
1,1,0.636163,5
1,1,0.550702,1
1,1,0.583537,2
1,1,0.554905,6
1,1,0.529561,5
1,1,0.513358,0
1,1,0.565602,1
1,0,0.359515,1
1,1,0.551066,9
1,1,0.525031,6
1,0,0.268010,5
1,1,0.632073,5
1,0,0.353735,3
1,1,0.563216,0
1,1,0.653460,9
1,0,0.310515,9
1,1,0.563722,8
1,1,0.521370,8
1,1,0.570909,8
1,1,0.555184,1
1,0,0.374323,7
1,0,0.447154,4
1,1,0.608763,2
1,1,0.571233,8
1,1,0.574677,0
1,1,0.616993,5
1,1,0.612779,2
1,1,0.547877,6
1,1,0.621431,2
1,0,0.403856,5
1,0,0.376410,9
1,0,0.496979,5
1,1,0.571356,8
1,1,0.555481,6
1,0,0.100755,5
1,1,0.623894,2
1,1,0.563018,9
1,1,0.512828,7
1,1,0.572767,0
1,0,0.231693,5
1,1,0.556116,6
1,1,0.635958,5
1,1,0.615945,0
1,1,0.563563,6
1,1,0.617346,4
1,1,0.555341,6
1,1,0.523029,6
1,1,0.637321,3
1,1,0.624213,3
1,1,0.576007,0
1,0,0.112806,0
1,0,0.307825,6
1,0,0.139344,3
1,1,0.561318,9
1,1,0.565193,1
1,1,0.565274,2
1,1,0.592473,7
1,1,0.565811,1
1,0,0.368871,5
1,1,0.550639,6
1,1,0.598662,4
1,0,0.395590,4
1,1,0.554765,9
1,0,0.424287,2
1,1,0.561041,9
1,0,0.164976,4
1,1,0.571572,0
1,1,0.504175,3
1,1,0.562578,8
1,0,0.411934,5
1,1,0.554892,6
1,1,0.572745,0
1,0,0.397350,5
1,0,0.344276,9
1,1,0.570852,8
1,1,0.500475,1
1,0,0.309412,4
1,1,0.588570,4
1,1,0.575843,7
1,1,0.548432,3
1,1,0.559803,5
1,1,0.582757,4
1,1,0.522101,9
1,1,0.555964,9
1,0,0.423328,2
1,1,0.570114,0
1,1,0.547832,9
1,1,0.649581,2
1,0,0.477068,5
1,0,0.480558,4
1,1,0.571304,8
1,0,0.366126,3
1,1,0.569795,0
1,1,0.552435,6
1,1,0.523920,5
1,0,0.467201,3
1,1,0.562445,5
1,0,0.402893,2
1,1,0.578503,2
1,0,0.313535,1
1,0,0.139726,4
1,1,0.561907,8
1,1,0.571617,7
1,1,0.509246,7
1,1,0.558808,8
1,1,0.546855,6
1,1,0.561152,9
1,1,0.560813,9
1,0,0.488406,3
1,1,0.579133,8
1,1,0.627776,4
1,0,0.193320,2
1,1,0.567255,0
1,0,0.389991,7
1,0,0.315410,4
1,1,0.518391,8
1,1,0.561112,9
1,1,0.559390,6
1,1,0.554504,1
1,0,0.403396,5
1,1,0.558993,6
1,0,0.374919,3
1,1,0.592289,5
1,1,0.555370,1
1,1,0.537763,6
1,1,0.675108,3
1,1,0.560007,6
1,1,0.548718,6
1,0,0.404625,1
1,1,0.540492,8
1,1,0.610623,3
1,1,0.575533,2
1,1,0.562807,8
1,1,0.615737,4
1,1,0.562870,1
1,1,0.500107,3
1,1,0.621617,5
1,0,0.427389,1
1,1,0.551630,0
1,1,0.555478,0
1,0,0.437206,5
1,1,0.567798,0
1,1,0.657474,3
1,0,0.458827,4
1,1,0.559703,8
1,0,0.495781,0
1,1,0.540993,0
1,1,0.680676,3
1,1,0.570798,8
1,1,0.556482,8
1,0,0.338503,1
1,0,0.353330,4
1,1,0.567502,0
1,1,0.562768,1
1,1,0.556046,3
1,1,0.552071,6
1,1,0.566082,7
1,1,0.623001,3
1,1,0.558299,6
1,0,0.313321,4
1,0,0.493963,5
1,1,0.535458,3
1,1,0.560236,0
1,0,0.300937,1
1,0,0.349499,3
1,0,0.255111,4
1,0,0.375334,0
1,1,0.571300,8
1,1,0.568943,8
1,1,0.518262,1
1,1,0.559866,9
1,0,0.486531,1
1,1,0.556331,6
1,1,0.675946,3
1,1,0.560530,1
1,1,0.584726,0
1,0,0.447358,3
1,1,0.532215,1
1,1,0.558988,0
1,0,0.210263,4
1,1,0.609116,3
1,1,0.537604,1
1,0,0.444979,8
1,0,0.441613,4
1,1,0.619908,4
1,1,0.543923,2
1,1,0.563838,8
1,0,0.411308,1
1,1,0.560056,9
1,1,0.571590,7
1,0,0.182173,2
1,1,0.567738,8
1,1,0.632074,5
1,1,0.552774,1
1,1,0.562824,1
1,1,0.573414,7
1,0,0.195551,8
1,1,0.549000,6
1,1,0.588512,7
1,1,0.614053,5
1,1,0.544338,0
1,0,0.394585,1
1,1,0.561523,9
1,1,0.559323,7
1,1,0.696461,2
1,1,0.610205,2
1,1,0.546971,9
1,0,0.251627,5
1,1,0.551001,6
1,1,0.636875,5
1,1,0.572839,0
1,0,0.498060,4
1,1,0.521242,5
1,1,0.546179,6
1,1,0.599840,4
1,1,0.569545,8
1,1,0.630601,5
1,1,0.546693,6
1,1,0.571675,8
1,0,0.290453,2
1,1,0.562518,9
1,1,0.533872,2
1,0,0.488247,2
1,1,0.582550,5
1,1,0.571529,8
1,1,0.572408,7
1,0,0.151545,8
1,0,0.118772,2
1,1,0.535558,7
1,0,0.452997,7
1,1,0.548240,9
1,1,0.549137,9
1,0,0.365727,4
1,0,0.481119,2
1,0,0.347692,9
1,1,0.558818,9
1,0,0.297378,8
1,1,0.533884,4
1,0,0.411911,7
1,1,0.530268,4
1,1,0.563644,8
1,1,0.566954,1
1,1,0.553918,8
1,1,0.559610,1
1,0,0.339860,6
1,1,0.580537,7
1,1,0.561549,9
1,0,0.271692,9
1,1,0.550562,6
1,1,0.586758,5
1,0,0.286502,4
1,0,0.361337,0
1,1,0.571000,7
1,1,0.561297,4
1,1,0.571890,8
1,1,0.605326,2
1,0,0.433096,6
1,1,0.559439,9
1,1,0.615368,5
1,1,0.567386,8
1,1,0.542238,5
1,0,0.431229,3
1,0,0.183166,2
1,1,0.568807,8
1,0,0.445946,5
1,1,0.556072,1
1,1,0.575037,9
1,1,0.569809,2
1,0,0.322982,8
1,1,0.560783,6
1,1,0.515341,3
1,0,0.469367,4
1,1,0.602011,7
1,0,0.418684,4
1,1,0.637128,5
1,0,0.384685,6
1,1,0.683467,3
1,1,0.551025,6
1,0,0.436348,4
1,1,0.506246,3
1,0,0.371223,6
1,1,0.610326,4
1,1,0.556479,9
1,1,0.545328,9
1,1,0.556482,9
1,0,0.480706,6
1,1,0.599686,0
1,1,0.551497,2
1,1,0.553450,6
1,0,0.452705,2
1,1,0.540801,6
1,1,0.543327,1
1,1,0.596531,4
1,1,0.546325,1
1,1,0.506297,5
1,1,0.556580,6
1,0,0.471813,1
1,1,0.567123,1
1,1,0.566775,8
1,0,0.265285,0
1,1,0.548250,8
1,1,0.500304,5
1,1,0.557189,1
1,1,0.563174,4
1,1,0.576213,7
1,1,0.547610,6
1,1,0.560891,9
1,1,0.571570,8
1,1,0.553091,6
1,1,0.629092,5
1,1,0.611659,7
1,0,0.485145,3
1,0,0.481167,5
1,1,0.553849,6
1,1,0.520391,1
1,0,0.480268,1
1,1,0.566583,1
1,1,0.531685,1
1,1,0.530195,5
1,1,0.528382,3
1,1,0.620981,4
1,1,0.539662,5
1,1,0.713452,3
1,0,0.435122,9
1,1,0.559957,6
1,1,0.571086,0
1,1,0.568149,7
1,1,0.685057,3
1,1,0.555831,1
1,1,0.546491,6
1,1,0.665625,3
1,1,0.559274,2
1,0,0.471646,4
1,1,0.573353,7
1,1,0.549797,1
1,1,0.535560,9
1,0,0.413066,6
1,1,0.564315,1
1,1,0.557045,9
1,0,0.399682,4
1,0,0.284934,6
1,1,0.560353,9
1,1,0.602514,7
1,0,0.487254,3
1,1,0.510993,7
1,0,0.176012,3
1,1,0.561134,9
1,0,0.425285,5
1,1,0.569046,8
1,0,0.375989,2
1,0,0.353950,9
1,0,0.269477,5
1,1,0.525881,0
1,0,0.313785,1
1,1,0.573389,7
1,1,0.598008,3
1,1,0.572922,3
1,1,0.556075,0
1,1,0.563607,7
1,1,0.538140,0
1,1,0.581525,7
1,0,0.282455,4
1,1,0.559082,0
1,0,0.472224,2
1,1,0.547214,0
1,1,0.602105,2
1,1,0.561961,8
1,0,0.437327,1
1,0,0.213793,2
1,1,0.600978,9
1,1,0.547495,6
1,0,0.226100,9
1,1,0.546521,6
1,1,0.572847,0
1,1,0.566539,1
1,1,0.600013,2
1,1,0.569000,9
1,1,0.562965,7
1,1,0.571890,8
1,1,0.552285,6
1,0,0.297175,5
1,0,0.379358,3
1,1,0.684963,2
1,0,0.377473,9
1,1,0.571747,8
1,1,0.548087,6
1,1,0.571852,8
1,1,0.563856,1
1,1,0.519676,4
1,1,0.553157,6
1,1,0.596841,2
1,1,0.613465,2
1,0,0.244592,8
1,1,0.570934,0
1,1,0.530174,7
1,1,0.556022,9
1,0,0.302681,7
1,0,0.197703,0
1,1,0.595792,2
1,0,0.366873,5
1,1,0.559454,7
1,0,0.332516,4
1,1,0.571886,8
1,1,0.602834,7
1,1,0.566236,2
1,1,0.558485,9
1,1,0.560563,1
1,1,0.585066,0
1,1,0.548729,8
1,0,0.225057,8
1,0,0.207915,3
1,1,0.571052,7
1,1,0.548589,6
1,1,0.601972,2
1,1,0.533546,3
1,1,0.602575,2
1,1,0.633365,5
1,1,0.555706,1
1,1,0.558493,6
1,1,0.598977,0
1,1,0.567805,8
1,1,0.566058,1
1,1,0.661861,2
1,1,0.584622,3
1,1,0.573442,7
1,1,0.578252,7
1,1,0.550356,6
1,1,0.541926,6
1,1,0.568458,8
1,1,0.569884,8
1,0,0.484278,3
1,1,0.581271,7
1,1,0.584616,0
1,1,0.615836,5
1,1,0.584181,7
1,1,0.674737,2
1,0,0.492214,3
1,1,0.573100,7
1,0,0.285561,5
1,1,0.551779,1
1,1,0.613528,3
1,1,0.569574,9
1,1,0.596590,4
1,1,0.560338,8
1,1,0.515347,7
1,1,0.597913,3
1,1,0.552775,8
1,0,0.293888,3
1,0,0.268108,3
1,1,0.562708,8
1,1,0.586301,0
1,1,0.571609,8
1,1,0.567803,8
1,1,0.553086,9
1,1,0.571747,8
1,0,0.316540,6
1,1,0.560007,7
1,0,0.488833,2
1,1,0.526916,0
1,0,0.119364,4
1,1,0.546480,6
1,1,0.584112,3
1,1,0.554831,6
1,1,0.547542,6
1,0,0.396742,2
1,1,0.565172,8
1,1,0.570526,8
1,1,0.566334,2
1,1,0.527147,6
1,1,0.581389,7
1,1,0.547155,1
1,1,0.561210,8
1,1,0.595248,3
1,0,0.182836,0
1,0,0.417799,9
1,1,0.569479,8
1,1,0.587751,3
1,1,0.569100,8
1,1,0.575578,2
1,1,0.656430,2
1,1,0.545867,3
1,1,0.504772,0
1,1,0.603696,2
1,1,0.548482,6
1,1,0.520273,8
1,0,0.393773,3
1,1,0.567734,0
1,1,0.554838,9
1,1,0.536851,1
1,0,0.484659,4
1,0,0.358253,4
1,0,0.468090,1
1,1,0.596450,0
1,1,0.587456,7
1,1,0.558467,9
1,1,0.508335,4
1,0,0.061755,3
1,1,0.584797,2
1,0,0.429095,9
1,0,0.456817,1
1,1,0.547598,1
1,1,0.533226,9
1,1,0.551423,6
1,1,0.583173,0
1,1,0.565945,8
1,1,0.567119,1
1,0,0.348053,1
1,1,0.516671,3
1,0,0.479258,2
1,0,0.415106,4
1,0,0.134771,5
1,1,0.522820,2
1,1,0.572105,0
1,1,0.566739,1
1,0,0.481972,2
1,1,0.620879,0
1,1,0.568080,0
1,1,0.535618,3
1,1,0.562592,8
1,1,0.522353,1
1,1,0.677480,3
1,1,0.633656,3
1,1,0.552818,0
1,1,0.574290,5
1,1,0.546926,6
1,1,0.565227,9
1,0,0.439773,2
1,0,0.300051,5
1,1,0.598375,0
1,0,0.380298,8
1,1,0.563626,0
1,1,0.564850,8
1,1,0.559459,9
1,1,0.548391,6
1,1,0.565660,3
1,1,0.552290,9
1,0,0.380978,0
1,1,0.560378,1
1,1,0.584263,3
1,1,0.571300,8
1,0,0.484817,3
1,1,0.582695,7
1,0,0.405965,7
1,1,0.548695,3
1,1,0.565892,7
1,0,0.250288,9
1,1,0.546875,6
1,1,0.558422,8
1,1,0.602502,2
1,1,0.630383,3
1,1,0.571432,8
1,0,0.406760,1
1,0,0.286513,4
1,1,0.559182,9
1,1,0.552993,0
1,1,0.516465,0
1,1,0.546509,6
1,1,0.547738,6
1,1,0.536840,1
1,1,0.503575,1
1,0,0.283254,3
1,1,0.571665,8
1,1,0.560845,9
1,1,0.608470,5
1,1,0.557722,9
1,1,0.534534,9
1,0,0.497886,6
1,1,0.552899,6
1,1,0.569033,0
1,1,0.558150,9
0,0,0.146842,0
0,1,0.597337,2
0,1,0.563475,1
0,1,0.530995,6
0,1,0.572100,0
0,1,0.560389,6
0,1,0.501160,3
0,1,0.571351,8
0,0,0.152445,8
0,1,0.572323,0
0,1,0.574869,8
0,1,0.561887,4
0,0,0.489480,5
0,1,0.532001,0
0,0,0.401165,7
0,1,0.539372,8
0,1,0.557102,6
0,1,0.564066,1
0,1,0.558494,1
0,0,0.069009,3
0,1,0.554288,4
0,1,0.551683,9
0,1,0.573333,7
0,1,0.620416,2
0,0,0.490685,6
0,0,0.256918,4
0,0,0.488883,3
0,1,0.572948,0
0,0,0.488316,3
0,1,0.556520,9
0,1,0.581071,5
0,1,0.567270,0
0,1,0.571452,0
0,1,0.628772,5
0,1,0.546926,6
0,0,0.387397,1
0,0,0.480977,0
0,1,0.573460,7
0,0,0.367035,6
0,0,0.353520,5
0,0,0.189715,2
0,1,0.531833,1
0,1,0.570727,8
0,1,0.565897,0
0,0,0.457387,1
0,0,0.328753,4
0,1,0.559229,9
0,1,0.577704,0
0,1,0.637169,5
0,1,0.555601,1
0,1,0.566684,1
0,0,0.350551,1
0,1,0.632376,5
0,0,0.259384,2
0,0,0.135774,5
0,0,0.269836,6
0,0,0.462854,3
0,0,0.185436,7
0,1,0.567131,1
0,0,0.247821,0
0,0,0.476300,1
0,1,0.573189,7
0,0,0.493998,9
0,1,0.564534,3
0,1,0.549582,6
0,1,0.572412,7
0,1,0.567028,1
0,1,0.596589,7
0,1,0.514328,8
0,1,0.560172,1
0,1,0.619422,2
0,1,0.573686,7
0,1,0.558603,1
0,0,0.346401,2
0,1,0.569187,8
0,0,0.211465,4
0,1,0.559060,9
0,0,0.340895,3
0,1,0.565068,2
0,1,0.554905,9
0,1,0.564228,1
0,1,0.540161,3
0,1,0.549066,6
0,1,0.547317,9
0,1,0.554368,5
0,1,0.627231,5
0,1,0.575644,3
0,0,0.113686,6
0,1,0.560482,6
0,0,0.423571,8
0,0,0.189881,4
0,1,0.549467,6
0,0,0.317476,2
0,1,0.584144,0
0,1,0.627250,2
0,0,0.467897,5
0,1,0.557126,9
0,0,0.388896,0
0,0,0.346396,2
0,0,0.262166,5
0,1,0.561601,9
0,1,0.545665,6
0,1,0.535118,9
0,0,0.216654,3
0,0,0.468426,7
0,1,0.592930,0
0,1,0.560674,9
0,1,0.513377,4
0,0,0.334151,8
0,0,0.449040,6
0,1,0.557100,6
0,0,0.468219,5
0,1,0.567228,1
0,0,0.238115,4
0,0,0.397639,5
0,1,0.559776,8
0,0,0.363815,4
0,0,0.473809,4
0,1,0.558193,6
0,1,0.616022,3
0,1,0.568642,0
0,1,0.575920,2
0,1,0.617137,5
0,1,0.570445,8
0,0,0.298822,8
0,1,0.570970,0
0,1,0.555875,8
0,1,0.557875,6
0,1,0.580882,3
0,1,0.530504,5
0,1,0.571686,8
0,0,0.473227,2
0,1,0.606370,2
0,0,0.346241,1
0,1,0.512766,3
0,1,0.567921,3
0,0,0.414112,7
0,1,0.580309,5
0,0,0.443757,3
0,1,0.520305,4
0,1,0.571387,8
0,1,0.571151,8
0,0,0.329080,4
0,1,0.594534,5
0,0,0.419643,8
0,1,0.561769,1
0,1,0.571865,9
0,1,0.571006,8
0,1,0.635058,5
0,1,0.561073,1
0,1,0.561313,9
0,1,0.591227,2
0,0,0.174872,8
0,1,0.571739,8
0,0,0.364089,7
0,1,0.525301,7
0,0,0.238352,4
0,1,0.570729,7
0,0,0.321124,4
0,1,0.598376,4
0,1,0.505574,4
0,0,0.430480,5
0,1,0.633749,5
0,1,0.568404,8
0,1,0.568215,8
0,1,0.546623,8
0,0,0.416227,3
0,1,0.634441,5
0,1,0.578279,0
0,1,0.541377,0
0,0,0.401949,7
0,1,0.529312,2
0,0,0.362998,9
0,1,0.568679,8
0,1,0.568751,8
0,1,0.571564,8
0,1,0.529418,0
0,0,0.492025,3
0,0,0.304003,1
0,0,0.182733,8
0,1,0.586780,3
0,0,0.281920,1
0,1,0.535227,4
0,1,0.571819,8
0,0,0.091432,2
0,1,0.540585,0
0,1,0.624069,4
0,0,0.464718,4
0,1,0.615204,4
0,0,0.127986,2
0,1,0.587681,7
0,0,0.083634,0
0,1,0.615445,5
0,1,0.549373,6
0,0,0.374483,4
0,1,0.559619,9
0,0,0.261783,3
0,1,0.571255,8
0,1,0.563694,5
0,1,0.562549,1
0,1,0.607812,2
0,1,0.609504,7
0,1,0.560346,6
0,1,0.539306,9
0,0,0.455065,3
0,1,0.562002,9
0,0,0.481696,5
0,1,0.565113,8
0,0,0.448722,4
0,0,0.493103,4
0,1,0.576622,7
0,1,0.528775,7
0,1,0.531734,4
0,0,0.369032,3
0,1,0.582406,2
0,1,0.550228,9
0,0,0.492917,7
0,0,0.460443,3
0,1,0.555246,9
0,1,0.573301,8
0,1,0.557018,9
0,1,0.563555,1
0,0,0.105467,0
0,0,0.112350,0
0,1,0.609175,2
0,0,0.430951,1
0,0,0.349415,6
0,0,0.236937,0
0,1,0.548678,8
0,1,0.578004,7
0,0,0.099447,2
0,1,0.628699,5
0,0,0.241146,3
0,0,0.463504,4
0,1,0.564097,2
0,1,0.532359,9
0,1,0.557236,1
0,1,0.580621,7
0,1,0.524213,9
0,1,0.561068,9
0,0,0.402997,5
0,0,0.266294,4
0,1,0.631394,5
0,1,0.504272,6
0,0,0.339237,5
0,1,0.549578,6
0,1,0.566570,1
0,1,0.557217,6
0,1,0.574247,7
0,1,0.665722,3
0,1,0.532359,0
0,1,0.545635,3
0,1,0.595239,2
0,1,0.612816,3
0,0,0.283458,3
0,0,0.295408,5
0,1,0.556567,9
0,1,0.590319,5
0,1,0.591985,2
0,0,0.396019,4
0,1,0.570962,8
0,0,0.282115,1
0,0,0.100231,5
0,0,0.226677,4
0,1,0.519117,3
0,1,0.559671,7
0,0,0.096422,6
0,1,0.567834,8
0,1,0.708258,3
0,0,0.362506,3
0,0,0.363382,1
0,1,0.724128,2
0,1,0.536172,2
0,1,0.620905,7
0,1,0.522037,2
0,1,0.629368,2
0,1,0.565381,7
0,0,0.424087,1
0,1,0.564111,2
0,0,0.465071,1
0,1,0.541801,9
0,1,0.590113,2
0,1,0.594051,2
0,1,0.517885,2
0,1,0.527311,2
0,1,0.577631,7
0,1,0.560443,9
0,0,0.406494,4
0,1,0.556712,9
0,1,0.513425,4
0,0,0.093503,9
0,1,0.577857,0
0,0,0.497797,4
0,0,0.282242,4
0,1,0.625742,5
0,1,0.562448,2
0,1,0.602450,4
0,1,0.608120,2
0,0,0.319235,2
0,1,0.573048,7
0,1,0.571874,8
0,1,0.546243,2
0,1,0.624790,5
0,1,0.552786,2
0,1,0.594739,0
0,1,0.569637,8
0,0,0.479679,3
0,1,0.563576,8
0,1,0.571367,8
0,1,0.580511,0
0,0,0.412137,5
0,1,0.569017,8
0,1,0.540718,6
0,1,0.706852,2
0,1,0.550040,6
0,0,0.160132,8
0,0,0.463143,7
0,1,0.601654,5
0,1,0.530969,4
0,1,0.572268,8
0,1,0.567616,8
0,1,0.558087,9
0,1,0.604039,5
0,1,0.573092,0
0,1,0.594530,5
0,1,0.561711,8
0,0,0.168073,2
0,0,0.204421,0
0,1,0.553529,0
0,1,0.563159,1
0,1,0.570957,8
0,0,0.470593,9
0,1,0.571763,8
0,0,0.335097,5
0,1,0.586163,0
0,1,0.571457,7
0,0,0.188297,0
0,1,0.570843,8
0,1,0.595113,7
0,1,0.549229,3
0,0,0.495621,2
0,1,0.567879,8
0,1,0.507294,4
0,1,0.558095,7
0,1,0.597707,7
0,1,0.619945,2
0,0,0.095085,5
0,0,0.182827,5
0,0,0.139292,6
0,1,0.580971,2
0,0,0.447692,8
0,0,0.173201,5
0,1,0.548671,6
0,0,0.474537,3
0,0,0.298313,5
0,0,0.278093,3
0,1,0.567395,1
0,0,0.242137,8
0,1,0.574811,7
0,0,0.255770,5
0,1,0.573537,7
0,1,0.587262,3
0,1,0.582001,0
0,0,0.361986,9
0,0,0.497264,2
0,0,0.432629,5
0,1,0.504105,8
0,1,0.571402,7
0,0,0.461540,4
0,0,0.415914,4
0,0,0.280997,2
0,1,0.518074,0
0,1,0.595564,0
0,0,0.374510,3
0,1,0.530463,9
0,0,0.352521,5
0,0,0.207542,0
0,0,0.214072,4
0,1,0.538597,9
0,1,0.558168,9
0,0,0.230992,2
0,0,0.168299,8
0,0,0.053227,5
0,1,0.568361,4
0,0,0.477622,0
0,1,0.553003,1
0,1,0.571254,8
0,0,0.395008,9
0,1,0.571951,8
0,1,0.583136,3
0,0,0.493950,9
0,1,0.606358,4
0,1,0.541862,9
0,1,0.579805,7
0,0,0.498446,6
0,1,0.554044,1
0,0,0.423928,5
0,1,0.550300,2
0,0,0.376896,8
0,1,0.602385,7
0,0,0.483148,4
0,0,0.206938,3
0,1,0.520950,3
0,1,0.551678,9
0,1,0.570735,2
0,1,0.623019,5
0,1,0.573462,7
0,0,0.389476,3
0,1,0.581112,7
0,0,0.486525,9
0,0,0.318131,1
0,1,0.573429,3
0,1,0.555273,7
0,1,0.539959,1
0,1,0.567562,9
0,1,0.589058,7
0,1,0.556836,6
0,0,0.356211,8
0,1,0.572793,0
0,1,0.556893,6
0,1,0.571878,7
0,0,0.188916,1
0,0,0.459092,4
0,1,0.563879,9
0,0,0.483227,5
0,1,0.517358,9
0,1,0.569475,7
0,1,0.564133,1
0,1,0.564170,9
0,1,0.572259,0
0,0,0.486638,1
0,0,0.090205,5
0,1,0.595985,2
0,0,0.359674,9
0,1,0.543075,8
0,0,0.458256,4
0,1,0.542193,1
0,1,0.617499,3
0,1,0.630340,5
0,1,0.568412,8
0,1,0.517399,2
0,1,0.557704,6
0,1,0.560989,6
0,1,0.555975,0
0,0,0.490928,1
0,1,0.627449,2
0,1,0.561786,5
0,1,0.507916,5
0,0,0.159437,9
0,1,0.562468,2
0,0,0.485702,9
0,1,0.557107,1
0,1,0.551848,6
0,0,0.179118,9
0,1,0.575321,4
0,1,0.597173,3
0,0,0.171600,2
0,1,0.607917,2
0,1,0.691371,3
0,1,0.571884,8
0,0,0.398052,3
0,0,0.150337,2
0,0,0.326782,1
0,0,0.409340,5
0,1,0.634914,5
0,1,0.528751,9
0,0,0.233545,8
0,1,0.546312,6
0,0,0.424149,6
0,1,0.572767,7
0,1,0.553393,9
0,1,0.585381,7
0,1,0.559940,1
0,0,0.499046,0
0,0,0.283093,3
0,0,0.449387,3
0,1,0.659830,3
0,1,0.565784,1
0,0,0.268747,5
0,0,0.081215,0
0,1,0.529773,4
0,1,0.502312,1
0,1,0.604449,5
0,1,0.573329,7
0,0,0.058949,2
0,1,0.609239,2
0,1,0.562168,5
0,1,0.556959,8
0,0,0.366846,9
0,1,0.551217,4
0,0,0.460941,1
0,1,0.581267,5
0,1,0.518868,1
0,1,0.550874,1
0,1,0.623493,0
0,1,0.552772,6
0,1,0.634164,3
0,1,0.550544,1
0,1,0.561034,1
0,1,0.536941,1
0,1,0.551807,6
0,1,0.605281,2
0,1,0.572870,0
0,0,0.358894,3
0,0,0.078551,2
0,1,0.550282,7
0,0,0.326135,7
0,1,0.561466,9
0,0,0.076926,5
0,1,0.571732,8
0,1,0.527082,0
0,0,0.177684,3
0,0,0.141773,0
0,1,0.550810,6
0,0,0.297589,5
0,1,0.593191,5
0,0,0.116011,5
0,1,0.621800,2
0,0,0.265640,0
0,0,0.428326,6
0,1,0.571415,7
0,1,0.621420,4
0,1,0.615250,3
0,0,0.122988,0
0,1,0.515213,1
0,1,0.565121,1
0,0,0.155653,3
0,1,0.560449,0
0,1,0.572752,7
0,1,0.549759,9
0,1,0.578746,2
0,0,0.470747,0
0,1,0.541236,2
0,0,0.429262,5
0,1,0.556193,9
0,0,0.119718,3
0,1,0.539313,8
0,1,0.586698,5
0,1,0.550086,6
0,0,0.461133,7
0,1,0.546582,6
0,1,0.557329,1
0,0,0.458285,1
0,1,0.556630,1
0,0,0.343855,2
0,0,0.133615,9
0,0,0.145006,4
0,1,0.594837,2
0,1,0.564391,1
0,0,0.257957,3
0,1,0.552750,6
0,0,0.128840,3
0,1,0.539338,0
0,1,0.594391,2
0,0,0.364500,0
0,1,0.575272,7
0,0,0.436643,3
0,1,0.571223,8
0,1,0.546662,3
0,1,0.552888,8
0,1,0.505978,9
0,0,0.239998,1
0,0,0.493958,8
0,0,0.489586,9
0,1,0.561223,9
0,0,0.418985,4
0,0,0.480690,9
0,1,0.508916,0
0,0,0.438252,4
0,0,0.124341,0
0,0,0.217817,3
0,1,0.526806,4
0,1,0.561134,9
0,0,0.468890,1
0,0,0.402735,9
0,1,0.575432,8
0,1,0.571516,8
0,0,0.265955,6
0,1,0.557063,6
0,0,0.398226,0
0,0,0.014755,7
0,0,0.332679,3
0,0,0.156314,9
0,0,0.460538,5
0,1,0.571555,8
0,1,0.539309,0
0,0,0.212131,4
0,0,0.488464,6
0,1,0.549765,2
0,1,0.551970,9
0,0,0.281616,8
0,0,0.494794,9
0,1,0.581874,0
0,1,0.561328,9
0,1,0.547862,8
0,1,0.530307,0
0,1,0.552516,9
0,0,0.483622,7
0,1,0.559395,6
0,1,0.565117,1
0,1,0.567306,1
0,0,0.317547,2
0,1,0.560674,2
0,1,0.552163,2
0,1,0.561094,1
0,1,0.647353,3
0,1,0.549343,2
0,1,0.530722,4
0,1,0.510159,4
0,1,0.550725,6
0,1,0.609933,3
0,1,0.586734,7
0,0,0.408600,2
0,0,0.435130,5
0,0,0.207348,8
0,0,0.253451,4
0,1,0.554003,6
0,1,0.547385,1
0,1,0.535492,5
0,0,0.399635,3
0,0,0.293893,9
0,1,0.549721,6
0,0,0.499317,1
0,1,0.551753,6
0,0,0.456524,8
0,0,0.361213,0
0,1,0.503712,2
0,1,0.636387,5
0,1,0.539582,1
0,0,0.377999,5
0,1,0.637576,0
0,0,0.354749,9
0,1,0.553084,1
0,1,0.573396,7
0,1,0.543240,6
0,0,0.362962,3
0,0,0.387096,3
0,1,0.568494,8
0,0,0.220184,3
0,1,0.522852,2
0,1,0.548642,6
0,0,0.174622,8
0,1,0.547665,6
0,1,0.563607,9
0,0,0.241854,6
0,0,0.393209,1
0,1,0.592408,7
0,1,0.538106,5
0,1,0.565058,2
0,1,0.605255,0
0,1,0.607571,3
0,1,0.546996,6
0,1,0.558422,0
0,1,0.561634,9
0,1,0.605799,7
0,1,0.580047,0
0,1,0.578036,2
0,0,0.467366,5
0,1,0.559773,9
0,1,0.634566,0
0,1,0.559575,9
0,0,0.395951,1
0,1,0.588463,3
0,1,0.553292,2
0,1,0.565786,2
0,0,0.246128,8
0,1,0.577608,7
0,1,0.533638,1
0,1,0.531417,1
0,0,0.330580,8
0,1,0.560736,2
0,1,0.573258,7
0,0,0.323498,6
0,1,0.611816,7
0,0,0.078053,4
0,0,0.435651,2
0,0,0.277964,9
0,0,0.077100,3
0,1,0.560778,1
0,0,0.486653,8
0,1,0.503256,5
0,0,0.345777,1
0,1,0.568060,9
0,1,0.585445,7
0,1,0.501801,2
0,1,0.571269,0
0,1,0.562297,7
0,1,0.527923,4
0,1,0.524718,3
0,0,0.377373,3
0,1,0.557752,1
0,0,0.371347,9
0,0,0.241823,5
0,0,0.211910,4
0,1,0.566233,1
0,1,0.680500,3
0,0,0.345433,9
0,0,0.185741,5
0,1,0.559291,2
0,1,0.546735,6
0,0,0.216608,1
0,0,0.188772,2
0,1,0.571745,8
0,0,0.366352,5
0,1,0.527050,1
0,0,0.316319,9
0,1,0.553759,9
0,1,0.565092,1
0,1,0.619915,2
0,1,0.557053,9
0,0,0.284926,5
0,0,0.243262,8
0,1,0.617543,2
0,0,0.434690,4
0,0,0.444618,3
0,1,0.569745,0
0,1,0.569117,8
0,0,0.111463,3
0,1,0.565094,2
0,0,0.097831,2
0,0,0.116429,2
0,1,0.529615,0
0,0,0.341585,1
0,0,0.449930,4
0,1,0.571434,8
0,1,0.546642,6
0,1,0.577220,8
0,0,0.373303,4
0,0,0.056885,5
0,1,0.570641,3
0,1,0.558219,0
0,1,0.553658,6
0,0,0.398615,5
0,1,0.572598,0
0,0,0.488481,2
0,0,0.469683,8
0,0,0.112008,3
0,1,0.567013,8
0,0,0.486288,7
0,0,0.225144,0
0,1,0.622426,4
0,1,0.573404,7
0,1,0.615700,4
0,0,0.233108,3
0,1,0.571812,0
0,1,0.566041,7
0,1,0.560048,9
0,0,0.405890,4
0,1,0.561045,9
0,0,0.215955,2
0,1,0.555984,6
0,1,0.539485,9
0,1,0.564553,2
0,0,0.496022,2
0,1,0.592725,0
0,0,0.499381,1
0,1,0.512759,1
0,1,0.577732,4
0,1,0.559478,9
0,1,0.633837,3
0,1,0.546997,4
0,1,0.535879,9
0,0,0.474700,7
0,1,0.579432,2
0,1,0.552487,5
0,0,0.393336,1
0,0,0.354278,4
0,1,0.556777,9
0,0,0.428563,3
0,0,0.421046,9
0,1,0.564309,1
0,0,0.490434,1
0,0,0.437947,9
0,1,0.533861,8
0,1,0.559464,9
0,1,0.555594,2
0,1,0.565164,1
0,1,0.543467,0
0,1,0.582084,7
0,1,0.568340,7
0,1,0.635959,0
0,1,0.565615,1
0,1,0.545832,9
0,1,0.565606,1
0,0,0.177079,8
0,1,0.549503,5
0,1,0.533099,1
0,1,0.546414,6
0,1,0.640901,0
0,0,0.115349,6
0,1,0.515960,4
0,1,0.544049,0
0,1,0.555154,7
0,1,0.543158,5
0,1,0.559100,6
0,1,0.530954,8
0,1,0.539911,9
0,0,0.437020,2
0,0,0.346847,5
0,0,0.411580,5
0,0,0.417469,4
0,0,0.484027,4
0,0,0.245148,3
0,1,0.561353,9
0,1,0.556076,6
0,1,0.571525,8
0,0,0.412143,7
0,0,0.235996,4
0,1,0.538591,5
0,0,0.031775,0
0,1,0.597677,3
0,1,0.533879,6
0,1,0.570736,8
0,1,0.535733,0
0,1,0.561204,9
0,1,0.598199,4
0,1,0.585130,4
0,0,0.489136,2
0,1,0.510743,9
0,1,0.558694,4
0,0,0.176595,5
0,0,0.278026,0
0,1,0.513891,8
0,1,0.513244,5
0,1,0.586003,7
0,1,0.609361,2
0,1,0.548939,6
0,1,0.506865,5
0,1,0.613648,0
0,0,0.456142,9
0,1,0.571910,0
0,1,0.546567,2
0,1,0.534906,5
0,0,0.490781,0
0,1,0.590169,0
0,1,0.539096,4
0,0,0.268029,3
0,1,0.556047,6
0,1,0.503372,9
0,1,0.560933,1
0,0,0.486757,5
0,1,0.560183,1
0,1,0.623283,5
0,1,0.559996,9
0,1,0.571788,0
0,1,0.567936,7
0,1,0.573126,7
0,0,0.261894,6
0,1,0.562165,7
0,1,0.568491,0
0,0,0.341040,8
0,1,0.549316,6
0,1,0.561865,9
0,1,0.569148,3
0,1,0.523339,8
0,0,0.143879,3
0,1,0.562066,0
0,1,0.500287,8
0,1,0.556740,6
0,1,0.548575,1
0,1,0.603395,4
0,1,0.531272,7
0,0,0.202944,2
0,1,0.516771,1
0,1,0.553887,8
0,1,0.619539,4
0,1,0.602681,3
0,0,0.254880,5
0,1,0.523361,9
0,1,0.565663,7
0,1,0.571854,8
0,0,0.257379,6
0,1,0.571725,7
0,1,0.576252,0
0,1,0.568724,0
0,1,0.573443,7
0,0,0.354633,1
0,1,0.567510,0
0,1,0.558653,9
0,1,0.571708,8
0,0,0.120120,4
0,1,0.596393,5
0,0,0.460476,6
0,1,0.571031,8
0,0,0.455429,3
0,0,0.496337,3
0,0,0.275446,3
0,1,0.554600,1
0,0,0.248786,5
0,0,0.173024,0
0,0,0.191629,5
0,0,0.498941,3
0,1,0.504345,1
0,1,0.547273,3
0,1,0.552934,6
0,0,0.305096,1
0,0,0.420594,3
0,1,0.559741,9
0,0,0.136500,2
0,0,0.131739,0
0,1,0.616022,5
0,1,0.565942,1
0,1,0.571217,8
0,1,0.537229,0
0,0,0.411387,4
0,0,0.324091,6
0,0,0.303641,2
0,0,0.478617,2
0,0,0.336226,6
0,0,0.439542,2
0,1,0.547277,9
0,1,0.522832,6
0,1,0.663256,3
0,1,0.551498,9
0,0,0.355459,2
0,0,0.197834,8
0,0,0.452896,3
0,1,0.546144,6
0,1,0.522156,1
0,1,0.594158,2
0,1,0.511172,3
0,1,0.568988,8
0,1,0.687401,3
0,1,0.594916,2
0,0,0.391169,6
0,1,0.619891,5
0,1,0.547972,9
0,0,0.477102,5
0,0,0.471948,6
0,1,0.557248,3
0,1,0.554179,9
0,0,0.282837,6
0,0,0.105766,2
0,1,0.527662,2
0,0,0.493274,9
0,1,0.569058,0
0,1,0.556844,6
0,1,0.557378,9
0,0,0.234646,0
0,1,0.551908,6
0,1,0.561759,7
0,0,0.049270,5
0,1,0.559925,8
0,1,0.572774,7
0,1,0.548737,6
0,1,0.574946,3
0,1,0.613171,2
0,1,0.530057,6
0,1,0.573275,7
0,1,0.586708,4
0,1,0.540661,3
0,1,0.549713,7
0,0,0.131374,4
0,0,0.109713,0
0,1,0.585246,5
0,1,0.573114,7
0,0,0.236621,5
0,1,0.592772,3
0,1,0.571375,8
0,1,0.573062,9
0,1,0.586516,2
0,1,0.571432,8
0,0,0.339271,4
0,0,0.152193,7
0,1,0.550737,4
0,0,0.399167,0
0,1,0.599151,2
0,1,0.570278,7
0,1,0.605492,2
0,1,0.564689,5
0,1,0.551272,6
0,1,0.558914,1
0,0,0.307749,4
0,1,0.561272,9
0,0,0.401909,1
0,1,0.557584,6
0,0,0.417920,6
0,1,0.547852,8
0,0,0.414847,7
0,0,0.250367,3
0,1,0.554363,1
0,0,0.379838,8
0,0,0.213849,2
0,0,0.190530,5
0,1,0.553480,8
0,1,0.560724,9
0,1,0.560441,9
0,1,0.556906,2
0,1,0.533748,8
0,1,0.541956,7
0,1,0.570941,8
0,1,0.561742,7
0,1,0.508877,1
0,0,0.202894,8
0,1,0.642613,3
0,1,0.561088,9
0,0,0.259911,7
0,0,0.371401,8
0,0,0.135815,2
0,1,0.552803,6
0,1,0.542437,6
0,1,0.659758,2
0,1,0.545655,5
0,1,0.500622,6
0,1,0.528320,3
0,0,0.485231,3
0,0,0.264687,8
0,0,0.186074,3
0,0,0.466343,3
0,1,0.609032,0
0,1,0.572444,0
0,0,0.324499,1
0,1,0.573465,7
0,0,0.376389,0
0,1,0.571492,8
0,1,0.572037,3
0,0,0.281414,4
0,1,0.504664,0
0,1,0.608528,2
0,0,0.226817,5
0,1,0.533440,8
0,1,0.546921,6
0,1,0.567757,5
0,1,0.607882,3
0,1,0.559266,9
0,1,0.559462,8
0,1,0.510253,5
0,1,0.666956,3
0,0,0.233018,5
0,0,0.182405,3
0,1,0.571838,8
0,0,0.428539,4
0,1,0.591556,3
0,1,0.559032,9
0,0,0.314171,3
0,1,0.562807,9
0,0,0.229375,6
0,1,0.556592,6
0,1,0.561992,2
0,1,0.581727,0
0,1,0.589073,0
0,1,0.524784,7
0,1,0.570757,8
0,0,0.106003,2
0,1,0.555932,6
0,1,0.565968,1
0,1,0.559320,6
0,0,0.395429,3
0,0,0.040889,5
0,1,0.524036,1
0,1,0.559446,0
0,1,0.532845,5
0,1,0.572968,7
0,1,0.544977,6
0,0,0.305409,3
0,1,0.540047,4
0,1,0.554440,2
0,1,0.564604,1
0,1,0.550369,6
0,1,0.517423,8
0,0,0.161073,3
0,1,0.548113,9
0,1,0.564589,8
0,1,0.518298,7
0,1,0.614572,5
0,1,0.565623,8
0,0,0.060663,6
0,1,0.570577,8
0,1,0.624228,2
0,0,0.339864,6
0,1,0.628364,5
0,1,0.597995,7
0,1,0.573658,7
0,0,0.437166,0
0,0,0.430411,9
0,0,0.180125,4
0,1,0.573725,7
0,1,0.509989,5
0,0,0.330101,5
0,1,0.624437,4
0,0,0.250186,2
0,0,0.393268,8
0,1,0.549129,6
0,1,0.555247,2
0,0,0.146174,1
0,0,0.463967,2
0,0,0.370129,2
0,0,0.107237,3
0,1,0.677016,3
0,1,0.598445,2
0,1,0.573433,7
0,0,0.444851,3
0,1,0.508737,2
0,0,0.399183,3
0,1,0.593396,4
0,0,0.470496,4
0,0,0.363886,6
0,0,0.117756,0
0,0,0.465348,7
0,0,0.386577,1
0,0,0.407125,3
0,1,0.546959,2
0,0,0.228426,7
0,1,0.533902,5
0,0,0.226739,2
0,0,0.413577,2
0,1,0.557187,8
0,1,0.617139,4
0,0,0.371102,4
0,1,0.561220,9
0,1,0.609170,2
0,1,0.560569,4
0,1,0.646193,3
0,0,0.428304,0
0,0,0.247562,7
0,0,0.411114,5
0,1,0.590501,2
0,0,0.488421,3
0,0,0.315394,6
0,0,0.387808,3
0,1,0.569606,9
0,1,0.555392,1
0,1,0.569902,8
0,1,0.563644,8
0,1,0.567266,8
0,1,0.550209,0
0,1,0.542855,0
0,1,0.569226,2
0,1,0.678010,3
0,0,0.279098,8
0,1,0.580972,7
0,0,0.450579,0
0,0,0.461261,0
0,1,0.522141,8
0,0,0.446934,4
0,1,0.625501,5
0,0,0.468921,8
0,1,0.560949,9
0,0,0.353565,1
0,1,0.546875,6
0,1,0.574855,7
0,1,0.578589,2
0,1,0.520483,3
0,1,0.567064,8
0,1,0.573885,7
0,0,0.099779,4
0,1,0.601469,5
0,0,0.464554,4
0,1,0.543990,3
0,0,0.253026,0
0,1,0.581410,7
0,0,0.454936,7
0,1,0.577831,7
0,1,0.560530,9
0,1,0.605075,3
0,1,0.553999,6
0,0,0.307424,6
0,1,0.547112,6
0,1,0.594748,3
0,1,0.523085,7
0,1,0.599092,2
0,1,0.593802,0
0,0,0.073710,3
0,0,0.406201,1
0,1,0.553250,2
0,0,0.420399,1
0,1,0.557333,8
0,1,0.616484,3
0,1,0.581253,0
0,1,0.514529,9
0,0,0.321592,4
0,1,0.569753,8
0,1,0.588403,9
0,1,0.508653,3
0,0,0.151460,7
0,1,0.571471,8
0,1,0.565777,8
0,1,0.552322,6
0,1,0.512003,4
0,0,0.471285,2
0,1,0.516707,3
0,0,0.380304,4
0,1,0.634376,5
0,0,0.460574,1
0,1,0.552526,8
0,1,0.589343,2
0,0,0.458836,1
0,1,0.571493,8
0,0,0.480379,4
0,1,0.573298,7
0,1,0.553441,6
0,0,0.480691,5
0,0,0.482042,5
0,1,0.570324,7
0,0,0.447442,4
0,1,0.591046,7
0,0,0.320231,4
0,1,0.540992,5
0,0,0.416938,2
0,1,0.557532,9
0,1,0.626466,2
0,0,0.435966,5
0,0,0.424555,1
0,0,0.291644,4
0,1,0.554630,6
0,1,0.552104,6
0,1,0.567602,8
0,0,0.306266,9
0,1,0.555748,9
0,0,0.232616,4
0,0,0.264362,3
0,1,0.571960,9
0,1,0.554503,9
0,0,0.477086,9
0,0,0.399861,4
0,0,0.094098,0
0,0,0.284052,3
0,0,0.344437,7
0,1,0.557475,1
0,0,0.312811,3
0,1,0.559741,0
0,1,0.566112,0
0,1,0.606840,0
0,0,0.369738,6
0,1,0.571849,8
0,0,0.352782,1
0,1,0.591453,7
0,1,0.572446,0
0,0,0.266271,7
0,1,0.589033,3
0,1,0.591883,7
0,0,0.497213,8
0,0,0.089681,2
0,1,0.561590,9
0,0,0.287020,4
0,1,0.546730,4
0,1,0.566403,1
0,0,0.421516,2
0,1,0.605036,2
0,0,0.446339,2
0,1,0.551667,4
0,1,0.546640,6
0,0,0.047542,5
0,1,0.560325,0
0,1,0.573283,7
0,1,0.546689,6
0,1,0.539831,6
0,1,0.598740,0
0,1,0.570096,8
0,1,0.624155,2
0,1,0.554390,9
0,0,0.258223,5
0,0,0.220664,2
0,1,0.556682,6
0,1,0.559136,9
0,0,0.463734,4
0,1,0.577254,2
0,0,0.343881,7
0,1,0.568911,8
0,1,0.579759,2
0,1,0.534092,7
0,1,0.565336,8
0,1,0.571865,8
0,1,0.544096,3
0,0,0.316908,2
0,0,0.460708,0
0,1,0.557777,9
0,1,0.582554,5
0,0,0.361833,5
0,1,0.598383,0
0,1,0.566220,1
0,1,0.586888,0
0,0,0.407286,9
0,0,0.373805,3
0,0,0.265443,8
0,1,0.622270,5
0,1,0.598847,4
0,1,0.557544,9
0,1,0.579575,7
0,1,0.573401,7
0,1,0.569652,8
0,1,0.564399,1
0,0,0.389578,4
0,0,0.434075,3
0,1,0.570446,8
0,1,0.556466,6
0,0,0.112014,3
0,0,0.146854,2
0,1,0.627812,2
0,1,0.636179,3
0,1,0.558698,9
0,1,0.562656,8
0,1,0.567086,0
0,1,0.634293,5
0,0,0.273634,2
0,1,0.570777,8
0,0,0.395617,9
0,0,0.370278,2
0,1,0.571750,8
0,0,0.299673,4
0,0,0.478919,3
0,0,0.217926,5
0,1,0.513311,5
0,0,0.437890,3
0,1,0.616394,4
0,1,0.608541,2
0,0,0.293062,5
0,1,0.560069,8
0,0,0.495229,3
0,1,0.559163,0
0,0,0.431491,8
0,0,0.496265,1
0,0,0.323339,8
0,0,0.219646,2
0,1,0.587811,0
0,1,0.536920,3
0,0,0.246626,1
0,1,0.564294,9
0,1,0.604872,0
0,0,0.368716,5
0,0,0.442834,9
0,1,0.573733,0
0,0,0.221305,1
0,1,0.567135,2
0,1,0.516935,3
0,1,0.501514,7
0,1,0.532849,7
0,0,0.476292,4
0,0,0.445546,4
0,1,0.547113,6
0,1,0.547052,6
0,1,0.561558,9
0,1,0.546717,4
0,0,0.467523,9
0,1,0.571761,8
0,1,0.567321,1
0,0,0.271672,4
0,0,0.361912,3
0,1,0.541865,9
0,0,0.401108,6
0,1,0.630087,5
0,0,0.440401,0
0,0,0.051785,2
0,1,0.633299,5
0,1,0.577320,7
0,0,0.455378,6
0,1,0.590697,4
0,1,0.547632,1
0,0,0.474180,4
0,1,0.646650,3
0,1,0.571277,8
0,1,0.569443,0
0,1,0.503425,6
0,0,0.463384,3
0,1,0.545383,3
0,0,0.499024,1
0,1,0.539242,9
0,1,0.636047,5
0,0,0.477940,0
0,1,0.558032,9
0,1,0.636575,0
0,1,0.569768,0
0,0,0.278229,0
0,1,0.586993,2
0,0,0.460522,2
0,0,0.009075,2
0,0,0.448697,3
0,1,0.557989,3
0,0,0.451304,5
0,1,0.603595,2
0,1,0.547842,9
0,1,0.509430,2
0,0,0.266365,5
0,1,0.549191,6
0,1,0.565932,1
0,0,0.496820,2
0,1,0.547572,0
0,1,0.598466,4
0,1,0.571208,0
0,1,0.552311,8
0,0,0.447295,3
0,0,0.481131,2
0,0,0.307237,3
0,1,0.557201,2
0,1,0.561092,9
0,1,0.560253,8
0,0,0.123810,3
0,1,0.667515,3
0,1,0.597603,4
0,1,0.576250,0
0,1,0.588506,7
0,1,0.570246,0
0,1,0.621693,3
0,1,0.571822,7
0,0,0.453199,1
0,1,0.580017,7
0,1,0.606568,3
0,1,0.565901,9
0,1,0.571829,8
0,1,0.571492,8
0,0,0.434798,5
0,1,0.597739,2
0,0,0.370227,6
0,1,0.544146,0
0,0,0.459340,1
0,1,0.603004,0
0,1,0.657707,3
0,1,0.558170,3
0,1,0.574710,7
0,1,0.567263,1
0,1,0.545739,3
0,1,0.568803,8
0,1,0.555924,7
0,1,0.553608,3
0,0,0.207074,4
0,1,0.558640,9
0,1,0.598295,2
0,1,0.570363,8
0,1,0.572379,7
0,0,0.444735,4
0,1,0.562433,1
0,0,0.304909,3
0,1,0.556427,6
0,1,0.571691,8
0,1,0.556321,9
0,1,0.636643,5
0,0,0.111422,5
0,1,0.504682,6
0,0,0.139710,0
0,0,0.222813,6
0,1,0.561619,9
0,1,0.558011,1
0,0,0.269838,4
0,1,0.556193,9
0,1,0.573417,7
0,0,0.343634,3
0,0,0.144234,5
0,1,0.538831,2
0,1,0.549407,8
0,0,0.215182,3
0,0,0.383681,4
0,1,0.572738,7
0,1,0.564345,1
0,0,0.446910,9
0,1,0.546498,6
0,0,0.079514,7
0,1,0.575945,4
0,1,0.626643,7
0,1,0.559570,9
0,1,0.577918,7
0,0,0.310659,7
0,1,0.537457,8
0,1,0.526962,5
0,1,0.550177,9
0,1,0.706640,3
0,1,0.551284,8
0,1,0.573456,7
0,1,0.594865,2
0,1,0.508219,9
0,1,0.559247,1
0,0,0.395596,5
0,0,0.009993,0
0,0,0.164094,7
0,1,0.507653,2
0,1,0.561288,9
0,1,0.553988,6
0,1,0.519882,7
0,1,0.533772,3
0,1,0.500596,8
0,1,0.618276,2
0,0,0.135781,2
0,1,0.571172,8
0,0,0.337012,4
0,1,0.542307,8
0,1,0.570789,0
0,1,0.573143,7
0,1,0.568005,7
0,1,0.561471,9
0,1,0.528372,1
0,1,0.518870,2
0,0,0.354852,4
0,1,0.611415,5
0,0,0.353342,1
0,1,0.534108,3
0,1,0.520414,3
0,1,0.556196,9
0,1,0.614946,4
0,0,0.230521,4
0,0,0.415048,5
0,0,0.285826,3
0,0,0.118449,9
0,0,0.163796,1
0,1,0.533885,3
0,0,0.300204,4
0,1,0.682497,3
0,1,0.573546,7
0,1,0.570008,8
0,1,0.535600,7
0,1,0.561567,7
0,1,0.566979,8
0,0,0.256101,5
0,1,0.575498,7
0,0,0.227098,5
0,1,0.611786,5
0,1,0.639202,3
0,0,0.378760,4
0,1,0.535763,7
0,1,0.563156,8
0,1,0.593374,0
0,1,0.574931,7
0,1,0.561740,1
0,0,0.497217,8
0,0,0.310079,4
0,1,0.539980,0
0,0,0.198168,1
0,1,0.566027,0
0,1,0.609814,5
0,1,0.543750,6
0,1,0.594410,2
0,1,0.555708,9
0,1,0.572086,8
0,1,0.552876,8
0,1,0.594596,7
0,1,0.573294,7
0,0,0.499710,8
0,0,0.297408,2
0,1,0.530414,1
0,1,0.688024,3
0,0,0.441819,8
0,1,0.549193,6
0,1,0.545687,0
0,0,0.307920,9
0,1,0.625067,4
0,0,0.383449,4
0,1,0.595965,4
0,1,0.590232,7
0,0,0.397262,2
0,0,0.228967,5
0,0,0.429476,3
0,1,0.535097,2
0,0,0.383532,2
0,1,0.512116,9
0,1,0.565611,1
0,1,0.573404,7
0,0,0.248083,5
0,1,0.632576,3
0,0,0.468152,6
0,1,0.509165,2
0,0,0.440556,4
0,1,0.577304,7
0,1,0.533338,0
0,1,0.532276,5
0,0,0.328653,1
0,1,0.557520,1
0,0,0.385098,4
0,0,0.489345,9
0,1,0.551386,4
0,1,0.631901,5
0,0,0.414104,8
0,0,0.222227,3
0,1,0.559849,8
0,1,0.570292,7
0,1,0.506599,6
0,0,0.294010,5
0,0,0.306714,7
0,1,0.555030,6
0,1,0.657717,3
0,0,0.483893,5
0,1,0.563021,5
0,1,0.625933,4
0,1,0.572438,7
0,0,0.272216,4
0,1,0.549461,6
0,1,0.616059,4
0,1,0.571846,8
0,1,0.521772,0
0,1,0.565817,0
0,1,0.571984,0
0,0,0.417441,0
0,0,0.349811,3
0,1,0.566011,8
0,0,0.405367,9
0,0,0.492242,2
0,1,0.539686,9
0,1,0.549379,9
0,1,0.523758,9
0,0,0.333705,3
0,0,0.267844,0
0,1,0.571711,7
0,1,0.619274,2
0,0,0.470588,7
0,1,0.544290,7
0,1,0.612561,4
0,1,0.520120,1
0,1,0.526823,0
0,1,0.574934,2
0,0,0.371257,5
0,0,0.367422,1
0,1,0.572941,0
0,0,0.442787,1
0,1,0.571823,8
0,1,0.596448,0
0,1,0.574122,0
0,1,0.563195,1
0,1,0.558099,9
0,1,0.530084,4
0,1,0.620673,2
0,0,0.396464,7
0,1,0.540226,5
0,1,0.570428,7
0,1,0.549837,6
0,1,0.557183,6
0,1,0.557210,6
0,1,0.636269,5
0,1,0.553821,4
0,1,0.558847,1
0,1,0.547199,6
0,1,0.548542,6
0,1,0.546573,6
0,0,0.499864,2
0,1,0.584309,0
0,1,0.596610,2
0,1,0.590233,3
0,1,0.572082,7
0,1,0.588106,4
0,1,0.514287,6
0,1,0.537345,9
0,0,0.400172,7
0,0,0.369798,5
0,1,0.595055,2
0,1,0.570804,8
0,0,0.345654,2
0,1,0.562859,9
0,0,0.120654,5
0,1,0.564832,3
0,1,0.559201,6
0,0,0.471122,7
0,0,0.236728,9
0,1,0.603497,4
0,1,0.544890,9
0,0,0.459320,1
0,1,0.567136,1
0,0,0.437911,2
0,1,0.547002,2
0,0,0.339601,0
0,1,0.555879,5
0,1,0.560538,4
0,0,0.419948,4
0,1,0.512594,4
0,1,0.538477,7
0,1,0.625321,2
0,1,0.597595,3
0,0,0.445194,5
0,0,0.452897,2
0,1,0.562319,7
0,1,0.546716,6
0,1,0.553989,3
0,1,0.560222,9
0,0,0.409321,8
0,1,0.544191,1
0,1,0.556220,2
0,0,0.465055,1
0,0,0.496053,5
0,0,0.488226,5
0,1,0.540165,7
0,0,0.483916,3
0,0,0.324428,9
0,1,0.548762,6
0,1,0.502315,7
0,1,0.571820,8
0,1,0.571651,0
0,1,0.630761,3
0,1,0.517787,4
0,1,0.613266,4
0,0,0.417587,5
0,0,0.272205,9
0,0,0.378936,4
0,0,0.277385,0
0,1,0.567674,8
0,1,0.621728,4
0,0,0.394616,1
0,1,0.536854,0
0,1,0.579730,0
0,1,0.560215,8
0,1,0.570757,8
0,1,0.575638,2
0,1,0.543878,8
0,1,0.566764,8
0,1,0.560382,7
0,0,0.119977,9
0,0,0.180260,0
0,0,0.327705,3
0,1,0.661695,3
0,1,0.592977,3
0,0,0.469416,9
0,0,0.235832,3
0,0,0.249069,5
0,1,0.512225,8
0,1,0.631725,5
0,0,0.346346,1
0,0,0.134417,0
0,1,0.553806,2
0,0,0.266873,3
0,0,0.482035,6
0,1,0.675898,2
0,1,0.562028,1
0,1,0.611061,4
0,0,0.411674,9
0,1,0.520373,9
0,1,0.635839,5
0,1,0.543262,8
0,0,0.372297,3
0,1,0.553263,1
0,1,0.567004,1
0,0,0.129262,2
0,0,0.119697,7
0,0,0.429886,4
0,1,0.553780,9
0,1,0.557881,9
0,0,0.285007,3
0,0,0.484626,4
0,1,0.531104,3
0,1,0.569823,8
0,0,0.461103,5
0,1,0.571412,8
0,1,0.550645,1
0,1,0.571670,8
0,0,0.427469,7
0,1,0.517417,4
0,1,0.573484,7
0,1,0.563121,8
0,1,0.552072,0
0,0,0.492418,5
0,0,0.299441,4
0,0,0.332878,2
0,0,0.455064,3
0,1,0.561513,9
0,0,0.492626,5
0,1,0.550664,6
0,1,0.515322,5
0,1,0.570356,7
0,0,0.198326,0
0,0,0.375932,4
0,0,0.259033,8
0,1,0.570130,8
0,0,0.220236,2
0,0,0.410148,2
0,1,0.568727,8
0,0,0.487819,9
0,0,0.413847,6
0,0,0.304910,4
0,0,0.236776,3
0,1,0.526609,4
0,1,0.571744,8
0,1,0.595439,0
0,0,0.298847,4
0,1,0.556023,1
0,0,0.070948,9
0,1,0.513164,3
0,0,0.381895,1
0,1,0.606649,0
0,1,0.569199,8
0,1,0.583536,3
0,1,0.544811,0
0,0,0.098553,9
0,0,0.428847,3
0,1,0.561122,9
0,1,0.565322,8
0,1,0.535558,1
0,1,0.615773,2
0,1,0.576121,7
0,0,0.183189,1
0,1,0.570325,8
0,1,0.534877,4
0,1,0.561382,0
0,1,0.546550,6
0,1,0.619115,2
0,1,0.572534,0
0,1,0.536442,2
0,1,0.569205,8
0,1,0.512932,7
0,0,0.296571,9
0,0,0.365208,1
0,0,0.429291,0
0,1,0.549048,8
0,0,0.480501,5
0,1,0.567614,0
0,1,0.519279,4
0,1,0.578183,4
0,0,0.476240,1
0,1,0.560133,7
0,0,0.293990,4
0,0,0.418954,4
0,1,0.563932,4
0,1,0.571458,8
0,1,0.622886,2
0,1,0.529475,3
0,1,0.552517,3
0,1,0.566906,0
0,0,0.318924,6
0,0,0.211244,1
0,1,0.566421,1
0,0,0.402722,4
0,0,0.480798,8
0,1,0.576436,3
0,0,0.489425,5
0,0,0.368314,5
0,1,0.573085,7
0,0,0.494141,9
0,1,0.574077,0
0,1,0.605087,3
0,0,0.430155,7
0,1,0.573283,7
0,0,0.264348,4
0,1,0.634810,5
0,1,0.501250,9
0,1,0.571358,0
0,1,0.565768,1
0,1,0.551167,6
0,1,0.525246,9
0,1,0.555885,9
0,0,0.448511,1
0,1,0.536286,8
0,0,0.229128,0
0,1,0.565504,8
0,1,0.590533,5
0,1,0.561553,9
0,1,0.551055,6
0,1,0.633149,3
0,0,0.478869,3
0,1,0.554646,1
0,1,0.560978,9
0,1,0.599018,4
0,1,0.572730,7
0,0,0.484160,6
0,1,0.606024,0
0,1,0.557654,1
0,0,0.320321,6
0,1,0.570975,2
0,0,0.463338,4
0,1,0.597173,2
0,1,0.604975,2
0,0,0.433892,1
0,1,0.631869,4
0,1,0.605496,0
0,1,0.570622,8
0,1,0.543718,1
0,1,0.566557,8
0,1,0.563239,1
0,1,0.570518,7
0,0,0.295534,6
0,1,0.573351,7
0,1,0.554489,0
0,0,0.320108,4
0,1,0.593473,5
0,1,0.507248,1
0,0,0.490292,7
0,1,0.565324,1
0,1,0.573752,9
0,0,0.359174,9
0,1,0.549935,6
0,1,0.633164,3
0,0,0.300661,2
0,0,0.340733,7
0,0,0.403894,1
0,1,0.567066,1
0,1,0.530303,6
0,0,0.014983,7
0,0,0.474728,5
0,0,0.448888,6
0,0,0.112417,3
0,1,0.546413,6
0,1,0.552065,2
0,1,0.543606,2
0,1,0.566438,1
0,1,0.572629,7
0,0,0.338092,0
0,0,0.181825,4
0,0,0.302309,3
0,1,0.571126,8
0,1,0.546879,6
0,1,0.632456,3
0,1,0.500876,2
0,1,0.573380,7
0,1,0.564394,1
0,0,0.464689,4
0,1,0.569503,0
0,0,0.100759,8
0,0,0.424246,5
0,0,0.413770,3
0,1,0.573805,7
0,0,0.226913,2
0,0,0.467763,6
0,1,0.551358,7
0,0,0.297942,5
0,0,0.214623,3
0,1,0.618359,2
0,0,0.291458,0
0,1,0.573458,7
0,0,0.399557,6
0,0,0.400646,5
0,1,0.576366,7
0,1,0.577166,7
0,1,0.559349,1
0,0,0.226926,3
0,1,0.555127,0
0,1,0.563361,7
0,1,0.534176,9
0,1,0.585399,3
0,1,0.572408,0
0,0,0.497273,4
0,1,0.535687,9
0,1,0.528420,0
0,1,0.571982,7
0,1,0.553702,6
0,1,0.561702,9
0,1,0.510674,0
0,0,0.478361,1
0,1,0.539536,0
0,0,0.154005,7
0,0,0.448668,0
0,0,0.423346,8
0,1,0.563479,0
0,1,0.523595,4
0,0,0.357732,4
0,1,0.571682,8
0,0,0.108305,2
0,1,0.537538,0
0,0,0.470003,5
0,0,0.138960,9
0,1,0.571983,0
0,0,0.079130,2
0,1,0.545102,0
0,1,0.604623,2
0,0,0.136294,1
0,1,0.636427,0
0,1,0.577331,0
0,1,0.536970,8
0,0,0.392056,5
0,1,0.511427,9
0,0,0.263883,3
0,1,0.532689,2
0,1,0.535081,9
0,1,0.562910,1
0,1,0.520523,2
0,0,0.154921,8
0,0,0.440070,6
0,0,0.368687,4
0,1,0.570828,8
0,0,0.209394,5
0,1,0.558715,6
0,0,0.305028,5
0,1,0.542651,4
0,1,0.603475,2
0,0,0.322785,5
0,1,0.578088,2
0,0,0.292737,7
0,1,0.573105,7
0,1,0.597882,3
0,1,0.592378,0
0,0,0.483137,5
0,0,0.466368,2
0,1,0.560611,9
0,1,0.558471,1
0,0,0.104848,2
0,1,0.602247,0
0,1,0.594296,7
0,1,0.572087,7
0,1,0.563818,1
0,1,0.532081,6
0,1,0.571625,8
0,1,0.548216,1
0,0,0.497564,9
0,1,0.600498,0
0,1,0.627687,5
0,1,0.573560,7
0,0,0.338856,3
0,0,0.047388,7
0,1,0.572181,0
0,1,0.565632,7
0,1,0.573349,7
0,0,0.484889,3
0,1,0.668652,3
0,1,0.564223,1
0,1,0.566891,1
0,1,0.596210,0
0,1,0.606301,0
0,0,0.016532,6
0,1,0.591696,3
0,1,0.535739,9
0,0,0.471257,2
0,0,0.424122,9
0,1,0.504315,1
0,0,0.358497,5
0,1,0.565769,1
0,0,0.478718,0
0,1,0.588187,2
0,1,0.560837,8
0,1,0.555787,6
0,1,0.555626,8
0,0,0.261229,1
0,1,0.571714,8
0,1,0.590846,3
0,1,0.548758,9
0,1,0.570797,8
0,1,0.620820,2
0,1,0.603736,5
0,1,0.712394,9
0,1,0.535501,9
0,0,0.427611,4
0,1,0.560837,9
0,1,0.567392,1
0,1,0.580433,0
0,0,0.466408,2
0,1,0.586743,8
0,0,0.478301,9
0,0,0.399617,4
0,1,0.543491,9
0,1,0.590324,2
0,1,0.561065,9
0,0,0.420738,8
0,1,0.570895,8
0,0,0.385443,4
0,1,0.542563,0
0,0,0.396433,0
0,1,0.564492,1
0,1,0.569861,8
0,0,0.197987,0
0,1,0.549096,6
0,0,0.356002,4
0,1,0.607089,2
0,1,0.570793,8
0,0,0.263445,3
0,0,0.455589,8
0,0,0.361211,6
0,0,0.105510,9
0,1,0.500083,3
0,1,0.569676,5
0,0,0.321998,6
0,1,0.625384,4
0,1,0.528124,5
0,1,0.561617,9
0,0,0.485162,5
0,0,0.210679,1
0,0,0.346271,6
0,0,0.119663,1
0,0,0.179369,5
0,1,0.568363,8
0,0,0.243339,4
0,0,0.377104,5
0,0,0.448831,8
0,1,0.561641,9
0,1,0.531622,8
0,1,0.569487,7
0,0,0.456300,5
0,1,0.588467,2
0,1,0.535708,1
0,1,0.625387,5
0,0,0.336830,6
0,0,0.424681,1
0,1,0.514304,9
0,0,0.498548,3
0,1,0.556700,3
0,1,0.553504,9
0,0,0.375839,3
0,1,0.555732,9
0,0,0.441813,7
0,1,0.573463,7
0,1,0.569042,5
0,1,0.545889,8
0,1,0.626948,2
0,1,0.560111,1
0,1,0.555384,5
0,1,0.549276,2
0,0,0.410647,5
0,1,0.566986,1
0,0,0.404605,5
0,1,0.601813,3
0,1,0.570156,3
0,0,0.127755,3
0,1,0.550513,6
0,0,0.205875,8
0,1,0.635791,0
0,0,0.379689,5
0,1,0.573409,3
0,0,0.398194,8
0,1,0.552663,9
0,0,0.419825,4
0,0,0.322474,3
0,0,0.160084,0
0,1,0.541348,8
0,1,0.612005,4
0,1,0.510342,6
0,0,0.404579,5
0,1,0.580947,7
0,1,0.560133,0
0,1,0.543617,1
0,0,0.265635,5
0,1,0.540853,1
0,0,0.482743,3
0,1,0.599538,2
0,1,0.585003,0
0,1,0.569669,0
0,0,0.396341,7
0,1,0.573314,7
0,0,0.382989,2
0,0,0.361325,6
0,1,0.556164,9
0,0,0.260076,2
0,1,0.625118,2
0,1,0.571836,8
0,1,0.571415,9
0,1,0.518410,0
0,1,0.610121,5
0,1,0.580160,7
0,1,0.602811,0
0,0,0.487360,2
0,1,0.561574,9
0,0,0.207697,6
0,1,0.561699,9
0,1,0.546091,2
0,1,0.581705,3
0,1,0.569625,7
0,0,0.356967,8
0,0,0.402187,3
0,1,0.627605,5
0,1,0.586024,7
0,1,0.575845,4
0,1,0.537103,2
0,1,0.525557,7
0,0,0.481778,2
0,1,0.521734,1
0,1,0.628987,5
0,1,0.522579,9
0,1,0.554578,3
0,1,0.567144,1
0,1,0.578888,7
0,1,0.716858,2
0,1,0.572998,7
0,1,0.556456,6
0,1,0.521934,2
0,1,0.548071,9
0,1,0.546486,6
0,0,0.423880,4
0,0,0.235286,5
0,1,0.546836,6
0,0,0.396780,4
0,1,0.560904,9
0,1,0.529828,1
0,0,0.454255,5
0,1,0.561622,2
0,0,0.166209,1
0,1,0.555893,6
0,0,0.404623,3
0,0,0.333280,8
0,0,0.091497,9
0,0,0.255351,6
0,0,0.467725,2
0,1,0.573282,7
0,0,0.235786,5
0,1,0.558374,0
0,1,0.568269,8
0,1,0.555181,2
0,0,0.324286,5
0,1,0.552405,3
0,0,0.384445,4
0,1,0.640692,0
0,0,0.271124,8
0,0,0.337790,9
0,1,0.559655,9
0,1,0.561228,9
0,1,0.558451,1
0,1,0.564524,1
0,1,0.564229,1
0,1,0.559062,1
0,1,0.587678,2
0,0,0.138024,8
0,1,0.573413,7
0,0,0.358630,3
0,1,0.634075,5
0,1,0.640799,3
0,1,0.619177,2
0,0,0.370073,1
0,1,0.563951,8
0,1,0.575521,7
0,0,0.158942,6
0,1,0.674724,3
0,1,0.561302,9
0,1,0.541826,3
0,0,0.176616,0
0,1,0.560382,9
0,1,0.546968,9
0,0,0.389481,5
0,0,0.243809,3
0,1,0.574303,2
0,1,0.559745,7
0,1,0.549007,8
0,1,0.547651,6
0,1,0.526898,9
0,1,0.570355,4
0,1,0.570102,5
0,0,0.351140,1
0,1,0.548927,1
0,0,0.370085,4
0,1,0.516198,9
0,0,0.299539,3
0,1,0.601338,5
0,1,0.609118,0
0,0,0.399023,7
0,1,0.549822,6
0,1,0.571124,8
0,1,0.574534,7
0,1,0.531991,3
0,1,0.589098,3
0,1,0.566407,8
0,0,0.491015,5
0,0,0.359997,1
0,0,0.163364,3
0,0,0.267544,4
0,1,0.573442,7
0,0,0.443367,5
0,0,0.222862,0
0,0,0.333689,4
0,0,0.477443,1
0,1,0.549076,1
0,0,0.278152,9
0,1,0.577785,4
0,0,0.135409,0
0,1,0.575032,7
0,1,0.572589,0
0,1,0.552578,8
0,0,0.253984,8
0,1,0.557869,1
0,0,0.323621,4
0,0,0.271269,9
0,1,0.554655,6
0,1,0.580115,4
0,0,0.395322,4
0,1,0.571886,8
0,1,0.573424,7
0,0,0.331320,4
0,0,0.318527,2
0,1,0.602522,3
0,0,0.343736,7
0,1,0.569829,0
0,0,0.499559,4
0,1,0.632357,5
0,0,0.409290,8
0,1,0.534076,9
0,1,0.594502,0
0,1,0.556349,9
0,1,0.521236,9
0,1,0.572958,7
0,0,0.238237,5
0,1,0.617252,5
0,1,0.565384,4
0,1,0.583993,5
0,0,0.270707,2
0,0,0.432982,3
0,1,0.548821,6
0,1,0.545268,4
0,1,0.620726,4
0,1,0.628993,5
0,1,0.605072,4
0,1,0.565261,1
0,1,0.571849,8
0,0,0.406204,3
0,1,0.571860,8
0,0,0.203180,3
0,1,0.566438,1
0,0,0.447950,3
0,1,0.539677,9
0,1,0.528484,3
0,0,0.086307,2
0,0,0.366450,4
0,1,0.572686,7
0,0,0.377221,2
0,1,0.546607,1
0,1,0.570854,8
0,0,0.461208,2
0,1,0.504168,4
0,0,0.153329,5
0,1,0.573368,7
0,1,0.567743,8
0,0,0.435529,0
0,1,0.571221,4
0,0,0.467186,5
0,1,0.539262,2
0,1,0.547083,7
0,0,0.392024,8
0,1,0.569713,8
0,1,0.559505,8
0,1,0.566276,8
0,1,0.524877,0
0,1,0.521932,1
0,1,0.543876,6
0,1,0.571732,8
0,0,0.123409,4
0,1,0.504445,0
0,0,0.479851,5
0,1,0.573248,7
0,1,0.545978,1
0,0,0.496549,3
0,1,0.544782,1
0,0,0.394199,2
0,1,0.553464,6
0,1,0.567320,1
0,1,0.546296,6
0,1,0.550639,6
0,1,0.554494,9
0,0,0.260708,1
0,1,0.501723,0
0,1,0.563339,9
0,1,0.554325,0
0,1,0.612168,4
0,1,0.561384,5
0,1,0.559715,0
0,0,0.330139,3
0,1,0.601742,5
0,0,0.212644,0
0,1,0.560145,9
0,1,0.561581,9
0,1,0.556274,6
0,1,0.526064,2
0,1,0.662015,3
0,1,0.544601,1
0,0,0.227969,0
0,1,0.635044,5
0,1,0.623182,3
0,1,0.601977,0
0,0,0.479834,9
0,1,0.551349,1
0,1,0.563101,8
0,1,0.564557,1
0,0,0.202986,0
0,1,0.555806,6
0,1,0.571887,8
0,1,0.549941,5
0,0,0.160662,0
0,1,0.507422,3
0,1,0.557640,1
0,1,0.570280,7
0,1,0.550626,0
0,1,0.559382,9
0,0,0.470026,1
0,0,0.424727,1
0,0,0.437344,2
0,1,0.513922,4
0,1,0.580733,4
0,1,0.582102,7
0,1,0.523156,9
0,0,0.376316,3
0,1,0.633339,5
0,1,0.571720,8
0,0,0.476663,8
0,1,0.573617,7
0,1,0.532686,9
0,1,0.573098,7
0,1,0.529265,8
0,0,0.133821,3
0,1,0.673999,3
0,0,0.463318,1
0,0,0.454485,8
0,1,0.567948,7
0,1,0.566311,0
0,1,0.564625,1
0,0,0.141597,4
0,1,0.597846,5
0,1,0.514019,5
0,1,0.562026,9
0,1,0.568254,7
0,1,0.525603,3
0,1,0.550977,8
0,1,0.516219,9
0,0,0.188810,2
0,1,0.572494,5
0,1,0.625630,5
0,1,0.551654,8
0,0,0.356491,1
0,0,0.128484,0
0,1,0.501299,6
0,1,0.554811,3
0,1,0.523208,0
0,1,0.506270,2
0,1,0.566840,1
0,1,0.534500,1
0,1,0.576458,7
0,1,0.571801,8
0,0,0.250067,4
0,1,0.559705,9
0,0,0.007519,2
0,0,0.431838,5
0,1,0.550664,6
0,1,0.521845,4
0,1,0.524589,9
0,0,0.293498,4
0,1,0.572143,0
0,0,0.457545,8
0,1,0.514843,4
0,0,0.448680,4
0,1,0.554480,6
0,0,0.433796,4
0,0,0.291666,6
0,1,0.507930,5
0,1,0.504807,6
0,1,0.548329,9
0,0,0.156699,9
0,1,0.543901,9
0,0,0.337767,5
0,1,0.546557,6
0,1,0.526004,5
0,1,0.561829,1
0,1,0.570802,7
0,1,0.561553,5
0,1,0.539882,9
0,1,0.545710,5
0,0,0.410154,3
0,0,0.210389,5
0,1,0.527728,4
0,0,0.453836,1
0,1,0.553201,9
0,1,0.573464,7
0,0,0.316104,4
0,1,0.559075,9
0,1,0.570159,8
0,1,0.573379,7
0,0,0.116197,0
0,0,0.404890,4
0,0,0.357740,3
0,1,0.501309,2
0,1,0.563446,9
0,1,0.574700,7
0,0,0.233728,3
0,1,0.566658,2
0,1,0.528549,0
0,0,0.165385,2
0,1,0.562203,1
0,1,0.566618,9
0,0,0.485148,4
0,1,0.551869,6
0,1,0.647598,3
0,0,0.230812,6
0,0,0.344074,3
0,0,0.343281,3
0,1,0.553716,6
0,1,0.563409,3
0,1,0.662354,9
0,1,0.569743,9
0,1,0.548564,6
0,1,0.577067,0
0,1,0.563916,0
0,0,0.156620,1
0,1,0.651535,2
0,1,0.571494,7
0,1,0.572572,7
0,1,0.569822,7
0,1,0.564681,1
0,1,0.626090,5
0,1,0.551979,6
0,1,0.563235,7
0,1,0.588245,2
0,1,0.559018,5
0,0,0.351356,4
0,1,0.565356,1
0,0,0.419236,1
0,0,0.070762,7
0,1,0.592869,7
0,0,0.497030,0
0,0,0.325212,6
0,0,0.123871,2
0,0,0.431313,5
0,1,0.540148,5
0,1,0.555398,3
0,1,0.572761,7
0,1,0.576948,5
0,1,0.554306,8
0,1,0.557693,6
0,0,0.433657,5
0,0,0.287516,5
0,1,0.575003,0
0,1,0.566255,1
0,0,0.414128,6
0,1,0.560625,0
0,0,0.343699,5
0,1,0.524368,8
0,0,0.495234,2
0,0,0.209219,0
0,1,0.517513,3
0,0,0.192288,3
0,1,0.550771,6
0,1,0.542692,4
0,1,0.560019,9
0,0,0.449526,2
0,0,0.369604,8
0,1,0.526618,4
0,1,0.544358,0
0,1,0.573627,7
0,0,0.188569,5
0,1,0.573078,7
0,1,0.547074,1
0,0,0.467376,8
0,1,0.557136,6
0,0,0.471562,4
0,1,0.670112,2
0,0,0.356888,1
0,0,0.365203,6
0,1,0.559569,1
0,0,0.139787,3
0,1,0.624585,7
0,0,0.468077,2
0,1,0.577037,7
0,1,0.570735,8
0,0,0.464562,4
0,1,0.624402,4
0,1,0.639180,2
0,0,0.477992,3
0,1,0.566424,1
0,0,0.156594,7
0,1,0.565499,8
0,1,0.584907,7
0,1,0.633005,5
0,1,0.535325,4
0,1,0.547433,9
0,0,0.181288,9
0,0,0.435122,4
0,1,0.558260,6
0,0,0.490692,2
0,0,0.178842,4
0,1,0.548589,6
0,1,0.546357,6
0,1,0.547236,6
0,1,0.597218,7
0,0,0.226674,0
0,1,0.580493,7
0,1,0.560663,8
0,1,0.514173,1
0,1,0.573518,7
0,1,0.637308,5
0,0,0.453360,6
0,1,0.555503,8
0,1,0.525138,4
0,0,0.313823,3
0,1,0.578836,4
0,1,0.555295,1
0,1,0.553040,6
0,1,0.584372,0
0,1,0.648106,3
0,1,0.566961,1
0,1,0.533922,4
0,0,0.303075,6
0,0,0.340943,6
0,1,0.570989,7
0,1,0.572435,0
0,0,0.106021,9
0,0,0.491341,3
0,0,0.417825,2
0,0,0.480160,3
0,0,0.435200,3
0,0,0.391275,5
0,1,0.544239,9
0,1,0.620659,2
0,0,0.251391,8
0,0,0.279183,4
0,1,0.616598,4
0,1,0.571860,8
0,1,0.618712,4
0,1,0.558944,7
0,0,0.205561,6
0,1,0.561796,0
0,1,0.547117,9
0,0,0.214362,1
0,1,0.548238,6
0,1,0.571790,8
0,0,0.418991,6
0,0,0.433643,4
0,0,0.372476,9
0,0,0.252642,2
0,0,0.222133,1
0,1,0.619726,4
0,1,0.578972,2
0,1,0.653206,3
0,0,0.192599,3
0,1,0.547512,6
0,0,0.240664,9
0,1,0.552550,6
0,1,0.553639,6
0,1,0.615499,2
0,1,0.558328,8
0,1,0.521328,2
0,0,0.238420,4
0,1,0.528106,0
0,1,0.504500,0
0,1,0.537374,9
0,1,0.523999,0
0,1,0.561416,9
0,1,0.562112,6
0,0,0.482850,2
0,1,0.620956,0
0,0,0.313507,0
0,0,0.428804,3
0,1,0.567243,1
0,1,0.564344,2
0,0,0.228262,5
0,0,0.418608,7
0,1,0.532112,4
0,0,0.467360,7
0,1,0.516666,9
0,1,0.546429,1
0,1,0.595285,8
0,1,0.571888,8
0,0,0.372990,5
0,0,0.484878,2
0,1,0.562963,2
0,1,0.583509,7
0,0,0.432739,9
0,1,0.565757,8
0,1,0.562003,1
0,1,0.555143,3
0,1,0.572107,7
0,1,0.603391,7
0,1,0.518915,9
0,0,0.211604,0
0,0,0.366824,2
0,1,0.626237,0
0,0,0.088886,0
0,1,0.565184,0
0,1,0.674263,3
0,1,0.555362,6
0,1,0.587637,9
0,0,0.491671,4
0,1,0.547661,6
0,0,0.491403,1
0,1,0.518414,9
0,0,0.433294,1
0,0,0.291236,5
0,1,0.546713,6
0,0,0.437692,4
0,0,0.225165,8
0,1,0.510549,3
0,1,0.556864,1
0,1,0.567949,0
0,0,0.220042,8
0,1,0.561387,9
0,1,0.558309,6
0,1,0.574149,2
0,0,0.407218,1
0,1,0.591389,3
0,1,0.563572,1
0,0,0.373140,4
0,1,0.510369,8
0,1,0.503250,4
0,0,0.349327,6
0,0,0.499313,3
0,0,0.348147,5
0,1,0.600526,4
0,0,0.222480,5
0,1,0.561498,9
0,1,0.554134,1
0,1,0.575120,0
0,0,0.380343,6
0,1,0.501447,2
0,1,0.570920,8
0,1,0.569149,8
0,1,0.608114,3
0,1,0.506535,5
0,1,0.604958,3
0,0,0.379866,6
0,1,0.614332,2
0,0,0.338531,1
0,1,0.540940,9
0,0,0.430067,3
0,1,0.531399,2
0,1,0.539096,8
0,1,0.571527,0
0,0,0.259210,5
0,1,0.549927,6
0,0,0.473082,9
0,1,0.569592,0
0,0,0.463428,5
0,1,0.558770,9
0,1,0.510334,4
0,1,0.571754,8
0,0,0.416043,2
0,1,0.569097,8
0,1,0.566294,9
0,1,0.559086,6
0,1,0.562039,1
0,1,0.558115,6
0,1,0.655331,3
0,1,0.635307,3
0,1,0.593278,7
0,1,0.564316,8
0,0,0.213730,5
0,1,0.615778,5
0,1,0.633156,0
0,0,0.212241,2
0,0,0.274894,8
0,1,0.573719,7
0,0,0.440316,9
0,0,0.206965,7
0,1,0.561506,9
0,1,0.554056,7
0,1,0.524626,0
0,0,0.337129,3
0,1,0.571132,8
0,1,0.525262,3
0,1,0.506209,8
0,1,0.537586,0
0,1,0.542609,9
0,1,0.576101,3
0,0,0.309523,4
0,1,0.590599,7
0,1,0.547526,6
0,1,0.559718,9
0,1,0.610852,4
0,1,0.503192,1
0,0,0.470292,2
0,1,0.561274,9
0,1,0.551997,9
0,0,0.359706,3
0,0,0.240221,3
0,0,0.117220,6
0,1,0.561484,8
0,1,0.504505,4
0,0,0.417765,8
0,0,0.261857,2
0,1,0.569964,8
0,1,0.557421,6
0,1,0.543088,9
0,1,0.571611,8
0,0,0.381744,7
0,0,0.101296,3
0,0,0.464157,3
0,1,0.541944,4
0,1,0.562203,8
0,1,0.567495,0
0,1,0.560481,5
0,1,0.558701,1
0,1,0.562972,8
0,1,0.568740,0
0,0,0.215336,6
0,0,0.372782,0
0,1,0.529218,1
0,1,0.586645,4
0,0,0.494226,9
0,1,0.569774,8
0,1,0.550357,3
0,0,0.215081,0
0,1,0.561615,9
0,1,0.552318,1
0,1,0.584665,7
0,0,0.132784,0
0,1,0.579045,0
0,1,0.554946,3
0,1,0.572031,7
0,1,0.571069,8
0,0,0.143635,0
0,1,0.550853,6
0,1,0.542812,9
0,1,0.535912,8
0,0,0.233166,8
0,1,0.541387,6
0,1,0.588035,7
0,0,0.471635,2
0,0,0.015139,8
0,1,0.660731,3
0,1,0.564622,7
0,1,0.625434,2
0,1,0.571615,0
0,1,0.564265,8
0,0,0.304318,4
0,0,0.408033,2
0,0,0.463230,3
0,1,0.606923,0
0,1,0.572097,7
0,1,0.547188,5
0,1,0.648786,3
0,1,0.529278,7
0,1,0.638048,2
0,0,0.413296,2
0,0,0.477466,6
0,0,0.496399,5
0,0,0.193314,4
0,0,0.487615,4
0,0,0.474566,4
0,1,0.564186,2
0,0,0.404340,4
0,1,0.553747,5
0,1,0.571816,8
0,1,0.571654,8
0,1,0.632599,5
0,0,0.497392,1
0,1,0.569829,8
0,1,0.578884,9
0,0,0.242599,5
0,1,0.569730,7
0,1,0.559288,2
0,0,0.190674,5
0,1,0.604690,4
0,0,0.360343,1
0,0,0.256003,0
0,0,0.409133,4
0,1,0.556312,6
0,0,0.117869,3
0,1,0.525358,4
0,1,0.532828,1
0,1,0.570982,8
0,1,0.565311,1
0,1,0.548765,9
0,1,0.549672,9
0,1,0.568424,2
0,0,0.475125,5
0,1,0.561014,9
0,1,0.506444,7
0,0,0.455615,2
0,1,0.571218,0
0,1,0.561470,9
0,1,0.561583,9
0,1,0.617742,0
0,0,0.204119,5
0,1,0.572967,0
0,1,0.555385,1
0,1,0.521906,4
0,1,0.564550,0
0,1,0.606648,0
0,1,0.587835,0
0,1,0.507445,0
0,1,0.558559,9
0,1,0.554725,3
0,0,0.073677,1
0,1,0.561141,9
0,1,0.566891,8
0,0,0.141931,0
0,1,0.636530,5
0,1,0.552520,8
0,1,0.522827,8
0,1,0.664661,3
0,0,0.002513,7
0,1,0.571141,7
0,0,0.497691,4
0,0,0.067880,3
0,0,0.364038,4
0,1,0.572602,7
0,1,0.573452,7
0,0,0.349883,6
0,0,0.483592,4
0,1,0.504473,4
0,1,0.533779,2
0,0,0.435399,5
0,0,0.408825,5
0,1,0.615601,5
0,0,0.108884,0
0,0,0.461178,4
0,0,0.449673,2
0,1,0.591905,7
0,0,0.406006,2
0,1,0.568429,7
0,0,0.419290,4
0,1,0.625716,0
0,1,0.555519,6
0,1,0.580728,2
0,1,0.523316,7
0,1,0.519451,5
0,1,0.570422,8
0,1,0.610408,4
0,1,0.564613,2
0,0,0.422442,3
0,1,0.572545,0
0,0,0.221397,0
0,1,0.554996,7
0,1,0.571859,7
0,1,0.548082,6
0,1,0.567492,3
0,1,0.571861,0
0,0,0.415164,5
0,1,0.558563,9
0,1,0.547784,2
0,1,0.629880,5
0,1,0.568237,0
0,1,0.616887,4
0,0,0.000353,7
0,0,0.489559,7
0,1,0.571458,2
0,0,0.431209,6
0,0,0.207345,5
0,1,0.567531,4
0,1,0.573865,7
0,0,0.370124,6
0,1,0.540403,9
0,0,0.272308,3
0,0,0.243998,5
0,1,0.550644,3
0,1,0.559665,6
0,1,0.557889,6
0,0,0.451246,5
0,1,0.544993,4
0,0,0.343779,9
0,1,0.532130,9
0,1,0.542828,6
0,1,0.549953,6
0,1,0.557508,9
0,0,0.234269,2
0,1,0.553776,6
0,1,0.540313,2
0,1,0.507042,0
0,0,0.306487,8
0,0,0.453952,2
0,1,0.573301,7
0,1,0.553778,9
0,1,0.572233,0
0,0,0.147663,4
0,1,0.557343,0
0,0,0.261479,9
0,1,0.557951,1
0,1,0.572545,0
0,0,0.416579,5
0,1,0.552879,6
0,0,0.102384,6
0,1,0.529999,5
0,0,0.205128,1
0,0,0.163306,4
0,0,0.145608,5
0,0,0.408127,0
0,1,0.574111,5
0,0,0.384164,3
0,0,0.492680,7
0,0,0.222217,3
0,0,0.474553,5
0,1,0.553119,6
0,0,0.491333,2
0,0,0.303048,3
0,0,0.415405,5
0,1,0.567789,0
0,0,0.167685,0
0,0,0.444674,2
0,1,0.609985,3
0,1,0.548167,6
0,1,0.546228,4
0,0,0.484103,6
0,0,0.484532,9
0,1,0.527617,2
0,1,0.557122,1
0,1,0.564564,1
0,1,0.553423,5
0,0,0.226387,0
0,0,0.474565,5
0,0,0.285045,9
0,1,0.641732,3
0,0,0.439832,5
0,0,0.405168,2
0,1,0.510522,9
0,0,0.194723,7
0,0,0.276594,3
0,0,0.418779,5
0,1,0.571683,8
0,1,0.519982,8
0,1,0.525148,3
0,1,0.548727,6
0,0,0.435424,7
0,0,0.049223,3
0,1,0.536693,0
0,0,0.477389,5
0,0,0.252534,1
0,0,0.409140,9
0,0,0.479511,6
0,1,0.578582,8
0,1,0.608483,7
0,0,0.205536,4
0,1,0.564656,0
0,1,0.524832,9
0,1,0.566457,7
0,1,0.571474,0
0,1,0.589122,7
0,1,0.572776,7
0,1,0.553706,6
0,0,0.466414,7
0,0,0.208740,2
0,1,0.589942,2
0,1,0.607635,4
0,1,0.545881,2
0,0,0.281332,8
0,1,0.571736,4
0,1,0.550585,4
0,1,0.579169,3
0,1,0.574963,7
0,1,0.623390,4
0,1,0.550936,9
0,0,0.314315,6
0,1,0.515311,9
0,1,0.563323,8
0,1,0.560800,9
0,0,0.469883,8
0,1,0.550823,6
0,0,0.334644,0
0,0,0.420781,5
0,1,0.629896,5
0,1,0.549295,6
0,1,0.556613,9
0,1,0.560403,9
0,1,0.592209,7
